,ap_mac,ap_name,rssi,timestamp,room,door_status,room_part
0,00:21:91:70:9D:EC,LAB-DIDATICO,27,136.4635570049286,B2-01,0,2
1,34:60:F9:A3:D9:14,GASWIFI-2G_C2,25,136.4635570049286,B2-01,0,2
2,34:CE:00:51:3E:6F,Lab,55,136.4635570049286,B2-01,0,2
3,34:CE:00:51:3E:70,Lab_5G,12,136.4635570049286,B2-01,0,2
4,54:B8:0A:AA:2C:8C,LAB_DIGITAL,37,136.4635570049286,B2-01,0,2
5,54:B8:0A:AA:2C:8D,PCS-Wireless,45,136.4635570049286,B2-01,0,2
6,54:F0:B1:A1:18:C0,eduroam,14,136.4635570049286,B2-01,0,2
7,54:F0:B1:A1:18:C1,PoliSemFio,10,136.4635570049286,B2-01,0,2
8,54:F0:B1:A1:18:C3,MEZANINO,10,136.4635570049286,B2-01,0,2
9,54:F0:B1:A1:18:C4,GDLAB,14,136.4635570049286,B2-01,0,2
10,54:F0:B1:A1:18:C5,LABPAD,12,136.4635570049286,B2-01,0,2
11,54:F0:B1:A1:18:D0,eduroam,40,136.4635570049286,B2-01,0,2
12,54:F0:B1:A1:18:D1,PoliSemFio,32,136.4635570049286,B2-01,0,2
13,54:F0:B1:A1:18:D2,,37,136.4635570049286,B2-01,0,2
14,54:F0:B1:A1:18:D3,MEZANINO,34,136.4635570049286,B2-01,0,2
15,54:F0:B1:A1:18:D4,GDLAB,39,136.4635570049286,B2-01,0,2
16,54:F0:B1:A1:18:D5,LABPAD,39,136.4635570049286,B2-01,0,2
17,54:F0:B1:A1:58:00,eduroam,37,136.4635570049286,B2-01,0,2
18,54:F0:B1:A1:58:01,PoliSemFio,42,136.4635570049286,B2-01,0,2
19,54:F0:B1:A1:58:02,,42,136.4635570049286,B2-01,0,2
20,54:F0:B1:A2:37:E0,eduroam,22,136.4635570049286,B2-01,0,2
21,54:F0:B1:A2:37:E1,PoliSemFio,19,136.4635570049286,B2-01,0,2
22,54:F0:B1:A2:37:E2,,19,136.4635570049286,B2-01,0,2
23,54:F0:B1:A2:57:33,LCA,19,136.4635570049286,B2-01,0,2
24,54:F0:B1:BB:5A:80,eduroam,32,136.4635570049286,B2-01,0,2
25,54:F0:B1:BB:5A:82,HACKER,24,136.4635570049286,B2-01,0,2
26,54:F0:B1:BB:5A:83,LEP,30,136.4635570049286,B2-01,0,2
27,54:F0:B1:BB:84:B0,eduroam,35,136.4635570049286,B2-01,0,2
28,54:F0:B1:BB:84:B1,PoliSemFio,30,136.4635570049286,B2-01,0,2
29,54:F0:B1:BB:84:B2,,32,136.4635570049286,B2-01,0,2
30,54:F0:B1:BB:92:C0,eduroam,15,136.4635570049286,B2-01,0,2
31,54:F0:B1:BB:92:C2,,17,136.4635570049286,B2-01,0,2
32,54:F0:B1:BB:BE:13,CAEEL,12,136.4635570049286,B2-01,0,2
33,54:F0:B1:BB:C4:D0,eduroam,64,136.4635570049286,B2-01,0,2
34,54:F0:B1:BB:C4:D1,PoliSemFio,75,136.4635570049286,B2-01,0,2
35,54:F0:B1:BB:C4:D2,,74,136.4635570049286,B2-01,0,2
36,54:F0:B1:BB:C4:F0,eduroam,45,136.4635570049286,B2-01,0,2
37,54:F0:B1:BB:C4:F1,PoliSemFio,45,136.4635570049286,B2-01,0,2
38,54:F0:B1:BB:C5:C5,LABPAD,15,136.4635570049286,B2-01,0,2
39,54:F0:B1:BB:FD:D0,eduroam,20,136.4635570049286,B2-01,0,2
40,54:F0:B1:BB:FD:D1,PoliSemFio,27,136.4635570049286,B2-01,0,2
41,54:F0:B1:BB:FD:D2,,27,136.4635570049286,B2-01,0,2
42,54:F0:B1:BC:09:40,eduroam,72,136.4635570049286,B2-01,0,2
43,54:F0:B1:BC:09:41,PoliSemFio,82,136.4635570049286,B2-01,0,2
44,54:F0:B1:BC:09:42,,92,136.4635570049286,B2-01,0,2
45,54:F0:B1:BC:09:60,eduroam,69,136.4635570049286,B2-01,0,2
46,54:F0:B1:BC:09:61,PoliSemFio,69,136.4635570049286,B2-01,0,2
47,54:F0:B1:BC:1B:D0,eduroam,55,136.4635570049286,B2-01,0,2
48,54:F0:B1:BC:1B:D1,PoliSemFio,50,136.4635570049286,B2-01,0,2
49,54:F0:B1:BC:1B:D2,,50,136.4635570049286,B2-01,0,2
50,54:F0:B1:BC:1B:F0,eduroam,22,136.4635570049286,B2-01,0,2
51,54:F0:B1:BC:1B:F1,PoliSemFio,22,136.4635570049286,B2-01,0,2
52,54:F0:B1:BC:2E:90,eduroam,44,136.4635570049286,B2-01,0,2
53,54:F0:B1:BC:2E:91,PoliSemFio,52,136.4635570049286,B2-01,0,2
54,54:F0:B1:BC:2E:92,,54,136.4635570049286,B2-01,0,2
55,54:F0:B1:BC:2E:B0,eduroam,10,136.4635570049286,B2-01,0,2
56,54:F0:B1:BC:2E:B1,PoliSemFio,14,136.4635570049286,B2-01,0,2
57,54:F0:B1:BC:2F:50,eduroam,19,136.4635570049286,B2-01,0,2
58,54:F0:B1:BC:36:10,PoliSemFio,29,136.4635570049286,B2-01,0,2
59,54:F0:B1:BC:36:11,eduroam,27,136.4635570049286,B2-01,0,2
60,54:F0:B1:BC:36:12,,27,136.4635570049286,B2-01,0,2
61,54:F0:B1:BC:3F:10,eduroam,19,136.4635570049286,B2-01,0,2
62,54:F0:B1:BC:3F:11,PoliSemFio,24,136.4635570049286,B2-01,0,2
63,54:F0:B1:BC:65:B0,eduroam,29,136.4635570049286,B2-01,0,2
64,54:F0:B1:BC:70:00,eduroam,52,136.4635570049286,B2-01,0,2
65,54:F0:B1:BC:70:01,PoliSemFio,49,136.4635570049286,B2-01,0,2
66,54:F0:B1:BC:70:02,,49,136.4635570049286,B2-01,0,2
67,54:F0:B1:BC:70:20,eduroam,25,136.4635570049286,B2-01,0,2
68,54:F0:B1:BC:70:21,PoliSemFio,25,136.4635570049286,B2-01,0,2
69,54:F0:B1:BC:77:80,eduroam,39,136.4635570049286,B2-01,0,2
70,54:F0:B1:BC:77:81,PoliSemFio,40,136.4635570049286,B2-01,0,2
71,54:F0:B1:BC:77:82,,39,136.4635570049286,B2-01,0,2
72,54:F0:B1:BC:77:A0,eduroam,19,136.4635570049286,B2-01,0,2
73,54:F0:B1:BC:77:A1,PoliSemFio,19,136.4635570049286,B2-01,0,2
74,54:F0:B1:BC:8F:20,eduroam,12,136.4635570049286,B2-01,0,2
75,68:FF:7B:47:78:BE,C1-22M,47,136.4635570049286,B2-01,0,2
76,70:62:B8:6E:72:A0,PCS-wireless-C1-13,47,136.4635570049286,B2-01,0,2
77,70:62:B8:6E:72:A1,PPGEE,50,136.4635570049286,B2-01,0,2
78,84:D4:7E:06:4F:E0,eduroam,57,136.4635570049286,B2-01,0,2
79,84:D4:7E:06:4F:E1,PoliSemFio,54,136.4635570049286,B2-01,0,2
80,84:D4:7E:06:4F:E2,,50,136.4635570049286,B2-01,0,2
81,84:D4:7E:06:4F:F0,eduroam,19,136.4635570049286,B2-01,0,2
82,84:D4:7E:06:4F:F1,PoliSemFio,40,136.4635570049286,B2-01,0,2
83,84:D4:7E:06:4F:F2,,29,136.4635570049286,B2-01,0,2
84,DC:9F:DB:1C:1F:E0,LWN-3,37,136.4635570049286,B2-01,0,2
85,DE:9F:DB:1C:1F:E0,LARC Guest,47,136.4635570049286,B2-01,0,2
86,EE:9F:DB:1C:1F:E0,,47,136.4635570049286,B2-01,0,2
87,F8:1A:67:99:55:8E,NUCLEAR_CHF,22,136.4635570049286,B2-01,0,2
88,FE:9F:DB:1C:1F:E0,,47,136.4635570049286,B2-01,0,2
89,00:21:91:70:9D:EC,LAB-DIDATICO,27,142.71165084838867,B2-01,0,2
90,34:60:F9:A3:D9:14,GASWIFI-2G_C2,25,142.71165084838867,B2-01,0,2
91,34:CE:00:51:3E:6F,Lab,55,142.71165084838867,B2-01,0,2
92,34:CE:00:51:3E:70,Lab_5G,12,142.71165084838867,B2-01,0,2
93,54:B8:0A:AA:2C:8C,LAB_DIGITAL,37,142.71165084838867,B2-01,0,2
94,54:B8:0A:AA:2C:8D,PCS-Wireless,45,142.71165084838867,B2-01,0,2
95,54:F0:B1:A1:18:C0,eduroam,14,142.71165084838867,B2-01,0,2
96,54:F0:B1:A1:18:C1,PoliSemFio,10,142.71165084838867,B2-01,0,2
97,54:F0:B1:A1:18:C3,MEZANINO,10,142.71165084838867,B2-01,0,2
98,54:F0:B1:A1:18:C4,GDLAB,14,142.71165084838867,B2-01,0,2
99,54:F0:B1:A1:18:C5,LABPAD,12,142.71165084838867,B2-01,0,2
100,54:F0:B1:A1:18:D0,eduroam,40,142.71165084838867,B2-01,0,2
101,54:F0:B1:A1:18:D1,PoliSemFio,32,142.71165084838867,B2-01,0,2
102,54:F0:B1:A1:18:D2,,37,142.71165084838867,B2-01,0,2
103,54:F0:B1:A1:18:D3,MEZANINO,34,142.71165084838867,B2-01,0,2
104,54:F0:B1:A1:18:D4,GDLAB,39,142.71165084838867,B2-01,0,2
105,54:F0:B1:A1:18:D5,LABPAD,39,142.71165084838867,B2-01,0,2
106,54:F0:B1:A1:58:00,eduroam,37,142.71165084838867,B2-01,0,2
107,54:F0:B1:A1:58:01,PoliSemFio,42,142.71165084838867,B2-01,0,2
108,54:F0:B1:A1:58:02,,42,142.71165084838867,B2-01,0,2
109,54:F0:B1:A2:37:E0,eduroam,22,142.71165084838867,B2-01,0,2
110,54:F0:B1:A2:37:E1,PoliSemFio,19,142.71165084838867,B2-01,0,2
111,54:F0:B1:A2:37:E2,,19,142.71165084838867,B2-01,0,2
112,54:F0:B1:A2:57:33,LCA,19,142.71165084838867,B2-01,0,2
113,54:F0:B1:BB:5A:80,eduroam,32,142.71165084838867,B2-01,0,2
114,54:F0:B1:BB:5A:82,HACKER,24,142.71165084838867,B2-01,0,2
115,54:F0:B1:BB:5A:83,LEP,30,142.71165084838867,B2-01,0,2
116,54:F0:B1:BB:84:B0,eduroam,35,142.71165084838867,B2-01,0,2
117,54:F0:B1:BB:84:B1,PoliSemFio,30,142.71165084838867,B2-01,0,2
118,54:F0:B1:BB:84:B2,,32,142.71165084838867,B2-01,0,2
119,54:F0:B1:BB:92:C0,eduroam,15,142.71165084838867,B2-01,0,2
120,54:F0:B1:BB:92:C2,,17,142.71165084838867,B2-01,0,2
121,54:F0:B1:BB:BE:13,CAEEL,12,142.71165084838867,B2-01,0,2
122,54:F0:B1:BB:C4:D0,eduroam,64,142.71165084838867,B2-01,0,2
123,54:F0:B1:BB:C4:D1,PoliSemFio,75,142.71165084838867,B2-01,0,2
124,54:F0:B1:BB:C4:D2,,74,142.71165084838867,B2-01,0,2
125,54:F0:B1:BB:C4:F0,eduroam,45,142.71165084838867,B2-01,0,2
126,54:F0:B1:BB:C4:F1,PoliSemFio,45,142.71165084838867,B2-01,0,2
127,54:F0:B1:BB:C5:C5,LABPAD,15,142.71165084838867,B2-01,0,2
128,54:F0:B1:BB:FD:D0,eduroam,20,142.71165084838867,B2-01,0,2
129,54:F0:B1:BB:FD:D1,PoliSemFio,27,142.71165084838867,B2-01,0,2
130,54:F0:B1:BB:FD:D2,,27,142.71165084838867,B2-01,0,2
131,54:F0:B1:BC:09:40,eduroam,72,142.71165084838867,B2-01,0,2
132,54:F0:B1:BC:09:41,PoliSemFio,82,142.71165084838867,B2-01,0,2
133,54:F0:B1:BC:09:42,,92,142.71165084838867,B2-01,0,2
134,54:F0:B1:BC:09:60,eduroam,63,142.71165084838867,B2-01,0,2
135,54:F0:B1:BC:09:61,PoliSemFio,69,142.71165084838867,B2-01,0,2
136,54:F0:B1:BC:1B:D0,eduroam,55,142.71165084838867,B2-01,0,2
137,54:F0:B1:BC:1B:D1,PoliSemFio,50,142.71165084838867,B2-01,0,2
138,54:F0:B1:BC:1B:D2,,50,142.71165084838867,B2-01,0,2
139,54:F0:B1:BC:1B:F0,eduroam,22,142.71165084838867,B2-01,0,2
140,54:F0:B1:BC:1B:F1,PoliSemFio,22,142.71165084838867,B2-01,0,2
141,54:F0:B1:BC:2E:90,eduroam,44,142.71165084838867,B2-01,0,2
142,54:F0:B1:BC:2E:91,PoliSemFio,52,142.71165084838867,B2-01,0,2
143,54:F0:B1:BC:2E:92,,54,142.71165084838867,B2-01,0,2
144,54:F0:B1:BC:2E:B0,eduroam,10,142.71165084838867,B2-01,0,2
145,54:F0:B1:BC:2E:B1,PoliSemFio,14,142.71165084838867,B2-01,0,2
146,54:F0:B1:BC:2F:50,eduroam,19,142.71165084838867,B2-01,0,2
147,54:F0:B1:BC:36:10,PoliSemFio,29,142.71165084838867,B2-01,0,2
148,54:F0:B1:BC:36:11,eduroam,27,142.71165084838867,B2-01,0,2
149,54:F0:B1:BC:36:12,,27,142.71165084838867,B2-01,0,2
150,54:F0:B1:BC:3F:10,eduroam,19,142.71165084838867,B2-01,0,2
151,54:F0:B1:BC:3F:11,PoliSemFio,24,142.71165084838867,B2-01,0,2
152,54:F0:B1:BC:65:B0,eduroam,29,142.71165084838867,B2-01,0,2
153,54:F0:B1:BC:70:00,eduroam,52,142.71165084838867,B2-01,0,2
154,54:F0:B1:BC:70:01,PoliSemFio,49,142.71165084838867,B2-01,0,2
155,54:F0:B1:BC:70:02,,49,142.71165084838867,B2-01,0,2
156,54:F0:B1:BC:70:20,eduroam,25,142.71165084838867,B2-01,0,2
157,54:F0:B1:BC:70:21,PoliSemFio,25,142.71165084838867,B2-01,0,2
158,54:F0:B1:BC:77:80,eduroam,39,142.71165084838867,B2-01,0,2
159,54:F0:B1:BC:77:81,PoliSemFio,40,142.71165084838867,B2-01,0,2
160,54:F0:B1:BC:77:82,,39,142.71165084838867,B2-01,0,2
161,54:F0:B1:BC:77:A0,eduroam,19,142.71165084838867,B2-01,0,2
162,54:F0:B1:BC:77:A1,PoliSemFio,19,142.71165084838867,B2-01,0,2
163,54:F0:B1:BC:8F:20,eduroam,12,142.71165084838867,B2-01,0,2
164,68:FF:7B:47:78:BE,C1-22M,47,142.71165084838867,B2-01,0,2
165,70:62:B8:6E:72:A0,PCS-wireless-C1-13,47,142.71165084838867,B2-01,0,2
166,70:62:B8:6E:72:A1,PPGEE,50,142.71165084838867,B2-01,0,2
167,84:D4:7E:06:4F:E0,eduroam,57,142.71165084838867,B2-01,0,2
168,84:D4:7E:06:4F:E1,PoliSemFio,54,142.71165084838867,B2-01,0,2
169,84:D4:7E:06:4F:E2,,50,142.71165084838867,B2-01,0,2
170,84:D4:7E:06:4F:F0,eduroam,19,142.71165084838867,B2-01,0,2
171,84:D4:7E:06:4F:F1,PoliSemFio,40,142.71165084838867,B2-01,0,2
172,84:D4:7E:06:4F:F2,,29,142.71165084838867,B2-01,0,2
173,DC:9F:DB:1C:1F:E0,LWN-3,37,142.71165084838867,B2-01,0,2
174,DE:9F:DB:1C:1F:E0,LARC Guest,47,142.71165084838867,B2-01,0,2
175,EE:9F:DB:1C:1F:E0,,47,142.71165084838867,B2-01,0,2
176,F8:1A:67:99:55:8E,NUCLEAR_CHF,22,142.71165084838867,B2-01,0,2
177,FE:9F:DB:1C:1F:E0,,47,142.71165084838867,B2-01,0,2
178,00:21:91:70:9D:EC,LAB-DIDATICO,42,145.34913325309753,B2-01,0,2
179,34:60:F9:A3:D9:14,GASWIFI-2G_C2,24,145.34913325309753,B2-01,0,2
180,34:CE:00:51:3E:6F,Lab,49,145.34913325309753,B2-01,0,2
181,34:CE:00:51:3E:70,Lab_5G,15,145.34913325309753,B2-01,0,2
182,54:B8:0A:AA:2C:8D,PCS-Wireless,50,145.34913325309753,B2-01,0,2
183,54:F0:B1:A1:18:C3,MEZANINO,10,145.34913325309753,B2-01,0,2
184,54:F0:B1:A1:18:C4,GDLAB,10,145.34913325309753,B2-01,0,2
185,54:F0:B1:A1:18:C5,LABPAD,10,145.34913325309753,B2-01,0,2
186,54:F0:B1:A1:18:D0,eduroam,40,145.34913325309753,B2-01,0,2
187,54:F0:B1:A1:18:D2,,29,145.34913325309753,B2-01,0,2
188,54:F0:B1:A1:18:D4,GDLAB,29,145.34913325309753,B2-01,0,2
189,54:F0:B1:A1:18:D5,LABPAD,27,145.34913325309753,B2-01,0,2
190,54:F0:B1:A1:57:F0,eduroam,10,145.34913325309753,B2-01,0,2
191,54:F0:B1:A1:57:F1,PoliSemFio,12,145.34913325309753,B2-01,0,2
192,54:F0:B1:A1:58:00,eduroam,34,145.34913325309753,B2-01,0,2
193,54:F0:B1:A1:58:01,PoliSemFio,42,145.34913325309753,B2-01,0,2
194,54:F0:B1:A1:58:02,,42,145.34913325309753,B2-01,0,2
195,54:F0:B1:A1:E4:F0,eduroam,15,145.34913325309753,B2-01,0,2
196,54:F0:B1:A1:E4:F1,PoliSemFio,15,145.34913325309753,B2-01,0,2
197,54:F0:B1:A1:E4:F2,,15,145.34913325309753,B2-01,0,2
198,54:F0:B1:A2:57:30,eduroam,37,145.34913325309753,B2-01,0,2
199,54:F0:B1:A2:57:31,PoliSemFio,30,145.34913325309753,B2-01,0,2
200,54:F0:B1:A2:57:32,,30,145.34913325309753,B2-01,0,2
201,54:F0:B1:BB:84:B0,eduroam,20,145.34913325309753,B2-01,0,2
202,54:F0:B1:BB:92:C2,,35,145.34913325309753,B2-01,0,2
203,54:F0:B1:BB:BE:13,CAEEL,15,145.34913325309753,B2-01,0,2
204,54:F0:B1:BB:C4:D0,eduroam,59,145.34913325309753,B2-01,0,2
205,54:F0:B1:BB:C4:D1,PoliSemFio,75,145.34913325309753,B2-01,0,2
206,54:F0:B1:BB:C4:D2,,74,145.34913325309753,B2-01,0,2
207,54:F0:B1:BB:C4:F0,eduroam,47,145.34913325309753,B2-01,0,2
208,54:F0:B1:BB:C4:F1,PoliSemFio,45,145.34913325309753,B2-01,0,2
209,54:F0:B1:BB:C5:C4,GDLAB,27,145.34913325309753,B2-01,0,2
210,54:F0:B1:BB:C5:C5,LABPAD,30,145.34913325309753,B2-01,0,2
211,54:F0:B1:BC:09:40,eduroam,72,145.34913325309753,B2-01,0,2
212,54:F0:B1:BC:09:41,PoliSemFio,82,145.34913325309753,B2-01,0,2
213,54:F0:B1:BC:09:60,eduroam,54,145.34913325309753,B2-01,0,2
214,54:F0:B1:BC:09:61,PoliSemFio,54,145.34913325309753,B2-01,0,2
215,54:F0:B1:BC:1B:F0,eduroam,14,145.34913325309753,B2-01,0,2
216,54:F0:B1:BC:1B:F1,PoliSemFio,14,145.34913325309753,B2-01,0,2
217,54:F0:B1:BC:2E:90,eduroam,34,145.34913325309753,B2-01,0,2
218,54:F0:B1:BC:2E:91,PoliSemFio,52,145.34913325309753,B2-01,0,2
219,54:F0:B1:BC:2E:92,,54,145.34913325309753,B2-01,0,2
220,54:F0:B1:BC:2E:B0,eduroam,32,145.34913325309753,B2-01,0,2
221,54:F0:B1:BC:2E:B1,PoliSemFio,30,145.34913325309753,B2-01,0,2
222,54:F0:B1:BC:2F:50,eduroam,19,145.34913325309753,B2-01,0,2
223,54:F0:B1:BC:36:11,eduroam,22,145.34913325309753,B2-01,0,2
224,54:F0:B1:BC:3F:11,PoliSemFio,24,145.34913325309753,B2-01,0,2
225,54:F0:B1:BC:70:00,eduroam,27,145.34913325309753,B2-01,0,2
226,54:F0:B1:BC:70:01,PoliSemFio,49,145.34913325309753,B2-01,0,2
227,54:F0:B1:BC:70:02,,49,145.34913325309753,B2-01,0,2
228,54:F0:B1:BC:70:20,eduroam,32,145.34913325309753,B2-01,0,2
229,54:F0:B1:BC:70:21,PoliSemFio,34,145.34913325309753,B2-01,0,2
230,54:F0:B1:BC:77:80,eduroam,37,145.34913325309753,B2-01,0,2
231,54:F0:B1:BC:77:82,,39,145.34913325309753,B2-01,0,2
232,54:F0:B1:BC:77:A0,eduroam,24,145.34913325309753,B2-01,0,2
233,54:F0:B1:BC:77:A1,PoliSemFio,22,145.34913325309753,B2-01,0,2
234,68:FF:7B:47:78:BE,C1-22M,47,145.34913325309753,B2-01,0,2
235,70:62:B8:6E:72:A0,PCS-wireless-C1-13,40,145.34913325309753,B2-01,0,2
236,70:62:B8:6E:72:A1,PPGEE,39,145.34913325309753,B2-01,0,2
237,84:D4:7E:06:4F:E0,eduroam,57,145.34913325309753,B2-01,0,2
238,84:D4:7E:06:4F:E1,PoliSemFio,54,145.34913325309753,B2-01,0,2
239,84:D4:7E:06:4F:E2,,59,145.34913325309753,B2-01,0,2
240,84:D4:7E:06:4F:F0,eduroam,22,145.34913325309753,B2-01,0,2
241,DC:9F:DB:1C:1F:D7,LWN-3,35,145.34913325309753,B2-01,0,2
242,DE:9F:DB:1C:1F:E0,LARC Guest,47,145.34913325309753,B2-01,0,2
243,EE:9F:DB:1C:1F:D7,,37,145.34913325309753,B2-01,0,2
244,EE:9F:DB:1C:1F:E0,,35,145.34913325309753,B2-01,0,2
245,F8:1A:67:99:55:8E,NUCLEAR_CHF,27,145.34913325309753,B2-01,0,2
246,FE:9F:DB:1C:1F:E0,,34,145.34913325309753,B2-01,0,2
247,00:21:91:70:9D:EC,LAB-DIDATICO,42,148.00739192962646,B2-01,0,2
248,34:60:F9:A3:D9:14,GASWIFI-2G_C2,24,148.00739192962646,B2-01,0,2
249,34:CE:00:51:3E:6F,Lab,49,148.00739192962646,B2-01,0,2
250,34:CE:00:51:3E:70,Lab_5G,15,148.00739192962646,B2-01,0,2
251,54:B8:0A:AA:2C:8D,PCS-Wireless,50,148.00739192962646,B2-01,0,2
252,54:F0:B1:A1:18:C3,MEZANINO,10,148.00739192962646,B2-01,0,2
253,54:F0:B1:A1:18:C4,GDLAB,10,148.00739192962646,B2-01,0,2
254,54:F0:B1:A1:18:C5,LABPAD,10,148.00739192962646,B2-01,0,2
255,54:F0:B1:A1:18:D0,eduroam,40,148.00739192962646,B2-01,0,2
256,54:F0:B1:A1:18:D2,,29,148.00739192962646,B2-01,0,2
257,54:F0:B1:A1:18:D4,GDLAB,29,148.00739192962646,B2-01,0,2
258,54:F0:B1:A1:18:D5,LABPAD,27,148.00739192962646,B2-01,0,2
259,54:F0:B1:A1:57:F0,eduroam,10,148.00739192962646,B2-01,0,2
260,54:F0:B1:A1:57:F1,PoliSemFio,12,148.00739192962646,B2-01,0,2
261,54:F0:B1:A1:58:00,eduroam,34,148.00739192962646,B2-01,0,2
262,54:F0:B1:A1:58:01,PoliSemFio,42,148.00739192962646,B2-01,0,2
263,54:F0:B1:A1:58:02,,42,148.00739192962646,B2-01,0,2
264,54:F0:B1:A1:E4:F0,eduroam,15,148.00739192962646,B2-01,0,2
265,54:F0:B1:A1:E4:F1,PoliSemFio,15,148.00739192962646,B2-01,0,2
266,54:F0:B1:A1:E4:F2,,15,148.00739192962646,B2-01,0,2
267,54:F0:B1:A2:57:30,eduroam,37,148.00739192962646,B2-01,0,2
268,54:F0:B1:A2:57:31,PoliSemFio,30,148.00739192962646,B2-01,0,2
269,54:F0:B1:A2:57:32,,30,148.00739192962646,B2-01,0,2
270,54:F0:B1:BB:84:B0,eduroam,20,148.00739192962646,B2-01,0,2
271,54:F0:B1:BB:92:C2,,35,148.00739192962646,B2-01,0,2
272,54:F0:B1:BB:BE:13,CAEEL,15,148.00739192962646,B2-01,0,2
273,54:F0:B1:BB:C4:D0,eduroam,59,148.00739192962646,B2-01,0,2
274,54:F0:B1:BB:C4:D1,PoliSemFio,75,148.00739192962646,B2-01,0,2
275,54:F0:B1:BB:C4:D2,,74,148.00739192962646,B2-01,0,2
276,54:F0:B1:BB:C4:F0,eduroam,47,148.00739192962646,B2-01,0,2
277,54:F0:B1:BB:C4:F1,PoliSemFio,45,148.00739192962646,B2-01,0,2
278,54:F0:B1:BB:C5:C4,GDLAB,27,148.00739192962646,B2-01,0,2
279,54:F0:B1:BB:C5:C5,LABPAD,30,148.00739192962646,B2-01,0,2
280,54:F0:B1:BC:09:40,eduroam,72,148.00739192962646,B2-01,0,2
281,54:F0:B1:BC:09:41,PoliSemFio,82,148.00739192962646,B2-01,0,2
282,54:F0:B1:BC:09:60,eduroam,63,148.00739192962646,B2-01,0,2
283,54:F0:B1:BC:09:61,PoliSemFio,54,148.00739192962646,B2-01,0,2
284,54:F0:B1:BC:1B:F0,eduroam,14,148.00739192962646,B2-01,0,2
285,54:F0:B1:BC:1B:F1,PoliSemFio,14,148.00739192962646,B2-01,0,2
286,54:F0:B1:BC:2E:90,eduroam,34,148.00739192962646,B2-01,0,2
287,54:F0:B1:BC:2E:91,PoliSemFio,52,148.00739192962646,B2-01,0,2
288,54:F0:B1:BC:2E:92,,54,148.00739192962646,B2-01,0,2
289,54:F0:B1:BC:2E:B0,eduroam,32,148.00739192962646,B2-01,0,2
290,54:F0:B1:BC:2E:B1,PoliSemFio,30,148.00739192962646,B2-01,0,2
291,54:F0:B1:BC:2F:50,eduroam,19,148.00739192962646,B2-01,0,2
292,54:F0:B1:BC:36:11,eduroam,22,148.00739192962646,B2-01,0,2
293,54:F0:B1:BC:3F:11,PoliSemFio,24,148.00739192962646,B2-01,0,2
294,54:F0:B1:BC:70:00,eduroam,27,148.00739192962646,B2-01,0,2
295,54:F0:B1:BC:70:01,PoliSemFio,49,148.00739192962646,B2-01,0,2
296,54:F0:B1:BC:70:02,,49,148.00739192962646,B2-01,0,2
297,54:F0:B1:BC:70:20,eduroam,32,148.00739192962646,B2-01,0,2
298,54:F0:B1:BC:70:21,PoliSemFio,34,148.00739192962646,B2-01,0,2
299,54:F0:B1:BC:77:80,eduroam,37,148.00739192962646,B2-01,0,2
300,54:F0:B1:BC:77:82,,39,148.00739192962646,B2-01,0,2
301,54:F0:B1:BC:77:A0,eduroam,24,148.00739192962646,B2-01,0,2
302,54:F0:B1:BC:77:A1,PoliSemFio,22,148.00739192962646,B2-01,0,2
303,68:FF:7B:47:78:BE,C1-22M,47,148.00739192962646,B2-01,0,2
304,70:62:B8:6E:72:A0,PCS-wireless-C1-13,40,148.00739192962646,B2-01,0,2
305,70:62:B8:6E:72:A1,PPGEE,39,148.00739192962646,B2-01,0,2
306,84:D4:7E:06:4F:E0,eduroam,57,148.00739192962646,B2-01,0,2
307,84:D4:7E:06:4F:E1,PoliSemFio,54,148.00739192962646,B2-01,0,2
308,84:D4:7E:06:4F:E2,,59,148.00739192962646,B2-01,0,2
309,84:D4:7E:06:4F:F0,eduroam,22,148.00739192962646,B2-01,0,2
310,DC:9F:DB:1C:1F:D7,LWN-3,35,148.00739192962646,B2-01,0,2
311,DE:9F:DB:1C:1F:E0,LARC Guest,47,148.00739192962646,B2-01,0,2
312,EE:9F:DB:1C:1F:D7,,37,148.00739192962646,B2-01,0,2
313,EE:9F:DB:1C:1F:E0,,35,148.00739192962646,B2-01,0,2
314,F8:1A:67:99:55:8E,NUCLEAR_CHF,27,148.00739192962646,B2-01,0,2
315,FE:9F:DB:1C:1F:E0,,34,148.00739192962646,B2-01,0,2
316,00:21:91:70:9D:EC,LAB-DIDATICO,29,154.24425506591797,B2-01,0,2
317,34:60:F9:A3:D9:14,GASWIFI-2G_C2,22,154.24425506591797,B2-01,0,2
318,34:CE:00:51:3E:6F,Lab,45,154.24425506591797,B2-01,0,2
319,34:CE:00:51:3E:70,Lab_5G,20,154.24425506591797,B2-01,0,2
320,54:B8:0A:AA:2C:8C,LAB_DIGITAL,45,154.24425506591797,B2-01,0,2
321,54:B8:0A:AA:2C:8D,PCS-Wireless,45,154.24425506591797,B2-01,0,2
322,54:B8:0A:AA:2C:8E,LAB_DIGITAL-5GHz,12,154.24425506591797,B2-01,0,2
323,54:B8:0A:AA:2C:8F,PCS-Wireless-5GHz,12,154.24425506591797,B2-01,0,2
324,54:F0:B1:A1:18:C3,MEZANINO,10,154.24425506591797,B2-01,0,2
325,54:F0:B1:A1:18:C4,GDLAB,10,154.24425506591797,B2-01,0,2
326,54:F0:B1:A1:18:C5,LABPAD,10,154.24425506591797,B2-01,0,2
327,54:F0:B1:A1:18:D0,eduroam,25,154.24425506591797,B2-01,0,2
328,54:F0:B1:A1:18:D2,,29,154.24425506591797,B2-01,0,2
329,54:F0:B1:A1:18:D4,GDLAB,29,154.24425506591797,B2-01,0,2
330,54:F0:B1:A1:18:D5,LABPAD,22,154.24425506591797,B2-01,0,2
331,54:F0:B1:A1:57:F0,eduroam,10,154.24425506591797,B2-01,0,2
332,54:F0:B1:A1:57:F1,PoliSemFio,12,154.24425506591797,B2-01,0,2
333,54:F0:B1:A1:58:00,eduroam,40,154.24425506591797,B2-01,0,2
334,54:F0:B1:A1:58:01,PoliSemFio,40,154.24425506591797,B2-01,0,2
335,54:F0:B1:A1:58:02,,40,154.24425506591797,B2-01,0,2
336,54:F0:B1:A1:E4:F0,eduroam,15,154.24425506591797,B2-01,0,2
337,54:F0:B1:A1:E4:F1,PoliSemFio,17,154.24425506591797,B2-01,0,2
338,54:F0:B1:A1:E4:F2,,15,154.24425506591797,B2-01,0,2
339,54:F0:B1:A2:57:30,eduroam,37,154.24425506591797,B2-01,0,2
340,54:F0:B1:A2:57:31,PoliSemFio,30,154.24425506591797,B2-01,0,2
341,54:F0:B1:A2:57:32,,30,154.24425506591797,B2-01,0,2
342,54:F0:B1:BB:5A:83,LEP,30,154.24425506591797,B2-01,0,2
343,54:F0:B1:BB:5A:84,,37,154.24425506591797,B2-01,0,2
344,54:F0:B1:BB:80:C3,LABPROG,12,154.24425506591797,B2-01,0,2
345,54:F0:B1:BB:84:B0,eduroam,20,154.24425506591797,B2-01,0,2
346,54:F0:B1:BB:92:C2,,35,154.24425506591797,B2-01,0,2
347,54:F0:B1:BB:BE:13,CAEEL,15,154.24425506591797,B2-01,0,2
348,54:F0:B1:BB:C4:D0,eduroam,55,154.24425506591797,B2-01,0,2
349,54:F0:B1:BB:C4:D1,PoliSemFio,74,154.24425506591797,B2-01,0,2
350,54:F0:B1:BB:C4:D2,,74,154.24425506591797,B2-01,0,2
351,54:F0:B1:BB:C4:F0,eduroam,44,154.24425506591797,B2-01,0,2
352,54:F0:B1:BB:C4:F1,PoliSemFio,44,154.24425506591797,B2-01,0,2
353,54:F0:B1:BB:C5:C4,GDLAB,27,154.24425506591797,B2-01,0,2
354,54:F0:B1:BB:C5:C5,LABPAD,30,154.24425506591797,B2-01,0,2
355,54:F0:B1:BC:09:40,eduroam,92,154.24425506591797,B2-01,0,2
356,54:F0:B1:BC:09:41,PoliSemFio,89,154.24425506591797,B2-01,0,2
357,54:F0:B1:BC:09:42,,89,154.24425506591797,B2-01,0,2
358,54:F0:B1:BC:09:60,eduroam,61,154.24425506591797,B2-01,0,2
359,54:F0:B1:BC:09:61,PoliSemFio,69,154.24425506591797,B2-01,0,2
360,54:F0:B1:BC:1B:D1,PoliSemFio,44,154.24425506591797,B2-01,0,2
361,54:F0:B1:BC:1B:D2,,45,154.24425506591797,B2-01,0,2
362,54:F0:B1:BC:1B:F0,eduroam,14,154.24425506591797,B2-01,0,2
363,54:F0:B1:BC:1B:F1,PoliSemFio,14,154.24425506591797,B2-01,0,2
364,54:F0:B1:BC:2E:90,eduroam,49,154.24425506591797,B2-01,0,2
365,54:F0:B1:BC:2E:91,PoliSemFio,55,154.24425506591797,B2-01,0,2
366,54:F0:B1:BC:2E:92,,54,154.24425506591797,B2-01,0,2
367,54:F0:B1:BC:2E:B0,eduroam,27,154.24425506591797,B2-01,0,2
368,54:F0:B1:BC:2E:B1,PoliSemFio,27,154.24425506591797,B2-01,0,2
369,54:F0:B1:BC:2F:50,eduroam,19,154.24425506591797,B2-01,0,2
370,54:F0:B1:BC:36:11,eduroam,24,154.24425506591797,B2-01,0,2
371,54:F0:B1:BC:3F:11,PoliSemFio,24,154.24425506591797,B2-01,0,2
372,54:F0:B1:BC:70:00,eduroam,27,154.24425506591797,B2-01,0,2
373,54:F0:B1:BC:70:01,PoliSemFio,49,154.24425506591797,B2-01,0,2
374,54:F0:B1:BC:70:02,,44,154.24425506591797,B2-01,0,2
375,54:F0:B1:BC:70:20,eduroam,20,154.24425506591797,B2-01,0,2
376,54:F0:B1:BC:70:21,PoliSemFio,20,154.24425506591797,B2-01,0,2
377,54:F0:B1:BC:77:80,eduroam,37,154.24425506591797,B2-01,0,2
378,54:F0:B1:BC:77:82,,39,154.24425506591797,B2-01,0,2
379,54:F0:B1:BC:77:A0,eduroam,30,154.24425506591797,B2-01,0,2
380,54:F0:B1:BC:77:A1,PoliSemFio,32,154.24425506591797,B2-01,0,2
381,54:F0:B1:BC:77:A2,,32,154.24425506591797,B2-01,0,2
382,68:FF:7B:47:78:BD,C1-22M-5G,15,154.24425506591797,B2-01,0,2
383,68:FF:7B:47:78:BE,C1-22M,30,154.24425506591797,B2-01,0,2
384,70:62:B8:6E:72:A0,PCS-wireless-C1-13,54,154.24425506591797,B2-01,0,2
385,70:62:B8:6E:72:A1,PPGEE,52,154.24425506591797,B2-01,0,2
386,84:D4:7E:06:4F:E0,eduroam,57,154.24425506591797,B2-01,0,2
387,84:D4:7E:06:4F:E1,PoliSemFio,54,154.24425506591797,B2-01,0,2
388,84:D4:7E:06:4F:E2,,54,154.24425506591797,B2-01,0,2
389,84:D4:7E:06:4F:F0,eduroam,22,154.24425506591797,B2-01,0,2
390,DC:9F:DB:1C:1F:D7,LWN-3,35,154.24425506591797,B2-01,0,2
391,DE:9F:DB:1C:1F:E0,LARC Guest,37,154.24425506591797,B2-01,0,2
392,EE:9F:DB:1C:1F:D7,,37,154.24425506591797,B2-01,0,2
393,EE:9F:DB:1C:1F:E0,,35,154.24425506591797,B2-01,0,2
394,F8:1A:67:99:55:8E,NUCLEAR_CHF,27,154.24425506591797,B2-01,0,2
395,FE:9F:DB:1C:1F:E0,,37,154.24425506591797,B2-01,0,2
396,00:21:91:70:9D:EC,LAB-DIDATICO,25,160.4967610836029,B2-01,0,2
397,34:60:F9:A3:D9:14,GASWIFI-2G_C2,29,160.4967610836029,B2-01,0,2
398,34:60:F9:A3:E7:3F,GASWIFI_C4,29,160.4967610836029,B2-01,0,2
399,34:CE:00:51:3E:6F,Lab,10,160.4967610836029,B2-01,0,2
400,34:CE:00:51:3E:70,Lab_5G,17,160.4967610836029,B2-01,0,2
401,54:B8:0A:AA:2C:8C,LAB_DIGITAL,45,160.4967610836029,B2-01,0,2
402,54:B8:0A:AA:2C:8D,PCS-Wireless,27,160.4967610836029,B2-01,0,2
403,54:B8:0A:AA:2C:8E,LAB_DIGITAL-5GHz,12,160.4967610836029,B2-01,0,2
404,54:B8:0A:AA:2C:8F,PCS-Wireless-5GHz,12,160.4967610836029,B2-01,0,2
405,54:F0:B1:A1:18:C3,MEZANINO,12,160.4967610836029,B2-01,0,2
406,54:F0:B1:A1:18:C4,GDLAB,12,160.4967610836029,B2-01,0,2
407,54:F0:B1:A1:18:C5,LABPAD,10,160.4967610836029,B2-01,0,2
408,54:F0:B1:A1:18:D0,eduroam,27,160.4967610836029,B2-01,0,2
409,54:F0:B1:A1:18:D1,PoliSemFio,30,160.4967610836029,B2-01,0,2
410,54:F0:B1:A1:18:D2,,29,160.4967610836029,B2-01,0,2
411,54:F0:B1:A1:18:D3,MEZANINO,24,160.4967610836029,B2-01,0,2
412,54:F0:B1:A1:18:D4,GDLAB,29,160.4967610836029,B2-01,0,2
413,54:F0:B1:A1:18:D5,LABPAD,22,160.4967610836029,B2-01,0,2
414,54:F0:B1:A1:57:F0,eduroam,10,160.4967610836029,B2-01,0,2
415,54:F0:B1:A1:57:F1,PoliSemFio,12,160.4967610836029,B2-01,0,2
416,54:F0:B1:A1:58:00,eduroam,37,160.4967610836029,B2-01,0,2
417,54:F0:B1:A1:58:01,PoliSemFio,40,160.4967610836029,B2-01,0,2
418,54:F0:B1:A1:58:02,,40,160.4967610836029,B2-01,0,2
419,54:F0:B1:A1:E4:F0,eduroam,17,160.4967610836029,B2-01,0,2
420,54:F0:B1:A1:E4:F1,PoliSemFio,17,160.4967610836029,B2-01,0,2
421,54:F0:B1:A1:E4:F2,,15,160.4967610836029,B2-01,0,2
422,54:F0:B1:A1:E5:00,eduroam,22,160.4967610836029,B2-01,0,2
423,54:F0:B1:A2:57:30,eduroam,37,160.4967610836029,B2-01,0,2
424,54:F0:B1:A2:57:31,PoliSemFio,30,160.4967610836029,B2-01,0,2
425,54:F0:B1:A2:57:32,,30,160.4967610836029,B2-01,0,2
426,54:F0:B1:BB:5A:82,HACKER,44,160.4967610836029,B2-01,0,2
427,54:F0:B1:BB:5A:83,LEP,42,160.4967610836029,B2-01,0,2
428,54:F0:B1:BB:5A:84,,37,160.4967610836029,B2-01,0,2
429,54:F0:B1:BB:80:C3,LABPROG,12,160.4967610836029,B2-01,0,2
430,54:F0:B1:BB:84:B0,eduroam,20,160.4967610836029,B2-01,0,2
431,54:F0:B1:BB:92:C2,,35,160.4967610836029,B2-01,0,2
432,54:F0:B1:BB:92:E0,eduroam,14,160.4967610836029,B2-01,0,2
433,54:F0:B1:BB:92:E1,PoliSemFio,14,160.4967610836029,B2-01,0,2
434,54:F0:B1:BB:BE:12,,20,160.4967610836029,B2-01,0,2
435,54:F0:B1:BB:BE:13,CAEEL,15,160.4967610836029,B2-01,0,2
436,54:F0:B1:BB:C4:D0,eduroam,55,160.4967610836029,B2-01,0,2
437,54:F0:B1:BB:C4:D1,PoliSemFio,74,160.4967610836029,B2-01,0,2
438,54:F0:B1:BB:C4:D2,,74,160.4967610836029,B2-01,0,2
439,54:F0:B1:BB:C4:F0,eduroam,42,160.4967610836029,B2-01,0,2
440,54:F0:B1:BB:C4:F1,PoliSemFio,42,160.4967610836029,B2-01,0,2
441,54:F0:B1:BB:C5:C0,eduroam,15,160.4967610836029,B2-01,0,2
442,54:F0:B1:BB:C5:C4,GDLAB,27,160.4967610836029,B2-01,0,2
443,54:F0:B1:BB:C5:C5,LABPAD,30,160.4967610836029,B2-01,0,2
444,54:F0:B1:BC:09:40,eduroam,80,160.4967610836029,B2-01,0,2
445,54:F0:B1:BC:09:41,PoliSemFio,89,160.4967610836029,B2-01,0,2
446,54:F0:B1:BC:09:42,,89,160.4967610836029,B2-01,0,2
447,54:F0:B1:BC:09:60,eduroam,62,160.4967610836029,B2-01,0,2
448,54:F0:B1:BC:09:61,PoliSemFio,62,160.4967610836029,B2-01,0,2
449,54:F0:B1:BC:1B:D1,PoliSemFio,44,160.4967610836029,B2-01,0,2
450,54:F0:B1:BC:1B:D2,,45,160.4967610836029,B2-01,0,2
451,54:F0:B1:BC:1B:F0,eduroam,12,160.4967610836029,B2-01,0,2
452,54:F0:B1:BC:1B:F1,PoliSemFio,10,160.4967610836029,B2-01,0,2
453,54:F0:B1:BC:2E:90,eduroam,44,160.4967610836029,B2-01,0,2
454,54:F0:B1:BC:2E:91,PoliSemFio,55,160.4967610836029,B2-01,0,2
455,54:F0:B1:BC:2E:92,,54,160.4967610836029,B2-01,0,2
456,54:F0:B1:BC:2E:B0,eduroam,30,160.4967610836029,B2-01,0,2
457,54:F0:B1:BC:2E:B1,PoliSemFio,29,160.4967610836029,B2-01,0,2
458,54:F0:B1:BC:2F:50,eduroam,19,160.4967610836029,B2-01,0,2
459,54:F0:B1:BC:36:11,eduroam,24,160.4967610836029,B2-01,0,2
460,54:F0:B1:BC:3F:11,PoliSemFio,24,160.4967610836029,B2-01,0,2
461,54:F0:B1:BC:70:00,eduroam,49,160.4967610836029,B2-01,0,2
462,54:F0:B1:BC:70:01,PoliSemFio,49,160.4967610836029,B2-01,0,2
463,54:F0:B1:BC:70:02,,44,160.4967610836029,B2-01,0,2
464,54:F0:B1:BC:70:20,eduroam,24,160.4967610836029,B2-01,0,2
465,54:F0:B1:BC:70:21,PoliSemFio,25,160.4967610836029,B2-01,0,2
466,54:F0:B1:BC:77:80,eduroam,37,160.4967610836029,B2-01,0,2
467,54:F0:B1:BC:77:82,,39,160.4967610836029,B2-01,0,2
468,54:F0:B1:BC:77:A0,eduroam,25,160.4967610836029,B2-01,0,2
469,54:F0:B1:BC:77:A1,PoliSemFio,25,160.4967610836029,B2-01,0,2
470,54:F0:B1:BC:77:A2,,32,160.4967610836029,B2-01,0,2
471,68:FF:7B:47:78:BD,C1-22M-5G,15,160.4967610836029,B2-01,0,2
472,68:FF:7B:47:78:BE,C1-22M,50,160.4967610836029,B2-01,0,2
473,70:62:B8:6E:72:A0,PCS-wireless-C1-13,34,160.4967610836029,B2-01,0,2
474,70:62:B8:6E:72:A1,PPGEE,35,160.4967610836029,B2-01,0,2
475,84:D4:7E:06:4F:E0,eduroam,74,160.4967610836029,B2-01,0,2
476,84:D4:7E:06:4F:E1,PoliSemFio,54,160.4967610836029,B2-01,0,2
477,84:D4:7E:06:4F:E2,,54,160.4967610836029,B2-01,0,2
478,84:D4:7E:06:4F:F0,eduroam,25,160.4967610836029,B2-01,0,2
479,84:D4:7E:06:4F:F1,PoliSemFio,25,160.4967610836029,B2-01,0,2
480,DC:9F:DB:1C:1F:D7,LWN-3,30,160.4967610836029,B2-01,0,2
481,DE:9F:DB:1C:1F:E0,LARC Guest,30,160.4967610836029,B2-01,0,2
482,EE:9F:DB:1C:1F:D7,,32,160.4967610836029,B2-01,0,2
483,EE:9F:DB:1C:1F:E0,,29,160.4967610836029,B2-01,0,2
484,F8:1A:67:99:55:8E,NUCLEAR_CHF,20,160.4967610836029,B2-01,0,2
485,FE:9F:DB:1C:1F:E0,,27,160.4967610836029,B2-01,0,2
486,00:21:91:70:9D:EC,LAB-DIDATICO,25,170.40329337120056,B2-01,0,2
487,34:60:F9:A3:D9:14,GASWIFI-2G_C2,15,170.40329337120056,B2-01,0,2
488,34:60:F9:A3:E7:3F,GASWIFI_C4,20,170.40329337120056,B2-01,0,2
489,34:CE:00:51:3E:6F,Lab,22,170.40329337120056,B2-01,0,2
490,34:CE:00:51:3E:70,Lab_5G,15,170.40329337120056,B2-01,0,2
491,54:B8:0A:AA:2C:8C,LAB_DIGITAL,45,170.40329337120056,B2-01,0,2
492,54:B8:0A:AA:2C:8D,PCS-Wireless,27,170.40329337120056,B2-01,0,2
493,54:B8:0A:AA:2C:8E,LAB_DIGITAL-5GHz,12,170.40329337120056,B2-01,0,2
494,54:B8:0A:AA:2C:8F,PCS-Wireless-5GHz,12,170.40329337120056,B2-01,0,2
495,54:F0:B1:A1:18:C3,MEZANINO,12,170.40329337120056,B2-01,0,2
496,54:F0:B1:A1:18:C4,GDLAB,12,170.40329337120056,B2-01,0,2
497,54:F0:B1:A1:18:C5,LABPAD,10,170.40329337120056,B2-01,0,2
498,54:F0:B1:A1:18:D0,eduroam,27,170.40329337120056,B2-01,0,2
499,54:F0:B1:A1:18:D1,PoliSemFio,30,170.40329337120056,B2-01,0,2
500,54:F0:B1:A1:18:D2,,29,170.40329337120056,B2-01,0,2
501,54:F0:B1:A1:18:D3,MEZANINO,19,170.40329337120056,B2-01,0,2
502,54:F0:B1:A1:18:D4,GDLAB,17,170.40329337120056,B2-01,0,2
503,54:F0:B1:A1:18:D5,LABPAD,22,170.40329337120056,B2-01,0,2
504,54:F0:B1:A1:57:F0,eduroam,10,170.40329337120056,B2-01,0,2
505,54:F0:B1:A1:57:F1,PoliSemFio,12,170.40329337120056,B2-01,0,2
506,54:F0:B1:A1:58:00,eduroam,30,170.40329337120056,B2-01,0,2
507,54:F0:B1:A1:58:01,PoliSemFio,35,170.40329337120056,B2-01,0,2
508,54:F0:B1:A1:58:02,,35,170.40329337120056,B2-01,0,2
509,54:F0:B1:A1:E4:F0,eduroam,17,170.40329337120056,B2-01,0,2
510,54:F0:B1:A1:E4:F1,PoliSemFio,17,170.40329337120056,B2-01,0,2
511,54:F0:B1:A1:E4:F2,,15,170.40329337120056,B2-01,0,2
512,54:F0:B1:A1:E5:00,eduroam,17,170.40329337120056,B2-01,0,2
513,54:F0:B1:A2:57:30,eduroam,15,170.40329337120056,B2-01,0,2
514,54:F0:B1:A2:57:31,PoliSemFio,30,170.40329337120056,B2-01,0,2
515,54:F0:B1:A2:57:32,,30,170.40329337120056,B2-01,0,2
516,54:F0:B1:BB:5A:82,HACKER,44,170.40329337120056,B2-01,0,2
517,54:F0:B1:BB:5A:83,LEP,42,170.40329337120056,B2-01,0,2
518,54:F0:B1:BB:5A:84,,37,170.40329337120056,B2-01,0,2
519,54:F0:B1:BB:80:C3,LABPROG,12,170.40329337120056,B2-01,0,2
520,54:F0:B1:BB:84:B0,eduroam,20,170.40329337120056,B2-01,0,2
521,54:F0:B1:BB:92:C2,,35,170.40329337120056,B2-01,0,2
522,54:F0:B1:BB:92:E0,eduroam,14,170.40329337120056,B2-01,0,2
523,54:F0:B1:BB:92:E1,PoliSemFio,14,170.40329337120056,B2-01,0,2
524,54:F0:B1:BB:BE:12,,20,170.40329337120056,B2-01,0,2
525,54:F0:B1:BB:BE:13,CAEEL,15,170.40329337120056,B2-01,0,2
526,54:F0:B1:BB:C4:D0,eduroam,57,170.40329337120056,B2-01,0,2
527,54:F0:B1:BB:C4:D1,PoliSemFio,55,170.40329337120056,B2-01,0,2
528,54:F0:B1:BB:C4:D2,,55,170.40329337120056,B2-01,0,2
529,54:F0:B1:BB:C4:F0,eduroam,40,170.40329337120056,B2-01,0,2
530,54:F0:B1:BB:C4:F1,PoliSemFio,40,170.40329337120056,B2-01,0,2
531,54:F0:B1:BB:C5:C0,eduroam,15,170.40329337120056,B2-01,0,2
532,54:F0:B1:BB:C5:C4,GDLAB,27,170.40329337120056,B2-01,0,2
533,54:F0:B1:BB:C5:C5,LABPAD,30,170.40329337120056,B2-01,0,2
534,54:F0:B1:BB:F3:20,eduroam,17,170.40329337120056,B2-01,0,2
535,54:F0:B1:BC:09:40,eduroam,67,170.40329337120056,B2-01,0,2
536,54:F0:B1:BC:09:41,PoliSemFio,69,170.40329337120056,B2-01,0,2
537,54:F0:B1:BC:09:42,,70,170.40329337120056,B2-01,0,2
538,54:F0:B1:BC:09:60,eduroam,70,170.40329337120056,B2-01,0,2
539,54:F0:B1:BC:09:61,PoliSemFio,70,170.40329337120056,B2-01,0,2
540,54:F0:B1:BC:1B:D1,PoliSemFio,44,170.40329337120056,B2-01,0,2
541,54:F0:B1:BC:1B:D2,,44,170.40329337120056,B2-01,0,2
542,54:F0:B1:BC:1B:F0,eduroam,14,170.40329337120056,B2-01,0,2
543,54:F0:B1:BC:1B:F1,PoliSemFio,15,170.40329337120056,B2-01,0,2
544,54:F0:B1:BC:2E:90,eduroam,44,170.40329337120056,B2-01,0,2
545,54:F0:B1:BC:2E:91,PoliSemFio,55,170.40329337120056,B2-01,0,2
546,54:F0:B1:BC:2E:92,,54,170.40329337120056,B2-01,0,2
547,54:F0:B1:BC:2E:B0,eduroam,30,170.40329337120056,B2-01,0,2
548,54:F0:B1:BC:2E:B1,PoliSemFio,30,170.40329337120056,B2-01,0,2
549,54:F0:B1:BC:2F:50,eduroam,19,170.40329337120056,B2-01,0,2
550,54:F0:B1:BC:36:11,eduroam,24,170.40329337120056,B2-01,0,2
551,54:F0:B1:BC:3F:11,PoliSemFio,24,170.40329337120056,B2-01,0,2
552,54:F0:B1:BC:70:00,eduroam,44,170.40329337120056,B2-01,0,2
553,54:F0:B1:BC:70:01,PoliSemFio,42,170.40329337120056,B2-01,0,2
554,54:F0:B1:BC:70:02,,44,170.40329337120056,B2-01,0,2
555,54:F0:B1:BC:70:20,eduroam,24,170.40329337120056,B2-01,0,2
556,54:F0:B1:BC:70:21,PoliSemFio,10,170.40329337120056,B2-01,0,2
557,54:F0:B1:BC:77:80,eduroam,37,170.40329337120056,B2-01,0,2
558,54:F0:B1:BC:77:82,,39,170.40329337120056,B2-01,0,2
559,54:F0:B1:BC:77:A0,eduroam,24,170.40329337120056,B2-01,0,2
560,54:F0:B1:BC:77:A1,PoliSemFio,22,170.40329337120056,B2-01,0,2
561,54:F0:B1:BC:77:A2,,32,170.40329337120056,B2-01,0,2
562,56:60:F9:A3:E7:3F,,19,170.40329337120056,B2-01,0,2
563,68:FF:7B:47:78:BD,C1-22M-5G,15,170.40329337120056,B2-01,0,2
564,68:FF:7B:47:78:BE,C1-22M,27,170.40329337120056,B2-01,0,2
565,70:62:B8:6E:72:A0,PCS-wireless-C1-13,29,170.40329337120056,B2-01,0,2
566,70:62:B8:6E:72:A1,PPGEE,30,170.40329337120056,B2-01,0,2
567,84:D4:7E:06:4F:E0,eduroam,74,170.40329337120056,B2-01,0,2
568,84:D4:7E:06:4F:E1,PoliSemFio,54,170.40329337120056,B2-01,0,2
569,84:D4:7E:06:4F:E2,,54,170.40329337120056,B2-01,0,2
570,84:D4:7E:06:4F:F0,eduroam,25,170.40329337120056,B2-01,0,2
571,84:D4:7E:06:4F:F1,PoliSemFio,12,170.40329337120056,B2-01,0,2
572,DC:9F:DB:1C:1F:D7,LWN-3,30,170.40329337120056,B2-01,0,2
573,DE:9F:DB:1C:1F:E0,LARC Guest,30,170.40329337120056,B2-01,0,2
574,EE:9F:DB:1C:1F:D7,,32,170.40329337120056,B2-01,0,2
575,EE:9F:DB:1C:1F:E0,,29,170.40329337120056,B2-01,0,2
576,F8:1A:67:99:55:8E,NUCLEAR_CHF,20,170.40329337120056,B2-01,0,2
577,FE:9F:DB:1C:1F:E0,,30,170.40329337120056,B2-01,0,2
578,00:21:91:70:9D:EC,LAB-DIDATICO,25,173.0277292728424,B2-01,0,2
579,34:60:F9:A3:D9:14,GASWIFI-2G_C2,15,173.0277292728424,B2-01,0,2
580,34:60:F9:A3:E7:3F,GASWIFI_C4,20,173.0277292728424,B2-01,0,2
581,34:CE:00:51:3E:6F,Lab,22,173.0277292728424,B2-01,0,2
582,34:CE:00:51:3E:70,Lab_5G,15,173.0277292728424,B2-01,0,2
583,54:B8:0A:AA:2C:8C,LAB_DIGITAL,45,173.0277292728424,B2-01,0,2
584,54:B8:0A:AA:2C:8D,PCS-Wireless,27,173.0277292728424,B2-01,0,2
585,54:B8:0A:AA:2C:8E,LAB_DIGITAL-5GHz,12,173.0277292728424,B2-01,0,2
586,54:B8:0A:AA:2C:8F,PCS-Wireless-5GHz,12,173.0277292728424,B2-01,0,2
587,54:F0:B1:A1:18:C3,MEZANINO,12,173.0277292728424,B2-01,0,2
588,54:F0:B1:A1:18:C4,GDLAB,12,173.0277292728424,B2-01,0,2
589,54:F0:B1:A1:18:C5,LABPAD,10,173.0277292728424,B2-01,0,2
590,54:F0:B1:A1:18:D0,eduroam,27,173.0277292728424,B2-01,0,2
591,54:F0:B1:A1:18:D1,PoliSemFio,30,173.0277292728424,B2-01,0,2
592,54:F0:B1:A1:18:D2,,29,173.0277292728424,B2-01,0,2
593,54:F0:B1:A1:18:D3,MEZANINO,19,173.0277292728424,B2-01,0,2
594,54:F0:B1:A1:18:D4,GDLAB,17,173.0277292728424,B2-01,0,2
595,54:F0:B1:A1:18:D5,LABPAD,22,173.0277292728424,B2-01,0,2
596,54:F0:B1:A1:57:F0,eduroam,10,173.0277292728424,B2-01,0,2
597,54:F0:B1:A1:57:F1,PoliSemFio,12,173.0277292728424,B2-01,0,2
598,54:F0:B1:A1:58:00,eduroam,30,173.0277292728424,B2-01,0,2
599,54:F0:B1:A1:58:01,PoliSemFio,35,173.0277292728424,B2-01,0,2
600,54:F0:B1:A1:58:02,,35,173.0277292728424,B2-01,0,2
601,54:F0:B1:A1:E4:F0,eduroam,17,173.0277292728424,B2-01,0,2
602,54:F0:B1:A1:E4:F1,PoliSemFio,17,173.0277292728424,B2-01,0,2
603,54:F0:B1:A1:E4:F2,,15,173.0277292728424,B2-01,0,2
604,54:F0:B1:A1:E5:00,eduroam,17,173.0277292728424,B2-01,0,2
605,54:F0:B1:A2:57:30,eduroam,15,173.0277292728424,B2-01,0,2
606,54:F0:B1:A2:57:31,PoliSemFio,30,173.0277292728424,B2-01,0,2
607,54:F0:B1:A2:57:32,,30,173.0277292728424,B2-01,0,2
608,54:F0:B1:BB:5A:82,HACKER,44,173.0277292728424,B2-01,0,2
609,54:F0:B1:BB:5A:83,LEP,42,173.0277292728424,B2-01,0,2
610,54:F0:B1:BB:5A:84,,37,173.0277292728424,B2-01,0,2
611,54:F0:B1:BB:80:C3,LABPROG,12,173.0277292728424,B2-01,0,2
612,54:F0:B1:BB:84:B0,eduroam,20,173.0277292728424,B2-01,0,2
613,54:F0:B1:BB:92:C2,,35,173.0277292728424,B2-01,0,2
614,54:F0:B1:BB:92:E0,eduroam,14,173.0277292728424,B2-01,0,2
615,54:F0:B1:BB:92:E1,PoliSemFio,14,173.0277292728424,B2-01,0,2
616,54:F0:B1:BB:BE:12,,20,173.0277292728424,B2-01,0,2
617,54:F0:B1:BB:BE:13,CAEEL,15,173.0277292728424,B2-01,0,2
618,54:F0:B1:BB:C4:D0,eduroam,57,173.0277292728424,B2-01,0,2
619,54:F0:B1:BB:C4:D1,PoliSemFio,55,173.0277292728424,B2-01,0,2
620,54:F0:B1:BB:C4:D2,,55,173.0277292728424,B2-01,0,2
621,54:F0:B1:BB:C4:F0,eduroam,40,173.0277292728424,B2-01,0,2
622,54:F0:B1:BB:C4:F1,PoliSemFio,40,173.0277292728424,B2-01,0,2
623,54:F0:B1:BB:C5:C0,eduroam,15,173.0277292728424,B2-01,0,2
624,54:F0:B1:BB:C5:C4,GDLAB,27,173.0277292728424,B2-01,0,2
625,54:F0:B1:BB:C5:C5,LABPAD,30,173.0277292728424,B2-01,0,2
626,54:F0:B1:BB:F3:20,eduroam,17,173.0277292728424,B2-01,0,2
627,54:F0:B1:BC:09:40,eduroam,67,173.0277292728424,B2-01,0,2
628,54:F0:B1:BC:09:41,PoliSemFio,69,173.0277292728424,B2-01,0,2
629,54:F0:B1:BC:09:42,,70,173.0277292728424,B2-01,0,2
630,54:F0:B1:BC:09:60,eduroam,61,173.0277292728424,B2-01,0,2
631,54:F0:B1:BC:09:61,PoliSemFio,70,173.0277292728424,B2-01,0,2
632,54:F0:B1:BC:1B:D1,PoliSemFio,44,173.0277292728424,B2-01,0,2
633,54:F0:B1:BC:1B:D2,,44,173.0277292728424,B2-01,0,2
634,54:F0:B1:BC:1B:F0,eduroam,14,173.0277292728424,B2-01,0,2
635,54:F0:B1:BC:1B:F1,PoliSemFio,15,173.0277292728424,B2-01,0,2
636,54:F0:B1:BC:2E:90,eduroam,44,173.0277292728424,B2-01,0,2
637,54:F0:B1:BC:2E:91,PoliSemFio,55,173.0277292728424,B2-01,0,2
638,54:F0:B1:BC:2E:92,,54,173.0277292728424,B2-01,0,2
639,54:F0:B1:BC:2E:B0,eduroam,30,173.0277292728424,B2-01,0,2
640,54:F0:B1:BC:2E:B1,PoliSemFio,30,173.0277292728424,B2-01,0,2
641,54:F0:B1:BC:2F:50,eduroam,19,173.0277292728424,B2-01,0,2
642,54:F0:B1:BC:36:11,eduroam,24,173.0277292728424,B2-01,0,2
643,54:F0:B1:BC:3F:11,PoliSemFio,24,173.0277292728424,B2-01,0,2
644,54:F0:B1:BC:70:00,eduroam,44,173.0277292728424,B2-01,0,2
645,54:F0:B1:BC:70:01,PoliSemFio,42,173.0277292728424,B2-01,0,2
646,54:F0:B1:BC:70:02,,44,173.0277292728424,B2-01,0,2
647,54:F0:B1:BC:70:20,eduroam,24,173.0277292728424,B2-01,0,2
648,54:F0:B1:BC:70:21,PoliSemFio,10,173.0277292728424,B2-01,0,2
649,54:F0:B1:BC:77:80,eduroam,37,173.0277292728424,B2-01,0,2
650,54:F0:B1:BC:77:82,,39,173.0277292728424,B2-01,0,2
651,54:F0:B1:BC:77:A0,eduroam,24,173.0277292728424,B2-01,0,2
652,54:F0:B1:BC:77:A1,PoliSemFio,22,173.0277292728424,B2-01,0,2
653,54:F0:B1:BC:77:A2,,32,173.0277292728424,B2-01,0,2
654,56:60:F9:A3:E7:3F,,19,173.0277292728424,B2-01,0,2
655,68:FF:7B:47:78:BD,C1-22M-5G,15,173.0277292728424,B2-01,0,2
656,68:FF:7B:47:78:BE,C1-22M,27,173.0277292728424,B2-01,0,2
657,70:62:B8:6E:72:A0,PCS-wireless-C1-13,29,173.0277292728424,B2-01,0,2
658,70:62:B8:6E:72:A1,PPGEE,30,173.0277292728424,B2-01,0,2
659,84:D4:7E:06:4F:E0,eduroam,74,173.0277292728424,B2-01,0,2
660,84:D4:7E:06:4F:E1,PoliSemFio,54,173.0277292728424,B2-01,0,2
661,84:D4:7E:06:4F:E2,,54,173.0277292728424,B2-01,0,2
662,84:D4:7E:06:4F:F0,eduroam,25,173.0277292728424,B2-01,0,2
663,84:D4:7E:06:4F:F1,PoliSemFio,12,173.0277292728424,B2-01,0,2
664,DC:9F:DB:1C:1F:D7,LWN-3,30,173.0277292728424,B2-01,0,2
665,DE:9F:DB:1C:1F:E0,LARC Guest,30,173.0277292728424,B2-01,0,2
666,EE:9F:DB:1C:1F:D7,,32,173.0277292728424,B2-01,0,2
667,EE:9F:DB:1C:1F:E0,,29,173.0277292728424,B2-01,0,2
668,F8:1A:67:99:55:8E,NUCLEAR_CHF,20,173.0277292728424,B2-01,0,2
669,FE:9F:DB:1C:1F:E0,,30,173.0277292728424,B2-01,0,2
670,00:21:91:70:9D:EC,LAB-DIDATICO,40,179.29625844955444,B2-01,0,2
671,20:AA:4B:A7:19:74,LAA03,20,179.29625844955444,B2-01,0,2
672,34:60:F9:A3:D9:14,GASWIFI-2G_C2,15,179.29625844955444,B2-01,0,2
673,34:60:F9:A3:E7:3F,GASWIFI_C4,20,179.29625844955444,B2-01,0,2
674,34:CE:00:51:3E:6F,Lab,22,179.29625844955444,B2-01,0,2
675,34:CE:00:51:3E:70,Lab_5G,27,179.29625844955444,B2-01,0,2
676,54:B8:0A:AA:2C:8C,LAB_DIGITAL,45,179.29625844955444,B2-01,0,2
677,54:B8:0A:AA:2C:8D,PCS-Wireless,27,179.29625844955444,B2-01,0,2
678,54:B8:0A:AA:2C:8E,LAB_DIGITAL-5GHz,12,179.29625844955444,B2-01,0,2
679,54:B8:0A:AA:2C:8F,PCS-Wireless-5GHz,12,179.29625844955444,B2-01,0,2
680,54:F0:B1:A1:18:C0,eduroam,15,179.29625844955444,B2-01,0,2
681,54:F0:B1:A1:18:C1,PoliSemFio,14,179.29625844955444,B2-01,0,2
682,54:F0:B1:A1:18:C3,MEZANINO,15,179.29625844955444,B2-01,0,2
683,54:F0:B1:A1:18:C4,GDLAB,15,179.29625844955444,B2-01,0,2
684,54:F0:B1:A1:18:C5,LABPAD,15,179.29625844955444,B2-01,0,2
685,54:F0:B1:A1:18:D0,eduroam,25,179.29625844955444,B2-01,0,2
686,54:F0:B1:A1:18:D1,PoliSemFio,30,179.29625844955444,B2-01,0,2
687,54:F0:B1:A1:18:D2,,27,179.29625844955444,B2-01,0,2
688,54:F0:B1:A1:18:D3,MEZANINO,19,179.29625844955444,B2-01,0,2
689,54:F0:B1:A1:18:D4,GDLAB,17,179.29625844955444,B2-01,0,2
690,54:F0:B1:A1:18:D5,LABPAD,22,179.29625844955444,B2-01,0,2
691,54:F0:B1:A1:57:F0,eduroam,10,179.29625844955444,B2-01,0,2
692,54:F0:B1:A1:57:F1,PoliSemFio,12,179.29625844955444,B2-01,0,2
693,54:F0:B1:A1:58:00,eduroam,30,179.29625844955444,B2-01,0,2
694,54:F0:B1:A1:58:01,PoliSemFio,35,179.29625844955444,B2-01,0,2
695,54:F0:B1:A1:58:02,,42,179.29625844955444,B2-01,0,2
696,54:F0:B1:A1:E4:F0,eduroam,17,179.29625844955444,B2-01,0,2
697,54:F0:B1:A1:E4:F1,PoliSemFio,17,179.29625844955444,B2-01,0,2
698,54:F0:B1:A1:E4:F2,,15,179.29625844955444,B2-01,0,2
699,54:F0:B1:A1:E5:00,eduroam,17,179.29625844955444,B2-01,0,2
700,54:F0:B1:A2:57:30,eduroam,15,179.29625844955444,B2-01,0,2
701,54:F0:B1:A2:57:31,PoliSemFio,29,179.29625844955444,B2-01,0,2
702,54:F0:B1:A2:57:32,,30,179.29625844955444,B2-01,0,2
703,54:F0:B1:BB:5A:82,HACKER,44,179.29625844955444,B2-01,0,2
704,54:F0:B1:BB:5A:83,LEP,42,179.29625844955444,B2-01,0,2
705,54:F0:B1:BB:5A:84,,37,179.29625844955444,B2-01,0,2
706,54:F0:B1:BB:80:C3,LABPROG,12,179.29625844955444,B2-01,0,2
707,54:F0:B1:BB:84:B0,eduroam,20,179.29625844955444,B2-01,0,2
708,54:F0:B1:BB:92:C2,,35,179.29625844955444,B2-01,0,2
709,54:F0:B1:BB:92:E0,eduroam,14,179.29625844955444,B2-01,0,2
710,54:F0:B1:BB:92:E1,PoliSemFio,14,179.29625844955444,B2-01,0,2
711,54:F0:B1:BB:BE:12,,25,179.29625844955444,B2-01,0,2
712,54:F0:B1:BB:BE:13,CAEEL,22,179.29625844955444,B2-01,0,2
713,54:F0:B1:BB:C4:D0,eduroam,60,179.29625844955444,B2-01,0,2
714,54:F0:B1:BB:C4:D1,PoliSemFio,65,179.29625844955444,B2-01,0,2
715,54:F0:B1:BB:C4:D2,,65,179.29625844955444,B2-01,0,2
716,54:F0:B1:BB:C4:F0,eduroam,40,179.29625844955444,B2-01,0,2
717,54:F0:B1:BB:C4:F1,PoliSemFio,40,179.29625844955444,B2-01,0,2
718,54:F0:B1:BB:C5:C0,eduroam,15,179.29625844955444,B2-01,0,2
719,54:F0:B1:BB:C5:C4,GDLAB,27,179.29625844955444,B2-01,0,2
720,54:F0:B1:BB:C5:C5,LABPAD,30,179.29625844955444,B2-01,0,2
721,54:F0:B1:BB:F3:20,eduroam,17,179.29625844955444,B2-01,0,2
722,54:F0:B1:BC:09:40,eduroam,47,179.29625844955444,B2-01,0,2
723,54:F0:B1:BC:09:41,PoliSemFio,69,179.29625844955444,B2-01,0,2
724,54:F0:B1:BC:09:42,,70,179.29625844955444,B2-01,0,2
725,54:F0:B1:BC:09:60,eduroam,63,179.29625844955444,B2-01,0,2
726,54:F0:B1:BC:09:61,PoliSemFio,74,179.29625844955444,B2-01,0,2
727,54:F0:B1:BC:1B:D1,PoliSemFio,62,179.29625844955444,B2-01,0,2
728,54:F0:B1:BC:1B:D2,,44,179.29625844955444,B2-01,0,2
729,54:F0:B1:BC:1B:F0,eduroam,12,179.29625844955444,B2-01,0,2
730,54:F0:B1:BC:1B:F1,PoliSemFio,15,179.29625844955444,B2-01,0,2
731,54:F0:B1:BC:2E:90,eduroam,44,179.29625844955444,B2-01,0,2
732,54:F0:B1:BC:2E:91,PoliSemFio,55,179.29625844955444,B2-01,0,2
733,54:F0:B1:BC:2E:B0,eduroam,17,179.29625844955444,B2-01,0,2
734,54:F0:B1:BC:2E:B1,PoliSemFio,19,179.29625844955444,B2-01,0,2
735,54:F0:B1:BC:36:11,eduroam,24,179.29625844955444,B2-01,0,2
736,54:F0:B1:BC:3F:10,eduroam,45,179.29625844955444,B2-01,0,2
737,54:F0:B1:BC:3F:11,PoliSemFio,35,179.29625844955444,B2-01,0,2
738,54:F0:B1:BC:3F:12,,34,179.29625844955444,B2-01,0,2
739,54:F0:B1:BC:70:00,eduroam,37,179.29625844955444,B2-01,0,2
740,54:F0:B1:BC:70:01,PoliSemFio,44,179.29625844955444,B2-01,0,2
741,54:F0:B1:BC:70:02,,44,179.29625844955444,B2-01,0,2
742,54:F0:B1:BC:70:20,eduroam,12,179.29625844955444,B2-01,0,2
743,54:F0:B1:BC:70:21,PoliSemFio,15,179.29625844955444,B2-01,0,2
744,54:F0:B1:BC:77:80,eduroam,37,179.29625844955444,B2-01,0,2
745,54:F0:B1:BC:77:81,PoliSemFio,47,179.29625844955444,B2-01,0,2
746,54:F0:B1:BC:77:82,,47,179.29625844955444,B2-01,0,2
747,54:F0:B1:BC:77:A0,eduroam,24,179.29625844955444,B2-01,0,2
748,54:F0:B1:BC:77:A1,PoliSemFio,24,179.29625844955444,B2-01,0,2
749,54:F0:B1:BC:77:A2,,32,179.29625844955444,B2-01,0,2
750,56:60:F9:A3:E7:3F,,19,179.29625844955444,B2-01,0,2
751,68:FF:7B:47:78:BD,C1-22M-5G,15,179.29625844955444,B2-01,0,2
752,68:FF:7B:47:78:BE,C1-22M,27,179.29625844955444,B2-01,0,2
753,70:62:B8:6E:72:A0,PCS-wireless-C1-13,29,179.29625844955444,B2-01,0,2
754,70:62:B8:6E:72:A1,PPGEE,30,179.29625844955444,B2-01,0,2
755,84:D4:7E:06:4F:E0,eduroam,72,179.29625844955444,B2-01,0,2
756,84:D4:7E:06:4F:E1,PoliSemFio,54,179.29625844955444,B2-01,0,2
757,84:D4:7E:06:4F:E2,,69,179.29625844955444,B2-01,0,2
758,84:D4:7E:06:4F:F0,eduroam,22,179.29625844955444,B2-01,0,2
759,84:D4:7E:06:4F:F1,PoliSemFio,20,179.29625844955444,B2-01,0,2
760,B0:4E:26:4B:84:C2,C2-01,29,179.29625844955444,B2-01,0,2
761,DC:9F:DB:1C:1F:D7,LWN-3,30,179.29625844955444,B2-01,0,2
762,DE:9F:DB:1C:1F:D7,LARC Guest,29,179.29625844955444,B2-01,0,2
763,DE:9F:DB:1C:1F:E0,LARC Guest,30,179.29625844955444,B2-01,0,2
764,EE:9F:DB:1C:1F:D7,,32,179.29625844955444,B2-01,0,2
765,EE:9F:DB:1C:1F:E0,,35,179.29625844955444,B2-01,0,2
766,F8:1A:67:99:55:8E,NUCLEAR_CHF,20,179.29625844955444,B2-01,0,2
767,FE:9F:DB:1C:1F:E0,,35,179.29625844955444,B2-01,0,2
768,00:21:91:70:9D:EC,LAB-DIDATICO,20,185.54197311401367,B2-01,0,2
769,20:AA:4B:A7:19:74,LAA03,20,185.54197311401367,B2-01,0,2
770,34:60:F9:A3:D9:14,GASWIFI-2G_C2,15,185.54197311401367,B2-01,0,2
771,34:60:F9:A3:E7:3F,GASWIFI_C4,32,185.54197311401367,B2-01,0,2
772,34:CE:00:51:3E:6F,Lab,42,185.54197311401367,B2-01,0,2
773,34:CE:00:51:3E:70,Lab_5G,14,185.54197311401367,B2-01,0,2
774,54:B8:0A:AA:2C:8C,LAB_DIGITAL,29,185.54197311401367,B2-01,0,2
775,54:B8:0A:AA:2C:8D,PCS-Wireless,30,185.54197311401367,B2-01,0,2
776,54:B8:0A:AA:2C:8E,LAB_DIGITAL-5GHz,12,185.54197311401367,B2-01,0,2
777,54:B8:0A:AA:2C:8F,PCS-Wireless-5GHz,12,185.54197311401367,B2-01,0,2
778,54:F0:B1:A1:18:C0,eduroam,15,185.54197311401367,B2-01,0,2
779,54:F0:B1:A1:18:C1,PoliSemFio,17,185.54197311401367,B2-01,0,2
780,54:F0:B1:A1:18:C3,MEZANINO,15,185.54197311401367,B2-01,0,2
781,54:F0:B1:A1:18:C4,GDLAB,10,185.54197311401367,B2-01,0,2
782,54:F0:B1:A1:18:C5,LABPAD,17,185.54197311401367,B2-01,0,2
783,54:F0:B1:A1:18:D0,eduroam,25,185.54197311401367,B2-01,0,2
784,54:F0:B1:A1:18:D1,PoliSemFio,30,185.54197311401367,B2-01,0,2
785,54:F0:B1:A1:18:D2,,27,185.54197311401367,B2-01,0,2
786,54:F0:B1:A1:18:D3,MEZANINO,19,185.54197311401367,B2-01,0,2
787,54:F0:B1:A1:18:D4,GDLAB,17,185.54197311401367,B2-01,0,2
788,54:F0:B1:A1:18:D5,LABPAD,27,185.54197311401367,B2-01,0,2
789,54:F0:B1:A1:58:00,eduroam,22,185.54197311401367,B2-01,0,2
790,54:F0:B1:A1:58:01,PoliSemFio,44,185.54197311401367,B2-01,0,2
791,54:F0:B1:A1:58:02,,44,185.54197311401367,B2-01,0,2
792,54:F0:B1:A1:E4:F0,eduroam,17,185.54197311401367,B2-01,0,2
793,54:F0:B1:A1:E4:F1,PoliSemFio,17,185.54197311401367,B2-01,0,2
794,54:F0:B1:A1:E5:00,eduroam,17,185.54197311401367,B2-01,0,2
795,54:F0:B1:A2:57:30,eduroam,15,185.54197311401367,B2-01,0,2
796,54:F0:B1:A2:57:31,PoliSemFio,29,185.54197311401367,B2-01,0,2
797,54:F0:B1:A2:57:32,,30,185.54197311401367,B2-01,0,2
798,54:F0:B1:BB:5A:82,HACKER,35,185.54197311401367,B2-01,0,2
799,54:F0:B1:BB:5A:83,LEP,30,185.54197311401367,B2-01,0,2
800,54:F0:B1:BB:5A:84,,37,185.54197311401367,B2-01,0,2
801,54:F0:B1:BB:80:C3,LABPROG,12,185.54197311401367,B2-01,0,2
802,54:F0:B1:BB:92:E0,eduroam,14,185.54197311401367,B2-01,0,2
803,54:F0:B1:BB:92:E1,PoliSemFio,14,185.54197311401367,B2-01,0,2
804,54:F0:B1:BB:BE:12,,25,185.54197311401367,B2-01,0,2
805,54:F0:B1:BB:BE:13,CAEEL,22,185.54197311401367,B2-01,0,2
806,54:F0:B1:BB:C4:D0,eduroam,45,185.54197311401367,B2-01,0,2
807,54:F0:B1:BB:C4:D1,PoliSemFio,59,185.54197311401367,B2-01,0,2
808,54:F0:B1:BB:C4:D2,,59,185.54197311401367,B2-01,0,2
809,54:F0:B1:BB:C4:F0,eduroam,39,185.54197311401367,B2-01,0,2
810,54:F0:B1:BB:C4:F1,PoliSemFio,39,185.54197311401367,B2-01,0,2
811,54:F0:B1:BB:C5:C0,eduroam,15,185.54197311401367,B2-01,0,2
812,54:F0:B1:BB:F3:20,eduroam,17,185.54197311401367,B2-01,0,2
813,54:F0:B1:BC:09:40,eduroam,84,185.54197311401367,B2-01,0,2
814,54:F0:B1:BC:09:41,PoliSemFio,80,185.54197311401367,B2-01,0,2
815,54:F0:B1:BC:09:42,,80,185.54197311401367,B2-01,0,2
816,54:F0:B1:BC:09:60,eduroam,69,185.54197311401367,B2-01,0,2
817,54:F0:B1:BC:09:61,PoliSemFio,69,185.54197311401367,B2-01,0,2
818,54:F0:B1:BC:1B:D1,PoliSemFio,47,185.54197311401367,B2-01,0,2
819,54:F0:B1:BC:1B:D2,,44,185.54197311401367,B2-01,0,2
820,54:F0:B1:BC:1B:F0,eduroam,12,185.54197311401367,B2-01,0,2
821,54:F0:B1:BC:1B:F1,PoliSemFio,15,185.54197311401367,B2-01,0,2
822,54:F0:B1:BC:2E:90,eduroam,49,185.54197311401367,B2-01,0,2
823,54:F0:B1:BC:2E:91,PoliSemFio,60,185.54197311401367,B2-01,0,2
824,54:F0:B1:BC:2E:92,,60,185.54197311401367,B2-01,0,2
825,54:F0:B1:BC:2E:B0,eduroam,19,185.54197311401367,B2-01,0,2
826,54:F0:B1:BC:2E:B1,PoliSemFio,19,185.54197311401367,B2-01,0,2
827,54:F0:B1:BC:36:11,eduroam,24,185.54197311401367,B2-01,0,2
828,54:F0:B1:BC:3F:10,eduroam,45,185.54197311401367,B2-01,0,2
829,54:F0:B1:BC:3F:11,PoliSemFio,35,185.54197311401367,B2-01,0,2
830,54:F0:B1:BC:3F:12,,34,185.54197311401367,B2-01,0,2
831,54:F0:B1:BC:70:00,eduroam,32,185.54197311401367,B2-01,0,2
832,54:F0:B1:BC:70:01,PoliSemFio,42,185.54197311401367,B2-01,0,2
833,54:F0:B1:BC:70:02,,44,185.54197311401367,B2-01,0,2
834,54:F0:B1:BC:70:20,eduroam,10,185.54197311401367,B2-01,0,2
835,54:F0:B1:BC:70:21,PoliSemFio,12,185.54197311401367,B2-01,0,2
836,54:F0:B1:BC:77:81,PoliSemFio,47,185.54197311401367,B2-01,0,2
837,54:F0:B1:BC:77:82,,44,185.54197311401367,B2-01,0,2
838,54:F0:B1:BC:77:A0,eduroam,19,185.54197311401367,B2-01,0,2
839,54:F0:B1:BC:77:A1,PoliSemFio,17,185.54197311401367,B2-01,0,2
840,54:F0:B1:BC:77:A2,,32,185.54197311401367,B2-01,0,2
841,56:60:F9:A3:E7:3F,,29,185.54197311401367,B2-01,0,2
842,68:FF:7B:47:78:BD,C1-22M-5G,15,185.54197311401367,B2-01,0,2
843,68:FF:7B:47:78:BE,C1-22M,27,185.54197311401367,B2-01,0,2
844,70:62:B8:6E:72:A0,PCS-wireless-C1-13,30,185.54197311401367,B2-01,0,2
845,70:62:B8:6E:72:A1,PPGEE,29,185.54197311401367,B2-01,0,2
846,84:D4:7E:06:4F:E0,eduroam,49,185.54197311401367,B2-01,0,2
847,84:D4:7E:06:4F:E1,PoliSemFio,49,185.54197311401367,B2-01,0,2
848,84:D4:7E:06:4F:E2,,47,185.54197311401367,B2-01,0,2
849,84:D4:7E:06:4F:F0,eduroam,19,185.54197311401367,B2-01,0,2
850,84:D4:7E:06:4F:F1,PoliSemFio,19,185.54197311401367,B2-01,0,2
851,B0:4E:26:4B:84:C2,C2-01,29,185.54197311401367,B2-01,0,2
852,DC:9F:DB:1C:1F:D7,LWN-3,30,185.54197311401367,B2-01,0,2
853,DC:9F:DB:1C:1F:E0,LWN-3,32,185.54197311401367,B2-01,0,2
854,DE:9F:DB:1C:1F:D7,LARC Guest,29,185.54197311401367,B2-01,0,2
855,DE:9F:DB:1C:1F:E0,LARC Guest,30,185.54197311401367,B2-01,0,2
856,EE:9F:DB:1C:1F:D7,,32,185.54197311401367,B2-01,0,2
857,EE:9F:DB:1C:1F:E0,,34,185.54197311401367,B2-01,0,2
858,F8:1A:67:99:55:8E,NUCLEAR_CHF,20,185.54197311401367,B2-01,0,2
859,FE:9F:DB:1C:1F:E0,,35,185.54197311401367,B2-01,0,2
860,00:21:91:70:9D:EC,LAB-DIDATICO,20,191.7993986606598,B2-01,0,2
861,20:AA:4B:A7:19:74,LAA03,20,191.7993986606598,B2-01,0,2
862,34:60:F9:A3:D9:14,GASWIFI-2G_C2,15,191.7993986606598,B2-01,0,2
863,34:60:F9:A3:E7:3F,GASWIFI_C4,32,191.7993986606598,B2-01,0,2
864,34:CE:00:51:3E:6F,Lab,42,191.7993986606598,B2-01,0,2
865,34:CE:00:51:3E:70,Lab_5G,14,191.7993986606598,B2-01,0,2
866,54:B8:0A:AA:2C:8C,LAB_DIGITAL,29,191.7993986606598,B2-01,0,2
867,54:B8:0A:AA:2C:8D,PCS-Wireless,30,191.7993986606598,B2-01,0,2
868,54:B8:0A:AA:2C:8E,LAB_DIGITAL-5GHz,12,191.7993986606598,B2-01,0,2
869,54:B8:0A:AA:2C:8F,PCS-Wireless-5GHz,12,191.7993986606598,B2-01,0,2
870,54:F0:B1:A1:18:C0,eduroam,15,191.7993986606598,B2-01,0,2
871,54:F0:B1:A1:18:C1,PoliSemFio,17,191.7993986606598,B2-01,0,2
872,54:F0:B1:A1:18:C3,MEZANINO,15,191.7993986606598,B2-01,0,2
873,54:F0:B1:A1:18:C4,GDLAB,10,191.7993986606598,B2-01,0,2
874,54:F0:B1:A1:18:C5,LABPAD,17,191.7993986606598,B2-01,0,2
875,54:F0:B1:A1:18:D0,eduroam,25,191.7993986606598,B2-01,0,2
876,54:F0:B1:A1:18:D1,PoliSemFio,30,191.7993986606598,B2-01,0,2
877,54:F0:B1:A1:18:D2,,27,191.7993986606598,B2-01,0,2
878,54:F0:B1:A1:18:D3,MEZANINO,19,191.7993986606598,B2-01,0,2
879,54:F0:B1:A1:18:D4,GDLAB,17,191.7993986606598,B2-01,0,2
880,54:F0:B1:A1:18:D5,LABPAD,27,191.7993986606598,B2-01,0,2
881,54:F0:B1:A1:58:00,eduroam,22,191.7993986606598,B2-01,0,2
882,54:F0:B1:A1:58:01,PoliSemFio,44,191.7993986606598,B2-01,0,2
883,54:F0:B1:A1:58:02,,44,191.7993986606598,B2-01,0,2
884,54:F0:B1:A1:E4:F0,eduroam,17,191.7993986606598,B2-01,0,2
885,54:F0:B1:A1:E4:F1,PoliSemFio,17,191.7993986606598,B2-01,0,2
886,54:F0:B1:A1:E5:00,eduroam,17,191.7993986606598,B2-01,0,2
887,54:F0:B1:A2:57:30,eduroam,15,191.7993986606598,B2-01,0,2
888,54:F0:B1:A2:57:31,PoliSemFio,29,191.7993986606598,B2-01,0,2
889,54:F0:B1:A2:57:32,,30,191.7993986606598,B2-01,0,2
890,54:F0:B1:BB:5A:82,HACKER,35,191.7993986606598,B2-01,0,2
891,54:F0:B1:BB:5A:83,LEP,30,191.7993986606598,B2-01,0,2
892,54:F0:B1:BB:5A:84,,37,191.7993986606598,B2-01,0,2
893,54:F0:B1:BB:80:C3,LABPROG,12,191.7993986606598,B2-01,0,2
894,54:F0:B1:BB:92:E0,eduroam,14,191.7993986606598,B2-01,0,2
895,54:F0:B1:BB:92:E1,PoliSemFio,14,191.7993986606598,B2-01,0,2
896,54:F0:B1:BB:BE:12,,25,191.7993986606598,B2-01,0,2
897,54:F0:B1:BB:BE:13,CAEEL,22,191.7993986606598,B2-01,0,2
898,54:F0:B1:BB:C4:D0,eduroam,45,191.7993986606598,B2-01,0,2
899,54:F0:B1:BB:C4:D1,PoliSemFio,59,191.7993986606598,B2-01,0,2
900,54:F0:B1:BB:C4:D2,,59,191.7993986606598,B2-01,0,2
901,54:F0:B1:BB:C4:F0,eduroam,39,191.7993986606598,B2-01,0,2
902,54:F0:B1:BB:C4:F1,PoliSemFio,39,191.7993986606598,B2-01,0,2
903,54:F0:B1:BB:C5:C0,eduroam,15,191.7993986606598,B2-01,0,2
904,54:F0:B1:BB:F3:20,eduroam,17,191.7993986606598,B2-01,0,2
905,54:F0:B1:BC:09:40,eduroam,84,191.7993986606598,B2-01,0,2
906,54:F0:B1:BC:09:41,PoliSemFio,80,191.7993986606598,B2-01,0,2
907,54:F0:B1:BC:09:42,,80,191.7993986606598,B2-01,0,2
908,54:F0:B1:BC:09:60,eduroam,66,191.7993986606598,B2-01,0,2
909,54:F0:B1:BC:09:61,PoliSemFio,69,191.7993986606598,B2-01,0,2
910,54:F0:B1:BC:1B:D1,PoliSemFio,47,191.7993986606598,B2-01,0,2
911,54:F0:B1:BC:1B:D2,,44,191.7993986606598,B2-01,0,2
912,54:F0:B1:BC:1B:F0,eduroam,12,191.7993986606598,B2-01,0,2
913,54:F0:B1:BC:1B:F1,PoliSemFio,15,191.7993986606598,B2-01,0,2
914,54:F0:B1:BC:2E:90,eduroam,49,191.7993986606598,B2-01,0,2
915,54:F0:B1:BC:2E:91,PoliSemFio,60,191.7993986606598,B2-01,0,2
916,54:F0:B1:BC:2E:92,,60,191.7993986606598,B2-01,0,2
917,54:F0:B1:BC:2E:B0,eduroam,19,191.7993986606598,B2-01,0,2
918,54:F0:B1:BC:2E:B1,PoliSemFio,19,191.7993986606598,B2-01,0,2
919,54:F0:B1:BC:36:11,eduroam,24,191.7993986606598,B2-01,0,2
920,54:F0:B1:BC:3F:10,eduroam,45,191.7993986606598,B2-01,0,2
921,54:F0:B1:BC:3F:11,PoliSemFio,35,191.7993986606598,B2-01,0,2
922,54:F0:B1:BC:3F:12,,34,191.7993986606598,B2-01,0,2
923,54:F0:B1:BC:70:00,eduroam,32,191.7993986606598,B2-01,0,2
924,54:F0:B1:BC:70:01,PoliSemFio,42,191.7993986606598,B2-01,0,2
925,54:F0:B1:BC:70:02,,44,191.7993986606598,B2-01,0,2
926,54:F0:B1:BC:70:20,eduroam,10,191.7993986606598,B2-01,0,2
927,54:F0:B1:BC:70:21,PoliSemFio,12,191.7993986606598,B2-01,0,2
928,54:F0:B1:BC:77:81,PoliSemFio,47,191.7993986606598,B2-01,0,2
929,54:F0:B1:BC:77:82,,44,191.7993986606598,B2-01,0,2
930,54:F0:B1:BC:77:A0,eduroam,19,191.7993986606598,B2-01,0,2
931,54:F0:B1:BC:77:A1,PoliSemFio,17,191.7993986606598,B2-01,0,2
932,54:F0:B1:BC:77:A2,,32,191.7993986606598,B2-01,0,2
933,56:60:F9:A3:E7:3F,,29,191.7993986606598,B2-01,0,2
934,68:FF:7B:47:78:BD,C1-22M-5G,15,191.7993986606598,B2-01,0,2
935,68:FF:7B:47:78:BE,C1-22M,27,191.7993986606598,B2-01,0,2
936,70:62:B8:6E:72:A0,PCS-wireless-C1-13,30,191.7993986606598,B2-01,0,2
937,70:62:B8:6E:72:A1,PPGEE,29,191.7993986606598,B2-01,0,2
938,84:D4:7E:06:4F:E0,eduroam,49,191.7993986606598,B2-01,0,2
939,84:D4:7E:06:4F:E1,PoliSemFio,49,191.7993986606598,B2-01,0,2
940,84:D4:7E:06:4F:E2,,47,191.7993986606598,B2-01,0,2
941,84:D4:7E:06:4F:F0,eduroam,19,191.7993986606598,B2-01,0,2
942,84:D4:7E:06:4F:F1,PoliSemFio,19,191.7993986606598,B2-01,0,2
943,B0:4E:26:4B:84:C2,C2-01,29,191.7993986606598,B2-01,0,2
944,DC:9F:DB:1C:1F:D7,LWN-3,30,191.7993986606598,B2-01,0,2
945,DC:9F:DB:1C:1F:E0,LWN-3,32,191.7993986606598,B2-01,0,2
946,DE:9F:DB:1C:1F:D7,LARC Guest,29,191.7993986606598,B2-01,0,2
947,DE:9F:DB:1C:1F:E0,LARC Guest,30,191.7993986606598,B2-01,0,2
948,EE:9F:DB:1C:1F:D7,,32,191.7993986606598,B2-01,0,2
949,EE:9F:DB:1C:1F:E0,,34,191.7993986606598,B2-01,0,2
950,F8:1A:67:99:55:8E,NUCLEAR_CHF,20,191.7993986606598,B2-01,0,2
951,FE:9F:DB:1C:1F:E0,,35,191.7993986606598,B2-01,0,2
952,00:21:91:70:9D:EC,LAB-DIDATICO,42,194.41971588134766,B2-01,0,2
953,20:AA:4B:A7:19:74,LAA03,20,194.41971588134766,B2-01,0,2
954,34:60:F9:A3:D9:14,GASWIFI-2G_C2,15,194.41971588134766,B2-01,0,2
955,34:60:F9:A3:E7:3F,GASWIFI_C4,32,194.41971588134766,B2-01,0,2
956,34:CE:00:51:3E:6F,Lab,42,194.41971588134766,B2-01,0,2
957,34:CE:00:51:3E:70,Lab_5G,25,194.41971588134766,B2-01,0,2
958,54:B8:0A:AA:2C:8C,LAB_DIGITAL,29,194.41971588134766,B2-01,0,2
959,54:B8:0A:AA:2C:8D,PCS-Wireless,30,194.41971588134766,B2-01,0,2
960,54:F0:B1:A1:18:C0,eduroam,14,194.41971588134766,B2-01,0,2
961,54:F0:B1:A1:18:C1,PoliSemFio,14,194.41971588134766,B2-01,0,2
962,54:F0:B1:A1:18:C3,MEZANINO,12,194.41971588134766,B2-01,0,2
963,54:F0:B1:A1:18:C4,GDLAB,14,194.41971588134766,B2-01,0,2
964,54:F0:B1:A1:18:C5,LABPAD,14,194.41971588134766,B2-01,0,2
965,54:F0:B1:A1:18:D0,eduroam,25,194.41971588134766,B2-01,0,2
966,54:F0:B1:A1:18:D1,PoliSemFio,30,194.41971588134766,B2-01,0,2
967,54:F0:B1:A1:18:D2,,27,194.41971588134766,B2-01,0,2
968,54:F0:B1:A1:18:D3,MEZANINO,24,194.41971588134766,B2-01,0,2
969,54:F0:B1:A1:18:D4,GDLAB,17,194.41971588134766,B2-01,0,2
970,54:F0:B1:A1:18:D5,LABPAD,27,194.41971588134766,B2-01,0,2
971,54:F0:B1:A1:58:00,eduroam,30,194.41971588134766,B2-01,0,2
972,54:F0:B1:A1:58:01,PoliSemFio,34,194.41971588134766,B2-01,0,2
973,54:F0:B1:A1:58:02,,35,194.41971588134766,B2-01,0,2
974,54:F0:B1:A1:E4:F0,eduroam,17,194.41971588134766,B2-01,0,2
975,54:F0:B1:A1:E4:F1,PoliSemFio,17,194.41971588134766,B2-01,0,2
976,54:F0:B1:A1:E5:00,eduroam,17,194.41971588134766,B2-01,0,2
977,54:F0:B1:A1:E5:02,,39,194.41971588134766,B2-01,0,2
978,54:F0:B1:A2:57:30,eduroam,15,194.41971588134766,B2-01,0,2
979,54:F0:B1:A2:57:31,PoliSemFio,29,194.41971588134766,B2-01,0,2
980,54:F0:B1:A2:57:32,,34,194.41971588134766,B2-01,0,2
981,54:F0:B1:BB:5A:80,eduroam,35,194.41971588134766,B2-01,0,2
982,54:F0:B1:BB:5A:82,HACKER,35,194.41971588134766,B2-01,0,2
983,54:F0:B1:BB:5A:83,LEP,35,194.41971588134766,B2-01,0,2
984,54:F0:B1:BB:5A:84,,42,194.41971588134766,B2-01,0,2
985,54:F0:B1:BB:80:C3,LABPROG,14,194.41971588134766,B2-01,0,2
986,54:F0:B1:BB:92:E0,eduroam,14,194.41971588134766,B2-01,0,2
987,54:F0:B1:BB:92:E1,PoliSemFio,14,194.41971588134766,B2-01,0,2
988,54:F0:B1:BB:BE:12,,25,194.41971588134766,B2-01,0,2
989,54:F0:B1:BB:BE:13,CAEEL,17,194.41971588134766,B2-01,0,2
990,54:F0:B1:BB:C4:D0,eduroam,74,194.41971588134766,B2-01,0,2
991,54:F0:B1:BB:C4:D1,PoliSemFio,82,194.41971588134766,B2-01,0,2
992,54:F0:B1:BB:C4:D2,,59,194.41971588134766,B2-01,0,2
993,54:F0:B1:BB:C4:F0,eduroam,45,194.41971588134766,B2-01,0,2
994,54:F0:B1:BB:C4:F1,PoliSemFio,45,194.41971588134766,B2-01,0,2
995,54:F0:B1:BB:C5:C0,eduroam,15,194.41971588134766,B2-01,0,2
996,54:F0:B1:BB:C5:C4,GDLAB,15,194.41971588134766,B2-01,0,2
997,54:F0:B1:BB:F3:20,eduroam,17,194.41971588134766,B2-01,0,2
998,54:F0:B1:BC:09:40,eduroam,32,194.41971588134766,B2-01,0,2
999,54:F0:B1:BC:09:41,PoliSemFio,80,194.41971588134766,B2-01,0,2
1000,54:F0:B1:BC:09:42,,80,194.41971588134766,B2-01,0,2
1001,54:F0:B1:BC:09:60,eduroam,70,194.41971588134766,B2-01,0,2
1002,54:F0:B1:BC:09:61,PoliSemFio,69,194.41971588134766,B2-01,0,2
1003,54:F0:B1:BC:1B:D1,PoliSemFio,47,194.41971588134766,B2-01,0,2
1004,54:F0:B1:BC:1B:D2,,64,194.41971588134766,B2-01,0,2
1005,54:F0:B1:BC:1B:F0,eduroam,19,194.41971588134766,B2-01,0,2
1006,54:F0:B1:BC:1B:F1,PoliSemFio,17,194.41971588134766,B2-01,0,2
1007,54:F0:B1:BC:2E:90,eduroam,49,194.41971588134766,B2-01,0,2
1008,54:F0:B1:BC:2E:91,PoliSemFio,64,194.41971588134766,B2-01,0,2
1009,54:F0:B1:BC:2E:92,,60,194.41971588134766,B2-01,0,2
1010,54:F0:B1:BC:2E:B0,eduroam,29,194.41971588134766,B2-01,0,2
1011,54:F0:B1:BC:2E:B1,PoliSemFio,29,194.41971588134766,B2-01,0,2
1012,54:F0:B1:BC:3F:10,eduroam,45,194.41971588134766,B2-01,0,2
1013,54:F0:B1:BC:3F:11,PoliSemFio,35,194.41971588134766,B2-01,0,2
1014,54:F0:B1:BC:3F:12,,34,194.41971588134766,B2-01,0,2
1015,54:F0:B1:BC:70:00,eduroam,45,194.41971588134766,B2-01,0,2
1016,54:F0:B1:BC:70:01,PoliSemFio,42,194.41971588134766,B2-01,0,2
1017,54:F0:B1:BC:70:02,,44,194.41971588134766,B2-01,0,2
1018,54:F0:B1:BC:70:20,eduroam,20,194.41971588134766,B2-01,0,2
1019,54:F0:B1:BC:70:21,PoliSemFio,20,194.41971588134766,B2-01,0,2
1020,54:F0:B1:BC:77:80,eduroam,50,194.41971588134766,B2-01,0,2
1021,54:F0:B1:BC:77:81,PoliSemFio,47,194.41971588134766,B2-01,0,2
1022,54:F0:B1:BC:77:82,,52,194.41971588134766,B2-01,0,2
1023,54:F0:B1:BC:77:A0,eduroam,32,194.41971588134766,B2-01,0,2
1024,54:F0:B1:BC:77:A1,PoliSemFio,34,194.41971588134766,B2-01,0,2
1025,56:60:F9:A3:E7:3F,,29,194.41971588134766,B2-01,0,2
1026,68:FF:7B:47:78:BE,C1-22M,27,194.41971588134766,B2-01,0,2
1027,70:62:B8:6E:72:A0,PCS-wireless-C1-13,30,194.41971588134766,B2-01,0,2
1028,70:62:B8:6E:72:A1,PPGEE,54,194.41971588134766,B2-01,0,2
1029,84:D4:7E:06:4F:E0,eduroam,67,194.41971588134766,B2-01,0,2
1030,84:D4:7E:06:4F:E1,PoliSemFio,49,194.41971588134766,B2-01,0,2
1031,84:D4:7E:06:4F:E2,,47,194.41971588134766,B2-01,0,2
1032,84:D4:7E:06:4F:F0,eduroam,22,194.41971588134766,B2-01,0,2
1033,84:D4:7E:06:4F:F1,PoliSemFio,22,194.41971588134766,B2-01,0,2
1034,B0:4E:26:4B:84:C2,C2-01,29,194.41971588134766,B2-01,0,2
1035,B6:4E:26:4B:84:C2,C2-01-Guest,24,194.41971588134766,B2-01,0,2
1036,DC:9F:DB:1C:1F:D7,LWN-3,34,194.41971588134766,B2-01,0,2
1037,DC:9F:DB:1C:1F:E0,LWN-3,32,194.41971588134766,B2-01,0,2
1038,DE:9F:DB:1C:1F:D7,LARC Guest,29,194.41971588134766,B2-01,0,2
1039,DE:9F:DB:1C:1F:E0,LARC Guest,30,194.41971588134766,B2-01,0,2
1040,EE:9F:DB:1C:1F:D7,,32,194.41971588134766,B2-01,0,2
1041,EE:9F:DB:1C:1F:E0,,34,194.41971588134766,B2-01,0,2
1042,F8:1A:67:99:55:8E,NUCLEAR_CHF,20,194.41971588134766,B2-01,0,2
1043,FE:9F:DB:1C:1F:E0,,35,194.41971588134766,B2-01,0,2
1044,00:21:91:70:9D:EC,LAB-DIDATICO,42,197.05003929138184,B2-01,0,2
1045,20:AA:4B:A7:19:74,LAA03,20,197.05003929138184,B2-01,0,2
1046,34:60:F9:A3:D9:14,GASWIFI-2G_C2,15,197.05003929138184,B2-01,0,2
1047,34:60:F9:A3:E7:3F,GASWIFI_C4,32,197.05003929138184,B2-01,0,2
1048,34:CE:00:51:3E:6F,Lab,42,197.05003929138184,B2-01,0,2
1049,34:CE:00:51:3E:70,Lab_5G,25,197.05003929138184,B2-01,0,2
1050,54:B8:0A:AA:2C:8C,LAB_DIGITAL,29,197.05003929138184,B2-01,0,2
1051,54:B8:0A:AA:2C:8D,PCS-Wireless,30,197.05003929138184,B2-01,0,2
1052,54:F0:B1:A1:18:C0,eduroam,14,197.05003929138184,B2-01,0,2
1053,54:F0:B1:A1:18:C1,PoliSemFio,14,197.05003929138184,B2-01,0,2
1054,54:F0:B1:A1:18:C3,MEZANINO,12,197.05003929138184,B2-01,0,2
1055,54:F0:B1:A1:18:C4,GDLAB,14,197.05003929138184,B2-01,0,2
1056,54:F0:B1:A1:18:C5,LABPAD,14,197.05003929138184,B2-01,0,2
1057,54:F0:B1:A1:18:D0,eduroam,25,197.05003929138184,B2-01,0,2
1058,54:F0:B1:A1:18:D1,PoliSemFio,30,197.05003929138184,B2-01,0,2
1059,54:F0:B1:A1:18:D2,,27,197.05003929138184,B2-01,0,2
1060,54:F0:B1:A1:18:D3,MEZANINO,24,197.05003929138184,B2-01,0,2
1061,54:F0:B1:A1:18:D4,GDLAB,17,197.05003929138184,B2-01,0,2
1062,54:F0:B1:A1:18:D5,LABPAD,27,197.05003929138184,B2-01,0,2
1063,54:F0:B1:A1:58:00,eduroam,30,197.05003929138184,B2-01,0,2
1064,54:F0:B1:A1:58:01,PoliSemFio,34,197.05003929138184,B2-01,0,2
1065,54:F0:B1:A1:58:02,,35,197.05003929138184,B2-01,0,2
1066,54:F0:B1:A1:E4:F0,eduroam,17,197.05003929138184,B2-01,0,2
1067,54:F0:B1:A1:E4:F1,PoliSemFio,17,197.05003929138184,B2-01,0,2
1068,54:F0:B1:A1:E5:00,eduroam,17,197.05003929138184,B2-01,0,2
1069,54:F0:B1:A1:E5:02,,39,197.05003929138184,B2-01,0,2
1070,54:F0:B1:A2:57:30,eduroam,15,197.05003929138184,B2-01,0,2
1071,54:F0:B1:A2:57:31,PoliSemFio,29,197.05003929138184,B2-01,0,2
1072,54:F0:B1:A2:57:32,,34,197.05003929138184,B2-01,0,2
1073,54:F0:B1:BB:5A:80,eduroam,35,197.05003929138184,B2-01,0,2
1074,54:F0:B1:BB:5A:82,HACKER,35,197.05003929138184,B2-01,0,2
1075,54:F0:B1:BB:5A:83,LEP,35,197.05003929138184,B2-01,0,2
1076,54:F0:B1:BB:5A:84,,42,197.05003929138184,B2-01,0,2
1077,54:F0:B1:BB:80:C3,LABPROG,14,197.05003929138184,B2-01,0,2
1078,54:F0:B1:BB:92:E0,eduroam,14,197.05003929138184,B2-01,0,2
1079,54:F0:B1:BB:92:E1,PoliSemFio,14,197.05003929138184,B2-01,0,2
1080,54:F0:B1:BB:BE:12,,25,197.05003929138184,B2-01,0,2
1081,54:F0:B1:BB:BE:13,CAEEL,17,197.05003929138184,B2-01,0,2
1082,54:F0:B1:BB:C4:D0,eduroam,74,197.05003929138184,B2-01,0,2
1083,54:F0:B1:BB:C4:D1,PoliSemFio,82,197.05003929138184,B2-01,0,2
1084,54:F0:B1:BB:C4:D2,,59,197.05003929138184,B2-01,0,2
1085,54:F0:B1:BB:C4:F0,eduroam,45,197.05003929138184,B2-01,0,2
1086,54:F0:B1:BB:C4:F1,PoliSemFio,45,197.05003929138184,B2-01,0,2
1087,54:F0:B1:BB:C5:C0,eduroam,15,197.05003929138184,B2-01,0,2
1088,54:F0:B1:BB:C5:C4,GDLAB,15,197.05003929138184,B2-01,0,2
1089,54:F0:B1:BB:F3:20,eduroam,17,197.05003929138184,B2-01,0,2
1090,54:F0:B1:BC:09:40,eduroam,32,197.05003929138184,B2-01,0,2
1091,54:F0:B1:BC:09:41,PoliSemFio,80,197.05003929138184,B2-01,0,2
1092,54:F0:B1:BC:09:42,,80,197.05003929138184,B2-01,0,2
1093,54:F0:B1:BC:09:60,eduroam,59,197.05003929138184,B2-01,0,2
1094,54:F0:B1:BC:09:61,PoliSemFio,69,197.05003929138184,B2-01,0,2
1095,54:F0:B1:BC:1B:D1,PoliSemFio,47,197.05003929138184,B2-01,0,2
1096,54:F0:B1:BC:1B:D2,,64,197.05003929138184,B2-01,0,2
1097,54:F0:B1:BC:1B:F0,eduroam,19,197.05003929138184,B2-01,0,2
1098,54:F0:B1:BC:1B:F1,PoliSemFio,17,197.05003929138184,B2-01,0,2
1099,54:F0:B1:BC:2E:90,eduroam,49,197.05003929138184,B2-01,0,2
1100,54:F0:B1:BC:2E:91,PoliSemFio,64,197.05003929138184,B2-01,0,2
1101,54:F0:B1:BC:2E:92,,60,197.05003929138184,B2-01,0,2
1102,54:F0:B1:BC:2E:B0,eduroam,29,197.05003929138184,B2-01,0,2
1103,54:F0:B1:BC:2E:B1,PoliSemFio,29,197.05003929138184,B2-01,0,2
1104,54:F0:B1:BC:3F:10,eduroam,45,197.05003929138184,B2-01,0,2
1105,54:F0:B1:BC:3F:11,PoliSemFio,35,197.05003929138184,B2-01,0,2
1106,54:F0:B1:BC:3F:12,,34,197.05003929138184,B2-01,0,2
1107,54:F0:B1:BC:70:00,eduroam,45,197.05003929138184,B2-01,0,2
1108,54:F0:B1:BC:70:01,PoliSemFio,42,197.05003929138184,B2-01,0,2
1109,54:F0:B1:BC:70:02,,44,197.05003929138184,B2-01,0,2
1110,54:F0:B1:BC:70:20,eduroam,20,197.05003929138184,B2-01,0,2
1111,54:F0:B1:BC:70:21,PoliSemFio,20,197.05003929138184,B2-01,0,2
1112,54:F0:B1:BC:77:80,eduroam,50,197.05003929138184,B2-01,0,2
1113,54:F0:B1:BC:77:81,PoliSemFio,47,197.05003929138184,B2-01,0,2
1114,54:F0:B1:BC:77:82,,52,197.05003929138184,B2-01,0,2
1115,54:F0:B1:BC:77:A0,eduroam,32,197.05003929138184,B2-01,0,2
1116,54:F0:B1:BC:77:A1,PoliSemFio,34,197.05003929138184,B2-01,0,2
1117,56:60:F9:A3:E7:3F,,29,197.05003929138184,B2-01,0,2
1118,68:FF:7B:47:78:BE,C1-22M,27,197.05003929138184,B2-01,0,2
1119,70:62:B8:6E:72:A0,PCS-wireless-C1-13,30,197.05003929138184,B2-01,0,2
1120,70:62:B8:6E:72:A1,PPGEE,54,197.05003929138184,B2-01,0,2
1121,84:D4:7E:06:4F:E0,eduroam,67,197.05003929138184,B2-01,0,2
1122,84:D4:7E:06:4F:E1,PoliSemFio,49,197.05003929138184,B2-01,0,2
1123,84:D4:7E:06:4F:E2,,47,197.05003929138184,B2-01,0,2
1124,84:D4:7E:06:4F:F0,eduroam,22,197.05003929138184,B2-01,0,2
1125,84:D4:7E:06:4F:F1,PoliSemFio,22,197.05003929138184,B2-01,0,2
1126,B0:4E:26:4B:84:C2,C2-01,29,197.05003929138184,B2-01,0,2
1127,B6:4E:26:4B:84:C2,C2-01-Guest,24,197.05003929138184,B2-01,0,2
1128,DC:9F:DB:1C:1F:D7,LWN-3,34,197.05003929138184,B2-01,0,2
1129,DC:9F:DB:1C:1F:E0,LWN-3,32,197.05003929138184,B2-01,0,2
1130,DE:9F:DB:1C:1F:D7,LARC Guest,29,197.05003929138184,B2-01,0,2
1131,DE:9F:DB:1C:1F:E0,LARC Guest,30,197.05003929138184,B2-01,0,2
1132,EE:9F:DB:1C:1F:D7,,32,197.05003929138184,B2-01,0,2
1133,EE:9F:DB:1C:1F:E0,,34,197.05003929138184,B2-01,0,2
1134,F8:1A:67:99:55:8E,NUCLEAR_CHF,20,197.05003929138184,B2-01,0,2
1135,FE:9F:DB:1C:1F:E0,,35,197.05003929138184,B2-01,0,2
1136,00:18:E7:FF:8C:98,dlink,24,203.39461088180542,B2-01,0,2
1137,00:21:91:70:9D:EC,LAB-DIDATICO,42,203.39461088180542,B2-01,0,2
1138,20:AA:4B:A7:19:74,LAA03,20,203.39461088180542,B2-01,0,2
1139,34:60:F9:A3:D9:14,GASWIFI-2G_C2,27,203.39461088180542,B2-01,0,2
1140,34:60:F9:A3:E7:3F,GASWIFI_C4,29,203.39461088180542,B2-01,0,2
1141,34:CE:00:51:3E:6F,Lab,52,203.39461088180542,B2-01,0,2
1142,34:CE:00:51:3E:70,Lab_5G,20,203.39461088180542,B2-01,0,2
1143,54:B8:0A:AA:2C:8C,LAB_DIGITAL,29,203.39461088180542,B2-01,0,2
1144,54:B8:0A:AA:2C:8D,PCS-Wireless,37,203.39461088180542,B2-01,0,2
1145,54:F0:B1:A1:18:C0,eduroam,14,203.39461088180542,B2-01,0,2
1146,54:F0:B1:A1:18:C1,PoliSemFio,14,203.39461088180542,B2-01,0,2
1147,54:F0:B1:A1:18:C3,MEZANINO,12,203.39461088180542,B2-01,0,2
1148,54:F0:B1:A1:18:C4,GDLAB,14,203.39461088180542,B2-01,0,2
1149,54:F0:B1:A1:18:C5,LABPAD,14,203.39461088180542,B2-01,0,2
1150,54:F0:B1:A1:18:D0,eduroam,25,203.39461088180542,B2-01,0,2
1151,54:F0:B1:A1:18:D2,,27,203.39461088180542,B2-01,0,2
1152,54:F0:B1:A1:18:D3,MEZANINO,25,203.39461088180542,B2-01,0,2
1153,54:F0:B1:A1:18:D4,GDLAB,24,203.39461088180542,B2-01,0,2
1154,54:F0:B1:A1:18:D5,LABPAD,22,203.39461088180542,B2-01,0,2
1155,54:F0:B1:A1:58:00,eduroam,32,203.39461088180542,B2-01,0,2
1156,54:F0:B1:A1:58:01,PoliSemFio,44,203.39461088180542,B2-01,0,2
1157,54:F0:B1:A1:58:02,,44,203.39461088180542,B2-01,0,2
1158,54:F0:B1:A1:E5:00,eduroam,17,203.39461088180542,B2-01,0,2
1159,54:F0:B1:A1:E5:02,,39,203.39461088180542,B2-01,0,2
1160,54:F0:B1:A2:57:30,eduroam,15,203.39461088180542,B2-01,0,2
1161,54:F0:B1:A2:57:31,PoliSemFio,29,203.39461088180542,B2-01,0,2
1162,54:F0:B1:A2:57:32,,34,203.39461088180542,B2-01,0,2
1163,54:F0:B1:BB:5A:80,eduroam,35,203.39461088180542,B2-01,0,2
1164,54:F0:B1:BB:5A:81,PoliSemFio,37,203.39461088180542,B2-01,0,2
1165,54:F0:B1:BB:5A:82,HACKER,35,203.39461088180542,B2-01,0,2
1166,54:F0:B1:BB:5A:83,LEP,35,203.39461088180542,B2-01,0,2
1167,54:F0:B1:BB:5A:84,,42,203.39461088180542,B2-01,0,2
1168,54:F0:B1:BB:80:C3,LABPROG,14,203.39461088180542,B2-01,0,2
1169,54:F0:B1:BB:BE:12,,25,203.39461088180542,B2-01,0,2
1170,54:F0:B1:BB:BE:13,CAEEL,17,203.39461088180542,B2-01,0,2
1171,54:F0:B1:BB:C4:D0,eduroam,60,203.39461088180542,B2-01,0,2
1172,54:F0:B1:BB:C4:D1,PoliSemFio,60,203.39461088180542,B2-01,0,2
1173,54:F0:B1:BB:C4:D2,,60,203.39461088180542,B2-01,0,2
1174,54:F0:B1:BB:C4:F0,eduroam,34,203.39461088180542,B2-01,0,2
1175,54:F0:B1:BB:C4:F1,PoliSemFio,34,203.39461088180542,B2-01,0,2
1176,54:F0:B1:BB:C5:C4,GDLAB,15,203.39461088180542,B2-01,0,2
1177,54:F0:B1:BB:F3:20,eduroam,17,203.39461088180542,B2-01,0,2
1178,54:F0:B1:BC:09:40,eduroam,99,203.39461088180542,B2-01,0,2
1179,54:F0:B1:BC:09:41,PoliSemFio,97,203.39461088180542,B2-01,0,2
1180,54:F0:B1:BC:09:42,,97,203.39461088180542,B2-01,0,2
1181,54:F0:B1:BC:09:60,eduroam,57,203.39461088180542,B2-01,0,2
1182,54:F0:B1:BC:09:61,PoliSemFio,62,203.39461088180542,B2-01,0,2
1183,54:F0:B1:BC:1B:D0,eduroam,49,203.39461088180542,B2-01,0,2
1184,54:F0:B1:BC:1B:D1,PoliSemFio,55,203.39461088180542,B2-01,0,2
1185,54:F0:B1:BC:1B:D2,,55,203.39461088180542,B2-01,0,2
1186,54:F0:B1:BC:1B:F0,eduroam,19,203.39461088180542,B2-01,0,2
1187,54:F0:B1:BC:1B:F1,PoliSemFio,17,203.39461088180542,B2-01,0,2
1188,54:F0:B1:BC:2E:90,eduroam,50,203.39461088180542,B2-01,0,2
1189,54:F0:B1:BC:2E:91,PoliSemFio,64,203.39461088180542,B2-01,0,2
1190,54:F0:B1:BC:2E:92,,45,203.39461088180542,B2-01,0,2
1191,54:F0:B1:BC:2E:B0,eduroam,25,203.39461088180542,B2-01,0,2
1192,54:F0:B1:BC:2E:B1,PoliSemFio,25,203.39461088180542,B2-01,0,2
1193,54:F0:B1:BC:3F:10,eduroam,45,203.39461088180542,B2-01,0,2
1194,54:F0:B1:BC:3F:11,PoliSemFio,35,203.39461088180542,B2-01,0,2
1195,54:F0:B1:BC:3F:12,,34,203.39461088180542,B2-01,0,2
1196,54:F0:B1:BC:70:00,eduroam,45,203.39461088180542,B2-01,0,2
1197,54:F0:B1:BC:70:01,PoliSemFio,42,203.39461088180542,B2-01,0,2
1198,54:F0:B1:BC:70:02,,44,203.39461088180542,B2-01,0,2
1199,54:F0:B1:BC:70:20,eduroam,12,203.39461088180542,B2-01,0,2
1200,54:F0:B1:BC:70:21,PoliSemFio,9,203.39461088180542,B2-01,0,2
1201,54:F0:B1:BC:77:80,eduroam,50,203.39461088180542,B2-01,0,2
1202,54:F0:B1:BC:77:81,PoliSemFio,47,203.39461088180542,B2-01,0,2
1203,54:F0:B1:BC:77:82,,35,203.39461088180542,B2-01,0,2
1204,54:F0:B1:BC:77:A0,eduroam,22,203.39461088180542,B2-01,0,2
1205,54:F0:B1:BC:77:A1,PoliSemFio,22,203.39461088180542,B2-01,0,2
1206,56:60:F9:A3:E7:3F,,29,203.39461088180542,B2-01,0,2
1207,68:FF:7B:47:78:BE,C1-22M,35,203.39461088180542,B2-01,0,2
1208,70:62:B8:6E:72:A0,PCS-wireless-C1-13,30,203.39461088180542,B2-01,0,2
1209,70:62:B8:6E:72:A1,PPGEE,35,203.39461088180542,B2-01,0,2
1210,84:D4:7E:06:4F:E0,eduroam,35,203.39461088180542,B2-01,0,2
1211,84:D4:7E:06:4F:E1,PoliSemFio,49,203.39461088180542,B2-01,0,2
1212,84:D4:7E:06:4F:E2,,47,203.39461088180542,B2-01,0,2
1213,84:D4:7E:06:4F:F0,eduroam,17,203.39461088180542,B2-01,0,2
1214,84:D4:7E:06:4F:F1,PoliSemFio,22,203.39461088180542,B2-01,0,2
1215,B0:4E:26:4B:84:C2,C2-01,29,203.39461088180542,B2-01,0,2
1216,B6:4E:26:4B:84:C2,C2-01-Guest,24,203.39461088180542,B2-01,0,2
1217,DC:9F:DB:1C:1F:D7,LWN-3,34,203.39461088180542,B2-01,0,2
1218,DC:9F:DB:1C:1F:E0,LWN-3,32,203.39461088180542,B2-01,0,2
1219,DE:9F:DB:1C:1F:D7,LARC Guest,29,203.39461088180542,B2-01,0,2
1220,DE:9F:DB:1C:1F:E0,LARC Guest,32,203.39461088180542,B2-01,0,2
1221,EE:9F:DB:1C:1F:E0,,34,203.39461088180542,B2-01,0,2
1222,FE:9F:DB:1C:1F:E0,,32,203.39461088180542,B2-01,0,2
1223,00:18:E7:FF:8C:98,dlink,24,209.6320607662201,B2-01,0,2
1224,00:21:91:70:9D:EC,LAB-DIDATICO,27,209.6320607662201,B2-01,0,2
1225,20:AA:4B:A7:19:74,LAA03,20,209.6320607662201,B2-01,0,2
1226,34:60:F9:A3:D9:14,GASWIFI-2G_C2,27,209.6320607662201,B2-01,0,2
1227,34:60:F9:A3:E7:3F,GASWIFI_C4,29,209.6320607662201,B2-01,0,2
1228,34:CE:00:51:3E:6F,Lab,47,209.6320607662201,B2-01,0,2
1229,34:CE:00:51:3E:70,Lab_5G,15,209.6320607662201,B2-01,0,2
1230,48:00:20:34:D2:40,eduroam,25,209.6320607662201,B2-01,0,2
1231,54:B8:0A:AA:2C:8C,LAB_DIGITAL,29,209.6320607662201,B2-01,0,2
1232,54:B8:0A:AA:2C:8D,PCS-Wireless,37,209.6320607662201,B2-01,0,2
1233,54:F0:B1:A1:18:C0,eduroam,14,209.6320607662201,B2-01,0,2
1234,54:F0:B1:A1:18:C1,PoliSemFio,14,209.6320607662201,B2-01,0,2
1235,54:F0:B1:A1:18:C3,MEZANINO,12,209.6320607662201,B2-01,0,2
1236,54:F0:B1:A1:18:C4,GDLAB,14,209.6320607662201,B2-01,0,2
1237,54:F0:B1:A1:18:C5,LABPAD,14,209.6320607662201,B2-01,0,2
1238,54:F0:B1:A1:18:D0,eduroam,29,209.6320607662201,B2-01,0,2
1239,54:F0:B1:A1:18:D1,PoliSemFio,32,209.6320607662201,B2-01,0,2
1240,54:F0:B1:A1:18:D2,,30,209.6320607662201,B2-01,0,2
1241,54:F0:B1:A1:18:D3,MEZANINO,25,209.6320607662201,B2-01,0,2
1242,54:F0:B1:A1:18:D4,GDLAB,24,209.6320607662201,B2-01,0,2
1243,54:F0:B1:A1:18:D5,LABPAD,22,209.6320607662201,B2-01,0,2
1244,54:F0:B1:A1:58:00,eduroam,35,209.6320607662201,B2-01,0,2
1245,54:F0:B1:A1:58:01,PoliSemFio,49,209.6320607662201,B2-01,0,2
1246,54:F0:B1:A1:58:02,,50,209.6320607662201,B2-01,0,2
1247,54:F0:B1:A1:E4:F1,PoliSemFio,14,209.6320607662201,B2-01,0,2
1248,54:F0:B1:A1:E5:02,,39,209.6320607662201,B2-01,0,2
1249,54:F0:B1:A2:57:30,eduroam,34,209.6320607662201,B2-01,0,2
1250,54:F0:B1:A2:57:31,PoliSemFio,30,209.6320607662201,B2-01,0,2
1251,54:F0:B1:A2:57:32,,30,209.6320607662201,B2-01,0,2
1252,54:F0:B1:A2:57:33,LCA,29,209.6320607662201,B2-01,0,2
1253,54:F0:B1:BB:5A:80,eduroam,35,209.6320607662201,B2-01,0,2
1254,54:F0:B1:BB:5A:81,PoliSemFio,37,209.6320607662201,B2-01,0,2
1255,54:F0:B1:BB:5A:82,HACKER,35,209.6320607662201,B2-01,0,2
1256,54:F0:B1:BB:5A:83,LEP,32,209.6320607662201,B2-01,0,2
1257,54:F0:B1:BB:5A:84,,42,209.6320607662201,B2-01,0,2
1258,54:F0:B1:BB:80:C3,LABPROG,14,209.6320607662201,B2-01,0,2
1259,54:F0:B1:BB:92:C0,eduroam,25,209.6320607662201,B2-01,0,2
1260,54:F0:B1:BB:92:C1,PoliSemFio,35,209.6320607662201,B2-01,0,2
1261,54:F0:B1:BB:BE:12,,25,209.6320607662201,B2-01,0,2
1262,54:F0:B1:BB:BE:13,CAEEL,17,209.6320607662201,B2-01,0,2
1263,54:F0:B1:BB:C4:D0,eduroam,60,209.6320607662201,B2-01,0,2
1264,54:F0:B1:BB:C4:D1,PoliSemFio,79,209.6320607662201,B2-01,0,2
1265,54:F0:B1:BB:C4:D2,,79,209.6320607662201,B2-01,0,2
1266,54:F0:B1:BB:C4:F0,eduroam,45,209.6320607662201,B2-01,0,2
1267,54:F0:B1:BB:C4:F1,PoliSemFio,45,209.6320607662201,B2-01,0,2
1268,54:F0:B1:BB:C5:C4,GDLAB,15,209.6320607662201,B2-01,0,2
1269,54:F0:B1:BB:F3:21,PoliSemFio,19,209.6320607662201,B2-01,0,2
1270,54:F0:B1:BC:09:40,eduroam,10,209.6320607662201,B2-01,0,2
1271,54:F0:B1:BC:09:41,PoliSemFio,85,209.6320607662201,B2-01,0,2
1272,54:F0:B1:BC:09:42,,97,209.6320607662201,B2-01,0,2
1273,54:F0:B1:BC:09:60,eduroam,82,209.6320607662201,B2-01,0,2
1274,54:F0:B1:BC:09:61,PoliSemFio,82,209.6320607662201,B2-01,0,2
1275,54:F0:B1:BC:1B:D0,eduroam,49,209.6320607662201,B2-01,0,2
1276,54:F0:B1:BC:1B:D1,PoliSemFio,55,209.6320607662201,B2-01,0,2
1277,54:F0:B1:BC:1B:D2,,55,209.6320607662201,B2-01,0,2
1278,54:F0:B1:BC:1B:F0,eduroam,12,209.6320607662201,B2-01,0,2
1279,54:F0:B1:BC:1B:F1,PoliSemFio,12,209.6320607662201,B2-01,0,2
1280,54:F0:B1:BC:2E:90,eduroam,44,209.6320607662201,B2-01,0,2
1281,54:F0:B1:BC:2E:91,PoliSemFio,64,209.6320607662201,B2-01,0,2
1282,54:F0:B1:BC:2E:92,,45,209.6320607662201,B2-01,0,2
1283,54:F0:B1:BC:2E:B0,eduroam,27,209.6320607662201,B2-01,0,2
1284,54:F0:B1:BC:2E:B1,PoliSemFio,27,209.6320607662201,B2-01,0,2
1285,54:F0:B1:BC:3F:10,eduroam,45,209.6320607662201,B2-01,0,2
1286,54:F0:B1:BC:3F:11,PoliSemFio,35,209.6320607662201,B2-01,0,2
1287,54:F0:B1:BC:3F:12,,34,209.6320607662201,B2-01,0,2
1288,54:F0:B1:BC:70:00,eduroam,50,209.6320607662201,B2-01,0,2
1289,54:F0:B1:BC:70:01,PoliSemFio,42,209.6320607662201,B2-01,0,2
1290,54:F0:B1:BC:70:20,eduroam,27,209.6320607662201,B2-01,0,2
1291,54:F0:B1:BC:70:21,PoliSemFio,27,209.6320607662201,B2-01,0,2
1292,54:F0:B1:BC:77:80,eduroam,57,209.6320607662201,B2-01,0,2
1293,54:F0:B1:BC:77:81,PoliSemFio,52,209.6320607662201,B2-01,0,2
1294,54:F0:B1:BC:77:82,,52,209.6320607662201,B2-01,0,2
1295,54:F0:B1:BC:77:A0,eduroam,22,209.6320607662201,B2-01,0,2
1296,54:F0:B1:BC:77:A1,PoliSemFio,22,209.6320607662201,B2-01,0,2
1297,56:60:F9:A3:E7:3F,,29,209.6320607662201,B2-01,0,2
1298,68:FF:7B:47:78:BE,C1-22M,35,209.6320607662201,B2-01,0,2
1299,70:62:B8:6E:72:A0,PCS-wireless-C1-13,40,209.6320607662201,B2-01,0,2
1300,70:62:B8:6E:72:A1,PPGEE,42,209.6320607662201,B2-01,0,2
1301,84:D4:7E:06:4F:E0,eduroam,30,209.6320607662201,B2-01,0,2
1302,84:D4:7E:06:4F:E1,PoliSemFio,49,209.6320607662201,B2-01,0,2
1303,84:D4:7E:06:4F:E2,,47,209.6320607662201,B2-01,0,2
1304,84:D4:7E:06:4F:F0,eduroam,27,209.6320607662201,B2-01,0,2
1305,84:D4:7E:06:4F:F1,PoliSemFio,27,209.6320607662201,B2-01,0,2
1306,B0:4E:26:4B:84:C2,C2-01,20,209.6320607662201,B2-01,0,2
1307,B6:4E:26:4B:84:C2,C2-01-Guest,24,209.6320607662201,B2-01,0,2
1308,DC:9F:DB:1C:1F:D7,LWN-3,22,209.6320607662201,B2-01,0,2
1309,DC:9F:DB:1C:1F:E0,LWN-3,37,209.6320607662201,B2-01,0,2
1310,DE:9F:DB:1C:1F:D7,LARC Guest,29,209.6320607662201,B2-01,0,2
1311,DE:9F:DB:1C:1F:E0,LARC Guest,32,209.6320607662201,B2-01,0,2
1312,EE:9F:DB:1C:1F:E0,,37,209.6320607662201,B2-01,0,2
1313,FE:9F:DB:1C:1F:E0,,32,209.6320607662201,B2-01,0,2
1314,00:18:E7:FF:8C:98,dlink,24,215.9298632144928,B2-01,0,2
1315,00:21:91:70:9D:EC,LAB-DIDATICO,27,215.9298632144928,B2-01,0,2
1316,20:AA:4B:A7:19:74,LAA03,20,215.9298632144928,B2-01,0,2
1317,34:60:F9:A3:D9:14,GASWIFI-2G_C2,27,215.9298632144928,B2-01,0,2
1318,34:60:F9:A3:E7:3F,GASWIFI_C4,29,215.9298632144928,B2-01,0,2
1319,34:CE:00:51:3E:6F,Lab,47,215.9298632144928,B2-01,0,2
1320,34:CE:00:51:3E:70,Lab_5G,15,215.9298632144928,B2-01,0,2
1321,48:00:20:34:D2:40,eduroam,25,215.9298632144928,B2-01,0,2
1322,54:B8:0A:AA:2C:8C,LAB_DIGITAL,29,215.9298632144928,B2-01,0,2
1323,54:B8:0A:AA:2C:8D,PCS-Wireless,37,215.9298632144928,B2-01,0,2
1324,54:F0:B1:A1:18:C0,eduroam,14,215.9298632144928,B2-01,0,2
1325,54:F0:B1:A1:18:C1,PoliSemFio,14,215.9298632144928,B2-01,0,2
1326,54:F0:B1:A1:18:C3,MEZANINO,12,215.9298632144928,B2-01,0,2
1327,54:F0:B1:A1:18:C4,GDLAB,14,215.9298632144928,B2-01,0,2
1328,54:F0:B1:A1:18:C5,LABPAD,14,215.9298632144928,B2-01,0,2
1329,54:F0:B1:A1:18:D0,eduroam,29,215.9298632144928,B2-01,0,2
1330,54:F0:B1:A1:18:D1,PoliSemFio,32,215.9298632144928,B2-01,0,2
1331,54:F0:B1:A1:18:D2,,30,215.9298632144928,B2-01,0,2
1332,54:F0:B1:A1:18:D3,MEZANINO,25,215.9298632144928,B2-01,0,2
1333,54:F0:B1:A1:18:D4,GDLAB,24,215.9298632144928,B2-01,0,2
1334,54:F0:B1:A1:18:D5,LABPAD,22,215.9298632144928,B2-01,0,2
1335,54:F0:B1:A1:58:00,eduroam,35,215.9298632144928,B2-01,0,2
1336,54:F0:B1:A1:58:01,PoliSemFio,49,215.9298632144928,B2-01,0,2
1337,54:F0:B1:A1:58:02,,50,215.9298632144928,B2-01,0,2
1338,54:F0:B1:A1:E4:F1,PoliSemFio,14,215.9298632144928,B2-01,0,2
1339,54:F0:B1:A1:E5:02,,39,215.9298632144928,B2-01,0,2
1340,54:F0:B1:A2:57:30,eduroam,34,215.9298632144928,B2-01,0,2
1341,54:F0:B1:A2:57:31,PoliSemFio,30,215.9298632144928,B2-01,0,2
1342,54:F0:B1:A2:57:32,,30,215.9298632144928,B2-01,0,2
1343,54:F0:B1:A2:57:33,LCA,29,215.9298632144928,B2-01,0,2
1344,54:F0:B1:BB:5A:80,eduroam,35,215.9298632144928,B2-01,0,2
1345,54:F0:B1:BB:5A:81,PoliSemFio,37,215.9298632144928,B2-01,0,2
1346,54:F0:B1:BB:5A:82,HACKER,35,215.9298632144928,B2-01,0,2
1347,54:F0:B1:BB:5A:83,LEP,32,215.9298632144928,B2-01,0,2
1348,54:F0:B1:BB:5A:84,,42,215.9298632144928,B2-01,0,2
1349,54:F0:B1:BB:80:C3,LABPROG,14,215.9298632144928,B2-01,0,2
1350,54:F0:B1:BB:92:C0,eduroam,25,215.9298632144928,B2-01,0,2
1351,54:F0:B1:BB:92:C1,PoliSemFio,35,215.9298632144928,B2-01,0,2
1352,54:F0:B1:BB:BE:12,,25,215.9298632144928,B2-01,0,2
1353,54:F0:B1:BB:BE:13,CAEEL,17,215.9298632144928,B2-01,0,2
1354,54:F0:B1:BB:C4:D0,eduroam,60,215.9298632144928,B2-01,0,2
1355,54:F0:B1:BB:C4:D1,PoliSemFio,79,215.9298632144928,B2-01,0,2
1356,54:F0:B1:BB:C4:D2,,79,215.9298632144928,B2-01,0,2
1357,54:F0:B1:BB:C4:F0,eduroam,45,215.9298632144928,B2-01,0,2
1358,54:F0:B1:BB:C4:F1,PoliSemFio,45,215.9298632144928,B2-01,0,2
1359,54:F0:B1:BB:C5:C4,GDLAB,15,215.9298632144928,B2-01,0,2
1360,54:F0:B1:BB:F3:21,PoliSemFio,19,215.9298632144928,B2-01,0,2
1361,54:F0:B1:BC:09:40,eduroam,10,215.9298632144928,B2-01,0,2
1362,54:F0:B1:BC:09:41,PoliSemFio,85,215.9298632144928,B2-01,0,2
1363,54:F0:B1:BC:09:42,,97,215.9298632144928,B2-01,0,2
1364,54:F0:B1:BC:09:60,eduroam,58,215.9298632144928,B2-01,0,2
1365,54:F0:B1:BC:09:61,PoliSemFio,82,215.9298632144928,B2-01,0,2
1366,54:F0:B1:BC:1B:D0,eduroam,49,215.9298632144928,B2-01,0,2
1367,54:F0:B1:BC:1B:D1,PoliSemFio,55,215.9298632144928,B2-01,0,2
1368,54:F0:B1:BC:1B:D2,,55,215.9298632144928,B2-01,0,2
1369,54:F0:B1:BC:1B:F0,eduroam,12,215.9298632144928,B2-01,0,2
1370,54:F0:B1:BC:1B:F1,PoliSemFio,12,215.9298632144928,B2-01,0,2
1371,54:F0:B1:BC:2E:90,eduroam,44,215.9298632144928,B2-01,0,2
1372,54:F0:B1:BC:2E:91,PoliSemFio,64,215.9298632144928,B2-01,0,2
1373,54:F0:B1:BC:2E:92,,45,215.9298632144928,B2-01,0,2
1374,54:F0:B1:BC:2E:B0,eduroam,27,215.9298632144928,B2-01,0,2
1375,54:F0:B1:BC:2E:B1,PoliSemFio,27,215.9298632144928,B2-01,0,2
1376,54:F0:B1:BC:3F:10,eduroam,45,215.9298632144928,B2-01,0,2
1377,54:F0:B1:BC:3F:11,PoliSemFio,35,215.9298632144928,B2-01,0,2
1378,54:F0:B1:BC:3F:12,,34,215.9298632144928,B2-01,0,2
1379,54:F0:B1:BC:70:00,eduroam,50,215.9298632144928,B2-01,0,2
1380,54:F0:B1:BC:70:01,PoliSemFio,42,215.9298632144928,B2-01,0,2
1381,54:F0:B1:BC:70:20,eduroam,27,215.9298632144928,B2-01,0,2
1382,54:F0:B1:BC:70:21,PoliSemFio,27,215.9298632144928,B2-01,0,2
1383,54:F0:B1:BC:77:80,eduroam,57,215.9298632144928,B2-01,0,2
1384,54:F0:B1:BC:77:81,PoliSemFio,52,215.9298632144928,B2-01,0,2
1385,54:F0:B1:BC:77:82,,52,215.9298632144928,B2-01,0,2
1386,54:F0:B1:BC:77:A0,eduroam,22,215.9298632144928,B2-01,0,2
1387,54:F0:B1:BC:77:A1,PoliSemFio,22,215.9298632144928,B2-01,0,2
1388,56:60:F9:A3:E7:3F,,29,215.9298632144928,B2-01,0,2
1389,68:FF:7B:47:78:BE,C1-22M,35,215.9298632144928,B2-01,0,2
1390,70:62:B8:6E:72:A0,PCS-wireless-C1-13,40,215.9298632144928,B2-01,0,2
1391,70:62:B8:6E:72:A1,PPGEE,42,215.9298632144928,B2-01,0,2
1392,84:D4:7E:06:4F:E0,eduroam,30,215.9298632144928,B2-01,0,2
1393,84:D4:7E:06:4F:E1,PoliSemFio,49,215.9298632144928,B2-01,0,2
1394,84:D4:7E:06:4F:E2,,47,215.9298632144928,B2-01,0,2
1395,84:D4:7E:06:4F:F0,eduroam,27,215.9298632144928,B2-01,0,2
1396,84:D4:7E:06:4F:F1,PoliSemFio,27,215.9298632144928,B2-01,0,2
1397,B0:4E:26:4B:84:C2,C2-01,20,215.9298632144928,B2-01,0,2
1398,B6:4E:26:4B:84:C2,C2-01-Guest,24,215.9298632144928,B2-01,0,2
1399,DC:9F:DB:1C:1F:D7,LWN-3,22,215.9298632144928,B2-01,0,2
1400,DC:9F:DB:1C:1F:E0,LWN-3,37,215.9298632144928,B2-01,0,2
1401,DE:9F:DB:1C:1F:D7,LARC Guest,29,215.9298632144928,B2-01,0,2
1402,DE:9F:DB:1C:1F:E0,LARC Guest,32,215.9298632144928,B2-01,0,2
1403,EE:9F:DB:1C:1F:E0,,37,215.9298632144928,B2-01,0,2
1404,FE:9F:DB:1C:1F:E0,,32,215.9298632144928,B2-01,0,2
1405,00:18:E7:FF:8C:98,dlink,24,218.54472756385803,B2-01,0,2
1406,00:21:91:70:9D:EC,LAB-DIDATICO,20,218.54472756385803,B2-01,0,2
1407,30:85:A9:69:F2:E4,PCS-Wireless-C2-22,29,218.54472756385803,B2-01,0,2
1408,34:60:F9:A3:D9:14,GASWIFI-2G_C2,25,218.54472756385803,B2-01,0,2
1409,34:60:F9:A3:E7:3F,GASWIFI_C4,29,218.54472756385803,B2-01,0,2
1410,34:CE:00:51:3E:6F,Lab,54,218.54472756385803,B2-01,0,2
1411,34:CE:00:51:3E:70,Lab_5G,9,218.54472756385803,B2-01,0,2
1412,48:00:20:34:D2:40,eduroam,25,218.54472756385803,B2-01,0,2
1413,54:B8:0A:AA:2C:8C,LAB_DIGITAL,29,218.54472756385803,B2-01,0,2
1414,54:B8:0A:AA:2C:8D,PCS-Wireless,27,218.54472756385803,B2-01,0,2
1415,54:F0:B1:A1:18:C0,eduroam,12,218.54472756385803,B2-01,0,2
1416,54:F0:B1:A1:18:C1,PoliSemFio,14,218.54472756385803,B2-01,0,2
1417,54:F0:B1:A1:18:C3,MEZANINO,10,218.54472756385803,B2-01,0,2
1418,54:F0:B1:A1:18:C4,GDLAB,12,218.54472756385803,B2-01,0,2
1419,54:F0:B1:A1:18:C5,LABPAD,12,218.54472756385803,B2-01,0,2
1420,54:F0:B1:A1:18:D0,eduroam,20,218.54472756385803,B2-01,0,2
1421,54:F0:B1:A1:18:D1,PoliSemFio,32,218.54472756385803,B2-01,0,2
1422,54:F0:B1:A1:18:D2,,30,218.54472756385803,B2-01,0,2
1423,54:F0:B1:A1:18:D3,MEZANINO,25,218.54472756385803,B2-01,0,2
1424,54:F0:B1:A1:18:D4,GDLAB,22,218.54472756385803,B2-01,0,2
1425,54:F0:B1:A1:18:D5,LABPAD,22,218.54472756385803,B2-01,0,2
1426,54:F0:B1:A1:57:F0,eduroam,17,218.54472756385803,B2-01,0,2
1427,54:F0:B1:A1:57:F1,PoliSemFio,19,218.54472756385803,B2-01,0,2
1428,54:F0:B1:A1:57:F2,,19,218.54472756385803,B2-01,0,2
1429,54:F0:B1:A1:58:00,eduroam,45,218.54472756385803,B2-01,0,2
1430,54:F0:B1:A1:58:01,PoliSemFio,49,218.54472756385803,B2-01,0,2
1431,54:F0:B1:A1:58:02,,49,218.54472756385803,B2-01,0,2
1432,54:F0:B1:A1:E4:F1,PoliSemFio,14,218.54472756385803,B2-01,0,2
1433,54:F0:B1:A1:E5:02,,39,218.54472756385803,B2-01,0,2
1434,54:F0:B1:A2:57:30,eduroam,22,218.54472756385803,B2-01,0,2
1435,54:F0:B1:A2:57:31,PoliSemFio,30,218.54472756385803,B2-01,0,2
1436,54:F0:B1:A2:57:32,,30,218.54472756385803,B2-01,0,2
1437,54:F0:B1:A2:57:33,LCA,29,218.54472756385803,B2-01,0,2
1438,54:F0:B1:BB:5A:80,eduroam,35,218.54472756385803,B2-01,0,2
1439,54:F0:B1:BB:5A:81,PoliSemFio,37,218.54472756385803,B2-01,0,2
1440,54:F0:B1:BB:5A:82,HACKER,35,218.54472756385803,B2-01,0,2
1441,54:F0:B1:BB:5A:83,LEP,32,218.54472756385803,B2-01,0,2
1442,54:F0:B1:BB:5A:84,,42,218.54472756385803,B2-01,0,2
1443,54:F0:B1:BB:80:C3,LABPROG,14,218.54472756385803,B2-01,0,2
1444,54:F0:B1:BB:92:C0,eduroam,25,218.54472756385803,B2-01,0,2
1445,54:F0:B1:BB:92:C1,PoliSemFio,35,218.54472756385803,B2-01,0,2
1446,54:F0:B1:BB:BE:12,,25,218.54472756385803,B2-01,0,2
1447,54:F0:B1:BB:BE:13,CAEEL,20,218.54472756385803,B2-01,0,2
1448,54:F0:B1:BB:C4:D0,eduroam,45,218.54472756385803,B2-01,0,2
1449,54:F0:B1:BB:C4:D1,PoliSemFio,50,218.54472756385803,B2-01,0,2
1450,54:F0:B1:BB:C4:D2,,50,218.54472756385803,B2-01,0,2
1451,54:F0:B1:BB:C4:F0,eduroam,45,218.54472756385803,B2-01,0,2
1452,54:F0:B1:BB:C4:F1,PoliSemFio,45,218.54472756385803,B2-01,0,2
1453,54:F0:B1:BB:C5:C4,GDLAB,15,218.54472756385803,B2-01,0,2
1454,54:F0:B1:BB:F3:20,eduroam,15,218.54472756385803,B2-01,0,2
1455,54:F0:B1:BB:F3:21,PoliSemFio,19,218.54472756385803,B2-01,0,2
1456,54:F0:B1:BC:09:40,eduroam,75,218.54472756385803,B2-01,0,2
1457,54:F0:B1:BC:09:41,PoliSemFio,82,218.54472756385803,B2-01,0,2
1458,54:F0:B1:BC:09:42,,82,218.54472756385803,B2-01,0,2
1459,54:F0:B1:BC:09:60,eduroam,67,218.54472756385803,B2-01,0,2
1460,54:F0:B1:BC:09:61,PoliSemFio,64,218.54472756385803,B2-01,0,2
1461,54:F0:B1:BC:1B:D0,eduroam,49,218.54472756385803,B2-01,0,2
1462,54:F0:B1:BC:1B:D1,PoliSemFio,55,218.54472756385803,B2-01,0,2
1463,54:F0:B1:BC:1B:D2,,55,218.54472756385803,B2-01,0,2
1464,54:F0:B1:BC:1B:F0,eduroam,15,218.54472756385803,B2-01,0,2
1465,54:F0:B1:BC:1B:F1,PoliSemFio,17,218.54472756385803,B2-01,0,2
1466,54:F0:B1:BC:2E:90,eduroam,19,218.54472756385803,B2-01,0,2
1467,54:F0:B1:BC:2E:91,PoliSemFio,55,218.54472756385803,B2-01,0,2
1468,54:F0:B1:BC:2E:92,,55,218.54472756385803,B2-01,0,2
1469,54:F0:B1:BC:2E:B0,eduroam,27,218.54472756385803,B2-01,0,2
1470,54:F0:B1:BC:2E:B1,PoliSemFio,25,218.54472756385803,B2-01,0,2
1471,54:F0:B1:BC:70:00,eduroam,50,218.54472756385803,B2-01,0,2
1472,54:F0:B1:BC:70:01,PoliSemFio,42,218.54472756385803,B2-01,0,2
1473,54:F0:B1:BC:70:20,eduroam,15,218.54472756385803,B2-01,0,2
1474,54:F0:B1:BC:70:21,PoliSemFio,17,218.54472756385803,B2-01,0,2
1475,54:F0:B1:BC:77:80,eduroam,49,218.54472756385803,B2-01,0,2
1476,54:F0:B1:BC:77:81,PoliSemFio,40,218.54472756385803,B2-01,0,2
1477,54:F0:B1:BC:77:82,,40,218.54472756385803,B2-01,0,2
1478,54:F0:B1:BC:77:A0,eduroam,22,218.54472756385803,B2-01,0,2
1479,54:F0:B1:BC:77:A1,PoliSemFio,22,218.54472756385803,B2-01,0,2
1480,56:60:F9:A3:E7:3F,,29,218.54472756385803,B2-01,0,2
1481,68:FF:7B:47:78:BD,C1-22M-5G,15,218.54472756385803,B2-01,0,2
1482,68:FF:7B:47:78:BE,C1-22M,42,218.54472756385803,B2-01,0,2
1483,70:62:B8:6E:72:A0,PCS-wireless-C1-13,34,218.54472756385803,B2-01,0,2
1484,70:62:B8:6E:72:A1,PPGEE,42,218.54472756385803,B2-01,0,2
1485,84:D4:7E:06:4F:E0,eduroam,49,218.54472756385803,B2-01,0,2
1486,84:D4:7E:06:4F:E1,PoliSemFio,44,218.54472756385803,B2-01,0,2
1487,84:D4:7E:06:4F:E2,,42,218.54472756385803,B2-01,0,2
1488,84:D4:7E:06:4F:F0,eduroam,20,218.54472756385803,B2-01,0,2
1489,84:D4:7E:06:4F:F1,PoliSemFio,22,218.54472756385803,B2-01,0,2
1490,B0:4E:26:4B:84:C2,C2-01,20,218.54472756385803,B2-01,0,2
1491,B6:4E:26:4B:84:C2,C2-01-Guest,24,218.54472756385803,B2-01,0,2
1492,DC:9F:DB:1C:1F:D7,LWN-3,27,218.54472756385803,B2-01,0,2
1493,DC:9F:DB:1C:1F:E0,LWN-3,30,218.54472756385803,B2-01,0,2
1494,DE:9F:DB:1C:1F:E0,LARC Guest,34,218.54472756385803,B2-01,0,2
1495,EE:9F:DB:1C:1F:D7,,29,218.54472756385803,B2-01,0,2
1496,EE:9F:DB:1C:1F:E0,,37,218.54472756385803,B2-01,0,2
1497,FE:9F:DB:1C:1F:D7,,29,218.54472756385803,B2-01,0,2
1498,FE:9F:DB:1C:1F:E0,,32,218.54472756385803,B2-01,0,2
1499,00:18:E7:FF:8C:98,dlink,29,224.8676085472107,B2-01,0,2
1500,00:21:91:70:9D:EC,LAB-DIDATICO,37,224.8676085472107,B2-01,0,2
1501,30:85:A9:69:F2:E4,PCS-Wireless-C2-22,29,224.8676085472107,B2-01,0,2
1502,34:60:F9:A3:D9:14,GASWIFI-2G_C2,25,224.8676085472107,B2-01,0,2
1503,34:60:F9:A3:E7:3F,GASWIFI_C4,29,224.8676085472107,B2-01,0,2
1504,34:CE:00:51:3E:6F,Lab,55,224.8676085472107,B2-01,0,2
1505,34:CE:00:51:3E:70,Lab_5G,9,224.8676085472107,B2-01,0,2
1506,48:00:20:34:D2:40,eduroam,25,224.8676085472107,B2-01,0,2
1507,54:B8:0A:AA:2C:8C,LAB_DIGITAL,32,224.8676085472107,B2-01,0,2
1508,54:B8:0A:AA:2C:8D,PCS-Wireless,45,224.8676085472107,B2-01,0,2
1509,54:B8:0A:AA:2C:8E,LAB_DIGITAL-5GHz,14,224.8676085472107,B2-01,0,2
1510,54:B8:0A:AA:2C:8F,PCS-Wireless-5GHz,12,224.8676085472107,B2-01,0,2
1511,54:F0:B1:A1:18:C0,eduroam,15,224.8676085472107,B2-01,0,2
1512,54:F0:B1:A1:18:C1,PoliSemFio,15,224.8676085472107,B2-01,0,2
1513,54:F0:B1:A1:18:C3,MEZANINO,15,224.8676085472107,B2-01,0,2
1514,54:F0:B1:A1:18:C4,GDLAB,15,224.8676085472107,B2-01,0,2
1515,54:F0:B1:A1:18:C5,LABPAD,19,224.8676085472107,B2-01,0,2
1516,54:F0:B1:A1:18:D0,eduroam,20,224.8676085472107,B2-01,0,2
1517,54:F0:B1:A1:18:D1,PoliSemFio,32,224.8676085472107,B2-01,0,2
1518,54:F0:B1:A1:18:D2,,30,224.8676085472107,B2-01,0,2
1519,54:F0:B1:A1:18:D3,MEZANINO,25,224.8676085472107,B2-01,0,2
1520,54:F0:B1:A1:18:D4,GDLAB,29,224.8676085472107,B2-01,0,2
1521,54:F0:B1:A1:18:D5,LABPAD,22,224.8676085472107,B2-01,0,2
1522,54:F0:B1:A1:57:F0,eduroam,17,224.8676085472107,B2-01,0,2
1523,54:F0:B1:A1:57:F1,PoliSemFio,19,224.8676085472107,B2-01,0,2
1524,54:F0:B1:A1:57:F2,,19,224.8676085472107,B2-01,0,2
1525,54:F0:B1:A1:58:00,eduroam,35,224.8676085472107,B2-01,0,2
1526,54:F0:B1:A1:58:01,PoliSemFio,49,224.8676085472107,B2-01,0,2
1527,54:F0:B1:A1:58:02,,49,224.8676085472107,B2-01,0,2
1528,54:F0:B1:A1:E4:F1,PoliSemFio,14,224.8676085472107,B2-01,0,2
1529,54:F0:B1:A1:E5:02,,39,224.8676085472107,B2-01,0,2
1530,54:F0:B1:A2:37:E0,eduroam,12,224.8676085472107,B2-01,0,2
1531,54:F0:B1:A2:57:30,eduroam,22,224.8676085472107,B2-01,0,2
1532,54:F0:B1:A2:57:31,PoliSemFio,30,224.8676085472107,B2-01,0,2
1533,54:F0:B1:A2:57:32,,30,224.8676085472107,B2-01,0,2
1534,54:F0:B1:A2:57:33,LCA,29,224.8676085472107,B2-01,0,2
1535,54:F0:B1:BB:5A:80,eduroam,25,224.8676085472107,B2-01,0,2
1536,54:F0:B1:BB:5A:81,PoliSemFio,27,224.8676085472107,B2-01,0,2
1537,54:F0:B1:BB:5A:82,HACKER,35,224.8676085472107,B2-01,0,2
1538,54:F0:B1:BB:5A:83,LEP,25,224.8676085472107,B2-01,0,2
1539,54:F0:B1:BB:5A:84,,42,224.8676085472107,B2-01,0,2
1540,54:F0:B1:BB:80:C3,LABPROG,14,224.8676085472107,B2-01,0,2
1541,54:F0:B1:BB:92:C0,eduroam,25,224.8676085472107,B2-01,0,2
1542,54:F0:B1:BB:92:C1,PoliSemFio,35,224.8676085472107,B2-01,0,2
1543,54:F0:B1:BB:BE:12,,29,224.8676085472107,B2-01,0,2
1544,54:F0:B1:BB:BE:13,CAEEL,20,224.8676085472107,B2-01,0,2
1545,54:F0:B1:BB:C4:D0,eduroam,77,224.8676085472107,B2-01,0,2
1546,54:F0:B1:BB:C4:D1,PoliSemFio,79,224.8676085472107,B2-01,0,2
1547,54:F0:B1:BB:C4:D2,,50,224.8676085472107,B2-01,0,2
1548,54:F0:B1:BB:C4:F0,eduroam,39,224.8676085472107,B2-01,0,2
1549,54:F0:B1:BB:C4:F1,PoliSemFio,39,224.8676085472107,B2-01,0,2
1550,54:F0:B1:BB:C5:C4,GDLAB,10,224.8676085472107,B2-01,0,2
1551,54:F0:B1:BB:D1:90,eduroam,22,224.8676085472107,B2-01,0,2
1552,54:F0:B1:BB:F3:20,eduroam,15,224.8676085472107,B2-01,0,2
1553,54:F0:B1:BB:F3:21,PoliSemFio,19,224.8676085472107,B2-01,0,2
1554,54:F0:B1:BC:09:40,eduroam,75,224.8676085472107,B2-01,0,2
1555,54:F0:B1:BC:09:41,PoliSemFio,82,224.8676085472107,B2-01,0,2
1556,54:F0:B1:BC:09:42,,82,224.8676085472107,B2-01,0,2
1557,54:F0:B1:BC:09:60,eduroam,63,224.8676085472107,B2-01,0,2
1558,54:F0:B1:BC:09:61,PoliSemFio,74,224.8676085472107,B2-01,0,2
1559,54:F0:B1:BC:1B:D0,eduroam,49,224.8676085472107,B2-01,0,2
1560,54:F0:B1:BC:1B:D1,PoliSemFio,55,224.8676085472107,B2-01,0,2
1561,54:F0:B1:BC:1B:D2,,55,224.8676085472107,B2-01,0,2
1562,54:F0:B1:BC:1B:F0,eduroam,15,224.8676085472107,B2-01,0,2
1563,54:F0:B1:BC:1B:F1,PoliSemFio,17,224.8676085472107,B2-01,0,2
1564,54:F0:B1:BC:2E:90,eduroam,59,224.8676085472107,B2-01,0,2
1565,54:F0:B1:BC:2E:91,PoliSemFio,55,224.8676085472107,B2-01,0,2
1566,54:F0:B1:BC:2E:92,,55,224.8676085472107,B2-01,0,2
1567,54:F0:B1:BC:2E:B0,eduroam,25,224.8676085472107,B2-01,0,2
1568,54:F0:B1:BC:2E:B1,PoliSemFio,24,224.8676085472107,B2-01,0,2
1569,54:F0:B1:BC:3F:10,eduroam,35,224.8676085472107,B2-01,0,2
1570,54:F0:B1:BC:3F:11,PoliSemFio,30,224.8676085472107,B2-01,0,2
1571,54:F0:B1:BC:3F:12,,29,224.8676085472107,B2-01,0,2
1572,54:F0:B1:BC:70:00,eduroam,55,224.8676085472107,B2-01,0,2
1573,54:F0:B1:BC:70:01,PoliSemFio,50,224.8676085472107,B2-01,0,2
1574,54:F0:B1:BC:70:20,eduroam,29,224.8676085472107,B2-01,0,2
1575,54:F0:B1:BC:70:21,PoliSemFio,29,224.8676085472107,B2-01,0,2
1576,54:F0:B1:BC:77:80,eduroam,57,224.8676085472107,B2-01,0,2
1577,54:F0:B1:BC:77:81,PoliSemFio,54,224.8676085472107,B2-01,0,2
1578,54:F0:B1:BC:77:82,,54,224.8676085472107,B2-01,0,2
1579,54:F0:B1:BC:77:A0,eduroam,37,224.8676085472107,B2-01,0,2
1580,54:F0:B1:BC:77:A1,PoliSemFio,37,224.8676085472107,B2-01,0,2
1581,68:FF:7B:47:78:BD,C1-22M-5G,15,224.8676085472107,B2-01,0,2
1582,68:FF:7B:47:78:BE,C1-22M,42,224.8676085472107,B2-01,0,2
1583,70:62:B8:6E:72:A0,PCS-wireless-C1-13,54,224.8676085472107,B2-01,0,2
1584,70:62:B8:6E:72:A1,PPGEE,54,224.8676085472107,B2-01,0,2
1585,84:D4:7E:06:4F:E0,eduroam,49,224.8676085472107,B2-01,0,2
1586,84:D4:7E:06:4F:E1,PoliSemFio,44,224.8676085472107,B2-01,0,2
1587,84:D4:7E:06:4F:E2,,42,224.8676085472107,B2-01,0,2
1588,84:D4:7E:06:4F:F0,eduroam,30,224.8676085472107,B2-01,0,2
1589,84:D4:7E:06:4F:F1,PoliSemFio,32,224.8676085472107,B2-01,0,2
1590,B0:4E:26:4B:84:C2,C2-01,20,224.8676085472107,B2-01,0,2
1591,B6:4E:26:4B:84:C2,C2-01-Guest,24,224.8676085472107,B2-01,0,2
1592,DC:9F:DB:1C:1F:D7,LWN-3,34,224.8676085472107,B2-01,0,2
1593,DC:9F:DB:1C:1F:E0,LWN-3,30,224.8676085472107,B2-01,0,2
1594,DE:9F:DB:1C:1F:D7,LARC Guest,34,224.8676085472107,B2-01,0,2
1595,DE:9F:DB:1C:1F:E0,LARC Guest,24,224.8676085472107,B2-01,0,2
1596,EE:9F:DB:1C:1F:D7,,29,224.8676085472107,B2-01,0,2
1597,EE:9F:DB:1C:1F:E0,,37,224.8676085472107,B2-01,0,2
1598,FE:9F:DB:1C:1F:D7,,34,224.8676085472107,B2-01,0,2
1599,FE:9F:DB:1C:1F:E0,,32,224.8676085472107,B2-01,0,2
1600,00:18:E7:FF:8C:98,dlink,29,234.83927750587463,B2-01,0,2
1601,00:21:91:70:9D:EC,LAB-DIDATICO,37,234.83927750587463,B2-01,0,2
1602,30:85:A9:69:F2:E4,PCS-Wireless-C2-22,25,234.83927750587463,B2-01,0,2
1603,34:60:F9:A3:D9:14,GASWIFI-2G_C2,25,234.83927750587463,B2-01,0,2
1604,34:60:F9:A3:E7:3F,GASWIFI_C4,27,234.83927750587463,B2-01,0,2
1605,34:60:F9:A3:E8:73,GASWIFI_C3,22,234.83927750587463,B2-01,0,2
1606,34:CE:00:51:3E:6F,Lab,57,234.83927750587463,B2-01,0,2
1607,34:CE:00:51:3E:70,Lab_5G,19,234.83927750587463,B2-01,0,2
1608,48:00:20:34:D2:40,eduroam,25,234.83927750587463,B2-01,0,2
1609,54:B8:0A:AA:2C:8C,LAB_DIGITAL,32,234.83927750587463,B2-01,0,2
1610,54:B8:0A:AA:2C:8D,PCS-Wireless,37,234.83927750587463,B2-01,0,2
1611,54:B8:0A:AA:2C:8E,LAB_DIGITAL-5GHz,14,234.83927750587463,B2-01,0,2
1612,54:B8:0A:AA:2C:8F,PCS-Wireless-5GHz,12,234.83927750587463,B2-01,0,2
1613,54:F0:B1:A1:18:C0,eduroam,15,234.83927750587463,B2-01,0,2
1614,54:F0:B1:A1:18:C1,PoliSemFio,15,234.83927750587463,B2-01,0,2
1615,54:F0:B1:A1:18:C3,MEZANINO,15,234.83927750587463,B2-01,0,2
1616,54:F0:B1:A1:18:C4,GDLAB,15,234.83927750587463,B2-01,0,2
1617,54:F0:B1:A1:18:C5,LABPAD,19,234.83927750587463,B2-01,0,2
1618,54:F0:B1:A1:18:D0,eduroam,20,234.83927750587463,B2-01,0,2
1619,54:F0:B1:A1:18:D1,PoliSemFio,32,234.83927750587463,B2-01,0,2
1620,54:F0:B1:A1:18:D2,,30,234.83927750587463,B2-01,0,2
1621,54:F0:B1:A1:18:D3,MEZANINO,25,234.83927750587463,B2-01,0,2
1622,54:F0:B1:A1:18:D4,GDLAB,24,234.83927750587463,B2-01,0,2
1623,54:F0:B1:A1:18:D5,LABPAD,22,234.83927750587463,B2-01,0,2
1624,54:F0:B1:A1:57:F0,eduroam,17,234.83927750587463,B2-01,0,2
1625,54:F0:B1:A1:57:F1,PoliSemFio,19,234.83927750587463,B2-01,0,2
1626,54:F0:B1:A1:57:F2,,19,234.83927750587463,B2-01,0,2
1627,54:F0:B1:A1:58:00,eduroam,40,234.83927750587463,B2-01,0,2
1628,54:F0:B1:A1:58:01,PoliSemFio,40,234.83927750587463,B2-01,0,2
1629,54:F0:B1:A1:58:02,,40,234.83927750587463,B2-01,0,2
1630,54:F0:B1:A1:E4:F1,PoliSemFio,14,234.83927750587463,B2-01,0,2
1631,54:F0:B1:A2:37:E0,eduroam,12,234.83927750587463,B2-01,0,2
1632,54:F0:B1:A2:57:30,eduroam,22,234.83927750587463,B2-01,0,2
1633,54:F0:B1:A2:57:31,PoliSemFio,30,234.83927750587463,B2-01,0,2
1634,54:F0:B1:A2:57:32,,30,234.83927750587463,B2-01,0,2
1635,54:F0:B1:A2:57:33,LCA,29,234.83927750587463,B2-01,0,2
1636,54:F0:B1:BB:5A:80,eduroam,25,234.83927750587463,B2-01,0,2
1637,54:F0:B1:BB:5A:81,PoliSemFio,27,234.83927750587463,B2-01,0,2
1638,54:F0:B1:BB:5A:82,HACKER,22,234.83927750587463,B2-01,0,2
1639,54:F0:B1:BB:5A:83,LEP,25,234.83927750587463,B2-01,0,2
1640,54:F0:B1:BB:92:C0,eduroam,25,234.83927750587463,B2-01,0,2
1641,54:F0:B1:BB:92:C1,PoliSemFio,35,234.83927750587463,B2-01,0,2
1642,54:F0:B1:BB:BE:12,,29,234.83927750587463,B2-01,0,2
1643,54:F0:B1:BB:BE:13,CAEEL,17,234.83927750587463,B2-01,0,2
1644,54:F0:B1:BB:C4:D0,eduroam,67,234.83927750587463,B2-01,0,2
1645,54:F0:B1:BB:C4:D1,PoliSemFio,62,234.83927750587463,B2-01,0,2
1646,54:F0:B1:BB:C4:D2,,62,234.83927750587463,B2-01,0,2
1647,54:F0:B1:BB:C4:F0,eduroam,57,234.83927750587463,B2-01,0,2
1648,54:F0:B1:BB:C4:F1,PoliSemFio,57,234.83927750587463,B2-01,0,2
1649,54:F0:B1:BB:C5:C4,GDLAB,10,234.83927750587463,B2-01,0,2
1650,54:F0:B1:BB:D1:90,eduroam,22,234.83927750587463,B2-01,0,2
1651,54:F0:B1:BB:F3:20,eduroam,15,234.83927750587463,B2-01,0,2
1652,54:F0:B1:BB:F3:21,PoliSemFio,19,234.83927750587463,B2-01,0,2
1653,54:F0:B1:BC:09:40,eduroam,77,234.83927750587463,B2-01,0,2
1654,54:F0:B1:BC:09:41,PoliSemFio,80,234.83927750587463,B2-01,0,2
1655,54:F0:B1:BC:09:42,,80,234.83927750587463,B2-01,0,2
1656,54:F0:B1:BC:09:60,eduroam,80,234.83927750587463,B2-01,0,2
1657,54:F0:B1:BC:09:61,PoliSemFio,80,234.83927750587463,B2-01,0,2
1658,54:F0:B1:BC:1B:D0,eduroam,49,234.83927750587463,B2-01,0,2
1659,54:F0:B1:BC:1B:D1,PoliSemFio,55,234.83927750587463,B2-01,0,2
1660,54:F0:B1:BC:1B:D2,,55,234.83927750587463,B2-01,0,2
1661,54:F0:B1:BC:1B:F0,eduroam,15,234.83927750587463,B2-01,0,2
1662,54:F0:B1:BC:1B:F1,PoliSemFio,17,234.83927750587463,B2-01,0,2
1663,54:F0:B1:BC:2E:90,eduroam,52,234.83927750587463,B2-01,0,2
1664,54:F0:B1:BC:2E:91,PoliSemFio,55,234.83927750587463,B2-01,0,2
1665,54:F0:B1:BC:2E:92,,55,234.83927750587463,B2-01,0,2
1666,54:F0:B1:BC:2E:B0,eduroam,24,234.83927750587463,B2-01,0,2
1667,54:F0:B1:BC:2E:B1,PoliSemFio,22,234.83927750587463,B2-01,0,2
1668,54:F0:B1:BC:36:11,eduroam,22,234.83927750587463,B2-01,0,2
1669,54:F0:B1:BC:3F:10,eduroam,35,234.83927750587463,B2-01,0,2
1670,54:F0:B1:BC:3F:11,PoliSemFio,30,234.83927750587463,B2-01,0,2
1671,54:F0:B1:BC:3F:12,,29,234.83927750587463,B2-01,0,2
1672,54:F0:B1:BC:70:00,eduroam,44,234.83927750587463,B2-01,0,2
1673,54:F0:B1:BC:70:01,PoliSemFio,50,234.83927750587463,B2-01,0,2
1674,54:F0:B1:BC:70:20,eduroam,29,234.83927750587463,B2-01,0,2
1675,54:F0:B1:BC:70:21,PoliSemFio,29,234.83927750587463,B2-01,0,2
1676,54:F0:B1:BC:77:80,eduroam,29,234.83927750587463,B2-01,0,2
1677,54:F0:B1:BC:77:81,PoliSemFio,35,234.83927750587463,B2-01,0,2
1678,54:F0:B1:BC:77:82,,35,234.83927750587463,B2-01,0,2
1679,54:F0:B1:BC:77:A0,eduroam,24,234.83927750587463,B2-01,0,2
1680,54:F0:B1:BC:77:A1,PoliSemFio,27,234.83927750587463,B2-01,0,2
1681,68:FF:7B:47:78:BD,C1-22M-5G,15,234.83927750587463,B2-01,0,2
1682,68:FF:7B:47:78:BE,C1-22M,35,234.83927750587463,B2-01,0,2
1683,70:62:B8:6E:72:A0,PCS-wireless-C1-13,35,234.83927750587463,B2-01,0,2
1684,70:62:B8:6E:72:A1,PPGEE,39,234.83927750587463,B2-01,0,2
1685,84:D4:7E:06:4F:E0,eduroam,44,234.83927750587463,B2-01,0,2
1686,84:D4:7E:06:4F:E1,PoliSemFio,42,234.83927750587463,B2-01,0,2
1687,84:D4:7E:06:4F:E2,,42,234.83927750587463,B2-01,0,2
1688,84:D4:7E:06:4F:F0,eduroam,22,234.83927750587463,B2-01,0,2
1689,84:D4:7E:06:4F:F1,PoliSemFio,32,234.83927750587463,B2-01,0,2
1690,B0:4E:26:4B:84:C2,C2-01,20,234.83927750587463,B2-01,0,2
1691,DC:9F:DB:1C:1F:D7,LWN-3,34,234.83927750587463,B2-01,0,2
1692,DC:9F:DB:1C:1F:E0,LWN-3,30,234.83927750587463,B2-01,0,2
1693,DE:9F:DB:1C:1F:D7,LARC Guest,34,234.83927750587463,B2-01,0,2
1694,DE:9F:DB:1C:1F:E0,LARC Guest,29,234.83927750587463,B2-01,0,2
1695,EE:9F:DB:1C:1F:D7,,29,234.83927750587463,B2-01,0,2
1696,EE:9F:DB:1C:1F:E0,,37,234.83927750587463,B2-01,0,2
1697,FE:9F:DB:1C:1F:D7,,25,234.83927750587463,B2-01,0,2
1698,FE:9F:DB:1C:1F:E0,,27,234.83927750587463,B2-01,0,2
1699,00:18:E7:FF:8C:98,dlink,29,237.4701931476593,B2-01,0,2
1700,00:21:91:70:9D:EC,LAB-DIDATICO,37,237.4701931476593,B2-01,0,2
1701,30:85:A9:69:F2:E4,PCS-Wireless-C2-22,25,237.4701931476593,B2-01,0,2
1702,34:60:F9:A3:D9:14,GASWIFI-2G_C2,25,237.4701931476593,B2-01,0,2
1703,34:60:F9:A3:E7:3F,GASWIFI_C4,27,237.4701931476593,B2-01,0,2
1704,34:60:F9:A3:E8:73,GASWIFI_C3,22,237.4701931476593,B2-01,0,2
1705,34:CE:00:51:3E:6F,Lab,57,237.4701931476593,B2-01,0,2
1706,34:CE:00:51:3E:70,Lab_5G,19,237.4701931476593,B2-01,0,2
1707,48:00:20:34:D2:40,eduroam,25,237.4701931476593,B2-01,0,2
1708,54:B8:0A:AA:2C:8C,LAB_DIGITAL,32,237.4701931476593,B2-01,0,2
1709,54:B8:0A:AA:2C:8D,PCS-Wireless,37,237.4701931476593,B2-01,0,2
1710,54:B8:0A:AA:2C:8E,LAB_DIGITAL-5GHz,14,237.4701931476593,B2-01,0,2
1711,54:B8:0A:AA:2C:8F,PCS-Wireless-5GHz,12,237.4701931476593,B2-01,0,2
1712,54:F0:B1:A1:18:C0,eduroam,15,237.4701931476593,B2-01,0,2
1713,54:F0:B1:A1:18:C1,PoliSemFio,15,237.4701931476593,B2-01,0,2
1714,54:F0:B1:A1:18:C3,MEZANINO,15,237.4701931476593,B2-01,0,2
1715,54:F0:B1:A1:18:C4,GDLAB,15,237.4701931476593,B2-01,0,2
1716,54:F0:B1:A1:18:C5,LABPAD,19,237.4701931476593,B2-01,0,2
1717,54:F0:B1:A1:18:D0,eduroam,20,237.4701931476593,B2-01,0,2
1718,54:F0:B1:A1:18:D1,PoliSemFio,32,237.4701931476593,B2-01,0,2
1719,54:F0:B1:A1:18:D2,,30,237.4701931476593,B2-01,0,2
1720,54:F0:B1:A1:18:D3,MEZANINO,25,237.4701931476593,B2-01,0,2
1721,54:F0:B1:A1:18:D4,GDLAB,24,237.4701931476593,B2-01,0,2
1722,54:F0:B1:A1:18:D5,LABPAD,22,237.4701931476593,B2-01,0,2
1723,54:F0:B1:A1:57:F0,eduroam,17,237.4701931476593,B2-01,0,2
1724,54:F0:B1:A1:57:F1,PoliSemFio,19,237.4701931476593,B2-01,0,2
1725,54:F0:B1:A1:57:F2,,19,237.4701931476593,B2-01,0,2
1726,54:F0:B1:A1:58:00,eduroam,40,237.4701931476593,B2-01,0,2
1727,54:F0:B1:A1:58:01,PoliSemFio,40,237.4701931476593,B2-01,0,2
1728,54:F0:B1:A1:58:02,,40,237.4701931476593,B2-01,0,2
1729,54:F0:B1:A1:E4:F1,PoliSemFio,14,237.4701931476593,B2-01,0,2
1730,54:F0:B1:A2:37:E0,eduroam,12,237.4701931476593,B2-01,0,2
1731,54:F0:B1:A2:57:30,eduroam,22,237.4701931476593,B2-01,0,2
1732,54:F0:B1:A2:57:31,PoliSemFio,30,237.4701931476593,B2-01,0,2
1733,54:F0:B1:A2:57:32,,30,237.4701931476593,B2-01,0,2
1734,54:F0:B1:A2:57:33,LCA,29,237.4701931476593,B2-01,0,2
1735,54:F0:B1:BB:5A:80,eduroam,25,237.4701931476593,B2-01,0,2
1736,54:F0:B1:BB:5A:81,PoliSemFio,27,237.4701931476593,B2-01,0,2
1737,54:F0:B1:BB:5A:82,HACKER,22,237.4701931476593,B2-01,0,2
1738,54:F0:B1:BB:5A:83,LEP,25,237.4701931476593,B2-01,0,2
1739,54:F0:B1:BB:92:C0,eduroam,25,237.4701931476593,B2-01,0,2
1740,54:F0:B1:BB:92:C1,PoliSemFio,35,237.4701931476593,B2-01,0,2
1741,54:F0:B1:BB:BE:12,,29,237.4701931476593,B2-01,0,2
1742,54:F0:B1:BB:BE:13,CAEEL,17,237.4701931476593,B2-01,0,2
1743,54:F0:B1:BB:C4:D0,eduroam,67,237.4701931476593,B2-01,0,2
1744,54:F0:B1:BB:C4:D1,PoliSemFio,62,237.4701931476593,B2-01,0,2
1745,54:F0:B1:BB:C4:D2,,62,237.4701931476593,B2-01,0,2
1746,54:F0:B1:BB:C4:F0,eduroam,57,237.4701931476593,B2-01,0,2
1747,54:F0:B1:BB:C4:F1,PoliSemFio,57,237.4701931476593,B2-01,0,2
1748,54:F0:B1:BB:C5:C4,GDLAB,10,237.4701931476593,B2-01,0,2
1749,54:F0:B1:BB:D1:90,eduroam,22,237.4701931476593,B2-01,0,2
1750,54:F0:B1:BB:F3:20,eduroam,15,237.4701931476593,B2-01,0,2
1751,54:F0:B1:BB:F3:21,PoliSemFio,19,237.4701931476593,B2-01,0,2
1752,54:F0:B1:BC:09:40,eduroam,77,237.4701931476593,B2-01,0,2
1753,54:F0:B1:BC:09:41,PoliSemFio,80,237.4701931476593,B2-01,0,2
1754,54:F0:B1:BC:09:42,,80,237.4701931476593,B2-01,0,2
1755,54:F0:B1:BC:09:60,eduroam,68,237.4701931476593,B2-01,0,2
1756,54:F0:B1:BC:09:61,PoliSemFio,80,237.4701931476593,B2-01,0,2
1757,54:F0:B1:BC:1B:D0,eduroam,49,237.4701931476593,B2-01,0,2
1758,54:F0:B1:BC:1B:D1,PoliSemFio,55,237.4701931476593,B2-01,0,2
1759,54:F0:B1:BC:1B:D2,,55,237.4701931476593,B2-01,0,2
1760,54:F0:B1:BC:1B:F0,eduroam,15,237.4701931476593,B2-01,0,2
1761,54:F0:B1:BC:1B:F1,PoliSemFio,17,237.4701931476593,B2-01,0,2
1762,54:F0:B1:BC:2E:90,eduroam,52,237.4701931476593,B2-01,0,2
1763,54:F0:B1:BC:2E:91,PoliSemFio,55,237.4701931476593,B2-01,0,2
1764,54:F0:B1:BC:2E:92,,55,237.4701931476593,B2-01,0,2
1765,54:F0:B1:BC:2E:B0,eduroam,24,237.4701931476593,B2-01,0,2
1766,54:F0:B1:BC:2E:B1,PoliSemFio,22,237.4701931476593,B2-01,0,2
1767,54:F0:B1:BC:36:11,eduroam,22,237.4701931476593,B2-01,0,2
1768,54:F0:B1:BC:3F:10,eduroam,35,237.4701931476593,B2-01,0,2
1769,54:F0:B1:BC:3F:11,PoliSemFio,30,237.4701931476593,B2-01,0,2
1770,54:F0:B1:BC:3F:12,,29,237.4701931476593,B2-01,0,2
1771,54:F0:B1:BC:70:00,eduroam,44,237.4701931476593,B2-01,0,2
1772,54:F0:B1:BC:70:01,PoliSemFio,50,237.4701931476593,B2-01,0,2
1773,54:F0:B1:BC:70:20,eduroam,29,237.4701931476593,B2-01,0,2
1774,54:F0:B1:BC:70:21,PoliSemFio,29,237.4701931476593,B2-01,0,2
1775,54:F0:B1:BC:77:80,eduroam,29,237.4701931476593,B2-01,0,2
1776,54:F0:B1:BC:77:81,PoliSemFio,35,237.4701931476593,B2-01,0,2
1777,54:F0:B1:BC:77:82,,35,237.4701931476593,B2-01,0,2
1778,54:F0:B1:BC:77:A0,eduroam,24,237.4701931476593,B2-01,0,2
1779,54:F0:B1:BC:77:A1,PoliSemFio,27,237.4701931476593,B2-01,0,2
1780,68:FF:7B:47:78:BD,C1-22M-5G,15,237.4701931476593,B2-01,0,2
1781,68:FF:7B:47:78:BE,C1-22M,35,237.4701931476593,B2-01,0,2
1782,70:62:B8:6E:72:A0,PCS-wireless-C1-13,35,237.4701931476593,B2-01,0,2
1783,70:62:B8:6E:72:A1,PPGEE,39,237.4701931476593,B2-01,0,2
1784,84:D4:7E:06:4F:E0,eduroam,44,237.4701931476593,B2-01,0,2
1785,84:D4:7E:06:4F:E1,PoliSemFio,42,237.4701931476593,B2-01,0,2
1786,84:D4:7E:06:4F:E2,,42,237.4701931476593,B2-01,0,2
1787,84:D4:7E:06:4F:F0,eduroam,22,237.4701931476593,B2-01,0,2
1788,84:D4:7E:06:4F:F1,PoliSemFio,32,237.4701931476593,B2-01,0,2
1789,B0:4E:26:4B:84:C2,C2-01,20,237.4701931476593,B2-01,0,2
1790,DC:9F:DB:1C:1F:D7,LWN-3,34,237.4701931476593,B2-01,0,2
1791,DC:9F:DB:1C:1F:E0,LWN-3,30,237.4701931476593,B2-01,0,2
1792,DE:9F:DB:1C:1F:D7,LARC Guest,34,237.4701931476593,B2-01,0,2
1793,DE:9F:DB:1C:1F:E0,LARC Guest,29,237.4701931476593,B2-01,0,2
1794,EE:9F:DB:1C:1F:D7,,29,237.4701931476593,B2-01,0,2
1795,EE:9F:DB:1C:1F:E0,,37,237.4701931476593,B2-01,0,2
1796,FE:9F:DB:1C:1F:D7,,25,237.4701931476593,B2-01,0,2
1797,FE:9F:DB:1C:1F:E0,,27,237.4701931476593,B2-01,0,2
