,ap_mac,ap_name,rssi,timestamp,room,door_status,room_part
0,00:21:91:70:9D:EC,LAB-DIDATICO,27,3.533376932144165,B2-01,0,1
1,30:85:A9:69:F2:E4,PCS-Wireless-C2-22,25,3.533376932144165,B2-01,0,1
2,34:60:F9:A3:D9:14,GASWIFI-2G_C2,30,3.533376932144165,B2-01,0,1
3,34:60:F9:A3:E7:3F,GASWIFI_C4,32,3.533376932144165,B2-01,0,1
4,34:CE:00:51:3E:6F,Lab,50,3.533376932144165,B2-01,0,1
5,34:CE:00:51:3E:70,Lab_5G,20,3.533376932144165,B2-01,0,1
6,48:00:20:34:D2:40,eduroam,22,3.533376932144165,B2-01,0,1
7,54:B8:0A:AA:2C:8C,LAB_DIGITAL,32,3.533376932144165,B2-01,0,1
8,54:B8:0A:AA:2C:8D,PCS-Wireless,29,3.533376932144165,B2-01,0,1
9,54:F0:B1:A1:18:C0,eduroam,24,3.533376932144165,B2-01,0,1
10,54:F0:B1:A1:18:C1,PoliSemFio,24,3.533376932144165,B2-01,0,1
11,54:F0:B1:A1:18:C3,MEZANINO,24,3.533376932144165,B2-01,0,1
12,54:F0:B1:A1:18:C4,GDLAB,25,3.533376932144165,B2-01,0,1
13,54:F0:B1:A1:18:C5,LABPAD,25,3.533376932144165,B2-01,0,1
14,54:F0:B1:A1:18:D0,eduroam,24,3.533376932144165,B2-01,0,1
15,54:F0:B1:A1:18:D1,PoliSemFio,29,3.533376932144165,B2-01,0,1
16,54:F0:B1:A1:18:D2,,30,3.533376932144165,B2-01,0,1
17,54:F0:B1:A1:18:D3,MEZANINO,27,3.533376932144165,B2-01,0,1
18,54:F0:B1:A1:18:D4,GDLAB,29,3.533376932144165,B2-01,0,1
19,54:F0:B1:A1:18:D5,LABPAD,29,3.533376932144165,B2-01,0,1
20,54:F0:B1:A1:57:F0,eduroam,15,3.533376932144165,B2-01,0,1
21,54:F0:B1:A1:57:F1,PoliSemFio,14,3.533376932144165,B2-01,0,1
22,54:F0:B1:A1:58:00,eduroam,22,3.533376932144165,B2-01,0,1
23,54:F0:B1:A1:58:01,PoliSemFio,24,3.533376932144165,B2-01,0,1
24,54:F0:B1:A1:58:02,,40,3.533376932144165,B2-01,0,1
25,54:F0:B1:A1:E5:00,eduroam,34,3.533376932144165,B2-01,0,1
26,54:F0:B1:A2:57:20,eduroam,20,3.533376932144165,B2-01,0,1
27,54:F0:B1:A2:57:21,PoliSemFio,20,3.533376932144165,B2-01,0,1
28,54:F0:B1:A2:57:23,LCA,20,3.533376932144165,B2-01,0,1
29,54:F0:B1:A2:57:30,eduroam,20,3.533376932144165,B2-01,0,1
30,54:F0:B1:A2:57:33,LCA,22,3.533376932144165,B2-01,0,1
31,54:F0:B1:BB:5A:80,eduroam,29,3.533376932144165,B2-01,0,1
32,54:F0:B1:BB:5A:81,PoliSemFio,32,3.533376932144165,B2-01,0,1
33,54:F0:B1:BB:5A:82,HACKER,25,3.533376932144165,B2-01,0,1
34,54:F0:B1:BB:5A:83,LEP,25,3.533376932144165,B2-01,0,1
35,54:F0:B1:BB:5A:A0,eduroam,15,3.533376932144165,B2-01,0,1
36,54:F0:B1:BB:5A:A1,PoliSemFio,12,3.533376932144165,B2-01,0,1
37,54:F0:B1:BB:5A:A2,HACKER,15,3.533376932144165,B2-01,0,1
38,54:F0:B1:BB:5A:A3,LEP,15,3.533376932144165,B2-01,0,1
39,54:F0:B1:BB:5A:A4,,14,3.533376932144165,B2-01,0,1
40,54:F0:B1:BB:92:C2,,25,3.533376932144165,B2-01,0,1
41,54:F0:B1:BB:BE:13,CAEEL,12,3.533376932144165,B2-01,0,1
42,54:F0:B1:BB:C4:D0,eduroam,55,3.533376932144165,B2-01,0,1
43,54:F0:B1:BB:C4:D1,PoliSemFio,74,3.533376932144165,B2-01,0,1
44,54:F0:B1:BB:C4:D2,,74,3.533376932144165,B2-01,0,1
45,54:F0:B1:BB:C4:F0,eduroam,49,3.533376932144165,B2-01,0,1
46,54:F0:B1:BB:C4:F1,PoliSemFio,49,3.533376932144165,B2-01,0,1
47,54:F0:B1:BB:C4:F2,,29,3.533376932144165,B2-01,0,1
48,54:F0:B1:BB:FD:D0,eduroam,12,3.533376932144165,B2-01,0,1
49,54:F0:B1:BC:09:40,eduroam,97,3.533376932144165,B2-01,0,1
50,54:F0:B1:BC:09:41,PoliSemFio,97,3.533376932144165,B2-01,0,1
51,54:F0:B1:BC:09:42,,97,3.533376932144165,B2-01,0,1
52,54:F0:B1:BC:09:60,eduroam,75,3.533376932144165,B2-01,0,1
53,54:F0:B1:BC:09:61,PoliSemFio,60,3.533376932144165,B2-01,0,1
54,54:F0:B1:BC:1B:D0,eduroam,45,3.533376932144165,B2-01,0,1
55,54:F0:B1:BC:1B:D1,PoliSemFio,44,3.533376932144165,B2-01,0,1
56,54:F0:B1:BC:1B:D2,,55,3.533376932144165,B2-01,0,1
57,54:F0:B1:BC:1B:F0,eduroam,17,3.533376932144165,B2-01,0,1
58,54:F0:B1:BC:1B:F1,PoliSemFio,17,3.533376932144165,B2-01,0,1
59,54:F0:B1:BC:2E:90,eduroam,35,3.533376932144165,B2-01,0,1
60,54:F0:B1:BC:2E:91,PoliSemFio,47,3.533376932144165,B2-01,0,1
61,54:F0:B1:BC:2E:92,,45,3.533376932144165,B2-01,0,1
62,54:F0:B1:BC:2E:B0,eduroam,12,3.533376932144165,B2-01,0,1
63,54:F0:B1:BC:2E:B1,PoliSemFio,12,3.533376932144165,B2-01,0,1
64,54:F0:B1:BC:2F:52,,20,3.533376932144165,B2-01,0,1
65,54:F0:B1:BC:36:11,eduroam,35,3.533376932144165,B2-01,0,1
66,54:F0:B1:BC:3F:10,eduroam,24,3.533376932144165,B2-01,0,1
67,54:F0:B1:BC:65:B0,eduroam,15,3.533376932144165,B2-01,0,1
68,54:F0:B1:BC:65:B1,PoliSemFio,22,3.533376932144165,B2-01,0,1
69,54:F0:B1:BC:65:B2,,22,3.533376932144165,B2-01,0,1
70,54:F0:B1:BC:70:00,eduroam,49,3.533376932144165,B2-01,0,1
71,54:F0:B1:BC:70:01,PoliSemFio,40,3.533376932144165,B2-01,0,1
72,54:F0:B1:BC:70:02,,42,3.533376932144165,B2-01,0,1
73,54:F0:B1:BC:70:20,eduroam,25,3.533376932144165,B2-01,0,1
74,54:F0:B1:BC:70:21,PoliSemFio,25,3.533376932144165,B2-01,0,1
75,54:F0:B1:BC:77:80,eduroam,40,3.533376932144165,B2-01,0,1
76,54:F0:B1:BC:77:81,PoliSemFio,55,3.533376932144165,B2-01,0,1
77,54:F0:B1:BC:77:82,,50,3.533376932144165,B2-01,0,1
78,54:F0:B1:BC:77:A0,eduroam,19,3.533376932144165,B2-01,0,1
79,54:F0:B1:BC:77:A1,PoliSemFio,19,3.533376932144165,B2-01,0,1
80,56:60:F9:A3:E8:73,,24,3.533376932144165,B2-01,0,1
81,68:FF:7B:47:78:BE,C1-22M,32,3.533376932144165,B2-01,0,1
82,70:62:B8:6E:72:A0,PCS-wireless-C1-13,49,3.533376932144165,B2-01,0,1
83,70:62:B8:6E:72:A1,PPGEE,55,3.533376932144165,B2-01,0,1
84,84:D4:7E:06:4F:E0,eduroam,55,3.533376932144165,B2-01,0,1
85,84:D4:7E:06:4F:E1,PoliSemFio,55,3.533376932144165,B2-01,0,1
86,84:D4:7E:06:4F:E2,,54,3.533376932144165,B2-01,0,1
87,84:D4:7E:06:4F:F0,eduroam,30,3.533376932144165,B2-01,0,1
88,84:D4:7E:06:4F:F1,PoliSemFio,30,3.533376932144165,B2-01,0,1
89,DC:9F:DB:1C:1F:E0,LWN-3,25,3.533376932144165,B2-01,0,1
90,DE:9F:DB:1C:1F:D7,LARC Guest,25,3.533376932144165,B2-01,0,1
91,DE:9F:DB:1C:1F:E0,LARC Guest,40,3.533376932144165,B2-01,0,1
92,EE:9F:DB:1C:1F:D7,,27,3.533376932144165,B2-01,0,1
93,EE:9F:DB:1C:1F:E0,,29,3.533376932144165,B2-01,0,1
94,F8:1A:67:99:55:8E,NUCLEAR_CHF,22,3.533376932144165,B2-01,0,1
95,FE:9F:DB:1C:1F:E0,,35,3.533376932144165,B2-01,0,1
96,00:18:E7:FF:8C:98,dlink,29,6.157281398773193,B2-01,0,1
97,00:21:91:70:9D:EC,LAB-DIDATICO,27,6.157281398773193,B2-01,0,1
98,34:60:F9:A3:D9:14,GASWIFI-2G_C2,40,6.157281398773193,B2-01,0,1
99,34:CE:00:51:3E:6F,Lab,57,6.157281398773193,B2-01,0,1
100,34:CE:00:51:3E:70,Lab_5G,22,6.157281398773193,B2-01,0,1
101,54:B8:0A:AA:2C:8D,PCS-Wireless,29,6.157281398773193,B2-01,0,1
102,54:F0:B1:A1:18:C0,eduroam,19,6.157281398773193,B2-01,0,1
103,54:F0:B1:A1:18:C1,PoliSemFio,19,6.157281398773193,B2-01,0,1
104,54:F0:B1:A1:18:C3,MEZANINO,19,6.157281398773193,B2-01,0,1
105,54:F0:B1:A1:18:C4,GDLAB,19,6.157281398773193,B2-01,0,1
106,54:F0:B1:A1:18:C5,LABPAD,17,6.157281398773193,B2-01,0,1
107,54:F0:B1:A1:18:D0,eduroam,35,6.157281398773193,B2-01,0,1
108,54:F0:B1:A1:18:D1,PoliSemFio,32,6.157281398773193,B2-01,0,1
109,54:F0:B1:A1:18:D2,,34,6.157281398773193,B2-01,0,1
110,54:F0:B1:A1:18:D3,MEZANINO,34,6.157281398773193,B2-01,0,1
111,54:F0:B1:A1:18:D4,GDLAB,10,6.157281398773193,B2-01,0,1
112,54:F0:B1:A1:18:D5,LABPAD,37,6.157281398773193,B2-01,0,1
113,54:F0:B1:A1:58:00,eduroam,40,6.157281398773193,B2-01,0,1
114,54:F0:B1:A1:58:01,PoliSemFio,24,6.157281398773193,B2-01,0,1
115,54:F0:B1:A1:E5:02,,22,6.157281398773193,B2-01,0,1
116,54:F0:B1:A2:57:30,eduroam,24,6.157281398773193,B2-01,0,1
117,54:F0:B1:A2:57:31,PoliSemFio,25,6.157281398773193,B2-01,0,1
118,54:F0:B1:A2:57:32,,25,6.157281398773193,B2-01,0,1
119,54:F0:B1:A2:57:33,LCA,25,6.157281398773193,B2-01,0,1
120,54:F0:B1:BB:5A:80,eduroam,34,6.157281398773193,B2-01,0,1
121,54:F0:B1:BB:5A:82,HACKER,34,6.157281398773193,B2-01,0,1
122,54:F0:B1:BB:84:B2,,22,6.157281398773193,B2-01,0,1
123,54:F0:B1:BB:BE:13,CAEEL,15,6.157281398773193,B2-01,0,1
124,54:F0:B1:BB:C4:D0,eduroam,55,6.157281398773193,B2-01,0,1
125,54:F0:B1:BB:C4:D1,PoliSemFio,74,6.157281398773193,B2-01,0,1
126,54:F0:B1:BB:C4:D2,,74,6.157281398773193,B2-01,0,1
127,54:F0:B1:BB:C4:F0,eduroam,24,6.157281398773193,B2-01,0,1
128,54:F0:B1:BB:C4:F1,PoliSemFio,49,6.157281398773193,B2-01,0,1
129,54:F0:B1:BB:CC:E0,B209,12,6.157281398773193,B2-01,0,1
130,54:F0:B1:BB:FD:D2,,27,6.157281398773193,B2-01,0,1
131,54:F0:B1:BC:09:40,eduroam,94,6.157281398773193,B2-01,0,1
132,54:F0:B1:BC:09:41,PoliSemFio,92,6.157281398773193,B2-01,0,1
133,54:F0:B1:BC:09:60,eduroam,84,6.157281398773193,B2-01,0,1
134,54:F0:B1:BC:09:61,PoliSemFio,84,6.157281398773193,B2-01,0,1
135,54:F0:B1:BC:1B:D2,,52,6.157281398773193,B2-01,0,1
136,54:F0:B1:BC:1B:F0,eduroam,19,6.157281398773193,B2-01,0,1
137,54:F0:B1:BC:1B:F1,PoliSemFio,19,6.157281398773193,B2-01,0,1
138,54:F0:B1:BC:1B:F2,,17,6.157281398773193,B2-01,0,1
139,54:F0:B1:BC:2E:90,eduroam,49,6.157281398773193,B2-01,0,1
140,54:F0:B1:BC:2E:91,PoliSemFio,47,6.157281398773193,B2-01,0,1
141,54:F0:B1:BC:2E:92,,45,6.157281398773193,B2-01,0,1
142,54:F0:B1:BC:2E:B0,eduroam,32,6.157281398773193,B2-01,0,1
143,54:F0:B1:BC:2E:B1,PoliSemFio,32,6.157281398773193,B2-01,0,1
144,54:F0:B1:BC:36:10,PoliSemFio,22,6.157281398773193,B2-01,0,1
145,54:F0:B1:BC:36:11,eduroam,24,6.157281398773193,B2-01,0,1
146,54:F0:B1:BC:3F:10,eduroam,24,6.157281398773193,B2-01,0,1
147,54:F0:B1:BC:65:B0,eduroam,9,6.157281398773193,B2-01,0,1
148,54:F0:B1:BC:65:B1,PoliSemFio,20,6.157281398773193,B2-01,0,1
149,54:F0:B1:BC:65:B2,,22,6.157281398773193,B2-01,0,1
150,54:F0:B1:BC:6F:70,eduroam,10,6.157281398773193,B2-01,0,1
151,54:F0:B1:BC:70:00,eduroam,42,6.157281398773193,B2-01,0,1
152,54:F0:B1:BC:70:01,PoliSemFio,44,6.157281398773193,B2-01,0,1
153,54:F0:B1:BC:70:02,,42,6.157281398773193,B2-01,0,1
154,54:F0:B1:BC:70:20,eduroam,25,6.157281398773193,B2-01,0,1
155,54:F0:B1:BC:70:21,PoliSemFio,25,6.157281398773193,B2-01,0,1
156,54:F0:B1:BC:77:80,eduroam,60,6.157281398773193,B2-01,0,1
157,54:F0:B1:BC:77:A0,eduroam,27,6.157281398773193,B2-01,0,1
158,54:F0:B1:BC:77:A1,PoliSemFio,27,6.157281398773193,B2-01,0,1
159,68:FF:7B:47:78:BE,C1-22M,54,6.157281398773193,B2-01,0,1
160,70:62:B8:6E:72:A0,PCS-wireless-C1-13,49,6.157281398773193,B2-01,0,1
161,70:62:B8:6E:72:A1,PPGEE,55,6.157281398773193,B2-01,0,1
162,84:D4:7E:06:4F:E0,eduroam,54,6.157281398773193,B2-01,0,1
163,84:D4:7E:06:4F:E1,PoliSemFio,50,6.157281398773193,B2-01,0,1
164,84:D4:7E:06:4F:E2,,54,6.157281398773193,B2-01,0,1
165,84:D4:7E:06:4F:F0,eduroam,30,6.157281398773193,B2-01,0,1
166,84:D4:7E:06:4F:F1,PoliSemFio,30,6.157281398773193,B2-01,0,1
167,DC:9F:DB:1C:1F:D7,LWN-3,14,6.157281398773193,B2-01,0,1
168,DC:9F:DB:1C:1F:E0,LWN-3,40,6.157281398773193,B2-01,0,1
169,F8:1A:67:99:55:8E,NUCLEAR_CHF,22,6.157281398773193,B2-01,0,1
170,FE:9F:DB:1C:1F:E0,,40,6.157281398773193,B2-01,0,1
171,00:18:E7:FF:8C:98,dlink,29,8.78385043144226,B2-01,0,1
172,00:21:91:70:9D:EC,LAB-DIDATICO,27,8.78385043144226,B2-01,0,1
173,34:60:F9:A3:D9:14,GASWIFI-2G_C2,40,8.78385043144226,B2-01,0,1
174,34:CE:00:51:3E:6F,Lab,57,8.78385043144226,B2-01,0,1
175,34:CE:00:51:3E:70,Lab_5G,22,8.78385043144226,B2-01,0,1
176,54:B8:0A:AA:2C:8D,PCS-Wireless,29,8.78385043144226,B2-01,0,1
177,54:F0:B1:A1:18:C0,eduroam,19,8.78385043144226,B2-01,0,1
178,54:F0:B1:A1:18:C1,PoliSemFio,19,8.78385043144226,B2-01,0,1
179,54:F0:B1:A1:18:C3,MEZANINO,19,8.78385043144226,B2-01,0,1
180,54:F0:B1:A1:18:C4,GDLAB,19,8.78385043144226,B2-01,0,1
181,54:F0:B1:A1:18:C5,LABPAD,17,8.78385043144226,B2-01,0,1
182,54:F0:B1:A1:18:D0,eduroam,35,8.78385043144226,B2-01,0,1
183,54:F0:B1:A1:18:D1,PoliSemFio,32,8.78385043144226,B2-01,0,1
184,54:F0:B1:A1:18:D2,,34,8.78385043144226,B2-01,0,1
185,54:F0:B1:A1:18:D3,MEZANINO,34,8.78385043144226,B2-01,0,1
186,54:F0:B1:A1:18:D4,GDLAB,10,8.78385043144226,B2-01,0,1
187,54:F0:B1:A1:18:D5,LABPAD,37,8.78385043144226,B2-01,0,1
188,54:F0:B1:A1:58:00,eduroam,40,8.78385043144226,B2-01,0,1
189,54:F0:B1:A1:58:01,PoliSemFio,24,8.78385043144226,B2-01,0,1
190,54:F0:B1:A1:E5:02,,22,8.78385043144226,B2-01,0,1
191,54:F0:B1:A2:57:30,eduroam,24,8.78385043144226,B2-01,0,1
192,54:F0:B1:A2:57:31,PoliSemFio,25,8.78385043144226,B2-01,0,1
193,54:F0:B1:A2:57:32,,25,8.78385043144226,B2-01,0,1
194,54:F0:B1:A2:57:33,LCA,25,8.78385043144226,B2-01,0,1
195,54:F0:B1:BB:5A:80,eduroam,34,8.78385043144226,B2-01,0,1
196,54:F0:B1:BB:5A:82,HACKER,34,8.78385043144226,B2-01,0,1
197,54:F0:B1:BB:84:B2,,22,8.78385043144226,B2-01,0,1
198,54:F0:B1:BB:BE:13,CAEEL,15,8.78385043144226,B2-01,0,1
199,54:F0:B1:BB:C4:D0,eduroam,55,8.78385043144226,B2-01,0,1
200,54:F0:B1:BB:C4:D1,PoliSemFio,74,8.78385043144226,B2-01,0,1
201,54:F0:B1:BB:C4:D2,,74,8.78385043144226,B2-01,0,1
202,54:F0:B1:BB:C4:F0,eduroam,24,8.78385043144226,B2-01,0,1
203,54:F0:B1:BB:C4:F1,PoliSemFio,49,8.78385043144226,B2-01,0,1
204,54:F0:B1:BB:CC:E0,B209,12,8.78385043144226,B2-01,0,1
205,54:F0:B1:BB:FD:D2,,27,8.78385043144226,B2-01,0,1
206,54:F0:B1:BC:09:40,eduroam,94,8.78385043144226,B2-01,0,1
207,54:F0:B1:BC:09:41,PoliSemFio,92,8.78385043144226,B2-01,0,1
208,54:F0:B1:BC:09:60,eduroam,77,8.78385043144226,B2-01,0,1
209,54:F0:B1:BC:09:61,PoliSemFio,84,8.78385043144226,B2-01,0,1
210,54:F0:B1:BC:1B:D2,,52,8.78385043144226,B2-01,0,1
211,54:F0:B1:BC:1B:F0,eduroam,19,8.78385043144226,B2-01,0,1
212,54:F0:B1:BC:1B:F1,PoliSemFio,19,8.78385043144226,B2-01,0,1
213,54:F0:B1:BC:1B:F2,,17,8.78385043144226,B2-01,0,1
214,54:F0:B1:BC:2E:90,eduroam,49,8.78385043144226,B2-01,0,1
215,54:F0:B1:BC:2E:91,PoliSemFio,47,8.78385043144226,B2-01,0,1
216,54:F0:B1:BC:2E:92,,45,8.78385043144226,B2-01,0,1
217,54:F0:B1:BC:2E:B0,eduroam,32,8.78385043144226,B2-01,0,1
218,54:F0:B1:BC:2E:B1,PoliSemFio,32,8.78385043144226,B2-01,0,1
219,54:F0:B1:BC:36:10,PoliSemFio,22,8.78385043144226,B2-01,0,1
220,54:F0:B1:BC:36:11,eduroam,24,8.78385043144226,B2-01,0,1
221,54:F0:B1:BC:3F:10,eduroam,24,8.78385043144226,B2-01,0,1
222,54:F0:B1:BC:65:B0,eduroam,9,8.78385043144226,B2-01,0,1
223,54:F0:B1:BC:65:B1,PoliSemFio,20,8.78385043144226,B2-01,0,1
224,54:F0:B1:BC:65:B2,,22,8.78385043144226,B2-01,0,1
225,54:F0:B1:BC:6F:70,eduroam,10,8.78385043144226,B2-01,0,1
226,54:F0:B1:BC:70:00,eduroam,42,8.78385043144226,B2-01,0,1
227,54:F0:B1:BC:70:01,PoliSemFio,44,8.78385043144226,B2-01,0,1
228,54:F0:B1:BC:70:02,,42,8.78385043144226,B2-01,0,1
229,54:F0:B1:BC:70:20,eduroam,25,8.78385043144226,B2-01,0,1
230,54:F0:B1:BC:70:21,PoliSemFio,25,8.78385043144226,B2-01,0,1
231,54:F0:B1:BC:77:80,eduroam,60,8.78385043144226,B2-01,0,1
232,54:F0:B1:BC:77:A0,eduroam,27,8.78385043144226,B2-01,0,1
233,54:F0:B1:BC:77:A1,PoliSemFio,27,8.78385043144226,B2-01,0,1
234,68:FF:7B:47:78:BE,C1-22M,54,8.78385043144226,B2-01,0,1
235,70:62:B8:6E:72:A0,PCS-wireless-C1-13,49,8.78385043144226,B2-01,0,1
236,70:62:B8:6E:72:A1,PPGEE,55,8.78385043144226,B2-01,0,1
237,84:D4:7E:06:4F:E0,eduroam,54,8.78385043144226,B2-01,0,1
238,84:D4:7E:06:4F:E1,PoliSemFio,50,8.78385043144226,B2-01,0,1
239,84:D4:7E:06:4F:E2,,54,8.78385043144226,B2-01,0,1
240,84:D4:7E:06:4F:F0,eduroam,30,8.78385043144226,B2-01,0,1
241,84:D4:7E:06:4F:F1,PoliSemFio,30,8.78385043144226,B2-01,0,1
242,DC:9F:DB:1C:1F:D7,LWN-3,14,8.78385043144226,B2-01,0,1
243,DC:9F:DB:1C:1F:E0,LWN-3,40,8.78385043144226,B2-01,0,1
244,F8:1A:67:99:55:8E,NUCLEAR_CHF,22,8.78385043144226,B2-01,0,1
245,FE:9F:DB:1C:1F:E0,,40,8.78385043144226,B2-01,0,1
246,00:18:E7:FF:8C:98,dlink,29,15.012096166610718,B2-01,0,1
247,00:21:91:70:9D:EC,LAB-DIDATICO,27,15.012096166610718,B2-01,0,1
248,2E:DE:5E:81:79:03,iPhone de Wilhame,20,15.012096166610718,B2-01,0,1
249,30:85:A9:69:F2:E4,PCS-Wireless-C2-22,32,15.012096166610718,B2-01,0,1
250,34:60:F9:A3:D9:14,GASWIFI-2G_C2,40,15.012096166610718,B2-01,0,1
251,34:CE:00:51:3E:6F,Lab,49,15.012096166610718,B2-01,0,1
252,34:CE:00:51:3E:70,Lab_5G,24,15.012096166610718,B2-01,0,1
253,48:00:20:34:D2:40,eduroam,27,15.012096166610718,B2-01,0,1
254,54:B8:0A:AA:2C:8C,LAB_DIGITAL,32,15.012096166610718,B2-01,0,1
255,54:B8:0A:AA:2C:8D,PCS-Wireless,29,15.012096166610718,B2-01,0,1
256,54:F0:B1:A1:18:C0,eduroam,15,15.012096166610718,B2-01,0,1
257,54:F0:B1:A1:18:C1,PoliSemFio,15,15.012096166610718,B2-01,0,1
258,54:F0:B1:A1:18:C3,MEZANINO,15,15.012096166610718,B2-01,0,1
259,54:F0:B1:A1:18:C4,GDLAB,14,15.012096166610718,B2-01,0,1
260,54:F0:B1:A1:18:C5,LABPAD,15,15.012096166610718,B2-01,0,1
261,54:F0:B1:A1:18:D0,eduroam,37,15.012096166610718,B2-01,0,1
262,54:F0:B1:A1:18:D1,PoliSemFio,34,15.012096166610718,B2-01,0,1
263,54:F0:B1:A1:18:D2,,34,15.012096166610718,B2-01,0,1
264,54:F0:B1:A1:18:D3,MEZANINO,29,15.012096166610718,B2-01,0,1
265,54:F0:B1:A1:18:D4,GDLAB,10,15.012096166610718,B2-01,0,1
266,54:F0:B1:A1:18:D5,LABPAD,35,15.012096166610718,B2-01,0,1
267,54:F0:B1:A1:58:00,eduroam,32,15.012096166610718,B2-01,0,1
268,54:F0:B1:A1:58:01,PoliSemFio,37,15.012096166610718,B2-01,0,1
269,54:F0:B1:A1:58:02,,37,15.012096166610718,B2-01,0,1
270,54:F0:B1:A1:E5:00,eduroam,20,15.012096166610718,B2-01,0,1
271,54:F0:B1:A1:E5:02,,22,15.012096166610718,B2-01,0,1
272,54:F0:B1:A2:57:30,eduroam,24,15.012096166610718,B2-01,0,1
273,54:F0:B1:A2:57:31,PoliSemFio,25,15.012096166610718,B2-01,0,1
274,54:F0:B1:A2:57:32,,25,15.012096166610718,B2-01,0,1
275,54:F0:B1:A2:57:33,LCA,25,15.012096166610718,B2-01,0,1
276,54:F0:B1:BB:5A:80,eduroam,34,15.012096166610718,B2-01,0,1
277,54:F0:B1:BB:5A:82,HACKER,24,15.012096166610718,B2-01,0,1
278,54:F0:B1:BB:5A:83,LEP,22,15.012096166610718,B2-01,0,1
279,54:F0:B1:BB:84:B2,,22,15.012096166610718,B2-01,0,1
280,54:F0:B1:BB:BE:13,CAEEL,15,15.012096166610718,B2-01,0,1
281,54:F0:B1:BB:C4:D0,eduroam,45,15.012096166610718,B2-01,0,1
282,54:F0:B1:BB:C4:D1,PoliSemFio,74,15.012096166610718,B2-01,0,1
283,54:F0:B1:BB:C4:D2,,39,15.012096166610718,B2-01,0,1
284,54:F0:B1:BB:C4:F0,eduroam,24,15.012096166610718,B2-01,0,1
285,54:F0:B1:BB:C4:F1,PoliSemFio,32,15.012096166610718,B2-01,0,1
286,54:F0:B1:BB:CC:E0,B209,12,15.012096166610718,B2-01,0,1
287,54:F0:B1:BB:FD:D2,,27,15.012096166610718,B2-01,0,1
288,54:F0:B1:BC:09:40,eduroam,69,15.012096166610718,B2-01,0,1
289,54:F0:B1:BC:09:41,PoliSemFio,90,15.012096166610718,B2-01,0,1
290,54:F0:B1:BC:09:42,,90,15.012096166610718,B2-01,0,1
291,54:F0:B1:BC:09:60,eduroam,82,15.012096166610718,B2-01,0,1
292,54:F0:B1:BC:09:61,PoliSemFio,84,15.012096166610718,B2-01,0,1
293,54:F0:B1:BC:1B:D0,eduroam,30,15.012096166610718,B2-01,0,1
294,54:F0:B1:BC:1B:D2,,47,15.012096166610718,B2-01,0,1
295,54:F0:B1:BC:1B:F0,eduroam,19,15.012096166610718,B2-01,0,1
296,54:F0:B1:BC:1B:F1,PoliSemFio,19,15.012096166610718,B2-01,0,1
297,54:F0:B1:BC:1B:F2,,17,15.012096166610718,B2-01,0,1
298,54:F0:B1:BC:2E:90,eduroam,49,15.012096166610718,B2-01,0,1
299,54:F0:B1:BC:2E:91,PoliSemFio,47,15.012096166610718,B2-01,0,1
300,54:F0:B1:BC:2E:92,,62,15.012096166610718,B2-01,0,1
301,54:F0:B1:BC:2E:B0,eduroam,30,15.012096166610718,B2-01,0,1
302,54:F0:B1:BC:2E:B1,PoliSemFio,30,15.012096166610718,B2-01,0,1
303,54:F0:B1:BC:36:10,PoliSemFio,22,15.012096166610718,B2-01,0,1
304,54:F0:B1:BC:36:11,eduroam,25,15.012096166610718,B2-01,0,1
305,54:F0:B1:BC:3F:10,eduroam,24,15.012096166610718,B2-01,0,1
306,54:F0:B1:BC:65:B0,eduroam,9,15.012096166610718,B2-01,0,1
307,54:F0:B1:BC:65:B1,PoliSemFio,20,15.012096166610718,B2-01,0,1
308,54:F0:B1:BC:65:B2,,22,15.012096166610718,B2-01,0,1
309,54:F0:B1:BC:6F:70,eduroam,10,15.012096166610718,B2-01,0,1
310,54:F0:B1:BC:70:00,eduroam,30,15.012096166610718,B2-01,0,1
311,54:F0:B1:BC:70:01,PoliSemFio,37,15.012096166610718,B2-01,0,1
312,54:F0:B1:BC:70:02,,42,15.012096166610718,B2-01,0,1
313,54:F0:B1:BC:70:20,eduroam,25,15.012096166610718,B2-01,0,1
314,54:F0:B1:BC:70:21,PoliSemFio,25,15.012096166610718,B2-01,0,1
315,54:F0:B1:BC:77:80,eduroam,45,15.012096166610718,B2-01,0,1
316,54:F0:B1:BC:77:81,PoliSemFio,45,15.012096166610718,B2-01,0,1
317,54:F0:B1:BC:77:82,,45,15.012096166610718,B2-01,0,1
318,54:F0:B1:BC:77:A0,eduroam,19,15.012096166610718,B2-01,0,1
319,54:F0:B1:BC:77:A1,PoliSemFio,19,15.012096166610718,B2-01,0,1
320,68:FF:7B:47:78:BE,C1-22M,37,15.012096166610718,B2-01,0,1
321,70:62:B8:6E:72:A0,PCS-wireless-C1-13,40,15.012096166610718,B2-01,0,1
322,70:62:B8:6E:72:A1,PPGEE,47,15.012096166610718,B2-01,0,1
323,84:D4:7E:06:4F:E0,eduroam,59,15.012096166610718,B2-01,0,1
324,84:D4:7E:06:4F:E1,PoliSemFio,59,15.012096166610718,B2-01,0,1
325,84:D4:7E:06:4F:E2,,59,15.012096166610718,B2-01,0,1
326,84:D4:7E:06:4F:F0,eduroam,27,15.012096166610718,B2-01,0,1
327,84:D4:7E:06:4F:F1,PoliSemFio,24,15.012096166610718,B2-01,0,1
328,DC:9F:DB:1C:1F:D7,LWN-3,14,15.012096166610718,B2-01,0,1
329,DC:9F:DB:1C:1F:E0,LWN-3,40,15.012096166610718,B2-01,0,1
330,F8:1A:67:99:55:8E,NUCLEAR_CHF,25,15.012096166610718,B2-01,0,1
331,FE:9F:DB:1C:1F:E0,,40,15.012096166610718,B2-01,0,1
332,00:18:E7:FF:8C:98,dlink,29,21.299864768981934,B2-01,0,1
333,00:21:91:70:9D:EC,LAB-DIDATICO,27,21.299864768981934,B2-01,0,1
334,2E:DE:5E:81:79:03,iPhone de Wilhame,20,21.299864768981934,B2-01,0,1
335,30:85:A9:69:F2:E4,PCS-Wireless-C2-22,32,21.299864768981934,B2-01,0,1
336,34:60:F9:A3:D9:14,GASWIFI-2G_C2,40,21.299864768981934,B2-01,0,1
337,34:60:F9:A3:E7:3F,GASWIFI_C4,30,21.299864768981934,B2-01,0,1
338,34:CE:00:51:3E:6F,Lab,47,21.299864768981934,B2-01,0,1
339,34:CE:00:51:3E:70,Lab_5G,12,21.299864768981934,B2-01,0,1
340,48:00:20:34:D2:40,eduroam,27,21.299864768981934,B2-01,0,1
341,54:B8:0A:AA:2C:8C,LAB_DIGITAL,32,21.299864768981934,B2-01,0,1
342,54:B8:0A:AA:2C:8D,PCS-Wireless,29,21.299864768981934,B2-01,0,1
343,54:F0:B1:A1:18:C0,eduroam,25,21.299864768981934,B2-01,0,1
344,54:F0:B1:A1:18:C1,PoliSemFio,25,21.299864768981934,B2-01,0,1
345,54:F0:B1:A1:18:C3,MEZANINO,25,21.299864768981934,B2-01,0,1
346,54:F0:B1:A1:18:C4,GDLAB,25,21.299864768981934,B2-01,0,1
347,54:F0:B1:A1:18:C5,LABPAD,25,21.299864768981934,B2-01,0,1
348,54:F0:B1:A1:18:D0,eduroam,37,21.299864768981934,B2-01,0,1
349,54:F0:B1:A1:18:D1,PoliSemFio,34,21.299864768981934,B2-01,0,1
350,54:F0:B1:A1:18:D2,,34,21.299864768981934,B2-01,0,1
351,54:F0:B1:A1:18:D3,MEZANINO,44,21.299864768981934,B2-01,0,1
352,54:F0:B1:A1:18:D4,GDLAB,10,21.299864768981934,B2-01,0,1
353,54:F0:B1:A1:18:D5,LABPAD,35,21.299864768981934,B2-01,0,1
354,54:F0:B1:A1:57:F0,eduroam,15,21.299864768981934,B2-01,0,1
355,54:F0:B1:A1:57:F1,PoliSemFio,15,21.299864768981934,B2-01,0,1
356,54:F0:B1:A1:57:F2,,15,21.299864768981934,B2-01,0,1
357,54:F0:B1:A1:58:00,eduroam,39,21.299864768981934,B2-01,0,1
358,54:F0:B1:A1:58:01,PoliSemFio,34,21.299864768981934,B2-01,0,1
359,54:F0:B1:A1:58:02,,37,21.299864768981934,B2-01,0,1
360,54:F0:B1:A1:E5:00,eduroam,17,21.299864768981934,B2-01,0,1
361,54:F0:B1:A1:E5:02,,22,21.299864768981934,B2-01,0,1
362,54:F0:B1:A2:57:20,eduroam,17,21.299864768981934,B2-01,0,1
363,54:F0:B1:A2:57:21,PoliSemFio,17,21.299864768981934,B2-01,0,1
364,54:F0:B1:A2:57:23,LCA,15,21.299864768981934,B2-01,0,1
365,54:F0:B1:A2:57:30,eduroam,24,21.299864768981934,B2-01,0,1
366,54:F0:B1:A2:57:31,PoliSemFio,25,21.299864768981934,B2-01,0,1
367,54:F0:B1:A2:57:32,,25,21.299864768981934,B2-01,0,1
368,54:F0:B1:A2:57:33,LCA,25,21.299864768981934,B2-01,0,1
369,54:F0:B1:BB:5A:80,eduroam,34,21.299864768981934,B2-01,0,1
370,54:F0:B1:BB:5A:82,HACKER,30,21.299864768981934,B2-01,0,1
371,54:F0:B1:BB:5A:83,LEP,22,21.299864768981934,B2-01,0,1
372,54:F0:B1:BB:84:B0,eduroam,24,21.299864768981934,B2-01,0,1
373,54:F0:B1:BB:84:B2,,22,21.299864768981934,B2-01,0,1
374,54:F0:B1:BB:BE:13,CAEEL,15,21.299864768981934,B2-01,0,1
375,54:F0:B1:BB:C4:D0,eduroam,45,21.299864768981934,B2-01,0,1
376,54:F0:B1:BB:C4:D1,PoliSemFio,55,21.299864768981934,B2-01,0,1
377,54:F0:B1:BB:C4:D2,,55,21.299864768981934,B2-01,0,1
378,54:F0:B1:BB:C4:F0,eduroam,35,21.299864768981934,B2-01,0,1
379,54:F0:B1:BB:C4:F1,PoliSemFio,35,21.299864768981934,B2-01,0,1
380,54:F0:B1:BB:C4:F2,,35,21.299864768981934,B2-01,0,1
381,54:F0:B1:BB:CC:E0,B209,12,21.299864768981934,B2-01,0,1
382,54:F0:B1:BB:F3:20,eduroam,22,21.299864768981934,B2-01,0,1
383,54:F0:B1:BB:FD:D2,,27,21.299864768981934,B2-01,0,1
384,54:F0:B1:BC:09:40,eduroam,74,21.299864768981934,B2-01,0,1
385,54:F0:B1:BC:09:41,PoliSemFio,84,21.299864768981934,B2-01,0,1
386,54:F0:B1:BC:09:42,,85,21.299864768981934,B2-01,0,1
387,54:F0:B1:BC:09:60,eduroam,90,21.299864768981934,B2-01,0,1
388,54:F0:B1:BC:09:61,PoliSemFio,90,21.299864768981934,B2-01,0,1
389,54:F0:B1:BC:1B:D0,eduroam,30,21.299864768981934,B2-01,0,1
390,54:F0:B1:BC:1B:D2,,47,21.299864768981934,B2-01,0,1
391,54:F0:B1:BC:1B:F0,eduroam,22,21.299864768981934,B2-01,0,1
392,54:F0:B1:BC:1B:F1,PoliSemFio,22,21.299864768981934,B2-01,0,1
393,54:F0:B1:BC:1B:F2,,17,21.299864768981934,B2-01,0,1
394,54:F0:B1:BC:2E:90,eduroam,60,21.299864768981934,B2-01,0,1
395,54:F0:B1:BC:2E:91,PoliSemFio,47,21.299864768981934,B2-01,0,1
396,54:F0:B1:BC:2E:92,,62,21.299864768981934,B2-01,0,1
397,54:F0:B1:BC:2E:B0,eduroam,32,21.299864768981934,B2-01,0,1
398,54:F0:B1:BC:2E:B1,PoliSemFio,32,21.299864768981934,B2-01,0,1
399,54:F0:B1:BC:36:10,PoliSemFio,24,21.299864768981934,B2-01,0,1
400,54:F0:B1:BC:36:11,eduroam,25,21.299864768981934,B2-01,0,1
401,54:F0:B1:BC:3F:10,eduroam,34,21.299864768981934,B2-01,0,1
402,54:F0:B1:BC:3F:11,PoliSemFio,32,21.299864768981934,B2-01,0,1
403,54:F0:B1:BC:3F:12,,30,21.299864768981934,B2-01,0,1
404,54:F0:B1:BC:65:B0,eduroam,9,21.299864768981934,B2-01,0,1
405,54:F0:B1:BC:65:B1,PoliSemFio,15,21.299864768981934,B2-01,0,1
406,54:F0:B1:BC:65:B2,,22,21.299864768981934,B2-01,0,1
407,54:F0:B1:BC:6F:70,eduroam,10,21.299864768981934,B2-01,0,1
408,54:F0:B1:BC:70:00,eduroam,45,21.299864768981934,B2-01,0,1
409,54:F0:B1:BC:70:01,PoliSemFio,42,21.299864768981934,B2-01,0,1
410,54:F0:B1:BC:70:02,,44,21.299864768981934,B2-01,0,1
411,54:F0:B1:BC:70:20,eduroam,20,21.299864768981934,B2-01,0,1
412,54:F0:B1:BC:70:21,PoliSemFio,20,21.299864768981934,B2-01,0,1
413,54:F0:B1:BC:77:80,eduroam,57,21.299864768981934,B2-01,0,1
414,54:F0:B1:BC:77:81,PoliSemFio,45,21.299864768981934,B2-01,0,1
415,54:F0:B1:BC:77:82,,45,21.299864768981934,B2-01,0,1
416,54:F0:B1:BC:77:A0,eduroam,24,21.299864768981934,B2-01,0,1
417,54:F0:B1:BC:77:A1,PoliSemFio,24,21.299864768981934,B2-01,0,1
418,54:F0:B1:BC:8F:20,eduroam,19,21.299864768981934,B2-01,0,1
419,68:FF:7B:47:78:BE,C1-22M,37,21.299864768981934,B2-01,0,1
420,70:62:B8:6E:72:A0,PCS-wireless-C1-13,34,21.299864768981934,B2-01,0,1
421,70:62:B8:6E:72:A1,PPGEE,30,21.299864768981934,B2-01,0,1
422,84:D4:7E:06:4F:E0,eduroam,70,21.299864768981934,B2-01,0,1
423,84:D4:7E:06:4F:E1,PoliSemFio,59,21.299864768981934,B2-01,0,1
424,84:D4:7E:06:4F:E2,,59,21.299864768981934,B2-01,0,1
425,84:D4:7E:06:4F:F0,eduroam,52,21.299864768981934,B2-01,0,1
426,84:D4:7E:06:4F:F1,PoliSemFio,52,21.299864768981934,B2-01,0,1
427,B0:4E:26:4B:84:C2,C2-01,27,21.299864768981934,B2-01,0,1
428,DC:9F:DB:1C:1F:D7,LWN-3,14,21.299864768981934,B2-01,0,1
429,DC:9F:DB:1C:1F:E0,LWN-3,39,21.299864768981934,B2-01,0,1
430,EE:9F:DB:1C:1F:E0,,39,21.299864768981934,B2-01,0,1
431,F8:1A:67:99:55:8E,NUCLEAR_CHF,39,21.299864768981934,B2-01,0,1
432,FE:9F:DB:1C:1F:E0,,40,21.299864768981934,B2-01,0,1
433,00:18:E7:FF:8C:98,dlink,29,31.177168130874634,B2-01,0,1
434,2E:DE:5E:81:79:03,iPhone de Wilhame,20,31.177168130874634,B2-01,0,1
435,30:85:A9:69:F2:E4,PCS-Wireless-C2-22,29,31.177168130874634,B2-01,0,1
436,34:60:F9:A3:D9:14,GASWIFI-2G_C2,29,31.177168130874634,B2-01,0,1
437,34:60:F9:A3:E7:3F,GASWIFI_C4,32,31.177168130874634,B2-01,0,1
438,34:CE:00:51:3E:6F,Lab,47,31.177168130874634,B2-01,0,1
439,34:CE:00:51:3E:70,Lab_5G,17,31.177168130874634,B2-01,0,1
440,48:00:20:34:D2:40,eduroam,24,31.177168130874634,B2-01,0,1
441,54:B8:0A:AA:2C:8C,LAB_DIGITAL,34,31.177168130874634,B2-01,0,1
442,54:B8:0A:AA:2C:8D,PCS-Wireless,35,31.177168130874634,B2-01,0,1
443,54:F0:B1:A1:18:C0,eduroam,24,31.177168130874634,B2-01,0,1
444,54:F0:B1:A1:18:C1,PoliSemFio,22,31.177168130874634,B2-01,0,1
445,54:F0:B1:A1:18:C3,MEZANINO,24,31.177168130874634,B2-01,0,1
446,54:F0:B1:A1:18:C4,GDLAB,22,31.177168130874634,B2-01,0,1
447,54:F0:B1:A1:18:C5,LABPAD,20,31.177168130874634,B2-01,0,1
448,54:F0:B1:A1:18:D0,eduroam,27,31.177168130874634,B2-01,0,1
449,54:F0:B1:A1:18:D1,PoliSemFio,29,31.177168130874634,B2-01,0,1
450,54:F0:B1:A1:18:D2,,27,31.177168130874634,B2-01,0,1
451,54:F0:B1:A1:18:D3,MEZANINO,44,31.177168130874634,B2-01,0,1
452,54:F0:B1:A1:18:D4,GDLAB,10,31.177168130874634,B2-01,0,1
453,54:F0:B1:A1:18:D5,LABPAD,35,31.177168130874634,B2-01,0,1
454,54:F0:B1:A1:57:F0,eduroam,15,31.177168130874634,B2-01,0,1
455,54:F0:B1:A1:57:F1,PoliSemFio,15,31.177168130874634,B2-01,0,1
456,54:F0:B1:A1:57:F2,,15,31.177168130874634,B2-01,0,1
457,54:F0:B1:A1:58:00,eduroam,39,31.177168130874634,B2-01,0,1
458,54:F0:B1:A1:58:01,PoliSemFio,34,31.177168130874634,B2-01,0,1
459,54:F0:B1:A1:58:02,,37,31.177168130874634,B2-01,0,1
460,54:F0:B1:A1:E5:00,eduroam,20,31.177168130874634,B2-01,0,1
461,54:F0:B1:A1:E5:02,,22,31.177168130874634,B2-01,0,1
462,54:F0:B1:A2:57:20,eduroam,17,31.177168130874634,B2-01,0,1
463,54:F0:B1:A2:57:21,PoliSemFio,17,31.177168130874634,B2-01,0,1
464,54:F0:B1:A2:57:23,LCA,15,31.177168130874634,B2-01,0,1
465,54:F0:B1:A2:57:30,eduroam,24,31.177168130874634,B2-01,0,1
466,54:F0:B1:A2:57:31,PoliSemFio,25,31.177168130874634,B2-01,0,1
467,54:F0:B1:A2:57:32,,25,31.177168130874634,B2-01,0,1
468,54:F0:B1:A2:57:33,LCA,25,31.177168130874634,B2-01,0,1
469,54:F0:B1:BB:5A:80,eduroam,34,31.177168130874634,B2-01,0,1
470,54:F0:B1:BB:5A:82,HACKER,30,31.177168130874634,B2-01,0,1
471,54:F0:B1:BB:5A:83,LEP,22,31.177168130874634,B2-01,0,1
472,54:F0:B1:BB:84:B0,eduroam,24,31.177168130874634,B2-01,0,1
473,54:F0:B1:BB:84:B2,,22,31.177168130874634,B2-01,0,1
474,54:F0:B1:BB:BE:13,CAEEL,15,31.177168130874634,B2-01,0,1
475,54:F0:B1:BB:C4:D0,eduroam,45,31.177168130874634,B2-01,0,1
476,54:F0:B1:BB:C4:D1,PoliSemFio,37,31.177168130874634,B2-01,0,1
477,54:F0:B1:BB:C4:D2,,34,31.177168130874634,B2-01,0,1
478,54:F0:B1:BB:C4:F0,eduroam,29,31.177168130874634,B2-01,0,1
479,54:F0:B1:BB:C4:F1,PoliSemFio,35,31.177168130874634,B2-01,0,1
480,54:F0:B1:BB:C4:F2,,35,31.177168130874634,B2-01,0,1
481,54:F0:B1:BB:CC:E0,B209,12,31.177168130874634,B2-01,0,1
482,54:F0:B1:BB:F3:20,eduroam,22,31.177168130874634,B2-01,0,1
483,54:F0:B1:BB:FD:D2,,27,31.177168130874634,B2-01,0,1
484,54:F0:B1:BC:09:40,eduroam,85,31.177168130874634,B2-01,0,1
485,54:F0:B1:BC:09:41,PoliSemFio,84,31.177168130874634,B2-01,0,1
486,54:F0:B1:BC:09:42,,84,31.177168130874634,B2-01,0,1
487,54:F0:B1:BC:09:60,eduroam,60,31.177168130874634,B2-01,0,1
488,54:F0:B1:BC:09:61,PoliSemFio,60,31.177168130874634,B2-01,0,1
489,54:F0:B1:BC:1B:D0,eduroam,30,31.177168130874634,B2-01,0,1
490,54:F0:B1:BC:1B:D2,,47,31.177168130874634,B2-01,0,1
491,54:F0:B1:BC:1B:F0,eduroam,22,31.177168130874634,B2-01,0,1
492,54:F0:B1:BC:1B:F1,PoliSemFio,22,31.177168130874634,B2-01,0,1
493,54:F0:B1:BC:1B:F2,,17,31.177168130874634,B2-01,0,1
494,54:F0:B1:BC:2E:90,eduroam,60,31.177168130874634,B2-01,0,1
495,54:F0:B1:BC:2E:92,,62,31.177168130874634,B2-01,0,1
496,54:F0:B1:BC:2E:B0,eduroam,32,31.177168130874634,B2-01,0,1
497,54:F0:B1:BC:2E:B1,PoliSemFio,12,31.177168130874634,B2-01,0,1
498,54:F0:B1:BC:36:10,PoliSemFio,24,31.177168130874634,B2-01,0,1
499,54:F0:B1:BC:36:11,eduroam,25,31.177168130874634,B2-01,0,1
500,54:F0:B1:BC:3F:10,eduroam,34,31.177168130874634,B2-01,0,1
501,54:F0:B1:BC:3F:11,PoliSemFio,32,31.177168130874634,B2-01,0,1
502,54:F0:B1:BC:3F:12,,30,31.177168130874634,B2-01,0,1
503,54:F0:B1:BC:65:B0,eduroam,9,31.177168130874634,B2-01,0,1
504,54:F0:B1:BC:65:B1,PoliSemFio,15,31.177168130874634,B2-01,0,1
505,54:F0:B1:BC:65:B2,,22,31.177168130874634,B2-01,0,1
506,54:F0:B1:BC:6F:70,eduroam,10,31.177168130874634,B2-01,0,1
507,54:F0:B1:BC:70:00,eduroam,24,31.177168130874634,B2-01,0,1
508,54:F0:B1:BC:70:01,PoliSemFio,42,31.177168130874634,B2-01,0,1
509,54:F0:B1:BC:70:02,,44,31.177168130874634,B2-01,0,1
510,54:F0:B1:BC:70:20,eduroam,12,31.177168130874634,B2-01,0,1
511,54:F0:B1:BC:70:21,PoliSemFio,12,31.177168130874634,B2-01,0,1
512,54:F0:B1:BC:77:80,eduroam,42,31.177168130874634,B2-01,0,1
513,54:F0:B1:BC:77:81,PoliSemFio,44,31.177168130874634,B2-01,0,1
514,54:F0:B1:BC:77:82,,44,31.177168130874634,B2-01,0,1
515,54:F0:B1:BC:77:A0,eduroam,14,31.177168130874634,B2-01,0,1
516,54:F0:B1:BC:77:A1,PoliSemFio,15,31.177168130874634,B2-01,0,1
517,54:F0:B1:BC:8F:20,eduroam,19,31.177168130874634,B2-01,0,1
518,68:FF:7B:47:78:BE,C1-22M,45,31.177168130874634,B2-01,0,1
519,70:62:B8:6E:72:A0,PCS-wireless-C1-13,32,31.177168130874634,B2-01,0,1
520,70:62:B8:6E:72:A1,PPGEE,34,31.177168130874634,B2-01,0,1
521,84:D4:7E:06:4F:E0,eduroam,59,31.177168130874634,B2-01,0,1
522,84:D4:7E:06:4F:E1,PoliSemFio,65,31.177168130874634,B2-01,0,1
523,84:D4:7E:06:4F:E2,,65,31.177168130874634,B2-01,0,1
524,84:D4:7E:06:4F:F0,eduroam,24,31.177168130874634,B2-01,0,1
525,84:D4:7E:06:4F:F1,PoliSemFio,24,31.177168130874634,B2-01,0,1
526,B0:4E:26:4B:84:C2,C2-01,27,31.177168130874634,B2-01,0,1
527,DC:9F:DB:1C:1F:D7,LWN-3,14,31.177168130874634,B2-01,0,1
528,DC:9F:DB:1C:1F:E0,LWN-3,39,31.177168130874634,B2-01,0,1
529,EE:9F:DB:1C:1F:E0,,39,31.177168130874634,B2-01,0,1
530,F8:1A:67:99:55:8E,NUCLEAR_CHF,39,31.177168130874634,B2-01,0,1
531,FE:9F:DB:1C:1F:E0,,40,31.177168130874634,B2-01,0,1
532,00:18:E7:FF:8C:98,dlink,29,33.80908703804016,B2-01,0,1
533,2E:DE:5E:81:79:03,iPhone de Wilhame,20,33.80908703804016,B2-01,0,1
534,30:85:A9:69:F2:E4,PCS-Wireless-C2-22,29,33.80908703804016,B2-01,0,1
535,34:60:F9:A3:D9:14,GASWIFI-2G_C2,29,33.80908703804016,B2-01,0,1
536,34:60:F9:A3:E7:3F,GASWIFI_C4,32,33.80908703804016,B2-01,0,1
537,34:CE:00:51:3E:6F,Lab,47,33.80908703804016,B2-01,0,1
538,34:CE:00:51:3E:70,Lab_5G,17,33.80908703804016,B2-01,0,1
539,48:00:20:34:D2:40,eduroam,24,33.80908703804016,B2-01,0,1
540,54:B8:0A:AA:2C:8C,LAB_DIGITAL,34,33.80908703804016,B2-01,0,1
541,54:B8:0A:AA:2C:8D,PCS-Wireless,35,33.80908703804016,B2-01,0,1
542,54:F0:B1:A1:18:C0,eduroam,24,33.80908703804016,B2-01,0,1
543,54:F0:B1:A1:18:C1,PoliSemFio,22,33.80908703804016,B2-01,0,1
544,54:F0:B1:A1:18:C3,MEZANINO,24,33.80908703804016,B2-01,0,1
545,54:F0:B1:A1:18:C4,GDLAB,22,33.80908703804016,B2-01,0,1
546,54:F0:B1:A1:18:C5,LABPAD,20,33.80908703804016,B2-01,0,1
547,54:F0:B1:A1:18:D0,eduroam,27,33.80908703804016,B2-01,0,1
548,54:F0:B1:A1:18:D1,PoliSemFio,29,33.80908703804016,B2-01,0,1
549,54:F0:B1:A1:18:D2,,27,33.80908703804016,B2-01,0,1
550,54:F0:B1:A1:18:D3,MEZANINO,44,33.80908703804016,B2-01,0,1
551,54:F0:B1:A1:18:D4,GDLAB,10,33.80908703804016,B2-01,0,1
552,54:F0:B1:A1:18:D5,LABPAD,35,33.80908703804016,B2-01,0,1
553,54:F0:B1:A1:57:F0,eduroam,15,33.80908703804016,B2-01,0,1
554,54:F0:B1:A1:57:F1,PoliSemFio,15,33.80908703804016,B2-01,0,1
555,54:F0:B1:A1:57:F2,,15,33.80908703804016,B2-01,0,1
556,54:F0:B1:A1:58:00,eduroam,39,33.80908703804016,B2-01,0,1
557,54:F0:B1:A1:58:01,PoliSemFio,34,33.80908703804016,B2-01,0,1
558,54:F0:B1:A1:58:02,,37,33.80908703804016,B2-01,0,1
559,54:F0:B1:A1:E5:00,eduroam,20,33.80908703804016,B2-01,0,1
560,54:F0:B1:A1:E5:02,,22,33.80908703804016,B2-01,0,1
561,54:F0:B1:A2:57:20,eduroam,17,33.80908703804016,B2-01,0,1
562,54:F0:B1:A2:57:21,PoliSemFio,17,33.80908703804016,B2-01,0,1
563,54:F0:B1:A2:57:23,LCA,15,33.80908703804016,B2-01,0,1
564,54:F0:B1:A2:57:30,eduroam,24,33.80908703804016,B2-01,0,1
565,54:F0:B1:A2:57:31,PoliSemFio,25,33.80908703804016,B2-01,0,1
566,54:F0:B1:A2:57:32,,25,33.80908703804016,B2-01,0,1
567,54:F0:B1:A2:57:33,LCA,25,33.80908703804016,B2-01,0,1
568,54:F0:B1:BB:5A:80,eduroam,34,33.80908703804016,B2-01,0,1
569,54:F0:B1:BB:5A:82,HACKER,30,33.80908703804016,B2-01,0,1
570,54:F0:B1:BB:5A:83,LEP,22,33.80908703804016,B2-01,0,1
571,54:F0:B1:BB:84:B0,eduroam,24,33.80908703804016,B2-01,0,1
572,54:F0:B1:BB:84:B2,,22,33.80908703804016,B2-01,0,1
573,54:F0:B1:BB:BE:13,CAEEL,15,33.80908703804016,B2-01,0,1
574,54:F0:B1:BB:C4:D0,eduroam,45,33.80908703804016,B2-01,0,1
575,54:F0:B1:BB:C4:D1,PoliSemFio,37,33.80908703804016,B2-01,0,1
576,54:F0:B1:BB:C4:D2,,34,33.80908703804016,B2-01,0,1
577,54:F0:B1:BB:C4:F0,eduroam,29,33.80908703804016,B2-01,0,1
578,54:F0:B1:BB:C4:F1,PoliSemFio,35,33.80908703804016,B2-01,0,1
579,54:F0:B1:BB:C4:F2,,35,33.80908703804016,B2-01,0,1
580,54:F0:B1:BB:CC:E0,B209,12,33.80908703804016,B2-01,0,1
581,54:F0:B1:BB:F3:20,eduroam,22,33.80908703804016,B2-01,0,1
582,54:F0:B1:BB:FD:D2,,27,33.80908703804016,B2-01,0,1
583,54:F0:B1:BC:09:40,eduroam,85,33.80908703804016,B2-01,0,1
584,54:F0:B1:BC:09:41,PoliSemFio,84,33.80908703804016,B2-01,0,1
585,54:F0:B1:BC:09:42,,84,33.80908703804016,B2-01,0,1
586,54:F0:B1:BC:09:60,eduroam,80,33.80908703804016,B2-01,0,1
587,54:F0:B1:BC:09:61,PoliSemFio,60,33.80908703804016,B2-01,0,1
588,54:F0:B1:BC:1B:D0,eduroam,30,33.80908703804016,B2-01,0,1
589,54:F0:B1:BC:1B:D2,,47,33.80908703804016,B2-01,0,1
590,54:F0:B1:BC:1B:F0,eduroam,22,33.80908703804016,B2-01,0,1
591,54:F0:B1:BC:1B:F1,PoliSemFio,22,33.80908703804016,B2-01,0,1
592,54:F0:B1:BC:1B:F2,,17,33.80908703804016,B2-01,0,1
593,54:F0:B1:BC:2E:90,eduroam,60,33.80908703804016,B2-01,0,1
594,54:F0:B1:BC:2E:92,,62,33.80908703804016,B2-01,0,1
595,54:F0:B1:BC:2E:B0,eduroam,32,33.80908703804016,B2-01,0,1
596,54:F0:B1:BC:2E:B1,PoliSemFio,12,33.80908703804016,B2-01,0,1
597,54:F0:B1:BC:36:10,PoliSemFio,24,33.80908703804016,B2-01,0,1
598,54:F0:B1:BC:36:11,eduroam,25,33.80908703804016,B2-01,0,1
599,54:F0:B1:BC:3F:10,eduroam,34,33.80908703804016,B2-01,0,1
600,54:F0:B1:BC:3F:11,PoliSemFio,32,33.80908703804016,B2-01,0,1
601,54:F0:B1:BC:3F:12,,30,33.80908703804016,B2-01,0,1
602,54:F0:B1:BC:65:B0,eduroam,9,33.80908703804016,B2-01,0,1
603,54:F0:B1:BC:65:B1,PoliSemFio,15,33.80908703804016,B2-01,0,1
604,54:F0:B1:BC:65:B2,,22,33.80908703804016,B2-01,0,1
605,54:F0:B1:BC:6F:70,eduroam,10,33.80908703804016,B2-01,0,1
606,54:F0:B1:BC:70:00,eduroam,24,33.80908703804016,B2-01,0,1
607,54:F0:B1:BC:70:01,PoliSemFio,42,33.80908703804016,B2-01,0,1
608,54:F0:B1:BC:70:02,,44,33.80908703804016,B2-01,0,1
609,54:F0:B1:BC:70:20,eduroam,12,33.80908703804016,B2-01,0,1
610,54:F0:B1:BC:70:21,PoliSemFio,12,33.80908703804016,B2-01,0,1
611,54:F0:B1:BC:77:80,eduroam,42,33.80908703804016,B2-01,0,1
612,54:F0:B1:BC:77:81,PoliSemFio,44,33.80908703804016,B2-01,0,1
613,54:F0:B1:BC:77:82,,44,33.80908703804016,B2-01,0,1
614,54:F0:B1:BC:77:A0,eduroam,14,33.80908703804016,B2-01,0,1
615,54:F0:B1:BC:77:A1,PoliSemFio,15,33.80908703804016,B2-01,0,1
616,54:F0:B1:BC:8F:20,eduroam,19,33.80908703804016,B2-01,0,1
617,68:FF:7B:47:78:BE,C1-22M,45,33.80908703804016,B2-01,0,1
618,70:62:B8:6E:72:A0,PCS-wireless-C1-13,32,33.80908703804016,B2-01,0,1
619,70:62:B8:6E:72:A1,PPGEE,34,33.80908703804016,B2-01,0,1
620,84:D4:7E:06:4F:E0,eduroam,59,33.80908703804016,B2-01,0,1
621,84:D4:7E:06:4F:E1,PoliSemFio,65,33.80908703804016,B2-01,0,1
622,84:D4:7E:06:4F:E2,,65,33.80908703804016,B2-01,0,1
623,84:D4:7E:06:4F:F0,eduroam,24,33.80908703804016,B2-01,0,1
624,84:D4:7E:06:4F:F1,PoliSemFio,24,33.80908703804016,B2-01,0,1
625,B0:4E:26:4B:84:C2,C2-01,27,33.80908703804016,B2-01,0,1
626,DC:9F:DB:1C:1F:D7,LWN-3,14,33.80908703804016,B2-01,0,1
627,DC:9F:DB:1C:1F:E0,LWN-3,39,33.80908703804016,B2-01,0,1
628,EE:9F:DB:1C:1F:E0,,39,33.80908703804016,B2-01,0,1
629,F8:1A:67:99:55:8E,NUCLEAR_CHF,39,33.80908703804016,B2-01,0,1
630,FE:9F:DB:1C:1F:E0,,40,33.80908703804016,B2-01,0,1
631,00:18:E7:FF:8C:98,dlink,29,36.447211027145386,B2-01,0,1
632,00:21:91:70:9D:EC,LAB-DIDATICO,25,36.447211027145386,B2-01,0,1
633,2E:DE:5E:81:79:03,iPhone de Wilhame,20,36.447211027145386,B2-01,0,1
634,30:85:A9:69:F2:E4,PCS-Wireless-C2-22,40,36.447211027145386,B2-01,0,1
635,34:60:F9:A3:D9:14,GASWIFI-2G_C2,34,36.447211027145386,B2-01,0,1
636,34:60:F9:A3:E7:3F,GASWIFI_C4,32,36.447211027145386,B2-01,0,1
637,34:CE:00:51:3E:6F,Lab,45,36.447211027145386,B2-01,0,1
638,34:CE:00:51:3E:70,Lab_5G,17,36.447211027145386,B2-01,0,1
639,48:00:20:34:D2:40,eduroam,24,36.447211027145386,B2-01,0,1
640,54:B8:0A:AA:2C:8C,LAB_DIGITAL,34,36.447211027145386,B2-01,0,1
641,54:B8:0A:AA:2C:8D,PCS-Wireless,35,36.447211027145386,B2-01,0,1
642,54:F0:B1:A1:18:C0,eduroam,24,36.447211027145386,B2-01,0,1
643,54:F0:B1:A1:18:C1,PoliSemFio,22,36.447211027145386,B2-01,0,1
644,54:F0:B1:A1:18:C3,MEZANINO,10,36.447211027145386,B2-01,0,1
645,54:F0:B1:A1:18:C4,GDLAB,9,36.447211027145386,B2-01,0,1
646,54:F0:B1:A1:18:C5,LABPAD,9,36.447211027145386,B2-01,0,1
647,54:F0:B1:A1:18:D0,eduroam,27,36.447211027145386,B2-01,0,1
648,54:F0:B1:A1:18:D1,PoliSemFio,29,36.447211027145386,B2-01,0,1
649,54:F0:B1:A1:18:D2,,34,36.447211027145386,B2-01,0,1
650,54:F0:B1:A1:18:D3,MEZANINO,35,36.447211027145386,B2-01,0,1
651,54:F0:B1:A1:18:D4,GDLAB,10,36.447211027145386,B2-01,0,1
652,54:F0:B1:A1:18:D5,LABPAD,37,36.447211027145386,B2-01,0,1
653,54:F0:B1:A1:57:F0,eduroam,15,36.447211027145386,B2-01,0,1
654,54:F0:B1:A1:57:F1,PoliSemFio,15,36.447211027145386,B2-01,0,1
655,54:F0:B1:A1:57:F2,,15,36.447211027145386,B2-01,0,1
656,54:F0:B1:A1:58:00,eduroam,39,36.447211027145386,B2-01,0,1
657,54:F0:B1:A1:58:01,PoliSemFio,34,36.447211027145386,B2-01,0,1
658,54:F0:B1:A1:58:02,,39,36.447211027145386,B2-01,0,1
659,54:F0:B1:A1:E5:00,eduroam,37,36.447211027145386,B2-01,0,1
660,54:F0:B1:A1:E5:02,,22,36.447211027145386,B2-01,0,1
661,54:F0:B1:A2:57:20,eduroam,17,36.447211027145386,B2-01,0,1
662,54:F0:B1:A2:57:21,PoliSemFio,17,36.447211027145386,B2-01,0,1
663,54:F0:B1:A2:57:23,LCA,15,36.447211027145386,B2-01,0,1
664,54:F0:B1:A2:57:30,eduroam,24,36.447211027145386,B2-01,0,1
665,54:F0:B1:A2:57:31,PoliSemFio,25,36.447211027145386,B2-01,0,1
666,54:F0:B1:A2:57:32,,25,36.447211027145386,B2-01,0,1
667,54:F0:B1:A2:57:33,LCA,25,36.447211027145386,B2-01,0,1
668,54:F0:B1:BB:5A:80,eduroam,34,36.447211027145386,B2-01,0,1
669,54:F0:B1:BB:5A:82,HACKER,30,36.447211027145386,B2-01,0,1
670,54:F0:B1:BB:5A:83,LEP,32,36.447211027145386,B2-01,0,1
671,54:F0:B1:BB:84:B0,eduroam,24,36.447211027145386,B2-01,0,1
672,54:F0:B1:BB:84:B1,PoliSemFio,34,36.447211027145386,B2-01,0,1
673,54:F0:B1:BB:84:B2,,34,36.447211027145386,B2-01,0,1
674,54:F0:B1:BB:BE:13,CAEEL,17,36.447211027145386,B2-01,0,1
675,54:F0:B1:BB:C4:D0,eduroam,57,36.447211027145386,B2-01,0,1
676,54:F0:B1:BB:C4:D1,PoliSemFio,55,36.447211027145386,B2-01,0,1
677,54:F0:B1:BB:C4:D2,,34,36.447211027145386,B2-01,0,1
678,54:F0:B1:BB:C4:F0,eduroam,29,36.447211027145386,B2-01,0,1
679,54:F0:B1:BB:C4:F1,PoliSemFio,29,36.447211027145386,B2-01,0,1
680,54:F0:B1:BB:C4:F2,,35,36.447211027145386,B2-01,0,1
681,54:F0:B1:BB:C5:C4,GDLAB,15,36.447211027145386,B2-01,0,1
682,54:F0:B1:BB:C5:C5,LABPAD,14,36.447211027145386,B2-01,0,1
683,54:F0:B1:BB:CC:E0,B209,12,36.447211027145386,B2-01,0,1
684,54:F0:B1:BB:F3:20,eduroam,22,36.447211027145386,B2-01,0,1
685,54:F0:B1:BB:FD:D2,,30,36.447211027145386,B2-01,0,1
686,54:F0:B1:BC:09:40,eduroam,24,36.447211027145386,B2-01,0,1
687,54:F0:B1:BC:09:41,PoliSemFio,84,36.447211027145386,B2-01,0,1
688,54:F0:B1:BC:09:42,,92,36.447211027145386,B2-01,0,1
689,54:F0:B1:BC:09:60,eduroam,84,36.447211027145386,B2-01,0,1
690,54:F0:B1:BC:09:61,PoliSemFio,84,36.447211027145386,B2-01,0,1
691,54:F0:B1:BC:1B:D0,eduroam,30,36.447211027145386,B2-01,0,1
692,54:F0:B1:BC:1B:D2,,47,36.447211027145386,B2-01,0,1
693,54:F0:B1:BC:1B:F0,eduroam,25,36.447211027145386,B2-01,0,1
694,54:F0:B1:BC:1B:F1,PoliSemFio,25,36.447211027145386,B2-01,0,1
695,54:F0:B1:BC:1B:F2,,17,36.447211027145386,B2-01,0,1
696,54:F0:B1:BC:2E:90,eduroam,72,36.447211027145386,B2-01,0,1
697,54:F0:B1:BC:2E:92,,62,36.447211027145386,B2-01,0,1
698,54:F0:B1:BC:2E:B0,eduroam,42,36.447211027145386,B2-01,0,1
699,54:F0:B1:BC:2E:B1,PoliSemFio,42,36.447211027145386,B2-01,0,1
700,54:F0:B1:BC:36:10,PoliSemFio,24,36.447211027145386,B2-01,0,1
701,54:F0:B1:BC:36:11,eduroam,25,36.447211027145386,B2-01,0,1
702,54:F0:B1:BC:3F:10,eduroam,34,36.447211027145386,B2-01,0,1
703,54:F0:B1:BC:3F:11,PoliSemFio,32,36.447211027145386,B2-01,0,1
704,54:F0:B1:BC:3F:12,,30,36.447211027145386,B2-01,0,1
705,54:F0:B1:BC:65:B0,eduroam,25,36.447211027145386,B2-01,0,1
706,54:F0:B1:BC:65:B1,PoliSemFio,15,36.447211027145386,B2-01,0,1
707,54:F0:B1:BC:65:B2,,22,36.447211027145386,B2-01,0,1
708,54:F0:B1:BC:6F:70,eduroam,10,36.447211027145386,B2-01,0,1
709,54:F0:B1:BC:70:00,eduroam,54,36.447211027145386,B2-01,0,1
710,54:F0:B1:BC:70:01,PoliSemFio,42,36.447211027145386,B2-01,0,1
711,54:F0:B1:BC:70:02,,44,36.447211027145386,B2-01,0,1
712,54:F0:B1:BC:70:20,eduroam,12,36.447211027145386,B2-01,0,1
713,54:F0:B1:BC:70:21,PoliSemFio,12,36.447211027145386,B2-01,0,1
714,54:F0:B1:BC:77:80,eduroam,37,36.447211027145386,B2-01,0,1
715,54:F0:B1:BC:77:81,PoliSemFio,54,36.447211027145386,B2-01,0,1
716,54:F0:B1:BC:77:82,,44,36.447211027145386,B2-01,0,1
717,54:F0:B1:BC:77:A0,eduroam,20,36.447211027145386,B2-01,0,1
718,54:F0:B1:BC:77:A1,PoliSemFio,17,36.447211027145386,B2-01,0,1
719,54:F0:B1:BC:8F:20,eduroam,19,36.447211027145386,B2-01,0,1
720,68:FF:7B:47:78:BE,C1-22M,45,36.447211027145386,B2-01,0,1
721,70:62:B8:6E:72:A0,PCS-wireless-C1-13,29,36.447211027145386,B2-01,0,1
722,70:62:B8:6E:72:A1,PPGEE,34,36.447211027145386,B2-01,0,1
723,84:D4:7E:06:4F:E0,eduroam,50,36.447211027145386,B2-01,0,1
724,84:D4:7E:06:4F:E1,PoliSemFio,65,36.447211027145386,B2-01,0,1
725,84:D4:7E:06:4F:E2,,49,36.447211027145386,B2-01,0,1
726,84:D4:7E:06:4F:F0,eduroam,39,36.447211027145386,B2-01,0,1
727,84:D4:7E:06:4F:F1,PoliSemFio,40,36.447211027145386,B2-01,0,1
728,B0:4E:26:4B:84:C2,C2-01,27,36.447211027145386,B2-01,0,1
729,DC:9F:DB:1C:1F:D7,LWN-3,14,36.447211027145386,B2-01,0,1
730,DC:9F:DB:1C:1F:E0,LWN-3,37,36.447211027145386,B2-01,0,1
731,DE:9F:DB:1C:1F:E0,LARC Guest,37,36.447211027145386,B2-01,0,1
732,EE:9F:DB:1C:1F:E0,,39,36.447211027145386,B2-01,0,1
733,F8:1A:67:99:55:8E,NUCLEAR_CHF,22,36.447211027145386,B2-01,0,1
734,FE:9F:DB:1C:1F:E0,,37,36.447211027145386,B2-01,0,1
735,00:18:E7:FF:8C:98,dlink,29,39.0710813999176,B2-01,0,1
736,00:21:91:70:9D:EC,LAB-DIDATICO,25,39.0710813999176,B2-01,0,1
737,2E:DE:5E:81:79:03,iPhone de Wilhame,20,39.0710813999176,B2-01,0,1
738,30:85:A9:69:F2:E4,PCS-Wireless-C2-22,40,39.0710813999176,B2-01,0,1
739,34:60:F9:A3:D9:14,GASWIFI-2G_C2,34,39.0710813999176,B2-01,0,1
740,34:60:F9:A3:E7:3F,GASWIFI_C4,32,39.0710813999176,B2-01,0,1
741,34:CE:00:51:3E:6F,Lab,45,39.0710813999176,B2-01,0,1
742,34:CE:00:51:3E:70,Lab_5G,17,39.0710813999176,B2-01,0,1
743,48:00:20:34:D2:40,eduroam,24,39.0710813999176,B2-01,0,1
744,54:B8:0A:AA:2C:8C,LAB_DIGITAL,34,39.0710813999176,B2-01,0,1
745,54:B8:0A:AA:2C:8D,PCS-Wireless,35,39.0710813999176,B2-01,0,1
746,54:F0:B1:A1:18:C0,eduroam,24,39.0710813999176,B2-01,0,1
747,54:F0:B1:A1:18:C1,PoliSemFio,22,39.0710813999176,B2-01,0,1
748,54:F0:B1:A1:18:C3,MEZANINO,10,39.0710813999176,B2-01,0,1
749,54:F0:B1:A1:18:C4,GDLAB,9,39.0710813999176,B2-01,0,1
750,54:F0:B1:A1:18:C5,LABPAD,9,39.0710813999176,B2-01,0,1
751,54:F0:B1:A1:18:D0,eduroam,27,39.0710813999176,B2-01,0,1
752,54:F0:B1:A1:18:D1,PoliSemFio,29,39.0710813999176,B2-01,0,1
753,54:F0:B1:A1:18:D2,,34,39.0710813999176,B2-01,0,1
754,54:F0:B1:A1:18:D3,MEZANINO,35,39.0710813999176,B2-01,0,1
755,54:F0:B1:A1:18:D4,GDLAB,10,39.0710813999176,B2-01,0,1
756,54:F0:B1:A1:18:D5,LABPAD,37,39.0710813999176,B2-01,0,1
757,54:F0:B1:A1:57:F0,eduroam,15,39.0710813999176,B2-01,0,1
758,54:F0:B1:A1:57:F1,PoliSemFio,15,39.0710813999176,B2-01,0,1
759,54:F0:B1:A1:57:F2,,15,39.0710813999176,B2-01,0,1
760,54:F0:B1:A1:58:00,eduroam,39,39.0710813999176,B2-01,0,1
761,54:F0:B1:A1:58:01,PoliSemFio,34,39.0710813999176,B2-01,0,1
762,54:F0:B1:A1:58:02,,39,39.0710813999176,B2-01,0,1
763,54:F0:B1:A1:E5:00,eduroam,37,39.0710813999176,B2-01,0,1
764,54:F0:B1:A1:E5:02,,22,39.0710813999176,B2-01,0,1
765,54:F0:B1:A2:57:20,eduroam,17,39.0710813999176,B2-01,0,1
766,54:F0:B1:A2:57:21,PoliSemFio,17,39.0710813999176,B2-01,0,1
767,54:F0:B1:A2:57:23,LCA,15,39.0710813999176,B2-01,0,1
768,54:F0:B1:A2:57:30,eduroam,24,39.0710813999176,B2-01,0,1
769,54:F0:B1:A2:57:31,PoliSemFio,25,39.0710813999176,B2-01,0,1
770,54:F0:B1:A2:57:32,,25,39.0710813999176,B2-01,0,1
771,54:F0:B1:A2:57:33,LCA,25,39.0710813999176,B2-01,0,1
772,54:F0:B1:BB:5A:80,eduroam,34,39.0710813999176,B2-01,0,1
773,54:F0:B1:BB:5A:82,HACKER,30,39.0710813999176,B2-01,0,1
774,54:F0:B1:BB:5A:83,LEP,32,39.0710813999176,B2-01,0,1
775,54:F0:B1:BB:84:B0,eduroam,24,39.0710813999176,B2-01,0,1
776,54:F0:B1:BB:84:B1,PoliSemFio,34,39.0710813999176,B2-01,0,1
777,54:F0:B1:BB:84:B2,,34,39.0710813999176,B2-01,0,1
778,54:F0:B1:BB:BE:13,CAEEL,17,39.0710813999176,B2-01,0,1
779,54:F0:B1:BB:C4:D0,eduroam,57,39.0710813999176,B2-01,0,1
780,54:F0:B1:BB:C4:D1,PoliSemFio,55,39.0710813999176,B2-01,0,1
781,54:F0:B1:BB:C4:D2,,34,39.0710813999176,B2-01,0,1
782,54:F0:B1:BB:C4:F0,eduroam,29,39.0710813999176,B2-01,0,1
783,54:F0:B1:BB:C4:F1,PoliSemFio,29,39.0710813999176,B2-01,0,1
784,54:F0:B1:BB:C4:F2,,35,39.0710813999176,B2-01,0,1
785,54:F0:B1:BB:C5:C4,GDLAB,15,39.0710813999176,B2-01,0,1
786,54:F0:B1:BB:C5:C5,LABPAD,14,39.0710813999176,B2-01,0,1
787,54:F0:B1:BB:CC:E0,B209,12,39.0710813999176,B2-01,0,1
788,54:F0:B1:BB:F3:20,eduroam,22,39.0710813999176,B2-01,0,1
789,54:F0:B1:BB:FD:D2,,30,39.0710813999176,B2-01,0,1
790,54:F0:B1:BC:09:40,eduroam,24,39.0710813999176,B2-01,0,1
791,54:F0:B1:BC:09:41,PoliSemFio,84,39.0710813999176,B2-01,0,1
792,54:F0:B1:BC:09:42,,92,39.0710813999176,B2-01,0,1
793,54:F0:B1:BC:09:60,eduroam,81,39.0710813999176,B2-01,0,1
794,54:F0:B1:BC:09:61,PoliSemFio,84,39.0710813999176,B2-01,0,1
795,54:F0:B1:BC:1B:D0,eduroam,30,39.0710813999176,B2-01,0,1
796,54:F0:B1:BC:1B:D2,,47,39.0710813999176,B2-01,0,1
797,54:F0:B1:BC:1B:F0,eduroam,25,39.0710813999176,B2-01,0,1
798,54:F0:B1:BC:1B:F1,PoliSemFio,25,39.0710813999176,B2-01,0,1
799,54:F0:B1:BC:1B:F2,,17,39.0710813999176,B2-01,0,1
800,54:F0:B1:BC:2E:90,eduroam,72,39.0710813999176,B2-01,0,1
801,54:F0:B1:BC:2E:92,,62,39.0710813999176,B2-01,0,1
802,54:F0:B1:BC:2E:B0,eduroam,42,39.0710813999176,B2-01,0,1
803,54:F0:B1:BC:2E:B1,PoliSemFio,42,39.0710813999176,B2-01,0,1
804,54:F0:B1:BC:36:10,PoliSemFio,24,39.0710813999176,B2-01,0,1
805,54:F0:B1:BC:36:11,eduroam,25,39.0710813999176,B2-01,0,1
806,54:F0:B1:BC:3F:10,eduroam,34,39.0710813999176,B2-01,0,1
807,54:F0:B1:BC:3F:11,PoliSemFio,32,39.0710813999176,B2-01,0,1
808,54:F0:B1:BC:3F:12,,30,39.0710813999176,B2-01,0,1
809,54:F0:B1:BC:65:B0,eduroam,25,39.0710813999176,B2-01,0,1
810,54:F0:B1:BC:65:B1,PoliSemFio,15,39.0710813999176,B2-01,0,1
811,54:F0:B1:BC:65:B2,,22,39.0710813999176,B2-01,0,1
812,54:F0:B1:BC:6F:70,eduroam,10,39.0710813999176,B2-01,0,1
813,54:F0:B1:BC:70:00,eduroam,54,39.0710813999176,B2-01,0,1
814,54:F0:B1:BC:70:01,PoliSemFio,42,39.0710813999176,B2-01,0,1
815,54:F0:B1:BC:70:02,,44,39.0710813999176,B2-01,0,1
816,54:F0:B1:BC:70:20,eduroam,12,39.0710813999176,B2-01,0,1
817,54:F0:B1:BC:70:21,PoliSemFio,12,39.0710813999176,B2-01,0,1
818,54:F0:B1:BC:77:80,eduroam,37,39.0710813999176,B2-01,0,1
819,54:F0:B1:BC:77:81,PoliSemFio,54,39.0710813999176,B2-01,0,1
820,54:F0:B1:BC:77:82,,44,39.0710813999176,B2-01,0,1
821,54:F0:B1:BC:77:A0,eduroam,20,39.0710813999176,B2-01,0,1
822,54:F0:B1:BC:77:A1,PoliSemFio,17,39.0710813999176,B2-01,0,1
823,54:F0:B1:BC:8F:20,eduroam,19,39.0710813999176,B2-01,0,1
824,68:FF:7B:47:78:BE,C1-22M,45,39.0710813999176,B2-01,0,1
825,70:62:B8:6E:72:A0,PCS-wireless-C1-13,29,39.0710813999176,B2-01,0,1
826,70:62:B8:6E:72:A1,PPGEE,34,39.0710813999176,B2-01,0,1
827,84:D4:7E:06:4F:E0,eduroam,50,39.0710813999176,B2-01,0,1
828,84:D4:7E:06:4F:E1,PoliSemFio,65,39.0710813999176,B2-01,0,1
829,84:D4:7E:06:4F:E2,,49,39.0710813999176,B2-01,0,1
830,84:D4:7E:06:4F:F0,eduroam,39,39.0710813999176,B2-01,0,1
831,84:D4:7E:06:4F:F1,PoliSemFio,40,39.0710813999176,B2-01,0,1
832,B0:4E:26:4B:84:C2,C2-01,27,39.0710813999176,B2-01,0,1
833,DC:9F:DB:1C:1F:D7,LWN-3,14,39.0710813999176,B2-01,0,1
834,DC:9F:DB:1C:1F:E0,LWN-3,37,39.0710813999176,B2-01,0,1
835,DE:9F:DB:1C:1F:E0,LARC Guest,37,39.0710813999176,B2-01,0,1
836,EE:9F:DB:1C:1F:E0,,39,39.0710813999176,B2-01,0,1
837,F8:1A:67:99:55:8E,NUCLEAR_CHF,22,39.0710813999176,B2-01,0,1
838,FE:9F:DB:1C:1F:E0,,37,39.0710813999176,B2-01,0,1
839,00:18:E7:FF:8C:98,dlink,29,45.32451581954956,B2-01,0,1
840,00:21:91:70:9D:EC,LAB-DIDATICO,20,45.32451581954956,B2-01,0,1
841,2E:DE:5E:81:79:03,iPhone de Wilhame,20,45.32451581954956,B2-01,0,1
842,30:85:A9:69:F2:E4,PCS-Wireless-C2-22,40,45.32451581954956,B2-01,0,1
843,34:60:F9:A3:D9:14,GASWIFI-2G_C2,27,45.32451581954956,B2-01,0,1
844,34:60:F9:A3:E7:3F,GASWIFI_C4,32,45.32451581954956,B2-01,0,1
845,34:CE:00:51:3E:6F,Lab,42,45.32451581954956,B2-01,0,1
846,34:CE:00:51:3E:70,Lab_5G,17,45.32451581954956,B2-01,0,1
847,3A:60:F9:A3:D9:14,,24,45.32451581954956,B2-01,0,1
848,48:00:20:34:D2:40,eduroam,24,45.32451581954956,B2-01,0,1
849,54:B8:0A:AA:2C:8C,LAB_DIGITAL,34,45.32451581954956,B2-01,0,1
850,54:B8:0A:AA:2C:8D,PCS-Wireless,35,45.32451581954956,B2-01,0,1
851,54:F0:B1:A1:18:C0,eduroam,20,45.32451581954956,B2-01,0,1
852,54:F0:B1:A1:18:C1,PoliSemFio,20,45.32451581954956,B2-01,0,1
853,54:F0:B1:A1:18:C3,MEZANINO,20,45.32451581954956,B2-01,0,1
854,54:F0:B1:A1:18:C4,GDLAB,22,45.32451581954956,B2-01,0,1
855,54:F0:B1:A1:18:C5,LABPAD,20,45.32451581954956,B2-01,0,1
856,54:F0:B1:A1:18:D0,eduroam,27,45.32451581954956,B2-01,0,1
857,54:F0:B1:A1:18:D1,PoliSemFio,29,45.32451581954956,B2-01,0,1
858,54:F0:B1:A1:18:D2,,34,45.32451581954956,B2-01,0,1
859,54:F0:B1:A1:18:D3,MEZANINO,35,45.32451581954956,B2-01,0,1
860,54:F0:B1:A1:18:D5,LABPAD,37,45.32451581954956,B2-01,0,1
861,54:F0:B1:A1:57:F0,eduroam,15,45.32451581954956,B2-01,0,1
862,54:F0:B1:A1:57:F1,PoliSemFio,15,45.32451581954956,B2-01,0,1
863,54:F0:B1:A1:57:F2,,15,45.32451581954956,B2-01,0,1
864,54:F0:B1:A1:58:00,eduroam,25,45.32451581954956,B2-01,0,1
865,54:F0:B1:A1:58:01,PoliSemFio,22,45.32451581954956,B2-01,0,1
866,54:F0:B1:A1:58:02,,39,45.32451581954956,B2-01,0,1
867,54:F0:B1:A1:E5:00,eduroam,25,45.32451581954956,B2-01,0,1
868,54:F0:B1:A2:57:20,eduroam,17,45.32451581954956,B2-01,0,1
869,54:F0:B1:A2:57:21,PoliSemFio,17,45.32451581954956,B2-01,0,1
870,54:F0:B1:A2:57:23,LCA,15,45.32451581954956,B2-01,0,1
871,54:F0:B1:BB:5A:82,HACKER,17,45.32451581954956,B2-01,0,1
872,54:F0:B1:BB:5A:83,LEP,19,45.32451581954956,B2-01,0,1
873,54:F0:B1:BB:84:B0,eduroam,24,45.32451581954956,B2-01,0,1
874,54:F0:B1:BB:84:B1,PoliSemFio,34,45.32451581954956,B2-01,0,1
875,54:F0:B1:BB:84:B2,,34,45.32451581954956,B2-01,0,1
876,54:F0:B1:BB:BE:13,CAEEL,17,45.32451581954956,B2-01,0,1
877,54:F0:B1:BB:C4:D0,eduroam,50,45.32451581954956,B2-01,0,1
878,54:F0:B1:BB:C4:D1,PoliSemFio,47,45.32451581954956,B2-01,0,1
879,54:F0:B1:BB:C4:D2,,47,45.32451581954956,B2-01,0,1
880,54:F0:B1:BB:C4:F0,eduroam,29,45.32451581954956,B2-01,0,1
881,54:F0:B1:BB:C4:F1,PoliSemFio,30,45.32451581954956,B2-01,0,1
882,54:F0:B1:BB:C4:F2,,35,45.32451581954956,B2-01,0,1
883,54:F0:B1:BB:C5:C4,GDLAB,15,45.32451581954956,B2-01,0,1
884,54:F0:B1:BB:C5:C5,LABPAD,14,45.32451581954956,B2-01,0,1
885,54:F0:B1:BB:F3:20,eduroam,22,45.32451581954956,B2-01,0,1
886,54:F0:B1:BB:FD:D2,,30,45.32451581954956,B2-01,0,1
887,54:F0:B1:BC:09:40,eduroam,79,45.32451581954956,B2-01,0,1
888,54:F0:B1:BC:09:41,PoliSemFio,89,45.32451581954956,B2-01,0,1
889,54:F0:B1:BC:09:42,,89,45.32451581954956,B2-01,0,1
890,54:F0:B1:BC:09:60,eduroam,80,45.32451581954956,B2-01,0,1
891,54:F0:B1:BC:09:61,PoliSemFio,94,45.32451581954956,B2-01,0,1
892,54:F0:B1:BC:1B:D0,eduroam,30,45.32451581954956,B2-01,0,1
893,54:F0:B1:BC:1B:D1,PoliSemFio,49,45.32451581954956,B2-01,0,1
894,54:F0:B1:BC:1B:D2,,47,45.32451581954956,B2-01,0,1
895,54:F0:B1:BC:1B:F0,eduroam,17,45.32451581954956,B2-01,0,1
896,54:F0:B1:BC:1B:F1,PoliSemFio,14,45.32451581954956,B2-01,0,1
897,54:F0:B1:BC:2E:90,eduroam,72,45.32451581954956,B2-01,0,1
898,54:F0:B1:BC:2E:92,,62,45.32451581954956,B2-01,0,1
899,54:F0:B1:BC:2E:B0,eduroam,25,45.32451581954956,B2-01,0,1
900,54:F0:B1:BC:2E:B1,PoliSemFio,25,45.32451581954956,B2-01,0,1
901,54:F0:B1:BC:36:10,PoliSemFio,24,45.32451581954956,B2-01,0,1
902,54:F0:B1:BC:36:11,eduroam,25,45.32451581954956,B2-01,0,1
903,54:F0:B1:BC:3F:10,eduroam,34,45.32451581954956,B2-01,0,1
904,54:F0:B1:BC:3F:11,PoliSemFio,32,45.32451581954956,B2-01,0,1
905,54:F0:B1:BC:3F:12,,30,45.32451581954956,B2-01,0,1
906,54:F0:B1:BC:65:B0,eduroam,25,45.32451581954956,B2-01,0,1
907,54:F0:B1:BC:65:B1,PoliSemFio,15,45.32451581954956,B2-01,0,1
908,54:F0:B1:BC:70:00,eduroam,39,45.32451581954956,B2-01,0,1
909,54:F0:B1:BC:70:01,PoliSemFio,37,45.32451581954956,B2-01,0,1
910,54:F0:B1:BC:70:02,,39,45.32451581954956,B2-01,0,1
911,54:F0:B1:BC:70:20,eduroam,12,45.32451581954956,B2-01,0,1
912,54:F0:B1:BC:70:21,PoliSemFio,12,45.32451581954956,B2-01,0,1
913,54:F0:B1:BC:77:80,eduroam,37,45.32451581954956,B2-01,0,1
914,54:F0:B1:BC:77:81,PoliSemFio,44,45.32451581954956,B2-01,0,1
915,54:F0:B1:BC:77:82,,44,45.32451581954956,B2-01,0,1
916,54:F0:B1:BC:77:A0,eduroam,15,45.32451581954956,B2-01,0,1
917,54:F0:B1:BC:77:A1,PoliSemFio,17,45.32451581954956,B2-01,0,1
918,54:F0:B1:BC:8F:20,eduroam,19,45.32451581954956,B2-01,0,1
919,68:FF:7B:47:78:BE,C1-22M,45,45.32451581954956,B2-01,0,1
920,70:62:B8:6E:72:A0,PCS-wireless-C1-13,29,45.32451581954956,B2-01,0,1
921,70:62:B8:6E:72:A1,PPGEE,34,45.32451581954956,B2-01,0,1
922,84:D4:7E:06:4F:E0,eduroam,69,45.32451581954956,B2-01,0,1
923,84:D4:7E:06:4F:E1,PoliSemFio,74,45.32451581954956,B2-01,0,1
924,84:D4:7E:06:4F:E2,,74,45.32451581954956,B2-01,0,1
925,84:D4:7E:06:4F:F0,eduroam,30,45.32451581954956,B2-01,0,1
926,84:D4:7E:06:4F:F1,PoliSemFio,30,45.32451581954956,B2-01,0,1
927,B0:4E:26:4B:84:C2,C2-01,27,45.32451581954956,B2-01,0,1
928,DC:9F:DB:1C:1F:E0,LWN-3,37,45.32451581954956,B2-01,0,1
929,DE:9F:DB:1C:1F:E0,LARC Guest,37,45.32451581954956,B2-01,0,1
930,EE:9F:DB:1C:1F:E0,,39,45.32451581954956,B2-01,0,1
931,F8:1A:67:99:55:8E,NUCLEAR_CHF,22,45.32451581954956,B2-01,0,1
932,FE:9F:DB:1C:1F:E0,,37,45.32451581954956,B2-01,0,1
933,00:18:E7:FF:8C:98,dlink,29,55.21833872795105,B2-01,0,1
934,00:21:91:70:9D:EC,LAB-DIDATICO,25,55.21833872795105,B2-01,0,1
935,30:85:A9:69:F2:E4,PCS-Wireless-C2-22,39,55.21833872795105,B2-01,0,1
936,34:60:F9:A3:D9:14,GASWIFI-2G_C2,30,55.21833872795105,B2-01,0,1
937,34:60:F9:A3:E7:3F,GASWIFI_C4,32,55.21833872795105,B2-01,0,1
938,34:CE:00:51:3E:6F,Lab,54,55.21833872795105,B2-01,0,1
939,34:CE:00:51:3E:70,Lab_5G,17,55.21833872795105,B2-01,0,1
940,3A:60:F9:A3:D9:14,,24,55.21833872795105,B2-01,0,1
941,48:00:20:34:D2:40,eduroam,20,55.21833872795105,B2-01,0,1
942,54:B8:0A:AA:2C:8C,LAB_DIGITAL,34,55.21833872795105,B2-01,0,1
943,54:B8:0A:AA:2C:8D,PCS-Wireless,42,55.21833872795105,B2-01,0,1
944,54:F0:B1:A1:18:C0,eduroam,12,55.21833872795105,B2-01,0,1
945,54:F0:B1:A1:18:C1,PoliSemFio,12,55.21833872795105,B2-01,0,1
946,54:F0:B1:A1:18:C3,MEZANINO,10,55.21833872795105,B2-01,0,1
947,54:F0:B1:A1:18:C4,GDLAB,12,55.21833872795105,B2-01,0,1
948,54:F0:B1:A1:18:C5,LABPAD,14,55.21833872795105,B2-01,0,1
949,54:F0:B1:A1:18:D0,eduroam,27,55.21833872795105,B2-01,0,1
950,54:F0:B1:A1:18:D1,PoliSemFio,29,55.21833872795105,B2-01,0,1
951,54:F0:B1:A1:18:D2,,34,55.21833872795105,B2-01,0,1
952,54:F0:B1:A1:18:D3,MEZANINO,35,55.21833872795105,B2-01,0,1
953,54:F0:B1:A1:18:D4,GDLAB,39,55.21833872795105,B2-01,0,1
954,54:F0:B1:A1:18:D5,LABPAD,37,55.21833872795105,B2-01,0,1
955,54:F0:B1:A1:57:F0,eduroam,15,55.21833872795105,B2-01,0,1
956,54:F0:B1:A1:57:F1,PoliSemFio,15,55.21833872795105,B2-01,0,1
957,54:F0:B1:A1:57:F2,,15,55.21833872795105,B2-01,0,1
958,54:F0:B1:A1:58:00,eduroam,39,55.21833872795105,B2-01,0,1
959,54:F0:B1:A1:58:01,PoliSemFio,22,55.21833872795105,B2-01,0,1
960,54:F0:B1:A1:58:02,,42,55.21833872795105,B2-01,0,1
961,54:F0:B1:A1:E5:00,eduroam,25,55.21833872795105,B2-01,0,1
962,54:F0:B1:A2:57:20,eduroam,17,55.21833872795105,B2-01,0,1
963,54:F0:B1:A2:57:21,PoliSemFio,17,55.21833872795105,B2-01,0,1
964,54:F0:B1:A2:57:23,LCA,15,55.21833872795105,B2-01,0,1
965,54:F0:B1:BB:5A:82,HACKER,29,55.21833872795105,B2-01,0,1
966,54:F0:B1:BB:5A:83,LEP,32,55.21833872795105,B2-01,0,1
967,54:F0:B1:BB:84:B0,eduroam,24,55.21833872795105,B2-01,0,1
968,54:F0:B1:BB:84:B1,PoliSemFio,34,55.21833872795105,B2-01,0,1
969,54:F0:B1:BB:84:B2,,32,55.21833872795105,B2-01,0,1
970,54:F0:B1:BB:BE:13,CAEEL,17,55.21833872795105,B2-01,0,1
971,54:F0:B1:BB:C4:D0,eduroam,59,55.21833872795105,B2-01,0,1
972,54:F0:B1:BB:C4:D1,PoliSemFio,57,55.21833872795105,B2-01,0,1
973,54:F0:B1:BB:C4:D2,,47,55.21833872795105,B2-01,0,1
974,54:F0:B1:BB:C4:F0,eduroam,32,55.21833872795105,B2-01,0,1
975,54:F0:B1:BB:C4:F1,PoliSemFio,32,55.21833872795105,B2-01,0,1
976,54:F0:B1:BB:C4:F2,,35,55.21833872795105,B2-01,0,1
977,54:F0:B1:BB:C5:C4,GDLAB,15,55.21833872795105,B2-01,0,1
978,54:F0:B1:BB:C5:C5,LABPAD,14,55.21833872795105,B2-01,0,1
979,54:F0:B1:BB:F3:20,eduroam,22,55.21833872795105,B2-01,0,1
980,54:F0:B1:BB:FD:D0,eduroam,20,55.21833872795105,B2-01,0,1
981,54:F0:B1:BB:FD:D1,PoliSemFio,27,55.21833872795105,B2-01,0,1
982,54:F0:B1:BB:FD:D2,,30,55.21833872795105,B2-01,0,1
983,54:F0:B1:BC:09:40,eduroam,87,55.21833872795105,B2-01,0,1
984,54:F0:B1:BC:09:41,PoliSemFio,89,55.21833872795105,B2-01,0,1
985,54:F0:B1:BC:09:42,,89,55.21833872795105,B2-01,0,1
986,54:F0:B1:BC:09:60,eduroam,85,55.21833872795105,B2-01,0,1
987,54:F0:B1:BC:09:61,PoliSemFio,85,55.21833872795105,B2-01,0,1
988,54:F0:B1:BC:1B:D1,PoliSemFio,52,55.21833872795105,B2-01,0,1
989,54:F0:B1:BC:1B:D2,,52,55.21833872795105,B2-01,0,1
990,54:F0:B1:BC:1B:F0,eduroam,22,55.21833872795105,B2-01,0,1
991,54:F0:B1:BC:1B:F1,PoliSemFio,22,55.21833872795105,B2-01,0,1
992,54:F0:B1:BC:2E:90,eduroam,72,55.21833872795105,B2-01,0,1
993,54:F0:B1:BC:2E:B0,eduroam,42,55.21833872795105,B2-01,0,1
994,54:F0:B1:BC:2E:B1,PoliSemFio,42,55.21833872795105,B2-01,0,1
995,54:F0:B1:BC:36:10,PoliSemFio,24,55.21833872795105,B2-01,0,1
996,54:F0:B1:BC:36:12,,27,55.21833872795105,B2-01,0,1
997,54:F0:B1:BC:3F:10,eduroam,34,55.21833872795105,B2-01,0,1
998,54:F0:B1:BC:3F:11,PoliSemFio,32,55.21833872795105,B2-01,0,1
999,54:F0:B1:BC:3F:12,,25,55.21833872795105,B2-01,0,1
1000,54:F0:B1:BC:65:B0,eduroam,25,55.21833872795105,B2-01,0,1
1001,54:F0:B1:BC:65:B1,PoliSemFio,15,55.21833872795105,B2-01,0,1
1002,54:F0:B1:BC:70:00,eduroam,39,55.21833872795105,B2-01,0,1
1003,54:F0:B1:BC:70:01,PoliSemFio,37,55.21833872795105,B2-01,0,1
1004,54:F0:B1:BC:70:02,,39,55.21833872795105,B2-01,0,1
1005,54:F0:B1:BC:70:20,eduroam,22,55.21833872795105,B2-01,0,1
1006,54:F0:B1:BC:70:21,PoliSemFio,24,55.21833872795105,B2-01,0,1
1007,54:F0:B1:BC:77:80,eduroam,37,55.21833872795105,B2-01,0,1
1008,54:F0:B1:BC:77:81,PoliSemFio,44,55.21833872795105,B2-01,0,1
1009,54:F0:B1:BC:77:82,,50,55.21833872795105,B2-01,0,1
1010,54:F0:B1:BC:77:A0,eduroam,15,55.21833872795105,B2-01,0,1
1011,54:F0:B1:BC:77:A1,PoliSemFio,17,55.21833872795105,B2-01,0,1
1012,54:F0:B1:BC:7C:90,eduroam,10,55.21833872795105,B2-01,0,1
1013,54:F0:B1:BC:8F:20,eduroam,19,55.21833872795105,B2-01,0,1
1014,68:FF:7B:47:78:BE,C1-22M,49,55.21833872795105,B2-01,0,1
1015,70:62:B8:6E:72:A0,PCS-wireless-C1-13,27,55.21833872795105,B2-01,0,1
1016,70:62:B8:6E:72:A1,PPGEE,27,55.21833872795105,B2-01,0,1
1017,84:D4:7E:06:4F:E0,eduroam,54,55.21833872795105,B2-01,0,1
1018,84:D4:7E:06:4F:E1,PoliSemFio,50,55.21833872795105,B2-01,0,1
1019,84:D4:7E:06:4F:E2,,50,55.21833872795105,B2-01,0,1
1020,84:D4:7E:06:4F:F0,eduroam,40,55.21833872795105,B2-01,0,1
1021,84:D4:7E:06:4F:F1,PoliSemFio,40,55.21833872795105,B2-01,0,1
1022,AA:6B:AD:82:46:CC,DIRECT-cc-HP M132f LaserJet,22,55.21833872795105,B2-01,0,1
1023,B0:4E:26:4B:84:C2,C2-01,27,55.21833872795105,B2-01,0,1
1024,DC:9F:DB:1C:1F:E0,LWN-3,34,55.21833872795105,B2-01,0,1
1025,DE:9F:DB:1C:1F:E0,LARC Guest,34,55.21833872795105,B2-01,0,1
1026,EE:9F:DB:1C:1F:E0,,35,55.21833872795105,B2-01,0,1
1027,F8:1A:67:99:55:8E,NUCLEAR_CHF,24,55.21833872795105,B2-01,0,1
1028,FE:9F:DB:1C:1F:D7,,15,55.21833872795105,B2-01,0,1
1029,FE:9F:DB:1C:1F:E0,,34,55.21833872795105,B2-01,0,1
1030,00:18:E7:FF:8C:98,dlink,29,57.84891700744629,B2-01,0,1
1031,00:21:91:70:9D:EC,LAB-DIDATICO,25,57.84891700744629,B2-01,0,1
1032,30:85:A9:69:F2:E4,PCS-Wireless-C2-22,39,57.84891700744629,B2-01,0,1
1033,34:60:F9:A3:D9:14,GASWIFI-2G_C2,30,57.84891700744629,B2-01,0,1
1034,34:60:F9:A3:E7:3F,GASWIFI_C4,32,57.84891700744629,B2-01,0,1
1035,34:CE:00:51:3E:6F,Lab,54,57.84891700744629,B2-01,0,1
1036,34:CE:00:51:3E:70,Lab_5G,17,57.84891700744629,B2-01,0,1
1037,3A:60:F9:A3:D9:14,,24,57.84891700744629,B2-01,0,1
1038,48:00:20:34:D2:40,eduroam,20,57.84891700744629,B2-01,0,1
1039,54:B8:0A:AA:2C:8C,LAB_DIGITAL,34,57.84891700744629,B2-01,0,1
1040,54:B8:0A:AA:2C:8D,PCS-Wireless,42,57.84891700744629,B2-01,0,1
1041,54:F0:B1:A1:18:C0,eduroam,12,57.84891700744629,B2-01,0,1
1042,54:F0:B1:A1:18:C1,PoliSemFio,12,57.84891700744629,B2-01,0,1
1043,54:F0:B1:A1:18:C3,MEZANINO,10,57.84891700744629,B2-01,0,1
1044,54:F0:B1:A1:18:C4,GDLAB,12,57.84891700744629,B2-01,0,1
1045,54:F0:B1:A1:18:C5,LABPAD,14,57.84891700744629,B2-01,0,1
1046,54:F0:B1:A1:18:D0,eduroam,27,57.84891700744629,B2-01,0,1
1047,54:F0:B1:A1:18:D1,PoliSemFio,29,57.84891700744629,B2-01,0,1
1048,54:F0:B1:A1:18:D2,,34,57.84891700744629,B2-01,0,1
1049,54:F0:B1:A1:18:D3,MEZANINO,35,57.84891700744629,B2-01,0,1
1050,54:F0:B1:A1:18:D4,GDLAB,39,57.84891700744629,B2-01,0,1
1051,54:F0:B1:A1:18:D5,LABPAD,37,57.84891700744629,B2-01,0,1
1052,54:F0:B1:A1:57:F0,eduroam,15,57.84891700744629,B2-01,0,1
1053,54:F0:B1:A1:57:F1,PoliSemFio,15,57.84891700744629,B2-01,0,1
1054,54:F0:B1:A1:57:F2,,15,57.84891700744629,B2-01,0,1
1055,54:F0:B1:A1:58:00,eduroam,39,57.84891700744629,B2-01,0,1
1056,54:F0:B1:A1:58:01,PoliSemFio,22,57.84891700744629,B2-01,0,1
1057,54:F0:B1:A1:58:02,,42,57.84891700744629,B2-01,0,1
1058,54:F0:B1:A1:E5:00,eduroam,25,57.84891700744629,B2-01,0,1
1059,54:F0:B1:A2:57:20,eduroam,17,57.84891700744629,B2-01,0,1
1060,54:F0:B1:A2:57:21,PoliSemFio,17,57.84891700744629,B2-01,0,1
1061,54:F0:B1:A2:57:23,LCA,15,57.84891700744629,B2-01,0,1
1062,54:F0:B1:BB:5A:82,HACKER,29,57.84891700744629,B2-01,0,1
1063,54:F0:B1:BB:5A:83,LEP,32,57.84891700744629,B2-01,0,1
1064,54:F0:B1:BB:84:B0,eduroam,24,57.84891700744629,B2-01,0,1
1065,54:F0:B1:BB:84:B1,PoliSemFio,34,57.84891700744629,B2-01,0,1
1066,54:F0:B1:BB:84:B2,,32,57.84891700744629,B2-01,0,1
1067,54:F0:B1:BB:BE:13,CAEEL,17,57.84891700744629,B2-01,0,1
1068,54:F0:B1:BB:C4:D0,eduroam,59,57.84891700744629,B2-01,0,1
1069,54:F0:B1:BB:C4:D1,PoliSemFio,57,57.84891700744629,B2-01,0,1
1070,54:F0:B1:BB:C4:D2,,47,57.84891700744629,B2-01,0,1
1071,54:F0:B1:BB:C4:F0,eduroam,32,57.84891700744629,B2-01,0,1
1072,54:F0:B1:BB:C4:F1,PoliSemFio,32,57.84891700744629,B2-01,0,1
1073,54:F0:B1:BB:C4:F2,,35,57.84891700744629,B2-01,0,1
1074,54:F0:B1:BB:C5:C4,GDLAB,15,57.84891700744629,B2-01,0,1
1075,54:F0:B1:BB:C5:C5,LABPAD,14,57.84891700744629,B2-01,0,1
1076,54:F0:B1:BB:F3:20,eduroam,22,57.84891700744629,B2-01,0,1
1077,54:F0:B1:BB:FD:D0,eduroam,20,57.84891700744629,B2-01,0,1
1078,54:F0:B1:BB:FD:D1,PoliSemFio,27,57.84891700744629,B2-01,0,1
1079,54:F0:B1:BB:FD:D2,,30,57.84891700744629,B2-01,0,1
1080,54:F0:B1:BC:09:40,eduroam,87,57.84891700744629,B2-01,0,1
1081,54:F0:B1:BC:09:41,PoliSemFio,89,57.84891700744629,B2-01,0,1
1082,54:F0:B1:BC:09:42,,89,57.84891700744629,B2-01,0,1
1083,54:F0:B1:BC:09:60,eduroam,80,57.84891700744629,B2-01,0,1
1084,54:F0:B1:BC:09:61,PoliSemFio,85,57.84891700744629,B2-01,0,1
1085,54:F0:B1:BC:1B:D1,PoliSemFio,52,57.84891700744629,B2-01,0,1
1086,54:F0:B1:BC:1B:D2,,52,57.84891700744629,B2-01,0,1
1087,54:F0:B1:BC:1B:F0,eduroam,22,57.84891700744629,B2-01,0,1
1088,54:F0:B1:BC:1B:F1,PoliSemFio,22,57.84891700744629,B2-01,0,1
1089,54:F0:B1:BC:2E:90,eduroam,72,57.84891700744629,B2-01,0,1
1090,54:F0:B1:BC:2E:B0,eduroam,42,57.84891700744629,B2-01,0,1
1091,54:F0:B1:BC:2E:B1,PoliSemFio,42,57.84891700744629,B2-01,0,1
1092,54:F0:B1:BC:36:10,PoliSemFio,24,57.84891700744629,B2-01,0,1
1093,54:F0:B1:BC:36:12,,27,57.84891700744629,B2-01,0,1
1094,54:F0:B1:BC:3F:10,eduroam,34,57.84891700744629,B2-01,0,1
1095,54:F0:B1:BC:3F:11,PoliSemFio,32,57.84891700744629,B2-01,0,1
1096,54:F0:B1:BC:3F:12,,25,57.84891700744629,B2-01,0,1
1097,54:F0:B1:BC:65:B0,eduroam,25,57.84891700744629,B2-01,0,1
1098,54:F0:B1:BC:65:B1,PoliSemFio,15,57.84891700744629,B2-01,0,1
1099,54:F0:B1:BC:70:00,eduroam,39,57.84891700744629,B2-01,0,1
1100,54:F0:B1:BC:70:01,PoliSemFio,37,57.84891700744629,B2-01,0,1
1101,54:F0:B1:BC:70:02,,39,57.84891700744629,B2-01,0,1
1102,54:F0:B1:BC:70:20,eduroam,22,57.84891700744629,B2-01,0,1
1103,54:F0:B1:BC:70:21,PoliSemFio,24,57.84891700744629,B2-01,0,1
1104,54:F0:B1:BC:77:80,eduroam,37,57.84891700744629,B2-01,0,1
1105,54:F0:B1:BC:77:81,PoliSemFio,44,57.84891700744629,B2-01,0,1
1106,54:F0:B1:BC:77:82,,50,57.84891700744629,B2-01,0,1
1107,54:F0:B1:BC:77:A0,eduroam,15,57.84891700744629,B2-01,0,1
1108,54:F0:B1:BC:77:A1,PoliSemFio,17,57.84891700744629,B2-01,0,1
1109,54:F0:B1:BC:7C:90,eduroam,10,57.84891700744629,B2-01,0,1
1110,54:F0:B1:BC:8F:20,eduroam,19,57.84891700744629,B2-01,0,1
1111,68:FF:7B:47:78:BE,C1-22M,49,57.84891700744629,B2-01,0,1
1112,70:62:B8:6E:72:A0,PCS-wireless-C1-13,27,57.84891700744629,B2-01,0,1
1113,70:62:B8:6E:72:A1,PPGEE,27,57.84891700744629,B2-01,0,1
1114,84:D4:7E:06:4F:E0,eduroam,54,57.84891700744629,B2-01,0,1
1115,84:D4:7E:06:4F:E1,PoliSemFio,50,57.84891700744629,B2-01,0,1
1116,84:D4:7E:06:4F:E2,,50,57.84891700744629,B2-01,0,1
1117,84:D4:7E:06:4F:F0,eduroam,40,57.84891700744629,B2-01,0,1
1118,84:D4:7E:06:4F:F1,PoliSemFio,40,57.84891700744629,B2-01,0,1
1119,AA:6B:AD:82:46:CC,DIRECT-cc-HP M132f LaserJet,22,57.84891700744629,B2-01,0,1
1120,B0:4E:26:4B:84:C2,C2-01,27,57.84891700744629,B2-01,0,1
1121,DC:9F:DB:1C:1F:E0,LWN-3,34,57.84891700744629,B2-01,0,1
1122,DE:9F:DB:1C:1F:E0,LARC Guest,34,57.84891700744629,B2-01,0,1
1123,EE:9F:DB:1C:1F:E0,,35,57.84891700744629,B2-01,0,1
1124,F8:1A:67:99:55:8E,NUCLEAR_CHF,24,57.84891700744629,B2-01,0,1
1125,FE:9F:DB:1C:1F:D7,,15,57.84891700744629,B2-01,0,1
1126,FE:9F:DB:1C:1F:E0,,34,57.84891700744629,B2-01,0,1
1127,00:18:E7:FF:8C:98,dlink,29,64.12900757789612,B2-01,0,1
1128,00:21:91:70:9D:EC,LAB-DIDATICO,25,64.12900757789612,B2-01,0,1
1129,30:85:A9:69:F2:E4,PCS-Wireless-C2-22,39,64.12900757789612,B2-01,0,1
1130,34:60:F9:A3:D9:14,GASWIFI-2G_C2,27,64.12900757789612,B2-01,0,1
1131,34:60:F9:A3:E7:3F,GASWIFI_C4,32,64.12900757789612,B2-01,0,1
1132,34:CE:00:51:3E:6F,Lab,45,64.12900757789612,B2-01,0,1
1133,34:CE:00:51:3E:70,Lab_5G,17,64.12900757789612,B2-01,0,1
1134,3A:60:F9:A3:D9:14,,24,64.12900757789612,B2-01,0,1
1135,48:00:20:34:D2:40,eduroam,20,64.12900757789612,B2-01,0,1
1136,54:B8:0A:AA:2C:8C,LAB_DIGITAL,34,64.12900757789612,B2-01,0,1
1137,54:B8:0A:AA:2C:8D,PCS-Wireless,42,64.12900757789612,B2-01,0,1
1138,54:F0:B1:A1:18:C0,eduroam,22,64.12900757789612,B2-01,0,1
1139,54:F0:B1:A1:18:C1,PoliSemFio,20,64.12900757789612,B2-01,0,1
1140,54:F0:B1:A1:18:C3,MEZANINO,20,64.12900757789612,B2-01,0,1
1141,54:F0:B1:A1:18:C4,GDLAB,22,64.12900757789612,B2-01,0,1
1142,54:F0:B1:A1:18:C5,LABPAD,24,64.12900757789612,B2-01,0,1
1143,54:F0:B1:A1:18:D0,eduroam,27,64.12900757789612,B2-01,0,1
1144,54:F0:B1:A1:18:D1,PoliSemFio,29,64.12900757789612,B2-01,0,1
1145,54:F0:B1:A1:18:D2,,32,64.12900757789612,B2-01,0,1
1146,54:F0:B1:A1:18:D3,MEZANINO,35,64.12900757789612,B2-01,0,1
1147,54:F0:B1:A1:18:D4,GDLAB,39,64.12900757789612,B2-01,0,1
1148,54:F0:B1:A1:18:D5,LABPAD,37,64.12900757789612,B2-01,0,1
1149,54:F0:B1:A1:58:00,eduroam,39,64.12900757789612,B2-01,0,1
1150,54:F0:B1:A1:58:01,PoliSemFio,22,64.12900757789612,B2-01,0,1
1151,54:F0:B1:A1:58:02,,42,64.12900757789612,B2-01,0,1
1152,54:F0:B1:A1:E5:00,eduroam,25,64.12900757789612,B2-01,0,1
1153,54:F0:B1:BB:5A:82,HACKER,29,64.12900757789612,B2-01,0,1
1154,54:F0:B1:BB:5A:83,LEP,32,64.12900757789612,B2-01,0,1
1155,54:F0:B1:BB:84:B0,eduroam,19,64.12900757789612,B2-01,0,1
1156,54:F0:B1:BB:84:B1,PoliSemFio,34,64.12900757789612,B2-01,0,1
1157,54:F0:B1:BB:84:B2,,32,64.12900757789612,B2-01,0,1
1158,54:F0:B1:BB:BE:13,CAEEL,17,64.12900757789612,B2-01,0,1
1159,54:F0:B1:BB:C4:D0,eduroam,50,64.12900757789612,B2-01,0,1
1160,54:F0:B1:BB:C4:D1,PoliSemFio,57,64.12900757789612,B2-01,0,1
1161,54:F0:B1:BB:C4:D2,,47,64.12900757789612,B2-01,0,1
1162,54:F0:B1:BB:C4:F0,eduroam,32,64.12900757789612,B2-01,0,1
1163,54:F0:B1:BB:C4:F1,PoliSemFio,32,64.12900757789612,B2-01,0,1
1164,54:F0:B1:BB:C5:C4,GDLAB,15,64.12900757789612,B2-01,0,1
1165,54:F0:B1:BB:C5:C5,LABPAD,14,64.12900757789612,B2-01,0,1
1166,54:F0:B1:BB:FD:D0,eduroam,20,64.12900757789612,B2-01,0,1
1167,54:F0:B1:BB:FD:D1,PoliSemFio,27,64.12900757789612,B2-01,0,1
1168,54:F0:B1:BB:FD:D2,,30,64.12900757789612,B2-01,0,1
1169,54:F0:B1:BC:09:40,eduroam,79,64.12900757789612,B2-01,0,1
1170,54:F0:B1:BC:09:41,PoliSemFio,89,64.12900757789612,B2-01,0,1
1171,54:F0:B1:BC:09:42,,89,64.12900757789612,B2-01,0,1
1172,54:F0:B1:BC:09:60,eduroam,80,64.12900757789612,B2-01,0,1
1173,54:F0:B1:BC:09:61,PoliSemFio,94,64.12900757789612,B2-01,0,1
1174,54:F0:B1:BC:1B:D1,PoliSemFio,52,64.12900757789612,B2-01,0,1
1175,54:F0:B1:BC:1B:D2,,52,64.12900757789612,B2-01,0,1
1176,54:F0:B1:BC:1B:F0,eduroam,17,64.12900757789612,B2-01,0,1
1177,54:F0:B1:BC:1B:F1,PoliSemFio,17,64.12900757789612,B2-01,0,1
1178,54:F0:B1:BC:2E:90,eduroam,37,64.12900757789612,B2-01,0,1
1179,54:F0:B1:BC:2E:B0,eduroam,27,64.12900757789612,B2-01,0,1
1180,54:F0:B1:BC:2E:B1,PoliSemFio,27,64.12900757789612,B2-01,0,1
1181,54:F0:B1:BC:36:12,,27,64.12900757789612,B2-01,0,1
1182,54:F0:B1:BC:3F:12,,25,64.12900757789612,B2-01,0,1
1183,54:F0:B1:BC:65:B0,eduroam,25,64.12900757789612,B2-01,0,1
1184,54:F0:B1:BC:70:00,eduroam,39,64.12900757789612,B2-01,0,1
1185,54:F0:B1:BC:70:01,PoliSemFio,37,64.12900757789612,B2-01,0,1
1186,54:F0:B1:BC:70:02,,39,64.12900757789612,B2-01,0,1
1187,54:F0:B1:BC:70:20,eduroam,22,64.12900757789612,B2-01,0,1
1188,54:F0:B1:BC:70:21,PoliSemFio,24,64.12900757789612,B2-01,0,1
1189,54:F0:B1:BC:77:80,eduroam,37,64.12900757789612,B2-01,0,1
1190,54:F0:B1:BC:77:81,PoliSemFio,44,64.12900757789612,B2-01,0,1
1191,54:F0:B1:BC:77:82,,50,64.12900757789612,B2-01,0,1
1192,54:F0:B1:BC:77:A0,eduroam,19,64.12900757789612,B2-01,0,1
1193,54:F0:B1:BC:77:A1,PoliSemFio,19,64.12900757789612,B2-01,0,1
1194,54:F0:B1:BC:7C:90,eduroam,10,64.12900757789612,B2-01,0,1
1195,68:FF:7B:47:78:BE,C1-22M,54,64.12900757789612,B2-01,0,1
1196,70:62:B8:6E:72:A0,PCS-wireless-C1-13,29,64.12900757789612,B2-01,0,1
1197,70:62:B8:6E:72:A1,PPGEE,25,64.12900757789612,B2-01,0,1
1198,84:D4:7E:06:4F:E0,eduroam,54,64.12900757789612,B2-01,0,1
1199,84:D4:7E:06:4F:E1,PoliSemFio,50,64.12900757789612,B2-01,0,1
1200,84:D4:7E:06:4F:E2,,74,64.12900757789612,B2-01,0,1
1201,84:D4:7E:06:4F:F0,eduroam,25,64.12900757789612,B2-01,0,1
1202,84:D4:7E:06:4F:F1,PoliSemFio,25,64.12900757789612,B2-01,0,1
1203,AA:6B:AD:82:46:CC,DIRECT-cc-HP M132f LaserJet,22,64.12900757789612,B2-01,0,1
1204,DC:9F:DB:1C:1F:E0,LWN-3,34,64.12900757789612,B2-01,0,1
1205,DE:9F:DB:1C:1F:E0,LARC Guest,34,64.12900757789612,B2-01,0,1
1206,EE:9F:DB:1C:1F:E0,,35,64.12900757789612,B2-01,0,1
1207,F8:1A:67:99:55:8E,NUCLEAR_CHF,32,64.12900757789612,B2-01,0,1
1208,FE:9F:DB:1C:1F:D7,,15,64.12900757789612,B2-01,0,1
1209,FE:9F:DB:1C:1F:E0,,34,64.12900757789612,B2-01,0,1
1210,00:18:E7:FF:8C:98,dlink,29,70.38853430747986,B2-01,0,1
1211,00:21:91:70:9D:EC,LAB-DIDATICO,25,70.38853430747986,B2-01,0,1
1212,30:85:A9:69:F2:E4,PCS-Wireless-C2-22,39,70.38853430747986,B2-01,0,1
1213,34:60:F9:A3:D9:14,GASWIFI-2G_C2,25,70.38853430747986,B2-01,0,1
1214,34:CE:00:51:3E:6F,Lab,49,70.38853430747986,B2-01,0,1
1215,34:CE:00:51:3E:70,Lab_5G,9,70.38853430747986,B2-01,0,1
1216,3A:60:F9:A3:D9:14,,24,70.38853430747986,B2-01,0,1
1217,48:00:20:34:D2:40,eduroam,22,70.38853430747986,B2-01,0,1
1218,54:B8:0A:AA:2C:8C,LAB_DIGITAL,34,70.38853430747986,B2-01,0,1
1219,54:B8:0A:AA:2C:8D,PCS-Wireless,45,70.38853430747986,B2-01,0,1
1220,54:F0:B1:A1:18:C0,eduroam,12,70.38853430747986,B2-01,0,1
1221,54:F0:B1:A1:18:C1,PoliSemFio,20,70.38853430747986,B2-01,0,1
1222,54:F0:B1:A1:18:C3,MEZANINO,12,70.38853430747986,B2-01,0,1
1223,54:F0:B1:A1:18:C4,GDLAB,12,70.38853430747986,B2-01,0,1
1224,54:F0:B1:A1:18:C5,LABPAD,12,70.38853430747986,B2-01,0,1
1225,54:F0:B1:A1:18:D0,eduroam,34,70.38853430747986,B2-01,0,1
1226,54:F0:B1:A1:18:D1,PoliSemFio,34,70.38853430747986,B2-01,0,1
1227,54:F0:B1:A1:18:D2,,34,70.38853430747986,B2-01,0,1
1228,54:F0:B1:A1:18:D3,MEZANINO,34,70.38853430747986,B2-01,0,1
1229,54:F0:B1:A1:18:D4,GDLAB,39,70.38853430747986,B2-01,0,1
1230,54:F0:B1:A1:18:D5,LABPAD,4,70.38853430747986,B2-01,0,1
1231,54:F0:B1:A1:58:00,eduroam,37,70.38853430747986,B2-01,0,1
1232,54:F0:B1:A1:58:01,PoliSemFio,40,70.38853430747986,B2-01,0,1
1233,54:F0:B1:A1:58:02,,42,70.38853430747986,B2-01,0,1
1234,54:F0:B1:A1:E5:00,eduroam,25,70.38853430747986,B2-01,0,1
1235,54:F0:B1:A1:E5:01,PoliSemFio,25,70.38853430747986,B2-01,0,1
1236,54:F0:B1:A1:E5:02,,25,70.38853430747986,B2-01,0,1
1237,54:F0:B1:A2:37:E0,eduroam,20,70.38853430747986,B2-01,0,1
1238,54:F0:B1:A2:37:E1,PoliSemFio,19,70.38853430747986,B2-01,0,1
1239,54:F0:B1:A2:57:30,eduroam,22,70.38853430747986,B2-01,0,1
1240,54:F0:B1:A2:57:31,PoliSemFio,34,70.38853430747986,B2-01,0,1
1241,54:F0:B1:A2:57:32,,29,70.38853430747986,B2-01,0,1
1242,54:F0:B1:BB:5A:82,HACKER,29,70.38853430747986,B2-01,0,1
1243,54:F0:B1:BB:5A:83,LEP,32,70.38853430747986,B2-01,0,1
1244,54:F0:B1:BB:84:B0,eduroam,19,70.38853430747986,B2-01,0,1
1245,54:F0:B1:BB:84:B1,PoliSemFio,34,70.38853430747986,B2-01,0,1
1246,54:F0:B1:BB:84:B2,,30,70.38853430747986,B2-01,0,1
1247,54:F0:B1:BB:BE:12,,19,70.38853430747986,B2-01,0,1
1248,54:F0:B1:BB:BE:13,CAEEL,15,70.38853430747986,B2-01,0,1
1249,54:F0:B1:BB:C4:D0,eduroam,59,70.38853430747986,B2-01,0,1
1250,54:F0:B1:BB:C4:D1,PoliSemFio,55,70.38853430747986,B2-01,0,1
1251,54:F0:B1:BB:C4:D2,,47,70.38853430747986,B2-01,0,1
1252,54:F0:B1:BB:C4:F0,eduroam,32,70.38853430747986,B2-01,0,1
1253,54:F0:B1:BB:C4:F1,PoliSemFio,32,70.38853430747986,B2-01,0,1
1254,54:F0:B1:BB:C5:C4,GDLAB,4,70.38853430747986,B2-01,0,1
1255,54:F0:B1:BB:C5:C5,LABPAD,14,70.38853430747986,B2-01,0,1
1256,54:F0:B1:BB:FD:D0,eduroam,19,70.38853430747986,B2-01,0,1
1257,54:F0:B1:BB:FD:D1,PoliSemFio,29,70.38853430747986,B2-01,0,1
1258,54:F0:B1:BB:FD:D2,,29,70.38853430747986,B2-01,0,1
1259,54:F0:B1:BC:09:40,eduroam,87,70.38853430747986,B2-01,0,1
1260,54:F0:B1:BC:09:41,PoliSemFio,94,70.38853430747986,B2-01,0,1
1261,54:F0:B1:BC:09:42,,89,70.38853430747986,B2-01,0,1
1262,54:F0:B1:BC:09:60,eduroam,80,70.38853430747986,B2-01,0,1
1263,54:F0:B1:BC:09:61,PoliSemFio,84,70.38853430747986,B2-01,0,1
1264,54:F0:B1:BC:1B:D1,PoliSemFio,52,70.38853430747986,B2-01,0,1
1265,54:F0:B1:BC:1B:D2,,52,70.38853430747986,B2-01,0,1
1266,54:F0:B1:BC:1B:F0,eduroam,19,70.38853430747986,B2-01,0,1
1267,54:F0:B1:BC:1B:F1,PoliSemFio,19,70.38853430747986,B2-01,0,1
1268,54:F0:B1:BC:2E:90,eduroam,70,70.38853430747986,B2-01,0,1
1269,54:F0:B1:BC:2E:B0,eduroam,42,70.38853430747986,B2-01,0,1
1270,54:F0:B1:BC:2E:B1,PoliSemFio,42,70.38853430747986,B2-01,0,1
1271,54:F0:B1:BC:36:10,PoliSemFio,27,70.38853430747986,B2-01,0,1
1272,54:F0:B1:BC:36:11,eduroam,25,70.38853430747986,B2-01,0,1
1273,54:F0:B1:BC:36:12,,27,70.38853430747986,B2-01,0,1
1274,54:F0:B1:BC:3F:12,,25,70.38853430747986,B2-01,0,1
1275,54:F0:B1:BC:65:B0,eduroam,25,70.38853430747986,B2-01,0,1
1276,54:F0:B1:BC:70:00,eduroam,57,70.38853430747986,B2-01,0,1
1277,54:F0:B1:BC:70:01,PoliSemFio,50,70.38853430747986,B2-01,0,1
1278,54:F0:B1:BC:70:02,,39,70.38853430747986,B2-01,0,1
1279,54:F0:B1:BC:70:20,eduroam,24,70.38853430747986,B2-01,0,1
1280,54:F0:B1:BC:70:21,PoliSemFio,24,70.38853430747986,B2-01,0,1
1281,54:F0:B1:BC:77:80,eduroam,50,70.38853430747986,B2-01,0,1
1282,54:F0:B1:BC:77:81,PoliSemFio,44,70.38853430747986,B2-01,0,1
1283,54:F0:B1:BC:77:82,,50,70.38853430747986,B2-01,0,1
1284,54:F0:B1:BC:77:A0,eduroam,17,70.38853430747986,B2-01,0,1
1285,54:F0:B1:BC:77:A1,PoliSemFio,19,70.38853430747986,B2-01,0,1
1286,54:F0:B1:BC:7C:90,eduroam,10,70.38853430747986,B2-01,0,1
1287,68:FF:7B:47:78:BE,C1-22M,39,70.38853430747986,B2-01,0,1
1288,70:62:B8:6E:72:A0,PCS-wireless-C1-13,25,70.38853430747986,B2-01,0,1
1289,70:62:B8:6E:72:A1,PPGEE,27,70.38853430747986,B2-01,0,1
1290,84:D4:7E:06:4F:E0,eduroam,34,70.38853430747986,B2-01,0,1
1291,84:D4:7E:06:4F:E1,PoliSemFio,50,70.38853430747986,B2-01,0,1
1292,84:D4:7E:06:4F:E2,,74,70.38853430747986,B2-01,0,1
1293,84:D4:7E:06:4F:F0,eduroam,39,70.38853430747986,B2-01,0,1
1294,84:D4:7E:06:4F:F1,PoliSemFio,39,70.38853430747986,B2-01,0,1
1295,AA:6B:AD:82:46:CC,DIRECT-cc-HP M132f LaserJet,22,70.38853430747986,B2-01,0,1
1296,DC:9F:DB:1C:1F:D7,LWN-3,15,70.38853430747986,B2-01,0,1
1297,DC:9F:DB:1C:1F:E0,LWN-3,34,70.38853430747986,B2-01,0,1
1298,DE:9F:DB:1C:1F:E0,LARC Guest,37,70.38853430747986,B2-01,0,1
1299,EE:9F:DB:1C:1F:E0,,34,70.38853430747986,B2-01,0,1
1300,F8:1A:67:99:55:8E,NUCLEAR_CHF,24,70.38853430747986,B2-01,0,1
1301,FE:9F:DB:1C:1F:D7,,15,70.38853430747986,B2-01,0,1
1302,FE:9F:DB:1C:1F:E0,,37,70.38853430747986,B2-01,0,1
1303,00:21:91:70:9D:EC,LAB-DIDATICO,19,76.6301805973053,B2-01,0,1
1304,30:85:A9:69:F2:E4,PCS-Wireless-C2-22,39,76.6301805973053,B2-01,0,1
1305,34:60:F9:A3:D9:14,GASWIFI-2G_C2,24,76.6301805973053,B2-01,0,1
1306,34:CE:00:51:3E:6F,Lab,42,76.6301805973053,B2-01,0,1
1307,34:CE:00:51:3E:70,Lab_5G,7,76.6301805973053,B2-01,0,1
1308,3A:60:F9:A3:D9:14,,24,76.6301805973053,B2-01,0,1
1309,48:00:20:34:D2:40,eduroam,22,76.6301805973053,B2-01,0,1
1310,54:B8:0A:AA:2C:8C,LAB_DIGITAL,37,76.6301805973053,B2-01,0,1
1311,54:B8:0A:AA:2C:8D,PCS-Wireless,37,76.6301805973053,B2-01,0,1
1312,54:F0:B1:A1:18:C0,eduroam,22,76.6301805973053,B2-01,0,1
1313,54:F0:B1:A1:18:C1,PoliSemFio,20,76.6301805973053,B2-01,0,1
1314,54:F0:B1:A1:18:C3,MEZANINO,24,76.6301805973053,B2-01,0,1
1315,54:F0:B1:A1:18:C4,GDLAB,20,76.6301805973053,B2-01,0,1
1316,54:F0:B1:A1:18:C5,LABPAD,22,76.6301805973053,B2-01,0,1
1317,54:F0:B1:A1:18:D0,eduroam,30,76.6301805973053,B2-01,0,1
1318,54:F0:B1:A1:18:D1,PoliSemFio,30,76.6301805973053,B2-01,0,1
1319,54:F0:B1:A1:18:D2,,34,76.6301805973053,B2-01,0,1
1320,54:F0:B1:A1:18:D3,MEZANINO,32,76.6301805973053,B2-01,0,1
1321,54:F0:B1:A1:18:D4,GDLAB,27,76.6301805973053,B2-01,0,1
1322,54:F0:B1:A1:18:D5,LABPAD,34,76.6301805973053,B2-01,0,1
1323,54:F0:B1:A1:58:00,eduroam,27,76.6301805973053,B2-01,0,1
1324,54:F0:B1:A1:58:01,PoliSemFio,40,76.6301805973053,B2-01,0,1
1325,54:F0:B1:A1:58:02,,42,76.6301805973053,B2-01,0,1
1326,54:F0:B1:A1:E5:00,eduroam,25,76.6301805973053,B2-01,0,1
1327,54:F0:B1:A1:E5:01,PoliSemFio,25,76.6301805973053,B2-01,0,1
1328,54:F0:B1:A1:E5:02,,25,76.6301805973053,B2-01,0,1
1329,54:F0:B1:A2:37:E0,eduroam,20,76.6301805973053,B2-01,0,1
1330,54:F0:B1:A2:37:E1,PoliSemFio,19,76.6301805973053,B2-01,0,1
1331,54:F0:B1:A2:57:30,eduroam,22,76.6301805973053,B2-01,0,1
1332,54:F0:B1:A2:57:31,PoliSemFio,34,76.6301805973053,B2-01,0,1
1333,54:F0:B1:A2:57:32,,29,76.6301805973053,B2-01,0,1
1334,54:F0:B1:BB:5A:82,HACKER,29,76.6301805973053,B2-01,0,1
1335,54:F0:B1:BB:5A:83,LEP,32,76.6301805973053,B2-01,0,1
1336,54:F0:B1:BB:84:B0,eduroam,19,76.6301805973053,B2-01,0,1
1337,54:F0:B1:BB:84:B2,,30,76.6301805973053,B2-01,0,1
1338,54:F0:B1:BB:BE:12,,19,76.6301805973053,B2-01,0,1
1339,54:F0:B1:BB:BE:13,CAEEL,15,76.6301805973053,B2-01,0,1
1340,54:F0:B1:BB:C4:D0,eduroam,59,76.6301805973053,B2-01,0,1
1341,54:F0:B1:BB:C4:D1,PoliSemFio,55,76.6301805973053,B2-01,0,1
1342,54:F0:B1:BB:C4:D2,,47,76.6301805973053,B2-01,0,1
1343,54:F0:B1:BB:C4:F0,eduroam,32,76.6301805973053,B2-01,0,1
1344,54:F0:B1:BB:C4:F1,PoliSemFio,30,76.6301805973053,B2-01,0,1
1345,54:F0:B1:BB:C5:C4,GDLAB,4,76.6301805973053,B2-01,0,1
1346,54:F0:B1:BB:C5:C5,LABPAD,14,76.6301805973053,B2-01,0,1
1347,54:F0:B1:BB:FD:D0,eduroam,19,76.6301805973053,B2-01,0,1
1348,54:F0:B1:BB:FD:D1,PoliSemFio,29,76.6301805973053,B2-01,0,1
1349,54:F0:B1:BB:FD:D2,,29,76.6301805973053,B2-01,0,1
1350,54:F0:B1:BC:09:40,eduroam,79,76.6301805973053,B2-01,0,1
1351,54:F0:B1:BC:09:41,PoliSemFio,92,76.6301805973053,B2-01,0,1
1352,54:F0:B1:BC:09:42,,92,76.6301805973053,B2-01,0,1
1353,54:F0:B1:BC:09:60,eduroam,94,76.6301805973053,B2-01,0,1
1354,54:F0:B1:BC:09:61,PoliSemFio,94,76.6301805973053,B2-01,0,1
1355,54:F0:B1:BC:1B:D0,eduroam,35,76.6301805973053,B2-01,0,1
1356,54:F0:B1:BC:1B:D1,PoliSemFio,52,76.6301805973053,B2-01,0,1
1357,54:F0:B1:BC:1B:D2,,52,76.6301805973053,B2-01,0,1
1358,54:F0:B1:BC:1B:F0,eduroam,19,76.6301805973053,B2-01,0,1
1359,54:F0:B1:BC:1B:F1,PoliSemFio,17,76.6301805973053,B2-01,0,1
1360,54:F0:B1:BC:2E:90,eduroam,52,76.6301805973053,B2-01,0,1
1361,54:F0:B1:BC:2E:91,PoliSemFio,50,76.6301805973053,B2-01,0,1
1362,54:F0:B1:BC:2E:92,,50,76.6301805973053,B2-01,0,1
1363,54:F0:B1:BC:2E:B0,eduroam,29,76.6301805973053,B2-01,0,1
1364,54:F0:B1:BC:2E:B1,PoliSemFio,30,76.6301805973053,B2-01,0,1
1365,54:F0:B1:BC:36:10,PoliSemFio,27,76.6301805973053,B2-01,0,1
1366,54:F0:B1:BC:36:11,eduroam,25,76.6301805973053,B2-01,0,1
1367,54:F0:B1:BC:36:12,,27,76.6301805973053,B2-01,0,1
1368,54:F0:B1:BC:3F:10,eduroam,19,76.6301805973053,B2-01,0,1
1369,54:F0:B1:BC:3F:12,,25,76.6301805973053,B2-01,0,1
1370,54:F0:B1:BC:70:00,eduroam,34,76.6301805973053,B2-01,0,1
1371,54:F0:B1:BC:70:01,PoliSemFio,34,76.6301805973053,B2-01,0,1
1372,54:F0:B1:BC:70:02,,34,76.6301805973053,B2-01,0,1
1373,54:F0:B1:BC:70:20,eduroam,24,76.6301805973053,B2-01,0,1
1374,54:F0:B1:BC:70:21,PoliSemFio,24,76.6301805973053,B2-01,0,1
1375,54:F0:B1:BC:77:80,eduroam,37,76.6301805973053,B2-01,0,1
1376,54:F0:B1:BC:77:81,PoliSemFio,40,76.6301805973053,B2-01,0,1
1377,54:F0:B1:BC:77:82,,42,76.6301805973053,B2-01,0,1
1378,54:F0:B1:BC:77:A0,eduroam,17,76.6301805973053,B2-01,0,1
1379,54:F0:B1:BC:77:A1,PoliSemFio,15,76.6301805973053,B2-01,0,1
1380,54:F0:B1:BC:7C:90,eduroam,10,76.6301805973053,B2-01,0,1
1381,68:FF:7B:47:78:BE,C1-22M,49,76.6301805973053,B2-01,0,1
1382,70:62:B8:6E:72:A0,PCS-wireless-C1-13,27,76.6301805973053,B2-01,0,1
1383,70:62:B8:6E:72:A1,PPGEE,27,76.6301805973053,B2-01,0,1
1384,84:D4:7E:06:4F:E0,eduroam,52,76.6301805973053,B2-01,0,1
1385,84:D4:7E:06:4F:E1,PoliSemFio,49,76.6301805973053,B2-01,0,1
1386,84:D4:7E:06:4F:E2,,50,76.6301805973053,B2-01,0,1
1387,84:D4:7E:06:4F:F0,eduroam,29,76.6301805973053,B2-01,0,1
1388,84:D4:7E:06:4F:F1,PoliSemFio,29,76.6301805973053,B2-01,0,1
1389,84:D4:7E:06:4F:F2,,29,76.6301805973053,B2-01,0,1
1390,AA:6B:AD:82:46:CC,DIRECT-cc-HP M132f LaserJet,22,76.6301805973053,B2-01,0,1
1391,DC:9F:DB:1C:1F:D7,LWN-3,15,76.6301805973053,B2-01,0,1
1392,DC:9F:DB:1C:1F:E0,LWN-3,34,76.6301805973053,B2-01,0,1
1393,DE:9F:DB:1C:1F:E0,LARC Guest,37,76.6301805973053,B2-01,0,1
1394,EE:9F:DB:1C:1F:E0,,34,76.6301805973053,B2-01,0,1
1395,F8:1A:67:99:55:8E,NUCLEAR_CHF,37,76.6301805973053,B2-01,0,1
1396,FE:9F:DB:1C:1F:D7,,15,76.6301805973053,B2-01,0,1
1397,FE:9F:DB:1C:1F:E0,,37,76.6301805973053,B2-01,0,1
1398,00:21:91:70:9D:EC,LAB-DIDATICO,19,82.92928671836853,B2-01,0,1
1399,30:85:A9:69:F2:E4,PCS-Wireless-C2-22,39,82.92928671836853,B2-01,0,1
1400,34:60:F9:A3:D9:14,GASWIFI-2G_C2,24,82.92928671836853,B2-01,0,1
1401,34:CE:00:51:3E:6F,Lab,42,82.92928671836853,B2-01,0,1
1402,34:CE:00:51:3E:70,Lab_5G,7,82.92928671836853,B2-01,0,1
1403,3A:60:F9:A3:D9:14,,24,82.92928671836853,B2-01,0,1
1404,48:00:20:34:D2:40,eduroam,22,82.92928671836853,B2-01,0,1
1405,54:B8:0A:AA:2C:8C,LAB_DIGITAL,37,82.92928671836853,B2-01,0,1
1406,54:B8:0A:AA:2C:8D,PCS-Wireless,37,82.92928671836853,B2-01,0,1
1407,54:F0:B1:A1:18:C0,eduroam,22,82.92928671836853,B2-01,0,1
1408,54:F0:B1:A1:18:C1,PoliSemFio,20,82.92928671836853,B2-01,0,1
1409,54:F0:B1:A1:18:C3,MEZANINO,24,82.92928671836853,B2-01,0,1
1410,54:F0:B1:A1:18:C4,GDLAB,20,82.92928671836853,B2-01,0,1
1411,54:F0:B1:A1:18:C5,LABPAD,22,82.92928671836853,B2-01,0,1
1412,54:F0:B1:A1:18:D0,eduroam,30,82.92928671836853,B2-01,0,1
1413,54:F0:B1:A1:18:D1,PoliSemFio,30,82.92928671836853,B2-01,0,1
1414,54:F0:B1:A1:18:D2,,34,82.92928671836853,B2-01,0,1
1415,54:F0:B1:A1:18:D3,MEZANINO,32,82.92928671836853,B2-01,0,1
1416,54:F0:B1:A1:18:D4,GDLAB,27,82.92928671836853,B2-01,0,1
1417,54:F0:B1:A1:18:D5,LABPAD,34,82.92928671836853,B2-01,0,1
1418,54:F0:B1:A1:58:00,eduroam,27,82.92928671836853,B2-01,0,1
1419,54:F0:B1:A1:58:01,PoliSemFio,40,82.92928671836853,B2-01,0,1
1420,54:F0:B1:A1:58:02,,42,82.92928671836853,B2-01,0,1
1421,54:F0:B1:A1:E5:00,eduroam,25,82.92928671836853,B2-01,0,1
1422,54:F0:B1:A1:E5:01,PoliSemFio,25,82.92928671836853,B2-01,0,1
1423,54:F0:B1:A1:E5:02,,25,82.92928671836853,B2-01,0,1
1424,54:F0:B1:A2:37:E0,eduroam,20,82.92928671836853,B2-01,0,1
1425,54:F0:B1:A2:37:E1,PoliSemFio,19,82.92928671836853,B2-01,0,1
1426,54:F0:B1:A2:57:30,eduroam,22,82.92928671836853,B2-01,0,1
1427,54:F0:B1:A2:57:31,PoliSemFio,34,82.92928671836853,B2-01,0,1
1428,54:F0:B1:A2:57:32,,29,82.92928671836853,B2-01,0,1
1429,54:F0:B1:BB:5A:82,HACKER,29,82.92928671836853,B2-01,0,1
1430,54:F0:B1:BB:5A:83,LEP,32,82.92928671836853,B2-01,0,1
1431,54:F0:B1:BB:84:B0,eduroam,19,82.92928671836853,B2-01,0,1
1432,54:F0:B1:BB:84:B2,,30,82.92928671836853,B2-01,0,1
1433,54:F0:B1:BB:BE:12,,19,82.92928671836853,B2-01,0,1
1434,54:F0:B1:BB:BE:13,CAEEL,15,82.92928671836853,B2-01,0,1
1435,54:F0:B1:BB:C4:D0,eduroam,59,82.92928671836853,B2-01,0,1
1436,54:F0:B1:BB:C4:D1,PoliSemFio,55,82.92928671836853,B2-01,0,1
1437,54:F0:B1:BB:C4:D2,,47,82.92928671836853,B2-01,0,1
1438,54:F0:B1:BB:C4:F0,eduroam,32,82.92928671836853,B2-01,0,1
1439,54:F0:B1:BB:C4:F1,PoliSemFio,30,82.92928671836853,B2-01,0,1
1440,54:F0:B1:BB:C5:C4,GDLAB,4,82.92928671836853,B2-01,0,1
1441,54:F0:B1:BB:C5:C5,LABPAD,14,82.92928671836853,B2-01,0,1
1442,54:F0:B1:BB:FD:D0,eduroam,19,82.92928671836853,B2-01,0,1
1443,54:F0:B1:BB:FD:D1,PoliSemFio,29,82.92928671836853,B2-01,0,1
1444,54:F0:B1:BB:FD:D2,,29,82.92928671836853,B2-01,0,1
1445,54:F0:B1:BC:09:40,eduroam,79,82.92928671836853,B2-01,0,1
1446,54:F0:B1:BC:09:41,PoliSemFio,92,82.92928671836853,B2-01,0,1
1447,54:F0:B1:BC:09:42,,92,82.92928671836853,B2-01,0,1
1448,54:F0:B1:BC:09:60,eduroam,77,82.92928671836853,B2-01,0,1
1449,54:F0:B1:BC:09:61,PoliSemFio,94,82.92928671836853,B2-01,0,1
1450,54:F0:B1:BC:1B:D0,eduroam,35,82.92928671836853,B2-01,0,1
1451,54:F0:B1:BC:1B:D1,PoliSemFio,52,82.92928671836853,B2-01,0,1
1452,54:F0:B1:BC:1B:D2,,52,82.92928671836853,B2-01,0,1
1453,54:F0:B1:BC:1B:F0,eduroam,19,82.92928671836853,B2-01,0,1
1454,54:F0:B1:BC:1B:F1,PoliSemFio,17,82.92928671836853,B2-01,0,1
1455,54:F0:B1:BC:2E:90,eduroam,52,82.92928671836853,B2-01,0,1
1456,54:F0:B1:BC:2E:91,PoliSemFio,50,82.92928671836853,B2-01,0,1
1457,54:F0:B1:BC:2E:92,,50,82.92928671836853,B2-01,0,1
1458,54:F0:B1:BC:2E:B0,eduroam,29,82.92928671836853,B2-01,0,1
1459,54:F0:B1:BC:2E:B1,PoliSemFio,30,82.92928671836853,B2-01,0,1
1460,54:F0:B1:BC:36:10,PoliSemFio,27,82.92928671836853,B2-01,0,1
1461,54:F0:B1:BC:36:11,eduroam,25,82.92928671836853,B2-01,0,1
1462,54:F0:B1:BC:36:12,,27,82.92928671836853,B2-01,0,1
1463,54:F0:B1:BC:3F:10,eduroam,19,82.92928671836853,B2-01,0,1
1464,54:F0:B1:BC:3F:12,,25,82.92928671836853,B2-01,0,1
1465,54:F0:B1:BC:70:00,eduroam,34,82.92928671836853,B2-01,0,1
1466,54:F0:B1:BC:70:01,PoliSemFio,34,82.92928671836853,B2-01,0,1
1467,54:F0:B1:BC:70:02,,34,82.92928671836853,B2-01,0,1
1468,54:F0:B1:BC:70:20,eduroam,24,82.92928671836853,B2-01,0,1
1469,54:F0:B1:BC:70:21,PoliSemFio,24,82.92928671836853,B2-01,0,1
1470,54:F0:B1:BC:77:80,eduroam,37,82.92928671836853,B2-01,0,1
1471,54:F0:B1:BC:77:81,PoliSemFio,40,82.92928671836853,B2-01,0,1
1472,54:F0:B1:BC:77:82,,42,82.92928671836853,B2-01,0,1
1473,54:F0:B1:BC:77:A0,eduroam,17,82.92928671836853,B2-01,0,1
1474,54:F0:B1:BC:77:A1,PoliSemFio,15,82.92928671836853,B2-01,0,1
1475,54:F0:B1:BC:7C:90,eduroam,10,82.92928671836853,B2-01,0,1
1476,68:FF:7B:47:78:BE,C1-22M,49,82.92928671836853,B2-01,0,1
1477,70:62:B8:6E:72:A0,PCS-wireless-C1-13,27,82.92928671836853,B2-01,0,1
1478,70:62:B8:6E:72:A1,PPGEE,27,82.92928671836853,B2-01,0,1
1479,84:D4:7E:06:4F:E0,eduroam,52,82.92928671836853,B2-01,0,1
1480,84:D4:7E:06:4F:E1,PoliSemFio,49,82.92928671836853,B2-01,0,1
1481,84:D4:7E:06:4F:E2,,50,82.92928671836853,B2-01,0,1
1482,84:D4:7E:06:4F:F0,eduroam,29,82.92928671836853,B2-01,0,1
1483,84:D4:7E:06:4F:F1,PoliSemFio,29,82.92928671836853,B2-01,0,1
1484,84:D4:7E:06:4F:F2,,29,82.92928671836853,B2-01,0,1
1485,AA:6B:AD:82:46:CC,DIRECT-cc-HP M132f LaserJet,22,82.92928671836853,B2-01,0,1
1486,DC:9F:DB:1C:1F:D7,LWN-3,15,82.92928671836853,B2-01,0,1
1487,DC:9F:DB:1C:1F:E0,LWN-3,34,82.92928671836853,B2-01,0,1
1488,DE:9F:DB:1C:1F:E0,LARC Guest,37,82.92928671836853,B2-01,0,1
1489,EE:9F:DB:1C:1F:E0,,34,82.92928671836853,B2-01,0,1
1490,F8:1A:67:99:55:8E,NUCLEAR_CHF,37,82.92928671836853,B2-01,0,1
1491,FE:9F:DB:1C:1F:D7,,15,82.92928671836853,B2-01,0,1
1492,FE:9F:DB:1C:1F:E0,,37,82.92928671836853,B2-01,0,1
1493,00:21:91:70:9D:EC,LAB-DIDATICO,22,85.55175733566284,B2-01,0,1
1494,30:85:A9:69:F2:E4,PCS-Wireless-C2-22,39,85.55175733566284,B2-01,0,1
1495,34:60:F9:A3:D9:14,GASWIFI-2G_C2,17,85.55175733566284,B2-01,0,1
1496,34:CE:00:51:3E:6F,Lab,52,85.55175733566284,B2-01,0,1
1497,34:CE:00:51:3E:70,Lab_5G,7,85.55175733566284,B2-01,0,1
1498,48:00:20:34:D2:40,eduroam,22,85.55175733566284,B2-01,0,1
1499,54:B8:0A:AA:2C:8C,LAB_DIGITAL,37,85.55175733566284,B2-01,0,1
1500,54:B8:0A:AA:2C:8D,PCS-Wireless,45,85.55175733566284,B2-01,0,1
1501,54:F0:B1:A1:18:C0,eduroam,12,85.55175733566284,B2-01,0,1
1502,54:F0:B1:A1:18:C1,PoliSemFio,20,85.55175733566284,B2-01,0,1
1503,54:F0:B1:A1:18:C3,MEZANINO,14,85.55175733566284,B2-01,0,1
1504,54:F0:B1:A1:18:C4,GDLAB,12,85.55175733566284,B2-01,0,1
1505,54:F0:B1:A1:18:C5,LABPAD,14,85.55175733566284,B2-01,0,1
1506,54:F0:B1:A1:18:D0,eduroam,37,85.55175733566284,B2-01,0,1
1507,54:F0:B1:A1:18:D1,PoliSemFio,34,85.55175733566284,B2-01,0,1
1508,54:F0:B1:A1:18:D2,,34,85.55175733566284,B2-01,0,1
1509,54:F0:B1:A1:18:D3,MEZANINO,32,85.55175733566284,B2-01,0,1
1510,54:F0:B1:A1:18:D4,GDLAB,27,85.55175733566284,B2-01,0,1
1511,54:F0:B1:A1:18:D5,LABPAD,37,85.55175733566284,B2-01,0,1
1512,54:F0:B1:A1:58:00,eduroam,39,85.55175733566284,B2-01,0,1
1513,54:F0:B1:A1:58:01,PoliSemFio,39,85.55175733566284,B2-01,0,1
1514,54:F0:B1:A1:58:02,,39,85.55175733566284,B2-01,0,1
1515,54:F0:B1:A1:E5:01,PoliSemFio,25,85.55175733566284,B2-01,0,1
1516,54:F0:B1:A1:E5:02,,25,85.55175733566284,B2-01,0,1
1517,54:F0:B1:A2:37:E0,eduroam,22,85.55175733566284,B2-01,0,1
1518,54:F0:B1:A2:37:E1,PoliSemFio,19,85.55175733566284,B2-01,0,1
1519,54:F0:B1:A2:37:E2,,19,85.55175733566284,B2-01,0,1
1520,54:F0:B1:A2:57:30,eduroam,22,85.55175733566284,B2-01,0,1
1521,54:F0:B1:A2:57:31,PoliSemFio,34,85.55175733566284,B2-01,0,1
1522,54:F0:B1:A2:57:32,,29,85.55175733566284,B2-01,0,1
1523,54:F0:B1:A2:57:33,LCA,19,85.55175733566284,B2-01,0,1
1524,54:F0:B1:BB:5A:82,HACKER,29,85.55175733566284,B2-01,0,1
1525,54:F0:B1:BB:5A:83,LEP,29,85.55175733566284,B2-01,0,1
1526,54:F0:B1:BB:84:B0,eduroam,19,85.55175733566284,B2-01,0,1
1527,54:F0:B1:BB:84:B2,,30,85.55175733566284,B2-01,0,1
1528,54:F0:B1:BB:92:C0,eduroam,15,85.55175733566284,B2-01,0,1
1529,54:F0:B1:BB:BE:12,,19,85.55175733566284,B2-01,0,1
1530,54:F0:B1:BB:BE:13,CAEEL,17,85.55175733566284,B2-01,0,1
1531,54:F0:B1:BB:C4:D0,eduroam,59,85.55175733566284,B2-01,0,1
1532,54:F0:B1:BB:C4:D1,PoliSemFio,57,85.55175733566284,B2-01,0,1
1533,54:F0:B1:BB:C4:D2,,57,85.55175733566284,B2-01,0,1
1534,54:F0:B1:BB:C4:F0,eduroam,30,85.55175733566284,B2-01,0,1
1535,54:F0:B1:BB:C4:F1,PoliSemFio,30,85.55175733566284,B2-01,0,1
1536,54:F0:B1:BB:C5:C4,GDLAB,4,85.55175733566284,B2-01,0,1
1537,54:F0:B1:BB:C5:C5,LABPAD,14,85.55175733566284,B2-01,0,1
1538,54:F0:B1:BB:FD:D0,eduroam,19,85.55175733566284,B2-01,0,1
1539,54:F0:B1:BB:FD:D1,PoliSemFio,29,85.55175733566284,B2-01,0,1
1540,54:F0:B1:BB:FD:D2,,29,85.55175733566284,B2-01,0,1
1541,54:F0:B1:BC:09:40,eduroam,84,85.55175733566284,B2-01,0,1
1542,54:F0:B1:BC:09:41,PoliSemFio,94,85.55175733566284,B2-01,0,1
1543,54:F0:B1:BC:09:42,,92,85.55175733566284,B2-01,0,1
1544,54:F0:B1:BC:09:60,eduroam,82,85.55175733566284,B2-01,0,1
1545,54:F0:B1:BC:09:61,PoliSemFio,82,85.55175733566284,B2-01,0,1
1546,54:F0:B1:BC:1B:D0,eduroam,54,85.55175733566284,B2-01,0,1
1547,54:F0:B1:BC:1B:D1,PoliSemFio,50,85.55175733566284,B2-01,0,1
1548,54:F0:B1:BC:1B:D2,,50,85.55175733566284,B2-01,0,1
1549,54:F0:B1:BC:1B:F0,eduroam,20,85.55175733566284,B2-01,0,1
1550,54:F0:B1:BC:1B:F1,PoliSemFio,20,85.55175733566284,B2-01,0,1
1551,54:F0:B1:BC:2E:90,eduroam,75,85.55175733566284,B2-01,0,1
1552,54:F0:B1:BC:2E:91,PoliSemFio,50,85.55175733566284,B2-01,0,1
1553,54:F0:B1:BC:2E:92,,50,85.55175733566284,B2-01,0,1
1554,54:F0:B1:BC:2E:B0,eduroam,42,85.55175733566284,B2-01,0,1
1555,54:F0:B1:BC:2E:B1,PoliSemFio,42,85.55175733566284,B2-01,0,1
1556,54:F0:B1:BC:36:10,PoliSemFio,25,85.55175733566284,B2-01,0,1
1557,54:F0:B1:BC:36:11,eduroam,24,85.55175733566284,B2-01,0,1
1558,54:F0:B1:BC:36:12,,27,85.55175733566284,B2-01,0,1
1559,54:F0:B1:BC:3F:10,eduroam,19,85.55175733566284,B2-01,0,1
1560,54:F0:B1:BC:3F:12,,25,85.55175733566284,B2-01,0,1
1561,54:F0:B1:BC:70:00,eduroam,55,85.55175733566284,B2-01,0,1
1562,54:F0:B1:BC:70:01,PoliSemFio,52,85.55175733566284,B2-01,0,1
1563,54:F0:B1:BC:70:02,,34,85.55175733566284,B2-01,0,1
1564,54:F0:B1:BC:70:20,eduroam,24,85.55175733566284,B2-01,0,1
1565,54:F0:B1:BC:70:21,PoliSemFio,25,85.55175733566284,B2-01,0,1
1566,54:F0:B1:BC:77:80,eduroam,37,85.55175733566284,B2-01,0,1
1567,54:F0:B1:BC:77:81,PoliSemFio,40,85.55175733566284,B2-01,0,1
1568,54:F0:B1:BC:77:82,,42,85.55175733566284,B2-01,0,1
1569,54:F0:B1:BC:77:A0,eduroam,15,85.55175733566284,B2-01,0,1
1570,54:F0:B1:BC:77:A1,PoliSemFio,19,85.55175733566284,B2-01,0,1
1571,54:F0:B1:BC:7C:90,eduroam,10,85.55175733566284,B2-01,0,1
1572,68:FF:7B:47:78:BE,C1-22M,50,85.55175733566284,B2-01,0,1
1573,70:62:B8:6E:72:A0,PCS-wireless-C1-13,24,85.55175733566284,B2-01,0,1
1574,70:62:B8:6E:72:A1,PPGEE,27,85.55175733566284,B2-01,0,1
1575,84:D4:7E:06:4F:E0,eduroam,52,85.55175733566284,B2-01,0,1
1576,84:D4:7E:06:4F:E1,PoliSemFio,49,85.55175733566284,B2-01,0,1
1577,84:D4:7E:06:4F:E2,,50,85.55175733566284,B2-01,0,1
1578,84:D4:7E:06:4F:F0,eduroam,40,85.55175733566284,B2-01,0,1
1579,84:D4:7E:06:4F:F1,PoliSemFio,40,85.55175733566284,B2-01,0,1
1580,84:D4:7E:06:4F:F2,,29,85.55175733566284,B2-01,0,1
1581,AA:6B:AD:82:46:CC,DIRECT-cc-HP M132f LaserJet,22,85.55175733566284,B2-01,0,1
1582,DC:9F:DB:1C:1F:D7,LWN-3,15,85.55175733566284,B2-01,0,1
1583,DC:9F:DB:1C:1F:E0,LWN-3,37,85.55175733566284,B2-01,0,1
1584,DE:9F:DB:1C:1F:E0,LARC Guest,37,85.55175733566284,B2-01,0,1
1585,EE:9F:DB:1C:1F:E0,,35,85.55175733566284,B2-01,0,1
1586,F8:1A:67:99:55:8E,NUCLEAR_CHF,22,85.55175733566284,B2-01,0,1
1587,FE:9F:DB:1C:1F:D7,,15,85.55175733566284,B2-01,0,1
1588,FE:9F:DB:1C:1F:E0,,37,85.55175733566284,B2-01,0,1
1589,00:21:91:70:9D:EC,LAB-DIDATICO,22,88.18629908561707,B2-01,0,1
1590,30:85:A9:69:F2:E4,PCS-Wireless-C2-22,39,88.18629908561707,B2-01,0,1
1591,34:60:F9:A3:D9:14,GASWIFI-2G_C2,17,88.18629908561707,B2-01,0,1
1592,34:CE:00:51:3E:6F,Lab,52,88.18629908561707,B2-01,0,1
1593,34:CE:00:51:3E:70,Lab_5G,7,88.18629908561707,B2-01,0,1
1594,48:00:20:34:D2:40,eduroam,22,88.18629908561707,B2-01,0,1
1595,54:B8:0A:AA:2C:8C,LAB_DIGITAL,37,88.18629908561707,B2-01,0,1
1596,54:B8:0A:AA:2C:8D,PCS-Wireless,45,88.18629908561707,B2-01,0,1
1597,54:F0:B1:A1:18:C0,eduroam,12,88.18629908561707,B2-01,0,1
1598,54:F0:B1:A1:18:C1,PoliSemFio,20,88.18629908561707,B2-01,0,1
1599,54:F0:B1:A1:18:C3,MEZANINO,14,88.18629908561707,B2-01,0,1
1600,54:F0:B1:A1:18:C4,GDLAB,12,88.18629908561707,B2-01,0,1
1601,54:F0:B1:A1:18:C5,LABPAD,14,88.18629908561707,B2-01,0,1
1602,54:F0:B1:A1:18:D0,eduroam,37,88.18629908561707,B2-01,0,1
1603,54:F0:B1:A1:18:D1,PoliSemFio,34,88.18629908561707,B2-01,0,1
1604,54:F0:B1:A1:18:D2,,34,88.18629908561707,B2-01,0,1
1605,54:F0:B1:A1:18:D3,MEZANINO,32,88.18629908561707,B2-01,0,1
1606,54:F0:B1:A1:18:D4,GDLAB,27,88.18629908561707,B2-01,0,1
1607,54:F0:B1:A1:18:D5,LABPAD,37,88.18629908561707,B2-01,0,1
1608,54:F0:B1:A1:58:00,eduroam,39,88.18629908561707,B2-01,0,1
1609,54:F0:B1:A1:58:01,PoliSemFio,39,88.18629908561707,B2-01,0,1
1610,54:F0:B1:A1:58:02,,39,88.18629908561707,B2-01,0,1
1611,54:F0:B1:A1:E5:01,PoliSemFio,25,88.18629908561707,B2-01,0,1
1612,54:F0:B1:A1:E5:02,,25,88.18629908561707,B2-01,0,1
1613,54:F0:B1:A2:37:E0,eduroam,22,88.18629908561707,B2-01,0,1
1614,54:F0:B1:A2:37:E1,PoliSemFio,19,88.18629908561707,B2-01,0,1
1615,54:F0:B1:A2:37:E2,,19,88.18629908561707,B2-01,0,1
1616,54:F0:B1:A2:57:30,eduroam,22,88.18629908561707,B2-01,0,1
1617,54:F0:B1:A2:57:31,PoliSemFio,34,88.18629908561707,B2-01,0,1
1618,54:F0:B1:A2:57:32,,29,88.18629908561707,B2-01,0,1
1619,54:F0:B1:A2:57:33,LCA,19,88.18629908561707,B2-01,0,1
1620,54:F0:B1:BB:5A:82,HACKER,29,88.18629908561707,B2-01,0,1
1621,54:F0:B1:BB:5A:83,LEP,29,88.18629908561707,B2-01,0,1
1622,54:F0:B1:BB:84:B0,eduroam,19,88.18629908561707,B2-01,0,1
1623,54:F0:B1:BB:84:B2,,30,88.18629908561707,B2-01,0,1
1624,54:F0:B1:BB:92:C0,eduroam,15,88.18629908561707,B2-01,0,1
1625,54:F0:B1:BB:BE:12,,19,88.18629908561707,B2-01,0,1
1626,54:F0:B1:BB:BE:13,CAEEL,17,88.18629908561707,B2-01,0,1
1627,54:F0:B1:BB:C4:D0,eduroam,59,88.18629908561707,B2-01,0,1
1628,54:F0:B1:BB:C4:D1,PoliSemFio,57,88.18629908561707,B2-01,0,1
1629,54:F0:B1:BB:C4:D2,,57,88.18629908561707,B2-01,0,1
1630,54:F0:B1:BB:C4:F0,eduroam,30,88.18629908561707,B2-01,0,1
1631,54:F0:B1:BB:C4:F1,PoliSemFio,30,88.18629908561707,B2-01,0,1
1632,54:F0:B1:BB:C5:C4,GDLAB,4,88.18629908561707,B2-01,0,1
1633,54:F0:B1:BB:C5:C5,LABPAD,14,88.18629908561707,B2-01,0,1
1634,54:F0:B1:BB:FD:D0,eduroam,19,88.18629908561707,B2-01,0,1
1635,54:F0:B1:BB:FD:D1,PoliSemFio,29,88.18629908561707,B2-01,0,1
1636,54:F0:B1:BB:FD:D2,,29,88.18629908561707,B2-01,0,1
1637,54:F0:B1:BC:09:40,eduroam,84,88.18629908561707,B2-01,0,1
1638,54:F0:B1:BC:09:41,PoliSemFio,94,88.18629908561707,B2-01,0,1
1639,54:F0:B1:BC:09:42,,92,88.18629908561707,B2-01,0,1
1640,54:F0:B1:BC:09:60,eduroam,79,88.18629908561707,B2-01,0,1
1641,54:F0:B1:BC:09:61,PoliSemFio,82,88.18629908561707,B2-01,0,1
1642,54:F0:B1:BC:1B:D0,eduroam,54,88.18629908561707,B2-01,0,1
1643,54:F0:B1:BC:1B:D1,PoliSemFio,50,88.18629908561707,B2-01,0,1
1644,54:F0:B1:BC:1B:D2,,50,88.18629908561707,B2-01,0,1
1645,54:F0:B1:BC:1B:F0,eduroam,20,88.18629908561707,B2-01,0,1
1646,54:F0:B1:BC:1B:F1,PoliSemFio,20,88.18629908561707,B2-01,0,1
1647,54:F0:B1:BC:2E:90,eduroam,75,88.18629908561707,B2-01,0,1
1648,54:F0:B1:BC:2E:91,PoliSemFio,50,88.18629908561707,B2-01,0,1
1649,54:F0:B1:BC:2E:92,,50,88.18629908561707,B2-01,0,1
1650,54:F0:B1:BC:2E:B0,eduroam,42,88.18629908561707,B2-01,0,1
1651,54:F0:B1:BC:2E:B1,PoliSemFio,42,88.18629908561707,B2-01,0,1
1652,54:F0:B1:BC:36:10,PoliSemFio,25,88.18629908561707,B2-01,0,1
1653,54:F0:B1:BC:36:11,eduroam,24,88.18629908561707,B2-01,0,1
1654,54:F0:B1:BC:36:12,,27,88.18629908561707,B2-01,0,1
1655,54:F0:B1:BC:3F:10,eduroam,19,88.18629908561707,B2-01,0,1
1656,54:F0:B1:BC:3F:12,,25,88.18629908561707,B2-01,0,1
1657,54:F0:B1:BC:70:00,eduroam,55,88.18629908561707,B2-01,0,1
1658,54:F0:B1:BC:70:01,PoliSemFio,52,88.18629908561707,B2-01,0,1
1659,54:F0:B1:BC:70:02,,34,88.18629908561707,B2-01,0,1
1660,54:F0:B1:BC:70:20,eduroam,24,88.18629908561707,B2-01,0,1
1661,54:F0:B1:BC:70:21,PoliSemFio,25,88.18629908561707,B2-01,0,1
1662,54:F0:B1:BC:77:80,eduroam,37,88.18629908561707,B2-01,0,1
1663,54:F0:B1:BC:77:81,PoliSemFio,40,88.18629908561707,B2-01,0,1
1664,54:F0:B1:BC:77:82,,42,88.18629908561707,B2-01,0,1
1665,54:F0:B1:BC:77:A0,eduroam,15,88.18629908561707,B2-01,0,1
1666,54:F0:B1:BC:77:A1,PoliSemFio,19,88.18629908561707,B2-01,0,1
1667,54:F0:B1:BC:7C:90,eduroam,10,88.18629908561707,B2-01,0,1
1668,68:FF:7B:47:78:BE,C1-22M,50,88.18629908561707,B2-01,0,1
1669,70:62:B8:6E:72:A0,PCS-wireless-C1-13,24,88.18629908561707,B2-01,0,1
1670,70:62:B8:6E:72:A1,PPGEE,27,88.18629908561707,B2-01,0,1
1671,84:D4:7E:06:4F:E0,eduroam,52,88.18629908561707,B2-01,0,1
1672,84:D4:7E:06:4F:E1,PoliSemFio,49,88.18629908561707,B2-01,0,1
1673,84:D4:7E:06:4F:E2,,50,88.18629908561707,B2-01,0,1
1674,84:D4:7E:06:4F:F0,eduroam,40,88.18629908561707,B2-01,0,1
1675,84:D4:7E:06:4F:F1,PoliSemFio,40,88.18629908561707,B2-01,0,1
1676,84:D4:7E:06:4F:F2,,29,88.18629908561707,B2-01,0,1
1677,AA:6B:AD:82:46:CC,DIRECT-cc-HP M132f LaserJet,22,88.18629908561707,B2-01,0,1
1678,DC:9F:DB:1C:1F:D7,LWN-3,15,88.18629908561707,B2-01,0,1
1679,DC:9F:DB:1C:1F:E0,LWN-3,37,88.18629908561707,B2-01,0,1
1680,DE:9F:DB:1C:1F:E0,LARC Guest,37,88.18629908561707,B2-01,0,1
1681,EE:9F:DB:1C:1F:E0,,35,88.18629908561707,B2-01,0,1
1682,F8:1A:67:99:55:8E,NUCLEAR_CHF,22,88.18629908561707,B2-01,0,1
1683,FE:9F:DB:1C:1F:D7,,15,88.18629908561707,B2-01,0,1
1684,FE:9F:DB:1C:1F:E0,,37,88.18629908561707,B2-01,0,1
1685,00:21:91:70:9D:EC,LAB-DIDATICO,22,90.80284929275513,B2-01,0,1
1686,30:85:A9:69:F2:E4,PCS-Wireless-C2-22,39,90.80284929275513,B2-01,0,1
1687,34:60:F9:A3:D9:14,GASWIFI-2G_C2,17,90.80284929275513,B2-01,0,1
1688,34:CE:00:51:3E:6F,Lab,42,90.80284929275513,B2-01,0,1
1689,34:CE:00:51:3E:70,Lab_5G,7,90.80284929275513,B2-01,0,1
1690,48:00:20:34:D2:40,eduroam,22,90.80284929275513,B2-01,0,1
1691,54:B8:0A:AA:2C:8C,LAB_DIGITAL,37,90.80284929275513,B2-01,0,1
1692,54:B8:0A:AA:2C:8D,PCS-Wireless,37,90.80284929275513,B2-01,0,1
1693,54:F0:B1:A1:18:C0,eduroam,24,90.80284929275513,B2-01,0,1
1694,54:F0:B1:A1:18:C1,PoliSemFio,24,90.80284929275513,B2-01,0,1
1695,54:F0:B1:A1:18:C3,MEZANINO,22,90.80284929275513,B2-01,0,1
1696,54:F0:B1:A1:18:C4,GDLAB,22,90.80284929275513,B2-01,0,1
1697,54:F0:B1:A1:18:C5,LABPAD,22,90.80284929275513,B2-01,0,1
1698,54:F0:B1:A1:18:D0,eduroam,29,90.80284929275513,B2-01,0,1
1699,54:F0:B1:A1:18:D1,PoliSemFio,32,90.80284929275513,B2-01,0,1
1700,54:F0:B1:A1:18:D2,,34,90.80284929275513,B2-01,0,1
1701,54:F0:B1:A1:18:D3,MEZANINO,32,90.80284929275513,B2-01,0,1
1702,54:F0:B1:A1:18:D4,GDLAB,32,90.80284929275513,B2-01,0,1
1703,54:F0:B1:A1:18:D5,LABPAD,32,90.80284929275513,B2-01,0,1
1704,54:F0:B1:A1:58:00,eduroam,27,90.80284929275513,B2-01,0,1
1705,54:F0:B1:A1:58:01,PoliSemFio,39,90.80284929275513,B2-01,0,1
1706,54:F0:B1:A1:58:02,,39,90.80284929275513,B2-01,0,1
1707,54:F0:B1:A1:E5:01,PoliSemFio,25,90.80284929275513,B2-01,0,1
1708,54:F0:B1:A1:E5:02,,25,90.80284929275513,B2-01,0,1
1709,54:F0:B1:A2:37:E0,eduroam,22,90.80284929275513,B2-01,0,1
1710,54:F0:B1:A2:37:E1,PoliSemFio,19,90.80284929275513,B2-01,0,1
1711,54:F0:B1:A2:37:E2,,19,90.80284929275513,B2-01,0,1
1712,54:F0:B1:A2:57:30,eduroam,22,90.80284929275513,B2-01,0,1
1713,54:F0:B1:A2:57:31,PoliSemFio,34,90.80284929275513,B2-01,0,1
1714,54:F0:B1:A2:57:32,,29,90.80284929275513,B2-01,0,1
1715,54:F0:B1:A2:57:33,LCA,19,90.80284929275513,B2-01,0,1
1716,54:F0:B1:BB:5A:82,HACKER,29,90.80284929275513,B2-01,0,1
1717,54:F0:B1:BB:5A:83,LEP,29,90.80284929275513,B2-01,0,1
1718,54:F0:B1:BB:84:B0,eduroam,15,90.80284929275513,B2-01,0,1
1719,54:F0:B1:BB:84:B2,,30,90.80284929275513,B2-01,0,1
1720,54:F0:B1:BB:92:C0,eduroam,15,90.80284929275513,B2-01,0,1
1721,54:F0:B1:BB:BE:12,,19,90.80284929275513,B2-01,0,1
1722,54:F0:B1:BB:BE:13,CAEEL,17,90.80284929275513,B2-01,0,1
1723,54:F0:B1:BB:C4:D0,eduroam,50,90.80284929275513,B2-01,0,1
1724,54:F0:B1:BB:C4:D1,PoliSemFio,47,90.80284929275513,B2-01,0,1
1725,54:F0:B1:BB:C4:D2,,47,90.80284929275513,B2-01,0,1
1726,54:F0:B1:BB:C4:F0,eduroam,29,90.80284929275513,B2-01,0,1
1727,54:F0:B1:BB:C4:F1,PoliSemFio,29,90.80284929275513,B2-01,0,1
1728,54:F0:B1:BB:C5:C4,GDLAB,4,90.80284929275513,B2-01,0,1
1729,54:F0:B1:BB:C5:C5,LABPAD,14,90.80284929275513,B2-01,0,1
1730,54:F0:B1:BB:FD:D0,eduroam,19,90.80284929275513,B2-01,0,1
1731,54:F0:B1:BB:FD:D1,PoliSemFio,29,90.80284929275513,B2-01,0,1
1732,54:F0:B1:BB:FD:D2,,29,90.80284929275513,B2-01,0,1
1733,54:F0:B1:BC:09:40,eduroam,77,90.80284929275513,B2-01,0,1
1734,54:F0:B1:BC:09:41,PoliSemFio,92,90.80284929275513,B2-01,0,1
1735,54:F0:B1:BC:09:42,,92,90.80284929275513,B2-01,0,1
1736,54:F0:B1:BC:09:60,eduroam,95,90.80284929275513,B2-01,0,1
1737,54:F0:B1:BC:09:61,PoliSemFio,95,90.80284929275513,B2-01,0,1
1738,54:F0:B1:BC:1B:D0,eduroam,54,90.80284929275513,B2-01,0,1
1739,54:F0:B1:BC:1B:D1,PoliSemFio,50,90.80284929275513,B2-01,0,1
1740,54:F0:B1:BC:1B:D2,,50,90.80284929275513,B2-01,0,1
1741,54:F0:B1:BC:1B:F0,eduroam,17,90.80284929275513,B2-01,0,1
1742,54:F0:B1:BC:1B:F1,PoliSemFio,17,90.80284929275513,B2-01,0,1
1743,54:F0:B1:BC:2E:90,eduroam,75,90.80284929275513,B2-01,0,1
1744,54:F0:B1:BC:2E:91,PoliSemFio,50,90.80284929275513,B2-01,0,1
1745,54:F0:B1:BC:2E:92,,50,90.80284929275513,B2-01,0,1
1746,54:F0:B1:BC:2E:B0,eduroam,25,90.80284929275513,B2-01,0,1
1747,54:F0:B1:BC:2E:B1,PoliSemFio,27,90.80284929275513,B2-01,0,1
1748,54:F0:B1:BC:36:10,PoliSemFio,25,90.80284929275513,B2-01,0,1
1749,54:F0:B1:BC:36:11,eduroam,24,90.80284929275513,B2-01,0,1
1750,54:F0:B1:BC:36:12,,27,90.80284929275513,B2-01,0,1
1751,54:F0:B1:BC:3F:10,eduroam,19,90.80284929275513,B2-01,0,1
1752,54:F0:B1:BC:3F:12,,25,90.80284929275513,B2-01,0,1
1753,54:F0:B1:BC:70:00,eduroam,55,90.80284929275513,B2-01,0,1
1754,54:F0:B1:BC:70:01,PoliSemFio,52,90.80284929275513,B2-01,0,1
1755,54:F0:B1:BC:70:02,,34,90.80284929275513,B2-01,0,1
1756,54:F0:B1:BC:70:20,eduroam,24,90.80284929275513,B2-01,0,1
1757,54:F0:B1:BC:70:21,PoliSemFio,25,90.80284929275513,B2-01,0,1
1758,54:F0:B1:BC:77:80,eduroam,39,90.80284929275513,B2-01,0,1
1759,54:F0:B1:BC:77:81,PoliSemFio,40,90.80284929275513,B2-01,0,1
1760,54:F0:B1:BC:77:82,,42,90.80284929275513,B2-01,0,1
1761,54:F0:B1:BC:77:A0,eduroam,17,90.80284929275513,B2-01,0,1
1762,54:F0:B1:BC:77:A1,PoliSemFio,19,90.80284929275513,B2-01,0,1
1763,54:F0:B1:BC:8F:20,eduroam,19,90.80284929275513,B2-01,0,1
1764,68:FF:7B:47:78:BE,C1-22M,45,90.80284929275513,B2-01,0,1
1765,70:62:B8:6E:72:A0,PCS-wireless-C1-13,27,90.80284929275513,B2-01,0,1
1766,70:62:B8:6E:72:A1,PPGEE,27,90.80284929275513,B2-01,0,1
1767,84:D4:7E:06:4F:E0,eduroam,49,90.80284929275513,B2-01,0,1
1768,84:D4:7E:06:4F:E1,PoliSemFio,49,90.80284929275513,B2-01,0,1
1769,84:D4:7E:06:4F:E2,,50,90.80284929275513,B2-01,0,1
1770,84:D4:7E:06:4F:F0,eduroam,27,90.80284929275513,B2-01,0,1
1771,84:D4:7E:06:4F:F1,PoliSemFio,40,90.80284929275513,B2-01,0,1
1772,84:D4:7E:06:4F:F2,,29,90.80284929275513,B2-01,0,1
1773,AA:6B:AD:82:46:CC,DIRECT-cc-HP M132f LaserJet,22,90.80284929275513,B2-01,0,1
1774,DC:9F:DB:1C:1F:D7,LWN-3,15,90.80284929275513,B2-01,0,1
1775,DC:9F:DB:1C:1F:E0,LWN-3,37,90.80284929275513,B2-01,0,1
1776,DE:9F:DB:1C:1F:E0,LARC Guest,37,90.80284929275513,B2-01,0,1
1777,EE:9F:DB:1C:1F:E0,,35,90.80284929275513,B2-01,0,1
1778,F8:1A:67:99:55:8E,NUCLEAR_CHF,22,90.80284929275513,B2-01,0,1
1779,FE:9F:DB:1C:1F:D7,,15,90.80284929275513,B2-01,0,1
1780,FE:9F:DB:1C:1F:E0,,37,90.80284929275513,B2-01,0,1
1781,00:21:91:70:9D:EC,LAB-DIDATICO,22,93.42205595970154,B2-01,0,1
1782,30:85:A9:69:F2:E4,PCS-Wireless-C2-22,39,93.42205595970154,B2-01,0,1
1783,34:60:F9:A3:D9:14,GASWIFI-2G_C2,17,93.42205595970154,B2-01,0,1
1784,34:CE:00:51:3E:6F,Lab,42,93.42205595970154,B2-01,0,1
1785,34:CE:00:51:3E:70,Lab_5G,7,93.42205595970154,B2-01,0,1
1786,48:00:20:34:D2:40,eduroam,22,93.42205595970154,B2-01,0,1
1787,54:B8:0A:AA:2C:8C,LAB_DIGITAL,37,93.42205595970154,B2-01,0,1
1788,54:B8:0A:AA:2C:8D,PCS-Wireless,37,93.42205595970154,B2-01,0,1
1789,54:F0:B1:A1:18:C0,eduroam,24,93.42205595970154,B2-01,0,1
1790,54:F0:B1:A1:18:C1,PoliSemFio,24,93.42205595970154,B2-01,0,1
1791,54:F0:B1:A1:18:C3,MEZANINO,22,93.42205595970154,B2-01,0,1
1792,54:F0:B1:A1:18:C4,GDLAB,22,93.42205595970154,B2-01,0,1
1793,54:F0:B1:A1:18:C5,LABPAD,22,93.42205595970154,B2-01,0,1
1794,54:F0:B1:A1:18:D0,eduroam,29,93.42205595970154,B2-01,0,1
1795,54:F0:B1:A1:18:D1,PoliSemFio,32,93.42205595970154,B2-01,0,1
1796,54:F0:B1:A1:18:D2,,34,93.42205595970154,B2-01,0,1
1797,54:F0:B1:A1:18:D3,MEZANINO,32,93.42205595970154,B2-01,0,1
1798,54:F0:B1:A1:18:D4,GDLAB,32,93.42205595970154,B2-01,0,1
1799,54:F0:B1:A1:18:D5,LABPAD,32,93.42205595970154,B2-01,0,1
1800,54:F0:B1:A1:58:00,eduroam,27,93.42205595970154,B2-01,0,1
1801,54:F0:B1:A1:58:01,PoliSemFio,39,93.42205595970154,B2-01,0,1
1802,54:F0:B1:A1:58:02,,39,93.42205595970154,B2-01,0,1
1803,54:F0:B1:A1:E5:01,PoliSemFio,25,93.42205595970154,B2-01,0,1
1804,54:F0:B1:A1:E5:02,,25,93.42205595970154,B2-01,0,1
1805,54:F0:B1:A2:37:E0,eduroam,22,93.42205595970154,B2-01,0,1
1806,54:F0:B1:A2:37:E1,PoliSemFio,19,93.42205595970154,B2-01,0,1
1807,54:F0:B1:A2:37:E2,,19,93.42205595970154,B2-01,0,1
1808,54:F0:B1:A2:57:30,eduroam,22,93.42205595970154,B2-01,0,1
1809,54:F0:B1:A2:57:31,PoliSemFio,34,93.42205595970154,B2-01,0,1
1810,54:F0:B1:A2:57:32,,29,93.42205595970154,B2-01,0,1
1811,54:F0:B1:A2:57:33,LCA,19,93.42205595970154,B2-01,0,1
1812,54:F0:B1:BB:5A:82,HACKER,29,93.42205595970154,B2-01,0,1
1813,54:F0:B1:BB:5A:83,LEP,29,93.42205595970154,B2-01,0,1
1814,54:F0:B1:BB:84:B0,eduroam,15,93.42205595970154,B2-01,0,1
1815,54:F0:B1:BB:84:B2,,30,93.42205595970154,B2-01,0,1
1816,54:F0:B1:BB:92:C0,eduroam,15,93.42205595970154,B2-01,0,1
1817,54:F0:B1:BB:BE:12,,19,93.42205595970154,B2-01,0,1
1818,54:F0:B1:BB:BE:13,CAEEL,17,93.42205595970154,B2-01,0,1
1819,54:F0:B1:BB:C4:D0,eduroam,50,93.42205595970154,B2-01,0,1
1820,54:F0:B1:BB:C4:D1,PoliSemFio,47,93.42205595970154,B2-01,0,1
1821,54:F0:B1:BB:C4:D2,,47,93.42205595970154,B2-01,0,1
1822,54:F0:B1:BB:C4:F0,eduroam,29,93.42205595970154,B2-01,0,1
1823,54:F0:B1:BB:C4:F1,PoliSemFio,29,93.42205595970154,B2-01,0,1
1824,54:F0:B1:BB:C5:C4,GDLAB,4,93.42205595970154,B2-01,0,1
1825,54:F0:B1:BB:C5:C5,LABPAD,14,93.42205595970154,B2-01,0,1
1826,54:F0:B1:BB:FD:D0,eduroam,19,93.42205595970154,B2-01,0,1
1827,54:F0:B1:BB:FD:D1,PoliSemFio,29,93.42205595970154,B2-01,0,1
1828,54:F0:B1:BB:FD:D2,,29,93.42205595970154,B2-01,0,1
1829,54:F0:B1:BC:09:40,eduroam,77,93.42205595970154,B2-01,0,1
1830,54:F0:B1:BC:09:41,PoliSemFio,92,93.42205595970154,B2-01,0,1
1831,54:F0:B1:BC:09:42,,92,93.42205595970154,B2-01,0,1
1832,54:F0:B1:BC:09:60,eduroam,80,93.42205595970154,B2-01,0,1
1833,54:F0:B1:BC:09:61,PoliSemFio,95,93.42205595970154,B2-01,0,1
1834,54:F0:B1:BC:1B:D0,eduroam,54,93.42205595970154,B2-01,0,1
1835,54:F0:B1:BC:1B:D1,PoliSemFio,50,93.42205595970154,B2-01,0,1
1836,54:F0:B1:BC:1B:D2,,50,93.42205595970154,B2-01,0,1
1837,54:F0:B1:BC:1B:F0,eduroam,17,93.42205595970154,B2-01,0,1
1838,54:F0:B1:BC:1B:F1,PoliSemFio,17,93.42205595970154,B2-01,0,1
1839,54:F0:B1:BC:2E:90,eduroam,75,93.42205595970154,B2-01,0,1
1840,54:F0:B1:BC:2E:91,PoliSemFio,50,93.42205595970154,B2-01,0,1
1841,54:F0:B1:BC:2E:92,,50,93.42205595970154,B2-01,0,1
1842,54:F0:B1:BC:2E:B0,eduroam,25,93.42205595970154,B2-01,0,1
1843,54:F0:B1:BC:2E:B1,PoliSemFio,27,93.42205595970154,B2-01,0,1
1844,54:F0:B1:BC:36:10,PoliSemFio,25,93.42205595970154,B2-01,0,1
1845,54:F0:B1:BC:36:11,eduroam,24,93.42205595970154,B2-01,0,1
1846,54:F0:B1:BC:36:12,,27,93.42205595970154,B2-01,0,1
1847,54:F0:B1:BC:3F:10,eduroam,19,93.42205595970154,B2-01,0,1
1848,54:F0:B1:BC:3F:12,,25,93.42205595970154,B2-01,0,1
1849,54:F0:B1:BC:70:00,eduroam,55,93.42205595970154,B2-01,0,1
1850,54:F0:B1:BC:70:01,PoliSemFio,52,93.42205595970154,B2-01,0,1
1851,54:F0:B1:BC:70:02,,34,93.42205595970154,B2-01,0,1
1852,54:F0:B1:BC:70:20,eduroam,24,93.42205595970154,B2-01,0,1
1853,54:F0:B1:BC:70:21,PoliSemFio,25,93.42205595970154,B2-01,0,1
1854,54:F0:B1:BC:77:80,eduroam,39,93.42205595970154,B2-01,0,1
1855,54:F0:B1:BC:77:81,PoliSemFio,40,93.42205595970154,B2-01,0,1
1856,54:F0:B1:BC:77:82,,42,93.42205595970154,B2-01,0,1
1857,54:F0:B1:BC:77:A0,eduroam,17,93.42205595970154,B2-01,0,1
1858,54:F0:B1:BC:77:A1,PoliSemFio,19,93.42205595970154,B2-01,0,1
1859,54:F0:B1:BC:8F:20,eduroam,19,93.42205595970154,B2-01,0,1
1860,68:FF:7B:47:78:BE,C1-22M,45,93.42205595970154,B2-01,0,1
1861,70:62:B8:6E:72:A0,PCS-wireless-C1-13,27,93.42205595970154,B2-01,0,1
1862,70:62:B8:6E:72:A1,PPGEE,27,93.42205595970154,B2-01,0,1
1863,84:D4:7E:06:4F:E0,eduroam,49,93.42205595970154,B2-01,0,1
1864,84:D4:7E:06:4F:E1,PoliSemFio,49,93.42205595970154,B2-01,0,1
1865,84:D4:7E:06:4F:E2,,50,93.42205595970154,B2-01,0,1
1866,84:D4:7E:06:4F:F0,eduroam,27,93.42205595970154,B2-01,0,1
1867,84:D4:7E:06:4F:F1,PoliSemFio,40,93.42205595970154,B2-01,0,1
1868,84:D4:7E:06:4F:F2,,29,93.42205595970154,B2-01,0,1
1869,AA:6B:AD:82:46:CC,DIRECT-cc-HP M132f LaserJet,22,93.42205595970154,B2-01,0,1
1870,DC:9F:DB:1C:1F:D7,LWN-3,15,93.42205595970154,B2-01,0,1
1871,DC:9F:DB:1C:1F:E0,LWN-3,37,93.42205595970154,B2-01,0,1
1872,DE:9F:DB:1C:1F:E0,LARC Guest,37,93.42205595970154,B2-01,0,1
1873,EE:9F:DB:1C:1F:E0,,35,93.42205595970154,B2-01,0,1
1874,F8:1A:67:99:55:8E,NUCLEAR_CHF,22,93.42205595970154,B2-01,0,1
1875,FE:9F:DB:1C:1F:D7,,15,93.42205595970154,B2-01,0,1
1876,FE:9F:DB:1C:1F:E0,,37,93.42205595970154,B2-01,0,1
