,ap_mac,ap_name,rssi,timestamp,room,door_status,room_part
0,00:18:E7:FF:8C:98,dlink,24,806.3423929214478,B2-01,1,3
1,00:21:91:70:9D:EC,LAB-DIDATICO,35,806.3423929214478,B2-01,1,3
2,34:60:F9:A3:D9:14,GASWIFI-2G_C2,27,806.3423929214478,B2-01,1,3
3,34:CE:00:51:3E:6F,Lab,49,806.3423929214478,B2-01,1,3
4,34:CE:00:51:3E:70,Lab_5G,25,806.3423929214478,B2-01,1,3
5,3A:60:F9:A3:D9:14,,22,806.3423929214478,B2-01,1,3
6,44:D2:44:DC:2E:01,PROJETOR_B2-06-EC89sIpciG1AUef,44,806.3423929214478,B2-01,1,3
7,54:B8:0A:AA:2C:8C,LAB_DIGITAL,29,806.3423929214478,B2-01,1,3
8,54:B8:0A:AA:2C:8D,PCS-Wireless,47,806.3423929214478,B2-01,1,3
9,54:B8:0A:AA:2C:8E,LAB_DIGITAL-5GHz,9,806.3423929214478,B2-01,1,3
10,54:B8:0A:AA:2C:8F,PCS-Wireless-5GHz,10,806.3423929214478,B2-01,1,3
11,54:F0:B1:A1:18:C0,eduroam,19,806.3423929214478,B2-01,1,3
12,54:F0:B1:A1:18:C1,PoliSemFio,24,806.3423929214478,B2-01,1,3
13,54:F0:B1:A1:18:C3,MEZANINO,24,806.3423929214478,B2-01,1,3
14,54:F0:B1:A1:18:C4,GDLAB,24,806.3423929214478,B2-01,1,3
15,54:F0:B1:A1:18:C5,LABPAD,25,806.3423929214478,B2-01,1,3
16,54:F0:B1:A1:18:D0,eduroam,29,806.3423929214478,B2-01,1,3
17,54:F0:B1:A1:18:D1,PoliSemFio,29,806.3423929214478,B2-01,1,3
18,54:F0:B1:A1:18:D2,,29,806.3423929214478,B2-01,1,3
19,54:F0:B1:A1:18:D3,MEZANINO,30,806.3423929214478,B2-01,1,3
20,54:F0:B1:A1:18:D4,GDLAB,30,806.3423929214478,B2-01,1,3
21,54:F0:B1:A1:18:D5,LABPAD,29,806.3423929214478,B2-01,1,3
22,54:F0:B1:A1:57:F0,eduroam,17,806.3423929214478,B2-01,1,3
23,54:F0:B1:A1:57:F1,PoliSemFio,19,806.3423929214478,B2-01,1,3
24,54:F0:B1:A1:57:F2,,15,806.3423929214478,B2-01,1,3
25,54:F0:B1:A1:58:00,eduroam,42,806.3423929214478,B2-01,1,3
26,54:F0:B1:A1:58:01,PoliSemFio,39,806.3423929214478,B2-01,1,3
27,54:F0:B1:A1:58:02,,40,806.3423929214478,B2-01,1,3
28,54:F0:B1:A1:E4:F0,eduroam,12,806.3423929214478,B2-01,1,3
29,54:F0:B1:A1:E4:F1,PoliSemFio,12,806.3423929214478,B2-01,1,3
30,54:F0:B1:A1:E4:F2,,14,806.3423929214478,B2-01,1,3
31,54:F0:B1:A1:E5:00,eduroam,32,806.3423929214478,B2-01,1,3
32,54:F0:B1:A1:E5:01,PoliSemFio,30,806.3423929214478,B2-01,1,3
33,54:F0:B1:A1:E5:02,,30,806.3423929214478,B2-01,1,3
34,54:F0:B1:A2:56:70,eduroam,20,806.3423929214478,B2-01,1,3
35,54:F0:B1:A2:56:71,PoliSemFio,25,806.3423929214478,B2-01,1,3
36,54:F0:B1:A2:56:72,,25,806.3423929214478,B2-01,1,3
37,54:F0:B1:A2:57:30,eduroam,29,806.3423929214478,B2-01,1,3
38,54:F0:B1:A2:57:31,PoliSemFio,30,806.3423929214478,B2-01,1,3
39,54:F0:B1:A2:57:32,,30,806.3423929214478,B2-01,1,3
40,54:F0:B1:A2:57:33,LCA,20,806.3423929214478,B2-01,1,3
41,54:F0:B1:BB:5A:80,eduroam,37,806.3423929214478,B2-01,1,3
42,54:F0:B1:BB:5A:81,PoliSemFio,42,806.3423929214478,B2-01,1,3
43,54:F0:B1:BB:5A:82,HACKER,27,806.3423929214478,B2-01,1,3
44,54:F0:B1:BB:5A:83,LEP,25,806.3423929214478,B2-01,1,3
45,54:F0:B1:BB:5A:84,,32,806.3423929214478,B2-01,1,3
46,54:F0:B1:BB:80:C3,LABPROG,10,806.3423929214478,B2-01,1,3
47,54:F0:B1:BB:92:C2,,25,806.3423929214478,B2-01,1,3
48,54:F0:B1:BB:BE:12,,25,806.3423929214478,B2-01,1,3
49,54:F0:B1:BB:BE:13,CAEEL,15,806.3423929214478,B2-01,1,3
50,54:F0:B1:BB:C4:D0,eduroam,60,806.3423929214478,B2-01,1,3
51,54:F0:B1:BB:C4:D1,PoliSemFio,62,806.3423929214478,B2-01,1,3
52,54:F0:B1:BB:C4:D2,,52,806.3423929214478,B2-01,1,3
53,54:F0:B1:BB:C4:F0,eduroam,35,806.3423929214478,B2-01,1,3
54,54:F0:B1:BB:C4:F1,PoliSemFio,37,806.3423929214478,B2-01,1,3
55,54:F0:B1:BB:C4:F2,,37,806.3423929214478,B2-01,1,3
56,54:F0:B1:BC:09:40,eduroam,90,806.3423929214478,B2-01,1,3
57,54:F0:B1:BC:09:41,PoliSemFio,92,806.3423929214478,B2-01,1,3
58,54:F0:B1:BC:09:42,,74,806.3423929214478,B2-01,1,3
59,54:F0:B1:BC:09:60,eduroam,63,806.3423929214478,B2-01,1,3
60,54:F0:B1:BC:09:61,PoliSemFio,69,806.3423929214478,B2-01,1,3
61,54:F0:B1:BC:1B:D0,eduroam,49,806.3423929214478,B2-01,1,3
62,54:F0:B1:BC:1B:D1,PoliSemFio,62,806.3423929214478,B2-01,1,3
63,54:F0:B1:BC:1B:D2,,44,806.3423929214478,B2-01,1,3
64,54:F0:B1:BC:1B:F0,eduroam,17,806.3423929214478,B2-01,1,3
65,54:F0:B1:BC:1B:F1,PoliSemFio,15,806.3423929214478,B2-01,1,3
66,54:F0:B1:BC:2E:90,eduroam,47,806.3423929214478,B2-01,1,3
67,54:F0:B1:BC:2E:91,PoliSemFio,55,806.3423929214478,B2-01,1,3
68,54:F0:B1:BC:2E:92,,62,806.3423929214478,B2-01,1,3
69,54:F0:B1:BC:2E:B0,eduroam,29,806.3423929214478,B2-01,1,3
70,54:F0:B1:BC:2E:B1,PoliSemFio,29,806.3423929214478,B2-01,1,3
71,54:F0:B1:BC:2E:B2,,29,806.3423929214478,B2-01,1,3
72,54:F0:B1:BC:2F:50,eduroam,19,806.3423929214478,B2-01,1,3
73,54:F0:B1:BC:36:10,PoliSemFio,19,806.3423929214478,B2-01,1,3
74,54:F0:B1:BC:36:11,eduroam,24,806.3423929214478,B2-01,1,3
75,54:F0:B1:BC:36:12,,24,806.3423929214478,B2-01,1,3
76,54:F0:B1:BC:3F:10,eduroam,25,806.3423929214478,B2-01,1,3
77,54:F0:B1:BC:3F:11,PoliSemFio,42,806.3423929214478,B2-01,1,3
78,54:F0:B1:BC:43:60,eduroam,7,806.3423929214478,B2-01,1,3
79,54:F0:B1:BC:65:B0,eduroam,12,806.3423929214478,B2-01,1,3
80,54:F0:B1:BC:70:00,eduroam,37,806.3423929214478,B2-01,1,3
81,54:F0:B1:BC:70:01,PoliSemFio,34,806.3423929214478,B2-01,1,3
82,54:F0:B1:BC:70:20,eduroam,25,806.3423929214478,B2-01,1,3
83,54:F0:B1:BC:70:21,PoliSemFio,25,806.3423929214478,B2-01,1,3
84,54:F0:B1:BC:77:80,eduroam,42,806.3423929214478,B2-01,1,3
85,54:F0:B1:BC:77:81,PoliSemFio,40,806.3423929214478,B2-01,1,3
86,54:F0:B1:BC:77:82,,40,806.3423929214478,B2-01,1,3
87,54:F0:B1:BC:77:A0,eduroam,32,806.3423929214478,B2-01,1,3
88,54:F0:B1:BC:77:A1,PoliSemFio,32,806.3423929214478,B2-01,1,3
89,54:F0:B1:BC:77:A2,,19,806.3423929214478,B2-01,1,3
90,68:FF:7B:47:78:BD,C1-22M-5G,17,806.3423929214478,B2-01,1,3
91,68:FF:7B:47:78:BE,C1-22M,42,806.3423929214478,B2-01,1,3
92,70:62:B8:6E:72:A0,PCS-wireless-C1-13,39,806.3423929214478,B2-01,1,3
93,70:62:B8:6E:72:A1,PPGEE,40,806.3423929214478,B2-01,1,3
94,84:D4:7E:06:4F:E0,eduroam,55,806.3423929214478,B2-01,1,3
95,84:D4:7E:06:4F:E1,PoliSemFio,47,806.3423929214478,B2-01,1,3
96,84:D4:7E:06:4F:E2,,45,806.3423929214478,B2-01,1,3
97,84:D4:7E:06:4F:F0,eduroam,40,806.3423929214478,B2-01,1,3
98,84:D4:7E:06:4F:F1,PoliSemFio,40,806.3423929214478,B2-01,1,3
99,DC:9F:DB:1C:1F:E0,LWN-3,47,806.3423929214478,B2-01,1,3
100,DE:9F:DB:1C:1F:E0,LARC Guest,32,806.3423929214478,B2-01,1,3
101,F8:1A:67:99:55:8E,NUCLEAR_CHF,15,806.3423929214478,B2-01,1,3
102,FE:9F:DB:1C:1F:D7,,27,806.3423929214478,B2-01,1,3
103,FE:9F:DB:1C:1F:E0,,34,806.3423929214478,B2-01,1,3
104,00:18:E7:FF:8C:98,dlink,24,808.96404504776,B2-01,1,3
105,00:21:91:70:9D:EC,LAB-DIDATICO,19,808.96404504776,B2-01,1,3
106,34:60:F9:A3:D9:14,GASWIFI-2G_C2,24,808.96404504776,B2-01,1,3
107,34:CE:00:51:3E:6F,Lab,62,808.96404504776,B2-01,1,3
108,34:CE:00:51:3E:70,Lab_5G,22,808.96404504776,B2-01,1,3
109,3A:60:F9:A3:D9:14,,22,808.96404504776,B2-01,1,3
110,44:D2:44:DC:2E:01,PROJETOR_B2-06-EC89sIpciG1AUef,47,808.96404504776,B2-01,1,3
111,54:B8:0A:AA:2C:8C,LAB_DIGITAL,32,808.96404504776,B2-01,1,3
112,54:B8:0A:AA:2C:8D,PCS-Wireless,30,808.96404504776,B2-01,1,3
113,54:B8:0A:AA:2C:8E,LAB_DIGITAL-5GHz,9,808.96404504776,B2-01,1,3
114,54:B8:0A:AA:2C:8F,PCS-Wireless-5GHz,10,808.96404504776,B2-01,1,3
115,54:F0:B1:A1:18:C0,eduroam,19,808.96404504776,B2-01,1,3
116,54:F0:B1:A1:18:C1,PoliSemFio,24,808.96404504776,B2-01,1,3
117,54:F0:B1:A1:18:C3,MEZANINO,10,808.96404504776,B2-01,1,3
118,54:F0:B1:A1:18:C4,GDLAB,24,808.96404504776,B2-01,1,3
119,54:F0:B1:A1:18:C5,LABPAD,25,808.96404504776,B2-01,1,3
120,54:F0:B1:A1:18:D0,eduroam,29,808.96404504776,B2-01,1,3
121,54:F0:B1:A1:18:D1,PoliSemFio,29,808.96404504776,B2-01,1,3
122,54:F0:B1:A1:18:D2,,29,808.96404504776,B2-01,1,3
123,54:F0:B1:A1:18:D3,MEZANINO,30,808.96404504776,B2-01,1,3
124,54:F0:B1:A1:18:D4,GDLAB,30,808.96404504776,B2-01,1,3
125,54:F0:B1:A1:18:D5,LABPAD,14,808.96404504776,B2-01,1,3
126,54:F0:B1:A1:57:F0,eduroam,15,808.96404504776,B2-01,1,3
127,54:F0:B1:A1:57:F1,PoliSemFio,15,808.96404504776,B2-01,1,3
128,54:F0:B1:A1:57:F2,,15,808.96404504776,B2-01,1,3
129,54:F0:B1:A1:58:00,eduroam,42,808.96404504776,B2-01,1,3
130,54:F0:B1:A1:58:01,PoliSemFio,39,808.96404504776,B2-01,1,3
131,54:F0:B1:A1:58:02,,39,808.96404504776,B2-01,1,3
132,54:F0:B1:A1:E4:F0,eduroam,12,808.96404504776,B2-01,1,3
133,54:F0:B1:A1:E4:F1,PoliSemFio,12,808.96404504776,B2-01,1,3
134,54:F0:B1:A1:E4:F2,,14,808.96404504776,B2-01,1,3
135,54:F0:B1:A1:E5:00,eduroam,32,808.96404504776,B2-01,1,3
136,54:F0:B1:A1:E5:01,PoliSemFio,30,808.96404504776,B2-01,1,3
137,54:F0:B1:A1:E5:02,,30,808.96404504776,B2-01,1,3
138,54:F0:B1:A2:56:61,PoliSemFio,17,808.96404504776,B2-01,1,3
139,54:F0:B1:A2:56:70,eduroam,20,808.96404504776,B2-01,1,3
140,54:F0:B1:A2:56:71,PoliSemFio,25,808.96404504776,B2-01,1,3
141,54:F0:B1:A2:56:72,,25,808.96404504776,B2-01,1,3
142,54:F0:B1:A2:57:30,eduroam,29,808.96404504776,B2-01,1,3
143,54:F0:B1:A2:57:31,PoliSemFio,30,808.96404504776,B2-01,1,3
144,54:F0:B1:A2:57:32,,30,808.96404504776,B2-01,1,3
145,54:F0:B1:A2:57:33,LCA,20,808.96404504776,B2-01,1,3
146,54:F0:B1:BB:5A:80,eduroam,19,808.96404504776,B2-01,1,3
147,54:F0:B1:BB:5A:81,PoliSemFio,42,808.96404504776,B2-01,1,3
148,54:F0:B1:BB:5A:82,HACKER,27,808.96404504776,B2-01,1,3
149,54:F0:B1:BB:5A:83,LEP,25,808.96404504776,B2-01,1,3
150,54:F0:B1:BB:5A:84,,32,808.96404504776,B2-01,1,3
151,54:F0:B1:BB:80:C3,LABPROG,10,808.96404504776,B2-01,1,3
152,54:F0:B1:BB:92:C2,,25,808.96404504776,B2-01,1,3
153,54:F0:B1:BB:BE:11,PoliSemFio,27,808.96404504776,B2-01,1,3
154,54:F0:B1:BB:BE:12,,27,808.96404504776,B2-01,1,3
155,54:F0:B1:BB:BE:13,CAEEL,15,808.96404504776,B2-01,1,3
156,54:F0:B1:BB:C4:D0,eduroam,80,808.96404504776,B2-01,1,3
157,54:F0:B1:BB:C4:D1,PoliSemFio,75,808.96404504776,B2-01,1,3
158,54:F0:B1:BB:C4:D2,,52,808.96404504776,B2-01,1,3
159,54:F0:B1:BB:C4:F0,eduroam,47,808.96404504776,B2-01,1,3
160,54:F0:B1:BB:C4:F1,PoliSemFio,49,808.96404504776,B2-01,1,3
161,54:F0:B1:BB:C4:F2,,37,808.96404504776,B2-01,1,3
162,54:F0:B1:BC:09:40,eduroam,80,808.96404504776,B2-01,1,3
163,54:F0:B1:BC:09:41,PoliSemFio,85,808.96404504776,B2-01,1,3
164,54:F0:B1:BC:09:60,eduroam,74,808.96404504776,B2-01,1,3
165,54:F0:B1:BC:09:61,PoliSemFio,82,808.96404504776,B2-01,1,3
166,54:F0:B1:BC:1B:D0,eduroam,52,808.96404504776,B2-01,1,3
167,54:F0:B1:BC:1B:D1,PoliSemFio,67,808.96404504776,B2-01,1,3
168,54:F0:B1:BC:1B:D2,,67,808.96404504776,B2-01,1,3
169,54:F0:B1:BC:1B:F0,eduroam,32,808.96404504776,B2-01,1,3
170,54:F0:B1:BC:1B:F1,PoliSemFio,32,808.96404504776,B2-01,1,3
171,54:F0:B1:BC:2E:90,eduroam,54,808.96404504776,B2-01,1,3
172,54:F0:B1:BC:2E:91,PoliSemFio,75,808.96404504776,B2-01,1,3
173,54:F0:B1:BC:2E:92,,62,808.96404504776,B2-01,1,3
174,54:F0:B1:BC:2E:B0,eduroam,32,808.96404504776,B2-01,1,3
175,54:F0:B1:BC:2E:B1,PoliSemFio,32,808.96404504776,B2-01,1,3
176,54:F0:B1:BC:2E:B2,,29,808.96404504776,B2-01,1,3
177,54:F0:B1:BC:36:10,PoliSemFio,19,808.96404504776,B2-01,1,3
178,54:F0:B1:BC:36:11,eduroam,24,808.96404504776,B2-01,1,3
179,54:F0:B1:BC:36:12,,24,808.96404504776,B2-01,1,3
180,54:F0:B1:BC:3F:10,eduroam,25,808.96404504776,B2-01,1,3
181,54:F0:B1:BC:3F:11,PoliSemFio,39,808.96404504776,B2-01,1,3
182,54:F0:B1:BC:43:60,eduroam,7,808.96404504776,B2-01,1,3
183,54:F0:B1:BC:65:B0,eduroam,12,808.96404504776,B2-01,1,3
184,54:F0:B1:BC:70:00,eduroam,60,808.96404504776,B2-01,1,3
185,54:F0:B1:BC:70:01,PoliSemFio,34,808.96404504776,B2-01,1,3
186,54:F0:B1:BC:70:20,eduroam,15,808.96404504776,B2-01,1,3
187,54:F0:B1:BC:70:21,PoliSemFio,17,808.96404504776,B2-01,1,3
188,54:F0:B1:BC:77:80,eduroam,32,808.96404504776,B2-01,1,3
189,54:F0:B1:BC:77:81,PoliSemFio,52,808.96404504776,B2-01,1,3
190,54:F0:B1:BC:77:82,,52,808.96404504776,B2-01,1,3
191,54:F0:B1:BC:77:A0,eduroam,27,808.96404504776,B2-01,1,3
192,54:F0:B1:BC:77:A1,PoliSemFio,27,808.96404504776,B2-01,1,3
193,54:F0:B1:BC:77:A2,,29,808.96404504776,B2-01,1,3
194,68:FF:7B:47:78:BD,C1-22M-5G,17,808.96404504776,B2-01,1,3
195,68:FF:7B:47:78:BE,C1-22M,54,808.96404504776,B2-01,1,3
196,70:62:B8:6E:72:A0,PCS-wireless-C1-13,44,808.96404504776,B2-01,1,3
197,70:62:B8:6E:72:A1,PPGEE,42,808.96404504776,B2-01,1,3
198,84:D4:7E:06:4F:E0,eduroam,25,808.96404504776,B2-01,1,3
199,84:D4:7E:06:4F:E1,PoliSemFio,47,808.96404504776,B2-01,1,3
200,84:D4:7E:06:4F:E2,,45,808.96404504776,B2-01,1,3
201,84:D4:7E:06:4F:F0,eduroam,20,808.96404504776,B2-01,1,3
202,84:D4:7E:06:4F:F1,PoliSemFio,20,808.96404504776,B2-01,1,3
203,DC:9F:DB:1C:1F:D7,LWN-3,29,808.96404504776,B2-01,1,3
204,DC:9F:DB:1C:1F:E0,LWN-3,42,808.96404504776,B2-01,1,3
205,DE:9F:DB:1C:1F:E0,LARC Guest,32,808.96404504776,B2-01,1,3
206,EE:9F:DB:1C:1F:D7,,27,808.96404504776,B2-01,1,3
207,EE:9F:DB:1C:1F:E0,,42,808.96404504776,B2-01,1,3
208,F8:1A:67:99:55:8E,NUCLEAR_CHF,15,808.96404504776,B2-01,1,3
209,FE:9F:DB:1C:1F:D7,,27,808.96404504776,B2-01,1,3
210,FE:9F:DB:1C:1F:E0,,34,808.96404504776,B2-01,1,3
211,00:18:E7:FF:8C:98,dlink,24,815.2113316059113,B2-01,1,3
212,00:21:91:70:9D:EC,LAB-DIDATICO,19,815.2113316059113,B2-01,1,3
213,34:60:F9:A3:D9:14,GASWIFI-2G_C2,24,815.2113316059113,B2-01,1,3
214,34:CE:00:51:3E:6F,Lab,52,815.2113316059113,B2-01,1,3
215,34:CE:00:51:3E:70,Lab_5G,32,815.2113316059113,B2-01,1,3
216,44:D2:44:DC:2E:01,PROJETOR_B2-06-EC89sIpciG1AUef,45,815.2113316059113,B2-01,1,3
217,54:B8:0A:AA:2C:8C,LAB_DIGITAL,35,815.2113316059113,B2-01,1,3
218,54:B8:0A:AA:2C:8D,PCS-Wireless,34,815.2113316059113,B2-01,1,3
219,54:B8:0A:AA:2C:8E,LAB_DIGITAL-5GHz,9,815.2113316059113,B2-01,1,3
220,54:B8:0A:AA:2C:8F,PCS-Wireless-5GHz,10,815.2113316059113,B2-01,1,3
221,54:F0:B1:A1:18:C0,eduroam,19,815.2113316059113,B2-01,1,3
222,54:F0:B1:A1:18:C1,PoliSemFio,24,815.2113316059113,B2-01,1,3
223,54:F0:B1:A1:18:C3,MEZANINO,10,815.2113316059113,B2-01,1,3
224,54:F0:B1:A1:18:C4,GDLAB,24,815.2113316059113,B2-01,1,3
225,54:F0:B1:A1:18:C5,LABPAD,25,815.2113316059113,B2-01,1,3
226,54:F0:B1:A1:18:D0,eduroam,29,815.2113316059113,B2-01,1,3
227,54:F0:B1:A1:18:D3,MEZANINO,30,815.2113316059113,B2-01,1,3
228,54:F0:B1:A1:18:D4,GDLAB,12,815.2113316059113,B2-01,1,3
229,54:F0:B1:A1:18:D5,LABPAD,24,815.2113316059113,B2-01,1,3
230,54:F0:B1:A1:57:F0,eduroam,27,815.2113316059113,B2-01,1,3
231,54:F0:B1:A1:57:F1,PoliSemFio,29,815.2113316059113,B2-01,1,3
232,54:F0:B1:A1:57:F2,,29,815.2113316059113,B2-01,1,3
233,54:F0:B1:A1:58:00,eduroam,40,815.2113316059113,B2-01,1,3
234,54:F0:B1:A1:58:01,PoliSemFio,39,815.2113316059113,B2-01,1,3
235,54:F0:B1:A1:58:02,,39,815.2113316059113,B2-01,1,3
236,54:F0:B1:A1:E5:00,eduroam,32,815.2113316059113,B2-01,1,3
237,54:F0:B1:A1:E5:01,PoliSemFio,30,815.2113316059113,B2-01,1,3
238,54:F0:B1:A1:E5:02,,30,815.2113316059113,B2-01,1,3
239,54:F0:B1:A2:56:61,PoliSemFio,17,815.2113316059113,B2-01,1,3
240,54:F0:B1:A2:56:70,eduroam,17,815.2113316059113,B2-01,1,3
241,54:F0:B1:A2:56:71,PoliSemFio,29,815.2113316059113,B2-01,1,3
242,54:F0:B1:A2:56:72,,32,815.2113316059113,B2-01,1,3
243,54:F0:B1:A2:57:30,eduroam,29,815.2113316059113,B2-01,1,3
244,54:F0:B1:BB:5A:80,eduroam,19,815.2113316059113,B2-01,1,3
245,54:F0:B1:BB:5A:81,PoliSemFio,42,815.2113316059113,B2-01,1,3
246,54:F0:B1:BB:5A:82,HACKER,27,815.2113316059113,B2-01,1,3
247,54:F0:B1:BB:5A:83,LEP,25,815.2113316059113,B2-01,1,3
248,54:F0:B1:BB:5A:84,,32,815.2113316059113,B2-01,1,3
249,54:F0:B1:BB:BE:11,PoliSemFio,27,815.2113316059113,B2-01,1,3
250,54:F0:B1:BB:BE:12,,27,815.2113316059113,B2-01,1,3
251,54:F0:B1:BB:C4:D0,eduroam,72,815.2113316059113,B2-01,1,3
252,54:F0:B1:BB:C4:D1,PoliSemFio,79,815.2113316059113,B2-01,1,3
253,54:F0:B1:BB:C4:D2,,79,815.2113316059113,B2-01,1,3
254,54:F0:B1:BB:C4:F0,eduroam,45,815.2113316059113,B2-01,1,3
255,54:F0:B1:BB:C4:F1,PoliSemFio,45,815.2113316059113,B2-01,1,3
256,54:F0:B1:BB:C4:F2,,37,815.2113316059113,B2-01,1,3
257,54:F0:B1:BC:09:40,eduroam,12,815.2113316059113,B2-01,1,3
258,54:F0:B1:BC:09:41,PoliSemFio,82,815.2113316059113,B2-01,1,3
259,54:F0:B1:BC:09:42,,82,815.2113316059113,B2-01,1,3
260,54:F0:B1:BC:09:60,eduroam,77,815.2113316059113,B2-01,1,3
261,54:F0:B1:BC:09:61,PoliSemFio,75,815.2113316059113,B2-01,1,3
262,54:F0:B1:BC:1B:D0,eduroam,52,815.2113316059113,B2-01,1,3
263,54:F0:B1:BC:1B:D1,PoliSemFio,67,815.2113316059113,B2-01,1,3
264,54:F0:B1:BC:1B:D2,,67,815.2113316059113,B2-01,1,3
265,54:F0:B1:BC:1B:F0,eduroam,15,815.2113316059113,B2-01,1,3
266,54:F0:B1:BC:1B:F1,PoliSemFio,15,815.2113316059113,B2-01,1,3
267,54:F0:B1:BC:2E:90,eduroam,54,815.2113316059113,B2-01,1,3
268,54:F0:B1:BC:2E:91,PoliSemFio,75,815.2113316059113,B2-01,1,3
269,54:F0:B1:BC:2E:92,,62,815.2113316059113,B2-01,1,3
270,54:F0:B1:BC:2E:B0,eduroam,24,815.2113316059113,B2-01,1,3
271,54:F0:B1:BC:2E:B1,PoliSemFio,24,815.2113316059113,B2-01,1,3
272,54:F0:B1:BC:2E:B2,,29,815.2113316059113,B2-01,1,3
273,54:F0:B1:BC:36:11,eduroam,24,815.2113316059113,B2-01,1,3
274,54:F0:B1:BC:3F:11,PoliSemFio,39,815.2113316059113,B2-01,1,3
275,54:F0:B1:BC:70:00,eduroam,47,815.2113316059113,B2-01,1,3
276,54:F0:B1:BC:70:01,PoliSemFio,47,815.2113316059113,B2-01,1,3
277,54:F0:B1:BC:70:20,eduroam,15,815.2113316059113,B2-01,1,3
278,54:F0:B1:BC:70:21,PoliSemFio,14,815.2113316059113,B2-01,1,3
279,54:F0:B1:BC:77:80,eduroam,32,815.2113316059113,B2-01,1,3
280,54:F0:B1:BC:77:81,PoliSemFio,52,815.2113316059113,B2-01,1,3
281,54:F0:B1:BC:77:82,,39,815.2113316059113,B2-01,1,3
282,54:F0:B1:BC:77:A0,eduroam,22,815.2113316059113,B2-01,1,3
283,54:F0:B1:BC:77:A1,PoliSemFio,22,815.2113316059113,B2-01,1,3
284,54:F0:B1:BC:77:A2,,22,815.2113316059113,B2-01,1,3
285,56:60:F9:A3:E7:3F,,35,815.2113316059113,B2-01,1,3
286,56:60:F9:A3:E8:73,,24,815.2113316059113,B2-01,1,3
287,68:FF:7B:47:78:BD,C1-22M-5G,17,815.2113316059113,B2-01,1,3
288,68:FF:7B:47:78:BE,C1-22M,40,815.2113316059113,B2-01,1,3
289,70:62:B8:6E:72:A0,PCS-wireless-C1-13,34,815.2113316059113,B2-01,1,3
290,70:62:B8:6E:72:A1,PPGEE,35,815.2113316059113,B2-01,1,3
291,84:D4:7E:06:4F:E0,eduroam,50,815.2113316059113,B2-01,1,3
292,84:D4:7E:06:4F:E1,PoliSemFio,47,815.2113316059113,B2-01,1,3
293,84:D4:7E:06:4F:E2,,47,815.2113316059113,B2-01,1,3
294,84:D4:7E:06:4F:F0,eduroam,15,815.2113316059113,B2-01,1,3
295,84:D4:7E:06:4F:F1,PoliSemFio,19,815.2113316059113,B2-01,1,3
296,DC:9F:DB:1C:1F:D7,LWN-3,29,815.2113316059113,B2-01,1,3
297,DC:9F:DB:1C:1F:E0,LWN-3,40,815.2113316059113,B2-01,1,3
298,DE:9F:DB:1C:1F:E0,LARC Guest,39,815.2113316059113,B2-01,1,3
299,EE:9F:DB:1C:1F:D7,,27,815.2113316059113,B2-01,1,3
300,EE:9F:DB:1C:1F:E0,,39,815.2113316059113,B2-01,1,3
301,F8:1A:67:99:55:8E,NUCLEAR_CHF,22,815.2113316059113,B2-01,1,3
302,00:18:E7:FF:8C:98,dlink,24,821.4681520462036,B2-01,1,3
303,00:21:91:70:9D:EC,LAB-DIDATICO,19,821.4681520462036,B2-01,1,3
304,34:60:F9:A3:D9:14,GASWIFI-2G_C2,24,821.4681520462036,B2-01,1,3
305,34:CE:00:51:3E:6F,Lab,52,821.4681520462036,B2-01,1,3
306,34:CE:00:51:3E:70,Lab_5G,32,821.4681520462036,B2-01,1,3
307,44:D2:44:DC:2E:01,PROJETOR_B2-06-EC89sIpciG1AUef,45,821.4681520462036,B2-01,1,3
308,54:B8:0A:AA:2C:8C,LAB_DIGITAL,35,821.4681520462036,B2-01,1,3
309,54:B8:0A:AA:2C:8D,PCS-Wireless,34,821.4681520462036,B2-01,1,3
310,54:B8:0A:AA:2C:8E,LAB_DIGITAL-5GHz,9,821.4681520462036,B2-01,1,3
311,54:B8:0A:AA:2C:8F,PCS-Wireless-5GHz,10,821.4681520462036,B2-01,1,3
312,54:F0:B1:A1:18:C0,eduroam,19,821.4681520462036,B2-01,1,3
313,54:F0:B1:A1:18:C1,PoliSemFio,24,821.4681520462036,B2-01,1,3
314,54:F0:B1:A1:18:C3,MEZANINO,10,821.4681520462036,B2-01,1,3
315,54:F0:B1:A1:18:C4,GDLAB,24,821.4681520462036,B2-01,1,3
316,54:F0:B1:A1:18:C5,LABPAD,25,821.4681520462036,B2-01,1,3
317,54:F0:B1:A1:18:D0,eduroam,29,821.4681520462036,B2-01,1,3
318,54:F0:B1:A1:18:D3,MEZANINO,30,821.4681520462036,B2-01,1,3
319,54:F0:B1:A1:18:D4,GDLAB,12,821.4681520462036,B2-01,1,3
320,54:F0:B1:A1:18:D5,LABPAD,24,821.4681520462036,B2-01,1,3
321,54:F0:B1:A1:57:F0,eduroam,27,821.4681520462036,B2-01,1,3
322,54:F0:B1:A1:57:F1,PoliSemFio,29,821.4681520462036,B2-01,1,3
323,54:F0:B1:A1:57:F2,,29,821.4681520462036,B2-01,1,3
324,54:F0:B1:A1:58:00,eduroam,40,821.4681520462036,B2-01,1,3
325,54:F0:B1:A1:58:01,PoliSemFio,39,821.4681520462036,B2-01,1,3
326,54:F0:B1:A1:58:02,,39,821.4681520462036,B2-01,1,3
327,54:F0:B1:A1:E5:00,eduroam,32,821.4681520462036,B2-01,1,3
328,54:F0:B1:A1:E5:01,PoliSemFio,30,821.4681520462036,B2-01,1,3
329,54:F0:B1:A1:E5:02,,30,821.4681520462036,B2-01,1,3
330,54:F0:B1:A2:56:61,PoliSemFio,17,821.4681520462036,B2-01,1,3
331,54:F0:B1:A2:56:70,eduroam,17,821.4681520462036,B2-01,1,3
332,54:F0:B1:A2:56:71,PoliSemFio,29,821.4681520462036,B2-01,1,3
333,54:F0:B1:A2:56:72,,32,821.4681520462036,B2-01,1,3
334,54:F0:B1:A2:57:30,eduroam,29,821.4681520462036,B2-01,1,3
335,54:F0:B1:BB:5A:80,eduroam,19,821.4681520462036,B2-01,1,3
336,54:F0:B1:BB:5A:81,PoliSemFio,42,821.4681520462036,B2-01,1,3
337,54:F0:B1:BB:5A:82,HACKER,27,821.4681520462036,B2-01,1,3
338,54:F0:B1:BB:5A:83,LEP,25,821.4681520462036,B2-01,1,3
339,54:F0:B1:BB:5A:84,,32,821.4681520462036,B2-01,1,3
340,54:F0:B1:BB:BE:11,PoliSemFio,27,821.4681520462036,B2-01,1,3
341,54:F0:B1:BB:BE:12,,27,821.4681520462036,B2-01,1,3
342,54:F0:B1:BB:C4:D0,eduroam,72,821.4681520462036,B2-01,1,3
343,54:F0:B1:BB:C4:D1,PoliSemFio,79,821.4681520462036,B2-01,1,3
344,54:F0:B1:BB:C4:D2,,79,821.4681520462036,B2-01,1,3
345,54:F0:B1:BB:C4:F0,eduroam,45,821.4681520462036,B2-01,1,3
346,54:F0:B1:BB:C4:F1,PoliSemFio,45,821.4681520462036,B2-01,1,3
347,54:F0:B1:BB:C4:F2,,37,821.4681520462036,B2-01,1,3
348,54:F0:B1:BC:09:40,eduroam,12,821.4681520462036,B2-01,1,3
349,54:F0:B1:BC:09:41,PoliSemFio,82,821.4681520462036,B2-01,1,3
350,54:F0:B1:BC:09:42,,82,821.4681520462036,B2-01,1,3
351,54:F0:B1:BC:09:60,eduroam,72,821.4681520462036,B2-01,1,3
352,54:F0:B1:BC:09:61,PoliSemFio,75,821.4681520462036,B2-01,1,3
353,54:F0:B1:BC:1B:D0,eduroam,52,821.4681520462036,B2-01,1,3
354,54:F0:B1:BC:1B:D1,PoliSemFio,67,821.4681520462036,B2-01,1,3
355,54:F0:B1:BC:1B:D2,,67,821.4681520462036,B2-01,1,3
356,54:F0:B1:BC:1B:F0,eduroam,15,821.4681520462036,B2-01,1,3
357,54:F0:B1:BC:1B:F1,PoliSemFio,15,821.4681520462036,B2-01,1,3
358,54:F0:B1:BC:2E:90,eduroam,54,821.4681520462036,B2-01,1,3
359,54:F0:B1:BC:2E:91,PoliSemFio,75,821.4681520462036,B2-01,1,3
360,54:F0:B1:BC:2E:92,,62,821.4681520462036,B2-01,1,3
361,54:F0:B1:BC:2E:B0,eduroam,24,821.4681520462036,B2-01,1,3
362,54:F0:B1:BC:2E:B1,PoliSemFio,24,821.4681520462036,B2-01,1,3
363,54:F0:B1:BC:2E:B2,,29,821.4681520462036,B2-01,1,3
364,54:F0:B1:BC:36:11,eduroam,24,821.4681520462036,B2-01,1,3
365,54:F0:B1:BC:3F:11,PoliSemFio,39,821.4681520462036,B2-01,1,3
366,54:F0:B1:BC:70:00,eduroam,47,821.4681520462036,B2-01,1,3
367,54:F0:B1:BC:70:01,PoliSemFio,47,821.4681520462036,B2-01,1,3
368,54:F0:B1:BC:70:20,eduroam,15,821.4681520462036,B2-01,1,3
369,54:F0:B1:BC:70:21,PoliSemFio,14,821.4681520462036,B2-01,1,3
370,54:F0:B1:BC:77:80,eduroam,32,821.4681520462036,B2-01,1,3
371,54:F0:B1:BC:77:81,PoliSemFio,52,821.4681520462036,B2-01,1,3
372,54:F0:B1:BC:77:82,,39,821.4681520462036,B2-01,1,3
373,54:F0:B1:BC:77:A0,eduroam,22,821.4681520462036,B2-01,1,3
374,54:F0:B1:BC:77:A1,PoliSemFio,22,821.4681520462036,B2-01,1,3
375,54:F0:B1:BC:77:A2,,22,821.4681520462036,B2-01,1,3
376,56:60:F9:A3:E7:3F,,35,821.4681520462036,B2-01,1,3
377,56:60:F9:A3:E8:73,,24,821.4681520462036,B2-01,1,3
378,68:FF:7B:47:78:BD,C1-22M-5G,17,821.4681520462036,B2-01,1,3
379,68:FF:7B:47:78:BE,C1-22M,40,821.4681520462036,B2-01,1,3
380,70:62:B8:6E:72:A0,PCS-wireless-C1-13,34,821.4681520462036,B2-01,1,3
381,70:62:B8:6E:72:A1,PPGEE,35,821.4681520462036,B2-01,1,3
382,84:D4:7E:06:4F:E0,eduroam,50,821.4681520462036,B2-01,1,3
383,84:D4:7E:06:4F:E1,PoliSemFio,47,821.4681520462036,B2-01,1,3
384,84:D4:7E:06:4F:E2,,47,821.4681520462036,B2-01,1,3
385,84:D4:7E:06:4F:F0,eduroam,15,821.4681520462036,B2-01,1,3
386,84:D4:7E:06:4F:F1,PoliSemFio,19,821.4681520462036,B2-01,1,3
387,DC:9F:DB:1C:1F:D7,LWN-3,29,821.4681520462036,B2-01,1,3
388,DC:9F:DB:1C:1F:E0,LWN-3,40,821.4681520462036,B2-01,1,3
389,DE:9F:DB:1C:1F:E0,LARC Guest,39,821.4681520462036,B2-01,1,3
390,EE:9F:DB:1C:1F:D7,,27,821.4681520462036,B2-01,1,3
391,EE:9F:DB:1C:1F:E0,,39,821.4681520462036,B2-01,1,3
392,F8:1A:67:99:55:8E,NUCLEAR_CHF,22,821.4681520462036,B2-01,1,3
393,00:18:E7:FF:8C:98,dlink,27,824.090428352356,B2-01,1,3
394,00:21:91:70:9D:EC,LAB-DIDATICO,19,824.090428352356,B2-01,1,3
395,34:60:F9:A3:D9:14,GASWIFI-2G_C2,20,824.090428352356,B2-01,1,3
396,34:CE:00:51:3E:6F,Lab,57,824.090428352356,B2-01,1,3
397,34:CE:00:51:3E:70,Lab_5G,34,824.090428352356,B2-01,1,3
398,44:D2:44:DC:2E:01,PROJETOR_B2-06-EC89sIpciG1AUef,54,824.090428352356,B2-01,1,3
399,54:B8:0A:AA:2C:8C,LAB_DIGITAL,34,824.090428352356,B2-01,1,3
400,54:B8:0A:AA:2C:8D,PCS-Wireless,34,824.090428352356,B2-01,1,3
401,54:F0:B1:A1:18:C0,eduroam,12,824.090428352356,B2-01,1,3
402,54:F0:B1:A1:18:C1,PoliSemFio,14,824.090428352356,B2-01,1,3
403,54:F0:B1:A1:18:C3,MEZANINO,12,824.090428352356,B2-01,1,3
404,54:F0:B1:A1:18:C4,GDLAB,12,824.090428352356,B2-01,1,3
405,54:F0:B1:A1:18:C5,LABPAD,14,824.090428352356,B2-01,1,3
406,54:F0:B1:A1:18:D0,eduroam,27,824.090428352356,B2-01,1,3
407,54:F0:B1:A1:18:D4,GDLAB,12,824.090428352356,B2-01,1,3
408,54:F0:B1:A1:18:D5,LABPAD,10,824.090428352356,B2-01,1,3
409,54:F0:B1:A1:57:F0,eduroam,15,824.090428352356,B2-01,1,3
410,54:F0:B1:A1:57:F1,PoliSemFio,15,824.090428352356,B2-01,1,3
411,54:F0:B1:A1:57:F2,,29,824.090428352356,B2-01,1,3
412,54:F0:B1:A1:58:00,eduroam,52,824.090428352356,B2-01,1,3
413,54:F0:B1:A1:58:01,PoliSemFio,49,824.090428352356,B2-01,1,3
414,54:F0:B1:A1:58:02,,49,824.090428352356,B2-01,1,3
415,54:F0:B1:A2:56:61,PoliSemFio,17,824.090428352356,B2-01,1,3
416,54:F0:B1:A2:56:70,eduroam,19,824.090428352356,B2-01,1,3
417,54:F0:B1:A2:56:71,PoliSemFio,29,824.090428352356,B2-01,1,3
418,54:F0:B1:A2:56:72,,32,824.090428352356,B2-01,1,3
419,54:F0:B1:A2:57:30,eduroam,27,824.090428352356,B2-01,1,3
420,54:F0:B1:A2:57:31,PoliSemFio,22,824.090428352356,B2-01,1,3
421,54:F0:B1:BB:5A:80,eduroam,19,824.090428352356,B2-01,1,3
422,54:F0:B1:BB:5A:81,PoliSemFio,30,824.090428352356,B2-01,1,3
423,54:F0:B1:BB:5A:82,HACKER,32,824.090428352356,B2-01,1,3
424,54:F0:B1:BB:5A:83,LEP,25,824.090428352356,B2-01,1,3
425,54:F0:B1:BB:5A:84,,32,824.090428352356,B2-01,1,3
426,54:F0:B1:BB:80:C3,LABPROG,14,824.090428352356,B2-01,1,3
427,54:F0:B1:BB:84:B0,eduroam,19,824.090428352356,B2-01,1,3
428,54:F0:B1:BB:92:C1,PoliSemFio,20,824.090428352356,B2-01,1,3
429,54:F0:B1:BB:BE:11,PoliSemFio,30,824.090428352356,B2-01,1,3
430,54:F0:B1:BB:BE:12,,30,824.090428352356,B2-01,1,3
431,54:F0:B1:BB:BE:13,CAEEL,29,824.090428352356,B2-01,1,3
432,54:F0:B1:BB:C4:D0,eduroam,62,824.090428352356,B2-01,1,3
433,54:F0:B1:BB:C4:D1,PoliSemFio,77,824.090428352356,B2-01,1,3
434,54:F0:B1:BB:C4:D2,,77,824.090428352356,B2-01,1,3
435,54:F0:B1:BB:C4:F0,eduroam,47,824.090428352356,B2-01,1,3
436,54:F0:B1:BB:C4:F1,PoliSemFio,47,824.090428352356,B2-01,1,3
437,54:F0:B1:BB:C4:F2,,47,824.090428352356,B2-01,1,3
438,54:F0:B1:BB:F3:21,PoliSemFio,34,824.090428352356,B2-01,1,3
439,54:F0:B1:BC:09:40,eduroam,100,824.090428352356,B2-01,1,3
440,54:F0:B1:BC:09:41,PoliSemFio,95,824.090428352356,B2-01,1,3
441,54:F0:B1:BC:09:42,,95,824.090428352356,B2-01,1,3
442,54:F0:B1:BC:09:60,eduroam,84,824.090428352356,B2-01,1,3
443,54:F0:B1:BC:09:61,PoliSemFio,84,824.090428352356,B2-01,1,3
444,54:F0:B1:BC:1B:D0,eduroam,59,824.090428352356,B2-01,1,3
445,54:F0:B1:BC:1B:D1,PoliSemFio,67,824.090428352356,B2-01,1,3
446,54:F0:B1:BC:1B:D2,,67,824.090428352356,B2-01,1,3
447,54:F0:B1:BC:1B:F0,eduroam,29,824.090428352356,B2-01,1,3
448,54:F0:B1:BC:1B:F1,PoliSemFio,29,824.090428352356,B2-01,1,3
449,54:F0:B1:BC:2E:90,eduroam,52,824.090428352356,B2-01,1,3
450,54:F0:B1:BC:2E:91,PoliSemFio,64,824.090428352356,B2-01,1,3
451,54:F0:B1:BC:2E:92,,62,824.090428352356,B2-01,1,3
452,54:F0:B1:BC:2E:B0,eduroam,29,824.090428352356,B2-01,1,3
453,54:F0:B1:BC:2E:B1,PoliSemFio,29,824.090428352356,B2-01,1,3
454,54:F0:B1:BC:36:11,eduroam,22,824.090428352356,B2-01,1,3
455,54:F0:B1:BC:36:12,,22,824.090428352356,B2-01,1,3
456,54:F0:B1:BC:3F:11,PoliSemFio,39,824.090428352356,B2-01,1,3
457,54:F0:B1:BC:70:00,eduroam,54,824.090428352356,B2-01,1,3
458,54:F0:B1:BC:70:01,PoliSemFio,49,824.090428352356,B2-01,1,3
459,54:F0:B1:BC:70:20,eduroam,15,824.090428352356,B2-01,1,3
460,54:F0:B1:BC:70:21,PoliSemFio,19,824.090428352356,B2-01,1,3
461,54:F0:B1:BC:77:80,eduroam,32,824.090428352356,B2-01,1,3
462,54:F0:B1:BC:77:81,PoliSemFio,52,824.090428352356,B2-01,1,3
463,54:F0:B1:BC:77:82,,50,824.090428352356,B2-01,1,3
464,54:F0:B1:BC:77:A0,eduroam,29,824.090428352356,B2-01,1,3
465,54:F0:B1:BC:77:A1,PoliSemFio,29,824.090428352356,B2-01,1,3
466,54:F0:B1:BC:77:A2,,27,824.090428352356,B2-01,1,3
467,56:60:F9:A3:E7:3F,,35,824.090428352356,B2-01,1,3
468,56:60:F9:A3:E8:73,,24,824.090428352356,B2-01,1,3
469,68:FF:7B:47:78:BD,C1-22M-5G,17,824.090428352356,B2-01,1,3
470,68:FF:7B:47:78:BE,C1-22M,35,824.090428352356,B2-01,1,3
471,70:62:B8:6E:72:A0,PCS-wireless-C1-13,34,824.090428352356,B2-01,1,3
472,70:62:B8:6E:72:A1,PPGEE,35,824.090428352356,B2-01,1,3
473,84:D4:7E:06:4F:E0,eduroam,50,824.090428352356,B2-01,1,3
474,84:D4:7E:06:4F:E1,PoliSemFio,37,824.090428352356,B2-01,1,3
475,84:D4:7E:06:4F:E2,,37,824.090428352356,B2-01,1,3
476,84:D4:7E:06:4F:F0,eduroam,24,824.090428352356,B2-01,1,3
477,84:D4:7E:06:4F:F1,PoliSemFio,24,824.090428352356,B2-01,1,3
478,DC:9F:DB:1C:1F:D7,LWN-3,37,824.090428352356,B2-01,1,3
479,DC:9F:DB:1C:1F:E0,LWN-3,39,824.090428352356,B2-01,1,3
480,DE:9F:DB:1C:1F:D7,LARC Guest,35,824.090428352356,B2-01,1,3
481,DE:9F:DB:1C:1F:E0,LARC Guest,39,824.090428352356,B2-01,1,3
482,EE:9F:DB:1C:1F:D7,,27,824.090428352356,B2-01,1,3
483,EE:9F:DB:1C:1F:E0,,39,824.090428352356,B2-01,1,3
484,F8:1A:67:99:55:8E,NUCLEAR_CHF,22,824.090428352356,B2-01,1,3
485,FE:9F:DB:1C:1F:D7,,35,824.090428352356,B2-01,1,3
486,FE:9F:DB:1C:1F:E0,,39,824.090428352356,B2-01,1,3
487,00:18:E7:FF:8C:98,dlink,27,826.7072288990021,B2-01,1,3
488,00:21:91:70:9D:EC,LAB-DIDATICO,19,826.7072288990021,B2-01,1,3
489,34:60:F9:A3:D9:14,GASWIFI-2G_C2,20,826.7072288990021,B2-01,1,3
490,34:CE:00:51:3E:6F,Lab,57,826.7072288990021,B2-01,1,3
491,34:CE:00:51:3E:70,Lab_5G,34,826.7072288990021,B2-01,1,3
492,44:D2:44:DC:2E:01,PROJETOR_B2-06-EC89sIpciG1AUef,54,826.7072288990021,B2-01,1,3
493,54:B8:0A:AA:2C:8C,LAB_DIGITAL,34,826.7072288990021,B2-01,1,3
494,54:B8:0A:AA:2C:8D,PCS-Wireless,34,826.7072288990021,B2-01,1,3
495,54:F0:B1:A1:18:C0,eduroam,12,826.7072288990021,B2-01,1,3
496,54:F0:B1:A1:18:C1,PoliSemFio,14,826.7072288990021,B2-01,1,3
497,54:F0:B1:A1:18:C3,MEZANINO,12,826.7072288990021,B2-01,1,3
498,54:F0:B1:A1:18:C4,GDLAB,12,826.7072288990021,B2-01,1,3
499,54:F0:B1:A1:18:C5,LABPAD,14,826.7072288990021,B2-01,1,3
500,54:F0:B1:A1:18:D0,eduroam,27,826.7072288990021,B2-01,1,3
501,54:F0:B1:A1:18:D4,GDLAB,12,826.7072288990021,B2-01,1,3
502,54:F0:B1:A1:18:D5,LABPAD,10,826.7072288990021,B2-01,1,3
503,54:F0:B1:A1:57:F0,eduroam,15,826.7072288990021,B2-01,1,3
504,54:F0:B1:A1:57:F1,PoliSemFio,15,826.7072288990021,B2-01,1,3
505,54:F0:B1:A1:57:F2,,29,826.7072288990021,B2-01,1,3
506,54:F0:B1:A1:58:00,eduroam,52,826.7072288990021,B2-01,1,3
507,54:F0:B1:A1:58:01,PoliSemFio,49,826.7072288990021,B2-01,1,3
508,54:F0:B1:A1:58:02,,49,826.7072288990021,B2-01,1,3
509,54:F0:B1:A2:56:61,PoliSemFio,17,826.7072288990021,B2-01,1,3
510,54:F0:B1:A2:56:70,eduroam,19,826.7072288990021,B2-01,1,3
511,54:F0:B1:A2:56:71,PoliSemFio,29,826.7072288990021,B2-01,1,3
512,54:F0:B1:A2:56:72,,32,826.7072288990021,B2-01,1,3
513,54:F0:B1:A2:57:30,eduroam,27,826.7072288990021,B2-01,1,3
514,54:F0:B1:A2:57:31,PoliSemFio,22,826.7072288990021,B2-01,1,3
515,54:F0:B1:BB:5A:80,eduroam,19,826.7072288990021,B2-01,1,3
516,54:F0:B1:BB:5A:81,PoliSemFio,30,826.7072288990021,B2-01,1,3
517,54:F0:B1:BB:5A:82,HACKER,32,826.7072288990021,B2-01,1,3
518,54:F0:B1:BB:5A:83,LEP,25,826.7072288990021,B2-01,1,3
519,54:F0:B1:BB:5A:84,,32,826.7072288990021,B2-01,1,3
520,54:F0:B1:BB:80:C3,LABPROG,14,826.7072288990021,B2-01,1,3
521,54:F0:B1:BB:84:B0,eduroam,19,826.7072288990021,B2-01,1,3
522,54:F0:B1:BB:92:C1,PoliSemFio,20,826.7072288990021,B2-01,1,3
523,54:F0:B1:BB:BE:11,PoliSemFio,30,826.7072288990021,B2-01,1,3
524,54:F0:B1:BB:BE:12,,30,826.7072288990021,B2-01,1,3
525,54:F0:B1:BB:BE:13,CAEEL,29,826.7072288990021,B2-01,1,3
526,54:F0:B1:BB:C4:D0,eduroam,62,826.7072288990021,B2-01,1,3
527,54:F0:B1:BB:C4:D1,PoliSemFio,77,826.7072288990021,B2-01,1,3
528,54:F0:B1:BB:C4:D2,,77,826.7072288990021,B2-01,1,3
529,54:F0:B1:BB:C4:F0,eduroam,47,826.7072288990021,B2-01,1,3
530,54:F0:B1:BB:C4:F1,PoliSemFio,47,826.7072288990021,B2-01,1,3
531,54:F0:B1:BB:C4:F2,,47,826.7072288990021,B2-01,1,3
532,54:F0:B1:BB:F3:21,PoliSemFio,34,826.7072288990021,B2-01,1,3
533,54:F0:B1:BC:09:40,eduroam,100,826.7072288990021,B2-01,1,3
534,54:F0:B1:BC:09:41,PoliSemFio,95,826.7072288990021,B2-01,1,3
535,54:F0:B1:BC:09:42,,95,826.7072288990021,B2-01,1,3
536,54:F0:B1:BC:09:60,eduroam,73,826.7072288990021,B2-01,1,3
537,54:F0:B1:BC:09:61,PoliSemFio,84,826.7072288990021,B2-01,1,3
538,54:F0:B1:BC:1B:D0,eduroam,59,826.7072288990021,B2-01,1,3
539,54:F0:B1:BC:1B:D1,PoliSemFio,67,826.7072288990021,B2-01,1,3
540,54:F0:B1:BC:1B:D2,,67,826.7072288990021,B2-01,1,3
541,54:F0:B1:BC:1B:F0,eduroam,29,826.7072288990021,B2-01,1,3
542,54:F0:B1:BC:1B:F1,PoliSemFio,29,826.7072288990021,B2-01,1,3
543,54:F0:B1:BC:2E:90,eduroam,52,826.7072288990021,B2-01,1,3
544,54:F0:B1:BC:2E:91,PoliSemFio,64,826.7072288990021,B2-01,1,3
545,54:F0:B1:BC:2E:92,,62,826.7072288990021,B2-01,1,3
546,54:F0:B1:BC:2E:B0,eduroam,29,826.7072288990021,B2-01,1,3
547,54:F0:B1:BC:2E:B1,PoliSemFio,29,826.7072288990021,B2-01,1,3
548,54:F0:B1:BC:36:11,eduroam,22,826.7072288990021,B2-01,1,3
549,54:F0:B1:BC:36:12,,22,826.7072288990021,B2-01,1,3
550,54:F0:B1:BC:3F:11,PoliSemFio,39,826.7072288990021,B2-01,1,3
551,54:F0:B1:BC:70:00,eduroam,54,826.7072288990021,B2-01,1,3
552,54:F0:B1:BC:70:01,PoliSemFio,49,826.7072288990021,B2-01,1,3
553,54:F0:B1:BC:70:20,eduroam,15,826.7072288990021,B2-01,1,3
554,54:F0:B1:BC:70:21,PoliSemFio,19,826.7072288990021,B2-01,1,3
555,54:F0:B1:BC:77:80,eduroam,32,826.7072288990021,B2-01,1,3
556,54:F0:B1:BC:77:81,PoliSemFio,52,826.7072288990021,B2-01,1,3
557,54:F0:B1:BC:77:82,,50,826.7072288990021,B2-01,1,3
558,54:F0:B1:BC:77:A0,eduroam,29,826.7072288990021,B2-01,1,3
559,54:F0:B1:BC:77:A1,PoliSemFio,29,826.7072288990021,B2-01,1,3
560,54:F0:B1:BC:77:A2,,27,826.7072288990021,B2-01,1,3
561,56:60:F9:A3:E7:3F,,35,826.7072288990021,B2-01,1,3
562,56:60:F9:A3:E8:73,,24,826.7072288990021,B2-01,1,3
563,68:FF:7B:47:78:BD,C1-22M-5G,17,826.7072288990021,B2-01,1,3
564,68:FF:7B:47:78:BE,C1-22M,35,826.7072288990021,B2-01,1,3
565,70:62:B8:6E:72:A0,PCS-wireless-C1-13,34,826.7072288990021,B2-01,1,3
566,70:62:B8:6E:72:A1,PPGEE,35,826.7072288990021,B2-01,1,3
567,84:D4:7E:06:4F:E0,eduroam,50,826.7072288990021,B2-01,1,3
568,84:D4:7E:06:4F:E1,PoliSemFio,37,826.7072288990021,B2-01,1,3
569,84:D4:7E:06:4F:E2,,37,826.7072288990021,B2-01,1,3
570,84:D4:7E:06:4F:F0,eduroam,24,826.7072288990021,B2-01,1,3
571,84:D4:7E:06:4F:F1,PoliSemFio,24,826.7072288990021,B2-01,1,3
572,DC:9F:DB:1C:1F:D7,LWN-3,37,826.7072288990021,B2-01,1,3
573,DC:9F:DB:1C:1F:E0,LWN-3,39,826.7072288990021,B2-01,1,3
574,DE:9F:DB:1C:1F:D7,LARC Guest,35,826.7072288990021,B2-01,1,3
575,DE:9F:DB:1C:1F:E0,LARC Guest,39,826.7072288990021,B2-01,1,3
576,EE:9F:DB:1C:1F:D7,,27,826.7072288990021,B2-01,1,3
577,EE:9F:DB:1C:1F:E0,,39,826.7072288990021,B2-01,1,3
578,F8:1A:67:99:55:8E,NUCLEAR_CHF,22,826.7072288990021,B2-01,1,3
579,FE:9F:DB:1C:1F:D7,,35,826.7072288990021,B2-01,1,3
580,FE:9F:DB:1C:1F:E0,,39,826.7072288990021,B2-01,1,3
581,00:18:E7:FF:8C:98,dlink,27,832.9604299068451,B2-01,1,3
582,00:21:91:70:9D:EC,LAB-DIDATICO,19,832.9604299068451,B2-01,1,3
583,34:60:F9:A3:D9:14,GASWIFI-2G_C2,22,832.9604299068451,B2-01,1,3
584,34:CE:00:51:3E:6F,Lab,59,832.9604299068451,B2-01,1,3
585,34:CE:00:51:3E:70,Lab_5G,22,832.9604299068451,B2-01,1,3
586,44:D2:44:DC:2E:01,PROJETOR_B2-06-EC89sIpciG1AUef,55,832.9604299068451,B2-01,1,3
587,54:B8:0A:AA:2C:8C,LAB_DIGITAL,27,832.9604299068451,B2-01,1,3
588,54:B8:0A:AA:2C:8D,PCS-Wireless,34,832.9604299068451,B2-01,1,3
589,54:F0:B1:A1:18:C0,eduroam,12,832.9604299068451,B2-01,1,3
590,54:F0:B1:A1:18:C1,PoliSemFio,14,832.9604299068451,B2-01,1,3
591,54:F0:B1:A1:18:C3,MEZANINO,12,832.9604299068451,B2-01,1,3
592,54:F0:B1:A1:18:C4,GDLAB,12,832.9604299068451,B2-01,1,3
593,54:F0:B1:A1:18:C5,LABPAD,14,832.9604299068451,B2-01,1,3
594,54:F0:B1:A1:18:D0,eduroam,27,832.9604299068451,B2-01,1,3
595,54:F0:B1:A1:18:D4,GDLAB,27,832.9604299068451,B2-01,1,3
596,54:F0:B1:A1:18:D5,LABPAD,10,832.9604299068451,B2-01,1,3
597,54:F0:B1:A1:57:F0,eduroam,14,832.9604299068451,B2-01,1,3
598,54:F0:B1:A1:57:F1,PoliSemFio,15,832.9604299068451,B2-01,1,3
599,54:F0:B1:A1:57:F2,,29,832.9604299068451,B2-01,1,3
600,54:F0:B1:A1:58:00,eduroam,30,832.9604299068451,B2-01,1,3
601,54:F0:B1:A1:58:01,PoliSemFio,49,832.9604299068451,B2-01,1,3
602,54:F0:B1:A1:58:02,,34,832.9604299068451,B2-01,1,3
603,54:F0:B1:A2:56:61,PoliSemFio,17,832.9604299068451,B2-01,1,3
604,54:F0:B1:A2:56:70,eduroam,19,832.9604299068451,B2-01,1,3
605,54:F0:B1:A2:56:71,PoliSemFio,29,832.9604299068451,B2-01,1,3
606,54:F0:B1:A2:56:72,,30,832.9604299068451,B2-01,1,3
607,54:F0:B1:A2:57:30,eduroam,27,832.9604299068451,B2-01,1,3
608,54:F0:B1:A2:57:31,PoliSemFio,22,832.9604299068451,B2-01,1,3
609,54:F0:B1:BB:5A:80,eduroam,39,832.9604299068451,B2-01,1,3
610,54:F0:B1:BB:5A:81,PoliSemFio,39,832.9604299068451,B2-01,1,3
611,54:F0:B1:BB:5A:82,HACKER,42,832.9604299068451,B2-01,1,3
612,54:F0:B1:BB:5A:83,LEP,44,832.9604299068451,B2-01,1,3
613,54:F0:B1:BB:80:C3,LABPROG,14,832.9604299068451,B2-01,1,3
614,54:F0:B1:BB:84:B0,eduroam,19,832.9604299068451,B2-01,1,3
615,54:F0:B1:BB:92:C1,PoliSemFio,20,832.9604299068451,B2-01,1,3
616,54:F0:B1:BB:BE:11,PoliSemFio,30,832.9604299068451,B2-01,1,3
617,54:F0:B1:BB:BE:12,,30,832.9604299068451,B2-01,1,3
618,54:F0:B1:BB:BE:13,CAEEL,29,832.9604299068451,B2-01,1,3
619,54:F0:B1:BB:C4:D0,eduroam,59,832.9604299068451,B2-01,1,3
620,54:F0:B1:BB:C4:D1,PoliSemFio,70,832.9604299068451,B2-01,1,3
621,54:F0:B1:BB:C4:D2,,70,832.9604299068451,B2-01,1,3
622,54:F0:B1:BB:C4:F0,eduroam,50,832.9604299068451,B2-01,1,3
623,54:F0:B1:BB:C4:F1,PoliSemFio,50,832.9604299068451,B2-01,1,3
624,54:F0:B1:BB:C4:F2,,47,832.9604299068451,B2-01,1,3
625,54:F0:B1:BB:F3:20,eduroam,30,832.9604299068451,B2-01,1,3
626,54:F0:B1:BB:F3:21,PoliSemFio,34,832.9604299068451,B2-01,1,3
627,54:F0:B1:BC:09:40,eduroam,89,832.9604299068451,B2-01,1,3
628,54:F0:B1:BC:09:41,PoliSemFio,87,832.9604299068451,B2-01,1,3
629,54:F0:B1:BC:09:42,,87,832.9604299068451,B2-01,1,3
630,54:F0:B1:BC:09:60,eduroam,66,832.9604299068451,B2-01,1,3
631,54:F0:B1:BC:09:61,PoliSemFio,77,832.9604299068451,B2-01,1,3
632,54:F0:B1:BC:1B:D0,eduroam,59,832.9604299068451,B2-01,1,3
633,54:F0:B1:BC:1B:D1,PoliSemFio,67,832.9604299068451,B2-01,1,3
634,54:F0:B1:BC:1B:D2,,70,832.9604299068451,B2-01,1,3
635,54:F0:B1:BC:1B:F0,eduroam,30,832.9604299068451,B2-01,1,3
636,54:F0:B1:BC:1B:F1,PoliSemFio,29,832.9604299068451,B2-01,1,3
637,54:F0:B1:BC:2E:90,eduroam,52,832.9604299068451,B2-01,1,3
638,54:F0:B1:BC:2E:91,PoliSemFio,64,832.9604299068451,B2-01,1,3
639,54:F0:B1:BC:2E:92,,65,832.9604299068451,B2-01,1,3
640,54:F0:B1:BC:2E:B0,eduroam,29,832.9604299068451,B2-01,1,3
641,54:F0:B1:BC:2E:B1,PoliSemFio,29,832.9604299068451,B2-01,1,3
642,54:F0:B1:BC:2F:50,eduroam,14,832.9604299068451,B2-01,1,3
643,54:F0:B1:BC:36:11,eduroam,22,832.9604299068451,B2-01,1,3
644,54:F0:B1:BC:36:12,,22,832.9604299068451,B2-01,1,3
645,54:F0:B1:BC:3F:10,eduroam,25,832.9604299068451,B2-01,1,3
646,54:F0:B1:BC:3F:11,PoliSemFio,30,832.9604299068451,B2-01,1,3
647,54:F0:B1:BC:3F:12,,32,832.9604299068451,B2-01,1,3
648,54:F0:B1:BC:70:00,eduroam,54,832.9604299068451,B2-01,1,3
649,54:F0:B1:BC:70:01,PoliSemFio,49,832.9604299068451,B2-01,1,3
650,54:F0:B1:BC:70:02,,45,832.9604299068451,B2-01,1,3
651,54:F0:B1:BC:70:20,eduroam,19,832.9604299068451,B2-01,1,3
652,54:F0:B1:BC:70:21,PoliSemFio,20,832.9604299068451,B2-01,1,3
653,54:F0:B1:BC:77:80,eduroam,35,832.9604299068451,B2-01,1,3
654,54:F0:B1:BC:77:81,PoliSemFio,42,832.9604299068451,B2-01,1,3
655,54:F0:B1:BC:77:82,,50,832.9604299068451,B2-01,1,3
656,54:F0:B1:BC:77:A0,eduroam,25,832.9604299068451,B2-01,1,3
657,54:F0:B1:BC:77:A1,PoliSemFio,25,832.9604299068451,B2-01,1,3
658,54:F0:B1:BC:77:A2,,24,832.9604299068451,B2-01,1,3
659,56:60:F9:A3:E7:3F,,35,832.9604299068451,B2-01,1,3
660,56:60:F9:A3:E8:73,,24,832.9604299068451,B2-01,1,3
661,68:FF:7B:47:78:BE,C1-22M,35,832.9604299068451,B2-01,1,3
662,70:62:B8:6E:72:A0,PCS-wireless-C1-13,34,832.9604299068451,B2-01,1,3
663,70:62:B8:6E:72:A1,PPGEE,27,832.9604299068451,B2-01,1,3
664,84:D4:7E:06:4F:E0,eduroam,42,832.9604299068451,B2-01,1,3
665,84:D4:7E:06:4F:E1,PoliSemFio,37,832.9604299068451,B2-01,1,3
666,84:D4:7E:06:4F:E2,,40,832.9604299068451,B2-01,1,3
667,84:D4:7E:06:4F:F0,eduroam,24,832.9604299068451,B2-01,1,3
668,84:D4:7E:06:4F:F1,PoliSemFio,24,832.9604299068451,B2-01,1,3
669,DC:9F:DB:1C:1F:D7,LWN-3,37,832.9604299068451,B2-01,1,3
670,DC:9F:DB:1C:1F:E0,LWN-3,39,832.9604299068451,B2-01,1,3
671,DE:9F:DB:1C:1F:D7,LARC Guest,35,832.9604299068451,B2-01,1,3
672,DE:9F:DB:1C:1F:E0,LARC Guest,39,832.9604299068451,B2-01,1,3
673,EE:9F:DB:1C:1F:D7,,25,832.9604299068451,B2-01,1,3
674,EE:9F:DB:1C:1F:E0,,27,832.9604299068451,B2-01,1,3
675,F8:1A:67:99:55:8E,NUCLEAR_CHF,22,832.9604299068451,B2-01,1,3
676,FE:9F:DB:1C:1F:D7,,35,832.9604299068451,B2-01,1,3
677,FE:9F:DB:1C:1F:E0,,27,832.9604299068451,B2-01,1,3
678,00:18:E7:FF:8C:98,dlink,27,839.2305128574371,B2-01,1,3
679,00:21:91:70:9D:EC,LAB-DIDATICO,19,839.2305128574371,B2-01,1,3
680,34:60:F9:A3:D9:14,GASWIFI-2G_C2,22,839.2305128574371,B2-01,1,3
681,34:CE:00:51:3E:6F,Lab,55,839.2305128574371,B2-01,1,3
682,34:CE:00:51:3E:70,Lab_5G,22,839.2305128574371,B2-01,1,3
683,44:D2:44:DC:2E:01,PROJETOR_B2-06-EC89sIpciG1AUef,37,839.2305128574371,B2-01,1,3
684,54:B8:0A:AA:2C:8C,LAB_DIGITAL,27,839.2305128574371,B2-01,1,3
685,54:B8:0A:AA:2C:8D,PCS-Wireless,32,839.2305128574371,B2-01,1,3
686,54:F0:B1:A1:18:C0,eduroam,12,839.2305128574371,B2-01,1,3
687,54:F0:B1:A1:18:C1,PoliSemFio,14,839.2305128574371,B2-01,1,3
688,54:F0:B1:A1:18:C3,MEZANINO,12,839.2305128574371,B2-01,1,3
689,54:F0:B1:A1:18:C4,GDLAB,12,839.2305128574371,B2-01,1,3
690,54:F0:B1:A1:18:C5,LABPAD,14,839.2305128574371,B2-01,1,3
691,54:F0:B1:A1:18:D0,eduroam,27,839.2305128574371,B2-01,1,3
692,54:F0:B1:A1:18:D3,MEZANINO,34,839.2305128574371,B2-01,1,3
693,54:F0:B1:A1:18:D4,GDLAB,27,839.2305128574371,B2-01,1,3
694,54:F0:B1:A1:18:D5,LABPAD,10,839.2305128574371,B2-01,1,3
695,54:F0:B1:A1:57:F0,eduroam,15,839.2305128574371,B2-01,1,3
696,54:F0:B1:A1:57:F1,PoliSemFio,14,839.2305128574371,B2-01,1,3
697,54:F0:B1:A1:57:F2,,29,839.2305128574371,B2-01,1,3
698,54:F0:B1:A1:58:00,eduroam,39,839.2305128574371,B2-01,1,3
699,54:F0:B1:A1:58:01,PoliSemFio,37,839.2305128574371,B2-01,1,3
700,54:F0:B1:A1:58:02,,37,839.2305128574371,B2-01,1,3
701,54:F0:B1:A2:56:61,PoliSemFio,17,839.2305128574371,B2-01,1,3
702,54:F0:B1:A2:56:70,eduroam,19,839.2305128574371,B2-01,1,3
703,54:F0:B1:A2:56:71,PoliSemFio,29,839.2305128574371,B2-01,1,3
704,54:F0:B1:A2:56:72,,30,839.2305128574371,B2-01,1,3
705,54:F0:B1:A2:57:30,eduroam,27,839.2305128574371,B2-01,1,3
706,54:F0:B1:A2:57:31,PoliSemFio,22,839.2305128574371,B2-01,1,3
707,54:F0:B1:A2:57:33,LCA,15,839.2305128574371,B2-01,1,3
708,54:F0:B1:BB:5A:80,eduroam,39,839.2305128574371,B2-01,1,3
709,54:F0:B1:BB:5A:81,PoliSemFio,39,839.2305128574371,B2-01,1,3
710,54:F0:B1:BB:5A:82,HACKER,34,839.2305128574371,B2-01,1,3
711,54:F0:B1:BB:5A:83,LEP,44,839.2305128574371,B2-01,1,3
712,54:F0:B1:BB:80:C3,LABPROG,14,839.2305128574371,B2-01,1,3
713,54:F0:B1:BB:84:B0,eduroam,19,839.2305128574371,B2-01,1,3
714,54:F0:B1:BB:92:C1,PoliSemFio,20,839.2305128574371,B2-01,1,3
715,54:F0:B1:BB:BE:11,PoliSemFio,30,839.2305128574371,B2-01,1,3
716,54:F0:B1:BB:BE:12,,30,839.2305128574371,B2-01,1,3
717,54:F0:B1:BB:BE:13,CAEEL,29,839.2305128574371,B2-01,1,3
718,54:F0:B1:BB:C4:D0,eduroam,64,839.2305128574371,B2-01,1,3
719,54:F0:B1:BB:C4:D1,PoliSemFio,75,839.2305128574371,B2-01,1,3
720,54:F0:B1:BB:C4:D2,,70,839.2305128574371,B2-01,1,3
721,54:F0:B1:BB:C4:F0,eduroam,45,839.2305128574371,B2-01,1,3
722,54:F0:B1:BB:C4:F1,PoliSemFio,45,839.2305128574371,B2-01,1,3
723,54:F0:B1:BB:C4:F2,,45,839.2305128574371,B2-01,1,3
724,54:F0:B1:BB:F3:20,eduroam,25,839.2305128574371,B2-01,1,3
725,54:F0:B1:BB:F3:21,PoliSemFio,34,839.2305128574371,B2-01,1,3
726,54:F0:B1:BC:09:40,eduroam,99,839.2305128574371,B2-01,1,3
727,54:F0:B1:BC:09:41,PoliSemFio,92,839.2305128574371,B2-01,1,3
728,54:F0:B1:BC:09:42,,87,839.2305128574371,B2-01,1,3
729,54:F0:B1:BC:09:60,eduroam,84,839.2305128574371,B2-01,1,3
730,54:F0:B1:BC:09:61,PoliSemFio,84,839.2305128574371,B2-01,1,3
731,54:F0:B1:BC:1B:D0,eduroam,67,839.2305128574371,B2-01,1,3
732,54:F0:B1:BC:1B:D1,PoliSemFio,62,839.2305128574371,B2-01,1,3
733,54:F0:B1:BC:1B:D2,,62,839.2305128574371,B2-01,1,3
734,54:F0:B1:BC:1B:F0,eduroam,27,839.2305128574371,B2-01,1,3
735,54:F0:B1:BC:1B:F1,PoliSemFio,29,839.2305128574371,B2-01,1,3
736,54:F0:B1:BC:2E:90,eduroam,52,839.2305128574371,B2-01,1,3
737,54:F0:B1:BC:2E:91,PoliSemFio,65,839.2305128574371,B2-01,1,3
738,54:F0:B1:BC:2E:92,,65,839.2305128574371,B2-01,1,3
739,54:F0:B1:BC:2E:B0,eduroam,27,839.2305128574371,B2-01,1,3
740,54:F0:B1:BC:2E:B1,PoliSemFio,27,839.2305128574371,B2-01,1,3
741,54:F0:B1:BC:2F:50,eduroam,14,839.2305128574371,B2-01,1,3
742,54:F0:B1:BC:36:11,eduroam,22,839.2305128574371,B2-01,1,3
743,54:F0:B1:BC:36:12,,22,839.2305128574371,B2-01,1,3
744,54:F0:B1:BC:3F:10,eduroam,25,839.2305128574371,B2-01,1,3
745,54:F0:B1:BC:3F:11,PoliSemFio,30,839.2305128574371,B2-01,1,3
746,54:F0:B1:BC:3F:12,,32,839.2305128574371,B2-01,1,3
747,54:F0:B1:BC:70:00,eduroam,54,839.2305128574371,B2-01,1,3
748,54:F0:B1:BC:70:01,PoliSemFio,49,839.2305128574371,B2-01,1,3
749,54:F0:B1:BC:70:02,,45,839.2305128574371,B2-01,1,3
750,54:F0:B1:BC:70:20,eduroam,17,839.2305128574371,B2-01,1,3
751,54:F0:B1:BC:70:21,PoliSemFio,15,839.2305128574371,B2-01,1,3
752,54:F0:B1:BC:77:80,eduroam,35,839.2305128574371,B2-01,1,3
753,54:F0:B1:BC:77:81,PoliSemFio,42,839.2305128574371,B2-01,1,3
754,54:F0:B1:BC:77:82,,50,839.2305128574371,B2-01,1,3
755,54:F0:B1:BC:77:A0,eduroam,27,839.2305128574371,B2-01,1,3
756,54:F0:B1:BC:77:A1,PoliSemFio,29,839.2305128574371,B2-01,1,3
757,54:F0:B1:BC:77:A2,,24,839.2305128574371,B2-01,1,3
758,56:60:F9:A3:E7:3F,,35,839.2305128574371,B2-01,1,3
759,56:60:F9:A3:E8:73,,24,839.2305128574371,B2-01,1,3
760,68:FF:7B:47:78:BE,C1-22M,40,839.2305128574371,B2-01,1,3
761,70:62:B8:6E:72:A0,PCS-wireless-C1-13,34,839.2305128574371,B2-01,1,3
762,70:62:B8:6E:72:A1,PPGEE,27,839.2305128574371,B2-01,1,3
763,84:D4:7E:06:4F:E0,eduroam,42,839.2305128574371,B2-01,1,3
764,84:D4:7E:06:4F:E1,PoliSemFio,37,839.2305128574371,B2-01,1,3
765,84:D4:7E:06:4F:E2,,45,839.2305128574371,B2-01,1,3
766,84:D4:7E:06:4F:F0,eduroam,17,839.2305128574371,B2-01,1,3
767,84:D4:7E:06:4F:F1,PoliSemFio,24,839.2305128574371,B2-01,1,3
768,DC:9F:DB:1C:1F:D7,LWN-3,37,839.2305128574371,B2-01,1,3
769,DC:9F:DB:1C:1F:E0,LWN-3,39,839.2305128574371,B2-01,1,3
770,DE:9F:DB:1C:1F:D7,LARC Guest,35,839.2305128574371,B2-01,1,3
771,DE:9F:DB:1C:1F:E0,LARC Guest,39,839.2305128574371,B2-01,1,3
772,EE:9F:DB:1C:1F:D7,,32,839.2305128574371,B2-01,1,3
773,EE:9F:DB:1C:1F:E0,,35,839.2305128574371,B2-01,1,3
774,F8:1A:67:99:55:8E,NUCLEAR_CHF,22,839.2305128574371,B2-01,1,3
775,FE:9F:DB:1C:1F:D7,,35,839.2305128574371,B2-01,1,3
776,FE:9F:DB:1C:1F:E0,,27,839.2305128574371,B2-01,1,3
777,00:18:E7:FF:8C:98,dlink,27,845.5028467178345,B2-01,1,3
778,00:21:91:70:9D:EC,LAB-DIDATICO,19,845.5028467178345,B2-01,1,3
779,34:60:F9:A3:D9:14,GASWIFI-2G_C2,22,845.5028467178345,B2-01,1,3
780,34:CE:00:51:3E:6F,Lab,55,845.5028467178345,B2-01,1,3
781,34:CE:00:51:3E:70,Lab_5G,22,845.5028467178345,B2-01,1,3
782,44:D2:44:DC:2E:01,PROJETOR_B2-06-EC89sIpciG1AUef,37,845.5028467178345,B2-01,1,3
783,54:B8:0A:AA:2C:8C,LAB_DIGITAL,27,845.5028467178345,B2-01,1,3
784,54:B8:0A:AA:2C:8D,PCS-Wireless,32,845.5028467178345,B2-01,1,3
785,54:F0:B1:A1:18:C0,eduroam,12,845.5028467178345,B2-01,1,3
786,54:F0:B1:A1:18:C1,PoliSemFio,14,845.5028467178345,B2-01,1,3
787,54:F0:B1:A1:18:C3,MEZANINO,12,845.5028467178345,B2-01,1,3
788,54:F0:B1:A1:18:C4,GDLAB,12,845.5028467178345,B2-01,1,3
789,54:F0:B1:A1:18:C5,LABPAD,14,845.5028467178345,B2-01,1,3
790,54:F0:B1:A1:18:D0,eduroam,27,845.5028467178345,B2-01,1,3
791,54:F0:B1:A1:18:D3,MEZANINO,34,845.5028467178345,B2-01,1,3
792,54:F0:B1:A1:18:D4,GDLAB,27,845.5028467178345,B2-01,1,3
793,54:F0:B1:A1:18:D5,LABPAD,10,845.5028467178345,B2-01,1,3
794,54:F0:B1:A1:57:F0,eduroam,15,845.5028467178345,B2-01,1,3
795,54:F0:B1:A1:57:F1,PoliSemFio,14,845.5028467178345,B2-01,1,3
796,54:F0:B1:A1:57:F2,,29,845.5028467178345,B2-01,1,3
797,54:F0:B1:A1:58:00,eduroam,39,845.5028467178345,B2-01,1,3
798,54:F0:B1:A1:58:01,PoliSemFio,37,845.5028467178345,B2-01,1,3
799,54:F0:B1:A1:58:02,,37,845.5028467178345,B2-01,1,3
800,54:F0:B1:A2:56:61,PoliSemFio,17,845.5028467178345,B2-01,1,3
801,54:F0:B1:A2:56:70,eduroam,19,845.5028467178345,B2-01,1,3
802,54:F0:B1:A2:56:71,PoliSemFio,29,845.5028467178345,B2-01,1,3
803,54:F0:B1:A2:56:72,,30,845.5028467178345,B2-01,1,3
804,54:F0:B1:A2:57:30,eduroam,27,845.5028467178345,B2-01,1,3
805,54:F0:B1:A2:57:31,PoliSemFio,22,845.5028467178345,B2-01,1,3
806,54:F0:B1:A2:57:33,LCA,15,845.5028467178345,B2-01,1,3
807,54:F0:B1:BB:5A:80,eduroam,39,845.5028467178345,B2-01,1,3
808,54:F0:B1:BB:5A:81,PoliSemFio,39,845.5028467178345,B2-01,1,3
809,54:F0:B1:BB:5A:82,HACKER,34,845.5028467178345,B2-01,1,3
810,54:F0:B1:BB:5A:83,LEP,44,845.5028467178345,B2-01,1,3
811,54:F0:B1:BB:80:C3,LABPROG,14,845.5028467178345,B2-01,1,3
812,54:F0:B1:BB:84:B0,eduroam,19,845.5028467178345,B2-01,1,3
813,54:F0:B1:BB:92:C1,PoliSemFio,20,845.5028467178345,B2-01,1,3
814,54:F0:B1:BB:BE:11,PoliSemFio,30,845.5028467178345,B2-01,1,3
815,54:F0:B1:BB:BE:12,,30,845.5028467178345,B2-01,1,3
816,54:F0:B1:BB:BE:13,CAEEL,29,845.5028467178345,B2-01,1,3
817,54:F0:B1:BB:C4:D0,eduroam,64,845.5028467178345,B2-01,1,3
818,54:F0:B1:BB:C4:D1,PoliSemFio,75,845.5028467178345,B2-01,1,3
819,54:F0:B1:BB:C4:D2,,70,845.5028467178345,B2-01,1,3
820,54:F0:B1:BB:C4:F0,eduroam,45,845.5028467178345,B2-01,1,3
821,54:F0:B1:BB:C4:F1,PoliSemFio,45,845.5028467178345,B2-01,1,3
822,54:F0:B1:BB:C4:F2,,45,845.5028467178345,B2-01,1,3
823,54:F0:B1:BB:F3:20,eduroam,25,845.5028467178345,B2-01,1,3
824,54:F0:B1:BB:F3:21,PoliSemFio,34,845.5028467178345,B2-01,1,3
825,54:F0:B1:BC:09:40,eduroam,99,845.5028467178345,B2-01,1,3
826,54:F0:B1:BC:09:41,PoliSemFio,92,845.5028467178345,B2-01,1,3
827,54:F0:B1:BC:09:42,,87,845.5028467178345,B2-01,1,3
828,54:F0:B1:BC:09:60,eduroam,68,845.5028467178345,B2-01,1,3
829,54:F0:B1:BC:09:61,PoliSemFio,84,845.5028467178345,B2-01,1,3
830,54:F0:B1:BC:1B:D0,eduroam,67,845.5028467178345,B2-01,1,3
831,54:F0:B1:BC:1B:D1,PoliSemFio,62,845.5028467178345,B2-01,1,3
832,54:F0:B1:BC:1B:D2,,62,845.5028467178345,B2-01,1,3
833,54:F0:B1:BC:1B:F0,eduroam,27,845.5028467178345,B2-01,1,3
834,54:F0:B1:BC:1B:F1,PoliSemFio,29,845.5028467178345,B2-01,1,3
835,54:F0:B1:BC:2E:90,eduroam,52,845.5028467178345,B2-01,1,3
836,54:F0:B1:BC:2E:91,PoliSemFio,65,845.5028467178345,B2-01,1,3
837,54:F0:B1:BC:2E:92,,65,845.5028467178345,B2-01,1,3
838,54:F0:B1:BC:2E:B0,eduroam,27,845.5028467178345,B2-01,1,3
839,54:F0:B1:BC:2E:B1,PoliSemFio,27,845.5028467178345,B2-01,1,3
840,54:F0:B1:BC:2F:50,eduroam,14,845.5028467178345,B2-01,1,3
841,54:F0:B1:BC:36:11,eduroam,22,845.5028467178345,B2-01,1,3
842,54:F0:B1:BC:36:12,,22,845.5028467178345,B2-01,1,3
843,54:F0:B1:BC:3F:10,eduroam,25,845.5028467178345,B2-01,1,3
844,54:F0:B1:BC:3F:11,PoliSemFio,30,845.5028467178345,B2-01,1,3
845,54:F0:B1:BC:3F:12,,32,845.5028467178345,B2-01,1,3
846,54:F0:B1:BC:70:00,eduroam,54,845.5028467178345,B2-01,1,3
847,54:F0:B1:BC:70:01,PoliSemFio,49,845.5028467178345,B2-01,1,3
848,54:F0:B1:BC:70:02,,45,845.5028467178345,B2-01,1,3
849,54:F0:B1:BC:70:20,eduroam,17,845.5028467178345,B2-01,1,3
850,54:F0:B1:BC:70:21,PoliSemFio,15,845.5028467178345,B2-01,1,3
851,54:F0:B1:BC:77:80,eduroam,35,845.5028467178345,B2-01,1,3
852,54:F0:B1:BC:77:81,PoliSemFio,42,845.5028467178345,B2-01,1,3
853,54:F0:B1:BC:77:82,,50,845.5028467178345,B2-01,1,3
854,54:F0:B1:BC:77:A0,eduroam,27,845.5028467178345,B2-01,1,3
855,54:F0:B1:BC:77:A1,PoliSemFio,29,845.5028467178345,B2-01,1,3
856,54:F0:B1:BC:77:A2,,24,845.5028467178345,B2-01,1,3
857,56:60:F9:A3:E7:3F,,35,845.5028467178345,B2-01,1,3
858,56:60:F9:A3:E8:73,,24,845.5028467178345,B2-01,1,3
859,68:FF:7B:47:78:BE,C1-22M,40,845.5028467178345,B2-01,1,3
860,70:62:B8:6E:72:A0,PCS-wireless-C1-13,34,845.5028467178345,B2-01,1,3
861,70:62:B8:6E:72:A1,PPGEE,27,845.5028467178345,B2-01,1,3
862,84:D4:7E:06:4F:E0,eduroam,42,845.5028467178345,B2-01,1,3
863,84:D4:7E:06:4F:E1,PoliSemFio,37,845.5028467178345,B2-01,1,3
864,84:D4:7E:06:4F:E2,,45,845.5028467178345,B2-01,1,3
865,84:D4:7E:06:4F:F0,eduroam,17,845.5028467178345,B2-01,1,3
866,84:D4:7E:06:4F:F1,PoliSemFio,24,845.5028467178345,B2-01,1,3
867,DC:9F:DB:1C:1F:D7,LWN-3,37,845.5028467178345,B2-01,1,3
868,DC:9F:DB:1C:1F:E0,LWN-3,39,845.5028467178345,B2-01,1,3
869,DE:9F:DB:1C:1F:D7,LARC Guest,35,845.5028467178345,B2-01,1,3
870,DE:9F:DB:1C:1F:E0,LARC Guest,39,845.5028467178345,B2-01,1,3
871,EE:9F:DB:1C:1F:D7,,32,845.5028467178345,B2-01,1,3
872,EE:9F:DB:1C:1F:E0,,35,845.5028467178345,B2-01,1,3
873,F8:1A:67:99:55:8E,NUCLEAR_CHF,22,845.5028467178345,B2-01,1,3
874,FE:9F:DB:1C:1F:D7,,35,845.5028467178345,B2-01,1,3
875,FE:9F:DB:1C:1F:E0,,27,845.5028467178345,B2-01,1,3
876,00:18:E7:FF:8C:98,dlink,27,848.1185772418976,B2-01,1,3
877,00:21:91:70:9D:EC,LAB-DIDATICO,19,848.1185772418976,B2-01,1,3
878,34:60:F9:A3:D9:14,GASWIFI-2G_C2,22,848.1185772418976,B2-01,1,3
879,34:60:F9:A3:E7:3F,GASWIFI_C4,37,848.1185772418976,B2-01,1,3
880,34:CE:00:51:3E:6F,Lab,62,848.1185772418976,B2-01,1,3
881,34:CE:00:51:3E:70,Lab_5G,30,848.1185772418976,B2-01,1,3
882,3A:60:F9:A3:D9:14,,20,848.1185772418976,B2-01,1,3
883,44:D2:44:DC:2E:01,PROJETOR_B2-06-EC89sIpciG1AUef,37,848.1185772418976,B2-01,1,3
884,54:B8:0A:AA:2C:8C,LAB_DIGITAL,37,848.1185772418976,B2-01,1,3
885,54:B8:0A:AA:2C:8D,PCS-Wireless,32,848.1185772418976,B2-01,1,3
886,54:F0:B1:A1:18:C0,eduroam,12,848.1185772418976,B2-01,1,3
887,54:F0:B1:A1:18:C1,PoliSemFio,14,848.1185772418976,B2-01,1,3
888,54:F0:B1:A1:18:C3,MEZANINO,12,848.1185772418976,B2-01,1,3
889,54:F0:B1:A1:18:C4,GDLAB,12,848.1185772418976,B2-01,1,3
890,54:F0:B1:A1:18:C5,LABPAD,14,848.1185772418976,B2-01,1,3
891,54:F0:B1:A1:18:D0,eduroam,20,848.1185772418976,B2-01,1,3
892,54:F0:B1:A1:18:D3,MEZANINO,24,848.1185772418976,B2-01,1,3
893,54:F0:B1:A1:18:D4,GDLAB,27,848.1185772418976,B2-01,1,3
894,54:F0:B1:A1:18:D5,LABPAD,22,848.1185772418976,B2-01,1,3
895,54:F0:B1:A1:57:F0,eduroam,15,848.1185772418976,B2-01,1,3
896,54:F0:B1:A1:57:F1,PoliSemFio,14,848.1185772418976,B2-01,1,3
897,54:F0:B1:A1:57:F2,,29,848.1185772418976,B2-01,1,3
898,54:F0:B1:A1:58:00,eduroam,45,848.1185772418976,B2-01,1,3
899,54:F0:B1:A1:58:01,PoliSemFio,45,848.1185772418976,B2-01,1,3
900,54:F0:B1:A1:58:02,,37,848.1185772418976,B2-01,1,3
901,54:F0:B1:A2:56:61,PoliSemFio,17,848.1185772418976,B2-01,1,3
902,54:F0:B1:A2:56:70,eduroam,19,848.1185772418976,B2-01,1,3
903,54:F0:B1:A2:56:71,PoliSemFio,34,848.1185772418976,B2-01,1,3
904,54:F0:B1:A2:56:72,,34,848.1185772418976,B2-01,1,3
905,54:F0:B1:A2:57:30,eduroam,27,848.1185772418976,B2-01,1,3
906,54:F0:B1:A2:57:31,PoliSemFio,22,848.1185772418976,B2-01,1,3
907,54:F0:B1:A2:57:33,LCA,15,848.1185772418976,B2-01,1,3
908,54:F0:B1:BB:5A:80,eduroam,39,848.1185772418976,B2-01,1,3
909,54:F0:B1:BB:5A:81,PoliSemFio,34,848.1185772418976,B2-01,1,3
910,54:F0:B1:BB:5A:82,HACKER,34,848.1185772418976,B2-01,1,3
911,54:F0:B1:BB:5A:83,LEP,44,848.1185772418976,B2-01,1,3
912,54:F0:B1:BB:80:C3,LABPROG,14,848.1185772418976,B2-01,1,3
913,54:F0:B1:BB:84:B0,eduroam,19,848.1185772418976,B2-01,1,3
914,54:F0:B1:BB:92:C1,PoliSemFio,20,848.1185772418976,B2-01,1,3
915,54:F0:B1:BB:BE:10,eduroam,27,848.1185772418976,B2-01,1,3
916,54:F0:B1:BB:BE:11,PoliSemFio,30,848.1185772418976,B2-01,1,3
917,54:F0:B1:BB:BE:12,,30,848.1185772418976,B2-01,1,3
918,54:F0:B1:BB:BE:13,CAEEL,25,848.1185772418976,B2-01,1,3
919,54:F0:B1:BB:C4:D0,eduroam,77,848.1185772418976,B2-01,1,3
920,54:F0:B1:BB:C4:D1,PoliSemFio,77,848.1185772418976,B2-01,1,3
921,54:F0:B1:BB:C4:D2,,70,848.1185772418976,B2-01,1,3
922,54:F0:B1:BB:C4:F0,eduroam,45,848.1185772418976,B2-01,1,3
923,54:F0:B1:BB:C4:F1,PoliSemFio,45,848.1185772418976,B2-01,1,3
924,54:F0:B1:BB:C4:F2,,45,848.1185772418976,B2-01,1,3
925,54:F0:B1:BB:F3:20,eduroam,25,848.1185772418976,B2-01,1,3
926,54:F0:B1:BB:F3:21,PoliSemFio,34,848.1185772418976,B2-01,1,3
927,54:F0:B1:BC:09:40,eduroam,99,848.1185772418976,B2-01,1,3
928,54:F0:B1:BC:09:41,PoliSemFio,92,848.1185772418976,B2-01,1,3
929,54:F0:B1:BC:09:42,,87,848.1185772418976,B2-01,1,3
930,54:F0:B1:BC:09:60,eduroam,60,848.1185772418976,B2-01,1,3
931,54:F0:B1:BC:09:61,PoliSemFio,60,848.1185772418976,B2-01,1,3
932,54:F0:B1:BC:1B:D0,eduroam,52,848.1185772418976,B2-01,1,3
933,54:F0:B1:BC:1B:D1,PoliSemFio,65,848.1185772418976,B2-01,1,3
934,54:F0:B1:BC:1B:D2,,62,848.1185772418976,B2-01,1,3
935,54:F0:B1:BC:1B:F0,eduroam,32,848.1185772418976,B2-01,1,3
936,54:F0:B1:BC:1B:F1,PoliSemFio,32,848.1185772418976,B2-01,1,3
937,54:F0:B1:BC:2E:90,eduroam,44,848.1185772418976,B2-01,1,3
938,54:F0:B1:BC:2E:91,PoliSemFio,75,848.1185772418976,B2-01,1,3
939,54:F0:B1:BC:2E:92,,65,848.1185772418976,B2-01,1,3
940,54:F0:B1:BC:2E:B0,eduroam,29,848.1185772418976,B2-01,1,3
941,54:F0:B1:BC:2E:B1,PoliSemFio,29,848.1185772418976,B2-01,1,3
942,54:F0:B1:BC:2F:50,eduroam,14,848.1185772418976,B2-01,1,3
943,54:F0:B1:BC:36:11,eduroam,22,848.1185772418976,B2-01,1,3
944,54:F0:B1:BC:36:12,,22,848.1185772418976,B2-01,1,3
945,54:F0:B1:BC:3F:10,eduroam,25,848.1185772418976,B2-01,1,3
946,54:F0:B1:BC:3F:11,PoliSemFio,37,848.1185772418976,B2-01,1,3
947,54:F0:B1:BC:3F:12,,37,848.1185772418976,B2-01,1,3
948,54:F0:B1:BC:70:00,eduroam,45,848.1185772418976,B2-01,1,3
949,54:F0:B1:BC:70:01,PoliSemFio,45,848.1185772418976,B2-01,1,3
950,54:F0:B1:BC:70:02,,45,848.1185772418976,B2-01,1,3
951,54:F0:B1:BC:70:20,eduroam,17,848.1185772418976,B2-01,1,3
952,54:F0:B1:BC:70:21,PoliSemFio,19,848.1185772418976,B2-01,1,3
953,54:F0:B1:BC:77:80,eduroam,37,848.1185772418976,B2-01,1,3
954,54:F0:B1:BC:77:81,PoliSemFio,40,848.1185772418976,B2-01,1,3
955,54:F0:B1:BC:77:82,,39,848.1185772418976,B2-01,1,3
956,54:F0:B1:BC:77:A0,eduroam,22,848.1185772418976,B2-01,1,3
957,54:F0:B1:BC:77:A1,PoliSemFio,22,848.1185772418976,B2-01,1,3
958,54:F0:B1:BC:77:A2,,24,848.1185772418976,B2-01,1,3
959,56:60:F9:A3:E7:3F,,35,848.1185772418976,B2-01,1,3
960,56:60:F9:A3:E8:73,,24,848.1185772418976,B2-01,1,3
961,68:FF:7B:47:78:BE,C1-22M,25,848.1185772418976,B2-01,1,3
962,70:62:B8:6E:72:A0,PCS-wireless-C1-13,32,848.1185772418976,B2-01,1,3
963,70:62:B8:6E:72:A1,PPGEE,32,848.1185772418976,B2-01,1,3
964,84:D4:7E:06:4F:E0,eduroam,55,848.1185772418976,B2-01,1,3
965,84:D4:7E:06:4F:E1,PoliSemFio,37,848.1185772418976,B2-01,1,3
966,84:D4:7E:06:4F:E2,,45,848.1185772418976,B2-01,1,3
967,84:D4:7E:06:4F:F0,eduroam,14,848.1185772418976,B2-01,1,3
968,84:D4:7E:06:4F:F1,PoliSemFio,24,848.1185772418976,B2-01,1,3
969,DC:9F:DB:1C:1F:D7,LWN-3,37,848.1185772418976,B2-01,1,3
970,DC:9F:DB:1C:1F:E0,LWN-3,34,848.1185772418976,B2-01,1,3
971,DE:9F:DB:1C:1F:D7,LARC Guest,30,848.1185772418976,B2-01,1,3
972,DE:9F:DB:1C:1F:E0,LARC Guest,30,848.1185772418976,B2-01,1,3
973,EE:9F:DB:1C:1F:D7,,27,848.1185772418976,B2-01,1,3
974,EE:9F:DB:1C:1F:E0,,32,848.1185772418976,B2-01,1,3
975,F8:1A:67:99:55:8E,NUCLEAR_CHF,22,848.1185772418976,B2-01,1,3
976,FE:9F:DB:1C:1F:D7,,29,848.1185772418976,B2-01,1,3
977,FE:9F:DB:1C:1F:E0,,27,848.1185772418976,B2-01,1,3
978,00:18:E7:FF:8C:98,dlink,27,850.749666929245,B2-01,1,3
979,00:21:91:70:9D:EC,LAB-DIDATICO,19,850.749666929245,B2-01,1,3
980,34:60:F9:A3:D9:14,GASWIFI-2G_C2,22,850.749666929245,B2-01,1,3
981,34:60:F9:A3:E7:3F,GASWIFI_C4,37,850.749666929245,B2-01,1,3
982,34:CE:00:51:3E:6F,Lab,62,850.749666929245,B2-01,1,3
983,34:CE:00:51:3E:70,Lab_5G,30,850.749666929245,B2-01,1,3
984,3A:60:F9:A3:D9:14,,20,850.749666929245,B2-01,1,3
985,44:D2:44:DC:2E:01,PROJETOR_B2-06-EC89sIpciG1AUef,37,850.749666929245,B2-01,1,3
986,54:B8:0A:AA:2C:8C,LAB_DIGITAL,37,850.749666929245,B2-01,1,3
987,54:B8:0A:AA:2C:8D,PCS-Wireless,32,850.749666929245,B2-01,1,3
988,54:F0:B1:A1:18:C0,eduroam,12,850.749666929245,B2-01,1,3
989,54:F0:B1:A1:18:C1,PoliSemFio,14,850.749666929245,B2-01,1,3
990,54:F0:B1:A1:18:C3,MEZANINO,12,850.749666929245,B2-01,1,3
991,54:F0:B1:A1:18:C4,GDLAB,12,850.749666929245,B2-01,1,3
992,54:F0:B1:A1:18:C5,LABPAD,14,850.749666929245,B2-01,1,3
993,54:F0:B1:A1:18:D0,eduroam,20,850.749666929245,B2-01,1,3
994,54:F0:B1:A1:18:D3,MEZANINO,24,850.749666929245,B2-01,1,3
995,54:F0:B1:A1:18:D4,GDLAB,27,850.749666929245,B2-01,1,3
996,54:F0:B1:A1:18:D5,LABPAD,22,850.749666929245,B2-01,1,3
997,54:F0:B1:A1:57:F0,eduroam,15,850.749666929245,B2-01,1,3
998,54:F0:B1:A1:57:F1,PoliSemFio,14,850.749666929245,B2-01,1,3
999,54:F0:B1:A1:57:F2,,29,850.749666929245,B2-01,1,3
1000,54:F0:B1:A1:58:00,eduroam,45,850.749666929245,B2-01,1,3
1001,54:F0:B1:A1:58:01,PoliSemFio,45,850.749666929245,B2-01,1,3
1002,54:F0:B1:A1:58:02,,37,850.749666929245,B2-01,1,3
1003,54:F0:B1:A2:56:61,PoliSemFio,17,850.749666929245,B2-01,1,3
1004,54:F0:B1:A2:56:70,eduroam,19,850.749666929245,B2-01,1,3
1005,54:F0:B1:A2:56:71,PoliSemFio,34,850.749666929245,B2-01,1,3
1006,54:F0:B1:A2:56:72,,34,850.749666929245,B2-01,1,3
1007,54:F0:B1:A2:57:30,eduroam,27,850.749666929245,B2-01,1,3
1008,54:F0:B1:A2:57:31,PoliSemFio,22,850.749666929245,B2-01,1,3
1009,54:F0:B1:A2:57:33,LCA,15,850.749666929245,B2-01,1,3
1010,54:F0:B1:BB:5A:80,eduroam,39,850.749666929245,B2-01,1,3
1011,54:F0:B1:BB:5A:81,PoliSemFio,34,850.749666929245,B2-01,1,3
1012,54:F0:B1:BB:5A:82,HACKER,34,850.749666929245,B2-01,1,3
1013,54:F0:B1:BB:5A:83,LEP,44,850.749666929245,B2-01,1,3
1014,54:F0:B1:BB:80:C3,LABPROG,14,850.749666929245,B2-01,1,3
1015,54:F0:B1:BB:84:B0,eduroam,19,850.749666929245,B2-01,1,3
1016,54:F0:B1:BB:92:C1,PoliSemFio,20,850.749666929245,B2-01,1,3
1017,54:F0:B1:BB:BE:10,eduroam,27,850.749666929245,B2-01,1,3
1018,54:F0:B1:BB:BE:11,PoliSemFio,30,850.749666929245,B2-01,1,3
1019,54:F0:B1:BB:BE:12,,30,850.749666929245,B2-01,1,3
1020,54:F0:B1:BB:BE:13,CAEEL,25,850.749666929245,B2-01,1,3
1021,54:F0:B1:BB:C4:D0,eduroam,77,850.749666929245,B2-01,1,3
1022,54:F0:B1:BB:C4:D1,PoliSemFio,77,850.749666929245,B2-01,1,3
1023,54:F0:B1:BB:C4:D2,,70,850.749666929245,B2-01,1,3
1024,54:F0:B1:BB:C4:F0,eduroam,45,850.749666929245,B2-01,1,3
1025,54:F0:B1:BB:C4:F1,PoliSemFio,45,850.749666929245,B2-01,1,3
1026,54:F0:B1:BB:C4:F2,,45,850.749666929245,B2-01,1,3
1027,54:F0:B1:BB:F3:20,eduroam,25,850.749666929245,B2-01,1,3
1028,54:F0:B1:BB:F3:21,PoliSemFio,34,850.749666929245,B2-01,1,3
1029,54:F0:B1:BC:09:40,eduroam,99,850.749666929245,B2-01,1,3
1030,54:F0:B1:BC:09:41,PoliSemFio,92,850.749666929245,B2-01,1,3
1031,54:F0:B1:BC:09:42,,87,850.749666929245,B2-01,1,3
1032,54:F0:B1:BC:09:60,eduroam,74,850.749666929245,B2-01,1,3
1033,54:F0:B1:BC:09:61,PoliSemFio,60,850.749666929245,B2-01,1,3
1034,54:F0:B1:BC:1B:D0,eduroam,52,850.749666929245,B2-01,1,3
1035,54:F0:B1:BC:1B:D1,PoliSemFio,65,850.749666929245,B2-01,1,3
1036,54:F0:B1:BC:1B:D2,,62,850.749666929245,B2-01,1,3
1037,54:F0:B1:BC:1B:F0,eduroam,32,850.749666929245,B2-01,1,3
1038,54:F0:B1:BC:1B:F1,PoliSemFio,32,850.749666929245,B2-01,1,3
1039,54:F0:B1:BC:2E:90,eduroam,44,850.749666929245,B2-01,1,3
1040,54:F0:B1:BC:2E:91,PoliSemFio,75,850.749666929245,B2-01,1,3
1041,54:F0:B1:BC:2E:92,,65,850.749666929245,B2-01,1,3
1042,54:F0:B1:BC:2E:B0,eduroam,29,850.749666929245,B2-01,1,3
1043,54:F0:B1:BC:2E:B1,PoliSemFio,29,850.749666929245,B2-01,1,3
1044,54:F0:B1:BC:2F:50,eduroam,14,850.749666929245,B2-01,1,3
1045,54:F0:B1:BC:36:11,eduroam,22,850.749666929245,B2-01,1,3
1046,54:F0:B1:BC:36:12,,22,850.749666929245,B2-01,1,3
1047,54:F0:B1:BC:3F:10,eduroam,25,850.749666929245,B2-01,1,3
1048,54:F0:B1:BC:3F:11,PoliSemFio,37,850.749666929245,B2-01,1,3
1049,54:F0:B1:BC:3F:12,,37,850.749666929245,B2-01,1,3
1050,54:F0:B1:BC:70:00,eduroam,45,850.749666929245,B2-01,1,3
1051,54:F0:B1:BC:70:01,PoliSemFio,45,850.749666929245,B2-01,1,3
1052,54:F0:B1:BC:70:02,,45,850.749666929245,B2-01,1,3
1053,54:F0:B1:BC:70:20,eduroam,17,850.749666929245,B2-01,1,3
1054,54:F0:B1:BC:70:21,PoliSemFio,19,850.749666929245,B2-01,1,3
1055,54:F0:B1:BC:77:80,eduroam,37,850.749666929245,B2-01,1,3
1056,54:F0:B1:BC:77:81,PoliSemFio,40,850.749666929245,B2-01,1,3
1057,54:F0:B1:BC:77:82,,39,850.749666929245,B2-01,1,3
1058,54:F0:B1:BC:77:A0,eduroam,22,850.749666929245,B2-01,1,3
1059,54:F0:B1:BC:77:A1,PoliSemFio,22,850.749666929245,B2-01,1,3
1060,54:F0:B1:BC:77:A2,,24,850.749666929245,B2-01,1,3
1061,56:60:F9:A3:E7:3F,,35,850.749666929245,B2-01,1,3
1062,56:60:F9:A3:E8:73,,24,850.749666929245,B2-01,1,3
1063,68:FF:7B:47:78:BE,C1-22M,25,850.749666929245,B2-01,1,3
1064,70:62:B8:6E:72:A0,PCS-wireless-C1-13,32,850.749666929245,B2-01,1,3
1065,70:62:B8:6E:72:A1,PPGEE,32,850.749666929245,B2-01,1,3
1066,84:D4:7E:06:4F:E0,eduroam,55,850.749666929245,B2-01,1,3
1067,84:D4:7E:06:4F:E1,PoliSemFio,37,850.749666929245,B2-01,1,3
1068,84:D4:7E:06:4F:E2,,45,850.749666929245,B2-01,1,3
1069,84:D4:7E:06:4F:F0,eduroam,14,850.749666929245,B2-01,1,3
1070,84:D4:7E:06:4F:F1,PoliSemFio,24,850.749666929245,B2-01,1,3
1071,DC:9F:DB:1C:1F:D7,LWN-3,37,850.749666929245,B2-01,1,3
1072,DC:9F:DB:1C:1F:E0,LWN-3,34,850.749666929245,B2-01,1,3
1073,DE:9F:DB:1C:1F:D7,LARC Guest,30,850.749666929245,B2-01,1,3
1074,DE:9F:DB:1C:1F:E0,LARC Guest,30,850.749666929245,B2-01,1,3
1075,EE:9F:DB:1C:1F:D7,,27,850.749666929245,B2-01,1,3
1076,EE:9F:DB:1C:1F:E0,,32,850.749666929245,B2-01,1,3
1077,F8:1A:67:99:55:8E,NUCLEAR_CHF,22,850.749666929245,B2-01,1,3
1078,FE:9F:DB:1C:1F:D7,,29,850.749666929245,B2-01,1,3
1079,FE:9F:DB:1C:1F:E0,,27,850.749666929245,B2-01,1,3
1080,00:18:E7:FF:8C:98,dlink,27,857.0027253627777,B2-01,1,3
1081,00:21:91:70:9D:EC,LAB-DIDATICO,22,857.0027253627777,B2-01,1,3
1082,34:60:F9:A3:D9:14,GASWIFI-2G_C2,22,857.0027253627777,B2-01,1,3
1083,34:60:F9:A3:E7:3F,GASWIFI_C4,37,857.0027253627777,B2-01,1,3
1084,34:CE:00:51:3E:6F,Lab,62,857.0027253627777,B2-01,1,3
1085,34:CE:00:51:3E:70,Lab_5G,25,857.0027253627777,B2-01,1,3
1086,3A:60:F9:A3:D9:14,,20,857.0027253627777,B2-01,1,3
1087,44:D2:44:DC:2E:01,PROJETOR_B2-06-EC89sIpciG1AUef,37,857.0027253627777,B2-01,1,3
1088,54:B8:0A:AA:2C:8C,LAB_DIGITAL,37,857.0027253627777,B2-01,1,3
1089,54:B8:0A:AA:2C:8D,PCS-Wireless,32,857.0027253627777,B2-01,1,3
1090,54:F0:B1:A1:18:C0,eduroam,12,857.0027253627777,B2-01,1,3
1091,54:F0:B1:A1:18:C1,PoliSemFio,14,857.0027253627777,B2-01,1,3
1092,54:F0:B1:A1:18:C3,MEZANINO,12,857.0027253627777,B2-01,1,3
1093,54:F0:B1:A1:18:C4,GDLAB,12,857.0027253627777,B2-01,1,3
1094,54:F0:B1:A1:18:C5,LABPAD,14,857.0027253627777,B2-01,1,3
1095,54:F0:B1:A1:18:D0,eduroam,20,857.0027253627777,B2-01,1,3
1096,54:F0:B1:A1:18:D2,,24,857.0027253627777,B2-01,1,3
1097,54:F0:B1:A1:18:D3,MEZANINO,24,857.0027253627777,B2-01,1,3
1098,54:F0:B1:A1:18:D4,GDLAB,27,857.0027253627777,B2-01,1,3
1099,54:F0:B1:A1:18:D5,LABPAD,22,857.0027253627777,B2-01,1,3
1100,54:F0:B1:A1:57:F0,eduroam,15,857.0027253627777,B2-01,1,3
1101,54:F0:B1:A1:57:F1,PoliSemFio,14,857.0027253627777,B2-01,1,3
1102,54:F0:B1:A1:58:00,eduroam,45,857.0027253627777,B2-01,1,3
1103,54:F0:B1:A1:58:01,PoliSemFio,45,857.0027253627777,B2-01,1,3
1104,54:F0:B1:A1:58:02,,37,857.0027253627777,B2-01,1,3
1105,54:F0:B1:A2:56:60,eduroam,17,857.0027253627777,B2-01,1,3
1106,54:F0:B1:A2:56:61,PoliSemFio,19,857.0027253627777,B2-01,1,3
1107,54:F0:B1:A2:56:70,eduroam,19,857.0027253627777,B2-01,1,3
1108,54:F0:B1:A2:56:71,PoliSemFio,34,857.0027253627777,B2-01,1,3
1109,54:F0:B1:A2:56:72,,34,857.0027253627777,B2-01,1,3
1110,54:F0:B1:A2:57:30,eduroam,27,857.0027253627777,B2-01,1,3
1111,54:F0:B1:A2:57:31,PoliSemFio,22,857.0027253627777,B2-01,1,3
1112,54:F0:B1:A2:57:33,LCA,15,857.0027253627777,B2-01,1,3
1113,54:F0:B1:BB:5A:80,eduroam,29,857.0027253627777,B2-01,1,3
1114,54:F0:B1:BB:5A:81,PoliSemFio,40,857.0027253627777,B2-01,1,3
1115,54:F0:B1:BB:5A:82,HACKER,34,857.0027253627777,B2-01,1,3
1116,54:F0:B1:BB:5A:83,LEP,24,857.0027253627777,B2-01,1,3
1117,54:F0:B1:BB:80:C3,LABPROG,14,857.0027253627777,B2-01,1,3
1118,54:F0:B1:BB:84:B0,eduroam,19,857.0027253627777,B2-01,1,3
1119,54:F0:B1:BB:92:C1,PoliSemFio,20,857.0027253627777,B2-01,1,3
1120,54:F0:B1:BB:BE:10,eduroam,27,857.0027253627777,B2-01,1,3
1121,54:F0:B1:BB:BE:11,PoliSemFio,30,857.0027253627777,B2-01,1,3
1122,54:F0:B1:BB:BE:12,,30,857.0027253627777,B2-01,1,3
1123,54:F0:B1:BB:BE:13,CAEEL,25,857.0027253627777,B2-01,1,3
1124,54:F0:B1:BB:C4:D0,eduroam,77,857.0027253627777,B2-01,1,3
1125,54:F0:B1:BB:C4:D1,PoliSemFio,75,857.0027253627777,B2-01,1,3
1126,54:F0:B1:BB:C4:D2,,70,857.0027253627777,B2-01,1,3
1127,54:F0:B1:BB:C4:F0,eduroam,47,857.0027253627777,B2-01,1,3
1128,54:F0:B1:BB:C4:F1,PoliSemFio,47,857.0027253627777,B2-01,1,3
1129,54:F0:B1:BB:C4:F2,,47,857.0027253627777,B2-01,1,3
1130,54:F0:B1:BB:F3:20,eduroam,25,857.0027253627777,B2-01,1,3
1131,54:F0:B1:BB:F3:21,PoliSemFio,27,857.0027253627777,B2-01,1,3
1132,54:F0:B1:BC:09:40,eduroam,75,857.0027253627777,B2-01,1,3
1133,54:F0:B1:BC:09:41,PoliSemFio,92,857.0027253627777,B2-01,1,3
1134,54:F0:B1:BC:09:42,,87,857.0027253627777,B2-01,1,3
1135,54:F0:B1:BC:09:60,eduroam,63,857.0027253627777,B2-01,1,3
1136,54:F0:B1:BC:09:61,PoliSemFio,74,857.0027253627777,B2-01,1,3
1137,54:F0:B1:BC:1B:D0,eduroam,52,857.0027253627777,B2-01,1,3
1138,54:F0:B1:BC:1B:D1,PoliSemFio,65,857.0027253627777,B2-01,1,3
1139,54:F0:B1:BC:1B:D2,,62,857.0027253627777,B2-01,1,3
1140,54:F0:B1:BC:1B:F0,eduroam,32,857.0027253627777,B2-01,1,3
1141,54:F0:B1:BC:1B:F1,PoliSemFio,32,857.0027253627777,B2-01,1,3
1142,54:F0:B1:BC:2E:90,eduroam,44,857.0027253627777,B2-01,1,3
1143,54:F0:B1:BC:2E:91,PoliSemFio,75,857.0027253627777,B2-01,1,3
1144,54:F0:B1:BC:2E:92,,65,857.0027253627777,B2-01,1,3
1145,54:F0:B1:BC:2E:B0,eduroam,24,857.0027253627777,B2-01,1,3
1146,54:F0:B1:BC:2E:B1,PoliSemFio,24,857.0027253627777,B2-01,1,3
1147,54:F0:B1:BC:2F:50,eduroam,14,857.0027253627777,B2-01,1,3
1148,54:F0:B1:BC:36:11,eduroam,22,857.0027253627777,B2-01,1,3
1149,54:F0:B1:BC:36:12,,22,857.0027253627777,B2-01,1,3
1150,54:F0:B1:BC:3F:10,eduroam,25,857.0027253627777,B2-01,1,3
1151,54:F0:B1:BC:3F:11,PoliSemFio,37,857.0027253627777,B2-01,1,3
1152,54:F0:B1:BC:3F:12,,37,857.0027253627777,B2-01,1,3
1153,54:F0:B1:BC:70:00,eduroam,45,857.0027253627777,B2-01,1,3
1154,54:F0:B1:BC:70:01,PoliSemFio,45,857.0027253627777,B2-01,1,3
1155,54:F0:B1:BC:70:02,,45,857.0027253627777,B2-01,1,3
1156,54:F0:B1:BC:70:20,eduroam,32,857.0027253627777,B2-01,1,3
1157,54:F0:B1:BC:70:21,PoliSemFio,30,857.0027253627777,B2-01,1,3
1158,54:F0:B1:BC:77:80,eduroam,37,857.0027253627777,B2-01,1,3
1159,54:F0:B1:BC:77:81,PoliSemFio,45,857.0027253627777,B2-01,1,3
1160,54:F0:B1:BC:77:82,,45,857.0027253627777,B2-01,1,3
1161,54:F0:B1:BC:77:A0,eduroam,27,857.0027253627777,B2-01,1,3
1162,54:F0:B1:BC:77:A1,PoliSemFio,27,857.0027253627777,B2-01,1,3
1163,54:F0:B1:BC:77:A2,,24,857.0027253627777,B2-01,1,3
1164,68:FF:7B:47:78:BE,C1-22M,25,857.0027253627777,B2-01,1,3
1165,70:62:B8:6E:72:A0,PCS-wireless-C1-13,32,857.0027253627777,B2-01,1,3
1166,70:62:B8:6E:72:A1,PPGEE,32,857.0027253627777,B2-01,1,3
1167,84:D4:7E:06:4F:E0,eduroam,49,857.0027253627777,B2-01,1,3
1168,84:D4:7E:06:4F:E1,PoliSemFio,37,857.0027253627777,B2-01,1,3
1169,84:D4:7E:06:4F:E2,,45,857.0027253627777,B2-01,1,3
1170,84:D4:7E:06:4F:F0,eduroam,14,857.0027253627777,B2-01,1,3
1171,84:D4:7E:06:4F:F1,PoliSemFio,24,857.0027253627777,B2-01,1,3
1172,DC:9F:DB:1C:1F:D7,LWN-3,20,857.0027253627777,B2-01,1,3
1173,DC:9F:DB:1C:1F:E0,LWN-3,34,857.0027253627777,B2-01,1,3
1174,DE:9F:DB:1C:1F:D7,LARC Guest,30,857.0027253627777,B2-01,1,3
1175,DE:9F:DB:1C:1F:E0,LARC Guest,30,857.0027253627777,B2-01,1,3
1176,EE:9F:DB:1C:1F:D7,,27,857.0027253627777,B2-01,1,3
1177,EE:9F:DB:1C:1F:E0,,32,857.0027253627777,B2-01,1,3
1178,FE:9F:DB:1C:1F:D7,,29,857.0027253627777,B2-01,1,3
1179,FE:9F:DB:1C:1F:E0,,47,857.0027253627777,B2-01,1,3
1180,00:21:91:70:9D:EC,LAB-DIDATICO,22,863.2393476963043,B2-01,1,3
1181,34:60:F9:A3:D9:14,GASWIFI-2G_C2,17,863.2393476963043,B2-01,1,3
1182,34:60:F9:A3:E7:3F,GASWIFI_C4,32,863.2393476963043,B2-01,1,3
1183,34:CE:00:51:3E:6F,Lab,49,863.2393476963043,B2-01,1,3
1184,34:CE:00:51:3E:70,Lab_5G,10,863.2393476963043,B2-01,1,3
1185,3A:60:F9:A3:D9:14,,15,863.2393476963043,B2-01,1,3
1186,44:D2:44:DC:2E:01,PROJETOR_B2-06-EC89sIpciG1AUef,35,863.2393476963043,B2-01,1,3
1187,54:B8:0A:AA:2C:8C,LAB_DIGITAL,37,863.2393476963043,B2-01,1,3
1188,54:B8:0A:AA:2C:8D,PCS-Wireless,15,863.2393476963043,B2-01,1,3
1189,54:F0:B1:A1:18:D0,eduroam,20,863.2393476963043,B2-01,1,3
1190,54:F0:B1:A1:18:D2,,24,863.2393476963043,B2-01,1,3
1191,54:F0:B1:A1:18:D3,MEZANINO,19,863.2393476963043,B2-01,1,3
1192,54:F0:B1:A1:18:D4,GDLAB,27,863.2393476963043,B2-01,1,3
1193,54:F0:B1:A1:18:D5,LABPAD,22,863.2393476963043,B2-01,1,3
1194,54:F0:B1:A1:57:F0,eduroam,15,863.2393476963043,B2-01,1,3
1195,54:F0:B1:A1:57:F1,PoliSemFio,14,863.2393476963043,B2-01,1,3
1196,54:F0:B1:A1:58:00,eduroam,39,863.2393476963043,B2-01,1,3
1197,54:F0:B1:A1:58:01,PoliSemFio,45,863.2393476963043,B2-01,1,3
1198,54:F0:B1:A1:58:02,,45,863.2393476963043,B2-01,1,3
1199,54:F0:B1:A2:56:60,eduroam,17,863.2393476963043,B2-01,1,3
1200,54:F0:B1:A2:56:61,PoliSemFio,19,863.2393476963043,B2-01,1,3
1201,54:F0:B1:A2:56:70,eduroam,19,863.2393476963043,B2-01,1,3
1202,54:F0:B1:A2:56:71,PoliSemFio,34,863.2393476963043,B2-01,1,3
1203,54:F0:B1:A2:56:72,,34,863.2393476963043,B2-01,1,3
1204,54:F0:B1:A2:57:33,LCA,15,863.2393476963043,B2-01,1,3
1205,54:F0:B1:BB:5A:80,eduroam,29,863.2393476963043,B2-01,1,3
1206,54:F0:B1:BB:5A:81,PoliSemFio,40,863.2393476963043,B2-01,1,3
1207,54:F0:B1:BB:5A:82,HACKER,32,863.2393476963043,B2-01,1,3
1208,54:F0:B1:BB:5A:83,LEP,34,863.2393476963043,B2-01,1,3
1209,54:F0:B1:BB:84:B0,eduroam,19,863.2393476963043,B2-01,1,3
1210,54:F0:B1:BB:BE:10,eduroam,27,863.2393476963043,B2-01,1,3
1211,54:F0:B1:BB:BE:12,,32,863.2393476963043,B2-01,1,3
1212,54:F0:B1:BB:BE:13,CAEEL,20,863.2393476963043,B2-01,1,3
1213,54:F0:B1:BB:C4:D0,eduroam,72,863.2393476963043,B2-01,1,3
1214,54:F0:B1:BB:C4:D1,PoliSemFio,72,863.2393476963043,B2-01,1,3
1215,54:F0:B1:BB:C4:D2,,74,863.2393476963043,B2-01,1,3
1216,54:F0:B1:BB:C4:F0,eduroam,37,863.2393476963043,B2-01,1,3
1217,54:F0:B1:BB:C4:F1,PoliSemFio,37,863.2393476963043,B2-01,1,3
1218,54:F0:B1:BB:C4:F2,,47,863.2393476963043,B2-01,1,3
1219,54:F0:B1:BB:F3:20,eduroam,25,863.2393476963043,B2-01,1,3
1220,54:F0:B1:BB:F3:21,PoliSemFio,27,863.2393476963043,B2-01,1,3
1221,54:F0:B1:BC:09:40,eduroam,89,863.2393476963043,B2-01,1,3
1222,54:F0:B1:BC:09:41,PoliSemFio,87,863.2393476963043,B2-01,1,3
1223,54:F0:B1:BC:09:42,,87,863.2393476963043,B2-01,1,3
1224,54:F0:B1:BC:09:60,eduroam,62,863.2393476963043,B2-01,1,3
1225,54:F0:B1:BC:09:61,PoliSemFio,62,863.2393476963043,B2-01,1,3
1226,54:F0:B1:BC:1B:D0,eduroam,67,863.2393476963043,B2-01,1,3
1227,54:F0:B1:BC:1B:D1,PoliSemFio,64,863.2393476963043,B2-01,1,3
1228,54:F0:B1:BC:1B:D2,,64,863.2393476963043,B2-01,1,3
1229,54:F0:B1:BC:1B:F0,eduroam,32,863.2393476963043,B2-01,1,3
1230,54:F0:B1:BC:1B:F1,PoliSemFio,34,863.2393476963043,B2-01,1,3
1231,54:F0:B1:BC:2E:90,eduroam,50,863.2393476963043,B2-01,1,3
1232,54:F0:B1:BC:2E:91,PoliSemFio,57,863.2393476963043,B2-01,1,3
1233,54:F0:B1:BC:2E:92,,57,863.2393476963043,B2-01,1,3
1234,54:F0:B1:BC:2E:B0,eduroam,27,863.2393476963043,B2-01,1,3
1235,54:F0:B1:BC:2E:B1,PoliSemFio,29,863.2393476963043,B2-01,1,3
1236,54:F0:B1:BC:2F:50,eduroam,14,863.2393476963043,B2-01,1,3
1237,54:F0:B1:BC:3F:10,eduroam,37,863.2393476963043,B2-01,1,3
1238,54:F0:B1:BC:3F:11,PoliSemFio,37,863.2393476963043,B2-01,1,3
1239,54:F0:B1:BC:3F:12,,37,863.2393476963043,B2-01,1,3
1240,54:F0:B1:BC:70:00,eduroam,45,863.2393476963043,B2-01,1,3
1241,54:F0:B1:BC:70:01,PoliSemFio,45,863.2393476963043,B2-01,1,3
1242,54:F0:B1:BC:70:02,,45,863.2393476963043,B2-01,1,3
1243,54:F0:B1:BC:70:20,eduroam,17,863.2393476963043,B2-01,1,3
1244,54:F0:B1:BC:70:21,PoliSemFio,17,863.2393476963043,B2-01,1,3
1245,54:F0:B1:BC:77:80,eduroam,22,863.2393476963043,B2-01,1,3
1246,54:F0:B1:BC:77:81,PoliSemFio,45,863.2393476963043,B2-01,1,3
1247,54:F0:B1:BC:77:82,,45,863.2393476963043,B2-01,1,3
1248,54:F0:B1:BC:77:A0,eduroam,14,863.2393476963043,B2-01,1,3
1249,54:F0:B1:BC:77:A1,PoliSemFio,14,863.2393476963043,B2-01,1,3
1250,54:F0:B1:BC:77:A2,,24,863.2393476963043,B2-01,1,3
1251,68:FF:7B:47:78:BE,C1-22M,25,863.2393476963043,B2-01,1,3
1252,70:62:B8:6E:72:A0,PCS-wireless-C1-13,19,863.2393476963043,B2-01,1,3
1253,70:62:B8:6E:72:A1,PPGEE,32,863.2393476963043,B2-01,1,3
1254,84:D4:7E:06:4F:E0,eduroam,52,863.2393476963043,B2-01,1,3
1255,84:D4:7E:06:4F:E1,PoliSemFio,44,863.2393476963043,B2-01,1,3
1256,84:D4:7E:06:4F:E2,,44,863.2393476963043,B2-01,1,3
1257,84:D4:7E:06:4F:F0,eduroam,15,863.2393476963043,B2-01,1,3
1258,DC:9F:DB:1C:1F:D7,LWN-3,20,863.2393476963043,B2-01,1,3
1259,DC:9F:DB:1C:1F:E0,LWN-3,24,863.2393476963043,B2-01,1,3
1260,DE:9F:DB:1C:1F:D7,LARC Guest,30,863.2393476963043,B2-01,1,3
1261,DE:9F:DB:1C:1F:E0,LARC Guest,30,863.2393476963043,B2-01,1,3
1262,EE:9F:DB:1C:1F:D7,,27,863.2393476963043,B2-01,1,3
1263,EE:9F:DB:1C:1F:E0,,24,863.2393476963043,B2-01,1,3
1264,FE:9F:DB:1C:1F:D7,,29,863.2393476963043,B2-01,1,3
1265,FE:9F:DB:1C:1F:E0,,47,863.2393476963043,B2-01,1,3
1266,00:21:91:70:9D:EC,LAB-DIDATICO,22,869.4956679344177,B2-01,1,3
1267,34:60:F9:A3:D9:14,GASWIFI-2G_C2,17,869.4956679344177,B2-01,1,3
1268,34:60:F9:A3:E7:3F,GASWIFI_C4,32,869.4956679344177,B2-01,1,3
1269,34:CE:00:51:3E:6F,Lab,49,869.4956679344177,B2-01,1,3
1270,34:CE:00:51:3E:70,Lab_5G,10,869.4956679344177,B2-01,1,3
1271,3A:60:F9:A3:D9:14,,15,869.4956679344177,B2-01,1,3
1272,44:D2:44:DC:2E:01,PROJETOR_B2-06-EC89sIpciG1AUef,35,869.4956679344177,B2-01,1,3
1273,54:B8:0A:AA:2C:8C,LAB_DIGITAL,37,869.4956679344177,B2-01,1,3
1274,54:B8:0A:AA:2C:8D,PCS-Wireless,15,869.4956679344177,B2-01,1,3
1275,54:F0:B1:A1:18:D0,eduroam,20,869.4956679344177,B2-01,1,3
1276,54:F0:B1:A1:18:D2,,24,869.4956679344177,B2-01,1,3
1277,54:F0:B1:A1:18:D3,MEZANINO,19,869.4956679344177,B2-01,1,3
1278,54:F0:B1:A1:18:D4,GDLAB,27,869.4956679344177,B2-01,1,3
1279,54:F0:B1:A1:18:D5,LABPAD,22,869.4956679344177,B2-01,1,3
1280,54:F0:B1:A1:57:F0,eduroam,15,869.4956679344177,B2-01,1,3
1281,54:F0:B1:A1:57:F1,PoliSemFio,14,869.4956679344177,B2-01,1,3
1282,54:F0:B1:A1:58:00,eduroam,39,869.4956679344177,B2-01,1,3
1283,54:F0:B1:A1:58:01,PoliSemFio,45,869.4956679344177,B2-01,1,3
1284,54:F0:B1:A1:58:02,,45,869.4956679344177,B2-01,1,3
1285,54:F0:B1:A2:56:60,eduroam,17,869.4956679344177,B2-01,1,3
1286,54:F0:B1:A2:56:61,PoliSemFio,19,869.4956679344177,B2-01,1,3
1287,54:F0:B1:A2:56:70,eduroam,19,869.4956679344177,B2-01,1,3
1288,54:F0:B1:A2:56:71,PoliSemFio,34,869.4956679344177,B2-01,1,3
1289,54:F0:B1:A2:56:72,,34,869.4956679344177,B2-01,1,3
1290,54:F0:B1:A2:57:33,LCA,15,869.4956679344177,B2-01,1,3
1291,54:F0:B1:BB:5A:80,eduroam,29,869.4956679344177,B2-01,1,3
1292,54:F0:B1:BB:5A:81,PoliSemFio,40,869.4956679344177,B2-01,1,3
1293,54:F0:B1:BB:5A:82,HACKER,32,869.4956679344177,B2-01,1,3
1294,54:F0:B1:BB:5A:83,LEP,34,869.4956679344177,B2-01,1,3
1295,54:F0:B1:BB:84:B0,eduroam,19,869.4956679344177,B2-01,1,3
1296,54:F0:B1:BB:BE:10,eduroam,27,869.4956679344177,B2-01,1,3
1297,54:F0:B1:BB:BE:12,,32,869.4956679344177,B2-01,1,3
1298,54:F0:B1:BB:BE:13,CAEEL,20,869.4956679344177,B2-01,1,3
1299,54:F0:B1:BB:C4:D0,eduroam,72,869.4956679344177,B2-01,1,3
1300,54:F0:B1:BB:C4:D1,PoliSemFio,72,869.4956679344177,B2-01,1,3
1301,54:F0:B1:BB:C4:D2,,74,869.4956679344177,B2-01,1,3
1302,54:F0:B1:BB:C4:F0,eduroam,37,869.4956679344177,B2-01,1,3
1303,54:F0:B1:BB:C4:F1,PoliSemFio,37,869.4956679344177,B2-01,1,3
1304,54:F0:B1:BB:C4:F2,,47,869.4956679344177,B2-01,1,3
1305,54:F0:B1:BB:F3:20,eduroam,25,869.4956679344177,B2-01,1,3
1306,54:F0:B1:BB:F3:21,PoliSemFio,27,869.4956679344177,B2-01,1,3
1307,54:F0:B1:BC:09:40,eduroam,89,869.4956679344177,B2-01,1,3
1308,54:F0:B1:BC:09:41,PoliSemFio,87,869.4956679344177,B2-01,1,3
1309,54:F0:B1:BC:09:42,,87,869.4956679344177,B2-01,1,3
1310,54:F0:B1:BC:09:60,eduroam,69,869.4956679344177,B2-01,1,3
1311,54:F0:B1:BC:09:61,PoliSemFio,62,869.4956679344177,B2-01,1,3
1312,54:F0:B1:BC:1B:D0,eduroam,67,869.4956679344177,B2-01,1,3
1313,54:F0:B1:BC:1B:D1,PoliSemFio,64,869.4956679344177,B2-01,1,3
1314,54:F0:B1:BC:1B:D2,,64,869.4956679344177,B2-01,1,3
1315,54:F0:B1:BC:1B:F0,eduroam,32,869.4956679344177,B2-01,1,3
1316,54:F0:B1:BC:1B:F1,PoliSemFio,34,869.4956679344177,B2-01,1,3
1317,54:F0:B1:BC:2E:90,eduroam,50,869.4956679344177,B2-01,1,3
1318,54:F0:B1:BC:2E:91,PoliSemFio,57,869.4956679344177,B2-01,1,3
1319,54:F0:B1:BC:2E:92,,57,869.4956679344177,B2-01,1,3
1320,54:F0:B1:BC:2E:B0,eduroam,27,869.4956679344177,B2-01,1,3
1321,54:F0:B1:BC:2E:B1,PoliSemFio,29,869.4956679344177,B2-01,1,3
1322,54:F0:B1:BC:2F:50,eduroam,14,869.4956679344177,B2-01,1,3
1323,54:F0:B1:BC:3F:10,eduroam,37,869.4956679344177,B2-01,1,3
1324,54:F0:B1:BC:3F:11,PoliSemFio,37,869.4956679344177,B2-01,1,3
1325,54:F0:B1:BC:3F:12,,37,869.4956679344177,B2-01,1,3
1326,54:F0:B1:BC:70:00,eduroam,45,869.4956679344177,B2-01,1,3
1327,54:F0:B1:BC:70:01,PoliSemFio,45,869.4956679344177,B2-01,1,3
1328,54:F0:B1:BC:70:02,,45,869.4956679344177,B2-01,1,3
1329,54:F0:B1:BC:70:20,eduroam,17,869.4956679344177,B2-01,1,3
1330,54:F0:B1:BC:70:21,PoliSemFio,17,869.4956679344177,B2-01,1,3
1331,54:F0:B1:BC:77:80,eduroam,22,869.4956679344177,B2-01,1,3
1332,54:F0:B1:BC:77:81,PoliSemFio,45,869.4956679344177,B2-01,1,3
1333,54:F0:B1:BC:77:82,,45,869.4956679344177,B2-01,1,3
1334,54:F0:B1:BC:77:A0,eduroam,14,869.4956679344177,B2-01,1,3
1335,54:F0:B1:BC:77:A1,PoliSemFio,14,869.4956679344177,B2-01,1,3
1336,54:F0:B1:BC:77:A2,,24,869.4956679344177,B2-01,1,3
1337,68:FF:7B:47:78:BE,C1-22M,25,869.4956679344177,B2-01,1,3
1338,70:62:B8:6E:72:A0,PCS-wireless-C1-13,19,869.4956679344177,B2-01,1,3
1339,70:62:B8:6E:72:A1,PPGEE,32,869.4956679344177,B2-01,1,3
1340,84:D4:7E:06:4F:E0,eduroam,52,869.4956679344177,B2-01,1,3
1341,84:D4:7E:06:4F:E1,PoliSemFio,44,869.4956679344177,B2-01,1,3
1342,84:D4:7E:06:4F:E2,,44,869.4956679344177,B2-01,1,3
1343,84:D4:7E:06:4F:F0,eduroam,15,869.4956679344177,B2-01,1,3
1344,DC:9F:DB:1C:1F:D7,LWN-3,20,869.4956679344177,B2-01,1,3
1345,DC:9F:DB:1C:1F:E0,LWN-3,24,869.4956679344177,B2-01,1,3
1346,DE:9F:DB:1C:1F:D7,LARC Guest,30,869.4956679344177,B2-01,1,3
1347,DE:9F:DB:1C:1F:E0,LARC Guest,30,869.4956679344177,B2-01,1,3
1348,EE:9F:DB:1C:1F:D7,,27,869.4956679344177,B2-01,1,3
1349,EE:9F:DB:1C:1F:E0,,24,869.4956679344177,B2-01,1,3
1350,FE:9F:DB:1C:1F:D7,,29,869.4956679344177,B2-01,1,3
1351,FE:9F:DB:1C:1F:E0,,47,869.4956679344177,B2-01,1,3
1352,00:21:91:70:9D:EC,LAB-DIDATICO,22,872.1171231269836,B2-01,1,3
1353,34:60:F9:A3:D9:14,GASWIFI-2G_C2,25,872.1171231269836,B2-01,1,3
1354,34:60:F9:A3:E7:3F,GASWIFI_C4,32,872.1171231269836,B2-01,1,3
1355,34:CE:00:51:3E:6F,Lab,49,872.1171231269836,B2-01,1,3
1356,34:CE:00:51:3E:70,Lab_5G,35,872.1171231269836,B2-01,1,3
1357,3A:60:F9:A3:D9:14,,15,872.1171231269836,B2-01,1,3
1358,44:D2:44:DC:2E:01,PROJETOR_B2-06-EC89sIpciG1AUef,54,872.1171231269836,B2-01,1,3
1359,54:B8:0A:AA:2C:8C,LAB_DIGITAL,37,872.1171231269836,B2-01,1,3
1360,54:B8:0A:AA:2C:8D,PCS-Wireless,15,872.1171231269836,B2-01,1,3
1361,54:F0:B1:A1:18:C3,MEZANINO,10,872.1171231269836,B2-01,1,3
1362,54:F0:B1:A1:18:C4,GDLAB,10,872.1171231269836,B2-01,1,3
1363,54:F0:B1:A1:18:C5,LABPAD,10,872.1171231269836,B2-01,1,3
1364,54:F0:B1:A1:18:D0,eduroam,20,872.1171231269836,B2-01,1,3
1365,54:F0:B1:A1:18:D1,PoliSemFio,24,872.1171231269836,B2-01,1,3
1366,54:F0:B1:A1:18:D2,,24,872.1171231269836,B2-01,1,3
1367,54:F0:B1:A1:18:D3,MEZANINO,32,872.1171231269836,B2-01,1,3
1368,54:F0:B1:A1:18:D4,GDLAB,29,872.1171231269836,B2-01,1,3
1369,54:F0:B1:A1:18:D5,LABPAD,22,872.1171231269836,B2-01,1,3
1370,54:F0:B1:A1:57:F0,eduroam,15,872.1171231269836,B2-01,1,3
1371,54:F0:B1:A1:57:F1,PoliSemFio,14,872.1171231269836,B2-01,1,3
1372,54:F0:B1:A1:58:00,eduroam,39,872.1171231269836,B2-01,1,3
1373,54:F0:B1:A1:58:01,PoliSemFio,45,872.1171231269836,B2-01,1,3
1374,54:F0:B1:A1:58:02,,30,872.1171231269836,B2-01,1,3
1375,54:F0:B1:A2:56:60,eduroam,17,872.1171231269836,B2-01,1,3
1376,54:F0:B1:A2:56:61,PoliSemFio,19,872.1171231269836,B2-01,1,3
1377,54:F0:B1:A2:56:70,eduroam,19,872.1171231269836,B2-01,1,3
1378,54:F0:B1:A2:56:71,PoliSemFio,34,872.1171231269836,B2-01,1,3
1379,54:F0:B1:A2:56:72,,34,872.1171231269836,B2-01,1,3
1380,54:F0:B1:A2:57:33,LCA,15,872.1171231269836,B2-01,1,3
1381,54:F0:B1:BB:5A:80,eduroam,29,872.1171231269836,B2-01,1,3
1382,54:F0:B1:BB:5A:81,PoliSemFio,40,872.1171231269836,B2-01,1,3
1383,54:F0:B1:BB:5A:82,HACKER,34,872.1171231269836,B2-01,1,3
1384,54:F0:B1:BB:5A:83,LEP,34,872.1171231269836,B2-01,1,3
1385,54:F0:B1:BB:84:B0,eduroam,19,872.1171231269836,B2-01,1,3
1386,54:F0:B1:BB:BE:10,eduroam,27,872.1171231269836,B2-01,1,3
1387,54:F0:B1:BB:BE:12,,27,872.1171231269836,B2-01,1,3
1388,54:F0:B1:BB:BE:13,CAEEL,20,872.1171231269836,B2-01,1,3
1389,54:F0:B1:BB:C4:D0,eduroam,64,872.1171231269836,B2-01,1,3
1390,54:F0:B1:BB:C4:D1,PoliSemFio,82,872.1171231269836,B2-01,1,3
1391,54:F0:B1:BB:C4:D2,,82,872.1171231269836,B2-01,1,3
1392,54:F0:B1:BB:C4:F0,eduroam,39,872.1171231269836,B2-01,1,3
1393,54:F0:B1:BB:C4:F1,PoliSemFio,39,872.1171231269836,B2-01,1,3
1394,54:F0:B1:BB:C4:F2,,39,872.1171231269836,B2-01,1,3
1395,54:F0:B1:BB:C5:C3,MEZANINO,5,872.1171231269836,B2-01,1,3
1396,54:F0:B1:BB:F3:20,eduroam,25,872.1171231269836,B2-01,1,3
1397,54:F0:B1:BB:F3:21,PoliSemFio,27,872.1171231269836,B2-01,1,3
1398,54:F0:B1:BC:09:40,eduroam,99,872.1171231269836,B2-01,1,3
1399,54:F0:B1:BC:09:41,PoliSemFio,87,872.1171231269836,B2-01,1,3
1400,54:F0:B1:BC:09:42,,87,872.1171231269836,B2-01,1,3
1401,54:F0:B1:BC:09:60,eduroam,62,872.1171231269836,B2-01,1,3
1402,54:F0:B1:BC:09:61,PoliSemFio,72,872.1171231269836,B2-01,1,3
1403,54:F0:B1:BC:1B:D0,eduroam,67,872.1171231269836,B2-01,1,3
1404,54:F0:B1:BC:1B:D1,PoliSemFio,67,872.1171231269836,B2-01,1,3
1405,54:F0:B1:BC:1B:D2,,64,872.1171231269836,B2-01,1,3
1406,54:F0:B1:BC:1B:F0,eduroam,34,872.1171231269836,B2-01,1,3
1407,54:F0:B1:BC:1B:F1,PoliSemFio,34,872.1171231269836,B2-01,1,3
1408,54:F0:B1:BC:2E:90,eduroam,62,872.1171231269836,B2-01,1,3
1409,54:F0:B1:BC:2E:91,PoliSemFio,57,872.1171231269836,B2-01,1,3
1410,54:F0:B1:BC:2E:92,,57,872.1171231269836,B2-01,1,3
1411,54:F0:B1:BC:2E:B0,eduroam,29,872.1171231269836,B2-01,1,3
1412,54:F0:B1:BC:2E:B1,PoliSemFio,29,872.1171231269836,B2-01,1,3
1413,54:F0:B1:BC:3F:10,eduroam,44,872.1171231269836,B2-01,1,3
1414,54:F0:B1:BC:3F:11,PoliSemFio,37,872.1171231269836,B2-01,1,3
1415,54:F0:B1:BC:3F:12,,35,872.1171231269836,B2-01,1,3
1416,54:F0:B1:BC:70:00,eduroam,59,872.1171231269836,B2-01,1,3
1417,54:F0:B1:BC:70:01,PoliSemFio,54,872.1171231269836,B2-01,1,3
1418,54:F0:B1:BC:70:20,eduroam,17,872.1171231269836,B2-01,1,3
1419,54:F0:B1:BC:70:21,PoliSemFio,17,872.1171231269836,B2-01,1,3
1420,54:F0:B1:BC:77:80,eduroam,22,872.1171231269836,B2-01,1,3
1421,54:F0:B1:BC:77:81,PoliSemFio,45,872.1171231269836,B2-01,1,3
1422,54:F0:B1:BC:77:82,,42,872.1171231269836,B2-01,1,3
1423,54:F0:B1:BC:77:A0,eduroam,29,872.1171231269836,B2-01,1,3
1424,54:F0:B1:BC:77:A1,PoliSemFio,27,872.1171231269836,B2-01,1,3
1425,68:FF:7B:47:78:BE,C1-22M,39,872.1171231269836,B2-01,1,3
1426,70:62:B8:6E:72:A0,PCS-wireless-C1-13,19,872.1171231269836,B2-01,1,3
1427,70:62:B8:6E:72:A1,PPGEE,32,872.1171231269836,B2-01,1,3
1428,84:D4:7E:06:4F:E0,eduroam,49,872.1171231269836,B2-01,1,3
1429,84:D4:7E:06:4F:E1,PoliSemFio,55,872.1171231269836,B2-01,1,3
1430,84:D4:7E:06:4F:E2,,54,872.1171231269836,B2-01,1,3
1431,84:D4:7E:06:4F:F0,eduroam,20,872.1171231269836,B2-01,1,3
1432,84:D4:7E:06:4F:F1,PoliSemFio,20,872.1171231269836,B2-01,1,3
1433,84:D4:7E:06:4F:F2,,19,872.1171231269836,B2-01,1,3
1434,DC:9F:DB:1C:1F:D7,LWN-3,17,872.1171231269836,B2-01,1,3
1435,DC:9F:DB:1C:1F:E0,LWN-3,37,872.1171231269836,B2-01,1,3
1436,DE:9F:DB:1C:1F:D7,LARC Guest,30,872.1171231269836,B2-01,1,3
1437,DE:9F:DB:1C:1F:E0,LARC Guest,40,872.1171231269836,B2-01,1,3
1438,EE:9F:DB:1C:1F:D7,,27,872.1171231269836,B2-01,1,3
1439,EE:9F:DB:1C:1F:E0,,24,872.1171231269836,B2-01,1,3
1440,F8:1A:67:99:55:8E,NUCLEAR_CHF,24,872.1171231269836,B2-01,1,3
1441,FE:9F:DB:1C:1F:D7,,29,872.1171231269836,B2-01,1,3
1442,FE:9F:DB:1C:1F:E0,,37,872.1171231269836,B2-01,1,3
1443,00:21:91:70:9D:EC,LAB-DIDATICO,22,874.753723859787,B2-01,1,3
1444,34:60:F9:A3:D9:14,GASWIFI-2G_C2,25,874.753723859787,B2-01,1,3
1445,34:60:F9:A3:E7:3F,GASWIFI_C4,32,874.753723859787,B2-01,1,3
1446,34:CE:00:51:3E:6F,Lab,49,874.753723859787,B2-01,1,3
1447,34:CE:00:51:3E:70,Lab_5G,35,874.753723859787,B2-01,1,3
1448,3A:60:F9:A3:D9:14,,15,874.753723859787,B2-01,1,3
1449,44:D2:44:DC:2E:01,PROJETOR_B2-06-EC89sIpciG1AUef,54,874.753723859787,B2-01,1,3
1450,54:B8:0A:AA:2C:8C,LAB_DIGITAL,37,874.753723859787,B2-01,1,3
1451,54:B8:0A:AA:2C:8D,PCS-Wireless,15,874.753723859787,B2-01,1,3
1452,54:F0:B1:A1:18:C3,MEZANINO,10,874.753723859787,B2-01,1,3
1453,54:F0:B1:A1:18:C4,GDLAB,10,874.753723859787,B2-01,1,3
1454,54:F0:B1:A1:18:C5,LABPAD,10,874.753723859787,B2-01,1,3
1455,54:F0:B1:A1:18:D0,eduroam,20,874.753723859787,B2-01,1,3
1456,54:F0:B1:A1:18:D1,PoliSemFio,24,874.753723859787,B2-01,1,3
1457,54:F0:B1:A1:18:D2,,24,874.753723859787,B2-01,1,3
1458,54:F0:B1:A1:18:D3,MEZANINO,32,874.753723859787,B2-01,1,3
1459,54:F0:B1:A1:18:D4,GDLAB,29,874.753723859787,B2-01,1,3
1460,54:F0:B1:A1:18:D5,LABPAD,22,874.753723859787,B2-01,1,3
1461,54:F0:B1:A1:57:F0,eduroam,15,874.753723859787,B2-01,1,3
1462,54:F0:B1:A1:57:F1,PoliSemFio,14,874.753723859787,B2-01,1,3
1463,54:F0:B1:A1:58:00,eduroam,39,874.753723859787,B2-01,1,3
1464,54:F0:B1:A1:58:01,PoliSemFio,45,874.753723859787,B2-01,1,3
1465,54:F0:B1:A1:58:02,,30,874.753723859787,B2-01,1,3
1466,54:F0:B1:A2:56:60,eduroam,17,874.753723859787,B2-01,1,3
1467,54:F0:B1:A2:56:61,PoliSemFio,19,874.753723859787,B2-01,1,3
1468,54:F0:B1:A2:56:70,eduroam,19,874.753723859787,B2-01,1,3
1469,54:F0:B1:A2:56:71,PoliSemFio,34,874.753723859787,B2-01,1,3
1470,54:F0:B1:A2:56:72,,34,874.753723859787,B2-01,1,3
1471,54:F0:B1:A2:57:33,LCA,15,874.753723859787,B2-01,1,3
1472,54:F0:B1:BB:5A:80,eduroam,29,874.753723859787,B2-01,1,3
1473,54:F0:B1:BB:5A:81,PoliSemFio,40,874.753723859787,B2-01,1,3
1474,54:F0:B1:BB:5A:82,HACKER,34,874.753723859787,B2-01,1,3
1475,54:F0:B1:BB:5A:83,LEP,34,874.753723859787,B2-01,1,3
1476,54:F0:B1:BB:84:B0,eduroam,19,874.753723859787,B2-01,1,3
1477,54:F0:B1:BB:BE:10,eduroam,27,874.753723859787,B2-01,1,3
1478,54:F0:B1:BB:BE:12,,27,874.753723859787,B2-01,1,3
1479,54:F0:B1:BB:BE:13,CAEEL,20,874.753723859787,B2-01,1,3
1480,54:F0:B1:BB:C4:D0,eduroam,64,874.753723859787,B2-01,1,3
1481,54:F0:B1:BB:C4:D1,PoliSemFio,82,874.753723859787,B2-01,1,3
1482,54:F0:B1:BB:C4:D2,,82,874.753723859787,B2-01,1,3
1483,54:F0:B1:BB:C4:F0,eduroam,39,874.753723859787,B2-01,1,3
1484,54:F0:B1:BB:C4:F1,PoliSemFio,39,874.753723859787,B2-01,1,3
1485,54:F0:B1:BB:C4:F2,,39,874.753723859787,B2-01,1,3
1486,54:F0:B1:BB:C5:C3,MEZANINO,5,874.753723859787,B2-01,1,3
1487,54:F0:B1:BB:F3:20,eduroam,25,874.753723859787,B2-01,1,3
1488,54:F0:B1:BB:F3:21,PoliSemFio,27,874.753723859787,B2-01,1,3
1489,54:F0:B1:BC:09:40,eduroam,99,874.753723859787,B2-01,1,3
1490,54:F0:B1:BC:09:41,PoliSemFio,87,874.753723859787,B2-01,1,3
1491,54:F0:B1:BC:09:42,,87,874.753723859787,B2-01,1,3
1492,54:F0:B1:BC:09:60,eduroam,68,874.753723859787,B2-01,1,3
1493,54:F0:B1:BC:09:61,PoliSemFio,72,874.753723859787,B2-01,1,3
1494,54:F0:B1:BC:1B:D0,eduroam,67,874.753723859787,B2-01,1,3
1495,54:F0:B1:BC:1B:D1,PoliSemFio,67,874.753723859787,B2-01,1,3
1496,54:F0:B1:BC:1B:D2,,64,874.753723859787,B2-01,1,3
1497,54:F0:B1:BC:1B:F0,eduroam,34,874.753723859787,B2-01,1,3
1498,54:F0:B1:BC:1B:F1,PoliSemFio,34,874.753723859787,B2-01,1,3
1499,54:F0:B1:BC:2E:90,eduroam,62,874.753723859787,B2-01,1,3
1500,54:F0:B1:BC:2E:91,PoliSemFio,57,874.753723859787,B2-01,1,3
1501,54:F0:B1:BC:2E:92,,57,874.753723859787,B2-01,1,3
1502,54:F0:B1:BC:2E:B0,eduroam,29,874.753723859787,B2-01,1,3
1503,54:F0:B1:BC:2E:B1,PoliSemFio,29,874.753723859787,B2-01,1,3
1504,54:F0:B1:BC:3F:10,eduroam,44,874.753723859787,B2-01,1,3
1505,54:F0:B1:BC:3F:11,PoliSemFio,37,874.753723859787,B2-01,1,3
1506,54:F0:B1:BC:3F:12,,35,874.753723859787,B2-01,1,3
1507,54:F0:B1:BC:70:00,eduroam,59,874.753723859787,B2-01,1,3
1508,54:F0:B1:BC:70:01,PoliSemFio,54,874.753723859787,B2-01,1,3
1509,54:F0:B1:BC:70:20,eduroam,17,874.753723859787,B2-01,1,3
1510,54:F0:B1:BC:70:21,PoliSemFio,17,874.753723859787,B2-01,1,3
1511,54:F0:B1:BC:77:80,eduroam,22,874.753723859787,B2-01,1,3
1512,54:F0:B1:BC:77:81,PoliSemFio,45,874.753723859787,B2-01,1,3
1513,54:F0:B1:BC:77:82,,42,874.753723859787,B2-01,1,3
1514,54:F0:B1:BC:77:A0,eduroam,29,874.753723859787,B2-01,1,3
1515,54:F0:B1:BC:77:A1,PoliSemFio,27,874.753723859787,B2-01,1,3
1516,68:FF:7B:47:78:BE,C1-22M,39,874.753723859787,B2-01,1,3
1517,70:62:B8:6E:72:A0,PCS-wireless-C1-13,19,874.753723859787,B2-01,1,3
1518,70:62:B8:6E:72:A1,PPGEE,32,874.753723859787,B2-01,1,3
1519,84:D4:7E:06:4F:E0,eduroam,49,874.753723859787,B2-01,1,3
1520,84:D4:7E:06:4F:E1,PoliSemFio,55,874.753723859787,B2-01,1,3
1521,84:D4:7E:06:4F:E2,,54,874.753723859787,B2-01,1,3
1522,84:D4:7E:06:4F:F0,eduroam,20,874.753723859787,B2-01,1,3
1523,84:D4:7E:06:4F:F1,PoliSemFio,20,874.753723859787,B2-01,1,3
1524,84:D4:7E:06:4F:F2,,19,874.753723859787,B2-01,1,3
1525,DC:9F:DB:1C:1F:D7,LWN-3,17,874.753723859787,B2-01,1,3
1526,DC:9F:DB:1C:1F:E0,LWN-3,37,874.753723859787,B2-01,1,3
1527,DE:9F:DB:1C:1F:D7,LARC Guest,30,874.753723859787,B2-01,1,3
1528,DE:9F:DB:1C:1F:E0,LARC Guest,40,874.753723859787,B2-01,1,3
1529,EE:9F:DB:1C:1F:D7,,27,874.753723859787,B2-01,1,3
1530,EE:9F:DB:1C:1F:E0,,24,874.753723859787,B2-01,1,3
1531,F8:1A:67:99:55:8E,NUCLEAR_CHF,24,874.753723859787,B2-01,1,3
1532,FE:9F:DB:1C:1F:D7,,29,874.753723859787,B2-01,1,3
1533,FE:9F:DB:1C:1F:E0,,37,874.753723859787,B2-01,1,3
1534,00:21:91:70:9D:EC,LAB-DIDATICO,22,881.0093288421631,B2-01,1,3
1535,34:60:F9:A3:D9:14,GASWIFI-2G_C2,22,881.0093288421631,B2-01,1,3
1536,34:60:F9:A3:E7:3F,GASWIFI_C4,37,881.0093288421631,B2-01,1,3
1537,34:CE:00:51:3E:6F,Lab,47,881.0093288421631,B2-01,1,3
1538,34:CE:00:51:3E:70,Lab_5G,12,881.0093288421631,B2-01,1,3
1539,3A:60:F9:A3:D9:14,,15,881.0093288421631,B2-01,1,3
1540,44:D2:44:DC:2E:01,PROJETOR_B2-06-EC89sIpciG1AUef,30,881.0093288421631,B2-01,1,3
1541,54:B8:0A:AA:2C:8C,LAB_DIGITAL,37,881.0093288421631,B2-01,1,3
1542,54:B8:0A:AA:2C:8D,PCS-Wireless,15,881.0093288421631,B2-01,1,3
1543,54:F0:B1:A1:18:C3,MEZANINO,10,881.0093288421631,B2-01,1,3
1544,54:F0:B1:A1:18:C4,GDLAB,10,881.0093288421631,B2-01,1,3
1545,54:F0:B1:A1:18:C5,LABPAD,10,881.0093288421631,B2-01,1,3
1546,54:F0:B1:A1:18:D0,eduroam,20,881.0093288421631,B2-01,1,3
1547,54:F0:B1:A1:18:D1,PoliSemFio,24,881.0093288421631,B2-01,1,3
1548,54:F0:B1:A1:18:D2,,24,881.0093288421631,B2-01,1,3
1549,54:F0:B1:A1:18:D3,MEZANINO,32,881.0093288421631,B2-01,1,3
1550,54:F0:B1:A1:18:D4,GDLAB,29,881.0093288421631,B2-01,1,3
1551,54:F0:B1:A1:18:D5,LABPAD,22,881.0093288421631,B2-01,1,3
1552,54:F0:B1:A1:58:00,eduroam,32,881.0093288421631,B2-01,1,3
1553,54:F0:B1:A1:58:01,PoliSemFio,45,881.0093288421631,B2-01,1,3
1554,54:F0:B1:A1:58:02,,45,881.0093288421631,B2-01,1,3
1555,54:F0:B1:A2:56:60,eduroam,17,881.0093288421631,B2-01,1,3
1556,54:F0:B1:A2:56:61,PoliSemFio,19,881.0093288421631,B2-01,1,3
1557,54:F0:B1:A2:56:70,eduroam,24,881.0093288421631,B2-01,1,3
1558,54:F0:B1:A2:56:71,PoliSemFio,34,881.0093288421631,B2-01,1,3
1559,54:F0:B1:A2:56:72,,29,881.0093288421631,B2-01,1,3
1560,54:F0:B1:BB:5A:80,eduroam,29,881.0093288421631,B2-01,1,3
1561,54:F0:B1:BB:5A:81,PoliSemFio,40,881.0093288421631,B2-01,1,3
1562,54:F0:B1:BB:5A:82,HACKER,30,881.0093288421631,B2-01,1,3
1563,54:F0:B1:BB:5A:83,LEP,34,881.0093288421631,B2-01,1,3
1564,54:F0:B1:BB:84:B0,eduroam,19,881.0093288421631,B2-01,1,3
1565,54:F0:B1:BB:BE:10,eduroam,27,881.0093288421631,B2-01,1,3
1566,54:F0:B1:BB:BE:12,,30,881.0093288421631,B2-01,1,3
1567,54:F0:B1:BB:BE:13,CAEEL,19,881.0093288421631,B2-01,1,3
1568,54:F0:B1:BB:C4:D0,eduroam,70,881.0093288421631,B2-01,1,3
1569,54:F0:B1:BB:C4:D1,PoliSemFio,65,881.0093288421631,B2-01,1,3
1570,54:F0:B1:BB:C4:D2,,65,881.0093288421631,B2-01,1,3
1571,54:F0:B1:BB:C4:F0,eduroam,32,881.0093288421631,B2-01,1,3
1572,54:F0:B1:BB:C4:F1,PoliSemFio,39,881.0093288421631,B2-01,1,3
1573,54:F0:B1:BB:C4:F2,,39,881.0093288421631,B2-01,1,3
1574,54:F0:B1:BB:C5:C3,MEZANINO,5,881.0093288421631,B2-01,1,3
1575,54:F0:B1:BB:F3:20,eduroam,25,881.0093288421631,B2-01,1,3
1576,54:F0:B1:BB:F3:21,PoliSemFio,27,881.0093288421631,B2-01,1,3
1577,54:F0:B1:BC:09:40,eduroam,90,881.0093288421631,B2-01,1,3
1578,54:F0:B1:BC:09:41,PoliSemFio,89,881.0093288421631,B2-01,1,3
1579,54:F0:B1:BC:09:42,,89,881.0093288421631,B2-01,1,3
1580,54:F0:B1:BC:09:60,eduroam,52,881.0093288421631,B2-01,1,3
1581,54:F0:B1:BC:09:61,PoliSemFio,54,881.0093288421631,B2-01,1,3
1582,54:F0:B1:BC:1B:D0,eduroam,64,881.0093288421631,B2-01,1,3
1583,54:F0:B1:BC:1B:D1,PoliSemFio,65,881.0093288421631,B2-01,1,3
1584,54:F0:B1:BC:1B:D2,,65,881.0093288421631,B2-01,1,3
1585,54:F0:B1:BC:1B:F0,eduroam,34,881.0093288421631,B2-01,1,3
1586,54:F0:B1:BC:1B:F1,PoliSemFio,34,881.0093288421631,B2-01,1,3
1587,54:F0:B1:BC:2E:90,eduroam,62,881.0093288421631,B2-01,1,3
1588,54:F0:B1:BC:2E:91,PoliSemFio,57,881.0093288421631,B2-01,1,3
1589,54:F0:B1:BC:2E:92,,55,881.0093288421631,B2-01,1,3
1590,54:F0:B1:BC:2E:B0,eduroam,24,881.0093288421631,B2-01,1,3
1591,54:F0:B1:BC:2E:B1,PoliSemFio,24,881.0093288421631,B2-01,1,3
1592,54:F0:B1:BC:3F:10,eduroam,44,881.0093288421631,B2-01,1,3
1593,54:F0:B1:BC:3F:11,PoliSemFio,37,881.0093288421631,B2-01,1,3
1594,54:F0:B1:BC:3F:12,,35,881.0093288421631,B2-01,1,3
1595,54:F0:B1:BC:70:00,eduroam,50,881.0093288421631,B2-01,1,3
1596,54:F0:B1:BC:70:01,PoliSemFio,42,881.0093288421631,B2-01,1,3
1597,54:F0:B1:BC:70:20,eduroam,12,881.0093288421631,B2-01,1,3
1598,54:F0:B1:BC:70:21,PoliSemFio,12,881.0093288421631,B2-01,1,3
1599,54:F0:B1:BC:77:80,eduroam,22,881.0093288421631,B2-01,1,3
1600,54:F0:B1:BC:77:81,PoliSemFio,32,881.0093288421631,B2-01,1,3
1601,54:F0:B1:BC:77:82,,32,881.0093288421631,B2-01,1,3
1602,54:F0:B1:BC:77:A0,eduroam,29,881.0093288421631,B2-01,1,3
1603,54:F0:B1:BC:77:A1,PoliSemFio,12,881.0093288421631,B2-01,1,3
1604,68:FF:7B:47:78:BE,C1-22M,22,881.0093288421631,B2-01,1,3
1605,70:62:B8:6E:72:A0,PCS-wireless-C1-13,29,881.0093288421631,B2-01,1,3
1606,70:62:B8:6E:72:A1,PPGEE,32,881.0093288421631,B2-01,1,3
1607,84:D4:7E:06:4F:E0,eduroam,50,881.0093288421631,B2-01,1,3
1608,84:D4:7E:06:4F:E1,PoliSemFio,45,881.0093288421631,B2-01,1,3
1609,84:D4:7E:06:4F:E2,,45,881.0093288421631,B2-01,1,3
1610,84:D4:7E:06:4F:F0,eduroam,19,881.0093288421631,B2-01,1,3
1611,84:D4:7E:06:4F:F1,PoliSemFio,20,881.0093288421631,B2-01,1,3
1612,84:D4:7E:06:4F:F2,,19,881.0093288421631,B2-01,1,3
1613,DC:9F:DB:1C:1F:D7,LWN-3,17,881.0093288421631,B2-01,1,3
1614,DC:9F:DB:1C:1F:E0,LWN-3,37,881.0093288421631,B2-01,1,3
1615,DE:9F:DB:1C:1F:D7,LARC Guest,30,881.0093288421631,B2-01,1,3
1616,DE:9F:DB:1C:1F:E0,LARC Guest,40,881.0093288421631,B2-01,1,3
1617,EE:9F:DB:1C:1F:D7,,27,881.0093288421631,B2-01,1,3
1618,EE:9F:DB:1C:1F:E0,,24,881.0093288421631,B2-01,1,3
1619,F8:1A:67:99:55:8E,NUCLEAR_CHF,24,881.0093288421631,B2-01,1,3
1620,FE:9F:DB:1C:1F:D7,,29,881.0093288421631,B2-01,1,3
1621,FE:9F:DB:1C:1F:E0,,37,881.0093288421631,B2-01,1,3
1622,00:21:91:70:9D:EC,LAB-DIDATICO,24,887.2426285743713,B2-01,1,3
1623,34:60:F9:A3:D9:14,GASWIFI-2G_C2,22,887.2426285743713,B2-01,1,3
1624,34:60:F9:A3:E7:3F,GASWIFI_C4,37,887.2426285743713,B2-01,1,3
1625,34:CE:00:51:3E:6F,Lab,60,887.2426285743713,B2-01,1,3
1626,34:CE:00:51:3E:70,Lab_5G,34,887.2426285743713,B2-01,1,3
1627,3A:60:F9:A3:D9:14,,15,887.2426285743713,B2-01,1,3
1628,44:D2:44:DC:2E:01,PROJETOR_B2-06-EC89sIpciG1AUef,30,887.2426285743713,B2-01,1,3
1629,54:B8:0A:AA:2C:8C,LAB_DIGITAL,34,887.2426285743713,B2-01,1,3
1630,54:B8:0A:AA:2C:8D,PCS-Wireless,35,887.2426285743713,B2-01,1,3
1631,54:F0:B1:A1:18:C3,MEZANINO,12,887.2426285743713,B2-01,1,3
1632,54:F0:B1:A1:18:C4,GDLAB,15,887.2426285743713,B2-01,1,3
1633,54:F0:B1:A1:18:C5,LABPAD,12,887.2426285743713,B2-01,1,3
1634,54:F0:B1:A1:18:D1,PoliSemFio,24,887.2426285743713,B2-01,1,3
1635,54:F0:B1:A1:18:D2,,20,887.2426285743713,B2-01,1,3
1636,54:F0:B1:A1:18:D3,MEZANINO,32,887.2426285743713,B2-01,1,3
1637,54:F0:B1:A1:18:D4,GDLAB,29,887.2426285743713,B2-01,1,3
1638,54:F0:B1:A1:58:00,eduroam,32,887.2426285743713,B2-01,1,3
1639,54:F0:B1:A1:58:01,PoliSemFio,29,887.2426285743713,B2-01,1,3
1640,54:F0:B1:A1:58:02,,45,887.2426285743713,B2-01,1,3
1641,54:F0:B1:A2:56:60,eduroam,17,887.2426285743713,B2-01,1,3
1642,54:F0:B1:A2:56:61,PoliSemFio,19,887.2426285743713,B2-01,1,3
1643,54:F0:B1:A2:56:70,eduroam,24,887.2426285743713,B2-01,1,3
1644,54:F0:B1:A2:56:71,PoliSemFio,24,887.2426285743713,B2-01,1,3
1645,54:F0:B1:A2:56:72,,29,887.2426285743713,B2-01,1,3
1646,54:F0:B1:BB:5A:80,eduroam,29,887.2426285743713,B2-01,1,3
1647,54:F0:B1:BB:5A:81,PoliSemFio,40,887.2426285743713,B2-01,1,3
1648,54:F0:B1:BB:5A:82,HACKER,39,887.2426285743713,B2-01,1,3
1649,54:F0:B1:BB:5A:83,LEP,42,887.2426285743713,B2-01,1,3
1650,54:F0:B1:BB:84:B0,eduroam,19,887.2426285743713,B2-01,1,3
1651,54:F0:B1:BB:BE:12,,30,887.2426285743713,B2-01,1,3
1652,54:F0:B1:BB:BE:13,CAEEL,12,887.2426285743713,B2-01,1,3
1653,54:F0:B1:BB:C4:D0,eduroam,55,887.2426285743713,B2-01,1,3
1654,54:F0:B1:BB:C4:D1,PoliSemFio,80,887.2426285743713,B2-01,1,3
1655,54:F0:B1:BB:C4:D2,,80,887.2426285743713,B2-01,1,3
1656,54:F0:B1:BB:C4:F0,eduroam,40,887.2426285743713,B2-01,1,3
1657,54:F0:B1:BB:C4:F1,PoliSemFio,40,887.2426285743713,B2-01,1,3
1658,54:F0:B1:BB:C4:F2,,39,887.2426285743713,B2-01,1,3
1659,54:F0:B1:BB:C5:C3,MEZANINO,12,887.2426285743713,B2-01,1,3
1660,54:F0:B1:BB:C5:C5,LABPAD,14,887.2426285743713,B2-01,1,3
1661,54:F0:B1:BB:F3:20,eduroam,25,887.2426285743713,B2-01,1,3
1662,54:F0:B1:BB:F3:21,PoliSemFio,29,887.2426285743713,B2-01,1,3
1663,54:F0:B1:BC:09:40,eduroam,99,887.2426285743713,B2-01,1,3
1664,54:F0:B1:BC:09:41,PoliSemFio,90,887.2426285743713,B2-01,1,3
1665,54:F0:B1:BC:09:42,,92,887.2426285743713,B2-01,1,3
1666,54:F0:B1:BC:09:60,eduroam,72,887.2426285743713,B2-01,1,3
1667,54:F0:B1:BC:09:61,PoliSemFio,54,887.2426285743713,B2-01,1,3
1668,54:F0:B1:BC:1B:D0,eduroam,64,887.2426285743713,B2-01,1,3
1669,54:F0:B1:BC:1B:D1,PoliSemFio,65,887.2426285743713,B2-01,1,3
1670,54:F0:B1:BC:1B:D2,,65,887.2426285743713,B2-01,1,3
1671,54:F0:B1:BC:1B:F0,eduroam,34,887.2426285743713,B2-01,1,3
1672,54:F0:B1:BC:1B:F1,PoliSemFio,34,887.2426285743713,B2-01,1,3
1673,54:F0:B1:BC:2E:90,eduroam,62,887.2426285743713,B2-01,1,3
1674,54:F0:B1:BC:2E:91,PoliSemFio,57,887.2426285743713,B2-01,1,3
1675,54:F0:B1:BC:2E:92,,55,887.2426285743713,B2-01,1,3
1676,54:F0:B1:BC:2E:B0,eduroam,29,887.2426285743713,B2-01,1,3
1677,54:F0:B1:BC:2E:B1,PoliSemFio,29,887.2426285743713,B2-01,1,3
1678,54:F0:B1:BC:3F:10,eduroam,44,887.2426285743713,B2-01,1,3
1679,54:F0:B1:BC:3F:12,,35,887.2426285743713,B2-01,1,3
1680,54:F0:B1:BC:70:00,eduroam,55,887.2426285743713,B2-01,1,3
1681,54:F0:B1:BC:70:01,PoliSemFio,50,887.2426285743713,B2-01,1,3
1682,54:F0:B1:BC:70:02,,50,887.2426285743713,B2-01,1,3
1683,54:F0:B1:BC:70:20,eduroam,15,887.2426285743713,B2-01,1,3
1684,54:F0:B1:BC:70:21,PoliSemFio,15,887.2426285743713,B2-01,1,3
1685,54:F0:B1:BC:77:80,eduroam,39,887.2426285743713,B2-01,1,3
1686,54:F0:B1:BC:77:81,PoliSemFio,42,887.2426285743713,B2-01,1,3
1687,54:F0:B1:BC:77:82,,42,887.2426285743713,B2-01,1,3
1688,54:F0:B1:BC:77:A0,eduroam,25,887.2426285743713,B2-01,1,3
1689,54:F0:B1:BC:77:A1,PoliSemFio,27,887.2426285743713,B2-01,1,3
1690,68:FF:7B:47:78:BE,C1-22M,22,887.2426285743713,B2-01,1,3
1691,70:62:B8:6E:72:A0,PCS-wireless-C1-13,29,887.2426285743713,B2-01,1,3
1692,84:D4:7E:06:4F:E0,eduroam,59,887.2426285743713,B2-01,1,3
1693,84:D4:7E:06:4F:E1,PoliSemFio,57,887.2426285743713,B2-01,1,3
1694,84:D4:7E:06:4F:E2,,55,887.2426285743713,B2-01,1,3
1695,84:D4:7E:06:4F:F0,eduroam,22,887.2426285743713,B2-01,1,3
1696,84:D4:7E:06:4F:F1,PoliSemFio,19,887.2426285743713,B2-01,1,3
1697,84:D4:7E:06:4F:F2,,19,887.2426285743713,B2-01,1,3
1698,DC:9F:DB:1C:1F:D7,LWN-3,17,887.2426285743713,B2-01,1,3
1699,DC:9F:DB:1C:1F:E0,LWN-3,37,887.2426285743713,B2-01,1,3
1700,DE:9F:DB:1C:1F:E0,LARC Guest,37,887.2426285743713,B2-01,1,3
1701,EE:9F:DB:1C:1F:E0,,24,887.2426285743713,B2-01,1,3
1702,F8:1A:67:99:55:8E,NUCLEAR_CHF,24,887.2426285743713,B2-01,1,3
1703,FE:9F:DB:1C:1F:E0,,37,887.2426285743713,B2-01,1,3
1704,00:21:91:70:9D:EC,LAB-DIDATICO,24,893.4683039188385,B2-01,1,3
1705,34:60:F9:A3:D9:14,GASWIFI-2G_C2,22,893.4683039188385,B2-01,1,3
1706,34:60:F9:A3:E7:3F,GASWIFI_C4,37,893.4683039188385,B2-01,1,3
1707,34:CE:00:51:3E:6F,Lab,60,893.4683039188385,B2-01,1,3
1708,34:CE:00:51:3E:70,Lab_5G,34,893.4683039188385,B2-01,1,3
1709,3A:60:F9:A3:D9:14,,15,893.4683039188385,B2-01,1,3
1710,44:D2:44:DC:2E:01,PROJETOR_B2-06-EC89sIpciG1AUef,30,893.4683039188385,B2-01,1,3
1711,54:B8:0A:AA:2C:8C,LAB_DIGITAL,34,893.4683039188385,B2-01,1,3
1712,54:B8:0A:AA:2C:8D,PCS-Wireless,35,893.4683039188385,B2-01,1,3
1713,54:F0:B1:A1:18:C3,MEZANINO,12,893.4683039188385,B2-01,1,3
1714,54:F0:B1:A1:18:C4,GDLAB,15,893.4683039188385,B2-01,1,3
1715,54:F0:B1:A1:18:C5,LABPAD,12,893.4683039188385,B2-01,1,3
1716,54:F0:B1:A1:18:D1,PoliSemFio,24,893.4683039188385,B2-01,1,3
1717,54:F0:B1:A1:18:D2,,20,893.4683039188385,B2-01,1,3
1718,54:F0:B1:A1:18:D3,MEZANINO,32,893.4683039188385,B2-01,1,3
1719,54:F0:B1:A1:18:D4,GDLAB,29,893.4683039188385,B2-01,1,3
1720,54:F0:B1:A1:58:00,eduroam,32,893.4683039188385,B2-01,1,3
1721,54:F0:B1:A1:58:01,PoliSemFio,29,893.4683039188385,B2-01,1,3
1722,54:F0:B1:A1:58:02,,45,893.4683039188385,B2-01,1,3
1723,54:F0:B1:A2:56:60,eduroam,17,893.4683039188385,B2-01,1,3
1724,54:F0:B1:A2:56:61,PoliSemFio,19,893.4683039188385,B2-01,1,3
1725,54:F0:B1:A2:56:70,eduroam,24,893.4683039188385,B2-01,1,3
1726,54:F0:B1:A2:56:71,PoliSemFio,24,893.4683039188385,B2-01,1,3
1727,54:F0:B1:A2:56:72,,29,893.4683039188385,B2-01,1,3
1728,54:F0:B1:BB:5A:80,eduroam,29,893.4683039188385,B2-01,1,3
1729,54:F0:B1:BB:5A:81,PoliSemFio,40,893.4683039188385,B2-01,1,3
1730,54:F0:B1:BB:5A:82,HACKER,39,893.4683039188385,B2-01,1,3
1731,54:F0:B1:BB:5A:83,LEP,42,893.4683039188385,B2-01,1,3
1732,54:F0:B1:BB:84:B0,eduroam,19,893.4683039188385,B2-01,1,3
1733,54:F0:B1:BB:BE:12,,30,893.4683039188385,B2-01,1,3
1734,54:F0:B1:BB:BE:13,CAEEL,12,893.4683039188385,B2-01,1,3
1735,54:F0:B1:BB:C4:D0,eduroam,55,893.4683039188385,B2-01,1,3
1736,54:F0:B1:BB:C4:D1,PoliSemFio,80,893.4683039188385,B2-01,1,3
1737,54:F0:B1:BB:C4:D2,,80,893.4683039188385,B2-01,1,3
1738,54:F0:B1:BB:C4:F0,eduroam,40,893.4683039188385,B2-01,1,3
1739,54:F0:B1:BB:C4:F1,PoliSemFio,40,893.4683039188385,B2-01,1,3
1740,54:F0:B1:BB:C4:F2,,39,893.4683039188385,B2-01,1,3
1741,54:F0:B1:BB:C5:C3,MEZANINO,12,893.4683039188385,B2-01,1,3
1742,54:F0:B1:BB:C5:C5,LABPAD,14,893.4683039188385,B2-01,1,3
1743,54:F0:B1:BB:F3:20,eduroam,25,893.4683039188385,B2-01,1,3
1744,54:F0:B1:BB:F3:21,PoliSemFio,29,893.4683039188385,B2-01,1,3
1745,54:F0:B1:BC:09:40,eduroam,99,893.4683039188385,B2-01,1,3
1746,54:F0:B1:BC:09:41,PoliSemFio,90,893.4683039188385,B2-01,1,3
1747,54:F0:B1:BC:09:42,,92,893.4683039188385,B2-01,1,3
1748,54:F0:B1:BC:09:60,eduroam,67,893.4683039188385,B2-01,1,3
1749,54:F0:B1:BC:09:61,PoliSemFio,54,893.4683039188385,B2-01,1,3
1750,54:F0:B1:BC:1B:D0,eduroam,64,893.4683039188385,B2-01,1,3
1751,54:F0:B1:BC:1B:D1,PoliSemFio,65,893.4683039188385,B2-01,1,3
1752,54:F0:B1:BC:1B:D2,,65,893.4683039188385,B2-01,1,3
1753,54:F0:B1:BC:1B:F0,eduroam,34,893.4683039188385,B2-01,1,3
1754,54:F0:B1:BC:1B:F1,PoliSemFio,34,893.4683039188385,B2-01,1,3
1755,54:F0:B1:BC:2E:90,eduroam,62,893.4683039188385,B2-01,1,3
1756,54:F0:B1:BC:2E:91,PoliSemFio,57,893.4683039188385,B2-01,1,3
1757,54:F0:B1:BC:2E:92,,55,893.4683039188385,B2-01,1,3
1758,54:F0:B1:BC:2E:B0,eduroam,29,893.4683039188385,B2-01,1,3
1759,54:F0:B1:BC:2E:B1,PoliSemFio,29,893.4683039188385,B2-01,1,3
1760,54:F0:B1:BC:3F:10,eduroam,44,893.4683039188385,B2-01,1,3
1761,54:F0:B1:BC:3F:12,,35,893.4683039188385,B2-01,1,3
1762,54:F0:B1:BC:70:00,eduroam,55,893.4683039188385,B2-01,1,3
1763,54:F0:B1:BC:70:01,PoliSemFio,50,893.4683039188385,B2-01,1,3
1764,54:F0:B1:BC:70:02,,50,893.4683039188385,B2-01,1,3
1765,54:F0:B1:BC:70:20,eduroam,15,893.4683039188385,B2-01,1,3
1766,54:F0:B1:BC:70:21,PoliSemFio,15,893.4683039188385,B2-01,1,3
1767,54:F0:B1:BC:77:80,eduroam,39,893.4683039188385,B2-01,1,3
1768,54:F0:B1:BC:77:81,PoliSemFio,42,893.4683039188385,B2-01,1,3
1769,54:F0:B1:BC:77:82,,42,893.4683039188385,B2-01,1,3
1770,54:F0:B1:BC:77:A0,eduroam,25,893.4683039188385,B2-01,1,3
1771,54:F0:B1:BC:77:A1,PoliSemFio,27,893.4683039188385,B2-01,1,3
1772,68:FF:7B:47:78:BE,C1-22M,22,893.4683039188385,B2-01,1,3
1773,70:62:B8:6E:72:A0,PCS-wireless-C1-13,29,893.4683039188385,B2-01,1,3
1774,84:D4:7E:06:4F:E0,eduroam,59,893.4683039188385,B2-01,1,3
1775,84:D4:7E:06:4F:E1,PoliSemFio,57,893.4683039188385,B2-01,1,3
1776,84:D4:7E:06:4F:E2,,55,893.4683039188385,B2-01,1,3
1777,84:D4:7E:06:4F:F0,eduroam,22,893.4683039188385,B2-01,1,3
1778,84:D4:7E:06:4F:F1,PoliSemFio,19,893.4683039188385,B2-01,1,3
1779,84:D4:7E:06:4F:F2,,19,893.4683039188385,B2-01,1,3
1780,DC:9F:DB:1C:1F:D7,LWN-3,17,893.4683039188385,B2-01,1,3
1781,DC:9F:DB:1C:1F:E0,LWN-3,37,893.4683039188385,B2-01,1,3
1782,DE:9F:DB:1C:1F:E0,LARC Guest,37,893.4683039188385,B2-01,1,3
1783,EE:9F:DB:1C:1F:E0,,24,893.4683039188385,B2-01,1,3
1784,F8:1A:67:99:55:8E,NUCLEAR_CHF,24,893.4683039188385,B2-01,1,3
1785,FE:9F:DB:1C:1F:E0,,37,893.4683039188385,B2-01,1,3
1786,00:21:91:70:9D:EC,LAB-DIDATICO,24,896.0912945270538,B2-01,1,3
1787,34:60:F9:A3:D9:14,GASWIFI-2G_C2,22,896.0912945270538,B2-01,1,3
1788,34:60:F9:A3:E7:3F,GASWIFI_C4,37,896.0912945270538,B2-01,1,3
1789,34:CE:00:51:3E:6F,Lab,47,896.0912945270538,B2-01,1,3
1790,34:CE:00:51:3E:70,Lab_5G,14,896.0912945270538,B2-01,1,3
1791,3A:60:F9:A3:D9:14,,15,896.0912945270538,B2-01,1,3
1792,44:D2:44:DC:2E:01,PROJETOR_B2-06-EC89sIpciG1AUef,30,896.0912945270538,B2-01,1,3
1793,54:B8:0A:AA:2C:8C,LAB_DIGITAL,34,896.0912945270538,B2-01,1,3
1794,54:B8:0A:AA:2C:8D,PCS-Wireless,35,896.0912945270538,B2-01,1,3
1795,54:F0:B1:A1:18:C3,MEZANINO,12,896.0912945270538,B2-01,1,3
1796,54:F0:B1:A1:18:C4,GDLAB,15,896.0912945270538,B2-01,1,3
1797,54:F0:B1:A1:18:C5,LABPAD,12,896.0912945270538,B2-01,1,3
1798,54:F0:B1:A1:18:D1,PoliSemFio,24,896.0912945270538,B2-01,1,3
1799,54:F0:B1:A1:18:D2,,20,896.0912945270538,B2-01,1,3
1800,54:F0:B1:A1:18:D3,MEZANINO,32,896.0912945270538,B2-01,1,3
1801,54:F0:B1:A1:18:D4,GDLAB,29,896.0912945270538,B2-01,1,3
1802,54:F0:B1:A1:57:F0,eduroam,15,896.0912945270538,B2-01,1,3
1803,54:F0:B1:A1:57:F1,PoliSemFio,15,896.0912945270538,B2-01,1,3
1804,54:F0:B1:A1:58:00,eduroam,30,896.0912945270538,B2-01,1,3
1805,54:F0:B1:A1:58:01,PoliSemFio,44,896.0912945270538,B2-01,1,3
1806,54:F0:B1:A1:58:02,,44,896.0912945270538,B2-01,1,3
1807,54:F0:B1:A2:56:61,PoliSemFio,19,896.0912945270538,B2-01,1,3
1808,54:F0:B1:A2:56:70,eduroam,24,896.0912945270538,B2-01,1,3
1809,54:F0:B1:A2:56:71,PoliSemFio,24,896.0912945270538,B2-01,1,3
1810,54:F0:B1:A2:56:72,,29,896.0912945270538,B2-01,1,3
1811,54:F0:B1:A2:57:33,LCA,15,896.0912945270538,B2-01,1,3
1812,54:F0:B1:BB:5A:80,eduroam,37,896.0912945270538,B2-01,1,3
1813,54:F0:B1:BB:5A:81,PoliSemFio,35,896.0912945270538,B2-01,1,3
1814,54:F0:B1:BB:5A:82,HACKER,34,896.0912945270538,B2-01,1,3
1815,54:F0:B1:BB:5A:83,LEP,40,896.0912945270538,B2-01,1,3
1816,54:F0:B1:BB:BE:12,,29,896.0912945270538,B2-01,1,3
1817,54:F0:B1:BB:BE:13,CAEEL,12,896.0912945270538,B2-01,1,3
1818,54:F0:B1:BB:C4:D0,eduroam,65,896.0912945270538,B2-01,1,3
1819,54:F0:B1:BB:C4:D1,PoliSemFio,65,896.0912945270538,B2-01,1,3
1820,54:F0:B1:BB:C4:D2,,65,896.0912945270538,B2-01,1,3
1821,54:F0:B1:BB:C4:F0,eduroam,34,896.0912945270538,B2-01,1,3
1822,54:F0:B1:BB:C4:F1,PoliSemFio,34,896.0912945270538,B2-01,1,3
1823,54:F0:B1:BB:C4:F2,,39,896.0912945270538,B2-01,1,3
1824,54:F0:B1:BB:C5:C3,MEZANINO,12,896.0912945270538,B2-01,1,3
1825,54:F0:B1:BB:C5:C5,LABPAD,14,896.0912945270538,B2-01,1,3
1826,54:F0:B1:BB:F3:20,eduroam,27,896.0912945270538,B2-01,1,3
1827,54:F0:B1:BB:F3:21,PoliSemFio,29,896.0912945270538,B2-01,1,3
1828,54:F0:B1:BC:09:40,eduroam,74,896.0912945270538,B2-01,1,3
1829,54:F0:B1:BC:09:41,PoliSemFio,90,896.0912945270538,B2-01,1,3
1830,54:F0:B1:BC:09:42,,92,896.0912945270538,B2-01,1,3
1831,54:F0:B1:BC:09:60,eduroam,55,896.0912945270538,B2-01,1,3
1832,54:F0:B1:BC:09:61,PoliSemFio,55,896.0912945270538,B2-01,1,3
1833,54:F0:B1:BC:1B:D0,eduroam,64,896.0912945270538,B2-01,1,3
1834,54:F0:B1:BC:1B:D1,PoliSemFio,64,896.0912945270538,B2-01,1,3
1835,54:F0:B1:BC:1B:D2,,65,896.0912945270538,B2-01,1,3
1836,54:F0:B1:BC:1B:F0,eduroam,30,896.0912945270538,B2-01,1,3
1837,54:F0:B1:BC:1B:F1,PoliSemFio,32,896.0912945270538,B2-01,1,3
1838,54:F0:B1:BC:2E:90,eduroam,50,896.0912945270538,B2-01,1,3
1839,54:F0:B1:BC:2E:91,PoliSemFio,55,896.0912945270538,B2-01,1,3
1840,54:F0:B1:BC:2E:92,,55,896.0912945270538,B2-01,1,3
1841,54:F0:B1:BC:2E:B0,eduroam,27,896.0912945270538,B2-01,1,3
1842,54:F0:B1:BC:2E:B1,PoliSemFio,27,896.0912945270538,B2-01,1,3
1843,54:F0:B1:BC:3F:10,eduroam,44,896.0912945270538,B2-01,1,3
1844,54:F0:B1:BC:3F:12,,27,896.0912945270538,B2-01,1,3
1845,54:F0:B1:BC:70:00,eduroam,47,896.0912945270538,B2-01,1,3
1846,54:F0:B1:BC:70:01,PoliSemFio,44,896.0912945270538,B2-01,1,3
1847,54:F0:B1:BC:70:02,,50,896.0912945270538,B2-01,1,3
1848,54:F0:B1:BC:70:20,eduroam,15,896.0912945270538,B2-01,1,3
1849,54:F0:B1:BC:70:21,PoliSemFio,15,896.0912945270538,B2-01,1,3
1850,54:F0:B1:BC:77:80,eduroam,39,896.0912945270538,B2-01,1,3
1851,54:F0:B1:BC:77:81,PoliSemFio,42,896.0912945270538,B2-01,1,3
1852,54:F0:B1:BC:77:82,,32,896.0912945270538,B2-01,1,3
1853,54:F0:B1:BC:77:A0,eduroam,15,896.0912945270538,B2-01,1,3
1854,54:F0:B1:BC:77:A1,PoliSemFio,19,896.0912945270538,B2-01,1,3
1855,68:FF:7B:47:78:BE,C1-22M,25,896.0912945270538,B2-01,1,3
1856,70:62:B8:6E:72:A0,PCS-wireless-C1-13,29,896.0912945270538,B2-01,1,3
1857,70:62:B8:6E:72:A1,PPGEE,24,896.0912945270538,B2-01,1,3
1858,84:D4:7E:06:4F:E0,eduroam,47,896.0912945270538,B2-01,1,3
1859,84:D4:7E:06:4F:E1,PoliSemFio,45,896.0912945270538,B2-01,1,3
1860,84:D4:7E:06:4F:E2,,45,896.0912945270538,B2-01,1,3
1861,84:D4:7E:06:4F:F0,eduroam,17,896.0912945270538,B2-01,1,3
1862,84:D4:7E:06:4F:F1,PoliSemFio,15,896.0912945270538,B2-01,1,3
1863,84:D4:7E:06:4F:F2,,19,896.0912945270538,B2-01,1,3
1864,DC:9F:DB:1C:1F:D7,LWN-3,17,896.0912945270538,B2-01,1,3
1865,DC:9F:DB:1C:1F:E0,LWN-3,37,896.0912945270538,B2-01,1,3
1866,DE:9F:DB:1C:1F:E0,LARC Guest,37,896.0912945270538,B2-01,1,3
1867,EE:9F:DB:1C:1F:E0,,24,896.0912945270538,B2-01,1,3
1868,F8:1A:67:99:55:8E,NUCLEAR_CHF,24,896.0912945270538,B2-01,1,3
1869,FE:9F:DB:1C:1F:E0,,24,896.0912945270538,B2-01,1,3
