,ap_mac,ap_name,rssi,timestamp,room,door_status,room_part
0,00:21:91:70:9D:EC,LAB-DIDATICO,30,782.673347234726,B2-01,1,2
1,20:AA:4B:A7:19:74,LAA03,14,782.673347234726,B2-01,1,2
2,30:85:A9:69:F2:E4,PCS-Wireless-C2-22,25,782.673347234726,B2-01,1,2
3,34:60:F9:A3:D9:14,GASWIFI-2G_C2,32,782.673347234726,B2-01,1,2
4,34:60:F9:A3:E7:3F,GASWIFI_C4,32,782.673347234726,B2-01,1,2
5,34:CE:00:51:3E:6F,Lab,50,782.673347234726,B2-01,1,2
6,34:CE:00:51:3E:70,Lab_5G,9,782.673347234726,B2-01,1,2
7,3A:60:F9:A3:D9:14,,27,782.673347234726,B2-01,1,2
8,54:B8:0A:AA:2C:8C,LAB_DIGITAL,44,782.673347234726,B2-01,1,2
9,54:B8:0A:AA:2C:8D,PCS-Wireless,44,782.673347234726,B2-01,1,2
10,54:F0:B1:A1:18:C0,eduroam,12,782.673347234726,B2-01,1,2
11,54:F0:B1:A1:18:C1,PoliSemFio,15,782.673347234726,B2-01,1,2
12,54:F0:B1:A1:18:C3,MEZANINO,14,782.673347234726,B2-01,1,2
13,54:F0:B1:A1:18:C4,GDLAB,14,782.673347234726,B2-01,1,2
14,54:F0:B1:A1:18:C5,LABPAD,14,782.673347234726,B2-01,1,2
15,54:F0:B1:A1:18:D0,eduroam,35,782.673347234726,B2-01,1,2
16,54:F0:B1:A1:18:D1,PoliSemFio,37,782.673347234726,B2-01,1,2
17,54:F0:B1:A1:18:D2,,37,782.673347234726,B2-01,1,2
18,54:F0:B1:A1:18:D3,MEZANINO,22,782.673347234726,B2-01,1,2
19,54:F0:B1:A1:18:D4,GDLAB,25,782.673347234726,B2-01,1,2
20,54:F0:B1:A1:18:D5,LABPAD,27,782.673347234726,B2-01,1,2
21,54:F0:B1:A1:58:00,eduroam,20,782.673347234726,B2-01,1,2
22,54:F0:B1:A1:58:01,PoliSemFio,27,782.673347234726,B2-01,1,2
23,54:F0:B1:A1:58:02,,30,782.673347234726,B2-01,1,2
24,54:F0:B1:A2:37:E0,eduroam,22,782.673347234726,B2-01,1,2
25,54:F0:B1:A2:57:30,eduroam,24,782.673347234726,B2-01,1,2
26,54:F0:B1:A2:57:31,PoliSemFio,29,782.673347234726,B2-01,1,2
27,54:F0:B1:A2:57:32,,29,782.673347234726,B2-01,1,2
28,54:F0:B1:A2:57:33,LCA,29,782.673347234726,B2-01,1,2
29,54:F0:B1:BB:58:A0,eduroam,10,782.673347234726,B2-01,1,2
30,54:F0:B1:BB:5A:80,eduroam,37,782.673347234726,B2-01,1,2
31,54:F0:B1:BB:5A:82,HACKER,40,782.673347234726,B2-01,1,2
32,54:F0:B1:BB:5A:83,LEP,37,782.673347234726,B2-01,1,2
33,54:F0:B1:BB:84:B0,eduroam,25,782.673347234726,B2-01,1,2
34,54:F0:B1:BB:84:B2,,30,782.673347234726,B2-01,1,2
35,54:F0:B1:BB:BE:12,,22,782.673347234726,B2-01,1,2
36,54:F0:B1:BB:BE:13,CAEEL,14,782.673347234726,B2-01,1,2
37,54:F0:B1:BB:C4:D0,eduroam,55,782.673347234726,B2-01,1,2
38,54:F0:B1:BB:C4:D1,PoliSemFio,55,782.673347234726,B2-01,1,2
39,54:F0:B1:BB:C4:D2,,50,782.673347234726,B2-01,1,2
40,54:F0:B1:BB:C4:F0,eduroam,39,782.673347234726,B2-01,1,2
41,54:F0:B1:BB:C4:F1,PoliSemFio,37,782.673347234726,B2-01,1,2
42,54:F0:B1:BB:F3:21,PoliSemFio,27,782.673347234726,B2-01,1,2
43,54:F0:B1:BB:FD:D2,,25,782.673347234726,B2-01,1,2
44,54:F0:B1:BC:09:40,eduroam,89,782.673347234726,B2-01,1,2
45,54:F0:B1:BC:09:41,PoliSemFio,92,782.673347234726,B2-01,1,2
46,54:F0:B1:BC:09:42,,92,782.673347234726,B2-01,1,2
47,54:F0:B1:BC:09:60,eduroam,80,782.673347234726,B2-01,1,2
48,54:F0:B1:BC:09:61,PoliSemFio,80,782.673347234726,B2-01,1,2
49,54:F0:B1:BC:1B:D1,PoliSemFio,37,782.673347234726,B2-01,1,2
50,54:F0:B1:BC:1B:D2,,44,782.673347234726,B2-01,1,2
51,54:F0:B1:BC:1B:F0,eduroam,35,782.673347234726,B2-01,1,2
52,54:F0:B1:BC:1B:F1,PoliSemFio,12,782.673347234726,B2-01,1,2
53,54:F0:B1:BC:2E:90,eduroam,49,782.673347234726,B2-01,1,2
54,54:F0:B1:BC:2E:91,PoliSemFio,54,782.673347234726,B2-01,1,2
55,54:F0:B1:BC:2E:92,,50,782.673347234726,B2-01,1,2
56,54:F0:B1:BC:2E:B0,eduroam,30,782.673347234726,B2-01,1,2
57,54:F0:B1:BC:2E:B1,PoliSemFio,32,782.673347234726,B2-01,1,2
58,54:F0:B1:BC:36:10,PoliSemFio,20,782.673347234726,B2-01,1,2
59,54:F0:B1:BC:3F:10,eduroam,25,782.673347234726,B2-01,1,2
60,54:F0:B1:BC:65:B0,eduroam,25,782.673347234726,B2-01,1,2
61,54:F0:B1:BC:65:B1,PoliSemFio,24,782.673347234726,B2-01,1,2
62,54:F0:B1:BC:65:B2,,24,782.673347234726,B2-01,1,2
63,54:F0:B1:BC:70:00,eduroam,19,782.673347234726,B2-01,1,2
64,54:F0:B1:BC:70:01,PoliSemFio,37,782.673347234726,B2-01,1,2
65,54:F0:B1:BC:70:02,,40,782.673347234726,B2-01,1,2
66,54:F0:B1:BC:70:20,eduroam,10,782.673347234726,B2-01,1,2
67,54:F0:B1:BC:70:21,PoliSemFio,15,782.673347234726,B2-01,1,2
68,54:F0:B1:BC:77:80,eduroam,52,782.673347234726,B2-01,1,2
69,54:F0:B1:BC:77:81,PoliSemFio,39,782.673347234726,B2-01,1,2
70,54:F0:B1:BC:77:82,,42,782.673347234726,B2-01,1,2
71,54:F0:B1:BC:77:A0,eduroam,27,782.673347234726,B2-01,1,2
72,54:F0:B1:BC:77:A1,PoliSemFio,29,782.673347234726,B2-01,1,2
73,68:FF:7B:47:78:BE,C1-22M,22,782.673347234726,B2-01,1,2
74,70:62:B8:6E:72:A0,PCS-wireless-C1-13,25,782.673347234726,B2-01,1,2
75,70:62:B8:6E:72:A1,PPGEE,35,782.673347234726,B2-01,1,2
76,84:D4:7E:06:4F:E0,eduroam,29,782.673347234726,B2-01,1,2
77,84:D4:7E:06:4F:E1,PoliSemFio,67,782.673347234726,B2-01,1,2
78,84:D4:7E:06:4F:E2,,67,782.673347234726,B2-01,1,2
79,84:D4:7E:06:4F:F0,eduroam,30,782.673347234726,B2-01,1,2
80,84:D4:7E:06:4F:F1,PoliSemFio,30,782.673347234726,B2-01,1,2
81,DC:9F:DB:1C:1F:E0,LWN-3,29,782.673347234726,B2-01,1,2
82,DE:9F:DB:1C:1F:E0,LARC Guest,30,782.673347234726,B2-01,1,2
83,EE:9F:DB:1C:1F:D7,,20,782.673347234726,B2-01,1,2
84,EE:9F:DB:1C:1F:E0,,27,782.673347234726,B2-01,1,2
85,F8:1A:67:99:55:8E,NUCLEAR_CHF,19,782.673347234726,B2-01,1,2
86,FE:9F:DB:1C:1F:E0,,27,782.673347234726,B2-01,1,2
87,00:21:91:70:9D:EC,LAB-DIDATICO,44,785.3109776973724,B2-01,1,2
88,20:AA:4B:A7:19:74,LAA03,14,785.3109776973724,B2-01,1,2
89,30:85:A9:69:F2:E4,PCS-Wireless-C2-22,25,785.3109776973724,B2-01,1,2
90,34:60:F9:A3:D9:14,GASWIFI-2G_C2,32,785.3109776973724,B2-01,1,2
91,34:60:F9:A3:E7:3F,GASWIFI_C4,32,785.3109776973724,B2-01,1,2
92,34:CE:00:51:3E:6F,Lab,52,785.3109776973724,B2-01,1,2
93,34:CE:00:51:3E:70,Lab_5G,19,785.3109776973724,B2-01,1,2
94,3A:60:F9:A3:D9:14,,27,785.3109776973724,B2-01,1,2
95,54:B8:0A:AA:2C:8C,LAB_DIGITAL,44,785.3109776973724,B2-01,1,2
96,54:B8:0A:AA:2C:8D,PCS-Wireless,17,785.3109776973724,B2-01,1,2
97,54:F0:B1:A1:18:C0,eduroam,12,785.3109776973724,B2-01,1,2
98,54:F0:B1:A1:18:C1,PoliSemFio,10,785.3109776973724,B2-01,1,2
99,54:F0:B1:A1:18:C3,MEZANINO,12,785.3109776973724,B2-01,1,2
100,54:F0:B1:A1:18:C4,GDLAB,12,785.3109776973724,B2-01,1,2
101,54:F0:B1:A1:18:C5,LABPAD,10,785.3109776973724,B2-01,1,2
102,54:F0:B1:A1:18:D0,eduroam,35,785.3109776973724,B2-01,1,2
103,54:F0:B1:A1:18:D1,PoliSemFio,37,785.3109776973724,B2-01,1,2
104,54:F0:B1:A1:18:D2,,30,785.3109776973724,B2-01,1,2
105,54:F0:B1:A1:18:D3,MEZANINO,22,785.3109776973724,B2-01,1,2
106,54:F0:B1:A1:18:D4,GDLAB,25,785.3109776973724,B2-01,1,2
107,54:F0:B1:A1:18:D5,LABPAD,27,785.3109776973724,B2-01,1,2
108,54:F0:B1:A1:58:00,eduroam,30,785.3109776973724,B2-01,1,2
109,54:F0:B1:A1:58:01,PoliSemFio,44,785.3109776973724,B2-01,1,2
110,54:F0:B1:A1:58:02,,44,785.3109776973724,B2-01,1,2
111,54:F0:B1:A1:E4:F0,eduroam,22,785.3109776973724,B2-01,1,2
112,54:F0:B1:A1:E4:F1,PoliSemFio,22,785.3109776973724,B2-01,1,2
113,54:F0:B1:A1:E4:F2,,24,785.3109776973724,B2-01,1,2
114,54:F0:B1:A2:37:E0,eduroam,22,785.3109776973724,B2-01,1,2
115,54:F0:B1:A2:57:30,eduroam,24,785.3109776973724,B2-01,1,2
116,54:F0:B1:A2:57:31,PoliSemFio,29,785.3109776973724,B2-01,1,2
117,54:F0:B1:A2:57:32,,29,785.3109776973724,B2-01,1,2
118,54:F0:B1:A2:57:33,LCA,29,785.3109776973724,B2-01,1,2
119,54:F0:B1:BB:58:A0,eduroam,10,785.3109776973724,B2-01,1,2
120,54:F0:B1:BB:5A:80,eduroam,37,785.3109776973724,B2-01,1,2
121,54:F0:B1:BB:5A:82,HACKER,40,785.3109776973724,B2-01,1,2
122,54:F0:B1:BB:5A:83,LEP,37,785.3109776973724,B2-01,1,2
123,54:F0:B1:BB:84:B0,eduroam,25,785.3109776973724,B2-01,1,2
124,54:F0:B1:BB:84:B2,,30,785.3109776973724,B2-01,1,2
125,54:F0:B1:BB:92:E0,eduroam,10,785.3109776973724,B2-01,1,2
126,54:F0:B1:BB:BE:12,,22,785.3109776973724,B2-01,1,2
127,54:F0:B1:BB:BE:13,CAEEL,14,785.3109776973724,B2-01,1,2
128,54:F0:B1:BB:C4:D0,eduroam,87,785.3109776973724,B2-01,1,2
129,54:F0:B1:BB:C4:D1,PoliSemFio,94,785.3109776973724,B2-01,1,2
130,54:F0:B1:BB:C4:D2,,50,785.3109776973724,B2-01,1,2
131,54:F0:B1:BB:C4:F0,eduroam,52,785.3109776973724,B2-01,1,2
132,54:F0:B1:BB:C4:F1,PoliSemFio,52,785.3109776973724,B2-01,1,2
133,54:F0:B1:BB:C5:C2,,22,785.3109776973724,B2-01,1,2
134,54:F0:B1:BB:F3:21,PoliSemFio,27,785.3109776973724,B2-01,1,2
135,54:F0:B1:BB:FD:D2,,25,785.3109776973724,B2-01,1,2
136,54:F0:B1:BC:09:40,eduroam,94,785.3109776973724,B2-01,1,2
137,54:F0:B1:BC:09:41,PoliSemFio,92,785.3109776973724,B2-01,1,2
138,54:F0:B1:BC:09:42,,92,785.3109776973724,B2-01,1,2
139,54:F0:B1:BC:09:60,eduroam,59,785.3109776973724,B2-01,1,2
140,54:F0:B1:BC:09:61,PoliSemFio,59,785.3109776973724,B2-01,1,2
141,54:F0:B1:BC:1B:D1,PoliSemFio,37,785.3109776973724,B2-01,1,2
142,54:F0:B1:BC:1B:D2,,44,785.3109776973724,B2-01,1,2
143,54:F0:B1:BC:1B:F0,eduroam,14,785.3109776973724,B2-01,1,2
144,54:F0:B1:BC:1B:F1,PoliSemFio,14,785.3109776973724,B2-01,1,2
145,54:F0:B1:BC:2E:90,eduroam,57,785.3109776973724,B2-01,1,2
146,54:F0:B1:BC:2E:91,PoliSemFio,54,785.3109776973724,B2-01,1,2
147,54:F0:B1:BC:2E:92,,50,785.3109776973724,B2-01,1,2
148,54:F0:B1:BC:2E:B0,eduroam,20,785.3109776973724,B2-01,1,2
149,54:F0:B1:BC:2E:B1,PoliSemFio,22,785.3109776973724,B2-01,1,2
150,54:F0:B1:BC:36:10,PoliSemFio,20,785.3109776973724,B2-01,1,2
151,54:F0:B1:BC:3F:10,eduroam,40,785.3109776973724,B2-01,1,2
152,54:F0:B1:BC:65:B0,eduroam,25,785.3109776973724,B2-01,1,2
153,54:F0:B1:BC:65:B1,PoliSemFio,24,785.3109776973724,B2-01,1,2
154,54:F0:B1:BC:65:B2,,24,785.3109776973724,B2-01,1,2
155,54:F0:B1:BC:70:00,eduroam,19,785.3109776973724,B2-01,1,2
156,54:F0:B1:BC:70:01,PoliSemFio,37,785.3109776973724,B2-01,1,2
157,54:F0:B1:BC:70:02,,40,785.3109776973724,B2-01,1,2
158,54:F0:B1:BC:70:20,eduroam,22,785.3109776973724,B2-01,1,2
159,54:F0:B1:BC:70:21,PoliSemFio,24,785.3109776973724,B2-01,1,2
160,54:F0:B1:BC:77:80,eduroam,52,785.3109776973724,B2-01,1,2
161,54:F0:B1:BC:77:81,PoliSemFio,39,785.3109776973724,B2-01,1,2
162,54:F0:B1:BC:77:82,,40,785.3109776973724,B2-01,1,2
163,54:F0:B1:BC:77:A0,eduroam,32,785.3109776973724,B2-01,1,2
164,54:F0:B1:BC:77:A1,PoliSemFio,32,785.3109776973724,B2-01,1,2
165,68:FF:7B:47:78:BE,C1-22M,22,785.3109776973724,B2-01,1,2
166,70:62:B8:6E:72:A0,PCS-wireless-C1-13,25,785.3109776973724,B2-01,1,2
167,70:62:B8:6E:72:A1,PPGEE,57,785.3109776973724,B2-01,1,2
168,84:D4:7E:06:4F:E0,eduroam,29,785.3109776973724,B2-01,1,2
169,84:D4:7E:06:4F:E1,PoliSemFio,79,785.3109776973724,B2-01,1,2
170,84:D4:7E:06:4F:E2,,67,785.3109776973724,B2-01,1,2
171,84:D4:7E:06:4F:F0,eduroam,30,785.3109776973724,B2-01,1,2
172,84:D4:7E:06:4F:F1,PoliSemFio,27,785.3109776973724,B2-01,1,2
173,DC:9F:DB:1C:1F:D7,LWN-3,34,785.3109776973724,B2-01,1,2
174,DC:9F:DB:1C:1F:E0,LWN-3,29,785.3109776973724,B2-01,1,2
175,DE:9F:DB:1C:1F:D7,LARC Guest,34,785.3109776973724,B2-01,1,2
176,DE:9F:DB:1C:1F:E0,LARC Guest,34,785.3109776973724,B2-01,1,2
177,EE:9F:DB:1C:1F:D7,,20,785.3109776973724,B2-01,1,2
178,EE:9F:DB:1C:1F:E0,,27,785.3109776973724,B2-01,1,2
179,F8:1A:67:99:55:8E,NUCLEAR_CHF,19,785.3109776973724,B2-01,1,2
180,FE:9F:DB:1C:1F:E0,,34,785.3109776973724,B2-01,1,2
181,00:18:E7:FF:8C:98,dlink,22,791.6057164669037,B2-01,1,2
182,00:21:91:70:9D:EC,LAB-DIDATICO,35,791.6057164669037,B2-01,1,2
183,30:85:A9:69:F2:E4,PCS-Wireless-C2-22,25,791.6057164669037,B2-01,1,2
184,34:60:F9:A3:D9:14,GASWIFI-2G_C2,32,791.6057164669037,B2-01,1,2
185,34:CE:00:51:3E:6F,Lab,34,791.6057164669037,B2-01,1,2
186,34:CE:00:51:3E:70,Lab_5G,27,791.6057164669037,B2-01,1,2
187,3A:60:F9:A3:D9:14,,27,791.6057164669037,B2-01,1,2
188,54:B8:0A:AA:2C:8C,LAB_DIGITAL,44,791.6057164669037,B2-01,1,2
189,54:B8:0A:AA:2C:8D,PCS-Wireless,17,791.6057164669037,B2-01,1,2
190,54:B8:0A:AA:2C:8E,LAB_DIGITAL-5GHz,10,791.6057164669037,B2-01,1,2
191,54:B8:0A:AA:2C:8F,PCS-Wireless-5GHz,7,791.6057164669037,B2-01,1,2
192,54:F0:B1:A1:18:C0,eduroam,19,791.6057164669037,B2-01,1,2
193,54:F0:B1:A1:18:C1,PoliSemFio,17,791.6057164669037,B2-01,1,2
194,54:F0:B1:A1:18:C3,MEZANINO,19,791.6057164669037,B2-01,1,2
195,54:F0:B1:A1:18:C4,GDLAB,19,791.6057164669037,B2-01,1,2
196,54:F0:B1:A1:18:C5,LABPAD,17,791.6057164669037,B2-01,1,2
197,54:F0:B1:A1:18:D0,eduroam,24,791.6057164669037,B2-01,1,2
198,54:F0:B1:A1:18:D1,PoliSemFio,37,791.6057164669037,B2-01,1,2
199,54:F0:B1:A1:18:D2,,30,791.6057164669037,B2-01,1,2
200,54:F0:B1:A1:18:D3,MEZANINO,24,791.6057164669037,B2-01,1,2
201,54:F0:B1:A1:18:D4,GDLAB,25,791.6057164669037,B2-01,1,2
202,54:F0:B1:A1:18:D5,LABPAD,25,791.6057164669037,B2-01,1,2
203,54:F0:B1:A1:58:00,eduroam,42,791.6057164669037,B2-01,1,2
204,54:F0:B1:A1:58:01,PoliSemFio,45,791.6057164669037,B2-01,1,2
205,54:F0:B1:A1:58:02,,45,791.6057164669037,B2-01,1,2
206,54:F0:B1:A1:E4:F0,eduroam,22,791.6057164669037,B2-01,1,2
207,54:F0:B1:A1:E4:F1,PoliSemFio,22,791.6057164669037,B2-01,1,2
208,54:F0:B1:A1:E4:F2,,24,791.6057164669037,B2-01,1,2
209,54:F0:B1:A2:37:E0,eduroam,22,791.6057164669037,B2-01,1,2
210,54:F0:B1:A2:57:30,eduroam,24,791.6057164669037,B2-01,1,2
211,54:F0:B1:A2:57:31,PoliSemFio,29,791.6057164669037,B2-01,1,2
212,54:F0:B1:A2:57:32,,29,791.6057164669037,B2-01,1,2
213,54:F0:B1:BB:5A:80,eduroam,25,791.6057164669037,B2-01,1,2
214,54:F0:B1:BB:5A:81,PoliSemFio,34,791.6057164669037,B2-01,1,2
215,54:F0:B1:BB:5A:82,HACKER,27,791.6057164669037,B2-01,1,2
216,54:F0:B1:BB:5A:83,LEP,25,791.6057164669037,B2-01,1,2
217,54:F0:B1:BB:5A:84,,30,791.6057164669037,B2-01,1,2
218,54:F0:B1:BB:84:B2,,30,791.6057164669037,B2-01,1,2
219,54:F0:B1:BB:92:E0,eduroam,10,791.6057164669037,B2-01,1,2
220,54:F0:B1:BB:BE:12,,22,791.6057164669037,B2-01,1,2
221,54:F0:B1:BB:BE:13,CAEEL,14,791.6057164669037,B2-01,1,2
222,54:F0:B1:BB:C4:D0,eduroam,55,791.6057164669037,B2-01,1,2
223,54:F0:B1:BB:C4:D1,PoliSemFio,94,791.6057164669037,B2-01,1,2
224,54:F0:B1:BB:C4:D2,,50,791.6057164669037,B2-01,1,2
225,54:F0:B1:BB:C4:F0,eduroam,50,791.6057164669037,B2-01,1,2
226,54:F0:B1:BB:C4:F1,PoliSemFio,49,791.6057164669037,B2-01,1,2
227,54:F0:B1:BB:C5:C0,eduroam,24,791.6057164669037,B2-01,1,2
228,54:F0:B1:BB:C5:C2,,22,791.6057164669037,B2-01,1,2
229,54:F0:B1:BB:C5:C5,LABPAD,24,791.6057164669037,B2-01,1,2
230,54:F0:B1:BB:F3:20,eduroam,27,791.6057164669037,B2-01,1,2
231,54:F0:B1:BB:F3:21,PoliSemFio,27,791.6057164669037,B2-01,1,2
232,54:F0:B1:BB:FD:D2,,25,791.6057164669037,B2-01,1,2
233,54:F0:B1:BC:09:40,eduroam,95,791.6057164669037,B2-01,1,2
234,54:F0:B1:BC:09:41,PoliSemFio,92,791.6057164669037,B2-01,1,2
235,54:F0:B1:BC:09:42,,92,791.6057164669037,B2-01,1,2
236,54:F0:B1:BC:09:60,eduroam,70,791.6057164669037,B2-01,1,2
237,54:F0:B1:BC:09:61,PoliSemFio,70,791.6057164669037,B2-01,1,2
238,54:F0:B1:BC:1B:D1,PoliSemFio,44,791.6057164669037,B2-01,1,2
239,54:F0:B1:BC:1B:D2,,45,791.6057164669037,B2-01,1,2
240,54:F0:B1:BC:1B:F0,eduroam,14,791.6057164669037,B2-01,1,2
241,54:F0:B1:BC:1B:F1,PoliSemFio,17,791.6057164669037,B2-01,1,2
242,54:F0:B1:BC:2E:90,eduroam,37,791.6057164669037,B2-01,1,2
243,54:F0:B1:BC:2E:91,PoliSemFio,54,791.6057164669037,B2-01,1,2
244,54:F0:B1:BC:2E:92,,50,791.6057164669037,B2-01,1,2
245,54:F0:B1:BC:2E:B0,eduroam,20,791.6057164669037,B2-01,1,2
246,54:F0:B1:BC:2E:B1,PoliSemFio,22,791.6057164669037,B2-01,1,2
247,54:F0:B1:BC:3F:10,eduroam,40,791.6057164669037,B2-01,1,2
248,54:F0:B1:BC:65:B0,eduroam,25,791.6057164669037,B2-01,1,2
249,54:F0:B1:BC:70:00,eduroam,52,791.6057164669037,B2-01,1,2
250,54:F0:B1:BC:70:01,PoliSemFio,37,791.6057164669037,B2-01,1,2
251,54:F0:B1:BC:70:02,,40,791.6057164669037,B2-01,1,2
252,54:F0:B1:BC:70:20,eduroam,12,791.6057164669037,B2-01,1,2
253,54:F0:B1:BC:70:21,PoliSemFio,10,791.6057164669037,B2-01,1,2
254,54:F0:B1:BC:77:80,eduroam,40,791.6057164669037,B2-01,1,2
255,54:F0:B1:BC:77:81,PoliSemFio,39,791.6057164669037,B2-01,1,2
256,54:F0:B1:BC:77:82,,40,791.6057164669037,B2-01,1,2
257,54:F0:B1:BC:77:A0,eduroam,22,791.6057164669037,B2-01,1,2
258,54:F0:B1:BC:77:A1,PoliSemFio,22,791.6057164669037,B2-01,1,2
259,54:F0:B1:BC:77:A2,,22,791.6057164669037,B2-01,1,2
260,68:FF:7B:47:78:BE,C1-22M,40,791.6057164669037,B2-01,1,2
261,70:62:B8:6E:72:A0,PCS-wireless-C1-13,49,791.6057164669037,B2-01,1,2
262,70:62:B8:6E:72:A1,PPGEE,52,791.6057164669037,B2-01,1,2
263,84:D4:7E:06:4F:E0,eduroam,47,791.6057164669037,B2-01,1,2
264,84:D4:7E:06:4F:E1,PoliSemFio,60,791.6057164669037,B2-01,1,2
265,84:D4:7E:06:4F:E2,,60,791.6057164669037,B2-01,1,2
266,84:D4:7E:06:4F:F0,eduroam,20,791.6057164669037,B2-01,1,2
267,84:D4:7E:06:4F:F1,PoliSemFio,19,791.6057164669037,B2-01,1,2
268,DC:9F:DB:1C:1F:D7,LWN-3,34,791.6057164669037,B2-01,1,2
269,DC:9F:DB:1C:1F:E0,LWN-3,29,791.6057164669037,B2-01,1,2
270,DE:9F:DB:1C:1F:D7,LARC Guest,34,791.6057164669037,B2-01,1,2
271,DE:9F:DB:1C:1F:E0,LARC Guest,29,791.6057164669037,B2-01,1,2
272,EE:9F:DB:1C:1F:D7,,20,791.6057164669037,B2-01,1,2
273,EE:9F:DB:1C:1F:E0,,30,791.6057164669037,B2-01,1,2
274,F8:1A:67:99:55:8E,NUCLEAR_CHF,19,791.6057164669037,B2-01,1,2
275,FE:9F:DB:1C:1F:E0,,34,791.6057164669037,B2-01,1,2
276,00:18:E7:FF:8C:98,dlink,22,797.8822298049927,B2-01,1,2
277,00:21:91:70:9D:EC,LAB-DIDATICO,35,797.8822298049927,B2-01,1,2
278,30:85:A9:69:F2:E4,PCS-Wireless-C2-22,25,797.8822298049927,B2-01,1,2
279,34:60:F9:A3:D9:14,GASWIFI-2G_C2,32,797.8822298049927,B2-01,1,2
280,34:CE:00:51:3E:6F,Lab,34,797.8822298049927,B2-01,1,2
281,34:CE:00:51:3E:70,Lab_5G,27,797.8822298049927,B2-01,1,2
282,3A:60:F9:A3:D9:14,,27,797.8822298049927,B2-01,1,2
283,54:B8:0A:AA:2C:8C,LAB_DIGITAL,44,797.8822298049927,B2-01,1,2
284,54:B8:0A:AA:2C:8D,PCS-Wireless,17,797.8822298049927,B2-01,1,2
285,54:B8:0A:AA:2C:8E,LAB_DIGITAL-5GHz,10,797.8822298049927,B2-01,1,2
286,54:B8:0A:AA:2C:8F,PCS-Wireless-5GHz,7,797.8822298049927,B2-01,1,2
287,54:F0:B1:A1:18:C0,eduroam,19,797.8822298049927,B2-01,1,2
288,54:F0:B1:A1:18:C1,PoliSemFio,17,797.8822298049927,B2-01,1,2
289,54:F0:B1:A1:18:C3,MEZANINO,19,797.8822298049927,B2-01,1,2
290,54:F0:B1:A1:18:C4,GDLAB,19,797.8822298049927,B2-01,1,2
291,54:F0:B1:A1:18:C5,LABPAD,17,797.8822298049927,B2-01,1,2
292,54:F0:B1:A1:18:D0,eduroam,24,797.8822298049927,B2-01,1,2
293,54:F0:B1:A1:18:D1,PoliSemFio,37,797.8822298049927,B2-01,1,2
294,54:F0:B1:A1:18:D2,,30,797.8822298049927,B2-01,1,2
295,54:F0:B1:A1:18:D3,MEZANINO,24,797.8822298049927,B2-01,1,2
296,54:F0:B1:A1:18:D4,GDLAB,25,797.8822298049927,B2-01,1,2
297,54:F0:B1:A1:18:D5,LABPAD,25,797.8822298049927,B2-01,1,2
298,54:F0:B1:A1:58:00,eduroam,42,797.8822298049927,B2-01,1,2
299,54:F0:B1:A1:58:01,PoliSemFio,45,797.8822298049927,B2-01,1,2
300,54:F0:B1:A1:58:02,,45,797.8822298049927,B2-01,1,2
301,54:F0:B1:A1:E4:F0,eduroam,22,797.8822298049927,B2-01,1,2
302,54:F0:B1:A1:E4:F1,PoliSemFio,22,797.8822298049927,B2-01,1,2
303,54:F0:B1:A1:E4:F2,,24,797.8822298049927,B2-01,1,2
304,54:F0:B1:A2:37:E0,eduroam,22,797.8822298049927,B2-01,1,2
305,54:F0:B1:A2:57:30,eduroam,24,797.8822298049927,B2-01,1,2
306,54:F0:B1:A2:57:31,PoliSemFio,29,797.8822298049927,B2-01,1,2
307,54:F0:B1:A2:57:32,,29,797.8822298049927,B2-01,1,2
308,54:F0:B1:BB:5A:80,eduroam,25,797.8822298049927,B2-01,1,2
309,54:F0:B1:BB:5A:81,PoliSemFio,34,797.8822298049927,B2-01,1,2
310,54:F0:B1:BB:5A:82,HACKER,27,797.8822298049927,B2-01,1,2
311,54:F0:B1:BB:5A:83,LEP,25,797.8822298049927,B2-01,1,2
312,54:F0:B1:BB:5A:84,,30,797.8822298049927,B2-01,1,2
313,54:F0:B1:BB:84:B2,,30,797.8822298049927,B2-01,1,2
314,54:F0:B1:BB:92:E0,eduroam,10,797.8822298049927,B2-01,1,2
315,54:F0:B1:BB:BE:12,,22,797.8822298049927,B2-01,1,2
316,54:F0:B1:BB:BE:13,CAEEL,14,797.8822298049927,B2-01,1,2
317,54:F0:B1:BB:C4:D0,eduroam,55,797.8822298049927,B2-01,1,2
318,54:F0:B1:BB:C4:D1,PoliSemFio,94,797.8822298049927,B2-01,1,2
319,54:F0:B1:BB:C4:D2,,50,797.8822298049927,B2-01,1,2
320,54:F0:B1:BB:C4:F0,eduroam,50,797.8822298049927,B2-01,1,2
321,54:F0:B1:BB:C4:F1,PoliSemFio,49,797.8822298049927,B2-01,1,2
322,54:F0:B1:BB:C5:C0,eduroam,24,797.8822298049927,B2-01,1,2
323,54:F0:B1:BB:C5:C2,,22,797.8822298049927,B2-01,1,2
324,54:F0:B1:BB:C5:C5,LABPAD,24,797.8822298049927,B2-01,1,2
325,54:F0:B1:BB:F3:20,eduroam,27,797.8822298049927,B2-01,1,2
326,54:F0:B1:BB:F3:21,PoliSemFio,27,797.8822298049927,B2-01,1,2
327,54:F0:B1:BB:FD:D2,,25,797.8822298049927,B2-01,1,2
328,54:F0:B1:BC:09:40,eduroam,95,797.8822298049927,B2-01,1,2
329,54:F0:B1:BC:09:41,PoliSemFio,92,797.8822298049927,B2-01,1,2
330,54:F0:B1:BC:09:42,,92,797.8822298049927,B2-01,1,2
331,54:F0:B1:BC:09:60,eduroam,56,797.8822298049927,B2-01,1,2
332,54:F0:B1:BC:09:61,PoliSemFio,70,797.8822298049927,B2-01,1,2
333,54:F0:B1:BC:1B:D1,PoliSemFio,44,797.8822298049927,B2-01,1,2
334,54:F0:B1:BC:1B:D2,,45,797.8822298049927,B2-01,1,2
335,54:F0:B1:BC:1B:F0,eduroam,14,797.8822298049927,B2-01,1,2
336,54:F0:B1:BC:1B:F1,PoliSemFio,17,797.8822298049927,B2-01,1,2
337,54:F0:B1:BC:2E:90,eduroam,37,797.8822298049927,B2-01,1,2
338,54:F0:B1:BC:2E:91,PoliSemFio,54,797.8822298049927,B2-01,1,2
339,54:F0:B1:BC:2E:92,,50,797.8822298049927,B2-01,1,2
340,54:F0:B1:BC:2E:B0,eduroam,20,797.8822298049927,B2-01,1,2
341,54:F0:B1:BC:2E:B1,PoliSemFio,22,797.8822298049927,B2-01,1,2
342,54:F0:B1:BC:3F:10,eduroam,40,797.8822298049927,B2-01,1,2
343,54:F0:B1:BC:65:B0,eduroam,25,797.8822298049927,B2-01,1,2
344,54:F0:B1:BC:70:00,eduroam,52,797.8822298049927,B2-01,1,2
345,54:F0:B1:BC:70:01,PoliSemFio,37,797.8822298049927,B2-01,1,2
346,54:F0:B1:BC:70:02,,40,797.8822298049927,B2-01,1,2
347,54:F0:B1:BC:70:20,eduroam,12,797.8822298049927,B2-01,1,2
348,54:F0:B1:BC:70:21,PoliSemFio,10,797.8822298049927,B2-01,1,2
349,54:F0:B1:BC:77:80,eduroam,40,797.8822298049927,B2-01,1,2
350,54:F0:B1:BC:77:81,PoliSemFio,39,797.8822298049927,B2-01,1,2
351,54:F0:B1:BC:77:82,,40,797.8822298049927,B2-01,1,2
352,54:F0:B1:BC:77:A0,eduroam,22,797.8822298049927,B2-01,1,2
353,54:F0:B1:BC:77:A1,PoliSemFio,22,797.8822298049927,B2-01,1,2
354,54:F0:B1:BC:77:A2,,22,797.8822298049927,B2-01,1,2
355,68:FF:7B:47:78:BE,C1-22M,40,797.8822298049927,B2-01,1,2
356,70:62:B8:6E:72:A0,PCS-wireless-C1-13,49,797.8822298049927,B2-01,1,2
357,70:62:B8:6E:72:A1,PPGEE,52,797.8822298049927,B2-01,1,2
358,84:D4:7E:06:4F:E0,eduroam,47,797.8822298049927,B2-01,1,2
359,84:D4:7E:06:4F:E1,PoliSemFio,60,797.8822298049927,B2-01,1,2
360,84:D4:7E:06:4F:E2,,60,797.8822298049927,B2-01,1,2
361,84:D4:7E:06:4F:F0,eduroam,20,797.8822298049927,B2-01,1,2
362,84:D4:7E:06:4F:F1,PoliSemFio,19,797.8822298049927,B2-01,1,2
363,DC:9F:DB:1C:1F:D7,LWN-3,34,797.8822298049927,B2-01,1,2
364,DC:9F:DB:1C:1F:E0,LWN-3,29,797.8822298049927,B2-01,1,2
365,DE:9F:DB:1C:1F:D7,LARC Guest,34,797.8822298049927,B2-01,1,2
366,DE:9F:DB:1C:1F:E0,LARC Guest,29,797.8822298049927,B2-01,1,2
367,EE:9F:DB:1C:1F:D7,,20,797.8822298049927,B2-01,1,2
368,EE:9F:DB:1C:1F:E0,,30,797.8822298049927,B2-01,1,2
369,F8:1A:67:99:55:8E,NUCLEAR_CHF,19,797.8822298049927,B2-01,1,2
370,FE:9F:DB:1C:1F:E0,,34,797.8822298049927,B2-01,1,2
371,00:18:E7:FF:8C:98,dlink,22,800.5056521892548,B2-01,1,2
372,00:21:91:70:9D:EC,LAB-DIDATICO,35,800.5056521892548,B2-01,1,2
373,30:85:A9:69:F2:E4,PCS-Wireless-C2-22,25,800.5056521892548,B2-01,1,2
374,34:CE:00:51:3E:6F,Lab,34,800.5056521892548,B2-01,1,2
375,34:CE:00:51:3E:70,Lab_5G,17,800.5056521892548,B2-01,1,2
376,3A:60:F9:A3:D9:14,,27,800.5056521892548,B2-01,1,2
377,54:B8:0A:AA:2C:8C,LAB_DIGITAL,44,800.5056521892548,B2-01,1,2
378,54:B8:0A:AA:2C:8D,PCS-Wireless,17,800.5056521892548,B2-01,1,2
379,54:B8:0A:AA:2C:8E,LAB_DIGITAL-5GHz,10,800.5056521892548,B2-01,1,2
380,54:B8:0A:AA:2C:8F,PCS-Wireless-5GHz,7,800.5056521892548,B2-01,1,2
381,54:F0:B1:A1:18:C0,eduroam,19,800.5056521892548,B2-01,1,2
382,54:F0:B1:A1:18:C1,PoliSemFio,17,800.5056521892548,B2-01,1,2
383,54:F0:B1:A1:18:C3,MEZANINO,17,800.5056521892548,B2-01,1,2
384,54:F0:B1:A1:18:C4,GDLAB,19,800.5056521892548,B2-01,1,2
385,54:F0:B1:A1:18:C5,LABPAD,19,800.5056521892548,B2-01,1,2
386,54:F0:B1:A1:18:D0,eduroam,37,800.5056521892548,B2-01,1,2
387,54:F0:B1:A1:18:D1,PoliSemFio,37,800.5056521892548,B2-01,1,2
388,54:F0:B1:A1:18:D2,,30,800.5056521892548,B2-01,1,2
389,54:F0:B1:A1:18:D3,MEZANINO,37,800.5056521892548,B2-01,1,2
390,54:F0:B1:A1:18:D4,GDLAB,39,800.5056521892548,B2-01,1,2
391,54:F0:B1:A1:18:D5,LABPAD,25,800.5056521892548,B2-01,1,2
392,54:F0:B1:A1:57:F0,eduroam,20,800.5056521892548,B2-01,1,2
393,54:F0:B1:A1:57:F1,PoliSemFio,20,800.5056521892548,B2-01,1,2
394,54:F0:B1:A1:57:F2,,19,800.5056521892548,B2-01,1,2
395,54:F0:B1:A1:58:00,eduroam,42,800.5056521892548,B2-01,1,2
396,54:F0:B1:A1:58:01,PoliSemFio,39,800.5056521892548,B2-01,1,2
397,54:F0:B1:A1:58:02,,45,800.5056521892548,B2-01,1,2
398,54:F0:B1:A1:E4:F0,eduroam,17,800.5056521892548,B2-01,1,2
399,54:F0:B1:A1:E4:F1,PoliSemFio,17,800.5056521892548,B2-01,1,2
400,54:F0:B1:A1:E4:F2,,24,800.5056521892548,B2-01,1,2
401,54:F0:B1:A2:57:30,eduroam,37,800.5056521892548,B2-01,1,2
402,54:F0:B1:A2:57:31,PoliSemFio,29,800.5056521892548,B2-01,1,2
403,54:F0:B1:A2:57:32,,29,800.5056521892548,B2-01,1,2
404,54:F0:B1:BB:5A:80,eduroam,25,800.5056521892548,B2-01,1,2
405,54:F0:B1:BB:5A:81,PoliSemFio,34,800.5056521892548,B2-01,1,2
406,54:F0:B1:BB:5A:82,HACKER,29,800.5056521892548,B2-01,1,2
407,54:F0:B1:BB:5A:83,LEP,29,800.5056521892548,B2-01,1,2
408,54:F0:B1:BB:5A:84,,30,800.5056521892548,B2-01,1,2
409,54:F0:B1:BB:84:B2,,17,800.5056521892548,B2-01,1,2
410,54:F0:B1:BB:92:E0,eduroam,10,800.5056521892548,B2-01,1,2
411,54:F0:B1:BB:BE:12,,22,800.5056521892548,B2-01,1,2
412,54:F0:B1:BB:BE:13,CAEEL,14,800.5056521892548,B2-01,1,2
413,54:F0:B1:BB:C4:D0,eduroam,79,800.5056521892548,B2-01,1,2
414,54:F0:B1:BB:C4:D1,PoliSemFio,77,800.5056521892548,B2-01,1,2
415,54:F0:B1:BB:C4:D2,,77,800.5056521892548,B2-01,1,2
416,54:F0:B1:BB:C4:F0,eduroam,62,800.5056521892548,B2-01,1,2
417,54:F0:B1:BB:C4:F1,PoliSemFio,62,800.5056521892548,B2-01,1,2
418,54:F0:B1:BB:C5:C0,eduroam,24,800.5056521892548,B2-01,1,2
419,54:F0:B1:BB:C5:C1,PoliSemFio,22,800.5056521892548,B2-01,1,2
420,54:F0:B1:BB:C5:C2,,22,800.5056521892548,B2-01,1,2
421,54:F0:B1:BB:C5:C5,LABPAD,24,800.5056521892548,B2-01,1,2
422,54:F0:B1:BB:F3:20,eduroam,27,800.5056521892548,B2-01,1,2
423,54:F0:B1:BB:FD:D2,,25,800.5056521892548,B2-01,1,2
424,54:F0:B1:BC:09:40,eduroam,77,800.5056521892548,B2-01,1,2
425,54:F0:B1:BC:09:41,PoliSemFio,92,800.5056521892548,B2-01,1,2
426,54:F0:B1:BC:09:42,,95,800.5056521892548,B2-01,1,2
427,54:F0:B1:BC:09:60,eduroam,54,800.5056521892548,B2-01,1,2
428,54:F0:B1:BC:09:61,PoliSemFio,54,800.5056521892548,B2-01,1,2
429,54:F0:B1:BC:1B:D1,PoliSemFio,44,800.5056521892548,B2-01,1,2
430,54:F0:B1:BC:1B:D2,,45,800.5056521892548,B2-01,1,2
431,54:F0:B1:BC:1B:F0,eduroam,14,800.5056521892548,B2-01,1,2
432,54:F0:B1:BC:1B:F1,PoliSemFio,14,800.5056521892548,B2-01,1,2
433,54:F0:B1:BC:2E:90,eduroam,37,800.5056521892548,B2-01,1,2
434,54:F0:B1:BC:2E:92,,50,800.5056521892548,B2-01,1,2
435,54:F0:B1:BC:2E:B0,eduroam,32,800.5056521892548,B2-01,1,2
436,54:F0:B1:BC:2E:B1,PoliSemFio,32,800.5056521892548,B2-01,1,2
437,54:F0:B1:BC:3F:10,eduroam,40,800.5056521892548,B2-01,1,2
438,54:F0:B1:BC:3F:12,,24,800.5056521892548,B2-01,1,2
439,54:F0:B1:BC:65:B0,eduroam,25,800.5056521892548,B2-01,1,2
440,54:F0:B1:BC:70:00,eduroam,65,800.5056521892548,B2-01,1,2
441,54:F0:B1:BC:70:01,PoliSemFio,37,800.5056521892548,B2-01,1,2
442,54:F0:B1:BC:70:02,,40,800.5056521892548,B2-01,1,2
443,54:F0:B1:BC:70:20,eduroam,15,800.5056521892548,B2-01,1,2
444,54:F0:B1:BC:70:21,PoliSemFio,12,800.5056521892548,B2-01,1,2
445,54:F0:B1:BC:77:80,eduroam,40,800.5056521892548,B2-01,1,2
446,54:F0:B1:BC:77:82,,45,800.5056521892548,B2-01,1,2
447,54:F0:B1:BC:77:A0,eduroam,29,800.5056521892548,B2-01,1,2
448,54:F0:B1:BC:77:A1,PoliSemFio,29,800.5056521892548,B2-01,1,2
449,54:F0:B1:BC:77:A2,,22,800.5056521892548,B2-01,1,2
450,68:FF:7B:47:78:BE,C1-22M,55,800.5056521892548,B2-01,1,2
451,70:62:B8:6E:72:A0,PCS-wireless-C1-13,54,800.5056521892548,B2-01,1,2
452,70:62:B8:6E:72:A1,PPGEE,52,800.5056521892548,B2-01,1,2
453,84:D4:7E:06:4F:E0,eduroam,62,800.5056521892548,B2-01,1,2
454,84:D4:7E:06:4F:E1,PoliSemFio,65,800.5056521892548,B2-01,1,2
455,84:D4:7E:06:4F:E2,,60,800.5056521892548,B2-01,1,2
456,84:D4:7E:06:4F:F0,eduroam,20,800.5056521892548,B2-01,1,2
457,84:D4:7E:06:4F:F1,PoliSemFio,22,800.5056521892548,B2-01,1,2
458,B6:4E:26:4B:84:C2,C2-01-Guest,12,800.5056521892548,B2-01,1,2
459,C8:D7:19:D4:36:7E,lcs,10,800.5056521892548,B2-01,1,2
460,DC:9F:DB:1C:1F:D7,LWN-3,34,800.5056521892548,B2-01,1,2
461,DC:9F:DB:1C:1F:E0,LWN-3,44,800.5056521892548,B2-01,1,2
462,DE:9F:DB:1C:1F:D7,LARC Guest,34,800.5056521892548,B2-01,1,2
463,DE:9F:DB:1C:1F:E0,LARC Guest,29,800.5056521892548,B2-01,1,2
464,EE:9F:DB:1C:1F:D7,,20,800.5056521892548,B2-01,1,2
465,EE:9F:DB:1C:1F:E0,,30,800.5056521892548,B2-01,1,2
466,F8:1A:67:99:55:8E,NUCLEAR_CHF,19,800.5056521892548,B2-01,1,2
467,FE:9F:DB:1C:1F:E0,,44,800.5056521892548,B2-01,1,2
468,00:18:E7:FF:8C:98,dlink,22,803.1630749702454,B2-01,1,2
469,00:21:91:70:9D:EC,LAB-DIDATICO,35,803.1630749702454,B2-01,1,2
470,30:85:A9:69:F2:E4,PCS-Wireless-C2-22,25,803.1630749702454,B2-01,1,2
471,34:CE:00:51:3E:6F,Lab,34,803.1630749702454,B2-01,1,2
472,34:CE:00:51:3E:70,Lab_5G,17,803.1630749702454,B2-01,1,2
473,3A:60:F9:A3:D9:14,,27,803.1630749702454,B2-01,1,2
474,54:B8:0A:AA:2C:8C,LAB_DIGITAL,44,803.1630749702454,B2-01,1,2
475,54:B8:0A:AA:2C:8D,PCS-Wireless,17,803.1630749702454,B2-01,1,2
476,54:B8:0A:AA:2C:8E,LAB_DIGITAL-5GHz,10,803.1630749702454,B2-01,1,2
477,54:B8:0A:AA:2C:8F,PCS-Wireless-5GHz,7,803.1630749702454,B2-01,1,2
478,54:F0:B1:A1:18:C0,eduroam,19,803.1630749702454,B2-01,1,2
479,54:F0:B1:A1:18:C1,PoliSemFio,17,803.1630749702454,B2-01,1,2
480,54:F0:B1:A1:18:C3,MEZANINO,17,803.1630749702454,B2-01,1,2
481,54:F0:B1:A1:18:C4,GDLAB,19,803.1630749702454,B2-01,1,2
482,54:F0:B1:A1:18:C5,LABPAD,19,803.1630749702454,B2-01,1,2
483,54:F0:B1:A1:18:D0,eduroam,37,803.1630749702454,B2-01,1,2
484,54:F0:B1:A1:18:D1,PoliSemFio,37,803.1630749702454,B2-01,1,2
485,54:F0:B1:A1:18:D2,,30,803.1630749702454,B2-01,1,2
486,54:F0:B1:A1:18:D3,MEZANINO,37,803.1630749702454,B2-01,1,2
487,54:F0:B1:A1:18:D4,GDLAB,39,803.1630749702454,B2-01,1,2
488,54:F0:B1:A1:18:D5,LABPAD,25,803.1630749702454,B2-01,1,2
489,54:F0:B1:A1:57:F0,eduroam,20,803.1630749702454,B2-01,1,2
490,54:F0:B1:A1:57:F1,PoliSemFio,20,803.1630749702454,B2-01,1,2
491,54:F0:B1:A1:57:F2,,19,803.1630749702454,B2-01,1,2
492,54:F0:B1:A1:58:00,eduroam,42,803.1630749702454,B2-01,1,2
493,54:F0:B1:A1:58:01,PoliSemFio,39,803.1630749702454,B2-01,1,2
494,54:F0:B1:A1:58:02,,45,803.1630749702454,B2-01,1,2
495,54:F0:B1:A1:E4:F0,eduroam,17,803.1630749702454,B2-01,1,2
496,54:F0:B1:A1:E4:F1,PoliSemFio,17,803.1630749702454,B2-01,1,2
497,54:F0:B1:A1:E4:F2,,24,803.1630749702454,B2-01,1,2
498,54:F0:B1:A2:57:30,eduroam,37,803.1630749702454,B2-01,1,2
499,54:F0:B1:A2:57:31,PoliSemFio,29,803.1630749702454,B2-01,1,2
500,54:F0:B1:A2:57:32,,29,803.1630749702454,B2-01,1,2
501,54:F0:B1:BB:5A:80,eduroam,25,803.1630749702454,B2-01,1,2
502,54:F0:B1:BB:5A:81,PoliSemFio,34,803.1630749702454,B2-01,1,2
503,54:F0:B1:BB:5A:82,HACKER,29,803.1630749702454,B2-01,1,2
504,54:F0:B1:BB:5A:83,LEP,29,803.1630749702454,B2-01,1,2
505,54:F0:B1:BB:5A:84,,30,803.1630749702454,B2-01,1,2
506,54:F0:B1:BB:84:B2,,17,803.1630749702454,B2-01,1,2
507,54:F0:B1:BB:92:E0,eduroam,10,803.1630749702454,B2-01,1,2
508,54:F0:B1:BB:BE:12,,22,803.1630749702454,B2-01,1,2
509,54:F0:B1:BB:BE:13,CAEEL,14,803.1630749702454,B2-01,1,2
510,54:F0:B1:BB:C4:D0,eduroam,79,803.1630749702454,B2-01,1,2
511,54:F0:B1:BB:C4:D1,PoliSemFio,77,803.1630749702454,B2-01,1,2
512,54:F0:B1:BB:C4:D2,,77,803.1630749702454,B2-01,1,2
513,54:F0:B1:BB:C4:F0,eduroam,62,803.1630749702454,B2-01,1,2
514,54:F0:B1:BB:C4:F1,PoliSemFio,62,803.1630749702454,B2-01,1,2
515,54:F0:B1:BB:C5:C0,eduroam,24,803.1630749702454,B2-01,1,2
516,54:F0:B1:BB:C5:C1,PoliSemFio,22,803.1630749702454,B2-01,1,2
517,54:F0:B1:BB:C5:C2,,22,803.1630749702454,B2-01,1,2
518,54:F0:B1:BB:C5:C5,LABPAD,24,803.1630749702454,B2-01,1,2
519,54:F0:B1:BB:F3:20,eduroam,27,803.1630749702454,B2-01,1,2
520,54:F0:B1:BB:FD:D2,,25,803.1630749702454,B2-01,1,2
521,54:F0:B1:BC:09:40,eduroam,77,803.1630749702454,B2-01,1,2
522,54:F0:B1:BC:09:41,PoliSemFio,92,803.1630749702454,B2-01,1,2
523,54:F0:B1:BC:09:42,,95,803.1630749702454,B2-01,1,2
524,54:F0:B1:BC:09:60,eduroam,56,803.1630749702454,B2-01,1,2
525,54:F0:B1:BC:09:61,PoliSemFio,54,803.1630749702454,B2-01,1,2
526,54:F0:B1:BC:1B:D1,PoliSemFio,44,803.1630749702454,B2-01,1,2
527,54:F0:B1:BC:1B:D2,,45,803.1630749702454,B2-01,1,2
528,54:F0:B1:BC:1B:F0,eduroam,14,803.1630749702454,B2-01,1,2
529,54:F0:B1:BC:1B:F1,PoliSemFio,14,803.1630749702454,B2-01,1,2
530,54:F0:B1:BC:2E:90,eduroam,37,803.1630749702454,B2-01,1,2
531,54:F0:B1:BC:2E:92,,50,803.1630749702454,B2-01,1,2
532,54:F0:B1:BC:2E:B0,eduroam,32,803.1630749702454,B2-01,1,2
533,54:F0:B1:BC:2E:B1,PoliSemFio,32,803.1630749702454,B2-01,1,2
534,54:F0:B1:BC:3F:10,eduroam,40,803.1630749702454,B2-01,1,2
535,54:F0:B1:BC:3F:12,,24,803.1630749702454,B2-01,1,2
536,54:F0:B1:BC:65:B0,eduroam,25,803.1630749702454,B2-01,1,2
537,54:F0:B1:BC:70:00,eduroam,65,803.1630749702454,B2-01,1,2
538,54:F0:B1:BC:70:01,PoliSemFio,37,803.1630749702454,B2-01,1,2
539,54:F0:B1:BC:70:02,,40,803.1630749702454,B2-01,1,2
540,54:F0:B1:BC:70:20,eduroam,15,803.1630749702454,B2-01,1,2
541,54:F0:B1:BC:70:21,PoliSemFio,12,803.1630749702454,B2-01,1,2
542,54:F0:B1:BC:77:80,eduroam,40,803.1630749702454,B2-01,1,2
543,54:F0:B1:BC:77:82,,45,803.1630749702454,B2-01,1,2
544,54:F0:B1:BC:77:A0,eduroam,29,803.1630749702454,B2-01,1,2
545,54:F0:B1:BC:77:A1,PoliSemFio,29,803.1630749702454,B2-01,1,2
546,54:F0:B1:BC:77:A2,,22,803.1630749702454,B2-01,1,2
547,68:FF:7B:47:78:BE,C1-22M,55,803.1630749702454,B2-01,1,2
548,70:62:B8:6E:72:A0,PCS-wireless-C1-13,54,803.1630749702454,B2-01,1,2
549,70:62:B8:6E:72:A1,PPGEE,52,803.1630749702454,B2-01,1,2
550,84:D4:7E:06:4F:E0,eduroam,62,803.1630749702454,B2-01,1,2
551,84:D4:7E:06:4F:E1,PoliSemFio,65,803.1630749702454,B2-01,1,2
552,84:D4:7E:06:4F:E2,,60,803.1630749702454,B2-01,1,2
553,84:D4:7E:06:4F:F0,eduroam,20,803.1630749702454,B2-01,1,2
554,84:D4:7E:06:4F:F1,PoliSemFio,22,803.1630749702454,B2-01,1,2
555,B6:4E:26:4B:84:C2,C2-01-Guest,12,803.1630749702454,B2-01,1,2
556,C8:D7:19:D4:36:7E,lcs,10,803.1630749702454,B2-01,1,2
557,DC:9F:DB:1C:1F:D7,LWN-3,34,803.1630749702454,B2-01,1,2
558,DC:9F:DB:1C:1F:E0,LWN-3,44,803.1630749702454,B2-01,1,2
559,DE:9F:DB:1C:1F:D7,LARC Guest,34,803.1630749702454,B2-01,1,2
560,DE:9F:DB:1C:1F:E0,LARC Guest,29,803.1630749702454,B2-01,1,2
561,EE:9F:DB:1C:1F:D7,,20,803.1630749702454,B2-01,1,2
562,EE:9F:DB:1C:1F:E0,,30,803.1630749702454,B2-01,1,2
563,F8:1A:67:99:55:8E,NUCLEAR_CHF,19,803.1630749702454,B2-01,1,2
564,FE:9F:DB:1C:1F:E0,,44,803.1630749702454,B2-01,1,2
565,00:18:E7:FF:8C:98,dlink,22,809.4707028865814,B2-01,1,2
566,00:21:91:70:9D:EC,LAB-DIDATICO,29,809.4707028865814,B2-01,1,2
567,30:85:A9:69:F2:E4,PCS-Wireless-C2-22,25,809.4707028865814,B2-01,1,2
568,34:CE:00:51:3E:6F,Lab,45,809.4707028865814,B2-01,1,2
569,34:CE:00:51:3E:70,Lab_5G,17,809.4707028865814,B2-01,1,2
570,54:B8:0A:AA:2C:8D,PCS-Wireless,17,809.4707028865814,B2-01,1,2
571,54:B8:0A:AA:2C:8E,LAB_DIGITAL-5GHz,10,809.4707028865814,B2-01,1,2
572,54:B8:0A:AA:2C:8F,PCS-Wireless-5GHz,7,809.4707028865814,B2-01,1,2
573,54:F0:B1:A1:18:C0,eduroam,15,809.4707028865814,B2-01,1,2
574,54:F0:B1:A1:18:C1,PoliSemFio,19,809.4707028865814,B2-01,1,2
575,54:F0:B1:A1:18:C3,MEZANINO,15,809.4707028865814,B2-01,1,2
576,54:F0:B1:A1:18:C4,GDLAB,15,809.4707028865814,B2-01,1,2
577,54:F0:B1:A1:18:C5,LABPAD,15,809.4707028865814,B2-01,1,2
578,54:F0:B1:A1:18:D0,eduroam,37,809.4707028865814,B2-01,1,2
579,54:F0:B1:A1:18:D1,PoliSemFio,32,809.4707028865814,B2-01,1,2
580,54:F0:B1:A1:18:D2,,35,809.4707028865814,B2-01,1,2
581,54:F0:B1:A1:18:D3,MEZANINO,35,809.4707028865814,B2-01,1,2
582,54:F0:B1:A1:18:D4,GDLAB,39,809.4707028865814,B2-01,1,2
583,54:F0:B1:A1:18:D5,LABPAD,40,809.4707028865814,B2-01,1,2
584,54:F0:B1:A1:57:F0,eduroam,14,809.4707028865814,B2-01,1,2
585,54:F0:B1:A1:57:F1,PoliSemFio,14,809.4707028865814,B2-01,1,2
586,54:F0:B1:A1:57:F2,,19,809.4707028865814,B2-01,1,2
587,54:F0:B1:A1:58:00,eduroam,37,809.4707028865814,B2-01,1,2
588,54:F0:B1:A1:58:01,PoliSemFio,42,809.4707028865814,B2-01,1,2
589,54:F0:B1:A1:58:02,,42,809.4707028865814,B2-01,1,2
590,54:F0:B1:A1:E4:F0,eduroam,17,809.4707028865814,B2-01,1,2
591,54:F0:B1:A1:E4:F1,PoliSemFio,17,809.4707028865814,B2-01,1,2
592,54:F0:B1:A1:E4:F2,,24,809.4707028865814,B2-01,1,2
593,54:F0:B1:A2:57:30,eduroam,34,809.4707028865814,B2-01,1,2
594,54:F0:B1:BB:5A:80,eduroam,25,809.4707028865814,B2-01,1,2
595,54:F0:B1:BB:5A:81,PoliSemFio,34,809.4707028865814,B2-01,1,2
596,54:F0:B1:BB:5A:82,HACKER,29,809.4707028865814,B2-01,1,2
597,54:F0:B1:BB:5A:83,LEP,29,809.4707028865814,B2-01,1,2
598,54:F0:B1:BB:5A:84,,30,809.4707028865814,B2-01,1,2
599,54:F0:B1:BB:84:B2,,17,809.4707028865814,B2-01,1,2
600,54:F0:B1:BB:92:E0,eduroam,10,809.4707028865814,B2-01,1,2
601,54:F0:B1:BB:C4:D0,eduroam,64,809.4707028865814,B2-01,1,2
602,54:F0:B1:BB:C4:D1,PoliSemFio,74,809.4707028865814,B2-01,1,2
603,54:F0:B1:BB:C4:D2,,70,809.4707028865814,B2-01,1,2
604,54:F0:B1:BB:C4:F0,eduroam,50,809.4707028865814,B2-01,1,2
605,54:F0:B1:BB:C4:F1,PoliSemFio,62,809.4707028865814,B2-01,1,2
606,54:F0:B1:BB:C5:C0,eduroam,24,809.4707028865814,B2-01,1,2
607,54:F0:B1:BB:C5:C1,PoliSemFio,22,809.4707028865814,B2-01,1,2
608,54:F0:B1:BB:C5:C2,,22,809.4707028865814,B2-01,1,2
609,54:F0:B1:BB:C5:C5,LABPAD,24,809.4707028865814,B2-01,1,2
610,54:F0:B1:BB:F3:20,eduroam,27,809.4707028865814,B2-01,1,2
611,54:F0:B1:BC:09:40,eduroam,20,809.4707028865814,B2-01,1,2
612,54:F0:B1:BC:09:41,PoliSemFio,80,809.4707028865814,B2-01,1,2
613,54:F0:B1:BC:09:42,,82,809.4707028865814,B2-01,1,2
614,54:F0:B1:BC:09:60,eduroam,53,809.4707028865814,B2-01,1,2
615,54:F0:B1:BC:09:61,PoliSemFio,55,809.4707028865814,B2-01,1,2
616,54:F0:B1:BC:1B:D0,eduroam,52,809.4707028865814,B2-01,1,2
617,54:F0:B1:BC:1B:D1,PoliSemFio,44,809.4707028865814,B2-01,1,2
618,54:F0:B1:BC:1B:D2,,64,809.4707028865814,B2-01,1,2
619,54:F0:B1:BC:1B:F0,eduroam,14,809.4707028865814,B2-01,1,2
620,54:F0:B1:BC:1B:F1,PoliSemFio,14,809.4707028865814,B2-01,1,2
621,54:F0:B1:BC:2E:90,eduroam,40,809.4707028865814,B2-01,1,2
622,54:F0:B1:BC:2E:92,,54,809.4707028865814,B2-01,1,2
623,54:F0:B1:BC:2E:B0,eduroam,32,809.4707028865814,B2-01,1,2
624,54:F0:B1:BC:2E:B1,PoliSemFio,32,809.4707028865814,B2-01,1,2
625,54:F0:B1:BC:2F:50,eduroam,17,809.4707028865814,B2-01,1,2
626,54:F0:B1:BC:3F:10,eduroam,35,809.4707028865814,B2-01,1,2
627,54:F0:B1:BC:3F:12,,24,809.4707028865814,B2-01,1,2
628,54:F0:B1:BC:70:00,eduroam,50,809.4707028865814,B2-01,1,2
629,54:F0:B1:BC:70:01,PoliSemFio,50,809.4707028865814,B2-01,1,2
630,54:F0:B1:BC:70:02,,40,809.4707028865814,B2-01,1,2
631,54:F0:B1:BC:70:20,eduroam,17,809.4707028865814,B2-01,1,2
632,54:F0:B1:BC:70:21,PoliSemFio,19,809.4707028865814,B2-01,1,2
633,54:F0:B1:BC:77:80,eduroam,40,809.4707028865814,B2-01,1,2
634,54:F0:B1:BC:77:82,,30,809.4707028865814,B2-01,1,2
635,54:F0:B1:BC:77:A0,eduroam,22,809.4707028865814,B2-01,1,2
636,54:F0:B1:BC:77:A1,PoliSemFio,22,809.4707028865814,B2-01,1,2
637,54:F0:B1:BC:77:A2,,22,809.4707028865814,B2-01,1,2
638,68:FF:7B:47:78:BE,C1-22M,42,809.4707028865814,B2-01,1,2
639,70:62:B8:6E:72:A0,PCS-wireless-C1-13,34,809.4707028865814,B2-01,1,2
640,70:62:B8:6E:72:A1,PPGEE,32,809.4707028865814,B2-01,1,2
641,84:D4:7E:06:4F:E0,eduroam,72,809.4707028865814,B2-01,1,2
642,84:D4:7E:06:4F:E1,PoliSemFio,65,809.4707028865814,B2-01,1,2
643,84:D4:7E:06:4F:E2,,60,809.4707028865814,B2-01,1,2
644,84:D4:7E:06:4F:F0,eduroam,27,809.4707028865814,B2-01,1,2
645,84:D4:7E:06:4F:F1,PoliSemFio,27,809.4707028865814,B2-01,1,2
646,B6:4E:26:4B:84:C2,C2-01-Guest,12,809.4707028865814,B2-01,1,2
647,C8:D7:19:D4:36:7E,lcs,10,809.4707028865814,B2-01,1,2
648,DC:9F:DB:1C:1F:D7,LWN-3,34,809.4707028865814,B2-01,1,2
649,DC:9F:DB:1C:1F:E0,LWN-3,44,809.4707028865814,B2-01,1,2
650,DE:9F:DB:1C:1F:D7,LARC Guest,34,809.4707028865814,B2-01,1,2
651,DE:9F:DB:1C:1F:E0,LARC Guest,29,809.4707028865814,B2-01,1,2
652,EE:9F:DB:1C:1F:E0,,40,809.4707028865814,B2-01,1,2
653,F8:1A:67:99:55:8E,NUCLEAR_CHF,19,809.4707028865814,B2-01,1,2
654,FE:9F:DB:1C:1F:E0,,40,809.4707028865814,B2-01,1,2
655,00:18:E7:FF:8C:98,dlink,22,815.7857298851013,B2-01,1,2
656,00:21:91:70:9D:EC,LAB-DIDATICO,29,815.7857298851013,B2-01,1,2
657,34:60:F9:A3:D9:14,GASWIFI-2G_C2,32,815.7857298851013,B2-01,1,2
658,34:60:F9:A3:E7:3F,GASWIFI_C4,34,815.7857298851013,B2-01,1,2
659,34:CE:00:51:3E:6F,Lab,12,815.7857298851013,B2-01,1,2
660,34:CE:00:51:3E:70,Lab_5G,17,815.7857298851013,B2-01,1,2
661,48:00:20:34:D2:40,eduroam,24,815.7857298851013,B2-01,1,2
662,54:B8:0A:AA:2C:8D,PCS-Wireless,17,815.7857298851013,B2-01,1,2
663,54:B8:0A:AA:2C:8E,LAB_DIGITAL-5GHz,10,815.7857298851013,B2-01,1,2
664,54:B8:0A:AA:2C:8F,PCS-Wireless-5GHz,7,815.7857298851013,B2-01,1,2
665,54:F0:B1:A1:18:C0,eduroam,15,815.7857298851013,B2-01,1,2
666,54:F0:B1:A1:18:C1,PoliSemFio,19,815.7857298851013,B2-01,1,2
667,54:F0:B1:A1:18:C3,MEZANINO,15,815.7857298851013,B2-01,1,2
668,54:F0:B1:A1:18:C4,GDLAB,15,815.7857298851013,B2-01,1,2
669,54:F0:B1:A1:18:C5,LABPAD,15,815.7857298851013,B2-01,1,2
670,54:F0:B1:A1:18:D0,eduroam,37,815.7857298851013,B2-01,1,2
671,54:F0:B1:A1:18:D1,PoliSemFio,32,815.7857298851013,B2-01,1,2
672,54:F0:B1:A1:18:D2,,32,815.7857298851013,B2-01,1,2
673,54:F0:B1:A1:18:D3,MEZANINO,30,815.7857298851013,B2-01,1,2
674,54:F0:B1:A1:18:D4,GDLAB,39,815.7857298851013,B2-01,1,2
675,54:F0:B1:A1:18:D5,LABPAD,40,815.7857298851013,B2-01,1,2
676,54:F0:B1:A1:57:F0,eduroam,14,815.7857298851013,B2-01,1,2
677,54:F0:B1:A1:57:F1,PoliSemFio,14,815.7857298851013,B2-01,1,2
678,54:F0:B1:A1:57:F2,,19,815.7857298851013,B2-01,1,2
679,54:F0:B1:A1:58:00,eduroam,29,815.7857298851013,B2-01,1,2
680,54:F0:B1:A1:58:01,PoliSemFio,34,815.7857298851013,B2-01,1,2
681,54:F0:B1:A1:58:02,,42,815.7857298851013,B2-01,1,2
682,54:F0:B1:A1:E4:F0,eduroam,17,815.7857298851013,B2-01,1,2
683,54:F0:B1:A1:E4:F1,PoliSemFio,17,815.7857298851013,B2-01,1,2
684,54:F0:B1:A1:E4:F2,,24,815.7857298851013,B2-01,1,2
685,54:F0:B1:A2:37:E1,PoliSemFio,15,815.7857298851013,B2-01,1,2
686,54:F0:B1:A2:56:70,eduroam,17,815.7857298851013,B2-01,1,2
687,54:F0:B1:A2:57:30,eduroam,30,815.7857298851013,B2-01,1,2
688,54:F0:B1:A2:57:31,PoliSemFio,29,815.7857298851013,B2-01,1,2
689,54:F0:B1:A2:57:32,,29,815.7857298851013,B2-01,1,2
690,54:F0:B1:BB:58:A3,CAEEL,17,815.7857298851013,B2-01,1,2
691,54:F0:B1:BB:5A:80,eduroam,25,815.7857298851013,B2-01,1,2
692,54:F0:B1:BB:5A:81,PoliSemFio,35,815.7857298851013,B2-01,1,2
693,54:F0:B1:BB:5A:82,HACKER,29,815.7857298851013,B2-01,1,2
694,54:F0:B1:BB:5A:83,LEP,29,815.7857298851013,B2-01,1,2
695,54:F0:B1:BB:5A:84,,30,815.7857298851013,B2-01,1,2
696,54:F0:B1:BB:84:B2,,17,815.7857298851013,B2-01,1,2
697,54:F0:B1:BB:92:E0,eduroam,10,815.7857298851013,B2-01,1,2
698,54:F0:B1:BB:BE:11,PoliSemFio,24,815.7857298851013,B2-01,1,2
699,54:F0:B1:BB:BE:12,,22,815.7857298851013,B2-01,1,2
700,54:F0:B1:BB:C4:D0,eduroam,67,815.7857298851013,B2-01,1,2
701,54:F0:B1:BB:C4:D1,PoliSemFio,75,815.7857298851013,B2-01,1,2
702,54:F0:B1:BB:C4:D2,,75,815.7857298851013,B2-01,1,2
703,54:F0:B1:BB:C4:F0,eduroam,47,815.7857298851013,B2-01,1,2
704,54:F0:B1:BB:C4:F1,PoliSemFio,47,815.7857298851013,B2-01,1,2
705,54:F0:B1:BB:C5:C0,eduroam,24,815.7857298851013,B2-01,1,2
706,54:F0:B1:BB:C5:C1,PoliSemFio,24,815.7857298851013,B2-01,1,2
707,54:F0:B1:BB:C5:C2,,25,815.7857298851013,B2-01,1,2
708,54:F0:B1:BB:C5:C3,MEZANINO,29,815.7857298851013,B2-01,1,2
709,54:F0:B1:BB:C5:C5,LABPAD,24,815.7857298851013,B2-01,1,2
710,54:F0:B1:BB:F3:20,eduroam,27,815.7857298851013,B2-01,1,2
711,54:F0:B1:BB:FD:D0,eduroam,5,815.7857298851013,B2-01,1,2
712,54:F0:B1:BC:09:40,eduroam,75,815.7857298851013,B2-01,1,2
713,54:F0:B1:BC:09:41,PoliSemFio,80,815.7857298851013,B2-01,1,2
714,54:F0:B1:BC:09:42,,82,815.7857298851013,B2-01,1,2
715,54:F0:B1:BC:09:60,eduroam,69,815.7857298851013,B2-01,1,2
716,54:F0:B1:BC:09:61,PoliSemFio,67,815.7857298851013,B2-01,1,2
717,54:F0:B1:BC:1B:D0,eduroam,44,815.7857298851013,B2-01,1,2
718,54:F0:B1:BC:1B:D1,PoliSemFio,57,815.7857298851013,B2-01,1,2
719,54:F0:B1:BC:1B:D2,,57,815.7857298851013,B2-01,1,2
720,54:F0:B1:BC:1B:F0,eduroam,19,815.7857298851013,B2-01,1,2
721,54:F0:B1:BC:1B:F1,PoliSemFio,20,815.7857298851013,B2-01,1,2
722,54:F0:B1:BC:2E:90,eduroam,49,815.7857298851013,B2-01,1,2
723,54:F0:B1:BC:2E:92,,54,815.7857298851013,B2-01,1,2
724,54:F0:B1:BC:2E:B0,eduroam,19,815.7857298851013,B2-01,1,2
725,54:F0:B1:BC:2E:B1,PoliSemFio,17,815.7857298851013,B2-01,1,2
726,54:F0:B1:BC:2F:50,eduroam,12,815.7857298851013,B2-01,1,2
727,54:F0:B1:BC:3F:10,eduroam,35,815.7857298851013,B2-01,1,2
728,54:F0:B1:BC:3F:12,,24,815.7857298851013,B2-01,1,2
729,54:F0:B1:BC:70:00,eduroam,50,815.7857298851013,B2-01,1,2
730,54:F0:B1:BC:70:01,PoliSemFio,54,815.7857298851013,B2-01,1,2
731,54:F0:B1:BC:70:02,,54,815.7857298851013,B2-01,1,2
732,54:F0:B1:BC:70:20,eduroam,22,815.7857298851013,B2-01,1,2
733,54:F0:B1:BC:70:21,PoliSemFio,20,815.7857298851013,B2-01,1,2
734,54:F0:B1:BC:77:80,eduroam,40,815.7857298851013,B2-01,1,2
735,54:F0:B1:BC:77:82,,60,815.7857298851013,B2-01,1,2
736,54:F0:B1:BC:77:A0,eduroam,22,815.7857298851013,B2-01,1,2
737,54:F0:B1:BC:77:A1,PoliSemFio,22,815.7857298851013,B2-01,1,2
738,54:F0:B1:BC:77:A2,,22,815.7857298851013,B2-01,1,2
739,54:F0:B1:BC:8F:20,eduroam,5,815.7857298851013,B2-01,1,2
740,68:FF:7B:47:78:BE,C1-22M,35,815.7857298851013,B2-01,1,2
741,70:62:B8:6E:72:A0,PCS-wireless-C1-13,54,815.7857298851013,B2-01,1,2
742,70:62:B8:6E:72:A1,PPGEE,55,815.7857298851013,B2-01,1,2
743,84:D4:7E:06:4F:E0,eduroam,50,815.7857298851013,B2-01,1,2
744,84:D4:7E:06:4F:E1,PoliSemFio,65,815.7857298851013,B2-01,1,2
745,84:D4:7E:06:4F:E2,,60,815.7857298851013,B2-01,1,2
746,84:D4:7E:06:4F:F0,eduroam,19,815.7857298851013,B2-01,1,2
747,84:D4:7E:06:4F:F1,PoliSemFio,20,815.7857298851013,B2-01,1,2
748,B6:4E:26:4B:84:C2,C2-01-Guest,12,815.7857298851013,B2-01,1,2
749,C8:D7:19:D4:36:7E,lcs,10,815.7857298851013,B2-01,1,2
750,DC:9F:DB:1C:1F:D7,LWN-3,34,815.7857298851013,B2-01,1,2
751,DC:9F:DB:1C:1F:E0,LWN-3,44,815.7857298851013,B2-01,1,2
752,DE:9F:DB:1C:1F:D7,LARC Guest,34,815.7857298851013,B2-01,1,2
753,DE:9F:DB:1C:1F:E0,LARC Guest,29,815.7857298851013,B2-01,1,2
754,EE:9F:DB:1C:1F:E0,,42,815.7857298851013,B2-01,1,2
755,F8:1A:67:99:55:8E,NUCLEAR_CHF,19,815.7857298851013,B2-01,1,2
756,FE:9F:DB:1C:1F:E0,,42,815.7857298851013,B2-01,1,2
757,00:18:E7:FF:8C:98,dlink,22,822.075733423233,B2-01,1,2
758,00:21:91:70:9D:EC,LAB-DIDATICO,29,822.075733423233,B2-01,1,2
759,34:60:F9:A3:D9:14,GASWIFI-2G_C2,32,822.075733423233,B2-01,1,2
760,34:60:F9:A3:E7:3F,GASWIFI_C4,34,822.075733423233,B2-01,1,2
761,34:CE:00:51:3E:6F,Lab,12,822.075733423233,B2-01,1,2
762,34:CE:00:51:3E:70,Lab_5G,17,822.075733423233,B2-01,1,2
763,48:00:20:34:D2:40,eduroam,24,822.075733423233,B2-01,1,2
764,54:B8:0A:AA:2C:8D,PCS-Wireless,17,822.075733423233,B2-01,1,2
765,54:B8:0A:AA:2C:8E,LAB_DIGITAL-5GHz,10,822.075733423233,B2-01,1,2
766,54:B8:0A:AA:2C:8F,PCS-Wireless-5GHz,7,822.075733423233,B2-01,1,2
767,54:F0:B1:A1:18:C0,eduroam,15,822.075733423233,B2-01,1,2
768,54:F0:B1:A1:18:C1,PoliSemFio,19,822.075733423233,B2-01,1,2
769,54:F0:B1:A1:18:C3,MEZANINO,15,822.075733423233,B2-01,1,2
770,54:F0:B1:A1:18:C4,GDLAB,15,822.075733423233,B2-01,1,2
771,54:F0:B1:A1:18:C5,LABPAD,15,822.075733423233,B2-01,1,2
772,54:F0:B1:A1:18:D0,eduroam,37,822.075733423233,B2-01,1,2
773,54:F0:B1:A1:18:D1,PoliSemFio,32,822.075733423233,B2-01,1,2
774,54:F0:B1:A1:18:D2,,32,822.075733423233,B2-01,1,2
775,54:F0:B1:A1:18:D3,MEZANINO,30,822.075733423233,B2-01,1,2
776,54:F0:B1:A1:18:D4,GDLAB,39,822.075733423233,B2-01,1,2
777,54:F0:B1:A1:18:D5,LABPAD,40,822.075733423233,B2-01,1,2
778,54:F0:B1:A1:57:F0,eduroam,14,822.075733423233,B2-01,1,2
779,54:F0:B1:A1:57:F1,PoliSemFio,14,822.075733423233,B2-01,1,2
780,54:F0:B1:A1:57:F2,,19,822.075733423233,B2-01,1,2
781,54:F0:B1:A1:58:00,eduroam,29,822.075733423233,B2-01,1,2
782,54:F0:B1:A1:58:01,PoliSemFio,34,822.075733423233,B2-01,1,2
783,54:F0:B1:A1:58:02,,42,822.075733423233,B2-01,1,2
784,54:F0:B1:A1:E4:F0,eduroam,17,822.075733423233,B2-01,1,2
785,54:F0:B1:A1:E4:F1,PoliSemFio,17,822.075733423233,B2-01,1,2
786,54:F0:B1:A1:E4:F2,,24,822.075733423233,B2-01,1,2
787,54:F0:B1:A2:37:E1,PoliSemFio,15,822.075733423233,B2-01,1,2
788,54:F0:B1:A2:56:70,eduroam,17,822.075733423233,B2-01,1,2
789,54:F0:B1:A2:57:30,eduroam,30,822.075733423233,B2-01,1,2
790,54:F0:B1:A2:57:31,PoliSemFio,29,822.075733423233,B2-01,1,2
791,54:F0:B1:A2:57:32,,29,822.075733423233,B2-01,1,2
792,54:F0:B1:BB:58:A3,CAEEL,17,822.075733423233,B2-01,1,2
793,54:F0:B1:BB:5A:80,eduroam,25,822.075733423233,B2-01,1,2
794,54:F0:B1:BB:5A:81,PoliSemFio,35,822.075733423233,B2-01,1,2
795,54:F0:B1:BB:5A:82,HACKER,29,822.075733423233,B2-01,1,2
796,54:F0:B1:BB:5A:83,LEP,29,822.075733423233,B2-01,1,2
797,54:F0:B1:BB:5A:84,,30,822.075733423233,B2-01,1,2
798,54:F0:B1:BB:84:B2,,17,822.075733423233,B2-01,1,2
799,54:F0:B1:BB:92:E0,eduroam,10,822.075733423233,B2-01,1,2
800,54:F0:B1:BB:BE:11,PoliSemFio,24,822.075733423233,B2-01,1,2
801,54:F0:B1:BB:BE:12,,22,822.075733423233,B2-01,1,2
802,54:F0:B1:BB:C4:D0,eduroam,67,822.075733423233,B2-01,1,2
803,54:F0:B1:BB:C4:D1,PoliSemFio,75,822.075733423233,B2-01,1,2
804,54:F0:B1:BB:C4:D2,,75,822.075733423233,B2-01,1,2
805,54:F0:B1:BB:C4:F0,eduroam,47,822.075733423233,B2-01,1,2
806,54:F0:B1:BB:C4:F1,PoliSemFio,47,822.075733423233,B2-01,1,2
807,54:F0:B1:BB:C5:C0,eduroam,24,822.075733423233,B2-01,1,2
808,54:F0:B1:BB:C5:C1,PoliSemFio,24,822.075733423233,B2-01,1,2
809,54:F0:B1:BB:C5:C2,,25,822.075733423233,B2-01,1,2
810,54:F0:B1:BB:C5:C3,MEZANINO,29,822.075733423233,B2-01,1,2
811,54:F0:B1:BB:C5:C5,LABPAD,24,822.075733423233,B2-01,1,2
812,54:F0:B1:BB:F3:20,eduroam,27,822.075733423233,B2-01,1,2
813,54:F0:B1:BB:FD:D0,eduroam,5,822.075733423233,B2-01,1,2
814,54:F0:B1:BC:09:40,eduroam,75,822.075733423233,B2-01,1,2
815,54:F0:B1:BC:09:41,PoliSemFio,80,822.075733423233,B2-01,1,2
816,54:F0:B1:BC:09:42,,82,822.075733423233,B2-01,1,2
817,54:F0:B1:BC:09:60,eduroam,60,822.075733423233,B2-01,1,2
818,54:F0:B1:BC:09:61,PoliSemFio,67,822.075733423233,B2-01,1,2
819,54:F0:B1:BC:1B:D0,eduroam,44,822.075733423233,B2-01,1,2
820,54:F0:B1:BC:1B:D1,PoliSemFio,57,822.075733423233,B2-01,1,2
821,54:F0:B1:BC:1B:D2,,57,822.075733423233,B2-01,1,2
822,54:F0:B1:BC:1B:F0,eduroam,19,822.075733423233,B2-01,1,2
823,54:F0:B1:BC:1B:F1,PoliSemFio,20,822.075733423233,B2-01,1,2
824,54:F0:B1:BC:2E:90,eduroam,49,822.075733423233,B2-01,1,2
825,54:F0:B1:BC:2E:92,,54,822.075733423233,B2-01,1,2
826,54:F0:B1:BC:2E:B0,eduroam,19,822.075733423233,B2-01,1,2
827,54:F0:B1:BC:2E:B1,PoliSemFio,17,822.075733423233,B2-01,1,2
828,54:F0:B1:BC:2F:50,eduroam,12,822.075733423233,B2-01,1,2
829,54:F0:B1:BC:3F:10,eduroam,35,822.075733423233,B2-01,1,2
830,54:F0:B1:BC:3F:12,,24,822.075733423233,B2-01,1,2
831,54:F0:B1:BC:70:00,eduroam,50,822.075733423233,B2-01,1,2
832,54:F0:B1:BC:70:01,PoliSemFio,54,822.075733423233,B2-01,1,2
833,54:F0:B1:BC:70:02,,54,822.075733423233,B2-01,1,2
834,54:F0:B1:BC:70:20,eduroam,22,822.075733423233,B2-01,1,2
835,54:F0:B1:BC:70:21,PoliSemFio,20,822.075733423233,B2-01,1,2
836,54:F0:B1:BC:77:80,eduroam,40,822.075733423233,B2-01,1,2
837,54:F0:B1:BC:77:82,,60,822.075733423233,B2-01,1,2
838,54:F0:B1:BC:77:A0,eduroam,22,822.075733423233,B2-01,1,2
839,54:F0:B1:BC:77:A1,PoliSemFio,22,822.075733423233,B2-01,1,2
840,54:F0:B1:BC:77:A2,,22,822.075733423233,B2-01,1,2
841,54:F0:B1:BC:8F:20,eduroam,5,822.075733423233,B2-01,1,2
842,68:FF:7B:47:78:BE,C1-22M,35,822.075733423233,B2-01,1,2
843,70:62:B8:6E:72:A0,PCS-wireless-C1-13,54,822.075733423233,B2-01,1,2
844,70:62:B8:6E:72:A1,PPGEE,55,822.075733423233,B2-01,1,2
845,84:D4:7E:06:4F:E0,eduroam,50,822.075733423233,B2-01,1,2
846,84:D4:7E:06:4F:E1,PoliSemFio,65,822.075733423233,B2-01,1,2
847,84:D4:7E:06:4F:E2,,60,822.075733423233,B2-01,1,2
848,84:D4:7E:06:4F:F0,eduroam,19,822.075733423233,B2-01,1,2
849,84:D4:7E:06:4F:F1,PoliSemFio,20,822.075733423233,B2-01,1,2
850,B6:4E:26:4B:84:C2,C2-01-Guest,12,822.075733423233,B2-01,1,2
851,C8:D7:19:D4:36:7E,lcs,10,822.075733423233,B2-01,1,2
852,DC:9F:DB:1C:1F:D7,LWN-3,34,822.075733423233,B2-01,1,2
853,DC:9F:DB:1C:1F:E0,LWN-3,44,822.075733423233,B2-01,1,2
854,DE:9F:DB:1C:1F:D7,LARC Guest,34,822.075733423233,B2-01,1,2
855,DE:9F:DB:1C:1F:E0,LARC Guest,29,822.075733423233,B2-01,1,2
856,EE:9F:DB:1C:1F:E0,,42,822.075733423233,B2-01,1,2
857,F8:1A:67:99:55:8E,NUCLEAR_CHF,19,822.075733423233,B2-01,1,2
858,FE:9F:DB:1C:1F:E0,,42,822.075733423233,B2-01,1,2
859,00:18:E7:FF:8C:98,dlink,22,824.7131540775299,B2-01,1,2
860,00:21:91:70:9D:EC,LAB-DIDATICO,29,824.7131540775299,B2-01,1,2
861,34:60:F9:A3:D9:14,GASWIFI-2G_C2,22,824.7131540775299,B2-01,1,2
862,34:60:F9:A3:E7:3F,GASWIFI_C4,34,824.7131540775299,B2-01,1,2
863,34:CE:00:51:3E:6F,Lab,12,824.7131540775299,B2-01,1,2
864,34:CE:00:51:3E:70,Lab_5G,12,824.7131540775299,B2-01,1,2
865,48:00:20:34:D2:40,eduroam,24,824.7131540775299,B2-01,1,2
866,54:B8:0A:AA:2C:8E,LAB_DIGITAL-5GHz,10,824.7131540775299,B2-01,1,2
867,54:B8:0A:AA:2C:8F,PCS-Wireless-5GHz,7,824.7131540775299,B2-01,1,2
868,54:F0:B1:A1:18:C0,eduroam,15,824.7131540775299,B2-01,1,2
869,54:F0:B1:A1:18:C1,PoliSemFio,19,824.7131540775299,B2-01,1,2
870,54:F0:B1:A1:18:C3,MEZANINO,15,824.7131540775299,B2-01,1,2
871,54:F0:B1:A1:18:C4,GDLAB,15,824.7131540775299,B2-01,1,2
872,54:F0:B1:A1:18:C5,LABPAD,15,824.7131540775299,B2-01,1,2
873,54:F0:B1:A1:18:D0,eduroam,22,824.7131540775299,B2-01,1,2
874,54:F0:B1:A1:18:D1,PoliSemFio,32,824.7131540775299,B2-01,1,2
875,54:F0:B1:A1:18:D2,,32,824.7131540775299,B2-01,1,2
876,54:F0:B1:A1:18:D3,MEZANINO,30,824.7131540775299,B2-01,1,2
877,54:F0:B1:A1:18:D4,GDLAB,22,824.7131540775299,B2-01,1,2
878,54:F0:B1:A1:18:D5,LABPAD,40,824.7131540775299,B2-01,1,2
879,54:F0:B1:A1:57:F0,eduroam,15,824.7131540775299,B2-01,1,2
880,54:F0:B1:A1:57:F1,PoliSemFio,14,824.7131540775299,B2-01,1,2
881,54:F0:B1:A1:57:F2,,19,824.7131540775299,B2-01,1,2
882,54:F0:B1:A1:58:00,eduroam,42,824.7131540775299,B2-01,1,2
883,54:F0:B1:A1:58:01,PoliSemFio,39,824.7131540775299,B2-01,1,2
884,54:F0:B1:A1:58:02,,39,824.7131540775299,B2-01,1,2
885,54:F0:B1:A1:E4:F0,eduroam,17,824.7131540775299,B2-01,1,2
886,54:F0:B1:A1:E4:F1,PoliSemFio,17,824.7131540775299,B2-01,1,2
887,54:F0:B1:A2:37:E1,PoliSemFio,15,824.7131540775299,B2-01,1,2
888,54:F0:B1:A2:56:70,eduroam,17,824.7131540775299,B2-01,1,2
889,54:F0:B1:A2:57:30,eduroam,32,824.7131540775299,B2-01,1,2
890,54:F0:B1:A2:57:31,PoliSemFio,29,824.7131540775299,B2-01,1,2
891,54:F0:B1:A2:57:32,,29,824.7131540775299,B2-01,1,2
892,54:F0:B1:A2:57:33,LCA,27,824.7131540775299,B2-01,1,2
893,54:F0:B1:BB:58:A3,CAEEL,17,824.7131540775299,B2-01,1,2
894,54:F0:B1:BB:5A:80,eduroam,25,824.7131540775299,B2-01,1,2
895,54:F0:B1:BB:5A:81,PoliSemFio,35,824.7131540775299,B2-01,1,2
896,54:F0:B1:BB:5A:82,HACKER,30,824.7131540775299,B2-01,1,2
897,54:F0:B1:BB:5A:83,LEP,24,824.7131540775299,B2-01,1,2
898,54:F0:B1:BB:5A:84,,30,824.7131540775299,B2-01,1,2
899,54:F0:B1:BB:84:B2,,17,824.7131540775299,B2-01,1,2
900,54:F0:B1:BB:BE:11,PoliSemFio,24,824.7131540775299,B2-01,1,2
901,54:F0:B1:BB:BE:12,,22,824.7131540775299,B2-01,1,2
902,54:F0:B1:BB:C4:D0,eduroam,35,824.7131540775299,B2-01,1,2
903,54:F0:B1:BB:C4:D1,PoliSemFio,75,824.7131540775299,B2-01,1,2
904,54:F0:B1:BB:C4:D2,,52,824.7131540775299,B2-01,1,2
905,54:F0:B1:BB:C4:F0,eduroam,47,824.7131540775299,B2-01,1,2
906,54:F0:B1:BB:C4:F1,PoliSemFio,54,824.7131540775299,B2-01,1,2
907,54:F0:B1:BB:C5:C0,eduroam,19,824.7131540775299,B2-01,1,2
908,54:F0:B1:BB:C5:C1,PoliSemFio,24,824.7131540775299,B2-01,1,2
909,54:F0:B1:BB:C5:C2,,25,824.7131540775299,B2-01,1,2
910,54:F0:B1:BB:C5:C3,MEZANINO,29,824.7131540775299,B2-01,1,2
911,54:F0:B1:BB:C5:C5,LABPAD,24,824.7131540775299,B2-01,1,2
912,54:F0:B1:BB:F3:20,eduroam,29,824.7131540775299,B2-01,1,2
913,54:F0:B1:BB:FD:D0,eduroam,5,824.7131540775299,B2-01,1,2
914,54:F0:B1:BC:09:40,eduroam,69,824.7131540775299,B2-01,1,2
915,54:F0:B1:BC:09:41,PoliSemFio,80,824.7131540775299,B2-01,1,2
916,54:F0:B1:BC:09:42,,82,824.7131540775299,B2-01,1,2
917,54:F0:B1:BC:09:60,eduroam,68,824.7131540775299,B2-01,1,2
918,54:F0:B1:BC:09:61,PoliSemFio,65,824.7131540775299,B2-01,1,2
919,54:F0:B1:BC:1B:D0,eduroam,44,824.7131540775299,B2-01,1,2
920,54:F0:B1:BC:1B:D1,PoliSemFio,54,824.7131540775299,B2-01,1,2
921,54:F0:B1:BC:1B:D2,,52,824.7131540775299,B2-01,1,2
922,54:F0:B1:BC:1B:F0,eduroam,19,824.7131540775299,B2-01,1,2
923,54:F0:B1:BC:1B:F1,PoliSemFio,20,824.7131540775299,B2-01,1,2
924,54:F0:B1:BC:2E:90,eduroam,42,824.7131540775299,B2-01,1,2
925,54:F0:B1:BC:2E:92,,54,824.7131540775299,B2-01,1,2
926,54:F0:B1:BC:2E:B0,eduroam,22,824.7131540775299,B2-01,1,2
927,54:F0:B1:BC:2E:B1,PoliSemFio,22,824.7131540775299,B2-01,1,2
928,54:F0:B1:BC:2F:50,eduroam,12,824.7131540775299,B2-01,1,2
929,54:F0:B1:BC:3F:10,eduroam,35,824.7131540775299,B2-01,1,2
930,54:F0:B1:BC:3F:12,,30,824.7131540775299,B2-01,1,2
931,54:F0:B1:BC:70:00,eduroam,50,824.7131540775299,B2-01,1,2
932,54:F0:B1:BC:70:01,PoliSemFio,54,824.7131540775299,B2-01,1,2
933,54:F0:B1:BC:70:02,,44,824.7131540775299,B2-01,1,2
934,54:F0:B1:BC:70:20,eduroam,15,824.7131540775299,B2-01,1,2
935,54:F0:B1:BC:70:21,PoliSemFio,15,824.7131540775299,B2-01,1,2
936,54:F0:B1:BC:77:80,eduroam,40,824.7131540775299,B2-01,1,2
937,54:F0:B1:BC:77:82,,44,824.7131540775299,B2-01,1,2
938,54:F0:B1:BC:77:A0,eduroam,20,824.7131540775299,B2-01,1,2
939,54:F0:B1:BC:77:A1,PoliSemFio,20,824.7131540775299,B2-01,1,2
940,54:F0:B1:BC:77:A2,,22,824.7131540775299,B2-01,1,2
941,54:F0:B1:BC:8F:20,eduroam,5,824.7131540775299,B2-01,1,2
942,68:FF:7B:47:78:BE,C1-22M,40,824.7131540775299,B2-01,1,2
943,70:62:B8:6E:72:A0,PCS-wireless-C1-13,49,824.7131540775299,B2-01,1,2
944,70:62:B8:6E:72:A1,PPGEE,47,824.7131540775299,B2-01,1,2
945,84:D4:7E:06:4F:E0,eduroam,74,824.7131540775299,B2-01,1,2
946,84:D4:7E:06:4F:E1,PoliSemFio,67,824.7131540775299,B2-01,1,2
947,84:D4:7E:06:4F:E2,,60,824.7131540775299,B2-01,1,2
948,84:D4:7E:06:4F:F0,eduroam,27,824.7131540775299,B2-01,1,2
949,84:D4:7E:06:4F:F1,PoliSemFio,27,824.7131540775299,B2-01,1,2
950,B6:4E:26:4B:84:C2,C2-01-Guest,12,824.7131540775299,B2-01,1,2
951,C8:D7:19:D4:36:7E,lcs,10,824.7131540775299,B2-01,1,2
952,DC:9F:DB:1C:1F:E0,LWN-3,44,824.7131540775299,B2-01,1,2
953,DE:9F:DB:1C:1F:E0,LARC Guest,29,824.7131540775299,B2-01,1,2
954,EE:9F:DB:1C:1F:E0,,40,824.7131540775299,B2-01,1,2
955,FE:9F:DB:1C:1F:E0,,42,824.7131540775299,B2-01,1,2
956,00:21:91:70:9D:EC,LAB-DIDATICO,29,830.9869782924652,B2-01,1,2
957,34:60:F9:A3:D9:14,GASWIFI-2G_C2,35,830.9869782924652,B2-01,1,2
958,34:60:F9:A3:E7:3F,GASWIFI_C4,34,830.9869782924652,B2-01,1,2
959,34:CE:00:51:3E:6F,Lab,50,830.9869782924652,B2-01,1,2
960,34:CE:00:51:3E:70,Lab_5G,17,830.9869782924652,B2-01,1,2
961,48:00:20:34:D2:40,eduroam,22,830.9869782924652,B2-01,1,2
962,54:B8:0A:AA:2C:8C,LAB_DIGITAL,54,830.9869782924652,B2-01,1,2
963,54:F0:B1:A1:18:C0,eduroam,15,830.9869782924652,B2-01,1,2
964,54:F0:B1:A1:18:C1,PoliSemFio,19,830.9869782924652,B2-01,1,2
965,54:F0:B1:A1:18:C3,MEZANINO,15,830.9869782924652,B2-01,1,2
966,54:F0:B1:A1:18:C4,GDLAB,15,830.9869782924652,B2-01,1,2
967,54:F0:B1:A1:18:C5,LABPAD,15,830.9869782924652,B2-01,1,2
968,54:F0:B1:A1:18:D0,eduroam,22,830.9869782924652,B2-01,1,2
969,54:F0:B1:A1:18:D1,PoliSemFio,32,830.9869782924652,B2-01,1,2
970,54:F0:B1:A1:18:D2,,34,830.9869782924652,B2-01,1,2
971,54:F0:B1:A1:18:D3,MEZANINO,30,830.9869782924652,B2-01,1,2
972,54:F0:B1:A1:18:D4,GDLAB,30,830.9869782924652,B2-01,1,2
973,54:F0:B1:A1:18:D5,LABPAD,40,830.9869782924652,B2-01,1,2
974,54:F0:B1:A1:57:F0,eduroam,15,830.9869782924652,B2-01,1,2
975,54:F0:B1:A1:57:F1,PoliSemFio,14,830.9869782924652,B2-01,1,2
976,54:F0:B1:A1:57:F2,,19,830.9869782924652,B2-01,1,2
977,54:F0:B1:A1:58:00,eduroam,32,830.9869782924652,B2-01,1,2
978,54:F0:B1:A1:58:01,PoliSemFio,37,830.9869782924652,B2-01,1,2
979,54:F0:B1:A1:58:02,,37,830.9869782924652,B2-01,1,2
980,54:F0:B1:A1:E4:F0,eduroam,17,830.9869782924652,B2-01,1,2
981,54:F0:B1:A1:E4:F1,PoliSemFio,17,830.9869782924652,B2-01,1,2
982,54:F0:B1:A1:E5:00,eduroam,29,830.9869782924652,B2-01,1,2
983,54:F0:B1:A2:37:E1,PoliSemFio,15,830.9869782924652,B2-01,1,2
984,54:F0:B1:A2:56:70,eduroam,17,830.9869782924652,B2-01,1,2
985,54:F0:B1:A2:57:30,eduroam,29,830.9869782924652,B2-01,1,2
986,54:F0:B1:A2:57:31,PoliSemFio,25,830.9869782924652,B2-01,1,2
987,54:F0:B1:A2:57:32,,25,830.9869782924652,B2-01,1,2
988,54:F0:B1:A2:57:33,LCA,27,830.9869782924652,B2-01,1,2
989,54:F0:B1:BB:58:A0,eduroam,15,830.9869782924652,B2-01,1,2
990,54:F0:B1:BB:58:A3,CAEEL,17,830.9869782924652,B2-01,1,2
991,54:F0:B1:BB:5A:80,eduroam,25,830.9869782924652,B2-01,1,2
992,54:F0:B1:BB:5A:81,PoliSemFio,35,830.9869782924652,B2-01,1,2
993,54:F0:B1:BB:5A:82,HACKER,30,830.9869782924652,B2-01,1,2
994,54:F0:B1:BB:5A:83,LEP,24,830.9869782924652,B2-01,1,2
995,54:F0:B1:BB:84:B2,,17,830.9869782924652,B2-01,1,2
996,54:F0:B1:BB:BE:11,PoliSemFio,24,830.9869782924652,B2-01,1,2
997,54:F0:B1:BB:BE:12,,25,830.9869782924652,B2-01,1,2
998,54:F0:B1:BB:C4:D0,eduroam,75,830.9869782924652,B2-01,1,2
999,54:F0:B1:BB:C4:D1,PoliSemFio,75,830.9869782924652,B2-01,1,2
1000,54:F0:B1:BB:C4:D2,,75,830.9869782924652,B2-01,1,2
1001,54:F0:B1:BB:C4:F0,eduroam,45,830.9869782924652,B2-01,1,2
1002,54:F0:B1:BB:C4:F1,PoliSemFio,45,830.9869782924652,B2-01,1,2
1003,54:F0:B1:BB:C5:C0,eduroam,19,830.9869782924652,B2-01,1,2
1004,54:F0:B1:BB:C5:C1,PoliSemFio,24,830.9869782924652,B2-01,1,2
1005,54:F0:B1:BB:C5:C2,,25,830.9869782924652,B2-01,1,2
1006,54:F0:B1:BB:C5:C3,MEZANINO,29,830.9869782924652,B2-01,1,2
1007,54:F0:B1:BB:F3:20,eduroam,29,830.9869782924652,B2-01,1,2
1008,54:F0:B1:BB:FD:D0,eduroam,5,830.9869782924652,B2-01,1,2
1009,54:F0:B1:BC:09:40,eduroam,74,830.9869782924652,B2-01,1,2
1010,54:F0:B1:BC:09:41,PoliSemFio,80,830.9869782924652,B2-01,1,2
1011,54:F0:B1:BC:09:42,,82,830.9869782924652,B2-01,1,2
1012,54:F0:B1:BC:09:60,eduroam,63,830.9869782924652,B2-01,1,2
1013,54:F0:B1:BC:09:61,PoliSemFio,69,830.9869782924652,B2-01,1,2
1014,54:F0:B1:BC:1B:D0,eduroam,44,830.9869782924652,B2-01,1,2
1015,54:F0:B1:BC:1B:D1,PoliSemFio,59,830.9869782924652,B2-01,1,2
1016,54:F0:B1:BC:1B:D2,,55,830.9869782924652,B2-01,1,2
1017,54:F0:B1:BC:1B:F0,eduroam,15,830.9869782924652,B2-01,1,2
1018,54:F0:B1:BC:1B:F1,PoliSemFio,19,830.9869782924652,B2-01,1,2
1019,54:F0:B1:BC:2E:90,eduroam,42,830.9869782924652,B2-01,1,2
1020,54:F0:B1:BC:2E:92,,54,830.9869782924652,B2-01,1,2
1021,54:F0:B1:BC:2E:B0,eduroam,15,830.9869782924652,B2-01,1,2
1022,54:F0:B1:BC:2E:B1,PoliSemFio,15,830.9869782924652,B2-01,1,2
1023,54:F0:B1:BC:2F:50,eduroam,12,830.9869782924652,B2-01,1,2
1024,54:F0:B1:BC:3F:10,eduroam,35,830.9869782924652,B2-01,1,2
1025,54:F0:B1:BC:3F:12,,30,830.9869782924652,B2-01,1,2
1026,54:F0:B1:BC:70:00,eduroam,64,830.9869782924652,B2-01,1,2
1027,54:F0:B1:BC:70:01,PoliSemFio,57,830.9869782924652,B2-01,1,2
1028,54:F0:B1:BC:70:02,,44,830.9869782924652,B2-01,1,2
1029,54:F0:B1:BC:70:20,eduroam,22,830.9869782924652,B2-01,1,2
1030,54:F0:B1:BC:70:21,PoliSemFio,24,830.9869782924652,B2-01,1,2
1031,54:F0:B1:BC:77:82,,44,830.9869782924652,B2-01,1,2
1032,54:F0:B1:BC:77:A0,eduroam,20,830.9869782924652,B2-01,1,2
1033,54:F0:B1:BC:77:A1,PoliSemFio,20,830.9869782924652,B2-01,1,2
1034,54:F0:B1:BC:8F:20,eduroam,14,830.9869782924652,B2-01,1,2
1035,68:FF:7B:47:78:BE,C1-22M,34,830.9869782924652,B2-01,1,2
1036,70:62:B8:6E:72:A0,PCS-wireless-C1-13,55,830.9869782924652,B2-01,1,2
1037,70:62:B8:6E:72:A1,PPGEE,55,830.9869782924652,B2-01,1,2
1038,84:D4:7E:06:4F:E0,eduroam,52,830.9869782924652,B2-01,1,2
1039,84:D4:7E:06:4F:E1,PoliSemFio,67,830.9869782924652,B2-01,1,2
1040,84:D4:7E:06:4F:F0,eduroam,17,830.9869782924652,B2-01,1,2
1041,84:D4:7E:06:4F:F1,PoliSemFio,19,830.9869782924652,B2-01,1,2
1042,B6:4E:26:4B:84:C2,C2-01-Guest,12,830.9869782924652,B2-01,1,2
1043,C8:D7:19:D4:36:7E,lcs,10,830.9869782924652,B2-01,1,2
1044,DC:9F:DB:1C:1F:E0,LWN-3,44,830.9869782924652,B2-01,1,2
1045,EE:9F:DB:1C:1F:E0,,44,830.9869782924652,B2-01,1,2
1046,F8:1A:67:99:55:8E,NUCLEAR_CHF,25,830.9869782924652,B2-01,1,2
1047,FE:9F:DB:1C:1F:E0,,44,830.9869782924652,B2-01,1,2
1048,00:21:91:70:9D:EC,LAB-DIDATICO,29,840.8886435031891,B2-01,1,2
1049,34:60:F9:A3:D9:14,GASWIFI-2G_C2,22,840.8886435031891,B2-01,1,2
1050,34:60:F9:A3:E7:3F,GASWIFI_C4,34,840.8886435031891,B2-01,1,2
1051,34:CE:00:51:3E:6F,Lab,40,840.8886435031891,B2-01,1,2
1052,34:CE:00:51:3E:70,Lab_5G,7,840.8886435031891,B2-01,1,2
1053,48:00:20:34:D2:40,eduroam,22,840.8886435031891,B2-01,1,2
1054,54:B8:0A:AA:2C:8C,LAB_DIGITAL,54,840.8886435031891,B2-01,1,2
1055,54:B8:0A:AA:2C:8D,PCS-Wireless,52,840.8886435031891,B2-01,1,2
1056,54:F0:B1:A1:18:C0,eduroam,15,840.8886435031891,B2-01,1,2
1057,54:F0:B1:A1:18:C1,PoliSemFio,19,840.8886435031891,B2-01,1,2
1058,54:F0:B1:A1:18:C3,MEZANINO,15,840.8886435031891,B2-01,1,2
1059,54:F0:B1:A1:18:C4,GDLAB,15,840.8886435031891,B2-01,1,2
1060,54:F0:B1:A1:18:C5,LABPAD,15,840.8886435031891,B2-01,1,2
1061,54:F0:B1:A1:18:D0,eduroam,22,840.8886435031891,B2-01,1,2
1062,54:F0:B1:A1:18:D1,PoliSemFio,32,840.8886435031891,B2-01,1,2
1063,54:F0:B1:A1:18:D2,,34,840.8886435031891,B2-01,1,2
1064,54:F0:B1:A1:18:D3,MEZANINO,30,840.8886435031891,B2-01,1,2
1065,54:F0:B1:A1:18:D4,GDLAB,20,840.8886435031891,B2-01,1,2
1066,54:F0:B1:A1:18:D5,LABPAD,19,840.8886435031891,B2-01,1,2
1067,54:F0:B1:A1:57:F0,eduroam,15,840.8886435031891,B2-01,1,2
1068,54:F0:B1:A1:57:F1,PoliSemFio,14,840.8886435031891,B2-01,1,2
1069,54:F0:B1:A1:58:00,eduroam,37,840.8886435031891,B2-01,1,2
1070,54:F0:B1:A1:58:01,PoliSemFio,37,840.8886435031891,B2-01,1,2
1071,54:F0:B1:A1:58:02,,37,840.8886435031891,B2-01,1,2
1072,54:F0:B1:A1:E5:00,eduroam,29,840.8886435031891,B2-01,1,2
1073,54:F0:B1:A2:37:E1,PoliSemFio,15,840.8886435031891,B2-01,1,2
1074,54:F0:B1:A2:56:70,eduroam,17,840.8886435031891,B2-01,1,2
1075,54:F0:B1:A2:57:30,eduroam,22,840.8886435031891,B2-01,1,2
1076,54:F0:B1:A2:57:31,PoliSemFio,25,840.8886435031891,B2-01,1,2
1077,54:F0:B1:A2:57:32,,25,840.8886435031891,B2-01,1,2
1078,54:F0:B1:A2:57:33,LCA,27,840.8886435031891,B2-01,1,2
1079,54:F0:B1:BB:58:A0,eduroam,15,840.8886435031891,B2-01,1,2
1080,54:F0:B1:BB:58:A3,CAEEL,17,840.8886435031891,B2-01,1,2
1081,54:F0:B1:BB:5A:80,eduroam,25,840.8886435031891,B2-01,1,2
1082,54:F0:B1:BB:5A:81,PoliSemFio,35,840.8886435031891,B2-01,1,2
1083,54:F0:B1:BB:5A:82,HACKER,19,840.8886435031891,B2-01,1,2
1084,54:F0:B1:BB:5A:83,LEP,24,840.8886435031891,B2-01,1,2
1085,54:F0:B1:BB:BE:11,PoliSemFio,24,840.8886435031891,B2-01,1,2
1086,54:F0:B1:BB:BE:12,,25,840.8886435031891,B2-01,1,2
1087,54:F0:B1:BB:C4:D0,eduroam,52,840.8886435031891,B2-01,1,2
1088,54:F0:B1:BB:C4:D1,PoliSemFio,52,840.8886435031891,B2-01,1,2
1089,54:F0:B1:BB:C4:D2,,75,840.8886435031891,B2-01,1,2
1090,54:F0:B1:BB:C4:F0,eduroam,45,840.8886435031891,B2-01,1,2
1091,54:F0:B1:BB:C4:F1,PoliSemFio,45,840.8886435031891,B2-01,1,2
1092,54:F0:B1:BB:C5:C0,eduroam,19,840.8886435031891,B2-01,1,2
1093,54:F0:B1:BB:C5:C1,PoliSemFio,24,840.8886435031891,B2-01,1,2
1094,54:F0:B1:BB:C5:C2,,25,840.8886435031891,B2-01,1,2
1095,54:F0:B1:BB:C5:C3,MEZANINO,29,840.8886435031891,B2-01,1,2
1096,54:F0:B1:BB:F3:20,eduroam,29,840.8886435031891,B2-01,1,2
1097,54:F0:B1:BB:FD:D0,eduroam,5,840.8886435031891,B2-01,1,2
1098,54:F0:B1:BC:09:40,eduroam,65,840.8886435031891,B2-01,1,2
1099,54:F0:B1:BC:09:41,PoliSemFio,80,840.8886435031891,B2-01,1,2
1100,54:F0:B1:BC:09:42,,82,840.8886435031891,B2-01,1,2
1101,54:F0:B1:BC:09:60,eduroam,64,840.8886435031891,B2-01,1,2
1102,54:F0:B1:BC:09:61,PoliSemFio,62,840.8886435031891,B2-01,1,2
1103,54:F0:B1:BC:1B:D0,eduroam,44,840.8886435031891,B2-01,1,2
1104,54:F0:B1:BC:1B:D1,PoliSemFio,59,840.8886435031891,B2-01,1,2
1105,54:F0:B1:BC:1B:D2,,49,840.8886435031891,B2-01,1,2
1106,54:F0:B1:BC:1B:F0,eduroam,15,840.8886435031891,B2-01,1,2
1107,54:F0:B1:BC:1B:F1,PoliSemFio,19,840.8886435031891,B2-01,1,2
1108,54:F0:B1:BC:2E:90,eduroam,42,840.8886435031891,B2-01,1,2
1109,54:F0:B1:BC:2E:92,,45,840.8886435031891,B2-01,1,2
1110,54:F0:B1:BC:2E:B0,eduroam,19,840.8886435031891,B2-01,1,2
1111,54:F0:B1:BC:2E:B1,PoliSemFio,20,840.8886435031891,B2-01,1,2
1112,54:F0:B1:BC:2F:50,eduroam,12,840.8886435031891,B2-01,1,2
1113,54:F0:B1:BC:3F:10,eduroam,35,840.8886435031891,B2-01,1,2
1114,54:F0:B1:BC:3F:12,,30,840.8886435031891,B2-01,1,2
1115,54:F0:B1:BC:70:00,eduroam,42,840.8886435031891,B2-01,1,2
1116,54:F0:B1:BC:70:01,PoliSemFio,45,840.8886435031891,B2-01,1,2
1117,54:F0:B1:BC:70:02,,44,840.8886435031891,B2-01,1,2
1118,54:F0:B1:BC:70:20,eduroam,12,840.8886435031891,B2-01,1,2
1119,54:F0:B1:BC:70:21,PoliSemFio,12,840.8886435031891,B2-01,1,2
1120,54:F0:B1:BC:77:82,,44,840.8886435031891,B2-01,1,2
1121,54:F0:B1:BC:77:A0,eduroam,22,840.8886435031891,B2-01,1,2
1122,54:F0:B1:BC:77:A1,PoliSemFio,22,840.8886435031891,B2-01,1,2
1123,54:F0:B1:BC:8F:20,eduroam,14,840.8886435031891,B2-01,1,2
1124,68:FF:7B:47:78:BE,C1-22M,34,840.8886435031891,B2-01,1,2
1125,70:62:B8:6E:72:A0,PCS-wireless-C1-13,45,840.8886435031891,B2-01,1,2
1126,70:62:B8:6E:72:A1,PPGEE,47,840.8886435031891,B2-01,1,2
1127,84:D4:7E:06:4F:E0,eduroam,52,840.8886435031891,B2-01,1,2
1128,84:D4:7E:06:4F:E1,PoliSemFio,69,840.8886435031891,B2-01,1,2
1129,84:D4:7E:06:4F:F0,eduroam,25,840.8886435031891,B2-01,1,2
1130,84:D4:7E:06:4F:F1,PoliSemFio,25,840.8886435031891,B2-01,1,2
1131,EE:9F:DB:1C:1F:E0,,32,840.8886435031891,B2-01,1,2
1132,F8:1A:67:99:55:8E,NUCLEAR_CHF,22,840.8886435031891,B2-01,1,2
1133,FE:9F:DB:1C:1F:E0,,32,840.8886435031891,B2-01,1,2
1134,00:21:91:70:9D:EC,LAB-DIDATICO,29,843.5092630386353,B2-01,1,2
1135,34:60:F9:A3:D9:14,GASWIFI-2G_C2,22,843.5092630386353,B2-01,1,2
1136,34:60:F9:A3:E7:3F,GASWIFI_C4,34,843.5092630386353,B2-01,1,2
1137,34:CE:00:51:3E:6F,Lab,40,843.5092630386353,B2-01,1,2
1138,34:CE:00:51:3E:70,Lab_5G,7,843.5092630386353,B2-01,1,2
1139,48:00:20:34:D2:40,eduroam,22,843.5092630386353,B2-01,1,2
1140,54:B8:0A:AA:2C:8C,LAB_DIGITAL,54,843.5092630386353,B2-01,1,2
1141,54:B8:0A:AA:2C:8D,PCS-Wireless,52,843.5092630386353,B2-01,1,2
1142,54:F0:B1:A1:18:C0,eduroam,15,843.5092630386353,B2-01,1,2
1143,54:F0:B1:A1:18:C1,PoliSemFio,19,843.5092630386353,B2-01,1,2
1144,54:F0:B1:A1:18:C3,MEZANINO,15,843.5092630386353,B2-01,1,2
1145,54:F0:B1:A1:18:C4,GDLAB,15,843.5092630386353,B2-01,1,2
1146,54:F0:B1:A1:18:C5,LABPAD,15,843.5092630386353,B2-01,1,2
1147,54:F0:B1:A1:18:D0,eduroam,22,843.5092630386353,B2-01,1,2
1148,54:F0:B1:A1:18:D1,PoliSemFio,32,843.5092630386353,B2-01,1,2
1149,54:F0:B1:A1:18:D2,,34,843.5092630386353,B2-01,1,2
1150,54:F0:B1:A1:18:D3,MEZANINO,30,843.5092630386353,B2-01,1,2
1151,54:F0:B1:A1:18:D4,GDLAB,20,843.5092630386353,B2-01,1,2
1152,54:F0:B1:A1:18:D5,LABPAD,19,843.5092630386353,B2-01,1,2
1153,54:F0:B1:A1:57:F0,eduroam,15,843.5092630386353,B2-01,1,2
1154,54:F0:B1:A1:57:F1,PoliSemFio,14,843.5092630386353,B2-01,1,2
1155,54:F0:B1:A1:58:00,eduroam,37,843.5092630386353,B2-01,1,2
1156,54:F0:B1:A1:58:01,PoliSemFio,37,843.5092630386353,B2-01,1,2
1157,54:F0:B1:A1:58:02,,37,843.5092630386353,B2-01,1,2
1158,54:F0:B1:A1:E5:00,eduroam,29,843.5092630386353,B2-01,1,2
1159,54:F0:B1:A2:37:E1,PoliSemFio,15,843.5092630386353,B2-01,1,2
1160,54:F0:B1:A2:56:70,eduroam,17,843.5092630386353,B2-01,1,2
1161,54:F0:B1:A2:57:30,eduroam,22,843.5092630386353,B2-01,1,2
1162,54:F0:B1:A2:57:31,PoliSemFio,25,843.5092630386353,B2-01,1,2
1163,54:F0:B1:A2:57:32,,25,843.5092630386353,B2-01,1,2
1164,54:F0:B1:A2:57:33,LCA,27,843.5092630386353,B2-01,1,2
1165,54:F0:B1:BB:58:A0,eduroam,15,843.5092630386353,B2-01,1,2
1166,54:F0:B1:BB:58:A3,CAEEL,17,843.5092630386353,B2-01,1,2
1167,54:F0:B1:BB:5A:80,eduroam,25,843.5092630386353,B2-01,1,2
1168,54:F0:B1:BB:5A:81,PoliSemFio,35,843.5092630386353,B2-01,1,2
1169,54:F0:B1:BB:5A:82,HACKER,19,843.5092630386353,B2-01,1,2
1170,54:F0:B1:BB:5A:83,LEP,24,843.5092630386353,B2-01,1,2
1171,54:F0:B1:BB:BE:11,PoliSemFio,24,843.5092630386353,B2-01,1,2
1172,54:F0:B1:BB:BE:12,,25,843.5092630386353,B2-01,1,2
1173,54:F0:B1:BB:C4:D0,eduroam,52,843.5092630386353,B2-01,1,2
1174,54:F0:B1:BB:C4:D1,PoliSemFio,52,843.5092630386353,B2-01,1,2
1175,54:F0:B1:BB:C4:D2,,75,843.5092630386353,B2-01,1,2
1176,54:F0:B1:BB:C4:F0,eduroam,45,843.5092630386353,B2-01,1,2
1177,54:F0:B1:BB:C4:F1,PoliSemFio,45,843.5092630386353,B2-01,1,2
1178,54:F0:B1:BB:C5:C0,eduroam,19,843.5092630386353,B2-01,1,2
1179,54:F0:B1:BB:C5:C1,PoliSemFio,24,843.5092630386353,B2-01,1,2
1180,54:F0:B1:BB:C5:C2,,25,843.5092630386353,B2-01,1,2
1181,54:F0:B1:BB:C5:C3,MEZANINO,29,843.5092630386353,B2-01,1,2
1182,54:F0:B1:BB:F3:20,eduroam,29,843.5092630386353,B2-01,1,2
1183,54:F0:B1:BB:FD:D0,eduroam,5,843.5092630386353,B2-01,1,2
1184,54:F0:B1:BC:09:40,eduroam,65,843.5092630386353,B2-01,1,2
1185,54:F0:B1:BC:09:41,PoliSemFio,80,843.5092630386353,B2-01,1,2
1186,54:F0:B1:BC:09:42,,82,843.5092630386353,B2-01,1,2
1187,54:F0:B1:BC:09:60,eduroam,65,843.5092630386353,B2-01,1,2
1188,54:F0:B1:BC:09:61,PoliSemFio,62,843.5092630386353,B2-01,1,2
1189,54:F0:B1:BC:1B:D0,eduroam,44,843.5092630386353,B2-01,1,2
1190,54:F0:B1:BC:1B:D1,PoliSemFio,59,843.5092630386353,B2-01,1,2
1191,54:F0:B1:BC:1B:D2,,49,843.5092630386353,B2-01,1,2
1192,54:F0:B1:BC:1B:F0,eduroam,15,843.5092630386353,B2-01,1,2
1193,54:F0:B1:BC:1B:F1,PoliSemFio,19,843.5092630386353,B2-01,1,2
1194,54:F0:B1:BC:2E:90,eduroam,42,843.5092630386353,B2-01,1,2
1195,54:F0:B1:BC:2E:92,,45,843.5092630386353,B2-01,1,2
1196,54:F0:B1:BC:2E:B0,eduroam,19,843.5092630386353,B2-01,1,2
1197,54:F0:B1:BC:2E:B1,PoliSemFio,20,843.5092630386353,B2-01,1,2
1198,54:F0:B1:BC:2F:50,eduroam,12,843.5092630386353,B2-01,1,2
1199,54:F0:B1:BC:3F:10,eduroam,35,843.5092630386353,B2-01,1,2
1200,54:F0:B1:BC:3F:12,,30,843.5092630386353,B2-01,1,2
1201,54:F0:B1:BC:70:00,eduroam,42,843.5092630386353,B2-01,1,2
1202,54:F0:B1:BC:70:01,PoliSemFio,45,843.5092630386353,B2-01,1,2
1203,54:F0:B1:BC:70:02,,44,843.5092630386353,B2-01,1,2
1204,54:F0:B1:BC:70:20,eduroam,12,843.5092630386353,B2-01,1,2
1205,54:F0:B1:BC:70:21,PoliSemFio,12,843.5092630386353,B2-01,1,2
1206,54:F0:B1:BC:77:82,,44,843.5092630386353,B2-01,1,2
1207,54:F0:B1:BC:77:A0,eduroam,22,843.5092630386353,B2-01,1,2
1208,54:F0:B1:BC:77:A1,PoliSemFio,22,843.5092630386353,B2-01,1,2
1209,54:F0:B1:BC:8F:20,eduroam,14,843.5092630386353,B2-01,1,2
1210,68:FF:7B:47:78:BE,C1-22M,34,843.5092630386353,B2-01,1,2
1211,70:62:B8:6E:72:A0,PCS-wireless-C1-13,45,843.5092630386353,B2-01,1,2
1212,70:62:B8:6E:72:A1,PPGEE,47,843.5092630386353,B2-01,1,2
1213,84:D4:7E:06:4F:E0,eduroam,52,843.5092630386353,B2-01,1,2
1214,84:D4:7E:06:4F:E1,PoliSemFio,69,843.5092630386353,B2-01,1,2
1215,84:D4:7E:06:4F:F0,eduroam,25,843.5092630386353,B2-01,1,2
1216,84:D4:7E:06:4F:F1,PoliSemFio,25,843.5092630386353,B2-01,1,2
1217,EE:9F:DB:1C:1F:E0,,32,843.5092630386353,B2-01,1,2
1218,F8:1A:67:99:55:8E,NUCLEAR_CHF,22,843.5092630386353,B2-01,1,2
1219,FE:9F:DB:1C:1F:E0,,32,843.5092630386353,B2-01,1,2
1220,00:21:91:70:9D:EC,LAB-DIDATICO,29,849.8249523639679,B2-01,1,2
1221,34:60:F9:A3:D9:14,GASWIFI-2G_C2,35,849.8249523639679,B2-01,1,2
1222,34:60:F9:A3:E7:3F,GASWIFI_C4,35,849.8249523639679,B2-01,1,2
1223,34:CE:00:51:3E:6F,Lab,54,849.8249523639679,B2-01,1,2
1224,34:CE:00:51:3E:70,Lab_5G,15,849.8249523639679,B2-01,1,2
1225,48:00:20:34:D2:40,eduroam,24,849.8249523639679,B2-01,1,2
1226,54:B8:0A:AA:2C:8C,LAB_DIGITAL,50,849.8249523639679,B2-01,1,2
1227,54:B8:0A:AA:2C:8D,PCS-Wireless,50,849.8249523639679,B2-01,1,2
1228,54:F0:B1:A1:18:D0,eduroam,22,849.8249523639679,B2-01,1,2
1229,54:F0:B1:A1:18:D1,PoliSemFio,32,849.8249523639679,B2-01,1,2
1230,54:F0:B1:A1:18:D2,,34,849.8249523639679,B2-01,1,2
1231,54:F0:B1:A1:18:D3,MEZANINO,32,849.8249523639679,B2-01,1,2
1232,54:F0:B1:A1:18:D4,GDLAB,32,849.8249523639679,B2-01,1,2
1233,54:F0:B1:A1:18:D5,LABPAD,30,849.8249523639679,B2-01,1,2
1234,54:F0:B1:A1:57:F0,eduroam,15,849.8249523639679,B2-01,1,2
1235,54:F0:B1:A1:57:F1,PoliSemFio,14,849.8249523639679,B2-01,1,2
1236,54:F0:B1:A1:58:00,eduroam,37,849.8249523639679,B2-01,1,2
1237,54:F0:B1:A1:58:01,PoliSemFio,37,849.8249523639679,B2-01,1,2
1238,54:F0:B1:A1:58:02,,37,849.8249523639679,B2-01,1,2
1239,54:F0:B1:A1:E5:00,eduroam,29,849.8249523639679,B2-01,1,2
1240,54:F0:B1:A2:37:E1,PoliSemFio,15,849.8249523639679,B2-01,1,2
1241,54:F0:B1:A2:56:70,eduroam,17,849.8249523639679,B2-01,1,2
1242,54:F0:B1:A2:57:30,eduroam,22,849.8249523639679,B2-01,1,2
1243,54:F0:B1:A2:57:31,PoliSemFio,32,849.8249523639679,B2-01,1,2
1244,54:F0:B1:A2:57:32,,30,849.8249523639679,B2-01,1,2
1245,54:F0:B1:A2:57:33,LCA,27,849.8249523639679,B2-01,1,2
1246,54:F0:B1:BB:58:A0,eduroam,17,849.8249523639679,B2-01,1,2
1247,54:F0:B1:BB:58:A3,CAEEL,17,849.8249523639679,B2-01,1,2
1248,54:F0:B1:BB:5A:80,eduroam,27,849.8249523639679,B2-01,1,2
1249,54:F0:B1:BB:5A:81,PoliSemFio,35,849.8249523639679,B2-01,1,2
1250,54:F0:B1:BB:5A:82,HACKER,19,849.8249523639679,B2-01,1,2
1251,54:F0:B1:BB:5A:83,LEP,24,849.8249523639679,B2-01,1,2
1252,54:F0:B1:BB:84:B0,eduroam,17,849.8249523639679,B2-01,1,2
1253,54:F0:B1:BB:BE:11,PoliSemFio,24,849.8249523639679,B2-01,1,2
1254,54:F0:B1:BB:BE:12,,25,849.8249523639679,B2-01,1,2
1255,54:F0:B1:BB:C4:D0,eduroam,62,849.8249523639679,B2-01,1,2
1256,54:F0:B1:BB:C4:D1,PoliSemFio,74,849.8249523639679,B2-01,1,2
1257,54:F0:B1:BB:C4:D2,,69,849.8249523639679,B2-01,1,2
1258,54:F0:B1:BB:C4:F0,eduroam,52,849.8249523639679,B2-01,1,2
1259,54:F0:B1:BB:C4:F1,PoliSemFio,52,849.8249523639679,B2-01,1,2
1260,54:F0:B1:BB:C5:C0,eduroam,19,849.8249523639679,B2-01,1,2
1261,54:F0:B1:BB:C5:C1,PoliSemFio,24,849.8249523639679,B2-01,1,2
1262,54:F0:B1:BB:C5:C2,,25,849.8249523639679,B2-01,1,2
1263,54:F0:B1:BB:C5:C3,MEZANINO,29,849.8249523639679,B2-01,1,2
1264,54:F0:B1:BB:F3:20,eduroam,29,849.8249523639679,B2-01,1,2
1265,54:F0:B1:BB:FD:D0,eduroam,5,849.8249523639679,B2-01,1,2
1266,54:F0:B1:BC:09:40,eduroam,74,849.8249523639679,B2-01,1,2
1267,54:F0:B1:BC:09:60,eduroam,63,849.8249523639679,B2-01,1,2
1268,54:F0:B1:BC:09:61,PoliSemFio,67,849.8249523639679,B2-01,1,2
1269,54:F0:B1:BC:1B:D0,eduroam,44,849.8249523639679,B2-01,1,2
1270,54:F0:B1:BC:1B:D1,PoliSemFio,59,849.8249523639679,B2-01,1,2
1271,54:F0:B1:BC:1B:D2,,45,849.8249523639679,B2-01,1,2
1272,54:F0:B1:BC:1B:F0,eduroam,14,849.8249523639679,B2-01,1,2
1273,54:F0:B1:BC:1B:F1,PoliSemFio,14,849.8249523639679,B2-01,1,2
1274,54:F0:B1:BC:2E:90,eduroam,42,849.8249523639679,B2-01,1,2
1275,54:F0:B1:BC:2E:92,,45,849.8249523639679,B2-01,1,2
1276,54:F0:B1:BC:2E:B0,eduroam,15,849.8249523639679,B2-01,1,2
1277,54:F0:B1:BC:2E:B1,PoliSemFio,12,849.8249523639679,B2-01,1,2
1278,54:F0:B1:BC:2F:50,eduroam,12,849.8249523639679,B2-01,1,2
1279,54:F0:B1:BC:3F:12,,30,849.8249523639679,B2-01,1,2
1280,54:F0:B1:BC:70:00,eduroam,42,849.8249523639679,B2-01,1,2
1281,54:F0:B1:BC:70:01,PoliSemFio,45,849.8249523639679,B2-01,1,2
1282,54:F0:B1:BC:70:02,,44,849.8249523639679,B2-01,1,2
1283,54:F0:B1:BC:70:20,eduroam,22,849.8249523639679,B2-01,1,2
1284,54:F0:B1:BC:70:21,PoliSemFio,22,849.8249523639679,B2-01,1,2
1285,54:F0:B1:BC:77:81,PoliSemFio,60,849.8249523639679,B2-01,1,2
1286,54:F0:B1:BC:77:82,,60,849.8249523639679,B2-01,1,2
1287,54:F0:B1:BC:77:A0,eduroam,22,849.8249523639679,B2-01,1,2
1288,54:F0:B1:BC:77:A1,PoliSemFio,22,849.8249523639679,B2-01,1,2
1289,54:F0:B1:BC:8F:20,eduroam,14,849.8249523639679,B2-01,1,2
1290,68:FF:7B:47:78:BE,C1-22M,37,849.8249523639679,B2-01,1,2
1291,70:62:B8:6E:72:A0,PCS-wireless-C1-13,55,849.8249523639679,B2-01,1,2
1292,70:62:B8:6E:72:A1,PPGEE,52,849.8249523639679,B2-01,1,2
1293,84:D4:7E:06:4F:E0,eduroam,47,849.8249523639679,B2-01,1,2
1294,84:D4:7E:06:4F:E1,PoliSemFio,69,849.8249523639679,B2-01,1,2
1295,84:D4:7E:06:4F:F0,eduroam,20,849.8249523639679,B2-01,1,2
1296,84:D4:7E:06:4F:F1,PoliSemFio,20,849.8249523639679,B2-01,1,2
1297,DC:9F:DB:1C:1F:E0,LWN-3,42,849.8249523639679,B2-01,1,2
1298,EE:9F:DB:1C:1F:E0,,40,849.8249523639679,B2-01,1,2
1299,F8:1A:67:99:55:8E,NUCLEAR_CHF,22,849.8249523639679,B2-01,1,2
1300,FE:9F:DB:1C:1F:E0,,40,849.8249523639679,B2-01,1,2
1301,00:21:91:70:9D:EC,LAB-DIDATICO,29,856.0676972866058,B2-01,1,2
1302,34:60:F9:A3:D9:14,GASWIFI-2G_C2,25,856.0676972866058,B2-01,1,2
1303,34:60:F9:A3:E7:3F,GASWIFI_C4,24,856.0676972866058,B2-01,1,2
1304,34:CE:00:51:3E:6F,Lab,37,856.0676972866058,B2-01,1,2
1305,34:CE:00:51:3E:70,Lab_5G,7,856.0676972866058,B2-01,1,2
1306,48:00:20:34:D2:40,eduroam,24,856.0676972866058,B2-01,1,2
1307,54:B8:0A:AA:2C:8C,LAB_DIGITAL,50,856.0676972866058,B2-01,1,2
1308,54:B8:0A:AA:2C:8D,PCS-Wireless,50,856.0676972866058,B2-01,1,2
1309,54:F0:B1:A1:18:D0,eduroam,20,856.0676972866058,B2-01,1,2
1310,54:F0:B1:A1:18:D1,PoliSemFio,32,856.0676972866058,B2-01,1,2
1311,54:F0:B1:A1:18:D2,,34,856.0676972866058,B2-01,1,2
1312,54:F0:B1:A1:18:D3,MEZANINO,25,856.0676972866058,B2-01,1,2
1313,54:F0:B1:A1:18:D4,GDLAB,19,856.0676972866058,B2-01,1,2
1314,54:F0:B1:A1:18:D5,LABPAD,30,856.0676972866058,B2-01,1,2
1315,54:F0:B1:A1:57:F0,eduroam,15,856.0676972866058,B2-01,1,2
1316,54:F0:B1:A1:57:F1,PoliSemFio,14,856.0676972866058,B2-01,1,2
1317,54:F0:B1:A1:58:00,eduroam,35,856.0676972866058,B2-01,1,2
1318,54:F0:B1:A1:58:01,PoliSemFio,34,856.0676972866058,B2-01,1,2
1319,54:F0:B1:A1:58:02,,34,856.0676972866058,B2-01,1,2
1320,54:F0:B1:A1:E5:00,eduroam,29,856.0676972866058,B2-01,1,2
1321,54:F0:B1:A1:E5:01,PoliSemFio,32,856.0676972866058,B2-01,1,2
1322,54:F0:B1:A1:E5:02,,34,856.0676972866058,B2-01,1,2
1323,54:F0:B1:A2:57:30,eduroam,27,856.0676972866058,B2-01,1,2
1324,54:F0:B1:A2:57:31,PoliSemFio,32,856.0676972866058,B2-01,1,2
1325,54:F0:B1:A2:57:32,,30,856.0676972866058,B2-01,1,2
1326,54:F0:B1:A2:57:33,LCA,24,856.0676972866058,B2-01,1,2
1327,54:F0:B1:BB:58:A0,eduroam,17,856.0676972866058,B2-01,1,2
1328,54:F0:B1:BB:5A:80,eduroam,27,856.0676972866058,B2-01,1,2
1329,54:F0:B1:BB:5A:82,HACKER,19,856.0676972866058,B2-01,1,2
1330,54:F0:B1:BB:5A:83,LEP,24,856.0676972866058,B2-01,1,2
1331,54:F0:B1:BB:84:B0,eduroam,17,856.0676972866058,B2-01,1,2
1332,54:F0:B1:BB:BE:12,,25,856.0676972866058,B2-01,1,2
1333,54:F0:B1:BB:C4:D0,eduroam,39,856.0676972866058,B2-01,1,2
1334,54:F0:B1:BB:C4:D1,PoliSemFio,50,856.0676972866058,B2-01,1,2
1335,54:F0:B1:BB:C4:D2,,52,856.0676972866058,B2-01,1,2
1336,54:F0:B1:BB:C4:F0,eduroam,52,856.0676972866058,B2-01,1,2
1337,54:F0:B1:BB:C4:F1,PoliSemFio,54,856.0676972866058,B2-01,1,2
1338,54:F0:B1:BB:C5:C0,eduroam,19,856.0676972866058,B2-01,1,2
1339,54:F0:B1:BB:C5:C3,MEZANINO,22,856.0676972866058,B2-01,1,2
1340,54:F0:B1:BB:F3:20,eduroam,29,856.0676972866058,B2-01,1,2
1341,54:F0:B1:BC:09:40,eduroam,54,856.0676972866058,B2-01,1,2
1342,54:F0:B1:BC:09:60,eduroam,62,856.0676972866058,B2-01,1,2
1343,54:F0:B1:BC:09:61,PoliSemFio,60,856.0676972866058,B2-01,1,2
1344,54:F0:B1:BC:1B:D1,PoliSemFio,59,856.0676972866058,B2-01,1,2
1345,54:F0:B1:BC:1B:D2,,45,856.0676972866058,B2-01,1,2
1346,54:F0:B1:BC:1B:F0,eduroam,14,856.0676972866058,B2-01,1,2
1347,54:F0:B1:BC:1B:F1,PoliSemFio,14,856.0676972866058,B2-01,1,2
1348,54:F0:B1:BC:2E:90,eduroam,42,856.0676972866058,B2-01,1,2
1349,54:F0:B1:BC:2E:92,,49,856.0676972866058,B2-01,1,2
1350,54:F0:B1:BC:2E:B0,eduroam,15,856.0676972866058,B2-01,1,2
1351,54:F0:B1:BC:2E:B1,PoliSemFio,15,856.0676972866058,B2-01,1,2
1352,54:F0:B1:BC:3F:10,eduroam,32,856.0676972866058,B2-01,1,2
1353,54:F0:B1:BC:3F:12,,30,856.0676972866058,B2-01,1,2
1354,54:F0:B1:BC:70:00,eduroam,42,856.0676972866058,B2-01,1,2
1355,54:F0:B1:BC:70:01,PoliSemFio,45,856.0676972866058,B2-01,1,2
1356,54:F0:B1:BC:70:02,,44,856.0676972866058,B2-01,1,2
1357,54:F0:B1:BC:70:20,eduroam,19,856.0676972866058,B2-01,1,2
1358,54:F0:B1:BC:70:21,PoliSemFio,17,856.0676972866058,B2-01,1,2
1359,54:F0:B1:BC:77:80,eduroam,37,856.0676972866058,B2-01,1,2
1360,54:F0:B1:BC:77:81,PoliSemFio,42,856.0676972866058,B2-01,1,2
1361,54:F0:B1:BC:77:82,,42,856.0676972866058,B2-01,1,2
1362,54:F0:B1:BC:77:A0,eduroam,19,856.0676972866058,B2-01,1,2
1363,54:F0:B1:BC:77:A1,PoliSemFio,19,856.0676972866058,B2-01,1,2
1364,54:F0:B1:BC:77:A2,,19,856.0676972866058,B2-01,1,2
1365,54:F0:B1:BC:8F:20,eduroam,14,856.0676972866058,B2-01,1,2
1366,68:FF:7B:47:78:BE,C1-22M,39,856.0676972866058,B2-01,1,2
1367,70:62:B8:6E:72:A0,PCS-wireless-C1-13,44,856.0676972866058,B2-01,1,2
1368,70:62:B8:6E:72:A1,PPGEE,44,856.0676972866058,B2-01,1,2
1369,84:D4:7E:06:4F:E0,eduroam,77,856.0676972866058,B2-01,1,2
1370,84:D4:7E:06:4F:E1,PoliSemFio,69,856.0676972866058,B2-01,1,2
1371,84:D4:7E:06:4F:E2,,69,856.0676972866058,B2-01,1,2
1372,84:D4:7E:06:4F:F0,eduroam,29,856.0676972866058,B2-01,1,2
1373,84:D4:7E:06:4F:F1,PoliSemFio,27,856.0676972866058,B2-01,1,2
1374,DC:9F:DB:1C:1F:E0,LWN-3,35,856.0676972866058,B2-01,1,2
1375,EE:9F:DB:1C:1F:E0,,35,856.0676972866058,B2-01,1,2
1376,F8:1A:67:99:55:8E,NUCLEAR_CHF,22,856.0676972866058,B2-01,1,2
1377,FE:9F:DB:1C:1F:E0,,34,856.0676972866058,B2-01,1,2
1378,00:21:91:70:9D:EC,LAB-DIDATICO,29,865.9418997764587,B2-01,1,2
1379,34:60:F9:A3:D9:14,GASWIFI-2G_C2,35,865.9418997764587,B2-01,1,2
1380,34:60:F9:A3:E7:3F,GASWIFI_C4,24,865.9418997764587,B2-01,1,2
1381,34:CE:00:51:3E:6F,Lab,37,865.9418997764587,B2-01,1,2
1382,34:CE:00:51:3E:70,Lab_5G,17,865.9418997764587,B2-01,1,2
1383,48:00:20:34:D2:40,eduroam,24,865.9418997764587,B2-01,1,2
1384,54:B8:0A:AA:2C:8C,LAB_DIGITAL,50,865.9418997764587,B2-01,1,2
1385,54:B8:0A:AA:2C:8D,PCS-Wireless,54,865.9418997764587,B2-01,1,2
1386,54:F0:B1:A1:18:C3,MEZANINO,12,865.9418997764587,B2-01,1,2
1387,54:F0:B1:A1:18:C4,GDLAB,12,865.9418997764587,B2-01,1,2
1388,54:F0:B1:A1:18:C5,LABPAD,15,865.9418997764587,B2-01,1,2
1389,54:F0:B1:A1:18:D0,eduroam,32,865.9418997764587,B2-01,1,2
1390,54:F0:B1:A1:18:D1,PoliSemFio,34,865.9418997764587,B2-01,1,2
1391,54:F0:B1:A1:18:D2,,32,865.9418997764587,B2-01,1,2
1392,54:F0:B1:A1:18:D3,MEZANINO,25,865.9418997764587,B2-01,1,2
1393,54:F0:B1:A1:18:D4,GDLAB,19,865.9418997764587,B2-01,1,2
1394,54:F0:B1:A1:18:D5,LABPAD,30,865.9418997764587,B2-01,1,2
1395,54:F0:B1:A1:58:00,eduroam,37,865.9418997764587,B2-01,1,2
1396,54:F0:B1:A1:58:01,PoliSemFio,37,865.9418997764587,B2-01,1,2
1397,54:F0:B1:A1:58:02,,37,865.9418997764587,B2-01,1,2
1398,54:F0:B1:A1:E5:00,eduroam,29,865.9418997764587,B2-01,1,2
1399,54:F0:B1:A1:E5:01,PoliSemFio,32,865.9418997764587,B2-01,1,2
1400,54:F0:B1:A1:E5:02,,34,865.9418997764587,B2-01,1,2
1401,54:F0:B1:A2:57:30,eduroam,27,865.9418997764587,B2-01,1,2
1402,54:F0:B1:A2:57:31,PoliSemFio,32,865.9418997764587,B2-01,1,2
1403,54:F0:B1:A2:57:32,,30,865.9418997764587,B2-01,1,2
1404,54:F0:B1:A2:57:33,LCA,30,865.9418997764587,B2-01,1,2
1405,54:F0:B1:BB:58:A0,eduroam,17,865.9418997764587,B2-01,1,2
1406,54:F0:B1:BB:58:A3,CAEEL,15,865.9418997764587,B2-01,1,2
1407,54:F0:B1:BB:5A:80,eduroam,24,865.9418997764587,B2-01,1,2
1408,54:F0:B1:BB:5A:82,HACKER,25,865.9418997764587,B2-01,1,2
1409,54:F0:B1:BB:5A:83,LEP,24,865.9418997764587,B2-01,1,2
1410,54:F0:B1:BB:84:B0,eduroam,5,865.9418997764587,B2-01,1,2
1411,54:F0:B1:BB:BE:12,,27,865.9418997764587,B2-01,1,2
1412,54:F0:B1:BB:C4:D0,eduroam,39,865.9418997764587,B2-01,1,2
1413,54:F0:B1:BB:C4:D1,PoliSemFio,50,865.9418997764587,B2-01,1,2
1414,54:F0:B1:BB:C4:D2,,75,865.9418997764587,B2-01,1,2
1415,54:F0:B1:BB:C4:F0,eduroam,45,865.9418997764587,B2-01,1,2
1416,54:F0:B1:BB:C4:F1,PoliSemFio,54,865.9418997764587,B2-01,1,2
1417,54:F0:B1:BB:C5:C0,eduroam,30,865.9418997764587,B2-01,1,2
1418,54:F0:B1:BB:C5:C1,PoliSemFio,25,865.9418997764587,B2-01,1,2
1419,54:F0:B1:BB:C5:C3,MEZANINO,29,865.9418997764587,B2-01,1,2
1420,54:F0:B1:BC:09:40,eduroam,75,865.9418997764587,B2-01,1,2
1421,54:F0:B1:BC:09:60,eduroam,69,865.9418997764587,B2-01,1,2
1422,54:F0:B1:BC:09:61,PoliSemFio,69,865.9418997764587,B2-01,1,2
1423,54:F0:B1:BC:1B:D0,eduroam,42,865.9418997764587,B2-01,1,2
1424,54:F0:B1:BC:1B:D1,PoliSemFio,59,865.9418997764587,B2-01,1,2
1425,54:F0:B1:BC:1B:D2,,52,865.9418997764587,B2-01,1,2
1426,54:F0:B1:BC:1B:F0,eduroam,15,865.9418997764587,B2-01,1,2
1427,54:F0:B1:BC:1B:F1,PoliSemFio,12,865.9418997764587,B2-01,1,2
1428,54:F0:B1:BC:2E:90,eduroam,39,865.9418997764587,B2-01,1,2
1429,54:F0:B1:BC:2E:92,,49,865.9418997764587,B2-01,1,2
1430,54:F0:B1:BC:2E:B0,eduroam,17,865.9418997764587,B2-01,1,2
1431,54:F0:B1:BC:2E:B1,PoliSemFio,17,865.9418997764587,B2-01,1,2
1432,54:F0:B1:BC:2F:50,eduroam,15,865.9418997764587,B2-01,1,2
1433,54:F0:B1:BC:36:11,eduroam,19,865.9418997764587,B2-01,1,2
1434,54:F0:B1:BC:3F:10,eduroam,32,865.9418997764587,B2-01,1,2
1435,54:F0:B1:BC:70:00,eduroam,57,865.9418997764587,B2-01,1,2
1436,54:F0:B1:BC:70:01,PoliSemFio,57,865.9418997764587,B2-01,1,2
1437,54:F0:B1:BC:70:20,eduroam,20,865.9418997764587,B2-01,1,2
1438,54:F0:B1:BC:70:21,PoliSemFio,22,865.9418997764587,B2-01,1,2
1439,54:F0:B1:BC:77:80,eduroam,57,865.9418997764587,B2-01,1,2
1440,54:F0:B1:BC:77:81,PoliSemFio,42,865.9418997764587,B2-01,1,2
1441,54:F0:B1:BC:77:82,,42,865.9418997764587,B2-01,1,2
1442,54:F0:B1:BC:77:A0,eduroam,19,865.9418997764587,B2-01,1,2
1443,54:F0:B1:BC:77:A1,PoliSemFio,19,865.9418997764587,B2-01,1,2
1444,54:F0:B1:BC:77:A2,,19,865.9418997764587,B2-01,1,2
1445,54:F0:B1:BC:8F:20,eduroam,14,865.9418997764587,B2-01,1,2
1446,68:FF:7B:47:78:BE,C1-22M,39,865.9418997764587,B2-01,1,2
1447,70:62:B8:6E:72:A0,PCS-wireless-C1-13,52,865.9418997764587,B2-01,1,2
1448,70:62:B8:6E:72:A1,PPGEE,52,865.9418997764587,B2-01,1,2
1449,84:D4:7E:06:4F:E0,eduroam,50,865.9418997764587,B2-01,1,2
1450,84:D4:7E:06:4F:E1,PoliSemFio,57,865.9418997764587,B2-01,1,2
1451,84:D4:7E:06:4F:E2,,57,865.9418997764587,B2-01,1,2
1452,84:D4:7E:06:4F:F0,eduroam,29,865.9418997764587,B2-01,1,2
1453,84:D4:7E:06:4F:F1,PoliSemFio,27,865.9418997764587,B2-01,1,2
1454,B6:4E:26:4B:84:C2,C2-01-Guest,17,865.9418997764587,B2-01,1,2
1455,DC:9F:DB:1C:1F:E0,LWN-3,45,865.9418997764587,B2-01,1,2
1456,EE:9F:DB:1C:1F:E0,,45,865.9418997764587,B2-01,1,2
1457,F8:1A:67:99:55:8E,NUCLEAR_CHF,25,865.9418997764587,B2-01,1,2
1458,FE:9F:DB:1C:1F:E0,,34,865.9418997764587,B2-01,1,2
1459,00:21:91:70:9D:EC,LAB-DIDATICO,29,868.5567507743835,B2-01,1,2
1460,34:60:F9:A3:D9:14,GASWIFI-2G_C2,35,868.5567507743835,B2-01,1,2
1461,34:60:F9:A3:E7:3F,GASWIFI_C4,24,868.5567507743835,B2-01,1,2
1462,34:CE:00:51:3E:6F,Lab,37,868.5567507743835,B2-01,1,2
1463,34:CE:00:51:3E:70,Lab_5G,17,868.5567507743835,B2-01,1,2
1464,48:00:20:34:D2:40,eduroam,24,868.5567507743835,B2-01,1,2
1465,54:B8:0A:AA:2C:8C,LAB_DIGITAL,50,868.5567507743835,B2-01,1,2
1466,54:B8:0A:AA:2C:8D,PCS-Wireless,54,868.5567507743835,B2-01,1,2
1467,54:F0:B1:A1:18:C3,MEZANINO,12,868.5567507743835,B2-01,1,2
1468,54:F0:B1:A1:18:C4,GDLAB,12,868.5567507743835,B2-01,1,2
1469,54:F0:B1:A1:18:C5,LABPAD,15,868.5567507743835,B2-01,1,2
1470,54:F0:B1:A1:18:D0,eduroam,32,868.5567507743835,B2-01,1,2
1471,54:F0:B1:A1:18:D1,PoliSemFio,34,868.5567507743835,B2-01,1,2
1472,54:F0:B1:A1:18:D2,,32,868.5567507743835,B2-01,1,2
1473,54:F0:B1:A1:18:D3,MEZANINO,25,868.5567507743835,B2-01,1,2
1474,54:F0:B1:A1:18:D4,GDLAB,19,868.5567507743835,B2-01,1,2
1475,54:F0:B1:A1:18:D5,LABPAD,30,868.5567507743835,B2-01,1,2
1476,54:F0:B1:A1:58:00,eduroam,37,868.5567507743835,B2-01,1,2
1477,54:F0:B1:A1:58:01,PoliSemFio,37,868.5567507743835,B2-01,1,2
1478,54:F0:B1:A1:58:02,,37,868.5567507743835,B2-01,1,2
1479,54:F0:B1:A1:E5:00,eduroam,29,868.5567507743835,B2-01,1,2
1480,54:F0:B1:A1:E5:01,PoliSemFio,32,868.5567507743835,B2-01,1,2
1481,54:F0:B1:A1:E5:02,,34,868.5567507743835,B2-01,1,2
1482,54:F0:B1:A2:57:30,eduroam,27,868.5567507743835,B2-01,1,2
1483,54:F0:B1:A2:57:31,PoliSemFio,32,868.5567507743835,B2-01,1,2
1484,54:F0:B1:A2:57:32,,30,868.5567507743835,B2-01,1,2
1485,54:F0:B1:A2:57:33,LCA,30,868.5567507743835,B2-01,1,2
1486,54:F0:B1:BB:58:A0,eduroam,17,868.5567507743835,B2-01,1,2
1487,54:F0:B1:BB:58:A3,CAEEL,15,868.5567507743835,B2-01,1,2
1488,54:F0:B1:BB:5A:80,eduroam,24,868.5567507743835,B2-01,1,2
1489,54:F0:B1:BB:5A:82,HACKER,25,868.5567507743835,B2-01,1,2
1490,54:F0:B1:BB:5A:83,LEP,24,868.5567507743835,B2-01,1,2
1491,54:F0:B1:BB:84:B0,eduroam,5,868.5567507743835,B2-01,1,2
1492,54:F0:B1:BB:BE:12,,27,868.5567507743835,B2-01,1,2
1493,54:F0:B1:BB:C4:D0,eduroam,39,868.5567507743835,B2-01,1,2
1494,54:F0:B1:BB:C4:D1,PoliSemFio,50,868.5567507743835,B2-01,1,2
1495,54:F0:B1:BB:C4:D2,,75,868.5567507743835,B2-01,1,2
1496,54:F0:B1:BB:C4:F0,eduroam,45,868.5567507743835,B2-01,1,2
1497,54:F0:B1:BB:C4:F1,PoliSemFio,54,868.5567507743835,B2-01,1,2
1498,54:F0:B1:BB:C5:C0,eduroam,30,868.5567507743835,B2-01,1,2
1499,54:F0:B1:BB:C5:C1,PoliSemFio,25,868.5567507743835,B2-01,1,2
1500,54:F0:B1:BB:C5:C3,MEZANINO,29,868.5567507743835,B2-01,1,2
1501,54:F0:B1:BC:09:40,eduroam,75,868.5567507743835,B2-01,1,2
1502,54:F0:B1:BC:09:60,eduroam,66,868.5567507743835,B2-01,1,2
1503,54:F0:B1:BC:09:61,PoliSemFio,69,868.5567507743835,B2-01,1,2
1504,54:F0:B1:BC:1B:D0,eduroam,42,868.5567507743835,B2-01,1,2
1505,54:F0:B1:BC:1B:D1,PoliSemFio,59,868.5567507743835,B2-01,1,2
1506,54:F0:B1:BC:1B:D2,,52,868.5567507743835,B2-01,1,2
1507,54:F0:B1:BC:1B:F0,eduroam,15,868.5567507743835,B2-01,1,2
1508,54:F0:B1:BC:1B:F1,PoliSemFio,12,868.5567507743835,B2-01,1,2
1509,54:F0:B1:BC:2E:90,eduroam,39,868.5567507743835,B2-01,1,2
1510,54:F0:B1:BC:2E:92,,49,868.5567507743835,B2-01,1,2
1511,54:F0:B1:BC:2E:B0,eduroam,17,868.5567507743835,B2-01,1,2
1512,54:F0:B1:BC:2E:B1,PoliSemFio,17,868.5567507743835,B2-01,1,2
1513,54:F0:B1:BC:2F:50,eduroam,15,868.5567507743835,B2-01,1,2
1514,54:F0:B1:BC:36:11,eduroam,19,868.5567507743835,B2-01,1,2
1515,54:F0:B1:BC:3F:10,eduroam,32,868.5567507743835,B2-01,1,2
1516,54:F0:B1:BC:70:00,eduroam,57,868.5567507743835,B2-01,1,2
1517,54:F0:B1:BC:70:01,PoliSemFio,57,868.5567507743835,B2-01,1,2
1518,54:F0:B1:BC:70:20,eduroam,20,868.5567507743835,B2-01,1,2
1519,54:F0:B1:BC:70:21,PoliSemFio,22,868.5567507743835,B2-01,1,2
1520,54:F0:B1:BC:77:80,eduroam,57,868.5567507743835,B2-01,1,2
1521,54:F0:B1:BC:77:81,PoliSemFio,42,868.5567507743835,B2-01,1,2
1522,54:F0:B1:BC:77:82,,42,868.5567507743835,B2-01,1,2
1523,54:F0:B1:BC:77:A0,eduroam,19,868.5567507743835,B2-01,1,2
1524,54:F0:B1:BC:77:A1,PoliSemFio,19,868.5567507743835,B2-01,1,2
1525,54:F0:B1:BC:77:A2,,19,868.5567507743835,B2-01,1,2
1526,54:F0:B1:BC:8F:20,eduroam,14,868.5567507743835,B2-01,1,2
1527,68:FF:7B:47:78:BE,C1-22M,39,868.5567507743835,B2-01,1,2
1528,70:62:B8:6E:72:A0,PCS-wireless-C1-13,52,868.5567507743835,B2-01,1,2
1529,70:62:B8:6E:72:A1,PPGEE,52,868.5567507743835,B2-01,1,2
1530,84:D4:7E:06:4F:E0,eduroam,50,868.5567507743835,B2-01,1,2
1531,84:D4:7E:06:4F:E1,PoliSemFio,57,868.5567507743835,B2-01,1,2
1532,84:D4:7E:06:4F:E2,,57,868.5567507743835,B2-01,1,2
1533,84:D4:7E:06:4F:F0,eduroam,29,868.5567507743835,B2-01,1,2
1534,84:D4:7E:06:4F:F1,PoliSemFio,27,868.5567507743835,B2-01,1,2
1535,B6:4E:26:4B:84:C2,C2-01-Guest,17,868.5567507743835,B2-01,1,2
1536,DC:9F:DB:1C:1F:E0,LWN-3,45,868.5567507743835,B2-01,1,2
1537,EE:9F:DB:1C:1F:E0,,45,868.5567507743835,B2-01,1,2
1538,F8:1A:67:99:55:8E,NUCLEAR_CHF,25,868.5567507743835,B2-01,1,2
1539,FE:9F:DB:1C:1F:E0,,34,868.5567507743835,B2-01,1,2
1540,00:21:91:70:9D:EC,LAB-DIDATICO,29,871.208783864975,B2-01,1,2
1541,34:60:F9:A3:D9:14,GASWIFI-2G_C2,35,871.208783864975,B2-01,1,2
1542,34:60:F9:A3:E7:3F,GASWIFI_C4,24,871.208783864975,B2-01,1,2
1543,34:CE:00:51:3E:6F,Lab,45,871.208783864975,B2-01,1,2
1544,34:CE:00:51:3E:70,Lab_5G,9,871.208783864975,B2-01,1,2
1545,48:00:20:34:D2:40,eduroam,24,871.208783864975,B2-01,1,2
1546,54:B8:0A:AA:2C:8C,LAB_DIGITAL,50,871.208783864975,B2-01,1,2
1547,54:B8:0A:AA:2C:8D,PCS-Wireless,54,871.208783864975,B2-01,1,2
1548,54:F0:B1:A1:18:C3,MEZANINO,12,871.208783864975,B2-01,1,2
1549,54:F0:B1:A1:18:C4,GDLAB,12,871.208783864975,B2-01,1,2
1550,54:F0:B1:A1:18:C5,LABPAD,15,871.208783864975,B2-01,1,2
1551,54:F0:B1:A1:18:D0,eduroam,24,871.208783864975,B2-01,1,2
1552,54:F0:B1:A1:18:D1,PoliSemFio,34,871.208783864975,B2-01,1,2
1553,54:F0:B1:A1:18:D2,,32,871.208783864975,B2-01,1,2
1554,54:F0:B1:A1:18:D3,MEZANINO,25,871.208783864975,B2-01,1,2
1555,54:F0:B1:A1:18:D4,GDLAB,19,871.208783864975,B2-01,1,2
1556,54:F0:B1:A1:18:D5,LABPAD,30,871.208783864975,B2-01,1,2
1557,54:F0:B1:A1:58:00,eduroam,37,871.208783864975,B2-01,1,2
1558,54:F0:B1:A1:58:01,PoliSemFio,37,871.208783864975,B2-01,1,2
1559,54:F0:B1:A1:58:02,,37,871.208783864975,B2-01,1,2
1560,54:F0:B1:A1:E5:00,eduroam,29,871.208783864975,B2-01,1,2
1561,54:F0:B1:A1:E5:01,PoliSemFio,32,871.208783864975,B2-01,1,2
1562,54:F0:B1:A1:E5:02,,34,871.208783864975,B2-01,1,2
1563,54:F0:B1:A2:57:30,eduroam,25,871.208783864975,B2-01,1,2
1564,54:F0:B1:A2:57:31,PoliSemFio,32,871.208783864975,B2-01,1,2
1565,54:F0:B1:A2:57:32,,30,871.208783864975,B2-01,1,2
1566,54:F0:B1:A2:57:33,LCA,30,871.208783864975,B2-01,1,2
1567,54:F0:B1:BB:58:A0,eduroam,17,871.208783864975,B2-01,1,2
1568,54:F0:B1:BB:58:A3,CAEEL,15,871.208783864975,B2-01,1,2
1569,54:F0:B1:BB:5A:80,eduroam,24,871.208783864975,B2-01,1,2
1570,54:F0:B1:BB:5A:82,HACKER,25,871.208783864975,B2-01,1,2
1571,54:F0:B1:BB:5A:83,LEP,24,871.208783864975,B2-01,1,2
1572,54:F0:B1:BB:84:B0,eduroam,5,871.208783864975,B2-01,1,2
1573,54:F0:B1:BB:BE:12,,27,871.208783864975,B2-01,1,2
1574,54:F0:B1:BB:C4:D0,eduroam,39,871.208783864975,B2-01,1,2
1575,54:F0:B1:BB:C4:D1,PoliSemFio,50,871.208783864975,B2-01,1,2
1576,54:F0:B1:BB:C4:D2,,54,871.208783864975,B2-01,1,2
1577,54:F0:B1:BB:C4:F0,eduroam,52,871.208783864975,B2-01,1,2
1578,54:F0:B1:BB:C4:F1,PoliSemFio,52,871.208783864975,B2-01,1,2
1579,54:F0:B1:BB:C5:C0,eduroam,30,871.208783864975,B2-01,1,2
1580,54:F0:B1:BB:C5:C1,PoliSemFio,25,871.208783864975,B2-01,1,2
1581,54:F0:B1:BB:C5:C3,MEZANINO,29,871.208783864975,B2-01,1,2
1582,54:F0:B1:BB:F3:20,eduroam,29,871.208783864975,B2-01,1,2
1583,54:F0:B1:BC:09:40,eduroam,75,871.208783864975,B2-01,1,2
1584,54:F0:B1:BC:09:41,PoliSemFio,74,871.208783864975,B2-01,1,2
1585,54:F0:B1:BC:09:60,eduroam,65,871.208783864975,B2-01,1,2
1586,54:F0:B1:BC:09:61,PoliSemFio,65,871.208783864975,B2-01,1,2
1587,54:F0:B1:BC:1B:D0,eduroam,30,871.208783864975,B2-01,1,2
1588,54:F0:B1:BC:1B:D1,PoliSemFio,50,871.208783864975,B2-01,1,2
1589,54:F0:B1:BC:1B:D2,,52,871.208783864975,B2-01,1,2
1590,54:F0:B1:BC:1B:F0,eduroam,15,871.208783864975,B2-01,1,2
1591,54:F0:B1:BC:1B:F1,PoliSemFio,12,871.208783864975,B2-01,1,2
1592,54:F0:B1:BC:2E:90,eduroam,49,871.208783864975,B2-01,1,2
1593,54:F0:B1:BC:2E:91,PoliSemFio,47,871.208783864975,B2-01,1,2
1594,54:F0:B1:BC:2E:92,,49,871.208783864975,B2-01,1,2
1595,54:F0:B1:BC:2E:B0,eduroam,17,871.208783864975,B2-01,1,2
1596,54:F0:B1:BC:2E:B1,PoliSemFio,20,871.208783864975,B2-01,1,2
1597,54:F0:B1:BC:2F:50,eduroam,15,871.208783864975,B2-01,1,2
1598,54:F0:B1:BC:36:11,eduroam,19,871.208783864975,B2-01,1,2
1599,54:F0:B1:BC:3F:10,eduroam,32,871.208783864975,B2-01,1,2
1600,54:F0:B1:BC:70:00,eduroam,57,871.208783864975,B2-01,1,2
1601,54:F0:B1:BC:70:01,PoliSemFio,57,871.208783864975,B2-01,1,2
1602,54:F0:B1:BC:70:02,,44,871.208783864975,B2-01,1,2
1603,54:F0:B1:BC:70:20,eduroam,17,871.208783864975,B2-01,1,2
1604,54:F0:B1:BC:70:21,PoliSemFio,14,871.208783864975,B2-01,1,2
1605,54:F0:B1:BC:77:80,eduroam,57,871.208783864975,B2-01,1,2
1606,54:F0:B1:BC:77:81,PoliSemFio,42,871.208783864975,B2-01,1,2
1607,54:F0:B1:BC:77:82,,42,871.208783864975,B2-01,1,2
1608,54:F0:B1:BC:77:A0,eduroam,24,871.208783864975,B2-01,1,2
1609,54:F0:B1:BC:77:A1,PoliSemFio,24,871.208783864975,B2-01,1,2
1610,54:F0:B1:BC:77:A2,,24,871.208783864975,B2-01,1,2
1611,68:FF:7B:47:78:BE,C1-22M,39,871.208783864975,B2-01,1,2
1612,70:62:B8:6E:72:A0,PCS-wireless-C1-13,49,871.208783864975,B2-01,1,2
1613,70:62:B8:6E:72:A1,PPGEE,49,871.208783864975,B2-01,1,2
1614,84:D4:7E:06:4F:E0,eduroam,67,871.208783864975,B2-01,1,2
1615,84:D4:7E:06:4F:E1,PoliSemFio,57,871.208783864975,B2-01,1,2
1616,84:D4:7E:06:4F:E2,,57,871.208783864975,B2-01,1,2
1617,84:D4:7E:06:4F:F0,eduroam,27,871.208783864975,B2-01,1,2
1618,84:D4:7E:06:4F:F1,PoliSemFio,25,871.208783864975,B2-01,1,2
1619,B6:4E:26:4B:84:C2,C2-01-Guest,17,871.208783864975,B2-01,1,2
1620,DC:9F:DB:1C:1F:E0,LWN-3,45,871.208783864975,B2-01,1,2
1621,EE:9F:DB:1C:1F:E0,,45,871.208783864975,B2-01,1,2
1622,F8:1A:67:99:55:8E,NUCLEAR_CHF,25,871.208783864975,B2-01,1,2
1623,FE:9F:DB:1C:1F:E0,,34,871.208783864975,B2-01,1,2
1624,00:21:91:70:9D:EC,LAB-DIDATICO,29,873.8753144741058,B2-01,1,2
1625,34:60:F9:A3:D9:14,GASWIFI-2G_C2,35,873.8753144741058,B2-01,1,2
1626,34:60:F9:A3:E7:3F,GASWIFI_C4,24,873.8753144741058,B2-01,1,2
1627,34:CE:00:51:3E:6F,Lab,45,873.8753144741058,B2-01,1,2
1628,34:CE:00:51:3E:70,Lab_5G,9,873.8753144741058,B2-01,1,2
1629,48:00:20:34:D2:40,eduroam,24,873.8753144741058,B2-01,1,2
1630,54:B8:0A:AA:2C:8C,LAB_DIGITAL,50,873.8753144741058,B2-01,1,2
1631,54:B8:0A:AA:2C:8D,PCS-Wireless,54,873.8753144741058,B2-01,1,2
1632,54:F0:B1:A1:18:C3,MEZANINO,12,873.8753144741058,B2-01,1,2
1633,54:F0:B1:A1:18:C4,GDLAB,12,873.8753144741058,B2-01,1,2
1634,54:F0:B1:A1:18:C5,LABPAD,15,873.8753144741058,B2-01,1,2
1635,54:F0:B1:A1:18:D0,eduroam,24,873.8753144741058,B2-01,1,2
1636,54:F0:B1:A1:18:D1,PoliSemFio,34,873.8753144741058,B2-01,1,2
1637,54:F0:B1:A1:18:D2,,32,873.8753144741058,B2-01,1,2
1638,54:F0:B1:A1:18:D3,MEZANINO,25,873.8753144741058,B2-01,1,2
1639,54:F0:B1:A1:18:D4,GDLAB,19,873.8753144741058,B2-01,1,2
1640,54:F0:B1:A1:18:D5,LABPAD,30,873.8753144741058,B2-01,1,2
1641,54:F0:B1:A1:58:00,eduroam,37,873.8753144741058,B2-01,1,2
1642,54:F0:B1:A1:58:01,PoliSemFio,37,873.8753144741058,B2-01,1,2
1643,54:F0:B1:A1:58:02,,37,873.8753144741058,B2-01,1,2
1644,54:F0:B1:A1:E5:00,eduroam,29,873.8753144741058,B2-01,1,2
1645,54:F0:B1:A1:E5:01,PoliSemFio,32,873.8753144741058,B2-01,1,2
1646,54:F0:B1:A1:E5:02,,34,873.8753144741058,B2-01,1,2
1647,54:F0:B1:A2:57:30,eduroam,25,873.8753144741058,B2-01,1,2
1648,54:F0:B1:A2:57:31,PoliSemFio,32,873.8753144741058,B2-01,1,2
1649,54:F0:B1:A2:57:32,,30,873.8753144741058,B2-01,1,2
1650,54:F0:B1:A2:57:33,LCA,30,873.8753144741058,B2-01,1,2
1651,54:F0:B1:BB:58:A0,eduroam,17,873.8753144741058,B2-01,1,2
1652,54:F0:B1:BB:58:A3,CAEEL,15,873.8753144741058,B2-01,1,2
1653,54:F0:B1:BB:5A:80,eduroam,24,873.8753144741058,B2-01,1,2
1654,54:F0:B1:BB:5A:82,HACKER,25,873.8753144741058,B2-01,1,2
1655,54:F0:B1:BB:5A:83,LEP,24,873.8753144741058,B2-01,1,2
1656,54:F0:B1:BB:84:B0,eduroam,5,873.8753144741058,B2-01,1,2
1657,54:F0:B1:BB:BE:12,,27,873.8753144741058,B2-01,1,2
1658,54:F0:B1:BB:C4:D0,eduroam,39,873.8753144741058,B2-01,1,2
1659,54:F0:B1:BB:C4:D1,PoliSemFio,50,873.8753144741058,B2-01,1,2
1660,54:F0:B1:BB:C4:D2,,54,873.8753144741058,B2-01,1,2
1661,54:F0:B1:BB:C4:F0,eduroam,52,873.8753144741058,B2-01,1,2
1662,54:F0:B1:BB:C4:F1,PoliSemFio,52,873.8753144741058,B2-01,1,2
1663,54:F0:B1:BB:C5:C0,eduroam,30,873.8753144741058,B2-01,1,2
1664,54:F0:B1:BB:C5:C1,PoliSemFio,25,873.8753144741058,B2-01,1,2
1665,54:F0:B1:BB:C5:C3,MEZANINO,29,873.8753144741058,B2-01,1,2
1666,54:F0:B1:BB:F3:20,eduroam,29,873.8753144741058,B2-01,1,2
1667,54:F0:B1:BC:09:40,eduroam,75,873.8753144741058,B2-01,1,2
1668,54:F0:B1:BC:09:41,PoliSemFio,74,873.8753144741058,B2-01,1,2
1669,54:F0:B1:BC:09:60,eduroam,63,873.8753144741058,B2-01,1,2
1670,54:F0:B1:BC:09:61,PoliSemFio,65,873.8753144741058,B2-01,1,2
1671,54:F0:B1:BC:1B:D0,eduroam,30,873.8753144741058,B2-01,1,2
1672,54:F0:B1:BC:1B:D1,PoliSemFio,50,873.8753144741058,B2-01,1,2
1673,54:F0:B1:BC:1B:D2,,52,873.8753144741058,B2-01,1,2
1674,54:F0:B1:BC:1B:F0,eduroam,15,873.8753144741058,B2-01,1,2
1675,54:F0:B1:BC:1B:F1,PoliSemFio,12,873.8753144741058,B2-01,1,2
1676,54:F0:B1:BC:2E:90,eduroam,49,873.8753144741058,B2-01,1,2
1677,54:F0:B1:BC:2E:91,PoliSemFio,47,873.8753144741058,B2-01,1,2
1678,54:F0:B1:BC:2E:92,,49,873.8753144741058,B2-01,1,2
1679,54:F0:B1:BC:2E:B0,eduroam,17,873.8753144741058,B2-01,1,2
1680,54:F0:B1:BC:2E:B1,PoliSemFio,20,873.8753144741058,B2-01,1,2
1681,54:F0:B1:BC:2F:50,eduroam,15,873.8753144741058,B2-01,1,2
1682,54:F0:B1:BC:36:11,eduroam,19,873.8753144741058,B2-01,1,2
1683,54:F0:B1:BC:3F:10,eduroam,32,873.8753144741058,B2-01,1,2
1684,54:F0:B1:BC:70:00,eduroam,57,873.8753144741058,B2-01,1,2
1685,54:F0:B1:BC:70:01,PoliSemFio,57,873.8753144741058,B2-01,1,2
1686,54:F0:B1:BC:70:02,,44,873.8753144741058,B2-01,1,2
1687,54:F0:B1:BC:70:20,eduroam,17,873.8753144741058,B2-01,1,2
1688,54:F0:B1:BC:70:21,PoliSemFio,14,873.8753144741058,B2-01,1,2
1689,54:F0:B1:BC:77:80,eduroam,57,873.8753144741058,B2-01,1,2
1690,54:F0:B1:BC:77:81,PoliSemFio,42,873.8753144741058,B2-01,1,2
1691,54:F0:B1:BC:77:82,,42,873.8753144741058,B2-01,1,2
1692,54:F0:B1:BC:77:A0,eduroam,24,873.8753144741058,B2-01,1,2
1693,54:F0:B1:BC:77:A1,PoliSemFio,24,873.8753144741058,B2-01,1,2
1694,54:F0:B1:BC:77:A2,,24,873.8753144741058,B2-01,1,2
1695,68:FF:7B:47:78:BE,C1-22M,39,873.8753144741058,B2-01,1,2
1696,70:62:B8:6E:72:A0,PCS-wireless-C1-13,49,873.8753144741058,B2-01,1,2
1697,70:62:B8:6E:72:A1,PPGEE,49,873.8753144741058,B2-01,1,2
1698,84:D4:7E:06:4F:E0,eduroam,67,873.8753144741058,B2-01,1,2
1699,84:D4:7E:06:4F:E1,PoliSemFio,57,873.8753144741058,B2-01,1,2
1700,84:D4:7E:06:4F:E2,,57,873.8753144741058,B2-01,1,2
1701,84:D4:7E:06:4F:F0,eduroam,27,873.8753144741058,B2-01,1,2
1702,84:D4:7E:06:4F:F1,PoliSemFio,25,873.8753144741058,B2-01,1,2
1703,B6:4E:26:4B:84:C2,C2-01-Guest,17,873.8753144741058,B2-01,1,2
1704,DC:9F:DB:1C:1F:E0,LWN-3,45,873.8753144741058,B2-01,1,2
1705,EE:9F:DB:1C:1F:E0,,45,873.8753144741058,B2-01,1,2
1706,F8:1A:67:99:55:8E,NUCLEAR_CHF,25,873.8753144741058,B2-01,1,2
1707,FE:9F:DB:1C:1F:E0,,34,873.8753144741058,B2-01,1,2
1708,00:21:91:70:9D:EC,LAB-DIDATICO,24,880.1556713581085,B2-01,1,2
1709,34:60:F9:A3:D9:14,GASWIFI-2G_C2,39,880.1556713581085,B2-01,1,2
1710,34:60:F9:A3:E7:3F,GASWIFI_C4,24,880.1556713581085,B2-01,1,2
1711,34:CE:00:51:3E:6F,Lab,50,880.1556713581085,B2-01,1,2
1712,34:CE:00:51:3E:70,Lab_5G,19,880.1556713581085,B2-01,1,2
1713,48:00:20:34:D2:40,eduroam,25,880.1556713581085,B2-01,1,2
1714,54:B8:0A:AA:2C:8C,LAB_DIGITAL,50,880.1556713581085,B2-01,1,2
1715,54:B8:0A:AA:2C:8D,PCS-Wireless,54,880.1556713581085,B2-01,1,2
1716,54:F0:B1:A1:18:C3,MEZANINO,12,880.1556713581085,B2-01,1,2
1717,54:F0:B1:A1:18:C4,GDLAB,12,880.1556713581085,B2-01,1,2
1718,54:F0:B1:A1:18:C5,LABPAD,15,880.1556713581085,B2-01,1,2
1719,54:F0:B1:A1:18:D0,eduroam,25,880.1556713581085,B2-01,1,2
1720,54:F0:B1:A1:18:D1,PoliSemFio,34,880.1556713581085,B2-01,1,2
1721,54:F0:B1:A1:18:D2,,34,880.1556713581085,B2-01,1,2
1722,54:F0:B1:A1:18:D3,MEZANINO,27,880.1556713581085,B2-01,1,2
1723,54:F0:B1:A1:18:D4,GDLAB,19,880.1556713581085,B2-01,1,2
1724,54:F0:B1:A1:18:D5,LABPAD,30,880.1556713581085,B2-01,1,2
1725,54:F0:B1:A1:58:00,eduroam,29,880.1556713581085,B2-01,1,2
1726,54:F0:B1:A1:58:01,PoliSemFio,39,880.1556713581085,B2-01,1,2
1727,54:F0:B1:A1:58:02,,37,880.1556713581085,B2-01,1,2
1728,54:F0:B1:A1:E5:00,eduroam,29,880.1556713581085,B2-01,1,2
1729,54:F0:B1:A1:E5:01,PoliSemFio,32,880.1556713581085,B2-01,1,2
1730,54:F0:B1:A1:E5:02,,34,880.1556713581085,B2-01,1,2
1731,54:F0:B1:A2:56:70,eduroam,10,880.1556713581085,B2-01,1,2
1732,54:F0:B1:A2:57:30,eduroam,25,880.1556713581085,B2-01,1,2
1733,54:F0:B1:A2:57:31,PoliSemFio,32,880.1556713581085,B2-01,1,2
1734,54:F0:B1:A2:57:32,,30,880.1556713581085,B2-01,1,2
1735,54:F0:B1:A2:57:33,LCA,27,880.1556713581085,B2-01,1,2
1736,54:F0:B1:BB:58:A0,eduroam,17,880.1556713581085,B2-01,1,2
1737,54:F0:B1:BB:58:A3,CAEEL,14,880.1556713581085,B2-01,1,2
1738,54:F0:B1:BB:5A:80,eduroam,24,880.1556713581085,B2-01,1,2
1739,54:F0:B1:BB:5A:82,HACKER,25,880.1556713581085,B2-01,1,2
1740,54:F0:B1:BB:5A:83,LEP,24,880.1556713581085,B2-01,1,2
1741,54:F0:B1:BB:84:B0,eduroam,5,880.1556713581085,B2-01,1,2
1742,54:F0:B1:BB:BE:11,PoliSemFio,24,880.1556713581085,B2-01,1,2
1743,54:F0:B1:BB:BE:12,,24,880.1556713581085,B2-01,1,2
1744,54:F0:B1:BB:BE:13,CAEEL,17,880.1556713581085,B2-01,1,2
1745,54:F0:B1:BB:C4:D0,eduroam,67,880.1556713581085,B2-01,1,2
1746,54:F0:B1:BB:C4:D1,PoliSemFio,74,880.1556713581085,B2-01,1,2
1747,54:F0:B1:BB:C4:D2,,74,880.1556713581085,B2-01,1,2
1748,54:F0:B1:BB:C4:F0,eduroam,52,880.1556713581085,B2-01,1,2
1749,54:F0:B1:BB:C4:F1,PoliSemFio,47,880.1556713581085,B2-01,1,2
1750,54:F0:B1:BB:C5:C0,eduroam,27,880.1556713581085,B2-01,1,2
1751,54:F0:B1:BB:C5:C1,PoliSemFio,27,880.1556713581085,B2-01,1,2
1752,54:F0:B1:BB:C5:C3,MEZANINO,29,880.1556713581085,B2-01,1,2
1753,54:F0:B1:BB:C5:C5,LABPAD,32,880.1556713581085,B2-01,1,2
1754,54:F0:B1:BB:F3:20,eduroam,29,880.1556713581085,B2-01,1,2
1755,54:F0:B1:BC:09:40,eduroam,87,880.1556713581085,B2-01,1,2
1756,54:F0:B1:BC:09:41,PoliSemFio,74,880.1556713581085,B2-01,1,2
1757,54:F0:B1:BC:09:60,eduroam,74,880.1556713581085,B2-01,1,2
1758,54:F0:B1:BC:09:61,PoliSemFio,74,880.1556713581085,B2-01,1,2
1759,54:F0:B1:BC:1B:D0,eduroam,30,880.1556713581085,B2-01,1,2
1760,54:F0:B1:BC:1B:D1,PoliSemFio,50,880.1556713581085,B2-01,1,2
1761,54:F0:B1:BC:1B:D2,,52,880.1556713581085,B2-01,1,2
1762,54:F0:B1:BC:1B:F0,eduroam,14,880.1556713581085,B2-01,1,2
1763,54:F0:B1:BC:1B:F1,PoliSemFio,12,880.1556713581085,B2-01,1,2
1764,54:F0:B1:BC:2E:90,eduroam,49,880.1556713581085,B2-01,1,2
1765,54:F0:B1:BC:2E:91,PoliSemFio,47,880.1556713581085,B2-01,1,2
1766,54:F0:B1:BC:2E:92,,49,880.1556713581085,B2-01,1,2
1767,54:F0:B1:BC:2E:B0,eduroam,14,880.1556713581085,B2-01,1,2
1768,54:F0:B1:BC:2E:B1,PoliSemFio,14,880.1556713581085,B2-01,1,2
1769,54:F0:B1:BC:2F:50,eduroam,15,880.1556713581085,B2-01,1,2
1770,54:F0:B1:BC:36:11,eduroam,19,880.1556713581085,B2-01,1,2
1771,54:F0:B1:BC:3F:10,eduroam,32,880.1556713581085,B2-01,1,2
1772,54:F0:B1:BC:65:B2,,19,880.1556713581085,B2-01,1,2
1773,54:F0:B1:BC:70:00,eduroam,65,880.1556713581085,B2-01,1,2
1774,54:F0:B1:BC:70:01,PoliSemFio,57,880.1556713581085,B2-01,1,2
1775,54:F0:B1:BC:70:02,,44,880.1556713581085,B2-01,1,2
1776,54:F0:B1:BC:70:20,eduroam,20,880.1556713581085,B2-01,1,2
1777,54:F0:B1:BC:70:21,PoliSemFio,20,880.1556713581085,B2-01,1,2
1778,54:F0:B1:BC:77:80,eduroam,57,880.1556713581085,B2-01,1,2
1779,54:F0:B1:BC:77:81,PoliSemFio,62,880.1556713581085,B2-01,1,2
1780,54:F0:B1:BC:77:82,,62,880.1556713581085,B2-01,1,2
1781,54:F0:B1:BC:77:A0,eduroam,24,880.1556713581085,B2-01,1,2
1782,54:F0:B1:BC:77:A1,PoliSemFio,24,880.1556713581085,B2-01,1,2
1783,54:F0:B1:BC:77:A2,,24,880.1556713581085,B2-01,1,2
1784,68:FF:7B:47:78:BE,C1-22M,39,880.1556713581085,B2-01,1,2
1785,70:62:B8:6E:72:A0,PCS-wireless-C1-13,49,880.1556713581085,B2-01,1,2
1786,70:62:B8:6E:72:A1,PPGEE,52,880.1556713581085,B2-01,1,2
1787,84:D4:7E:06:4F:E0,eduroam,50,880.1556713581085,B2-01,1,2
1788,84:D4:7E:06:4F:E1,PoliSemFio,57,880.1556713581085,B2-01,1,2
1789,84:D4:7E:06:4F:E2,,57,880.1556713581085,B2-01,1,2
1790,84:D4:7E:06:4F:F0,eduroam,20,880.1556713581085,B2-01,1,2
1791,84:D4:7E:06:4F:F1,PoliSemFio,20,880.1556713581085,B2-01,1,2
1792,B6:4E:26:4B:84:C2,C2-01-Guest,17,880.1556713581085,B2-01,1,2
1793,DC:9F:DB:1C:1F:E0,LWN-3,42,880.1556713581085,B2-01,1,2
1794,DE:9F:DB:1C:1F:E0,LARC Guest,44,880.1556713581085,B2-01,1,2
1795,EE:9F:DB:1C:1F:E0,,45,880.1556713581085,B2-01,1,2
1796,F8:1A:67:99:55:8E,NUCLEAR_CHF,27,880.1556713581085,B2-01,1,2
1797,FE:9F:DB:1C:1F:E0,,44,880.1556713581085,B2-01,1,2
