,ap_mac,ap_name,rssi,timestamp,room,door_status,room_part
0,2A:56:5A:49:06:54,DIRECT-54-HP M132f LaserJet,24,395.65078806877136,B2-01,0,4
1,34:60:F9:A3:D9:14,GASWIFI-2G_C2,34,395.65078806877136,B2-01,0,4
2,34:CE:00:51:3E:6F,Lab,57,395.65078806877136,B2-01,0,4
3,34:CE:00:51:3E:70,Lab_5G,27,395.65078806877136,B2-01,0,4
4,3A:60:F9:A3:D9:14,,7,395.65078806877136,B2-01,0,4
5,54:B8:0A:AA:2C:8C,LAB_DIGITAL,37,395.65078806877136,B2-01,0,4
6,54:B8:0A:AA:2C:8D,PCS-Wireless,19,395.65078806877136,B2-01,0,4
7,54:F0:B1:A1:18:C0,eduroam,14,395.65078806877136,B2-01,0,4
8,54:F0:B1:A1:18:C1,PoliSemFio,15,395.65078806877136,B2-01,0,4
9,54:F0:B1:A1:18:C3,MEZANINO,14,395.65078806877136,B2-01,0,4
10,54:F0:B1:A1:18:C4,GDLAB,12,395.65078806877136,B2-01,0,4
11,54:F0:B1:A1:18:C5,LABPAD,12,395.65078806877136,B2-01,0,4
12,54:F0:B1:A1:18:D0,eduroam,29,395.65078806877136,B2-01,0,4
13,54:F0:B1:A1:18:D1,PoliSemFio,30,395.65078806877136,B2-01,0,4
14,54:F0:B1:A1:18:D2,,30,395.65078806877136,B2-01,0,4
15,54:F0:B1:A1:18:D3,MEZANINO,15,395.65078806877136,B2-01,0,4
16,54:F0:B1:A1:18:D4,GDLAB,30,395.65078806877136,B2-01,0,4
17,54:F0:B1:A1:18:D5,LABPAD,30,395.65078806877136,B2-01,0,4
18,54:F0:B1:A1:57:F0,eduroam,12,395.65078806877136,B2-01,0,4
19,54:F0:B1:A1:57:F1,PoliSemFio,14,395.65078806877136,B2-01,0,4
20,54:F0:B1:A1:57:F2,,15,395.65078806877136,B2-01,0,4
21,54:F0:B1:A1:58:00,eduroam,30,395.65078806877136,B2-01,0,4
22,54:F0:B1:A1:58:01,PoliSemFio,24,395.65078806877136,B2-01,0,4
23,54:F0:B1:A1:58:02,,42,395.65078806877136,B2-01,0,4
24,54:F0:B1:A2:57:30,eduroam,22,395.65078806877136,B2-01,0,4
25,54:F0:B1:A2:57:31,PoliSemFio,20,395.65078806877136,B2-01,0,4
26,54:F0:B1:A2:57:33,LCA,19,395.65078806877136,B2-01,0,4
27,54:F0:B1:BB:5A:80,eduroam,30,395.65078806877136,B2-01,0,4
28,54:F0:B1:BB:5A:81,PoliSemFio,47,395.65078806877136,B2-01,0,4
29,54:F0:B1:BB:5A:82,HACKER,30,395.65078806877136,B2-01,0,4
30,54:F0:B1:BB:5A:83,LEP,30,395.65078806877136,B2-01,0,4
31,54:F0:B1:BB:84:B0,eduroam,15,395.65078806877136,B2-01,0,4
32,54:F0:B1:BB:BE:12,,24,395.65078806877136,B2-01,0,4
33,54:F0:B1:BB:BE:13,CAEEL,15,395.65078806877136,B2-01,0,4
34,54:F0:B1:BB:C4:D0,eduroam,79,395.65078806877136,B2-01,0,4
35,54:F0:B1:BB:C4:D1,PoliSemFio,80,395.65078806877136,B2-01,0,4
36,54:F0:B1:BB:C4:D2,,45,395.65078806877136,B2-01,0,4
37,54:F0:B1:BB:C4:F0,eduroam,25,395.65078806877136,B2-01,0,4
38,54:F0:B1:BB:C4:F1,PoliSemFio,25,395.65078806877136,B2-01,0,4
39,54:F0:B1:BB:C5:C0,eduroam,15,395.65078806877136,B2-01,0,4
40,54:F0:B1:BB:C5:C4,GDLAB,9,395.65078806877136,B2-01,0,4
41,54:F0:B1:BB:C5:C5,LABPAD,9,395.65078806877136,B2-01,0,4
42,54:F0:B1:BC:09:40,eduroam,69,395.65078806877136,B2-01,0,4
43,54:F0:B1:BC:09:41,PoliSemFio,75,395.65078806877136,B2-01,0,4
44,54:F0:B1:BC:09:42,,75,395.65078806877136,B2-01,0,4
45,54:F0:B1:BC:09:60,eduroam,62,395.65078806877136,B2-01,0,4
46,54:F0:B1:BC:09:61,PoliSemFio,62,395.65078806877136,B2-01,0,4
47,54:F0:B1:BC:1B:D0,eduroam,30,395.65078806877136,B2-01,0,4
48,54:F0:B1:BC:1B:D1,PoliSemFio,57,395.65078806877136,B2-01,0,4
49,54:F0:B1:BC:1B:D2,,62,395.65078806877136,B2-01,0,4
50,54:F0:B1:BC:1B:F0,eduroam,29,395.65078806877136,B2-01,0,4
51,54:F0:B1:BC:1B:F1,PoliSemFio,29,395.65078806877136,B2-01,0,4
52,54:F0:B1:BC:2E:90,eduroam,69,395.65078806877136,B2-01,0,4
53,54:F0:B1:BC:2E:91,PoliSemFio,72,395.65078806877136,B2-01,0,4
54,54:F0:B1:BC:2E:92,,55,395.65078806877136,B2-01,0,4
55,54:F0:B1:BC:2E:B0,eduroam,15,395.65078806877136,B2-01,0,4
56,54:F0:B1:BC:2E:B1,PoliSemFio,14,395.65078806877136,B2-01,0,4
57,54:F0:B1:BC:2F:50,eduroam,10,395.65078806877136,B2-01,0,4
58,54:F0:B1:BC:2F:51,PoliSemFio,17,395.65078806877136,B2-01,0,4
59,54:F0:B1:BC:2F:52,,17,395.65078806877136,B2-01,0,4
60,54:F0:B1:BC:3F:10,eduroam,25,395.65078806877136,B2-01,0,4
61,54:F0:B1:BC:3F:11,PoliSemFio,34,395.65078806877136,B2-01,0,4
62,54:F0:B1:BC:3F:12,,34,395.65078806877136,B2-01,0,4
63,54:F0:B1:BC:65:B0,eduroam,25,395.65078806877136,B2-01,0,4
64,54:F0:B1:BC:70:00,eduroam,67,395.65078806877136,B2-01,0,4
65,54:F0:B1:BC:70:01,PoliSemFio,50,395.65078806877136,B2-01,0,4
66,54:F0:B1:BC:70:02,,32,395.65078806877136,B2-01,0,4
67,54:F0:B1:BC:70:20,eduroam,14,395.65078806877136,B2-01,0,4
68,54:F0:B1:BC:70:21,PoliSemFio,12,395.65078806877136,B2-01,0,4
69,54:F0:B1:BC:77:81,PoliSemFio,49,395.65078806877136,B2-01,0,4
70,54:F0:B1:BC:77:82,,32,395.65078806877136,B2-01,0,4
71,54:F0:B1:BC:77:A0,eduroam,35,395.65078806877136,B2-01,0,4
72,54:F0:B1:BC:77:A1,PoliSemFio,35,395.65078806877136,B2-01,0,4
73,68:FF:7B:47:78:BE,C1-22M,34,395.65078806877136,B2-01,0,4
74,70:62:B8:6E:72:A0,PCS-wireless-C1-13,24,395.65078806877136,B2-01,0,4
75,70:62:B8:6E:72:A1,PPGEE,27,395.65078806877136,B2-01,0,4
76,84:D4:7E:06:4F:E0,eduroam,54,395.65078806877136,B2-01,0,4
77,84:D4:7E:06:4F:E1,PoliSemFio,44,395.65078806877136,B2-01,0,4
78,84:D4:7E:06:4F:E2,,45,395.65078806877136,B2-01,0,4
79,84:D4:7E:06:4F:F0,eduroam,24,395.65078806877136,B2-01,0,4
80,84:D4:7E:06:4F:F1,PoliSemFio,24,395.65078806877136,B2-01,0,4
81,AA:6B:AD:82:46:CC,DIRECT-cc-HP M132f LaserJet,19,395.65078806877136,B2-01,0,4
82,DC:9F:DB:1C:1F:D7,LWN-3,25,395.65078806877136,B2-01,0,4
83,DC:9F:DB:1C:1F:E0,LWN-3,32,395.65078806877136,B2-01,0,4
84,DE:9F:DB:1C:1F:E0,LARC Guest,32,395.65078806877136,B2-01,0,4
85,EE:9F:DB:1C:1F:E0,,32,395.65078806877136,B2-01,0,4
86,F8:1A:67:99:55:8E,NUCLEAR_CHF,22,395.65078806877136,B2-01,0,4
87,FE:9F:DB:1C:1F:E0,,32,395.65078806877136,B2-01,0,4
88,2A:56:5A:49:06:54,DIRECT-54-HP M132f LaserJet,24,401.8948619365692,B2-01,0,4
89,34:60:F9:A3:D9:14,GASWIFI-2G_C2,34,401.8948619365692,B2-01,0,4
90,34:CE:00:51:3E:6F,Lab,57,401.8948619365692,B2-01,0,4
91,34:CE:00:51:3E:70,Lab_5G,27,401.8948619365692,B2-01,0,4
92,3A:60:F9:A3:D9:14,,7,401.8948619365692,B2-01,0,4
93,54:B8:0A:AA:2C:8C,LAB_DIGITAL,37,401.8948619365692,B2-01,0,4
94,54:B8:0A:AA:2C:8D,PCS-Wireless,19,401.8948619365692,B2-01,0,4
95,54:F0:B1:A1:18:C0,eduroam,14,401.8948619365692,B2-01,0,4
96,54:F0:B1:A1:18:C1,PoliSemFio,15,401.8948619365692,B2-01,0,4
97,54:F0:B1:A1:18:C3,MEZANINO,14,401.8948619365692,B2-01,0,4
98,54:F0:B1:A1:18:C4,GDLAB,12,401.8948619365692,B2-01,0,4
99,54:F0:B1:A1:18:C5,LABPAD,12,401.8948619365692,B2-01,0,4
100,54:F0:B1:A1:18:D0,eduroam,29,401.8948619365692,B2-01,0,4
101,54:F0:B1:A1:18:D1,PoliSemFio,30,401.8948619365692,B2-01,0,4
102,54:F0:B1:A1:18:D2,,30,401.8948619365692,B2-01,0,4
103,54:F0:B1:A1:18:D3,MEZANINO,15,401.8948619365692,B2-01,0,4
104,54:F0:B1:A1:18:D4,GDLAB,30,401.8948619365692,B2-01,0,4
105,54:F0:B1:A1:18:D5,LABPAD,30,401.8948619365692,B2-01,0,4
106,54:F0:B1:A1:57:F0,eduroam,12,401.8948619365692,B2-01,0,4
107,54:F0:B1:A1:57:F1,PoliSemFio,14,401.8948619365692,B2-01,0,4
108,54:F0:B1:A1:57:F2,,15,401.8948619365692,B2-01,0,4
109,54:F0:B1:A1:58:00,eduroam,30,401.8948619365692,B2-01,0,4
110,54:F0:B1:A1:58:01,PoliSemFio,24,401.8948619365692,B2-01,0,4
111,54:F0:B1:A1:58:02,,42,401.8948619365692,B2-01,0,4
112,54:F0:B1:A2:57:30,eduroam,22,401.8948619365692,B2-01,0,4
113,54:F0:B1:A2:57:31,PoliSemFio,20,401.8948619365692,B2-01,0,4
114,54:F0:B1:A2:57:33,LCA,19,401.8948619365692,B2-01,0,4
115,54:F0:B1:BB:5A:80,eduroam,30,401.8948619365692,B2-01,0,4
116,54:F0:B1:BB:5A:81,PoliSemFio,47,401.8948619365692,B2-01,0,4
117,54:F0:B1:BB:5A:82,HACKER,30,401.8948619365692,B2-01,0,4
118,54:F0:B1:BB:5A:83,LEP,30,401.8948619365692,B2-01,0,4
119,54:F0:B1:BB:84:B0,eduroam,15,401.8948619365692,B2-01,0,4
120,54:F0:B1:BB:BE:12,,24,401.8948619365692,B2-01,0,4
121,54:F0:B1:BB:BE:13,CAEEL,15,401.8948619365692,B2-01,0,4
122,54:F0:B1:BB:C4:D0,eduroam,79,401.8948619365692,B2-01,0,4
123,54:F0:B1:BB:C4:D1,PoliSemFio,80,401.8948619365692,B2-01,0,4
124,54:F0:B1:BB:C4:D2,,45,401.8948619365692,B2-01,0,4
125,54:F0:B1:BB:C4:F0,eduroam,25,401.8948619365692,B2-01,0,4
126,54:F0:B1:BB:C4:F1,PoliSemFio,25,401.8948619365692,B2-01,0,4
127,54:F0:B1:BB:C5:C0,eduroam,15,401.8948619365692,B2-01,0,4
128,54:F0:B1:BB:C5:C4,GDLAB,9,401.8948619365692,B2-01,0,4
129,54:F0:B1:BB:C5:C5,LABPAD,9,401.8948619365692,B2-01,0,4
130,54:F0:B1:BC:09:40,eduroam,69,401.8948619365692,B2-01,0,4
131,54:F0:B1:BC:09:41,PoliSemFio,75,401.8948619365692,B2-01,0,4
132,54:F0:B1:BC:09:42,,75,401.8948619365692,B2-01,0,4
133,54:F0:B1:BC:09:60,eduroam,73,401.8948619365692,B2-01,0,4
134,54:F0:B1:BC:09:61,PoliSemFio,62,401.8948619365692,B2-01,0,4
135,54:F0:B1:BC:1B:D0,eduroam,30,401.8948619365692,B2-01,0,4
136,54:F0:B1:BC:1B:D1,PoliSemFio,57,401.8948619365692,B2-01,0,4
137,54:F0:B1:BC:1B:D2,,62,401.8948619365692,B2-01,0,4
138,54:F0:B1:BC:1B:F0,eduroam,29,401.8948619365692,B2-01,0,4
139,54:F0:B1:BC:1B:F1,PoliSemFio,29,401.8948619365692,B2-01,0,4
140,54:F0:B1:BC:2E:90,eduroam,69,401.8948619365692,B2-01,0,4
141,54:F0:B1:BC:2E:91,PoliSemFio,72,401.8948619365692,B2-01,0,4
142,54:F0:B1:BC:2E:92,,55,401.8948619365692,B2-01,0,4
143,54:F0:B1:BC:2E:B0,eduroam,15,401.8948619365692,B2-01,0,4
144,54:F0:B1:BC:2E:B1,PoliSemFio,14,401.8948619365692,B2-01,0,4
145,54:F0:B1:BC:2F:50,eduroam,10,401.8948619365692,B2-01,0,4
146,54:F0:B1:BC:2F:51,PoliSemFio,17,401.8948619365692,B2-01,0,4
147,54:F0:B1:BC:2F:52,,17,401.8948619365692,B2-01,0,4
148,54:F0:B1:BC:3F:10,eduroam,25,401.8948619365692,B2-01,0,4
149,54:F0:B1:BC:3F:11,PoliSemFio,34,401.8948619365692,B2-01,0,4
150,54:F0:B1:BC:3F:12,,34,401.8948619365692,B2-01,0,4
151,54:F0:B1:BC:65:B0,eduroam,25,401.8948619365692,B2-01,0,4
152,54:F0:B1:BC:70:00,eduroam,67,401.8948619365692,B2-01,0,4
153,54:F0:B1:BC:70:01,PoliSemFio,50,401.8948619365692,B2-01,0,4
154,54:F0:B1:BC:70:02,,32,401.8948619365692,B2-01,0,4
155,54:F0:B1:BC:70:20,eduroam,14,401.8948619365692,B2-01,0,4
156,54:F0:B1:BC:70:21,PoliSemFio,12,401.8948619365692,B2-01,0,4
157,54:F0:B1:BC:77:81,PoliSemFio,49,401.8948619365692,B2-01,0,4
158,54:F0:B1:BC:77:82,,32,401.8948619365692,B2-01,0,4
159,54:F0:B1:BC:77:A0,eduroam,35,401.8948619365692,B2-01,0,4
160,54:F0:B1:BC:77:A1,PoliSemFio,35,401.8948619365692,B2-01,0,4
161,68:FF:7B:47:78:BE,C1-22M,34,401.8948619365692,B2-01,0,4
162,70:62:B8:6E:72:A0,PCS-wireless-C1-13,24,401.8948619365692,B2-01,0,4
163,70:62:B8:6E:72:A1,PPGEE,27,401.8948619365692,B2-01,0,4
164,84:D4:7E:06:4F:E0,eduroam,54,401.8948619365692,B2-01,0,4
165,84:D4:7E:06:4F:E1,PoliSemFio,44,401.8948619365692,B2-01,0,4
166,84:D4:7E:06:4F:E2,,45,401.8948619365692,B2-01,0,4
167,84:D4:7E:06:4F:F0,eduroam,24,401.8948619365692,B2-01,0,4
168,84:D4:7E:06:4F:F1,PoliSemFio,24,401.8948619365692,B2-01,0,4
169,AA:6B:AD:82:46:CC,DIRECT-cc-HP M132f LaserJet,19,401.8948619365692,B2-01,0,4
170,DC:9F:DB:1C:1F:D7,LWN-3,25,401.8948619365692,B2-01,0,4
171,DC:9F:DB:1C:1F:E0,LWN-3,32,401.8948619365692,B2-01,0,4
172,DE:9F:DB:1C:1F:E0,LARC Guest,32,401.8948619365692,B2-01,0,4
173,EE:9F:DB:1C:1F:E0,,32,401.8948619365692,B2-01,0,4
174,F8:1A:67:99:55:8E,NUCLEAR_CHF,22,401.8948619365692,B2-01,0,4
175,FE:9F:DB:1C:1F:E0,,32,401.8948619365692,B2-01,0,4
176,00:21:91:70:9D:EC,LAB-DIDATICO,17,408.174809217453,B2-01,0,4
177,2A:56:5A:49:06:54,DIRECT-54-HP M132f LaserJet,24,408.174809217453,B2-01,0,4
178,34:60:F9:A3:D9:14,GASWIFI-2G_C2,42,408.174809217453,B2-01,0,4
179,34:60:F9:A3:E7:3F,GASWIFI_C4,37,408.174809217453,B2-01,0,4
180,34:CE:00:51:3E:6F,Lab,50,408.174809217453,B2-01,0,4
181,34:CE:00:51:3E:70,Lab_5G,12,408.174809217453,B2-01,0,4
182,3A:60:F9:A3:D9:14,,7,408.174809217453,B2-01,0,4
183,48:00:20:34:D2:40,eduroam,25,408.174809217453,B2-01,0,4
184,54:B8:0A:AA:2C:8C,LAB_DIGITAL,34,408.174809217453,B2-01,0,4
185,54:B8:0A:AA:2C:8D,PCS-Wireless,37,408.174809217453,B2-01,0,4
186,54:F0:B1:A1:18:C0,eduroam,10,408.174809217453,B2-01,0,4
187,54:F0:B1:A1:18:C1,PoliSemFio,14,408.174809217453,B2-01,0,4
188,54:F0:B1:A1:18:C3,MEZANINO,12,408.174809217453,B2-01,0,4
189,54:F0:B1:A1:18:C4,GDLAB,10,408.174809217453,B2-01,0,4
190,54:F0:B1:A1:18:C5,LABPAD,12,408.174809217453,B2-01,0,4
191,54:F0:B1:A1:18:D0,eduroam,29,408.174809217453,B2-01,0,4
192,54:F0:B1:A1:18:D1,PoliSemFio,30,408.174809217453,B2-01,0,4
193,54:F0:B1:A1:18:D2,,25,408.174809217453,B2-01,0,4
194,54:F0:B1:A1:18:D3,MEZANINO,20,408.174809217453,B2-01,0,4
195,54:F0:B1:A1:18:D4,GDLAB,30,408.174809217453,B2-01,0,4
196,54:F0:B1:A1:18:D5,LABPAD,30,408.174809217453,B2-01,0,4
197,54:F0:B1:A1:57:F0,eduroam,12,408.174809217453,B2-01,0,4
198,54:F0:B1:A1:58:00,eduroam,37,408.174809217453,B2-01,0,4
199,54:F0:B1:A1:58:01,PoliSemFio,39,408.174809217453,B2-01,0,4
200,54:F0:B1:A1:58:02,,42,408.174809217453,B2-01,0,4
201,54:F0:B1:A2:37:E0,eduroam,7,408.174809217453,B2-01,0,4
202,54:F0:B1:A2:57:32,,25,408.174809217453,B2-01,0,4
203,54:F0:B1:A2:57:33,LCA,19,408.174809217453,B2-01,0,4
204,54:F0:B1:BB:5A:82,HACKER,30,408.174809217453,B2-01,0,4
205,54:F0:B1:BB:5A:83,LEP,30,408.174809217453,B2-01,0,4
206,54:F0:B1:BB:84:B0,eduroam,15,408.174809217453,B2-01,0,4
207,54:F0:B1:BB:84:B2,,25,408.174809217453,B2-01,0,4
208,54:F0:B1:BB:BE:13,CAEEL,15,408.174809217453,B2-01,0,4
209,54:F0:B1:BB:C4:D0,eduroam,45,408.174809217453,B2-01,0,4
210,54:F0:B1:BB:C4:D1,PoliSemFio,60,408.174809217453,B2-01,0,4
211,54:F0:B1:BB:C4:D2,,45,408.174809217453,B2-01,0,4
212,54:F0:B1:BB:C4:F0,eduroam,30,408.174809217453,B2-01,0,4
213,54:F0:B1:BB:C4:F1,PoliSemFio,29,408.174809217453,B2-01,0,4
214,54:F0:B1:BB:C5:C0,eduroam,15,408.174809217453,B2-01,0,4
215,54:F0:B1:BB:C5:C4,GDLAB,9,408.174809217453,B2-01,0,4
216,54:F0:B1:BB:C5:C5,LABPAD,9,408.174809217453,B2-01,0,4
217,54:F0:B1:BB:FD:D2,,20,408.174809217453,B2-01,0,4
218,54:F0:B1:BC:09:40,eduroam,94,408.174809217453,B2-01,0,4
219,54:F0:B1:BC:09:41,PoliSemFio,90,408.174809217453,B2-01,0,4
220,54:F0:B1:BC:09:42,,75,408.174809217453,B2-01,0,4
221,54:F0:B1:BC:09:60,eduroam,84,408.174809217453,B2-01,0,4
222,54:F0:B1:BC:09:61,PoliSemFio,84,408.174809217453,B2-01,0,4
223,54:F0:B1:BC:1B:D0,eduroam,30,408.174809217453,B2-01,0,4
224,54:F0:B1:BC:1B:D2,,62,408.174809217453,B2-01,0,4
225,54:F0:B1:BC:1B:F0,eduroam,17,408.174809217453,B2-01,0,4
226,54:F0:B1:BC:1B:F1,PoliSemFio,17,408.174809217453,B2-01,0,4
227,54:F0:B1:BC:2E:90,eduroam,89,408.174809217453,B2-01,0,4
228,54:F0:B1:BC:2E:91,PoliSemFio,82,408.174809217453,B2-01,0,4
229,54:F0:B1:BC:2E:B0,eduroam,25,408.174809217453,B2-01,0,4
230,54:F0:B1:BC:2E:B1,PoliSemFio,27,408.174809217453,B2-01,0,4
231,54:F0:B1:BC:2F:50,eduroam,10,408.174809217453,B2-01,0,4
232,54:F0:B1:BC:2F:51,PoliSemFio,15,408.174809217453,B2-01,0,4
233,54:F0:B1:BC:2F:52,,17,408.174809217453,B2-01,0,4
234,54:F0:B1:BC:36:10,PoliSemFio,25,408.174809217453,B2-01,0,4
235,54:F0:B1:BC:3F:10,eduroam,25,408.174809217453,B2-01,0,4
236,54:F0:B1:BC:3F:11,PoliSemFio,34,408.174809217453,B2-01,0,4
237,54:F0:B1:BC:3F:12,,34,408.174809217453,B2-01,0,4
238,54:F0:B1:BC:65:B0,eduroam,25,408.174809217453,B2-01,0,4
239,54:F0:B1:BC:70:00,eduroam,45,408.174809217453,B2-01,0,4
240,54:F0:B1:BC:70:01,PoliSemFio,40,408.174809217453,B2-01,0,4
241,54:F0:B1:BC:70:02,,32,408.174809217453,B2-01,0,4
242,54:F0:B1:BC:70:20,eduroam,14,408.174809217453,B2-01,0,4
243,54:F0:B1:BC:70:21,PoliSemFio,12,408.174809217453,B2-01,0,4
244,54:F0:B1:BC:77:80,eduroam,44,408.174809217453,B2-01,0,4
245,54:F0:B1:BC:77:81,PoliSemFio,40,408.174809217453,B2-01,0,4
246,54:F0:B1:BC:77:82,,39,408.174809217453,B2-01,0,4
247,54:F0:B1:BC:77:A1,PoliSemFio,19,408.174809217453,B2-01,0,4
248,54:F0:B1:BC:8F:20,eduroam,15,408.174809217453,B2-01,0,4
249,68:FF:7B:47:78:BE,C1-22M,47,408.174809217453,B2-01,0,4
250,70:62:B8:6E:72:A0,PCS-wireless-C1-13,29,408.174809217453,B2-01,0,4
251,70:62:B8:6E:72:A1,PPGEE,29,408.174809217453,B2-01,0,4
252,84:D4:7E:06:4F:E0,eduroam,54,408.174809217453,B2-01,0,4
253,84:D4:7E:06:4F:E1,PoliSemFio,44,408.174809217453,B2-01,0,4
254,84:D4:7E:06:4F:E2,,45,408.174809217453,B2-01,0,4
255,84:D4:7E:06:4F:F0,eduroam,14,408.174809217453,B2-01,0,4
256,84:D4:7E:06:4F:F1,PoliSemFio,12,408.174809217453,B2-01,0,4
257,AA:6B:AD:82:46:CC,DIRECT-cc-HP M132f LaserJet,19,408.174809217453,B2-01,0,4
258,DC:9F:DB:1C:1F:D7,LWN-3,25,408.174809217453,B2-01,0,4
259,DC:9F:DB:1C:1F:E0,LWN-3,32,408.174809217453,B2-01,0,4
260,DE:9F:DB:1C:1F:E0,LARC Guest,25,408.174809217453,B2-01,0,4
261,EE:9F:DB:1C:1F:E0,,25,408.174809217453,B2-01,0,4
262,F8:1A:67:99:55:8E,NUCLEAR_CHF,32,408.174809217453,B2-01,0,4
263,FE:9F:DB:1C:1F:E0,,32,408.174809217453,B2-01,0,4
264,00:21:91:70:9D:EC,LAB-DIDATICO,17,414.48205947875977,B2-01,0,4
265,2A:56:5A:49:06:54,DIRECT-54-HP M132f LaserJet,24,414.48205947875977,B2-01,0,4
266,34:60:F9:A3:D9:13,GASWIFI-5G_C2,15,414.48205947875977,B2-01,0,4
267,34:60:F9:A3:D9:14,GASWIFI-2G_C2,27,414.48205947875977,B2-01,0,4
268,34:60:F9:A3:E7:3F,GASWIFI_C4,34,414.48205947875977,B2-01,0,4
269,34:CE:00:51:3E:6F,Lab,49,414.48205947875977,B2-01,0,4
270,34:CE:00:51:3E:70,Lab_5G,15,414.48205947875977,B2-01,0,4
271,3A:60:F9:A3:D9:14,,7,414.48205947875977,B2-01,0,4
272,48:00:20:34:D2:40,eduroam,25,414.48205947875977,B2-01,0,4
273,54:B8:0A:AA:2C:8C,LAB_DIGITAL,30,414.48205947875977,B2-01,0,4
274,54:B8:0A:AA:2C:8D,PCS-Wireless,37,414.48205947875977,B2-01,0,4
275,54:F0:B1:A1:18:C0,eduroam,15,414.48205947875977,B2-01,0,4
276,54:F0:B1:A1:18:C1,PoliSemFio,15,414.48205947875977,B2-01,0,4
277,54:F0:B1:A1:18:C3,MEZANINO,15,414.48205947875977,B2-01,0,4
278,54:F0:B1:A1:18:C4,GDLAB,17,414.48205947875977,B2-01,0,4
279,54:F0:B1:A1:18:C5,LABPAD,15,414.48205947875977,B2-01,0,4
280,54:F0:B1:A1:18:D0,eduroam,29,414.48205947875977,B2-01,0,4
281,54:F0:B1:A1:18:D1,PoliSemFio,30,414.48205947875977,B2-01,0,4
282,54:F0:B1:A1:18:D2,,25,414.48205947875977,B2-01,0,4
283,54:F0:B1:A1:18:D3,MEZANINO,20,414.48205947875977,B2-01,0,4
284,54:F0:B1:A1:18:D4,GDLAB,30,414.48205947875977,B2-01,0,4
285,54:F0:B1:A1:18:D5,LABPAD,30,414.48205947875977,B2-01,0,4
286,54:F0:B1:A1:57:F0,eduroam,12,414.48205947875977,B2-01,0,4
287,54:F0:B1:A1:58:00,eduroam,37,414.48205947875977,B2-01,0,4
288,54:F0:B1:A1:58:01,PoliSemFio,39,414.48205947875977,B2-01,0,4
289,54:F0:B1:A1:58:02,,42,414.48205947875977,B2-01,0,4
290,54:F0:B1:A2:37:E0,eduroam,7,414.48205947875977,B2-01,0,4
291,54:F0:B1:A2:57:32,,25,414.48205947875977,B2-01,0,4
292,54:F0:B1:A2:57:33,LCA,19,414.48205947875977,B2-01,0,4
293,54:F0:B1:BB:5A:80,eduroam,32,414.48205947875977,B2-01,0,4
294,54:F0:B1:BB:5A:81,PoliSemFio,27,414.48205947875977,B2-01,0,4
295,54:F0:B1:BB:5A:82,HACKER,29,414.48205947875977,B2-01,0,4
296,54:F0:B1:BB:5A:83,LEP,30,414.48205947875977,B2-01,0,4
297,54:F0:B1:BB:84:B0,eduroam,15,414.48205947875977,B2-01,0,4
298,54:F0:B1:BB:84:B2,,25,414.48205947875977,B2-01,0,4
299,54:F0:B1:BB:BE:13,CAEEL,15,414.48205947875977,B2-01,0,4
300,54:F0:B1:BB:C4:D0,eduroam,44,414.48205947875977,B2-01,0,4
301,54:F0:B1:BB:C4:D1,PoliSemFio,42,414.48205947875977,B2-01,0,4
302,54:F0:B1:BB:C4:D2,,42,414.48205947875977,B2-01,0,4
303,54:F0:B1:BB:C4:F0,eduroam,40,414.48205947875977,B2-01,0,4
304,54:F0:B1:BB:C4:F1,PoliSemFio,29,414.48205947875977,B2-01,0,4
305,54:F0:B1:BB:C5:C0,eduroam,15,414.48205947875977,B2-01,0,4
306,54:F0:B1:BB:C5:C4,GDLAB,9,414.48205947875977,B2-01,0,4
307,54:F0:B1:BB:C5:C5,LABPAD,9,414.48205947875977,B2-01,0,4
308,54:F0:B1:BB:FD:D0,eduroam,15,414.48205947875977,B2-01,0,4
309,54:F0:B1:BB:FD:D2,,20,414.48205947875977,B2-01,0,4
310,54:F0:B1:BC:09:40,eduroam,52,414.48205947875977,B2-01,0,4
311,54:F0:B1:BC:09:41,PoliSemFio,60,414.48205947875977,B2-01,0,4
312,54:F0:B1:BC:09:42,,60,414.48205947875977,B2-01,0,4
313,54:F0:B1:BC:09:60,eduroam,87,414.48205947875977,B2-01,0,4
314,54:F0:B1:BC:09:61,PoliSemFio,87,414.48205947875977,B2-01,0,4
315,54:F0:B1:BC:1B:D0,eduroam,30,414.48205947875977,B2-01,0,4
316,54:F0:B1:BC:1B:D2,,62,414.48205947875977,B2-01,0,4
317,54:F0:B1:BC:1B:F0,eduroam,17,414.48205947875977,B2-01,0,4
318,54:F0:B1:BC:1B:F1,PoliSemFio,17,414.48205947875977,B2-01,0,4
319,54:F0:B1:BC:2E:90,eduroam,77,414.48205947875977,B2-01,0,4
320,54:F0:B1:BC:2E:91,PoliSemFio,72,414.48205947875977,B2-01,0,4
321,54:F0:B1:BC:2E:B0,eduroam,35,414.48205947875977,B2-01,0,4
322,54:F0:B1:BC:2E:B1,PoliSemFio,35,414.48205947875977,B2-01,0,4
323,54:F0:B1:BC:2F:50,eduroam,10,414.48205947875977,B2-01,0,4
324,54:F0:B1:BC:2F:51,PoliSemFio,15,414.48205947875977,B2-01,0,4
325,54:F0:B1:BC:2F:52,,17,414.48205947875977,B2-01,0,4
326,54:F0:B1:BC:36:10,PoliSemFio,25,414.48205947875977,B2-01,0,4
327,54:F0:B1:BC:3F:10,eduroam,25,414.48205947875977,B2-01,0,4
328,54:F0:B1:BC:3F:11,PoliSemFio,34,414.48205947875977,B2-01,0,4
329,54:F0:B1:BC:3F:12,,34,414.48205947875977,B2-01,0,4
330,54:F0:B1:BC:65:B0,eduroam,25,414.48205947875977,B2-01,0,4
331,54:F0:B1:BC:70:00,eduroam,35,414.48205947875977,B2-01,0,4
332,54:F0:B1:BC:70:01,PoliSemFio,34,414.48205947875977,B2-01,0,4
333,54:F0:B1:BC:70:02,,32,414.48205947875977,B2-01,0,4
334,54:F0:B1:BC:70:20,eduroam,14,414.48205947875977,B2-01,0,4
335,54:F0:B1:BC:70:21,PoliSemFio,12,414.48205947875977,B2-01,0,4
336,54:F0:B1:BC:77:80,eduroam,40,414.48205947875977,B2-01,0,4
337,54:F0:B1:BC:77:81,PoliSemFio,44,414.48205947875977,B2-01,0,4
338,54:F0:B1:BC:77:82,,44,414.48205947875977,B2-01,0,4
339,54:F0:B1:BC:77:A0,eduroam,19,414.48205947875977,B2-01,0,4
340,54:F0:B1:BC:77:A1,PoliSemFio,19,414.48205947875977,B2-01,0,4
341,54:F0:B1:BC:8F:20,eduroam,15,414.48205947875977,B2-01,0,4
342,68:FF:7B:47:78:BE,C1-22M,29,414.48205947875977,B2-01,0,4
343,70:62:B8:6E:72:A0,PCS-wireless-C1-13,32,414.48205947875977,B2-01,0,4
344,70:62:B8:6E:72:A1,PPGEE,30,414.48205947875977,B2-01,0,4
345,84:D4:7E:06:4F:E0,eduroam,54,414.48205947875977,B2-01,0,4
346,84:D4:7E:06:4F:E1,PoliSemFio,44,414.48205947875977,B2-01,0,4
347,84:D4:7E:06:4F:E2,,45,414.48205947875977,B2-01,0,4
348,84:D4:7E:06:4F:F0,eduroam,22,414.48205947875977,B2-01,0,4
349,84:D4:7E:06:4F:F1,PoliSemFio,20,414.48205947875977,B2-01,0,4
350,AA:6B:AD:82:46:CC,DIRECT-cc-HP M132f LaserJet,19,414.48205947875977,B2-01,0,4
351,DC:9F:DB:1C:1F:D7,LWN-3,25,414.48205947875977,B2-01,0,4
352,DC:9F:DB:1C:1F:E0,LWN-3,32,414.48205947875977,B2-01,0,4
353,DE:9F:DB:1C:1F:E0,LARC Guest,25,414.48205947875977,B2-01,0,4
354,EE:9F:DB:1C:1F:E0,,25,414.48205947875977,B2-01,0,4
355,F8:1A:67:99:55:8E,NUCLEAR_CHF,32,414.48205947875977,B2-01,0,4
356,FE:9F:DB:1C:1F:E0,,32,414.48205947875977,B2-01,0,4
357,00:21:91:70:9D:EC,LAB-DIDATICO,17,417.09535694122314,B2-01,0,4
358,2A:56:5A:49:06:54,DIRECT-54-HP M132f LaserJet,24,417.09535694122314,B2-01,0,4
359,34:60:F9:A3:D9:13,GASWIFI-5G_C2,15,417.09535694122314,B2-01,0,4
360,34:60:F9:A3:D9:14,GASWIFI-2G_C2,27,417.09535694122314,B2-01,0,4
361,34:60:F9:A3:E7:3F,GASWIFI_C4,34,417.09535694122314,B2-01,0,4
362,34:CE:00:51:3E:6F,Lab,49,417.09535694122314,B2-01,0,4
363,34:CE:00:51:3E:70,Lab_5G,15,417.09535694122314,B2-01,0,4
364,3A:60:F9:A3:D9:14,,7,417.09535694122314,B2-01,0,4
365,48:00:20:34:D2:40,eduroam,25,417.09535694122314,B2-01,0,4
366,54:B8:0A:AA:2C:8C,LAB_DIGITAL,30,417.09535694122314,B2-01,0,4
367,54:B8:0A:AA:2C:8D,PCS-Wireless,37,417.09535694122314,B2-01,0,4
368,54:F0:B1:A1:18:C0,eduroam,15,417.09535694122314,B2-01,0,4
369,54:F0:B1:A1:18:C1,PoliSemFio,15,417.09535694122314,B2-01,0,4
370,54:F0:B1:A1:18:C3,MEZANINO,15,417.09535694122314,B2-01,0,4
371,54:F0:B1:A1:18:C4,GDLAB,17,417.09535694122314,B2-01,0,4
372,54:F0:B1:A1:18:C5,LABPAD,15,417.09535694122314,B2-01,0,4
373,54:F0:B1:A1:18:D0,eduroam,29,417.09535694122314,B2-01,0,4
374,54:F0:B1:A1:18:D1,PoliSemFio,30,417.09535694122314,B2-01,0,4
375,54:F0:B1:A1:18:D2,,25,417.09535694122314,B2-01,0,4
376,54:F0:B1:A1:18:D3,MEZANINO,20,417.09535694122314,B2-01,0,4
377,54:F0:B1:A1:18:D4,GDLAB,30,417.09535694122314,B2-01,0,4
378,54:F0:B1:A1:18:D5,LABPAD,30,417.09535694122314,B2-01,0,4
379,54:F0:B1:A1:57:F0,eduroam,12,417.09535694122314,B2-01,0,4
380,54:F0:B1:A1:58:00,eduroam,37,417.09535694122314,B2-01,0,4
381,54:F0:B1:A1:58:01,PoliSemFio,39,417.09535694122314,B2-01,0,4
382,54:F0:B1:A1:58:02,,42,417.09535694122314,B2-01,0,4
383,54:F0:B1:A2:37:E0,eduroam,7,417.09535694122314,B2-01,0,4
384,54:F0:B1:A2:57:32,,25,417.09535694122314,B2-01,0,4
385,54:F0:B1:A2:57:33,LCA,19,417.09535694122314,B2-01,0,4
386,54:F0:B1:BB:5A:80,eduroam,32,417.09535694122314,B2-01,0,4
387,54:F0:B1:BB:5A:81,PoliSemFio,27,417.09535694122314,B2-01,0,4
388,54:F0:B1:BB:5A:82,HACKER,29,417.09535694122314,B2-01,0,4
389,54:F0:B1:BB:5A:83,LEP,30,417.09535694122314,B2-01,0,4
390,54:F0:B1:BB:84:B0,eduroam,15,417.09535694122314,B2-01,0,4
391,54:F0:B1:BB:84:B2,,25,417.09535694122314,B2-01,0,4
392,54:F0:B1:BB:BE:13,CAEEL,15,417.09535694122314,B2-01,0,4
393,54:F0:B1:BB:C4:D0,eduroam,44,417.09535694122314,B2-01,0,4
394,54:F0:B1:BB:C4:D1,PoliSemFio,42,417.09535694122314,B2-01,0,4
395,54:F0:B1:BB:C4:D2,,42,417.09535694122314,B2-01,0,4
396,54:F0:B1:BB:C4:F0,eduroam,40,417.09535694122314,B2-01,0,4
397,54:F0:B1:BB:C4:F1,PoliSemFio,29,417.09535694122314,B2-01,0,4
398,54:F0:B1:BB:C5:C0,eduroam,15,417.09535694122314,B2-01,0,4
399,54:F0:B1:BB:C5:C4,GDLAB,9,417.09535694122314,B2-01,0,4
400,54:F0:B1:BB:C5:C5,LABPAD,9,417.09535694122314,B2-01,0,4
401,54:F0:B1:BB:FD:D0,eduroam,15,417.09535694122314,B2-01,0,4
402,54:F0:B1:BB:FD:D2,,20,417.09535694122314,B2-01,0,4
403,54:F0:B1:BC:09:40,eduroam,52,417.09535694122314,B2-01,0,4
404,54:F0:B1:BC:09:41,PoliSemFio,60,417.09535694122314,B2-01,0,4
405,54:F0:B1:BC:09:42,,60,417.09535694122314,B2-01,0,4
406,54:F0:B1:BC:09:60,eduroam,77,417.09535694122314,B2-01,0,4
407,54:F0:B1:BC:09:61,PoliSemFio,87,417.09535694122314,B2-01,0,4
408,54:F0:B1:BC:1B:D0,eduroam,30,417.09535694122314,B2-01,0,4
409,54:F0:B1:BC:1B:D2,,62,417.09535694122314,B2-01,0,4
410,54:F0:B1:BC:1B:F0,eduroam,17,417.09535694122314,B2-01,0,4
411,54:F0:B1:BC:1B:F1,PoliSemFio,17,417.09535694122314,B2-01,0,4
412,54:F0:B1:BC:2E:90,eduroam,77,417.09535694122314,B2-01,0,4
413,54:F0:B1:BC:2E:91,PoliSemFio,72,417.09535694122314,B2-01,0,4
414,54:F0:B1:BC:2E:B0,eduroam,35,417.09535694122314,B2-01,0,4
415,54:F0:B1:BC:2E:B1,PoliSemFio,35,417.09535694122314,B2-01,0,4
416,54:F0:B1:BC:2F:50,eduroam,10,417.09535694122314,B2-01,0,4
417,54:F0:B1:BC:2F:51,PoliSemFio,15,417.09535694122314,B2-01,0,4
418,54:F0:B1:BC:2F:52,,17,417.09535694122314,B2-01,0,4
419,54:F0:B1:BC:36:10,PoliSemFio,25,417.09535694122314,B2-01,0,4
420,54:F0:B1:BC:3F:10,eduroam,25,417.09535694122314,B2-01,0,4
421,54:F0:B1:BC:3F:11,PoliSemFio,34,417.09535694122314,B2-01,0,4
422,54:F0:B1:BC:3F:12,,34,417.09535694122314,B2-01,0,4
423,54:F0:B1:BC:65:B0,eduroam,25,417.09535694122314,B2-01,0,4
424,54:F0:B1:BC:70:00,eduroam,35,417.09535694122314,B2-01,0,4
425,54:F0:B1:BC:70:01,PoliSemFio,34,417.09535694122314,B2-01,0,4
426,54:F0:B1:BC:70:02,,32,417.09535694122314,B2-01,0,4
427,54:F0:B1:BC:70:20,eduroam,14,417.09535694122314,B2-01,0,4
428,54:F0:B1:BC:70:21,PoliSemFio,12,417.09535694122314,B2-01,0,4
429,54:F0:B1:BC:77:80,eduroam,40,417.09535694122314,B2-01,0,4
430,54:F0:B1:BC:77:81,PoliSemFio,44,417.09535694122314,B2-01,0,4
431,54:F0:B1:BC:77:82,,44,417.09535694122314,B2-01,0,4
432,54:F0:B1:BC:77:A0,eduroam,19,417.09535694122314,B2-01,0,4
433,54:F0:B1:BC:77:A1,PoliSemFio,19,417.09535694122314,B2-01,0,4
434,54:F0:B1:BC:8F:20,eduroam,15,417.09535694122314,B2-01,0,4
435,68:FF:7B:47:78:BE,C1-22M,29,417.09535694122314,B2-01,0,4
436,70:62:B8:6E:72:A0,PCS-wireless-C1-13,32,417.09535694122314,B2-01,0,4
437,70:62:B8:6E:72:A1,PPGEE,30,417.09535694122314,B2-01,0,4
438,84:D4:7E:06:4F:E0,eduroam,54,417.09535694122314,B2-01,0,4
439,84:D4:7E:06:4F:E1,PoliSemFio,44,417.09535694122314,B2-01,0,4
440,84:D4:7E:06:4F:E2,,45,417.09535694122314,B2-01,0,4
441,84:D4:7E:06:4F:F0,eduroam,22,417.09535694122314,B2-01,0,4
442,84:D4:7E:06:4F:F1,PoliSemFio,20,417.09535694122314,B2-01,0,4
443,AA:6B:AD:82:46:CC,DIRECT-cc-HP M132f LaserJet,19,417.09535694122314,B2-01,0,4
444,DC:9F:DB:1C:1F:D7,LWN-3,25,417.09535694122314,B2-01,0,4
445,DC:9F:DB:1C:1F:E0,LWN-3,32,417.09535694122314,B2-01,0,4
446,DE:9F:DB:1C:1F:E0,LARC Guest,25,417.09535694122314,B2-01,0,4
447,EE:9F:DB:1C:1F:E0,,25,417.09535694122314,B2-01,0,4
448,F8:1A:67:99:55:8E,NUCLEAR_CHF,32,417.09535694122314,B2-01,0,4
449,FE:9F:DB:1C:1F:E0,,32,417.09535694122314,B2-01,0,4
450,00:21:91:70:9D:EC,LAB-DIDATICO,19,419.7439377307892,B2-01,0,4
451,2A:56:5A:49:06:54,DIRECT-54-HP M132f LaserJet,20,419.7439377307892,B2-01,0,4
452,34:60:F9:A3:D9:13,GASWIFI-5G_C2,15,419.7439377307892,B2-01,0,4
453,34:60:F9:A3:D9:14,GASWIFI-2G_C2,45,419.7439377307892,B2-01,0,4
454,34:60:F9:A3:E7:3F,GASWIFI_C4,34,419.7439377307892,B2-01,0,4
455,34:CE:00:51:3E:6F,Lab,54,419.7439377307892,B2-01,0,4
456,34:CE:00:51:3E:70,Lab_5G,24,419.7439377307892,B2-01,0,4
457,3A:60:F9:A3:D9:13,,15,419.7439377307892,B2-01,0,4
458,48:00:20:34:D2:40,eduroam,29,419.7439377307892,B2-01,0,4
459,54:B8:0A:AA:2C:8C,LAB_DIGITAL,30,419.7439377307892,B2-01,0,4
460,54:B8:0A:AA:2C:8D,PCS-Wireless,25,419.7439377307892,B2-01,0,4
461,54:F0:B1:A1:18:C0,eduroam,14,419.7439377307892,B2-01,0,4
462,54:F0:B1:A1:18:C1,PoliSemFio,14,419.7439377307892,B2-01,0,4
463,54:F0:B1:A1:18:C3,MEZANINO,9,419.7439377307892,B2-01,0,4
464,54:F0:B1:A1:18:C4,GDLAB,10,419.7439377307892,B2-01,0,4
465,54:F0:B1:A1:18:C5,LABPAD,12,419.7439377307892,B2-01,0,4
466,54:F0:B1:A1:18:D0,eduroam,27,419.7439377307892,B2-01,0,4
467,54:F0:B1:A1:18:D1,PoliSemFio,25,419.7439377307892,B2-01,0,4
468,54:F0:B1:A1:18:D2,,27,419.7439377307892,B2-01,0,4
469,54:F0:B1:A1:18:D3,MEZANINO,22,419.7439377307892,B2-01,0,4
470,54:F0:B1:A1:18:D4,GDLAB,25,419.7439377307892,B2-01,0,4
471,54:F0:B1:A1:18:D5,LABPAD,5,419.7439377307892,B2-01,0,4
472,54:F0:B1:A1:58:00,eduroam,22,419.7439377307892,B2-01,0,4
473,54:F0:B1:A1:58:01,PoliSemFio,30,419.7439377307892,B2-01,0,4
474,54:F0:B1:A2:37:E0,eduroam,7,419.7439377307892,B2-01,0,4
475,54:F0:B1:A2:57:32,,25,419.7439377307892,B2-01,0,4
476,54:F0:B1:A2:57:33,LCA,19,419.7439377307892,B2-01,0,4
477,54:F0:B1:BB:5A:80,eduroam,32,419.7439377307892,B2-01,0,4
478,54:F0:B1:BB:5A:81,PoliSemFio,27,419.7439377307892,B2-01,0,4
479,54:F0:B1:BB:5A:82,HACKER,29,419.7439377307892,B2-01,0,4
480,54:F0:B1:BB:84:B0,eduroam,15,419.7439377307892,B2-01,0,4
481,54:F0:B1:BB:84:B2,,29,419.7439377307892,B2-01,0,4
482,54:F0:B1:BB:BE:13,CAEEL,15,419.7439377307892,B2-01,0,4
483,54:F0:B1:BB:C4:D0,eduroam,44,419.7439377307892,B2-01,0,4
484,54:F0:B1:BB:C4:D1,PoliSemFio,42,419.7439377307892,B2-01,0,4
485,54:F0:B1:BB:C4:D2,,55,419.7439377307892,B2-01,0,4
486,54:F0:B1:BB:C4:F0,eduroam,25,419.7439377307892,B2-01,0,4
487,54:F0:B1:BB:C4:F1,PoliSemFio,27,419.7439377307892,B2-01,0,4
488,54:F0:B1:BB:FD:D0,eduroam,15,419.7439377307892,B2-01,0,4
489,54:F0:B1:BB:FD:D2,,22,419.7439377307892,B2-01,0,4
490,54:F0:B1:BC:09:40,eduroam,92,419.7439377307892,B2-01,0,4
491,54:F0:B1:BC:09:41,PoliSemFio,87,419.7439377307892,B2-01,0,4
492,54:F0:B1:BC:09:42,,87,419.7439377307892,B2-01,0,4
493,54:F0:B1:BC:09:60,eduroam,65,419.7439377307892,B2-01,0,4
494,54:F0:B1:BC:09:61,PoliSemFio,65,419.7439377307892,B2-01,0,4
495,54:F0:B1:BC:1B:D2,,64,419.7439377307892,B2-01,0,4
496,54:F0:B1:BC:1B:F0,eduroam,32,419.7439377307892,B2-01,0,4
497,54:F0:B1:BC:1B:F1,PoliSemFio,32,419.7439377307892,B2-01,0,4
498,54:F0:B1:BC:2E:90,eduroam,69,419.7439377307892,B2-01,0,4
499,54:F0:B1:BC:2E:91,PoliSemFio,65,419.7439377307892,B2-01,0,4
500,54:F0:B1:BC:2E:B0,eduroam,24,419.7439377307892,B2-01,0,4
501,54:F0:B1:BC:2E:B1,PoliSemFio,24,419.7439377307892,B2-01,0,4
502,54:F0:B1:BC:2F:51,PoliSemFio,15,419.7439377307892,B2-01,0,4
503,54:F0:B1:BC:2F:52,,17,419.7439377307892,B2-01,0,4
504,54:F0:B1:BC:36:10,PoliSemFio,25,419.7439377307892,B2-01,0,4
505,54:F0:B1:BC:36:11,eduroam,24,419.7439377307892,B2-01,0,4
506,54:F0:B1:BC:36:12,,25,419.7439377307892,B2-01,0,4
507,54:F0:B1:BC:65:B0,eduroam,25,419.7439377307892,B2-01,0,4
508,54:F0:B1:BC:70:00,eduroam,35,419.7439377307892,B2-01,0,4
509,54:F0:B1:BC:70:01,PoliSemFio,34,419.7439377307892,B2-01,0,4
510,54:F0:B1:BC:70:02,,32,419.7439377307892,B2-01,0,4
511,54:F0:B1:BC:77:80,eduroam,40,419.7439377307892,B2-01,0,4
512,54:F0:B1:BC:77:81,PoliSemFio,44,419.7439377307892,B2-01,0,4
513,54:F0:B1:BC:77:82,,44,419.7439377307892,B2-01,0,4
514,54:F0:B1:BC:77:A0,eduroam,12,419.7439377307892,B2-01,0,4
515,54:F0:B1:BC:77:A1,PoliSemFio,15,419.7439377307892,B2-01,0,4
516,54:F0:B1:BC:8F:20,eduroam,15,419.7439377307892,B2-01,0,4
517,56:60:F9:A3:E7:3F,,27,419.7439377307892,B2-01,0,4
518,68:FF:7B:47:78:BE,C1-22M,29,419.7439377307892,B2-01,0,4
519,70:62:B8:6E:72:A0,PCS-wireless-C1-13,30,419.7439377307892,B2-01,0,4
520,70:62:B8:6E:72:A1,PPGEE,32,419.7439377307892,B2-01,0,4
521,84:D4:7E:06:4F:E0,eduroam,57,419.7439377307892,B2-01,0,4
522,84:D4:7E:06:4F:F0,eduroam,29,419.7439377307892,B2-01,0,4
523,84:D4:7E:06:4F:F1,PoliSemFio,29,419.7439377307892,B2-01,0,4
524,AA:6B:AD:82:46:CC,DIRECT-cc-HP M132f LaserJet,19,419.7439377307892,B2-01,0,4
525,DC:9F:DB:1C:1F:D7,LWN-3,15,419.7439377307892,B2-01,0,4
526,DE:9F:DB:1C:1F:E0,LARC Guest,25,419.7439377307892,B2-01,0,4
527,EE:9F:DB:1C:1F:D7,,15,419.7439377307892,B2-01,0,4
528,EE:9F:DB:1C:1F:E0,,24,419.7439377307892,B2-01,0,4
529,F8:1A:67:99:55:8E,NUCLEAR_CHF,30,419.7439377307892,B2-01,0,4
530,00:21:91:70:9D:EC,LAB-DIDATICO,19,426.01477575302124,B2-01,0,4
531,2A:56:5A:49:06:54,DIRECT-54-HP M132f LaserJet,20,426.01477575302124,B2-01,0,4
532,34:60:F9:A3:D9:13,GASWIFI-5G_C2,15,426.01477575302124,B2-01,0,4
533,34:60:F9:A3:D9:14,GASWIFI-2G_C2,45,426.01477575302124,B2-01,0,4
534,34:60:F9:A3:E7:3F,GASWIFI_C4,34,426.01477575302124,B2-01,0,4
535,34:CE:00:51:3E:6F,Lab,54,426.01477575302124,B2-01,0,4
536,34:CE:00:51:3E:70,Lab_5G,24,426.01477575302124,B2-01,0,4
537,3A:60:F9:A3:D9:13,,15,426.01477575302124,B2-01,0,4
538,48:00:20:34:D2:40,eduroam,29,426.01477575302124,B2-01,0,4
539,54:B8:0A:AA:2C:8C,LAB_DIGITAL,30,426.01477575302124,B2-01,0,4
540,54:B8:0A:AA:2C:8D,PCS-Wireless,25,426.01477575302124,B2-01,0,4
541,54:F0:B1:A1:18:C0,eduroam,14,426.01477575302124,B2-01,0,4
542,54:F0:B1:A1:18:C1,PoliSemFio,14,426.01477575302124,B2-01,0,4
543,54:F0:B1:A1:18:C3,MEZANINO,9,426.01477575302124,B2-01,0,4
544,54:F0:B1:A1:18:C4,GDLAB,10,426.01477575302124,B2-01,0,4
545,54:F0:B1:A1:18:C5,LABPAD,12,426.01477575302124,B2-01,0,4
546,54:F0:B1:A1:18:D0,eduroam,27,426.01477575302124,B2-01,0,4
547,54:F0:B1:A1:18:D1,PoliSemFio,25,426.01477575302124,B2-01,0,4
548,54:F0:B1:A1:18:D2,,27,426.01477575302124,B2-01,0,4
549,54:F0:B1:A1:18:D3,MEZANINO,22,426.01477575302124,B2-01,0,4
550,54:F0:B1:A1:18:D4,GDLAB,25,426.01477575302124,B2-01,0,4
551,54:F0:B1:A1:18:D5,LABPAD,5,426.01477575302124,B2-01,0,4
552,54:F0:B1:A1:58:00,eduroam,22,426.01477575302124,B2-01,0,4
553,54:F0:B1:A1:58:01,PoliSemFio,30,426.01477575302124,B2-01,0,4
554,54:F0:B1:A2:37:E0,eduroam,7,426.01477575302124,B2-01,0,4
555,54:F0:B1:A2:57:32,,25,426.01477575302124,B2-01,0,4
556,54:F0:B1:A2:57:33,LCA,19,426.01477575302124,B2-01,0,4
557,54:F0:B1:BB:5A:80,eduroam,32,426.01477575302124,B2-01,0,4
558,54:F0:B1:BB:5A:81,PoliSemFio,27,426.01477575302124,B2-01,0,4
559,54:F0:B1:BB:5A:82,HACKER,29,426.01477575302124,B2-01,0,4
560,54:F0:B1:BB:84:B0,eduroam,15,426.01477575302124,B2-01,0,4
561,54:F0:B1:BB:84:B2,,29,426.01477575302124,B2-01,0,4
562,54:F0:B1:BB:BE:13,CAEEL,15,426.01477575302124,B2-01,0,4
563,54:F0:B1:BB:C4:D0,eduroam,44,426.01477575302124,B2-01,0,4
564,54:F0:B1:BB:C4:D1,PoliSemFio,42,426.01477575302124,B2-01,0,4
565,54:F0:B1:BB:C4:D2,,55,426.01477575302124,B2-01,0,4
566,54:F0:B1:BB:C4:F0,eduroam,25,426.01477575302124,B2-01,0,4
567,54:F0:B1:BB:C4:F1,PoliSemFio,27,426.01477575302124,B2-01,0,4
568,54:F0:B1:BB:FD:D0,eduroam,15,426.01477575302124,B2-01,0,4
569,54:F0:B1:BB:FD:D2,,22,426.01477575302124,B2-01,0,4
570,54:F0:B1:BC:09:40,eduroam,92,426.01477575302124,B2-01,0,4
571,54:F0:B1:BC:09:41,PoliSemFio,87,426.01477575302124,B2-01,0,4
572,54:F0:B1:BC:09:42,,87,426.01477575302124,B2-01,0,4
573,54:F0:B1:BC:09:60,eduroam,69,426.01477575302124,B2-01,0,4
574,54:F0:B1:BC:09:61,PoliSemFio,65,426.01477575302124,B2-01,0,4
575,54:F0:B1:BC:1B:D2,,64,426.01477575302124,B2-01,0,4
576,54:F0:B1:BC:1B:F0,eduroam,32,426.01477575302124,B2-01,0,4
577,54:F0:B1:BC:1B:F1,PoliSemFio,32,426.01477575302124,B2-01,0,4
578,54:F0:B1:BC:2E:90,eduroam,69,426.01477575302124,B2-01,0,4
579,54:F0:B1:BC:2E:91,PoliSemFio,65,426.01477575302124,B2-01,0,4
580,54:F0:B1:BC:2E:B0,eduroam,24,426.01477575302124,B2-01,0,4
581,54:F0:B1:BC:2E:B1,PoliSemFio,24,426.01477575302124,B2-01,0,4
582,54:F0:B1:BC:2F:51,PoliSemFio,15,426.01477575302124,B2-01,0,4
583,54:F0:B1:BC:2F:52,,17,426.01477575302124,B2-01,0,4
584,54:F0:B1:BC:36:10,PoliSemFio,25,426.01477575302124,B2-01,0,4
585,54:F0:B1:BC:36:11,eduroam,24,426.01477575302124,B2-01,0,4
586,54:F0:B1:BC:36:12,,25,426.01477575302124,B2-01,0,4
587,54:F0:B1:BC:65:B0,eduroam,25,426.01477575302124,B2-01,0,4
588,54:F0:B1:BC:70:00,eduroam,35,426.01477575302124,B2-01,0,4
589,54:F0:B1:BC:70:01,PoliSemFio,34,426.01477575302124,B2-01,0,4
590,54:F0:B1:BC:70:02,,32,426.01477575302124,B2-01,0,4
591,54:F0:B1:BC:77:80,eduroam,40,426.01477575302124,B2-01,0,4
592,54:F0:B1:BC:77:81,PoliSemFio,44,426.01477575302124,B2-01,0,4
593,54:F0:B1:BC:77:82,,44,426.01477575302124,B2-01,0,4
594,54:F0:B1:BC:77:A0,eduroam,12,426.01477575302124,B2-01,0,4
595,54:F0:B1:BC:77:A1,PoliSemFio,15,426.01477575302124,B2-01,0,4
596,54:F0:B1:BC:8F:20,eduroam,15,426.01477575302124,B2-01,0,4
597,56:60:F9:A3:E7:3F,,27,426.01477575302124,B2-01,0,4
598,68:FF:7B:47:78:BE,C1-22M,29,426.01477575302124,B2-01,0,4
599,70:62:B8:6E:72:A0,PCS-wireless-C1-13,30,426.01477575302124,B2-01,0,4
600,70:62:B8:6E:72:A1,PPGEE,32,426.01477575302124,B2-01,0,4
601,84:D4:7E:06:4F:E0,eduroam,57,426.01477575302124,B2-01,0,4
602,84:D4:7E:06:4F:F0,eduroam,29,426.01477575302124,B2-01,0,4
603,84:D4:7E:06:4F:F1,PoliSemFio,29,426.01477575302124,B2-01,0,4
604,AA:6B:AD:82:46:CC,DIRECT-cc-HP M132f LaserJet,19,426.01477575302124,B2-01,0,4
605,DC:9F:DB:1C:1F:D7,LWN-3,15,426.01477575302124,B2-01,0,4
606,DE:9F:DB:1C:1F:E0,LARC Guest,25,426.01477575302124,B2-01,0,4
607,EE:9F:DB:1C:1F:D7,,15,426.01477575302124,B2-01,0,4
608,EE:9F:DB:1C:1F:E0,,24,426.01477575302124,B2-01,0,4
609,F8:1A:67:99:55:8E,NUCLEAR_CHF,30,426.01477575302124,B2-01,0,4
610,00:21:91:70:9D:EC,LAB-DIDATICO,19,428.6550943851471,B2-01,0,4
611,2A:56:5A:49:06:54,DIRECT-54-HP M132f LaserJet,20,428.6550943851471,B2-01,0,4
612,34:60:F9:A3:D9:13,GASWIFI-5G_C2,27,428.6550943851471,B2-01,0,4
613,34:60:F9:A3:D9:14,GASWIFI-2G_C2,30,428.6550943851471,B2-01,0,4
614,34:60:F9:A3:E7:3F,GASWIFI_C4,27,428.6550943851471,B2-01,0,4
615,34:CE:00:51:3E:6F,Lab,55,428.6550943851471,B2-01,0,4
616,34:CE:00:51:3E:70,Lab_5G,30,428.6550943851471,B2-01,0,4
617,3A:60:F9:A3:D9:13,,15,428.6550943851471,B2-01,0,4
618,48:00:20:34:D2:40,eduroam,29,428.6550943851471,B2-01,0,4
619,54:B8:0A:AA:2C:8C,LAB_DIGITAL,30,428.6550943851471,B2-01,0,4
620,54:B8:0A:AA:2C:8D,PCS-Wireless,22,428.6550943851471,B2-01,0,4
621,54:F0:B1:A1:18:C0,eduroam,14,428.6550943851471,B2-01,0,4
622,54:F0:B1:A1:18:C1,PoliSemFio,14,428.6550943851471,B2-01,0,4
623,54:F0:B1:A1:18:C3,MEZANINO,9,428.6550943851471,B2-01,0,4
624,54:F0:B1:A1:18:C4,GDLAB,10,428.6550943851471,B2-01,0,4
625,54:F0:B1:A1:18:C5,LABPAD,12,428.6550943851471,B2-01,0,4
626,54:F0:B1:A1:18:D0,eduroam,27,428.6550943851471,B2-01,0,4
627,54:F0:B1:A1:18:D1,PoliSemFio,25,428.6550943851471,B2-01,0,4
628,54:F0:B1:A1:18:D2,,27,428.6550943851471,B2-01,0,4
629,54:F0:B1:A1:18:D3,MEZANINO,15,428.6550943851471,B2-01,0,4
630,54:F0:B1:A1:18:D4,GDLAB,25,428.6550943851471,B2-01,0,4
631,54:F0:B1:A1:18:D5,LABPAD,5,428.6550943851471,B2-01,0,4
632,54:F0:B1:A1:58:00,eduroam,37,428.6550943851471,B2-01,0,4
633,54:F0:B1:A1:58:01,PoliSemFio,30,428.6550943851471,B2-01,0,4
634,54:F0:B1:A2:37:E0,eduroam,7,428.6550943851471,B2-01,0,4
635,54:F0:B1:A2:57:32,,25,428.6550943851471,B2-01,0,4
636,54:F0:B1:A2:57:33,LCA,24,428.6550943851471,B2-01,0,4
637,54:F0:B1:BB:5A:80,eduroam,32,428.6550943851471,B2-01,0,4
638,54:F0:B1:BB:5A:81,PoliSemFio,27,428.6550943851471,B2-01,0,4
639,54:F0:B1:BB:5A:82,HACKER,29,428.6550943851471,B2-01,0,4
640,54:F0:B1:BB:84:B0,eduroam,15,428.6550943851471,B2-01,0,4
641,54:F0:B1:BB:84:B2,,29,428.6550943851471,B2-01,0,4
642,54:F0:B1:BB:BE:13,CAEEL,15,428.6550943851471,B2-01,0,4
643,54:F0:B1:BB:C4:D0,eduroam,44,428.6550943851471,B2-01,0,4
644,54:F0:B1:BB:C4:D1,PoliSemFio,45,428.6550943851471,B2-01,0,4
645,54:F0:B1:BB:C4:D2,,55,428.6550943851471,B2-01,0,4
646,54:F0:B1:BB:C4:F0,eduroam,20,428.6550943851471,B2-01,0,4
647,54:F0:B1:BB:C4:F1,PoliSemFio,17,428.6550943851471,B2-01,0,4
648,54:F0:B1:BB:F3:20,eduroam,15,428.6550943851471,B2-01,0,4
649,54:F0:B1:BB:FD:D0,eduroam,15,428.6550943851471,B2-01,0,4
650,54:F0:B1:BB:FD:D2,,22,428.6550943851471,B2-01,0,4
651,54:F0:B1:BC:09:40,eduroam,80,428.6550943851471,B2-01,0,4
652,54:F0:B1:BC:09:41,PoliSemFio,87,428.6550943851471,B2-01,0,4
653,54:F0:B1:BC:09:42,,87,428.6550943851471,B2-01,0,4
654,54:F0:B1:BC:09:60,eduroam,68,428.6550943851471,B2-01,0,4
655,54:F0:B1:BC:09:61,PoliSemFio,80,428.6550943851471,B2-01,0,4
656,54:F0:B1:BC:1B:D2,,64,428.6550943851471,B2-01,0,4
657,54:F0:B1:BC:1B:F0,eduroam,14,428.6550943851471,B2-01,0,4
658,54:F0:B1:BC:1B:F1,PoliSemFio,32,428.6550943851471,B2-01,0,4
659,54:F0:B1:BC:2E:90,eduroam,59,428.6550943851471,B2-01,0,4
660,54:F0:B1:BC:2E:91,PoliSemFio,65,428.6550943851471,B2-01,0,4
661,54:F0:B1:BC:2E:92,,65,428.6550943851471,B2-01,0,4
662,54:F0:B1:BC:2E:B0,eduroam,27,428.6550943851471,B2-01,0,4
663,54:F0:B1:BC:2E:B1,PoliSemFio,29,428.6550943851471,B2-01,0,4
664,54:F0:B1:BC:2F:51,PoliSemFio,15,428.6550943851471,B2-01,0,4
665,54:F0:B1:BC:2F:52,,17,428.6550943851471,B2-01,0,4
666,54:F0:B1:BC:36:10,PoliSemFio,25,428.6550943851471,B2-01,0,4
667,54:F0:B1:BC:36:11,eduroam,24,428.6550943851471,B2-01,0,4
668,54:F0:B1:BC:36:12,,25,428.6550943851471,B2-01,0,4
669,54:F0:B1:BC:3F:10,eduroam,45,428.6550943851471,B2-01,0,4
670,54:F0:B1:BC:3F:11,PoliSemFio,40,428.6550943851471,B2-01,0,4
671,54:F0:B1:BC:3F:12,,40,428.6550943851471,B2-01,0,4
672,54:F0:B1:BC:65:B0,eduroam,25,428.6550943851471,B2-01,0,4
673,54:F0:B1:BC:70:00,eduroam,35,428.6550943851471,B2-01,0,4
674,54:F0:B1:BC:70:01,PoliSemFio,40,428.6550943851471,B2-01,0,4
675,54:F0:B1:BC:70:02,,40,428.6550943851471,B2-01,0,4
676,54:F0:B1:BC:77:80,eduroam,42,428.6550943851471,B2-01,0,4
677,54:F0:B1:BC:77:81,PoliSemFio,40,428.6550943851471,B2-01,0,4
678,54:F0:B1:BC:77:82,,42,428.6550943851471,B2-01,0,4
679,54:F0:B1:BC:77:A0,eduroam,17,428.6550943851471,B2-01,0,4
680,54:F0:B1:BC:77:A1,PoliSemFio,17,428.6550943851471,B2-01,0,4
681,54:F0:B1:BC:8F:20,eduroam,15,428.6550943851471,B2-01,0,4
682,56:60:F9:A3:E7:3F,,29,428.6550943851471,B2-01,0,4
683,68:FF:7B:47:78:BE,C1-22M,32,428.6550943851471,B2-01,0,4
684,70:62:B8:6E:72:A0,PCS-wireless-C1-13,14,428.6550943851471,B2-01,0,4
685,70:62:B8:6E:72:A1,PPGEE,12,428.6550943851471,B2-01,0,4
686,84:D4:7E:06:4F:E0,eduroam,40,428.6550943851471,B2-01,0,4
687,84:D4:7E:06:4F:E1,PoliSemFio,42,428.6550943851471,B2-01,0,4
688,84:D4:7E:06:4F:E2,,42,428.6550943851471,B2-01,0,4
689,84:D4:7E:06:4F:F0,eduroam,29,428.6550943851471,B2-01,0,4
690,84:D4:7E:06:4F:F1,PoliSemFio,14,428.6550943851471,B2-01,0,4
691,AA:6B:AD:82:46:CC,DIRECT-cc-HP M132f LaserJet,19,428.6550943851471,B2-01,0,4
692,DC:9F:DB:1C:1F:D7,LWN-3,15,428.6550943851471,B2-01,0,4
693,DE:9F:DB:1C:1F:E0,LARC Guest,27,428.6550943851471,B2-01,0,4
694,EE:9F:DB:1C:1F:D7,,15,428.6550943851471,B2-01,0,4
695,EE:9F:DB:1C:1F:E0,,29,428.6550943851471,B2-01,0,4
696,F8:1A:67:99:55:8E,NUCLEAR_CHF,30,428.6550943851471,B2-01,0,4
697,FE:9F:DB:1C:1F:E0,,29,428.6550943851471,B2-01,0,4
698,00:21:91:70:9D:EC,LAB-DIDATICO,19,438.5447506904602,B2-01,0,4
699,2A:56:5A:49:06:54,DIRECT-54-HP M132f LaserJet,22,438.5447506904602,B2-01,0,4
700,34:60:F9:A3:D9:13,GASWIFI-5G_C2,27,438.5447506904602,B2-01,0,4
701,34:60:F9:A3:D9:14,GASWIFI-2G_C2,25,438.5447506904602,B2-01,0,4
702,34:60:F9:A3:E7:3F,GASWIFI_C4,27,438.5447506904602,B2-01,0,4
703,34:CE:00:51:3E:6F,Lab,62,438.5447506904602,B2-01,0,4
704,34:CE:00:51:3E:70,Lab_5G,25,438.5447506904602,B2-01,0,4
705,3A:60:F9:A3:D9:13,,15,438.5447506904602,B2-01,0,4
706,48:00:20:34:D2:40,eduroam,29,438.5447506904602,B2-01,0,4
707,54:B8:0A:AA:2C:8C,LAB_DIGITAL,30,438.5447506904602,B2-01,0,4
708,54:B8:0A:AA:2C:8D,PCS-Wireless,25,438.5447506904602,B2-01,0,4
709,54:F0:B1:A1:18:C0,eduroam,14,438.5447506904602,B2-01,0,4
710,54:F0:B1:A1:18:C1,PoliSemFio,14,438.5447506904602,B2-01,0,4
711,54:F0:B1:A1:18:C3,MEZANINO,9,438.5447506904602,B2-01,0,4
712,54:F0:B1:A1:18:C4,GDLAB,10,438.5447506904602,B2-01,0,4
713,54:F0:B1:A1:18:C5,LABPAD,12,438.5447506904602,B2-01,0,4
714,54:F0:B1:A1:18:D0,eduroam,37,438.5447506904602,B2-01,0,4
715,54:F0:B1:A1:18:D1,PoliSemFio,32,438.5447506904602,B2-01,0,4
716,54:F0:B1:A1:18:D2,,30,438.5447506904602,B2-01,0,4
717,54:F0:B1:A1:18:D3,MEZANINO,32,438.5447506904602,B2-01,0,4
718,54:F0:B1:A1:18:D4,GDLAB,25,438.5447506904602,B2-01,0,4
719,54:F0:B1:A1:18:D5,LABPAD,5,438.5447506904602,B2-01,0,4
720,54:F0:B1:A1:58:00,eduroam,32,438.5447506904602,B2-01,0,4
721,54:F0:B1:A1:58:01,PoliSemFio,39,438.5447506904602,B2-01,0,4
722,54:F0:B1:A1:58:02,,40,438.5447506904602,B2-01,0,4
723,54:F0:B1:A1:E5:02,,19,438.5447506904602,B2-01,0,4
724,54:F0:B1:A2:37:E0,eduroam,12,438.5447506904602,B2-01,0,4
725,54:F0:B1:A2:56:72,,24,438.5447506904602,B2-01,0,4
726,54:F0:B1:A2:57:32,,25,438.5447506904602,B2-01,0,4
727,54:F0:B1:A2:57:33,LCA,14,438.5447506904602,B2-01,0,4
728,54:F0:B1:BB:5A:80,eduroam,32,438.5447506904602,B2-01,0,4
729,54:F0:B1:BB:5A:81,PoliSemFio,34,438.5447506904602,B2-01,0,4
730,54:F0:B1:BB:5A:82,HACKER,29,438.5447506904602,B2-01,0,4
731,54:F0:B1:BB:5A:83,LEP,32,438.5447506904602,B2-01,0,4
732,54:F0:B1:BB:84:B2,,29,438.5447506904602,B2-01,0,4
733,54:F0:B1:BB:BE:13,CAEEL,20,438.5447506904602,B2-01,0,4
734,54:F0:B1:BB:C4:D0,eduroam,44,438.5447506904602,B2-01,0,4
735,54:F0:B1:BB:C4:D1,PoliSemFio,45,438.5447506904602,B2-01,0,4
736,54:F0:B1:BB:C4:D2,,55,438.5447506904602,B2-01,0,4
737,54:F0:B1:BB:C4:F0,eduroam,20,438.5447506904602,B2-01,0,4
738,54:F0:B1:BB:C4:F1,PoliSemFio,17,438.5447506904602,B2-01,0,4
739,54:F0:B1:BB:C5:C0,eduroam,4,438.5447506904602,B2-01,0,4
740,54:F0:B1:BB:C5:C3,MEZANINO,9,438.5447506904602,B2-01,0,4
741,54:F0:B1:BB:F3:20,eduroam,15,438.5447506904602,B2-01,0,4
742,54:F0:B1:BB:FD:D0,eduroam,15,438.5447506904602,B2-01,0,4
743,54:F0:B1:BB:FD:D2,,22,438.5447506904602,B2-01,0,4
744,54:F0:B1:BC:09:40,eduroam,74,438.5447506904602,B2-01,0,4
745,54:F0:B1:BC:09:41,PoliSemFio,100,438.5447506904602,B2-01,0,4
746,54:F0:B1:BC:09:42,,87,438.5447506904602,B2-01,0,4
747,54:F0:B1:BC:09:60,eduroam,100,438.5447506904602,B2-01,0,4
748,54:F0:B1:BC:09:61,PoliSemFio,99,438.5447506904602,B2-01,0,4
749,54:F0:B1:BC:1B:D2,,64,438.5447506904602,B2-01,0,4
750,54:F0:B1:BC:1B:F0,eduroam,44,438.5447506904602,B2-01,0,4
751,54:F0:B1:BC:1B:F1,PoliSemFio,44,438.5447506904602,B2-01,0,4
752,54:F0:B1:BC:2E:90,eduroam,79,438.5447506904602,B2-01,0,4
753,54:F0:B1:BC:2E:91,PoliSemFio,77,438.5447506904602,B2-01,0,4
754,54:F0:B1:BC:2E:92,,65,438.5447506904602,B2-01,0,4
755,54:F0:B1:BC:2E:B0,eduroam,32,438.5447506904602,B2-01,0,4
756,54:F0:B1:BC:2E:B1,PoliSemFio,30,438.5447506904602,B2-01,0,4
757,54:F0:B1:BC:2E:B2,,32,438.5447506904602,B2-01,0,4
758,54:F0:B1:BC:2F:50,eduroam,10,438.5447506904602,B2-01,0,4
759,54:F0:B1:BC:2F:51,PoliSemFio,15,438.5447506904602,B2-01,0,4
760,54:F0:B1:BC:2F:52,,17,438.5447506904602,B2-01,0,4
761,54:F0:B1:BC:36:10,PoliSemFio,25,438.5447506904602,B2-01,0,4
762,54:F0:B1:BC:36:11,eduroam,24,438.5447506904602,B2-01,0,4
763,54:F0:B1:BC:36:12,,25,438.5447506904602,B2-01,0,4
764,54:F0:B1:BC:3F:10,eduroam,52,438.5447506904602,B2-01,0,4
765,54:F0:B1:BC:3F:11,PoliSemFio,40,438.5447506904602,B2-01,0,4
766,54:F0:B1:BC:3F:12,,40,438.5447506904602,B2-01,0,4
767,54:F0:B1:BC:43:60,eduroam,10,438.5447506904602,B2-01,0,4
768,54:F0:B1:BC:70:00,eduroam,35,438.5447506904602,B2-01,0,4
769,54:F0:B1:BC:70:01,PoliSemFio,35,438.5447506904602,B2-01,0,4
770,54:F0:B1:BC:70:02,,40,438.5447506904602,B2-01,0,4
771,54:F0:B1:BC:77:80,eduroam,42,438.5447506904602,B2-01,0,4
772,54:F0:B1:BC:77:81,PoliSemFio,40,438.5447506904602,B2-01,0,4
773,54:F0:B1:BC:77:82,,52,438.5447506904602,B2-01,0,4
774,54:F0:B1:BC:77:A0,eduroam,19,438.5447506904602,B2-01,0,4
775,54:F0:B1:BC:77:A1,PoliSemFio,17,438.5447506904602,B2-01,0,4
776,54:F0:B1:BC:8F:20,eduroam,12,438.5447506904602,B2-01,0,4
777,56:60:F9:A3:E7:3F,,25,438.5447506904602,B2-01,0,4
778,68:FF:7B:47:78:BE,C1-22M,34,438.5447506904602,B2-01,0,4
779,70:62:B8:6E:72:A0,PCS-wireless-C1-13,22,438.5447506904602,B2-01,0,4
780,70:62:B8:6E:72:A1,PPGEE,22,438.5447506904602,B2-01,0,4
781,84:D4:7E:06:4F:E0,eduroam,40,438.5447506904602,B2-01,0,4
782,84:D4:7E:06:4F:E1,PoliSemFio,42,438.5447506904602,B2-01,0,4
783,84:D4:7E:06:4F:E2,,42,438.5447506904602,B2-01,0,4
784,84:D4:7E:06:4F:F0,eduroam,20,438.5447506904602,B2-01,0,4
785,84:D4:7E:06:4F:F1,PoliSemFio,19,438.5447506904602,B2-01,0,4
786,DC:9F:DB:1C:1F:D7,LWN-3,15,438.5447506904602,B2-01,0,4
787,DE:9F:DB:1C:1F:E0,LARC Guest,30,438.5447506904602,B2-01,0,4
788,EE:9F:DB:1C:1F:D7,,15,438.5447506904602,B2-01,0,4
789,EE:9F:DB:1C:1F:E0,,25,438.5447506904602,B2-01,0,4
790,F8:1A:67:99:55:8E,NUCLEAR_CHF,30,438.5447506904602,B2-01,0,4
791,FE:9F:DB:1C:1F:E0,,29,438.5447506904602,B2-01,0,4
792,00:21:91:70:9D:EC,LAB-DIDATICO,19,441.1631200313568,B2-01,0,4
793,2A:56:5A:49:06:54,DIRECT-54-HP M132f LaserJet,22,441.1631200313568,B2-01,0,4
794,34:60:F9:A3:D9:13,GASWIFI-5G_C2,27,441.1631200313568,B2-01,0,4
795,34:60:F9:A3:D9:14,GASWIFI-2G_C2,25,441.1631200313568,B2-01,0,4
796,34:60:F9:A3:E7:3F,GASWIFI_C4,27,441.1631200313568,B2-01,0,4
797,34:CE:00:51:3E:6F,Lab,62,441.1631200313568,B2-01,0,4
798,34:CE:00:51:3E:70,Lab_5G,25,441.1631200313568,B2-01,0,4
799,3A:60:F9:A3:D9:13,,15,441.1631200313568,B2-01,0,4
800,48:00:20:34:D2:40,eduroam,29,441.1631200313568,B2-01,0,4
801,54:B8:0A:AA:2C:8C,LAB_DIGITAL,30,441.1631200313568,B2-01,0,4
802,54:B8:0A:AA:2C:8D,PCS-Wireless,25,441.1631200313568,B2-01,0,4
803,54:F0:B1:A1:18:C0,eduroam,14,441.1631200313568,B2-01,0,4
804,54:F0:B1:A1:18:C1,PoliSemFio,14,441.1631200313568,B2-01,0,4
805,54:F0:B1:A1:18:C3,MEZANINO,9,441.1631200313568,B2-01,0,4
806,54:F0:B1:A1:18:C4,GDLAB,10,441.1631200313568,B2-01,0,4
807,54:F0:B1:A1:18:C5,LABPAD,12,441.1631200313568,B2-01,0,4
808,54:F0:B1:A1:18:D0,eduroam,37,441.1631200313568,B2-01,0,4
809,54:F0:B1:A1:18:D1,PoliSemFio,32,441.1631200313568,B2-01,0,4
810,54:F0:B1:A1:18:D2,,30,441.1631200313568,B2-01,0,4
811,54:F0:B1:A1:18:D3,MEZANINO,32,441.1631200313568,B2-01,0,4
812,54:F0:B1:A1:18:D4,GDLAB,25,441.1631200313568,B2-01,0,4
813,54:F0:B1:A1:18:D5,LABPAD,5,441.1631200313568,B2-01,0,4
814,54:F0:B1:A1:58:00,eduroam,32,441.1631200313568,B2-01,0,4
815,54:F0:B1:A1:58:01,PoliSemFio,39,441.1631200313568,B2-01,0,4
816,54:F0:B1:A1:58:02,,40,441.1631200313568,B2-01,0,4
817,54:F0:B1:A1:E5:02,,19,441.1631200313568,B2-01,0,4
818,54:F0:B1:A2:37:E0,eduroam,12,441.1631200313568,B2-01,0,4
819,54:F0:B1:A2:56:72,,24,441.1631200313568,B2-01,0,4
820,54:F0:B1:A2:57:32,,25,441.1631200313568,B2-01,0,4
821,54:F0:B1:A2:57:33,LCA,14,441.1631200313568,B2-01,0,4
822,54:F0:B1:BB:5A:80,eduroam,32,441.1631200313568,B2-01,0,4
823,54:F0:B1:BB:5A:81,PoliSemFio,34,441.1631200313568,B2-01,0,4
824,54:F0:B1:BB:5A:82,HACKER,29,441.1631200313568,B2-01,0,4
825,54:F0:B1:BB:5A:83,LEP,32,441.1631200313568,B2-01,0,4
826,54:F0:B1:BB:84:B2,,29,441.1631200313568,B2-01,0,4
827,54:F0:B1:BB:BE:13,CAEEL,20,441.1631200313568,B2-01,0,4
828,54:F0:B1:BB:C4:D0,eduroam,44,441.1631200313568,B2-01,0,4
829,54:F0:B1:BB:C4:D1,PoliSemFio,45,441.1631200313568,B2-01,0,4
830,54:F0:B1:BB:C4:D2,,55,441.1631200313568,B2-01,0,4
831,54:F0:B1:BB:C4:F0,eduroam,20,441.1631200313568,B2-01,0,4
832,54:F0:B1:BB:C4:F1,PoliSemFio,17,441.1631200313568,B2-01,0,4
833,54:F0:B1:BB:C5:C0,eduroam,4,441.1631200313568,B2-01,0,4
834,54:F0:B1:BB:C5:C3,MEZANINO,9,441.1631200313568,B2-01,0,4
835,54:F0:B1:BB:F3:20,eduroam,15,441.1631200313568,B2-01,0,4
836,54:F0:B1:BB:FD:D0,eduroam,15,441.1631200313568,B2-01,0,4
837,54:F0:B1:BB:FD:D2,,22,441.1631200313568,B2-01,0,4
838,54:F0:B1:BC:09:40,eduroam,74,441.1631200313568,B2-01,0,4
839,54:F0:B1:BC:09:41,PoliSemFio,100,441.1631200313568,B2-01,0,4
840,54:F0:B1:BC:09:42,,87,441.1631200313568,B2-01,0,4
841,54:F0:B1:BC:09:60,eduroam,81,441.1631200313568,B2-01,0,4
842,54:F0:B1:BC:09:61,PoliSemFio,99,441.1631200313568,B2-01,0,4
843,54:F0:B1:BC:1B:D2,,64,441.1631200313568,B2-01,0,4
844,54:F0:B1:BC:1B:F0,eduroam,44,441.1631200313568,B2-01,0,4
845,54:F0:B1:BC:1B:F1,PoliSemFio,44,441.1631200313568,B2-01,0,4
846,54:F0:B1:BC:2E:90,eduroam,79,441.1631200313568,B2-01,0,4
847,54:F0:B1:BC:2E:91,PoliSemFio,77,441.1631200313568,B2-01,0,4
848,54:F0:B1:BC:2E:92,,65,441.1631200313568,B2-01,0,4
849,54:F0:B1:BC:2E:B0,eduroam,32,441.1631200313568,B2-01,0,4
850,54:F0:B1:BC:2E:B1,PoliSemFio,30,441.1631200313568,B2-01,0,4
851,54:F0:B1:BC:2E:B2,,32,441.1631200313568,B2-01,0,4
852,54:F0:B1:BC:2F:50,eduroam,10,441.1631200313568,B2-01,0,4
853,54:F0:B1:BC:2F:51,PoliSemFio,15,441.1631200313568,B2-01,0,4
854,54:F0:B1:BC:2F:52,,17,441.1631200313568,B2-01,0,4
855,54:F0:B1:BC:36:10,PoliSemFio,25,441.1631200313568,B2-01,0,4
856,54:F0:B1:BC:36:11,eduroam,24,441.1631200313568,B2-01,0,4
857,54:F0:B1:BC:36:12,,25,441.1631200313568,B2-01,0,4
858,54:F0:B1:BC:3F:10,eduroam,52,441.1631200313568,B2-01,0,4
859,54:F0:B1:BC:3F:11,PoliSemFio,40,441.1631200313568,B2-01,0,4
860,54:F0:B1:BC:3F:12,,40,441.1631200313568,B2-01,0,4
861,54:F0:B1:BC:43:60,eduroam,10,441.1631200313568,B2-01,0,4
862,54:F0:B1:BC:70:00,eduroam,35,441.1631200313568,B2-01,0,4
863,54:F0:B1:BC:70:01,PoliSemFio,35,441.1631200313568,B2-01,0,4
864,54:F0:B1:BC:70:02,,40,441.1631200313568,B2-01,0,4
865,54:F0:B1:BC:77:80,eduroam,42,441.1631200313568,B2-01,0,4
866,54:F0:B1:BC:77:81,PoliSemFio,40,441.1631200313568,B2-01,0,4
867,54:F0:B1:BC:77:82,,52,441.1631200313568,B2-01,0,4
868,54:F0:B1:BC:77:A0,eduroam,19,441.1631200313568,B2-01,0,4
869,54:F0:B1:BC:77:A1,PoliSemFio,17,441.1631200313568,B2-01,0,4
870,54:F0:B1:BC:8F:20,eduroam,12,441.1631200313568,B2-01,0,4
871,56:60:F9:A3:E7:3F,,25,441.1631200313568,B2-01,0,4
872,68:FF:7B:47:78:BE,C1-22M,34,441.1631200313568,B2-01,0,4
873,70:62:B8:6E:72:A0,PCS-wireless-C1-13,22,441.1631200313568,B2-01,0,4
874,70:62:B8:6E:72:A1,PPGEE,22,441.1631200313568,B2-01,0,4
875,84:D4:7E:06:4F:E0,eduroam,40,441.1631200313568,B2-01,0,4
876,84:D4:7E:06:4F:E1,PoliSemFio,42,441.1631200313568,B2-01,0,4
877,84:D4:7E:06:4F:E2,,42,441.1631200313568,B2-01,0,4
878,84:D4:7E:06:4F:F0,eduroam,20,441.1631200313568,B2-01,0,4
879,84:D4:7E:06:4F:F1,PoliSemFio,19,441.1631200313568,B2-01,0,4
880,DC:9F:DB:1C:1F:D7,LWN-3,15,441.1631200313568,B2-01,0,4
881,DE:9F:DB:1C:1F:E0,LARC Guest,30,441.1631200313568,B2-01,0,4
882,EE:9F:DB:1C:1F:D7,,15,441.1631200313568,B2-01,0,4
883,EE:9F:DB:1C:1F:E0,,25,441.1631200313568,B2-01,0,4
884,F8:1A:67:99:55:8E,NUCLEAR_CHF,30,441.1631200313568,B2-01,0,4
885,FE:9F:DB:1C:1F:E0,,29,441.1631200313568,B2-01,0,4
886,00:21:91:70:9D:EC,LAB-DIDATICO,19,447.46266770362854,B2-01,0,4
887,2A:56:5A:49:06:54,DIRECT-54-HP M132f LaserJet,22,447.46266770362854,B2-01,0,4
888,34:60:F9:A3:D9:13,GASWIFI-5G_C2,27,447.46266770362854,B2-01,0,4
889,34:60:F9:A3:D9:14,GASWIFI-2G_C2,29,447.46266770362854,B2-01,0,4
890,34:60:F9:A3:E7:3F,GASWIFI_C4,27,447.46266770362854,B2-01,0,4
891,34:CE:00:51:3E:6F,Lab,77,447.46266770362854,B2-01,0,4
892,34:CE:00:51:3E:70,Lab_5G,34,447.46266770362854,B2-01,0,4
893,3A:60:F9:A3:D9:13,,15,447.46266770362854,B2-01,0,4
894,48:00:20:34:D2:40,eduroam,29,447.46266770362854,B2-01,0,4
895,54:B8:0A:AA:2C:8C,LAB_DIGITAL,30,447.46266770362854,B2-01,0,4
896,54:B8:0A:AA:2C:8D,PCS-Wireless,39,447.46266770362854,B2-01,0,4
897,54:F0:B1:A1:18:C0,eduroam,14,447.46266770362854,B2-01,0,4
898,54:F0:B1:A1:18:C1,PoliSemFio,14,447.46266770362854,B2-01,0,4
899,54:F0:B1:A1:18:C3,MEZANINO,9,447.46266770362854,B2-01,0,4
900,54:F0:B1:A1:18:C4,GDLAB,10,447.46266770362854,B2-01,0,4
901,54:F0:B1:A1:18:C5,LABPAD,12,447.46266770362854,B2-01,0,4
902,54:F0:B1:A1:18:D0,eduroam,37,447.46266770362854,B2-01,0,4
903,54:F0:B1:A1:18:D1,PoliSemFio,29,447.46266770362854,B2-01,0,4
904,54:F0:B1:A1:18:D2,,30,447.46266770362854,B2-01,0,4
905,54:F0:B1:A1:18:D3,MEZANINO,30,447.46266770362854,B2-01,0,4
906,54:F0:B1:A1:18:D4,GDLAB,30,447.46266770362854,B2-01,0,4
907,54:F0:B1:A1:18:D5,LABPAD,5,447.46266770362854,B2-01,0,4
908,54:F0:B1:A1:57:F0,eduroam,10,447.46266770362854,B2-01,0,4
909,54:F0:B1:A1:57:F1,PoliSemFio,12,447.46266770362854,B2-01,0,4
910,54:F0:B1:A1:57:F2,,10,447.46266770362854,B2-01,0,4
911,54:F0:B1:A1:58:00,eduroam,47,447.46266770362854,B2-01,0,4
912,54:F0:B1:A1:58:01,PoliSemFio,44,447.46266770362854,B2-01,0,4
913,54:F0:B1:A1:58:02,,45,447.46266770362854,B2-01,0,4
914,54:F0:B1:A1:E5:00,eduroam,19,447.46266770362854,B2-01,0,4
915,54:F0:B1:A1:E5:02,,19,447.46266770362854,B2-01,0,4
916,54:F0:B1:A2:37:E0,eduroam,12,447.46266770362854,B2-01,0,4
917,54:F0:B1:A2:56:72,,24,447.46266770362854,B2-01,0,4
918,54:F0:B1:A2:57:30,eduroam,20,447.46266770362854,B2-01,0,4
919,54:F0:B1:A2:57:33,LCA,14,447.46266770362854,B2-01,0,4
920,54:F0:B1:BB:5A:80,eduroam,32,447.46266770362854,B2-01,0,4
921,54:F0:B1:BB:5A:81,PoliSemFio,34,447.46266770362854,B2-01,0,4
922,54:F0:B1:BB:5A:82,HACKER,29,447.46266770362854,B2-01,0,4
923,54:F0:B1:BB:5A:83,LEP,29,447.46266770362854,B2-01,0,4
924,54:F0:B1:BB:84:B2,,29,447.46266770362854,B2-01,0,4
925,54:F0:B1:BB:BE:13,CAEEL,20,447.46266770362854,B2-01,0,4
926,54:F0:B1:BB:C4:D0,eduroam,44,447.46266770362854,B2-01,0,4
927,54:F0:B1:BB:C4:D1,PoliSemFio,42,447.46266770362854,B2-01,0,4
928,54:F0:B1:BB:C4:D2,,55,447.46266770362854,B2-01,0,4
929,54:F0:B1:BB:C4:F0,eduroam,20,447.46266770362854,B2-01,0,4
930,54:F0:B1:BB:C4:F1,PoliSemFio,17,447.46266770362854,B2-01,0,4
931,54:F0:B1:BB:C5:C0,eduroam,4,447.46266770362854,B2-01,0,4
932,54:F0:B1:BB:C5:C3,MEZANINO,9,447.46266770362854,B2-01,0,4
933,54:F0:B1:BB:F3:20,eduroam,15,447.46266770362854,B2-01,0,4
934,54:F0:B1:BB:FD:D0,eduroam,15,447.46266770362854,B2-01,0,4
935,54:F0:B1:BB:FD:D2,,22,447.46266770362854,B2-01,0,4
936,54:F0:B1:BC:09:40,eduroam,89,447.46266770362854,B2-01,0,4
937,54:F0:B1:BC:09:41,PoliSemFio,85,447.46266770362854,B2-01,0,4
938,54:F0:B1:BC:09:42,,85,447.46266770362854,B2-01,0,4
939,54:F0:B1:BC:09:60,eduroam,75,447.46266770362854,B2-01,0,4
940,54:F0:B1:BC:09:61,PoliSemFio,87,447.46266770362854,B2-01,0,4
941,54:F0:B1:BC:1B:D2,,55,447.46266770362854,B2-01,0,4
942,54:F0:B1:BC:1B:F0,eduroam,34,447.46266770362854,B2-01,0,4
943,54:F0:B1:BC:1B:F1,PoliSemFio,34,447.46266770362854,B2-01,0,4
944,54:F0:B1:BC:2E:90,eduroam,79,447.46266770362854,B2-01,0,4
945,54:F0:B1:BC:2E:91,PoliSemFio,77,447.46266770362854,B2-01,0,4
946,54:F0:B1:BC:2E:92,,65,447.46266770362854,B2-01,0,4
947,54:F0:B1:BC:2E:B0,eduroam,44,447.46266770362854,B2-01,0,4
948,54:F0:B1:BC:2E:B1,PoliSemFio,44,447.46266770362854,B2-01,0,4
949,54:F0:B1:BC:2E:B2,,32,447.46266770362854,B2-01,0,4
950,54:F0:B1:BC:2F:50,eduroam,10,447.46266770362854,B2-01,0,4
951,54:F0:B1:BC:36:10,PoliSemFio,25,447.46266770362854,B2-01,0,4
952,54:F0:B1:BC:36:11,eduroam,24,447.46266770362854,B2-01,0,4
953,54:F0:B1:BC:36:12,,25,447.46266770362854,B2-01,0,4
954,54:F0:B1:BC:3F:10,eduroam,52,447.46266770362854,B2-01,0,4
955,54:F0:B1:BC:3F:11,PoliSemFio,32,447.46266770362854,B2-01,0,4
956,54:F0:B1:BC:3F:12,,32,447.46266770362854,B2-01,0,4
957,54:F0:B1:BC:43:60,eduroam,10,447.46266770362854,B2-01,0,4
958,54:F0:B1:BC:70:00,eduroam,40,447.46266770362854,B2-01,0,4
959,54:F0:B1:BC:70:01,PoliSemFio,35,447.46266770362854,B2-01,0,4
960,54:F0:B1:BC:70:02,,35,447.46266770362854,B2-01,0,4
961,54:F0:B1:BC:70:20,eduroam,15,447.46266770362854,B2-01,0,4
962,54:F0:B1:BC:70:21,PoliSemFio,15,447.46266770362854,B2-01,0,4
963,54:F0:B1:BC:70:22,,17,447.46266770362854,B2-01,0,4
964,54:F0:B1:BC:77:80,eduroam,42,447.46266770362854,B2-01,0,4
965,54:F0:B1:BC:77:81,PoliSemFio,40,447.46266770362854,B2-01,0,4
966,54:F0:B1:BC:77:82,,52,447.46266770362854,B2-01,0,4
967,54:F0:B1:BC:77:A0,eduroam,19,447.46266770362854,B2-01,0,4
968,54:F0:B1:BC:77:A1,PoliSemFio,17,447.46266770362854,B2-01,0,4
969,54:F0:B1:BC:8F:20,eduroam,12,447.46266770362854,B2-01,0,4
970,56:60:F9:A3:E7:3F,,25,447.46266770362854,B2-01,0,4
971,68:FF:7B:47:78:BE,C1-22M,22,447.46266770362854,B2-01,0,4
972,70:62:B8:6E:72:A0,PCS-wireless-C1-13,19,447.46266770362854,B2-01,0,4
973,70:62:B8:6E:72:A1,PPGEE,20,447.46266770362854,B2-01,0,4
974,84:D4:7E:06:4F:E0,eduroam,45,447.46266770362854,B2-01,0,4
975,84:D4:7E:06:4F:E1,PoliSemFio,42,447.46266770362854,B2-01,0,4
976,84:D4:7E:06:4F:E2,,42,447.46266770362854,B2-01,0,4
977,84:D4:7E:06:4F:F0,eduroam,29,447.46266770362854,B2-01,0,4
978,84:D4:7E:06:4F:F1,PoliSemFio,29,447.46266770362854,B2-01,0,4
979,DC:9F:DB:1C:1F:D7,LWN-3,15,447.46266770362854,B2-01,0,4
980,DE:9F:DB:1C:1F:E0,LARC Guest,27,447.46266770362854,B2-01,0,4
981,EE:9F:DB:1C:1F:D7,,15,447.46266770362854,B2-01,0,4
982,EE:9F:DB:1C:1F:E0,,29,447.46266770362854,B2-01,0,4
983,F8:1A:67:99:55:8E,NUCLEAR_CHF,30,447.46266770362854,B2-01,0,4
984,FE:9F:DB:1C:1F:E0,,25,447.46266770362854,B2-01,0,4
985,00:21:91:70:9D:EC,LAB-DIDATICO,19,453.7422420978546,B2-01,0,4
986,2A:56:5A:49:06:54,DIRECT-54-HP M132f LaserJet,19,453.7422420978546,B2-01,0,4
987,34:60:F9:A3:D9:13,GASWIFI-5G_C2,27,453.7422420978546,B2-01,0,4
988,34:60:F9:A3:D9:14,GASWIFI-2G_C2,49,453.7422420978546,B2-01,0,4
989,34:60:F9:A3:E7:3F,GASWIFI_C4,27,453.7422420978546,B2-01,0,4
990,34:CE:00:51:3E:6F,Lab,57,453.7422420978546,B2-01,0,4
991,34:CE:00:51:3E:70,Lab_5G,32,453.7422420978546,B2-01,0,4
992,3A:60:F9:A3:D9:13,,15,453.7422420978546,B2-01,0,4
993,48:00:20:34:D2:40,eduroam,20,453.7422420978546,B2-01,0,4
994,54:B8:0A:AA:2C:8D,PCS-Wireless,39,453.7422420978546,B2-01,0,4
995,54:F0:B1:A1:18:C0,eduroam,14,453.7422420978546,B2-01,0,4
996,54:F0:B1:A1:18:C1,PoliSemFio,15,453.7422420978546,B2-01,0,4
997,54:F0:B1:A1:18:C3,MEZANINO,12,453.7422420978546,B2-01,0,4
998,54:F0:B1:A1:18:C4,GDLAB,14,453.7422420978546,B2-01,0,4
999,54:F0:B1:A1:18:C5,LABPAD,14,453.7422420978546,B2-01,0,4
1000,54:F0:B1:A1:18:D0,eduroam,37,453.7422420978546,B2-01,0,4
1001,54:F0:B1:A1:18:D1,PoliSemFio,29,453.7422420978546,B2-01,0,4
1002,54:F0:B1:A1:18:D2,,24,453.7422420978546,B2-01,0,4
1003,54:F0:B1:A1:18:D3,MEZANINO,20,453.7422420978546,B2-01,0,4
1004,54:F0:B1:A1:18:D4,GDLAB,30,453.7422420978546,B2-01,0,4
1005,54:F0:B1:A1:18:D5,LABPAD,27,453.7422420978546,B2-01,0,4
1006,54:F0:B1:A1:57:F0,eduroam,10,453.7422420978546,B2-01,0,4
1007,54:F0:B1:A1:57:F1,PoliSemFio,12,453.7422420978546,B2-01,0,4
1008,54:F0:B1:A1:57:F2,,10,453.7422420978546,B2-01,0,4
1009,54:F0:B1:A1:58:00,eduroam,40,453.7422420978546,B2-01,0,4
1010,54:F0:B1:A1:58:01,PoliSemFio,39,453.7422420978546,B2-01,0,4
1011,54:F0:B1:A1:58:02,,45,453.7422420978546,B2-01,0,4
1012,54:F0:B1:A1:E5:00,eduroam,19,453.7422420978546,B2-01,0,4
1013,54:F0:B1:A1:E5:02,,19,453.7422420978546,B2-01,0,4
1014,54:F0:B1:A2:37:E0,eduroam,17,453.7422420978546,B2-01,0,4
1015,54:F0:B1:A2:56:72,,24,453.7422420978546,B2-01,0,4
1016,54:F0:B1:A2:57:30,eduroam,27,453.7422420978546,B2-01,0,4
1017,54:F0:B1:A2:57:33,LCA,29,453.7422420978546,B2-01,0,4
1018,54:F0:B1:BB:5A:80,eduroam,32,453.7422420978546,B2-01,0,4
1019,54:F0:B1:BB:5A:81,PoliSemFio,34,453.7422420978546,B2-01,0,4
1020,54:F0:B1:BB:5A:82,HACKER,29,453.7422420978546,B2-01,0,4
1021,54:F0:B1:BB:5A:83,LEP,22,453.7422420978546,B2-01,0,4
1022,54:F0:B1:BB:84:B2,,27,453.7422420978546,B2-01,0,4
1023,54:F0:B1:BB:BE:11,PoliSemFio,25,453.7422420978546,B2-01,0,4
1024,54:F0:B1:BB:BE:12,,20,453.7422420978546,B2-01,0,4
1025,54:F0:B1:BB:BE:13,CAEEL,20,453.7422420978546,B2-01,0,4
1026,54:F0:B1:BB:C4:D0,eduroam,59,453.7422420978546,B2-01,0,4
1027,54:F0:B1:BB:C4:D1,PoliSemFio,54,453.7422420978546,B2-01,0,4
1028,54:F0:B1:BB:C4:D2,,55,453.7422420978546,B2-01,0,4
1029,54:F0:B1:BB:C4:F0,eduroam,20,453.7422420978546,B2-01,0,4
1030,54:F0:B1:BB:C4:F1,PoliSemFio,17,453.7422420978546,B2-01,0,4
1031,54:F0:B1:BB:C5:C0,eduroam,4,453.7422420978546,B2-01,0,4
1032,54:F0:B1:BB:C5:C3,MEZANINO,9,453.7422420978546,B2-01,0,4
1033,54:F0:B1:BB:F3:20,eduroam,15,453.7422420978546,B2-01,0,4
1034,54:F0:B1:BB:FD:D0,eduroam,14,453.7422420978546,B2-01,0,4
1035,54:F0:B1:BB:FD:D1,PoliSemFio,19,453.7422420978546,B2-01,0,4
1036,54:F0:B1:BB:FD:D2,,19,453.7422420978546,B2-01,0,4
1037,54:F0:B1:BC:09:40,eduroam,84,453.7422420978546,B2-01,0,4
1038,54:F0:B1:BC:09:41,PoliSemFio,87,453.7422420978546,B2-01,0,4
1039,54:F0:B1:BC:09:42,,85,453.7422420978546,B2-01,0,4
1040,54:F0:B1:BC:09:60,eduroam,81,453.7422420978546,B2-01,0,4
1041,54:F0:B1:BC:09:61,PoliSemFio,92,453.7422420978546,B2-01,0,4
1042,54:F0:B1:BC:1B:D0,eduroam,44,453.7422420978546,B2-01,0,4
1043,54:F0:B1:BC:1B:D1,PoliSemFio,44,453.7422420978546,B2-01,0,4
1044,54:F0:B1:BC:1B:D2,,44,453.7422420978546,B2-01,0,4
1045,54:F0:B1:BC:1B:F0,eduroam,20,453.7422420978546,B2-01,0,4
1046,54:F0:B1:BC:1B:F1,PoliSemFio,19,453.7422420978546,B2-01,0,4
1047,54:F0:B1:BC:2E:90,eduroam,49,453.7422420978546,B2-01,0,4
1048,54:F0:B1:BC:2E:91,PoliSemFio,59,453.7422420978546,B2-01,0,4
1049,54:F0:B1:BC:2E:92,,65,453.7422420978546,B2-01,0,4
1050,54:F0:B1:BC:2E:B0,eduroam,35,453.7422420978546,B2-01,0,4
1051,54:F0:B1:BC:2E:B1,PoliSemFio,37,453.7422420978546,B2-01,0,4
1052,54:F0:B1:BC:2E:B2,,32,453.7422420978546,B2-01,0,4
1053,54:F0:B1:BC:2F:50,eduroam,10,453.7422420978546,B2-01,0,4
1054,54:F0:B1:BC:36:10,PoliSemFio,32,453.7422420978546,B2-01,0,4
1055,54:F0:B1:BC:36:11,eduroam,24,453.7422420978546,B2-01,0,4
1056,54:F0:B1:BC:36:12,,25,453.7422420978546,B2-01,0,4
1057,54:F0:B1:BC:3F:10,eduroam,44,453.7422420978546,B2-01,0,4
1058,54:F0:B1:BC:3F:11,PoliSemFio,32,453.7422420978546,B2-01,0,4
1059,54:F0:B1:BC:3F:12,,32,453.7422420978546,B2-01,0,4
1060,54:F0:B1:BC:43:60,eduroam,10,453.7422420978546,B2-01,0,4
1061,54:F0:B1:BC:70:00,eduroam,19,453.7422420978546,B2-01,0,4
1062,54:F0:B1:BC:70:01,PoliSemFio,40,453.7422420978546,B2-01,0,4
1063,54:F0:B1:BC:70:02,,40,453.7422420978546,B2-01,0,4
1064,54:F0:B1:BC:70:20,eduroam,17,453.7422420978546,B2-01,0,4
1065,54:F0:B1:BC:70:21,PoliSemFio,15,453.7422420978546,B2-01,0,4
1066,54:F0:B1:BC:70:22,,17,453.7422420978546,B2-01,0,4
1067,54:F0:B1:BC:77:80,eduroam,37,453.7422420978546,B2-01,0,4
1068,54:F0:B1:BC:77:81,PoliSemFio,39,453.7422420978546,B2-01,0,4
1069,54:F0:B1:BC:77:82,,39,453.7422420978546,B2-01,0,4
1070,54:F0:B1:BC:77:A0,eduroam,19,453.7422420978546,B2-01,0,4
1071,54:F0:B1:BC:77:A1,PoliSemFio,17,453.7422420978546,B2-01,0,4
1072,54:F0:B1:BC:8F:20,eduroam,15,453.7422420978546,B2-01,0,4
1073,56:60:F9:A3:E7:3F,,25,453.7422420978546,B2-01,0,4
1074,68:FF:7B:47:78:BE,C1-22M,40,453.7422420978546,B2-01,0,4
1075,70:62:B8:6E:72:A0,PCS-wireless-C1-13,19,453.7422420978546,B2-01,0,4
1076,70:62:B8:6E:72:A1,PPGEE,24,453.7422420978546,B2-01,0,4
1077,84:D4:7E:06:4F:E0,eduroam,45,453.7422420978546,B2-01,0,4
1078,84:D4:7E:06:4F:E1,PoliSemFio,52,453.7422420978546,B2-01,0,4
1079,84:D4:7E:06:4F:E2,,52,453.7422420978546,B2-01,0,4
1080,84:D4:7E:06:4F:F0,eduroam,29,453.7422420978546,B2-01,0,4
1081,84:D4:7E:06:4F:F1,PoliSemFio,29,453.7422420978546,B2-01,0,4
1082,DC:9F:DB:1C:1F:D7,LWN-3,17,453.7422420978546,B2-01,0,4
1083,DE:9F:DB:1C:1F:E0,LARC Guest,37,453.7422420978546,B2-01,0,4
1084,EE:9F:DB:1C:1F:D7,,15,453.7422420978546,B2-01,0,4
1085,EE:9F:DB:1C:1F:E0,,34,453.7422420978546,B2-01,0,4
1086,F8:1A:67:99:55:8E,NUCLEAR_CHF,20,453.7422420978546,B2-01,0,4
1087,FE:9F:DB:1C:1F:E0,,34,453.7422420978546,B2-01,0,4
1088,2A:56:5A:49:06:54,DIRECT-54-HP M132f LaserJet,19,460.00184059143066,B2-01,0,4
1089,34:60:F9:A3:D9:13,GASWIFI-5G_C2,27,460.00184059143066,B2-01,0,4
1090,34:60:F9:A3:D9:14,GASWIFI-2G_C2,49,460.00184059143066,B2-01,0,4
1091,34:60:F9:A3:E7:3F,GASWIFI_C4,27,460.00184059143066,B2-01,0,4
1092,34:CE:00:51:3E:6F,Lab,65,460.00184059143066,B2-01,0,4
1093,34:CE:00:51:3E:70,Lab_5G,45,460.00184059143066,B2-01,0,4
1094,48:00:20:34:D2:40,eduroam,25,460.00184059143066,B2-01,0,4
1095,54:B8:0A:AA:2C:8C,LAB_DIGITAL,34,460.00184059143066,B2-01,0,4
1096,54:B8:0A:AA:2C:8D,PCS-Wireless,42,460.00184059143066,B2-01,0,4
1097,54:F0:B1:A1:18:C0,eduroam,17,460.00184059143066,B2-01,0,4
1098,54:F0:B1:A1:18:C1,PoliSemFio,19,460.00184059143066,B2-01,0,4
1099,54:F0:B1:A1:18:C3,MEZANINO,19,460.00184059143066,B2-01,0,4
1100,54:F0:B1:A1:18:C4,GDLAB,17,460.00184059143066,B2-01,0,4
1101,54:F0:B1:A1:18:C5,LABPAD,17,460.00184059143066,B2-01,0,4
1102,54:F0:B1:A1:18:D0,eduroam,37,460.00184059143066,B2-01,0,4
1103,54:F0:B1:A1:18:D1,PoliSemFio,29,460.00184059143066,B2-01,0,4
1104,54:F0:B1:A1:18:D2,,24,460.00184059143066,B2-01,0,4
1105,54:F0:B1:A1:18:D3,MEZANINO,20,460.00184059143066,B2-01,0,4
1106,54:F0:B1:A1:18:D4,GDLAB,30,460.00184059143066,B2-01,0,4
1107,54:F0:B1:A1:18:D5,LABPAD,22,460.00184059143066,B2-01,0,4
1108,54:F0:B1:A1:57:F0,eduroam,10,460.00184059143066,B2-01,0,4
1109,54:F0:B1:A1:57:F1,PoliSemFio,12,460.00184059143066,B2-01,0,4
1110,54:F0:B1:A1:57:F2,,10,460.00184059143066,B2-01,0,4
1111,54:F0:B1:A1:58:00,eduroam,30,460.00184059143066,B2-01,0,4
1112,54:F0:B1:A1:58:01,PoliSemFio,39,460.00184059143066,B2-01,0,4
1113,54:F0:B1:A1:58:02,,45,460.00184059143066,B2-01,0,4
1114,54:F0:B1:A1:E5:00,eduroam,24,460.00184059143066,B2-01,0,4
1115,54:F0:B1:A1:E5:02,,19,460.00184059143066,B2-01,0,4
1116,54:F0:B1:A2:37:E0,eduroam,17,460.00184059143066,B2-01,0,4
1117,54:F0:B1:A2:56:72,,24,460.00184059143066,B2-01,0,4
1118,54:F0:B1:A2:57:30,eduroam,17,460.00184059143066,B2-01,0,4
1119,54:F0:B1:A2:57:33,LCA,29,460.00184059143066,B2-01,0,4
1120,54:F0:B1:BB:5A:81,PoliSemFio,34,460.00184059143066,B2-01,0,4
1121,54:F0:B1:BB:5A:82,HACKER,29,460.00184059143066,B2-01,0,4
1122,54:F0:B1:BB:5A:83,LEP,20,460.00184059143066,B2-01,0,4
1123,54:F0:B1:BB:84:B2,,25,460.00184059143066,B2-01,0,4
1124,54:F0:B1:BB:BE:11,PoliSemFio,25,460.00184059143066,B2-01,0,4
1125,54:F0:B1:BB:BE:12,,20,460.00184059143066,B2-01,0,4
1126,54:F0:B1:BB:BE:13,CAEEL,19,460.00184059143066,B2-01,0,4
1127,54:F0:B1:BB:C4:D0,eduroam,55,460.00184059143066,B2-01,0,4
1128,54:F0:B1:BB:C4:D1,PoliSemFio,54,460.00184059143066,B2-01,0,4
1129,54:F0:B1:BB:C4:D2,,49,460.00184059143066,B2-01,0,4
1130,54:F0:B1:BB:C4:F0,eduroam,35,460.00184059143066,B2-01,0,4
1131,54:F0:B1:BB:C4:F1,PoliSemFio,35,460.00184059143066,B2-01,0,4
1132,54:F0:B1:BB:C5:C0,eduroam,4,460.00184059143066,B2-01,0,4
1133,54:F0:B1:BB:C5:C3,MEZANINO,9,460.00184059143066,B2-01,0,4
1134,54:F0:B1:BB:F3:20,eduroam,15,460.00184059143066,B2-01,0,4
1135,54:F0:B1:BB:FD:D0,eduroam,14,460.00184059143066,B2-01,0,4
1136,54:F0:B1:BB:FD:D1,PoliSemFio,19,460.00184059143066,B2-01,0,4
1137,54:F0:B1:BB:FD:D2,,19,460.00184059143066,B2-01,0,4
1138,54:F0:B1:BC:09:40,eduroam,90,460.00184059143066,B2-01,0,4
1139,54:F0:B1:BC:09:41,PoliSemFio,95,460.00184059143066,B2-01,0,4
1140,54:F0:B1:BC:09:42,,95,460.00184059143066,B2-01,0,4
1141,54:F0:B1:BC:09:60,eduroam,72,460.00184059143066,B2-01,0,4
1142,54:F0:B1:BC:09:61,PoliSemFio,72,460.00184059143066,B2-01,0,4
1143,54:F0:B1:BC:1B:D0,eduroam,50,460.00184059143066,B2-01,0,4
1144,54:F0:B1:BC:1B:D1,PoliSemFio,44,460.00184059143066,B2-01,0,4
1145,54:F0:B1:BC:1B:D2,,45,460.00184059143066,B2-01,0,4
1146,54:F0:B1:BC:1B:F0,eduroam,30,460.00184059143066,B2-01,0,4
1147,54:F0:B1:BC:1B:F1,PoliSemFio,30,460.00184059143066,B2-01,0,4
1148,54:F0:B1:BC:2E:90,eduroam,49,460.00184059143066,B2-01,0,4
1149,54:F0:B1:BC:2E:91,PoliSemFio,45,460.00184059143066,B2-01,0,4
1150,54:F0:B1:BC:2E:92,,65,460.00184059143066,B2-01,0,4
1151,54:F0:B1:BC:2E:B0,eduroam,34,460.00184059143066,B2-01,0,4
1152,54:F0:B1:BC:2E:B1,PoliSemFio,34,460.00184059143066,B2-01,0,4
1153,54:F0:B1:BC:2E:B2,,32,460.00184059143066,B2-01,0,4
1154,54:F0:B1:BC:2F:50,eduroam,10,460.00184059143066,B2-01,0,4
1155,54:F0:B1:BC:36:10,PoliSemFio,32,460.00184059143066,B2-01,0,4
1156,54:F0:B1:BC:3F:10,eduroam,44,460.00184059143066,B2-01,0,4
1157,54:F0:B1:BC:3F:11,PoliSemFio,32,460.00184059143066,B2-01,0,4
1158,54:F0:B1:BC:3F:12,,32,460.00184059143066,B2-01,0,4
1159,54:F0:B1:BC:43:60,eduroam,10,460.00184059143066,B2-01,0,4
1160,54:F0:B1:BC:65:B0,eduroam,15,460.00184059143066,B2-01,0,4
1161,54:F0:B1:BC:70:00,eduroam,44,460.00184059143066,B2-01,0,4
1162,54:F0:B1:BC:70:01,PoliSemFio,39,460.00184059143066,B2-01,0,4
1163,54:F0:B1:BC:70:02,,37,460.00184059143066,B2-01,0,4
1164,54:F0:B1:BC:70:20,eduroam,17,460.00184059143066,B2-01,0,4
1165,54:F0:B1:BC:70:21,PoliSemFio,10,460.00184059143066,B2-01,0,4
1166,54:F0:B1:BC:70:22,,17,460.00184059143066,B2-01,0,4
1167,54:F0:B1:BC:77:80,eduroam,37,460.00184059143066,B2-01,0,4
1168,54:F0:B1:BC:77:81,PoliSemFio,49,460.00184059143066,B2-01,0,4
1169,54:F0:B1:BC:77:82,,49,460.00184059143066,B2-01,0,4
1170,54:F0:B1:BC:77:A0,eduroam,17,460.00184059143066,B2-01,0,4
1171,54:F0:B1:BC:77:A1,PoliSemFio,17,460.00184059143066,B2-01,0,4
1172,54:F0:B1:BC:8F:20,eduroam,15,460.00184059143066,B2-01,0,4
1173,56:60:F9:A3:E7:3F,,25,460.00184059143066,B2-01,0,4
1174,68:FF:7B:47:78:BE,C1-22M,27,460.00184059143066,B2-01,0,4
1175,70:62:B8:6E:72:A0,PCS-wireless-C1-13,37,460.00184059143066,B2-01,0,4
1176,70:62:B8:6E:72:A1,PPGEE,35,460.00184059143066,B2-01,0,4
1177,84:D4:7E:06:4F:E0,eduroam,45,460.00184059143066,B2-01,0,4
1178,84:D4:7E:06:4F:E1,PoliSemFio,52,460.00184059143066,B2-01,0,4
1179,84:D4:7E:06:4F:E2,,47,460.00184059143066,B2-01,0,4
1180,84:D4:7E:06:4F:F0,eduroam,20,460.00184059143066,B2-01,0,4
1181,84:D4:7E:06:4F:F1,PoliSemFio,20,460.00184059143066,B2-01,0,4
1182,DC:9F:DB:1C:1F:D7,LWN-3,17,460.00184059143066,B2-01,0,4
1183,DC:9F:DB:1C:1F:E0,LWN-3,25,460.00184059143066,B2-01,0,4
1184,DE:9F:DB:1C:1F:E0,LARC Guest,37,460.00184059143066,B2-01,0,4
1185,EE:9F:DB:1C:1F:E0,,24,460.00184059143066,B2-01,0,4
1186,F8:1A:67:99:55:8E,NUCLEAR_CHF,20,460.00184059143066,B2-01,0,4
1187,FE:9F:DB:1C:1F:E0,,34,460.00184059143066,B2-01,0,4
1188,2A:56:5A:49:06:54,DIRECT-54-HP M132f LaserJet,19,466.2622528076172,B2-01,0,4
1189,34:60:F9:A3:D9:13,GASWIFI-5G_C2,27,466.2622528076172,B2-01,0,4
1190,34:60:F9:A3:D9:14,GASWIFI-2G_C2,49,466.2622528076172,B2-01,0,4
1191,34:60:F9:A3:E7:3F,GASWIFI_C4,27,466.2622528076172,B2-01,0,4
1192,34:CE:00:51:3E:6F,Lab,65,466.2622528076172,B2-01,0,4
1193,34:CE:00:51:3E:70,Lab_5G,45,466.2622528076172,B2-01,0,4
1194,48:00:20:34:D2:40,eduroam,25,466.2622528076172,B2-01,0,4
1195,54:B8:0A:AA:2C:8C,LAB_DIGITAL,34,466.2622528076172,B2-01,0,4
1196,54:B8:0A:AA:2C:8D,PCS-Wireless,42,466.2622528076172,B2-01,0,4
1197,54:F0:B1:A1:18:C0,eduroam,17,466.2622528076172,B2-01,0,4
1198,54:F0:B1:A1:18:C1,PoliSemFio,19,466.2622528076172,B2-01,0,4
1199,54:F0:B1:A1:18:C3,MEZANINO,19,466.2622528076172,B2-01,0,4
1200,54:F0:B1:A1:18:C4,GDLAB,17,466.2622528076172,B2-01,0,4
1201,54:F0:B1:A1:18:C5,LABPAD,17,466.2622528076172,B2-01,0,4
1202,54:F0:B1:A1:18:D0,eduroam,37,466.2622528076172,B2-01,0,4
1203,54:F0:B1:A1:18:D1,PoliSemFio,29,466.2622528076172,B2-01,0,4
1204,54:F0:B1:A1:18:D2,,24,466.2622528076172,B2-01,0,4
1205,54:F0:B1:A1:18:D3,MEZANINO,20,466.2622528076172,B2-01,0,4
1206,54:F0:B1:A1:18:D4,GDLAB,30,466.2622528076172,B2-01,0,4
1207,54:F0:B1:A1:18:D5,LABPAD,22,466.2622528076172,B2-01,0,4
1208,54:F0:B1:A1:57:F0,eduroam,10,466.2622528076172,B2-01,0,4
1209,54:F0:B1:A1:57:F1,PoliSemFio,12,466.2622528076172,B2-01,0,4
1210,54:F0:B1:A1:57:F2,,10,466.2622528076172,B2-01,0,4
1211,54:F0:B1:A1:58:00,eduroam,30,466.2622528076172,B2-01,0,4
1212,54:F0:B1:A1:58:01,PoliSemFio,39,466.2622528076172,B2-01,0,4
1213,54:F0:B1:A1:58:02,,45,466.2622528076172,B2-01,0,4
1214,54:F0:B1:A1:E5:00,eduroam,24,466.2622528076172,B2-01,0,4
1215,54:F0:B1:A1:E5:02,,19,466.2622528076172,B2-01,0,4
1216,54:F0:B1:A2:37:E0,eduroam,17,466.2622528076172,B2-01,0,4
1217,54:F0:B1:A2:56:72,,24,466.2622528076172,B2-01,0,4
1218,54:F0:B1:A2:57:30,eduroam,17,466.2622528076172,B2-01,0,4
1219,54:F0:B1:A2:57:33,LCA,29,466.2622528076172,B2-01,0,4
1220,54:F0:B1:BB:5A:81,PoliSemFio,34,466.2622528076172,B2-01,0,4
1221,54:F0:B1:BB:5A:82,HACKER,29,466.2622528076172,B2-01,0,4
1222,54:F0:B1:BB:5A:83,LEP,20,466.2622528076172,B2-01,0,4
1223,54:F0:B1:BB:84:B2,,25,466.2622528076172,B2-01,0,4
1224,54:F0:B1:BB:BE:11,PoliSemFio,25,466.2622528076172,B2-01,0,4
1225,54:F0:B1:BB:BE:12,,20,466.2622528076172,B2-01,0,4
1226,54:F0:B1:BB:BE:13,CAEEL,19,466.2622528076172,B2-01,0,4
1227,54:F0:B1:BB:C4:D0,eduroam,55,466.2622528076172,B2-01,0,4
1228,54:F0:B1:BB:C4:D1,PoliSemFio,54,466.2622528076172,B2-01,0,4
1229,54:F0:B1:BB:C4:D2,,49,466.2622528076172,B2-01,0,4
1230,54:F0:B1:BB:C4:F0,eduroam,35,466.2622528076172,B2-01,0,4
1231,54:F0:B1:BB:C4:F1,PoliSemFio,35,466.2622528076172,B2-01,0,4
1232,54:F0:B1:BB:C5:C0,eduroam,4,466.2622528076172,B2-01,0,4
1233,54:F0:B1:BB:C5:C3,MEZANINO,9,466.2622528076172,B2-01,0,4
1234,54:F0:B1:BB:F3:20,eduroam,15,466.2622528076172,B2-01,0,4
1235,54:F0:B1:BB:FD:D0,eduroam,14,466.2622528076172,B2-01,0,4
1236,54:F0:B1:BB:FD:D1,PoliSemFio,19,466.2622528076172,B2-01,0,4
1237,54:F0:B1:BB:FD:D2,,19,466.2622528076172,B2-01,0,4
1238,54:F0:B1:BC:09:40,eduroam,90,466.2622528076172,B2-01,0,4
1239,54:F0:B1:BC:09:41,PoliSemFio,95,466.2622528076172,B2-01,0,4
1240,54:F0:B1:BC:09:42,,95,466.2622528076172,B2-01,0,4
1241,54:F0:B1:BC:09:60,eduroam,80,466.2622528076172,B2-01,0,4
1242,54:F0:B1:BC:09:61,PoliSemFio,72,466.2622528076172,B2-01,0,4
1243,54:F0:B1:BC:1B:D0,eduroam,50,466.2622528076172,B2-01,0,4
1244,54:F0:B1:BC:1B:D1,PoliSemFio,44,466.2622528076172,B2-01,0,4
1245,54:F0:B1:BC:1B:D2,,45,466.2622528076172,B2-01,0,4
1246,54:F0:B1:BC:1B:F0,eduroam,30,466.2622528076172,B2-01,0,4
1247,54:F0:B1:BC:1B:F1,PoliSemFio,30,466.2622528076172,B2-01,0,4
1248,54:F0:B1:BC:2E:90,eduroam,49,466.2622528076172,B2-01,0,4
1249,54:F0:B1:BC:2E:91,PoliSemFio,45,466.2622528076172,B2-01,0,4
1250,54:F0:B1:BC:2E:92,,65,466.2622528076172,B2-01,0,4
1251,54:F0:B1:BC:2E:B0,eduroam,34,466.2622528076172,B2-01,0,4
1252,54:F0:B1:BC:2E:B1,PoliSemFio,34,466.2622528076172,B2-01,0,4
1253,54:F0:B1:BC:2E:B2,,32,466.2622528076172,B2-01,0,4
1254,54:F0:B1:BC:2F:50,eduroam,10,466.2622528076172,B2-01,0,4
1255,54:F0:B1:BC:36:10,PoliSemFio,32,466.2622528076172,B2-01,0,4
1256,54:F0:B1:BC:3F:10,eduroam,44,466.2622528076172,B2-01,0,4
1257,54:F0:B1:BC:3F:11,PoliSemFio,32,466.2622528076172,B2-01,0,4
1258,54:F0:B1:BC:3F:12,,32,466.2622528076172,B2-01,0,4
1259,54:F0:B1:BC:43:60,eduroam,10,466.2622528076172,B2-01,0,4
1260,54:F0:B1:BC:65:B0,eduroam,15,466.2622528076172,B2-01,0,4
1261,54:F0:B1:BC:70:00,eduroam,44,466.2622528076172,B2-01,0,4
1262,54:F0:B1:BC:70:01,PoliSemFio,39,466.2622528076172,B2-01,0,4
1263,54:F0:B1:BC:70:02,,37,466.2622528076172,B2-01,0,4
1264,54:F0:B1:BC:70:20,eduroam,17,466.2622528076172,B2-01,0,4
1265,54:F0:B1:BC:70:21,PoliSemFio,10,466.2622528076172,B2-01,0,4
1266,54:F0:B1:BC:70:22,,17,466.2622528076172,B2-01,0,4
1267,54:F0:B1:BC:77:80,eduroam,37,466.2622528076172,B2-01,0,4
1268,54:F0:B1:BC:77:81,PoliSemFio,49,466.2622528076172,B2-01,0,4
1269,54:F0:B1:BC:77:82,,49,466.2622528076172,B2-01,0,4
1270,54:F0:B1:BC:77:A0,eduroam,17,466.2622528076172,B2-01,0,4
1271,54:F0:B1:BC:77:A1,PoliSemFio,17,466.2622528076172,B2-01,0,4
1272,54:F0:B1:BC:8F:20,eduroam,15,466.2622528076172,B2-01,0,4
1273,56:60:F9:A3:E7:3F,,25,466.2622528076172,B2-01,0,4
1274,68:FF:7B:47:78:BE,C1-22M,27,466.2622528076172,B2-01,0,4
1275,70:62:B8:6E:72:A0,PCS-wireless-C1-13,37,466.2622528076172,B2-01,0,4
1276,70:62:B8:6E:72:A1,PPGEE,35,466.2622528076172,B2-01,0,4
1277,84:D4:7E:06:4F:E0,eduroam,45,466.2622528076172,B2-01,0,4
1278,84:D4:7E:06:4F:E1,PoliSemFio,52,466.2622528076172,B2-01,0,4
1279,84:D4:7E:06:4F:E2,,47,466.2622528076172,B2-01,0,4
1280,84:D4:7E:06:4F:F0,eduroam,20,466.2622528076172,B2-01,0,4
1281,84:D4:7E:06:4F:F1,PoliSemFio,20,466.2622528076172,B2-01,0,4
1282,DC:9F:DB:1C:1F:D7,LWN-3,17,466.2622528076172,B2-01,0,4
1283,DC:9F:DB:1C:1F:E0,LWN-3,25,466.2622528076172,B2-01,0,4
1284,DE:9F:DB:1C:1F:E0,LARC Guest,37,466.2622528076172,B2-01,0,4
1285,EE:9F:DB:1C:1F:E0,,24,466.2622528076172,B2-01,0,4
1286,F8:1A:67:99:55:8E,NUCLEAR_CHF,20,466.2622528076172,B2-01,0,4
1287,FE:9F:DB:1C:1F:E0,,34,466.2622528076172,B2-01,0,4
1288,2A:56:5A:49:06:54,DIRECT-54-HP M132f LaserJet,14,468.88618779182434,B2-01,0,4
1289,30:85:A9:69:F2:E4,PCS-Wireless-C2-22,32,468.88618779182434,B2-01,0,4
1290,34:60:F9:A3:D9:14,GASWIFI-2G_C2,27,468.88618779182434,B2-01,0,4
1291,34:CE:00:51:3E:6F,Lab,62,468.88618779182434,B2-01,0,4
1292,34:CE:00:51:3E:70,Lab_5G,34,468.88618779182434,B2-01,0,4
1293,3A:60:F9:A3:D9:13,,10,468.88618779182434,B2-01,0,4
1294,48:00:20:34:D2:40,eduroam,22,468.88618779182434,B2-01,0,4
1295,54:B8:0A:AA:2C:8C,LAB_DIGITAL,34,468.88618779182434,B2-01,0,4
1296,54:B8:0A:AA:2C:8D,PCS-Wireless,42,468.88618779182434,B2-01,0,4
1297,54:F0:B1:A1:18:C0,eduroam,17,468.88618779182434,B2-01,0,4
1298,54:F0:B1:A1:18:C1,PoliSemFio,19,468.88618779182434,B2-01,0,4
1299,54:F0:B1:A1:18:C3,MEZANINO,19,468.88618779182434,B2-01,0,4
1300,54:F0:B1:A1:18:C4,GDLAB,9,468.88618779182434,B2-01,0,4
1301,54:F0:B1:A1:18:C5,LABPAD,17,468.88618779182434,B2-01,0,4
1302,54:F0:B1:A1:18:D0,eduroam,42,468.88618779182434,B2-01,0,4
1303,54:F0:B1:A1:18:D1,PoliSemFio,37,468.88618779182434,B2-01,0,4
1304,54:F0:B1:A1:18:D2,,24,468.88618779182434,B2-01,0,4
1305,54:F0:B1:A1:18:D3,MEZANINO,40,468.88618779182434,B2-01,0,4
1306,54:F0:B1:A1:18:D4,GDLAB,40,468.88618779182434,B2-01,0,4
1307,54:F0:B1:A1:18:D5,LABPAD,22,468.88618779182434,B2-01,0,4
1308,54:F0:B1:A1:57:F0,eduroam,10,468.88618779182434,B2-01,0,4
1309,54:F0:B1:A1:57:F1,PoliSemFio,12,468.88618779182434,B2-01,0,4
1310,54:F0:B1:A1:57:F2,,10,468.88618779182434,B2-01,0,4
1311,54:F0:B1:A1:58:00,eduroam,44,468.88618779182434,B2-01,0,4
1312,54:F0:B1:A1:58:01,PoliSemFio,42,468.88618779182434,B2-01,0,4
1313,54:F0:B1:A1:58:02,,42,468.88618779182434,B2-01,0,4
1314,54:F0:B1:A1:E5:00,eduroam,24,468.88618779182434,B2-01,0,4
1315,54:F0:B1:A1:E5:02,,19,468.88618779182434,B2-01,0,4
1316,54:F0:B1:A2:37:E0,eduroam,17,468.88618779182434,B2-01,0,4
1317,54:F0:B1:A2:56:72,,24,468.88618779182434,B2-01,0,4
1318,54:F0:B1:A2:57:30,eduroam,19,468.88618779182434,B2-01,0,4
1319,54:F0:B1:A2:57:33,LCA,29,468.88618779182434,B2-01,0,4
1320,54:F0:B1:BB:5A:80,eduroam,20,468.88618779182434,B2-01,0,4
1321,54:F0:B1:BB:5A:81,PoliSemFio,27,468.88618779182434,B2-01,0,4
1322,54:F0:B1:BB:5A:82,HACKER,17,468.88618779182434,B2-01,0,4
1323,54:F0:B1:BB:5A:83,LEP,15,468.88618779182434,B2-01,0,4
1324,54:F0:B1:BB:80:C3,LABPROG,20,468.88618779182434,B2-01,0,4
1325,54:F0:B1:BB:84:B0,eduroam,19,468.88618779182434,B2-01,0,4
1326,54:F0:B1:BB:84:B2,,25,468.88618779182434,B2-01,0,4
1327,54:F0:B1:BB:BE:11,PoliSemFio,25,468.88618779182434,B2-01,0,4
1328,54:F0:B1:BB:BE:12,,20,468.88618779182434,B2-01,0,4
1329,54:F0:B1:BB:BE:13,CAEEL,19,468.88618779182434,B2-01,0,4
1330,54:F0:B1:BB:C4:D0,eduroam,55,468.88618779182434,B2-01,0,4
1331,54:F0:B1:BB:C4:D1,PoliSemFio,54,468.88618779182434,B2-01,0,4
1332,54:F0:B1:BB:C4:D2,,49,468.88618779182434,B2-01,0,4
1333,54:F0:B1:BB:C4:F0,eduroam,27,468.88618779182434,B2-01,0,4
1334,54:F0:B1:BB:C4:F1,PoliSemFio,35,468.88618779182434,B2-01,0,4
1335,54:F0:B1:BB:C5:C0,eduroam,4,468.88618779182434,B2-01,0,4
1336,54:F0:B1:BB:C5:C3,MEZANINO,9,468.88618779182434,B2-01,0,4
1337,54:F0:B1:BB:FD:D0,eduroam,14,468.88618779182434,B2-01,0,4
1338,54:F0:B1:BB:FD:D1,PoliSemFio,19,468.88618779182434,B2-01,0,4
1339,54:F0:B1:BB:FD:D2,,22,468.88618779182434,B2-01,0,4
1340,54:F0:B1:BC:09:40,eduroam,84,468.88618779182434,B2-01,0,4
1341,54:F0:B1:BC:09:41,PoliSemFio,92,468.88618779182434,B2-01,0,4
1342,54:F0:B1:BC:09:42,,95,468.88618779182434,B2-01,0,4
1343,54:F0:B1:BC:09:60,eduroam,84,468.88618779182434,B2-01,0,4
1344,54:F0:B1:BC:09:61,PoliSemFio,84,468.88618779182434,B2-01,0,4
1345,54:F0:B1:BC:1B:D0,eduroam,50,468.88618779182434,B2-01,0,4
1346,54:F0:B1:BC:1B:D1,PoliSemFio,54,468.88618779182434,B2-01,0,4
1347,54:F0:B1:BC:1B:D2,,54,468.88618779182434,B2-01,0,4
1348,54:F0:B1:BC:1B:F0,eduroam,49,468.88618779182434,B2-01,0,4
1349,54:F0:B1:BC:1B:F1,PoliSemFio,50,468.88618779182434,B2-01,0,4
1350,54:F0:B1:BC:2E:90,eduroam,87,468.88618779182434,B2-01,0,4
1351,54:F0:B1:BC:2E:91,PoliSemFio,82,468.88618779182434,B2-01,0,4
1352,54:F0:B1:BC:2E:B0,eduroam,45,468.88618779182434,B2-01,0,4
1353,54:F0:B1:BC:2E:B1,PoliSemFio,45,468.88618779182434,B2-01,0,4
1354,54:F0:B1:BC:2E:B2,,32,468.88618779182434,B2-01,0,4
1355,54:F0:B1:BC:2F:50,eduroam,10,468.88618779182434,B2-01,0,4
1356,54:F0:B1:BC:36:10,PoliSemFio,32,468.88618779182434,B2-01,0,4
1357,54:F0:B1:BC:36:11,eduroam,29,468.88618779182434,B2-01,0,4
1358,54:F0:B1:BC:3F:10,eduroam,34,468.88618779182434,B2-01,0,4
1359,54:F0:B1:BC:3F:11,PoliSemFio,32,468.88618779182434,B2-01,0,4
1360,54:F0:B1:BC:3F:12,,32,468.88618779182434,B2-01,0,4
1361,54:F0:B1:BC:43:60,eduroam,10,468.88618779182434,B2-01,0,4
1362,54:F0:B1:BC:65:B0,eduroam,15,468.88618779182434,B2-01,0,4
1363,54:F0:B1:BC:70:00,eduroam,44,468.88618779182434,B2-01,0,4
1364,54:F0:B1:BC:70:01,PoliSemFio,39,468.88618779182434,B2-01,0,4
1365,54:F0:B1:BC:70:02,,37,468.88618779182434,B2-01,0,4
1366,54:F0:B1:BC:70:20,eduroam,17,468.88618779182434,B2-01,0,4
1367,54:F0:B1:BC:70:21,PoliSemFio,14,468.88618779182434,B2-01,0,4
1368,54:F0:B1:BC:70:22,,17,468.88618779182434,B2-01,0,4
1369,54:F0:B1:BC:77:80,eduroam,37,468.88618779182434,B2-01,0,4
1370,54:F0:B1:BC:77:81,PoliSemFio,44,468.88618779182434,B2-01,0,4
1371,54:F0:B1:BC:77:82,,44,468.88618779182434,B2-01,0,4
1372,54:F0:B1:BC:77:A0,eduroam,17,468.88618779182434,B2-01,0,4
1373,54:F0:B1:BC:77:A1,PoliSemFio,17,468.88618779182434,B2-01,0,4
1374,54:F0:B1:BC:8F:20,eduroam,15,468.88618779182434,B2-01,0,4
1375,56:60:F9:A3:E7:3F,,25,468.88618779182434,B2-01,0,4
1376,68:FF:7B:47:78:BE,C1-22M,22,468.88618779182434,B2-01,0,4
1377,70:62:B8:6E:72:A0,PCS-wireless-C1-13,37,468.88618779182434,B2-01,0,4
1378,70:62:B8:6E:72:A1,PPGEE,35,468.88618779182434,B2-01,0,4
1379,84:D4:7E:06:4F:E0,eduroam,45,468.88618779182434,B2-01,0,4
1380,84:D4:7E:06:4F:E1,PoliSemFio,52,468.88618779182434,B2-01,0,4
1381,84:D4:7E:06:4F:E2,,47,468.88618779182434,B2-01,0,4
1382,84:D4:7E:06:4F:F0,eduroam,20,468.88618779182434,B2-01,0,4
1383,84:D4:7E:06:4F:F1,PoliSemFio,20,468.88618779182434,B2-01,0,4
1384,DC:9F:DB:1C:1F:D7,LWN-3,19,468.88618779182434,B2-01,0,4
1385,DC:9F:DB:1C:1F:E0,LWN-3,25,468.88618779182434,B2-01,0,4
1386,DE:9F:DB:1C:1F:D7,LARC Guest,19,468.88618779182434,B2-01,0,4
1387,DE:9F:DB:1C:1F:E0,LARC Guest,25,468.88618779182434,B2-01,0,4
1388,EE:9F:DB:1C:1F:E0,,24,468.88618779182434,B2-01,0,4
1389,F8:1A:67:99:55:8E,NUCLEAR_CHF,27,468.88618779182434,B2-01,0,4
1390,FE:9F:DB:1C:1F:E0,,34,468.88618779182434,B2-01,0,4
1391,2A:56:5A:49:06:54,DIRECT-54-HP M132f LaserJet,14,471.53679895401,B2-01,0,4
1392,30:85:A9:69:F2:E4,PCS-Wireless-C2-22,32,471.53679895401,B2-01,0,4
1393,34:60:F9:A3:D9:14,GASWIFI-2G_C2,27,471.53679895401,B2-01,0,4
1394,34:CE:00:51:3E:6F,Lab,62,471.53679895401,B2-01,0,4
1395,34:CE:00:51:3E:70,Lab_5G,34,471.53679895401,B2-01,0,4
1396,3A:60:F9:A3:D9:13,,10,471.53679895401,B2-01,0,4
1397,48:00:20:34:D2:40,eduroam,22,471.53679895401,B2-01,0,4
1398,54:B8:0A:AA:2C:8C,LAB_DIGITAL,34,471.53679895401,B2-01,0,4
1399,54:B8:0A:AA:2C:8D,PCS-Wireless,42,471.53679895401,B2-01,0,4
1400,54:F0:B1:A1:18:C0,eduroam,17,471.53679895401,B2-01,0,4
1401,54:F0:B1:A1:18:C1,PoliSemFio,19,471.53679895401,B2-01,0,4
1402,54:F0:B1:A1:18:C3,MEZANINO,19,471.53679895401,B2-01,0,4
1403,54:F0:B1:A1:18:C4,GDLAB,9,471.53679895401,B2-01,0,4
1404,54:F0:B1:A1:18:C5,LABPAD,17,471.53679895401,B2-01,0,4
1405,54:F0:B1:A1:18:D0,eduroam,42,471.53679895401,B2-01,0,4
1406,54:F0:B1:A1:18:D1,PoliSemFio,37,471.53679895401,B2-01,0,4
1407,54:F0:B1:A1:18:D2,,24,471.53679895401,B2-01,0,4
1408,54:F0:B1:A1:18:D3,MEZANINO,40,471.53679895401,B2-01,0,4
1409,54:F0:B1:A1:18:D4,GDLAB,40,471.53679895401,B2-01,0,4
1410,54:F0:B1:A1:18:D5,LABPAD,22,471.53679895401,B2-01,0,4
1411,54:F0:B1:A1:57:F0,eduroam,10,471.53679895401,B2-01,0,4
1412,54:F0:B1:A1:57:F1,PoliSemFio,12,471.53679895401,B2-01,0,4
1413,54:F0:B1:A1:57:F2,,10,471.53679895401,B2-01,0,4
1414,54:F0:B1:A1:58:00,eduroam,44,471.53679895401,B2-01,0,4
1415,54:F0:B1:A1:58:01,PoliSemFio,42,471.53679895401,B2-01,0,4
1416,54:F0:B1:A1:58:02,,42,471.53679895401,B2-01,0,4
1417,54:F0:B1:A1:E5:00,eduroam,24,471.53679895401,B2-01,0,4
1418,54:F0:B1:A1:E5:02,,19,471.53679895401,B2-01,0,4
1419,54:F0:B1:A2:37:E0,eduroam,17,471.53679895401,B2-01,0,4
1420,54:F0:B1:A2:56:72,,24,471.53679895401,B2-01,0,4
1421,54:F0:B1:A2:57:30,eduroam,19,471.53679895401,B2-01,0,4
1422,54:F0:B1:A2:57:33,LCA,29,471.53679895401,B2-01,0,4
1423,54:F0:B1:BB:5A:80,eduroam,20,471.53679895401,B2-01,0,4
1424,54:F0:B1:BB:5A:81,PoliSemFio,27,471.53679895401,B2-01,0,4
1425,54:F0:B1:BB:5A:82,HACKER,17,471.53679895401,B2-01,0,4
1426,54:F0:B1:BB:5A:83,LEP,15,471.53679895401,B2-01,0,4
1427,54:F0:B1:BB:80:C3,LABPROG,20,471.53679895401,B2-01,0,4
1428,54:F0:B1:BB:84:B0,eduroam,19,471.53679895401,B2-01,0,4
1429,54:F0:B1:BB:84:B2,,25,471.53679895401,B2-01,0,4
1430,54:F0:B1:BB:BE:11,PoliSemFio,25,471.53679895401,B2-01,0,4
1431,54:F0:B1:BB:BE:12,,20,471.53679895401,B2-01,0,4
1432,54:F0:B1:BB:BE:13,CAEEL,19,471.53679895401,B2-01,0,4
1433,54:F0:B1:BB:C4:D0,eduroam,55,471.53679895401,B2-01,0,4
1434,54:F0:B1:BB:C4:D1,PoliSemFio,54,471.53679895401,B2-01,0,4
1435,54:F0:B1:BB:C4:D2,,49,471.53679895401,B2-01,0,4
1436,54:F0:B1:BB:C4:F0,eduroam,27,471.53679895401,B2-01,0,4
1437,54:F0:B1:BB:C4:F1,PoliSemFio,35,471.53679895401,B2-01,0,4
1438,54:F0:B1:BB:C5:C0,eduroam,4,471.53679895401,B2-01,0,4
1439,54:F0:B1:BB:C5:C3,MEZANINO,9,471.53679895401,B2-01,0,4
1440,54:F0:B1:BB:FD:D0,eduroam,14,471.53679895401,B2-01,0,4
1441,54:F0:B1:BB:FD:D1,PoliSemFio,19,471.53679895401,B2-01,0,4
1442,54:F0:B1:BB:FD:D2,,22,471.53679895401,B2-01,0,4
1443,54:F0:B1:BC:09:40,eduroam,84,471.53679895401,B2-01,0,4
1444,54:F0:B1:BC:09:41,PoliSemFio,92,471.53679895401,B2-01,0,4
1445,54:F0:B1:BC:09:42,,95,471.53679895401,B2-01,0,4
1446,54:F0:B1:BC:09:60,eduroam,72,471.53679895401,B2-01,0,4
1447,54:F0:B1:BC:09:61,PoliSemFio,84,471.53679895401,B2-01,0,4
1448,54:F0:B1:BC:1B:D0,eduroam,50,471.53679895401,B2-01,0,4
1449,54:F0:B1:BC:1B:D1,PoliSemFio,54,471.53679895401,B2-01,0,4
1450,54:F0:B1:BC:1B:D2,,54,471.53679895401,B2-01,0,4
1451,54:F0:B1:BC:1B:F0,eduroam,49,471.53679895401,B2-01,0,4
1452,54:F0:B1:BC:1B:F1,PoliSemFio,50,471.53679895401,B2-01,0,4
1453,54:F0:B1:BC:2E:90,eduroam,87,471.53679895401,B2-01,0,4
1454,54:F0:B1:BC:2E:91,PoliSemFio,82,471.53679895401,B2-01,0,4
1455,54:F0:B1:BC:2E:B0,eduroam,45,471.53679895401,B2-01,0,4
1456,54:F0:B1:BC:2E:B1,PoliSemFio,45,471.53679895401,B2-01,0,4
1457,54:F0:B1:BC:2E:B2,,32,471.53679895401,B2-01,0,4
1458,54:F0:B1:BC:2F:50,eduroam,10,471.53679895401,B2-01,0,4
1459,54:F0:B1:BC:36:10,PoliSemFio,32,471.53679895401,B2-01,0,4
1460,54:F0:B1:BC:36:11,eduroam,29,471.53679895401,B2-01,0,4
1461,54:F0:B1:BC:3F:10,eduroam,34,471.53679895401,B2-01,0,4
1462,54:F0:B1:BC:3F:11,PoliSemFio,32,471.53679895401,B2-01,0,4
1463,54:F0:B1:BC:3F:12,,32,471.53679895401,B2-01,0,4
1464,54:F0:B1:BC:43:60,eduroam,10,471.53679895401,B2-01,0,4
1465,54:F0:B1:BC:65:B0,eduroam,15,471.53679895401,B2-01,0,4
1466,54:F0:B1:BC:70:00,eduroam,44,471.53679895401,B2-01,0,4
1467,54:F0:B1:BC:70:01,PoliSemFio,39,471.53679895401,B2-01,0,4
1468,54:F0:B1:BC:70:02,,37,471.53679895401,B2-01,0,4
1469,54:F0:B1:BC:70:20,eduroam,17,471.53679895401,B2-01,0,4
1470,54:F0:B1:BC:70:21,PoliSemFio,14,471.53679895401,B2-01,0,4
1471,54:F0:B1:BC:70:22,,17,471.53679895401,B2-01,0,4
1472,54:F0:B1:BC:77:80,eduroam,37,471.53679895401,B2-01,0,4
1473,54:F0:B1:BC:77:81,PoliSemFio,44,471.53679895401,B2-01,0,4
1474,54:F0:B1:BC:77:82,,44,471.53679895401,B2-01,0,4
1475,54:F0:B1:BC:77:A0,eduroam,17,471.53679895401,B2-01,0,4
1476,54:F0:B1:BC:77:A1,PoliSemFio,17,471.53679895401,B2-01,0,4
1477,54:F0:B1:BC:8F:20,eduroam,15,471.53679895401,B2-01,0,4
1478,56:60:F9:A3:E7:3F,,25,471.53679895401,B2-01,0,4
1479,68:FF:7B:47:78:BE,C1-22M,22,471.53679895401,B2-01,0,4
1480,70:62:B8:6E:72:A0,PCS-wireless-C1-13,37,471.53679895401,B2-01,0,4
1481,70:62:B8:6E:72:A1,PPGEE,35,471.53679895401,B2-01,0,4
1482,84:D4:7E:06:4F:E0,eduroam,45,471.53679895401,B2-01,0,4
1483,84:D4:7E:06:4F:E1,PoliSemFio,52,471.53679895401,B2-01,0,4
1484,84:D4:7E:06:4F:E2,,47,471.53679895401,B2-01,0,4
1485,84:D4:7E:06:4F:F0,eduroam,20,471.53679895401,B2-01,0,4
1486,84:D4:7E:06:4F:F1,PoliSemFio,20,471.53679895401,B2-01,0,4
1487,DC:9F:DB:1C:1F:D7,LWN-3,19,471.53679895401,B2-01,0,4
1488,DC:9F:DB:1C:1F:E0,LWN-3,25,471.53679895401,B2-01,0,4
1489,DE:9F:DB:1C:1F:D7,LARC Guest,19,471.53679895401,B2-01,0,4
1490,DE:9F:DB:1C:1F:E0,LARC Guest,25,471.53679895401,B2-01,0,4
1491,EE:9F:DB:1C:1F:E0,,24,471.53679895401,B2-01,0,4
1492,F8:1A:67:99:55:8E,NUCLEAR_CHF,27,471.53679895401,B2-01,0,4
1493,FE:9F:DB:1C:1F:E0,,34,471.53679895401,B2-01,0,4
1494,2A:56:5A:49:06:54,DIRECT-54-HP M132f LaserJet,14,477.81576323509216,B2-01,0,4
1495,30:85:A9:69:F2:E4,PCS-Wireless-C2-22,32,477.81576323509216,B2-01,0,4
1496,34:60:F9:A3:D9:14,GASWIFI-2G_C2,37,477.81576323509216,B2-01,0,4
1497,34:60:F9:A3:E7:3F,GASWIFI_C4,29,477.81576323509216,B2-01,0,4
1498,34:CE:00:51:3E:6F,Lab,70,477.81576323509216,B2-01,0,4
1499,34:CE:00:51:3E:70,Lab_5G,20,477.81576323509216,B2-01,0,4
1500,3A:60:F9:A3:D9:13,,10,477.81576323509216,B2-01,0,4
1501,48:00:20:34:D2:40,eduroam,22,477.81576323509216,B2-01,0,4
1502,54:B8:0A:AA:2C:8C,LAB_DIGITAL,35,477.81576323509216,B2-01,0,4
1503,54:B8:0A:AA:2C:8D,PCS-Wireless,34,477.81576323509216,B2-01,0,4
1504,54:F0:B1:A1:18:C0,eduroam,20,477.81576323509216,B2-01,0,4
1505,54:F0:B1:A1:18:C1,PoliSemFio,20,477.81576323509216,B2-01,0,4
1506,54:F0:B1:A1:18:C3,MEZANINO,19,477.81576323509216,B2-01,0,4
1507,54:F0:B1:A1:18:C4,GDLAB,19,477.81576323509216,B2-01,0,4
1508,54:F0:B1:A1:18:C5,LABPAD,19,477.81576323509216,B2-01,0,4
1509,54:F0:B1:A1:18:D0,eduroam,42,477.81576323509216,B2-01,0,4
1510,54:F0:B1:A1:18:D1,PoliSemFio,37,477.81576323509216,B2-01,0,4
1511,54:F0:B1:A1:18:D2,,24,477.81576323509216,B2-01,0,4
1512,54:F0:B1:A1:18:D3,MEZANINO,40,477.81576323509216,B2-01,0,4
1513,54:F0:B1:A1:18:D4,GDLAB,40,477.81576323509216,B2-01,0,4
1514,54:F0:B1:A1:18:D5,LABPAD,22,477.81576323509216,B2-01,0,4
1515,54:F0:B1:A1:57:F0,eduroam,10,477.81576323509216,B2-01,0,4
1516,54:F0:B1:A1:57:F1,PoliSemFio,12,477.81576323509216,B2-01,0,4
1517,54:F0:B1:A1:57:F2,,10,477.81576323509216,B2-01,0,4
1518,54:F0:B1:A1:58:00,eduroam,27,477.81576323509216,B2-01,0,4
1519,54:F0:B1:A1:58:01,PoliSemFio,42,477.81576323509216,B2-01,0,4
1520,54:F0:B1:A1:58:02,,42,477.81576323509216,B2-01,0,4
1521,54:F0:B1:A1:E5:00,eduroam,24,477.81576323509216,B2-01,0,4
1522,54:F0:B1:A2:37:E0,eduroam,17,477.81576323509216,B2-01,0,4
1523,54:F0:B1:A2:57:30,eduroam,19,477.81576323509216,B2-01,0,4
1524,54:F0:B1:A2:57:33,LCA,29,477.81576323509216,B2-01,0,4
1525,54:F0:B1:BB:5A:80,eduroam,20,477.81576323509216,B2-01,0,4
1526,54:F0:B1:BB:5A:81,PoliSemFio,27,477.81576323509216,B2-01,0,4
1527,54:F0:B1:BB:5A:82,HACKER,17,477.81576323509216,B2-01,0,4
1528,54:F0:B1:BB:5A:83,LEP,15,477.81576323509216,B2-01,0,4
1529,54:F0:B1:BB:80:C3,LABPROG,20,477.81576323509216,B2-01,0,4
1530,54:F0:B1:BB:84:B0,eduroam,19,477.81576323509216,B2-01,0,4
1531,54:F0:B1:BB:84:B2,,25,477.81576323509216,B2-01,0,4
1532,54:F0:B1:BB:BE:11,PoliSemFio,25,477.81576323509216,B2-01,0,4
1533,54:F0:B1:BB:BE:12,,20,477.81576323509216,B2-01,0,4
1534,54:F0:B1:BB:BE:13,CAEEL,15,477.81576323509216,B2-01,0,4
1535,54:F0:B1:BB:C4:D0,eduroam,44,477.81576323509216,B2-01,0,4
1536,54:F0:B1:BB:C4:D1,PoliSemFio,54,477.81576323509216,B2-01,0,4
1537,54:F0:B1:BB:C4:D2,,49,477.81576323509216,B2-01,0,4
1538,54:F0:B1:BB:C4:F0,eduroam,29,477.81576323509216,B2-01,0,4
1539,54:F0:B1:BB:C4:F1,PoliSemFio,29,477.81576323509216,B2-01,0,4
1540,54:F0:B1:BB:FD:D0,eduroam,14,477.81576323509216,B2-01,0,4
1541,54:F0:B1:BB:FD:D1,PoliSemFio,19,477.81576323509216,B2-01,0,4
1542,54:F0:B1:BB:FD:D2,,22,477.81576323509216,B2-01,0,4
1543,54:F0:B1:BC:09:40,eduroam,95,477.81576323509216,B2-01,0,4
1544,54:F0:B1:BC:09:41,PoliSemFio,99,477.81576323509216,B2-01,0,4
1545,54:F0:B1:BC:09:42,,99,477.81576323509216,B2-01,0,4
1546,54:F0:B1:BC:09:60,eduroam,81,477.81576323509216,B2-01,0,4
1547,54:F0:B1:BC:09:61,PoliSemFio,95,477.81576323509216,B2-01,0,4
1548,54:F0:B1:BC:1B:D0,eduroam,45,477.81576323509216,B2-01,0,4
1549,54:F0:B1:BC:1B:D1,PoliSemFio,44,477.81576323509216,B2-01,0,4
1550,54:F0:B1:BC:1B:D2,,45,477.81576323509216,B2-01,0,4
1551,54:F0:B1:BC:1B:F0,eduroam,20,477.81576323509216,B2-01,0,4
1552,54:F0:B1:BC:1B:F1,PoliSemFio,19,477.81576323509216,B2-01,0,4
1553,54:F0:B1:BC:2E:90,eduroam,87,477.81576323509216,B2-01,0,4
1554,54:F0:B1:BC:2E:91,PoliSemFio,82,477.81576323509216,B2-01,0,4
1555,54:F0:B1:BC:2E:92,,62,477.81576323509216,B2-01,0,4
1556,54:F0:B1:BC:2E:B0,eduroam,34,477.81576323509216,B2-01,0,4
1557,54:F0:B1:BC:2E:B1,PoliSemFio,34,477.81576323509216,B2-01,0,4
1558,54:F0:B1:BC:36:10,PoliSemFio,32,477.81576323509216,B2-01,0,4
1559,54:F0:B1:BC:36:11,eduroam,29,477.81576323509216,B2-01,0,4
1560,54:F0:B1:BC:3F:10,eduroam,34,477.81576323509216,B2-01,0,4
1561,54:F0:B1:BC:3F:11,PoliSemFio,32,477.81576323509216,B2-01,0,4
1562,54:F0:B1:BC:3F:12,,32,477.81576323509216,B2-01,0,4
1563,54:F0:B1:BC:65:B0,eduroam,15,477.81576323509216,B2-01,0,4
1564,54:F0:B1:BC:70:00,eduroam,44,477.81576323509216,B2-01,0,4
1565,54:F0:B1:BC:70:01,PoliSemFio,39,477.81576323509216,B2-01,0,4
1566,54:F0:B1:BC:70:02,,37,477.81576323509216,B2-01,0,4
1567,54:F0:B1:BC:70:20,eduroam,17,477.81576323509216,B2-01,0,4
1568,54:F0:B1:BC:70:21,PoliSemFio,14,477.81576323509216,B2-01,0,4
1569,54:F0:B1:BC:70:22,,17,477.81576323509216,B2-01,0,4
1570,54:F0:B1:BC:77:80,eduroam,37,477.81576323509216,B2-01,0,4
1571,54:F0:B1:BC:77:81,PoliSemFio,44,477.81576323509216,B2-01,0,4
1572,54:F0:B1:BC:77:82,,40,477.81576323509216,B2-01,0,4
1573,54:F0:B1:BC:77:A0,eduroam,24,477.81576323509216,B2-01,0,4
1574,54:F0:B1:BC:77:A1,PoliSemFio,24,477.81576323509216,B2-01,0,4
1575,54:F0:B1:BC:77:A2,,22,477.81576323509216,B2-01,0,4
1576,54:F0:B1:BC:8F:20,eduroam,15,477.81576323509216,B2-01,0,4
1577,56:60:F9:A3:E7:3F,,25,477.81576323509216,B2-01,0,4
1578,68:FF:7B:47:78:BE,C1-22M,39,477.81576323509216,B2-01,0,4
1579,70:62:B8:6E:72:A0,PCS-wireless-C1-13,27,477.81576323509216,B2-01,0,4
1580,70:62:B8:6E:72:A1,PPGEE,30,477.81576323509216,B2-01,0,4
1581,84:D4:7E:06:4F:E0,eduroam,45,477.81576323509216,B2-01,0,4
1582,84:D4:7E:06:4F:E1,PoliSemFio,52,477.81576323509216,B2-01,0,4
1583,84:D4:7E:06:4F:E2,,47,477.81576323509216,B2-01,0,4
1584,84:D4:7E:06:4F:F0,eduroam,22,477.81576323509216,B2-01,0,4
1585,84:D4:7E:06:4F:F1,PoliSemFio,20,477.81576323509216,B2-01,0,4
1586,DC:9F:DB:1C:1F:D7,LWN-3,19,477.81576323509216,B2-01,0,4
1587,DC:9F:DB:1C:1F:E0,LWN-3,25,477.81576323509216,B2-01,0,4
1588,DE:9F:DB:1C:1F:D7,LARC Guest,19,477.81576323509216,B2-01,0,4
1589,DE:9F:DB:1C:1F:E0,LARC Guest,25,477.81576323509216,B2-01,0,4
1590,EE:9F:DB:1C:1F:E0,,24,477.81576323509216,B2-01,0,4
1591,F8:1A:67:99:55:8E,NUCLEAR_CHF,27,477.81576323509216,B2-01,0,4
1592,FE:9F:DB:1C:1F:E0,,34,477.81576323509216,B2-01,0,4
1593,00:18:E7:FF:8C:98,dlink,17,487.7382318973541,B2-01,0,4
1594,2A:56:5A:49:06:54,DIRECT-54-HP M132f LaserJet,19,487.7382318973541,B2-01,0,4
1595,30:85:A9:69:F2:E4,PCS-Wireless-C2-22,32,487.7382318973541,B2-01,0,4
1596,34:60:F9:A3:D9:14,GASWIFI-2G_C2,32,487.7382318973541,B2-01,0,4
1597,34:60:F9:A3:E7:3F,GASWIFI_C4,29,487.7382318973541,B2-01,0,4
1598,34:CE:00:51:3E:6F,Lab,62,487.7382318973541,B2-01,0,4
1599,34:CE:00:51:3E:70,Lab_5G,17,487.7382318973541,B2-01,0,4
1600,3A:60:F9:A3:D9:13,,10,487.7382318973541,B2-01,0,4
1601,48:00:20:34:D2:40,eduroam,22,487.7382318973541,B2-01,0,4
1602,54:B8:0A:AA:2C:8C,LAB_DIGITAL,45,487.7382318973541,B2-01,0,4
1603,54:B8:0A:AA:2C:8D,PCS-Wireless,45,487.7382318973541,B2-01,0,4
1604,54:F0:B1:A1:18:C0,eduroam,24,487.7382318973541,B2-01,0,4
1605,54:F0:B1:A1:18:C1,PoliSemFio,22,487.7382318973541,B2-01,0,4
1606,54:F0:B1:A1:18:C3,MEZANINO,22,487.7382318973541,B2-01,0,4
1607,54:F0:B1:A1:18:C4,GDLAB,22,487.7382318973541,B2-01,0,4
1608,54:F0:B1:A1:18:C5,LABPAD,22,487.7382318973541,B2-01,0,4
1609,54:F0:B1:A1:18:D0,eduroam,42,487.7382318973541,B2-01,0,4
1610,54:F0:B1:A1:18:D1,PoliSemFio,37,487.7382318973541,B2-01,0,4
1611,54:F0:B1:A1:18:D2,,24,487.7382318973541,B2-01,0,4
1612,54:F0:B1:A1:18:D3,MEZANINO,40,487.7382318973541,B2-01,0,4
1613,54:F0:B1:A1:18:D4,GDLAB,27,487.7382318973541,B2-01,0,4
1614,54:F0:B1:A1:18:D5,LABPAD,22,487.7382318973541,B2-01,0,4
1615,54:F0:B1:A1:58:00,eduroam,27,487.7382318973541,B2-01,0,4
1616,54:F0:B1:A1:58:01,PoliSemFio,42,487.7382318973541,B2-01,0,4
1617,54:F0:B1:A1:58:02,,42,487.7382318973541,B2-01,0,4
1618,54:F0:B1:A1:E5:00,eduroam,24,487.7382318973541,B2-01,0,4
1619,54:F0:B1:A2:37:E0,eduroam,14,487.7382318973541,B2-01,0,4
1620,54:F0:B1:A2:57:30,eduroam,19,487.7382318973541,B2-01,0,4
1621,54:F0:B1:A2:57:33,LCA,10,487.7382318973541,B2-01,0,4
1622,54:F0:B1:BB:5A:80,eduroam,20,487.7382318973541,B2-01,0,4
1623,54:F0:B1:BB:5A:81,PoliSemFio,35,487.7382318973541,B2-01,0,4
1624,54:F0:B1:BB:5A:82,HACKER,17,487.7382318973541,B2-01,0,4
1625,54:F0:B1:BB:5A:83,LEP,34,487.7382318973541,B2-01,0,4
1626,54:F0:B1:BB:80:C3,LABPROG,20,487.7382318973541,B2-01,0,4
1627,54:F0:B1:BB:84:B0,eduroam,19,487.7382318973541,B2-01,0,4
1628,54:F0:B1:BB:84:B2,,25,487.7382318973541,B2-01,0,4
1629,54:F0:B1:BB:BE:11,PoliSemFio,25,487.7382318973541,B2-01,0,4
1630,54:F0:B1:BB:BE:12,,27,487.7382318973541,B2-01,0,4
1631,54:F0:B1:BB:BE:13,CAEEL,17,487.7382318973541,B2-01,0,4
1632,54:F0:B1:BB:C4:D0,eduroam,52,487.7382318973541,B2-01,0,4
1633,54:F0:B1:BB:C4:D1,PoliSemFio,54,487.7382318973541,B2-01,0,4
1634,54:F0:B1:BB:C4:D2,,52,487.7382318973541,B2-01,0,4
1635,54:F0:B1:BB:C4:F0,eduroam,40,487.7382318973541,B2-01,0,4
1636,54:F0:B1:BB:C4:F1,PoliSemFio,40,487.7382318973541,B2-01,0,4
1637,54:F0:B1:BB:C4:F2,,40,487.7382318973541,B2-01,0,4
1638,54:F0:B1:BB:FD:D0,eduroam,14,487.7382318973541,B2-01,0,4
1639,54:F0:B1:BB:FD:D1,PoliSemFio,19,487.7382318973541,B2-01,0,4
1640,54:F0:B1:BB:FD:D2,,22,487.7382318973541,B2-01,0,4
1641,54:F0:B1:BC:09:40,eduroam,95,487.7382318973541,B2-01,0,4
1642,54:F0:B1:BC:09:41,PoliSemFio,100,487.7382318973541,B2-01,0,4
1643,54:F0:B1:BC:09:42,,99,487.7382318973541,B2-01,0,4
1644,54:F0:B1:BC:09:60,eduroam,97,487.7382318973541,B2-01,0,4
1645,54:F0:B1:BC:09:61,PoliSemFio,97,487.7382318973541,B2-01,0,4
1646,54:F0:B1:BC:0F:D2,,17,487.7382318973541,B2-01,0,4
1647,54:F0:B1:BC:1B:D0,eduroam,45,487.7382318973541,B2-01,0,4
1648,54:F0:B1:BC:1B:D1,PoliSemFio,44,487.7382318973541,B2-01,0,4
1649,54:F0:B1:BC:1B:D2,,69,487.7382318973541,B2-01,0,4
1650,54:F0:B1:BC:1B:F0,eduroam,25,487.7382318973541,B2-01,0,4
1651,54:F0:B1:BC:1B:F1,PoliSemFio,24,487.7382318973541,B2-01,0,4
1652,54:F0:B1:BC:2E:90,eduroam,82,487.7382318973541,B2-01,0,4
1653,54:F0:B1:BC:2E:91,PoliSemFio,77,487.7382318973541,B2-01,0,4
1654,54:F0:B1:BC:2E:92,,77,487.7382318973541,B2-01,0,4
1655,54:F0:B1:BC:2E:B0,eduroam,34,487.7382318973541,B2-01,0,4
1656,54:F0:B1:BC:2E:B1,PoliSemFio,34,487.7382318973541,B2-01,0,4
1657,54:F0:B1:BC:36:10,PoliSemFio,22,487.7382318973541,B2-01,0,4
1658,54:F0:B1:BC:36:11,eduroam,20,487.7382318973541,B2-01,0,4
1659,54:F0:B1:BC:36:12,,20,487.7382318973541,B2-01,0,4
1660,54:F0:B1:BC:3F:10,eduroam,40,487.7382318973541,B2-01,0,4
1661,54:F0:B1:BC:65:B0,eduroam,15,487.7382318973541,B2-01,0,4
1662,54:F0:B1:BC:70:00,eduroam,44,487.7382318973541,B2-01,0,4
1663,54:F0:B1:BC:70:01,PoliSemFio,37,487.7382318973541,B2-01,0,4
1664,54:F0:B1:BC:70:02,,37,487.7382318973541,B2-01,0,4
1665,54:F0:B1:BC:70:20,eduroam,17,487.7382318973541,B2-01,0,4
1666,54:F0:B1:BC:70:21,PoliSemFio,14,487.7382318973541,B2-01,0,4
1667,54:F0:B1:BC:77:80,eduroam,37,487.7382318973541,B2-01,0,4
1668,54:F0:B1:BC:77:81,PoliSemFio,44,487.7382318973541,B2-01,0,4
1669,54:F0:B1:BC:77:82,,40,487.7382318973541,B2-01,0,4
1670,54:F0:B1:BC:77:A0,eduroam,27,487.7382318973541,B2-01,0,4
1671,54:F0:B1:BC:77:A1,PoliSemFio,29,487.7382318973541,B2-01,0,4
1672,54:F0:B1:BC:77:A2,,22,487.7382318973541,B2-01,0,4
1673,54:F0:B1:BC:8F:20,eduroam,15,487.7382318973541,B2-01,0,4
1674,68:FF:7B:47:78:BE,C1-22M,39,487.7382318973541,B2-01,0,4
1675,70:62:B8:6E:72:A0,PCS-wireless-C1-13,27,487.7382318973541,B2-01,0,4
1676,70:62:B8:6E:72:A1,PPGEE,24,487.7382318973541,B2-01,0,4
1677,84:D4:7E:06:4F:E0,eduroam,62,487.7382318973541,B2-01,0,4
1678,84:D4:7E:06:4F:E1,PoliSemFio,52,487.7382318973541,B2-01,0,4
1679,84:D4:7E:06:4F:E2,,47,487.7382318973541,B2-01,0,4
1680,84:D4:7E:06:4F:F0,eduroam,24,487.7382318973541,B2-01,0,4
1681,84:D4:7E:06:4F:F1,PoliSemFio,24,487.7382318973541,B2-01,0,4
1682,DC:9F:DB:1C:1F:D7,LWN-3,19,487.7382318973541,B2-01,0,4
1683,DC:9F:DB:1C:1F:E0,LWN-3,25,487.7382318973541,B2-01,0,4
1684,DE:9F:DB:1C:1F:D7,LARC Guest,19,487.7382318973541,B2-01,0,4
1685,DE:9F:DB:1C:1F:E0,LARC Guest,34,487.7382318973541,B2-01,0,4
1686,EE:9F:DB:1C:1F:E0,,34,487.7382318973541,B2-01,0,4
1687,F8:1A:67:99:55:8E,NUCLEAR_CHF,19,487.7382318973541,B2-01,0,4
1688,FE:9F:DB:1C:1F:E0,,34,487.7382318973541,B2-01,0,4
1689,00:18:E7:FF:8C:98,dlink,17,490.3581163883209,B2-01,0,4
1690,2A:56:5A:49:06:54,DIRECT-54-HP M132f LaserJet,19,490.3581163883209,B2-01,0,4
1691,30:85:A9:69:F2:E4,PCS-Wireless-C2-22,32,490.3581163883209,B2-01,0,4
1692,34:60:F9:A3:D9:14,GASWIFI-2G_C2,32,490.3581163883209,B2-01,0,4
1693,34:60:F9:A3:E7:3F,GASWIFI_C4,29,490.3581163883209,B2-01,0,4
1694,34:CE:00:51:3E:6F,Lab,62,490.3581163883209,B2-01,0,4
1695,34:CE:00:51:3E:70,Lab_5G,17,490.3581163883209,B2-01,0,4
1696,3A:60:F9:A3:D9:13,,10,490.3581163883209,B2-01,0,4
1697,48:00:20:34:D2:40,eduroam,22,490.3581163883209,B2-01,0,4
1698,54:B8:0A:AA:2C:8C,LAB_DIGITAL,45,490.3581163883209,B2-01,0,4
1699,54:B8:0A:AA:2C:8D,PCS-Wireless,45,490.3581163883209,B2-01,0,4
1700,54:F0:B1:A1:18:C0,eduroam,24,490.3581163883209,B2-01,0,4
1701,54:F0:B1:A1:18:C1,PoliSemFio,22,490.3581163883209,B2-01,0,4
1702,54:F0:B1:A1:18:C3,MEZANINO,22,490.3581163883209,B2-01,0,4
1703,54:F0:B1:A1:18:C4,GDLAB,22,490.3581163883209,B2-01,0,4
1704,54:F0:B1:A1:18:C5,LABPAD,22,490.3581163883209,B2-01,0,4
1705,54:F0:B1:A1:18:D0,eduroam,42,490.3581163883209,B2-01,0,4
1706,54:F0:B1:A1:18:D1,PoliSemFio,37,490.3581163883209,B2-01,0,4
1707,54:F0:B1:A1:18:D2,,24,490.3581163883209,B2-01,0,4
1708,54:F0:B1:A1:18:D3,MEZANINO,40,490.3581163883209,B2-01,0,4
1709,54:F0:B1:A1:18:D4,GDLAB,27,490.3581163883209,B2-01,0,4
1710,54:F0:B1:A1:18:D5,LABPAD,22,490.3581163883209,B2-01,0,4
1711,54:F0:B1:A1:58:00,eduroam,27,490.3581163883209,B2-01,0,4
1712,54:F0:B1:A1:58:01,PoliSemFio,42,490.3581163883209,B2-01,0,4
1713,54:F0:B1:A1:58:02,,42,490.3581163883209,B2-01,0,4
1714,54:F0:B1:A1:E5:00,eduroam,24,490.3581163883209,B2-01,0,4
1715,54:F0:B1:A2:37:E0,eduroam,14,490.3581163883209,B2-01,0,4
1716,54:F0:B1:A2:57:30,eduroam,19,490.3581163883209,B2-01,0,4
1717,54:F0:B1:A2:57:33,LCA,10,490.3581163883209,B2-01,0,4
1718,54:F0:B1:BB:5A:80,eduroam,20,490.3581163883209,B2-01,0,4
1719,54:F0:B1:BB:5A:81,PoliSemFio,35,490.3581163883209,B2-01,0,4
1720,54:F0:B1:BB:5A:82,HACKER,17,490.3581163883209,B2-01,0,4
1721,54:F0:B1:BB:5A:83,LEP,34,490.3581163883209,B2-01,0,4
1722,54:F0:B1:BB:80:C3,LABPROG,20,490.3581163883209,B2-01,0,4
1723,54:F0:B1:BB:84:B0,eduroam,19,490.3581163883209,B2-01,0,4
1724,54:F0:B1:BB:84:B2,,25,490.3581163883209,B2-01,0,4
1725,54:F0:B1:BB:BE:11,PoliSemFio,25,490.3581163883209,B2-01,0,4
1726,54:F0:B1:BB:BE:12,,27,490.3581163883209,B2-01,0,4
1727,54:F0:B1:BB:BE:13,CAEEL,17,490.3581163883209,B2-01,0,4
1728,54:F0:B1:BB:C4:D0,eduroam,52,490.3581163883209,B2-01,0,4
1729,54:F0:B1:BB:C4:D1,PoliSemFio,54,490.3581163883209,B2-01,0,4
1730,54:F0:B1:BB:C4:D2,,52,490.3581163883209,B2-01,0,4
1731,54:F0:B1:BB:C4:F0,eduroam,40,490.3581163883209,B2-01,0,4
1732,54:F0:B1:BB:C4:F1,PoliSemFio,40,490.3581163883209,B2-01,0,4
1733,54:F0:B1:BB:C4:F2,,40,490.3581163883209,B2-01,0,4
1734,54:F0:B1:BB:FD:D0,eduroam,14,490.3581163883209,B2-01,0,4
1735,54:F0:B1:BB:FD:D1,PoliSemFio,19,490.3581163883209,B2-01,0,4
1736,54:F0:B1:BB:FD:D2,,22,490.3581163883209,B2-01,0,4
1737,54:F0:B1:BC:09:40,eduroam,95,490.3581163883209,B2-01,0,4
1738,54:F0:B1:BC:09:41,PoliSemFio,100,490.3581163883209,B2-01,0,4
1739,54:F0:B1:BC:09:42,,99,490.3581163883209,B2-01,0,4
1740,54:F0:B1:BC:09:60,eduroam,83,490.3581163883209,B2-01,0,4
1741,54:F0:B1:BC:09:61,PoliSemFio,97,490.3581163883209,B2-01,0,4
1742,54:F0:B1:BC:0F:D2,,17,490.3581163883209,B2-01,0,4
1743,54:F0:B1:BC:1B:D0,eduroam,45,490.3581163883209,B2-01,0,4
1744,54:F0:B1:BC:1B:D1,PoliSemFio,44,490.3581163883209,B2-01,0,4
1745,54:F0:B1:BC:1B:D2,,69,490.3581163883209,B2-01,0,4
1746,54:F0:B1:BC:1B:F0,eduroam,25,490.3581163883209,B2-01,0,4
1747,54:F0:B1:BC:1B:F1,PoliSemFio,24,490.3581163883209,B2-01,0,4
1748,54:F0:B1:BC:2E:90,eduroam,82,490.3581163883209,B2-01,0,4
1749,54:F0:B1:BC:2E:91,PoliSemFio,77,490.3581163883209,B2-01,0,4
1750,54:F0:B1:BC:2E:92,,77,490.3581163883209,B2-01,0,4
1751,54:F0:B1:BC:2E:B0,eduroam,34,490.3581163883209,B2-01,0,4
1752,54:F0:B1:BC:2E:B1,PoliSemFio,34,490.3581163883209,B2-01,0,4
1753,54:F0:B1:BC:36:10,PoliSemFio,22,490.3581163883209,B2-01,0,4
1754,54:F0:B1:BC:36:11,eduroam,20,490.3581163883209,B2-01,0,4
1755,54:F0:B1:BC:36:12,,20,490.3581163883209,B2-01,0,4
1756,54:F0:B1:BC:3F:10,eduroam,40,490.3581163883209,B2-01,0,4
1757,54:F0:B1:BC:65:B0,eduroam,15,490.3581163883209,B2-01,0,4
1758,54:F0:B1:BC:70:00,eduroam,44,490.3581163883209,B2-01,0,4
1759,54:F0:B1:BC:70:01,PoliSemFio,37,490.3581163883209,B2-01,0,4
1760,54:F0:B1:BC:70:02,,37,490.3581163883209,B2-01,0,4
1761,54:F0:B1:BC:70:20,eduroam,17,490.3581163883209,B2-01,0,4
1762,54:F0:B1:BC:70:21,PoliSemFio,14,490.3581163883209,B2-01,0,4
1763,54:F0:B1:BC:77:80,eduroam,37,490.3581163883209,B2-01,0,4
1764,54:F0:B1:BC:77:81,PoliSemFio,44,490.3581163883209,B2-01,0,4
1765,54:F0:B1:BC:77:82,,40,490.3581163883209,B2-01,0,4
1766,54:F0:B1:BC:77:A0,eduroam,27,490.3581163883209,B2-01,0,4
1767,54:F0:B1:BC:77:A1,PoliSemFio,29,490.3581163883209,B2-01,0,4
1768,54:F0:B1:BC:77:A2,,22,490.3581163883209,B2-01,0,4
1769,54:F0:B1:BC:8F:20,eduroam,15,490.3581163883209,B2-01,0,4
1770,68:FF:7B:47:78:BE,C1-22M,39,490.3581163883209,B2-01,0,4
1771,70:62:B8:6E:72:A0,PCS-wireless-C1-13,27,490.3581163883209,B2-01,0,4
1772,70:62:B8:6E:72:A1,PPGEE,24,490.3581163883209,B2-01,0,4
1773,84:D4:7E:06:4F:E0,eduroam,62,490.3581163883209,B2-01,0,4
1774,84:D4:7E:06:4F:E1,PoliSemFio,52,490.3581163883209,B2-01,0,4
1775,84:D4:7E:06:4F:E2,,47,490.3581163883209,B2-01,0,4
1776,84:D4:7E:06:4F:F0,eduroam,24,490.3581163883209,B2-01,0,4
1777,84:D4:7E:06:4F:F1,PoliSemFio,24,490.3581163883209,B2-01,0,4
1778,DC:9F:DB:1C:1F:D7,LWN-3,19,490.3581163883209,B2-01,0,4
1779,DC:9F:DB:1C:1F:E0,LWN-3,25,490.3581163883209,B2-01,0,4
1780,DE:9F:DB:1C:1F:D7,LARC Guest,19,490.3581163883209,B2-01,0,4
1781,DE:9F:DB:1C:1F:E0,LARC Guest,34,490.3581163883209,B2-01,0,4
1782,EE:9F:DB:1C:1F:E0,,34,490.3581163883209,B2-01,0,4
1783,F8:1A:67:99:55:8E,NUCLEAR_CHF,19,490.3581163883209,B2-01,0,4
1784,FE:9F:DB:1C:1F:E0,,34,490.3581163883209,B2-01,0,4
1785,00:18:E7:FF:8C:98,dlink,17,492.9802191257477,B2-01,0,4
1786,2A:56:5A:49:06:54,DIRECT-54-HP M132f LaserJet,19,492.9802191257477,B2-01,0,4
1787,30:85:A9:69:F2:E4,PCS-Wireless-C2-22,32,492.9802191257477,B2-01,0,4
1788,34:60:F9:A3:D9:14,GASWIFI-2G_C2,32,492.9802191257477,B2-01,0,4
1789,34:60:F9:A3:E7:3F,GASWIFI_C4,29,492.9802191257477,B2-01,0,4
1790,34:CE:00:51:3E:6F,Lab,62,492.9802191257477,B2-01,0,4
1791,34:CE:00:51:3E:70,Lab_5G,34,492.9802191257477,B2-01,0,4
1792,3A:60:F9:A3:D9:13,,10,492.9802191257477,B2-01,0,4
1793,48:00:20:34:D2:40,eduroam,22,492.9802191257477,B2-01,0,4
1794,54:B8:0A:AA:2C:8C,LAB_DIGITAL,45,492.9802191257477,B2-01,0,4
1795,54:B8:0A:AA:2C:8D,PCS-Wireless,45,492.9802191257477,B2-01,0,4
1796,54:F0:B1:A1:18:C0,eduroam,20,492.9802191257477,B2-01,0,4
1797,54:F0:B1:A1:18:C1,PoliSemFio,20,492.9802191257477,B2-01,0,4
1798,54:F0:B1:A1:18:C3,MEZANINO,20,492.9802191257477,B2-01,0,4
1799,54:F0:B1:A1:18:C4,GDLAB,20,492.9802191257477,B2-01,0,4
1800,54:F0:B1:A1:18:C5,LABPAD,20,492.9802191257477,B2-01,0,4
1801,54:F0:B1:A1:18:D0,eduroam,42,492.9802191257477,B2-01,0,4
1802,54:F0:B1:A1:18:D1,PoliSemFio,37,492.9802191257477,B2-01,0,4
1803,54:F0:B1:A1:18:D3,MEZANINO,40,492.9802191257477,B2-01,0,4
1804,54:F0:B1:A1:18:D4,GDLAB,27,492.9802191257477,B2-01,0,4
1805,54:F0:B1:A1:18:D5,LABPAD,22,492.9802191257477,B2-01,0,4
1806,54:F0:B1:A1:58:00,eduroam,29,492.9802191257477,B2-01,0,4
1807,54:F0:B1:A1:58:01,PoliSemFio,42,492.9802191257477,B2-01,0,4
1808,54:F0:B1:A1:58:02,,42,492.9802191257477,B2-01,0,4
1809,54:F0:B1:A1:E5:00,eduroam,24,492.9802191257477,B2-01,0,4
1810,54:F0:B1:A2:37:E0,eduroam,14,492.9802191257477,B2-01,0,4
1811,54:F0:B1:A2:57:30,eduroam,19,492.9802191257477,B2-01,0,4
1812,54:F0:B1:A2:57:33,LCA,10,492.9802191257477,B2-01,0,4
1813,54:F0:B1:BB:5A:80,eduroam,20,492.9802191257477,B2-01,0,4
1814,54:F0:B1:BB:5A:81,PoliSemFio,35,492.9802191257477,B2-01,0,4
1815,54:F0:B1:BB:5A:82,HACKER,17,492.9802191257477,B2-01,0,4
1816,54:F0:B1:BB:5A:83,LEP,34,492.9802191257477,B2-01,0,4
1817,54:F0:B1:BB:80:C3,LABPROG,20,492.9802191257477,B2-01,0,4
1818,54:F0:B1:BB:84:B0,eduroam,19,492.9802191257477,B2-01,0,4
1819,54:F0:B1:BB:84:B2,,25,492.9802191257477,B2-01,0,4
1820,54:F0:B1:BB:BE:12,,27,492.9802191257477,B2-01,0,4
1821,54:F0:B1:BB:BE:13,CAEEL,17,492.9802191257477,B2-01,0,4
1822,54:F0:B1:BB:C4:D0,eduroam,52,492.9802191257477,B2-01,0,4
1823,54:F0:B1:BB:C4:D2,,49,492.9802191257477,B2-01,0,4
1824,54:F0:B1:BB:C4:F0,eduroam,34,492.9802191257477,B2-01,0,4
1825,54:F0:B1:BB:C4:F1,PoliSemFio,40,492.9802191257477,B2-01,0,4
1826,54:F0:B1:BB:C4:F2,,40,492.9802191257477,B2-01,0,4
1827,54:F0:B1:BB:FD:D0,eduroam,14,492.9802191257477,B2-01,0,4
1828,54:F0:B1:BB:FD:D1,PoliSemFio,19,492.9802191257477,B2-01,0,4
1829,54:F0:B1:BB:FD:D2,,22,492.9802191257477,B2-01,0,4
1830,54:F0:B1:BC:09:40,eduroam,92,492.9802191257477,B2-01,0,4
1831,54:F0:B1:BC:09:41,PoliSemFio,99,492.9802191257477,B2-01,0,4
1832,54:F0:B1:BC:09:42,,99,492.9802191257477,B2-01,0,4
1833,54:F0:B1:BC:09:60,eduroam,94,492.9802191257477,B2-01,0,4
1834,54:F0:B1:BC:09:61,PoliSemFio,94,492.9802191257477,B2-01,0,4
1835,54:F0:B1:BC:0F:D2,,17,492.9802191257477,B2-01,0,4
1836,54:F0:B1:BC:1B:D0,eduroam,44,492.9802191257477,B2-01,0,4
1837,54:F0:B1:BC:1B:D1,PoliSemFio,44,492.9802191257477,B2-01,0,4
1838,54:F0:B1:BC:1B:D2,,52,492.9802191257477,B2-01,0,4
1839,54:F0:B1:BC:1B:F0,eduroam,12,492.9802191257477,B2-01,0,4
1840,54:F0:B1:BC:1B:F1,PoliSemFio,12,492.9802191257477,B2-01,0,4
1841,54:F0:B1:BC:2E:90,eduroam,67,492.9802191257477,B2-01,0,4
1842,54:F0:B1:BC:2E:91,PoliSemFio,60,492.9802191257477,B2-01,0,4
1843,54:F0:B1:BC:2E:92,,59,492.9802191257477,B2-01,0,4
1844,54:F0:B1:BC:2E:B0,eduroam,35,492.9802191257477,B2-01,0,4
1845,54:F0:B1:BC:2E:B1,PoliSemFio,35,492.9802191257477,B2-01,0,4
1846,54:F0:B1:BC:36:10,PoliSemFio,22,492.9802191257477,B2-01,0,4
1847,54:F0:B1:BC:36:11,eduroam,20,492.9802191257477,B2-01,0,4
1848,54:F0:B1:BC:36:12,,20,492.9802191257477,B2-01,0,4
1849,54:F0:B1:BC:3F:10,eduroam,40,492.9802191257477,B2-01,0,4
1850,54:F0:B1:BC:65:B0,eduroam,15,492.9802191257477,B2-01,0,4
1851,54:F0:B1:BC:70:00,eduroam,37,492.9802191257477,B2-01,0,4
1852,54:F0:B1:BC:70:01,PoliSemFio,40,492.9802191257477,B2-01,0,4
1853,54:F0:B1:BC:70:02,,37,492.9802191257477,B2-01,0,4
1854,54:F0:B1:BC:70:20,eduroam,17,492.9802191257477,B2-01,0,4
1855,54:F0:B1:BC:70:21,PoliSemFio,14,492.9802191257477,B2-01,0,4
1856,54:F0:B1:BC:77:81,PoliSemFio,44,492.9802191257477,B2-01,0,4
1857,54:F0:B1:BC:77:82,,40,492.9802191257477,B2-01,0,4
1858,54:F0:B1:BC:77:A0,eduroam,25,492.9802191257477,B2-01,0,4
1859,54:F0:B1:BC:77:A1,PoliSemFio,27,492.9802191257477,B2-01,0,4
1860,54:F0:B1:BC:77:A2,,22,492.9802191257477,B2-01,0,4
1861,68:FF:7B:47:78:BE,C1-22M,45,492.9802191257477,B2-01,0,4
1862,70:62:B8:6E:72:A0,PCS-wireless-C1-13,27,492.9802191257477,B2-01,0,4
1863,70:62:B8:6E:72:A1,PPGEE,34,492.9802191257477,B2-01,0,4
1864,84:D4:7E:06:4F:E0,eduroam,62,492.9802191257477,B2-01,0,4
1865,84:D4:7E:06:4F:E2,,47,492.9802191257477,B2-01,0,4
1866,84:D4:7E:06:4F:F0,eduroam,27,492.9802191257477,B2-01,0,4
1867,84:D4:7E:06:4F:F1,PoliSemFio,25,492.9802191257477,B2-01,0,4
1868,DC:9F:DB:1C:1F:D7,LWN-3,19,492.9802191257477,B2-01,0,4
1869,DC:9F:DB:1C:1F:E0,LWN-3,27,492.9802191257477,B2-01,0,4
1870,DE:9F:DB:1C:1F:D7,LARC Guest,19,492.9802191257477,B2-01,0,4
1871,DE:9F:DB:1C:1F:E0,LARC Guest,34,492.9802191257477,B2-01,0,4
1872,EE:9F:DB:1C:1F:E0,,34,492.9802191257477,B2-01,0,4
1873,F8:1A:67:99:55:8E,NUCLEAR_CHF,19,492.9802191257477,B2-01,0,4
