,ap_mac,ap_name,rssi,timestamp,room,door_status,room_part
0,00:18:E7:FF:8C:98,dlink,30,276.63277792930603,B2-01,0,3
1,00:21:91:70:9D:EC,LAB-DIDATICO,34,276.63277792930603,B2-01,0,3
2,30:85:A9:69:F2:E4,PCS-Wireless-C2-22,35,276.63277792930603,B2-01,0,3
3,34:60:F9:A3:D9:14,GASWIFI-2G_C2,25,276.63277792930603,B2-01,0,3
4,34:60:F9:A3:E7:3F,GASWIFI_C4,27,276.63277792930603,B2-01,0,3
5,34:60:F9:A3:E8:73,GASWIFI_C3,22,276.63277792930603,B2-01,0,3
6,34:CE:00:51:3E:6F,Lab,64,276.63277792930603,B2-01,0,3
7,34:CE:00:51:3E:70,Lab_5G,22,276.63277792930603,B2-01,0,3
8,48:00:20:34:D2:40,eduroam,27,276.63277792930603,B2-01,0,3
9,54:B8:0A:AA:2C:8C,LAB_DIGITAL,39,276.63277792930603,B2-01,0,3
10,54:B8:0A:AA:2C:8D,PCS-Wireless,25,276.63277792930603,B2-01,0,3
11,54:B8:0A:AA:2C:8E,LAB_DIGITAL-5GHz,10,276.63277792930603,B2-01,0,3
12,54:B8:0A:AA:2C:8F,PCS-Wireless-5GHz,10,276.63277792930603,B2-01,0,3
13,54:F0:B1:A1:18:C0,eduroam,15,276.63277792930603,B2-01,0,3
14,54:F0:B1:A1:18:C1,PoliSemFio,15,276.63277792930603,B2-01,0,3
15,54:F0:B1:A1:18:C3,MEZANINO,12,276.63277792930603,B2-01,0,3
16,54:F0:B1:A1:18:C4,GDLAB,15,276.63277792930603,B2-01,0,3
17,54:F0:B1:A1:18:C5,LABPAD,19,276.63277792930603,B2-01,0,3
18,54:F0:B1:A1:18:D0,eduroam,22,276.63277792930603,B2-01,0,3
19,54:F0:B1:A1:18:D3,MEZANINO,29,276.63277792930603,B2-01,0,3
20,54:F0:B1:A1:18:D4,GDLAB,32,276.63277792930603,B2-01,0,3
21,54:F0:B1:A1:57:F0,eduroam,20,276.63277792930603,B2-01,0,3
22,54:F0:B1:A1:57:F1,PoliSemFio,20,276.63277792930603,B2-01,0,3
23,54:F0:B1:A1:57:F2,,19,276.63277792930603,B2-01,0,3
24,54:F0:B1:A1:58:00,eduroam,44,276.63277792930603,B2-01,0,3
25,54:F0:B1:A1:58:01,PoliSemFio,42,276.63277792930603,B2-01,0,3
26,54:F0:B1:A1:58:02,,40,276.63277792930603,B2-01,0,3
27,54:F0:B1:A1:E4:F0,eduroam,12,276.63277792930603,B2-01,0,3
28,54:F0:B1:A1:E4:F1,PoliSemFio,14,276.63277792930603,B2-01,0,3
29,54:F0:B1:A1:E5:02,,27,276.63277792930603,B2-01,0,3
30,54:F0:B1:A2:37:E0,eduroam,12,276.63277792930603,B2-01,0,3
31,54:F0:B1:A2:57:30,eduroam,20,276.63277792930603,B2-01,0,3
32,54:F0:B1:A2:57:31,PoliSemFio,24,276.63277792930603,B2-01,0,3
33,54:F0:B1:A2:57:32,,24,276.63277792930603,B2-01,0,3
34,54:F0:B1:BB:5A:80,eduroam,44,276.63277792930603,B2-01,0,3
35,54:F0:B1:BB:5A:81,PoliSemFio,39,276.63277792930603,B2-01,0,3
36,54:F0:B1:BB:5A:82,HACKER,40,276.63277792930603,B2-01,0,3
37,54:F0:B1:BB:5A:83,LEP,45,276.63277792930603,B2-01,0,3
38,54:F0:B1:BB:BE:12,,29,276.63277792930603,B2-01,0,3
39,54:F0:B1:BB:BE:13,CAEEL,22,276.63277792930603,B2-01,0,3
40,54:F0:B1:BB:C4:D0,eduroam,69,276.63277792930603,B2-01,0,3
41,54:F0:B1:BB:C4:D1,PoliSemFio,70,276.63277792930603,B2-01,0,3
42,54:F0:B1:BB:C4:D2,,59,276.63277792930603,B2-01,0,3
43,54:F0:B1:BB:C4:F0,eduroam,44,276.63277792930603,B2-01,0,3
44,54:F0:B1:BB:C4:F1,PoliSemFio,44,276.63277792930603,B2-01,0,3
45,54:F0:B1:BB:C4:F2,,44,276.63277792930603,B2-01,0,3
46,54:F0:B1:BB:C5:C0,eduroam,17,276.63277792930603,B2-01,0,3
47,54:F0:B1:BB:C5:C4,GDLAB,14,276.63277792930603,B2-01,0,3
48,54:F0:B1:BB:D1:90,eduroam,22,276.63277792930603,B2-01,0,3
49,54:F0:B1:BB:F3:20,eduroam,30,276.63277792930603,B2-01,0,3
50,54:F0:B1:BC:09:40,eduroam,90,276.63277792930603,B2-01,0,3
51,54:F0:B1:BC:09:41,PoliSemFio,89,276.63277792930603,B2-01,0,3
52,54:F0:B1:BC:09:42,,89,276.63277792930603,B2-01,0,3
53,54:F0:B1:BC:09:60,eduroam,82,276.63277792930603,B2-01,0,3
54,54:F0:B1:BC:09:61,PoliSemFio,82,276.63277792930603,B2-01,0,3
55,54:F0:B1:BC:0F:D0,eduroam,14,276.63277792930603,B2-01,0,3
56,54:F0:B1:BC:1B:D0,eduroam,35,276.63277792930603,B2-01,0,3
57,54:F0:B1:BC:1B:F0,eduroam,25,276.63277792930603,B2-01,0,3
58,54:F0:B1:BC:1B:F1,PoliSemFio,25,276.63277792930603,B2-01,0,3
59,54:F0:B1:BC:2E:90,eduroam,52,276.63277792930603,B2-01,0,3
60,54:F0:B1:BC:2E:91,PoliSemFio,55,276.63277792930603,B2-01,0,3
61,54:F0:B1:BC:2E:92,,64,276.63277792930603,B2-01,0,3
62,54:F0:B1:BC:2E:B0,eduroam,25,276.63277792930603,B2-01,0,3
63,54:F0:B1:BC:2E:B1,PoliSemFio,27,276.63277792930603,B2-01,0,3
64,54:F0:B1:BC:2E:B2,,25,276.63277792930603,B2-01,0,3
65,54:F0:B1:BC:2F:50,eduroam,15,276.63277792930603,B2-01,0,3
66,54:F0:B1:BC:36:11,eduroam,17,276.63277792930603,B2-01,0,3
67,54:F0:B1:BC:3F:10,eduroam,44,276.63277792930603,B2-01,0,3
68,54:F0:B1:BC:3F:11,PoliSemFio,37,276.63277792930603,B2-01,0,3
69,54:F0:B1:BC:3F:12,,40,276.63277792930603,B2-01,0,3
70,54:F0:B1:BC:70:00,eduroam,45,276.63277792930603,B2-01,0,3
71,54:F0:B1:BC:70:01,PoliSemFio,45,276.63277792930603,B2-01,0,3
72,54:F0:B1:BC:70:02,,47,276.63277792930603,B2-01,0,3
73,54:F0:B1:BC:70:20,eduroam,22,276.63277792930603,B2-01,0,3
74,54:F0:B1:BC:70:21,PoliSemFio,20,276.63277792930603,B2-01,0,3
75,54:F0:B1:BC:77:80,eduroam,35,276.63277792930603,B2-01,0,3
76,54:F0:B1:BC:77:81,PoliSemFio,42,276.63277792930603,B2-01,0,3
77,54:F0:B1:BC:77:82,,40,276.63277792930603,B2-01,0,3
78,54:F0:B1:BC:77:A0,eduroam,22,276.63277792930603,B2-01,0,3
79,54:F0:B1:BC:77:A1,PoliSemFio,22,276.63277792930603,B2-01,0,3
80,54:F0:B1:BC:77:A2,,20,276.63277792930603,B2-01,0,3
81,68:FF:7B:47:78:BD,C1-22M-5G,15,276.63277792930603,B2-01,0,3
82,68:FF:7B:47:78:BE,C1-22M,37,276.63277792930603,B2-01,0,3
83,70:62:B8:6E:72:A0,PCS-wireless-C1-13,27,276.63277792930603,B2-01,0,3
84,70:62:B8:6E:72:A1,PPGEE,30,276.63277792930603,B2-01,0,3
85,84:D4:7E:06:4F:E0,eduroam,35,276.63277792930603,B2-01,0,3
86,84:D4:7E:06:4F:E1,PoliSemFio,59,276.63277792930603,B2-01,0,3
87,84:D4:7E:06:4F:E2,,42,276.63277792930603,B2-01,0,3
88,84:D4:7E:06:4F:F0,eduroam,14,276.63277792930603,B2-01,0,3
89,84:D4:7E:06:4F:F1,PoliSemFio,15,276.63277792930603,B2-01,0,3
90,DC:9F:DB:1C:1F:D7,LWN-3,34,276.63277792930603,B2-01,0,3
91,DC:9F:DB:1C:1F:E0,LWN-3,30,276.63277792930603,B2-01,0,3
92,DE:9F:DB:1C:1F:D7,LARC Guest,34,276.63277792930603,B2-01,0,3
93,DE:9F:DB:1C:1F:E0,LARC Guest,32,276.63277792930603,B2-01,0,3
94,EE:9F:DB:1C:1F:D7,,29,276.63277792930603,B2-01,0,3
95,EE:9F:DB:1C:1F:E0,,35,276.63277792930603,B2-01,0,3
96,F8:1A:67:99:55:8E,NUCLEAR_CHF,20,276.63277792930603,B2-01,0,3
97,FE:9F:DB:1C:1F:D7,,22,276.63277792930603,B2-01,0,3
98,FE:9F:DB:1C:1F:E0,,45,276.63277792930603,B2-01,0,3
99,00:18:E7:FF:8C:98,dlink,30,279.2809519767761,B2-01,0,3
100,00:21:91:70:9D:EC,LAB-DIDATICO,34,279.2809519767761,B2-01,0,3
101,30:85:A9:69:F2:E4,PCS-Wireless-C2-22,35,279.2809519767761,B2-01,0,3
102,34:60:F9:A3:D9:14,GASWIFI-2G_C2,25,279.2809519767761,B2-01,0,3
103,34:60:F9:A3:E7:3F,GASWIFI_C4,27,279.2809519767761,B2-01,0,3
104,34:60:F9:A3:E8:73,GASWIFI_C3,22,279.2809519767761,B2-01,0,3
105,34:CE:00:51:3E:6F,Lab,64,279.2809519767761,B2-01,0,3
106,34:CE:00:51:3E:70,Lab_5G,22,279.2809519767761,B2-01,0,3
107,48:00:20:34:D2:40,eduroam,27,279.2809519767761,B2-01,0,3
108,54:B8:0A:AA:2C:8C,LAB_DIGITAL,39,279.2809519767761,B2-01,0,3
109,54:B8:0A:AA:2C:8D,PCS-Wireless,25,279.2809519767761,B2-01,0,3
110,54:B8:0A:AA:2C:8E,LAB_DIGITAL-5GHz,10,279.2809519767761,B2-01,0,3
111,54:B8:0A:AA:2C:8F,PCS-Wireless-5GHz,10,279.2809519767761,B2-01,0,3
112,54:F0:B1:A1:18:C0,eduroam,15,279.2809519767761,B2-01,0,3
113,54:F0:B1:A1:18:C1,PoliSemFio,15,279.2809519767761,B2-01,0,3
114,54:F0:B1:A1:18:C3,MEZANINO,12,279.2809519767761,B2-01,0,3
115,54:F0:B1:A1:18:C4,GDLAB,15,279.2809519767761,B2-01,0,3
116,54:F0:B1:A1:18:C5,LABPAD,19,279.2809519767761,B2-01,0,3
117,54:F0:B1:A1:18:D0,eduroam,22,279.2809519767761,B2-01,0,3
118,54:F0:B1:A1:18:D3,MEZANINO,29,279.2809519767761,B2-01,0,3
119,54:F0:B1:A1:18:D4,GDLAB,32,279.2809519767761,B2-01,0,3
120,54:F0:B1:A1:57:F0,eduroam,20,279.2809519767761,B2-01,0,3
121,54:F0:B1:A1:57:F1,PoliSemFio,20,279.2809519767761,B2-01,0,3
122,54:F0:B1:A1:57:F2,,19,279.2809519767761,B2-01,0,3
123,54:F0:B1:A1:58:00,eduroam,44,279.2809519767761,B2-01,0,3
124,54:F0:B1:A1:58:01,PoliSemFio,42,279.2809519767761,B2-01,0,3
125,54:F0:B1:A1:58:02,,40,279.2809519767761,B2-01,0,3
126,54:F0:B1:A1:E4:F0,eduroam,12,279.2809519767761,B2-01,0,3
127,54:F0:B1:A1:E4:F1,PoliSemFio,14,279.2809519767761,B2-01,0,3
128,54:F0:B1:A1:E5:02,,27,279.2809519767761,B2-01,0,3
129,54:F0:B1:A2:37:E0,eduroam,12,279.2809519767761,B2-01,0,3
130,54:F0:B1:A2:57:30,eduroam,20,279.2809519767761,B2-01,0,3
131,54:F0:B1:A2:57:31,PoliSemFio,24,279.2809519767761,B2-01,0,3
132,54:F0:B1:A2:57:32,,24,279.2809519767761,B2-01,0,3
133,54:F0:B1:BB:5A:80,eduroam,44,279.2809519767761,B2-01,0,3
134,54:F0:B1:BB:5A:81,PoliSemFio,39,279.2809519767761,B2-01,0,3
135,54:F0:B1:BB:5A:82,HACKER,40,279.2809519767761,B2-01,0,3
136,54:F0:B1:BB:5A:83,LEP,45,279.2809519767761,B2-01,0,3
137,54:F0:B1:BB:BE:12,,29,279.2809519767761,B2-01,0,3
138,54:F0:B1:BB:BE:13,CAEEL,22,279.2809519767761,B2-01,0,3
139,54:F0:B1:BB:C4:D0,eduroam,69,279.2809519767761,B2-01,0,3
140,54:F0:B1:BB:C4:D1,PoliSemFio,70,279.2809519767761,B2-01,0,3
141,54:F0:B1:BB:C4:D2,,59,279.2809519767761,B2-01,0,3
142,54:F0:B1:BB:C4:F0,eduroam,44,279.2809519767761,B2-01,0,3
143,54:F0:B1:BB:C4:F1,PoliSemFio,44,279.2809519767761,B2-01,0,3
144,54:F0:B1:BB:C4:F2,,44,279.2809519767761,B2-01,0,3
145,54:F0:B1:BB:C5:C0,eduroam,17,279.2809519767761,B2-01,0,3
146,54:F0:B1:BB:C5:C4,GDLAB,14,279.2809519767761,B2-01,0,3
147,54:F0:B1:BB:D1:90,eduroam,22,279.2809519767761,B2-01,0,3
148,54:F0:B1:BB:F3:20,eduroam,30,279.2809519767761,B2-01,0,3
149,54:F0:B1:BC:09:40,eduroam,90,279.2809519767761,B2-01,0,3
150,54:F0:B1:BC:09:41,PoliSemFio,89,279.2809519767761,B2-01,0,3
151,54:F0:B1:BC:09:42,,89,279.2809519767761,B2-01,0,3
152,54:F0:B1:BC:09:60,eduroam,69,279.2809519767761,B2-01,0,3
153,54:F0:B1:BC:09:61,PoliSemFio,82,279.2809519767761,B2-01,0,3
154,54:F0:B1:BC:0F:D0,eduroam,14,279.2809519767761,B2-01,0,3
155,54:F0:B1:BC:1B:D0,eduroam,35,279.2809519767761,B2-01,0,3
156,54:F0:B1:BC:1B:F0,eduroam,25,279.2809519767761,B2-01,0,3
157,54:F0:B1:BC:1B:F1,PoliSemFio,25,279.2809519767761,B2-01,0,3
158,54:F0:B1:BC:2E:90,eduroam,52,279.2809519767761,B2-01,0,3
159,54:F0:B1:BC:2E:91,PoliSemFio,55,279.2809519767761,B2-01,0,3
160,54:F0:B1:BC:2E:92,,64,279.2809519767761,B2-01,0,3
161,54:F0:B1:BC:2E:B0,eduroam,25,279.2809519767761,B2-01,0,3
162,54:F0:B1:BC:2E:B1,PoliSemFio,27,279.2809519767761,B2-01,0,3
163,54:F0:B1:BC:2E:B2,,25,279.2809519767761,B2-01,0,3
164,54:F0:B1:BC:2F:50,eduroam,15,279.2809519767761,B2-01,0,3
165,54:F0:B1:BC:36:11,eduroam,17,279.2809519767761,B2-01,0,3
166,54:F0:B1:BC:3F:10,eduroam,44,279.2809519767761,B2-01,0,3
167,54:F0:B1:BC:3F:11,PoliSemFio,37,279.2809519767761,B2-01,0,3
168,54:F0:B1:BC:3F:12,,40,279.2809519767761,B2-01,0,3
169,54:F0:B1:BC:70:00,eduroam,45,279.2809519767761,B2-01,0,3
170,54:F0:B1:BC:70:01,PoliSemFio,45,279.2809519767761,B2-01,0,3
171,54:F0:B1:BC:70:02,,47,279.2809519767761,B2-01,0,3
172,54:F0:B1:BC:70:20,eduroam,22,279.2809519767761,B2-01,0,3
173,54:F0:B1:BC:70:21,PoliSemFio,20,279.2809519767761,B2-01,0,3
174,54:F0:B1:BC:77:80,eduroam,35,279.2809519767761,B2-01,0,3
175,54:F0:B1:BC:77:81,PoliSemFio,42,279.2809519767761,B2-01,0,3
176,54:F0:B1:BC:77:82,,40,279.2809519767761,B2-01,0,3
177,54:F0:B1:BC:77:A0,eduroam,22,279.2809519767761,B2-01,0,3
178,54:F0:B1:BC:77:A1,PoliSemFio,22,279.2809519767761,B2-01,0,3
179,54:F0:B1:BC:77:A2,,20,279.2809519767761,B2-01,0,3
180,68:FF:7B:47:78:BD,C1-22M-5G,15,279.2809519767761,B2-01,0,3
181,68:FF:7B:47:78:BE,C1-22M,37,279.2809519767761,B2-01,0,3
182,70:62:B8:6E:72:A0,PCS-wireless-C1-13,27,279.2809519767761,B2-01,0,3
183,70:62:B8:6E:72:A1,PPGEE,30,279.2809519767761,B2-01,0,3
184,84:D4:7E:06:4F:E0,eduroam,35,279.2809519767761,B2-01,0,3
185,84:D4:7E:06:4F:E1,PoliSemFio,59,279.2809519767761,B2-01,0,3
186,84:D4:7E:06:4F:E2,,42,279.2809519767761,B2-01,0,3
187,84:D4:7E:06:4F:F0,eduroam,14,279.2809519767761,B2-01,0,3
188,84:D4:7E:06:4F:F1,PoliSemFio,15,279.2809519767761,B2-01,0,3
189,DC:9F:DB:1C:1F:D7,LWN-3,34,279.2809519767761,B2-01,0,3
190,DC:9F:DB:1C:1F:E0,LWN-3,30,279.2809519767761,B2-01,0,3
191,DE:9F:DB:1C:1F:D7,LARC Guest,34,279.2809519767761,B2-01,0,3
192,DE:9F:DB:1C:1F:E0,LARC Guest,32,279.2809519767761,B2-01,0,3
193,EE:9F:DB:1C:1F:D7,,29,279.2809519767761,B2-01,0,3
194,EE:9F:DB:1C:1F:E0,,35,279.2809519767761,B2-01,0,3
195,F8:1A:67:99:55:8E,NUCLEAR_CHF,20,279.2809519767761,B2-01,0,3
196,FE:9F:DB:1C:1F:D7,,22,279.2809519767761,B2-01,0,3
197,FE:9F:DB:1C:1F:E0,,45,279.2809519767761,B2-01,0,3
198,34:CE:00:51:3E:6F,Lab,57,285.5465524196625,B2-01,0,3
199,34:CE:00:51:3E:70,Lab_5G,29,285.5465524196625,B2-01,0,3
200,54:B8:0A:AA:2C:8C,LAB_DIGITAL,37,285.5465524196625,B2-01,0,3
201,54:B8:0A:AA:2C:8D,PCS-Wireless,45,285.5465524196625,B2-01,0,3
202,54:F0:B1:A1:18:C0,eduroam,15,285.5465524196625,B2-01,0,3
203,54:F0:B1:A1:18:C1,PoliSemFio,14,285.5465524196625,B2-01,0,3
204,54:F0:B1:A1:18:C3,MEZANINO,12,285.5465524196625,B2-01,0,3
205,54:F0:B1:A1:18:C4,GDLAB,15,285.5465524196625,B2-01,0,3
206,54:F0:B1:A1:18:C5,LABPAD,14,285.5465524196625,B2-01,0,3
207,54:F0:B1:A1:18:D0,eduroam,22,285.5465524196625,B2-01,0,3
208,54:F0:B1:A1:18:D2,,27,285.5465524196625,B2-01,0,3
209,54:F0:B1:A1:18:D3,MEZANINO,27,285.5465524196625,B2-01,0,3
210,54:F0:B1:A1:18:D5,LABPAD,35,285.5465524196625,B2-01,0,3
211,54:F0:B1:A1:57:F0,eduroam,14,285.5465524196625,B2-01,0,3
212,54:F0:B1:A1:57:F1,PoliSemFio,14,285.5465524196625,B2-01,0,3
213,54:F0:B1:A1:58:00,eduroam,37,285.5465524196625,B2-01,0,3
214,54:F0:B1:A1:58:01,PoliSemFio,35,285.5465524196625,B2-01,0,3
215,54:F0:B1:A1:58:02,,34,285.5465524196625,B2-01,0,3
216,54:F0:B1:A2:56:71,PoliSemFio,19,285.5465524196625,B2-01,0,3
217,54:F0:B1:A2:56:72,,22,285.5465524196625,B2-01,0,3
218,54:F0:B1:A2:57:33,LCA,25,285.5465524196625,B2-01,0,3
219,54:F0:B1:BB:5A:80,eduroam,44,285.5465524196625,B2-01,0,3
220,54:F0:B1:BB:5A:81,PoliSemFio,39,285.5465524196625,B2-01,0,3
221,54:F0:B1:BB:5A:82,HACKER,34,285.5465524196625,B2-01,0,3
222,54:F0:B1:BB:5A:83,LEP,45,285.5465524196625,B2-01,0,3
223,54:F0:B1:BB:BE:11,PoliSemFio,30,285.5465524196625,B2-01,0,3
224,54:F0:B1:BB:BE:13,CAEEL,29,285.5465524196625,B2-01,0,3
225,54:F0:B1:BB:C4:D0,eduroam,69,285.5465524196625,B2-01,0,3
226,54:F0:B1:BB:C4:D1,PoliSemFio,70,285.5465524196625,B2-01,0,3
227,54:F0:B1:BB:C4:D2,,67,285.5465524196625,B2-01,0,3
228,54:F0:B1:BB:C4:F0,eduroam,44,285.5465524196625,B2-01,0,3
229,54:F0:B1:BB:C4:F1,PoliSemFio,34,285.5465524196625,B2-01,0,3
230,54:F0:B1:BB:C4:F2,,44,285.5465524196625,B2-01,0,3
231,54:F0:B1:BB:C5:C0,eduroam,12,285.5465524196625,B2-01,0,3
232,54:F0:B1:BB:C5:C5,LABPAD,17,285.5465524196625,B2-01,0,3
233,54:F0:B1:BB:F3:20,eduroam,30,285.5465524196625,B2-01,0,3
234,54:F0:B1:BC:09:40,eduroam,89,285.5465524196625,B2-01,0,3
235,54:F0:B1:BC:09:41,PoliSemFio,89,285.5465524196625,B2-01,0,3
236,54:F0:B1:BC:09:42,,89,285.5465524196625,B2-01,0,3
237,54:F0:B1:BC:09:60,eduroam,71,285.5465524196625,B2-01,0,3
238,54:F0:B1:BC:09:61,PoliSemFio,85,285.5465524196625,B2-01,0,3
239,54:F0:B1:BC:1B:D0,eduroam,42,285.5465524196625,B2-01,0,3
240,54:F0:B1:BC:1B:D1,PoliSemFio,62,285.5465524196625,B2-01,0,3
241,54:F0:B1:BC:1B:D2,,62,285.5465524196625,B2-01,0,3
242,54:F0:B1:BC:1B:F0,eduroam,32,285.5465524196625,B2-01,0,3
243,54:F0:B1:BC:1B:F1,PoliSemFio,34,285.5465524196625,B2-01,0,3
244,54:F0:B1:BC:2E:92,,64,285.5465524196625,B2-01,0,3
245,54:F0:B1:BC:2E:B0,eduroam,29,285.5465524196625,B2-01,0,3
246,54:F0:B1:BC:2E:B1,PoliSemFio,29,285.5465524196625,B2-01,0,3
247,54:F0:B1:BC:2E:B2,,25,285.5465524196625,B2-01,0,3
248,54:F0:B1:BC:2F:50,eduroam,15,285.5465524196625,B2-01,0,3
249,54:F0:B1:BC:3F:10,eduroam,44,285.5465524196625,B2-01,0,3
250,54:F0:B1:BC:3F:11,PoliSemFio,37,285.5465524196625,B2-01,0,3
251,54:F0:B1:BC:3F:12,,40,285.5465524196625,B2-01,0,3
252,54:F0:B1:BC:70:00,eduroam,64,285.5465524196625,B2-01,0,3
253,54:F0:B1:BC:70:01,PoliSemFio,59,285.5465524196625,B2-01,0,3
254,54:F0:B1:BC:70:20,eduroam,14,285.5465524196625,B2-01,0,3
255,54:F0:B1:BC:70:21,PoliSemFio,15,285.5465524196625,B2-01,0,3
256,54:F0:B1:BC:77:80,eduroam,35,285.5465524196625,B2-01,0,3
257,54:F0:B1:BC:77:81,PoliSemFio,54,285.5465524196625,B2-01,0,3
258,54:F0:B1:BC:77:82,,52,285.5465524196625,B2-01,0,3
259,54:F0:B1:BC:77:A0,eduroam,34,285.5465524196625,B2-01,0,3
260,54:F0:B1:BC:77:A1,PoliSemFio,34,285.5465524196625,B2-01,0,3
261,54:F0:B1:BC:77:A2,,20,285.5465524196625,B2-01,0,3
262,68:FF:7B:47:78:BE,C1-22M,37,285.5465524196625,B2-01,0,3
263,70:62:B8:6E:72:A0,PCS-wireless-C1-13,37,285.5465524196625,B2-01,0,3
264,70:62:B8:6E:72:A1,PPGEE,39,285.5465524196625,B2-01,0,3
265,84:D4:7E:06:4F:E0,eduroam,45,285.5465524196625,B2-01,0,3
266,84:D4:7E:06:4F:F0,eduroam,17,285.5465524196625,B2-01,0,3
267,84:D4:7E:06:4F:F1,PoliSemFio,15,285.5465524196625,B2-01,0,3
268,DC:9F:DB:1C:1F:D7,LWN-3,24,285.5465524196625,B2-01,0,3
269,DE:9F:DB:1C:1F:E0,LARC Guest,40,285.5465524196625,B2-01,0,3
270,EE:9F:DB:1C:1F:D7,,24,285.5465524196625,B2-01,0,3
271,EE:9F:DB:1C:1F:E0,,39,285.5465524196625,B2-01,0,3
272,F8:1A:67:99:55:8E,NUCLEAR_CHF,20,285.5465524196625,B2-01,0,3
273,FE:9F:DB:1C:1F:E0,,39,285.5465524196625,B2-01,0,3
274,34:60:F9:A3:E7:3F,GASWIFI_C4,37,291.81941270828247,B2-01,0,3
275,34:CE:00:51:3E:6F,Lab,62,291.81941270828247,B2-01,0,3
276,34:CE:00:51:3E:70,Lab_5G,10,291.81941270828247,B2-01,0,3
277,54:B8:0A:AA:2C:8C,LAB_DIGITAL,37,291.81941270828247,B2-01,0,3
278,54:B8:0A:AA:2C:8D,PCS-Wireless,45,291.81941270828247,B2-01,0,3
279,54:F0:B1:A1:18:C0,eduroam,14,291.81941270828247,B2-01,0,3
280,54:F0:B1:A1:18:C1,PoliSemFio,14,291.81941270828247,B2-01,0,3
281,54:F0:B1:A1:18:C3,MEZANINO,17,291.81941270828247,B2-01,0,3
282,54:F0:B1:A1:18:C4,GDLAB,14,291.81941270828247,B2-01,0,3
283,54:F0:B1:A1:18:C5,LABPAD,15,291.81941270828247,B2-01,0,3
284,54:F0:B1:A1:18:D0,eduroam,22,291.81941270828247,B2-01,0,3
285,54:F0:B1:A1:18:D2,,27,291.81941270828247,B2-01,0,3
286,54:F0:B1:A1:18:D3,MEZANINO,27,291.81941270828247,B2-01,0,3
287,54:F0:B1:A1:18:D5,LABPAD,35,291.81941270828247,B2-01,0,3
288,54:F0:B1:A1:57:F0,eduroam,20,291.81941270828247,B2-01,0,3
289,54:F0:B1:A1:57:F1,PoliSemFio,22,291.81941270828247,B2-01,0,3
290,54:F0:B1:A1:58:00,eduroam,44,291.81941270828247,B2-01,0,3
291,54:F0:B1:A1:58:01,PoliSemFio,45,291.81941270828247,B2-01,0,3
292,54:F0:B1:A1:58:02,,44,291.81941270828247,B2-01,0,3
293,54:F0:B1:A2:56:71,PoliSemFio,19,291.81941270828247,B2-01,0,3
294,54:F0:B1:A2:56:72,,30,291.81941270828247,B2-01,0,3
295,54:F0:B1:A2:57:33,LCA,20,291.81941270828247,B2-01,0,3
296,54:F0:B1:BB:5A:80,eduroam,44,291.81941270828247,B2-01,0,3
297,54:F0:B1:BB:5A:81,PoliSemFio,39,291.81941270828247,B2-01,0,3
298,54:F0:B1:BB:5A:82,HACKER,34,291.81941270828247,B2-01,0,3
299,54:F0:B1:BB:5A:83,LEP,35,291.81941270828247,B2-01,0,3
300,54:F0:B1:BB:BE:11,PoliSemFio,30,291.81941270828247,B2-01,0,3
301,54:F0:B1:BB:BE:13,CAEEL,29,291.81941270828247,B2-01,0,3
302,54:F0:B1:BB:C4:D0,eduroam,62,291.81941270828247,B2-01,0,3
303,54:F0:B1:BB:C4:D1,PoliSemFio,64,291.81941270828247,B2-01,0,3
304,54:F0:B1:BB:C4:D2,,64,291.81941270828247,B2-01,0,3
305,54:F0:B1:BB:C4:F0,eduroam,47,291.81941270828247,B2-01,0,3
306,54:F0:B1:BB:C4:F1,PoliSemFio,47,291.81941270828247,B2-01,0,3
307,54:F0:B1:BB:C4:F2,,44,291.81941270828247,B2-01,0,3
308,54:F0:B1:BB:C5:C0,eduroam,12,291.81941270828247,B2-01,0,3
309,54:F0:B1:BB:C5:C5,LABPAD,17,291.81941270828247,B2-01,0,3
310,54:F0:B1:BB:F3:20,eduroam,35,291.81941270828247,B2-01,0,3
311,54:F0:B1:BC:09:40,eduroam,90,291.81941270828247,B2-01,0,3
312,54:F0:B1:BC:09:41,PoliSemFio,85,291.81941270828247,B2-01,0,3
313,54:F0:B1:BC:09:42,,85,291.81941270828247,B2-01,0,3
314,54:F0:B1:BC:09:60,eduroam,72,291.81941270828247,B2-01,0,3
315,54:F0:B1:BC:09:61,PoliSemFio,72,291.81941270828247,B2-01,0,3
316,54:F0:B1:BC:1B:D0,eduroam,50,291.81941270828247,B2-01,0,3
317,54:F0:B1:BC:1B:D1,PoliSemFio,55,291.81941270828247,B2-01,0,3
318,54:F0:B1:BC:1B:D2,,55,291.81941270828247,B2-01,0,3
319,54:F0:B1:BC:1B:F0,eduroam,40,291.81941270828247,B2-01,0,3
320,54:F0:B1:BC:1B:F1,PoliSemFio,40,291.81941270828247,B2-01,0,3
321,54:F0:B1:BC:2E:92,,65,291.81941270828247,B2-01,0,3
322,54:F0:B1:BC:2E:B0,eduroam,24,291.81941270828247,B2-01,0,3
323,54:F0:B1:BC:2E:B1,PoliSemFio,24,291.81941270828247,B2-01,0,3
324,54:F0:B1:BC:2E:B2,,25,291.81941270828247,B2-01,0,3
325,54:F0:B1:BC:2F:50,eduroam,15,291.81941270828247,B2-01,0,3
326,54:F0:B1:BC:3F:10,eduroam,42,291.81941270828247,B2-01,0,3
327,54:F0:B1:BC:3F:11,PoliSemFio,37,291.81941270828247,B2-01,0,3
328,54:F0:B1:BC:3F:12,,40,291.81941270828247,B2-01,0,3
329,54:F0:B1:BC:70:00,eduroam,44,291.81941270828247,B2-01,0,3
330,54:F0:B1:BC:70:01,PoliSemFio,59,291.81941270828247,B2-01,0,3
331,54:F0:B1:BC:70:20,eduroam,24,291.81941270828247,B2-01,0,3
332,54:F0:B1:BC:70:21,PoliSemFio,22,291.81941270828247,B2-01,0,3
333,54:F0:B1:BC:77:80,eduroam,35,291.81941270828247,B2-01,0,3
334,54:F0:B1:BC:77:81,PoliSemFio,54,291.81941270828247,B2-01,0,3
335,54:F0:B1:BC:77:82,,52,291.81941270828247,B2-01,0,3
336,54:F0:B1:BC:77:A0,eduroam,22,291.81941270828247,B2-01,0,3
337,54:F0:B1:BC:77:A1,PoliSemFio,22,291.81941270828247,B2-01,0,3
338,54:F0:B1:BC:77:A2,,24,291.81941270828247,B2-01,0,3
339,56:60:F9:A3:E7:3F,,34,291.81941270828247,B2-01,0,3
340,68:FF:7B:47:78:BE,C1-22M,30,291.81941270828247,B2-01,0,3
341,70:62:B8:6E:72:A0,PCS-wireless-C1-13,37,291.81941270828247,B2-01,0,3
342,70:62:B8:6E:72:A1,PPGEE,39,291.81941270828247,B2-01,0,3
343,84:D4:7E:06:4F:E0,eduroam,40,291.81941270828247,B2-01,0,3
344,84:D4:7E:06:4F:F0,eduroam,17,291.81941270828247,B2-01,0,3
345,84:D4:7E:06:4F:F1,PoliSemFio,10,291.81941270828247,B2-01,0,3
346,DC:9F:DB:1C:1F:D7,LWN-3,24,291.81941270828247,B2-01,0,3
347,DE:9F:DB:1C:1F:E0,LARC Guest,30,291.81941270828247,B2-01,0,3
348,EE:9F:DB:1C:1F:D7,,24,291.81941270828247,B2-01,0,3
349,EE:9F:DB:1C:1F:E0,,30,291.81941270828247,B2-01,0,3
350,F8:1A:67:99:55:8E,NUCLEAR_CHF,20,291.81941270828247,B2-01,0,3
351,FE:9F:DB:1C:1F:E0,,30,291.81941270828247,B2-01,0,3
352,00:21:91:70:9D:EC,LAB-DIDATICO,20,301.73887825012207,B2-01,0,3
353,34:60:F9:A3:D9:14,GASWIFI-2G_C2,27,301.73887825012207,B2-01,0,3
354,34:60:F9:A3:E7:3F,GASWIFI_C4,37,301.73887825012207,B2-01,0,3
355,34:CE:00:51:3E:6F,Lab,74,301.73887825012207,B2-01,0,3
356,34:CE:00:51:3E:70,Lab_5G,14,301.73887825012207,B2-01,0,3
357,54:B8:0A:AA:2C:8C,LAB_DIGITAL,37,301.73887825012207,B2-01,0,3
358,54:B8:0A:AA:2C:8D,PCS-Wireless,40,301.73887825012207,B2-01,0,3
359,54:F0:B1:A1:18:C0,eduroam,14,301.73887825012207,B2-01,0,3
360,54:F0:B1:A1:18:C1,PoliSemFio,14,301.73887825012207,B2-01,0,3
361,54:F0:B1:A1:18:C3,MEZANINO,12,301.73887825012207,B2-01,0,3
362,54:F0:B1:A1:18:C4,GDLAB,12,301.73887825012207,B2-01,0,3
363,54:F0:B1:A1:18:C5,LABPAD,12,301.73887825012207,B2-01,0,3
364,54:F0:B1:A1:18:D0,eduroam,22,301.73887825012207,B2-01,0,3
365,54:F0:B1:A1:18:D2,,27,301.73887825012207,B2-01,0,3
366,54:F0:B1:A1:18:D3,MEZANINO,30,301.73887825012207,B2-01,0,3
367,54:F0:B1:A1:18:D4,GDLAB,35,301.73887825012207,B2-01,0,3
368,54:F0:B1:A1:18:D5,LABPAD,35,301.73887825012207,B2-01,0,3
369,54:F0:B1:A1:57:F0,eduroam,17,301.73887825012207,B2-01,0,3
370,54:F0:B1:A1:57:F1,PoliSemFio,17,301.73887825012207,B2-01,0,3
371,54:F0:B1:A1:58:00,eduroam,42,301.73887825012207,B2-01,0,3
372,54:F0:B1:A1:58:01,PoliSemFio,40,301.73887825012207,B2-01,0,3
373,54:F0:B1:A1:58:02,,39,301.73887825012207,B2-01,0,3
374,54:F0:B1:A2:4A:70,eduroam,10,301.73887825012207,B2-01,0,3
375,54:F0:B1:A2:56:71,PoliSemFio,19,301.73887825012207,B2-01,0,3
376,54:F0:B1:A2:56:72,,27,301.73887825012207,B2-01,0,3
377,54:F0:B1:A2:57:30,eduroam,19,301.73887825012207,B2-01,0,3
378,54:F0:B1:A2:57:31,PoliSemFio,29,301.73887825012207,B2-01,0,3
379,54:F0:B1:A2:57:32,,29,301.73887825012207,B2-01,0,3
380,54:F0:B1:A2:57:33,LCA,20,301.73887825012207,B2-01,0,3
381,54:F0:B1:BB:5A:80,eduroam,44,301.73887825012207,B2-01,0,3
382,54:F0:B1:BB:5A:81,PoliSemFio,39,301.73887825012207,B2-01,0,3
383,54:F0:B1:BB:5A:82,HACKER,34,301.73887825012207,B2-01,0,3
384,54:F0:B1:BB:5A:83,LEP,15,301.73887825012207,B2-01,0,3
385,54:F0:B1:BB:BE:11,PoliSemFio,30,301.73887825012207,B2-01,0,3
386,54:F0:B1:BB:BE:12,,22,301.73887825012207,B2-01,0,3
387,54:F0:B1:BB:BE:13,CAEEL,29,301.73887825012207,B2-01,0,3
388,54:F0:B1:BB:C4:D0,eduroam,64,301.73887825012207,B2-01,0,3
389,54:F0:B1:BB:C4:D1,PoliSemFio,65,301.73887825012207,B2-01,0,3
390,54:F0:B1:BB:C4:D2,,65,301.73887825012207,B2-01,0,3
391,54:F0:B1:BB:C4:F0,eduroam,47,301.73887825012207,B2-01,0,3
392,54:F0:B1:BB:C4:F1,PoliSemFio,47,301.73887825012207,B2-01,0,3
393,54:F0:B1:BB:C4:F2,,44,301.73887825012207,B2-01,0,3
394,54:F0:B1:BB:C5:C0,eduroam,12,301.73887825012207,B2-01,0,3
395,54:F0:B1:BB:C5:C5,LABPAD,17,301.73887825012207,B2-01,0,3
396,54:F0:B1:BB:F3:20,eduroam,29,301.73887825012207,B2-01,0,3
397,54:F0:B1:BC:09:40,eduroam,89,301.73887825012207,B2-01,0,3
398,54:F0:B1:BC:09:41,PoliSemFio,80,301.73887825012207,B2-01,0,3
399,54:F0:B1:BC:09:42,,85,301.73887825012207,B2-01,0,3
400,54:F0:B1:BC:09:60,eduroam,72,301.73887825012207,B2-01,0,3
401,54:F0:B1:BC:09:61,PoliSemFio,72,301.73887825012207,B2-01,0,3
402,54:F0:B1:BC:1B:D0,eduroam,50,301.73887825012207,B2-01,0,3
403,54:F0:B1:BC:1B:D1,PoliSemFio,55,301.73887825012207,B2-01,0,3
404,54:F0:B1:BC:1B:D2,,55,301.73887825012207,B2-01,0,3
405,54:F0:B1:BC:1B:F0,eduroam,25,301.73887825012207,B2-01,0,3
406,54:F0:B1:BC:1B:F1,PoliSemFio,27,301.73887825012207,B2-01,0,3
407,54:F0:B1:BC:2E:92,,65,301.73887825012207,B2-01,0,3
408,54:F0:B1:BC:2E:B0,eduroam,32,301.73887825012207,B2-01,0,3
409,54:F0:B1:BC:2E:B1,PoliSemFio,34,301.73887825012207,B2-01,0,3
410,54:F0:B1:BC:2E:B2,,25,301.73887825012207,B2-01,0,3
411,54:F0:B1:BC:2F:50,eduroam,15,301.73887825012207,B2-01,0,3
412,54:F0:B1:BC:3F:10,eduroam,24,301.73887825012207,B2-01,0,3
413,54:F0:B1:BC:3F:11,PoliSemFio,37,301.73887825012207,B2-01,0,3
414,54:F0:B1:BC:3F:12,,40,301.73887825012207,B2-01,0,3
415,54:F0:B1:BC:70:00,eduroam,57,301.73887825012207,B2-01,0,3
416,54:F0:B1:BC:70:01,PoliSemFio,50,301.73887825012207,B2-01,0,3
417,54:F0:B1:BC:70:20,eduroam,24,301.73887825012207,B2-01,0,3
418,54:F0:B1:BC:70:21,PoliSemFio,9,301.73887825012207,B2-01,0,3
419,54:F0:B1:BC:77:80,eduroam,35,301.73887825012207,B2-01,0,3
420,54:F0:B1:BC:77:81,PoliSemFio,54,301.73887825012207,B2-01,0,3
421,54:F0:B1:BC:77:82,,52,301.73887825012207,B2-01,0,3
422,54:F0:B1:BC:77:A0,eduroam,20,301.73887825012207,B2-01,0,3
423,54:F0:B1:BC:77:A1,PoliSemFio,20,301.73887825012207,B2-01,0,3
424,54:F0:B1:BC:77:A2,,20,301.73887825012207,B2-01,0,3
425,56:60:F9:A3:E7:3F,,34,301.73887825012207,B2-01,0,3
426,68:FF:7B:47:78:BE,C1-22M,50,301.73887825012207,B2-01,0,3
427,70:62:B8:6E:72:A0,PCS-wireless-C1-13,30,301.73887825012207,B2-01,0,3
428,70:62:B8:6E:72:A1,PPGEE,32,301.73887825012207,B2-01,0,3
429,84:D4:7E:06:4F:E0,eduroam,57,301.73887825012207,B2-01,0,3
430,84:D4:7E:06:4F:E1,PoliSemFio,54,301.73887825012207,B2-01,0,3
431,84:D4:7E:06:4F:E2,,54,301.73887825012207,B2-01,0,3
432,84:D4:7E:06:4F:F0,eduroam,14,301.73887825012207,B2-01,0,3
433,84:D4:7E:06:4F:F1,PoliSemFio,10,301.73887825012207,B2-01,0,3
434,DC:9F:DB:1C:1F:D7,LWN-3,24,301.73887825012207,B2-01,0,3
435,DC:9F:DB:1C:1F:E0,LWN-3,40,301.73887825012207,B2-01,0,3
436,DE:9F:DB:1C:1F:D7,LARC Guest,39,301.73887825012207,B2-01,0,3
437,DE:9F:DB:1C:1F:E0,LARC Guest,39,301.73887825012207,B2-01,0,3
438,EE:9F:DB:1C:1F:D7,,24,301.73887825012207,B2-01,0,3
439,EE:9F:DB:1C:1F:E0,,40,301.73887825012207,B2-01,0,3
440,F8:1A:67:99:55:8E,NUCLEAR_CHF,20,301.73887825012207,B2-01,0,3
441,FE:9F:DB:1C:1F:E0,,30,301.73887825012207,B2-01,0,3
442,00:21:91:70:9D:EC,LAB-DIDATICO,20,304.3971149921417,B2-01,0,3
443,34:60:F9:A3:D9:14,GASWIFI-2G_C2,27,304.3971149921417,B2-01,0,3
444,34:60:F9:A3:E7:3F,GASWIFI_C4,37,304.3971149921417,B2-01,0,3
445,34:CE:00:51:3E:6F,Lab,74,304.3971149921417,B2-01,0,3
446,34:CE:00:51:3E:70,Lab_5G,14,304.3971149921417,B2-01,0,3
447,54:B8:0A:AA:2C:8C,LAB_DIGITAL,37,304.3971149921417,B2-01,0,3
448,54:B8:0A:AA:2C:8D,PCS-Wireless,40,304.3971149921417,B2-01,0,3
449,54:F0:B1:A1:18:C0,eduroam,14,304.3971149921417,B2-01,0,3
450,54:F0:B1:A1:18:C1,PoliSemFio,14,304.3971149921417,B2-01,0,3
451,54:F0:B1:A1:18:C3,MEZANINO,12,304.3971149921417,B2-01,0,3
452,54:F0:B1:A1:18:C4,GDLAB,12,304.3971149921417,B2-01,0,3
453,54:F0:B1:A1:18:C5,LABPAD,12,304.3971149921417,B2-01,0,3
454,54:F0:B1:A1:18:D0,eduroam,22,304.3971149921417,B2-01,0,3
455,54:F0:B1:A1:18:D2,,27,304.3971149921417,B2-01,0,3
456,54:F0:B1:A1:18:D3,MEZANINO,30,304.3971149921417,B2-01,0,3
457,54:F0:B1:A1:18:D4,GDLAB,35,304.3971149921417,B2-01,0,3
458,54:F0:B1:A1:18:D5,LABPAD,35,304.3971149921417,B2-01,0,3
459,54:F0:B1:A1:57:F0,eduroam,17,304.3971149921417,B2-01,0,3
460,54:F0:B1:A1:57:F1,PoliSemFio,17,304.3971149921417,B2-01,0,3
461,54:F0:B1:A1:58:00,eduroam,42,304.3971149921417,B2-01,0,3
462,54:F0:B1:A1:58:01,PoliSemFio,40,304.3971149921417,B2-01,0,3
463,54:F0:B1:A1:58:02,,39,304.3971149921417,B2-01,0,3
464,54:F0:B1:A2:4A:70,eduroam,10,304.3971149921417,B2-01,0,3
465,54:F0:B1:A2:56:71,PoliSemFio,19,304.3971149921417,B2-01,0,3
466,54:F0:B1:A2:56:72,,27,304.3971149921417,B2-01,0,3
467,54:F0:B1:A2:57:30,eduroam,19,304.3971149921417,B2-01,0,3
468,54:F0:B1:A2:57:31,PoliSemFio,29,304.3971149921417,B2-01,0,3
469,54:F0:B1:A2:57:32,,29,304.3971149921417,B2-01,0,3
470,54:F0:B1:A2:57:33,LCA,20,304.3971149921417,B2-01,0,3
471,54:F0:B1:BB:5A:80,eduroam,44,304.3971149921417,B2-01,0,3
472,54:F0:B1:BB:5A:81,PoliSemFio,39,304.3971149921417,B2-01,0,3
473,54:F0:B1:BB:5A:82,HACKER,34,304.3971149921417,B2-01,0,3
474,54:F0:B1:BB:5A:83,LEP,15,304.3971149921417,B2-01,0,3
475,54:F0:B1:BB:BE:11,PoliSemFio,30,304.3971149921417,B2-01,0,3
476,54:F0:B1:BB:BE:12,,22,304.3971149921417,B2-01,0,3
477,54:F0:B1:BB:BE:13,CAEEL,29,304.3971149921417,B2-01,0,3
478,54:F0:B1:BB:C4:D0,eduroam,64,304.3971149921417,B2-01,0,3
479,54:F0:B1:BB:C4:D1,PoliSemFio,65,304.3971149921417,B2-01,0,3
480,54:F0:B1:BB:C4:D2,,65,304.3971149921417,B2-01,0,3
481,54:F0:B1:BB:C4:F0,eduroam,47,304.3971149921417,B2-01,0,3
482,54:F0:B1:BB:C4:F1,PoliSemFio,47,304.3971149921417,B2-01,0,3
483,54:F0:B1:BB:C4:F2,,44,304.3971149921417,B2-01,0,3
484,54:F0:B1:BB:C5:C0,eduroam,12,304.3971149921417,B2-01,0,3
485,54:F0:B1:BB:C5:C5,LABPAD,17,304.3971149921417,B2-01,0,3
486,54:F0:B1:BB:F3:20,eduroam,29,304.3971149921417,B2-01,0,3
487,54:F0:B1:BC:09:40,eduroam,89,304.3971149921417,B2-01,0,3
488,54:F0:B1:BC:09:41,PoliSemFio,80,304.3971149921417,B2-01,0,3
489,54:F0:B1:BC:09:42,,85,304.3971149921417,B2-01,0,3
490,54:F0:B1:BC:09:60,eduroam,65,304.3971149921417,B2-01,0,3
491,54:F0:B1:BC:09:61,PoliSemFio,72,304.3971149921417,B2-01,0,3
492,54:F0:B1:BC:1B:D0,eduroam,50,304.3971149921417,B2-01,0,3
493,54:F0:B1:BC:1B:D1,PoliSemFio,55,304.3971149921417,B2-01,0,3
494,54:F0:B1:BC:1B:D2,,55,304.3971149921417,B2-01,0,3
495,54:F0:B1:BC:1B:F0,eduroam,25,304.3971149921417,B2-01,0,3
496,54:F0:B1:BC:1B:F1,PoliSemFio,27,304.3971149921417,B2-01,0,3
497,54:F0:B1:BC:2E:92,,65,304.3971149921417,B2-01,0,3
498,54:F0:B1:BC:2E:B0,eduroam,32,304.3971149921417,B2-01,0,3
499,54:F0:B1:BC:2E:B1,PoliSemFio,34,304.3971149921417,B2-01,0,3
500,54:F0:B1:BC:2E:B2,,25,304.3971149921417,B2-01,0,3
501,54:F0:B1:BC:2F:50,eduroam,15,304.3971149921417,B2-01,0,3
502,54:F0:B1:BC:3F:10,eduroam,24,304.3971149921417,B2-01,0,3
503,54:F0:B1:BC:3F:11,PoliSemFio,37,304.3971149921417,B2-01,0,3
504,54:F0:B1:BC:3F:12,,40,304.3971149921417,B2-01,0,3
505,54:F0:B1:BC:70:00,eduroam,57,304.3971149921417,B2-01,0,3
506,54:F0:B1:BC:70:01,PoliSemFio,50,304.3971149921417,B2-01,0,3
507,54:F0:B1:BC:70:20,eduroam,24,304.3971149921417,B2-01,0,3
508,54:F0:B1:BC:70:21,PoliSemFio,9,304.3971149921417,B2-01,0,3
509,54:F0:B1:BC:77:80,eduroam,35,304.3971149921417,B2-01,0,3
510,54:F0:B1:BC:77:81,PoliSemFio,54,304.3971149921417,B2-01,0,3
511,54:F0:B1:BC:77:82,,52,304.3971149921417,B2-01,0,3
512,54:F0:B1:BC:77:A0,eduroam,20,304.3971149921417,B2-01,0,3
513,54:F0:B1:BC:77:A1,PoliSemFio,20,304.3971149921417,B2-01,0,3
514,54:F0:B1:BC:77:A2,,20,304.3971149921417,B2-01,0,3
515,56:60:F9:A3:E7:3F,,34,304.3971149921417,B2-01,0,3
516,68:FF:7B:47:78:BE,C1-22M,50,304.3971149921417,B2-01,0,3
517,70:62:B8:6E:72:A0,PCS-wireless-C1-13,30,304.3971149921417,B2-01,0,3
518,70:62:B8:6E:72:A1,PPGEE,32,304.3971149921417,B2-01,0,3
519,84:D4:7E:06:4F:E0,eduroam,57,304.3971149921417,B2-01,0,3
520,84:D4:7E:06:4F:E1,PoliSemFio,54,304.3971149921417,B2-01,0,3
521,84:D4:7E:06:4F:E2,,54,304.3971149921417,B2-01,0,3
522,84:D4:7E:06:4F:F0,eduroam,14,304.3971149921417,B2-01,0,3
523,84:D4:7E:06:4F:F1,PoliSemFio,10,304.3971149921417,B2-01,0,3
524,DC:9F:DB:1C:1F:D7,LWN-3,24,304.3971149921417,B2-01,0,3
525,DC:9F:DB:1C:1F:E0,LWN-3,40,304.3971149921417,B2-01,0,3
526,DE:9F:DB:1C:1F:D7,LARC Guest,39,304.3971149921417,B2-01,0,3
527,DE:9F:DB:1C:1F:E0,LARC Guest,39,304.3971149921417,B2-01,0,3
528,EE:9F:DB:1C:1F:D7,,24,304.3971149921417,B2-01,0,3
529,EE:9F:DB:1C:1F:E0,,40,304.3971149921417,B2-01,0,3
530,F8:1A:67:99:55:8E,NUCLEAR_CHF,20,304.3971149921417,B2-01,0,3
531,FE:9F:DB:1C:1F:E0,,30,304.3971149921417,B2-01,0,3
532,00:21:91:70:9D:EC,LAB-DIDATICO,20,310.65887904167175,B2-01,0,3
533,34:60:F9:A3:D9:14,GASWIFI-2G_C2,27,310.65887904167175,B2-01,0,3
534,34:60:F9:A3:E7:3F,GASWIFI_C4,37,310.65887904167175,B2-01,0,3
535,34:CE:00:51:3E:6F,Lab,49,310.65887904167175,B2-01,0,3
536,34:CE:00:51:3E:70,Lab_5G,27,310.65887904167175,B2-01,0,3
537,54:B8:0A:AA:2C:8C,LAB_DIGITAL,37,310.65887904167175,B2-01,0,3
538,54:B8:0A:AA:2C:8D,PCS-Wireless,40,310.65887904167175,B2-01,0,3
539,54:F0:B1:A1:18:C0,eduroam,12,310.65887904167175,B2-01,0,3
540,54:F0:B1:A1:18:C1,PoliSemFio,12,310.65887904167175,B2-01,0,3
541,54:F0:B1:A1:18:C3,MEZANINO,12,310.65887904167175,B2-01,0,3
542,54:F0:B1:A1:18:C4,GDLAB,12,310.65887904167175,B2-01,0,3
543,54:F0:B1:A1:18:C5,LABPAD,12,310.65887904167175,B2-01,0,3
544,54:F0:B1:A1:18:D0,eduroam,22,310.65887904167175,B2-01,0,3
545,54:F0:B1:A1:18:D2,,27,310.65887904167175,B2-01,0,3
546,54:F0:B1:A1:18:D3,MEZANINO,30,310.65887904167175,B2-01,0,3
547,54:F0:B1:A1:18:D4,GDLAB,22,310.65887904167175,B2-01,0,3
548,54:F0:B1:A1:18:D5,LABPAD,35,310.65887904167175,B2-01,0,3
549,54:F0:B1:A1:57:F0,eduroam,25,310.65887904167175,B2-01,0,3
550,54:F0:B1:A1:57:F1,PoliSemFio,25,310.65887904167175,B2-01,0,3
551,54:F0:B1:A1:58:00,eduroam,42,310.65887904167175,B2-01,0,3
552,54:F0:B1:A1:58:01,PoliSemFio,47,310.65887904167175,B2-01,0,3
553,54:F0:B1:A1:58:02,,47,310.65887904167175,B2-01,0,3
554,54:F0:B1:A2:4A:70,eduroam,10,310.65887904167175,B2-01,0,3
555,54:F0:B1:A2:56:71,PoliSemFio,19,310.65887904167175,B2-01,0,3
556,54:F0:B1:A2:56:72,,29,310.65887904167175,B2-01,0,3
557,54:F0:B1:A2:57:30,eduroam,19,310.65887904167175,B2-01,0,3
558,54:F0:B1:A2:57:31,PoliSemFio,29,310.65887904167175,B2-01,0,3
559,54:F0:B1:A2:57:32,,29,310.65887904167175,B2-01,0,3
560,54:F0:B1:A2:57:33,LCA,20,310.65887904167175,B2-01,0,3
561,54:F0:B1:BB:5A:80,eduroam,44,310.65887904167175,B2-01,0,3
562,54:F0:B1:BB:5A:81,PoliSemFio,39,310.65887904167175,B2-01,0,3
563,54:F0:B1:BB:5A:82,HACKER,34,310.65887904167175,B2-01,0,3
564,54:F0:B1:BB:5A:83,LEP,15,310.65887904167175,B2-01,0,3
565,54:F0:B1:BB:5A:A0,eduroam,14,310.65887904167175,B2-01,0,3
566,54:F0:B1:BB:5A:A1,PoliSemFio,15,310.65887904167175,B2-01,0,3
567,54:F0:B1:BB:BE:10,eduroam,34,310.65887904167175,B2-01,0,3
568,54:F0:B1:BB:BE:11,PoliSemFio,30,310.65887904167175,B2-01,0,3
569,54:F0:B1:BB:BE:12,,22,310.65887904167175,B2-01,0,3
570,54:F0:B1:BB:BE:13,CAEEL,29,310.65887904167175,B2-01,0,3
571,54:F0:B1:BB:C4:D0,eduroam,65,310.65887904167175,B2-01,0,3
572,54:F0:B1:BB:C4:D1,PoliSemFio,64,310.65887904167175,B2-01,0,3
573,54:F0:B1:BB:C4:D2,,62,310.65887904167175,B2-01,0,3
574,54:F0:B1:BB:C4:F0,eduroam,45,310.65887904167175,B2-01,0,3
575,54:F0:B1:BB:C4:F1,PoliSemFio,47,310.65887904167175,B2-01,0,3
576,54:F0:B1:BB:C4:F2,,44,310.65887904167175,B2-01,0,3
577,54:F0:B1:BB:C5:C0,eduroam,12,310.65887904167175,B2-01,0,3
578,54:F0:B1:BB:C5:C5,LABPAD,17,310.65887904167175,B2-01,0,3
579,54:F0:B1:BB:F3:20,eduroam,29,310.65887904167175,B2-01,0,3
580,54:F0:B1:BC:09:40,eduroam,82,310.65887904167175,B2-01,0,3
581,54:F0:B1:BC:09:41,PoliSemFio,84,310.65887904167175,B2-01,0,3
582,54:F0:B1:BC:09:42,,84,310.65887904167175,B2-01,0,3
583,54:F0:B1:BC:09:60,eduroam,76,310.65887904167175,B2-01,0,3
584,54:F0:B1:BC:09:61,PoliSemFio,84,310.65887904167175,B2-01,0,3
585,54:F0:B1:BC:1B:D0,eduroam,57,310.65887904167175,B2-01,0,3
586,54:F0:B1:BC:1B:D1,PoliSemFio,64,310.65887904167175,B2-01,0,3
587,54:F0:B1:BC:1B:D2,,55,310.65887904167175,B2-01,0,3
588,54:F0:B1:BC:1B:F0,eduroam,27,310.65887904167175,B2-01,0,3
589,54:F0:B1:BC:1B:F1,PoliSemFio,25,310.65887904167175,B2-01,0,3
590,54:F0:B1:BC:2E:91,PoliSemFio,75,310.65887904167175,B2-01,0,3
591,54:F0:B1:BC:2E:92,,77,310.65887904167175,B2-01,0,3
592,54:F0:B1:BC:2E:B0,eduroam,32,310.65887904167175,B2-01,0,3
593,54:F0:B1:BC:2E:B1,PoliSemFio,32,310.65887904167175,B2-01,0,3
594,54:F0:B1:BC:2E:B2,,25,310.65887904167175,B2-01,0,3
595,54:F0:B1:BC:2F:50,eduroam,15,310.65887904167175,B2-01,0,3
596,54:F0:B1:BC:3F:10,eduroam,24,310.65887904167175,B2-01,0,3
597,54:F0:B1:BC:3F:11,PoliSemFio,37,310.65887904167175,B2-01,0,3
598,54:F0:B1:BC:3F:12,,40,310.65887904167175,B2-01,0,3
599,54:F0:B1:BC:70:00,eduroam,55,310.65887904167175,B2-01,0,3
600,54:F0:B1:BC:70:01,PoliSemFio,50,310.65887904167175,B2-01,0,3
601,54:F0:B1:BC:70:20,eduroam,14,310.65887904167175,B2-01,0,3
602,54:F0:B1:BC:70:21,PoliSemFio,15,310.65887904167175,B2-01,0,3
603,54:F0:B1:BC:77:80,eduroam,35,310.65887904167175,B2-01,0,3
604,54:F0:B1:BC:77:81,PoliSemFio,54,310.65887904167175,B2-01,0,3
605,54:F0:B1:BC:77:82,,34,310.65887904167175,B2-01,0,3
606,54:F0:B1:BC:77:A0,eduroam,29,310.65887904167175,B2-01,0,3
607,54:F0:B1:BC:77:A1,PoliSemFio,30,310.65887904167175,B2-01,0,3
608,54:F0:B1:BC:77:A2,,20,310.65887904167175,B2-01,0,3
609,56:60:F9:A3:E7:3F,,34,310.65887904167175,B2-01,0,3
610,68:FF:7B:47:78:BE,C1-22M,50,310.65887904167175,B2-01,0,3
611,70:62:B8:6E:72:A0,PCS-wireless-C1-13,30,310.65887904167175,B2-01,0,3
612,70:62:B8:6E:72:A1,PPGEE,12,310.65887904167175,B2-01,0,3
613,84:D4:7E:06:4F:E0,eduroam,47,310.65887904167175,B2-01,0,3
614,84:D4:7E:06:4F:E1,PoliSemFio,54,310.65887904167175,B2-01,0,3
615,84:D4:7E:06:4F:E2,,54,310.65887904167175,B2-01,0,3
616,84:D4:7E:06:4F:F0,eduroam,14,310.65887904167175,B2-01,0,3
617,84:D4:7E:06:4F:F1,PoliSemFio,10,310.65887904167175,B2-01,0,3
618,DC:9F:DB:1C:1F:D7,LWN-3,24,310.65887904167175,B2-01,0,3
619,DC:9F:DB:1C:1F:E0,LWN-3,40,310.65887904167175,B2-01,0,3
620,DE:9F:DB:1C:1F:D7,LARC Guest,39,310.65887904167175,B2-01,0,3
621,DE:9F:DB:1C:1F:E0,LARC Guest,29,310.65887904167175,B2-01,0,3
622,EE:9F:DB:1C:1F:D7,,24,310.65887904167175,B2-01,0,3
623,EE:9F:DB:1C:1F:E0,,40,310.65887904167175,B2-01,0,3
624,F8:1A:67:99:55:8E,NUCLEAR_CHF,20,310.65887904167175,B2-01,0,3
625,FE:9F:DB:1C:1F:E0,,30,310.65887904167175,B2-01,0,3
626,00:21:91:70:9D:EC,LAB-DIDATICO,20,316.9910283088684,B2-01,0,3
627,34:60:F9:A3:D9:14,GASWIFI-2G_C2,25,316.9910283088684,B2-01,0,3
628,34:60:F9:A3:E7:3F,GASWIFI_C4,37,316.9910283088684,B2-01,0,3
629,34:CE:00:51:3E:6F,Lab,64,316.9910283088684,B2-01,0,3
630,34:CE:00:51:3E:70,Lab_5G,22,316.9910283088684,B2-01,0,3
631,54:B8:0A:AA:2C:8C,LAB_DIGITAL,37,316.9910283088684,B2-01,0,3
632,54:B8:0A:AA:2C:8D,PCS-Wireless,49,316.9910283088684,B2-01,0,3
633,54:F0:B1:A1:18:C0,eduroam,9,316.9910283088684,B2-01,0,3
634,54:F0:B1:A1:18:C1,PoliSemFio,10,316.9910283088684,B2-01,0,3
635,54:F0:B1:A1:18:C3,MEZANINO,12,316.9910283088684,B2-01,0,3
636,54:F0:B1:A1:18:C4,GDLAB,12,316.9910283088684,B2-01,0,3
637,54:F0:B1:A1:18:C5,LABPAD,9,316.9910283088684,B2-01,0,3
638,54:F0:B1:A1:18:D0,eduroam,35,316.9910283088684,B2-01,0,3
639,54:F0:B1:A1:18:D1,PoliSemFio,29,316.9910283088684,B2-01,0,3
640,54:F0:B1:A1:18:D2,,29,316.9910283088684,B2-01,0,3
641,54:F0:B1:A1:18:D3,MEZANINO,30,316.9910283088684,B2-01,0,3
642,54:F0:B1:A1:18:D4,GDLAB,35,316.9910283088684,B2-01,0,3
643,54:F0:B1:A1:18:D5,LABPAD,35,316.9910283088684,B2-01,0,3
644,54:F0:B1:A1:57:F0,eduroam,25,316.9910283088684,B2-01,0,3
645,54:F0:B1:A1:57:F1,PoliSemFio,25,316.9910283088684,B2-01,0,3
646,54:F0:B1:A1:58:00,eduroam,29,316.9910283088684,B2-01,0,3
647,54:F0:B1:A1:58:01,PoliSemFio,29,316.9910283088684,B2-01,0,3
648,54:F0:B1:A1:58:02,,47,316.9910283088684,B2-01,0,3
649,54:F0:B1:A2:4A:70,eduroam,10,316.9910283088684,B2-01,0,3
650,54:F0:B1:A2:56:71,PoliSemFio,19,316.9910283088684,B2-01,0,3
651,54:F0:B1:A2:56:72,,29,316.9910283088684,B2-01,0,3
652,54:F0:B1:A2:57:30,eduroam,19,316.9910283088684,B2-01,0,3
653,54:F0:B1:A2:57:31,PoliSemFio,29,316.9910283088684,B2-01,0,3
654,54:F0:B1:A2:57:32,,29,316.9910283088684,B2-01,0,3
655,54:F0:B1:A2:57:33,LCA,15,316.9910283088684,B2-01,0,3
656,54:F0:B1:BB:5A:82,HACKER,34,316.9910283088684,B2-01,0,3
657,54:F0:B1:BB:5A:83,LEP,15,316.9910283088684,B2-01,0,3
658,54:F0:B1:BB:5A:A0,eduroam,14,316.9910283088684,B2-01,0,3
659,54:F0:B1:BB:5A:A1,PoliSemFio,15,316.9910283088684,B2-01,0,3
660,54:F0:B1:BB:BE:10,eduroam,34,316.9910283088684,B2-01,0,3
661,54:F0:B1:BB:BE:11,PoliSemFio,30,316.9910283088684,B2-01,0,3
662,54:F0:B1:BB:BE:12,,22,316.9910283088684,B2-01,0,3
663,54:F0:B1:BB:BE:13,CAEEL,17,316.9910283088684,B2-01,0,3
664,54:F0:B1:BB:C4:D0,eduroam,79,316.9910283088684,B2-01,0,3
665,54:F0:B1:BB:C4:D1,PoliSemFio,82,316.9910283088684,B2-01,0,3
666,54:F0:B1:BB:C4:D2,,62,316.9910283088684,B2-01,0,3
667,54:F0:B1:BB:C4:F0,eduroam,40,316.9910283088684,B2-01,0,3
668,54:F0:B1:BB:C4:F1,PoliSemFio,40,316.9910283088684,B2-01,0,3
669,54:F0:B1:BB:C5:C0,eduroam,12,316.9910283088684,B2-01,0,3
670,54:F0:B1:BB:C5:C5,LABPAD,17,316.9910283088684,B2-01,0,3
671,54:F0:B1:BB:F3:20,eduroam,32,316.9910283088684,B2-01,0,3
672,54:F0:B1:BC:09:40,eduroam,79,316.9910283088684,B2-01,0,3
673,54:F0:B1:BC:09:41,PoliSemFio,79,316.9910283088684,B2-01,0,3
674,54:F0:B1:BC:09:42,,84,316.9910283088684,B2-01,0,3
675,54:F0:B1:BC:09:60,eduroam,74,316.9910283088684,B2-01,0,3
676,54:F0:B1:BC:09:61,PoliSemFio,72,316.9910283088684,B2-01,0,3
677,54:F0:B1:BC:1B:D0,eduroam,57,316.9910283088684,B2-01,0,3
678,54:F0:B1:BC:1B:D1,PoliSemFio,64,316.9910283088684,B2-01,0,3
679,54:F0:B1:BC:1B:D2,,55,316.9910283088684,B2-01,0,3
680,54:F0:B1:BC:1B:F0,eduroam,39,316.9910283088684,B2-01,0,3
681,54:F0:B1:BC:1B:F1,PoliSemFio,40,316.9910283088684,B2-01,0,3
682,54:F0:B1:BC:2E:90,eduroam,79,316.9910283088684,B2-01,0,3
683,54:F0:B1:BC:2E:91,PoliSemFio,84,316.9910283088684,B2-01,0,3
684,54:F0:B1:BC:2E:92,,77,316.9910283088684,B2-01,0,3
685,54:F0:B1:BC:2E:B0,eduroam,25,316.9910283088684,B2-01,0,3
686,54:F0:B1:BC:2E:B1,PoliSemFio,25,316.9910283088684,B2-01,0,3
687,54:F0:B1:BC:2F:50,eduroam,19,316.9910283088684,B2-01,0,3
688,54:F0:B1:BC:3F:10,eduroam,24,316.9910283088684,B2-01,0,3
689,54:F0:B1:BC:70:00,eduroam,59,316.9910283088684,B2-01,0,3
690,54:F0:B1:BC:70:01,PoliSemFio,54,316.9910283088684,B2-01,0,3
691,54:F0:B1:BC:70:20,eduroam,10,316.9910283088684,B2-01,0,3
692,54:F0:B1:BC:70:21,PoliSemFio,12,316.9910283088684,B2-01,0,3
693,54:F0:B1:BC:77:81,PoliSemFio,54,316.9910283088684,B2-01,0,3
694,54:F0:B1:BC:77:82,,34,316.9910283088684,B2-01,0,3
695,54:F0:B1:BC:77:A0,eduroam,24,316.9910283088684,B2-01,0,3
696,54:F0:B1:BC:77:A1,PoliSemFio,25,316.9910283088684,B2-01,0,3
697,54:F0:B1:BC:77:A2,,20,316.9910283088684,B2-01,0,3
698,56:60:F9:A3:E7:3F,,34,316.9910283088684,B2-01,0,3
699,68:FF:7B:47:78:BE,C1-22M,7,316.9910283088684,B2-01,0,3
700,70:62:B8:6E:72:A0,PCS-wireless-C1-13,37,316.9910283088684,B2-01,0,3
701,70:62:B8:6E:72:A1,PPGEE,35,316.9910283088684,B2-01,0,3
702,84:D4:7E:06:4F:E0,eduroam,47,316.9910283088684,B2-01,0,3
703,84:D4:7E:06:4F:E1,PoliSemFio,54,316.9910283088684,B2-01,0,3
704,84:D4:7E:06:4F:E2,,54,316.9910283088684,B2-01,0,3
705,84:D4:7E:06:4F:F0,eduroam,14,316.9910283088684,B2-01,0,3
706,84:D4:7E:06:4F:F1,PoliSemFio,10,316.9910283088684,B2-01,0,3
707,DC:9F:DB:1C:1F:D7,LWN-3,34,316.9910283088684,B2-01,0,3
708,DC:9F:DB:1C:1F:E0,LWN-3,40,316.9910283088684,B2-01,0,3
709,DE:9F:DB:1C:1F:D7,LARC Guest,39,316.9910283088684,B2-01,0,3
710,DE:9F:DB:1C:1F:E0,LARC Guest,29,316.9910283088684,B2-01,0,3
711,EE:9F:DB:1C:1F:D7,,35,316.9910283088684,B2-01,0,3
712,EE:9F:DB:1C:1F:E0,,34,316.9910283088684,B2-01,0,3
713,F8:1A:67:99:55:8E,NUCLEAR_CHF,20,316.9910283088684,B2-01,0,3
714,FE:9F:DB:1C:1F:E0,,30,316.9910283088684,B2-01,0,3
715,00:21:91:70:9D:EC,LAB-DIDATICO,20,323.2864465713501,B2-01,0,3
716,34:60:F9:A3:D9:14,GASWIFI-2G_C2,25,323.2864465713501,B2-01,0,3
717,34:60:F9:A3:E7:3F,GASWIFI_C4,37,323.2864465713501,B2-01,0,3
718,34:CE:00:51:3E:6F,Lab,64,323.2864465713501,B2-01,0,3
719,34:CE:00:51:3E:70,Lab_5G,22,323.2864465713501,B2-01,0,3
720,54:B8:0A:AA:2C:8C,LAB_DIGITAL,37,323.2864465713501,B2-01,0,3
721,54:B8:0A:AA:2C:8D,PCS-Wireless,49,323.2864465713501,B2-01,0,3
722,54:F0:B1:A1:18:C0,eduroam,9,323.2864465713501,B2-01,0,3
723,54:F0:B1:A1:18:C1,PoliSemFio,10,323.2864465713501,B2-01,0,3
724,54:F0:B1:A1:18:C3,MEZANINO,12,323.2864465713501,B2-01,0,3
725,54:F0:B1:A1:18:C4,GDLAB,12,323.2864465713501,B2-01,0,3
726,54:F0:B1:A1:18:C5,LABPAD,9,323.2864465713501,B2-01,0,3
727,54:F0:B1:A1:18:D0,eduroam,35,323.2864465713501,B2-01,0,3
728,54:F0:B1:A1:18:D1,PoliSemFio,29,323.2864465713501,B2-01,0,3
729,54:F0:B1:A1:18:D2,,29,323.2864465713501,B2-01,0,3
730,54:F0:B1:A1:18:D3,MEZANINO,30,323.2864465713501,B2-01,0,3
731,54:F0:B1:A1:18:D4,GDLAB,35,323.2864465713501,B2-01,0,3
732,54:F0:B1:A1:18:D5,LABPAD,35,323.2864465713501,B2-01,0,3
733,54:F0:B1:A1:57:F0,eduroam,25,323.2864465713501,B2-01,0,3
734,54:F0:B1:A1:57:F1,PoliSemFio,25,323.2864465713501,B2-01,0,3
735,54:F0:B1:A1:58:00,eduroam,29,323.2864465713501,B2-01,0,3
736,54:F0:B1:A1:58:01,PoliSemFio,29,323.2864465713501,B2-01,0,3
737,54:F0:B1:A1:58:02,,47,323.2864465713501,B2-01,0,3
738,54:F0:B1:A2:4A:70,eduroam,10,323.2864465713501,B2-01,0,3
739,54:F0:B1:A2:56:71,PoliSemFio,19,323.2864465713501,B2-01,0,3
740,54:F0:B1:A2:56:72,,29,323.2864465713501,B2-01,0,3
741,54:F0:B1:A2:57:30,eduroam,19,323.2864465713501,B2-01,0,3
742,54:F0:B1:A2:57:31,PoliSemFio,29,323.2864465713501,B2-01,0,3
743,54:F0:B1:A2:57:32,,29,323.2864465713501,B2-01,0,3
744,54:F0:B1:A2:57:33,LCA,15,323.2864465713501,B2-01,0,3
745,54:F0:B1:BB:5A:82,HACKER,34,323.2864465713501,B2-01,0,3
746,54:F0:B1:BB:5A:83,LEP,15,323.2864465713501,B2-01,0,3
747,54:F0:B1:BB:5A:A0,eduroam,14,323.2864465713501,B2-01,0,3
748,54:F0:B1:BB:5A:A1,PoliSemFio,15,323.2864465713501,B2-01,0,3
749,54:F0:B1:BB:BE:10,eduroam,34,323.2864465713501,B2-01,0,3
750,54:F0:B1:BB:BE:11,PoliSemFio,30,323.2864465713501,B2-01,0,3
751,54:F0:B1:BB:BE:12,,22,323.2864465713501,B2-01,0,3
752,54:F0:B1:BB:BE:13,CAEEL,17,323.2864465713501,B2-01,0,3
753,54:F0:B1:BB:C4:D0,eduroam,79,323.2864465713501,B2-01,0,3
754,54:F0:B1:BB:C4:D1,PoliSemFio,82,323.2864465713501,B2-01,0,3
755,54:F0:B1:BB:C4:D2,,62,323.2864465713501,B2-01,0,3
756,54:F0:B1:BB:C4:F0,eduroam,40,323.2864465713501,B2-01,0,3
757,54:F0:B1:BB:C4:F1,PoliSemFio,40,323.2864465713501,B2-01,0,3
758,54:F0:B1:BB:C5:C0,eduroam,12,323.2864465713501,B2-01,0,3
759,54:F0:B1:BB:C5:C5,LABPAD,17,323.2864465713501,B2-01,0,3
760,54:F0:B1:BB:F3:20,eduroam,32,323.2864465713501,B2-01,0,3
761,54:F0:B1:BC:09:40,eduroam,79,323.2864465713501,B2-01,0,3
762,54:F0:B1:BC:09:41,PoliSemFio,79,323.2864465713501,B2-01,0,3
763,54:F0:B1:BC:09:42,,84,323.2864465713501,B2-01,0,3
764,54:F0:B1:BC:09:60,eduroam,72,323.2864465713501,B2-01,0,3
765,54:F0:B1:BC:09:61,PoliSemFio,72,323.2864465713501,B2-01,0,3
766,54:F0:B1:BC:1B:D0,eduroam,57,323.2864465713501,B2-01,0,3
767,54:F0:B1:BC:1B:D1,PoliSemFio,64,323.2864465713501,B2-01,0,3
768,54:F0:B1:BC:1B:D2,,55,323.2864465713501,B2-01,0,3
769,54:F0:B1:BC:1B:F0,eduroam,39,323.2864465713501,B2-01,0,3
770,54:F0:B1:BC:1B:F1,PoliSemFio,40,323.2864465713501,B2-01,0,3
771,54:F0:B1:BC:2E:90,eduroam,79,323.2864465713501,B2-01,0,3
772,54:F0:B1:BC:2E:91,PoliSemFio,84,323.2864465713501,B2-01,0,3
773,54:F0:B1:BC:2E:92,,77,323.2864465713501,B2-01,0,3
774,54:F0:B1:BC:2E:B0,eduroam,25,323.2864465713501,B2-01,0,3
775,54:F0:B1:BC:2E:B1,PoliSemFio,25,323.2864465713501,B2-01,0,3
776,54:F0:B1:BC:2F:50,eduroam,19,323.2864465713501,B2-01,0,3
777,54:F0:B1:BC:3F:10,eduroam,24,323.2864465713501,B2-01,0,3
778,54:F0:B1:BC:70:00,eduroam,59,323.2864465713501,B2-01,0,3
779,54:F0:B1:BC:70:01,PoliSemFio,54,323.2864465713501,B2-01,0,3
780,54:F0:B1:BC:70:20,eduroam,10,323.2864465713501,B2-01,0,3
781,54:F0:B1:BC:70:21,PoliSemFio,12,323.2864465713501,B2-01,0,3
782,54:F0:B1:BC:77:81,PoliSemFio,54,323.2864465713501,B2-01,0,3
783,54:F0:B1:BC:77:82,,34,323.2864465713501,B2-01,0,3
784,54:F0:B1:BC:77:A0,eduroam,24,323.2864465713501,B2-01,0,3
785,54:F0:B1:BC:77:A1,PoliSemFio,25,323.2864465713501,B2-01,0,3
786,54:F0:B1:BC:77:A2,,20,323.2864465713501,B2-01,0,3
787,56:60:F9:A3:E7:3F,,34,323.2864465713501,B2-01,0,3
788,68:FF:7B:47:78:BE,C1-22M,7,323.2864465713501,B2-01,0,3
789,70:62:B8:6E:72:A0,PCS-wireless-C1-13,37,323.2864465713501,B2-01,0,3
790,70:62:B8:6E:72:A1,PPGEE,35,323.2864465713501,B2-01,0,3
791,84:D4:7E:06:4F:E0,eduroam,47,323.2864465713501,B2-01,0,3
792,84:D4:7E:06:4F:E1,PoliSemFio,54,323.2864465713501,B2-01,0,3
793,84:D4:7E:06:4F:E2,,54,323.2864465713501,B2-01,0,3
794,84:D4:7E:06:4F:F0,eduroam,14,323.2864465713501,B2-01,0,3
795,84:D4:7E:06:4F:F1,PoliSemFio,10,323.2864465713501,B2-01,0,3
796,DC:9F:DB:1C:1F:D7,LWN-3,34,323.2864465713501,B2-01,0,3
797,DC:9F:DB:1C:1F:E0,LWN-3,40,323.2864465713501,B2-01,0,3
798,DE:9F:DB:1C:1F:D7,LARC Guest,39,323.2864465713501,B2-01,0,3
799,DE:9F:DB:1C:1F:E0,LARC Guest,29,323.2864465713501,B2-01,0,3
800,EE:9F:DB:1C:1F:D7,,35,323.2864465713501,B2-01,0,3
801,EE:9F:DB:1C:1F:E0,,34,323.2864465713501,B2-01,0,3
802,F8:1A:67:99:55:8E,NUCLEAR_CHF,20,323.2864465713501,B2-01,0,3
803,FE:9F:DB:1C:1F:E0,,30,323.2864465713501,B2-01,0,3
804,00:21:91:70:9D:EC,LAB-DIDATICO,22,325.9086899757385,B2-01,0,3
805,34:60:F9:A3:D9:14,GASWIFI-2G_C2,25,325.9086899757385,B2-01,0,3
806,34:60:F9:A3:E7:3F,GASWIFI_C4,37,325.9086899757385,B2-01,0,3
807,34:CE:00:51:3E:6F,Lab,47,325.9086899757385,B2-01,0,3
808,34:CE:00:51:3E:70,Lab_5G,32,325.9086899757385,B2-01,0,3
809,54:B8:0A:AA:2C:8D,PCS-Wireless,49,325.9086899757385,B2-01,0,3
810,54:F0:B1:A1:18:C0,eduroam,9,325.9086899757385,B2-01,0,3
811,54:F0:B1:A1:18:C1,PoliSemFio,10,325.9086899757385,B2-01,0,3
812,54:F0:B1:A1:18:C3,MEZANINO,12,325.9086899757385,B2-01,0,3
813,54:F0:B1:A1:18:C4,GDLAB,12,325.9086899757385,B2-01,0,3
814,54:F0:B1:A1:18:C5,LABPAD,9,325.9086899757385,B2-01,0,3
815,54:F0:B1:A1:18:D0,eduroam,35,325.9086899757385,B2-01,0,3
816,54:F0:B1:A1:18:D1,PoliSemFio,29,325.9086899757385,B2-01,0,3
817,54:F0:B1:A1:18:D2,,29,325.9086899757385,B2-01,0,3
818,54:F0:B1:A1:18:D3,MEZANINO,30,325.9086899757385,B2-01,0,3
819,54:F0:B1:A1:18:D4,GDLAB,35,325.9086899757385,B2-01,0,3
820,54:F0:B1:A1:57:F0,eduroam,19,325.9086899757385,B2-01,0,3
821,54:F0:B1:A1:57:F1,PoliSemFio,20,325.9086899757385,B2-01,0,3
822,54:F0:B1:A1:58:00,eduroam,42,325.9086899757385,B2-01,0,3
823,54:F0:B1:A1:58:01,PoliSemFio,40,325.9086899757385,B2-01,0,3
824,54:F0:B1:A1:58:02,,40,325.9086899757385,B2-01,0,3
825,54:F0:B1:A2:4A:70,eduroam,10,325.9086899757385,B2-01,0,3
826,54:F0:B1:A2:56:72,,29,325.9086899757385,B2-01,0,3
827,54:F0:B1:A2:57:30,eduroam,19,325.9086899757385,B2-01,0,3
828,54:F0:B1:A2:57:31,PoliSemFio,29,325.9086899757385,B2-01,0,3
829,54:F0:B1:A2:57:32,,29,325.9086899757385,B2-01,0,3
830,54:F0:B1:A2:57:33,LCA,15,325.9086899757385,B2-01,0,3
831,54:F0:B1:BB:5A:80,eduroam,39,325.9086899757385,B2-01,0,3
832,54:F0:B1:BB:5A:82,HACKER,39,325.9086899757385,B2-01,0,3
833,54:F0:B1:BB:5A:83,LEP,40,325.9086899757385,B2-01,0,3
834,54:F0:B1:BB:5A:A0,eduroam,14,325.9086899757385,B2-01,0,3
835,54:F0:B1:BB:5A:A1,PoliSemFio,15,325.9086899757385,B2-01,0,3
836,54:F0:B1:BB:BE:10,eduroam,34,325.9086899757385,B2-01,0,3
837,54:F0:B1:BB:BE:12,,27,325.9086899757385,B2-01,0,3
838,54:F0:B1:BB:BE:13,CAEEL,20,325.9086899757385,B2-01,0,3
839,54:F0:B1:BB:C4:D0,eduroam,59,325.9086899757385,B2-01,0,3
840,54:F0:B1:BB:C4:D1,PoliSemFio,59,325.9086899757385,B2-01,0,3
841,54:F0:B1:BB:C4:D2,,57,325.9086899757385,B2-01,0,3
842,54:F0:B1:BB:C4:F0,eduroam,39,325.9086899757385,B2-01,0,3
843,54:F0:B1:BB:C4:F1,PoliSemFio,39,325.9086899757385,B2-01,0,3
844,54:F0:B1:BB:F3:20,eduroam,32,325.9086899757385,B2-01,0,3
845,54:F0:B1:BC:09:40,eduroam,95,325.9086899757385,B2-01,0,3
846,54:F0:B1:BC:09:41,PoliSemFio,89,325.9086899757385,B2-01,0,3
847,54:F0:B1:BC:09:42,,84,325.9086899757385,B2-01,0,3
848,54:F0:B1:BC:09:60,eduroam,69,325.9086899757385,B2-01,0,3
849,54:F0:B1:BC:09:61,PoliSemFio,69,325.9086899757385,B2-01,0,3
850,54:F0:B1:BC:1B:D0,eduroam,57,325.9086899757385,B2-01,0,3
851,54:F0:B1:BC:1B:D1,PoliSemFio,64,325.9086899757385,B2-01,0,3
852,54:F0:B1:BC:1B:D2,,55,325.9086899757385,B2-01,0,3
853,54:F0:B1:BC:1B:F0,eduroam,30,325.9086899757385,B2-01,0,3
854,54:F0:B1:BC:1B:F1,PoliSemFio,30,325.9086899757385,B2-01,0,3
855,54:F0:B1:BC:2E:90,eduroam,60,325.9086899757385,B2-01,0,3
856,54:F0:B1:BC:2E:91,PoliSemFio,84,325.9086899757385,B2-01,0,3
857,54:F0:B1:BC:2E:92,,77,325.9086899757385,B2-01,0,3
858,54:F0:B1:BC:2E:B0,eduroam,24,325.9086899757385,B2-01,0,3
859,54:F0:B1:BC:2E:B1,PoliSemFio,22,325.9086899757385,B2-01,0,3
860,54:F0:B1:BC:2F:50,eduroam,19,325.9086899757385,B2-01,0,3
861,54:F0:B1:BC:3F:10,eduroam,45,325.9086899757385,B2-01,0,3
862,54:F0:B1:BC:70:00,eduroam,59,325.9086899757385,B2-01,0,3
863,54:F0:B1:BC:70:01,PoliSemFio,54,325.9086899757385,B2-01,0,3
864,54:F0:B1:BC:70:20,eduroam,15,325.9086899757385,B2-01,0,3
865,54:F0:B1:BC:70:21,PoliSemFio,17,325.9086899757385,B2-01,0,3
866,54:F0:B1:BC:77:81,PoliSemFio,37,325.9086899757385,B2-01,0,3
867,54:F0:B1:BC:77:82,,35,325.9086899757385,B2-01,0,3
868,54:F0:B1:BC:77:A0,eduroam,29,325.9086899757385,B2-01,0,3
869,54:F0:B1:BC:77:A1,PoliSemFio,29,325.9086899757385,B2-01,0,3
870,54:F0:B1:BC:77:A2,,20,325.9086899757385,B2-01,0,3
871,56:60:F9:A3:E7:3F,,34,325.9086899757385,B2-01,0,3
872,68:FF:7B:47:78:BE,C1-22M,35,325.9086899757385,B2-01,0,3
873,70:62:B8:6E:72:A0,PCS-wireless-C1-13,25,325.9086899757385,B2-01,0,3
874,70:62:B8:6E:72:A1,PPGEE,24,325.9086899757385,B2-01,0,3
875,84:D4:7E:06:4F:E0,eduroam,47,325.9086899757385,B2-01,0,3
876,84:D4:7E:06:4F:E1,PoliSemFio,54,325.9086899757385,B2-01,0,3
877,84:D4:7E:06:4F:E2,,54,325.9086899757385,B2-01,0,3
878,84:D4:7E:06:4F:F0,eduroam,14,325.9086899757385,B2-01,0,3
879,84:D4:7E:06:4F:F1,PoliSemFio,10,325.9086899757385,B2-01,0,3
880,DC:9F:DB:1C:1F:D7,LWN-3,34,325.9086899757385,B2-01,0,3
881,DC:9F:DB:1C:1F:E0,LWN-3,40,325.9086899757385,B2-01,0,3
882,DE:9F:DB:1C:1F:D7,LARC Guest,39,325.9086899757385,B2-01,0,3
883,DE:9F:DB:1C:1F:E0,LARC Guest,29,325.9086899757385,B2-01,0,3
884,EE:9F:DB:1C:1F:D7,,35,325.9086899757385,B2-01,0,3
885,EE:9F:DB:1C:1F:E0,,34,325.9086899757385,B2-01,0,3
886,F8:1A:67:99:55:8E,NUCLEAR_CHF,20,325.9086899757385,B2-01,0,3
887,FE:9F:DB:1C:1F:E0,,30,325.9086899757385,B2-01,0,3
888,00:21:91:70:9D:EC,LAB-DIDATICO,22,328.5478587150574,B2-01,0,3
889,34:60:F9:A3:D9:14,GASWIFI-2G_C2,25,328.5478587150574,B2-01,0,3
890,34:60:F9:A3:E7:3F,GASWIFI_C4,37,328.5478587150574,B2-01,0,3
891,34:CE:00:51:3E:6F,Lab,47,328.5478587150574,B2-01,0,3
892,34:CE:00:51:3E:70,Lab_5G,32,328.5478587150574,B2-01,0,3
893,54:B8:0A:AA:2C:8D,PCS-Wireless,49,328.5478587150574,B2-01,0,3
894,54:F0:B1:A1:18:C0,eduroam,9,328.5478587150574,B2-01,0,3
895,54:F0:B1:A1:18:C1,PoliSemFio,10,328.5478587150574,B2-01,0,3
896,54:F0:B1:A1:18:C3,MEZANINO,12,328.5478587150574,B2-01,0,3
897,54:F0:B1:A1:18:C4,GDLAB,12,328.5478587150574,B2-01,0,3
898,54:F0:B1:A1:18:C5,LABPAD,9,328.5478587150574,B2-01,0,3
899,54:F0:B1:A1:18:D0,eduroam,35,328.5478587150574,B2-01,0,3
900,54:F0:B1:A1:18:D1,PoliSemFio,29,328.5478587150574,B2-01,0,3
901,54:F0:B1:A1:18:D2,,29,328.5478587150574,B2-01,0,3
902,54:F0:B1:A1:18:D3,MEZANINO,30,328.5478587150574,B2-01,0,3
903,54:F0:B1:A1:18:D4,GDLAB,35,328.5478587150574,B2-01,0,3
904,54:F0:B1:A1:57:F0,eduroam,19,328.5478587150574,B2-01,0,3
905,54:F0:B1:A1:57:F1,PoliSemFio,20,328.5478587150574,B2-01,0,3
906,54:F0:B1:A1:58:00,eduroam,42,328.5478587150574,B2-01,0,3
907,54:F0:B1:A1:58:01,PoliSemFio,40,328.5478587150574,B2-01,0,3
908,54:F0:B1:A1:58:02,,40,328.5478587150574,B2-01,0,3
909,54:F0:B1:A2:4A:70,eduroam,10,328.5478587150574,B2-01,0,3
910,54:F0:B1:A2:56:72,,29,328.5478587150574,B2-01,0,3
911,54:F0:B1:A2:57:30,eduroam,19,328.5478587150574,B2-01,0,3
912,54:F0:B1:A2:57:31,PoliSemFio,29,328.5478587150574,B2-01,0,3
913,54:F0:B1:A2:57:32,,29,328.5478587150574,B2-01,0,3
914,54:F0:B1:A2:57:33,LCA,15,328.5478587150574,B2-01,0,3
915,54:F0:B1:BB:5A:80,eduroam,39,328.5478587150574,B2-01,0,3
916,54:F0:B1:BB:5A:82,HACKER,39,328.5478587150574,B2-01,0,3
917,54:F0:B1:BB:5A:83,LEP,40,328.5478587150574,B2-01,0,3
918,54:F0:B1:BB:5A:A0,eduroam,14,328.5478587150574,B2-01,0,3
919,54:F0:B1:BB:5A:A1,PoliSemFio,15,328.5478587150574,B2-01,0,3
920,54:F0:B1:BB:BE:10,eduroam,34,328.5478587150574,B2-01,0,3
921,54:F0:B1:BB:BE:12,,27,328.5478587150574,B2-01,0,3
922,54:F0:B1:BB:BE:13,CAEEL,20,328.5478587150574,B2-01,0,3
923,54:F0:B1:BB:C4:D0,eduroam,59,328.5478587150574,B2-01,0,3
924,54:F0:B1:BB:C4:D1,PoliSemFio,59,328.5478587150574,B2-01,0,3
925,54:F0:B1:BB:C4:D2,,57,328.5478587150574,B2-01,0,3
926,54:F0:B1:BB:C4:F0,eduroam,39,328.5478587150574,B2-01,0,3
927,54:F0:B1:BB:C4:F1,PoliSemFio,39,328.5478587150574,B2-01,0,3
928,54:F0:B1:BB:F3:20,eduroam,32,328.5478587150574,B2-01,0,3
929,54:F0:B1:BC:09:40,eduroam,95,328.5478587150574,B2-01,0,3
930,54:F0:B1:BC:09:41,PoliSemFio,89,328.5478587150574,B2-01,0,3
931,54:F0:B1:BC:09:42,,84,328.5478587150574,B2-01,0,3
932,54:F0:B1:BC:09:60,eduroam,73,328.5478587150574,B2-01,0,3
933,54:F0:B1:BC:09:61,PoliSemFio,69,328.5478587150574,B2-01,0,3
934,54:F0:B1:BC:1B:D0,eduroam,57,328.5478587150574,B2-01,0,3
935,54:F0:B1:BC:1B:D1,PoliSemFio,64,328.5478587150574,B2-01,0,3
936,54:F0:B1:BC:1B:D2,,55,328.5478587150574,B2-01,0,3
937,54:F0:B1:BC:1B:F0,eduroam,30,328.5478587150574,B2-01,0,3
938,54:F0:B1:BC:1B:F1,PoliSemFio,30,328.5478587150574,B2-01,0,3
939,54:F0:B1:BC:2E:90,eduroam,60,328.5478587150574,B2-01,0,3
940,54:F0:B1:BC:2E:91,PoliSemFio,84,328.5478587150574,B2-01,0,3
941,54:F0:B1:BC:2E:92,,77,328.5478587150574,B2-01,0,3
942,54:F0:B1:BC:2E:B0,eduroam,24,328.5478587150574,B2-01,0,3
943,54:F0:B1:BC:2E:B1,PoliSemFio,22,328.5478587150574,B2-01,0,3
944,54:F0:B1:BC:2F:50,eduroam,19,328.5478587150574,B2-01,0,3
945,54:F0:B1:BC:3F:10,eduroam,45,328.5478587150574,B2-01,0,3
946,54:F0:B1:BC:70:00,eduroam,59,328.5478587150574,B2-01,0,3
947,54:F0:B1:BC:70:01,PoliSemFio,54,328.5478587150574,B2-01,0,3
948,54:F0:B1:BC:70:20,eduroam,15,328.5478587150574,B2-01,0,3
949,54:F0:B1:BC:70:21,PoliSemFio,17,328.5478587150574,B2-01,0,3
950,54:F0:B1:BC:77:81,PoliSemFio,37,328.5478587150574,B2-01,0,3
951,54:F0:B1:BC:77:82,,35,328.5478587150574,B2-01,0,3
952,54:F0:B1:BC:77:A0,eduroam,29,328.5478587150574,B2-01,0,3
953,54:F0:B1:BC:77:A1,PoliSemFio,29,328.5478587150574,B2-01,0,3
954,54:F0:B1:BC:77:A2,,20,328.5478587150574,B2-01,0,3
955,56:60:F9:A3:E7:3F,,34,328.5478587150574,B2-01,0,3
956,68:FF:7B:47:78:BE,C1-22M,35,328.5478587150574,B2-01,0,3
957,70:62:B8:6E:72:A0,PCS-wireless-C1-13,25,328.5478587150574,B2-01,0,3
958,70:62:B8:6E:72:A1,PPGEE,24,328.5478587150574,B2-01,0,3
959,84:D4:7E:06:4F:E0,eduroam,47,328.5478587150574,B2-01,0,3
960,84:D4:7E:06:4F:E1,PoliSemFio,54,328.5478587150574,B2-01,0,3
961,84:D4:7E:06:4F:E2,,54,328.5478587150574,B2-01,0,3
962,84:D4:7E:06:4F:F0,eduroam,14,328.5478587150574,B2-01,0,3
963,84:D4:7E:06:4F:F1,PoliSemFio,10,328.5478587150574,B2-01,0,3
964,DC:9F:DB:1C:1F:D7,LWN-3,34,328.5478587150574,B2-01,0,3
965,DC:9F:DB:1C:1F:E0,LWN-3,40,328.5478587150574,B2-01,0,3
966,DE:9F:DB:1C:1F:D7,LARC Guest,39,328.5478587150574,B2-01,0,3
967,DE:9F:DB:1C:1F:E0,LARC Guest,29,328.5478587150574,B2-01,0,3
968,EE:9F:DB:1C:1F:D7,,35,328.5478587150574,B2-01,0,3
969,EE:9F:DB:1C:1F:E0,,34,328.5478587150574,B2-01,0,3
970,F8:1A:67:99:55:8E,NUCLEAR_CHF,20,328.5478587150574,B2-01,0,3
971,FE:9F:DB:1C:1F:E0,,30,328.5478587150574,B2-01,0,3
972,00:21:91:70:9D:EC,LAB-DIDATICO,27,334.79077649116516,B2-01,0,3
973,34:60:F9:A3:D9:14,GASWIFI-2G_C2,25,334.79077649116516,B2-01,0,3
974,34:CE:00:51:3E:6F,Lab,64,334.79077649116516,B2-01,0,3
975,34:CE:00:51:3E:70,Lab_5G,30,334.79077649116516,B2-01,0,3
976,3A:60:F9:A3:D9:14,,22,334.79077649116516,B2-01,0,3
977,54:B8:0A:AA:2C:8D,PCS-Wireless,35,334.79077649116516,B2-01,0,3
978,54:F0:B1:A1:18:C0,eduroam,9,334.79077649116516,B2-01,0,3
979,54:F0:B1:A1:18:C1,PoliSemFio,10,334.79077649116516,B2-01,0,3
980,54:F0:B1:A1:18:C3,MEZANINO,12,334.79077649116516,B2-01,0,3
981,54:F0:B1:A1:18:C4,GDLAB,12,334.79077649116516,B2-01,0,3
982,54:F0:B1:A1:18:C5,LABPAD,9,334.79077649116516,B2-01,0,3
983,54:F0:B1:A1:18:D0,eduroam,34,334.79077649116516,B2-01,0,3
984,54:F0:B1:A1:18:D1,PoliSemFio,29,334.79077649116516,B2-01,0,3
985,54:F0:B1:A1:18:D2,,29,334.79077649116516,B2-01,0,3
986,54:F0:B1:A1:18:D3,MEZANINO,30,334.79077649116516,B2-01,0,3
987,54:F0:B1:A1:18:D4,GDLAB,34,334.79077649116516,B2-01,0,3
988,54:F0:B1:A1:57:F0,eduroam,19,334.79077649116516,B2-01,0,3
989,54:F0:B1:A1:57:F1,PoliSemFio,20,334.79077649116516,B2-01,0,3
990,54:F0:B1:A1:58:00,eduroam,22,334.79077649116516,B2-01,0,3
991,54:F0:B1:A1:58:01,PoliSemFio,39,334.79077649116516,B2-01,0,3
992,54:F0:B1:A1:58:02,,40,334.79077649116516,B2-01,0,3
993,54:F0:B1:A1:E5:00,eduroam,22,334.79077649116516,B2-01,0,3
994,54:F0:B1:A2:4A:70,eduroam,10,334.79077649116516,B2-01,0,3
995,54:F0:B1:A2:56:72,,29,334.79077649116516,B2-01,0,3
996,54:F0:B1:A2:57:30,eduroam,19,334.79077649116516,B2-01,0,3
997,54:F0:B1:A2:57:31,PoliSemFio,29,334.79077649116516,B2-01,0,3
998,54:F0:B1:A2:57:32,,29,334.79077649116516,B2-01,0,3
999,54:F0:B1:A2:57:33,LCA,15,334.79077649116516,B2-01,0,3
1000,54:F0:B1:BB:5A:80,eduroam,39,334.79077649116516,B2-01,0,3
1001,54:F0:B1:BB:5A:82,HACKER,39,334.79077649116516,B2-01,0,3
1002,54:F0:B1:BB:5A:83,LEP,35,334.79077649116516,B2-01,0,3
1003,54:F0:B1:BB:5A:A0,eduroam,14,334.79077649116516,B2-01,0,3
1004,54:F0:B1:BB:5A:A1,PoliSemFio,15,334.79077649116516,B2-01,0,3
1005,54:F0:B1:BB:BE:10,eduroam,34,334.79077649116516,B2-01,0,3
1006,54:F0:B1:BB:BE:12,,22,334.79077649116516,B2-01,0,3
1007,54:F0:B1:BB:BE:13,CAEEL,20,334.79077649116516,B2-01,0,3
1008,54:F0:B1:BB:C4:D0,eduroam,82,334.79077649116516,B2-01,0,3
1009,54:F0:B1:BB:C4:D1,PoliSemFio,84,334.79077649116516,B2-01,0,3
1010,54:F0:B1:BB:C4:D2,,84,334.79077649116516,B2-01,0,3
1011,54:F0:B1:BB:C4:F0,eduroam,42,334.79077649116516,B2-01,0,3
1012,54:F0:B1:BB:C4:F1,PoliSemFio,42,334.79077649116516,B2-01,0,3
1013,54:F0:B1:BB:F3:20,eduroam,30,334.79077649116516,B2-01,0,3
1014,54:F0:B1:BC:09:40,eduroam,95,334.79077649116516,B2-01,0,3
1015,54:F0:B1:BC:09:41,PoliSemFio,89,334.79077649116516,B2-01,0,3
1016,54:F0:B1:BC:09:42,,84,334.79077649116516,B2-01,0,3
1017,54:F0:B1:BC:09:60,eduroam,67,334.79077649116516,B2-01,0,3
1018,54:F0:B1:BC:09:61,PoliSemFio,79,334.79077649116516,B2-01,0,3
1019,54:F0:B1:BC:1B:D0,eduroam,57,334.79077649116516,B2-01,0,3
1020,54:F0:B1:BC:1B:D1,PoliSemFio,64,334.79077649116516,B2-01,0,3
1021,54:F0:B1:BC:1B:F0,eduroam,25,334.79077649116516,B2-01,0,3
1022,54:F0:B1:BC:1B:F1,PoliSemFio,25,334.79077649116516,B2-01,0,3
1023,54:F0:B1:BC:2E:90,eduroam,60,334.79077649116516,B2-01,0,3
1024,54:F0:B1:BC:2E:91,PoliSemFio,84,334.79077649116516,B2-01,0,3
1025,54:F0:B1:BC:2E:92,,77,334.79077649116516,B2-01,0,3
1026,54:F0:B1:BC:2E:B0,eduroam,24,334.79077649116516,B2-01,0,3
1027,54:F0:B1:BC:2E:B1,PoliSemFio,25,334.79077649116516,B2-01,0,3
1028,54:F0:B1:BC:2F:50,eduroam,19,334.79077649116516,B2-01,0,3
1029,54:F0:B1:BC:3F:10,eduroam,45,334.79077649116516,B2-01,0,3
1030,54:F0:B1:BC:70:00,eduroam,57,334.79077649116516,B2-01,0,3
1031,54:F0:B1:BC:70:01,PoliSemFio,54,334.79077649116516,B2-01,0,3
1032,54:F0:B1:BC:70:20,eduroam,9,334.79077649116516,B2-01,0,3
1033,54:F0:B1:BC:70:21,PoliSemFio,17,334.79077649116516,B2-01,0,3
1034,54:F0:B1:BC:77:80,eduroam,30,334.79077649116516,B2-01,0,3
1035,54:F0:B1:BC:77:81,PoliSemFio,37,334.79077649116516,B2-01,0,3
1036,54:F0:B1:BC:77:82,,35,334.79077649116516,B2-01,0,3
1037,54:F0:B1:BC:77:A0,eduroam,29,334.79077649116516,B2-01,0,3
1038,54:F0:B1:BC:77:A1,PoliSemFio,27,334.79077649116516,B2-01,0,3
1039,54:F0:B1:BC:77:A2,,20,334.79077649116516,B2-01,0,3
1040,68:FF:7B:47:78:BE,C1-22M,42,334.79077649116516,B2-01,0,3
1041,70:62:B8:6E:72:A0,PCS-wireless-C1-13,40,334.79077649116516,B2-01,0,3
1042,70:62:B8:6E:72:A1,PPGEE,40,334.79077649116516,B2-01,0,3
1043,84:D4:7E:06:4F:E0,eduroam,39,334.79077649116516,B2-01,0,3
1044,84:D4:7E:06:4F:E1,PoliSemFio,45,334.79077649116516,B2-01,0,3
1045,84:D4:7E:06:4F:E2,,45,334.79077649116516,B2-01,0,3
1046,84:D4:7E:06:4F:F0,eduroam,20,334.79077649116516,B2-01,0,3
1047,DC:9F:DB:1C:1F:D7,LWN-3,35,334.79077649116516,B2-01,0,3
1048,DC:9F:DB:1C:1F:E0,LWN-3,40,334.79077649116516,B2-01,0,3
1049,DE:9F:DB:1C:1F:D7,LARC Guest,39,334.79077649116516,B2-01,0,3
1050,DE:9F:DB:1C:1F:E0,LARC Guest,29,334.79077649116516,B2-01,0,3
1051,EE:9F:DB:1C:1F:D7,,34,334.79077649116516,B2-01,0,3
1052,EE:9F:DB:1C:1F:E0,,30,334.79077649116516,B2-01,0,3
1053,F8:1A:67:99:55:8E,NUCLEAR_CHF,15,334.79077649116516,B2-01,0,3
1054,00:21:91:70:9D:EC,LAB-DIDATICO,27,341.0939619541168,B2-01,0,3
1055,34:60:F9:A3:D9:14,GASWIFI-2G_C2,25,341.0939619541168,B2-01,0,3
1056,34:CE:00:51:3E:6F,Lab,49,341.0939619541168,B2-01,0,3
1057,34:CE:00:51:3E:70,Lab_5G,9,341.0939619541168,B2-01,0,3
1058,3A:60:F9:A3:D9:14,,22,341.0939619541168,B2-01,0,3
1059,54:B8:0A:AA:2C:8D,PCS-Wireless,35,341.0939619541168,B2-01,0,3
1060,54:F0:B1:A1:18:C0,eduroam,9,341.0939619541168,B2-01,0,3
1061,54:F0:B1:A1:18:C1,PoliSemFio,10,341.0939619541168,B2-01,0,3
1062,54:F0:B1:A1:18:C3,MEZANINO,12,341.0939619541168,B2-01,0,3
1063,54:F0:B1:A1:18:C4,GDLAB,12,341.0939619541168,B2-01,0,3
1064,54:F0:B1:A1:18:C5,LABPAD,9,341.0939619541168,B2-01,0,3
1065,54:F0:B1:A1:18:D0,eduroam,22,341.0939619541168,B2-01,0,3
1066,54:F0:B1:A1:18:D1,PoliSemFio,29,341.0939619541168,B2-01,0,3
1067,54:F0:B1:A1:18:D2,,29,341.0939619541168,B2-01,0,3
1068,54:F0:B1:A1:18:D4,GDLAB,19,341.0939619541168,B2-01,0,3
1069,54:F0:B1:A1:57:F0,eduroam,19,341.0939619541168,B2-01,0,3
1070,54:F0:B1:A1:57:F1,PoliSemFio,20,341.0939619541168,B2-01,0,3
1071,54:F0:B1:A1:58:00,eduroam,44,341.0939619541168,B2-01,0,3
1072,54:F0:B1:A1:58:01,PoliSemFio,44,341.0939619541168,B2-01,0,3
1073,54:F0:B1:A1:58:02,,44,341.0939619541168,B2-01,0,3
1074,54:F0:B1:A1:E5:00,eduroam,22,341.0939619541168,B2-01,0,3
1075,54:F0:B1:A2:56:72,,29,341.0939619541168,B2-01,0,3
1076,54:F0:B1:A2:57:30,eduroam,17,341.0939619541168,B2-01,0,3
1077,54:F0:B1:A2:57:33,LCA,15,341.0939619541168,B2-01,0,3
1078,54:F0:B1:BB:5A:80,eduroam,39,341.0939619541168,B2-01,0,3
1079,54:F0:B1:BB:5A:81,PoliSemFio,37,341.0939619541168,B2-01,0,3
1080,54:F0:B1:BB:5A:82,HACKER,34,341.0939619541168,B2-01,0,3
1081,54:F0:B1:BB:5A:83,LEP,30,341.0939619541168,B2-01,0,3
1082,54:F0:B1:BB:5A:84,,39,341.0939619541168,B2-01,0,3
1083,54:F0:B1:BB:5A:A0,eduroam,14,341.0939619541168,B2-01,0,3
1084,54:F0:B1:BB:5A:A1,PoliSemFio,15,341.0939619541168,B2-01,0,3
1085,54:F0:B1:BB:BE:10,eduroam,34,341.0939619541168,B2-01,0,3
1086,54:F0:B1:BB:BE:12,,29,341.0939619541168,B2-01,0,3
1087,54:F0:B1:BB:BE:13,CAEEL,22,341.0939619541168,B2-01,0,3
1088,54:F0:B1:BB:C4:D0,eduroam,77,341.0939619541168,B2-01,0,3
1089,54:F0:B1:BB:C4:D1,PoliSemFio,80,341.0939619541168,B2-01,0,3
1090,54:F0:B1:BB:C4:D2,,80,341.0939619541168,B2-01,0,3
1091,54:F0:B1:BB:C4:F0,eduroam,42,341.0939619541168,B2-01,0,3
1092,54:F0:B1:BB:C4:F1,PoliSemFio,32,341.0939619541168,B2-01,0,3
1093,54:F0:B1:BB:F3:20,eduroam,25,341.0939619541168,B2-01,0,3
1094,54:F0:B1:BC:09:40,eduroam,79,341.0939619541168,B2-01,0,3
1095,54:F0:B1:BC:09:41,PoliSemFio,75,341.0939619541168,B2-01,0,3
1096,54:F0:B1:BC:09:42,,75,341.0939619541168,B2-01,0,3
1097,54:F0:B1:BC:09:60,eduroam,65,341.0939619541168,B2-01,0,3
1098,54:F0:B1:BC:09:61,PoliSemFio,57,341.0939619541168,B2-01,0,3
1099,54:F0:B1:BC:1B:D0,eduroam,57,341.0939619541168,B2-01,0,3
1100,54:F0:B1:BC:1B:D1,PoliSemFio,62,341.0939619541168,B2-01,0,3
1101,54:F0:B1:BC:1B:F0,eduroam,20,341.0939619541168,B2-01,0,3
1102,54:F0:B1:BC:1B:F1,PoliSemFio,22,341.0939619541168,B2-01,0,3
1103,54:F0:B1:BC:2E:90,eduroam,52,341.0939619541168,B2-01,0,3
1104,54:F0:B1:BC:2E:91,PoliSemFio,60,341.0939619541168,B2-01,0,3
1105,54:F0:B1:BC:2E:92,,60,341.0939619541168,B2-01,0,3
1106,54:F0:B1:BC:2E:B0,eduroam,17,341.0939619541168,B2-01,0,3
1107,54:F0:B1:BC:2E:B1,PoliSemFio,17,341.0939619541168,B2-01,0,3
1108,54:F0:B1:BC:2F:50,eduroam,19,341.0939619541168,B2-01,0,3
1109,54:F0:B1:BC:3F:10,eduroam,45,341.0939619541168,B2-01,0,3
1110,54:F0:B1:BC:70:00,eduroam,60,341.0939619541168,B2-01,0,3
1111,54:F0:B1:BC:70:01,PoliSemFio,54,341.0939619541168,B2-01,0,3
1112,54:F0:B1:BC:70:20,eduroam,25,341.0939619541168,B2-01,0,3
1113,54:F0:B1:BC:70:21,PoliSemFio,27,341.0939619541168,B2-01,0,3
1114,54:F0:B1:BC:77:80,eduroam,29,341.0939619541168,B2-01,0,3
1115,54:F0:B1:BC:77:81,PoliSemFio,27,341.0939619541168,B2-01,0,3
1116,54:F0:B1:BC:77:82,,27,341.0939619541168,B2-01,0,3
1117,54:F0:B1:BC:77:A0,eduroam,22,341.0939619541168,B2-01,0,3
1118,54:F0:B1:BC:77:A1,PoliSemFio,22,341.0939619541168,B2-01,0,3
1119,68:FF:7B:47:78:BE,C1-22M,30,341.0939619541168,B2-01,0,3
1120,70:62:B8:6E:72:A0,PCS-wireless-C1-13,24,341.0939619541168,B2-01,0,3
1121,70:62:B8:6E:72:A1,PPGEE,25,341.0939619541168,B2-01,0,3
1122,84:D4:7E:06:4F:E0,eduroam,39,341.0939619541168,B2-01,0,3
1123,84:D4:7E:06:4F:E1,PoliSemFio,45,341.0939619541168,B2-01,0,3
1124,84:D4:7E:06:4F:E2,,45,341.0939619541168,B2-01,0,3
1125,84:D4:7E:06:4F:F0,eduroam,12,341.0939619541168,B2-01,0,3
1126,DC:9F:DB:1C:1F:D7,LWN-3,35,341.0939619541168,B2-01,0,3
1127,DE:9F:DB:1C:1F:E0,LARC Guest,25,341.0939619541168,B2-01,0,3
1128,EE:9F:DB:1C:1F:D7,,22,341.0939619541168,B2-01,0,3
1129,EE:9F:DB:1C:1F:E0,,30,341.0939619541168,B2-01,0,3
1130,F8:1A:67:99:55:8E,NUCLEAR_CHF,15,341.0939619541168,B2-01,0,3
1131,FE:9F:DB:1C:1F:E0,,29,341.0939619541168,B2-01,0,3
1132,00:21:91:70:9D:EC,LAB-DIDATICO,27,347.3919885158539,B2-01,0,3
1133,34:60:F9:A3:D9:14,GASWIFI-2G_C2,24,347.3919885158539,B2-01,0,3
1134,34:CE:00:51:3E:6F,Lab,64,347.3919885158539,B2-01,0,3
1135,34:CE:00:51:3E:70,Lab_5G,24,347.3919885158539,B2-01,0,3
1136,3A:60:F9:A3:D9:14,,22,347.3919885158539,B2-01,0,3
1137,54:B8:0A:AA:2C:8D,PCS-Wireless,34,347.3919885158539,B2-01,0,3
1138,54:F0:B1:A1:18:C0,eduroam,14,347.3919885158539,B2-01,0,3
1139,54:F0:B1:A1:18:C1,PoliSemFio,10,347.3919885158539,B2-01,0,3
1140,54:F0:B1:A1:18:C3,MEZANINO,14,347.3919885158539,B2-01,0,3
1141,54:F0:B1:A1:18:C4,GDLAB,15,347.3919885158539,B2-01,0,3
1142,54:F0:B1:A1:18:C5,LABPAD,15,347.3919885158539,B2-01,0,3
1143,54:F0:B1:A1:18:D0,eduroam,22,347.3919885158539,B2-01,0,3
1144,54:F0:B1:A1:18:D1,PoliSemFio,29,347.3919885158539,B2-01,0,3
1145,54:F0:B1:A1:18:D2,,24,347.3919885158539,B2-01,0,3
1146,54:F0:B1:A1:18:D4,GDLAB,19,347.3919885158539,B2-01,0,3
1147,54:F0:B1:A1:57:F0,eduroam,19,347.3919885158539,B2-01,0,3
1148,54:F0:B1:A1:57:F1,PoliSemFio,20,347.3919885158539,B2-01,0,3
1149,54:F0:B1:A1:58:00,eduroam,29,347.3919885158539,B2-01,0,3
1150,54:F0:B1:A1:58:01,PoliSemFio,44,347.3919885158539,B2-01,0,3
1151,54:F0:B1:A1:58:02,,42,347.3919885158539,B2-01,0,3
1152,54:F0:B1:A1:E5:00,eduroam,22,347.3919885158539,B2-01,0,3
1153,54:F0:B1:A2:57:30,eduroam,27,347.3919885158539,B2-01,0,3
1154,54:F0:B1:A2:57:33,LCA,22,347.3919885158539,B2-01,0,3
1155,54:F0:B1:BB:5A:80,eduroam,30,347.3919885158539,B2-01,0,3
1156,54:F0:B1:BB:5A:81,PoliSemFio,37,347.3919885158539,B2-01,0,3
1157,54:F0:B1:BB:5A:82,HACKER,34,347.3919885158539,B2-01,0,3
1158,54:F0:B1:BB:5A:83,LEP,30,347.3919885158539,B2-01,0,3
1159,54:F0:B1:BB:5A:84,,47,347.3919885158539,B2-01,0,3
1160,54:F0:B1:BB:BE:12,,24,347.3919885158539,B2-01,0,3
1161,54:F0:B1:BB:BE:13,CAEEL,22,347.3919885158539,B2-01,0,3
1162,54:F0:B1:BB:C4:D0,eduroam,79,347.3919885158539,B2-01,0,3
1163,54:F0:B1:BB:C4:D1,PoliSemFio,82,347.3919885158539,B2-01,0,3
1164,54:F0:B1:BB:C4:D2,,82,347.3919885158539,B2-01,0,3
1165,54:F0:B1:BB:C4:F0,eduroam,45,347.3919885158539,B2-01,0,3
1166,54:F0:B1:BB:C4:F1,PoliSemFio,32,347.3919885158539,B2-01,0,3
1167,54:F0:B1:BB:F3:20,eduroam,25,347.3919885158539,B2-01,0,3
1168,54:F0:B1:BC:09:40,eduroam,79,347.3919885158539,B2-01,0,3
1169,54:F0:B1:BC:09:41,PoliSemFio,75,347.3919885158539,B2-01,0,3
1170,54:F0:B1:BC:09:42,,75,347.3919885158539,B2-01,0,3
1171,54:F0:B1:BC:09:60,eduroam,85,347.3919885158539,B2-01,0,3
1172,54:F0:B1:BC:09:61,PoliSemFio,57,347.3919885158539,B2-01,0,3
1173,54:F0:B1:BC:1B:D0,eduroam,44,347.3919885158539,B2-01,0,3
1174,54:F0:B1:BC:1B:D1,PoliSemFio,62,347.3919885158539,B2-01,0,3
1175,54:F0:B1:BC:1B:D2,,57,347.3919885158539,B2-01,0,3
1176,54:F0:B1:BC:1B:F0,eduroam,25,347.3919885158539,B2-01,0,3
1177,54:F0:B1:BC:1B:F1,PoliSemFio,25,347.3919885158539,B2-01,0,3
1178,54:F0:B1:BC:2E:90,eduroam,65,347.3919885158539,B2-01,0,3
1179,54:F0:B1:BC:2E:91,PoliSemFio,60,347.3919885158539,B2-01,0,3
1180,54:F0:B1:BC:2E:92,,60,347.3919885158539,B2-01,0,3
1181,54:F0:B1:BC:2E:B0,eduroam,37,347.3919885158539,B2-01,0,3
1182,54:F0:B1:BC:2E:B1,PoliSemFio,39,347.3919885158539,B2-01,0,3
1183,54:F0:B1:BC:2F:50,eduroam,19,347.3919885158539,B2-01,0,3
1184,54:F0:B1:BC:3F:10,eduroam,45,347.3919885158539,B2-01,0,3
1185,54:F0:B1:BC:70:00,eduroam,65,347.3919885158539,B2-01,0,3
1186,54:F0:B1:BC:70:01,PoliSemFio,60,347.3919885158539,B2-01,0,3
1187,54:F0:B1:BC:70:20,eduroam,25,347.3919885158539,B2-01,0,3
1188,54:F0:B1:BC:70:21,PoliSemFio,27,347.3919885158539,B2-01,0,3
1189,54:F0:B1:BC:77:80,eduroam,29,347.3919885158539,B2-01,0,3
1190,54:F0:B1:BC:77:81,PoliSemFio,50,347.3919885158539,B2-01,0,3
1191,54:F0:B1:BC:77:82,,50,347.3919885158539,B2-01,0,3
1192,54:F0:B1:BC:77:A0,eduroam,35,347.3919885158539,B2-01,0,3
1193,54:F0:B1:BC:77:A1,PoliSemFio,22,347.3919885158539,B2-01,0,3
1194,68:FF:7B:47:78:BE,C1-22M,32,347.3919885158539,B2-01,0,3
1195,70:62:B8:6E:72:A0,PCS-wireless-C1-13,45,347.3919885158539,B2-01,0,3
1196,70:62:B8:6E:72:A1,PPGEE,45,347.3919885158539,B2-01,0,3
1197,84:D4:7E:06:4F:E0,eduroam,49,347.3919885158539,B2-01,0,3
1198,84:D4:7E:06:4F:E1,PoliSemFio,45,347.3919885158539,B2-01,0,3
1199,84:D4:7E:06:4F:E2,,45,347.3919885158539,B2-01,0,3
1200,84:D4:7E:06:4F:F0,eduroam,12,347.3919885158539,B2-01,0,3
1201,DC:9F:DB:1C:1F:D7,LWN-3,35,347.3919885158539,B2-01,0,3
1202,DE:9F:DB:1C:1F:E0,LARC Guest,25,347.3919885158539,B2-01,0,3
1203,EE:9F:DB:1C:1F:D7,,29,347.3919885158539,B2-01,0,3
1204,EE:9F:DB:1C:1F:E0,,35,347.3919885158539,B2-01,0,3
1205,F8:1A:67:99:55:8E,NUCLEAR_CHF,27,347.3919885158539,B2-01,0,3
1206,FE:9F:DB:1C:1F:E0,,35,347.3919885158539,B2-01,0,3
1207,00:21:91:70:9D:EC,LAB-DIDATICO,27,350.01217913627625,B2-01,0,3
1208,30:85:A9:69:F2:E4,PCS-Wireless-C2-22,35,350.01217913627625,B2-01,0,3
1209,34:60:F9:A3:D9:14,GASWIFI-2G_C2,24,350.01217913627625,B2-01,0,3
1210,34:CE:00:51:3E:6F,Lab,64,350.01217913627625,B2-01,0,3
1211,34:CE:00:51:3E:70,Lab_5G,24,350.01217913627625,B2-01,0,3
1212,3A:60:F9:A3:D9:14,,22,350.01217913627625,B2-01,0,3
1213,54:B8:0A:AA:2C:8C,LAB_DIGITAL,32,350.01217913627625,B2-01,0,3
1214,54:B8:0A:AA:2C:8D,PCS-Wireless,34,350.01217913627625,B2-01,0,3
1215,54:F0:B1:A1:18:C0,eduroam,14,350.01217913627625,B2-01,0,3
1216,54:F0:B1:A1:18:C1,PoliSemFio,15,350.01217913627625,B2-01,0,3
1217,54:F0:B1:A1:18:C3,MEZANINO,14,350.01217913627625,B2-01,0,3
1218,54:F0:B1:A1:18:C4,GDLAB,15,350.01217913627625,B2-01,0,3
1219,54:F0:B1:A1:18:C5,LABPAD,15,350.01217913627625,B2-01,0,3
1220,54:F0:B1:A1:18:D0,eduroam,22,350.01217913627625,B2-01,0,3
1221,54:F0:B1:A1:18:D1,PoliSemFio,29,350.01217913627625,B2-01,0,3
1222,54:F0:B1:A1:18:D2,,24,350.01217913627625,B2-01,0,3
1223,54:F0:B1:A1:18:D4,GDLAB,14,350.01217913627625,B2-01,0,3
1224,54:F0:B1:A1:57:F0,eduroam,15,350.01217913627625,B2-01,0,3
1225,54:F0:B1:A1:57:F1,PoliSemFio,14,350.01217913627625,B2-01,0,3
1226,54:F0:B1:A1:58:00,eduroam,29,350.01217913627625,B2-01,0,3
1227,54:F0:B1:A1:58:01,PoliSemFio,44,350.01217913627625,B2-01,0,3
1228,54:F0:B1:A1:58:02,,42,350.01217913627625,B2-01,0,3
1229,54:F0:B1:A1:E5:00,eduroam,22,350.01217913627625,B2-01,0,3
1230,54:F0:B1:A2:57:30,eduroam,27,350.01217913627625,B2-01,0,3
1231,54:F0:B1:A2:57:31,PoliSemFio,20,350.01217913627625,B2-01,0,3
1232,54:F0:B1:A2:57:32,,22,350.01217913627625,B2-01,0,3
1233,54:F0:B1:A2:57:33,LCA,22,350.01217913627625,B2-01,0,3
1234,54:F0:B1:BB:5A:80,eduroam,30,350.01217913627625,B2-01,0,3
1235,54:F0:B1:BB:5A:81,PoliSemFio,47,350.01217913627625,B2-01,0,3
1236,54:F0:B1:BB:5A:82,HACKER,34,350.01217913627625,B2-01,0,3
1237,54:F0:B1:BB:5A:83,LEP,30,350.01217913627625,B2-01,0,3
1238,54:F0:B1:BB:5A:84,,47,350.01217913627625,B2-01,0,3
1239,54:F0:B1:BB:BE:12,,24,350.01217913627625,B2-01,0,3
1240,54:F0:B1:BB:BE:13,CAEEL,22,350.01217913627625,B2-01,0,3
1241,54:F0:B1:BB:C4:D0,eduroam,79,350.01217913627625,B2-01,0,3
1242,54:F0:B1:BB:C4:D1,PoliSemFio,82,350.01217913627625,B2-01,0,3
1243,54:F0:B1:BB:C4:D2,,82,350.01217913627625,B2-01,0,3
1244,54:F0:B1:BB:C4:F0,eduroam,45,350.01217913627625,B2-01,0,3
1245,54:F0:B1:BB:C4:F1,PoliSemFio,45,350.01217913627625,B2-01,0,3
1246,54:F0:B1:BB:C5:C4,GDLAB,12,350.01217913627625,B2-01,0,3
1247,54:F0:B1:BB:F3:20,eduroam,20,350.01217913627625,B2-01,0,3
1248,54:F0:B1:BC:09:40,eduroam,2,350.01217913627625,B2-01,0,3
1249,54:F0:B1:BC:09:41,PoliSemFio,89,350.01217913627625,B2-01,0,3
1250,54:F0:B1:BC:09:42,,75,350.01217913627625,B2-01,0,3
1251,54:F0:B1:BC:09:60,eduroam,85,350.01217913627625,B2-01,0,3
1252,54:F0:B1:BC:09:61,PoliSemFio,85,350.01217913627625,B2-01,0,3
1253,54:F0:B1:BC:1B:D0,eduroam,44,350.01217913627625,B2-01,0,3
1254,54:F0:B1:BC:1B:D1,PoliSemFio,62,350.01217913627625,B2-01,0,3
1255,54:F0:B1:BC:1B:D2,,57,350.01217913627625,B2-01,0,3
1256,54:F0:B1:BC:1B:F0,eduroam,25,350.01217913627625,B2-01,0,3
1257,54:F0:B1:BC:1B:F1,PoliSemFio,25,350.01217913627625,B2-01,0,3
1258,54:F0:B1:BC:2E:90,eduroam,65,350.01217913627625,B2-01,0,3
1259,54:F0:B1:BC:2E:91,PoliSemFio,82,350.01217913627625,B2-01,0,3
1260,54:F0:B1:BC:2E:92,,60,350.01217913627625,B2-01,0,3
1261,54:F0:B1:BC:2E:B0,eduroam,37,350.01217913627625,B2-01,0,3
1262,54:F0:B1:BC:2E:B1,PoliSemFio,39,350.01217913627625,B2-01,0,3
1263,54:F0:B1:BC:2F:50,eduroam,19,350.01217913627625,B2-01,0,3
1264,54:F0:B1:BC:2F:52,,17,350.01217913627625,B2-01,0,3
1265,54:F0:B1:BC:3F:10,eduroam,45,350.01217913627625,B2-01,0,3
1266,54:F0:B1:BC:70:00,eduroam,65,350.01217913627625,B2-01,0,3
1267,54:F0:B1:BC:70:01,PoliSemFio,60,350.01217913627625,B2-01,0,3
1268,54:F0:B1:BC:70:20,eduroam,25,350.01217913627625,B2-01,0,3
1269,54:F0:B1:BC:70:21,PoliSemFio,27,350.01217913627625,B2-01,0,3
1270,54:F0:B1:BC:77:80,eduroam,29,350.01217913627625,B2-01,0,3
1271,54:F0:B1:BC:77:81,PoliSemFio,50,350.01217913627625,B2-01,0,3
1272,54:F0:B1:BC:77:82,,50,350.01217913627625,B2-01,0,3
1273,54:F0:B1:BC:77:A0,eduroam,35,350.01217913627625,B2-01,0,3
1274,54:F0:B1:BC:77:A1,PoliSemFio,35,350.01217913627625,B2-01,0,3
1275,68:FF:7B:47:78:BE,C1-22M,32,350.01217913627625,B2-01,0,3
1276,70:62:B8:6E:72:A0,PCS-wireless-C1-13,45,350.01217913627625,B2-01,0,3
1277,70:62:B8:6E:72:A1,PPGEE,45,350.01217913627625,B2-01,0,3
1278,84:D4:7E:06:4F:E0,eduroam,49,350.01217913627625,B2-01,0,3
1279,84:D4:7E:06:4F:E1,PoliSemFio,45,350.01217913627625,B2-01,0,3
1280,84:D4:7E:06:4F:E2,,45,350.01217913627625,B2-01,0,3
1281,84:D4:7E:06:4F:F0,eduroam,14,350.01217913627625,B2-01,0,3
1282,DC:9F:DB:1C:1F:D7,LWN-3,35,350.01217913627625,B2-01,0,3
1283,DC:9F:DB:1C:1F:E0,LWN-3,35,350.01217913627625,B2-01,0,3
1284,DE:9F:DB:1C:1F:E0,LARC Guest,25,350.01217913627625,B2-01,0,3
1285,EE:9F:DB:1C:1F:D7,,29,350.01217913627625,B2-01,0,3
1286,EE:9F:DB:1C:1F:E0,,35,350.01217913627625,B2-01,0,3
1287,F8:1A:67:99:55:8E,NUCLEAR_CHF,27,350.01217913627625,B2-01,0,3
1288,FE:9F:DB:1C:1F:E0,,35,350.01217913627625,B2-01,0,3
1289,00:21:91:70:9D:EC,LAB-DIDATICO,27,352.63517022132874,B2-01,0,3
1290,30:85:A9:69:F2:E4,PCS-Wireless-C2-22,35,352.63517022132874,B2-01,0,3
1291,34:60:F9:A3:D9:14,GASWIFI-2G_C2,24,352.63517022132874,B2-01,0,3
1292,34:CE:00:51:3E:6F,Lab,64,352.63517022132874,B2-01,0,3
1293,34:CE:00:51:3E:70,Lab_5G,24,352.63517022132874,B2-01,0,3
1294,3A:60:F9:A3:D9:14,,22,352.63517022132874,B2-01,0,3
1295,54:B8:0A:AA:2C:8C,LAB_DIGITAL,32,352.63517022132874,B2-01,0,3
1296,54:B8:0A:AA:2C:8D,PCS-Wireless,34,352.63517022132874,B2-01,0,3
1297,54:F0:B1:A1:18:C0,eduroam,14,352.63517022132874,B2-01,0,3
1298,54:F0:B1:A1:18:C1,PoliSemFio,15,352.63517022132874,B2-01,0,3
1299,54:F0:B1:A1:18:C3,MEZANINO,14,352.63517022132874,B2-01,0,3
1300,54:F0:B1:A1:18:C4,GDLAB,15,352.63517022132874,B2-01,0,3
1301,54:F0:B1:A1:18:C5,LABPAD,15,352.63517022132874,B2-01,0,3
1302,54:F0:B1:A1:18:D0,eduroam,22,352.63517022132874,B2-01,0,3
1303,54:F0:B1:A1:18:D1,PoliSemFio,29,352.63517022132874,B2-01,0,3
1304,54:F0:B1:A1:18:D2,,24,352.63517022132874,B2-01,0,3
1305,54:F0:B1:A1:18:D4,GDLAB,14,352.63517022132874,B2-01,0,3
1306,54:F0:B1:A1:57:F0,eduroam,15,352.63517022132874,B2-01,0,3
1307,54:F0:B1:A1:57:F1,PoliSemFio,14,352.63517022132874,B2-01,0,3
1308,54:F0:B1:A1:58:00,eduroam,29,352.63517022132874,B2-01,0,3
1309,54:F0:B1:A1:58:01,PoliSemFio,44,352.63517022132874,B2-01,0,3
1310,54:F0:B1:A1:58:02,,42,352.63517022132874,B2-01,0,3
1311,54:F0:B1:A1:E5:00,eduroam,22,352.63517022132874,B2-01,0,3
1312,54:F0:B1:A2:57:30,eduroam,27,352.63517022132874,B2-01,0,3
1313,54:F0:B1:A2:57:31,PoliSemFio,20,352.63517022132874,B2-01,0,3
1314,54:F0:B1:A2:57:32,,22,352.63517022132874,B2-01,0,3
1315,54:F0:B1:A2:57:33,LCA,22,352.63517022132874,B2-01,0,3
1316,54:F0:B1:BB:5A:80,eduroam,30,352.63517022132874,B2-01,0,3
1317,54:F0:B1:BB:5A:81,PoliSemFio,47,352.63517022132874,B2-01,0,3
1318,54:F0:B1:BB:5A:82,HACKER,34,352.63517022132874,B2-01,0,3
1319,54:F0:B1:BB:5A:83,LEP,30,352.63517022132874,B2-01,0,3
1320,54:F0:B1:BB:5A:84,,47,352.63517022132874,B2-01,0,3
1321,54:F0:B1:BB:BE:12,,24,352.63517022132874,B2-01,0,3
1322,54:F0:B1:BB:BE:13,CAEEL,22,352.63517022132874,B2-01,0,3
1323,54:F0:B1:BB:C4:D0,eduroam,79,352.63517022132874,B2-01,0,3
1324,54:F0:B1:BB:C4:D1,PoliSemFio,82,352.63517022132874,B2-01,0,3
1325,54:F0:B1:BB:C4:D2,,82,352.63517022132874,B2-01,0,3
1326,54:F0:B1:BB:C4:F0,eduroam,45,352.63517022132874,B2-01,0,3
1327,54:F0:B1:BB:C4:F1,PoliSemFio,45,352.63517022132874,B2-01,0,3
1328,54:F0:B1:BB:C5:C4,GDLAB,12,352.63517022132874,B2-01,0,3
1329,54:F0:B1:BB:F3:20,eduroam,20,352.63517022132874,B2-01,0,3
1330,54:F0:B1:BC:09:40,eduroam,2,352.63517022132874,B2-01,0,3
1331,54:F0:B1:BC:09:41,PoliSemFio,89,352.63517022132874,B2-01,0,3
1332,54:F0:B1:BC:09:42,,75,352.63517022132874,B2-01,0,3
1333,54:F0:B1:BC:09:60,eduroam,76,352.63517022132874,B2-01,0,3
1334,54:F0:B1:BC:09:61,PoliSemFio,85,352.63517022132874,B2-01,0,3
1335,54:F0:B1:BC:1B:D0,eduroam,44,352.63517022132874,B2-01,0,3
1336,54:F0:B1:BC:1B:D1,PoliSemFio,62,352.63517022132874,B2-01,0,3
1337,54:F0:B1:BC:1B:D2,,57,352.63517022132874,B2-01,0,3
1338,54:F0:B1:BC:1B:F0,eduroam,25,352.63517022132874,B2-01,0,3
1339,54:F0:B1:BC:1B:F1,PoliSemFio,25,352.63517022132874,B2-01,0,3
1340,54:F0:B1:BC:2E:90,eduroam,65,352.63517022132874,B2-01,0,3
1341,54:F0:B1:BC:2E:91,PoliSemFio,82,352.63517022132874,B2-01,0,3
1342,54:F0:B1:BC:2E:92,,60,352.63517022132874,B2-01,0,3
1343,54:F0:B1:BC:2E:B0,eduroam,37,352.63517022132874,B2-01,0,3
1344,54:F0:B1:BC:2E:B1,PoliSemFio,39,352.63517022132874,B2-01,0,3
1345,54:F0:B1:BC:2F:50,eduroam,19,352.63517022132874,B2-01,0,3
1346,54:F0:B1:BC:2F:52,,17,352.63517022132874,B2-01,0,3
1347,54:F0:B1:BC:3F:10,eduroam,45,352.63517022132874,B2-01,0,3
1348,54:F0:B1:BC:70:00,eduroam,65,352.63517022132874,B2-01,0,3
1349,54:F0:B1:BC:70:01,PoliSemFio,60,352.63517022132874,B2-01,0,3
1350,54:F0:B1:BC:70:20,eduroam,25,352.63517022132874,B2-01,0,3
1351,54:F0:B1:BC:70:21,PoliSemFio,27,352.63517022132874,B2-01,0,3
1352,54:F0:B1:BC:77:80,eduroam,29,352.63517022132874,B2-01,0,3
1353,54:F0:B1:BC:77:81,PoliSemFio,50,352.63517022132874,B2-01,0,3
1354,54:F0:B1:BC:77:82,,50,352.63517022132874,B2-01,0,3
1355,54:F0:B1:BC:77:A0,eduroam,35,352.63517022132874,B2-01,0,3
1356,54:F0:B1:BC:77:A1,PoliSemFio,35,352.63517022132874,B2-01,0,3
1357,68:FF:7B:47:78:BE,C1-22M,32,352.63517022132874,B2-01,0,3
1358,70:62:B8:6E:72:A0,PCS-wireless-C1-13,45,352.63517022132874,B2-01,0,3
1359,70:62:B8:6E:72:A1,PPGEE,45,352.63517022132874,B2-01,0,3
1360,84:D4:7E:06:4F:E0,eduroam,49,352.63517022132874,B2-01,0,3
1361,84:D4:7E:06:4F:E1,PoliSemFio,45,352.63517022132874,B2-01,0,3
1362,84:D4:7E:06:4F:E2,,45,352.63517022132874,B2-01,0,3
1363,84:D4:7E:06:4F:F0,eduroam,14,352.63517022132874,B2-01,0,3
1364,DC:9F:DB:1C:1F:D7,LWN-3,35,352.63517022132874,B2-01,0,3
1365,DC:9F:DB:1C:1F:E0,LWN-3,35,352.63517022132874,B2-01,0,3
1366,DE:9F:DB:1C:1F:E0,LARC Guest,25,352.63517022132874,B2-01,0,3
1367,EE:9F:DB:1C:1F:D7,,29,352.63517022132874,B2-01,0,3
1368,EE:9F:DB:1C:1F:E0,,35,352.63517022132874,B2-01,0,3
1369,F8:1A:67:99:55:8E,NUCLEAR_CHF,27,352.63517022132874,B2-01,0,3
1370,FE:9F:DB:1C:1F:E0,,35,352.63517022132874,B2-01,0,3
1371,00:21:91:70:9D:EC,LAB-DIDATICO,27,358.9004771709442,B2-01,0,3
1372,30:85:A9:69:F2:E4,PCS-Wireless-C2-22,35,358.9004771709442,B2-01,0,3
1373,34:60:F9:A3:D9:14,GASWIFI-2G_C2,24,358.9004771709442,B2-01,0,3
1374,34:CE:00:51:3E:6F,Lab,52,358.9004771709442,B2-01,0,3
1375,34:CE:00:51:3E:70,Lab_5G,27,358.9004771709442,B2-01,0,3
1376,3A:60:F9:A3:D9:14,,22,358.9004771709442,B2-01,0,3
1377,54:B8:0A:AA:2C:8C,LAB_DIGITAL,27,358.9004771709442,B2-01,0,3
1378,54:B8:0A:AA:2C:8D,PCS-Wireless,29,358.9004771709442,B2-01,0,3
1379,54:F0:B1:A1:18:C0,eduroam,14,358.9004771709442,B2-01,0,3
1380,54:F0:B1:A1:18:C1,PoliSemFio,15,358.9004771709442,B2-01,0,3
1381,54:F0:B1:A1:18:C3,MEZANINO,14,358.9004771709442,B2-01,0,3
1382,54:F0:B1:A1:18:C4,GDLAB,15,358.9004771709442,B2-01,0,3
1383,54:F0:B1:A1:18:C5,LABPAD,15,358.9004771709442,B2-01,0,3
1384,54:F0:B1:A1:18:D0,eduroam,30,358.9004771709442,B2-01,0,3
1385,54:F0:B1:A1:18:D1,PoliSemFio,29,358.9004771709442,B2-01,0,3
1386,54:F0:B1:A1:18:D2,,24,358.9004771709442,B2-01,0,3
1387,54:F0:B1:A1:18:D4,GDLAB,27,358.9004771709442,B2-01,0,3
1388,54:F0:B1:A1:18:D5,LABPAD,25,358.9004771709442,B2-01,0,3
1389,54:F0:B1:A1:57:F0,eduroam,15,358.9004771709442,B2-01,0,3
1390,54:F0:B1:A1:57:F1,PoliSemFio,14,358.9004771709442,B2-01,0,3
1391,54:F0:B1:A1:58:00,eduroam,44,358.9004771709442,B2-01,0,3
1392,54:F0:B1:A1:58:01,PoliSemFio,39,358.9004771709442,B2-01,0,3
1393,54:F0:B1:A1:58:02,,40,358.9004771709442,B2-01,0,3
1394,54:F0:B1:A1:E5:00,eduroam,22,358.9004771709442,B2-01,0,3
1395,54:F0:B1:A2:57:30,eduroam,27,358.9004771709442,B2-01,0,3
1396,54:F0:B1:A2:57:31,PoliSemFio,20,358.9004771709442,B2-01,0,3
1397,54:F0:B1:A2:57:32,,22,358.9004771709442,B2-01,0,3
1398,54:F0:B1:A2:57:33,LCA,22,358.9004771709442,B2-01,0,3
1399,54:F0:B1:BB:5A:80,eduroam,30,358.9004771709442,B2-01,0,3
1400,54:F0:B1:BB:5A:81,PoliSemFio,44,358.9004771709442,B2-01,0,3
1401,54:F0:B1:BB:5A:82,HACKER,30,358.9004771709442,B2-01,0,3
1402,54:F0:B1:BB:5A:83,LEP,30,358.9004771709442,B2-01,0,3
1403,54:F0:B1:BB:5A:84,,47,358.9004771709442,B2-01,0,3
1404,54:F0:B1:BB:BE:12,,24,358.9004771709442,B2-01,0,3
1405,54:F0:B1:BB:BE:13,CAEEL,22,358.9004771709442,B2-01,0,3
1406,54:F0:B1:BB:C4:D0,eduroam,69,358.9004771709442,B2-01,0,3
1407,54:F0:B1:BB:C4:D1,PoliSemFio,75,358.9004771709442,B2-01,0,3
1408,54:F0:B1:BB:C4:D2,,74,358.9004771709442,B2-01,0,3
1409,54:F0:B1:BB:C4:F0,eduroam,44,358.9004771709442,B2-01,0,3
1410,54:F0:B1:BB:C4:F1,PoliSemFio,44,358.9004771709442,B2-01,0,3
1411,54:F0:B1:BB:C5:C4,GDLAB,12,358.9004771709442,B2-01,0,3
1412,54:F0:B1:BB:F3:20,eduroam,20,358.9004771709442,B2-01,0,3
1413,54:F0:B1:BC:09:40,eduroam,80,358.9004771709442,B2-01,0,3
1414,54:F0:B1:BC:09:41,PoliSemFio,89,358.9004771709442,B2-01,0,3
1415,54:F0:B1:BC:09:42,,75,358.9004771709442,B2-01,0,3
1416,54:F0:B1:BC:09:60,eduroam,67,358.9004771709442,B2-01,0,3
1417,54:F0:B1:BC:09:61,PoliSemFio,67,358.9004771709442,B2-01,0,3
1418,54:F0:B1:BC:1B:D0,eduroam,55,358.9004771709442,B2-01,0,3
1419,54:F0:B1:BC:1B:D1,PoliSemFio,55,358.9004771709442,B2-01,0,3
1420,54:F0:B1:BC:1B:D2,,55,358.9004771709442,B2-01,0,3
1421,54:F0:B1:BC:1B:F0,eduroam,34,358.9004771709442,B2-01,0,3
1422,54:F0:B1:BC:1B:F1,PoliSemFio,32,358.9004771709442,B2-01,0,3
1423,54:F0:B1:BC:2E:90,eduroam,44,358.9004771709442,B2-01,0,3
1424,54:F0:B1:BC:2E:91,PoliSemFio,55,358.9004771709442,B2-01,0,3
1425,54:F0:B1:BC:2E:92,,55,358.9004771709442,B2-01,0,3
1426,54:F0:B1:BC:2E:B0,eduroam,20,358.9004771709442,B2-01,0,3
1427,54:F0:B1:BC:2E:B1,PoliSemFio,20,358.9004771709442,B2-01,0,3
1428,54:F0:B1:BC:2F:50,eduroam,19,358.9004771709442,B2-01,0,3
1429,54:F0:B1:BC:2F:52,,17,358.9004771709442,B2-01,0,3
1430,54:F0:B1:BC:3F:10,eduroam,45,358.9004771709442,B2-01,0,3
1431,54:F0:B1:BC:70:00,eduroam,47,358.9004771709442,B2-01,0,3
1432,54:F0:B1:BC:70:01,PoliSemFio,47,358.9004771709442,B2-01,0,3
1433,54:F0:B1:BC:70:02,,47,358.9004771709442,B2-01,0,3
1434,54:F0:B1:BC:70:20,eduroam,15,358.9004771709442,B2-01,0,3
1435,54:F0:B1:BC:70:21,PoliSemFio,15,358.9004771709442,B2-01,0,3
1436,54:F0:B1:BC:77:80,eduroam,29,358.9004771709442,B2-01,0,3
1437,54:F0:B1:BC:77:81,PoliSemFio,50,358.9004771709442,B2-01,0,3
1438,54:F0:B1:BC:77:82,,50,358.9004771709442,B2-01,0,3
1439,54:F0:B1:BC:77:A0,eduroam,17,358.9004771709442,B2-01,0,3
1440,54:F0:B1:BC:77:A1,PoliSemFio,19,358.9004771709442,B2-01,0,3
1441,68:FF:7B:47:78:BE,C1-22M,32,358.9004771709442,B2-01,0,3
1442,70:62:B8:6E:72:A0,PCS-wireless-C1-13,19,358.9004771709442,B2-01,0,3
1443,70:62:B8:6E:72:A1,PPGEE,22,358.9004771709442,B2-01,0,3
1444,84:D4:7E:06:4F:E0,eduroam,35,358.9004771709442,B2-01,0,3
1445,84:D4:7E:06:4F:E1,PoliSemFio,45,358.9004771709442,B2-01,0,3
1446,84:D4:7E:06:4F:E2,,45,358.9004771709442,B2-01,0,3
1447,84:D4:7E:06:4F:F0,eduroam,14,358.9004771709442,B2-01,0,3
1448,DC:9F:DB:1C:1F:D7,LWN-3,35,358.9004771709442,B2-01,0,3
1449,DC:9F:DB:1C:1F:E0,LWN-3,29,358.9004771709442,B2-01,0,3
1450,DE:9F:DB:1C:1F:E0,LARC Guest,29,358.9004771709442,B2-01,0,3
1451,EE:9F:DB:1C:1F:D7,,29,358.9004771709442,B2-01,0,3
1452,EE:9F:DB:1C:1F:E0,,35,358.9004771709442,B2-01,0,3
1453,F8:1A:67:99:55:8E,NUCLEAR_CHF,27,358.9004771709442,B2-01,0,3
1454,FE:9F:DB:1C:1F:E0,,25,358.9004771709442,B2-01,0,3
1455,00:21:91:70:9D:EC,LAB-DIDATICO,27,365.14381194114685,B2-01,0,3
1456,30:85:A9:69:F2:E4,PCS-Wireless-C2-22,35,365.14381194114685,B2-01,0,3
1457,34:60:F9:A3:D9:14,GASWIFI-2G_C2,24,365.14381194114685,B2-01,0,3
1458,34:CE:00:51:3E:6F,Lab,67,365.14381194114685,B2-01,0,3
1459,34:CE:00:51:3E:70,Lab_5G,27,365.14381194114685,B2-01,0,3
1460,3A:60:F9:A3:D9:14,,22,365.14381194114685,B2-01,0,3
1461,54:B8:0A:AA:2C:8C,LAB_DIGITAL,37,365.14381194114685,B2-01,0,3
1462,54:B8:0A:AA:2C:8D,PCS-Wireless,34,365.14381194114685,B2-01,0,3
1463,54:F0:B1:A1:18:C0,eduroam,14,365.14381194114685,B2-01,0,3
1464,54:F0:B1:A1:18:C1,PoliSemFio,15,365.14381194114685,B2-01,0,3
1465,54:F0:B1:A1:18:C3,MEZANINO,12,365.14381194114685,B2-01,0,3
1466,54:F0:B1:A1:18:C4,GDLAB,14,365.14381194114685,B2-01,0,3
1467,54:F0:B1:A1:18:C5,LABPAD,14,365.14381194114685,B2-01,0,3
1468,54:F0:B1:A1:18:D0,eduroam,30,365.14381194114685,B2-01,0,3
1469,54:F0:B1:A1:18:D1,PoliSemFio,29,365.14381194114685,B2-01,0,3
1470,54:F0:B1:A1:18:D2,,24,365.14381194114685,B2-01,0,3
1471,54:F0:B1:A1:18:D4,GDLAB,14,365.14381194114685,B2-01,0,3
1472,54:F0:B1:A1:18:D5,LABPAD,25,365.14381194114685,B2-01,0,3
1473,54:F0:B1:A1:57:F0,eduroam,15,365.14381194114685,B2-01,0,3
1474,54:F0:B1:A1:57:F1,PoliSemFio,14,365.14381194114685,B2-01,0,3
1475,54:F0:B1:A1:57:F2,,15,365.14381194114685,B2-01,0,3
1476,54:F0:B1:A1:58:00,eduroam,32,365.14381194114685,B2-01,0,3
1477,54:F0:B1:A1:58:01,PoliSemFio,42,365.14381194114685,B2-01,0,3
1478,54:F0:B1:A1:58:02,,44,365.14381194114685,B2-01,0,3
1479,54:F0:B1:A1:E5:00,eduroam,22,365.14381194114685,B2-01,0,3
1480,54:F0:B1:A2:57:30,eduroam,22,365.14381194114685,B2-01,0,3
1481,54:F0:B1:A2:57:31,PoliSemFio,20,365.14381194114685,B2-01,0,3
1482,54:F0:B1:A2:57:32,,22,365.14381194114685,B2-01,0,3
1483,54:F0:B1:A2:57:33,LCA,22,365.14381194114685,B2-01,0,3
1484,54:F0:B1:BB:5A:80,eduroam,30,365.14381194114685,B2-01,0,3
1485,54:F0:B1:BB:5A:81,PoliSemFio,47,365.14381194114685,B2-01,0,3
1486,54:F0:B1:BB:5A:82,HACKER,29,365.14381194114685,B2-01,0,3
1487,54:F0:B1:BB:5A:83,LEP,29,365.14381194114685,B2-01,0,3
1488,54:F0:B1:BB:5A:84,,47,365.14381194114685,B2-01,0,3
1489,54:F0:B1:BB:BE:12,,24,365.14381194114685,B2-01,0,3
1490,54:F0:B1:BB:BE:13,CAEEL,10,365.14381194114685,B2-01,0,3
1491,54:F0:B1:BB:C4:D0,eduroam,79,365.14381194114685,B2-01,0,3
1492,54:F0:B1:BB:C4:D1,PoliSemFio,80,365.14381194114685,B2-01,0,3
1493,54:F0:B1:BB:C4:D2,,80,365.14381194114685,B2-01,0,3
1494,54:F0:B1:BB:C4:F0,eduroam,32,365.14381194114685,B2-01,0,3
1495,54:F0:B1:BB:C4:F1,PoliSemFio,34,365.14381194114685,B2-01,0,3
1496,54:F0:B1:BB:C5:C0,eduroam,12,365.14381194114685,B2-01,0,3
1497,54:F0:B1:BB:C5:C4,GDLAB,12,365.14381194114685,B2-01,0,3
1498,54:F0:B1:BB:C5:C5,LABPAD,12,365.14381194114685,B2-01,0,3
1499,54:F0:B1:BB:F3:20,eduroam,20,365.14381194114685,B2-01,0,3
1500,54:F0:B1:BC:09:40,eduroam,80,365.14381194114685,B2-01,0,3
1501,54:F0:B1:BC:09:41,PoliSemFio,87,365.14381194114685,B2-01,0,3
1502,54:F0:B1:BC:09:42,,75,365.14381194114685,B2-01,0,3
1503,54:F0:B1:BC:09:60,eduroam,80,365.14381194114685,B2-01,0,3
1504,54:F0:B1:BC:09:61,PoliSemFio,82,365.14381194114685,B2-01,0,3
1505,54:F0:B1:BC:1B:D0,eduroam,39,365.14381194114685,B2-01,0,3
1506,54:F0:B1:BC:1B:D1,PoliSemFio,57,365.14381194114685,B2-01,0,3
1507,54:F0:B1:BC:1B:D2,,57,365.14381194114685,B2-01,0,3
1508,54:F0:B1:BC:1B:F0,eduroam,27,365.14381194114685,B2-01,0,3
1509,54:F0:B1:BC:1B:F1,PoliSemFio,27,365.14381194114685,B2-01,0,3
1510,54:F0:B1:BC:2E:90,eduroam,65,365.14381194114685,B2-01,0,3
1511,54:F0:B1:BC:2E:91,PoliSemFio,79,365.14381194114685,B2-01,0,3
1512,54:F0:B1:BC:2E:92,,55,365.14381194114685,B2-01,0,3
1513,54:F0:B1:BC:2E:B0,eduroam,37,365.14381194114685,B2-01,0,3
1514,54:F0:B1:BC:2E:B1,PoliSemFio,37,365.14381194114685,B2-01,0,3
1515,54:F0:B1:BC:2F:50,eduroam,10,365.14381194114685,B2-01,0,3
1516,54:F0:B1:BC:2F:52,,17,365.14381194114685,B2-01,0,3
1517,54:F0:B1:BC:3F:12,,34,365.14381194114685,B2-01,0,3
1518,54:F0:B1:BC:70:00,eduroam,67,365.14381194114685,B2-01,0,3
1519,54:F0:B1:BC:70:01,PoliSemFio,62,365.14381194114685,B2-01,0,3
1520,54:F0:B1:BC:70:02,,47,365.14381194114685,B2-01,0,3
1521,54:F0:B1:BC:70:20,eduroam,12,365.14381194114685,B2-01,0,3
1522,54:F0:B1:BC:70:21,PoliSemFio,14,365.14381194114685,B2-01,0,3
1523,54:F0:B1:BC:77:80,eduroam,29,365.14381194114685,B2-01,0,3
1524,54:F0:B1:BC:77:81,PoliSemFio,49,365.14381194114685,B2-01,0,3
1525,54:F0:B1:BC:77:82,,49,365.14381194114685,B2-01,0,3
1526,54:F0:B1:BC:77:A0,eduroam,35,365.14381194114685,B2-01,0,3
1527,54:F0:B1:BC:77:A1,PoliSemFio,35,365.14381194114685,B2-01,0,3
1528,68:FF:7B:47:78:BE,C1-22M,42,365.14381194114685,B2-01,0,3
1529,70:62:B8:6E:72:A0,PCS-wireless-C1-13,47,365.14381194114685,B2-01,0,3
1530,70:62:B8:6E:72:A1,PPGEE,45,365.14381194114685,B2-01,0,3
1531,84:D4:7E:06:4F:E0,eduroam,49,365.14381194114685,B2-01,0,3
1532,84:D4:7E:06:4F:E1,PoliSemFio,45,365.14381194114685,B2-01,0,3
1533,84:D4:7E:06:4F:E2,,45,365.14381194114685,B2-01,0,3
1534,84:D4:7E:06:4F:F0,eduroam,14,365.14381194114685,B2-01,0,3
1535,DC:9F:DB:1C:1F:D7,LWN-3,25,365.14381194114685,B2-01,0,3
1536,DC:9F:DB:1C:1F:E0,LWN-3,35,365.14381194114685,B2-01,0,3
1537,DE:9F:DB:1C:1F:E0,LARC Guest,29,365.14381194114685,B2-01,0,3
1538,EE:9F:DB:1C:1F:D7,,29,365.14381194114685,B2-01,0,3
1539,EE:9F:DB:1C:1F:E0,,35,365.14381194114685,B2-01,0,3
1540,F8:1A:67:99:55:8E,NUCLEAR_CHF,27,365.14381194114685,B2-01,0,3
1541,FE:9F:DB:1C:1F:E0,,37,365.14381194114685,B2-01,0,3
1542,00:21:91:70:9D:EC,LAB-DIDATICO,27,371.4331953525543,B2-01,0,3
1543,30:85:A9:69:F2:E4,PCS-Wireless-C2-22,35,371.4331953525543,B2-01,0,3
1544,34:60:F9:A3:D9:14,GASWIFI-2G_C2,24,371.4331953525543,B2-01,0,3
1545,34:CE:00:51:3E:6F,Lab,67,371.4331953525543,B2-01,0,3
1546,34:CE:00:51:3E:70,Lab_5G,27,371.4331953525543,B2-01,0,3
1547,3A:60:F9:A3:D9:14,,22,371.4331953525543,B2-01,0,3
1548,54:B8:0A:AA:2C:8C,LAB_DIGITAL,37,371.4331953525543,B2-01,0,3
1549,54:B8:0A:AA:2C:8D,PCS-Wireless,34,371.4331953525543,B2-01,0,3
1550,54:F0:B1:A1:18:C0,eduroam,14,371.4331953525543,B2-01,0,3
1551,54:F0:B1:A1:18:C1,PoliSemFio,15,371.4331953525543,B2-01,0,3
1552,54:F0:B1:A1:18:C3,MEZANINO,12,371.4331953525543,B2-01,0,3
1553,54:F0:B1:A1:18:C4,GDLAB,14,371.4331953525543,B2-01,0,3
1554,54:F0:B1:A1:18:C5,LABPAD,14,371.4331953525543,B2-01,0,3
1555,54:F0:B1:A1:18:D0,eduroam,30,371.4331953525543,B2-01,0,3
1556,54:F0:B1:A1:18:D1,PoliSemFio,29,371.4331953525543,B2-01,0,3
1557,54:F0:B1:A1:18:D2,,24,371.4331953525543,B2-01,0,3
1558,54:F0:B1:A1:18:D4,GDLAB,14,371.4331953525543,B2-01,0,3
1559,54:F0:B1:A1:18:D5,LABPAD,25,371.4331953525543,B2-01,0,3
1560,54:F0:B1:A1:57:F0,eduroam,15,371.4331953525543,B2-01,0,3
1561,54:F0:B1:A1:57:F1,PoliSemFio,14,371.4331953525543,B2-01,0,3
1562,54:F0:B1:A1:57:F2,,15,371.4331953525543,B2-01,0,3
1563,54:F0:B1:A1:58:00,eduroam,32,371.4331953525543,B2-01,0,3
1564,54:F0:B1:A1:58:01,PoliSemFio,42,371.4331953525543,B2-01,0,3
1565,54:F0:B1:A1:58:02,,44,371.4331953525543,B2-01,0,3
1566,54:F0:B1:A1:E5:00,eduroam,22,371.4331953525543,B2-01,0,3
1567,54:F0:B1:A2:57:30,eduroam,22,371.4331953525543,B2-01,0,3
1568,54:F0:B1:A2:57:31,PoliSemFio,20,371.4331953525543,B2-01,0,3
1569,54:F0:B1:A2:57:32,,22,371.4331953525543,B2-01,0,3
1570,54:F0:B1:A2:57:33,LCA,22,371.4331953525543,B2-01,0,3
1571,54:F0:B1:BB:5A:80,eduroam,30,371.4331953525543,B2-01,0,3
1572,54:F0:B1:BB:5A:81,PoliSemFio,47,371.4331953525543,B2-01,0,3
1573,54:F0:B1:BB:5A:82,HACKER,29,371.4331953525543,B2-01,0,3
1574,54:F0:B1:BB:5A:83,LEP,29,371.4331953525543,B2-01,0,3
1575,54:F0:B1:BB:5A:84,,47,371.4331953525543,B2-01,0,3
1576,54:F0:B1:BB:BE:12,,24,371.4331953525543,B2-01,0,3
1577,54:F0:B1:BB:BE:13,CAEEL,10,371.4331953525543,B2-01,0,3
1578,54:F0:B1:BB:C4:D0,eduroam,79,371.4331953525543,B2-01,0,3
1579,54:F0:B1:BB:C4:D1,PoliSemFio,80,371.4331953525543,B2-01,0,3
1580,54:F0:B1:BB:C4:D2,,80,371.4331953525543,B2-01,0,3
1581,54:F0:B1:BB:C4:F0,eduroam,32,371.4331953525543,B2-01,0,3
1582,54:F0:B1:BB:C4:F1,PoliSemFio,34,371.4331953525543,B2-01,0,3
1583,54:F0:B1:BB:C5:C0,eduroam,12,371.4331953525543,B2-01,0,3
1584,54:F0:B1:BB:C5:C4,GDLAB,12,371.4331953525543,B2-01,0,3
1585,54:F0:B1:BB:C5:C5,LABPAD,12,371.4331953525543,B2-01,0,3
1586,54:F0:B1:BB:F3:20,eduroam,20,371.4331953525543,B2-01,0,3
1587,54:F0:B1:BC:09:40,eduroam,80,371.4331953525543,B2-01,0,3
1588,54:F0:B1:BC:09:41,PoliSemFio,87,371.4331953525543,B2-01,0,3
1589,54:F0:B1:BC:09:42,,75,371.4331953525543,B2-01,0,3
1590,54:F0:B1:BC:09:60,eduroam,74,371.4331953525543,B2-01,0,3
1591,54:F0:B1:BC:09:61,PoliSemFio,82,371.4331953525543,B2-01,0,3
1592,54:F0:B1:BC:1B:D0,eduroam,39,371.4331953525543,B2-01,0,3
1593,54:F0:B1:BC:1B:D1,PoliSemFio,57,371.4331953525543,B2-01,0,3
1594,54:F0:B1:BC:1B:D2,,57,371.4331953525543,B2-01,0,3
1595,54:F0:B1:BC:1B:F0,eduroam,27,371.4331953525543,B2-01,0,3
1596,54:F0:B1:BC:1B:F1,PoliSemFio,27,371.4331953525543,B2-01,0,3
1597,54:F0:B1:BC:2E:90,eduroam,65,371.4331953525543,B2-01,0,3
1598,54:F0:B1:BC:2E:91,PoliSemFio,79,371.4331953525543,B2-01,0,3
1599,54:F0:B1:BC:2E:92,,55,371.4331953525543,B2-01,0,3
1600,54:F0:B1:BC:2E:B0,eduroam,37,371.4331953525543,B2-01,0,3
1601,54:F0:B1:BC:2E:B1,PoliSemFio,37,371.4331953525543,B2-01,0,3
1602,54:F0:B1:BC:2F:50,eduroam,10,371.4331953525543,B2-01,0,3
1603,54:F0:B1:BC:2F:52,,17,371.4331953525543,B2-01,0,3
1604,54:F0:B1:BC:3F:12,,34,371.4331953525543,B2-01,0,3
1605,54:F0:B1:BC:70:00,eduroam,67,371.4331953525543,B2-01,0,3
1606,54:F0:B1:BC:70:01,PoliSemFio,62,371.4331953525543,B2-01,0,3
1607,54:F0:B1:BC:70:02,,47,371.4331953525543,B2-01,0,3
1608,54:F0:B1:BC:70:20,eduroam,12,371.4331953525543,B2-01,0,3
1609,54:F0:B1:BC:70:21,PoliSemFio,14,371.4331953525543,B2-01,0,3
1610,54:F0:B1:BC:77:80,eduroam,29,371.4331953525543,B2-01,0,3
1611,54:F0:B1:BC:77:81,PoliSemFio,49,371.4331953525543,B2-01,0,3
1612,54:F0:B1:BC:77:82,,49,371.4331953525543,B2-01,0,3
1613,54:F0:B1:BC:77:A0,eduroam,35,371.4331953525543,B2-01,0,3
1614,54:F0:B1:BC:77:A1,PoliSemFio,35,371.4331953525543,B2-01,0,3
1615,68:FF:7B:47:78:BE,C1-22M,42,371.4331953525543,B2-01,0,3
1616,70:62:B8:6E:72:A0,PCS-wireless-C1-13,47,371.4331953525543,B2-01,0,3
1617,70:62:B8:6E:72:A1,PPGEE,45,371.4331953525543,B2-01,0,3
1618,84:D4:7E:06:4F:E0,eduroam,49,371.4331953525543,B2-01,0,3
1619,84:D4:7E:06:4F:E1,PoliSemFio,45,371.4331953525543,B2-01,0,3
1620,84:D4:7E:06:4F:E2,,45,371.4331953525543,B2-01,0,3
1621,84:D4:7E:06:4F:F0,eduroam,14,371.4331953525543,B2-01,0,3
1622,DC:9F:DB:1C:1F:D7,LWN-3,25,371.4331953525543,B2-01,0,3
1623,DC:9F:DB:1C:1F:E0,LWN-3,35,371.4331953525543,B2-01,0,3
1624,DE:9F:DB:1C:1F:E0,LARC Guest,29,371.4331953525543,B2-01,0,3
1625,EE:9F:DB:1C:1F:D7,,29,371.4331953525543,B2-01,0,3
1626,EE:9F:DB:1C:1F:E0,,35,371.4331953525543,B2-01,0,3
1627,F8:1A:67:99:55:8E,NUCLEAR_CHF,27,371.4331953525543,B2-01,0,3
1628,FE:9F:DB:1C:1F:E0,,37,371.4331953525543,B2-01,0,3
1629,30:85:A9:69:F2:E4,PCS-Wireless-C2-22,35,374.0802664756775,B2-01,0,3
1630,34:60:F9:A3:D9:14,GASWIFI-2G_C2,24,374.0802664756775,B2-01,0,3
1631,34:CE:00:51:3E:6F,Lab,49,374.0802664756775,B2-01,0,3
1632,34:CE:00:51:3E:70,Lab_5G,22,374.0802664756775,B2-01,0,3
1633,54:B8:0A:AA:2C:8C,LAB_DIGITAL,37,374.0802664756775,B2-01,0,3
1634,54:B8:0A:AA:2C:8D,PCS-Wireless,30,374.0802664756775,B2-01,0,3
1635,54:F0:B1:A1:18:C0,eduroam,14,374.0802664756775,B2-01,0,3
1636,54:F0:B1:A1:18:C1,PoliSemFio,15,374.0802664756775,B2-01,0,3
1637,54:F0:B1:A1:18:C3,MEZANINO,12,374.0802664756775,B2-01,0,3
1638,54:F0:B1:A1:18:C4,GDLAB,14,374.0802664756775,B2-01,0,3
1639,54:F0:B1:A1:18:C5,LABPAD,14,374.0802664756775,B2-01,0,3
1640,54:F0:B1:A1:18:D0,eduroam,30,374.0802664756775,B2-01,0,3
1641,54:F0:B1:A1:18:D2,,24,374.0802664756775,B2-01,0,3
1642,54:F0:B1:A1:18:D3,MEZANINO,20,374.0802664756775,B2-01,0,3
1643,54:F0:B1:A1:18:D4,GDLAB,25,374.0802664756775,B2-01,0,3
1644,54:F0:B1:A1:18:D5,LABPAD,25,374.0802664756775,B2-01,0,3
1645,54:F0:B1:A1:57:F0,eduroam,10,374.0802664756775,B2-01,0,3
1646,54:F0:B1:A1:57:F1,PoliSemFio,14,374.0802664756775,B2-01,0,3
1647,54:F0:B1:A1:57:F2,,15,374.0802664756775,B2-01,0,3
1648,54:F0:B1:A1:58:00,eduroam,44,374.0802664756775,B2-01,0,3
1649,54:F0:B1:A1:58:01,PoliSemFio,42,374.0802664756775,B2-01,0,3
1650,54:F0:B1:A1:58:02,,42,374.0802664756775,B2-01,0,3
1651,54:F0:B1:A2:57:30,eduroam,22,374.0802664756775,B2-01,0,3
1652,54:F0:B1:A2:57:31,PoliSemFio,20,374.0802664756775,B2-01,0,3
1653,54:F0:B1:A2:57:32,,22,374.0802664756775,B2-01,0,3
1654,54:F0:B1:A2:57:33,LCA,22,374.0802664756775,B2-01,0,3
1655,54:F0:B1:BB:5A:80,eduroam,30,374.0802664756775,B2-01,0,3
1656,54:F0:B1:BB:5A:81,PoliSemFio,47,374.0802664756775,B2-01,0,3
1657,54:F0:B1:BB:5A:82,HACKER,29,374.0802664756775,B2-01,0,3
1658,54:F0:B1:BB:5A:83,LEP,29,374.0802664756775,B2-01,0,3
1659,54:F0:B1:BB:5A:84,,47,374.0802664756775,B2-01,0,3
1660,54:F0:B1:BB:BE:12,,24,374.0802664756775,B2-01,0,3
1661,54:F0:B1:BB:BE:13,CAEEL,15,374.0802664756775,B2-01,0,3
1662,54:F0:B1:BB:C4:D0,eduroam,74,374.0802664756775,B2-01,0,3
1663,54:F0:B1:BB:C4:D1,PoliSemFio,80,374.0802664756775,B2-01,0,3
1664,54:F0:B1:BB:C4:D2,,79,374.0802664756775,B2-01,0,3
1665,54:F0:B1:BB:C4:F0,eduroam,42,374.0802664756775,B2-01,0,3
1666,54:F0:B1:BB:C4:F1,PoliSemFio,42,374.0802664756775,B2-01,0,3
1667,54:F0:B1:BB:C5:C0,eduroam,12,374.0802664756775,B2-01,0,3
1668,54:F0:B1:BB:C5:C4,GDLAB,12,374.0802664756775,B2-01,0,3
1669,54:F0:B1:BB:C5:C5,LABPAD,12,374.0802664756775,B2-01,0,3
1670,54:F0:B1:BB:F3:20,eduroam,20,374.0802664756775,B2-01,0,3
1671,54:F0:B1:BC:09:40,eduroam,84,374.0802664756775,B2-01,0,3
1672,54:F0:B1:BC:09:41,PoliSemFio,82,374.0802664756775,B2-01,0,3
1673,54:F0:B1:BC:09:42,,82,374.0802664756775,B2-01,0,3
1674,54:F0:B1:BC:09:60,eduroam,65,374.0802664756775,B2-01,0,3
1675,54:F0:B1:BC:09:61,PoliSemFio,65,374.0802664756775,B2-01,0,3
1676,54:F0:B1:BC:1B:D0,eduroam,39,374.0802664756775,B2-01,0,3
1677,54:F0:B1:BC:1B:D1,PoliSemFio,57,374.0802664756775,B2-01,0,3
1678,54:F0:B1:BC:1B:D2,,57,374.0802664756775,B2-01,0,3
1679,54:F0:B1:BC:1B:F0,eduroam,32,374.0802664756775,B2-01,0,3
1680,54:F0:B1:BC:1B:F1,PoliSemFio,34,374.0802664756775,B2-01,0,3
1681,54:F0:B1:BC:2E:90,eduroam,42,374.0802664756775,B2-01,0,3
1682,54:F0:B1:BC:2E:91,PoliSemFio,79,374.0802664756775,B2-01,0,3
1683,54:F0:B1:BC:2E:92,,55,374.0802664756775,B2-01,0,3
1684,54:F0:B1:BC:2E:B0,eduroam,20,374.0802664756775,B2-01,0,3
1685,54:F0:B1:BC:2E:B1,PoliSemFio,19,374.0802664756775,B2-01,0,3
1686,54:F0:B1:BC:2F:50,eduroam,10,374.0802664756775,B2-01,0,3
1687,54:F0:B1:BC:2F:52,,17,374.0802664756775,B2-01,0,3
1688,54:F0:B1:BC:3F:12,,34,374.0802664756775,B2-01,0,3
1689,54:F0:B1:BC:70:00,eduroam,49,374.0802664756775,B2-01,0,3
1690,54:F0:B1:BC:70:01,PoliSemFio,50,374.0802664756775,B2-01,0,3
1691,54:F0:B1:BC:70:02,,47,374.0802664756775,B2-01,0,3
1692,54:F0:B1:BC:70:20,eduroam,15,374.0802664756775,B2-01,0,3
1693,54:F0:B1:BC:70:21,PoliSemFio,14,374.0802664756775,B2-01,0,3
1694,54:F0:B1:BC:77:80,eduroam,29,374.0802664756775,B2-01,0,3
1695,54:F0:B1:BC:77:81,PoliSemFio,49,374.0802664756775,B2-01,0,3
1696,54:F0:B1:BC:77:82,,32,374.0802664756775,B2-01,0,3
1697,54:F0:B1:BC:77:A0,eduroam,35,374.0802664756775,B2-01,0,3
1698,54:F0:B1:BC:77:A1,PoliSemFio,35,374.0802664756775,B2-01,0,3
1699,68:FF:7B:47:78:BE,C1-22M,32,374.0802664756775,B2-01,0,3
1700,70:62:B8:6E:72:A0,PCS-wireless-C1-13,47,374.0802664756775,B2-01,0,3
1701,70:62:B8:6E:72:A1,PPGEE,45,374.0802664756775,B2-01,0,3
1702,84:D4:7E:06:4F:E0,eduroam,39,374.0802664756775,B2-01,0,3
1703,84:D4:7E:06:4F:E1,PoliSemFio,40,374.0802664756775,B2-01,0,3
1704,84:D4:7E:06:4F:F0,eduroam,14,374.0802664756775,B2-01,0,3
1705,DC:9F:DB:1C:1F:D7,LWN-3,25,374.0802664756775,B2-01,0,3
1706,DC:9F:DB:1C:1F:E0,LWN-3,30,374.0802664756775,B2-01,0,3
1707,DE:9F:DB:1C:1F:E0,LARC Guest,24,374.0802664756775,B2-01,0,3
1708,EE:9F:DB:1C:1F:D7,,29,374.0802664756775,B2-01,0,3
1709,EE:9F:DB:1C:1F:E0,,29,374.0802664756775,B2-01,0,3
1710,F8:1A:67:99:55:8E,NUCLEAR_CHF,27,374.0802664756775,B2-01,0,3
1711,FE:9F:DB:1C:1F:E0,,27,374.0802664756775,B2-01,0,3
