,ap_mac,ap_name,rssi,timestamp,room,door_status,room_part
0,00:21:91:70:9D:EC,LAB-DIDATICO,45,236.94338703155518,B2-01,0,3
1,20:AA:4B:A7:19:74,LAA03,19,236.94338703155518,B2-01,0,3
2,30:85:A9:69:F2:E4,PCS-Wireless-C2-22,40,236.94338703155518,B2-01,0,3
3,34:60:F9:A3:D9:14,GASWIFI-2G_C2,22,236.94338703155518,B2-01,0,3
4,34:60:F9:A3:E7:3F,GASWIFI_C4,30,236.94338703155518,B2-01,0,3
5,34:60:F9:A3:E8:73,GASWIFI_C3,15,236.94338703155518,B2-01,0,3
6,34:CE:00:51:3E:6F,Lab,70,236.94338703155518,B2-01,0,3
7,34:CE:00:51:3E:70,Lab_5G,14,236.94338703155518,B2-01,0,3
8,54:B8:0A:AA:2C:8C,LAB_DIGITAL,34,236.94338703155518,B2-01,0,3
9,54:B8:0A:AA:2C:8D,PCS-Wireless,30,236.94338703155518,B2-01,0,3
10,54:F0:B1:A1:18:C0,eduroam,19,236.94338703155518,B2-01,0,3
11,54:F0:B1:A1:18:C1,PoliSemFio,17,236.94338703155518,B2-01,0,3
12,54:F0:B1:A1:18:C3,MEZANINO,17,236.94338703155518,B2-01,0,3
13,54:F0:B1:A1:18:C4,GDLAB,19,236.94338703155518,B2-01,0,3
14,54:F0:B1:A1:18:C5,LABPAD,17,236.94338703155518,B2-01,0,3
15,54:F0:B1:A1:18:D0,eduroam,30,236.94338703155518,B2-01,0,3
16,54:F0:B1:A1:18:D1,PoliSemFio,34,236.94338703155518,B2-01,0,3
17,54:F0:B1:A1:18:D2,,34,236.94338703155518,B2-01,0,3
18,54:F0:B1:A1:18:D3,MEZANINO,22,236.94338703155518,B2-01,0,3
19,54:F0:B1:A1:18:D4,GDLAB,40,236.94338703155518,B2-01,0,3
20,54:F0:B1:A1:18:D5,LABPAD,22,236.94338703155518,B2-01,0,3
21,54:F0:B1:A1:57:F0,eduroam,22,236.94338703155518,B2-01,0,3
22,54:F0:B1:A1:57:F1,PoliSemFio,22,236.94338703155518,B2-01,0,3
23,54:F0:B1:A1:58:00,eduroam,35,236.94338703155518,B2-01,0,3
24,54:F0:B1:A1:58:01,PoliSemFio,40,236.94338703155518,B2-01,0,3
25,54:F0:B1:A1:58:02,,44,236.94338703155518,B2-01,0,3
26,54:F0:B1:A1:E4:F0,eduroam,17,236.94338703155518,B2-01,0,3
27,54:F0:B1:A1:E4:F1,PoliSemFio,19,236.94338703155518,B2-01,0,3
28,54:F0:B1:A1:E5:00,eduroam,24,236.94338703155518,B2-01,0,3
29,54:F0:B1:A1:E5:01,PoliSemFio,27,236.94338703155518,B2-01,0,3
30,54:F0:B1:A1:E5:02,,25,236.94338703155518,B2-01,0,3
31,54:F0:B1:A2:56:71,PoliSemFio,19,236.94338703155518,B2-01,0,3
32,54:F0:B1:A2:56:72,,24,236.94338703155518,B2-01,0,3
33,54:F0:B1:A2:57:30,eduroam,27,236.94338703155518,B2-01,0,3
34,54:F0:B1:A2:57:31,PoliSemFio,32,236.94338703155518,B2-01,0,3
35,54:F0:B1:A2:57:32,,25,236.94338703155518,B2-01,0,3
36,54:F0:B1:A2:57:33,LCA,34,236.94338703155518,B2-01,0,3
37,54:F0:B1:BB:5A:81,PoliSemFio,24,236.94338703155518,B2-01,0,3
38,54:F0:B1:BB:5A:82,HACKER,24,236.94338703155518,B2-01,0,3
39,54:F0:B1:BB:5A:83,LEP,30,236.94338703155518,B2-01,0,3
40,54:F0:B1:BB:5A:84,,24,236.94338703155518,B2-01,0,3
41,54:F0:B1:BB:5A:A4,,17,236.94338703155518,B2-01,0,3
42,54:F0:B1:BB:84:B1,PoliSemFio,24,236.94338703155518,B2-01,0,3
43,54:F0:B1:BB:84:B2,,19,236.94338703155518,B2-01,0,3
44,54:F0:B1:BB:92:C2,,29,236.94338703155518,B2-01,0,3
45,54:F0:B1:BB:92:E0,eduroam,10,236.94338703155518,B2-01,0,3
46,54:F0:B1:BB:92:E1,PoliSemFio,12,236.94338703155518,B2-01,0,3
47,54:F0:B1:BB:BE:10,eduroam,20,236.94338703155518,B2-01,0,3
48,54:F0:B1:BB:BE:13,CAEEL,27,236.94338703155518,B2-01,0,3
49,54:F0:B1:BB:C4:D0,eduroam,57,236.94338703155518,B2-01,0,3
50,54:F0:B1:BB:C4:D1,PoliSemFio,62,236.94338703155518,B2-01,0,3
51,54:F0:B1:BB:C4:D2,,62,236.94338703155518,B2-01,0,3
52,54:F0:B1:BB:C4:F0,eduroam,29,236.94338703155518,B2-01,0,3
53,54:F0:B1:BB:C4:F1,PoliSemFio,29,236.94338703155518,B2-01,0,3
54,54:F0:B1:BB:C5:C1,PoliSemFio,22,236.94338703155518,B2-01,0,3
55,54:F0:B1:BB:C5:C2,,24,236.94338703155518,B2-01,0,3
56,54:F0:B1:BB:C5:C3,MEZANINO,25,236.94338703155518,B2-01,0,3
57,54:F0:B1:BB:C5:C4,GDLAB,29,236.94338703155518,B2-01,0,3
58,54:F0:B1:BB:CC:E3,eduroam,12,236.94338703155518,B2-01,0,3
59,54:F0:B1:BB:F3:20,eduroam,29,236.94338703155518,B2-01,0,3
60,54:F0:B1:BB:F3:21,PoliSemFio,34,236.94338703155518,B2-01,0,3
61,54:F0:B1:BB:F3:22,,32,236.94338703155518,B2-01,0,3
62,54:F0:B1:BC:09:40,eduroam,30,236.94338703155518,B2-01,0,3
63,54:F0:B1:BC:09:41,PoliSemFio,100,236.94338703155518,B2-01,0,3
64,54:F0:B1:BC:09:42,,87,236.94338703155518,B2-01,0,3
65,54:F0:B1:BC:09:60,eduroam,94,236.94338703155518,B2-01,0,3
66,54:F0:B1:BC:09:61,PoliSemFio,94,236.94338703155518,B2-01,0,3
67,54:F0:B1:BC:1B:D0,eduroam,54,236.94338703155518,B2-01,0,3
68,54:F0:B1:BC:1B:D1,PoliSemFio,52,236.94338703155518,B2-01,0,3
69,54:F0:B1:BC:1B:D2,,52,236.94338703155518,B2-01,0,3
70,54:F0:B1:BC:1B:F0,eduroam,37,236.94338703155518,B2-01,0,3
71,54:F0:B1:BC:1B:F1,PoliSemFio,37,236.94338703155518,B2-01,0,3
72,54:F0:B1:BC:2E:90,eduroam,84,236.94338703155518,B2-01,0,3
73,54:F0:B1:BC:2E:91,PoliSemFio,75,236.94338703155518,B2-01,0,3
74,54:F0:B1:BC:2E:92,_owetm_PoliSemFio_ac058410,75,236.94338703155518,B2-01,0,3
75,54:F0:B1:BC:2E:B0,eduroam,42,236.94338703155518,B2-01,0,3
76,54:F0:B1:BC:2E:B1,PoliSemFio,42,236.94338703155518,B2-01,0,3
77,54:F0:B1:BC:36:11,eduroam,24,236.94338703155518,B2-01,0,3
78,54:F0:B1:BC:3F:10,eduroam,24,236.94338703155518,B2-01,0,3
79,54:F0:B1:BC:3F:12,,37,236.94338703155518,B2-01,0,3
80,54:F0:B1:BC:70:00,eduroam,47,236.94338703155518,B2-01,0,3
81,54:F0:B1:BC:70:01,PoliSemFio,50,236.94338703155518,B2-01,0,3
82,54:F0:B1:BC:70:20,eduroam,24,236.94338703155518,B2-01,0,3
83,54:F0:B1:BC:70:21,PoliSemFio,25,236.94338703155518,B2-01,0,3
84,54:F0:B1:BC:77:80,eduroam,39,236.94338703155518,B2-01,0,3
85,54:F0:B1:BC:77:81,PoliSemFio,54,236.94338703155518,B2-01,0,3
86,54:F0:B1:BC:77:82,,54,236.94338703155518,B2-01,0,3
87,54:F0:B1:BC:77:A0,eduroam,25,236.94338703155518,B2-01,0,3
88,54:F0:B1:BC:77:A1,PoliSemFio,25,236.94338703155518,B2-01,0,3
89,54:F0:B1:BC:77:A2,_owetm_PoliSemFio_ac058410,25,236.94338703155518,B2-01,0,3
90,68:FF:7B:47:78:BE,C1-22M,35,236.94338703155518,B2-01,0,3
91,70:62:B8:6E:72:A0,PCS-wireless-C1-13,42,236.94338703155518,B2-01,0,3
92,70:62:B8:6E:72:A1,PPGEE,44,236.94338703155518,B2-01,0,3
93,84:D4:7E:06:4F:E0,eduroam,52,236.94338703155518,B2-01,0,3
94,84:D4:7E:06:4F:E1,PoliSemFio,49,236.94338703155518,B2-01,0,3
95,84:D4:7E:06:4F:E2,,49,236.94338703155518,B2-01,0,3
96,84:D4:7E:06:4F:F0,eduroam,29,236.94338703155518,B2-01,0,3
97,84:D4:7E:06:4F:F1,PoliSemFio,27,236.94338703155518,B2-01,0,3
98,84:D4:7E:06:4F:F2,,20,236.94338703155518,B2-01,0,3
99,B6:4E:26:4B:84:C2,C2-01-Guest,15,236.94338703155518,B2-01,0,3
100,DC:9F:DB:1C:1F:D7,LWN-3,32,236.94338703155518,B2-01,0,3
101,DC:9F:DB:1C:1F:E0,LWN-3,25,236.94338703155518,B2-01,0,3
102,DE:9F:DB:1C:1F:D7,LARC Guest,34,236.94338703155518,B2-01,0,3
103,DE:9F:DB:1C:1F:E0,LARC Guest,40,236.94338703155518,B2-01,0,3
104,EE:9F:DB:1C:1F:D7,,32,236.94338703155518,B2-01,0,3
105,EE:9F:DB:1C:1F:E0,,45,236.94338703155518,B2-01,0,3
106,F8:1A:67:99:55:8E,NUCLEAR_CHF,30,236.94338703155518,B2-01,0,3
107,FE:9F:DB:1C:1F:D7,,30,236.94338703155518,B2-01,0,3
108,FE:9F:DB:1C:1F:E0,,40,236.94338703155518,B2-01,0,3
109,00:21:91:70:9D:EC,LAB-DIDATICO,45,239.5825457572937,B2-01,0,3
110,20:AA:4B:A7:19:74,LAA03,19,239.5825457572937,B2-01,0,3
111,30:85:A9:69:F2:E4,PCS-Wireless-C2-22,40,239.5825457572937,B2-01,0,3
112,34:60:F9:A3:D9:14,GASWIFI-2G_C2,25,239.5825457572937,B2-01,0,3
113,34:60:F9:A3:E7:3F,GASWIFI_C4,30,239.5825457572937,B2-01,0,3
114,34:60:F9:A3:E8:73,GASWIFI_C3,15,239.5825457572937,B2-01,0,3
115,34:CE:00:51:3E:6F,Lab,67,239.5825457572937,B2-01,0,3
116,34:CE:00:51:3E:70,Lab_5G,19,239.5825457572937,B2-01,0,3
117,3A:60:F9:A3:D9:14,,20,239.5825457572937,B2-01,0,3
118,54:B8:0A:AA:2C:8C,LAB_DIGITAL,32,239.5825457572937,B2-01,0,3
119,54:B8:0A:AA:2C:8D,PCS-Wireless,34,239.5825457572937,B2-01,0,3
120,54:F0:B1:A1:18:C1,PoliSemFio,17,239.5825457572937,B2-01,0,3
121,54:F0:B1:A1:18:C3,MEZANINO,17,239.5825457572937,B2-01,0,3
122,54:F0:B1:A1:18:C4,GDLAB,19,239.5825457572937,B2-01,0,3
123,54:F0:B1:A1:18:C5,LABPAD,17,239.5825457572937,B2-01,0,3
124,54:F0:B1:A1:18:D0,eduroam,30,239.5825457572937,B2-01,0,3
125,54:F0:B1:A1:18:D1,PoliSemFio,34,239.5825457572937,B2-01,0,3
126,54:F0:B1:A1:18:D2,,34,239.5825457572937,B2-01,0,3
127,54:F0:B1:A1:18:D3,MEZANINO,22,239.5825457572937,B2-01,0,3
128,54:F0:B1:A1:18:D4,GDLAB,40,239.5825457572937,B2-01,0,3
129,54:F0:B1:A1:18:D5,LABPAD,22,239.5825457572937,B2-01,0,3
130,54:F0:B1:A1:57:F0,eduroam,20,239.5825457572937,B2-01,0,3
131,54:F0:B1:A1:57:F1,PoliSemFio,22,239.5825457572937,B2-01,0,3
132,54:F0:B1:A1:58:00,eduroam,45,239.5825457572937,B2-01,0,3
133,54:F0:B1:A1:58:01,PoliSemFio,49,239.5825457572937,B2-01,0,3
134,54:F0:B1:A1:58:02,,47,239.5825457572937,B2-01,0,3
135,54:F0:B1:A1:E4:F1,PoliSemFio,19,239.5825457572937,B2-01,0,3
136,54:F0:B1:A1:E5:00,eduroam,24,239.5825457572937,B2-01,0,3
137,54:F0:B1:A1:E5:01,PoliSemFio,27,239.5825457572937,B2-01,0,3
138,54:F0:B1:A1:E5:02,,25,239.5825457572937,B2-01,0,3
139,54:F0:B1:A2:57:30,eduroam,27,239.5825457572937,B2-01,0,3
140,54:F0:B1:A2:57:31,PoliSemFio,32,239.5825457572937,B2-01,0,3
141,54:F0:B1:A2:57:32,,25,239.5825457572937,B2-01,0,3
142,54:F0:B1:A2:57:33,LCA,34,239.5825457572937,B2-01,0,3
143,54:F0:B1:BB:5A:81,PoliSemFio,40,239.5825457572937,B2-01,0,3
144,54:F0:B1:BB:5A:82,HACKER,24,239.5825457572937,B2-01,0,3
145,54:F0:B1:BB:5A:83,LEP,24,239.5825457572937,B2-01,0,3
146,54:F0:B1:BB:5A:84,,24,239.5825457572937,B2-01,0,3
147,54:F0:B1:BB:5A:A4,,17,239.5825457572937,B2-01,0,3
148,54:F0:B1:BB:84:B2,,19,239.5825457572937,B2-01,0,3
149,54:F0:B1:BB:92:C2,,29,239.5825457572937,B2-01,0,3
150,54:F0:B1:BB:92:E0,eduroam,10,239.5825457572937,B2-01,0,3
151,54:F0:B1:BB:92:E1,PoliSemFio,12,239.5825457572937,B2-01,0,3
152,54:F0:B1:BB:BE:10,eduroam,20,239.5825457572937,B2-01,0,3
153,54:F0:B1:BB:BE:11,PoliSemFio,29,239.5825457572937,B2-01,0,3
154,54:F0:B1:BB:BE:12,,27,239.5825457572937,B2-01,0,3
155,54:F0:B1:BB:BE:13,CAEEL,30,239.5825457572937,B2-01,0,3
156,54:F0:B1:BB:C4:D0,eduroam,65,239.5825457572937,B2-01,0,3
157,54:F0:B1:BB:C4:D1,PoliSemFio,85,239.5825457572937,B2-01,0,3
158,54:F0:B1:BB:C4:D2,,85,239.5825457572937,B2-01,0,3
159,54:F0:B1:BB:C4:F0,eduroam,50,239.5825457572937,B2-01,0,3
160,54:F0:B1:BB:C4:F1,PoliSemFio,52,239.5825457572937,B2-01,0,3
161,54:F0:B1:BB:C5:C3,MEZANINO,27,239.5825457572937,B2-01,0,3
162,54:F0:B1:BB:C5:C4,GDLAB,29,239.5825457572937,B2-01,0,3
163,54:F0:B1:BB:C5:C5,LABPAD,25,239.5825457572937,B2-01,0,3
164,54:F0:B1:BB:F3:20,eduroam,27,239.5825457572937,B2-01,0,3
165,54:F0:B1:BB:F3:21,PoliSemFio,24,239.5825457572937,B2-01,0,3
166,54:F0:B1:BB:F3:22,,32,239.5825457572937,B2-01,0,3
167,54:F0:B1:BC:09:40,eduroam,97,239.5825457572937,B2-01,0,3
168,54:F0:B1:BC:09:41,PoliSemFio,97,239.5825457572937,B2-01,0,3
169,54:F0:B1:BC:09:42,,97,239.5825457572937,B2-01,0,3
170,54:F0:B1:BC:09:60,eduroam,73,239.5825457572937,B2-01,0,3
171,54:F0:B1:BC:09:61,PoliSemFio,62,239.5825457572937,B2-01,0,3
172,54:F0:B1:BC:1B:D0,eduroam,62,239.5825457572937,B2-01,0,3
173,54:F0:B1:BC:1B:D1,PoliSemFio,52,239.5825457572937,B2-01,0,3
174,54:F0:B1:BC:1B:D2,,52,239.5825457572937,B2-01,0,3
175,54:F0:B1:BC:1B:F0,eduroam,25,239.5825457572937,B2-01,0,3
176,54:F0:B1:BC:1B:F1,PoliSemFio,25,239.5825457572937,B2-01,0,3
177,54:F0:B1:BC:2E:90,eduroam,34,239.5825457572937,B2-01,0,3
178,54:F0:B1:BC:2E:91,PoliSemFio,75,239.5825457572937,B2-01,0,3
179,54:F0:B1:BC:2E:92,_owetm_PoliSemFio_ac058410,75,239.5825457572937,B2-01,0,3
180,54:F0:B1:BC:2E:B0,eduroam,30,239.5825457572937,B2-01,0,3
181,54:F0:B1:BC:2E:B1,PoliSemFio,30,239.5825457572937,B2-01,0,3
182,54:F0:B1:BC:3F:10,eduroam,49,239.5825457572937,B2-01,0,3
183,54:F0:B1:BC:3F:11,PoliSemFio,45,239.5825457572937,B2-01,0,3
184,54:F0:B1:BC:70:00,eduroam,47,239.5825457572937,B2-01,0,3
185,54:F0:B1:BC:70:01,PoliSemFio,50,239.5825457572937,B2-01,0,3
186,54:F0:B1:BC:70:20,eduroam,30,239.5825457572937,B2-01,0,3
187,54:F0:B1:BC:70:21,PoliSemFio,29,239.5825457572937,B2-01,0,3
188,54:F0:B1:BC:77:80,eduroam,39,239.5825457572937,B2-01,0,3
189,54:F0:B1:BC:77:81,PoliSemFio,52,239.5825457572937,B2-01,0,3
190,54:F0:B1:BC:77:82,,54,239.5825457572937,B2-01,0,3
191,54:F0:B1:BC:77:A0,eduroam,32,239.5825457572937,B2-01,0,3
192,54:F0:B1:BC:77:A1,PoliSemFio,32,239.5825457572937,B2-01,0,3
193,54:F0:B1:BC:77:A2,_owetm_PoliSemFio_ac058410,25,239.5825457572937,B2-01,0,3
194,68:FF:7B:47:78:BE,C1-22M,47,239.5825457572937,B2-01,0,3
195,70:62:B8:6E:72:A0,PCS-wireless-C1-13,30,239.5825457572937,B2-01,0,3
196,70:62:B8:6E:72:A1,PPGEE,29,239.5825457572937,B2-01,0,3
197,84:D4:7E:06:4F:E0,eduroam,62,239.5825457572937,B2-01,0,3
198,84:D4:7E:06:4F:E1,PoliSemFio,54,239.5825457572937,B2-01,0,3
199,84:D4:7E:06:4F:E2,,49,239.5825457572937,B2-01,0,3
200,84:D4:7E:06:4F:F0,eduroam,19,239.5825457572937,B2-01,0,3
201,84:D4:7E:06:4F:F1,PoliSemFio,27,239.5825457572937,B2-01,0,3
202,B6:4E:26:4B:84:C2,C2-01-Guest,15,239.5825457572937,B2-01,0,3
203,DC:9F:DB:1C:1F:D7,LWN-3,32,239.5825457572937,B2-01,0,3
204,DC:9F:DB:1C:1F:E0,LWN-3,25,239.5825457572937,B2-01,0,3
205,DE:9F:DB:1C:1F:D7,LARC Guest,34,239.5825457572937,B2-01,0,3
206,DE:9F:DB:1C:1F:E0,LARC Guest,40,239.5825457572937,B2-01,0,3
207,EE:9F:DB:1C:1F:D7,,32,239.5825457572937,B2-01,0,3
208,F8:1A:67:99:55:8E,NUCLEAR_CHF,25,239.5825457572937,B2-01,0,3
209,FE:9F:DB:1C:1F:D7,,30,239.5825457572937,B2-01,0,3
210,FE:9F:DB:1C:1F:E0,,35,239.5825457572937,B2-01,0,3
211,00:21:91:70:9D:EC,LAB-DIDATICO,45,245.85299634933472,B2-01,0,3
212,30:85:A9:69:F2:E4,PCS-Wireless-C2-22,40,245.85299634933472,B2-01,0,3
213,34:60:F9:A3:D9:14,GASWIFI-2G_C2,22,245.85299634933472,B2-01,0,3
214,34:60:F9:A3:E7:3F,GASWIFI_C4,29,245.85299634933472,B2-01,0,3
215,34:CE:00:51:3E:6F,Lab,59,245.85299634933472,B2-01,0,3
216,34:CE:00:51:3E:70,Lab_5G,19,245.85299634933472,B2-01,0,3
217,3A:60:F9:A3:D9:14,,20,245.85299634933472,B2-01,0,3
218,54:B8:0A:AA:2C:8C,LAB_DIGITAL,32,245.85299634933472,B2-01,0,3
219,54:B8:0A:AA:2C:8D,PCS-Wireless,22,245.85299634933472,B2-01,0,3
220,54:F0:B1:A1:18:D0,eduroam,30,245.85299634933472,B2-01,0,3
221,54:F0:B1:A1:18:D1,PoliSemFio,34,245.85299634933472,B2-01,0,3
222,54:F0:B1:A1:18:D2,,34,245.85299634933472,B2-01,0,3
223,54:F0:B1:A1:18:D3,MEZANINO,25,245.85299634933472,B2-01,0,3
224,54:F0:B1:A1:18:D5,LABPAD,22,245.85299634933472,B2-01,0,3
225,54:F0:B1:A1:57:F0,eduroam,20,245.85299634933472,B2-01,0,3
226,54:F0:B1:A1:57:F1,PoliSemFio,22,245.85299634933472,B2-01,0,3
227,54:F0:B1:A1:58:00,eduroam,39,245.85299634933472,B2-01,0,3
228,54:F0:B1:A1:58:01,PoliSemFio,49,245.85299634933472,B2-01,0,3
229,54:F0:B1:A1:58:02,,47,245.85299634933472,B2-01,0,3
230,54:F0:B1:A2:56:70,eduroam,34,245.85299634933472,B2-01,0,3
231,54:F0:B1:A2:56:71,PoliSemFio,32,245.85299634933472,B2-01,0,3
232,54:F0:B1:A2:56:72,,32,245.85299634933472,B2-01,0,3
233,54:F0:B1:A2:57:30,eduroam,27,245.85299634933472,B2-01,0,3
234,54:F0:B1:A2:57:31,PoliSemFio,32,245.85299634933472,B2-01,0,3
235,54:F0:B1:BB:5A:81,PoliSemFio,40,245.85299634933472,B2-01,0,3
236,54:F0:B1:BB:5A:82,HACKER,37,245.85299634933472,B2-01,0,3
237,54:F0:B1:BB:5A:83,LEP,35,245.85299634933472,B2-01,0,3
238,54:F0:B1:BB:5A:84,,37,245.85299634933472,B2-01,0,3
239,54:F0:B1:BB:5A:A4,,17,245.85299634933472,B2-01,0,3
240,54:F0:B1:BB:84:B2,,19,245.85299634933472,B2-01,0,3
241,54:F0:B1:BB:92:C2,,29,245.85299634933472,B2-01,0,3
242,54:F0:B1:BB:92:E0,eduroam,10,245.85299634933472,B2-01,0,3
243,54:F0:B1:BB:92:E1,PoliSemFio,12,245.85299634933472,B2-01,0,3
244,54:F0:B1:BB:BE:10,eduroam,20,245.85299634933472,B2-01,0,3
245,54:F0:B1:BB:BE:11,PoliSemFio,29,245.85299634933472,B2-01,0,3
246,54:F0:B1:BB:BE:12,,27,245.85299634933472,B2-01,0,3
247,54:F0:B1:BB:BE:13,CAEEL,30,245.85299634933472,B2-01,0,3
248,54:F0:B1:BB:C4:D0,eduroam,80,245.85299634933472,B2-01,0,3
249,54:F0:B1:BB:C4:D1,PoliSemFio,79,245.85299634933472,B2-01,0,3
250,54:F0:B1:BB:C4:D2,,79,245.85299634933472,B2-01,0,3
251,54:F0:B1:BB:C4:F0,eduroam,52,245.85299634933472,B2-01,0,3
252,54:F0:B1:BB:C4:F1,PoliSemFio,52,245.85299634933472,B2-01,0,3
253,54:F0:B1:BB:C5:C3,MEZANINO,27,245.85299634933472,B2-01,0,3
254,54:F0:B1:BB:C5:C5,LABPAD,25,245.85299634933472,B2-01,0,3
255,54:F0:B1:BB:F3:20,eduroam,30,245.85299634933472,B2-01,0,3
256,54:F0:B1:BB:F3:21,PoliSemFio,24,245.85299634933472,B2-01,0,3
257,54:F0:B1:BB:F3:22,,24,245.85299634933472,B2-01,0,3
258,54:F0:B1:BC:09:40,eduroam,84,245.85299634933472,B2-01,0,3
259,54:F0:B1:BC:09:41,PoliSemFio,77,245.85299634933472,B2-01,0,3
260,54:F0:B1:BC:09:42,,77,245.85299634933472,B2-01,0,3
261,54:F0:B1:BC:09:60,eduroam,69,245.85299634933472,B2-01,0,3
262,54:F0:B1:BC:09:61,PoliSemFio,69,245.85299634933472,B2-01,0,3
263,54:F0:B1:BC:1B:D0,eduroam,62,245.85299634933472,B2-01,0,3
264,54:F0:B1:BC:1B:D1,PoliSemFio,52,245.85299634933472,B2-01,0,3
265,54:F0:B1:BC:1B:D2,,52,245.85299634933472,B2-01,0,3
266,54:F0:B1:BC:1B:F0,eduroam,34,245.85299634933472,B2-01,0,3
267,54:F0:B1:BC:1B:F1,PoliSemFio,34,245.85299634933472,B2-01,0,3
268,54:F0:B1:BC:2E:90,eduroam,34,245.85299634933472,B2-01,0,3
269,54:F0:B1:BC:2E:91,PoliSemFio,75,245.85299634933472,B2-01,0,3
270,54:F0:B1:BC:2E:92,,74,245.85299634933472,B2-01,0,3
271,54:F0:B1:BC:2E:B0,eduroam,34,245.85299634933472,B2-01,0,3
272,54:F0:B1:BC:2E:B1,PoliSemFio,35,245.85299634933472,B2-01,0,3
273,54:F0:B1:BC:3F:10,eduroam,49,245.85299634933472,B2-01,0,3
274,54:F0:B1:BC:3F:11,PoliSemFio,45,245.85299634933472,B2-01,0,3
275,54:F0:B1:BC:70:00,eduroam,50,245.85299634933472,B2-01,0,3
276,54:F0:B1:BC:70:01,PoliSemFio,49,245.85299634933472,B2-01,0,3
277,54:F0:B1:BC:70:02,,47,245.85299634933472,B2-01,0,3
278,54:F0:B1:BC:70:20,eduroam,24,245.85299634933472,B2-01,0,3
279,54:F0:B1:BC:70:21,PoliSemFio,25,245.85299634933472,B2-01,0,3
280,54:F0:B1:BC:77:80,eduroam,44,245.85299634933472,B2-01,0,3
281,54:F0:B1:BC:77:81,PoliSemFio,44,245.85299634933472,B2-01,0,3
282,54:F0:B1:BC:77:82,,44,245.85299634933472,B2-01,0,3
283,54:F0:B1:BC:77:A0,eduroam,27,245.85299634933472,B2-01,0,3
284,54:F0:B1:BC:77:A1,PoliSemFio,27,245.85299634933472,B2-01,0,3
285,54:F0:B1:BC:77:A2,,25,245.85299634933472,B2-01,0,3
286,68:FF:7B:47:78:BE,C1-22M,42,245.85299634933472,B2-01,0,3
287,70:62:B8:6E:72:A0,PCS-wireless-C1-13,30,245.85299634933472,B2-01,0,3
288,70:62:B8:6E:72:A1,PPGEE,29,245.85299634933472,B2-01,0,3
289,84:D4:7E:06:4F:E0,eduroam,52,245.85299634933472,B2-01,0,3
290,84:D4:7E:06:4F:E1,PoliSemFio,45,245.85299634933472,B2-01,0,3
291,84:D4:7E:06:4F:E2,,47,245.85299634933472,B2-01,0,3
292,84:D4:7E:06:4F:F0,eduroam,14,245.85299634933472,B2-01,0,3
293,B6:4E:26:4B:84:C2,C2-01-Guest,15,245.85299634933472,B2-01,0,3
294,DC:9F:DB:1C:1F:D7,LWN-3,32,245.85299634933472,B2-01,0,3
295,DC:9F:DB:1C:1F:E0,LWN-3,25,245.85299634933472,B2-01,0,3
296,DE:9F:DB:1C:1F:D7,LARC Guest,34,245.85299634933472,B2-01,0,3
297,DE:9F:DB:1C:1F:E0,LARC Guest,40,245.85299634933472,B2-01,0,3
298,EE:9F:DB:1C:1F:D7,,32,245.85299634933472,B2-01,0,3
299,EE:9F:DB:1C:1F:E0,,30,245.85299634933472,B2-01,0,3
300,F8:1A:67:99:55:8E,NUCLEAR_CHF,25,245.85299634933472,B2-01,0,3
301,FE:9F:DB:1C:1F:D7,,30,245.85299634933472,B2-01,0,3
302,FE:9F:DB:1C:1F:E0,,35,245.85299634933472,B2-01,0,3
303,00:21:91:70:9D:EC,LAB-DIDATICO,45,252.10168528556824,B2-01,0,3
304,30:85:A9:69:F2:E4,PCS-Wireless-C2-22,40,252.10168528556824,B2-01,0,3
305,34:60:F9:A3:D9:14,GASWIFI-2G_C2,22,252.10168528556824,B2-01,0,3
306,34:60:F9:A3:E7:3F,GASWIFI_C4,29,252.10168528556824,B2-01,0,3
307,34:CE:00:51:3E:6F,Lab,59,252.10168528556824,B2-01,0,3
308,34:CE:00:51:3E:70,Lab_5G,19,252.10168528556824,B2-01,0,3
309,3A:60:F9:A3:D9:14,,20,252.10168528556824,B2-01,0,3
310,54:B8:0A:AA:2C:8C,LAB_DIGITAL,32,252.10168528556824,B2-01,0,3
311,54:B8:0A:AA:2C:8D,PCS-Wireless,22,252.10168528556824,B2-01,0,3
312,54:F0:B1:A1:18:D0,eduroam,30,252.10168528556824,B2-01,0,3
313,54:F0:B1:A1:18:D1,PoliSemFio,34,252.10168528556824,B2-01,0,3
314,54:F0:B1:A1:18:D2,,34,252.10168528556824,B2-01,0,3
315,54:F0:B1:A1:18:D3,MEZANINO,25,252.10168528556824,B2-01,0,3
316,54:F0:B1:A1:18:D5,LABPAD,22,252.10168528556824,B2-01,0,3
317,54:F0:B1:A1:57:F0,eduroam,20,252.10168528556824,B2-01,0,3
318,54:F0:B1:A1:57:F1,PoliSemFio,22,252.10168528556824,B2-01,0,3
319,54:F0:B1:A1:58:00,eduroam,39,252.10168528556824,B2-01,0,3
320,54:F0:B1:A1:58:01,PoliSemFio,49,252.10168528556824,B2-01,0,3
321,54:F0:B1:A1:58:02,,47,252.10168528556824,B2-01,0,3
322,54:F0:B1:A2:56:70,eduroam,34,252.10168528556824,B2-01,0,3
323,54:F0:B1:A2:56:71,PoliSemFio,32,252.10168528556824,B2-01,0,3
324,54:F0:B1:A2:56:72,,32,252.10168528556824,B2-01,0,3
325,54:F0:B1:A2:57:30,eduroam,27,252.10168528556824,B2-01,0,3
326,54:F0:B1:A2:57:31,PoliSemFio,32,252.10168528556824,B2-01,0,3
327,54:F0:B1:BB:5A:81,PoliSemFio,40,252.10168528556824,B2-01,0,3
328,54:F0:B1:BB:5A:82,HACKER,37,252.10168528556824,B2-01,0,3
329,54:F0:B1:BB:5A:83,LEP,35,252.10168528556824,B2-01,0,3
330,54:F0:B1:BB:5A:84,,37,252.10168528556824,B2-01,0,3
331,54:F0:B1:BB:5A:A4,,17,252.10168528556824,B2-01,0,3
332,54:F0:B1:BB:84:B2,,19,252.10168528556824,B2-01,0,3
333,54:F0:B1:BB:92:C2,,29,252.10168528556824,B2-01,0,3
334,54:F0:B1:BB:92:E0,eduroam,10,252.10168528556824,B2-01,0,3
335,54:F0:B1:BB:92:E1,PoliSemFio,12,252.10168528556824,B2-01,0,3
336,54:F0:B1:BB:BE:10,eduroam,20,252.10168528556824,B2-01,0,3
337,54:F0:B1:BB:BE:11,PoliSemFio,29,252.10168528556824,B2-01,0,3
338,54:F0:B1:BB:BE:12,,27,252.10168528556824,B2-01,0,3
339,54:F0:B1:BB:BE:13,CAEEL,30,252.10168528556824,B2-01,0,3
340,54:F0:B1:BB:C4:D0,eduroam,80,252.10168528556824,B2-01,0,3
341,54:F0:B1:BB:C4:D1,PoliSemFio,79,252.10168528556824,B2-01,0,3
342,54:F0:B1:BB:C4:D2,,79,252.10168528556824,B2-01,0,3
343,54:F0:B1:BB:C4:F0,eduroam,52,252.10168528556824,B2-01,0,3
344,54:F0:B1:BB:C4:F1,PoliSemFio,52,252.10168528556824,B2-01,0,3
345,54:F0:B1:BB:C5:C3,MEZANINO,27,252.10168528556824,B2-01,0,3
346,54:F0:B1:BB:C5:C5,LABPAD,25,252.10168528556824,B2-01,0,3
347,54:F0:B1:BB:F3:20,eduroam,30,252.10168528556824,B2-01,0,3
348,54:F0:B1:BB:F3:21,PoliSemFio,24,252.10168528556824,B2-01,0,3
349,54:F0:B1:BB:F3:22,,24,252.10168528556824,B2-01,0,3
350,54:F0:B1:BC:09:40,eduroam,84,252.10168528556824,B2-01,0,3
351,54:F0:B1:BC:09:41,PoliSemFio,77,252.10168528556824,B2-01,0,3
352,54:F0:B1:BC:09:42,,77,252.10168528556824,B2-01,0,3
353,54:F0:B1:BC:09:60,eduroam,65,252.10168528556824,B2-01,0,3
354,54:F0:B1:BC:09:61,PoliSemFio,69,252.10168528556824,B2-01,0,3
355,54:F0:B1:BC:1B:D0,eduroam,62,252.10168528556824,B2-01,0,3
356,54:F0:B1:BC:1B:D1,PoliSemFio,52,252.10168528556824,B2-01,0,3
357,54:F0:B1:BC:1B:D2,,52,252.10168528556824,B2-01,0,3
358,54:F0:B1:BC:1B:F0,eduroam,34,252.10168528556824,B2-01,0,3
359,54:F0:B1:BC:1B:F1,PoliSemFio,34,252.10168528556824,B2-01,0,3
360,54:F0:B1:BC:2E:90,eduroam,34,252.10168528556824,B2-01,0,3
361,54:F0:B1:BC:2E:91,PoliSemFio,75,252.10168528556824,B2-01,0,3
362,54:F0:B1:BC:2E:92,,74,252.10168528556824,B2-01,0,3
363,54:F0:B1:BC:2E:B0,eduroam,34,252.10168528556824,B2-01,0,3
364,54:F0:B1:BC:2E:B1,PoliSemFio,35,252.10168528556824,B2-01,0,3
365,54:F0:B1:BC:3F:10,eduroam,49,252.10168528556824,B2-01,0,3
366,54:F0:B1:BC:3F:11,PoliSemFio,45,252.10168528556824,B2-01,0,3
367,54:F0:B1:BC:70:00,eduroam,50,252.10168528556824,B2-01,0,3
368,54:F0:B1:BC:70:01,PoliSemFio,49,252.10168528556824,B2-01,0,3
369,54:F0:B1:BC:70:02,,47,252.10168528556824,B2-01,0,3
370,54:F0:B1:BC:70:20,eduroam,24,252.10168528556824,B2-01,0,3
371,54:F0:B1:BC:70:21,PoliSemFio,25,252.10168528556824,B2-01,0,3
372,54:F0:B1:BC:77:80,eduroam,44,252.10168528556824,B2-01,0,3
373,54:F0:B1:BC:77:81,PoliSemFio,44,252.10168528556824,B2-01,0,3
374,54:F0:B1:BC:77:82,,44,252.10168528556824,B2-01,0,3
375,54:F0:B1:BC:77:A0,eduroam,27,252.10168528556824,B2-01,0,3
376,54:F0:B1:BC:77:A1,PoliSemFio,27,252.10168528556824,B2-01,0,3
377,54:F0:B1:BC:77:A2,,25,252.10168528556824,B2-01,0,3
378,68:FF:7B:47:78:BE,C1-22M,42,252.10168528556824,B2-01,0,3
379,70:62:B8:6E:72:A0,PCS-wireless-C1-13,30,252.10168528556824,B2-01,0,3
380,70:62:B8:6E:72:A1,PPGEE,29,252.10168528556824,B2-01,0,3
381,84:D4:7E:06:4F:E0,eduroam,52,252.10168528556824,B2-01,0,3
382,84:D4:7E:06:4F:E1,PoliSemFio,45,252.10168528556824,B2-01,0,3
383,84:D4:7E:06:4F:E2,,47,252.10168528556824,B2-01,0,3
384,84:D4:7E:06:4F:F0,eduroam,14,252.10168528556824,B2-01,0,3
385,B6:4E:26:4B:84:C2,C2-01-Guest,15,252.10168528556824,B2-01,0,3
386,DC:9F:DB:1C:1F:D7,LWN-3,32,252.10168528556824,B2-01,0,3
387,DC:9F:DB:1C:1F:E0,LWN-3,25,252.10168528556824,B2-01,0,3
388,DE:9F:DB:1C:1F:D7,LARC Guest,34,252.10168528556824,B2-01,0,3
389,DE:9F:DB:1C:1F:E0,LARC Guest,40,252.10168528556824,B2-01,0,3
390,EE:9F:DB:1C:1F:D7,,32,252.10168528556824,B2-01,0,3
391,EE:9F:DB:1C:1F:E0,,30,252.10168528556824,B2-01,0,3
392,F8:1A:67:99:55:8E,NUCLEAR_CHF,25,252.10168528556824,B2-01,0,3
393,FE:9F:DB:1C:1F:D7,,30,252.10168528556824,B2-01,0,3
394,FE:9F:DB:1C:1F:E0,,35,252.10168528556824,B2-01,0,3
395,00:18:E7:FF:8C:98,dlink,14,254.7396240234375,B2-01,0,3
396,34:60:F9:A3:D9:14,GASWIFI-2G_C2,22,254.7396240234375,B2-01,0,3
397,34:60:F9:A3:E7:3F,GASWIFI_C4,35,254.7396240234375,B2-01,0,3
398,34:CE:00:51:3E:6F,Lab,47,254.7396240234375,B2-01,0,3
399,34:CE:00:51:3E:70,Lab_5G,27,254.7396240234375,B2-01,0,3
400,3A:60:F9:A3:D9:14,,20,254.7396240234375,B2-01,0,3
401,54:B8:0A:AA:2C:8C,LAB_DIGITAL,44,254.7396240234375,B2-01,0,3
402,54:B8:0A:AA:2C:8D,PCS-Wireless,47,254.7396240234375,B2-01,0,3
403,54:F0:B1:A1:18:D0,eduroam,30,254.7396240234375,B2-01,0,3
404,54:F0:B1:A1:18:D2,,25,254.7396240234375,B2-01,0,3
405,54:F0:B1:A1:18:D3,MEZANINO,24,254.7396240234375,B2-01,0,3
406,54:F0:B1:A1:18:D5,LABPAD,22,254.7396240234375,B2-01,0,3
407,54:F0:B1:A1:57:F0,eduroam,20,254.7396240234375,B2-01,0,3
408,54:F0:B1:A1:57:F1,PoliSemFio,22,254.7396240234375,B2-01,0,3
409,54:F0:B1:A1:58:00,eduroam,39,254.7396240234375,B2-01,0,3
410,54:F0:B1:A1:58:01,PoliSemFio,49,254.7396240234375,B2-01,0,3
411,54:F0:B1:A1:58:02,,47,254.7396240234375,B2-01,0,3
412,54:F0:B1:A2:56:70,eduroam,34,254.7396240234375,B2-01,0,3
413,54:F0:B1:A2:56:71,PoliSemFio,32,254.7396240234375,B2-01,0,3
414,54:F0:B1:A2:56:72,,32,254.7396240234375,B2-01,0,3
415,54:F0:B1:A2:57:30,eduroam,12,254.7396240234375,B2-01,0,3
416,54:F0:B1:A2:57:32,,17,254.7396240234375,B2-01,0,3
417,54:F0:B1:BB:5A:81,PoliSemFio,40,254.7396240234375,B2-01,0,3
418,54:F0:B1:BB:5A:82,HACKER,40,254.7396240234375,B2-01,0,3
419,54:F0:B1:BB:5A:83,LEP,39,254.7396240234375,B2-01,0,3
420,54:F0:B1:BB:5A:84,,37,254.7396240234375,B2-01,0,3
421,54:F0:B1:BB:5A:A4,,17,254.7396240234375,B2-01,0,3
422,54:F0:B1:BB:92:C2,,22,254.7396240234375,B2-01,0,3
423,54:F0:B1:BB:BE:10,eduroam,22,254.7396240234375,B2-01,0,3
424,54:F0:B1:BB:BE:11,PoliSemFio,29,254.7396240234375,B2-01,0,3
425,54:F0:B1:BB:BE:12,,27,254.7396240234375,B2-01,0,3
426,54:F0:B1:BB:BE:13,CAEEL,30,254.7396240234375,B2-01,0,3
427,54:F0:B1:BB:C4:D0,eduroam,80,254.7396240234375,B2-01,0,3
428,54:F0:B1:BB:C4:D1,PoliSemFio,75,254.7396240234375,B2-01,0,3
429,54:F0:B1:BB:C4:D2,,79,254.7396240234375,B2-01,0,3
430,54:F0:B1:BB:C4:F0,eduroam,40,254.7396240234375,B2-01,0,3
431,54:F0:B1:BB:C4:F1,PoliSemFio,40,254.7396240234375,B2-01,0,3
432,54:F0:B1:BB:C5:C3,MEZANINO,27,254.7396240234375,B2-01,0,3
433,54:F0:B1:BB:C5:C5,LABPAD,25,254.7396240234375,B2-01,0,3
434,54:F0:B1:BB:F3:20,eduroam,27,254.7396240234375,B2-01,0,3
435,54:F0:B1:BB:F3:21,PoliSemFio,24,254.7396240234375,B2-01,0,3
436,54:F0:B1:BB:F3:22,,24,254.7396240234375,B2-01,0,3
437,54:F0:B1:BC:09:40,eduroam,97,254.7396240234375,B2-01,0,3
438,54:F0:B1:BC:09:41,PoliSemFio,90,254.7396240234375,B2-01,0,3
439,54:F0:B1:BC:09:42,,90,254.7396240234375,B2-01,0,3
440,54:F0:B1:BC:09:60,eduroam,85,254.7396240234375,B2-01,0,3
441,54:F0:B1:BC:09:61,PoliSemFio,85,254.7396240234375,B2-01,0,3
442,54:F0:B1:BC:1B:D0,eduroam,60,254.7396240234375,B2-01,0,3
443,54:F0:B1:BC:1B:D1,PoliSemFio,64,254.7396240234375,B2-01,0,3
444,54:F0:B1:BC:1B:D2,,64,254.7396240234375,B2-01,0,3
445,54:F0:B1:BC:1B:F0,eduroam,34,254.7396240234375,B2-01,0,3
446,54:F0:B1:BC:1B:F1,PoliSemFio,35,254.7396240234375,B2-01,0,3
447,54:F0:B1:BC:2E:90,eduroam,52,254.7396240234375,B2-01,0,3
448,54:F0:B1:BC:2E:91,PoliSemFio,74,254.7396240234375,B2-01,0,3
449,54:F0:B1:BC:2E:92,,74,254.7396240234375,B2-01,0,3
450,54:F0:B1:BC:2E:B0,eduroam,27,254.7396240234375,B2-01,0,3
451,54:F0:B1:BC:2E:B1,PoliSemFio,27,254.7396240234375,B2-01,0,3
452,54:F0:B1:BC:3F:10,eduroam,49,254.7396240234375,B2-01,0,3
453,54:F0:B1:BC:3F:11,PoliSemFio,45,254.7396240234375,B2-01,0,3
454,54:F0:B1:BC:70:00,eduroam,50,254.7396240234375,B2-01,0,3
455,54:F0:B1:BC:70:01,PoliSemFio,49,254.7396240234375,B2-01,0,3
456,54:F0:B1:BC:70:02,,47,254.7396240234375,B2-01,0,3
457,54:F0:B1:BC:70:20,eduroam,17,254.7396240234375,B2-01,0,3
458,54:F0:B1:BC:70:21,PoliSemFio,15,254.7396240234375,B2-01,0,3
459,54:F0:B1:BC:77:80,eduroam,47,254.7396240234375,B2-01,0,3
460,54:F0:B1:BC:77:81,PoliSemFio,44,254.7396240234375,B2-01,0,3
461,54:F0:B1:BC:77:82,,44,254.7396240234375,B2-01,0,3
462,54:F0:B1:BC:77:A0,eduroam,34,254.7396240234375,B2-01,0,3
463,54:F0:B1:BC:77:A1,PoliSemFio,34,254.7396240234375,B2-01,0,3
464,54:F0:B1:BC:77:A2,,25,254.7396240234375,B2-01,0,3
465,56:60:F9:A3:E7:3F,,35,254.7396240234375,B2-01,0,3
466,68:FF:7B:47:78:BE,C1-22M,42,254.7396240234375,B2-01,0,3
467,70:62:B8:6E:72:A0,PCS-wireless-C1-13,35,254.7396240234375,B2-01,0,3
468,70:62:B8:6E:72:A1,PPGEE,35,254.7396240234375,B2-01,0,3
469,84:D4:7E:06:4F:E0,eduroam,47,254.7396240234375,B2-01,0,3
470,84:D4:7E:06:4F:E1,PoliSemFio,47,254.7396240234375,B2-01,0,3
471,84:D4:7E:06:4F:E2,,47,254.7396240234375,B2-01,0,3
472,84:D4:7E:06:4F:F0,eduroam,14,254.7396240234375,B2-01,0,3
473,DC:9F:DB:1C:1F:D7,LWN-3,29,254.7396240234375,B2-01,0,3
474,DC:9F:DB:1C:1F:E0,LWN-3,25,254.7396240234375,B2-01,0,3
475,DE:9F:DB:1C:1F:D7,LARC Guest,27,254.7396240234375,B2-01,0,3
476,EE:9F:DB:1C:1F:D7,,29,254.7396240234375,B2-01,0,3
477,EE:9F:DB:1C:1F:E0,,42,254.7396240234375,B2-01,0,3
478,F8:1A:67:99:55:8E,NUCLEAR_CHF,20,254.7396240234375,B2-01,0,3
479,FE:9F:DB:1C:1F:D7,,29,254.7396240234375,B2-01,0,3
480,FE:9F:DB:1C:1F:E0,,35,254.7396240234375,B2-01,0,3
481,00:18:E7:FF:8C:98,dlink,14,257.3596558570862,B2-01,0,3
482,34:60:F9:A3:D9:14,GASWIFI-2G_C2,22,257.3596558570862,B2-01,0,3
483,34:60:F9:A3:E7:3F,GASWIFI_C4,35,257.3596558570862,B2-01,0,3
484,34:CE:00:51:3E:6F,Lab,47,257.3596558570862,B2-01,0,3
485,34:CE:00:51:3E:70,Lab_5G,27,257.3596558570862,B2-01,0,3
486,3A:60:F9:A3:D9:14,,20,257.3596558570862,B2-01,0,3
487,54:B8:0A:AA:2C:8C,LAB_DIGITAL,44,257.3596558570862,B2-01,0,3
488,54:B8:0A:AA:2C:8D,PCS-Wireless,47,257.3596558570862,B2-01,0,3
489,54:F0:B1:A1:18:D0,eduroam,30,257.3596558570862,B2-01,0,3
490,54:F0:B1:A1:18:D2,,25,257.3596558570862,B2-01,0,3
491,54:F0:B1:A1:18:D3,MEZANINO,24,257.3596558570862,B2-01,0,3
492,54:F0:B1:A1:18:D5,LABPAD,22,257.3596558570862,B2-01,0,3
493,54:F0:B1:A1:57:F0,eduroam,20,257.3596558570862,B2-01,0,3
494,54:F0:B1:A1:57:F1,PoliSemFio,22,257.3596558570862,B2-01,0,3
495,54:F0:B1:A1:58:00,eduroam,39,257.3596558570862,B2-01,0,3
496,54:F0:B1:A1:58:01,PoliSemFio,49,257.3596558570862,B2-01,0,3
497,54:F0:B1:A1:58:02,,47,257.3596558570862,B2-01,0,3
498,54:F0:B1:A2:56:70,eduroam,34,257.3596558570862,B2-01,0,3
499,54:F0:B1:A2:56:71,PoliSemFio,32,257.3596558570862,B2-01,0,3
500,54:F0:B1:A2:56:72,,32,257.3596558570862,B2-01,0,3
501,54:F0:B1:A2:57:30,eduroam,12,257.3596558570862,B2-01,0,3
502,54:F0:B1:A2:57:32,,17,257.3596558570862,B2-01,0,3
503,54:F0:B1:BB:5A:81,PoliSemFio,40,257.3596558570862,B2-01,0,3
504,54:F0:B1:BB:5A:82,HACKER,40,257.3596558570862,B2-01,0,3
505,54:F0:B1:BB:5A:83,LEP,39,257.3596558570862,B2-01,0,3
506,54:F0:B1:BB:5A:84,,37,257.3596558570862,B2-01,0,3
507,54:F0:B1:BB:5A:A4,,17,257.3596558570862,B2-01,0,3
508,54:F0:B1:BB:92:C2,,22,257.3596558570862,B2-01,0,3
509,54:F0:B1:BB:BE:10,eduroam,22,257.3596558570862,B2-01,0,3
510,54:F0:B1:BB:BE:11,PoliSemFio,29,257.3596558570862,B2-01,0,3
511,54:F0:B1:BB:BE:12,,27,257.3596558570862,B2-01,0,3
512,54:F0:B1:BB:BE:13,CAEEL,30,257.3596558570862,B2-01,0,3
513,54:F0:B1:BB:C4:D0,eduroam,80,257.3596558570862,B2-01,0,3
514,54:F0:B1:BB:C4:D1,PoliSemFio,75,257.3596558570862,B2-01,0,3
515,54:F0:B1:BB:C4:D2,,79,257.3596558570862,B2-01,0,3
516,54:F0:B1:BB:C4:F0,eduroam,40,257.3596558570862,B2-01,0,3
517,54:F0:B1:BB:C4:F1,PoliSemFio,40,257.3596558570862,B2-01,0,3
518,54:F0:B1:BB:C5:C3,MEZANINO,27,257.3596558570862,B2-01,0,3
519,54:F0:B1:BB:C5:C5,LABPAD,25,257.3596558570862,B2-01,0,3
520,54:F0:B1:BB:F3:20,eduroam,27,257.3596558570862,B2-01,0,3
521,54:F0:B1:BB:F3:21,PoliSemFio,24,257.3596558570862,B2-01,0,3
522,54:F0:B1:BB:F3:22,,24,257.3596558570862,B2-01,0,3
523,54:F0:B1:BC:09:40,eduroam,97,257.3596558570862,B2-01,0,3
524,54:F0:B1:BC:09:41,PoliSemFio,90,257.3596558570862,B2-01,0,3
525,54:F0:B1:BC:09:42,,90,257.3596558570862,B2-01,0,3
526,54:F0:B1:BC:09:60,eduroam,73,257.3596558570862,B2-01,0,3
527,54:F0:B1:BC:09:61,PoliSemFio,85,257.3596558570862,B2-01,0,3
528,54:F0:B1:BC:1B:D0,eduroam,60,257.3596558570862,B2-01,0,3
529,54:F0:B1:BC:1B:D1,PoliSemFio,64,257.3596558570862,B2-01,0,3
530,54:F0:B1:BC:1B:D2,,64,257.3596558570862,B2-01,0,3
531,54:F0:B1:BC:1B:F0,eduroam,34,257.3596558570862,B2-01,0,3
532,54:F0:B1:BC:1B:F1,PoliSemFio,35,257.3596558570862,B2-01,0,3
533,54:F0:B1:BC:2E:90,eduroam,52,257.3596558570862,B2-01,0,3
534,54:F0:B1:BC:2E:91,PoliSemFio,74,257.3596558570862,B2-01,0,3
535,54:F0:B1:BC:2E:92,,74,257.3596558570862,B2-01,0,3
536,54:F0:B1:BC:2E:B0,eduroam,27,257.3596558570862,B2-01,0,3
537,54:F0:B1:BC:2E:B1,PoliSemFio,27,257.3596558570862,B2-01,0,3
538,54:F0:B1:BC:3F:10,eduroam,49,257.3596558570862,B2-01,0,3
539,54:F0:B1:BC:3F:11,PoliSemFio,45,257.3596558570862,B2-01,0,3
540,54:F0:B1:BC:70:00,eduroam,50,257.3596558570862,B2-01,0,3
541,54:F0:B1:BC:70:01,PoliSemFio,49,257.3596558570862,B2-01,0,3
542,54:F0:B1:BC:70:02,,47,257.3596558570862,B2-01,0,3
543,54:F0:B1:BC:70:20,eduroam,17,257.3596558570862,B2-01,0,3
544,54:F0:B1:BC:70:21,PoliSemFio,15,257.3596558570862,B2-01,0,3
545,54:F0:B1:BC:77:80,eduroam,47,257.3596558570862,B2-01,0,3
546,54:F0:B1:BC:77:81,PoliSemFio,44,257.3596558570862,B2-01,0,3
547,54:F0:B1:BC:77:82,,44,257.3596558570862,B2-01,0,3
548,54:F0:B1:BC:77:A0,eduroam,34,257.3596558570862,B2-01,0,3
549,54:F0:B1:BC:77:A1,PoliSemFio,34,257.3596558570862,B2-01,0,3
550,54:F0:B1:BC:77:A2,,25,257.3596558570862,B2-01,0,3
551,56:60:F9:A3:E7:3F,,35,257.3596558570862,B2-01,0,3
552,68:FF:7B:47:78:BE,C1-22M,42,257.3596558570862,B2-01,0,3
553,70:62:B8:6E:72:A0,PCS-wireless-C1-13,35,257.3596558570862,B2-01,0,3
554,70:62:B8:6E:72:A1,PPGEE,35,257.3596558570862,B2-01,0,3
555,84:D4:7E:06:4F:E0,eduroam,47,257.3596558570862,B2-01,0,3
556,84:D4:7E:06:4F:E1,PoliSemFio,47,257.3596558570862,B2-01,0,3
557,84:D4:7E:06:4F:E2,,47,257.3596558570862,B2-01,0,3
558,84:D4:7E:06:4F:F0,eduroam,14,257.3596558570862,B2-01,0,3
559,DC:9F:DB:1C:1F:D7,LWN-3,29,257.3596558570862,B2-01,0,3
560,DC:9F:DB:1C:1F:E0,LWN-3,25,257.3596558570862,B2-01,0,3
561,DE:9F:DB:1C:1F:D7,LARC Guest,27,257.3596558570862,B2-01,0,3
562,EE:9F:DB:1C:1F:D7,,29,257.3596558570862,B2-01,0,3
563,EE:9F:DB:1C:1F:E0,,42,257.3596558570862,B2-01,0,3
564,F8:1A:67:99:55:8E,NUCLEAR_CHF,20,257.3596558570862,B2-01,0,3
565,FE:9F:DB:1C:1F:D7,,29,257.3596558570862,B2-01,0,3
566,FE:9F:DB:1C:1F:E0,,35,257.3596558570862,B2-01,0,3
567,00:18:E7:FF:8C:98,dlink,14,263.62275314331055,B2-01,0,3
568,34:60:F9:A3:D9:14,GASWIFI-2G_C2,22,263.62275314331055,B2-01,0,3
569,34:60:F9:A3:E7:3F,GASWIFI_C4,35,263.62275314331055,B2-01,0,3
570,34:CE:00:51:3E:6F,Lab,57,263.62275314331055,B2-01,0,3
571,34:CE:00:51:3E:70,Lab_5G,29,263.62275314331055,B2-01,0,3
572,3A:60:F9:A3:D9:14,,20,263.62275314331055,B2-01,0,3
573,54:B8:0A:AA:2C:8C,LAB_DIGITAL,44,263.62275314331055,B2-01,0,3
574,54:B8:0A:AA:2C:8D,PCS-Wireless,47,263.62275314331055,B2-01,0,3
575,54:F0:B1:A1:18:D0,eduroam,30,263.62275314331055,B2-01,0,3
576,54:F0:B1:A1:18:D2,,25,263.62275314331055,B2-01,0,3
577,54:F0:B1:A1:18:D3,MEZANINO,24,263.62275314331055,B2-01,0,3
578,54:F0:B1:A1:18:D5,LABPAD,22,263.62275314331055,B2-01,0,3
579,54:F0:B1:A1:57:F0,eduroam,14,263.62275314331055,B2-01,0,3
580,54:F0:B1:A1:57:F1,PoliSemFio,22,263.62275314331055,B2-01,0,3
581,54:F0:B1:A1:58:00,eduroam,37,263.62275314331055,B2-01,0,3
582,54:F0:B1:A1:58:01,PoliSemFio,49,263.62275314331055,B2-01,0,3
583,54:F0:B1:A1:58:02,,47,263.62275314331055,B2-01,0,3
584,54:F0:B1:A2:56:70,eduroam,34,263.62275314331055,B2-01,0,3
585,54:F0:B1:A2:56:71,PoliSemFio,32,263.62275314331055,B2-01,0,3
586,54:F0:B1:A2:56:72,,32,263.62275314331055,B2-01,0,3
587,54:F0:B1:A2:57:30,eduroam,12,263.62275314331055,B2-01,0,3
588,54:F0:B1:A2:57:32,,17,263.62275314331055,B2-01,0,3
589,54:F0:B1:BB:5A:81,PoliSemFio,40,263.62275314331055,B2-01,0,3
590,54:F0:B1:BB:5A:82,HACKER,40,263.62275314331055,B2-01,0,3
591,54:F0:B1:BB:5A:83,LEP,39,263.62275314331055,B2-01,0,3
592,54:F0:B1:BB:5A:84,,37,263.62275314331055,B2-01,0,3
593,54:F0:B1:BB:5A:A4,,17,263.62275314331055,B2-01,0,3
594,54:F0:B1:BB:92:C2,,22,263.62275314331055,B2-01,0,3
595,54:F0:B1:BB:BE:10,eduroam,22,263.62275314331055,B2-01,0,3
596,54:F0:B1:BB:BE:11,PoliSemFio,29,263.62275314331055,B2-01,0,3
597,54:F0:B1:BB:BE:12,,27,263.62275314331055,B2-01,0,3
598,54:F0:B1:BB:BE:13,CAEEL,30,263.62275314331055,B2-01,0,3
599,54:F0:B1:BB:C4:D0,eduroam,54,263.62275314331055,B2-01,0,3
600,54:F0:B1:BB:C4:D1,PoliSemFio,77,263.62275314331055,B2-01,0,3
601,54:F0:B1:BB:C4:D2,,79,263.62275314331055,B2-01,0,3
602,54:F0:B1:BB:C4:F0,eduroam,49,263.62275314331055,B2-01,0,3
603,54:F0:B1:BB:C4:F1,PoliSemFio,50,263.62275314331055,B2-01,0,3
604,54:F0:B1:BB:C5:C3,MEZANINO,27,263.62275314331055,B2-01,0,3
605,54:F0:B1:BB:C5:C5,LABPAD,25,263.62275314331055,B2-01,0,3
606,54:F0:B1:BB:F3:20,eduroam,35,263.62275314331055,B2-01,0,3
607,54:F0:B1:BB:F3:21,PoliSemFio,24,263.62275314331055,B2-01,0,3
608,54:F0:B1:BB:F3:22,,24,263.62275314331055,B2-01,0,3
609,54:F0:B1:BC:09:40,eduroam,90,263.62275314331055,B2-01,0,3
610,54:F0:B1:BC:09:41,PoliSemFio,87,263.62275314331055,B2-01,0,3
611,54:F0:B1:BC:09:42,,89,263.62275314331055,B2-01,0,3
612,54:F0:B1:BC:09:60,eduroam,69,263.62275314331055,B2-01,0,3
613,54:F0:B1:BC:09:61,PoliSemFio,69,263.62275314331055,B2-01,0,3
614,54:F0:B1:BC:1B:D0,eduroam,55,263.62275314331055,B2-01,0,3
615,54:F0:B1:BC:1B:D1,PoliSemFio,55,263.62275314331055,B2-01,0,3
616,54:F0:B1:BC:1B:D2,,64,263.62275314331055,B2-01,0,3
617,54:F0:B1:BC:1B:F0,eduroam,30,263.62275314331055,B2-01,0,3
618,54:F0:B1:BC:1B:F1,PoliSemFio,29,263.62275314331055,B2-01,0,3
619,54:F0:B1:BC:2E:90,eduroam,59,263.62275314331055,B2-01,0,3
620,54:F0:B1:BC:2E:91,PoliSemFio,65,263.62275314331055,B2-01,0,3
621,54:F0:B1:BC:2E:92,,74,263.62275314331055,B2-01,0,3
622,54:F0:B1:BC:2E:B0,eduroam,34,263.62275314331055,B2-01,0,3
623,54:F0:B1:BC:2E:B1,PoliSemFio,32,263.62275314331055,B2-01,0,3
624,54:F0:B1:BC:3F:10,eduroam,42,263.62275314331055,B2-01,0,3
625,54:F0:B1:BC:3F:11,PoliSemFio,45,263.62275314331055,B2-01,0,3
626,54:F0:B1:BC:70:00,eduroam,52,263.62275314331055,B2-01,0,3
627,54:F0:B1:BC:70:01,PoliSemFio,49,263.62275314331055,B2-01,0,3
628,54:F0:B1:BC:70:02,,50,263.62275314331055,B2-01,0,3
629,54:F0:B1:BC:70:20,eduroam,25,263.62275314331055,B2-01,0,3
630,54:F0:B1:BC:70:21,PoliSemFio,24,263.62275314331055,B2-01,0,3
631,54:F0:B1:BC:77:80,eduroam,47,263.62275314331055,B2-01,0,3
632,54:F0:B1:BC:77:81,PoliSemFio,44,263.62275314331055,B2-01,0,3
633,54:F0:B1:BC:77:82,,44,263.62275314331055,B2-01,0,3
634,54:F0:B1:BC:77:A0,eduroam,30,263.62275314331055,B2-01,0,3
635,54:F0:B1:BC:77:A1,PoliSemFio,29,263.62275314331055,B2-01,0,3
636,54:F0:B1:BC:77:A2,,25,263.62275314331055,B2-01,0,3
637,56:60:F9:A3:E7:3F,,35,263.62275314331055,B2-01,0,3
638,68:FF:7B:47:78:BD,C1-22M-5G,15,263.62275314331055,B2-01,0,3
639,68:FF:7B:47:78:BE,C1-22M,40,263.62275314331055,B2-01,0,3
640,70:62:B8:6E:72:A0,PCS-wireless-C1-13,34,263.62275314331055,B2-01,0,3
641,70:62:B8:6E:72:A1,PPGEE,35,263.62275314331055,B2-01,0,3
642,84:D4:7E:06:4F:E0,eduroam,55,263.62275314331055,B2-01,0,3
643,84:D4:7E:06:4F:E1,PoliSemFio,49,263.62275314331055,B2-01,0,3
644,84:D4:7E:06:4F:E2,,50,263.62275314331055,B2-01,0,3
645,84:D4:7E:06:4F:F0,eduroam,14,263.62275314331055,B2-01,0,3
646,DC:9F:DB:1C:1F:D7,LWN-3,29,263.62275314331055,B2-01,0,3
647,DC:9F:DB:1C:1F:E0,LWN-3,25,263.62275314331055,B2-01,0,3
648,DE:9F:DB:1C:1F:D7,LARC Guest,27,263.62275314331055,B2-01,0,3
649,EE:9F:DB:1C:1F:D7,,29,263.62275314331055,B2-01,0,3
650,EE:9F:DB:1C:1F:E0,,40,263.62275314331055,B2-01,0,3
651,F8:1A:67:99:55:8E,NUCLEAR_CHF,20,263.62275314331055,B2-01,0,3
652,FE:9F:DB:1C:1F:D7,,29,263.62275314331055,B2-01,0,3
653,FE:9F:DB:1C:1F:E0,,40,263.62275314331055,B2-01,0,3
654,00:18:E7:FF:8C:98,dlink,14,273.5210494995117,B2-01,0,3
655,30:85:A9:69:F2:E4,PCS-Wireless-C2-22,39,273.5210494995117,B2-01,0,3
656,34:60:F9:A3:D9:14,GASWIFI-2G_C2,29,273.5210494995117,B2-01,0,3
657,34:60:F9:A3:E7:3F,GASWIFI_C4,35,273.5210494995117,B2-01,0,3
658,34:CE:00:51:3E:6F,Lab,59,273.5210494995117,B2-01,0,3
659,34:CE:00:51:3E:70,Lab_5G,25,273.5210494995117,B2-01,0,3
660,3A:60:F9:A3:D9:14,,20,273.5210494995117,B2-01,0,3
661,44:D2:44:DC:2E:01,PROJETOR_B2-06-EC89sIpciG1AUef,49,273.5210494995117,B2-01,0,3
662,54:B8:0A:AA:2C:8C,LAB_DIGITAL,39,273.5210494995117,B2-01,0,3
663,54:B8:0A:AA:2C:8D,PCS-Wireless,39,273.5210494995117,B2-01,0,3
664,54:F0:B1:A1:18:C3,MEZANINO,7,273.5210494995117,B2-01,0,3
665,54:F0:B1:A1:18:C4,GDLAB,12,273.5210494995117,B2-01,0,3
666,54:F0:B1:A1:18:C5,LABPAD,10,273.5210494995117,B2-01,0,3
667,54:F0:B1:A1:18:D0,eduroam,30,273.5210494995117,B2-01,0,3
668,54:F0:B1:A1:18:D1,PoliSemFio,32,273.5210494995117,B2-01,0,3
669,54:F0:B1:A1:18:D2,,32,273.5210494995117,B2-01,0,3
670,54:F0:B1:A1:18:D3,MEZANINO,30,273.5210494995117,B2-01,0,3
671,54:F0:B1:A1:18:D4,GDLAB,32,273.5210494995117,B2-01,0,3
672,54:F0:B1:A1:18:D5,LABPAD,32,273.5210494995117,B2-01,0,3
673,54:F0:B1:A1:57:F0,eduroam,14,273.5210494995117,B2-01,0,3
674,54:F0:B1:A1:57:F1,PoliSemFio,22,273.5210494995117,B2-01,0,3
675,54:F0:B1:A1:58:00,eduroam,55,273.5210494995117,B2-01,0,3
676,54:F0:B1:A1:58:01,PoliSemFio,49,273.5210494995117,B2-01,0,3
677,54:F0:B1:A1:58:02,,45,273.5210494995117,B2-01,0,3
678,54:F0:B1:A1:E5:00,eduroam,20,273.5210494995117,B2-01,0,3
679,54:F0:B1:A1:E5:01,PoliSemFio,25,273.5210494995117,B2-01,0,3
680,54:F0:B1:A2:56:70,eduroam,34,273.5210494995117,B2-01,0,3
681,54:F0:B1:A2:56:71,PoliSemFio,32,273.5210494995117,B2-01,0,3
682,54:F0:B1:A2:56:72,,32,273.5210494995117,B2-01,0,3
683,54:F0:B1:A2:57:30,eduroam,12,273.5210494995117,B2-01,0,3
684,54:F0:B1:A2:57:32,,17,273.5210494995117,B2-01,0,3
685,54:F0:B1:A2:57:33,LCA,22,273.5210494995117,B2-01,0,3
686,54:F0:B1:BB:5A:81,PoliSemFio,40,273.5210494995117,B2-01,0,3
687,54:F0:B1:BB:5A:82,HACKER,32,273.5210494995117,B2-01,0,3
688,54:F0:B1:BB:5A:83,LEP,32,273.5210494995117,B2-01,0,3
689,54:F0:B1:BB:5A:84,,32,273.5210494995117,B2-01,0,3
690,54:F0:B1:BB:5A:A4,,17,273.5210494995117,B2-01,0,3
691,54:F0:B1:BB:92:C2,,22,273.5210494995117,B2-01,0,3
692,54:F0:B1:BB:BE:10,eduroam,22,273.5210494995117,B2-01,0,3
693,54:F0:B1:BB:BE:11,PoliSemFio,29,273.5210494995117,B2-01,0,3
694,54:F0:B1:BB:BE:12,,27,273.5210494995117,B2-01,0,3
695,54:F0:B1:BB:BE:13,CAEEL,22,273.5210494995117,B2-01,0,3
696,54:F0:B1:BB:C4:D0,eduroam,82,273.5210494995117,B2-01,0,3
697,54:F0:B1:BB:C4:D1,PoliSemFio,74,273.5210494995117,B2-01,0,3
698,54:F0:B1:BB:C4:D2,,77,273.5210494995117,B2-01,0,3
699,54:F0:B1:BB:C4:F0,eduroam,40,273.5210494995117,B2-01,0,3
700,54:F0:B1:BB:C4:F1,PoliSemFio,50,273.5210494995117,B2-01,0,3
701,54:F0:B1:BB:C5:C3,MEZANINO,27,273.5210494995117,B2-01,0,3
702,54:F0:B1:BB:C5:C5,LABPAD,25,273.5210494995117,B2-01,0,3
703,54:F0:B1:BB:F3:20,eduroam,9,273.5210494995117,B2-01,0,3
704,54:F0:B1:BB:F3:21,PoliSemFio,30,273.5210494995117,B2-01,0,3
705,54:F0:B1:BB:F3:22,,30,273.5210494995117,B2-01,0,3
706,54:F0:B1:BC:09:40,eduroam,94,273.5210494995117,B2-01,0,3
707,54:F0:B1:BC:09:41,PoliSemFio,97,273.5210494995117,B2-01,0,3
708,54:F0:B1:BC:09:42,,95,273.5210494995117,B2-01,0,3
709,54:F0:B1:BC:09:60,eduroam,74,273.5210494995117,B2-01,0,3
710,54:F0:B1:BC:09:61,PoliSemFio,74,273.5210494995117,B2-01,0,3
711,54:F0:B1:BC:1B:D0,eduroam,40,273.5210494995117,B2-01,0,3
712,54:F0:B1:BC:1B:D1,PoliSemFio,55,273.5210494995117,B2-01,0,3
713,54:F0:B1:BC:1B:D2,,64,273.5210494995117,B2-01,0,3
714,54:F0:B1:BC:1B:F0,eduroam,39,273.5210494995117,B2-01,0,3
715,54:F0:B1:BC:1B:F1,PoliSemFio,39,273.5210494995117,B2-01,0,3
716,54:F0:B1:BC:2E:90,eduroam,44,273.5210494995117,B2-01,0,3
717,54:F0:B1:BC:2E:91,PoliSemFio,74,273.5210494995117,B2-01,0,3
718,54:F0:B1:BC:2E:92,,74,273.5210494995117,B2-01,0,3
719,54:F0:B1:BC:2E:B0,eduroam,22,273.5210494995117,B2-01,0,3
720,54:F0:B1:BC:2E:B1,PoliSemFio,20,273.5210494995117,B2-01,0,3
721,54:F0:B1:BC:2F:50,eduroam,12,273.5210494995117,B2-01,0,3
722,54:F0:B1:BC:3F:10,eduroam,42,273.5210494995117,B2-01,0,3
723,54:F0:B1:BC:3F:11,PoliSemFio,45,273.5210494995117,B2-01,0,3
724,54:F0:B1:BC:70:00,eduroam,52,273.5210494995117,B2-01,0,3
725,54:F0:B1:BC:70:01,PoliSemFio,49,273.5210494995117,B2-01,0,3
726,54:F0:B1:BC:70:02,,50,273.5210494995117,B2-01,0,3
727,54:F0:B1:BC:70:20,eduroam,25,273.5210494995117,B2-01,0,3
728,54:F0:B1:BC:70:21,PoliSemFio,14,273.5210494995117,B2-01,0,3
729,54:F0:B1:BC:77:80,eduroam,47,273.5210494995117,B2-01,0,3
730,54:F0:B1:BC:77:81,PoliSemFio,44,273.5210494995117,B2-01,0,3
731,54:F0:B1:BC:77:82,,42,273.5210494995117,B2-01,0,3
732,54:F0:B1:BC:77:A0,eduroam,34,273.5210494995117,B2-01,0,3
733,54:F0:B1:BC:77:A1,PoliSemFio,34,273.5210494995117,B2-01,0,3
734,54:F0:B1:BC:77:A2,,25,273.5210494995117,B2-01,0,3
735,56:60:F9:A3:E7:3F,,35,273.5210494995117,B2-01,0,3
736,68:FF:7B:47:78:BD,C1-22M-5G,15,273.5210494995117,B2-01,0,3
737,68:FF:7B:47:78:BE,C1-22M,40,273.5210494995117,B2-01,0,3
738,70:62:B8:6E:72:A0,PCS-wireless-C1-13,29,273.5210494995117,B2-01,0,3
739,70:62:B8:6E:72:A1,PPGEE,27,273.5210494995117,B2-01,0,3
740,84:D4:7E:06:4F:E0,eduroam,42,273.5210494995117,B2-01,0,3
741,84:D4:7E:06:4F:E1,PoliSemFio,52,273.5210494995117,B2-01,0,3
742,84:D4:7E:06:4F:E2,,52,273.5210494995117,B2-01,0,3
743,84:D4:7E:06:4F:F0,eduroam,14,273.5210494995117,B2-01,0,3
744,DC:9F:DB:1C:1F:D7,LWN-3,29,273.5210494995117,B2-01,0,3
745,DC:9F:DB:1C:1F:E0,LWN-3,37,273.5210494995117,B2-01,0,3
746,DE:9F:DB:1C:1F:D7,LARC Guest,27,273.5210494995117,B2-01,0,3
747,DE:9F:DB:1C:1F:E0,LARC Guest,39,273.5210494995117,B2-01,0,3
748,EE:9F:DB:1C:1F:D7,,29,273.5210494995117,B2-01,0,3
749,EE:9F:DB:1C:1F:E0,,37,273.5210494995117,B2-01,0,3
750,F8:1A:67:99:55:8E,NUCLEAR_CHF,22,273.5210494995117,B2-01,0,3
751,FE:9F:DB:1C:1F:D7,,22,273.5210494995117,B2-01,0,3
752,FE:9F:DB:1C:1F:E0,,37,273.5210494995117,B2-01,0,3
753,00:18:E7:FF:8C:98,dlink,14,276.15624237060547,B2-01,0,3
754,30:85:A9:69:F2:E4,PCS-Wireless-C2-22,39,276.15624237060547,B2-01,0,3
755,34:60:F9:A3:D9:14,GASWIFI-2G_C2,29,276.15624237060547,B2-01,0,3
756,34:60:F9:A3:E7:3F,GASWIFI_C4,35,276.15624237060547,B2-01,0,3
757,34:CE:00:51:3E:6F,Lab,59,276.15624237060547,B2-01,0,3
758,34:CE:00:51:3E:70,Lab_5G,25,276.15624237060547,B2-01,0,3
759,3A:60:F9:A3:D9:14,,20,276.15624237060547,B2-01,0,3
760,44:D2:44:DC:2E:01,PROJETOR_B2-06-EC89sIpciG1AUef,49,276.15624237060547,B2-01,0,3
761,54:B8:0A:AA:2C:8C,LAB_DIGITAL,39,276.15624237060547,B2-01,0,3
762,54:B8:0A:AA:2C:8D,PCS-Wireless,39,276.15624237060547,B2-01,0,3
763,54:F0:B1:A1:18:C3,MEZANINO,7,276.15624237060547,B2-01,0,3
764,54:F0:B1:A1:18:C4,GDLAB,12,276.15624237060547,B2-01,0,3
765,54:F0:B1:A1:18:C5,LABPAD,10,276.15624237060547,B2-01,0,3
766,54:F0:B1:A1:18:D0,eduroam,30,276.15624237060547,B2-01,0,3
767,54:F0:B1:A1:18:D1,PoliSemFio,32,276.15624237060547,B2-01,0,3
768,54:F0:B1:A1:18:D2,,32,276.15624237060547,B2-01,0,3
769,54:F0:B1:A1:18:D3,MEZANINO,30,276.15624237060547,B2-01,0,3
770,54:F0:B1:A1:18:D4,GDLAB,32,276.15624237060547,B2-01,0,3
771,54:F0:B1:A1:18:D5,LABPAD,32,276.15624237060547,B2-01,0,3
772,54:F0:B1:A1:57:F0,eduroam,14,276.15624237060547,B2-01,0,3
773,54:F0:B1:A1:57:F1,PoliSemFio,22,276.15624237060547,B2-01,0,3
774,54:F0:B1:A1:58:00,eduroam,55,276.15624237060547,B2-01,0,3
775,54:F0:B1:A1:58:01,PoliSemFio,49,276.15624237060547,B2-01,0,3
776,54:F0:B1:A1:58:02,,45,276.15624237060547,B2-01,0,3
777,54:F0:B1:A1:E5:00,eduroam,20,276.15624237060547,B2-01,0,3
778,54:F0:B1:A1:E5:01,PoliSemFio,25,276.15624237060547,B2-01,0,3
779,54:F0:B1:A2:56:70,eduroam,34,276.15624237060547,B2-01,0,3
780,54:F0:B1:A2:56:71,PoliSemFio,32,276.15624237060547,B2-01,0,3
781,54:F0:B1:A2:56:72,,32,276.15624237060547,B2-01,0,3
782,54:F0:B1:A2:57:30,eduroam,12,276.15624237060547,B2-01,0,3
783,54:F0:B1:A2:57:32,,17,276.15624237060547,B2-01,0,3
784,54:F0:B1:A2:57:33,LCA,22,276.15624237060547,B2-01,0,3
785,54:F0:B1:BB:5A:81,PoliSemFio,40,276.15624237060547,B2-01,0,3
786,54:F0:B1:BB:5A:82,HACKER,32,276.15624237060547,B2-01,0,3
787,54:F0:B1:BB:5A:83,LEP,32,276.15624237060547,B2-01,0,3
788,54:F0:B1:BB:5A:84,,32,276.15624237060547,B2-01,0,3
789,54:F0:B1:BB:5A:A4,,17,276.15624237060547,B2-01,0,3
790,54:F0:B1:BB:92:C2,,22,276.15624237060547,B2-01,0,3
791,54:F0:B1:BB:BE:10,eduroam,22,276.15624237060547,B2-01,0,3
792,54:F0:B1:BB:BE:11,PoliSemFio,29,276.15624237060547,B2-01,0,3
793,54:F0:B1:BB:BE:12,,27,276.15624237060547,B2-01,0,3
794,54:F0:B1:BB:BE:13,CAEEL,22,276.15624237060547,B2-01,0,3
795,54:F0:B1:BB:C4:D0,eduroam,82,276.15624237060547,B2-01,0,3
796,54:F0:B1:BB:C4:D1,PoliSemFio,74,276.15624237060547,B2-01,0,3
797,54:F0:B1:BB:C4:D2,,77,276.15624237060547,B2-01,0,3
798,54:F0:B1:BB:C4:F0,eduroam,40,276.15624237060547,B2-01,0,3
799,54:F0:B1:BB:C4:F1,PoliSemFio,50,276.15624237060547,B2-01,0,3
800,54:F0:B1:BB:C5:C3,MEZANINO,27,276.15624237060547,B2-01,0,3
801,54:F0:B1:BB:C5:C5,LABPAD,25,276.15624237060547,B2-01,0,3
802,54:F0:B1:BB:F3:20,eduroam,9,276.15624237060547,B2-01,0,3
803,54:F0:B1:BB:F3:21,PoliSemFio,30,276.15624237060547,B2-01,0,3
804,54:F0:B1:BB:F3:22,,30,276.15624237060547,B2-01,0,3
805,54:F0:B1:BC:09:40,eduroam,94,276.15624237060547,B2-01,0,3
806,54:F0:B1:BC:09:41,PoliSemFio,97,276.15624237060547,B2-01,0,3
807,54:F0:B1:BC:09:42,,95,276.15624237060547,B2-01,0,3
808,54:F0:B1:BC:09:60,eduroam,73,276.15624237060547,B2-01,0,3
809,54:F0:B1:BC:09:61,PoliSemFio,74,276.15624237060547,B2-01,0,3
810,54:F0:B1:BC:1B:D0,eduroam,40,276.15624237060547,B2-01,0,3
811,54:F0:B1:BC:1B:D1,PoliSemFio,55,276.15624237060547,B2-01,0,3
812,54:F0:B1:BC:1B:D2,,64,276.15624237060547,B2-01,0,3
813,54:F0:B1:BC:1B:F0,eduroam,39,276.15624237060547,B2-01,0,3
814,54:F0:B1:BC:1B:F1,PoliSemFio,39,276.15624237060547,B2-01,0,3
815,54:F0:B1:BC:2E:90,eduroam,44,276.15624237060547,B2-01,0,3
816,54:F0:B1:BC:2E:91,PoliSemFio,74,276.15624237060547,B2-01,0,3
817,54:F0:B1:BC:2E:92,,74,276.15624237060547,B2-01,0,3
818,54:F0:B1:BC:2E:B0,eduroam,22,276.15624237060547,B2-01,0,3
819,54:F0:B1:BC:2E:B1,PoliSemFio,20,276.15624237060547,B2-01,0,3
820,54:F0:B1:BC:2F:50,eduroam,12,276.15624237060547,B2-01,0,3
821,54:F0:B1:BC:3F:10,eduroam,42,276.15624237060547,B2-01,0,3
822,54:F0:B1:BC:3F:11,PoliSemFio,45,276.15624237060547,B2-01,0,3
823,54:F0:B1:BC:70:00,eduroam,52,276.15624237060547,B2-01,0,3
824,54:F0:B1:BC:70:01,PoliSemFio,49,276.15624237060547,B2-01,0,3
825,54:F0:B1:BC:70:02,,50,276.15624237060547,B2-01,0,3
826,54:F0:B1:BC:70:20,eduroam,25,276.15624237060547,B2-01,0,3
827,54:F0:B1:BC:70:21,PoliSemFio,14,276.15624237060547,B2-01,0,3
828,54:F0:B1:BC:77:80,eduroam,47,276.15624237060547,B2-01,0,3
829,54:F0:B1:BC:77:81,PoliSemFio,44,276.15624237060547,B2-01,0,3
830,54:F0:B1:BC:77:82,,42,276.15624237060547,B2-01,0,3
831,54:F0:B1:BC:77:A0,eduroam,34,276.15624237060547,B2-01,0,3
832,54:F0:B1:BC:77:A1,PoliSemFio,34,276.15624237060547,B2-01,0,3
833,54:F0:B1:BC:77:A2,,25,276.15624237060547,B2-01,0,3
834,56:60:F9:A3:E7:3F,,35,276.15624237060547,B2-01,0,3
835,68:FF:7B:47:78:BD,C1-22M-5G,15,276.15624237060547,B2-01,0,3
836,68:FF:7B:47:78:BE,C1-22M,40,276.15624237060547,B2-01,0,3
837,70:62:B8:6E:72:A0,PCS-wireless-C1-13,29,276.15624237060547,B2-01,0,3
838,70:62:B8:6E:72:A1,PPGEE,27,276.15624237060547,B2-01,0,3
839,84:D4:7E:06:4F:E0,eduroam,42,276.15624237060547,B2-01,0,3
840,84:D4:7E:06:4F:E1,PoliSemFio,52,276.15624237060547,B2-01,0,3
841,84:D4:7E:06:4F:E2,,52,276.15624237060547,B2-01,0,3
842,84:D4:7E:06:4F:F0,eduroam,14,276.15624237060547,B2-01,0,3
843,DC:9F:DB:1C:1F:D7,LWN-3,29,276.15624237060547,B2-01,0,3
844,DC:9F:DB:1C:1F:E0,LWN-3,37,276.15624237060547,B2-01,0,3
845,DE:9F:DB:1C:1F:D7,LARC Guest,27,276.15624237060547,B2-01,0,3
846,DE:9F:DB:1C:1F:E0,LARC Guest,39,276.15624237060547,B2-01,0,3
847,EE:9F:DB:1C:1F:D7,,29,276.15624237060547,B2-01,0,3
848,EE:9F:DB:1C:1F:E0,,37,276.15624237060547,B2-01,0,3
849,F8:1A:67:99:55:8E,NUCLEAR_CHF,22,276.15624237060547,B2-01,0,3
850,FE:9F:DB:1C:1F:D7,,22,276.15624237060547,B2-01,0,3
851,FE:9F:DB:1C:1F:E0,,37,276.15624237060547,B2-01,0,3
852,00:18:E7:FF:8C:98,dlink,14,278.80652141571045,B2-01,0,3
853,30:85:A9:69:F2:E4,PCS-Wireless-C2-22,27,278.80652141571045,B2-01,0,3
854,34:60:F9:A3:D9:14,GASWIFI-2G_C2,22,278.80652141571045,B2-01,0,3
855,34:60:F9:A3:E7:3F,GASWIFI_C4,32,278.80652141571045,B2-01,0,3
856,34:CE:00:51:3E:6F,Lab,55,278.80652141571045,B2-01,0,3
857,34:CE:00:51:3E:70,Lab_5G,12,278.80652141571045,B2-01,0,3
858,44:D2:44:DC:2E:01,PROJETOR_B2-06-EC89sIpciG1AUef,49,278.80652141571045,B2-01,0,3
859,54:B8:0A:AA:2C:8C,LAB_DIGITAL,39,278.80652141571045,B2-01,0,3
860,54:B8:0A:AA:2C:8D,PCS-Wireless,25,278.80652141571045,B2-01,0,3
861,54:F0:B1:A1:18:C3,MEZANINO,7,278.80652141571045,B2-01,0,3
862,54:F0:B1:A1:18:C4,GDLAB,12,278.80652141571045,B2-01,0,3
863,54:F0:B1:A1:18:C5,LABPAD,10,278.80652141571045,B2-01,0,3
864,54:F0:B1:A1:18:D0,eduroam,30,278.80652141571045,B2-01,0,3
865,54:F0:B1:A1:18:D1,PoliSemFio,32,278.80652141571045,B2-01,0,3
866,54:F0:B1:A1:18:D2,,32,278.80652141571045,B2-01,0,3
867,54:F0:B1:A1:18:D3,MEZANINO,24,278.80652141571045,B2-01,0,3
868,54:F0:B1:A1:18:D4,GDLAB,25,278.80652141571045,B2-01,0,3
869,54:F0:B1:A1:18:D5,LABPAD,32,278.80652141571045,B2-01,0,3
870,54:F0:B1:A1:57:F0,eduroam,20,278.80652141571045,B2-01,0,3
871,54:F0:B1:A1:57:F1,PoliSemFio,20,278.80652141571045,B2-01,0,3
872,54:F0:B1:A1:57:F2,,20,278.80652141571045,B2-01,0,3
873,54:F0:B1:A1:58:00,eduroam,30,278.80652141571045,B2-01,0,3
874,54:F0:B1:A1:58:01,PoliSemFio,42,278.80652141571045,B2-01,0,3
875,54:F0:B1:A1:58:02,,44,278.80652141571045,B2-01,0,3
876,54:F0:B1:A1:E5:00,eduroam,20,278.80652141571045,B2-01,0,3
877,54:F0:B1:A1:E5:01,PoliSemFio,25,278.80652141571045,B2-01,0,3
878,54:F0:B1:A2:56:70,eduroam,20,278.80652141571045,B2-01,0,3
879,54:F0:B1:A2:56:71,PoliSemFio,34,278.80652141571045,B2-01,0,3
880,54:F0:B1:A2:56:72,,32,278.80652141571045,B2-01,0,3
881,54:F0:B1:A2:57:30,eduroam,12,278.80652141571045,B2-01,0,3
882,54:F0:B1:A2:57:32,,17,278.80652141571045,B2-01,0,3
883,54:F0:B1:A2:57:33,LCA,22,278.80652141571045,B2-01,0,3
884,54:F0:B1:BB:5A:82,HACKER,32,278.80652141571045,B2-01,0,3
885,54:F0:B1:BB:5A:83,LEP,29,278.80652141571045,B2-01,0,3
886,54:F0:B1:BB:5A:84,,32,278.80652141571045,B2-01,0,3
887,54:F0:B1:BB:92:C2,,22,278.80652141571045,B2-01,0,3
888,54:F0:B1:BB:BE:10,eduroam,22,278.80652141571045,B2-01,0,3
889,54:F0:B1:BB:BE:13,CAEEL,22,278.80652141571045,B2-01,0,3
890,54:F0:B1:BB:C4:D0,eduroam,77,278.80652141571045,B2-01,0,3
891,54:F0:B1:BB:C4:D1,PoliSemFio,82,278.80652141571045,B2-01,0,3
892,54:F0:B1:BB:C4:D2,,77,278.80652141571045,B2-01,0,3
893,54:F0:B1:BB:C4:F0,eduroam,40,278.80652141571045,B2-01,0,3
894,54:F0:B1:BB:C4:F1,PoliSemFio,50,278.80652141571045,B2-01,0,3
895,54:F0:B1:BB:F3:20,eduroam,29,278.80652141571045,B2-01,0,3
896,54:F0:B1:BB:F3:21,PoliSemFio,29,278.80652141571045,B2-01,0,3
897,54:F0:B1:BB:F3:22,,27,278.80652141571045,B2-01,0,3
898,54:F0:B1:BC:09:40,eduroam,89,278.80652141571045,B2-01,0,3
899,54:F0:B1:BC:09:41,PoliSemFio,92,278.80652141571045,B2-01,0,3
900,54:F0:B1:BC:09:42,,92,278.80652141571045,B2-01,0,3
901,54:F0:B1:BC:09:60,eduroam,70,278.80652141571045,B2-01,0,3
902,54:F0:B1:BC:09:61,PoliSemFio,70,278.80652141571045,B2-01,0,3
903,54:F0:B1:BC:1B:D0,eduroam,45,278.80652141571045,B2-01,0,3
904,54:F0:B1:BC:1B:D1,PoliSemFio,55,278.80652141571045,B2-01,0,3
905,54:F0:B1:BC:1B:D2,,55,278.80652141571045,B2-01,0,3
906,54:F0:B1:BC:1B:F0,eduroam,29,278.80652141571045,B2-01,0,3
907,54:F0:B1:BC:1B:F1,PoliSemFio,29,278.80652141571045,B2-01,0,3
908,54:F0:B1:BC:1B:F2,,30,278.80652141571045,B2-01,0,3
909,54:F0:B1:BC:2E:90,eduroam,59,278.80652141571045,B2-01,0,3
910,54:F0:B1:BC:2E:91,PoliSemFio,67,278.80652141571045,B2-01,0,3
911,54:F0:B1:BC:2E:92,,74,278.80652141571045,B2-01,0,3
912,54:F0:B1:BC:2E:B0,eduroam,22,278.80652141571045,B2-01,0,3
913,54:F0:B1:BC:2E:B1,PoliSemFio,22,278.80652141571045,B2-01,0,3
914,54:F0:B1:BC:2F:50,eduroam,12,278.80652141571045,B2-01,0,3
915,54:F0:B1:BC:36:11,eduroam,19,278.80652141571045,B2-01,0,3
916,54:F0:B1:BC:3F:10,eduroam,42,278.80652141571045,B2-01,0,3
917,54:F0:B1:BC:70:00,eduroam,47,278.80652141571045,B2-01,0,3
918,54:F0:B1:BC:70:01,PoliSemFio,57,278.80652141571045,B2-01,0,3
919,54:F0:B1:BC:70:02,,50,278.80652141571045,B2-01,0,3
920,54:F0:B1:BC:70:20,eduroam,15,278.80652141571045,B2-01,0,3
921,54:F0:B1:BC:70:21,PoliSemFio,15,278.80652141571045,B2-01,0,3
922,54:F0:B1:BC:77:80,eduroam,47,278.80652141571045,B2-01,0,3
923,54:F0:B1:BC:77:81,PoliSemFio,44,278.80652141571045,B2-01,0,3
924,54:F0:B1:BC:77:82,,32,278.80652141571045,B2-01,0,3
925,54:F0:B1:BC:77:A0,eduroam,25,278.80652141571045,B2-01,0,3
926,54:F0:B1:BC:77:A1,PoliSemFio,27,278.80652141571045,B2-01,0,3
927,56:60:F9:A3:E7:3F,,35,278.80652141571045,B2-01,0,3
928,68:FF:7B:47:78:BD,C1-22M-5G,15,278.80652141571045,B2-01,0,3
929,68:FF:7B:47:78:BE,C1-22M,40,278.80652141571045,B2-01,0,3
930,70:62:B8:6E:72:A0,PCS-wireless-C1-13,29,278.80652141571045,B2-01,0,3
931,70:62:B8:6E:72:A1,PPGEE,27,278.80652141571045,B2-01,0,3
932,84:D4:7E:06:4F:E0,eduroam,50,278.80652141571045,B2-01,0,3
933,84:D4:7E:06:4F:E1,PoliSemFio,52,278.80652141571045,B2-01,0,3
934,84:D4:7E:06:4F:E2,,52,278.80652141571045,B2-01,0,3
935,84:D4:7E:06:4F:F0,eduroam,17,278.80652141571045,B2-01,0,3
936,DC:9F:DB:1C:1F:D7,LWN-3,29,278.80652141571045,B2-01,0,3
937,DC:9F:DB:1C:1F:E0,LWN-3,37,278.80652141571045,B2-01,0,3
938,DE:9F:DB:1C:1F:D7,LARC Guest,27,278.80652141571045,B2-01,0,3
939,DE:9F:DB:1C:1F:E0,LARC Guest,34,278.80652141571045,B2-01,0,3
940,EE:9F:DB:1C:1F:D7,,29,278.80652141571045,B2-01,0,3
941,EE:9F:DB:1C:1F:E0,,35,278.80652141571045,B2-01,0,3
942,F8:1A:67:99:55:8E,NUCLEAR_CHF,22,278.80652141571045,B2-01,0,3
943,FE:9F:DB:1C:1F:D7,,22,278.80652141571045,B2-01,0,3
944,FE:9F:DB:1C:1F:E0,,34,278.80652141571045,B2-01,0,3
945,00:18:E7:FF:8C:98,dlink,14,281.44576716423035,B2-01,0,3
946,30:85:A9:69:F2:E4,PCS-Wireless-C2-22,27,281.44576716423035,B2-01,0,3
947,34:60:F9:A3:D9:14,GASWIFI-2G_C2,22,281.44576716423035,B2-01,0,3
948,34:60:F9:A3:E7:3F,GASWIFI_C4,32,281.44576716423035,B2-01,0,3
949,34:CE:00:51:3E:6F,Lab,55,281.44576716423035,B2-01,0,3
950,34:CE:00:51:3E:70,Lab_5G,12,281.44576716423035,B2-01,0,3
951,44:D2:44:DC:2E:01,PROJETOR_B2-06-EC89sIpciG1AUef,49,281.44576716423035,B2-01,0,3
952,54:B8:0A:AA:2C:8C,LAB_DIGITAL,39,281.44576716423035,B2-01,0,3
953,54:B8:0A:AA:2C:8D,PCS-Wireless,25,281.44576716423035,B2-01,0,3
954,54:F0:B1:A1:18:C3,MEZANINO,7,281.44576716423035,B2-01,0,3
955,54:F0:B1:A1:18:C4,GDLAB,12,281.44576716423035,B2-01,0,3
956,54:F0:B1:A1:18:C5,LABPAD,10,281.44576716423035,B2-01,0,3
957,54:F0:B1:A1:18:D0,eduroam,30,281.44576716423035,B2-01,0,3
958,54:F0:B1:A1:18:D1,PoliSemFio,32,281.44576716423035,B2-01,0,3
959,54:F0:B1:A1:18:D2,,32,281.44576716423035,B2-01,0,3
960,54:F0:B1:A1:18:D3,MEZANINO,24,281.44576716423035,B2-01,0,3
961,54:F0:B1:A1:18:D4,GDLAB,25,281.44576716423035,B2-01,0,3
962,54:F0:B1:A1:18:D5,LABPAD,32,281.44576716423035,B2-01,0,3
963,54:F0:B1:A1:57:F0,eduroam,20,281.44576716423035,B2-01,0,3
964,54:F0:B1:A1:57:F1,PoliSemFio,20,281.44576716423035,B2-01,0,3
965,54:F0:B1:A1:57:F2,,20,281.44576716423035,B2-01,0,3
966,54:F0:B1:A1:58:00,eduroam,30,281.44576716423035,B2-01,0,3
967,54:F0:B1:A1:58:01,PoliSemFio,42,281.44576716423035,B2-01,0,3
968,54:F0:B1:A1:58:02,,44,281.44576716423035,B2-01,0,3
969,54:F0:B1:A1:E5:00,eduroam,20,281.44576716423035,B2-01,0,3
970,54:F0:B1:A1:E5:01,PoliSemFio,25,281.44576716423035,B2-01,0,3
971,54:F0:B1:A2:56:70,eduroam,20,281.44576716423035,B2-01,0,3
972,54:F0:B1:A2:56:71,PoliSemFio,34,281.44576716423035,B2-01,0,3
973,54:F0:B1:A2:56:72,,32,281.44576716423035,B2-01,0,3
974,54:F0:B1:A2:57:30,eduroam,12,281.44576716423035,B2-01,0,3
975,54:F0:B1:A2:57:32,,17,281.44576716423035,B2-01,0,3
976,54:F0:B1:A2:57:33,LCA,22,281.44576716423035,B2-01,0,3
977,54:F0:B1:BB:5A:82,HACKER,32,281.44576716423035,B2-01,0,3
978,54:F0:B1:BB:5A:83,LEP,29,281.44576716423035,B2-01,0,3
979,54:F0:B1:BB:5A:84,,32,281.44576716423035,B2-01,0,3
980,54:F0:B1:BB:92:C2,,22,281.44576716423035,B2-01,0,3
981,54:F0:B1:BB:BE:10,eduroam,22,281.44576716423035,B2-01,0,3
982,54:F0:B1:BB:BE:13,CAEEL,22,281.44576716423035,B2-01,0,3
983,54:F0:B1:BB:C4:D0,eduroam,77,281.44576716423035,B2-01,0,3
984,54:F0:B1:BB:C4:D1,PoliSemFio,82,281.44576716423035,B2-01,0,3
985,54:F0:B1:BB:C4:D2,,77,281.44576716423035,B2-01,0,3
986,54:F0:B1:BB:C4:F0,eduroam,40,281.44576716423035,B2-01,0,3
987,54:F0:B1:BB:C4:F1,PoliSemFio,50,281.44576716423035,B2-01,0,3
988,54:F0:B1:BB:F3:20,eduroam,29,281.44576716423035,B2-01,0,3
989,54:F0:B1:BB:F3:21,PoliSemFio,29,281.44576716423035,B2-01,0,3
990,54:F0:B1:BB:F3:22,,27,281.44576716423035,B2-01,0,3
991,54:F0:B1:BC:09:40,eduroam,89,281.44576716423035,B2-01,0,3
992,54:F0:B1:BC:09:41,PoliSemFio,92,281.44576716423035,B2-01,0,3
993,54:F0:B1:BC:09:42,,92,281.44576716423035,B2-01,0,3
994,54:F0:B1:BC:09:60,eduroam,66,281.44576716423035,B2-01,0,3
995,54:F0:B1:BC:09:61,PoliSemFio,70,281.44576716423035,B2-01,0,3
996,54:F0:B1:BC:1B:D0,eduroam,45,281.44576716423035,B2-01,0,3
997,54:F0:B1:BC:1B:D1,PoliSemFio,55,281.44576716423035,B2-01,0,3
998,54:F0:B1:BC:1B:D2,,55,281.44576716423035,B2-01,0,3
999,54:F0:B1:BC:1B:F0,eduroam,29,281.44576716423035,B2-01,0,3
1000,54:F0:B1:BC:1B:F1,PoliSemFio,29,281.44576716423035,B2-01,0,3
1001,54:F0:B1:BC:1B:F2,,30,281.44576716423035,B2-01,0,3
1002,54:F0:B1:BC:2E:90,eduroam,59,281.44576716423035,B2-01,0,3
1003,54:F0:B1:BC:2E:91,PoliSemFio,67,281.44576716423035,B2-01,0,3
1004,54:F0:B1:BC:2E:92,,74,281.44576716423035,B2-01,0,3
1005,54:F0:B1:BC:2E:B0,eduroam,22,281.44576716423035,B2-01,0,3
1006,54:F0:B1:BC:2E:B1,PoliSemFio,22,281.44576716423035,B2-01,0,3
1007,54:F0:B1:BC:2F:50,eduroam,12,281.44576716423035,B2-01,0,3
1008,54:F0:B1:BC:36:11,eduroam,19,281.44576716423035,B2-01,0,3
1009,54:F0:B1:BC:3F:10,eduroam,42,281.44576716423035,B2-01,0,3
1010,54:F0:B1:BC:70:00,eduroam,47,281.44576716423035,B2-01,0,3
1011,54:F0:B1:BC:70:01,PoliSemFio,57,281.44576716423035,B2-01,0,3
1012,54:F0:B1:BC:70:02,,50,281.44576716423035,B2-01,0,3
1013,54:F0:B1:BC:70:20,eduroam,15,281.44576716423035,B2-01,0,3
1014,54:F0:B1:BC:70:21,PoliSemFio,15,281.44576716423035,B2-01,0,3
1015,54:F0:B1:BC:77:80,eduroam,47,281.44576716423035,B2-01,0,3
1016,54:F0:B1:BC:77:81,PoliSemFio,44,281.44576716423035,B2-01,0,3
1017,54:F0:B1:BC:77:82,,32,281.44576716423035,B2-01,0,3
1018,54:F0:B1:BC:77:A0,eduroam,25,281.44576716423035,B2-01,0,3
1019,54:F0:B1:BC:77:A1,PoliSemFio,27,281.44576716423035,B2-01,0,3
1020,56:60:F9:A3:E7:3F,,35,281.44576716423035,B2-01,0,3
1021,68:FF:7B:47:78:BD,C1-22M-5G,15,281.44576716423035,B2-01,0,3
1022,68:FF:7B:47:78:BE,C1-22M,40,281.44576716423035,B2-01,0,3
1023,70:62:B8:6E:72:A0,PCS-wireless-C1-13,29,281.44576716423035,B2-01,0,3
1024,70:62:B8:6E:72:A1,PPGEE,27,281.44576716423035,B2-01,0,3
1025,84:D4:7E:06:4F:E0,eduroam,50,281.44576716423035,B2-01,0,3
1026,84:D4:7E:06:4F:E1,PoliSemFio,52,281.44576716423035,B2-01,0,3
1027,84:D4:7E:06:4F:E2,,52,281.44576716423035,B2-01,0,3
1028,84:D4:7E:06:4F:F0,eduroam,17,281.44576716423035,B2-01,0,3
1029,DC:9F:DB:1C:1F:D7,LWN-3,29,281.44576716423035,B2-01,0,3
1030,DC:9F:DB:1C:1F:E0,LWN-3,37,281.44576716423035,B2-01,0,3
1031,DE:9F:DB:1C:1F:D7,LARC Guest,27,281.44576716423035,B2-01,0,3
1032,DE:9F:DB:1C:1F:E0,LARC Guest,34,281.44576716423035,B2-01,0,3
1033,EE:9F:DB:1C:1F:D7,,29,281.44576716423035,B2-01,0,3
1034,EE:9F:DB:1C:1F:E0,,35,281.44576716423035,B2-01,0,3
1035,F8:1A:67:99:55:8E,NUCLEAR_CHF,22,281.44576716423035,B2-01,0,3
1036,FE:9F:DB:1C:1F:D7,,22,281.44576716423035,B2-01,0,3
1037,FE:9F:DB:1C:1F:E0,,34,281.44576716423035,B2-01,0,3
1038,00:18:E7:FF:8C:98,dlink,14,287.70192766189575,B2-01,0,3
1039,30:85:A9:69:F2:E4,PCS-Wireless-C2-22,27,287.70192766189575,B2-01,0,3
1040,34:60:F9:A3:D9:14,GASWIFI-2G_C2,22,287.70192766189575,B2-01,0,3
1041,34:60:F9:A3:E7:3F,GASWIFI_C4,32,287.70192766189575,B2-01,0,3
1042,34:CE:00:51:3E:6F,Lab,59,287.70192766189575,B2-01,0,3
1043,34:CE:00:51:3E:70,Lab_5G,39,287.70192766189575,B2-01,0,3
1044,44:D2:44:DC:2E:01,PROJETOR_B2-06-EC89sIpciG1AUef,42,287.70192766189575,B2-01,0,3
1045,54:B8:0A:AA:2C:8C,LAB_DIGITAL,30,287.70192766189575,B2-01,0,3
1046,54:B8:0A:AA:2C:8D,PCS-Wireless,30,287.70192766189575,B2-01,0,3
1047,54:F0:B1:A1:18:C3,MEZANINO,7,287.70192766189575,B2-01,0,3
1048,54:F0:B1:A1:18:C4,GDLAB,12,287.70192766189575,B2-01,0,3
1049,54:F0:B1:A1:18:C5,LABPAD,10,287.70192766189575,B2-01,0,3
1050,54:F0:B1:A1:18:D0,eduroam,30,287.70192766189575,B2-01,0,3
1051,54:F0:B1:A1:18:D1,PoliSemFio,32,287.70192766189575,B2-01,0,3
1052,54:F0:B1:A1:18:D2,,32,287.70192766189575,B2-01,0,3
1053,54:F0:B1:A1:18:D3,MEZANINO,29,287.70192766189575,B2-01,0,3
1054,54:F0:B1:A1:18:D4,GDLAB,29,287.70192766189575,B2-01,0,3
1055,54:F0:B1:A1:18:D5,LABPAD,32,287.70192766189575,B2-01,0,3
1056,54:F0:B1:A1:57:F0,eduroam,20,287.70192766189575,B2-01,0,3
1057,54:F0:B1:A1:57:F1,PoliSemFio,20,287.70192766189575,B2-01,0,3
1058,54:F0:B1:A1:57:F2,,20,287.70192766189575,B2-01,0,3
1059,54:F0:B1:A1:58:00,eduroam,35,287.70192766189575,B2-01,0,3
1060,54:F0:B1:A1:58:01,PoliSemFio,35,287.70192766189575,B2-01,0,3
1061,54:F0:B1:A1:58:02,,44,287.70192766189575,B2-01,0,3
1062,54:F0:B1:A1:E5:00,eduroam,20,287.70192766189575,B2-01,0,3
1063,54:F0:B1:A1:E5:01,PoliSemFio,25,287.70192766189575,B2-01,0,3
1064,54:F0:B1:A2:56:61,PoliSemFio,14,287.70192766189575,B2-01,0,3
1065,54:F0:B1:A2:56:70,eduroam,22,287.70192766189575,B2-01,0,3
1066,54:F0:B1:A2:56:71,PoliSemFio,24,287.70192766189575,B2-01,0,3
1067,54:F0:B1:A2:56:72,,32,287.70192766189575,B2-01,0,3
1068,54:F0:B1:A2:57:30,eduroam,12,287.70192766189575,B2-01,0,3
1069,54:F0:B1:A2:57:31,PoliSemFio,22,287.70192766189575,B2-01,0,3
1070,54:F0:B1:A2:57:32,,20,287.70192766189575,B2-01,0,3
1071,54:F0:B1:A2:57:33,LCA,9,287.70192766189575,B2-01,0,3
1072,54:F0:B1:BB:5A:81,PoliSemFio,39,287.70192766189575,B2-01,0,3
1073,54:F0:B1:BB:5A:82,HACKER,32,287.70192766189575,B2-01,0,3
1074,54:F0:B1:BB:5A:83,LEP,29,287.70192766189575,B2-01,0,3
1075,54:F0:B1:BB:5A:84,,32,287.70192766189575,B2-01,0,3
1076,54:F0:B1:BB:92:C1,PoliSemFio,20,287.70192766189575,B2-01,0,3
1077,54:F0:B1:BB:92:C2,,22,287.70192766189575,B2-01,0,3
1078,54:F0:B1:BB:BE:10,eduroam,22,287.70192766189575,B2-01,0,3
1079,54:F0:B1:BB:BE:13,CAEEL,22,287.70192766189575,B2-01,0,3
1080,54:F0:B1:BB:C4:D0,eduroam,77,287.70192766189575,B2-01,0,3
1081,54:F0:B1:BB:C4:D1,PoliSemFio,74,287.70192766189575,B2-01,0,3
1082,54:F0:B1:BB:C4:D2,,77,287.70192766189575,B2-01,0,3
1083,54:F0:B1:BB:C4:F0,eduroam,44,287.70192766189575,B2-01,0,3
1084,54:F0:B1:BB:C4:F1,PoliSemFio,50,287.70192766189575,B2-01,0,3
1085,54:F0:B1:BB:F3:20,eduroam,27,287.70192766189575,B2-01,0,3
1086,54:F0:B1:BB:F3:21,PoliSemFio,29,287.70192766189575,B2-01,0,3
1087,54:F0:B1:BB:F3:22,,27,287.70192766189575,B2-01,0,3
1088,54:F0:B1:BC:09:40,eduroam,97,287.70192766189575,B2-01,0,3
1089,54:F0:B1:BC:09:41,PoliSemFio,92,287.70192766189575,B2-01,0,3
1090,54:F0:B1:BC:09:42,,97,287.70192766189575,B2-01,0,3
1091,54:F0:B1:BC:09:60,eduroam,70,287.70192766189575,B2-01,0,3
1092,54:F0:B1:BC:09:61,PoliSemFio,90,287.70192766189575,B2-01,0,3
1093,54:F0:B1:BC:1B:D0,eduroam,45,287.70192766189575,B2-01,0,3
1094,54:F0:B1:BC:1B:D1,PoliSemFio,55,287.70192766189575,B2-01,0,3
1095,54:F0:B1:BC:1B:D2,,55,287.70192766189575,B2-01,0,3
1096,54:F0:B1:BC:1B:F0,eduroam,39,287.70192766189575,B2-01,0,3
1097,54:F0:B1:BC:1B:F1,PoliSemFio,39,287.70192766189575,B2-01,0,3
1098,54:F0:B1:BC:1B:F2,,30,287.70192766189575,B2-01,0,3
1099,54:F0:B1:BC:2E:90,eduroam,19,287.70192766189575,B2-01,0,3
1100,54:F0:B1:BC:2E:91,PoliSemFio,59,287.70192766189575,B2-01,0,3
1101,54:F0:B1:BC:2E:92,,59,287.70192766189575,B2-01,0,3
1102,54:F0:B1:BC:2E:B0,eduroam,34,287.70192766189575,B2-01,0,3
1103,54:F0:B1:BC:2E:B1,PoliSemFio,34,287.70192766189575,B2-01,0,3
1104,54:F0:B1:BC:2F:50,eduroam,12,287.70192766189575,B2-01,0,3
1105,54:F0:B1:BC:36:11,eduroam,19,287.70192766189575,B2-01,0,3
1106,54:F0:B1:BC:3F:10,eduroam,42,287.70192766189575,B2-01,0,3
1107,54:F0:B1:BC:70:00,eduroam,50,287.70192766189575,B2-01,0,3
1108,54:F0:B1:BC:70:01,PoliSemFio,57,287.70192766189575,B2-01,0,3
1109,54:F0:B1:BC:70:02,,50,287.70192766189575,B2-01,0,3
1110,54:F0:B1:BC:70:20,eduroam,10,287.70192766189575,B2-01,0,3
1111,54:F0:B1:BC:70:21,PoliSemFio,15,287.70192766189575,B2-01,0,3
1112,54:F0:B1:BC:77:80,eduroam,49,287.70192766189575,B2-01,0,3
1113,54:F0:B1:BC:77:81,PoliSemFio,47,287.70192766189575,B2-01,0,3
1114,54:F0:B1:BC:77:82,,47,287.70192766189575,B2-01,0,3
1115,54:F0:B1:BC:77:A0,eduroam,30,287.70192766189575,B2-01,0,3
1116,54:F0:B1:BC:77:A1,PoliSemFio,30,287.70192766189575,B2-01,0,3
1117,56:60:F9:A3:E7:3F,,35,287.70192766189575,B2-01,0,3
1118,68:FF:7B:47:78:BD,C1-22M-5G,15,287.70192766189575,B2-01,0,3
1119,68:FF:7B:47:78:BE,C1-22M,50,287.70192766189575,B2-01,0,3
1120,70:62:B8:6E:72:A0,PCS-wireless-C1-13,35,287.70192766189575,B2-01,0,3
1121,70:62:B8:6E:72:A1,PPGEE,27,287.70192766189575,B2-01,0,3
1122,84:D4:7E:06:4F:E0,eduroam,35,287.70192766189575,B2-01,0,3
1123,84:D4:7E:06:4F:E1,PoliSemFio,52,287.70192766189575,B2-01,0,3
1124,84:D4:7E:06:4F:E2,,52,287.70192766189575,B2-01,0,3
1125,84:D4:7E:06:4F:F0,eduroam,17,287.70192766189575,B2-01,0,3
1126,DC:9F:DB:1C:1F:D7,LWN-3,29,287.70192766189575,B2-01,0,3
1127,DC:9F:DB:1C:1F:E0,LWN-3,37,287.70192766189575,B2-01,0,3
1128,DE:9F:DB:1C:1F:D7,LARC Guest,27,287.70192766189575,B2-01,0,3
1129,DE:9F:DB:1C:1F:E0,LARC Guest,37,287.70192766189575,B2-01,0,3
1130,EE:9F:DB:1C:1F:D7,,29,287.70192766189575,B2-01,0,3
1131,EE:9F:DB:1C:1F:E0,,37,287.70192766189575,B2-01,0,3
1132,F8:1A:67:99:55:8E,NUCLEAR_CHF,19,287.70192766189575,B2-01,0,3
1133,FE:9F:DB:1C:1F:D7,,27,287.70192766189575,B2-01,0,3
1134,FE:9F:DB:1C:1F:E0,,34,287.70192766189575,B2-01,0,3
1135,30:85:A9:69:F2:E4,PCS-Wireless-C2-22,27,293.946896314621,B2-01,0,3
1136,34:60:F9:A3:D9:14,GASWIFI-2G_C2,19,293.946896314621,B2-01,0,3
1137,34:60:F9:A3:E7:3F,GASWIFI_C4,32,293.946896314621,B2-01,0,3
1138,34:CE:00:51:3E:6F,Lab,49,293.946896314621,B2-01,0,3
1139,34:CE:00:51:3E:70,Lab_5G,39,293.946896314621,B2-01,0,3
1140,44:D2:44:DC:2E:01,PROJETOR_B2-06-EC89sIpciG1AUef,40,293.946896314621,B2-01,0,3
1141,54:B8:0A:AA:2C:8C,LAB_DIGITAL,29,293.946896314621,B2-01,0,3
1142,54:B8:0A:AA:2C:8D,PCS-Wireless,27,293.946896314621,B2-01,0,3
1143,54:F0:B1:A1:18:C3,MEZANINO,7,293.946896314621,B2-01,0,3
1144,54:F0:B1:A1:18:C4,GDLAB,12,293.946896314621,B2-01,0,3
1145,54:F0:B1:A1:18:C5,LABPAD,10,293.946896314621,B2-01,0,3
1146,54:F0:B1:A1:18:D0,eduroam,30,293.946896314621,B2-01,0,3
1147,54:F0:B1:A1:18:D1,PoliSemFio,32,293.946896314621,B2-01,0,3
1148,54:F0:B1:A1:18:D2,,32,293.946896314621,B2-01,0,3
1149,54:F0:B1:A1:18:D3,MEZANINO,29,293.946896314621,B2-01,0,3
1150,54:F0:B1:A1:18:D4,GDLAB,29,293.946896314621,B2-01,0,3
1151,54:F0:B1:A1:18:D5,LABPAD,32,293.946896314621,B2-01,0,3
1152,54:F0:B1:A1:57:F0,eduroam,20,293.946896314621,B2-01,0,3
1153,54:F0:B1:A1:57:F1,PoliSemFio,20,293.946896314621,B2-01,0,3
1154,54:F0:B1:A1:57:F2,,20,293.946896314621,B2-01,0,3
1155,54:F0:B1:A1:58:00,eduroam,39,293.946896314621,B2-01,0,3
1156,54:F0:B1:A1:58:01,PoliSemFio,44,293.946896314621,B2-01,0,3
1157,54:F0:B1:A1:58:02,,44,293.946896314621,B2-01,0,3
1158,54:F0:B1:A1:E5:00,eduroam,20,293.946896314621,B2-01,0,3
1159,54:F0:B1:A1:E5:01,PoliSemFio,25,293.946896314621,B2-01,0,3
1160,54:F0:B1:A2:56:61,PoliSemFio,14,293.946896314621,B2-01,0,3
1161,54:F0:B1:A2:56:70,eduroam,22,293.946896314621,B2-01,0,3
1162,54:F0:B1:A2:56:71,PoliSemFio,24,293.946896314621,B2-01,0,3
1163,54:F0:B1:A2:56:72,,27,293.946896314621,B2-01,0,3
1164,54:F0:B1:A2:57:31,PoliSemFio,22,293.946896314621,B2-01,0,3
1165,54:F0:B1:A2:57:32,,20,293.946896314621,B2-01,0,3
1166,54:F0:B1:A2:57:33,LCA,9,293.946896314621,B2-01,0,3
1167,54:F0:B1:BB:5A:81,PoliSemFio,39,293.946896314621,B2-01,0,3
1168,54:F0:B1:BB:5A:82,HACKER,32,293.946896314621,B2-01,0,3
1169,54:F0:B1:BB:5A:83,LEP,29,293.946896314621,B2-01,0,3
1170,54:F0:B1:BB:5A:84,,32,293.946896314621,B2-01,0,3
1171,54:F0:B1:BB:92:C1,PoliSemFio,20,293.946896314621,B2-01,0,3
1172,54:F0:B1:BB:92:C2,,22,293.946896314621,B2-01,0,3
1173,54:F0:B1:BB:BE:13,CAEEL,22,293.946896314621,B2-01,0,3
1174,54:F0:B1:BB:C4:D0,eduroam,67,293.946896314621,B2-01,0,3
1175,54:F0:B1:BB:C4:D1,PoliSemFio,65,293.946896314621,B2-01,0,3
1176,54:F0:B1:BB:C4:D2,,65,293.946896314621,B2-01,0,3
1177,54:F0:B1:BB:C4:F0,eduroam,44,293.946896314621,B2-01,0,3
1178,54:F0:B1:BB:C4:F1,PoliSemFio,44,293.946896314621,B2-01,0,3
1179,54:F0:B1:BB:F3:20,eduroam,30,293.946896314621,B2-01,0,3
1180,54:F0:B1:BB:F3:21,PoliSemFio,29,293.946896314621,B2-01,0,3
1181,54:F0:B1:BB:F3:22,,27,293.946896314621,B2-01,0,3
1182,54:F0:B1:BC:09:40,eduroam,89,293.946896314621,B2-01,0,3
1183,54:F0:B1:BC:09:41,PoliSemFio,87,293.946896314621,B2-01,0,3
1184,54:F0:B1:BC:09:42,,87,293.946896314621,B2-01,0,3
1185,54:F0:B1:BC:09:60,eduroam,59,293.946896314621,B2-01,0,3
1186,54:F0:B1:BC:09:61,PoliSemFio,59,293.946896314621,B2-01,0,3
1187,54:F0:B1:BC:1B:D0,eduroam,67,293.946896314621,B2-01,0,3
1188,54:F0:B1:BC:1B:D1,PoliSemFio,69,293.946896314621,B2-01,0,3
1189,54:F0:B1:BC:1B:D2,,55,293.946896314621,B2-01,0,3
1190,54:F0:B1:BC:1B:F0,eduroam,30,293.946896314621,B2-01,0,3
1191,54:F0:B1:BC:1B:F1,PoliSemFio,29,293.946896314621,B2-01,0,3
1192,54:F0:B1:BC:1B:F2,,30,293.946896314621,B2-01,0,3
1193,54:F0:B1:BC:2E:90,eduroam,45,293.946896314621,B2-01,0,3
1194,54:F0:B1:BC:2E:91,PoliSemFio,62,293.946896314621,B2-01,0,3
1195,54:F0:B1:BC:2E:92,,60,293.946896314621,B2-01,0,3
1196,54:F0:B1:BC:2E:B0,eduroam,30,293.946896314621,B2-01,0,3
1197,54:F0:B1:BC:2E:B1,PoliSemFio,30,293.946896314621,B2-01,0,3
1198,54:F0:B1:BC:2F:50,eduroam,12,293.946896314621,B2-01,0,3
1199,54:F0:B1:BC:36:11,eduroam,19,293.946896314621,B2-01,0,3
1200,54:F0:B1:BC:3F:10,eduroam,42,293.946896314621,B2-01,0,3
1201,54:F0:B1:BC:70:00,eduroam,54,293.946896314621,B2-01,0,3
1202,54:F0:B1:BC:70:01,PoliSemFio,45,293.946896314621,B2-01,0,3
1203,54:F0:B1:BC:70:02,,50,293.946896314621,B2-01,0,3
1204,54:F0:B1:BC:70:20,eduroam,15,293.946896314621,B2-01,0,3
1205,54:F0:B1:BC:70:21,PoliSemFio,17,293.946896314621,B2-01,0,3
1206,54:F0:B1:BC:77:80,eduroam,27,293.946896314621,B2-01,0,3
1207,54:F0:B1:BC:77:81,PoliSemFio,29,293.946896314621,B2-01,0,3
1208,54:F0:B1:BC:77:82,,30,293.946896314621,B2-01,0,3
1209,54:F0:B1:BC:77:A0,eduroam,22,293.946896314621,B2-01,0,3
1210,54:F0:B1:BC:77:A1,PoliSemFio,22,293.946896314621,B2-01,0,3
1211,68:FF:7B:47:78:BD,C1-22M-5G,15,293.946896314621,B2-01,0,3
1212,68:FF:7B:47:78:BE,C1-22M,50,293.946896314621,B2-01,0,3
1213,70:62:B8:6E:72:A0,PCS-wireless-C1-13,35,293.946896314621,B2-01,0,3
1214,70:62:B8:6E:72:A1,PPGEE,27,293.946896314621,B2-01,0,3
1215,84:D4:7E:06:4F:E0,eduroam,45,293.946896314621,B2-01,0,3
1216,84:D4:7E:06:4F:E1,PoliSemFio,42,293.946896314621,B2-01,0,3
1217,84:D4:7E:06:4F:E2,,42,293.946896314621,B2-01,0,3
1218,84:D4:7E:06:4F:F0,eduroam,15,293.946896314621,B2-01,0,3
1219,84:D4:7E:06:4F:F1,PoliSemFio,17,293.946896314621,B2-01,0,3
1220,DC:9F:DB:1C:1F:E0,LWN-3,37,293.946896314621,B2-01,0,3
1221,DE:9F:DB:1C:1F:E0,LARC Guest,30,293.946896314621,B2-01,0,3
1222,EE:9F:DB:1C:1F:E0,,30,293.946896314621,B2-01,0,3
1223,F8:1A:67:99:55:8E,NUCLEAR_CHF,19,293.946896314621,B2-01,0,3
1224,FE:9F:DB:1C:1F:D7,,27,293.946896314621,B2-01,0,3
1225,FE:9F:DB:1C:1F:E0,,29,293.946896314621,B2-01,0,3
1226,30:85:A9:69:F2:E4,PCS-Wireless-C2-22,27,300.20477771759033,B2-01,0,3
1227,34:60:F9:A3:D9:14,GASWIFI-2G_C2,19,300.20477771759033,B2-01,0,3
1228,34:60:F9:A3:E7:3F,GASWIFI_C4,32,300.20477771759033,B2-01,0,3
1229,34:CE:00:51:3E:6F,Lab,49,300.20477771759033,B2-01,0,3
1230,34:CE:00:51:3E:70,Lab_5G,39,300.20477771759033,B2-01,0,3
1231,44:D2:44:DC:2E:01,PROJETOR_B2-06-EC89sIpciG1AUef,40,300.20477771759033,B2-01,0,3
1232,54:B8:0A:AA:2C:8C,LAB_DIGITAL,29,300.20477771759033,B2-01,0,3
1233,54:B8:0A:AA:2C:8D,PCS-Wireless,27,300.20477771759033,B2-01,0,3
1234,54:F0:B1:A1:18:C3,MEZANINO,7,300.20477771759033,B2-01,0,3
1235,54:F0:B1:A1:18:C4,GDLAB,12,300.20477771759033,B2-01,0,3
1236,54:F0:B1:A1:18:C5,LABPAD,10,300.20477771759033,B2-01,0,3
1237,54:F0:B1:A1:18:D0,eduroam,30,300.20477771759033,B2-01,0,3
1238,54:F0:B1:A1:18:D1,PoliSemFio,32,300.20477771759033,B2-01,0,3
1239,54:F0:B1:A1:18:D2,,32,300.20477771759033,B2-01,0,3
1240,54:F0:B1:A1:18:D3,MEZANINO,29,300.20477771759033,B2-01,0,3
1241,54:F0:B1:A1:18:D4,GDLAB,29,300.20477771759033,B2-01,0,3
1242,54:F0:B1:A1:18:D5,LABPAD,32,300.20477771759033,B2-01,0,3
1243,54:F0:B1:A1:57:F0,eduroam,20,300.20477771759033,B2-01,0,3
1244,54:F0:B1:A1:57:F1,PoliSemFio,20,300.20477771759033,B2-01,0,3
1245,54:F0:B1:A1:57:F2,,20,300.20477771759033,B2-01,0,3
1246,54:F0:B1:A1:58:00,eduroam,39,300.20477771759033,B2-01,0,3
1247,54:F0:B1:A1:58:01,PoliSemFio,44,300.20477771759033,B2-01,0,3
1248,54:F0:B1:A1:58:02,,44,300.20477771759033,B2-01,0,3
1249,54:F0:B1:A1:E5:00,eduroam,20,300.20477771759033,B2-01,0,3
1250,54:F0:B1:A1:E5:01,PoliSemFio,25,300.20477771759033,B2-01,0,3
1251,54:F0:B1:A2:56:61,PoliSemFio,14,300.20477771759033,B2-01,0,3
1252,54:F0:B1:A2:56:70,eduroam,22,300.20477771759033,B2-01,0,3
1253,54:F0:B1:A2:56:71,PoliSemFio,24,300.20477771759033,B2-01,0,3
1254,54:F0:B1:A2:56:72,,27,300.20477771759033,B2-01,0,3
1255,54:F0:B1:A2:57:31,PoliSemFio,22,300.20477771759033,B2-01,0,3
1256,54:F0:B1:A2:57:32,,20,300.20477771759033,B2-01,0,3
1257,54:F0:B1:A2:57:33,LCA,9,300.20477771759033,B2-01,0,3
1258,54:F0:B1:BB:5A:81,PoliSemFio,39,300.20477771759033,B2-01,0,3
1259,54:F0:B1:BB:5A:82,HACKER,32,300.20477771759033,B2-01,0,3
1260,54:F0:B1:BB:5A:83,LEP,29,300.20477771759033,B2-01,0,3
1261,54:F0:B1:BB:5A:84,,32,300.20477771759033,B2-01,0,3
1262,54:F0:B1:BB:92:C1,PoliSemFio,20,300.20477771759033,B2-01,0,3
1263,54:F0:B1:BB:92:C2,,22,300.20477771759033,B2-01,0,3
1264,54:F0:B1:BB:BE:13,CAEEL,22,300.20477771759033,B2-01,0,3
1265,54:F0:B1:BB:C4:D0,eduroam,67,300.20477771759033,B2-01,0,3
1266,54:F0:B1:BB:C4:D1,PoliSemFio,65,300.20477771759033,B2-01,0,3
1267,54:F0:B1:BB:C4:D2,,65,300.20477771759033,B2-01,0,3
1268,54:F0:B1:BB:C4:F0,eduroam,44,300.20477771759033,B2-01,0,3
1269,54:F0:B1:BB:C4:F1,PoliSemFio,44,300.20477771759033,B2-01,0,3
1270,54:F0:B1:BB:F3:20,eduroam,30,300.20477771759033,B2-01,0,3
1271,54:F0:B1:BB:F3:21,PoliSemFio,29,300.20477771759033,B2-01,0,3
1272,54:F0:B1:BB:F3:22,,27,300.20477771759033,B2-01,0,3
1273,54:F0:B1:BC:09:40,eduroam,89,300.20477771759033,B2-01,0,3
1274,54:F0:B1:BC:09:41,PoliSemFio,87,300.20477771759033,B2-01,0,3
1275,54:F0:B1:BC:09:42,,87,300.20477771759033,B2-01,0,3
1276,54:F0:B1:BC:09:60,eduroam,65,300.20477771759033,B2-01,0,3
1277,54:F0:B1:BC:09:61,PoliSemFio,59,300.20477771759033,B2-01,0,3
1278,54:F0:B1:BC:1B:D0,eduroam,67,300.20477771759033,B2-01,0,3
1279,54:F0:B1:BC:1B:D1,PoliSemFio,69,300.20477771759033,B2-01,0,3
1280,54:F0:B1:BC:1B:D2,,55,300.20477771759033,B2-01,0,3
1281,54:F0:B1:BC:1B:F0,eduroam,30,300.20477771759033,B2-01,0,3
1282,54:F0:B1:BC:1B:F1,PoliSemFio,29,300.20477771759033,B2-01,0,3
1283,54:F0:B1:BC:1B:F2,,30,300.20477771759033,B2-01,0,3
1284,54:F0:B1:BC:2E:90,eduroam,45,300.20477771759033,B2-01,0,3
1285,54:F0:B1:BC:2E:91,PoliSemFio,62,300.20477771759033,B2-01,0,3
1286,54:F0:B1:BC:2E:92,,60,300.20477771759033,B2-01,0,3
1287,54:F0:B1:BC:2E:B0,eduroam,30,300.20477771759033,B2-01,0,3
1288,54:F0:B1:BC:2E:B1,PoliSemFio,30,300.20477771759033,B2-01,0,3
1289,54:F0:B1:BC:2F:50,eduroam,12,300.20477771759033,B2-01,0,3
1290,54:F0:B1:BC:36:11,eduroam,19,300.20477771759033,B2-01,0,3
1291,54:F0:B1:BC:3F:10,eduroam,42,300.20477771759033,B2-01,0,3
1292,54:F0:B1:BC:70:00,eduroam,54,300.20477771759033,B2-01,0,3
1293,54:F0:B1:BC:70:01,PoliSemFio,45,300.20477771759033,B2-01,0,3
1294,54:F0:B1:BC:70:02,,50,300.20477771759033,B2-01,0,3
1295,54:F0:B1:BC:70:20,eduroam,15,300.20477771759033,B2-01,0,3
1296,54:F0:B1:BC:70:21,PoliSemFio,17,300.20477771759033,B2-01,0,3
1297,54:F0:B1:BC:77:80,eduroam,27,300.20477771759033,B2-01,0,3
1298,54:F0:B1:BC:77:81,PoliSemFio,29,300.20477771759033,B2-01,0,3
1299,54:F0:B1:BC:77:82,,30,300.20477771759033,B2-01,0,3
1300,54:F0:B1:BC:77:A0,eduroam,22,300.20477771759033,B2-01,0,3
1301,54:F0:B1:BC:77:A1,PoliSemFio,22,300.20477771759033,B2-01,0,3
1302,68:FF:7B:47:78:BD,C1-22M-5G,15,300.20477771759033,B2-01,0,3
1303,68:FF:7B:47:78:BE,C1-22M,50,300.20477771759033,B2-01,0,3
1304,70:62:B8:6E:72:A0,PCS-wireless-C1-13,35,300.20477771759033,B2-01,0,3
1305,70:62:B8:6E:72:A1,PPGEE,27,300.20477771759033,B2-01,0,3
1306,84:D4:7E:06:4F:E0,eduroam,45,300.20477771759033,B2-01,0,3
1307,84:D4:7E:06:4F:E1,PoliSemFio,42,300.20477771759033,B2-01,0,3
1308,84:D4:7E:06:4F:E2,,42,300.20477771759033,B2-01,0,3
1309,84:D4:7E:06:4F:F0,eduroam,15,300.20477771759033,B2-01,0,3
1310,84:D4:7E:06:4F:F1,PoliSemFio,17,300.20477771759033,B2-01,0,3
1311,DC:9F:DB:1C:1F:E0,LWN-3,37,300.20477771759033,B2-01,0,3
1312,DE:9F:DB:1C:1F:E0,LARC Guest,30,300.20477771759033,B2-01,0,3
1313,EE:9F:DB:1C:1F:E0,,30,300.20477771759033,B2-01,0,3
1314,F8:1A:67:99:55:8E,NUCLEAR_CHF,19,300.20477771759033,B2-01,0,3
1315,FE:9F:DB:1C:1F:D7,,27,300.20477771759033,B2-01,0,3
1316,FE:9F:DB:1C:1F:E0,,29,300.20477771759033,B2-01,0,3
1317,00:18:E7:FF:8C:98,dlink,32,302.8225476741791,B2-01,0,3
1318,00:21:91:70:9D:EC,LAB-DIDATICO,27,302.8225476741791,B2-01,0,3
1319,30:85:A9:69:F2:E4,PCS-Wireless-C2-22,27,302.8225476741791,B2-01,0,3
1320,34:60:F9:A3:D9:14,GASWIFI-2G_C2,19,302.8225476741791,B2-01,0,3
1321,34:60:F9:A3:E7:3F,GASWIFI_C4,32,302.8225476741791,B2-01,0,3
1322,34:CE:00:51:3E:6F,Lab,49,302.8225476741791,B2-01,0,3
1323,34:CE:00:51:3E:70,Lab_5G,32,302.8225476741791,B2-01,0,3
1324,44:D2:44:DC:2E:01,PROJETOR_B2-06-EC89sIpciG1AUef,40,302.8225476741791,B2-01,0,3
1325,54:B8:0A:AA:2C:8C,LAB_DIGITAL,29,302.8225476741791,B2-01,0,3
1326,54:B8:0A:AA:2C:8D,PCS-Wireless,27,302.8225476741791,B2-01,0,3
1327,54:F0:B1:A1:18:C3,MEZANINO,5,302.8225476741791,B2-01,0,3
1328,54:F0:B1:A1:18:C4,GDLAB,5,302.8225476741791,B2-01,0,3
1329,54:F0:B1:A1:18:C5,LABPAD,10,302.8225476741791,B2-01,0,3
1330,54:F0:B1:A1:18:D0,eduroam,30,302.8225476741791,B2-01,0,3
1331,54:F0:B1:A1:18:D1,PoliSemFio,24,302.8225476741791,B2-01,0,3
1332,54:F0:B1:A1:18:D2,,32,302.8225476741791,B2-01,0,3
1333,54:F0:B1:A1:18:D3,MEZANINO,29,302.8225476741791,B2-01,0,3
1334,54:F0:B1:A1:18:D4,GDLAB,29,302.8225476741791,B2-01,0,3
1335,54:F0:B1:A1:18:D5,LABPAD,32,302.8225476741791,B2-01,0,3
1336,54:F0:B1:A1:57:F0,eduroam,12,302.8225476741791,B2-01,0,3
1337,54:F0:B1:A1:57:F1,PoliSemFio,10,302.8225476741791,B2-01,0,3
1338,54:F0:B1:A1:57:F2,,12,302.8225476741791,B2-01,0,3
1339,54:F0:B1:A1:58:00,eduroam,39,302.8225476741791,B2-01,0,3
1340,54:F0:B1:A1:58:01,PoliSemFio,44,302.8225476741791,B2-01,0,3
1341,54:F0:B1:A1:58:02,,44,302.8225476741791,B2-01,0,3
1342,54:F0:B1:A1:E5:00,eduroam,20,302.8225476741791,B2-01,0,3
1343,54:F0:B1:A1:E5:01,PoliSemFio,25,302.8225476741791,B2-01,0,3
1344,54:F0:B1:A2:56:61,PoliSemFio,14,302.8225476741791,B2-01,0,3
1345,54:F0:B1:A2:56:70,eduroam,22,302.8225476741791,B2-01,0,3
1346,54:F0:B1:A2:56:71,PoliSemFio,24,302.8225476741791,B2-01,0,3
1347,54:F0:B1:A2:56:72,,27,302.8225476741791,B2-01,0,3
1348,54:F0:B1:A2:57:31,PoliSemFio,22,302.8225476741791,B2-01,0,3
1349,54:F0:B1:A2:57:32,,20,302.8225476741791,B2-01,0,3
1350,54:F0:B1:A2:57:33,LCA,12,302.8225476741791,B2-01,0,3
1351,54:F0:B1:BB:5A:81,PoliSemFio,39,302.8225476741791,B2-01,0,3
1352,54:F0:B1:BB:5A:82,HACKER,32,302.8225476741791,B2-01,0,3
1353,54:F0:B1:BB:5A:83,LEP,37,302.8225476741791,B2-01,0,3
1354,54:F0:B1:BB:5A:84,,32,302.8225476741791,B2-01,0,3
1355,54:F0:B1:BB:92:C1,PoliSemFio,20,302.8225476741791,B2-01,0,3
1356,54:F0:B1:BB:92:C2,,22,302.8225476741791,B2-01,0,3
1357,54:F0:B1:BB:BE:13,CAEEL,22,302.8225476741791,B2-01,0,3
1358,54:F0:B1:BB:C4:D0,eduroam,49,302.8225476741791,B2-01,0,3
1359,54:F0:B1:BB:C4:D1,PoliSemFio,77,302.8225476741791,B2-01,0,3
1360,54:F0:B1:BB:C4:D2,,77,302.8225476741791,B2-01,0,3
1361,54:F0:B1:BB:C4:F0,eduroam,42,302.8225476741791,B2-01,0,3
1362,54:F0:B1:BB:C4:F1,PoliSemFio,42,302.8225476741791,B2-01,0,3
1363,54:F0:B1:BB:F3:20,eduroam,34,302.8225476741791,B2-01,0,3
1364,54:F0:B1:BB:F3:21,PoliSemFio,29,302.8225476741791,B2-01,0,3
1365,54:F0:B1:BB:F3:22,,27,302.8225476741791,B2-01,0,3
1366,54:F0:B1:BC:09:40,eduroam,100,302.8225476741791,B2-01,0,3
1367,54:F0:B1:BC:09:41,PoliSemFio,95,302.8225476741791,B2-01,0,3
1368,54:F0:B1:BC:09:42,,95,302.8225476741791,B2-01,0,3
1369,54:F0:B1:BC:09:60,eduroam,69,302.8225476741791,B2-01,0,3
1370,54:F0:B1:BC:09:61,PoliSemFio,69,302.8225476741791,B2-01,0,3
1371,54:F0:B1:BC:1B:D0,eduroam,54,302.8225476741791,B2-01,0,3
1372,54:F0:B1:BC:1B:D1,PoliSemFio,69,302.8225476741791,B2-01,0,3
1373,54:F0:B1:BC:1B:D2,,65,302.8225476741791,B2-01,0,3
1374,54:F0:B1:BC:1B:F0,eduroam,35,302.8225476741791,B2-01,0,3
1375,54:F0:B1:BC:1B:F1,PoliSemFio,37,302.8225476741791,B2-01,0,3
1376,54:F0:B1:BC:1B:F2,,35,302.8225476741791,B2-01,0,3
1377,54:F0:B1:BC:2E:90,eduroam,45,302.8225476741791,B2-01,0,3
1378,54:F0:B1:BC:2E:91,PoliSemFio,62,302.8225476741791,B2-01,0,3
1379,54:F0:B1:BC:2E:92,,62,302.8225476741791,B2-01,0,3
1380,54:F0:B1:BC:2E:B0,eduroam,32,302.8225476741791,B2-01,0,3
1381,54:F0:B1:BC:2E:B1,PoliSemFio,32,302.8225476741791,B2-01,0,3
1382,54:F0:B1:BC:2F:50,eduroam,12,302.8225476741791,B2-01,0,3
1383,54:F0:B1:BC:36:11,eduroam,19,302.8225476741791,B2-01,0,3
1384,54:F0:B1:BC:70:00,eduroam,54,302.8225476741791,B2-01,0,3
1385,54:F0:B1:BC:70:01,PoliSemFio,45,302.8225476741791,B2-01,0,3
1386,54:F0:B1:BC:70:20,eduroam,17,302.8225476741791,B2-01,0,3
1387,54:F0:B1:BC:70:21,PoliSemFio,17,302.8225476741791,B2-01,0,3
1388,54:F0:B1:BC:77:80,eduroam,27,302.8225476741791,B2-01,0,3
1389,54:F0:B1:BC:77:81,PoliSemFio,29,302.8225476741791,B2-01,0,3
1390,54:F0:B1:BC:77:82,,30,302.8225476741791,B2-01,0,3
1391,54:F0:B1:BC:77:A0,eduroam,25,302.8225476741791,B2-01,0,3
1392,54:F0:B1:BC:77:A1,PoliSemFio,25,302.8225476741791,B2-01,0,3
1393,68:FF:7B:47:78:BD,C1-22M-5G,15,302.8225476741791,B2-01,0,3
1394,68:FF:7B:47:78:BE,C1-22M,34,302.8225476741791,B2-01,0,3
1395,70:62:B8:6E:72:A0,PCS-wireless-C1-13,35,302.8225476741791,B2-01,0,3
1396,70:62:B8:6E:72:A1,PPGEE,27,302.8225476741791,B2-01,0,3
1397,84:D4:7E:06:4F:E0,eduroam,54,302.8225476741791,B2-01,0,3
1398,84:D4:7E:06:4F:E1,PoliSemFio,42,302.8225476741791,B2-01,0,3
1399,84:D4:7E:06:4F:E2,,42,302.8225476741791,B2-01,0,3
1400,84:D4:7E:06:4F:F0,eduroam,25,302.8225476741791,B2-01,0,3
1401,84:D4:7E:06:4F:F1,PoliSemFio,25,302.8225476741791,B2-01,0,3
1402,DC:9F:DB:1C:1F:E0,LWN-3,37,302.8225476741791,B2-01,0,3
1403,DE:9F:DB:1C:1F:E0,LARC Guest,37,302.8225476741791,B2-01,0,3
1404,EE:9F:DB:1C:1F:D7,,17,302.8225476741791,B2-01,0,3
1405,EE:9F:DB:1C:1F:E0,,37,302.8225476741791,B2-01,0,3
1406,F8:1A:67:99:55:8E,NUCLEAR_CHF,19,302.8225476741791,B2-01,0,3
1407,FE:9F:DB:1C:1F:D7,,27,302.8225476741791,B2-01,0,3
1408,FE:9F:DB:1C:1F:E0,,29,302.8225476741791,B2-01,0,3
1409,00:18:E7:FF:8C:98,dlink,32,305.45286202430725,B2-01,0,3
1410,00:21:91:70:9D:EC,LAB-DIDATICO,27,305.45286202430725,B2-01,0,3
1411,30:85:A9:69:F2:E4,PCS-Wireless-C2-22,27,305.45286202430725,B2-01,0,3
1412,34:60:F9:A3:D9:14,GASWIFI-2G_C2,19,305.45286202430725,B2-01,0,3
1413,34:60:F9:A3:E7:3F,GASWIFI_C4,32,305.45286202430725,B2-01,0,3
1414,34:CE:00:51:3E:6F,Lab,49,305.45286202430725,B2-01,0,3
1415,34:CE:00:51:3E:70,Lab_5G,32,305.45286202430725,B2-01,0,3
1416,44:D2:44:DC:2E:01,PROJETOR_B2-06-EC89sIpciG1AUef,40,305.45286202430725,B2-01,0,3
1417,54:B8:0A:AA:2C:8C,LAB_DIGITAL,29,305.45286202430725,B2-01,0,3
1418,54:B8:0A:AA:2C:8D,PCS-Wireless,27,305.45286202430725,B2-01,0,3
1419,54:F0:B1:A1:18:C3,MEZANINO,5,305.45286202430725,B2-01,0,3
1420,54:F0:B1:A1:18:C4,GDLAB,5,305.45286202430725,B2-01,0,3
1421,54:F0:B1:A1:18:C5,LABPAD,10,305.45286202430725,B2-01,0,3
1422,54:F0:B1:A1:18:D0,eduroam,30,305.45286202430725,B2-01,0,3
1423,54:F0:B1:A1:18:D1,PoliSemFio,24,305.45286202430725,B2-01,0,3
1424,54:F0:B1:A1:18:D2,,32,305.45286202430725,B2-01,0,3
1425,54:F0:B1:A1:18:D3,MEZANINO,29,305.45286202430725,B2-01,0,3
1426,54:F0:B1:A1:18:D4,GDLAB,29,305.45286202430725,B2-01,0,3
1427,54:F0:B1:A1:18:D5,LABPAD,32,305.45286202430725,B2-01,0,3
1428,54:F0:B1:A1:57:F0,eduroam,12,305.45286202430725,B2-01,0,3
1429,54:F0:B1:A1:57:F1,PoliSemFio,10,305.45286202430725,B2-01,0,3
1430,54:F0:B1:A1:57:F2,,12,305.45286202430725,B2-01,0,3
1431,54:F0:B1:A1:58:00,eduroam,39,305.45286202430725,B2-01,0,3
1432,54:F0:B1:A1:58:01,PoliSemFio,44,305.45286202430725,B2-01,0,3
1433,54:F0:B1:A1:58:02,,44,305.45286202430725,B2-01,0,3
1434,54:F0:B1:A1:E5:00,eduroam,20,305.45286202430725,B2-01,0,3
1435,54:F0:B1:A1:E5:01,PoliSemFio,25,305.45286202430725,B2-01,0,3
1436,54:F0:B1:A2:56:61,PoliSemFio,14,305.45286202430725,B2-01,0,3
1437,54:F0:B1:A2:56:70,eduroam,22,305.45286202430725,B2-01,0,3
1438,54:F0:B1:A2:56:71,PoliSemFio,24,305.45286202430725,B2-01,0,3
1439,54:F0:B1:A2:56:72,,27,305.45286202430725,B2-01,0,3
1440,54:F0:B1:A2:57:31,PoliSemFio,22,305.45286202430725,B2-01,0,3
1441,54:F0:B1:A2:57:32,,20,305.45286202430725,B2-01,0,3
1442,54:F0:B1:A2:57:33,LCA,12,305.45286202430725,B2-01,0,3
1443,54:F0:B1:BB:5A:81,PoliSemFio,39,305.45286202430725,B2-01,0,3
1444,54:F0:B1:BB:5A:82,HACKER,32,305.45286202430725,B2-01,0,3
1445,54:F0:B1:BB:5A:83,LEP,37,305.45286202430725,B2-01,0,3
1446,54:F0:B1:BB:5A:84,,32,305.45286202430725,B2-01,0,3
1447,54:F0:B1:BB:92:C1,PoliSemFio,20,305.45286202430725,B2-01,0,3
1448,54:F0:B1:BB:92:C2,,22,305.45286202430725,B2-01,0,3
1449,54:F0:B1:BB:BE:13,CAEEL,22,305.45286202430725,B2-01,0,3
1450,54:F0:B1:BB:C4:D0,eduroam,49,305.45286202430725,B2-01,0,3
1451,54:F0:B1:BB:C4:D1,PoliSemFio,77,305.45286202430725,B2-01,0,3
1452,54:F0:B1:BB:C4:D2,,77,305.45286202430725,B2-01,0,3
1453,54:F0:B1:BB:C4:F0,eduroam,42,305.45286202430725,B2-01,0,3
1454,54:F0:B1:BB:C4:F1,PoliSemFio,42,305.45286202430725,B2-01,0,3
1455,54:F0:B1:BB:F3:20,eduroam,34,305.45286202430725,B2-01,0,3
1456,54:F0:B1:BB:F3:21,PoliSemFio,29,305.45286202430725,B2-01,0,3
1457,54:F0:B1:BB:F3:22,,27,305.45286202430725,B2-01,0,3
1458,54:F0:B1:BC:09:40,eduroam,100,305.45286202430725,B2-01,0,3
1459,54:F0:B1:BC:09:41,PoliSemFio,95,305.45286202430725,B2-01,0,3
1460,54:F0:B1:BC:09:42,,95,305.45286202430725,B2-01,0,3
1461,54:F0:B1:BC:09:60,eduroam,65,305.45286202430725,B2-01,0,3
1462,54:F0:B1:BC:09:61,PoliSemFio,69,305.45286202430725,B2-01,0,3
1463,54:F0:B1:BC:1B:D0,eduroam,54,305.45286202430725,B2-01,0,3
1464,54:F0:B1:BC:1B:D1,PoliSemFio,69,305.45286202430725,B2-01,0,3
1465,54:F0:B1:BC:1B:D2,,65,305.45286202430725,B2-01,0,3
1466,54:F0:B1:BC:1B:F0,eduroam,35,305.45286202430725,B2-01,0,3
1467,54:F0:B1:BC:1B:F1,PoliSemFio,37,305.45286202430725,B2-01,0,3
1468,54:F0:B1:BC:1B:F2,,35,305.45286202430725,B2-01,0,3
1469,54:F0:B1:BC:2E:90,eduroam,45,305.45286202430725,B2-01,0,3
1470,54:F0:B1:BC:2E:91,PoliSemFio,62,305.45286202430725,B2-01,0,3
1471,54:F0:B1:BC:2E:92,,62,305.45286202430725,B2-01,0,3
1472,54:F0:B1:BC:2E:B0,eduroam,32,305.45286202430725,B2-01,0,3
1473,54:F0:B1:BC:2E:B1,PoliSemFio,32,305.45286202430725,B2-01,0,3
1474,54:F0:B1:BC:2F:50,eduroam,12,305.45286202430725,B2-01,0,3
1475,54:F0:B1:BC:36:11,eduroam,19,305.45286202430725,B2-01,0,3
1476,54:F0:B1:BC:70:00,eduroam,54,305.45286202430725,B2-01,0,3
1477,54:F0:B1:BC:70:01,PoliSemFio,45,305.45286202430725,B2-01,0,3
1478,54:F0:B1:BC:70:20,eduroam,17,305.45286202430725,B2-01,0,3
1479,54:F0:B1:BC:70:21,PoliSemFio,17,305.45286202430725,B2-01,0,3
1480,54:F0:B1:BC:77:80,eduroam,27,305.45286202430725,B2-01,0,3
1481,54:F0:B1:BC:77:81,PoliSemFio,29,305.45286202430725,B2-01,0,3
1482,54:F0:B1:BC:77:82,,30,305.45286202430725,B2-01,0,3
1483,54:F0:B1:BC:77:A0,eduroam,25,305.45286202430725,B2-01,0,3
1484,54:F0:B1:BC:77:A1,PoliSemFio,25,305.45286202430725,B2-01,0,3
1485,68:FF:7B:47:78:BD,C1-22M-5G,15,305.45286202430725,B2-01,0,3
1486,68:FF:7B:47:78:BE,C1-22M,34,305.45286202430725,B2-01,0,3
1487,70:62:B8:6E:72:A0,PCS-wireless-C1-13,35,305.45286202430725,B2-01,0,3
1488,70:62:B8:6E:72:A1,PPGEE,27,305.45286202430725,B2-01,0,3
1489,84:D4:7E:06:4F:E0,eduroam,54,305.45286202430725,B2-01,0,3
1490,84:D4:7E:06:4F:E1,PoliSemFio,42,305.45286202430725,B2-01,0,3
1491,84:D4:7E:06:4F:E2,,42,305.45286202430725,B2-01,0,3
1492,84:D4:7E:06:4F:F0,eduroam,25,305.45286202430725,B2-01,0,3
1493,84:D4:7E:06:4F:F1,PoliSemFio,25,305.45286202430725,B2-01,0,3
1494,DC:9F:DB:1C:1F:E0,LWN-3,37,305.45286202430725,B2-01,0,3
1495,DE:9F:DB:1C:1F:E0,LARC Guest,37,305.45286202430725,B2-01,0,3
1496,EE:9F:DB:1C:1F:D7,,17,305.45286202430725,B2-01,0,3
1497,EE:9F:DB:1C:1F:E0,,37,305.45286202430725,B2-01,0,3
1498,F8:1A:67:99:55:8E,NUCLEAR_CHF,19,305.45286202430725,B2-01,0,3
1499,FE:9F:DB:1C:1F:D7,,27,305.45286202430725,B2-01,0,3
1500,FE:9F:DB:1C:1F:E0,,29,305.45286202430725,B2-01,0,3
1501,00:18:E7:FF:8C:98,dlink,32,311.7408425807953,B2-01,0,3
1502,00:21:91:70:9D:EC,LAB-DIDATICO,27,311.7408425807953,B2-01,0,3
1503,30:85:A9:69:F2:E4,PCS-Wireless-C2-22,27,311.7408425807953,B2-01,0,3
1504,34:60:F9:A3:D9:14,GASWIFI-2G_C2,19,311.7408425807953,B2-01,0,3
1505,34:60:F9:A3:E7:3F,GASWIFI_C4,32,311.7408425807953,B2-01,0,3
1506,34:CE:00:51:3E:6F,Lab,49,311.7408425807953,B2-01,0,3
1507,34:CE:00:51:3E:70,Lab_5G,24,311.7408425807953,B2-01,0,3
1508,44:D2:44:DC:2E:01,PROJETOR_B2-06-EC89sIpciG1AUef,40,311.7408425807953,B2-01,0,3
1509,54:B8:0A:AA:2C:8C,LAB_DIGITAL,29,311.7408425807953,B2-01,0,3
1510,54:B8:0A:AA:2C:8D,PCS-Wireless,27,311.7408425807953,B2-01,0,3
1511,54:F0:B1:A1:18:C3,MEZANINO,5,311.7408425807953,B2-01,0,3
1512,54:F0:B1:A1:18:C4,GDLAB,5,311.7408425807953,B2-01,0,3
1513,54:F0:B1:A1:18:D1,PoliSemFio,24,311.7408425807953,B2-01,0,3
1514,54:F0:B1:A1:18:D3,MEZANINO,29,311.7408425807953,B2-01,0,3
1515,54:F0:B1:A1:18:D4,GDLAB,29,311.7408425807953,B2-01,0,3
1516,54:F0:B1:A1:57:F0,eduroam,12,311.7408425807953,B2-01,0,3
1517,54:F0:B1:A1:57:F1,PoliSemFio,10,311.7408425807953,B2-01,0,3
1518,54:F0:B1:A1:57:F2,,12,311.7408425807953,B2-01,0,3
1519,54:F0:B1:A1:58:00,eduroam,39,311.7408425807953,B2-01,0,3
1520,54:F0:B1:A1:58:01,PoliSemFio,44,311.7408425807953,B2-01,0,3
1521,54:F0:B1:A1:58:02,,44,311.7408425807953,B2-01,0,3
1522,54:F0:B1:A2:56:61,PoliSemFio,14,311.7408425807953,B2-01,0,3
1523,54:F0:B1:A2:56:70,eduroam,22,311.7408425807953,B2-01,0,3
1524,54:F0:B1:A2:56:71,PoliSemFio,24,311.7408425807953,B2-01,0,3
1525,54:F0:B1:A2:56:72,,27,311.7408425807953,B2-01,0,3
1526,54:F0:B1:A2:57:30,eduroam,19,311.7408425807953,B2-01,0,3
1527,54:F0:B1:A2:57:31,PoliSemFio,22,311.7408425807953,B2-01,0,3
1528,54:F0:B1:A2:57:32,,20,311.7408425807953,B2-01,0,3
1529,54:F0:B1:A2:57:33,LCA,12,311.7408425807953,B2-01,0,3
1530,54:F0:B1:BB:5A:81,PoliSemFio,29,311.7408425807953,B2-01,0,3
1531,54:F0:B1:BB:5A:82,HACKER,32,311.7408425807953,B2-01,0,3
1532,54:F0:B1:BB:5A:83,LEP,37,311.7408425807953,B2-01,0,3
1533,54:F0:B1:BB:92:C1,PoliSemFio,20,311.7408425807953,B2-01,0,3
1534,54:F0:B1:BB:92:C2,,22,311.7408425807953,B2-01,0,3
1535,54:F0:B1:BB:BE:13,CAEEL,22,311.7408425807953,B2-01,0,3
1536,54:F0:B1:BB:C4:D0,eduroam,49,311.7408425807953,B2-01,0,3
1537,54:F0:B1:BB:C4:D1,PoliSemFio,77,311.7408425807953,B2-01,0,3
1538,54:F0:B1:BB:C4:D2,,70,311.7408425807953,B2-01,0,3
1539,54:F0:B1:BB:C4:F0,eduroam,42,311.7408425807953,B2-01,0,3
1540,54:F0:B1:BB:C4:F1,PoliSemFio,42,311.7408425807953,B2-01,0,3
1541,54:F0:B1:BB:F3:20,eduroam,34,311.7408425807953,B2-01,0,3
1542,54:F0:B1:BB:F3:21,PoliSemFio,29,311.7408425807953,B2-01,0,3
1543,54:F0:B1:BB:F3:22,,27,311.7408425807953,B2-01,0,3
1544,54:F0:B1:BC:09:40,eduroam,100,311.7408425807953,B2-01,0,3
1545,54:F0:B1:BC:09:41,PoliSemFio,95,311.7408425807953,B2-01,0,3
1546,54:F0:B1:BC:09:42,,95,311.7408425807953,B2-01,0,3
1547,54:F0:B1:BC:09:60,eduroam,55,311.7408425807953,B2-01,0,3
1548,54:F0:B1:BC:09:61,PoliSemFio,55,311.7408425807953,B2-01,0,3
1549,54:F0:B1:BC:1B:D0,eduroam,69,311.7408425807953,B2-01,0,3
1550,54:F0:B1:BC:1B:D1,PoliSemFio,65,311.7408425807953,B2-01,0,3
1551,54:F0:B1:BC:1B:D2,,69,311.7408425807953,B2-01,0,3
1552,54:F0:B1:BC:1B:F0,eduroam,32,311.7408425807953,B2-01,0,3
1553,54:F0:B1:BC:1B:F1,PoliSemFio,32,311.7408425807953,B2-01,0,3
1554,54:F0:B1:BC:1B:F2,,35,311.7408425807953,B2-01,0,3
1555,54:F0:B1:BC:2E:90,eduroam,45,311.7408425807953,B2-01,0,3
1556,54:F0:B1:BC:2E:91,PoliSemFio,54,311.7408425807953,B2-01,0,3
1557,54:F0:B1:BC:2E:92,,54,311.7408425807953,B2-01,0,3
1558,54:F0:B1:BC:2E:B0,eduroam,32,311.7408425807953,B2-01,0,3
1559,54:F0:B1:BC:2E:B1,PoliSemFio,32,311.7408425807953,B2-01,0,3
1560,54:F0:B1:BC:36:11,eduroam,19,311.7408425807953,B2-01,0,3
1561,54:F0:B1:BC:70:00,eduroam,54,311.7408425807953,B2-01,0,3
1562,54:F0:B1:BC:70:01,PoliSemFio,45,311.7408425807953,B2-01,0,3
1563,54:F0:B1:BC:70:20,eduroam,17,311.7408425807953,B2-01,0,3
1564,54:F0:B1:BC:70:21,PoliSemFio,17,311.7408425807953,B2-01,0,3
1565,54:F0:B1:BC:77:80,eduroam,27,311.7408425807953,B2-01,0,3
1566,54:F0:B1:BC:77:81,PoliSemFio,29,311.7408425807953,B2-01,0,3
1567,54:F0:B1:BC:77:82,,30,311.7408425807953,B2-01,0,3
1568,54:F0:B1:BC:77:A0,eduroam,12,311.7408425807953,B2-01,0,3
1569,54:F0:B1:BC:77:A1,PoliSemFio,14,311.7408425807953,B2-01,0,3
1570,68:FF:7B:47:78:BD,C1-22M-5G,15,311.7408425807953,B2-01,0,3
1571,68:FF:7B:47:78:BE,C1-22M,14,311.7408425807953,B2-01,0,3
1572,70:62:B8:6E:72:A0,PCS-wireless-C1-13,35,311.7408425807953,B2-01,0,3
1573,70:62:B8:6E:72:A1,PPGEE,27,311.7408425807953,B2-01,0,3
1574,84:D4:7E:06:4F:E0,eduroam,54,311.7408425807953,B2-01,0,3
1575,84:D4:7E:06:4F:E1,PoliSemFio,40,311.7408425807953,B2-01,0,3
1576,84:D4:7E:06:4F:E2,,42,311.7408425807953,B2-01,0,3
1577,84:D4:7E:06:4F:F0,eduroam,14,311.7408425807953,B2-01,0,3
1578,84:D4:7E:06:4F:F1,PoliSemFio,25,311.7408425807953,B2-01,0,3
1579,DC:9F:DB:1C:1F:D7,LWN-3,20,311.7408425807953,B2-01,0,3
1580,DE:9F:DB:1C:1F:E0,LARC Guest,37,311.7408425807953,B2-01,0,3
1581,EE:9F:DB:1C:1F:D7,,17,311.7408425807953,B2-01,0,3
1582,EE:9F:DB:1C:1F:E0,,37,311.7408425807953,B2-01,0,3
1583,F8:1A:67:99:55:8E,NUCLEAR_CHF,19,311.7408425807953,B2-01,0,3
1584,FE:9F:DB:1C:1F:D7,,27,311.7408425807953,B2-01,0,3
1585,FE:9F:DB:1C:1F:E0,,29,311.7408425807953,B2-01,0,3
1586,00:18:E7:FF:8C:98,dlink,32,318.0252377986908,B2-01,0,3
1587,00:21:91:70:9D:EC,LAB-DIDATICO,27,318.0252377986908,B2-01,0,3
1588,34:60:F9:A3:D9:14,GASWIFI-2G_C2,19,318.0252377986908,B2-01,0,3
1589,34:CE:00:51:3E:6F,Lab,54,318.0252377986908,B2-01,0,3
1590,34:CE:00:51:3E:70,Lab_5G,29,318.0252377986908,B2-01,0,3
1591,44:D2:44:DC:2E:01,PROJETOR_B2-06-EC89sIpciG1AUef,57,318.0252377986908,B2-01,0,3
1592,54:B8:0A:AA:2C:8C,LAB_DIGITAL,39,318.0252377986908,B2-01,0,3
1593,54:B8:0A:AA:2C:8D,PCS-Wireless,40,318.0252377986908,B2-01,0,3
1594,54:F0:B1:A1:18:C3,MEZANINO,5,318.0252377986908,B2-01,0,3
1595,54:F0:B1:A1:18:C4,GDLAB,5,318.0252377986908,B2-01,0,3
1596,54:F0:B1:A1:18:D0,eduroam,24,318.0252377986908,B2-01,0,3
1597,54:F0:B1:A1:18:D1,PoliSemFio,27,318.0252377986908,B2-01,0,3
1598,54:F0:B1:A1:18:D2,,25,318.0252377986908,B2-01,0,3
1599,54:F0:B1:A1:18:D3,MEZANINO,29,318.0252377986908,B2-01,0,3
1600,54:F0:B1:A1:18:D4,GDLAB,25,318.0252377986908,B2-01,0,3
1601,54:F0:B1:A1:18:D5,LABPAD,22,318.0252377986908,B2-01,0,3
1602,54:F0:B1:A1:57:F0,eduroam,12,318.0252377986908,B2-01,0,3
1603,54:F0:B1:A1:57:F1,PoliSemFio,10,318.0252377986908,B2-01,0,3
1604,54:F0:B1:A1:57:F2,,12,318.0252377986908,B2-01,0,3
1605,54:F0:B1:A1:58:00,eduroam,47,318.0252377986908,B2-01,0,3
1606,54:F0:B1:A1:58:01,PoliSemFio,44,318.0252377986908,B2-01,0,3
1607,54:F0:B1:A1:58:02,,42,318.0252377986908,B2-01,0,3
1608,54:F0:B1:A2:56:61,PoliSemFio,14,318.0252377986908,B2-01,0,3
1609,54:F0:B1:A2:56:70,eduroam,22,318.0252377986908,B2-01,0,3
1610,54:F0:B1:A2:56:71,PoliSemFio,24,318.0252377986908,B2-01,0,3
1611,54:F0:B1:A2:56:72,,27,318.0252377986908,B2-01,0,3
1612,54:F0:B1:A2:57:30,eduroam,19,318.0252377986908,B2-01,0,3
1613,54:F0:B1:A2:57:31,PoliSemFio,22,318.0252377986908,B2-01,0,3
1614,54:F0:B1:A2:57:32,,20,318.0252377986908,B2-01,0,3
1615,54:F0:B1:A2:57:33,LCA,12,318.0252377986908,B2-01,0,3
1616,54:F0:B1:BB:5A:81,PoliSemFio,29,318.0252377986908,B2-01,0,3
1617,54:F0:B1:BB:5A:82,HACKER,32,318.0252377986908,B2-01,0,3
1618,54:F0:B1:BB:5A:83,LEP,37,318.0252377986908,B2-01,0,3
1619,54:F0:B1:BB:92:C1,PoliSemFio,20,318.0252377986908,B2-01,0,3
1620,54:F0:B1:BB:92:C2,,22,318.0252377986908,B2-01,0,3
1621,54:F0:B1:BB:C4:D0,eduroam,55,318.0252377986908,B2-01,0,3
1622,54:F0:B1:BB:C4:D1,PoliSemFio,79,318.0252377986908,B2-01,0,3
1623,54:F0:B1:BB:C4:D2,,77,318.0252377986908,B2-01,0,3
1624,54:F0:B1:BB:C4:F0,eduroam,42,318.0252377986908,B2-01,0,3
1625,54:F0:B1:BB:C4:F1,PoliSemFio,42,318.0252377986908,B2-01,0,3
1626,54:F0:B1:BB:F3:20,eduroam,34,318.0252377986908,B2-01,0,3
1627,54:F0:B1:BB:F3:21,PoliSemFio,30,318.0252377986908,B2-01,0,3
1628,54:F0:B1:BB:F3:22,,30,318.0252377986908,B2-01,0,3
1629,54:F0:B1:BC:09:40,eduroam,100,318.0252377986908,B2-01,0,3
1630,54:F0:B1:BC:09:41,PoliSemFio,95,318.0252377986908,B2-01,0,3
1631,54:F0:B1:BC:09:42,,95,318.0252377986908,B2-01,0,3
1632,54:F0:B1:BC:09:60,eduroam,67,318.0252377986908,B2-01,0,3
1633,54:F0:B1:BC:09:61,PoliSemFio,67,318.0252377986908,B2-01,0,3
1634,54:F0:B1:BC:1B:D0,eduroam,69,318.0252377986908,B2-01,0,3
1635,54:F0:B1:BC:1B:D1,PoliSemFio,67,318.0252377986908,B2-01,0,3
1636,54:F0:B1:BC:1B:D2,,69,318.0252377986908,B2-01,0,3
1637,54:F0:B1:BC:1B:F0,eduroam,35,318.0252377986908,B2-01,0,3
1638,54:F0:B1:BC:1B:F1,PoliSemFio,37,318.0252377986908,B2-01,0,3
1639,54:F0:B1:BC:1B:F2,,35,318.0252377986908,B2-01,0,3
1640,54:F0:B1:BC:2E:90,eduroam,62,318.0252377986908,B2-01,0,3
1641,54:F0:B1:BC:2E:91,PoliSemFio,54,318.0252377986908,B2-01,0,3
1642,54:F0:B1:BC:2E:92,,54,318.0252377986908,B2-01,0,3
1643,54:F0:B1:BC:2E:B0,eduroam,34,318.0252377986908,B2-01,0,3
1644,54:F0:B1:BC:2E:B1,PoliSemFio,34,318.0252377986908,B2-01,0,3
1645,54:F0:B1:BC:36:11,eduroam,15,318.0252377986908,B2-01,0,3
1646,54:F0:B1:BC:70:00,eduroam,55,318.0252377986908,B2-01,0,3
1647,54:F0:B1:BC:70:01,PoliSemFio,45,318.0252377986908,B2-01,0,3
1648,54:F0:B1:BC:70:20,eduroam,19,318.0252377986908,B2-01,0,3
1649,54:F0:B1:BC:70:21,PoliSemFio,17,318.0252377986908,B2-01,0,3
1650,54:F0:B1:BC:77:80,eduroam,27,318.0252377986908,B2-01,0,3
1651,54:F0:B1:BC:77:81,PoliSemFio,29,318.0252377986908,B2-01,0,3
1652,54:F0:B1:BC:77:82,,30,318.0252377986908,B2-01,0,3
1653,54:F0:B1:BC:77:A0,eduroam,24,318.0252377986908,B2-01,0,3
1654,54:F0:B1:BC:77:A1,PoliSemFio,22,318.0252377986908,B2-01,0,3
1655,68:FF:7B:47:78:BE,C1-22M,30,318.0252377986908,B2-01,0,3
1656,70:62:B8:6E:72:A0,PCS-wireless-C1-13,35,318.0252377986908,B2-01,0,3
1657,70:62:B8:6E:72:A1,PPGEE,27,318.0252377986908,B2-01,0,3
1658,84:D4:7E:06:4F:E0,eduroam,59,318.0252377986908,B2-01,0,3
1659,84:D4:7E:06:4F:E1,PoliSemFio,54,318.0252377986908,B2-01,0,3
1660,84:D4:7E:06:4F:E2,,54,318.0252377986908,B2-01,0,3
1661,84:D4:7E:06:4F:F0,eduroam,25,318.0252377986908,B2-01,0,3
1662,84:D4:7E:06:4F:F1,PoliSemFio,25,318.0252377986908,B2-01,0,3
1663,DC:9F:DB:1C:1F:D7,LWN-3,20,318.0252377986908,B2-01,0,3
1664,DE:9F:DB:1C:1F:E0,LARC Guest,39,318.0252377986908,B2-01,0,3
1665,EE:9F:DB:1C:1F:D7,,17,318.0252377986908,B2-01,0,3
1666,EE:9F:DB:1C:1F:E0,,39,318.0252377986908,B2-01,0,3
1667,F8:1A:67:99:55:8E,NUCLEAR_CHF,29,318.0252377986908,B2-01,0,3
1668,FE:9F:DB:1C:1F:D7,,19,318.0252377986908,B2-01,0,3
1669,FE:9F:DB:1C:1F:E0,,29,318.0252377986908,B2-01,0,3
1670,00:18:E7:FF:8C:98,dlink,32,324.2943444252014,B2-01,0,3
1671,00:21:91:70:9D:EC,LAB-DIDATICO,27,324.2943444252014,B2-01,0,3
1672,34:60:F9:A3:D9:14,GASWIFI-2G_C2,19,324.2943444252014,B2-01,0,3
1673,34:CE:00:51:3E:6F,Lab,54,324.2943444252014,B2-01,0,3
1674,34:CE:00:51:3E:70,Lab_5G,29,324.2943444252014,B2-01,0,3
1675,44:D2:44:DC:2E:01,PROJETOR_B2-06-EC89sIpciG1AUef,57,324.2943444252014,B2-01,0,3
1676,54:B8:0A:AA:2C:8C,LAB_DIGITAL,39,324.2943444252014,B2-01,0,3
1677,54:B8:0A:AA:2C:8D,PCS-Wireless,40,324.2943444252014,B2-01,0,3
1678,54:F0:B1:A1:18:C3,MEZANINO,5,324.2943444252014,B2-01,0,3
1679,54:F0:B1:A1:18:C4,GDLAB,5,324.2943444252014,B2-01,0,3
1680,54:F0:B1:A1:18:D0,eduroam,24,324.2943444252014,B2-01,0,3
1681,54:F0:B1:A1:18:D1,PoliSemFio,27,324.2943444252014,B2-01,0,3
1682,54:F0:B1:A1:18:D2,,25,324.2943444252014,B2-01,0,3
1683,54:F0:B1:A1:18:D3,MEZANINO,29,324.2943444252014,B2-01,0,3
1684,54:F0:B1:A1:18:D4,GDLAB,25,324.2943444252014,B2-01,0,3
1685,54:F0:B1:A1:18:D5,LABPAD,22,324.2943444252014,B2-01,0,3
1686,54:F0:B1:A1:57:F0,eduroam,12,324.2943444252014,B2-01,0,3
1687,54:F0:B1:A1:57:F1,PoliSemFio,10,324.2943444252014,B2-01,0,3
1688,54:F0:B1:A1:57:F2,,12,324.2943444252014,B2-01,0,3
1689,54:F0:B1:A1:58:00,eduroam,47,324.2943444252014,B2-01,0,3
1690,54:F0:B1:A1:58:01,PoliSemFio,44,324.2943444252014,B2-01,0,3
1691,54:F0:B1:A1:58:02,,42,324.2943444252014,B2-01,0,3
1692,54:F0:B1:A2:56:61,PoliSemFio,14,324.2943444252014,B2-01,0,3
1693,54:F0:B1:A2:56:70,eduroam,22,324.2943444252014,B2-01,0,3
1694,54:F0:B1:A2:56:71,PoliSemFio,24,324.2943444252014,B2-01,0,3
1695,54:F0:B1:A2:56:72,,27,324.2943444252014,B2-01,0,3
1696,54:F0:B1:A2:57:30,eduroam,19,324.2943444252014,B2-01,0,3
1697,54:F0:B1:A2:57:31,PoliSemFio,22,324.2943444252014,B2-01,0,3
1698,54:F0:B1:A2:57:32,,20,324.2943444252014,B2-01,0,3
1699,54:F0:B1:A2:57:33,LCA,12,324.2943444252014,B2-01,0,3
1700,54:F0:B1:BB:5A:81,PoliSemFio,29,324.2943444252014,B2-01,0,3
1701,54:F0:B1:BB:5A:82,HACKER,32,324.2943444252014,B2-01,0,3
1702,54:F0:B1:BB:5A:83,LEP,37,324.2943444252014,B2-01,0,3
1703,54:F0:B1:BB:92:C1,PoliSemFio,20,324.2943444252014,B2-01,0,3
1704,54:F0:B1:BB:92:C2,,22,324.2943444252014,B2-01,0,3
1705,54:F0:B1:BB:C4:D0,eduroam,55,324.2943444252014,B2-01,0,3
1706,54:F0:B1:BB:C4:D1,PoliSemFio,79,324.2943444252014,B2-01,0,3
1707,54:F0:B1:BB:C4:D2,,77,324.2943444252014,B2-01,0,3
1708,54:F0:B1:BB:C4:F0,eduroam,42,324.2943444252014,B2-01,0,3
1709,54:F0:B1:BB:C4:F1,PoliSemFio,42,324.2943444252014,B2-01,0,3
1710,54:F0:B1:BB:F3:20,eduroam,34,324.2943444252014,B2-01,0,3
1711,54:F0:B1:BB:F3:21,PoliSemFio,30,324.2943444252014,B2-01,0,3
1712,54:F0:B1:BB:F3:22,,30,324.2943444252014,B2-01,0,3
1713,54:F0:B1:BC:09:40,eduroam,100,324.2943444252014,B2-01,0,3
1714,54:F0:B1:BC:09:41,PoliSemFio,95,324.2943444252014,B2-01,0,3
1715,54:F0:B1:BC:09:42,,95,324.2943444252014,B2-01,0,3
1716,54:F0:B1:BC:09:60,eduroam,62,324.2943444252014,B2-01,0,3
1717,54:F0:B1:BC:09:61,PoliSemFio,67,324.2943444252014,B2-01,0,3
1718,54:F0:B1:BC:1B:D0,eduroam,69,324.2943444252014,B2-01,0,3
1719,54:F0:B1:BC:1B:D1,PoliSemFio,67,324.2943444252014,B2-01,0,3
1720,54:F0:B1:BC:1B:D2,,69,324.2943444252014,B2-01,0,3
1721,54:F0:B1:BC:1B:F0,eduroam,35,324.2943444252014,B2-01,0,3
1722,54:F0:B1:BC:1B:F1,PoliSemFio,37,324.2943444252014,B2-01,0,3
1723,54:F0:B1:BC:1B:F2,,35,324.2943444252014,B2-01,0,3
1724,54:F0:B1:BC:2E:90,eduroam,62,324.2943444252014,B2-01,0,3
1725,54:F0:B1:BC:2E:91,PoliSemFio,54,324.2943444252014,B2-01,0,3
1726,54:F0:B1:BC:2E:92,,54,324.2943444252014,B2-01,0,3
1727,54:F0:B1:BC:2E:B0,eduroam,34,324.2943444252014,B2-01,0,3
1728,54:F0:B1:BC:2E:B1,PoliSemFio,34,324.2943444252014,B2-01,0,3
1729,54:F0:B1:BC:36:11,eduroam,15,324.2943444252014,B2-01,0,3
1730,54:F0:B1:BC:70:00,eduroam,55,324.2943444252014,B2-01,0,3
1731,54:F0:B1:BC:70:01,PoliSemFio,45,324.2943444252014,B2-01,0,3
1732,54:F0:B1:BC:70:20,eduroam,19,324.2943444252014,B2-01,0,3
1733,54:F0:B1:BC:70:21,PoliSemFio,17,324.2943444252014,B2-01,0,3
1734,54:F0:B1:BC:77:80,eduroam,27,324.2943444252014,B2-01,0,3
1735,54:F0:B1:BC:77:81,PoliSemFio,29,324.2943444252014,B2-01,0,3
1736,54:F0:B1:BC:77:82,,30,324.2943444252014,B2-01,0,3
1737,54:F0:B1:BC:77:A0,eduroam,24,324.2943444252014,B2-01,0,3
1738,54:F0:B1:BC:77:A1,PoliSemFio,22,324.2943444252014,B2-01,0,3
1739,68:FF:7B:47:78:BE,C1-22M,30,324.2943444252014,B2-01,0,3
1740,70:62:B8:6E:72:A0,PCS-wireless-C1-13,35,324.2943444252014,B2-01,0,3
1741,70:62:B8:6E:72:A1,PPGEE,27,324.2943444252014,B2-01,0,3
1742,84:D4:7E:06:4F:E0,eduroam,59,324.2943444252014,B2-01,0,3
1743,84:D4:7E:06:4F:E1,PoliSemFio,54,324.2943444252014,B2-01,0,3
1744,84:D4:7E:06:4F:E2,,54,324.2943444252014,B2-01,0,3
1745,84:D4:7E:06:4F:F0,eduroam,25,324.2943444252014,B2-01,0,3
1746,84:D4:7E:06:4F:F1,PoliSemFio,25,324.2943444252014,B2-01,0,3
1747,DC:9F:DB:1C:1F:D7,LWN-3,20,324.2943444252014,B2-01,0,3
1748,DE:9F:DB:1C:1F:E0,LARC Guest,39,324.2943444252014,B2-01,0,3
1749,EE:9F:DB:1C:1F:D7,,17,324.2943444252014,B2-01,0,3
1750,EE:9F:DB:1C:1F:E0,,39,324.2943444252014,B2-01,0,3
1751,F8:1A:67:99:55:8E,NUCLEAR_CHF,29,324.2943444252014,B2-01,0,3
1752,FE:9F:DB:1C:1F:D7,,19,324.2943444252014,B2-01,0,3
1753,FE:9F:DB:1C:1F:E0,,29,324.2943444252014,B2-01,0,3
1754,00:18:E7:FF:8C:98,dlink,32,326.9296917915344,B2-01,0,3
1755,00:21:91:70:9D:EC,LAB-DIDATICO,27,326.9296917915344,B2-01,0,3
1756,34:60:F9:A3:D9:14,GASWIFI-2G_C2,19,326.9296917915344,B2-01,0,3
1757,34:60:F9:A3:E7:3F,GASWIFI_C4,30,326.9296917915344,B2-01,0,3
1758,34:CE:00:51:3E:6F,Lab,49,326.9296917915344,B2-01,0,3
1759,34:CE:00:51:3E:70,Lab_5G,24,326.9296917915344,B2-01,0,3
1760,44:D2:44:DC:2E:01,PROJETOR_B2-06-EC89sIpciG1AUef,40,326.9296917915344,B2-01,0,3
1761,54:B8:0A:AA:2C:8C,LAB_DIGITAL,24,326.9296917915344,B2-01,0,3
1762,54:B8:0A:AA:2C:8D,PCS-Wireless,27,326.9296917915344,B2-01,0,3
1763,54:F0:B1:A1:18:C3,MEZANINO,5,326.9296917915344,B2-01,0,3
1764,54:F0:B1:A1:18:C4,GDLAB,5,326.9296917915344,B2-01,0,3
1765,54:F0:B1:A1:18:D0,eduroam,24,326.9296917915344,B2-01,0,3
1766,54:F0:B1:A1:18:D1,PoliSemFio,27,326.9296917915344,B2-01,0,3
1767,54:F0:B1:A1:18:D2,,25,326.9296917915344,B2-01,0,3
1768,54:F0:B1:A1:18:D4,GDLAB,25,326.9296917915344,B2-01,0,3
1769,54:F0:B1:A1:18:D5,LABPAD,22,326.9296917915344,B2-01,0,3
1770,54:F0:B1:A1:57:F0,eduroam,12,326.9296917915344,B2-01,0,3
1771,54:F0:B1:A1:57:F1,PoliSemFio,10,326.9296917915344,B2-01,0,3
1772,54:F0:B1:A1:57:F2,,12,326.9296917915344,B2-01,0,3
1773,54:F0:B1:A1:58:00,eduroam,35,326.9296917915344,B2-01,0,3
1774,54:F0:B1:A1:58:01,PoliSemFio,44,326.9296917915344,B2-01,0,3
1775,54:F0:B1:A1:58:02,,42,326.9296917915344,B2-01,0,3
1776,54:F0:B1:A2:56:72,,29,326.9296917915344,B2-01,0,3
1777,54:F0:B1:A2:57:30,eduroam,19,326.9296917915344,B2-01,0,3
1778,54:F0:B1:A2:57:33,LCA,12,326.9296917915344,B2-01,0,3
1779,54:F0:B1:BB:5A:81,PoliSemFio,29,326.9296917915344,B2-01,0,3
1780,54:F0:B1:BB:5A:82,HACKER,37,326.9296917915344,B2-01,0,3
1781,54:F0:B1:BB:5A:83,LEP,39,326.9296917915344,B2-01,0,3
1782,54:F0:B1:BB:BE:10,eduroam,17,326.9296917915344,B2-01,0,3
1783,54:F0:B1:BB:C4:D0,eduroam,59,326.9296917915344,B2-01,0,3
1784,54:F0:B1:BB:C4:D1,PoliSemFio,64,326.9296917915344,B2-01,0,3
1785,54:F0:B1:BB:C4:D2,,64,326.9296917915344,B2-01,0,3
1786,54:F0:B1:BB:C4:F0,eduroam,42,326.9296917915344,B2-01,0,3
1787,54:F0:B1:BB:C4:F1,PoliSemFio,42,326.9296917915344,B2-01,0,3
1788,54:F0:B1:BB:F3:20,eduroam,32,326.9296917915344,B2-01,0,3
1789,54:F0:B1:BB:F3:21,PoliSemFio,30,326.9296917915344,B2-01,0,3
1790,54:F0:B1:BB:F3:22,,30,326.9296917915344,B2-01,0,3
1791,54:F0:B1:BC:09:40,eduroam,90,326.9296917915344,B2-01,0,3
1792,54:F0:B1:BC:09:41,PoliSemFio,87,326.9296917915344,B2-01,0,3
1793,54:F0:B1:BC:09:42,,87,326.9296917915344,B2-01,0,3
1794,54:F0:B1:BC:09:60,eduroam,60,326.9296917915344,B2-01,0,3
1795,54:F0:B1:BC:09:61,PoliSemFio,60,326.9296917915344,B2-01,0,3
1796,54:F0:B1:BC:1B:D0,eduroam,69,326.9296917915344,B2-01,0,3
1797,54:F0:B1:BC:1B:D1,PoliSemFio,67,326.9296917915344,B2-01,0,3
1798,54:F0:B1:BC:1B:D2,,70,326.9296917915344,B2-01,0,3
1799,54:F0:B1:BC:1B:F0,eduroam,32,326.9296917915344,B2-01,0,3
1800,54:F0:B1:BC:1B:F1,PoliSemFio,32,326.9296917915344,B2-01,0,3
1801,54:F0:B1:BC:1B:F2,,35,326.9296917915344,B2-01,0,3
1802,54:F0:B1:BC:2E:90,eduroam,62,326.9296917915344,B2-01,0,3
1803,54:F0:B1:BC:2E:91,PoliSemFio,54,326.9296917915344,B2-01,0,3
1804,54:F0:B1:BC:2E:92,,59,326.9296917915344,B2-01,0,3
1805,54:F0:B1:BC:2E:B0,eduroam,30,326.9296917915344,B2-01,0,3
1806,54:F0:B1:BC:2E:B1,PoliSemFio,30,326.9296917915344,B2-01,0,3
1807,54:F0:B1:BC:36:11,eduroam,15,326.9296917915344,B2-01,0,3
1808,54:F0:B1:BC:3F:10,eduroam,25,326.9296917915344,B2-01,0,3
1809,54:F0:B1:BC:70:00,eduroam,42,326.9296917915344,B2-01,0,3
1810,54:F0:B1:BC:70:01,PoliSemFio,45,326.9296917915344,B2-01,0,3
1811,54:F0:B1:BC:70:20,eduroam,14,326.9296917915344,B2-01,0,3
1812,54:F0:B1:BC:70:21,PoliSemFio,12,326.9296917915344,B2-01,0,3
1813,54:F0:B1:BC:77:80,eduroam,27,326.9296917915344,B2-01,0,3
1814,54:F0:B1:BC:77:81,PoliSemFio,30,326.9296917915344,B2-01,0,3
1815,54:F0:B1:BC:77:82,,32,326.9296917915344,B2-01,0,3
1816,54:F0:B1:BC:77:A0,eduroam,22,326.9296917915344,B2-01,0,3
1817,54:F0:B1:BC:77:A1,PoliSemFio,22,326.9296917915344,B2-01,0,3
1818,68:FF:7B:47:78:BE,C1-22M,30,326.9296917915344,B2-01,0,3
1819,70:62:B8:6E:72:A0,PCS-wireless-C1-13,17,326.9296917915344,B2-01,0,3
1820,84:D4:7E:06:4F:E0,eduroam,42,326.9296917915344,B2-01,0,3
1821,84:D4:7E:06:4F:E1,PoliSemFio,35,326.9296917915344,B2-01,0,3
1822,84:D4:7E:06:4F:E2,,35,326.9296917915344,B2-01,0,3
1823,84:D4:7E:06:4F:F0,eduroam,25,326.9296917915344,B2-01,0,3
1824,84:D4:7E:06:4F:F1,PoliSemFio,25,326.9296917915344,B2-01,0,3
1825,DC:9F:DB:1C:1F:D7,LWN-3,25,326.9296917915344,B2-01,0,3
1826,DE:9F:DB:1C:1F:E0,LARC Guest,27,326.9296917915344,B2-01,0,3
1827,EE:9F:DB:1C:1F:D7,,17,326.9296917915344,B2-01,0,3
1828,EE:9F:DB:1C:1F:E0,,39,326.9296917915344,B2-01,0,3
1829,F8:1A:67:99:55:8E,NUCLEAR_CHF,29,326.9296917915344,B2-01,0,3
1830,FE:9F:DB:1C:1F:D7,,19,326.9296917915344,B2-01,0,3
1831,FE:9F:DB:1C:1F:E0,,27,326.9296917915344,B2-01,0,3
