,ap_mac,ap_name,rssi,timestamp,room,door_status,room_part
0,00:21:91:70:9D:EC,LAB-DIDATICO,24,913.3454155921936,B2-01,1,4
1,30:85:A9:69:F2:E4,PCS-Wireless-C2-22,29,913.3454155921936,B2-01,1,4
2,34:60:F9:A3:D9:14,GASWIFI-2G_C2,22,913.3454155921936,B2-01,1,4
3,34:60:F9:A3:E7:3F,GASWIFI_C4,37,913.3454155921936,B2-01,1,4
4,34:CE:00:51:3E:6F,Lab,62,913.3454155921936,B2-01,1,4
5,34:CE:00:51:3E:70,Lab_5G,35,913.3454155921936,B2-01,1,4
6,3A:60:F9:A3:D9:14,,15,913.3454155921936,B2-01,1,4
7,44:D2:44:DC:2E:01,PROJETOR_B2-06-EC89sIpciG1AUef,30,913.3454155921936,B2-01,1,4
8,54:B8:0A:AA:2C:8C,LAB_DIGITAL,37,913.3454155921936,B2-01,1,4
9,54:B8:0A:AA:2C:8D,PCS-Wireless,37,913.3454155921936,B2-01,1,4
10,54:F0:B1:A1:18:C3,MEZANINO,12,913.3454155921936,B2-01,1,4
11,54:F0:B1:A1:18:C4,GDLAB,15,913.3454155921936,B2-01,1,4
12,54:F0:B1:A1:18:C5,LABPAD,12,913.3454155921936,B2-01,1,4
13,54:F0:B1:A1:18:D0,eduroam,30,913.3454155921936,B2-01,1,4
14,54:F0:B1:A1:18:D1,PoliSemFio,22,913.3454155921936,B2-01,1,4
15,54:F0:B1:A1:18:D2,,20,913.3454155921936,B2-01,1,4
16,54:F0:B1:A1:18:D3,MEZANINO,32,913.3454155921936,B2-01,1,4
17,54:F0:B1:A1:18:D4,GDLAB,29,913.3454155921936,B2-01,1,4
18,54:F0:B1:A1:18:D5,LABPAD,29,913.3454155921936,B2-01,1,4
19,54:F0:B1:A1:57:F0,eduroam,15,913.3454155921936,B2-01,1,4
20,54:F0:B1:A1:57:F1,PoliSemFio,15,913.3454155921936,B2-01,1,4
21,54:F0:B1:A1:58:00,eduroam,30,913.3454155921936,B2-01,1,4
22,54:F0:B1:A1:58:01,PoliSemFio,44,913.3454155921936,B2-01,1,4
23,54:F0:B1:A1:58:02,,44,913.3454155921936,B2-01,1,4
24,54:F0:B1:A2:56:61,PoliSemFio,15,913.3454155921936,B2-01,1,4
25,54:F0:B1:A2:56:70,eduroam,24,913.3454155921936,B2-01,1,4
26,54:F0:B1:A2:56:71,PoliSemFio,24,913.3454155921936,B2-01,1,4
27,54:F0:B1:A2:56:72,,22,913.3454155921936,B2-01,1,4
28,54:F0:B1:A2:57:30,eduroam,22,913.3454155921936,B2-01,1,4
29,54:F0:B1:A2:57:33,LCA,15,913.3454155921936,B2-01,1,4
30,54:F0:B1:BB:5A:80,eduroam,39,913.3454155921936,B2-01,1,4
31,54:F0:B1:BB:5A:81,PoliSemFio,35,913.3454155921936,B2-01,1,4
32,54:F0:B1:BB:5A:82,HACKER,35,913.3454155921936,B2-01,1,4
33,54:F0:B1:BB:5A:83,LEP,37,913.3454155921936,B2-01,1,4
34,54:F0:B1:BB:92:C2,,24,913.3454155921936,B2-01,1,4
35,54:F0:B1:BB:BE:11,PoliSemFio,27,913.3454155921936,B2-01,1,4
36,54:F0:B1:BB:BE:12,,25,913.3454155921936,B2-01,1,4
37,54:F0:B1:BB:BE:13,CAEEL,12,913.3454155921936,B2-01,1,4
38,54:F0:B1:BB:C4:D0,eduroam,62,913.3454155921936,B2-01,1,4
39,54:F0:B1:BB:C4:D1,PoliSemFio,82,913.3454155921936,B2-01,1,4
40,54:F0:B1:BB:C4:D2,,80,913.3454155921936,B2-01,1,4
41,54:F0:B1:BB:C4:F0,eduroam,39,913.3454155921936,B2-01,1,4
42,54:F0:B1:BB:C4:F1,PoliSemFio,40,913.3454155921936,B2-01,1,4
43,54:F0:B1:BB:C4:F2,,39,913.3454155921936,B2-01,1,4
44,54:F0:B1:BB:C5:C3,MEZANINO,12,913.3454155921936,B2-01,1,4
45,54:F0:B1:BB:C5:C4,GDLAB,12,913.3454155921936,B2-01,1,4
46,54:F0:B1:BB:C5:C5,LABPAD,14,913.3454155921936,B2-01,1,4
47,54:F0:B1:BB:F3:20,eduroam,27,913.3454155921936,B2-01,1,4
48,54:F0:B1:BB:F3:21,PoliSemFio,27,913.3454155921936,B2-01,1,4
49,54:F0:B1:BC:09:40,eduroam,97,913.3454155921936,B2-01,1,4
50,54:F0:B1:BC:09:41,PoliSemFio,90,913.3454155921936,B2-01,1,4
51,54:F0:B1:BC:09:42,,90,913.3454155921936,B2-01,1,4
52,54:F0:B1:BC:09:60,eduroam,85,913.3454155921936,B2-01,1,4
53,54:F0:B1:BC:09:61,PoliSemFio,75,913.3454155921936,B2-01,1,4
54,54:F0:B1:BC:1B:D0,eduroam,64,913.3454155921936,B2-01,1,4
55,54:F0:B1:BC:1B:D1,PoliSemFio,64,913.3454155921936,B2-01,1,4
56,54:F0:B1:BC:1B:D2,,65,913.3454155921936,B2-01,1,4
57,54:F0:B1:BC:1B:F0,eduroam,24,913.3454155921936,B2-01,1,4
58,54:F0:B1:BC:1B:F1,PoliSemFio,22,913.3454155921936,B2-01,1,4
59,54:F0:B1:BC:2E:90,eduroam,59,913.3454155921936,B2-01,1,4
60,54:F0:B1:BC:2E:91,PoliSemFio,55,913.3454155921936,B2-01,1,4
61,54:F0:B1:BC:2E:92,,55,913.3454155921936,B2-01,1,4
62,54:F0:B1:BC:2E:B0,eduroam,32,913.3454155921936,B2-01,1,4
63,54:F0:B1:BC:2E:B1,PoliSemFio,32,913.3454155921936,B2-01,1,4
64,54:F0:B1:BC:2F:50,eduroam,12,913.3454155921936,B2-01,1,4
65,54:F0:B1:BC:36:11,eduroam,22,913.3454155921936,B2-01,1,4
66,54:F0:B1:BC:3F:10,eduroam,29,913.3454155921936,B2-01,1,4
67,54:F0:B1:BC:3F:12,,27,913.3454155921936,B2-01,1,4
68,54:F0:B1:BC:70:00,eduroam,57,913.3454155921936,B2-01,1,4
69,54:F0:B1:BC:70:01,PoliSemFio,44,913.3454155921936,B2-01,1,4
70,54:F0:B1:BC:70:02,,50,913.3454155921936,B2-01,1,4
71,54:F0:B1:BC:70:20,eduroam,15,913.3454155921936,B2-01,1,4
72,54:F0:B1:BC:70:21,PoliSemFio,17,913.3454155921936,B2-01,1,4
73,54:F0:B1:BC:77:80,eduroam,37,913.3454155921936,B2-01,1,4
74,54:F0:B1:BC:77:81,PoliSemFio,42,913.3454155921936,B2-01,1,4
75,54:F0:B1:BC:77:82,,42,913.3454155921936,B2-01,1,4
76,54:F0:B1:BC:77:A0,eduroam,25,913.3454155921936,B2-01,1,4
77,54:F0:B1:BC:77:A1,PoliSemFio,25,913.3454155921936,B2-01,1,4
78,68:FF:7B:47:78:BE,C1-22M,25,913.3454155921936,B2-01,1,4
79,70:62:B8:6E:72:A0,PCS-wireless-C1-13,32,913.3454155921936,B2-01,1,4
80,70:62:B8:6E:72:A1,PPGEE,44,913.3454155921936,B2-01,1,4
81,84:D4:7E:06:4F:E0,eduroam,57,913.3454155921936,B2-01,1,4
82,84:D4:7E:06:4F:E1,PoliSemFio,54,913.3454155921936,B2-01,1,4
83,84:D4:7E:06:4F:E2,,54,913.3454155921936,B2-01,1,4
84,84:D4:7E:06:4F:F0,eduroam,17,913.3454155921936,B2-01,1,4
85,84:D4:7E:06:4F:F1,PoliSemFio,15,913.3454155921936,B2-01,1,4
86,84:D4:7E:06:4F:F2,,19,913.3454155921936,B2-01,1,4
87,DC:9F:DB:1C:1F:D7,LWN-3,17,913.3454155921936,B2-01,1,4
88,DC:9F:DB:1C:1F:E0,LWN-3,37,913.3454155921936,B2-01,1,4
89,DE:9F:DB:1C:1F:E0,LARC Guest,37,913.3454155921936,B2-01,1,4
90,EE:9F:DB:1C:1F:E0,,37,913.3454155921936,B2-01,1,4
91,F8:1A:67:99:55:8E,NUCLEAR_CHF,24,913.3454155921936,B2-01,1,4
92,FE:9F:DB:1C:1F:E0,,37,913.3454155921936,B2-01,1,4
93,00:21:91:70:9D:EC,LAB-DIDATICO,24,915.9648683071136,B2-01,1,4
94,30:85:A9:69:F2:E4,PCS-Wireless-C2-22,22,915.9648683071136,B2-01,1,4
95,34:60:F9:A3:D9:14,GASWIFI-2G_C2,40,915.9648683071136,B2-01,1,4
96,34:60:F9:A3:E7:3F,GASWIFI_C4,37,915.9648683071136,B2-01,1,4
97,34:CE:00:51:3E:6F,Lab,30,915.9648683071136,B2-01,1,4
98,34:CE:00:51:3E:70,Lab_5G,7,915.9648683071136,B2-01,1,4
99,3A:60:F9:A3:D9:14,,42,915.9648683071136,B2-01,1,4
100,44:D2:44:DC:2E:01,PROJETOR_B2-06-EC89sIpciG1AUef,30,915.9648683071136,B2-01,1,4
101,54:B8:0A:AA:2C:8C,LAB_DIGITAL,24,915.9648683071136,B2-01,1,4
102,54:B8:0A:AA:2C:8D,PCS-Wireless,30,915.9648683071136,B2-01,1,4
103,54:F0:B1:A1:18:C0,eduroam,22,915.9648683071136,B2-01,1,4
104,54:F0:B1:A1:18:C1,PoliSemFio,24,915.9648683071136,B2-01,1,4
105,54:F0:B1:A1:18:C3,MEZANINO,22,915.9648683071136,B2-01,1,4
106,54:F0:B1:A1:18:C4,GDLAB,22,915.9648683071136,B2-01,1,4
107,54:F0:B1:A1:18:C5,LABPAD,22,915.9648683071136,B2-01,1,4
108,54:F0:B1:A1:18:D0,eduroam,24,915.9648683071136,B2-01,1,4
109,54:F0:B1:A1:18:D1,PoliSemFio,22,915.9648683071136,B2-01,1,4
110,54:F0:B1:A1:18:D2,,20,915.9648683071136,B2-01,1,4
111,54:F0:B1:A1:18:D4,GDLAB,24,915.9648683071136,B2-01,1,4
112,54:F0:B1:A1:18:D5,LABPAD,34,915.9648683071136,B2-01,1,4
113,54:F0:B1:A1:57:F0,eduroam,15,915.9648683071136,B2-01,1,4
114,54:F0:B1:A1:57:F1,PoliSemFio,15,915.9648683071136,B2-01,1,4
115,54:F0:B1:A1:58:00,eduroam,30,915.9648683071136,B2-01,1,4
116,54:F0:B1:A1:58:01,PoliSemFio,44,915.9648683071136,B2-01,1,4
117,54:F0:B1:A1:58:02,,44,915.9648683071136,B2-01,1,4
118,54:F0:B1:A2:56:61,PoliSemFio,15,915.9648683071136,B2-01,1,4
119,54:F0:B1:A2:56:70,eduroam,24,915.9648683071136,B2-01,1,4
120,54:F0:B1:A2:56:71,PoliSemFio,24,915.9648683071136,B2-01,1,4
121,54:F0:B1:A2:56:72,,22,915.9648683071136,B2-01,1,4
122,54:F0:B1:A2:57:30,eduroam,22,915.9648683071136,B2-01,1,4
123,54:F0:B1:A2:57:33,LCA,15,915.9648683071136,B2-01,1,4
124,54:F0:B1:BB:5A:80,eduroam,39,915.9648683071136,B2-01,1,4
125,54:F0:B1:BB:5A:81,PoliSemFio,35,915.9648683071136,B2-01,1,4
126,54:F0:B1:BB:5A:82,HACKER,30,915.9648683071136,B2-01,1,4
127,54:F0:B1:BB:5A:83,LEP,37,915.9648683071136,B2-01,1,4
128,54:F0:B1:BB:80:C3,LABPROG,19,915.9648683071136,B2-01,1,4
129,54:F0:B1:BB:92:C2,,24,915.9648683071136,B2-01,1,4
130,54:F0:B1:BB:BE:11,PoliSemFio,27,915.9648683071136,B2-01,1,4
131,54:F0:B1:BB:BE:12,,25,915.9648683071136,B2-01,1,4
132,54:F0:B1:BB:BE:13,CAEEL,12,915.9648683071136,B2-01,1,4
133,54:F0:B1:BB:C4:D0,eduroam,35,915.9648683071136,B2-01,1,4
134,54:F0:B1:BB:C4:D1,PoliSemFio,32,915.9648683071136,B2-01,1,4
135,54:F0:B1:BB:C4:D2,,80,915.9648683071136,B2-01,1,4
136,54:F0:B1:BB:C4:F0,eduroam,25,915.9648683071136,B2-01,1,4
137,54:F0:B1:BB:C4:F1,PoliSemFio,25,915.9648683071136,B2-01,1,4
138,54:F0:B1:BB:C4:F2,,25,915.9648683071136,B2-01,1,4
139,54:F0:B1:BB:C5:C3,MEZANINO,12,915.9648683071136,B2-01,1,4
140,54:F0:B1:BB:C5:C4,GDLAB,12,915.9648683071136,B2-01,1,4
141,54:F0:B1:BB:C5:C5,LABPAD,14,915.9648683071136,B2-01,1,4
142,54:F0:B1:BB:F3:20,eduroam,27,915.9648683071136,B2-01,1,4
143,54:F0:B1:BB:F3:21,PoliSemFio,27,915.9648683071136,B2-01,1,4
144,54:F0:B1:BB:FD:D0,eduroam,17,915.9648683071136,B2-01,1,4
145,54:F0:B1:BC:09:40,eduroam,84,915.9648683071136,B2-01,1,4
146,54:F0:B1:BC:09:41,PoliSemFio,90,915.9648683071136,B2-01,1,4
147,54:F0:B1:BC:09:42,,82,915.9648683071136,B2-01,1,4
148,54:F0:B1:BC:09:60,eduroam,72,915.9648683071136,B2-01,1,4
149,54:F0:B1:BC:09:61,PoliSemFio,82,915.9648683071136,B2-01,1,4
150,54:F0:B1:BC:1B:D0,eduroam,64,915.9648683071136,B2-01,1,4
151,54:F0:B1:BC:1B:D1,PoliSemFio,64,915.9648683071136,B2-01,1,4
152,54:F0:B1:BC:1B:D2,,45,915.9648683071136,B2-01,1,4
153,54:F0:B1:BC:1B:F0,eduroam,24,915.9648683071136,B2-01,1,4
154,54:F0:B1:BC:1B:F1,PoliSemFio,24,915.9648683071136,B2-01,1,4
155,54:F0:B1:BC:2E:90,eduroam,65,915.9648683071136,B2-01,1,4
156,54:F0:B1:BC:2E:91,PoliSemFio,59,915.9648683071136,B2-01,1,4
157,54:F0:B1:BC:2E:92,,59,915.9648683071136,B2-01,1,4
158,54:F0:B1:BC:2E:B0,eduroam,39,915.9648683071136,B2-01,1,4
159,54:F0:B1:BC:2E:B1,PoliSemFio,39,915.9648683071136,B2-01,1,4
160,54:F0:B1:BC:2F:50,eduroam,12,915.9648683071136,B2-01,1,4
161,54:F0:B1:BC:36:11,eduroam,22,915.9648683071136,B2-01,1,4
162,54:F0:B1:BC:3F:10,eduroam,34,915.9648683071136,B2-01,1,4
163,54:F0:B1:BC:3F:12,,27,915.9648683071136,B2-01,1,4
164,54:F0:B1:BC:65:B0,eduroam,12,915.9648683071136,B2-01,1,4
165,54:F0:B1:BC:65:B1,PoliSemFio,29,915.9648683071136,B2-01,1,4
166,54:F0:B1:BC:70:00,eduroam,37,915.9648683071136,B2-01,1,4
167,54:F0:B1:BC:70:01,PoliSemFio,35,915.9648683071136,B2-01,1,4
168,54:F0:B1:BC:70:02,,35,915.9648683071136,B2-01,1,4
169,54:F0:B1:BC:70:20,eduroam,15,915.9648683071136,B2-01,1,4
170,54:F0:B1:BC:70:21,PoliSemFio,17,915.9648683071136,B2-01,1,4
171,54:F0:B1:BC:77:80,eduroam,42,915.9648683071136,B2-01,1,4
172,54:F0:B1:BC:77:81,PoliSemFio,35,915.9648683071136,B2-01,1,4
173,54:F0:B1:BC:77:82,,42,915.9648683071136,B2-01,1,4
174,54:F0:B1:BC:77:A0,eduroam,25,915.9648683071136,B2-01,1,4
175,54:F0:B1:BC:77:A1,PoliSemFio,25,915.9648683071136,B2-01,1,4
176,68:FF:7B:47:78:BE,C1-22M,32,915.9648683071136,B2-01,1,4
177,70:62:B8:6E:72:A0,PCS-wireless-C1-13,32,915.9648683071136,B2-01,1,4
178,70:62:B8:6E:72:A1,PPGEE,30,915.9648683071136,B2-01,1,4
179,84:D4:7E:06:4F:E0,eduroam,57,915.9648683071136,B2-01,1,4
180,84:D4:7E:06:4F:E1,PoliSemFio,54,915.9648683071136,B2-01,1,4
181,84:D4:7E:06:4F:E2,,42,915.9648683071136,B2-01,1,4
182,84:D4:7E:06:4F:F0,eduroam,15,915.9648683071136,B2-01,1,4
183,84:D4:7E:06:4F:F1,PoliSemFio,17,915.9648683071136,B2-01,1,4
184,84:D4:7E:06:4F:F2,,15,915.9648683071136,B2-01,1,4
185,DC:9F:DB:1C:1F:E0,LWN-3,37,915.9648683071136,B2-01,1,4
186,DE:9F:DB:1C:1F:E0,LARC Guest,37,915.9648683071136,B2-01,1,4
187,EE:9F:DB:1C:1F:E0,,37,915.9648683071136,B2-01,1,4
188,FE:9F:DB:1C:1F:E0,,37,915.9648683071136,B2-01,1,4
189,00:21:91:70:9D:EC,LAB-DIDATICO,24,922.2119348049164,B2-01,1,4
190,30:85:A9:69:F2:E4,PCS-Wireless-C2-22,25,922.2119348049164,B2-01,1,4
191,34:60:F9:A3:D9:14,GASWIFI-2G_C2,40,922.2119348049164,B2-01,1,4
192,34:CE:00:51:3E:6F,Lab,69,922.2119348049164,B2-01,1,4
193,34:CE:00:51:3E:70,Lab_5G,27,922.2119348049164,B2-01,1,4
194,3A:60:F9:A3:D9:14,,42,922.2119348049164,B2-01,1,4
195,54:B8:0A:AA:2C:8C,LAB_DIGITAL,29,922.2119348049164,B2-01,1,4
196,54:B8:0A:AA:2C:8D,PCS-Wireless,32,922.2119348049164,B2-01,1,4
197,54:F0:B1:A1:18:C0,eduroam,19,922.2119348049164,B2-01,1,4
198,54:F0:B1:A1:18:C1,PoliSemFio,19,922.2119348049164,B2-01,1,4
199,54:F0:B1:A1:18:C3,MEZANINO,17,922.2119348049164,B2-01,1,4
200,54:F0:B1:A1:18:C4,GDLAB,19,922.2119348049164,B2-01,1,4
201,54:F0:B1:A1:18:C5,LABPAD,19,922.2119348049164,B2-01,1,4
202,54:F0:B1:A1:18:D0,eduroam,32,922.2119348049164,B2-01,1,4
203,54:F0:B1:A1:18:D1,PoliSemFio,22,922.2119348049164,B2-01,1,4
204,54:F0:B1:A1:18:D3,MEZANINO,34,922.2119348049164,B2-01,1,4
205,54:F0:B1:A1:18:D4,GDLAB,32,922.2119348049164,B2-01,1,4
206,54:F0:B1:A1:18:D5,LABPAD,34,922.2119348049164,B2-01,1,4
207,54:F0:B1:A1:57:F0,eduroam,15,922.2119348049164,B2-01,1,4
208,54:F0:B1:A1:57:F1,PoliSemFio,15,922.2119348049164,B2-01,1,4
209,54:F0:B1:A1:58:00,eduroam,42,922.2119348049164,B2-01,1,4
210,54:F0:B1:A1:58:01,PoliSemFio,37,922.2119348049164,B2-01,1,4
211,54:F0:B1:A1:58:02,,37,922.2119348049164,B2-01,1,4
212,54:F0:B1:A2:56:60,eduroam,14,922.2119348049164,B2-01,1,4
213,54:F0:B1:A2:56:61,PoliSemFio,15,922.2119348049164,B2-01,1,4
214,54:F0:B1:A2:56:72,,22,922.2119348049164,B2-01,1,4
215,54:F0:B1:A2:57:30,eduroam,22,922.2119348049164,B2-01,1,4
216,54:F0:B1:A2:57:33,LCA,22,922.2119348049164,B2-01,1,4
217,54:F0:B1:BB:5A:80,eduroam,39,922.2119348049164,B2-01,1,4
218,54:F0:B1:BB:5A:81,PoliSemFio,35,922.2119348049164,B2-01,1,4
219,54:F0:B1:BB:5A:82,HACKER,30,922.2119348049164,B2-01,1,4
220,54:F0:B1:BB:5A:83,LEP,37,922.2119348049164,B2-01,1,4
221,54:F0:B1:BB:80:C2,,25,922.2119348049164,B2-01,1,4
222,54:F0:B1:BB:80:C3,LABPROG,19,922.2119348049164,B2-01,1,4
223,54:F0:B1:BB:84:B0,eduroam,19,922.2119348049164,B2-01,1,4
224,54:F0:B1:BB:92:C2,,24,922.2119348049164,B2-01,1,4
225,54:F0:B1:BB:BE:11,PoliSemFio,27,922.2119348049164,B2-01,1,4
226,54:F0:B1:BB:BE:12,,25,922.2119348049164,B2-01,1,4
227,54:F0:B1:BB:BE:13,CAEEL,12,922.2119348049164,B2-01,1,4
228,54:F0:B1:BB:C4:D0,eduroam,52,922.2119348049164,B2-01,1,4
229,54:F0:B1:BB:C4:D1,PoliSemFio,37,922.2119348049164,B2-01,1,4
230,54:F0:B1:BB:C4:D2,,80,922.2119348049164,B2-01,1,4
231,54:F0:B1:BB:C4:F0,eduroam,32,922.2119348049164,B2-01,1,4
232,54:F0:B1:BB:C4:F1,PoliSemFio,25,922.2119348049164,B2-01,1,4
233,54:F0:B1:BB:C4:F2,,25,922.2119348049164,B2-01,1,4
234,54:F0:B1:BB:C5:C4,GDLAB,12,922.2119348049164,B2-01,1,4
235,54:F0:B1:BB:F3:20,eduroam,25,922.2119348049164,B2-01,1,4
236,54:F0:B1:BB:F3:21,PoliSemFio,27,922.2119348049164,B2-01,1,4
237,54:F0:B1:BB:FD:D0,eduroam,17,922.2119348049164,B2-01,1,4
238,54:F0:B1:BB:FD:D1,PoliSemFio,20,922.2119348049164,B2-01,1,4
239,54:F0:B1:BC:09:40,eduroam,92,922.2119348049164,B2-01,1,4
240,54:F0:B1:BC:09:41,PoliSemFio,92,922.2119348049164,B2-01,1,4
241,54:F0:B1:BC:09:42,,92,922.2119348049164,B2-01,1,4
242,54:F0:B1:BC:09:60,eduroam,95,922.2119348049164,B2-01,1,4
243,54:F0:B1:BC:09:61,PoliSemFio,82,922.2119348049164,B2-01,1,4
244,54:F0:B1:BC:1B:D0,eduroam,49,922.2119348049164,B2-01,1,4
245,54:F0:B1:BC:1B:D1,PoliSemFio,64,922.2119348049164,B2-01,1,4
246,54:F0:B1:BC:1B:D2,,45,922.2119348049164,B2-01,1,4
247,54:F0:B1:BC:1B:F0,eduroam,17,922.2119348049164,B2-01,1,4
248,54:F0:B1:BC:1B:F1,PoliSemFio,19,922.2119348049164,B2-01,1,4
249,54:F0:B1:BC:2E:90,eduroam,19,922.2119348049164,B2-01,1,4
250,54:F0:B1:BC:2E:91,PoliSemFio,59,922.2119348049164,B2-01,1,4
251,54:F0:B1:BC:2E:92,,59,922.2119348049164,B2-01,1,4
252,54:F0:B1:BC:2E:B0,eduroam,25,922.2119348049164,B2-01,1,4
253,54:F0:B1:BC:2E:B1,PoliSemFio,24,922.2119348049164,B2-01,1,4
254,54:F0:B1:BC:2F:50,eduroam,12,922.2119348049164,B2-01,1,4
255,54:F0:B1:BC:36:11,eduroam,15,922.2119348049164,B2-01,1,4
256,54:F0:B1:BC:3F:10,eduroam,34,922.2119348049164,B2-01,1,4
257,54:F0:B1:BC:3F:12,,34,922.2119348049164,B2-01,1,4
258,54:F0:B1:BC:65:B0,eduroam,12,922.2119348049164,B2-01,1,4
259,54:F0:B1:BC:65:B1,PoliSemFio,29,922.2119348049164,B2-01,1,4
260,54:F0:B1:BC:70:00,eduroam,52,922.2119348049164,B2-01,1,4
261,54:F0:B1:BC:70:01,PoliSemFio,35,922.2119348049164,B2-01,1,4
262,54:F0:B1:BC:70:02,,35,922.2119348049164,B2-01,1,4
263,54:F0:B1:BC:70:20,eduroam,15,922.2119348049164,B2-01,1,4
264,54:F0:B1:BC:70:21,PoliSemFio,17,922.2119348049164,B2-01,1,4
265,54:F0:B1:BC:77:80,eduroam,52,922.2119348049164,B2-01,1,4
266,54:F0:B1:BC:77:81,PoliSemFio,45,922.2119348049164,B2-01,1,4
267,54:F0:B1:BC:77:82,,42,922.2119348049164,B2-01,1,4
268,54:F0:B1:BC:77:A0,eduroam,25,922.2119348049164,B2-01,1,4
269,54:F0:B1:BC:77:A1,PoliSemFio,25,922.2119348049164,B2-01,1,4
270,68:FF:7B:47:78:BE,C1-22M,32,922.2119348049164,B2-01,1,4
271,70:62:B8:6E:72:A0,PCS-wireless-C1-13,32,922.2119348049164,B2-01,1,4
272,70:62:B8:6E:72:A1,PPGEE,19,922.2119348049164,B2-01,1,4
273,84:D4:7E:06:4F:E0,eduroam,49,922.2119348049164,B2-01,1,4
274,84:D4:7E:06:4F:E1,PoliSemFio,54,922.2119348049164,B2-01,1,4
275,84:D4:7E:06:4F:E2,,42,922.2119348049164,B2-01,1,4
276,84:D4:7E:06:4F:F0,eduroam,27,922.2119348049164,B2-01,1,4
277,84:D4:7E:06:4F:F1,PoliSemFio,29,922.2119348049164,B2-01,1,4
278,84:D4:7E:06:4F:F2,,15,922.2119348049164,B2-01,1,4
279,AA:6B:AD:82:46:CC,DIRECT-cc-HP M132f LaserJet,27,922.2119348049164,B2-01,1,4
280,DC:9F:DB:1C:1F:E0,LWN-3,24,922.2119348049164,B2-01,1,4
281,DE:9F:DB:1C:1F:E0,LARC Guest,29,922.2119348049164,B2-01,1,4
282,EE:9F:DB:1C:1F:E0,,37,922.2119348049164,B2-01,1,4
283,FE:9F:DB:1C:1F:E0,,24,922.2119348049164,B2-01,1,4
284,00:21:91:70:9D:EC,LAB-DIDATICO,24,932.1224479675293,B2-01,1,4
285,30:85:A9:69:F2:E4,PCS-Wireless-C2-22,25,932.1224479675293,B2-01,1,4
286,34:60:F9:A3:D9:14,GASWIFI-2G_C2,27,932.1224479675293,B2-01,1,4
287,34:CE:00:51:3E:6F,Lab,74,932.1224479675293,B2-01,1,4
288,34:CE:00:51:3E:70,Lab_5G,27,932.1224479675293,B2-01,1,4
289,3A:60:F9:A3:D9:14,,42,932.1224479675293,B2-01,1,4
290,54:B8:0A:AA:2C:8C,LAB_DIGITAL,25,932.1224479675293,B2-01,1,4
291,54:B8:0A:AA:2C:8D,PCS-Wireless,25,932.1224479675293,B2-01,1,4
292,54:F0:B1:A1:18:C0,eduroam,17,932.1224479675293,B2-01,1,4
293,54:F0:B1:A1:18:C1,PoliSemFio,17,932.1224479675293,B2-01,1,4
294,54:F0:B1:A1:18:C3,MEZANINO,19,932.1224479675293,B2-01,1,4
295,54:F0:B1:A1:18:C4,GDLAB,17,932.1224479675293,B2-01,1,4
296,54:F0:B1:A1:18:C5,LABPAD,17,932.1224479675293,B2-01,1,4
297,54:F0:B1:A1:18:D0,eduroam,30,932.1224479675293,B2-01,1,4
298,54:F0:B1:A1:18:D1,PoliSemFio,22,932.1224479675293,B2-01,1,4
299,54:F0:B1:A1:18:D3,MEZANINO,32,932.1224479675293,B2-01,1,4
300,54:F0:B1:A1:18:D4,GDLAB,32,932.1224479675293,B2-01,1,4
301,54:F0:B1:A1:18:D5,LABPAD,30,932.1224479675293,B2-01,1,4
302,54:F0:B1:A1:57:F0,eduroam,15,932.1224479675293,B2-01,1,4
303,54:F0:B1:A1:57:F1,PoliSemFio,15,932.1224479675293,B2-01,1,4
304,54:F0:B1:A1:58:00,eduroam,29,932.1224479675293,B2-01,1,4
305,54:F0:B1:A1:58:01,PoliSemFio,27,932.1224479675293,B2-01,1,4
306,54:F0:B1:A1:58:02,,25,932.1224479675293,B2-01,1,4
307,54:F0:B1:A2:56:60,eduroam,14,932.1224479675293,B2-01,1,4
308,54:F0:B1:A2:56:61,PoliSemFio,15,932.1224479675293,B2-01,1,4
309,54:F0:B1:A2:56:72,,22,932.1224479675293,B2-01,1,4
310,54:F0:B1:A2:57:30,eduroam,22,932.1224479675293,B2-01,1,4
311,54:F0:B1:A2:57:33,LCA,22,932.1224479675293,B2-01,1,4
312,54:F0:B1:BB:5A:80,eduroam,39,932.1224479675293,B2-01,1,4
313,54:F0:B1:BB:5A:81,PoliSemFio,35,932.1224479675293,B2-01,1,4
314,54:F0:B1:BB:5A:82,HACKER,30,932.1224479675293,B2-01,1,4
315,54:F0:B1:BB:5A:83,LEP,20,932.1224479675293,B2-01,1,4
316,54:F0:B1:BB:80:C2,,25,932.1224479675293,B2-01,1,4
317,54:F0:B1:BB:80:C3,LABPROG,19,932.1224479675293,B2-01,1,4
318,54:F0:B1:BB:84:B0,eduroam,19,932.1224479675293,B2-01,1,4
319,54:F0:B1:BB:92:C2,,24,932.1224479675293,B2-01,1,4
320,54:F0:B1:BB:BE:11,PoliSemFio,27,932.1224479675293,B2-01,1,4
321,54:F0:B1:BB:BE:12,,25,932.1224479675293,B2-01,1,4
322,54:F0:B1:BB:BE:13,CAEEL,12,932.1224479675293,B2-01,1,4
323,54:F0:B1:BB:C4:D0,eduroam,59,932.1224479675293,B2-01,1,4
324,54:F0:B1:BB:C4:D1,PoliSemFio,50,932.1224479675293,B2-01,1,4
325,54:F0:B1:BB:C4:D2,,50,932.1224479675293,B2-01,1,4
326,54:F0:B1:BB:C4:F0,eduroam,22,932.1224479675293,B2-01,1,4
327,54:F0:B1:BB:C4:F1,PoliSemFio,22,932.1224479675293,B2-01,1,4
328,54:F0:B1:BB:C4:F2,,25,932.1224479675293,B2-01,1,4
329,54:F0:B1:BB:C5:C4,GDLAB,12,932.1224479675293,B2-01,1,4
330,54:F0:B1:BB:F3:20,eduroam,25,932.1224479675293,B2-01,1,4
331,54:F0:B1:BB:F3:21,PoliSemFio,27,932.1224479675293,B2-01,1,4
332,54:F0:B1:BB:FD:D0,eduroam,17,932.1224479675293,B2-01,1,4
333,54:F0:B1:BB:FD:D1,PoliSemFio,20,932.1224479675293,B2-01,1,4
334,54:F0:B1:BC:09:40,eduroam,59,932.1224479675293,B2-01,1,4
335,54:F0:B1:BC:09:41,PoliSemFio,87,932.1224479675293,B2-01,1,4
336,54:F0:B1:BC:09:42,,87,932.1224479675293,B2-01,1,4
337,54:F0:B1:BC:09:60,eduroam,72,932.1224479675293,B2-01,1,4
338,54:F0:B1:BC:09:61,PoliSemFio,70,932.1224479675293,B2-01,1,4
339,54:F0:B1:BC:1B:D0,eduroam,50,932.1224479675293,B2-01,1,4
340,54:F0:B1:BC:1B:D1,PoliSemFio,64,932.1224479675293,B2-01,1,4
341,54:F0:B1:BC:1B:D2,,35,932.1224479675293,B2-01,1,4
342,54:F0:B1:BC:1B:F0,eduroam,29,932.1224479675293,B2-01,1,4
343,54:F0:B1:BC:1B:F1,PoliSemFio,30,932.1224479675293,B2-01,1,4
344,54:F0:B1:BC:2E:90,eduroam,52,932.1224479675293,B2-01,1,4
345,54:F0:B1:BC:2E:91,PoliSemFio,59,932.1224479675293,B2-01,1,4
346,54:F0:B1:BC:2E:92,,59,932.1224479675293,B2-01,1,4
347,54:F0:B1:BC:2E:B0,eduroam,29,932.1224479675293,B2-01,1,4
348,54:F0:B1:BC:2E:B1,PoliSemFio,30,932.1224479675293,B2-01,1,4
349,54:F0:B1:BC:2F:50,eduroam,12,932.1224479675293,B2-01,1,4
350,54:F0:B1:BC:36:11,eduroam,15,932.1224479675293,B2-01,1,4
351,54:F0:B1:BC:3F:10,eduroam,25,932.1224479675293,B2-01,1,4
352,54:F0:B1:BC:3F:12,,34,932.1224479675293,B2-01,1,4
353,54:F0:B1:BC:65:B0,eduroam,12,932.1224479675293,B2-01,1,4
354,54:F0:B1:BC:65:B1,PoliSemFio,29,932.1224479675293,B2-01,1,4
355,54:F0:B1:BC:70:00,eduroam,52,932.1224479675293,B2-01,1,4
356,54:F0:B1:BC:70:01,PoliSemFio,35,932.1224479675293,B2-01,1,4
357,54:F0:B1:BC:70:02,,37,932.1224479675293,B2-01,1,4
358,54:F0:B1:BC:70:20,eduroam,15,932.1224479675293,B2-01,1,4
359,54:F0:B1:BC:70:21,PoliSemFio,17,932.1224479675293,B2-01,1,4
360,54:F0:B1:BC:77:80,eduroam,52,932.1224479675293,B2-01,1,4
361,54:F0:B1:BC:77:81,PoliSemFio,45,932.1224479675293,B2-01,1,4
362,54:F0:B1:BC:77:82,,44,932.1224479675293,B2-01,1,4
363,54:F0:B1:BC:77:A0,eduroam,25,932.1224479675293,B2-01,1,4
364,54:F0:B1:BC:77:A1,PoliSemFio,25,932.1224479675293,B2-01,1,4
365,68:FF:7B:47:78:BE,C1-22M,44,932.1224479675293,B2-01,1,4
366,70:62:B8:6E:72:A0,PCS-wireless-C1-13,24,932.1224479675293,B2-01,1,4
367,70:62:B8:6E:72:A1,PPGEE,19,932.1224479675293,B2-01,1,4
368,84:D4:7E:06:4F:E0,eduroam,52,932.1224479675293,B2-01,1,4
369,84:D4:7E:06:4F:E1,PoliSemFio,54,932.1224479675293,B2-01,1,4
370,84:D4:7E:06:4F:E2,,49,932.1224479675293,B2-01,1,4
371,84:D4:7E:06:4F:F0,eduroam,20,932.1224479675293,B2-01,1,4
372,84:D4:7E:06:4F:F1,PoliSemFio,19,932.1224479675293,B2-01,1,4
373,84:D4:7E:06:4F:F2,,19,932.1224479675293,B2-01,1,4
374,AA:6B:AD:82:46:CC,DIRECT-cc-HP M132f LaserJet,27,932.1224479675293,B2-01,1,4
375,DC:9F:DB:1C:1F:E0,LWN-3,24,932.1224479675293,B2-01,1,4
376,DE:9F:DB:1C:1F:E0,LARC Guest,29,932.1224479675293,B2-01,1,4
377,EE:9F:DB:1C:1F:E0,,37,932.1224479675293,B2-01,1,4
378,FE:9F:DB:1C:1F:E0,,24,932.1224479675293,B2-01,1,4
379,00:21:91:70:9D:EC,LAB-DIDATICO,24,934.7859945297241,B2-01,1,4
380,30:85:A9:69:F2:E4,PCS-Wireless-C2-22,25,934.7859945297241,B2-01,1,4
381,34:60:F9:A3:D9:14,GASWIFI-2G_C2,27,934.7859945297241,B2-01,1,4
382,34:CE:00:51:3E:6F,Lab,74,934.7859945297241,B2-01,1,4
383,34:CE:00:51:3E:70,Lab_5G,27,934.7859945297241,B2-01,1,4
384,3A:60:F9:A3:D9:14,,42,934.7859945297241,B2-01,1,4
385,54:B8:0A:AA:2C:8C,LAB_DIGITAL,25,934.7859945297241,B2-01,1,4
386,54:B8:0A:AA:2C:8D,PCS-Wireless,25,934.7859945297241,B2-01,1,4
387,54:F0:B1:A1:18:C0,eduroam,17,934.7859945297241,B2-01,1,4
388,54:F0:B1:A1:18:C1,PoliSemFio,17,934.7859945297241,B2-01,1,4
389,54:F0:B1:A1:18:C3,MEZANINO,19,934.7859945297241,B2-01,1,4
390,54:F0:B1:A1:18:C4,GDLAB,17,934.7859945297241,B2-01,1,4
391,54:F0:B1:A1:18:C5,LABPAD,17,934.7859945297241,B2-01,1,4
392,54:F0:B1:A1:18:D0,eduroam,30,934.7859945297241,B2-01,1,4
393,54:F0:B1:A1:18:D1,PoliSemFio,22,934.7859945297241,B2-01,1,4
394,54:F0:B1:A1:18:D3,MEZANINO,32,934.7859945297241,B2-01,1,4
395,54:F0:B1:A1:18:D4,GDLAB,32,934.7859945297241,B2-01,1,4
396,54:F0:B1:A1:18:D5,LABPAD,30,934.7859945297241,B2-01,1,4
397,54:F0:B1:A1:57:F0,eduroam,15,934.7859945297241,B2-01,1,4
398,54:F0:B1:A1:57:F1,PoliSemFio,15,934.7859945297241,B2-01,1,4
399,54:F0:B1:A1:58:00,eduroam,29,934.7859945297241,B2-01,1,4
400,54:F0:B1:A1:58:01,PoliSemFio,27,934.7859945297241,B2-01,1,4
401,54:F0:B1:A1:58:02,,25,934.7859945297241,B2-01,1,4
402,54:F0:B1:A2:56:60,eduroam,14,934.7859945297241,B2-01,1,4
403,54:F0:B1:A2:56:61,PoliSemFio,15,934.7859945297241,B2-01,1,4
404,54:F0:B1:A2:56:72,,22,934.7859945297241,B2-01,1,4
405,54:F0:B1:A2:57:30,eduroam,22,934.7859945297241,B2-01,1,4
406,54:F0:B1:A2:57:33,LCA,22,934.7859945297241,B2-01,1,4
407,54:F0:B1:BB:5A:80,eduroam,39,934.7859945297241,B2-01,1,4
408,54:F0:B1:BB:5A:81,PoliSemFio,35,934.7859945297241,B2-01,1,4
409,54:F0:B1:BB:5A:82,HACKER,30,934.7859945297241,B2-01,1,4
410,54:F0:B1:BB:5A:83,LEP,20,934.7859945297241,B2-01,1,4
411,54:F0:B1:BB:80:C2,,25,934.7859945297241,B2-01,1,4
412,54:F0:B1:BB:80:C3,LABPROG,19,934.7859945297241,B2-01,1,4
413,54:F0:B1:BB:84:B0,eduroam,19,934.7859945297241,B2-01,1,4
414,54:F0:B1:BB:92:C2,,24,934.7859945297241,B2-01,1,4
415,54:F0:B1:BB:BE:11,PoliSemFio,27,934.7859945297241,B2-01,1,4
416,54:F0:B1:BB:BE:12,,25,934.7859945297241,B2-01,1,4
417,54:F0:B1:BB:BE:13,CAEEL,12,934.7859945297241,B2-01,1,4
418,54:F0:B1:BB:C4:D0,eduroam,59,934.7859945297241,B2-01,1,4
419,54:F0:B1:BB:C4:D1,PoliSemFio,50,934.7859945297241,B2-01,1,4
420,54:F0:B1:BB:C4:D2,,50,934.7859945297241,B2-01,1,4
421,54:F0:B1:BB:C4:F0,eduroam,22,934.7859945297241,B2-01,1,4
422,54:F0:B1:BB:C4:F1,PoliSemFio,22,934.7859945297241,B2-01,1,4
423,54:F0:B1:BB:C4:F2,,25,934.7859945297241,B2-01,1,4
424,54:F0:B1:BB:C5:C4,GDLAB,12,934.7859945297241,B2-01,1,4
425,54:F0:B1:BB:F3:20,eduroam,25,934.7859945297241,B2-01,1,4
426,54:F0:B1:BB:F3:21,PoliSemFio,27,934.7859945297241,B2-01,1,4
427,54:F0:B1:BB:FD:D0,eduroam,17,934.7859945297241,B2-01,1,4
428,54:F0:B1:BB:FD:D1,PoliSemFio,20,934.7859945297241,B2-01,1,4
429,54:F0:B1:BC:09:40,eduroam,59,934.7859945297241,B2-01,1,4
430,54:F0:B1:BC:09:41,PoliSemFio,87,934.7859945297241,B2-01,1,4
431,54:F0:B1:BC:09:42,,87,934.7859945297241,B2-01,1,4
432,54:F0:B1:BC:09:60,eduroam,76,934.7859945297241,B2-01,1,4
433,54:F0:B1:BC:09:61,PoliSemFio,70,934.7859945297241,B2-01,1,4
434,54:F0:B1:BC:1B:D0,eduroam,50,934.7859945297241,B2-01,1,4
435,54:F0:B1:BC:1B:D1,PoliSemFio,64,934.7859945297241,B2-01,1,4
436,54:F0:B1:BC:1B:D2,,35,934.7859945297241,B2-01,1,4
437,54:F0:B1:BC:1B:F0,eduroam,29,934.7859945297241,B2-01,1,4
438,54:F0:B1:BC:1B:F1,PoliSemFio,30,934.7859945297241,B2-01,1,4
439,54:F0:B1:BC:2E:90,eduroam,52,934.7859945297241,B2-01,1,4
440,54:F0:B1:BC:2E:91,PoliSemFio,59,934.7859945297241,B2-01,1,4
441,54:F0:B1:BC:2E:92,,59,934.7859945297241,B2-01,1,4
442,54:F0:B1:BC:2E:B0,eduroam,29,934.7859945297241,B2-01,1,4
443,54:F0:B1:BC:2E:B1,PoliSemFio,30,934.7859945297241,B2-01,1,4
444,54:F0:B1:BC:2F:50,eduroam,12,934.7859945297241,B2-01,1,4
445,54:F0:B1:BC:36:11,eduroam,15,934.7859945297241,B2-01,1,4
446,54:F0:B1:BC:3F:10,eduroam,25,934.7859945297241,B2-01,1,4
447,54:F0:B1:BC:3F:12,,34,934.7859945297241,B2-01,1,4
448,54:F0:B1:BC:65:B0,eduroam,12,934.7859945297241,B2-01,1,4
449,54:F0:B1:BC:65:B1,PoliSemFio,29,934.7859945297241,B2-01,1,4
450,54:F0:B1:BC:70:00,eduroam,52,934.7859945297241,B2-01,1,4
451,54:F0:B1:BC:70:01,PoliSemFio,35,934.7859945297241,B2-01,1,4
452,54:F0:B1:BC:70:02,,37,934.7859945297241,B2-01,1,4
453,54:F0:B1:BC:70:20,eduroam,15,934.7859945297241,B2-01,1,4
454,54:F0:B1:BC:70:21,PoliSemFio,17,934.7859945297241,B2-01,1,4
455,54:F0:B1:BC:77:80,eduroam,52,934.7859945297241,B2-01,1,4
456,54:F0:B1:BC:77:81,PoliSemFio,45,934.7859945297241,B2-01,1,4
457,54:F0:B1:BC:77:82,,44,934.7859945297241,B2-01,1,4
458,54:F0:B1:BC:77:A0,eduroam,25,934.7859945297241,B2-01,1,4
459,54:F0:B1:BC:77:A1,PoliSemFio,25,934.7859945297241,B2-01,1,4
460,68:FF:7B:47:78:BE,C1-22M,44,934.7859945297241,B2-01,1,4
461,70:62:B8:6E:72:A0,PCS-wireless-C1-13,24,934.7859945297241,B2-01,1,4
462,70:62:B8:6E:72:A1,PPGEE,19,934.7859945297241,B2-01,1,4
463,84:D4:7E:06:4F:E0,eduroam,52,934.7859945297241,B2-01,1,4
464,84:D4:7E:06:4F:E1,PoliSemFio,54,934.7859945297241,B2-01,1,4
465,84:D4:7E:06:4F:E2,,49,934.7859945297241,B2-01,1,4
466,84:D4:7E:06:4F:F0,eduroam,20,934.7859945297241,B2-01,1,4
467,84:D4:7E:06:4F:F1,PoliSemFio,19,934.7859945297241,B2-01,1,4
468,84:D4:7E:06:4F:F2,,19,934.7859945297241,B2-01,1,4
469,AA:6B:AD:82:46:CC,DIRECT-cc-HP M132f LaserJet,27,934.7859945297241,B2-01,1,4
470,DC:9F:DB:1C:1F:E0,LWN-3,24,934.7859945297241,B2-01,1,4
471,DE:9F:DB:1C:1F:E0,LARC Guest,29,934.7859945297241,B2-01,1,4
472,EE:9F:DB:1C:1F:E0,,37,934.7859945297241,B2-01,1,4
473,FE:9F:DB:1C:1F:E0,,24,934.7859945297241,B2-01,1,4
474,00:21:91:70:9D:EC,LAB-DIDATICO,24,941.0706267356873,B2-01,1,4
475,30:85:A9:69:F2:E4,PCS-Wireless-C2-22,25,941.0706267356873,B2-01,1,4
476,34:60:F9:A3:D9:14,GASWIFI-2G_C2,35,941.0706267356873,B2-01,1,4
477,34:CE:00:51:3E:6F,Lab,60,941.0706267356873,B2-01,1,4
478,34:CE:00:51:3E:70,Lab_5G,30,941.0706267356873,B2-01,1,4
479,3A:60:F9:A3:D9:14,,42,941.0706267356873,B2-01,1,4
480,54:B8:0A:AA:2C:8C,LAB_DIGITAL,20,941.0706267356873,B2-01,1,4
481,54:B8:0A:AA:2C:8D,PCS-Wireless,24,941.0706267356873,B2-01,1,4
482,54:F0:B1:A1:18:C0,eduroam,17,941.0706267356873,B2-01,1,4
483,54:F0:B1:A1:18:C1,PoliSemFio,17,941.0706267356873,B2-01,1,4
484,54:F0:B1:A1:18:C3,MEZANINO,19,941.0706267356873,B2-01,1,4
485,54:F0:B1:A1:18:C4,GDLAB,10,941.0706267356873,B2-01,1,4
486,54:F0:B1:A1:18:C5,LABPAD,9,941.0706267356873,B2-01,1,4
487,54:F0:B1:A1:18:D0,eduroam,30,941.0706267356873,B2-01,1,4
488,54:F0:B1:A1:18:D1,PoliSemFio,22,941.0706267356873,B2-01,1,4
489,54:F0:B1:A1:18:D2,,27,941.0706267356873,B2-01,1,4
490,54:F0:B1:A1:18:D3,MEZANINO,32,941.0706267356873,B2-01,1,4
491,54:F0:B1:A1:18:D4,GDLAB,12,941.0706267356873,B2-01,1,4
492,54:F0:B1:A1:18:D5,LABPAD,30,941.0706267356873,B2-01,1,4
493,54:F0:B1:A1:58:00,eduroam,37,941.0706267356873,B2-01,1,4
494,54:F0:B1:A1:58:01,PoliSemFio,34,941.0706267356873,B2-01,1,4
495,54:F0:B1:A1:58:02,,34,941.0706267356873,B2-01,1,4
496,54:F0:B1:A2:56:60,eduroam,14,941.0706267356873,B2-01,1,4
497,54:F0:B1:A2:56:61,PoliSemFio,15,941.0706267356873,B2-01,1,4
498,54:F0:B1:A2:56:72,,25,941.0706267356873,B2-01,1,4
499,54:F0:B1:A2:57:30,eduroam,22,941.0706267356873,B2-01,1,4
500,54:F0:B1:A2:57:33,LCA,22,941.0706267356873,B2-01,1,4
501,54:F0:B1:BB:5A:80,eduroam,39,941.0706267356873,B2-01,1,4
502,54:F0:B1:BB:5A:81,PoliSemFio,35,941.0706267356873,B2-01,1,4
503,54:F0:B1:BB:5A:82,HACKER,30,941.0706267356873,B2-01,1,4
504,54:F0:B1:BB:5A:83,LEP,20,941.0706267356873,B2-01,1,4
505,54:F0:B1:BB:80:C2,,25,941.0706267356873,B2-01,1,4
506,54:F0:B1:BB:80:C3,LABPROG,32,941.0706267356873,B2-01,1,4
507,54:F0:B1:BB:84:B0,eduroam,19,941.0706267356873,B2-01,1,4
508,54:F0:B1:BB:92:C2,,24,941.0706267356873,B2-01,1,4
509,54:F0:B1:BB:BE:11,PoliSemFio,27,941.0706267356873,B2-01,1,4
510,54:F0:B1:BB:BE:12,,25,941.0706267356873,B2-01,1,4
511,54:F0:B1:BB:BE:13,CAEEL,19,941.0706267356873,B2-01,1,4
512,54:F0:B1:BB:C4:D0,eduroam,50,941.0706267356873,B2-01,1,4
513,54:F0:B1:BB:C4:D1,PoliSemFio,50,941.0706267356873,B2-01,1,4
514,54:F0:B1:BB:C4:D2,,50,941.0706267356873,B2-01,1,4
515,54:F0:B1:BB:C4:F0,eduroam,44,941.0706267356873,B2-01,1,4
516,54:F0:B1:BB:C4:F1,PoliSemFio,44,941.0706267356873,B2-01,1,4
517,54:F0:B1:BB:C4:F2,,25,941.0706267356873,B2-01,1,4
518,54:F0:B1:BB:C5:C4,GDLAB,14,941.0706267356873,B2-01,1,4
519,54:F0:B1:BB:F3:20,eduroam,34,941.0706267356873,B2-01,1,4
520,54:F0:B1:BB:F3:21,PoliSemFio,27,941.0706267356873,B2-01,1,4
521,54:F0:B1:BB:FD:D0,eduroam,17,941.0706267356873,B2-01,1,4
522,54:F0:B1:BB:FD:D1,PoliSemFio,20,941.0706267356873,B2-01,1,4
523,54:F0:B1:BB:FD:D2,,22,941.0706267356873,B2-01,1,4
524,54:F0:B1:BC:09:40,eduroam,70,941.0706267356873,B2-01,1,4
525,54:F0:B1:BC:09:41,PoliSemFio,87,941.0706267356873,B2-01,1,4
526,54:F0:B1:BC:09:42,,87,941.0706267356873,B2-01,1,4
527,54:F0:B1:BC:09:60,eduroam,79,941.0706267356873,B2-01,1,4
528,54:F0:B1:BC:09:61,PoliSemFio,92,941.0706267356873,B2-01,1,4
529,54:F0:B1:BC:1B:D0,eduroam,50,941.0706267356873,B2-01,1,4
530,54:F0:B1:BC:1B:D1,PoliSemFio,54,941.0706267356873,B2-01,1,4
531,54:F0:B1:BC:1B:D2,,54,941.0706267356873,B2-01,1,4
532,54:F0:B1:BC:1B:F0,eduroam,22,941.0706267356873,B2-01,1,4
533,54:F0:B1:BC:1B:F1,PoliSemFio,24,941.0706267356873,B2-01,1,4
534,54:F0:B1:BC:2E:90,eduroam,52,941.0706267356873,B2-01,1,4
535,54:F0:B1:BC:2E:91,PoliSemFio,59,941.0706267356873,B2-01,1,4
536,54:F0:B1:BC:2E:92,,59,941.0706267356873,B2-01,1,4
537,54:F0:B1:BC:2E:B0,eduroam,25,941.0706267356873,B2-01,1,4
538,54:F0:B1:BC:2E:B1,PoliSemFio,24,941.0706267356873,B2-01,1,4
539,54:F0:B1:BC:2F:50,eduroam,17,941.0706267356873,B2-01,1,4
540,54:F0:B1:BC:36:10,PoliSemFio,25,941.0706267356873,B2-01,1,4
541,54:F0:B1:BC:36:11,eduroam,25,941.0706267356873,B2-01,1,4
542,54:F0:B1:BC:36:12,,27,941.0706267356873,B2-01,1,4
543,54:F0:B1:BC:3F:10,eduroam,39,941.0706267356873,B2-01,1,4
544,54:F0:B1:BC:3F:12,,37,941.0706267356873,B2-01,1,4
545,54:F0:B1:BC:65:B0,eduroam,22,941.0706267356873,B2-01,1,4
546,54:F0:B1:BC:65:B1,PoliSemFio,29,941.0706267356873,B2-01,1,4
547,54:F0:B1:BC:65:B2,,22,941.0706267356873,B2-01,1,4
548,54:F0:B1:BC:70:00,eduroam,52,941.0706267356873,B2-01,1,4
549,54:F0:B1:BC:70:01,PoliSemFio,35,941.0706267356873,B2-01,1,4
550,54:F0:B1:BC:70:02,,37,941.0706267356873,B2-01,1,4
551,54:F0:B1:BC:70:20,eduroam,14,941.0706267356873,B2-01,1,4
552,54:F0:B1:BC:70:21,PoliSemFio,15,941.0706267356873,B2-01,1,4
553,54:F0:B1:BC:77:80,eduroam,52,941.0706267356873,B2-01,1,4
554,54:F0:B1:BC:77:81,PoliSemFio,37,941.0706267356873,B2-01,1,4
555,54:F0:B1:BC:77:82,,39,941.0706267356873,B2-01,1,4
556,54:F0:B1:BC:77:A0,eduroam,19,941.0706267356873,B2-01,1,4
557,54:F0:B1:BC:77:A1,PoliSemFio,19,941.0706267356873,B2-01,1,4
558,68:FF:7B:47:78:BE,C1-22M,40,941.0706267356873,B2-01,1,4
559,70:62:B8:6E:72:A0,PCS-wireless-C1-13,24,941.0706267356873,B2-01,1,4
560,70:62:B8:6E:72:A1,PPGEE,42,941.0706267356873,B2-01,1,4
561,84:D4:7E:06:4F:E0,eduroam,59,941.0706267356873,B2-01,1,4
562,84:D4:7E:06:4F:E1,PoliSemFio,54,941.0706267356873,B2-01,1,4
563,84:D4:7E:06:4F:E2,,52,941.0706267356873,B2-01,1,4
564,84:D4:7E:06:4F:F0,eduroam,25,941.0706267356873,B2-01,1,4
565,84:D4:7E:06:4F:F1,PoliSemFio,24,941.0706267356873,B2-01,1,4
566,84:D4:7E:06:4F:F2,,19,941.0706267356873,B2-01,1,4
567,AA:6B:AD:82:46:CC,DIRECT-cc-HP M132f LaserJet,27,941.0706267356873,B2-01,1,4
568,DC:9F:DB:1C:1F:D7,LWN-3,19,941.0706267356873,B2-01,1,4
569,DC:9F:DB:1C:1F:E0,LWN-3,29,941.0706267356873,B2-01,1,4
570,DE:9F:DB:1C:1F:E0,LARC Guest,29,941.0706267356873,B2-01,1,4
571,EE:9F:DB:1C:1F:E0,,37,941.0706267356873,B2-01,1,4
572,F8:1A:67:99:55:8E,NUCLEAR_CHF,24,941.0706267356873,B2-01,1,4
573,FE:9F:DB:1C:1F:E0,,25,941.0706267356873,B2-01,1,4
574,00:21:91:70:9D:EC,LAB-DIDATICO,24,947.3442487716675,B2-01,1,4
575,30:85:A9:69:F2:E4,PCS-Wireless-C2-22,27,947.3442487716675,B2-01,1,4
576,34:60:F9:A3:D9:13,GASWIFI-5G_C2,24,947.3442487716675,B2-01,1,4
577,34:60:F9:A3:D9:14,GASWIFI-2G_C2,35,947.3442487716675,B2-01,1,4
578,34:CE:00:51:3E:6F,Lab,60,947.3442487716675,B2-01,1,4
579,34:CE:00:51:3E:70,Lab_5G,15,947.3442487716675,B2-01,1,4
580,3A:60:F9:A3:D9:14,,42,947.3442487716675,B2-01,1,4
581,54:B8:0A:AA:2C:8C,LAB_DIGITAL,20,947.3442487716675,B2-01,1,4
582,54:B8:0A:AA:2C:8D,PCS-Wireless,24,947.3442487716675,B2-01,1,4
583,54:F0:B1:A1:18:C0,eduroam,12,947.3442487716675,B2-01,1,4
584,54:F0:B1:A1:18:C1,PoliSemFio,14,947.3442487716675,B2-01,1,4
585,54:F0:B1:A1:18:C3,MEZANINO,14,947.3442487716675,B2-01,1,4
586,54:F0:B1:A1:18:C4,GDLAB,14,947.3442487716675,B2-01,1,4
587,54:F0:B1:A1:18:C5,LABPAD,14,947.3442487716675,B2-01,1,4
588,54:F0:B1:A1:18:D0,eduroam,30,947.3442487716675,B2-01,1,4
589,54:F0:B1:A1:18:D2,,27,947.3442487716675,B2-01,1,4
590,54:F0:B1:A1:18:D3,MEZANINO,32,947.3442487716675,B2-01,1,4
591,54:F0:B1:A1:18:D4,GDLAB,12,947.3442487716675,B2-01,1,4
592,54:F0:B1:A1:18:D5,LABPAD,30,947.3442487716675,B2-01,1,4
593,54:F0:B1:A1:58:00,eduroam,37,947.3442487716675,B2-01,1,4
594,54:F0:B1:A1:58:01,PoliSemFio,29,947.3442487716675,B2-01,1,4
595,54:F0:B1:A1:58:02,,34,947.3442487716675,B2-01,1,4
596,54:F0:B1:A2:56:60,eduroam,14,947.3442487716675,B2-01,1,4
597,54:F0:B1:A2:56:72,,25,947.3442487716675,B2-01,1,4
598,54:F0:B1:A2:57:33,LCA,22,947.3442487716675,B2-01,1,4
599,54:F0:B1:BB:5A:80,eduroam,22,947.3442487716675,B2-01,1,4
600,54:F0:B1:BB:5A:82,HACKER,30,947.3442487716675,B2-01,1,4
601,54:F0:B1:BB:5A:83,LEP,20,947.3442487716675,B2-01,1,4
602,54:F0:B1:BB:80:C2,,25,947.3442487716675,B2-01,1,4
603,54:F0:B1:BB:80:C3,LABPROG,32,947.3442487716675,B2-01,1,4
604,54:F0:B1:BB:84:B0,eduroam,19,947.3442487716675,B2-01,1,4
605,54:F0:B1:BB:BE:13,CAEEL,19,947.3442487716675,B2-01,1,4
606,54:F0:B1:BB:C4:D0,eduroam,35,947.3442487716675,B2-01,1,4
607,54:F0:B1:BB:C4:D1,PoliSemFio,42,947.3442487716675,B2-01,1,4
608,54:F0:B1:BB:C4:D2,,50,947.3442487716675,B2-01,1,4
609,54:F0:B1:BB:C4:F0,eduroam,35,947.3442487716675,B2-01,1,4
610,54:F0:B1:BB:C4:F1,PoliSemFio,34,947.3442487716675,B2-01,1,4
611,54:F0:B1:BB:C4:F2,,25,947.3442487716675,B2-01,1,4
612,54:F0:B1:BB:C5:C4,GDLAB,14,947.3442487716675,B2-01,1,4
613,54:F0:B1:BB:F3:20,eduroam,34,947.3442487716675,B2-01,1,4
614,54:F0:B1:BB:FD:D0,eduroam,17,947.3442487716675,B2-01,1,4
615,54:F0:B1:BB:FD:D1,PoliSemFio,20,947.3442487716675,B2-01,1,4
616,54:F0:B1:BB:FD:D2,,22,947.3442487716675,B2-01,1,4
617,54:F0:B1:BC:09:40,eduroam,70,947.3442487716675,B2-01,1,4
618,54:F0:B1:BC:09:41,PoliSemFio,87,947.3442487716675,B2-01,1,4
619,54:F0:B1:BC:09:42,,82,947.3442487716675,B2-01,1,4
620,54:F0:B1:BC:09:60,eduroam,75,947.3442487716675,B2-01,1,4
621,54:F0:B1:BC:09:61,PoliSemFio,75,947.3442487716675,B2-01,1,4
622,54:F0:B1:BC:1B:D0,eduroam,50,947.3442487716675,B2-01,1,4
623,54:F0:B1:BC:1B:D1,PoliSemFio,54,947.3442487716675,B2-01,1,4
624,54:F0:B1:BC:1B:D2,,54,947.3442487716675,B2-01,1,4
625,54:F0:B1:BC:1B:F0,eduroam,22,947.3442487716675,B2-01,1,4
626,54:F0:B1:BC:1B:F1,PoliSemFio,24,947.3442487716675,B2-01,1,4
627,54:F0:B1:BC:2E:90,eduroam,52,947.3442487716675,B2-01,1,4
628,54:F0:B1:BC:2E:91,PoliSemFio,59,947.3442487716675,B2-01,1,4
629,54:F0:B1:BC:2E:92,,59,947.3442487716675,B2-01,1,4
630,54:F0:B1:BC:2E:B0,eduroam,34,947.3442487716675,B2-01,1,4
631,54:F0:B1:BC:2E:B1,PoliSemFio,34,947.3442487716675,B2-01,1,4
632,54:F0:B1:BC:2F:50,eduroam,17,947.3442487716675,B2-01,1,4
633,54:F0:B1:BC:36:10,PoliSemFio,25,947.3442487716675,B2-01,1,4
634,54:F0:B1:BC:36:11,eduroam,25,947.3442487716675,B2-01,1,4
635,54:F0:B1:BC:36:12,,27,947.3442487716675,B2-01,1,4
636,54:F0:B1:BC:3F:10,eduroam,39,947.3442487716675,B2-01,1,4
637,54:F0:B1:BC:3F:12,,37,947.3442487716675,B2-01,1,4
638,54:F0:B1:BC:65:B0,eduroam,22,947.3442487716675,B2-01,1,4
639,54:F0:B1:BC:65:B1,PoliSemFio,29,947.3442487716675,B2-01,1,4
640,54:F0:B1:BC:65:B2,,22,947.3442487716675,B2-01,1,4
641,54:F0:B1:BC:70:00,eduroam,52,947.3442487716675,B2-01,1,4
642,54:F0:B1:BC:70:01,PoliSemFio,35,947.3442487716675,B2-01,1,4
643,54:F0:B1:BC:70:02,,37,947.3442487716675,B2-01,1,4
644,54:F0:B1:BC:70:20,eduroam,14,947.3442487716675,B2-01,1,4
645,54:F0:B1:BC:70:21,PoliSemFio,15,947.3442487716675,B2-01,1,4
646,54:F0:B1:BC:77:80,eduroam,39,947.3442487716675,B2-01,1,4
647,54:F0:B1:BC:77:81,PoliSemFio,39,947.3442487716675,B2-01,1,4
648,54:F0:B1:BC:77:82,,37,947.3442487716675,B2-01,1,4
649,54:F0:B1:BC:77:A0,eduroam,19,947.3442487716675,B2-01,1,4
650,54:F0:B1:BC:77:A1,PoliSemFio,19,947.3442487716675,B2-01,1,4
651,68:FF:7B:47:78:BE,C1-22M,25,947.3442487716675,B2-01,1,4
652,70:62:B8:6E:72:A0,PCS-wireless-C1-13,24,947.3442487716675,B2-01,1,4
653,70:62:B8:6E:72:A1,PPGEE,42,947.3442487716675,B2-01,1,4
654,84:D4:7E:06:4F:E0,eduroam,49,947.3442487716675,B2-01,1,4
655,84:D4:7E:06:4F:E2,,52,947.3442487716675,B2-01,1,4
656,84:D4:7E:06:4F:F0,eduroam,20,947.3442487716675,B2-01,1,4
657,84:D4:7E:06:4F:F1,PoliSemFio,17,947.3442487716675,B2-01,1,4
658,84:D4:7E:06:4F:F2,,19,947.3442487716675,B2-01,1,4
659,AA:6B:AD:82:46:CC,DIRECT-cc-HP M132f LaserJet,27,947.3442487716675,B2-01,1,4
660,DC:9F:DB:1C:1F:D7,LWN-3,19,947.3442487716675,B2-01,1,4
661,DC:9F:DB:1C:1F:E0,LWN-3,29,947.3442487716675,B2-01,1,4
662,DE:9F:DB:1C:1F:E0,LARC Guest,29,947.3442487716675,B2-01,1,4
663,F8:1A:67:99:55:8E,NUCLEAR_CHF,24,947.3442487716675,B2-01,1,4
664,FE:9F:DB:1C:1F:E0,,25,947.3442487716675,B2-01,1,4
665,00:21:91:70:9D:EC,LAB-DIDATICO,24,957.2304072380066,B2-01,1,4
666,30:85:A9:69:F2:E4,PCS-Wireless-C2-22,27,957.2304072380066,B2-01,1,4
667,34:60:F9:A3:D9:13,GASWIFI-5G_C2,20,957.2304072380066,B2-01,1,4
668,34:60:F9:A3:D9:14,GASWIFI-2G_C2,35,957.2304072380066,B2-01,1,4
669,34:CE:00:51:3E:6F,Lab,47,957.2304072380066,B2-01,1,4
670,34:CE:00:51:3E:70,Lab_5G,24,957.2304072380066,B2-01,1,4
671,3A:60:F9:A3:D9:13,,20,957.2304072380066,B2-01,1,4
672,3A:60:F9:A3:D9:14,,42,957.2304072380066,B2-01,1,4
673,48:00:20:34:D2:40,eduroam,29,957.2304072380066,B2-01,1,4
674,54:B8:0A:AA:2C:8C,LAB_DIGITAL,25,957.2304072380066,B2-01,1,4
675,54:B8:0A:AA:2C:8D,PCS-Wireless,25,957.2304072380066,B2-01,1,4
676,54:F0:B1:A1:18:C0,eduroam,15,957.2304072380066,B2-01,1,4
677,54:F0:B1:A1:18:C1,PoliSemFio,14,957.2304072380066,B2-01,1,4
678,54:F0:B1:A1:18:C3,MEZANINO,15,957.2304072380066,B2-01,1,4
679,54:F0:B1:A1:18:C4,GDLAB,15,957.2304072380066,B2-01,1,4
680,54:F0:B1:A1:18:C5,LABPAD,12,957.2304072380066,B2-01,1,4
681,54:F0:B1:A1:18:D0,eduroam,30,957.2304072380066,B2-01,1,4
682,54:F0:B1:A1:18:D2,,24,957.2304072380066,B2-01,1,4
683,54:F0:B1:A1:18:D3,MEZANINO,24,957.2304072380066,B2-01,1,4
684,54:F0:B1:A1:18:D4,GDLAB,25,957.2304072380066,B2-01,1,4
685,54:F0:B1:A1:18:D5,LABPAD,30,957.2304072380066,B2-01,1,4
686,54:F0:B1:A1:58:00,eduroam,27,957.2304072380066,B2-01,1,4
687,54:F0:B1:A1:58:01,PoliSemFio,32,957.2304072380066,B2-01,1,4
688,54:F0:B1:A1:58:02,,34,957.2304072380066,B2-01,1,4
689,54:F0:B1:A1:E5:00,eduroam,22,957.2304072380066,B2-01,1,4
690,54:F0:B1:A2:56:60,eduroam,14,957.2304072380066,B2-01,1,4
691,54:F0:B1:A2:56:72,,25,957.2304072380066,B2-01,1,4
692,54:F0:B1:A2:57:33,LCA,22,957.2304072380066,B2-01,1,4
693,54:F0:B1:BB:5A:80,eduroam,22,957.2304072380066,B2-01,1,4
694,54:F0:B1:BB:5A:82,HACKER,30,957.2304072380066,B2-01,1,4
695,54:F0:B1:BB:5A:83,LEP,20,957.2304072380066,B2-01,1,4
696,54:F0:B1:BB:80:C2,,25,957.2304072380066,B2-01,1,4
697,54:F0:B1:BB:80:C3,LABPROG,32,957.2304072380066,B2-01,1,4
698,54:F0:B1:BB:84:B0,eduroam,19,957.2304072380066,B2-01,1,4
699,54:F0:B1:BB:BE:13,CAEEL,19,957.2304072380066,B2-01,1,4
700,54:F0:B1:BB:C4:D0,eduroam,35,957.2304072380066,B2-01,1,4
701,54:F0:B1:BB:C4:D1,PoliSemFio,42,957.2304072380066,B2-01,1,4
702,54:F0:B1:BB:C4:D2,,47,957.2304072380066,B2-01,1,4
703,54:F0:B1:BB:C4:F0,eduroam,40,957.2304072380066,B2-01,1,4
704,54:F0:B1:BB:C4:F1,PoliSemFio,40,957.2304072380066,B2-01,1,4
705,54:F0:B1:BB:C5:C4,GDLAB,14,957.2304072380066,B2-01,1,4
706,54:F0:B1:BB:F3:20,eduroam,34,957.2304072380066,B2-01,1,4
707,54:F0:B1:BB:FD:D0,eduroam,20,957.2304072380066,B2-01,1,4
708,54:F0:B1:BB:FD:D1,PoliSemFio,20,957.2304072380066,B2-01,1,4
709,54:F0:B1:BB:FD:D2,,15,957.2304072380066,B2-01,1,4
710,54:F0:B1:BC:09:40,eduroam,89,957.2304072380066,B2-01,1,4
711,54:F0:B1:BC:09:41,PoliSemFio,94,957.2304072380066,B2-01,1,4
712,54:F0:B1:BC:09:42,,94,957.2304072380066,B2-01,1,4
713,54:F0:B1:BC:09:60,eduroam,84,957.2304072380066,B2-01,1,4
714,54:F0:B1:BC:09:61,PoliSemFio,84,957.2304072380066,B2-01,1,4
715,54:F0:B1:BC:1B:D0,eduroam,50,957.2304072380066,B2-01,1,4
716,54:F0:B1:BC:1B:D1,PoliSemFio,54,957.2304072380066,B2-01,1,4
717,54:F0:B1:BC:1B:D2,,54,957.2304072380066,B2-01,1,4
718,54:F0:B1:BC:1B:F0,eduroam,20,957.2304072380066,B2-01,1,4
719,54:F0:B1:BC:1B:F1,PoliSemFio,22,957.2304072380066,B2-01,1,4
720,54:F0:B1:BC:2E:90,eduroam,52,957.2304072380066,B2-01,1,4
721,54:F0:B1:BC:2E:92,,80,957.2304072380066,B2-01,1,4
722,54:F0:B1:BC:2E:B0,eduroam,29,957.2304072380066,B2-01,1,4
723,54:F0:B1:BC:2E:B1,PoliSemFio,29,957.2304072380066,B2-01,1,4
724,54:F0:B1:BC:2F:50,eduroam,17,957.2304072380066,B2-01,1,4
725,54:F0:B1:BC:36:10,PoliSemFio,25,957.2304072380066,B2-01,1,4
726,54:F0:B1:BC:36:11,eduroam,25,957.2304072380066,B2-01,1,4
727,54:F0:B1:BC:36:12,,27,957.2304072380066,B2-01,1,4
728,54:F0:B1:BC:3F:10,eduroam,29,957.2304072380066,B2-01,1,4
729,54:F0:B1:BC:3F:12,,37,957.2304072380066,B2-01,1,4
730,54:F0:B1:BC:65:B0,eduroam,22,957.2304072380066,B2-01,1,4
731,54:F0:B1:BC:65:B2,,22,957.2304072380066,B2-01,1,4
732,54:F0:B1:BC:70:00,eduroam,35,957.2304072380066,B2-01,1,4
733,54:F0:B1:BC:70:01,PoliSemFio,37,957.2304072380066,B2-01,1,4
734,54:F0:B1:BC:70:02,,37,957.2304072380066,B2-01,1,4
735,54:F0:B1:BC:70:20,eduroam,14,957.2304072380066,B2-01,1,4
736,54:F0:B1:BC:70:21,PoliSemFio,15,957.2304072380066,B2-01,1,4
737,54:F0:B1:BC:77:80,eduroam,42,957.2304072380066,B2-01,1,4
738,54:F0:B1:BC:77:81,PoliSemFio,39,957.2304072380066,B2-01,1,4
739,54:F0:B1:BC:77:82,,37,957.2304072380066,B2-01,1,4
740,54:F0:B1:BC:77:A0,eduroam,19,957.2304072380066,B2-01,1,4
741,54:F0:B1:BC:77:A1,PoliSemFio,19,957.2304072380066,B2-01,1,4
742,68:FF:7B:47:78:BE,C1-22M,47,957.2304072380066,B2-01,1,4
743,70:62:B8:6E:72:A0,PCS-wireless-C1-13,30,957.2304072380066,B2-01,1,4
744,70:62:B8:6E:72:A1,PPGEE,27,957.2304072380066,B2-01,1,4
745,84:D4:7E:06:4F:E0,eduroam,77,957.2304072380066,B2-01,1,4
746,84:D4:7E:06:4F:E2,,52,957.2304072380066,B2-01,1,4
747,84:D4:7E:06:4F:F0,eduroam,25,957.2304072380066,B2-01,1,4
748,84:D4:7E:06:4F:F1,PoliSemFio,25,957.2304072380066,B2-01,1,4
749,84:D4:7E:06:4F:F2,,25,957.2304072380066,B2-01,1,4
750,AA:6B:AD:82:46:CC,DIRECT-cc-HP M132f LaserJet,27,957.2304072380066,B2-01,1,4
751,DC:9F:DB:1C:1F:D7,LWN-3,20,957.2304072380066,B2-01,1,4
752,DC:9F:DB:1C:1F:E0,LWN-3,29,957.2304072380066,B2-01,1,4
753,DE:9F:DB:1C:1F:E0,LARC Guest,29,957.2304072380066,B2-01,1,4
754,EE:9F:DB:1C:1F:E0,,27,957.2304072380066,B2-01,1,4
755,F8:1A:67:99:55:8E,NUCLEAR_CHF,30,957.2304072380066,B2-01,1,4
756,FE:9F:DB:1C:1F:D7,,22,957.2304072380066,B2-01,1,4
757,FE:9F:DB:1C:1F:E0,,25,957.2304072380066,B2-01,1,4
758,00:21:91:70:9D:EC,LAB-DIDATICO,24,959.8545446395874,B2-01,1,4
759,30:85:A9:69:F2:E4,PCS-Wireless-C2-22,27,959.8545446395874,B2-01,1,4
760,34:60:F9:A3:D9:13,GASWIFI-5G_C2,20,959.8545446395874,B2-01,1,4
761,34:60:F9:A3:D9:14,GASWIFI-2G_C2,35,959.8545446395874,B2-01,1,4
762,34:CE:00:51:3E:6F,Lab,47,959.8545446395874,B2-01,1,4
763,34:CE:00:51:3E:70,Lab_5G,24,959.8545446395874,B2-01,1,4
764,3A:60:F9:A3:D9:13,,20,959.8545446395874,B2-01,1,4
765,3A:60:F9:A3:D9:14,,42,959.8545446395874,B2-01,1,4
766,48:00:20:34:D2:40,eduroam,29,959.8545446395874,B2-01,1,4
767,54:B8:0A:AA:2C:8C,LAB_DIGITAL,25,959.8545446395874,B2-01,1,4
768,54:B8:0A:AA:2C:8D,PCS-Wireless,25,959.8545446395874,B2-01,1,4
769,54:F0:B1:A1:18:C0,eduroam,15,959.8545446395874,B2-01,1,4
770,54:F0:B1:A1:18:C1,PoliSemFio,14,959.8545446395874,B2-01,1,4
771,54:F0:B1:A1:18:C3,MEZANINO,15,959.8545446395874,B2-01,1,4
772,54:F0:B1:A1:18:C4,GDLAB,15,959.8545446395874,B2-01,1,4
773,54:F0:B1:A1:18:C5,LABPAD,12,959.8545446395874,B2-01,1,4
774,54:F0:B1:A1:18:D0,eduroam,30,959.8545446395874,B2-01,1,4
775,54:F0:B1:A1:18:D2,,24,959.8545446395874,B2-01,1,4
776,54:F0:B1:A1:18:D3,MEZANINO,24,959.8545446395874,B2-01,1,4
777,54:F0:B1:A1:18:D4,GDLAB,25,959.8545446395874,B2-01,1,4
778,54:F0:B1:A1:18:D5,LABPAD,30,959.8545446395874,B2-01,1,4
779,54:F0:B1:A1:58:00,eduroam,27,959.8545446395874,B2-01,1,4
780,54:F0:B1:A1:58:01,PoliSemFio,32,959.8545446395874,B2-01,1,4
781,54:F0:B1:A1:58:02,,34,959.8545446395874,B2-01,1,4
782,54:F0:B1:A1:E5:00,eduroam,22,959.8545446395874,B2-01,1,4
783,54:F0:B1:A2:56:60,eduroam,14,959.8545446395874,B2-01,1,4
784,54:F0:B1:A2:56:72,,25,959.8545446395874,B2-01,1,4
785,54:F0:B1:A2:57:33,LCA,22,959.8545446395874,B2-01,1,4
786,54:F0:B1:BB:5A:80,eduroam,22,959.8545446395874,B2-01,1,4
787,54:F0:B1:BB:5A:82,HACKER,30,959.8545446395874,B2-01,1,4
788,54:F0:B1:BB:5A:83,LEP,20,959.8545446395874,B2-01,1,4
789,54:F0:B1:BB:80:C2,,25,959.8545446395874,B2-01,1,4
790,54:F0:B1:BB:80:C3,LABPROG,32,959.8545446395874,B2-01,1,4
791,54:F0:B1:BB:84:B0,eduroam,19,959.8545446395874,B2-01,1,4
792,54:F0:B1:BB:BE:13,CAEEL,19,959.8545446395874,B2-01,1,4
793,54:F0:B1:BB:C4:D0,eduroam,35,959.8545446395874,B2-01,1,4
794,54:F0:B1:BB:C4:D1,PoliSemFio,42,959.8545446395874,B2-01,1,4
795,54:F0:B1:BB:C4:D2,,47,959.8545446395874,B2-01,1,4
796,54:F0:B1:BB:C4:F0,eduroam,40,959.8545446395874,B2-01,1,4
797,54:F0:B1:BB:C4:F1,PoliSemFio,40,959.8545446395874,B2-01,1,4
798,54:F0:B1:BB:C5:C4,GDLAB,14,959.8545446395874,B2-01,1,4
799,54:F0:B1:BB:F3:20,eduroam,34,959.8545446395874,B2-01,1,4
800,54:F0:B1:BB:FD:D0,eduroam,20,959.8545446395874,B2-01,1,4
801,54:F0:B1:BB:FD:D1,PoliSemFio,20,959.8545446395874,B2-01,1,4
802,54:F0:B1:BB:FD:D2,,15,959.8545446395874,B2-01,1,4
803,54:F0:B1:BC:09:40,eduroam,89,959.8545446395874,B2-01,1,4
804,54:F0:B1:BC:09:41,PoliSemFio,94,959.8545446395874,B2-01,1,4
805,54:F0:B1:BC:09:42,,94,959.8545446395874,B2-01,1,4
806,54:F0:B1:BC:09:60,eduroam,65,959.8545446395874,B2-01,1,4
807,54:F0:B1:BC:09:61,PoliSemFio,84,959.8545446395874,B2-01,1,4
808,54:F0:B1:BC:1B:D0,eduroam,50,959.8545446395874,B2-01,1,4
809,54:F0:B1:BC:1B:D1,PoliSemFio,54,959.8545446395874,B2-01,1,4
810,54:F0:B1:BC:1B:D2,,54,959.8545446395874,B2-01,1,4
811,54:F0:B1:BC:1B:F0,eduroam,20,959.8545446395874,B2-01,1,4
812,54:F0:B1:BC:1B:F1,PoliSemFio,22,959.8545446395874,B2-01,1,4
813,54:F0:B1:BC:2E:90,eduroam,52,959.8545446395874,B2-01,1,4
814,54:F0:B1:BC:2E:92,,80,959.8545446395874,B2-01,1,4
815,54:F0:B1:BC:2E:B0,eduroam,29,959.8545446395874,B2-01,1,4
816,54:F0:B1:BC:2E:B1,PoliSemFio,29,959.8545446395874,B2-01,1,4
817,54:F0:B1:BC:2F:50,eduroam,17,959.8545446395874,B2-01,1,4
818,54:F0:B1:BC:36:10,PoliSemFio,25,959.8545446395874,B2-01,1,4
819,54:F0:B1:BC:36:11,eduroam,25,959.8545446395874,B2-01,1,4
820,54:F0:B1:BC:36:12,,27,959.8545446395874,B2-01,1,4
821,54:F0:B1:BC:3F:10,eduroam,29,959.8545446395874,B2-01,1,4
822,54:F0:B1:BC:3F:12,,37,959.8545446395874,B2-01,1,4
823,54:F0:B1:BC:65:B0,eduroam,22,959.8545446395874,B2-01,1,4
824,54:F0:B1:BC:65:B2,,22,959.8545446395874,B2-01,1,4
825,54:F0:B1:BC:70:00,eduroam,35,959.8545446395874,B2-01,1,4
826,54:F0:B1:BC:70:01,PoliSemFio,37,959.8545446395874,B2-01,1,4
827,54:F0:B1:BC:70:02,,37,959.8545446395874,B2-01,1,4
828,54:F0:B1:BC:70:20,eduroam,14,959.8545446395874,B2-01,1,4
829,54:F0:B1:BC:70:21,PoliSemFio,15,959.8545446395874,B2-01,1,4
830,54:F0:B1:BC:77:80,eduroam,42,959.8545446395874,B2-01,1,4
831,54:F0:B1:BC:77:81,PoliSemFio,39,959.8545446395874,B2-01,1,4
832,54:F0:B1:BC:77:82,,37,959.8545446395874,B2-01,1,4
833,54:F0:B1:BC:77:A0,eduroam,19,959.8545446395874,B2-01,1,4
834,54:F0:B1:BC:77:A1,PoliSemFio,19,959.8545446395874,B2-01,1,4
835,68:FF:7B:47:78:BE,C1-22M,47,959.8545446395874,B2-01,1,4
836,70:62:B8:6E:72:A0,PCS-wireless-C1-13,30,959.8545446395874,B2-01,1,4
837,70:62:B8:6E:72:A1,PPGEE,27,959.8545446395874,B2-01,1,4
838,84:D4:7E:06:4F:E0,eduroam,77,959.8545446395874,B2-01,1,4
839,84:D4:7E:06:4F:E2,,52,959.8545446395874,B2-01,1,4
840,84:D4:7E:06:4F:F0,eduroam,25,959.8545446395874,B2-01,1,4
841,84:D4:7E:06:4F:F1,PoliSemFio,25,959.8545446395874,B2-01,1,4
842,84:D4:7E:06:4F:F2,,25,959.8545446395874,B2-01,1,4
843,AA:6B:AD:82:46:CC,DIRECT-cc-HP M132f LaserJet,27,959.8545446395874,B2-01,1,4
844,DC:9F:DB:1C:1F:D7,LWN-3,20,959.8545446395874,B2-01,1,4
845,DC:9F:DB:1C:1F:E0,LWN-3,29,959.8545446395874,B2-01,1,4
846,DE:9F:DB:1C:1F:E0,LARC Guest,29,959.8545446395874,B2-01,1,4
847,EE:9F:DB:1C:1F:E0,,27,959.8545446395874,B2-01,1,4
848,F8:1A:67:99:55:8E,NUCLEAR_CHF,30,959.8545446395874,B2-01,1,4
849,FE:9F:DB:1C:1F:D7,,22,959.8545446395874,B2-01,1,4
850,FE:9F:DB:1C:1F:E0,,25,959.8545446395874,B2-01,1,4
851,00:21:91:70:9D:EC,LAB-DIDATICO,24,962.4791033267975,B2-01,1,4
852,30:85:A9:69:F2:E4,PCS-Wireless-C2-22,27,962.4791033267975,B2-01,1,4
853,34:60:F9:A3:D9:13,GASWIFI-5G_C2,24,962.4791033267975,B2-01,1,4
854,34:60:F9:A3:D9:14,GASWIFI-2G_C2,35,962.4791033267975,B2-01,1,4
855,34:CE:00:51:3E:6F,Lab,57,962.4791033267975,B2-01,1,4
856,34:CE:00:51:3E:70,Lab_5G,27,962.4791033267975,B2-01,1,4
857,3A:60:F9:A3:D9:13,,20,962.4791033267975,B2-01,1,4
858,48:00:20:34:D2:40,eduroam,29,962.4791033267975,B2-01,1,4
859,54:B8:0A:AA:2C:8C,LAB_DIGITAL,25,962.4791033267975,B2-01,1,4
860,54:B8:0A:AA:2C:8D,PCS-Wireless,25,962.4791033267975,B2-01,1,4
861,54:F0:B1:A1:18:C0,eduroam,17,962.4791033267975,B2-01,1,4
862,54:F0:B1:A1:18:C1,PoliSemFio,14,962.4791033267975,B2-01,1,4
863,54:F0:B1:A1:18:C3,MEZANINO,14,962.4791033267975,B2-01,1,4
864,54:F0:B1:A1:18:C4,GDLAB,14,962.4791033267975,B2-01,1,4
865,54:F0:B1:A1:18:C5,LABPAD,15,962.4791033267975,B2-01,1,4
866,54:F0:B1:A1:18:D0,eduroam,30,962.4791033267975,B2-01,1,4
867,54:F0:B1:A1:18:D2,,24,962.4791033267975,B2-01,1,4
868,54:F0:B1:A1:18:D3,MEZANINO,24,962.4791033267975,B2-01,1,4
869,54:F0:B1:A1:18:D4,GDLAB,25,962.4791033267975,B2-01,1,4
870,54:F0:B1:A1:18:D5,LABPAD,30,962.4791033267975,B2-01,1,4
871,54:F0:B1:A1:58:00,eduroam,30,962.4791033267975,B2-01,1,4
872,54:F0:B1:A1:58:01,PoliSemFio,32,962.4791033267975,B2-01,1,4
873,54:F0:B1:A1:58:02,,29,962.4791033267975,B2-01,1,4
874,54:F0:B1:A1:E5:00,eduroam,22,962.4791033267975,B2-01,1,4
875,54:F0:B1:A2:56:72,,25,962.4791033267975,B2-01,1,4
876,54:F0:B1:BB:5A:80,eduroam,19,962.4791033267975,B2-01,1,4
877,54:F0:B1:BB:5A:82,HACKER,19,962.4791033267975,B2-01,1,4
878,54:F0:B1:BB:5A:83,LEP,19,962.4791033267975,B2-01,1,4
879,54:F0:B1:BB:80:C3,LABPROG,32,962.4791033267975,B2-01,1,4
880,54:F0:B1:BB:BE:13,CAEEL,19,962.4791033267975,B2-01,1,4
881,54:F0:B1:BB:C4:D0,eduroam,37,962.4791033267975,B2-01,1,4
882,54:F0:B1:BB:C4:D1,PoliSemFio,42,962.4791033267975,B2-01,1,4
883,54:F0:B1:BB:C4:D2,,42,962.4791033267975,B2-01,1,4
884,54:F0:B1:BB:C4:F0,eduroam,32,962.4791033267975,B2-01,1,4
885,54:F0:B1:BB:C4:F1,PoliSemFio,30,962.4791033267975,B2-01,1,4
886,54:F0:B1:BB:C5:C4,GDLAB,14,962.4791033267975,B2-01,1,4
887,54:F0:B1:BB:F3:20,eduroam,34,962.4791033267975,B2-01,1,4
888,54:F0:B1:BB:FD:D0,eduroam,20,962.4791033267975,B2-01,1,4
889,54:F0:B1:BB:FD:D1,PoliSemFio,20,962.4791033267975,B2-01,1,4
890,54:F0:B1:BB:FD:D2,,15,962.4791033267975,B2-01,1,4
891,54:F0:B1:BC:09:40,eduroam,85,962.4791033267975,B2-01,1,4
892,54:F0:B1:BC:09:41,PoliSemFio,99,962.4791033267975,B2-01,1,4
893,54:F0:B1:BC:09:42,,99,962.4791033267975,B2-01,1,4
894,54:F0:B1:BC:09:60,eduroam,90,962.4791033267975,B2-01,1,4
895,54:F0:B1:BC:09:61,PoliSemFio,90,962.4791033267975,B2-01,1,4
896,54:F0:B1:BC:1B:D0,eduroam,50,962.4791033267975,B2-01,1,4
897,54:F0:B1:BC:1B:D1,PoliSemFio,54,962.4791033267975,B2-01,1,4
898,54:F0:B1:BC:1B:D2,,54,962.4791033267975,B2-01,1,4
899,54:F0:B1:BC:1B:F0,eduroam,27,962.4791033267975,B2-01,1,4
900,54:F0:B1:BC:1B:F1,PoliSemFio,27,962.4791033267975,B2-01,1,4
901,54:F0:B1:BC:2E:90,eduroam,52,962.4791033267975,B2-01,1,4
902,54:F0:B1:BC:2E:92,,75,962.4791033267975,B2-01,1,4
903,54:F0:B1:BC:2E:B0,eduroam,29,962.4791033267975,B2-01,1,4
904,54:F0:B1:BC:2E:B1,PoliSemFio,29,962.4791033267975,B2-01,1,4
905,54:F0:B1:BC:2F:50,eduroam,17,962.4791033267975,B2-01,1,4
906,54:F0:B1:BC:36:10,PoliSemFio,25,962.4791033267975,B2-01,1,4
907,54:F0:B1:BC:36:11,eduroam,25,962.4791033267975,B2-01,1,4
908,54:F0:B1:BC:36:12,,27,962.4791033267975,B2-01,1,4
909,54:F0:B1:BC:3F:10,eduroam,29,962.4791033267975,B2-01,1,4
910,54:F0:B1:BC:3F:12,,37,962.4791033267975,B2-01,1,4
911,54:F0:B1:BC:65:B0,eduroam,22,962.4791033267975,B2-01,1,4
912,54:F0:B1:BC:65:B2,,22,962.4791033267975,B2-01,1,4
913,54:F0:B1:BC:70:00,eduroam,35,962.4791033267975,B2-01,1,4
914,54:F0:B1:BC:70:01,PoliSemFio,37,962.4791033267975,B2-01,1,4
915,54:F0:B1:BC:70:02,,37,962.4791033267975,B2-01,1,4
916,54:F0:B1:BC:70:20,eduroam,14,962.4791033267975,B2-01,1,4
917,54:F0:B1:BC:70:21,PoliSemFio,15,962.4791033267975,B2-01,1,4
918,54:F0:B1:BC:77:80,eduroam,42,962.4791033267975,B2-01,1,4
919,54:F0:B1:BC:77:81,PoliSemFio,39,962.4791033267975,B2-01,1,4
920,54:F0:B1:BC:77:82,,37,962.4791033267975,B2-01,1,4
921,54:F0:B1:BC:77:A0,eduroam,20,962.4791033267975,B2-01,1,4
922,54:F0:B1:BC:77:A1,PoliSemFio,20,962.4791033267975,B2-01,1,4
923,68:FF:7B:47:78:BE,C1-22M,29,962.4791033267975,B2-01,1,4
924,70:62:B8:6E:72:A0,PCS-wireless-C1-13,29,962.4791033267975,B2-01,1,4
925,70:62:B8:6E:72:A1,PPGEE,27,962.4791033267975,B2-01,1,4
926,84:D4:7E:06:4F:E0,eduroam,55,962.4791033267975,B2-01,1,4
927,84:D4:7E:06:4F:E1,PoliSemFio,57,962.4791033267975,B2-01,1,4
928,84:D4:7E:06:4F:E2,,59,962.4791033267975,B2-01,1,4
929,84:D4:7E:06:4F:F0,eduroam,17,962.4791033267975,B2-01,1,4
930,84:D4:7E:06:4F:F1,PoliSemFio,15,962.4791033267975,B2-01,1,4
931,84:D4:7E:06:4F:F2,,25,962.4791033267975,B2-01,1,4
932,DC:9F:DB:1C:1F:D7,LWN-3,20,962.4791033267975,B2-01,1,4
933,DC:9F:DB:1C:1F:E0,LWN-3,29,962.4791033267975,B2-01,1,4
934,DE:9F:DB:1C:1F:E0,LARC Guest,29,962.4791033267975,B2-01,1,4
935,EE:9F:DB:1C:1F:E0,,27,962.4791033267975,B2-01,1,4
936,F8:1A:67:99:55:8E,NUCLEAR_CHF,30,962.4791033267975,B2-01,1,4
937,FE:9F:DB:1C:1F:D7,,22,962.4791033267975,B2-01,1,4
938,FE:9F:DB:1C:1F:E0,,25,962.4791033267975,B2-01,1,4
939,00:21:91:70:9D:EC,LAB-DIDATICO,24,965.1073353290558,B2-01,1,4
940,30:85:A9:69:F2:E4,PCS-Wireless-C2-22,27,965.1073353290558,B2-01,1,4
941,34:60:F9:A3:D9:13,GASWIFI-5G_C2,24,965.1073353290558,B2-01,1,4
942,34:60:F9:A3:D9:14,GASWIFI-2G_C2,35,965.1073353290558,B2-01,1,4
943,34:CE:00:51:3E:6F,Lab,57,965.1073353290558,B2-01,1,4
944,34:CE:00:51:3E:70,Lab_5G,27,965.1073353290558,B2-01,1,4
945,3A:60:F9:A3:D9:13,,20,965.1073353290558,B2-01,1,4
946,48:00:20:34:D2:40,eduroam,29,965.1073353290558,B2-01,1,4
947,54:B8:0A:AA:2C:8C,LAB_DIGITAL,25,965.1073353290558,B2-01,1,4
948,54:B8:0A:AA:2C:8D,PCS-Wireless,25,965.1073353290558,B2-01,1,4
949,54:F0:B1:A1:18:C0,eduroam,17,965.1073353290558,B2-01,1,4
950,54:F0:B1:A1:18:C1,PoliSemFio,14,965.1073353290558,B2-01,1,4
951,54:F0:B1:A1:18:C3,MEZANINO,14,965.1073353290558,B2-01,1,4
952,54:F0:B1:A1:18:C4,GDLAB,14,965.1073353290558,B2-01,1,4
953,54:F0:B1:A1:18:C5,LABPAD,15,965.1073353290558,B2-01,1,4
954,54:F0:B1:A1:18:D0,eduroam,30,965.1073353290558,B2-01,1,4
955,54:F0:B1:A1:18:D2,,24,965.1073353290558,B2-01,1,4
956,54:F0:B1:A1:18:D3,MEZANINO,24,965.1073353290558,B2-01,1,4
957,54:F0:B1:A1:18:D4,GDLAB,25,965.1073353290558,B2-01,1,4
958,54:F0:B1:A1:18:D5,LABPAD,30,965.1073353290558,B2-01,1,4
959,54:F0:B1:A1:58:00,eduroam,30,965.1073353290558,B2-01,1,4
960,54:F0:B1:A1:58:01,PoliSemFio,32,965.1073353290558,B2-01,1,4
961,54:F0:B1:A1:58:02,,29,965.1073353290558,B2-01,1,4
962,54:F0:B1:A1:E5:00,eduroam,22,965.1073353290558,B2-01,1,4
963,54:F0:B1:A2:56:72,,25,965.1073353290558,B2-01,1,4
964,54:F0:B1:BB:5A:80,eduroam,19,965.1073353290558,B2-01,1,4
965,54:F0:B1:BB:5A:82,HACKER,19,965.1073353290558,B2-01,1,4
966,54:F0:B1:BB:5A:83,LEP,19,965.1073353290558,B2-01,1,4
967,54:F0:B1:BB:80:C3,LABPROG,32,965.1073353290558,B2-01,1,4
968,54:F0:B1:BB:BE:13,CAEEL,19,965.1073353290558,B2-01,1,4
969,54:F0:B1:BB:C4:D0,eduroam,37,965.1073353290558,B2-01,1,4
970,54:F0:B1:BB:C4:D1,PoliSemFio,42,965.1073353290558,B2-01,1,4
971,54:F0:B1:BB:C4:D2,,42,965.1073353290558,B2-01,1,4
972,54:F0:B1:BB:C4:F0,eduroam,32,965.1073353290558,B2-01,1,4
973,54:F0:B1:BB:C4:F1,PoliSemFio,30,965.1073353290558,B2-01,1,4
974,54:F0:B1:BB:C5:C4,GDLAB,14,965.1073353290558,B2-01,1,4
975,54:F0:B1:BB:F3:20,eduroam,34,965.1073353290558,B2-01,1,4
976,54:F0:B1:BB:FD:D0,eduroam,20,965.1073353290558,B2-01,1,4
977,54:F0:B1:BB:FD:D1,PoliSemFio,20,965.1073353290558,B2-01,1,4
978,54:F0:B1:BB:FD:D2,,15,965.1073353290558,B2-01,1,4
979,54:F0:B1:BC:09:40,eduroam,85,965.1073353290558,B2-01,1,4
980,54:F0:B1:BC:09:41,PoliSemFio,99,965.1073353290558,B2-01,1,4
981,54:F0:B1:BC:09:42,,99,965.1073353290558,B2-01,1,4
982,54:F0:B1:BC:09:60,eduroam,74,965.1073353290558,B2-01,1,4
983,54:F0:B1:BC:09:61,PoliSemFio,90,965.1073353290558,B2-01,1,4
984,54:F0:B1:BC:1B:D0,eduroam,50,965.1073353290558,B2-01,1,4
985,54:F0:B1:BC:1B:D1,PoliSemFio,54,965.1073353290558,B2-01,1,4
986,54:F0:B1:BC:1B:D2,,54,965.1073353290558,B2-01,1,4
987,54:F0:B1:BC:1B:F0,eduroam,27,965.1073353290558,B2-01,1,4
988,54:F0:B1:BC:1B:F1,PoliSemFio,27,965.1073353290558,B2-01,1,4
989,54:F0:B1:BC:2E:90,eduroam,52,965.1073353290558,B2-01,1,4
990,54:F0:B1:BC:2E:92,,75,965.1073353290558,B2-01,1,4
991,54:F0:B1:BC:2E:B0,eduroam,29,965.1073353290558,B2-01,1,4
992,54:F0:B1:BC:2E:B1,PoliSemFio,29,965.1073353290558,B2-01,1,4
993,54:F0:B1:BC:2F:50,eduroam,17,965.1073353290558,B2-01,1,4
994,54:F0:B1:BC:36:10,PoliSemFio,25,965.1073353290558,B2-01,1,4
995,54:F0:B1:BC:36:11,eduroam,25,965.1073353290558,B2-01,1,4
996,54:F0:B1:BC:36:12,,27,965.1073353290558,B2-01,1,4
997,54:F0:B1:BC:3F:10,eduroam,29,965.1073353290558,B2-01,1,4
998,54:F0:B1:BC:3F:12,,37,965.1073353290558,B2-01,1,4
999,54:F0:B1:BC:65:B0,eduroam,22,965.1073353290558,B2-01,1,4
1000,54:F0:B1:BC:65:B2,,22,965.1073353290558,B2-01,1,4
1001,54:F0:B1:BC:70:00,eduroam,35,965.1073353290558,B2-01,1,4
1002,54:F0:B1:BC:70:01,PoliSemFio,37,965.1073353290558,B2-01,1,4
1003,54:F0:B1:BC:70:02,,37,965.1073353290558,B2-01,1,4
1004,54:F0:B1:BC:70:20,eduroam,14,965.1073353290558,B2-01,1,4
1005,54:F0:B1:BC:70:21,PoliSemFio,15,965.1073353290558,B2-01,1,4
1006,54:F0:B1:BC:77:80,eduroam,42,965.1073353290558,B2-01,1,4
1007,54:F0:B1:BC:77:81,PoliSemFio,39,965.1073353290558,B2-01,1,4
1008,54:F0:B1:BC:77:82,,37,965.1073353290558,B2-01,1,4
1009,54:F0:B1:BC:77:A0,eduroam,20,965.1073353290558,B2-01,1,4
1010,54:F0:B1:BC:77:A1,PoliSemFio,20,965.1073353290558,B2-01,1,4
1011,68:FF:7B:47:78:BE,C1-22M,29,965.1073353290558,B2-01,1,4
1012,70:62:B8:6E:72:A0,PCS-wireless-C1-13,29,965.1073353290558,B2-01,1,4
1013,70:62:B8:6E:72:A1,PPGEE,27,965.1073353290558,B2-01,1,4
1014,84:D4:7E:06:4F:E0,eduroam,55,965.1073353290558,B2-01,1,4
1015,84:D4:7E:06:4F:E1,PoliSemFio,57,965.1073353290558,B2-01,1,4
1016,84:D4:7E:06:4F:E2,,59,965.1073353290558,B2-01,1,4
1017,84:D4:7E:06:4F:F0,eduroam,17,965.1073353290558,B2-01,1,4
1018,84:D4:7E:06:4F:F1,PoliSemFio,15,965.1073353290558,B2-01,1,4
1019,84:D4:7E:06:4F:F2,,25,965.1073353290558,B2-01,1,4
1020,DC:9F:DB:1C:1F:D7,LWN-3,20,965.1073353290558,B2-01,1,4
1021,DC:9F:DB:1C:1F:E0,LWN-3,29,965.1073353290558,B2-01,1,4
1022,DE:9F:DB:1C:1F:E0,LARC Guest,29,965.1073353290558,B2-01,1,4
1023,EE:9F:DB:1C:1F:E0,,27,965.1073353290558,B2-01,1,4
1024,F8:1A:67:99:55:8E,NUCLEAR_CHF,30,965.1073353290558,B2-01,1,4
1025,FE:9F:DB:1C:1F:D7,,22,965.1073353290558,B2-01,1,4
1026,FE:9F:DB:1C:1F:E0,,25,965.1073353290558,B2-01,1,4
1027,00:21:91:70:9D:EC,LAB-DIDATICO,24,971.36265873909,B2-01,1,4
1028,30:85:A9:69:F2:E4,PCS-Wireless-C2-22,37,971.36265873909,B2-01,1,4
1029,34:60:F9:A3:D9:13,GASWIFI-5G_C2,19,971.36265873909,B2-01,1,4
1030,34:60:F9:A3:D9:14,GASWIFI-2G_C2,27,971.36265873909,B2-01,1,4
1031,34:CE:00:51:3E:6F,Lab,52,971.36265873909,B2-01,1,4
1032,34:CE:00:51:3E:70,Lab_5G,20,971.36265873909,B2-01,1,4
1033,3A:60:F9:A3:D9:13,,20,971.36265873909,B2-01,1,4
1034,48:00:20:34:D2:40,eduroam,29,971.36265873909,B2-01,1,4
1035,54:B8:0A:AA:2C:8C,LAB_DIGITAL,25,971.36265873909,B2-01,1,4
1036,54:B8:0A:AA:2C:8D,PCS-Wireless,25,971.36265873909,B2-01,1,4
1037,54:F0:B1:A1:18:C0,eduroam,17,971.36265873909,B2-01,1,4
1038,54:F0:B1:A1:18:C1,PoliSemFio,14,971.36265873909,B2-01,1,4
1039,54:F0:B1:A1:18:C3,MEZANINO,14,971.36265873909,B2-01,1,4
1040,54:F0:B1:A1:18:C4,GDLAB,14,971.36265873909,B2-01,1,4
1041,54:F0:B1:A1:18:C5,LABPAD,15,971.36265873909,B2-01,1,4
1042,54:F0:B1:A1:18:D2,,24,971.36265873909,B2-01,1,4
1043,54:F0:B1:A1:18:D3,MEZANINO,35,971.36265873909,B2-01,1,4
1044,54:F0:B1:A1:18:D4,GDLAB,32,971.36265873909,B2-01,1,4
1045,54:F0:B1:A1:58:00,eduroam,22,971.36265873909,B2-01,1,4
1046,54:F0:B1:A1:58:01,PoliSemFio,29,971.36265873909,B2-01,1,4
1047,54:F0:B1:A1:58:02,,29,971.36265873909,B2-01,1,4
1048,54:F0:B1:A1:E5:00,eduroam,17,971.36265873909,B2-01,1,4
1049,54:F0:B1:A2:56:70,eduroam,19,971.36265873909,B2-01,1,4
1050,54:F0:B1:A2:56:71,PoliSemFio,22,971.36265873909,B2-01,1,4
1051,54:F0:B1:A2:56:72,,20,971.36265873909,B2-01,1,4
1052,54:F0:B1:A2:57:33,LCA,24,971.36265873909,B2-01,1,4
1053,54:F0:B1:BB:5A:80,eduroam,19,971.36265873909,B2-01,1,4
1054,54:F0:B1:BB:5A:82,HACKER,19,971.36265873909,B2-01,1,4
1055,54:F0:B1:BB:5A:83,LEP,19,971.36265873909,B2-01,1,4
1056,54:F0:B1:BB:80:C3,LABPROG,32,971.36265873909,B2-01,1,4
1057,54:F0:B1:BB:84:D0,eduroam,15,971.36265873909,B2-01,1,4
1058,54:F0:B1:BB:84:D1,PoliSemFio,15,971.36265873909,B2-01,1,4
1059,54:F0:B1:BB:84:D2,,15,971.36265873909,B2-01,1,4
1060,54:F0:B1:BB:BE:13,CAEEL,15,971.36265873909,B2-01,1,4
1061,54:F0:B1:BB:C4:D0,eduroam,45,971.36265873909,B2-01,1,4
1062,54:F0:B1:BB:C4:D1,PoliSemFio,50,971.36265873909,B2-01,1,4
1063,54:F0:B1:BB:C4:D2,,42,971.36265873909,B2-01,1,4
1064,54:F0:B1:BB:C4:F0,eduroam,37,971.36265873909,B2-01,1,4
1065,54:F0:B1:BB:C4:F1,PoliSemFio,37,971.36265873909,B2-01,1,4
1066,54:F0:B1:BB:C5:C4,GDLAB,14,971.36265873909,B2-01,1,4
1067,54:F0:B1:BB:F3:20,eduroam,34,971.36265873909,B2-01,1,4
1068,54:F0:B1:BB:FD:D0,eduroam,20,971.36265873909,B2-01,1,4
1069,54:F0:B1:BB:FD:D1,PoliSemFio,20,971.36265873909,B2-01,1,4
1070,54:F0:B1:BB:FD:D2,,15,971.36265873909,B2-01,1,4
1071,54:F0:B1:BC:09:40,eduroam,87,971.36265873909,B2-01,1,4
1072,54:F0:B1:BC:09:41,PoliSemFio,97,971.36265873909,B2-01,1,4
1073,54:F0:B1:BC:09:42,,97,971.36265873909,B2-01,1,4
1074,54:F0:B1:BC:09:60,eduroam,90,971.36265873909,B2-01,1,4
1075,54:F0:B1:BC:09:61,PoliSemFio,90,971.36265873909,B2-01,1,4
1076,54:F0:B1:BC:1B:D1,PoliSemFio,62,971.36265873909,B2-01,1,4
1077,54:F0:B1:BC:1B:D2,,54,971.36265873909,B2-01,1,4
1078,54:F0:B1:BC:1B:F0,eduroam,25,971.36265873909,B2-01,1,4
1079,54:F0:B1:BC:1B:F1,PoliSemFio,25,971.36265873909,B2-01,1,4
1080,54:F0:B1:BC:2E:90,eduroam,85,971.36265873909,B2-01,1,4
1081,54:F0:B1:BC:2E:92,,75,971.36265873909,B2-01,1,4
1082,54:F0:B1:BC:2E:B0,eduroam,27,971.36265873909,B2-01,1,4
1083,54:F0:B1:BC:2E:B1,PoliSemFio,27,971.36265873909,B2-01,1,4
1084,54:F0:B1:BC:2F:50,eduroam,17,971.36265873909,B2-01,1,4
1085,54:F0:B1:BC:36:10,PoliSemFio,29,971.36265873909,B2-01,1,4
1086,54:F0:B1:BC:36:11,eduroam,25,971.36265873909,B2-01,1,4
1087,54:F0:B1:BC:36:12,,27,971.36265873909,B2-01,1,4
1088,54:F0:B1:BC:3F:10,eduroam,29,971.36265873909,B2-01,1,4
1089,54:F0:B1:BC:3F:11,PoliSemFio,27,971.36265873909,B2-01,1,4
1090,54:F0:B1:BC:3F:12,,29,971.36265873909,B2-01,1,4
1091,54:F0:B1:BC:65:B0,eduroam,22,971.36265873909,B2-01,1,4
1092,54:F0:B1:BC:65:B2,,22,971.36265873909,B2-01,1,4
1093,54:F0:B1:BC:70:00,eduroam,52,971.36265873909,B2-01,1,4
1094,54:F0:B1:BC:70:01,PoliSemFio,45,971.36265873909,B2-01,1,4
1095,54:F0:B1:BC:70:02,,37,971.36265873909,B2-01,1,4
1096,54:F0:B1:BC:70:20,eduroam,14,971.36265873909,B2-01,1,4
1097,54:F0:B1:BC:70:21,PoliSemFio,15,971.36265873909,B2-01,1,4
1098,54:F0:B1:BC:77:80,eduroam,59,971.36265873909,B2-01,1,4
1099,54:F0:B1:BC:77:81,PoliSemFio,47,971.36265873909,B2-01,1,4
1100,54:F0:B1:BC:77:82,,47,971.36265873909,B2-01,1,4
1101,54:F0:B1:BC:77:A0,eduroam,20,971.36265873909,B2-01,1,4
1102,54:F0:B1:BC:77:A1,PoliSemFio,22,971.36265873909,B2-01,1,4
1103,68:FF:7B:47:78:BE,C1-22M,29,971.36265873909,B2-01,1,4
1104,70:62:B8:6E:72:A0,PCS-wireless-C1-13,39,971.36265873909,B2-01,1,4
1105,70:62:B8:6E:72:A1,PPGEE,40,971.36265873909,B2-01,1,4
1106,84:D4:7E:06:4F:E0,eduroam,55,971.36265873909,B2-01,1,4
1107,84:D4:7E:06:4F:E1,PoliSemFio,55,971.36265873909,B2-01,1,4
1108,84:D4:7E:06:4F:E2,,55,971.36265873909,B2-01,1,4
1109,84:D4:7E:06:4F:F0,eduroam,20,971.36265873909,B2-01,1,4
1110,84:D4:7E:06:4F:F1,PoliSemFio,22,971.36265873909,B2-01,1,4
1111,84:D4:7E:06:4F:F2,,25,971.36265873909,B2-01,1,4
1112,AA:6B:AD:82:46:CC,DIRECT-cc-HP M132f LaserJet,20,971.36265873909,B2-01,1,4
1113,DC:9F:DB:1C:1F:D7,LWN-3,20,971.36265873909,B2-01,1,4
1114,DC:9F:DB:1C:1F:E0,LWN-3,29,971.36265873909,B2-01,1,4
1115,DE:9F:DB:1C:1F:E0,LARC Guest,29,971.36265873909,B2-01,1,4
1116,EE:9F:DB:1C:1F:D7,,20,971.36265873909,B2-01,1,4
1117,EE:9F:DB:1C:1F:E0,,27,971.36265873909,B2-01,1,4
1118,F8:1A:67:99:55:8E,NUCLEAR_CHF,30,971.36265873909,B2-01,1,4
1119,FE:9F:DB:1C:1F:D7,,22,971.36265873909,B2-01,1,4
1120,FE:9F:DB:1C:1F:E0,,25,971.36265873909,B2-01,1,4
1121,30:85:A9:69:F2:E4,PCS-Wireless-C2-22,37,981.2231342792511,B2-01,1,4
1122,34:60:F9:A3:D9:13,GASWIFI-5G_C2,19,981.2231342792511,B2-01,1,4
1123,34:60:F9:A3:D9:14,GASWIFI-2G_C2,40,981.2231342792511,B2-01,1,4
1124,34:CE:00:51:3E:6F,Lab,57,981.2231342792511,B2-01,1,4
1125,34:CE:00:51:3E:70,Lab_5G,25,981.2231342792511,B2-01,1,4
1126,3A:60:F9:A3:D9:13,,20,981.2231342792511,B2-01,1,4
1127,48:00:20:34:D2:40,eduroam,29,981.2231342792511,B2-01,1,4
1128,54:B8:0A:AA:2C:8C,LAB_DIGITAL,25,981.2231342792511,B2-01,1,4
1129,54:B8:0A:AA:2C:8D,PCS-Wireless,25,981.2231342792511,B2-01,1,4
1130,54:F0:B1:A1:18:C0,eduroam,12,981.2231342792511,B2-01,1,4
1131,54:F0:B1:A1:18:C1,PoliSemFio,14,981.2231342792511,B2-01,1,4
1132,54:F0:B1:A1:18:C3,MEZANINO,12,981.2231342792511,B2-01,1,4
1133,54:F0:B1:A1:18:C4,GDLAB,10,981.2231342792511,B2-01,1,4
1134,54:F0:B1:A1:18:C5,LABPAD,14,981.2231342792511,B2-01,1,4
1135,54:F0:B1:A1:18:D2,,24,981.2231342792511,B2-01,1,4
1136,54:F0:B1:A1:18:D3,MEZANINO,35,981.2231342792511,B2-01,1,4
1137,54:F0:B1:A1:18:D4,GDLAB,32,981.2231342792511,B2-01,1,4
1138,54:F0:B1:A1:58:00,eduroam,35,981.2231342792511,B2-01,1,4
1139,54:F0:B1:A1:58:01,PoliSemFio,37,981.2231342792511,B2-01,1,4
1140,54:F0:B1:A1:58:02,,37,981.2231342792511,B2-01,1,4
1141,54:F0:B1:A1:E5:00,eduroam,17,981.2231342792511,B2-01,1,4
1142,54:F0:B1:A2:56:70,eduroam,20,981.2231342792511,B2-01,1,4
1143,54:F0:B1:A2:56:71,PoliSemFio,22,981.2231342792511,B2-01,1,4
1144,54:F0:B1:A2:56:72,,20,981.2231342792511,B2-01,1,4
1145,54:F0:B1:A2:57:33,LCA,24,981.2231342792511,B2-01,1,4
1146,54:F0:B1:BB:5A:80,eduroam,19,981.2231342792511,B2-01,1,4
1147,54:F0:B1:BB:5A:82,HACKER,19,981.2231342792511,B2-01,1,4
1148,54:F0:B1:BB:5A:83,LEP,19,981.2231342792511,B2-01,1,4
1149,54:F0:B1:BB:84:D0,eduroam,15,981.2231342792511,B2-01,1,4
1150,54:F0:B1:BB:84:D1,PoliSemFio,15,981.2231342792511,B2-01,1,4
1151,54:F0:B1:BB:84:D2,,15,981.2231342792511,B2-01,1,4
1152,54:F0:B1:BB:BE:13,CAEEL,15,981.2231342792511,B2-01,1,4
1153,54:F0:B1:BB:C4:D0,eduroam,45,981.2231342792511,B2-01,1,4
1154,54:F0:B1:BB:C4:D1,PoliSemFio,40,981.2231342792511,B2-01,1,4
1155,54:F0:B1:BB:C4:D2,,42,981.2231342792511,B2-01,1,4
1156,54:F0:B1:BB:C4:F0,eduroam,25,981.2231342792511,B2-01,1,4
1157,54:F0:B1:BB:C4:F1,PoliSemFio,25,981.2231342792511,B2-01,1,4
1158,54:F0:B1:BB:F3:20,eduroam,19,981.2231342792511,B2-01,1,4
1159,54:F0:B1:BB:FD:D0,eduroam,20,981.2231342792511,B2-01,1,4
1160,54:F0:B1:BB:FD:D1,PoliSemFio,20,981.2231342792511,B2-01,1,4
1161,54:F0:B1:BB:FD:D2,,15,981.2231342792511,B2-01,1,4
1162,54:F0:B1:BC:09:40,eduroam,79,981.2231342792511,B2-01,1,4
1163,54:F0:B1:BC:09:41,PoliSemFio,87,981.2231342792511,B2-01,1,4
1164,54:F0:B1:BC:09:42,,87,981.2231342792511,B2-01,1,4
1165,54:F0:B1:BC:09:60,eduroam,82,981.2231342792511,B2-01,1,4
1166,54:F0:B1:BC:09:61,PoliSemFio,82,981.2231342792511,B2-01,1,4
1167,54:F0:B1:BC:1B:D1,PoliSemFio,62,981.2231342792511,B2-01,1,4
1168,54:F0:B1:BC:1B:F0,eduroam,24,981.2231342792511,B2-01,1,4
1169,54:F0:B1:BC:1B:F1,PoliSemFio,24,981.2231342792511,B2-01,1,4
1170,54:F0:B1:BC:2E:90,eduroam,85,981.2231342792511,B2-01,1,4
1171,54:F0:B1:BC:2E:92,,67,981.2231342792511,B2-01,1,4
1172,54:F0:B1:BC:2E:B0,eduroam,40,981.2231342792511,B2-01,1,4
1173,54:F0:B1:BC:2E:B1,PoliSemFio,40,981.2231342792511,B2-01,1,4
1174,54:F0:B1:BC:36:10,PoliSemFio,29,981.2231342792511,B2-01,1,4
1175,54:F0:B1:BC:3F:10,eduroam,29,981.2231342792511,B2-01,1,4
1176,54:F0:B1:BC:3F:11,PoliSemFio,27,981.2231342792511,B2-01,1,4
1177,54:F0:B1:BC:3F:12,,29,981.2231342792511,B2-01,1,4
1178,54:F0:B1:BC:65:B0,eduroam,22,981.2231342792511,B2-01,1,4
1179,54:F0:B1:BC:70:00,eduroam,40,981.2231342792511,B2-01,1,4
1180,54:F0:B1:BC:70:01,PoliSemFio,39,981.2231342792511,B2-01,1,4
1181,54:F0:B1:BC:70:02,,40,981.2231342792511,B2-01,1,4
1182,54:F0:B1:BC:70:20,eduroam,14,981.2231342792511,B2-01,1,4
1183,54:F0:B1:BC:70:21,PoliSemFio,14,981.2231342792511,B2-01,1,4
1184,54:F0:B1:BC:77:80,eduroam,59,981.2231342792511,B2-01,1,4
1185,54:F0:B1:BC:77:81,PoliSemFio,40,981.2231342792511,B2-01,1,4
1186,54:F0:B1:BC:77:82,,40,981.2231342792511,B2-01,1,4
1187,54:F0:B1:BC:77:A0,eduroam,20,981.2231342792511,B2-01,1,4
1188,54:F0:B1:BC:77:A1,PoliSemFio,22,981.2231342792511,B2-01,1,4
1189,68:FF:7B:47:78:BE,C1-22M,35,981.2231342792511,B2-01,1,4
1190,70:62:B8:6E:72:A0,PCS-wireless-C1-13,39,981.2231342792511,B2-01,1,4
1191,70:62:B8:6E:72:A1,PPGEE,22,981.2231342792511,B2-01,1,4
1192,84:D4:7E:06:4F:E0,eduroam,45,981.2231342792511,B2-01,1,4
1193,84:D4:7E:06:4F:E1,PoliSemFio,44,981.2231342792511,B2-01,1,4
1194,84:D4:7E:06:4F:E2,,55,981.2231342792511,B2-01,1,4
1195,84:D4:7E:06:4F:F0,eduroam,20,981.2231342792511,B2-01,1,4
1196,84:D4:7E:06:4F:F1,PoliSemFio,22,981.2231342792511,B2-01,1,4
1197,84:D4:7E:06:4F:F2,,25,981.2231342792511,B2-01,1,4
1198,AA:6B:AD:82:46:CC,DIRECT-cc-HP M132f LaserJet,20,981.2231342792511,B2-01,1,4
1199,DC:9F:DB:1C:1F:D7,LWN-3,20,981.2231342792511,B2-01,1,4
1200,DE:9F:DB:1C:1F:E0,LARC Guest,24,981.2231342792511,B2-01,1,4
1201,EE:9F:DB:1C:1F:D7,,20,981.2231342792511,B2-01,1,4
1202,EE:9F:DB:1C:1F:E0,,27,981.2231342792511,B2-01,1,4
1203,F8:1A:67:99:55:8E,NUCLEAR_CHF,30,981.2231342792511,B2-01,1,4
1204,FE:9F:DB:1C:1F:D7,,22,981.2231342792511,B2-01,1,4
1205,FE:9F:DB:1C:1F:E0,,25,981.2231342792511,B2-01,1,4
1206,30:85:A9:69:F2:E4,PCS-Wireless-C2-22,37,983.8644304275513,B2-01,1,4
1207,34:60:F9:A3:D9:13,GASWIFI-5G_C2,19,983.8644304275513,B2-01,1,4
1208,34:60:F9:A3:D9:14,GASWIFI-2G_C2,40,983.8644304275513,B2-01,1,4
1209,34:CE:00:51:3E:6F,Lab,57,983.8644304275513,B2-01,1,4
1210,34:CE:00:51:3E:70,Lab_5G,25,983.8644304275513,B2-01,1,4
1211,3A:60:F9:A3:D9:13,,20,983.8644304275513,B2-01,1,4
1212,48:00:20:34:D2:40,eduroam,29,983.8644304275513,B2-01,1,4
1213,54:B8:0A:AA:2C:8C,LAB_DIGITAL,25,983.8644304275513,B2-01,1,4
1214,54:B8:0A:AA:2C:8D,PCS-Wireless,25,983.8644304275513,B2-01,1,4
1215,54:F0:B1:A1:18:C0,eduroam,12,983.8644304275513,B2-01,1,4
1216,54:F0:B1:A1:18:C1,PoliSemFio,14,983.8644304275513,B2-01,1,4
1217,54:F0:B1:A1:18:C3,MEZANINO,12,983.8644304275513,B2-01,1,4
1218,54:F0:B1:A1:18:C4,GDLAB,10,983.8644304275513,B2-01,1,4
1219,54:F0:B1:A1:18:C5,LABPAD,14,983.8644304275513,B2-01,1,4
1220,54:F0:B1:A1:18:D2,,24,983.8644304275513,B2-01,1,4
1221,54:F0:B1:A1:18:D3,MEZANINO,35,983.8644304275513,B2-01,1,4
1222,54:F0:B1:A1:18:D4,GDLAB,32,983.8644304275513,B2-01,1,4
1223,54:F0:B1:A1:58:00,eduroam,35,983.8644304275513,B2-01,1,4
1224,54:F0:B1:A1:58:01,PoliSemFio,37,983.8644304275513,B2-01,1,4
1225,54:F0:B1:A1:58:02,,37,983.8644304275513,B2-01,1,4
1226,54:F0:B1:A1:E5:00,eduroam,17,983.8644304275513,B2-01,1,4
1227,54:F0:B1:A2:56:70,eduroam,20,983.8644304275513,B2-01,1,4
1228,54:F0:B1:A2:56:71,PoliSemFio,22,983.8644304275513,B2-01,1,4
1229,54:F0:B1:A2:56:72,,20,983.8644304275513,B2-01,1,4
1230,54:F0:B1:A2:57:33,LCA,24,983.8644304275513,B2-01,1,4
1231,54:F0:B1:BB:5A:80,eduroam,19,983.8644304275513,B2-01,1,4
1232,54:F0:B1:BB:5A:82,HACKER,19,983.8644304275513,B2-01,1,4
1233,54:F0:B1:BB:5A:83,LEP,19,983.8644304275513,B2-01,1,4
1234,54:F0:B1:BB:84:D0,eduroam,15,983.8644304275513,B2-01,1,4
1235,54:F0:B1:BB:84:D1,PoliSemFio,15,983.8644304275513,B2-01,1,4
1236,54:F0:B1:BB:84:D2,,15,983.8644304275513,B2-01,1,4
1237,54:F0:B1:BB:BE:13,CAEEL,15,983.8644304275513,B2-01,1,4
1238,54:F0:B1:BB:C4:D0,eduroam,45,983.8644304275513,B2-01,1,4
1239,54:F0:B1:BB:C4:D1,PoliSemFio,40,983.8644304275513,B2-01,1,4
1240,54:F0:B1:BB:C4:D2,,42,983.8644304275513,B2-01,1,4
1241,54:F0:B1:BB:C4:F0,eduroam,25,983.8644304275513,B2-01,1,4
1242,54:F0:B1:BB:C4:F1,PoliSemFio,25,983.8644304275513,B2-01,1,4
1243,54:F0:B1:BB:F3:20,eduroam,19,983.8644304275513,B2-01,1,4
1244,54:F0:B1:BB:FD:D0,eduroam,20,983.8644304275513,B2-01,1,4
1245,54:F0:B1:BB:FD:D1,PoliSemFio,20,983.8644304275513,B2-01,1,4
1246,54:F0:B1:BB:FD:D2,,15,983.8644304275513,B2-01,1,4
1247,54:F0:B1:BC:09:40,eduroam,79,983.8644304275513,B2-01,1,4
1248,54:F0:B1:BC:09:41,PoliSemFio,87,983.8644304275513,B2-01,1,4
1249,54:F0:B1:BC:09:42,,87,983.8644304275513,B2-01,1,4
1250,54:F0:B1:BC:09:60,eduroam,73,983.8644304275513,B2-01,1,4
1251,54:F0:B1:BC:09:61,PoliSemFio,82,983.8644304275513,B2-01,1,4
1252,54:F0:B1:BC:1B:D1,PoliSemFio,62,983.8644304275513,B2-01,1,4
1253,54:F0:B1:BC:1B:F0,eduroam,24,983.8644304275513,B2-01,1,4
1254,54:F0:B1:BC:1B:F1,PoliSemFio,24,983.8644304275513,B2-01,1,4
1255,54:F0:B1:BC:2E:90,eduroam,85,983.8644304275513,B2-01,1,4
1256,54:F0:B1:BC:2E:92,,67,983.8644304275513,B2-01,1,4
1257,54:F0:B1:BC:2E:B0,eduroam,40,983.8644304275513,B2-01,1,4
1258,54:F0:B1:BC:2E:B1,PoliSemFio,40,983.8644304275513,B2-01,1,4
1259,54:F0:B1:BC:36:10,PoliSemFio,29,983.8644304275513,B2-01,1,4
1260,54:F0:B1:BC:3F:10,eduroam,29,983.8644304275513,B2-01,1,4
1261,54:F0:B1:BC:3F:11,PoliSemFio,27,983.8644304275513,B2-01,1,4
1262,54:F0:B1:BC:3F:12,,29,983.8644304275513,B2-01,1,4
1263,54:F0:B1:BC:65:B0,eduroam,22,983.8644304275513,B2-01,1,4
1264,54:F0:B1:BC:70:00,eduroam,40,983.8644304275513,B2-01,1,4
1265,54:F0:B1:BC:70:01,PoliSemFio,39,983.8644304275513,B2-01,1,4
1266,54:F0:B1:BC:70:02,,40,983.8644304275513,B2-01,1,4
1267,54:F0:B1:BC:70:20,eduroam,14,983.8644304275513,B2-01,1,4
1268,54:F0:B1:BC:70:21,PoliSemFio,14,983.8644304275513,B2-01,1,4
1269,54:F0:B1:BC:77:80,eduroam,59,983.8644304275513,B2-01,1,4
1270,54:F0:B1:BC:77:81,PoliSemFio,40,983.8644304275513,B2-01,1,4
1271,54:F0:B1:BC:77:82,,40,983.8644304275513,B2-01,1,4
1272,54:F0:B1:BC:77:A0,eduroam,20,983.8644304275513,B2-01,1,4
1273,54:F0:B1:BC:77:A1,PoliSemFio,22,983.8644304275513,B2-01,1,4
1274,68:FF:7B:47:78:BE,C1-22M,35,983.8644304275513,B2-01,1,4
1275,70:62:B8:6E:72:A0,PCS-wireless-C1-13,39,983.8644304275513,B2-01,1,4
1276,70:62:B8:6E:72:A1,PPGEE,22,983.8644304275513,B2-01,1,4
1277,84:D4:7E:06:4F:E0,eduroam,45,983.8644304275513,B2-01,1,4
1278,84:D4:7E:06:4F:E1,PoliSemFio,44,983.8644304275513,B2-01,1,4
1279,84:D4:7E:06:4F:E2,,55,983.8644304275513,B2-01,1,4
1280,84:D4:7E:06:4F:F0,eduroam,20,983.8644304275513,B2-01,1,4
1281,84:D4:7E:06:4F:F1,PoliSemFio,22,983.8644304275513,B2-01,1,4
1282,84:D4:7E:06:4F:F2,,25,983.8644304275513,B2-01,1,4
1283,AA:6B:AD:82:46:CC,DIRECT-cc-HP M132f LaserJet,20,983.8644304275513,B2-01,1,4
1284,DC:9F:DB:1C:1F:D7,LWN-3,20,983.8644304275513,B2-01,1,4
1285,DE:9F:DB:1C:1F:E0,LARC Guest,24,983.8644304275513,B2-01,1,4
1286,EE:9F:DB:1C:1F:D7,,20,983.8644304275513,B2-01,1,4
1287,EE:9F:DB:1C:1F:E0,,27,983.8644304275513,B2-01,1,4
1288,F8:1A:67:99:55:8E,NUCLEAR_CHF,30,983.8644304275513,B2-01,1,4
1289,FE:9F:DB:1C:1F:D7,,22,983.8644304275513,B2-01,1,4
1290,FE:9F:DB:1C:1F:E0,,25,983.8644304275513,B2-01,1,4
1291,30:85:A9:69:F2:E4,PCS-Wireless-C2-22,34,986.4921839237213,B2-01,1,4
1292,34:60:F9:A3:D9:13,GASWIFI-5G_C2,19,986.4921839237213,B2-01,1,4
1293,34:60:F9:A3:D9:14,GASWIFI-2G_C2,39,986.4921839237213,B2-01,1,4
1294,34:CE:00:51:3E:6F,Lab,60,986.4921839237213,B2-01,1,4
1295,34:CE:00:51:3E:70,Lab_5G,29,986.4921839237213,B2-01,1,4
1296,3A:60:F9:A3:D9:13,,20,986.4921839237213,B2-01,1,4
1297,48:00:20:34:D2:40,eduroam,22,986.4921839237213,B2-01,1,4
1298,54:B8:0A:AA:2C:8C,LAB_DIGITAL,40,986.4921839237213,B2-01,1,4
1299,54:B8:0A:AA:2C:8D,PCS-Wireless,39,986.4921839237213,B2-01,1,4
1300,54:F0:B1:A1:18:C0,eduroam,15,986.4921839237213,B2-01,1,4
1301,54:F0:B1:A1:18:C1,PoliSemFio,15,986.4921839237213,B2-01,1,4
1302,54:F0:B1:A1:18:C3,MEZANINO,15,986.4921839237213,B2-01,1,4
1303,54:F0:B1:A1:18:C4,GDLAB,12,986.4921839237213,B2-01,1,4
1304,54:F0:B1:A1:18:C5,LABPAD,17,986.4921839237213,B2-01,1,4
1305,54:F0:B1:A1:18:D2,,24,986.4921839237213,B2-01,1,4
1306,54:F0:B1:A1:18:D3,MEZANINO,24,986.4921839237213,B2-01,1,4
1307,54:F0:B1:A1:18:D4,GDLAB,32,986.4921839237213,B2-01,1,4
1308,54:F0:B1:A1:58:00,eduroam,20,986.4921839237213,B2-01,1,4
1309,54:F0:B1:A1:58:01,PoliSemFio,32,986.4921839237213,B2-01,1,4
1310,54:F0:B1:A1:58:02,,37,986.4921839237213,B2-01,1,4
1311,54:F0:B1:A1:E5:00,eduroam,19,986.4921839237213,B2-01,1,4
1312,54:F0:B1:A2:56:70,eduroam,17,986.4921839237213,B2-01,1,4
1313,54:F0:B1:A2:56:71,PoliSemFio,25,986.4921839237213,B2-01,1,4
1314,54:F0:B1:A2:56:72,,27,986.4921839237213,B2-01,1,4
1315,54:F0:B1:A2:57:33,LCA,24,986.4921839237213,B2-01,1,4
1316,54:F0:B1:BB:5A:80,eduroam,19,986.4921839237213,B2-01,1,4
1317,54:F0:B1:BB:5A:81,PoliSemFio,32,986.4921839237213,B2-01,1,4
1318,54:F0:B1:BB:5A:82,HACKER,30,986.4921839237213,B2-01,1,4
1319,54:F0:B1:BB:5A:83,LEP,19,986.4921839237213,B2-01,1,4
1320,54:F0:B1:BB:80:C2,,22,986.4921839237213,B2-01,1,4
1321,54:F0:B1:BB:80:C3,LABPROG,24,986.4921839237213,B2-01,1,4
1322,54:F0:B1:BB:84:D0,eduroam,15,986.4921839237213,B2-01,1,4
1323,54:F0:B1:BB:84:D1,PoliSemFio,15,986.4921839237213,B2-01,1,4
1324,54:F0:B1:BB:84:D2,,15,986.4921839237213,B2-01,1,4
1325,54:F0:B1:BB:BE:11,PoliSemFio,20,986.4921839237213,B2-01,1,4
1326,54:F0:B1:BB:BE:13,CAEEL,19,986.4921839237213,B2-01,1,4
1327,54:F0:B1:BB:C4:D0,eduroam,45,986.4921839237213,B2-01,1,4
1328,54:F0:B1:BB:C4:D1,PoliSemFio,40,986.4921839237213,B2-01,1,4
1329,54:F0:B1:BB:C4:D2,,42,986.4921839237213,B2-01,1,4
1330,54:F0:B1:BB:C4:F0,eduroam,25,986.4921839237213,B2-01,1,4
1331,54:F0:B1:BB:C4:F1,PoliSemFio,25,986.4921839237213,B2-01,1,4
1332,54:F0:B1:BB:F3:20,eduroam,19,986.4921839237213,B2-01,1,4
1333,54:F0:B1:BB:FD:D0,eduroam,20,986.4921839237213,B2-01,1,4
1334,54:F0:B1:BB:FD:D1,PoliSemFio,20,986.4921839237213,B2-01,1,4
1335,54:F0:B1:BB:FD:D2,,15,986.4921839237213,B2-01,1,4
1336,54:F0:B1:BC:09:40,eduroam,92,986.4921839237213,B2-01,1,4
1337,54:F0:B1:BC:09:41,PoliSemFio,95,986.4921839237213,B2-01,1,4
1338,54:F0:B1:BC:09:42,,97,986.4921839237213,B2-01,1,4
1339,54:F0:B1:BC:09:60,eduroam,85,986.4921839237213,B2-01,1,4
1340,54:F0:B1:BC:09:61,PoliSemFio,85,986.4921839237213,B2-01,1,4
1341,54:F0:B1:BC:1B:D1,PoliSemFio,62,986.4921839237213,B2-01,1,4
1342,54:F0:B1:BC:1B:F0,eduroam,17,986.4921839237213,B2-01,1,4
1343,54:F0:B1:BC:1B:F1,PoliSemFio,17,986.4921839237213,B2-01,1,4
1344,54:F0:B1:BC:2E:90,eduroam,85,986.4921839237213,B2-01,1,4
1345,54:F0:B1:BC:2E:91,PoliSemFio,79,986.4921839237213,B2-01,1,4
1346,54:F0:B1:BC:2E:92,,67,986.4921839237213,B2-01,1,4
1347,54:F0:B1:BC:2E:B0,eduroam,29,986.4921839237213,B2-01,1,4
1348,54:F0:B1:BC:2E:B1,PoliSemFio,30,986.4921839237213,B2-01,1,4
1349,54:F0:B1:BC:36:10,PoliSemFio,29,986.4921839237213,B2-01,1,4
1350,54:F0:B1:BC:3F:10,eduroam,29,986.4921839237213,B2-01,1,4
1351,54:F0:B1:BC:3F:11,PoliSemFio,27,986.4921839237213,B2-01,1,4
1352,54:F0:B1:BC:3F:12,,29,986.4921839237213,B2-01,1,4
1353,54:F0:B1:BC:65:B0,eduroam,22,986.4921839237213,B2-01,1,4
1354,54:F0:B1:BC:70:00,eduroam,24,986.4921839237213,B2-01,1,4
1355,54:F0:B1:BC:70:01,PoliSemFio,32,986.4921839237213,B2-01,1,4
1356,54:F0:B1:BC:70:02,,35,986.4921839237213,B2-01,1,4
1357,54:F0:B1:BC:70:20,eduroam,14,986.4921839237213,B2-01,1,4
1358,54:F0:B1:BC:70:21,PoliSemFio,14,986.4921839237213,B2-01,1,4
1359,54:F0:B1:BC:77:80,eduroam,49,986.4921839237213,B2-01,1,4
1360,54:F0:B1:BC:77:81,PoliSemFio,50,986.4921839237213,B2-01,1,4
1361,54:F0:B1:BC:77:82,,50,986.4921839237213,B2-01,1,4
1362,54:F0:B1:BC:77:A0,eduroam,22,986.4921839237213,B2-01,1,4
1363,54:F0:B1:BC:77:A1,PoliSemFio,24,986.4921839237213,B2-01,1,4
1364,56:60:F9:A3:E7:3F,,37,986.4921839237213,B2-01,1,4
1365,68:FF:7B:47:78:BE,C1-22M,35,986.4921839237213,B2-01,1,4
1366,70:62:B8:6E:72:A0,PCS-wireless-C1-13,37,986.4921839237213,B2-01,1,4
1367,70:62:B8:6E:72:A1,PPGEE,40,986.4921839237213,B2-01,1,4
1368,84:D4:7E:06:4F:E0,eduroam,45,986.4921839237213,B2-01,1,4
1369,84:D4:7E:06:4F:E1,PoliSemFio,44,986.4921839237213,B2-01,1,4
1370,84:D4:7E:06:4F:E2,,60,986.4921839237213,B2-01,1,4
1371,84:D4:7E:06:4F:F0,eduroam,25,986.4921839237213,B2-01,1,4
1372,84:D4:7E:06:4F:F1,PoliSemFio,25,986.4921839237213,B2-01,1,4
1373,84:D4:7E:06:4F:F2,,25,986.4921839237213,B2-01,1,4
1374,AA:6B:AD:82:46:CC,DIRECT-cc-HP M132f LaserJet,20,986.4921839237213,B2-01,1,4
1375,DC:9F:DB:1C:1F:D7,LWN-3,25,986.4921839237213,B2-01,1,4
1376,DE:9F:DB:1C:1F:D7,LARC Guest,25,986.4921839237213,B2-01,1,4
1377,DE:9F:DB:1C:1F:E0,LARC Guest,24,986.4921839237213,B2-01,1,4
1378,EE:9F:DB:1C:1F:D7,,20,986.4921839237213,B2-01,1,4
1379,EE:9F:DB:1C:1F:E0,,27,986.4921839237213,B2-01,1,4
1380,F8:1A:67:99:55:8E,NUCLEAR_CHF,24,986.4921839237213,B2-01,1,4
1381,FE:9F:DB:1C:1F:D7,,22,986.4921839237213,B2-01,1,4
1382,FE:9F:DB:1C:1F:E0,,19,986.4921839237213,B2-01,1,4
1383,30:85:A9:69:F2:E4,PCS-Wireless-C2-22,34,989.1100189685822,B2-01,1,4
1384,34:60:F9:A3:D9:13,GASWIFI-5G_C2,19,989.1100189685822,B2-01,1,4
1385,34:60:F9:A3:D9:14,GASWIFI-2G_C2,39,989.1100189685822,B2-01,1,4
1386,34:CE:00:51:3E:6F,Lab,60,989.1100189685822,B2-01,1,4
1387,34:CE:00:51:3E:70,Lab_5G,29,989.1100189685822,B2-01,1,4
1388,3A:60:F9:A3:D9:13,,20,989.1100189685822,B2-01,1,4
1389,48:00:20:34:D2:40,eduroam,22,989.1100189685822,B2-01,1,4
1390,54:B8:0A:AA:2C:8C,LAB_DIGITAL,40,989.1100189685822,B2-01,1,4
1391,54:B8:0A:AA:2C:8D,PCS-Wireless,39,989.1100189685822,B2-01,1,4
1392,54:F0:B1:A1:18:C0,eduroam,15,989.1100189685822,B2-01,1,4
1393,54:F0:B1:A1:18:C1,PoliSemFio,15,989.1100189685822,B2-01,1,4
1394,54:F0:B1:A1:18:C3,MEZANINO,15,989.1100189685822,B2-01,1,4
1395,54:F0:B1:A1:18:C4,GDLAB,12,989.1100189685822,B2-01,1,4
1396,54:F0:B1:A1:18:C5,LABPAD,17,989.1100189685822,B2-01,1,4
1397,54:F0:B1:A1:18:D2,,24,989.1100189685822,B2-01,1,4
1398,54:F0:B1:A1:18:D3,MEZANINO,24,989.1100189685822,B2-01,1,4
1399,54:F0:B1:A1:18:D4,GDLAB,32,989.1100189685822,B2-01,1,4
1400,54:F0:B1:A1:58:00,eduroam,20,989.1100189685822,B2-01,1,4
1401,54:F0:B1:A1:58:01,PoliSemFio,32,989.1100189685822,B2-01,1,4
1402,54:F0:B1:A1:58:02,,37,989.1100189685822,B2-01,1,4
1403,54:F0:B1:A1:E5:00,eduroam,19,989.1100189685822,B2-01,1,4
1404,54:F0:B1:A2:56:70,eduroam,17,989.1100189685822,B2-01,1,4
1405,54:F0:B1:A2:56:71,PoliSemFio,25,989.1100189685822,B2-01,1,4
1406,54:F0:B1:A2:56:72,,27,989.1100189685822,B2-01,1,4
1407,54:F0:B1:A2:57:33,LCA,24,989.1100189685822,B2-01,1,4
1408,54:F0:B1:BB:5A:80,eduroam,19,989.1100189685822,B2-01,1,4
1409,54:F0:B1:BB:5A:81,PoliSemFio,32,989.1100189685822,B2-01,1,4
1410,54:F0:B1:BB:5A:82,HACKER,30,989.1100189685822,B2-01,1,4
1411,54:F0:B1:BB:5A:83,LEP,19,989.1100189685822,B2-01,1,4
1412,54:F0:B1:BB:80:C2,,22,989.1100189685822,B2-01,1,4
1413,54:F0:B1:BB:80:C3,LABPROG,24,989.1100189685822,B2-01,1,4
1414,54:F0:B1:BB:84:D0,eduroam,15,989.1100189685822,B2-01,1,4
1415,54:F0:B1:BB:84:D1,PoliSemFio,15,989.1100189685822,B2-01,1,4
1416,54:F0:B1:BB:84:D2,,15,989.1100189685822,B2-01,1,4
1417,54:F0:B1:BB:BE:11,PoliSemFio,20,989.1100189685822,B2-01,1,4
1418,54:F0:B1:BB:BE:13,CAEEL,19,989.1100189685822,B2-01,1,4
1419,54:F0:B1:BB:C4:D0,eduroam,45,989.1100189685822,B2-01,1,4
1420,54:F0:B1:BB:C4:D1,PoliSemFio,40,989.1100189685822,B2-01,1,4
1421,54:F0:B1:BB:C4:D2,,42,989.1100189685822,B2-01,1,4
1422,54:F0:B1:BB:C4:F0,eduroam,25,989.1100189685822,B2-01,1,4
1423,54:F0:B1:BB:C4:F1,PoliSemFio,25,989.1100189685822,B2-01,1,4
1424,54:F0:B1:BB:F3:20,eduroam,19,989.1100189685822,B2-01,1,4
1425,54:F0:B1:BB:FD:D0,eduroam,20,989.1100189685822,B2-01,1,4
1426,54:F0:B1:BB:FD:D1,PoliSemFio,20,989.1100189685822,B2-01,1,4
1427,54:F0:B1:BB:FD:D2,,15,989.1100189685822,B2-01,1,4
1428,54:F0:B1:BC:09:40,eduroam,92,989.1100189685822,B2-01,1,4
1429,54:F0:B1:BC:09:41,PoliSemFio,95,989.1100189685822,B2-01,1,4
1430,54:F0:B1:BC:09:42,,97,989.1100189685822,B2-01,1,4
1431,54:F0:B1:BC:09:60,eduroam,76,989.1100189685822,B2-01,1,4
1432,54:F0:B1:BC:09:61,PoliSemFio,85,989.1100189685822,B2-01,1,4
1433,54:F0:B1:BC:1B:D1,PoliSemFio,62,989.1100189685822,B2-01,1,4
1434,54:F0:B1:BC:1B:F0,eduroam,17,989.1100189685822,B2-01,1,4
1435,54:F0:B1:BC:1B:F1,PoliSemFio,17,989.1100189685822,B2-01,1,4
1436,54:F0:B1:BC:2E:90,eduroam,85,989.1100189685822,B2-01,1,4
1437,54:F0:B1:BC:2E:91,PoliSemFio,79,989.1100189685822,B2-01,1,4
1438,54:F0:B1:BC:2E:92,,67,989.1100189685822,B2-01,1,4
1439,54:F0:B1:BC:2E:B0,eduroam,29,989.1100189685822,B2-01,1,4
1440,54:F0:B1:BC:2E:B1,PoliSemFio,30,989.1100189685822,B2-01,1,4
1441,54:F0:B1:BC:36:10,PoliSemFio,29,989.1100189685822,B2-01,1,4
1442,54:F0:B1:BC:3F:10,eduroam,29,989.1100189685822,B2-01,1,4
1443,54:F0:B1:BC:3F:11,PoliSemFio,27,989.1100189685822,B2-01,1,4
1444,54:F0:B1:BC:3F:12,,29,989.1100189685822,B2-01,1,4
1445,54:F0:B1:BC:65:B0,eduroam,22,989.1100189685822,B2-01,1,4
1446,54:F0:B1:BC:70:00,eduroam,24,989.1100189685822,B2-01,1,4
1447,54:F0:B1:BC:70:01,PoliSemFio,32,989.1100189685822,B2-01,1,4
1448,54:F0:B1:BC:70:02,,35,989.1100189685822,B2-01,1,4
1449,54:F0:B1:BC:70:20,eduroam,14,989.1100189685822,B2-01,1,4
1450,54:F0:B1:BC:70:21,PoliSemFio,14,989.1100189685822,B2-01,1,4
1451,54:F0:B1:BC:77:80,eduroam,49,989.1100189685822,B2-01,1,4
1452,54:F0:B1:BC:77:81,PoliSemFio,50,989.1100189685822,B2-01,1,4
1453,54:F0:B1:BC:77:82,,50,989.1100189685822,B2-01,1,4
1454,54:F0:B1:BC:77:A0,eduroam,22,989.1100189685822,B2-01,1,4
1455,54:F0:B1:BC:77:A1,PoliSemFio,24,989.1100189685822,B2-01,1,4
1456,56:60:F9:A3:E7:3F,,37,989.1100189685822,B2-01,1,4
1457,68:FF:7B:47:78:BE,C1-22M,35,989.1100189685822,B2-01,1,4
1458,70:62:B8:6E:72:A0,PCS-wireless-C1-13,37,989.1100189685822,B2-01,1,4
1459,70:62:B8:6E:72:A1,PPGEE,40,989.1100189685822,B2-01,1,4
1460,84:D4:7E:06:4F:E0,eduroam,45,989.1100189685822,B2-01,1,4
1461,84:D4:7E:06:4F:E1,PoliSemFio,44,989.1100189685822,B2-01,1,4
1462,84:D4:7E:06:4F:E2,,60,989.1100189685822,B2-01,1,4
1463,84:D4:7E:06:4F:F0,eduroam,25,989.1100189685822,B2-01,1,4
1464,84:D4:7E:06:4F:F1,PoliSemFio,25,989.1100189685822,B2-01,1,4
1465,84:D4:7E:06:4F:F2,,25,989.1100189685822,B2-01,1,4
1466,AA:6B:AD:82:46:CC,DIRECT-cc-HP M132f LaserJet,20,989.1100189685822,B2-01,1,4
1467,DC:9F:DB:1C:1F:D7,LWN-3,25,989.1100189685822,B2-01,1,4
1468,DE:9F:DB:1C:1F:D7,LARC Guest,25,989.1100189685822,B2-01,1,4
1469,DE:9F:DB:1C:1F:E0,LARC Guest,24,989.1100189685822,B2-01,1,4
1470,EE:9F:DB:1C:1F:D7,,20,989.1100189685822,B2-01,1,4
1471,EE:9F:DB:1C:1F:E0,,27,989.1100189685822,B2-01,1,4
1472,F8:1A:67:99:55:8E,NUCLEAR_CHF,24,989.1100189685822,B2-01,1,4
1473,FE:9F:DB:1C:1F:D7,,22,989.1100189685822,B2-01,1,4
1474,FE:9F:DB:1C:1F:E0,,19,989.1100189685822,B2-01,1,4
1475,2A:56:5A:49:06:54,DIRECT-54-HP M132f LaserJet,14,995.3918514251709,B2-01,1,4
1476,30:85:A9:69:F2:E4,PCS-Wireless-C2-22,34,995.3918514251709,B2-01,1,4
1477,34:60:F9:A3:D9:13,GASWIFI-5G_C2,17,995.3918514251709,B2-01,1,4
1478,34:60:F9:A3:D9:14,GASWIFI-2G_C2,30,995.3918514251709,B2-01,1,4
1479,34:CE:00:51:3E:6F,Lab,52,995.3918514251709,B2-01,1,4
1480,34:CE:00:51:3E:70,Lab_5G,17,995.3918514251709,B2-01,1,4
1481,48:00:20:34:D2:40,eduroam,20,995.3918514251709,B2-01,1,4
1482,54:B8:0A:AA:2C:8C,LAB_DIGITAL,29,995.3918514251709,B2-01,1,4
1483,54:B8:0A:AA:2C:8D,PCS-Wireless,27,995.3918514251709,B2-01,1,4
1484,54:F0:B1:A1:18:C0,eduroam,17,995.3918514251709,B2-01,1,4
1485,54:F0:B1:A1:18:C1,PoliSemFio,15,995.3918514251709,B2-01,1,4
1486,54:F0:B1:A1:18:C3,MEZANINO,19,995.3918514251709,B2-01,1,4
1487,54:F0:B1:A1:18:C4,GDLAB,17,995.3918514251709,B2-01,1,4
1488,54:F0:B1:A1:18:C5,LABPAD,17,995.3918514251709,B2-01,1,4
1489,54:F0:B1:A1:18:D3,MEZANINO,24,995.3918514251709,B2-01,1,4
1490,54:F0:B1:A1:18:D4,GDLAB,32,995.3918514251709,B2-01,1,4
1491,54:F0:B1:A1:58:00,eduroam,24,995.3918514251709,B2-01,1,4
1492,54:F0:B1:A1:58:01,PoliSemFio,27,995.3918514251709,B2-01,1,4
1493,54:F0:B1:A1:58:02,,27,995.3918514251709,B2-01,1,4
1494,54:F0:B1:A1:E5:00,eduroam,19,995.3918514251709,B2-01,1,4
1495,54:F0:B1:A2:56:70,eduroam,17,995.3918514251709,B2-01,1,4
1496,54:F0:B1:A2:56:71,PoliSemFio,25,995.3918514251709,B2-01,1,4
1497,54:F0:B1:A2:56:72,,27,995.3918514251709,B2-01,1,4
1498,54:F0:B1:A2:57:33,LCA,24,995.3918514251709,B2-01,1,4
1499,54:F0:B1:BB:5A:80,eduroam,19,995.3918514251709,B2-01,1,4
1500,54:F0:B1:BB:5A:81,PoliSemFio,32,995.3918514251709,B2-01,1,4
1501,54:F0:B1:BB:5A:82,HACKER,30,995.3918514251709,B2-01,1,4
1502,54:F0:B1:BB:5A:83,LEP,19,995.3918514251709,B2-01,1,4
1503,54:F0:B1:BB:80:C0,eduroam,22,995.3918514251709,B2-01,1,4
1504,54:F0:B1:BB:80:C2,,22,995.3918514251709,B2-01,1,4
1505,54:F0:B1:BB:80:C3,LABPROG,24,995.3918514251709,B2-01,1,4
1506,54:F0:B1:BB:84:D0,eduroam,15,995.3918514251709,B2-01,1,4
1507,54:F0:B1:BB:84:D1,PoliSemFio,15,995.3918514251709,B2-01,1,4
1508,54:F0:B1:BB:84:D2,,15,995.3918514251709,B2-01,1,4
1509,54:F0:B1:BB:BE:11,PoliSemFio,20,995.3918514251709,B2-01,1,4
1510,54:F0:B1:BB:BE:13,CAEEL,10,995.3918514251709,B2-01,1,4
1511,54:F0:B1:BB:C4:D0,eduroam,40,995.3918514251709,B2-01,1,4
1512,54:F0:B1:BB:C4:D1,PoliSemFio,40,995.3918514251709,B2-01,1,4
1513,54:F0:B1:BB:C4:D2,,45,995.3918514251709,B2-01,1,4
1514,54:F0:B1:BB:C4:F0,eduroam,35,995.3918514251709,B2-01,1,4
1515,54:F0:B1:BB:C4:F1,PoliSemFio,35,995.3918514251709,B2-01,1,4
1516,54:F0:B1:BB:C4:F2,,35,995.3918514251709,B2-01,1,4
1517,54:F0:B1:BB:F3:20,eduroam,19,995.3918514251709,B2-01,1,4
1518,54:F0:B1:BB:FD:D0,eduroam,9,995.3918514251709,B2-01,1,4
1519,54:F0:B1:BC:09:40,eduroam,89,995.3918514251709,B2-01,1,4
1520,54:F0:B1:BC:09:41,PoliSemFio,85,995.3918514251709,B2-01,1,4
1521,54:F0:B1:BC:09:42,,85,995.3918514251709,B2-01,1,4
1522,54:F0:B1:BC:09:60,eduroam,72,995.3918514251709,B2-01,1,4
1523,54:F0:B1:BC:09:61,PoliSemFio,72,995.3918514251709,B2-01,1,4
1524,54:F0:B1:BC:1B:D1,PoliSemFio,62,995.3918514251709,B2-01,1,4
1525,54:F0:B1:BC:1B:F0,eduroam,17,995.3918514251709,B2-01,1,4
1526,54:F0:B1:BC:1B:F1,PoliSemFio,17,995.3918514251709,B2-01,1,4
1527,54:F0:B1:BC:2E:90,eduroam,60,995.3918514251709,B2-01,1,4
1528,54:F0:B1:BC:2E:91,PoliSemFio,59,995.3918514251709,B2-01,1,4
1529,54:F0:B1:BC:2E:92,,57,995.3918514251709,B2-01,1,4
1530,54:F0:B1:BC:2E:B0,eduroam,29,995.3918514251709,B2-01,1,4
1531,54:F0:B1:BC:2E:B1,PoliSemFio,27,995.3918514251709,B2-01,1,4
1532,54:F0:B1:BC:36:10,PoliSemFio,20,995.3918514251709,B2-01,1,4
1533,54:F0:B1:BC:36:11,eduroam,30,995.3918514251709,B2-01,1,4
1534,54:F0:B1:BC:3F:11,PoliSemFio,27,995.3918514251709,B2-01,1,4
1535,54:F0:B1:BC:3F:12,,29,995.3918514251709,B2-01,1,4
1536,54:F0:B1:BC:65:B0,eduroam,17,995.3918514251709,B2-01,1,4
1537,54:F0:B1:BC:70:00,eduroam,35,995.3918514251709,B2-01,1,4
1538,54:F0:B1:BC:70:01,PoliSemFio,32,995.3918514251709,B2-01,1,4
1539,54:F0:B1:BC:70:02,,35,995.3918514251709,B2-01,1,4
1540,54:F0:B1:BC:70:20,eduroam,14,995.3918514251709,B2-01,1,4
1541,54:F0:B1:BC:70:21,PoliSemFio,14,995.3918514251709,B2-01,1,4
1542,54:F0:B1:BC:77:80,eduroam,29,995.3918514251709,B2-01,1,4
1543,54:F0:B1:BC:77:81,PoliSemFio,42,995.3918514251709,B2-01,1,4
1544,54:F0:B1:BC:77:82,,42,995.3918514251709,B2-01,1,4
1545,54:F0:B1:BC:77:A0,eduroam,22,995.3918514251709,B2-01,1,4
1546,54:F0:B1:BC:77:A1,PoliSemFio,19,995.3918514251709,B2-01,1,4
1547,56:60:F9:A3:E7:3F,,27,995.3918514251709,B2-01,1,4
1548,68:FF:7B:47:78:BE,C1-22M,37,995.3918514251709,B2-01,1,4
1549,70:62:B8:6E:72:A0,PCS-wireless-C1-13,25,995.3918514251709,B2-01,1,4
1550,70:62:B8:6E:72:A1,PPGEE,24,995.3918514251709,B2-01,1,4
1551,84:D4:7E:06:4F:E0,eduroam,35,995.3918514251709,B2-01,1,4
1552,84:D4:7E:06:4F:E1,PoliSemFio,42,995.3918514251709,B2-01,1,4
1553,84:D4:7E:06:4F:E2,,42,995.3918514251709,B2-01,1,4
1554,84:D4:7E:06:4F:F0,eduroam,22,995.3918514251709,B2-01,1,4
1555,84:D4:7E:06:4F:F1,PoliSemFio,22,995.3918514251709,B2-01,1,4
1556,AA:6B:AD:82:46:CC,DIRECT-cc-HP M132f LaserJet,15,995.3918514251709,B2-01,1,4
1557,DC:9F:DB:1C:1F:D7,LWN-3,25,995.3918514251709,B2-01,1,4
1558,DE:9F:DB:1C:1F:D7,LARC Guest,25,995.3918514251709,B2-01,1,4
1559,DE:9F:DB:1C:1F:E0,LARC Guest,24,995.3918514251709,B2-01,1,4
1560,EE:9F:DB:1C:1F:D7,,20,995.3918514251709,B2-01,1,4
1561,EE:9F:DB:1C:1F:E0,,25,995.3918514251709,B2-01,1,4
1562,F8:1A:67:99:55:8E,NUCLEAR_CHF,24,995.3918514251709,B2-01,1,4
1563,FE:9F:DB:1C:1F:E0,,24,995.3918514251709,B2-01,1,4
1564,2A:56:5A:49:06:54,DIRECT-54-HP M132f LaserJet,14,1005.2734744548798,B2-01,1,4
1565,30:85:A9:69:F2:E4,PCS-Wireless-C2-22,34,1005.2734744548798,B2-01,1,4
1566,34:60:F9:A3:D9:13,GASWIFI-5G_C2,17,1005.2734744548798,B2-01,1,4
1567,34:60:F9:A3:D9:14,GASWIFI-2G_C2,30,1005.2734744548798,B2-01,1,4
1568,34:CE:00:51:3E:6F,Lab,45,1005.2734744548798,B2-01,1,4
1569,34:CE:00:51:3E:70,Lab_5G,9,1005.2734744548798,B2-01,1,4
1570,48:00:20:34:D2:40,eduroam,24,1005.2734744548798,B2-01,1,4
1571,54:B8:0A:AA:2C:8C,LAB_DIGITAL,22,1005.2734744548798,B2-01,1,4
1572,54:B8:0A:AA:2C:8D,PCS-Wireless,27,1005.2734744548798,B2-01,1,4
1573,54:F0:B1:A1:18:C0,eduroam,14,1005.2734744548798,B2-01,1,4
1574,54:F0:B1:A1:18:C1,PoliSemFio,14,1005.2734744548798,B2-01,1,4
1575,54:F0:B1:A1:18:C3,MEZANINO,12,1005.2734744548798,B2-01,1,4
1576,54:F0:B1:A1:18:C4,GDLAB,10,1005.2734744548798,B2-01,1,4
1577,54:F0:B1:A1:18:C5,LABPAD,12,1005.2734744548798,B2-01,1,4
1578,54:F0:B1:A1:18:D0,eduroam,27,1005.2734744548798,B2-01,1,4
1579,54:F0:B1:A1:18:D1,PoliSemFio,29,1005.2734744548798,B2-01,1,4
1580,54:F0:B1:A1:18:D2,,30,1005.2734744548798,B2-01,1,4
1581,54:F0:B1:A1:18:D3,MEZANINO,24,1005.2734744548798,B2-01,1,4
1582,54:F0:B1:A1:18:D4,GDLAB,29,1005.2734744548798,B2-01,1,4
1583,54:F0:B1:A1:58:00,eduroam,29,1005.2734744548798,B2-01,1,4
1584,54:F0:B1:A1:58:01,PoliSemFio,32,1005.2734744548798,B2-01,1,4
1585,54:F0:B1:A1:58:02,,32,1005.2734744548798,B2-01,1,4
1586,54:F0:B1:A1:E5:00,eduroam,19,1005.2734744548798,B2-01,1,4
1587,54:F0:B1:A2:56:70,eduroam,17,1005.2734744548798,B2-01,1,4
1588,54:F0:B1:A2:56:71,PoliSemFio,25,1005.2734744548798,B2-01,1,4
1589,54:F0:B1:A2:56:72,,27,1005.2734744548798,B2-01,1,4
1590,54:F0:B1:A2:57:31,PoliSemFio,24,1005.2734744548798,B2-01,1,4
1591,54:F0:B1:A2:57:33,LCA,24,1005.2734744548798,B2-01,1,4
1592,54:F0:B1:BB:5A:80,eduroam,19,1005.2734744548798,B2-01,1,4
1593,54:F0:B1:BB:5A:81,PoliSemFio,34,1005.2734744548798,B2-01,1,4
1594,54:F0:B1:BB:5A:82,HACKER,30,1005.2734744548798,B2-01,1,4
1595,54:F0:B1:BB:5A:83,LEP,19,1005.2734744548798,B2-01,1,4
1596,54:F0:B1:BB:80:C0,eduroam,22,1005.2734744548798,B2-01,1,4
1597,54:F0:B1:BB:80:C2,,22,1005.2734744548798,B2-01,1,4
1598,54:F0:B1:BB:80:C3,LABPROG,14,1005.2734744548798,B2-01,1,4
1599,54:F0:B1:BB:84:D0,eduroam,15,1005.2734744548798,B2-01,1,4
1600,54:F0:B1:BB:84:D1,PoliSemFio,15,1005.2734744548798,B2-01,1,4
1601,54:F0:B1:BB:84:D2,,15,1005.2734744548798,B2-01,1,4
1602,54:F0:B1:BB:BE:11,PoliSemFio,20,1005.2734744548798,B2-01,1,4
1603,54:F0:B1:BB:BE:13,CAEEL,10,1005.2734744548798,B2-01,1,4
1604,54:F0:B1:BB:C4:D0,eduroam,35,1005.2734744548798,B2-01,1,4
1605,54:F0:B1:BB:C4:D1,PoliSemFio,40,1005.2734744548798,B2-01,1,4
1606,54:F0:B1:BB:C4:D2,,45,1005.2734744548798,B2-01,1,4
1607,54:F0:B1:BB:C4:F0,eduroam,35,1005.2734744548798,B2-01,1,4
1608,54:F0:B1:BB:C4:F1,PoliSemFio,40,1005.2734744548798,B2-01,1,4
1609,54:F0:B1:BB:C4:F2,,35,1005.2734744548798,B2-01,1,4
1610,54:F0:B1:BB:F3:20,eduroam,19,1005.2734744548798,B2-01,1,4
1611,54:F0:B1:BB:FD:D0,eduroam,15,1005.2734744548798,B2-01,1,4
1612,54:F0:B1:BB:FD:D1,PoliSemFio,25,1005.2734744548798,B2-01,1,4
1613,54:F0:B1:BB:FD:D2,,24,1005.2734744548798,B2-01,1,4
1614,54:F0:B1:BC:09:40,eduroam,100,1005.2734744548798,B2-01,1,4
1615,54:F0:B1:BC:09:41,PoliSemFio,95,1005.2734744548798,B2-01,1,4
1616,54:F0:B1:BC:09:42,,95,1005.2734744548798,B2-01,1,4
1617,54:F0:B1:BC:09:60,eduroam,84,1005.2734744548798,B2-01,1,4
1618,54:F0:B1:BC:09:61,PoliSemFio,84,1005.2734744548798,B2-01,1,4
1619,54:F0:B1:BC:1B:D1,PoliSemFio,62,1005.2734744548798,B2-01,1,4
1620,54:F0:B1:BC:1B:F0,eduroam,25,1005.2734744548798,B2-01,1,4
1621,54:F0:B1:BC:1B:F1,PoliSemFio,25,1005.2734744548798,B2-01,1,4
1622,54:F0:B1:BC:2E:90,eduroam,60,1005.2734744548798,B2-01,1,4
1623,54:F0:B1:BC:2E:91,PoliSemFio,59,1005.2734744548798,B2-01,1,4
1624,54:F0:B1:BC:2E:92,,57,1005.2734744548798,B2-01,1,4
1625,54:F0:B1:BC:2E:B0,eduroam,25,1005.2734744548798,B2-01,1,4
1626,54:F0:B1:BC:2E:B1,PoliSemFio,25,1005.2734744548798,B2-01,1,4
1627,54:F0:B1:BC:36:10,PoliSemFio,20,1005.2734744548798,B2-01,1,4
1628,54:F0:B1:BC:36:11,eduroam,37,1005.2734744548798,B2-01,1,4
1629,54:F0:B1:BC:3F:11,PoliSemFio,27,1005.2734744548798,B2-01,1,4
1630,54:F0:B1:BC:3F:12,,29,1005.2734744548798,B2-01,1,4
1631,54:F0:B1:BC:65:B0,eduroam,17,1005.2734744548798,B2-01,1,4
1632,54:F0:B1:BC:70:00,eduroam,49,1005.2734744548798,B2-01,1,4
1633,54:F0:B1:BC:70:01,PoliSemFio,42,1005.2734744548798,B2-01,1,4
1634,54:F0:B1:BC:70:02,,35,1005.2734744548798,B2-01,1,4
1635,54:F0:B1:BC:70:20,eduroam,14,1005.2734744548798,B2-01,1,4
1636,54:F0:B1:BC:70:21,PoliSemFio,14,1005.2734744548798,B2-01,1,4
1637,54:F0:B1:BC:77:80,eduroam,52,1005.2734744548798,B2-01,1,4
1638,54:F0:B1:BC:77:81,PoliSemFio,49,1005.2734744548798,B2-01,1,4
1639,54:F0:B1:BC:77:82,,49,1005.2734744548798,B2-01,1,4
1640,54:F0:B1:BC:77:A0,eduroam,20,1005.2734744548798,B2-01,1,4
1641,54:F0:B1:BC:77:A1,PoliSemFio,20,1005.2734744548798,B2-01,1,4
1642,56:60:F9:A3:E7:3F,,27,1005.2734744548798,B2-01,1,4
1643,68:FF:7B:47:78:BE,C1-22M,55,1005.2734744548798,B2-01,1,4
1644,70:62:B8:6E:72:A0,PCS-wireless-C1-13,25,1005.2734744548798,B2-01,1,4
1645,70:62:B8:6E:72:A1,PPGEE,24,1005.2734744548798,B2-01,1,4
1646,84:D4:7E:06:4F:E0,eduroam,35,1005.2734744548798,B2-01,1,4
1647,84:D4:7E:06:4F:E1,PoliSemFio,42,1005.2734744548798,B2-01,1,4
1648,84:D4:7E:06:4F:E2,,42,1005.2734744548798,B2-01,1,4
1649,84:D4:7E:06:4F:F0,eduroam,22,1005.2734744548798,B2-01,1,4
1650,84:D4:7E:06:4F:F1,PoliSemFio,24,1005.2734744548798,B2-01,1,4
1651,AA:6B:AD:82:46:CC,DIRECT-cc-HP M132f LaserJet,15,1005.2734744548798,B2-01,1,4
1652,DC:9F:DB:1C:1F:D7,LWN-3,24,1005.2734744548798,B2-01,1,4
1653,DE:9F:DB:1C:1F:D7,LARC Guest,25,1005.2734744548798,B2-01,1,4
1654,DE:9F:DB:1C:1F:E0,LARC Guest,29,1005.2734744548798,B2-01,1,4
1655,EE:9F:DB:1C:1F:D7,,22,1005.2734744548798,B2-01,1,4
1656,EE:9F:DB:1C:1F:E0,,30,1005.2734744548798,B2-01,1,4
1657,F8:1A:67:99:55:8E,NUCLEAR_CHF,34,1005.2734744548798,B2-01,1,4
1658,FE:9F:DB:1C:1F:E0,,29,1005.2734744548798,B2-01,1,4
1659,2A:56:5A:49:06:54,DIRECT-54-HP M132f LaserJet,14,1007.9180421829224,B2-01,1,4
1660,30:85:A9:69:F2:E4,PCS-Wireless-C2-22,34,1007.9180421829224,B2-01,1,4
1661,34:60:F9:A3:D9:13,GASWIFI-5G_C2,17,1007.9180421829224,B2-01,1,4
1662,34:60:F9:A3:D9:14,GASWIFI-2G_C2,30,1007.9180421829224,B2-01,1,4
1663,34:CE:00:51:3E:6F,Lab,45,1007.9180421829224,B2-01,1,4
1664,34:CE:00:51:3E:70,Lab_5G,9,1007.9180421829224,B2-01,1,4
1665,48:00:20:34:D2:40,eduroam,24,1007.9180421829224,B2-01,1,4
1666,54:B8:0A:AA:2C:8C,LAB_DIGITAL,22,1007.9180421829224,B2-01,1,4
1667,54:B8:0A:AA:2C:8D,PCS-Wireless,27,1007.9180421829224,B2-01,1,4
1668,54:F0:B1:A1:18:C0,eduroam,14,1007.9180421829224,B2-01,1,4
1669,54:F0:B1:A1:18:C1,PoliSemFio,14,1007.9180421829224,B2-01,1,4
1670,54:F0:B1:A1:18:C3,MEZANINO,12,1007.9180421829224,B2-01,1,4
1671,54:F0:B1:A1:18:C4,GDLAB,10,1007.9180421829224,B2-01,1,4
1672,54:F0:B1:A1:18:C5,LABPAD,12,1007.9180421829224,B2-01,1,4
1673,54:F0:B1:A1:18:D0,eduroam,27,1007.9180421829224,B2-01,1,4
1674,54:F0:B1:A1:18:D1,PoliSemFio,29,1007.9180421829224,B2-01,1,4
1675,54:F0:B1:A1:18:D2,,30,1007.9180421829224,B2-01,1,4
1676,54:F0:B1:A1:18:D3,MEZANINO,24,1007.9180421829224,B2-01,1,4
1677,54:F0:B1:A1:18:D4,GDLAB,29,1007.9180421829224,B2-01,1,4
1678,54:F0:B1:A1:58:00,eduroam,29,1007.9180421829224,B2-01,1,4
1679,54:F0:B1:A1:58:01,PoliSemFio,32,1007.9180421829224,B2-01,1,4
1680,54:F0:B1:A1:58:02,,32,1007.9180421829224,B2-01,1,4
1681,54:F0:B1:A1:E5:00,eduroam,19,1007.9180421829224,B2-01,1,4
1682,54:F0:B1:A2:56:70,eduroam,17,1007.9180421829224,B2-01,1,4
1683,54:F0:B1:A2:56:71,PoliSemFio,25,1007.9180421829224,B2-01,1,4
1684,54:F0:B1:A2:56:72,,27,1007.9180421829224,B2-01,1,4
1685,54:F0:B1:A2:57:31,PoliSemFio,24,1007.9180421829224,B2-01,1,4
1686,54:F0:B1:A2:57:33,LCA,24,1007.9180421829224,B2-01,1,4
1687,54:F0:B1:BB:5A:80,eduroam,19,1007.9180421829224,B2-01,1,4
1688,54:F0:B1:BB:5A:81,PoliSemFio,34,1007.9180421829224,B2-01,1,4
1689,54:F0:B1:BB:5A:82,HACKER,30,1007.9180421829224,B2-01,1,4
1690,54:F0:B1:BB:5A:83,LEP,19,1007.9180421829224,B2-01,1,4
1691,54:F0:B1:BB:80:C0,eduroam,22,1007.9180421829224,B2-01,1,4
1692,54:F0:B1:BB:80:C2,,22,1007.9180421829224,B2-01,1,4
1693,54:F0:B1:BB:80:C3,LABPROG,14,1007.9180421829224,B2-01,1,4
1694,54:F0:B1:BB:84:D0,eduroam,15,1007.9180421829224,B2-01,1,4
1695,54:F0:B1:BB:84:D1,PoliSemFio,15,1007.9180421829224,B2-01,1,4
1696,54:F0:B1:BB:84:D2,,15,1007.9180421829224,B2-01,1,4
1697,54:F0:B1:BB:BE:11,PoliSemFio,20,1007.9180421829224,B2-01,1,4
1698,54:F0:B1:BB:BE:13,CAEEL,10,1007.9180421829224,B2-01,1,4
1699,54:F0:B1:BB:C4:D0,eduroam,35,1007.9180421829224,B2-01,1,4
1700,54:F0:B1:BB:C4:D1,PoliSemFio,40,1007.9180421829224,B2-01,1,4
1701,54:F0:B1:BB:C4:D2,,45,1007.9180421829224,B2-01,1,4
1702,54:F0:B1:BB:C4:F0,eduroam,35,1007.9180421829224,B2-01,1,4
1703,54:F0:B1:BB:C4:F1,PoliSemFio,40,1007.9180421829224,B2-01,1,4
1704,54:F0:B1:BB:C4:F2,,35,1007.9180421829224,B2-01,1,4
1705,54:F0:B1:BB:F3:20,eduroam,19,1007.9180421829224,B2-01,1,4
1706,54:F0:B1:BB:FD:D0,eduroam,15,1007.9180421829224,B2-01,1,4
1707,54:F0:B1:BB:FD:D1,PoliSemFio,25,1007.9180421829224,B2-01,1,4
1708,54:F0:B1:BB:FD:D2,,24,1007.9180421829224,B2-01,1,4
1709,54:F0:B1:BC:09:40,eduroam,100,1007.9180421829224,B2-01,1,4
1710,54:F0:B1:BC:09:41,PoliSemFio,95,1007.9180421829224,B2-01,1,4
1711,54:F0:B1:BC:09:42,,95,1007.9180421829224,B2-01,1,4
1712,54:F0:B1:BC:09:60,eduroam,76,1007.9180421829224,B2-01,1,4
1713,54:F0:B1:BC:09:61,PoliSemFio,84,1007.9180421829224,B2-01,1,4
1714,54:F0:B1:BC:1B:D1,PoliSemFio,62,1007.9180421829224,B2-01,1,4
1715,54:F0:B1:BC:1B:F0,eduroam,25,1007.9180421829224,B2-01,1,4
1716,54:F0:B1:BC:1B:F1,PoliSemFio,25,1007.9180421829224,B2-01,1,4
1717,54:F0:B1:BC:2E:90,eduroam,60,1007.9180421829224,B2-01,1,4
1718,54:F0:B1:BC:2E:91,PoliSemFio,59,1007.9180421829224,B2-01,1,4
1719,54:F0:B1:BC:2E:92,,57,1007.9180421829224,B2-01,1,4
1720,54:F0:B1:BC:2E:B0,eduroam,25,1007.9180421829224,B2-01,1,4
1721,54:F0:B1:BC:2E:B1,PoliSemFio,25,1007.9180421829224,B2-01,1,4
1722,54:F0:B1:BC:36:10,PoliSemFio,20,1007.9180421829224,B2-01,1,4
1723,54:F0:B1:BC:36:11,eduroam,37,1007.9180421829224,B2-01,1,4
1724,54:F0:B1:BC:3F:11,PoliSemFio,27,1007.9180421829224,B2-01,1,4
1725,54:F0:B1:BC:3F:12,,29,1007.9180421829224,B2-01,1,4
1726,54:F0:B1:BC:65:B0,eduroam,17,1007.9180421829224,B2-01,1,4
1727,54:F0:B1:BC:70:00,eduroam,49,1007.9180421829224,B2-01,1,4
1728,54:F0:B1:BC:70:01,PoliSemFio,42,1007.9180421829224,B2-01,1,4
1729,54:F0:B1:BC:70:02,,35,1007.9180421829224,B2-01,1,4
1730,54:F0:B1:BC:70:20,eduroam,14,1007.9180421829224,B2-01,1,4
1731,54:F0:B1:BC:70:21,PoliSemFio,14,1007.9180421829224,B2-01,1,4
1732,54:F0:B1:BC:77:80,eduroam,52,1007.9180421829224,B2-01,1,4
1733,54:F0:B1:BC:77:81,PoliSemFio,49,1007.9180421829224,B2-01,1,4
1734,54:F0:B1:BC:77:82,,49,1007.9180421829224,B2-01,1,4
1735,54:F0:B1:BC:77:A0,eduroam,20,1007.9180421829224,B2-01,1,4
1736,54:F0:B1:BC:77:A1,PoliSemFio,20,1007.9180421829224,B2-01,1,4
1737,56:60:F9:A3:E7:3F,,27,1007.9180421829224,B2-01,1,4
1738,68:FF:7B:47:78:BE,C1-22M,55,1007.9180421829224,B2-01,1,4
1739,70:62:B8:6E:72:A0,PCS-wireless-C1-13,25,1007.9180421829224,B2-01,1,4
1740,70:62:B8:6E:72:A1,PPGEE,24,1007.9180421829224,B2-01,1,4
1741,84:D4:7E:06:4F:E0,eduroam,35,1007.9180421829224,B2-01,1,4
1742,84:D4:7E:06:4F:E1,PoliSemFio,42,1007.9180421829224,B2-01,1,4
1743,84:D4:7E:06:4F:E2,,42,1007.9180421829224,B2-01,1,4
1744,84:D4:7E:06:4F:F0,eduroam,22,1007.9180421829224,B2-01,1,4
1745,84:D4:7E:06:4F:F1,PoliSemFio,24,1007.9180421829224,B2-01,1,4
1746,AA:6B:AD:82:46:CC,DIRECT-cc-HP M132f LaserJet,15,1007.9180421829224,B2-01,1,4
1747,DC:9F:DB:1C:1F:D7,LWN-3,24,1007.9180421829224,B2-01,1,4
1748,DE:9F:DB:1C:1F:D7,LARC Guest,25,1007.9180421829224,B2-01,1,4
1749,DE:9F:DB:1C:1F:E0,LARC Guest,29,1007.9180421829224,B2-01,1,4
1750,EE:9F:DB:1C:1F:D7,,22,1007.9180421829224,B2-01,1,4
1751,EE:9F:DB:1C:1F:E0,,30,1007.9180421829224,B2-01,1,4
1752,F8:1A:67:99:55:8E,NUCLEAR_CHF,34,1007.9180421829224,B2-01,1,4
1753,FE:9F:DB:1C:1F:E0,,29,1007.9180421829224,B2-01,1,4
1754,2A:56:5A:49:06:54,DIRECT-54-HP M132f LaserJet,14,1010.535178899765,B2-01,1,4
1755,30:85:A9:69:F2:E4,PCS-Wireless-C2-22,34,1010.535178899765,B2-01,1,4
1756,34:60:F9:A3:D9:13,GASWIFI-5G_C2,17,1010.535178899765,B2-01,1,4
1757,34:60:F9:A3:D9:14,GASWIFI-2G_C2,20,1010.535178899765,B2-01,1,4
1758,34:CE:00:51:3E:6F,Lab,60,1010.535178899765,B2-01,1,4
1759,34:CE:00:51:3E:70,Lab_5G,44,1010.535178899765,B2-01,1,4
1760,48:00:20:34:D2:40,eduroam,24,1010.535178899765,B2-01,1,4
1761,54:B8:0A:AA:2C:8C,LAB_DIGITAL,39,1010.535178899765,B2-01,1,4
1762,54:B8:0A:AA:2C:8D,PCS-Wireless,37,1010.535178899765,B2-01,1,4
1763,54:F0:B1:A1:18:C0,eduroam,14,1010.535178899765,B2-01,1,4
1764,54:F0:B1:A1:18:C1,PoliSemFio,14,1010.535178899765,B2-01,1,4
1765,54:F0:B1:A1:18:C3,MEZANINO,12,1010.535178899765,B2-01,1,4
1766,54:F0:B1:A1:18:C4,GDLAB,10,1010.535178899765,B2-01,1,4
1767,54:F0:B1:A1:18:C5,LABPAD,12,1010.535178899765,B2-01,1,4
1768,54:F0:B1:A1:18:D0,eduroam,24,1010.535178899765,B2-01,1,4
1769,54:F0:B1:A1:18:D1,PoliSemFio,29,1010.535178899765,B2-01,1,4
1770,54:F0:B1:A1:18:D2,,30,1010.535178899765,B2-01,1,4
1771,54:F0:B1:A1:18:D3,MEZANINO,24,1010.535178899765,B2-01,1,4
1772,54:F0:B1:A1:18:D4,GDLAB,24,1010.535178899765,B2-01,1,4
1773,54:F0:B1:A1:18:D5,LABPAD,24,1010.535178899765,B2-01,1,4
1774,54:F0:B1:A1:58:00,eduroam,20,1010.535178899765,B2-01,1,4
1775,54:F0:B1:A1:58:01,PoliSemFio,29,1010.535178899765,B2-01,1,4
1776,54:F0:B1:A1:58:02,,29,1010.535178899765,B2-01,1,4
1777,54:F0:B1:A1:E5:00,eduroam,19,1010.535178899765,B2-01,1,4
1778,54:F0:B1:A2:56:70,eduroam,17,1010.535178899765,B2-01,1,4
1779,54:F0:B1:A2:56:71,PoliSemFio,25,1010.535178899765,B2-01,1,4
1780,54:F0:B1:A2:56:72,,27,1010.535178899765,B2-01,1,4
1781,54:F0:B1:A2:57:31,PoliSemFio,24,1010.535178899765,B2-01,1,4
1782,54:F0:B1:BB:5A:81,PoliSemFio,34,1010.535178899765,B2-01,1,4
1783,54:F0:B1:BB:5A:82,HACKER,30,1010.535178899765,B2-01,1,4
1784,54:F0:B1:BB:5A:83,LEP,34,1010.535178899765,B2-01,1,4
1785,54:F0:B1:BB:80:C0,eduroam,22,1010.535178899765,B2-01,1,4
1786,54:F0:B1:BB:80:C2,,22,1010.535178899765,B2-01,1,4
1787,54:F0:B1:BB:80:C3,LABPROG,14,1010.535178899765,B2-01,1,4
1788,54:F0:B1:BB:BE:11,PoliSemFio,20,1010.535178899765,B2-01,1,4
1789,54:F0:B1:BB:BE:13,CAEEL,10,1010.535178899765,B2-01,1,4
1790,54:F0:B1:BB:C4:D0,eduroam,47,1010.535178899765,B2-01,1,4
1791,54:F0:B1:BB:C4:D1,PoliSemFio,49,1010.535178899765,B2-01,1,4
1792,54:F0:B1:BB:C4:D2,,49,1010.535178899765,B2-01,1,4
1793,54:F0:B1:BB:C4:F0,eduroam,29,1010.535178899765,B2-01,1,4
1794,54:F0:B1:BB:C4:F1,PoliSemFio,29,1010.535178899765,B2-01,1,4
1795,54:F0:B1:BB:C4:F2,,35,1010.535178899765,B2-01,1,4
1796,54:F0:B1:BB:F3:20,eduroam,19,1010.535178899765,B2-01,1,4
1797,54:F0:B1:BB:FD:D0,eduroam,19,1010.535178899765,B2-01,1,4
1798,54:F0:B1:BB:FD:D1,PoliSemFio,25,1010.535178899765,B2-01,1,4
1799,54:F0:B1:BB:FD:D2,,24,1010.535178899765,B2-01,1,4
1800,54:F0:B1:BC:09:40,eduroam,84,1010.535178899765,B2-01,1,4
1801,54:F0:B1:BC:09:41,PoliSemFio,82,1010.535178899765,B2-01,1,4
1802,54:F0:B1:BC:09:42,,82,1010.535178899765,B2-01,1,4
1803,54:F0:B1:BC:09:60,eduroam,79,1010.535178899765,B2-01,1,4
1804,54:F0:B1:BC:09:61,PoliSemFio,79,1010.535178899765,B2-01,1,4
1805,54:F0:B1:BC:1B:D0,eduroam,52,1010.535178899765,B2-01,1,4
1806,54:F0:B1:BC:1B:D2,,50,1010.535178899765,B2-01,1,4
1807,54:F0:B1:BC:1B:F0,eduroam,24,1010.535178899765,B2-01,1,4
1808,54:F0:B1:BC:1B:F1,PoliSemFio,25,1010.535178899765,B2-01,1,4
1809,54:F0:B1:BC:2E:90,eduroam,69,1010.535178899765,B2-01,1,4
1810,54:F0:B1:BC:2E:91,PoliSemFio,59,1010.535178899765,B2-01,1,4
1811,54:F0:B1:BC:2E:92,,57,1010.535178899765,B2-01,1,4
1812,54:F0:B1:BC:2E:B0,eduroam,29,1010.535178899765,B2-01,1,4
1813,54:F0:B1:BC:2E:B1,PoliSemFio,27,1010.535178899765,B2-01,1,4
1814,54:F0:B1:BC:36:10,PoliSemFio,20,1010.535178899765,B2-01,1,4
1815,54:F0:B1:BC:36:11,eduroam,37,1010.535178899765,B2-01,1,4
1816,54:F0:B1:BC:65:B0,eduroam,17,1010.535178899765,B2-01,1,4
1817,54:F0:B1:BC:70:00,eduroam,39,1010.535178899765,B2-01,1,4
1818,54:F0:B1:BC:70:01,PoliSemFio,42,1010.535178899765,B2-01,1,4
1819,54:F0:B1:BC:70:02,,32,1010.535178899765,B2-01,1,4
1820,54:F0:B1:BC:70:20,eduroam,14,1010.535178899765,B2-01,1,4
1821,54:F0:B1:BC:70:21,PoliSemFio,14,1010.535178899765,B2-01,1,4
1822,54:F0:B1:BC:77:80,eduroam,37,1010.535178899765,B2-01,1,4
1823,54:F0:B1:BC:77:81,PoliSemFio,39,1010.535178899765,B2-01,1,4
1824,54:F0:B1:BC:77:82,,37,1010.535178899765,B2-01,1,4
1825,54:F0:B1:BC:77:A0,eduroam,20,1010.535178899765,B2-01,1,4
1826,54:F0:B1:BC:77:A1,PoliSemFio,20,1010.535178899765,B2-01,1,4
1827,56:60:F9:A3:E7:3F,,27,1010.535178899765,B2-01,1,4
1828,68:FF:7B:47:78:BE,C1-22M,25,1010.535178899765,B2-01,1,4
1829,70:62:B8:6E:72:A0,PCS-wireless-C1-13,29,1010.535178899765,B2-01,1,4
1830,70:62:B8:6E:72:A1,PPGEE,34,1010.535178899765,B2-01,1,4
1831,84:D4:7E:06:4F:E0,eduroam,35,1010.535178899765,B2-01,1,4
1832,84:D4:7E:06:4F:E1,PoliSemFio,42,1010.535178899765,B2-01,1,4
1833,84:D4:7E:06:4F:E2,,40,1010.535178899765,B2-01,1,4
1834,84:D4:7E:06:4F:F0,eduroam,22,1010.535178899765,B2-01,1,4
1835,84:D4:7E:06:4F:F1,PoliSemFio,24,1010.535178899765,B2-01,1,4
1836,AA:6B:AD:82:46:CC,DIRECT-cc-HP M132f LaserJet,15,1010.535178899765,B2-01,1,4
1837,DC:9F:DB:1C:1F:D7,LWN-3,24,1010.535178899765,B2-01,1,4
1838,DE:9F:DB:1C:1F:D7,LARC Guest,25,1010.535178899765,B2-01,1,4
1839,DE:9F:DB:1C:1F:E0,LARC Guest,29,1010.535178899765,B2-01,1,4
1840,EE:9F:DB:1C:1F:D7,,22,1010.535178899765,B2-01,1,4
1841,EE:9F:DB:1C:1F:E0,,30,1010.535178899765,B2-01,1,4
1842,F8:1A:67:99:55:8E,NUCLEAR_CHF,32,1010.535178899765,B2-01,1,4
1843,FE:9F:DB:1C:1F:E0,,29,1010.535178899765,B2-01,1,4
