,ap_mac,ap_name,rssi,timestamp,room,door_status,room_part
0,00:18:E7:FF:8C:98,dlink,24,1059.7117412090302,B2-01,1,4
1,00:21:91:70:9D:EC,LAB-DIDATICO,29,1059.7117412090302,B2-01,1,4
2,34:60:F9:A3:D9:14,GASWIFI-2G_C2,29,1059.7117412090302,B2-01,1,4
3,34:60:F9:A3:E7:3F,GASWIFI_C4,25,1059.7117412090302,B2-01,1,4
4,34:CE:00:51:3E:6F,Lab,79,1059.7117412090302,B2-01,1,4
5,34:CE:00:51:3E:70,Lab_5G,20,1059.7117412090302,B2-01,1,4
6,48:00:20:34:D2:40,eduroam,19,1059.7117412090302,B2-01,1,4
7,54:B8:0A:AA:2C:8C,LAB_DIGITAL,35,1059.7117412090302,B2-01,1,4
8,54:B8:0A:AA:2C:8D,PCS-Wireless,35,1059.7117412090302,B2-01,1,4
9,54:F0:B1:A1:18:C0,eduroam,20,1059.7117412090302,B2-01,1,4
10,54:F0:B1:A1:18:C1,PoliSemFio,20,1059.7117412090302,B2-01,1,4
11,54:F0:B1:A1:18:C3,MEZANINO,20,1059.7117412090302,B2-01,1,4
12,54:F0:B1:A1:18:C4,GDLAB,20,1059.7117412090302,B2-01,1,4
13,54:F0:B1:A1:18:C5,LABPAD,20,1059.7117412090302,B2-01,1,4
14,54:F0:B1:A1:18:D0,eduroam,34,1059.7117412090302,B2-01,1,4
15,54:F0:B1:A1:18:D1,PoliSemFio,34,1059.7117412090302,B2-01,1,4
16,54:F0:B1:A1:18:D2,,29,1059.7117412090302,B2-01,1,4
17,54:F0:B1:A1:18:D3,MEZANINO,30,1059.7117412090302,B2-01,1,4
18,54:F0:B1:A1:18:D4,GDLAB,27,1059.7117412090302,B2-01,1,4
19,54:F0:B1:A1:18:D5,LABPAD,32,1059.7117412090302,B2-01,1,4
20,54:F0:B1:A1:57:F0,eduroam,20,1059.7117412090302,B2-01,1,4
21,54:F0:B1:A1:57:F1,PoliSemFio,20,1059.7117412090302,B2-01,1,4
22,54:F0:B1:A1:58:00,eduroam,34,1059.7117412090302,B2-01,1,4
23,54:F0:B1:A1:58:01,PoliSemFio,32,1059.7117412090302,B2-01,1,4
24,54:F0:B1:A1:58:02,,34,1059.7117412090302,B2-01,1,4
25,54:F0:B1:A1:E5:00,eduroam,15,1059.7117412090302,B2-01,1,4
26,54:F0:B1:A1:E5:01,PoliSemFio,27,1059.7117412090302,B2-01,1,4
27,54:F0:B1:A1:E5:02,,27,1059.7117412090302,B2-01,1,4
28,54:F0:B1:A2:37:E0,eduroam,14,1059.7117412090302,B2-01,1,4
29,54:F0:B1:A2:56:70,eduroam,25,1059.7117412090302,B2-01,1,4
30,54:F0:B1:A2:56:71,PoliSemFio,20,1059.7117412090302,B2-01,1,4
31,54:F0:B1:A2:56:72,,32,1059.7117412090302,B2-01,1,4
32,54:F0:B1:A2:57:30,eduroam,20,1059.7117412090302,B2-01,1,4
33,54:F0:B1:A2:57:31,PoliSemFio,19,1059.7117412090302,B2-01,1,4
34,54:F0:B1:A2:57:32,,22,1059.7117412090302,B2-01,1,4
35,54:F0:B1:A2:57:33,LCA,20,1059.7117412090302,B2-01,1,4
36,54:F0:B1:BB:5A:80,eduroam,37,1059.7117412090302,B2-01,1,4
37,54:F0:B1:BB:5A:81,PoliSemFio,39,1059.7117412090302,B2-01,1,4
38,54:F0:B1:BB:5A:82,HACKER,30,1059.7117412090302,B2-01,1,4
39,54:F0:B1:BB:5A:83,LEP,19,1059.7117412090302,B2-01,1,4
40,54:F0:B1:BB:5A:84,,44,1059.7117412090302,B2-01,1,4
41,54:F0:B1:BB:80:C2,,32,1059.7117412090302,B2-01,1,4
42,54:F0:B1:BB:80:C3,LABPROG,35,1059.7117412090302,B2-01,1,4
43,54:F0:B1:BB:84:B0,eduroam,19,1059.7117412090302,B2-01,1,4
44,54:F0:B1:BB:92:E0,eduroam,12,1059.7117412090302,B2-01,1,4
45,54:F0:B1:BB:BE:11,PoliSemFio,22,1059.7117412090302,B2-01,1,4
46,54:F0:B1:BB:BE:12,,19,1059.7117412090302,B2-01,1,4
47,54:F0:B1:BB:BE:13,CAEEL,7,1059.7117412090302,B2-01,1,4
48,54:F0:B1:BB:C4:D0,eduroam,47,1059.7117412090302,B2-01,1,4
49,54:F0:B1:BB:C4:D1,PoliSemFio,74,1059.7117412090302,B2-01,1,4
50,54:F0:B1:BB:C4:D2,,55,1059.7117412090302,B2-01,1,4
51,54:F0:B1:BB:C4:F0,eduroam,44,1059.7117412090302,B2-01,1,4
52,54:F0:B1:BB:C4:F1,PoliSemFio,44,1059.7117412090302,B2-01,1,4
53,54:F0:B1:BB:C5:C0,eduroam,10,1059.7117412090302,B2-01,1,4
54,54:F0:B1:BB:F3:20,eduroam,22,1059.7117412090302,B2-01,1,4
55,54:F0:B1:BB:F3:22,,27,1059.7117412090302,B2-01,1,4
56,54:F0:B1:BB:FD:D2,,29,1059.7117412090302,B2-01,1,4
57,54:F0:B1:BC:09:40,eduroam,89,1059.7117412090302,B2-01,1,4
58,54:F0:B1:BC:09:41,PoliSemFio,97,1059.7117412090302,B2-01,1,4
59,54:F0:B1:BC:09:42,,97,1059.7117412090302,B2-01,1,4
60,54:F0:B1:BC:09:60,eduroam,82,1059.7117412090302,B2-01,1,4
61,54:F0:B1:BC:09:61,PoliSemFio,82,1059.7117412090302,B2-01,1,4
62,54:F0:B1:BC:1B:D0,eduroam,47,1059.7117412090302,B2-01,1,4
63,54:F0:B1:BC:1B:D1,PoliSemFio,54,1059.7117412090302,B2-01,1,4
64,54:F0:B1:BC:1B:D2,,54,1059.7117412090302,B2-01,1,4
65,54:F0:B1:BC:1B:F0,eduroam,24,1059.7117412090302,B2-01,1,4
66,54:F0:B1:BC:1B:F1,PoliSemFio,24,1059.7117412090302,B2-01,1,4
67,54:F0:B1:BC:2E:90,eduroam,67,1059.7117412090302,B2-01,1,4
68,54:F0:B1:BC:2E:91,PoliSemFio,72,1059.7117412090302,B2-01,1,4
69,54:F0:B1:BC:2E:92,,55,1059.7117412090302,B2-01,1,4
70,54:F0:B1:BC:2E:B0,eduroam,35,1059.7117412090302,B2-01,1,4
71,54:F0:B1:BC:2E:B1,PoliSemFio,35,1059.7117412090302,B2-01,1,4
72,54:F0:B1:BC:2F:50,eduroam,14,1059.7117412090302,B2-01,1,4
73,54:F0:B1:BC:2F:51,PoliSemFio,19,1059.7117412090302,B2-01,1,4
74,54:F0:B1:BC:36:10,PoliSemFio,19,1059.7117412090302,B2-01,1,4
75,54:F0:B1:BC:36:11,eduroam,14,1059.7117412090302,B2-01,1,4
76,54:F0:B1:BC:3F:10,eduroam,24,1059.7117412090302,B2-01,1,4
77,54:F0:B1:BC:3F:11,PoliSemFio,32,1059.7117412090302,B2-01,1,4
78,54:F0:B1:BC:3F:12,,32,1059.7117412090302,B2-01,1,4
79,54:F0:B1:BC:65:B0,eduroam,32,1059.7117412090302,B2-01,1,4
80,54:F0:B1:BC:65:B1,PoliSemFio,35,1059.7117412090302,B2-01,1,4
81,54:F0:B1:BC:65:B2,,34,1059.7117412090302,B2-01,1,4
82,54:F0:B1:BC:70:00,eduroam,40,1059.7117412090302,B2-01,1,4
83,54:F0:B1:BC:70:01,PoliSemFio,55,1059.7117412090302,B2-01,1,4
84,54:F0:B1:BC:70:20,eduroam,17,1059.7117412090302,B2-01,1,4
85,54:F0:B1:BC:70:21,PoliSemFio,14,1059.7117412090302,B2-01,1,4
86,54:F0:B1:BC:77:80,eduroam,39,1059.7117412090302,B2-01,1,4
87,54:F0:B1:BC:77:81,PoliSemFio,47,1059.7117412090302,B2-01,1,4
88,54:F0:B1:BC:77:82,,47,1059.7117412090302,B2-01,1,4
89,54:F0:B1:BC:77:A0,eduroam,20,1059.7117412090302,B2-01,1,4
90,54:F0:B1:BC:77:A1,PoliSemFio,22,1059.7117412090302,B2-01,1,4
91,54:F0:B1:BC:77:A2,,22,1059.7117412090302,B2-01,1,4
92,56:60:F9:A3:E7:3F,,25,1059.7117412090302,B2-01,1,4
93,68:FF:7B:47:78:BE,C1-22M,35,1059.7117412090302,B2-01,1,4
94,70:62:B8:6E:72:A0,PCS-wireless-C1-13,24,1059.7117412090302,B2-01,1,4
95,70:62:B8:6E:72:A1,PPGEE,20,1059.7117412090302,B2-01,1,4
96,84:D4:7E:06:4F:E0,eduroam,60,1059.7117412090302,B2-01,1,4
97,84:D4:7E:06:4F:E1,PoliSemFio,52,1059.7117412090302,B2-01,1,4
98,84:D4:7E:06:4F:E2,,59,1059.7117412090302,B2-01,1,4
99,84:D4:7E:06:4F:F0,eduroam,24,1059.7117412090302,B2-01,1,4
100,84:D4:7E:06:4F:F1,PoliSemFio,12,1059.7117412090302,B2-01,1,4
101,DC:9F:DB:1C:1F:D7,LWN-3,20,1059.7117412090302,B2-01,1,4
102,DC:9F:DB:1C:1F:E0,LWN-3,34,1059.7117412090302,B2-01,1,4
103,DE:9F:DB:1C:1F:E0,LARC Guest,32,1059.7117412090302,B2-01,1,4
104,EE:9F:DB:1C:1F:D7,,20,1059.7117412090302,B2-01,1,4
105,EE:9F:DB:1C:1F:E0,,32,1059.7117412090302,B2-01,1,4
106,F8:1A:67:99:55:8E,NUCLEAR_CHF,19,1059.7117412090302,B2-01,1,4
107,FE:9F:DB:1C:1F:E0,,34,1059.7117412090302,B2-01,1,4
108,00:18:E7:FF:8C:98,dlink,24,1065.9648406505585,B2-01,1,4
109,00:21:91:70:9D:EC,LAB-DIDATICO,29,1065.9648406505585,B2-01,1,4
110,34:60:F9:A3:D9:14,GASWIFI-2G_C2,29,1065.9648406505585,B2-01,1,4
111,34:60:F9:A3:E7:3F,GASWIFI_C4,25,1065.9648406505585,B2-01,1,4
112,34:CE:00:51:3E:6F,Lab,79,1065.9648406505585,B2-01,1,4
113,34:CE:00:51:3E:70,Lab_5G,20,1065.9648406505585,B2-01,1,4
114,48:00:20:34:D2:40,eduroam,19,1065.9648406505585,B2-01,1,4
115,54:B8:0A:AA:2C:8C,LAB_DIGITAL,35,1065.9648406505585,B2-01,1,4
116,54:B8:0A:AA:2C:8D,PCS-Wireless,35,1065.9648406505585,B2-01,1,4
117,54:F0:B1:A1:18:C0,eduroam,20,1065.9648406505585,B2-01,1,4
118,54:F0:B1:A1:18:C1,PoliSemFio,20,1065.9648406505585,B2-01,1,4
119,54:F0:B1:A1:18:C3,MEZANINO,20,1065.9648406505585,B2-01,1,4
120,54:F0:B1:A1:18:C4,GDLAB,20,1065.9648406505585,B2-01,1,4
121,54:F0:B1:A1:18:C5,LABPAD,20,1065.9648406505585,B2-01,1,4
122,54:F0:B1:A1:18:D0,eduroam,34,1065.9648406505585,B2-01,1,4
123,54:F0:B1:A1:18:D1,PoliSemFio,34,1065.9648406505585,B2-01,1,4
124,54:F0:B1:A1:18:D2,,29,1065.9648406505585,B2-01,1,4
125,54:F0:B1:A1:18:D3,MEZANINO,30,1065.9648406505585,B2-01,1,4
126,54:F0:B1:A1:18:D4,GDLAB,27,1065.9648406505585,B2-01,1,4
127,54:F0:B1:A1:18:D5,LABPAD,32,1065.9648406505585,B2-01,1,4
128,54:F0:B1:A1:57:F0,eduroam,20,1065.9648406505585,B2-01,1,4
129,54:F0:B1:A1:57:F1,PoliSemFio,20,1065.9648406505585,B2-01,1,4
130,54:F0:B1:A1:58:00,eduroam,34,1065.9648406505585,B2-01,1,4
131,54:F0:B1:A1:58:01,PoliSemFio,32,1065.9648406505585,B2-01,1,4
132,54:F0:B1:A1:58:02,,34,1065.9648406505585,B2-01,1,4
133,54:F0:B1:A1:E5:00,eduroam,15,1065.9648406505585,B2-01,1,4
134,54:F0:B1:A1:E5:01,PoliSemFio,27,1065.9648406505585,B2-01,1,4
135,54:F0:B1:A1:E5:02,,27,1065.9648406505585,B2-01,1,4
136,54:F0:B1:A2:37:E0,eduroam,14,1065.9648406505585,B2-01,1,4
137,54:F0:B1:A2:56:70,eduroam,25,1065.9648406505585,B2-01,1,4
138,54:F0:B1:A2:56:71,PoliSemFio,20,1065.9648406505585,B2-01,1,4
139,54:F0:B1:A2:56:72,,32,1065.9648406505585,B2-01,1,4
140,54:F0:B1:A2:57:30,eduroam,20,1065.9648406505585,B2-01,1,4
141,54:F0:B1:A2:57:31,PoliSemFio,19,1065.9648406505585,B2-01,1,4
142,54:F0:B1:A2:57:32,,22,1065.9648406505585,B2-01,1,4
143,54:F0:B1:A2:57:33,LCA,20,1065.9648406505585,B2-01,1,4
144,54:F0:B1:BB:5A:80,eduroam,37,1065.9648406505585,B2-01,1,4
145,54:F0:B1:BB:5A:81,PoliSemFio,39,1065.9648406505585,B2-01,1,4
146,54:F0:B1:BB:5A:82,HACKER,30,1065.9648406505585,B2-01,1,4
147,54:F0:B1:BB:5A:83,LEP,19,1065.9648406505585,B2-01,1,4
148,54:F0:B1:BB:5A:84,,44,1065.9648406505585,B2-01,1,4
149,54:F0:B1:BB:80:C2,,32,1065.9648406505585,B2-01,1,4
150,54:F0:B1:BB:80:C3,LABPROG,35,1065.9648406505585,B2-01,1,4
151,54:F0:B1:BB:84:B0,eduroam,19,1065.9648406505585,B2-01,1,4
152,54:F0:B1:BB:92:E0,eduroam,12,1065.9648406505585,B2-01,1,4
153,54:F0:B1:BB:BE:11,PoliSemFio,22,1065.9648406505585,B2-01,1,4
154,54:F0:B1:BB:BE:12,,19,1065.9648406505585,B2-01,1,4
155,54:F0:B1:BB:BE:13,CAEEL,7,1065.9648406505585,B2-01,1,4
156,54:F0:B1:BB:C4:D0,eduroam,47,1065.9648406505585,B2-01,1,4
157,54:F0:B1:BB:C4:D1,PoliSemFio,74,1065.9648406505585,B2-01,1,4
158,54:F0:B1:BB:C4:D2,,55,1065.9648406505585,B2-01,1,4
159,54:F0:B1:BB:C4:F0,eduroam,44,1065.9648406505585,B2-01,1,4
160,54:F0:B1:BB:C4:F1,PoliSemFio,44,1065.9648406505585,B2-01,1,4
161,54:F0:B1:BB:C5:C0,eduroam,10,1065.9648406505585,B2-01,1,4
162,54:F0:B1:BB:F3:20,eduroam,22,1065.9648406505585,B2-01,1,4
163,54:F0:B1:BB:F3:22,,27,1065.9648406505585,B2-01,1,4
164,54:F0:B1:BB:FD:D2,,29,1065.9648406505585,B2-01,1,4
165,54:F0:B1:BC:09:40,eduroam,89,1065.9648406505585,B2-01,1,4
166,54:F0:B1:BC:09:41,PoliSemFio,97,1065.9648406505585,B2-01,1,4
167,54:F0:B1:BC:09:42,,97,1065.9648406505585,B2-01,1,4
168,54:F0:B1:BC:09:60,eduroam,78,1065.9648406505585,B2-01,1,4
169,54:F0:B1:BC:09:61,PoliSemFio,82,1065.9648406505585,B2-01,1,4
170,54:F0:B1:BC:1B:D0,eduroam,47,1065.9648406505585,B2-01,1,4
171,54:F0:B1:BC:1B:D1,PoliSemFio,54,1065.9648406505585,B2-01,1,4
172,54:F0:B1:BC:1B:D2,,54,1065.9648406505585,B2-01,1,4
173,54:F0:B1:BC:1B:F0,eduroam,24,1065.9648406505585,B2-01,1,4
174,54:F0:B1:BC:1B:F1,PoliSemFio,24,1065.9648406505585,B2-01,1,4
175,54:F0:B1:BC:2E:90,eduroam,67,1065.9648406505585,B2-01,1,4
176,54:F0:B1:BC:2E:91,PoliSemFio,72,1065.9648406505585,B2-01,1,4
177,54:F0:B1:BC:2E:92,,55,1065.9648406505585,B2-01,1,4
178,54:F0:B1:BC:2E:B0,eduroam,35,1065.9648406505585,B2-01,1,4
179,54:F0:B1:BC:2E:B1,PoliSemFio,35,1065.9648406505585,B2-01,1,4
180,54:F0:B1:BC:2F:50,eduroam,14,1065.9648406505585,B2-01,1,4
181,54:F0:B1:BC:2F:51,PoliSemFio,19,1065.9648406505585,B2-01,1,4
182,54:F0:B1:BC:36:10,PoliSemFio,19,1065.9648406505585,B2-01,1,4
183,54:F0:B1:BC:36:11,eduroam,14,1065.9648406505585,B2-01,1,4
184,54:F0:B1:BC:3F:10,eduroam,24,1065.9648406505585,B2-01,1,4
185,54:F0:B1:BC:3F:11,PoliSemFio,32,1065.9648406505585,B2-01,1,4
186,54:F0:B1:BC:3F:12,,32,1065.9648406505585,B2-01,1,4
187,54:F0:B1:BC:65:B0,eduroam,32,1065.9648406505585,B2-01,1,4
188,54:F0:B1:BC:65:B1,PoliSemFio,35,1065.9648406505585,B2-01,1,4
189,54:F0:B1:BC:65:B2,,34,1065.9648406505585,B2-01,1,4
190,54:F0:B1:BC:70:00,eduroam,40,1065.9648406505585,B2-01,1,4
191,54:F0:B1:BC:70:01,PoliSemFio,55,1065.9648406505585,B2-01,1,4
192,54:F0:B1:BC:70:20,eduroam,17,1065.9648406505585,B2-01,1,4
193,54:F0:B1:BC:70:21,PoliSemFio,14,1065.9648406505585,B2-01,1,4
194,54:F0:B1:BC:77:80,eduroam,39,1065.9648406505585,B2-01,1,4
195,54:F0:B1:BC:77:81,PoliSemFio,47,1065.9648406505585,B2-01,1,4
196,54:F0:B1:BC:77:82,,47,1065.9648406505585,B2-01,1,4
197,54:F0:B1:BC:77:A0,eduroam,20,1065.9648406505585,B2-01,1,4
198,54:F0:B1:BC:77:A1,PoliSemFio,22,1065.9648406505585,B2-01,1,4
199,54:F0:B1:BC:77:A2,,22,1065.9648406505585,B2-01,1,4
200,56:60:F9:A3:E7:3F,,25,1065.9648406505585,B2-01,1,4
201,68:FF:7B:47:78:BE,C1-22M,35,1065.9648406505585,B2-01,1,4
202,70:62:B8:6E:72:A0,PCS-wireless-C1-13,24,1065.9648406505585,B2-01,1,4
203,70:62:B8:6E:72:A1,PPGEE,20,1065.9648406505585,B2-01,1,4
204,84:D4:7E:06:4F:E0,eduroam,60,1065.9648406505585,B2-01,1,4
205,84:D4:7E:06:4F:E1,PoliSemFio,52,1065.9648406505585,B2-01,1,4
206,84:D4:7E:06:4F:E2,,59,1065.9648406505585,B2-01,1,4
207,84:D4:7E:06:4F:F0,eduroam,24,1065.9648406505585,B2-01,1,4
208,84:D4:7E:06:4F:F1,PoliSemFio,12,1065.9648406505585,B2-01,1,4
209,DC:9F:DB:1C:1F:D7,LWN-3,20,1065.9648406505585,B2-01,1,4
210,DC:9F:DB:1C:1F:E0,LWN-3,34,1065.9648406505585,B2-01,1,4
211,DE:9F:DB:1C:1F:E0,LARC Guest,32,1065.9648406505585,B2-01,1,4
212,EE:9F:DB:1C:1F:D7,,20,1065.9648406505585,B2-01,1,4
213,EE:9F:DB:1C:1F:E0,,32,1065.9648406505585,B2-01,1,4
214,F8:1A:67:99:55:8E,NUCLEAR_CHF,19,1065.9648406505585,B2-01,1,4
215,FE:9F:DB:1C:1F:E0,,34,1065.9648406505585,B2-01,1,4
216,34:60:F9:A3:D9:14,GASWIFI-2G_C2,30,1068.5844070911407,B2-01,1,4
217,34:60:F9:A3:E7:3F,GASWIFI_C4,34,1068.5844070911407,B2-01,1,4
218,34:CE:00:51:3E:6F,Lab,60,1068.5844070911407,B2-01,1,4
219,34:CE:00:51:3E:70,Lab_5G,19,1068.5844070911407,B2-01,1,4
220,48:00:20:34:D2:40,eduroam,19,1068.5844070911407,B2-01,1,4
221,54:B8:0A:AA:2C:8C,LAB_DIGITAL,35,1068.5844070911407,B2-01,1,4
222,54:B8:0A:AA:2C:8D,PCS-Wireless,35,1068.5844070911407,B2-01,1,4
223,54:F0:B1:A1:18:C0,eduroam,17,1068.5844070911407,B2-01,1,4
224,54:F0:B1:A1:18:C1,PoliSemFio,19,1068.5844070911407,B2-01,1,4
225,54:F0:B1:A1:18:C3,MEZANINO,17,1068.5844070911407,B2-01,1,4
226,54:F0:B1:A1:18:C4,GDLAB,17,1068.5844070911407,B2-01,1,4
227,54:F0:B1:A1:18:C5,LABPAD,19,1068.5844070911407,B2-01,1,4
228,54:F0:B1:A1:18:D0,eduroam,34,1068.5844070911407,B2-01,1,4
229,54:F0:B1:A1:18:D1,PoliSemFio,34,1068.5844070911407,B2-01,1,4
230,54:F0:B1:A1:18:D2,,29,1068.5844070911407,B2-01,1,4
231,54:F0:B1:A1:18:D3,MEZANINO,35,1068.5844070911407,B2-01,1,4
232,54:F0:B1:A1:18:D4,GDLAB,32,1068.5844070911407,B2-01,1,4
233,54:F0:B1:A1:18:D5,LABPAD,32,1068.5844070911407,B2-01,1,4
234,54:F0:B1:A1:58:00,eduroam,34,1068.5844070911407,B2-01,1,4
235,54:F0:B1:A1:58:01,PoliSemFio,32,1068.5844070911407,B2-01,1,4
236,54:F0:B1:A1:58:02,,34,1068.5844070911407,B2-01,1,4
237,54:F0:B1:A1:E5:00,eduroam,17,1068.5844070911407,B2-01,1,4
238,54:F0:B1:A2:56:70,eduroam,10,1068.5844070911407,B2-01,1,4
239,54:F0:B1:A2:56:71,PoliSemFio,20,1068.5844070911407,B2-01,1,4
240,54:F0:B1:A2:57:30,eduroam,20,1068.5844070911407,B2-01,1,4
241,54:F0:B1:BB:5A:81,PoliSemFio,25,1068.5844070911407,B2-01,1,4
242,54:F0:B1:BB:5A:82,HACKER,19,1068.5844070911407,B2-01,1,4
243,54:F0:B1:BB:5A:83,LEP,19,1068.5844070911407,B2-01,1,4
244,54:F0:B1:BB:80:C2,,32,1068.5844070911407,B2-01,1,4
245,54:F0:B1:BB:80:C3,LABPROG,35,1068.5844070911407,B2-01,1,4
246,54:F0:B1:BB:84:B0,eduroam,17,1068.5844070911407,B2-01,1,4
247,54:F0:B1:BB:BE:11,PoliSemFio,22,1068.5844070911407,B2-01,1,4
248,54:F0:B1:BB:BE:12,,19,1068.5844070911407,B2-01,1,4
249,54:F0:B1:BB:BE:13,CAEEL,15,1068.5844070911407,B2-01,1,4
250,54:F0:B1:BB:C4:D0,eduroam,52,1068.5844070911407,B2-01,1,4
251,54:F0:B1:BB:C4:D2,,55,1068.5844070911407,B2-01,1,4
252,54:F0:B1:BB:C4:F0,eduroam,37,1068.5844070911407,B2-01,1,4
253,54:F0:B1:BB:C4:F1,PoliSemFio,37,1068.5844070911407,B2-01,1,4
254,54:F0:B1:BB:F3:20,eduroam,22,1068.5844070911407,B2-01,1,4
255,54:F0:B1:BB:FD:D2,,29,1068.5844070911407,B2-01,1,4
256,54:F0:B1:BC:09:40,eduroam,82,1068.5844070911407,B2-01,1,4
257,54:F0:B1:BC:09:41,PoliSemFio,90,1068.5844070911407,B2-01,1,4
258,54:F0:B1:BC:09:42,,90,1068.5844070911407,B2-01,1,4
259,54:F0:B1:BC:09:60,eduroam,84,1068.5844070911407,B2-01,1,4
260,54:F0:B1:BC:09:61,PoliSemFio,84,1068.5844070911407,B2-01,1,4
261,54:F0:B1:BC:1B:D0,eduroam,47,1068.5844070911407,B2-01,1,4
262,54:F0:B1:BC:1B:D1,PoliSemFio,54,1068.5844070911407,B2-01,1,4
263,54:F0:B1:BC:1B:D2,,54,1068.5844070911407,B2-01,1,4
264,54:F0:B1:BC:1B:F0,eduroam,20,1068.5844070911407,B2-01,1,4
265,54:F0:B1:BC:1B:F1,PoliSemFio,20,1068.5844070911407,B2-01,1,4
266,54:F0:B1:BC:2E:90,eduroam,62,1068.5844070911407,B2-01,1,4
267,54:F0:B1:BC:2E:91,PoliSemFio,60,1068.5844070911407,B2-01,1,4
268,54:F0:B1:BC:2E:92,,62,1068.5844070911407,B2-01,1,4
269,54:F0:B1:BC:2E:B0,eduroam,30,1068.5844070911407,B2-01,1,4
270,54:F0:B1:BC:2E:B1,PoliSemFio,30,1068.5844070911407,B2-01,1,4
271,54:F0:B1:BC:36:10,PoliSemFio,19,1068.5844070911407,B2-01,1,4
272,54:F0:B1:BC:3F:10,eduroam,32,1068.5844070911407,B2-01,1,4
273,54:F0:B1:BC:3F:11,PoliSemFio,30,1068.5844070911407,B2-01,1,4
274,54:F0:B1:BC:3F:12,,32,1068.5844070911407,B2-01,1,4
275,54:F0:B1:BC:65:B0,eduroam,32,1068.5844070911407,B2-01,1,4
276,54:F0:B1:BC:65:B1,PoliSemFio,35,1068.5844070911407,B2-01,1,4
277,54:F0:B1:BC:65:B2,,34,1068.5844070911407,B2-01,1,4
278,54:F0:B1:BC:70:01,PoliSemFio,55,1068.5844070911407,B2-01,1,4
279,54:F0:B1:BC:70:20,eduroam,9,1068.5844070911407,B2-01,1,4
280,54:F0:B1:BC:70:21,PoliSemFio,10,1068.5844070911407,B2-01,1,4
281,54:F0:B1:BC:77:81,PoliSemFio,47,1068.5844070911407,B2-01,1,4
282,54:F0:B1:BC:77:82,,47,1068.5844070911407,B2-01,1,4
283,54:F0:B1:BC:77:A0,eduroam,22,1068.5844070911407,B2-01,1,4
284,54:F0:B1:BC:77:A1,PoliSemFio,22,1068.5844070911407,B2-01,1,4
285,54:F0:B1:BC:77:A2,,24,1068.5844070911407,B2-01,1,4
286,68:FF:7B:47:78:BE,C1-22M,29,1068.5844070911407,B2-01,1,4
287,70:62:B8:6E:72:A0,PCS-wireless-C1-13,24,1068.5844070911407,B2-01,1,4
288,70:62:B8:6E:72:A1,PPGEE,20,1068.5844070911407,B2-01,1,4
289,84:D4:7E:06:4F:E0,eduroam,54,1068.5844070911407,B2-01,1,4
290,84:D4:7E:06:4F:E1,PoliSemFio,49,1068.5844070911407,B2-01,1,4
291,84:D4:7E:06:4F:E2,,49,1068.5844070911407,B2-01,1,4
292,84:D4:7E:06:4F:F0,eduroam,20,1068.5844070911407,B2-01,1,4
293,84:D4:7E:06:4F:F1,PoliSemFio,20,1068.5844070911407,B2-01,1,4
294,DC:9F:DB:1C:1F:E0,LWN-3,29,1068.5844070911407,B2-01,1,4
295,DE:9F:DB:1C:1F:E0,LARC Guest,29,1068.5844070911407,B2-01,1,4
296,FE:9F:DB:1C:1F:E0,,25,1068.5844070911407,B2-01,1,4
297,34:60:F9:A3:D9:14,GASWIFI-2G_C2,30,1071.2399487495422,B2-01,1,4
298,34:60:F9:A3:E7:3F,GASWIFI_C4,34,1071.2399487495422,B2-01,1,4
299,34:CE:00:51:3E:6F,Lab,60,1071.2399487495422,B2-01,1,4
300,34:CE:00:51:3E:70,Lab_5G,19,1071.2399487495422,B2-01,1,4
301,48:00:20:34:D2:40,eduroam,19,1071.2399487495422,B2-01,1,4
302,54:B8:0A:AA:2C:8C,LAB_DIGITAL,35,1071.2399487495422,B2-01,1,4
303,54:B8:0A:AA:2C:8D,PCS-Wireless,35,1071.2399487495422,B2-01,1,4
304,54:F0:B1:A1:18:C0,eduroam,17,1071.2399487495422,B2-01,1,4
305,54:F0:B1:A1:18:C1,PoliSemFio,19,1071.2399487495422,B2-01,1,4
306,54:F0:B1:A1:18:C3,MEZANINO,17,1071.2399487495422,B2-01,1,4
307,54:F0:B1:A1:18:C4,GDLAB,17,1071.2399487495422,B2-01,1,4
308,54:F0:B1:A1:18:C5,LABPAD,19,1071.2399487495422,B2-01,1,4
309,54:F0:B1:A1:18:D0,eduroam,34,1071.2399487495422,B2-01,1,4
310,54:F0:B1:A1:18:D1,PoliSemFio,34,1071.2399487495422,B2-01,1,4
311,54:F0:B1:A1:18:D2,,29,1071.2399487495422,B2-01,1,4
312,54:F0:B1:A1:18:D3,MEZANINO,35,1071.2399487495422,B2-01,1,4
313,54:F0:B1:A1:18:D4,GDLAB,32,1071.2399487495422,B2-01,1,4
314,54:F0:B1:A1:18:D5,LABPAD,32,1071.2399487495422,B2-01,1,4
315,54:F0:B1:A1:58:00,eduroam,34,1071.2399487495422,B2-01,1,4
316,54:F0:B1:A1:58:01,PoliSemFio,32,1071.2399487495422,B2-01,1,4
317,54:F0:B1:A1:58:02,,34,1071.2399487495422,B2-01,1,4
318,54:F0:B1:A1:E5:00,eduroam,17,1071.2399487495422,B2-01,1,4
319,54:F0:B1:A2:56:70,eduroam,10,1071.2399487495422,B2-01,1,4
320,54:F0:B1:A2:56:71,PoliSemFio,20,1071.2399487495422,B2-01,1,4
321,54:F0:B1:A2:57:30,eduroam,20,1071.2399487495422,B2-01,1,4
322,54:F0:B1:BB:5A:81,PoliSemFio,25,1071.2399487495422,B2-01,1,4
323,54:F0:B1:BB:5A:82,HACKER,19,1071.2399487495422,B2-01,1,4
324,54:F0:B1:BB:5A:83,LEP,19,1071.2399487495422,B2-01,1,4
325,54:F0:B1:BB:80:C2,,32,1071.2399487495422,B2-01,1,4
326,54:F0:B1:BB:80:C3,LABPROG,35,1071.2399487495422,B2-01,1,4
327,54:F0:B1:BB:84:B0,eduroam,17,1071.2399487495422,B2-01,1,4
328,54:F0:B1:BB:BE:11,PoliSemFio,22,1071.2399487495422,B2-01,1,4
329,54:F0:B1:BB:BE:12,,19,1071.2399487495422,B2-01,1,4
330,54:F0:B1:BB:BE:13,CAEEL,15,1071.2399487495422,B2-01,1,4
331,54:F0:B1:BB:C4:D0,eduroam,52,1071.2399487495422,B2-01,1,4
332,54:F0:B1:BB:C4:D2,,55,1071.2399487495422,B2-01,1,4
333,54:F0:B1:BB:C4:F0,eduroam,37,1071.2399487495422,B2-01,1,4
334,54:F0:B1:BB:C4:F1,PoliSemFio,37,1071.2399487495422,B2-01,1,4
335,54:F0:B1:BB:F3:20,eduroam,22,1071.2399487495422,B2-01,1,4
336,54:F0:B1:BB:FD:D2,,29,1071.2399487495422,B2-01,1,4
337,54:F0:B1:BC:09:40,eduroam,82,1071.2399487495422,B2-01,1,4
338,54:F0:B1:BC:09:41,PoliSemFio,90,1071.2399487495422,B2-01,1,4
339,54:F0:B1:BC:09:42,,90,1071.2399487495422,B2-01,1,4
340,54:F0:B1:BC:09:60,eduroam,76,1071.2399487495422,B2-01,1,4
341,54:F0:B1:BC:09:61,PoliSemFio,84,1071.2399487495422,B2-01,1,4
342,54:F0:B1:BC:1B:D0,eduroam,47,1071.2399487495422,B2-01,1,4
343,54:F0:B1:BC:1B:D1,PoliSemFio,54,1071.2399487495422,B2-01,1,4
344,54:F0:B1:BC:1B:D2,,54,1071.2399487495422,B2-01,1,4
345,54:F0:B1:BC:1B:F0,eduroam,20,1071.2399487495422,B2-01,1,4
346,54:F0:B1:BC:1B:F1,PoliSemFio,20,1071.2399487495422,B2-01,1,4
347,54:F0:B1:BC:2E:90,eduroam,62,1071.2399487495422,B2-01,1,4
348,54:F0:B1:BC:2E:91,PoliSemFio,60,1071.2399487495422,B2-01,1,4
349,54:F0:B1:BC:2E:92,,62,1071.2399487495422,B2-01,1,4
350,54:F0:B1:BC:2E:B0,eduroam,30,1071.2399487495422,B2-01,1,4
351,54:F0:B1:BC:2E:B1,PoliSemFio,30,1071.2399487495422,B2-01,1,4
352,54:F0:B1:BC:36:10,PoliSemFio,19,1071.2399487495422,B2-01,1,4
353,54:F0:B1:BC:3F:10,eduroam,32,1071.2399487495422,B2-01,1,4
354,54:F0:B1:BC:3F:11,PoliSemFio,30,1071.2399487495422,B2-01,1,4
355,54:F0:B1:BC:3F:12,,32,1071.2399487495422,B2-01,1,4
356,54:F0:B1:BC:65:B0,eduroam,32,1071.2399487495422,B2-01,1,4
357,54:F0:B1:BC:65:B1,PoliSemFio,35,1071.2399487495422,B2-01,1,4
358,54:F0:B1:BC:65:B2,,34,1071.2399487495422,B2-01,1,4
359,54:F0:B1:BC:70:01,PoliSemFio,55,1071.2399487495422,B2-01,1,4
360,54:F0:B1:BC:70:20,eduroam,9,1071.2399487495422,B2-01,1,4
361,54:F0:B1:BC:70:21,PoliSemFio,10,1071.2399487495422,B2-01,1,4
362,54:F0:B1:BC:77:81,PoliSemFio,47,1071.2399487495422,B2-01,1,4
363,54:F0:B1:BC:77:82,,47,1071.2399487495422,B2-01,1,4
364,54:F0:B1:BC:77:A0,eduroam,22,1071.2399487495422,B2-01,1,4
365,54:F0:B1:BC:77:A1,PoliSemFio,22,1071.2399487495422,B2-01,1,4
366,54:F0:B1:BC:77:A2,,24,1071.2399487495422,B2-01,1,4
367,68:FF:7B:47:78:BE,C1-22M,29,1071.2399487495422,B2-01,1,4
368,70:62:B8:6E:72:A0,PCS-wireless-C1-13,24,1071.2399487495422,B2-01,1,4
369,70:62:B8:6E:72:A1,PPGEE,20,1071.2399487495422,B2-01,1,4
370,84:D4:7E:06:4F:E0,eduroam,54,1071.2399487495422,B2-01,1,4
371,84:D4:7E:06:4F:E1,PoliSemFio,49,1071.2399487495422,B2-01,1,4
372,84:D4:7E:06:4F:E2,,49,1071.2399487495422,B2-01,1,4
373,84:D4:7E:06:4F:F0,eduroam,20,1071.2399487495422,B2-01,1,4
374,84:D4:7E:06:4F:F1,PoliSemFio,20,1071.2399487495422,B2-01,1,4
375,DC:9F:DB:1C:1F:E0,LWN-3,29,1071.2399487495422,B2-01,1,4
376,DE:9F:DB:1C:1F:E0,LARC Guest,29,1071.2399487495422,B2-01,1,4
377,FE:9F:DB:1C:1F:E0,,25,1071.2399487495422,B2-01,1,4
378,34:60:F9:A3:D9:14,GASWIFI-2G_C2,30,1077.470338344574,B2-01,1,4
379,34:60:F9:A3:E7:3F,GASWIFI_C4,34,1077.470338344574,B2-01,1,4
380,34:CE:00:51:3E:6F,Lab,69,1077.470338344574,B2-01,1,4
381,34:CE:00:51:3E:70,Lab_5G,14,1077.470338344574,B2-01,1,4
382,48:00:20:34:D2:40,eduroam,19,1077.470338344574,B2-01,1,4
383,54:B8:0A:AA:2C:8C,LAB_DIGITAL,35,1077.470338344574,B2-01,1,4
384,54:B8:0A:AA:2C:8D,PCS-Wireless,35,1077.470338344574,B2-01,1,4
385,54:F0:B1:A1:18:C0,eduroam,19,1077.470338344574,B2-01,1,4
386,54:F0:B1:A1:18:C1,PoliSemFio,17,1077.470338344574,B2-01,1,4
387,54:F0:B1:A1:18:C3,MEZANINO,15,1077.470338344574,B2-01,1,4
388,54:F0:B1:A1:18:C4,GDLAB,19,1077.470338344574,B2-01,1,4
389,54:F0:B1:A1:18:C5,LABPAD,17,1077.470338344574,B2-01,1,4
390,54:F0:B1:A1:18:D0,eduroam,34,1077.470338344574,B2-01,1,4
391,54:F0:B1:A1:18:D1,PoliSemFio,34,1077.470338344574,B2-01,1,4
392,54:F0:B1:A1:18:D2,,29,1077.470338344574,B2-01,1,4
393,54:F0:B1:A1:18:D3,MEZANINO,37,1077.470338344574,B2-01,1,4
394,54:F0:B1:A1:18:D4,GDLAB,32,1077.470338344574,B2-01,1,4
395,54:F0:B1:A1:18:D5,LABPAD,34,1077.470338344574,B2-01,1,4
396,54:F0:B1:A1:58:00,eduroam,34,1077.470338344574,B2-01,1,4
397,54:F0:B1:A1:58:01,PoliSemFio,44,1077.470338344574,B2-01,1,4
398,54:F0:B1:A1:58:02,,34,1077.470338344574,B2-01,1,4
399,54:F0:B1:A1:E5:00,eduroam,17,1077.470338344574,B2-01,1,4
400,54:F0:B1:A1:E5:02,,24,1077.470338344574,B2-01,1,4
401,54:F0:B1:A2:56:70,eduroam,10,1077.470338344574,B2-01,1,4
402,54:F0:B1:A2:56:71,PoliSemFio,20,1077.470338344574,B2-01,1,4
403,54:F0:B1:A2:57:30,eduroam,20,1077.470338344574,B2-01,1,4
404,54:F0:B1:BB:5A:80,eduroam,37,1077.470338344574,B2-01,1,4
405,54:F0:B1:BB:5A:81,PoliSemFio,25,1077.470338344574,B2-01,1,4
406,54:F0:B1:BB:5A:82,HACKER,39,1077.470338344574,B2-01,1,4
407,54:F0:B1:BB:5A:83,LEP,39,1077.470338344574,B2-01,1,4
408,54:F0:B1:BB:5A:84,,37,1077.470338344574,B2-01,1,4
409,54:F0:B1:BB:80:C2,,32,1077.470338344574,B2-01,1,4
410,54:F0:B1:BB:80:C3,LABPROG,35,1077.470338344574,B2-01,1,4
411,54:F0:B1:BB:84:B0,eduroam,22,1077.470338344574,B2-01,1,4
412,54:F0:B1:BB:84:B1,PoliSemFio,22,1077.470338344574,B2-01,1,4
413,54:F0:B1:BB:BE:11,PoliSemFio,22,1077.470338344574,B2-01,1,4
414,54:F0:B1:BB:BE:12,,19,1077.470338344574,B2-01,1,4
415,54:F0:B1:BB:BE:13,CAEEL,15,1077.470338344574,B2-01,1,4
416,54:F0:B1:BB:C4:D0,eduroam,62,1077.470338344574,B2-01,1,4
417,54:F0:B1:BB:C4:D1,PoliSemFio,59,1077.470338344574,B2-01,1,4
418,54:F0:B1:BB:C4:D2,,55,1077.470338344574,B2-01,1,4
419,54:F0:B1:BB:C4:F0,eduroam,42,1077.470338344574,B2-01,1,4
420,54:F0:B1:BB:C4:F1,PoliSemFio,42,1077.470338344574,B2-01,1,4
421,54:F0:B1:BB:F3:20,eduroam,22,1077.470338344574,B2-01,1,4
422,54:F0:B1:BB:F3:22,,22,1077.470338344574,B2-01,1,4
423,54:F0:B1:BB:FD:D2,,29,1077.470338344574,B2-01,1,4
424,54:F0:B1:BC:09:40,eduroam,100,1077.470338344574,B2-01,1,4
425,54:F0:B1:BC:09:41,PoliSemFio,100,1077.470338344574,B2-01,1,4
426,54:F0:B1:BC:09:42,,100,1077.470338344574,B2-01,1,4
427,54:F0:B1:BC:09:60,eduroam,95,1077.470338344574,B2-01,1,4
428,54:F0:B1:BC:09:61,PoliSemFio,95,1077.470338344574,B2-01,1,4
429,54:F0:B1:BC:1B:D0,eduroam,54,1077.470338344574,B2-01,1,4
430,54:F0:B1:BC:1B:D1,PoliSemFio,54,1077.470338344574,B2-01,1,4
431,54:F0:B1:BC:1B:D2,,54,1077.470338344574,B2-01,1,4
432,54:F0:B1:BC:1B:F0,eduroam,22,1077.470338344574,B2-01,1,4
433,54:F0:B1:BC:1B:F1,PoliSemFio,22,1077.470338344574,B2-01,1,4
434,54:F0:B1:BC:2E:90,eduroam,62,1077.470338344574,B2-01,1,4
435,54:F0:B1:BC:2E:91,PoliSemFio,60,1077.470338344574,B2-01,1,4
436,54:F0:B1:BC:2E:92,,62,1077.470338344574,B2-01,1,4
437,54:F0:B1:BC:2E:B0,eduroam,27,1077.470338344574,B2-01,1,4
438,54:F0:B1:BC:2E:B1,PoliSemFio,27,1077.470338344574,B2-01,1,4
439,54:F0:B1:BC:36:10,PoliSemFio,27,1077.470338344574,B2-01,1,4
440,54:F0:B1:BC:3F:10,eduroam,32,1077.470338344574,B2-01,1,4
441,54:F0:B1:BC:3F:11,PoliSemFio,30,1077.470338344574,B2-01,1,4
442,54:F0:B1:BC:3F:12,,32,1077.470338344574,B2-01,1,4
443,54:F0:B1:BC:65:B0,eduroam,32,1077.470338344574,B2-01,1,4
444,54:F0:B1:BC:65:B1,PoliSemFio,35,1077.470338344574,B2-01,1,4
445,54:F0:B1:BC:65:B2,,34,1077.470338344574,B2-01,1,4
446,54:F0:B1:BC:70:00,eduroam,45,1077.470338344574,B2-01,1,4
447,54:F0:B1:BC:70:01,PoliSemFio,45,1077.470338344574,B2-01,1,4
448,54:F0:B1:BC:70:20,eduroam,14,1077.470338344574,B2-01,1,4
449,54:F0:B1:BC:70:21,PoliSemFio,14,1077.470338344574,B2-01,1,4
450,54:F0:B1:BC:77:81,PoliSemFio,47,1077.470338344574,B2-01,1,4
451,54:F0:B1:BC:77:82,,47,1077.470338344574,B2-01,1,4
452,54:F0:B1:BC:77:A0,eduroam,20,1077.470338344574,B2-01,1,4
453,54:F0:B1:BC:77:A1,PoliSemFio,22,1077.470338344574,B2-01,1,4
454,54:F0:B1:BC:77:A2,,24,1077.470338344574,B2-01,1,4
455,54:F0:B1:BC:8F:20,eduroam,10,1077.470338344574,B2-01,1,4
456,68:FF:7B:47:78:BE,C1-22M,39,1077.470338344574,B2-01,1,4
457,70:62:B8:6E:72:A0,PCS-wireless-C1-13,24,1077.470338344574,B2-01,1,4
458,70:62:B8:6E:72:A1,PPGEE,20,1077.470338344574,B2-01,1,4
459,84:D4:7E:06:4F:E0,eduroam,54,1077.470338344574,B2-01,1,4
460,84:D4:7E:06:4F:E1,PoliSemFio,55,1077.470338344574,B2-01,1,4
461,84:D4:7E:06:4F:E2,,55,1077.470338344574,B2-01,1,4
462,84:D4:7E:06:4F:F0,eduroam,25,1077.470338344574,B2-01,1,4
463,84:D4:7E:06:4F:F1,PoliSemFio,27,1077.470338344574,B2-01,1,4
464,DC:9F:DB:1C:1F:D7,LWN-3,24,1077.470338344574,B2-01,1,4
465,DC:9F:DB:1C:1F:E0,LWN-3,29,1077.470338344574,B2-01,1,4
466,DE:9F:DB:1C:1F:E0,LARC Guest,29,1077.470338344574,B2-01,1,4
467,EE:9F:DB:1C:1F:E0,,30,1077.470338344574,B2-01,1,4
468,FE:9F:DB:1C:1F:E0,,32,1077.470338344574,B2-01,1,4
469,00:18:E7:FF:8C:98,dlink,17,1087.3549942970276,B2-01,1,4
470,34:60:F9:A3:D9:14,GASWIFI-2G_C2,34,1087.3549942970276,B2-01,1,4
471,34:60:F9:A3:E7:3F,GASWIFI_C4,29,1087.3549942970276,B2-01,1,4
472,34:CE:00:51:3E:6F,Lab,54,1087.3549942970276,B2-01,1,4
473,34:CE:00:51:3E:70,Lab_5G,24,1087.3549942970276,B2-01,1,4
474,48:00:20:34:D2:40,eduroam,19,1087.3549942970276,B2-01,1,4
475,54:B8:0A:AA:2C:8C,LAB_DIGITAL,35,1087.3549942970276,B2-01,1,4
476,54:B8:0A:AA:2C:8D,PCS-Wireless,35,1087.3549942970276,B2-01,1,4
477,54:F0:B1:A1:18:C0,eduroam,17,1087.3549942970276,B2-01,1,4
478,54:F0:B1:A1:18:C1,PoliSemFio,15,1087.3549942970276,B2-01,1,4
479,54:F0:B1:A1:18:C3,MEZANINO,15,1087.3549942970276,B2-01,1,4
480,54:F0:B1:A1:18:C4,GDLAB,15,1087.3549942970276,B2-01,1,4
481,54:F0:B1:A1:18:C5,LABPAD,17,1087.3549942970276,B2-01,1,4
482,54:F0:B1:A1:18:D0,eduroam,34,1087.3549942970276,B2-01,1,4
483,54:F0:B1:A1:18:D1,PoliSemFio,34,1087.3549942970276,B2-01,1,4
484,54:F0:B1:A1:18:D2,,35,1087.3549942970276,B2-01,1,4
485,54:F0:B1:A1:18:D3,MEZANINO,37,1087.3549942970276,B2-01,1,4
486,54:F0:B1:A1:18:D4,GDLAB,32,1087.3549942970276,B2-01,1,4
487,54:F0:B1:A1:18:D5,LABPAD,34,1087.3549942970276,B2-01,1,4
488,54:F0:B1:A1:57:F2,,12,1087.3549942970276,B2-01,1,4
489,54:F0:B1:A1:58:00,eduroam,45,1087.3549942970276,B2-01,1,4
490,54:F0:B1:A1:58:01,PoliSemFio,37,1087.3549942970276,B2-01,1,4
491,54:F0:B1:A1:58:02,,39,1087.3549942970276,B2-01,1,4
492,54:F0:B1:A1:E5:00,eduroam,17,1087.3549942970276,B2-01,1,4
493,54:F0:B1:A1:E5:02,,24,1087.3549942970276,B2-01,1,4
494,54:F0:B1:A2:56:70,eduroam,10,1087.3549942970276,B2-01,1,4
495,54:F0:B1:A2:56:71,PoliSemFio,20,1087.3549942970276,B2-01,1,4
496,54:F0:B1:A2:57:30,eduroam,25,1087.3549942970276,B2-01,1,4
497,54:F0:B1:BB:5A:80,eduroam,37,1087.3549942970276,B2-01,1,4
498,54:F0:B1:BB:5A:81,PoliSemFio,25,1087.3549942970276,B2-01,1,4
499,54:F0:B1:BB:5A:82,HACKER,39,1087.3549942970276,B2-01,1,4
500,54:F0:B1:BB:5A:83,LEP,39,1087.3549942970276,B2-01,1,4
501,54:F0:B1:BB:5A:84,,37,1087.3549942970276,B2-01,1,4
502,54:F0:B1:BB:80:C2,,32,1087.3549942970276,B2-01,1,4
503,54:F0:B1:BB:80:C3,LABPROG,35,1087.3549942970276,B2-01,1,4
504,54:F0:B1:BB:84:B0,eduroam,12,1087.3549942970276,B2-01,1,4
505,54:F0:B1:BB:84:B1,PoliSemFio,22,1087.3549942970276,B2-01,1,4
506,54:F0:B1:BB:BE:11,PoliSemFio,22,1087.3549942970276,B2-01,1,4
507,54:F0:B1:BB:BE:12,,22,1087.3549942970276,B2-01,1,4
508,54:F0:B1:BB:BE:13,CAEEL,15,1087.3549942970276,B2-01,1,4
509,54:F0:B1:BB:C4:D0,eduroam,45,1087.3549942970276,B2-01,1,4
510,54:F0:B1:BB:C4:D1,PoliSemFio,49,1087.3549942970276,B2-01,1,4
511,54:F0:B1:BB:C4:D2,,49,1087.3549942970276,B2-01,1,4
512,54:F0:B1:BB:C4:F0,eduroam,42,1087.3549942970276,B2-01,1,4
513,54:F0:B1:BB:C4:F1,PoliSemFio,45,1087.3549942970276,B2-01,1,4
514,54:F0:B1:BB:F3:20,eduroam,14,1087.3549942970276,B2-01,1,4
515,54:F0:B1:BB:F3:22,,22,1087.3549942970276,B2-01,1,4
516,54:F0:B1:BB:FD:D2,,29,1087.3549942970276,B2-01,1,4
517,54:F0:B1:BC:09:40,eduroam,89,1087.3549942970276,B2-01,1,4
518,54:F0:B1:BC:09:41,PoliSemFio,97,1087.3549942970276,B2-01,1,4
519,54:F0:B1:BC:09:42,,97,1087.3549942970276,B2-01,1,4
520,54:F0:B1:BC:09:60,eduroam,92,1087.3549942970276,B2-01,1,4
521,54:F0:B1:BC:09:61,PoliSemFio,92,1087.3549942970276,B2-01,1,4
522,54:F0:B1:BC:1B:D0,eduroam,54,1087.3549942970276,B2-01,1,4
523,54:F0:B1:BC:1B:D1,PoliSemFio,54,1087.3549942970276,B2-01,1,4
524,54:F0:B1:BC:1B:D2,,54,1087.3549942970276,B2-01,1,4
525,54:F0:B1:BC:1B:F0,eduroam,15,1087.3549942970276,B2-01,1,4
526,54:F0:B1:BC:1B:F1,PoliSemFio,15,1087.3549942970276,B2-01,1,4
527,54:F0:B1:BC:2E:90,eduroam,44,1087.3549942970276,B2-01,1,4
528,54:F0:B1:BC:2E:91,PoliSemFio,35,1087.3549942970276,B2-01,1,4
529,54:F0:B1:BC:2E:92,,62,1087.3549942970276,B2-01,1,4
530,54:F0:B1:BC:2E:B0,eduroam,32,1087.3549942970276,B2-01,1,4
531,54:F0:B1:BC:2E:B1,PoliSemFio,30,1087.3549942970276,B2-01,1,4
532,54:F0:B1:BC:36:10,PoliSemFio,27,1087.3549942970276,B2-01,1,4
533,54:F0:B1:BC:3F:10,eduroam,29,1087.3549942970276,B2-01,1,4
534,54:F0:B1:BC:3F:11,PoliSemFio,30,1087.3549942970276,B2-01,1,4
535,54:F0:B1:BC:3F:12,,32,1087.3549942970276,B2-01,1,4
536,54:F0:B1:BC:65:B0,eduroam,32,1087.3549942970276,B2-01,1,4
537,54:F0:B1:BC:65:B1,PoliSemFio,35,1087.3549942970276,B2-01,1,4
538,54:F0:B1:BC:65:B2,,34,1087.3549942970276,B2-01,1,4
539,54:F0:B1:BC:70:00,eduroam,45,1087.3549942970276,B2-01,1,4
540,54:F0:B1:BC:70:01,PoliSemFio,40,1087.3549942970276,B2-01,1,4
541,54:F0:B1:BC:70:20,eduroam,9,1087.3549942970276,B2-01,1,4
542,54:F0:B1:BC:70:21,PoliSemFio,12,1087.3549942970276,B2-01,1,4
543,54:F0:B1:BC:77:80,eduroam,37,1087.3549942970276,B2-01,1,4
544,54:F0:B1:BC:77:81,PoliSemFio,44,1087.3549942970276,B2-01,1,4
545,54:F0:B1:BC:77:82,,44,1087.3549942970276,B2-01,1,4
546,54:F0:B1:BC:77:A0,eduroam,19,1087.3549942970276,B2-01,1,4
547,54:F0:B1:BC:77:A1,PoliSemFio,19,1087.3549942970276,B2-01,1,4
548,54:F0:B1:BC:77:A2,,24,1087.3549942970276,B2-01,1,4
549,54:F0:B1:BC:8F:20,eduroam,10,1087.3549942970276,B2-01,1,4
550,68:FF:7B:47:78:BE,C1-22M,32,1087.3549942970276,B2-01,1,4
551,70:62:B8:6E:72:A0,PCS-wireless-C1-13,24,1087.3549942970276,B2-01,1,4
552,70:62:B8:6E:72:A1,PPGEE,32,1087.3549942970276,B2-01,1,4
553,84:D4:7E:06:4F:E0,eduroam,54,1087.3549942970276,B2-01,1,4
554,84:D4:7E:06:4F:E1,PoliSemFio,55,1087.3549942970276,B2-01,1,4
555,84:D4:7E:06:4F:E2,,55,1087.3549942970276,B2-01,1,4
556,84:D4:7E:06:4F:F0,eduroam,19,1087.3549942970276,B2-01,1,4
557,84:D4:7E:06:4F:F1,PoliSemFio,27,1087.3549942970276,B2-01,1,4
558,DC:9F:DB:1C:1F:D7,LWN-3,24,1087.3549942970276,B2-01,1,4
559,DC:9F:DB:1C:1F:E0,LWN-3,30,1087.3549942970276,B2-01,1,4
560,DE:9F:DB:1C:1F:E0,LARC Guest,29,1087.3549942970276,B2-01,1,4
561,EE:9F:DB:1C:1F:E0,,30,1087.3549942970276,B2-01,1,4
562,FE:9F:DB:1C:1F:E0,,32,1087.3549942970276,B2-01,1,4
563,00:18:E7:FF:8C:98,dlink,17,1089.998170375824,B2-01,1,4
564,34:60:F9:A3:D9:14,GASWIFI-2G_C2,34,1089.998170375824,B2-01,1,4
565,34:60:F9:A3:E7:3F,GASWIFI_C4,29,1089.998170375824,B2-01,1,4
566,34:CE:00:51:3E:6F,Lab,54,1089.998170375824,B2-01,1,4
567,34:CE:00:51:3E:70,Lab_5G,24,1089.998170375824,B2-01,1,4
568,48:00:20:34:D2:40,eduroam,19,1089.998170375824,B2-01,1,4
569,54:B8:0A:AA:2C:8C,LAB_DIGITAL,35,1089.998170375824,B2-01,1,4
570,54:B8:0A:AA:2C:8D,PCS-Wireless,35,1089.998170375824,B2-01,1,4
571,54:F0:B1:A1:18:C0,eduroam,17,1089.998170375824,B2-01,1,4
572,54:F0:B1:A1:18:C1,PoliSemFio,15,1089.998170375824,B2-01,1,4
573,54:F0:B1:A1:18:C3,MEZANINO,15,1089.998170375824,B2-01,1,4
574,54:F0:B1:A1:18:C4,GDLAB,15,1089.998170375824,B2-01,1,4
575,54:F0:B1:A1:18:C5,LABPAD,17,1089.998170375824,B2-01,1,4
576,54:F0:B1:A1:18:D0,eduroam,34,1089.998170375824,B2-01,1,4
577,54:F0:B1:A1:18:D1,PoliSemFio,34,1089.998170375824,B2-01,1,4
578,54:F0:B1:A1:18:D2,,35,1089.998170375824,B2-01,1,4
579,54:F0:B1:A1:18:D3,MEZANINO,37,1089.998170375824,B2-01,1,4
580,54:F0:B1:A1:18:D4,GDLAB,32,1089.998170375824,B2-01,1,4
581,54:F0:B1:A1:18:D5,LABPAD,34,1089.998170375824,B2-01,1,4
582,54:F0:B1:A1:57:F2,,12,1089.998170375824,B2-01,1,4
583,54:F0:B1:A1:58:00,eduroam,45,1089.998170375824,B2-01,1,4
584,54:F0:B1:A1:58:01,PoliSemFio,37,1089.998170375824,B2-01,1,4
585,54:F0:B1:A1:58:02,,39,1089.998170375824,B2-01,1,4
586,54:F0:B1:A1:E5:00,eduroam,17,1089.998170375824,B2-01,1,4
587,54:F0:B1:A1:E5:02,,24,1089.998170375824,B2-01,1,4
588,54:F0:B1:A2:56:70,eduroam,10,1089.998170375824,B2-01,1,4
589,54:F0:B1:A2:56:71,PoliSemFio,20,1089.998170375824,B2-01,1,4
590,54:F0:B1:A2:57:30,eduroam,25,1089.998170375824,B2-01,1,4
591,54:F0:B1:BB:5A:80,eduroam,37,1089.998170375824,B2-01,1,4
592,54:F0:B1:BB:5A:81,PoliSemFio,25,1089.998170375824,B2-01,1,4
593,54:F0:B1:BB:5A:82,HACKER,39,1089.998170375824,B2-01,1,4
594,54:F0:B1:BB:5A:83,LEP,39,1089.998170375824,B2-01,1,4
595,54:F0:B1:BB:5A:84,,37,1089.998170375824,B2-01,1,4
596,54:F0:B1:BB:80:C2,,32,1089.998170375824,B2-01,1,4
597,54:F0:B1:BB:80:C3,LABPROG,35,1089.998170375824,B2-01,1,4
598,54:F0:B1:BB:84:B0,eduroam,12,1089.998170375824,B2-01,1,4
599,54:F0:B1:BB:84:B1,PoliSemFio,22,1089.998170375824,B2-01,1,4
600,54:F0:B1:BB:BE:11,PoliSemFio,22,1089.998170375824,B2-01,1,4
601,54:F0:B1:BB:BE:12,,22,1089.998170375824,B2-01,1,4
602,54:F0:B1:BB:BE:13,CAEEL,15,1089.998170375824,B2-01,1,4
603,54:F0:B1:BB:C4:D0,eduroam,45,1089.998170375824,B2-01,1,4
604,54:F0:B1:BB:C4:D1,PoliSemFio,49,1089.998170375824,B2-01,1,4
605,54:F0:B1:BB:C4:D2,,49,1089.998170375824,B2-01,1,4
606,54:F0:B1:BB:C4:F0,eduroam,42,1089.998170375824,B2-01,1,4
607,54:F0:B1:BB:C4:F1,PoliSemFio,45,1089.998170375824,B2-01,1,4
608,54:F0:B1:BB:F3:20,eduroam,14,1089.998170375824,B2-01,1,4
609,54:F0:B1:BB:F3:22,,22,1089.998170375824,B2-01,1,4
610,54:F0:B1:BB:FD:D2,,29,1089.998170375824,B2-01,1,4
611,54:F0:B1:BC:09:40,eduroam,89,1089.998170375824,B2-01,1,4
612,54:F0:B1:BC:09:41,PoliSemFio,97,1089.998170375824,B2-01,1,4
613,54:F0:B1:BC:09:42,,97,1089.998170375824,B2-01,1,4
614,54:F0:B1:BC:09:60,eduroam,80,1089.998170375824,B2-01,1,4
615,54:F0:B1:BC:09:61,PoliSemFio,92,1089.998170375824,B2-01,1,4
616,54:F0:B1:BC:1B:D0,eduroam,54,1089.998170375824,B2-01,1,4
617,54:F0:B1:BC:1B:D1,PoliSemFio,54,1089.998170375824,B2-01,1,4
618,54:F0:B1:BC:1B:D2,,54,1089.998170375824,B2-01,1,4
619,54:F0:B1:BC:1B:F0,eduroam,15,1089.998170375824,B2-01,1,4
620,54:F0:B1:BC:1B:F1,PoliSemFio,15,1089.998170375824,B2-01,1,4
621,54:F0:B1:BC:2E:90,eduroam,44,1089.998170375824,B2-01,1,4
622,54:F0:B1:BC:2E:91,PoliSemFio,35,1089.998170375824,B2-01,1,4
623,54:F0:B1:BC:2E:92,,62,1089.998170375824,B2-01,1,4
624,54:F0:B1:BC:2E:B0,eduroam,32,1089.998170375824,B2-01,1,4
625,54:F0:B1:BC:2E:B1,PoliSemFio,30,1089.998170375824,B2-01,1,4
626,54:F0:B1:BC:36:10,PoliSemFio,27,1089.998170375824,B2-01,1,4
627,54:F0:B1:BC:3F:10,eduroam,29,1089.998170375824,B2-01,1,4
628,54:F0:B1:BC:3F:11,PoliSemFio,30,1089.998170375824,B2-01,1,4
629,54:F0:B1:BC:3F:12,,32,1089.998170375824,B2-01,1,4
630,54:F0:B1:BC:65:B0,eduroam,32,1089.998170375824,B2-01,1,4
631,54:F0:B1:BC:65:B1,PoliSemFio,35,1089.998170375824,B2-01,1,4
632,54:F0:B1:BC:65:B2,,34,1089.998170375824,B2-01,1,4
633,54:F0:B1:BC:70:00,eduroam,45,1089.998170375824,B2-01,1,4
634,54:F0:B1:BC:70:01,PoliSemFio,40,1089.998170375824,B2-01,1,4
635,54:F0:B1:BC:70:20,eduroam,9,1089.998170375824,B2-01,1,4
636,54:F0:B1:BC:70:21,PoliSemFio,12,1089.998170375824,B2-01,1,4
637,54:F0:B1:BC:77:80,eduroam,37,1089.998170375824,B2-01,1,4
638,54:F0:B1:BC:77:81,PoliSemFio,44,1089.998170375824,B2-01,1,4
639,54:F0:B1:BC:77:82,,44,1089.998170375824,B2-01,1,4
640,54:F0:B1:BC:77:A0,eduroam,19,1089.998170375824,B2-01,1,4
641,54:F0:B1:BC:77:A1,PoliSemFio,19,1089.998170375824,B2-01,1,4
642,54:F0:B1:BC:77:A2,,24,1089.998170375824,B2-01,1,4
643,54:F0:B1:BC:8F:20,eduroam,10,1089.998170375824,B2-01,1,4
644,68:FF:7B:47:78:BE,C1-22M,32,1089.998170375824,B2-01,1,4
645,70:62:B8:6E:72:A0,PCS-wireless-C1-13,24,1089.998170375824,B2-01,1,4
646,70:62:B8:6E:72:A1,PPGEE,32,1089.998170375824,B2-01,1,4
647,84:D4:7E:06:4F:E0,eduroam,54,1089.998170375824,B2-01,1,4
648,84:D4:7E:06:4F:E1,PoliSemFio,55,1089.998170375824,B2-01,1,4
649,84:D4:7E:06:4F:E2,,55,1089.998170375824,B2-01,1,4
650,84:D4:7E:06:4F:F0,eduroam,19,1089.998170375824,B2-01,1,4
651,84:D4:7E:06:4F:F1,PoliSemFio,27,1089.998170375824,B2-01,1,4
652,DC:9F:DB:1C:1F:D7,LWN-3,24,1089.998170375824,B2-01,1,4
653,DC:9F:DB:1C:1F:E0,LWN-3,30,1089.998170375824,B2-01,1,4
654,DE:9F:DB:1C:1F:E0,LARC Guest,29,1089.998170375824,B2-01,1,4
655,EE:9F:DB:1C:1F:E0,,30,1089.998170375824,B2-01,1,4
656,FE:9F:DB:1C:1F:E0,,32,1089.998170375824,B2-01,1,4
657,00:18:E7:FF:8C:98,dlink,17,1092.6220264434814,B2-01,1,4
658,30:85:A9:69:F2:E4,PCS-Wireless-C2-22,32,1092.6220264434814,B2-01,1,4
659,34:60:F9:A3:D9:14,GASWIFI-2G_C2,27,1092.6220264434814,B2-01,1,4
660,34:60:F9:A3:E7:3F,GASWIFI_C4,29,1092.6220264434814,B2-01,1,4
661,34:CE:00:51:3E:6F,Lab,55,1092.6220264434814,B2-01,1,4
662,34:CE:00:51:3E:70,Lab_5G,37,1092.6220264434814,B2-01,1,4
663,48:00:20:34:D2:40,eduroam,19,1092.6220264434814,B2-01,1,4
664,54:B8:0A:AA:2C:8C,LAB_DIGITAL,35,1092.6220264434814,B2-01,1,4
665,54:B8:0A:AA:2C:8D,PCS-Wireless,42,1092.6220264434814,B2-01,1,4
666,54:F0:B1:A1:18:C0,eduroam,17,1092.6220264434814,B2-01,1,4
667,54:F0:B1:A1:18:C1,PoliSemFio,17,1092.6220264434814,B2-01,1,4
668,54:F0:B1:A1:18:C3,MEZANINO,15,1092.6220264434814,B2-01,1,4
669,54:F0:B1:A1:18:C4,GDLAB,15,1092.6220264434814,B2-01,1,4
670,54:F0:B1:A1:18:C5,LABPAD,17,1092.6220264434814,B2-01,1,4
671,54:F0:B1:A1:18:D0,eduroam,34,1092.6220264434814,B2-01,1,4
672,54:F0:B1:A1:18:D1,PoliSemFio,34,1092.6220264434814,B2-01,1,4
673,54:F0:B1:A1:18:D2,,25,1092.6220264434814,B2-01,1,4
674,54:F0:B1:A1:18:D3,MEZANINO,24,1092.6220264434814,B2-01,1,4
675,54:F0:B1:A1:18:D4,GDLAB,32,1092.6220264434814,B2-01,1,4
676,54:F0:B1:A1:18:D5,LABPAD,34,1092.6220264434814,B2-01,1,4
677,54:F0:B1:A1:57:F0,eduroam,14,1092.6220264434814,B2-01,1,4
678,54:F0:B1:A1:57:F1,PoliSemFio,10,1092.6220264434814,B2-01,1,4
679,54:F0:B1:A1:57:F2,,14,1092.6220264434814,B2-01,1,4
680,54:F0:B1:A1:58:00,eduroam,42,1092.6220264434814,B2-01,1,4
681,54:F0:B1:A1:58:01,PoliSemFio,42,1092.6220264434814,B2-01,1,4
682,54:F0:B1:A1:58:02,,39,1092.6220264434814,B2-01,1,4
683,54:F0:B1:A1:E5:00,eduroam,17,1092.6220264434814,B2-01,1,4
684,54:F0:B1:A1:E5:02,,24,1092.6220264434814,B2-01,1,4
685,54:F0:B1:A2:56:70,eduroam,29,1092.6220264434814,B2-01,1,4
686,54:F0:B1:A2:56:71,PoliSemFio,34,1092.6220264434814,B2-01,1,4
687,54:F0:B1:A2:56:72,,35,1092.6220264434814,B2-01,1,4
688,54:F0:B1:A2:57:30,eduroam,32,1092.6220264434814,B2-01,1,4
689,54:F0:B1:A2:57:31,PoliSemFio,29,1092.6220264434814,B2-01,1,4
690,54:F0:B1:A2:57:32,,27,1092.6220264434814,B2-01,1,4
691,54:F0:B1:BB:5A:80,eduroam,37,1092.6220264434814,B2-01,1,4
692,54:F0:B1:BB:5A:81,PoliSemFio,25,1092.6220264434814,B2-01,1,4
693,54:F0:B1:BB:5A:82,HACKER,24,1092.6220264434814,B2-01,1,4
694,54:F0:B1:BB:5A:83,LEP,22,1092.6220264434814,B2-01,1,4
695,54:F0:B1:BB:5A:84,,25,1092.6220264434814,B2-01,1,4
696,54:F0:B1:BB:80:C2,,32,1092.6220264434814,B2-01,1,4
697,54:F0:B1:BB:80:C3,LABPROG,35,1092.6220264434814,B2-01,1,4
698,54:F0:B1:BB:84:B0,eduroam,22,1092.6220264434814,B2-01,1,4
699,54:F0:B1:BB:84:B1,PoliSemFio,22,1092.6220264434814,B2-01,1,4
700,54:F0:B1:BB:84:B2,,24,1092.6220264434814,B2-01,1,4
701,54:F0:B1:BB:BE:11,PoliSemFio,27,1092.6220264434814,B2-01,1,4
702,54:F0:B1:BB:BE:12,,24,1092.6220264434814,B2-01,1,4
703,54:F0:B1:BB:BE:13,CAEEL,15,1092.6220264434814,B2-01,1,4
704,54:F0:B1:BB:C4:D0,eduroam,45,1092.6220264434814,B2-01,1,4
705,54:F0:B1:BB:C4:D1,PoliSemFio,49,1092.6220264434814,B2-01,1,4
706,54:F0:B1:BB:C4:D2,,49,1092.6220264434814,B2-01,1,4
707,54:F0:B1:BB:C4:F0,eduroam,50,1092.6220264434814,B2-01,1,4
708,54:F0:B1:BB:C4:F1,PoliSemFio,52,1092.6220264434814,B2-01,1,4
709,54:F0:B1:BB:F3:20,eduroam,20,1092.6220264434814,B2-01,1,4
710,54:F0:B1:BB:F3:22,,22,1092.6220264434814,B2-01,1,4
711,54:F0:B1:BB:FD:D0,eduroam,14,1092.6220264434814,B2-01,1,4
712,54:F0:B1:BB:FD:D2,,29,1092.6220264434814,B2-01,1,4
713,54:F0:B1:BC:09:40,eduroam,100,1092.6220264434814,B2-01,1,4
714,54:F0:B1:BC:09:41,PoliSemFio,94,1092.6220264434814,B2-01,1,4
715,54:F0:B1:BC:09:42,,97,1092.6220264434814,B2-01,1,4
716,54:F0:B1:BC:09:60,eduroam,99,1092.6220264434814,B2-01,1,4
717,54:F0:B1:BC:09:61,PoliSemFio,99,1092.6220264434814,B2-01,1,4
718,54:F0:B1:BC:1B:D0,eduroam,62,1092.6220264434814,B2-01,1,4
719,54:F0:B1:BC:1B:D1,PoliSemFio,54,1092.6220264434814,B2-01,1,4
720,54:F0:B1:BC:1B:D2,,54,1092.6220264434814,B2-01,1,4
721,54:F0:B1:BC:1B:F0,eduroam,25,1092.6220264434814,B2-01,1,4
722,54:F0:B1:BC:1B:F1,PoliSemFio,24,1092.6220264434814,B2-01,1,4
723,54:F0:B1:BC:2E:90,eduroam,72,1092.6220264434814,B2-01,1,4
724,54:F0:B1:BC:2E:91,PoliSemFio,35,1092.6220264434814,B2-01,1,4
725,54:F0:B1:BC:2E:92,,62,1092.6220264434814,B2-01,1,4
726,54:F0:B1:BC:2E:B0,eduroam,37,1092.6220264434814,B2-01,1,4
727,54:F0:B1:BC:2E:B1,PoliSemFio,37,1092.6220264434814,B2-01,1,4
728,54:F0:B1:BC:2F:52,,14,1092.6220264434814,B2-01,1,4
729,54:F0:B1:BC:36:10,PoliSemFio,20,1092.6220264434814,B2-01,1,4
730,54:F0:B1:BC:3F:10,eduroam,29,1092.6220264434814,B2-01,1,4
731,54:F0:B1:BC:3F:11,PoliSemFio,30,1092.6220264434814,B2-01,1,4
732,54:F0:B1:BC:3F:12,,32,1092.6220264434814,B2-01,1,4
733,54:F0:B1:BC:65:B0,eduroam,32,1092.6220264434814,B2-01,1,4
734,54:F0:B1:BC:65:B1,PoliSemFio,35,1092.6220264434814,B2-01,1,4
735,54:F0:B1:BC:65:B2,,22,1092.6220264434814,B2-01,1,4
736,54:F0:B1:BC:70:00,eduroam,45,1092.6220264434814,B2-01,1,4
737,54:F0:B1:BC:70:01,PoliSemFio,40,1092.6220264434814,B2-01,1,4
738,54:F0:B1:BC:70:20,eduroam,19,1092.6220264434814,B2-01,1,4
739,54:F0:B1:BC:70:21,PoliSemFio,19,1092.6220264434814,B2-01,1,4
740,54:F0:B1:BC:77:80,eduroam,37,1092.6220264434814,B2-01,1,4
741,54:F0:B1:BC:77:81,PoliSemFio,57,1092.6220264434814,B2-01,1,4
742,54:F0:B1:BC:77:82,,57,1092.6220264434814,B2-01,1,4
743,54:F0:B1:BC:77:A0,eduroam,14,1092.6220264434814,B2-01,1,4
744,54:F0:B1:BC:77:A1,PoliSemFio,15,1092.6220264434814,B2-01,1,4
745,54:F0:B1:BC:77:A2,,24,1092.6220264434814,B2-01,1,4
746,54:F0:B1:BC:8F:20,eduroam,10,1092.6220264434814,B2-01,1,4
747,68:FF:7B:47:78:BE,C1-22M,39,1092.6220264434814,B2-01,1,4
748,70:62:B8:6E:72:A0,PCS-wireless-C1-13,24,1092.6220264434814,B2-01,1,4
749,70:62:B8:6E:72:A1,PPGEE,32,1092.6220264434814,B2-01,1,4
750,84:D4:7E:06:4F:E0,eduroam,54,1092.6220264434814,B2-01,1,4
751,84:D4:7E:06:4F:E1,PoliSemFio,55,1092.6220264434814,B2-01,1,4
752,84:D4:7E:06:4F:E2,,55,1092.6220264434814,B2-01,1,4
753,84:D4:7E:06:4F:F0,eduroam,29,1092.6220264434814,B2-01,1,4
754,84:D4:7E:06:4F:F1,PoliSemFio,29,1092.6220264434814,B2-01,1,4
755,DC:9F:DB:1C:1F:D7,LWN-3,24,1092.6220264434814,B2-01,1,4
756,DC:9F:DB:1C:1F:E0,LWN-3,30,1092.6220264434814,B2-01,1,4
757,DE:9F:DB:1C:1F:E0,LARC Guest,30,1092.6220264434814,B2-01,1,4
758,EE:9F:DB:1C:1F:E0,,30,1092.6220264434814,B2-01,1,4
759,F8:1A:67:99:55:8E,NUCLEAR_CHF,34,1092.6220264434814,B2-01,1,4
760,FE:9F:DB:1C:1F:E0,,30,1092.6220264434814,B2-01,1,4
761,00:18:E7:FF:8C:98,dlink,17,1095.2753419876099,B2-01,1,4
762,30:85:A9:69:F2:E4,PCS-Wireless-C2-22,32,1095.2753419876099,B2-01,1,4
763,34:60:F9:A3:D9:14,GASWIFI-2G_C2,27,1095.2753419876099,B2-01,1,4
764,34:60:F9:A3:E7:3F,GASWIFI_C4,29,1095.2753419876099,B2-01,1,4
765,34:CE:00:51:3E:6F,Lab,55,1095.2753419876099,B2-01,1,4
766,34:CE:00:51:3E:70,Lab_5G,37,1095.2753419876099,B2-01,1,4
767,48:00:20:34:D2:40,eduroam,19,1095.2753419876099,B2-01,1,4
768,54:B8:0A:AA:2C:8C,LAB_DIGITAL,35,1095.2753419876099,B2-01,1,4
769,54:B8:0A:AA:2C:8D,PCS-Wireless,42,1095.2753419876099,B2-01,1,4
770,54:F0:B1:A1:18:C0,eduroam,17,1095.2753419876099,B2-01,1,4
771,54:F0:B1:A1:18:C1,PoliSemFio,17,1095.2753419876099,B2-01,1,4
772,54:F0:B1:A1:18:C3,MEZANINO,15,1095.2753419876099,B2-01,1,4
773,54:F0:B1:A1:18:C4,GDLAB,15,1095.2753419876099,B2-01,1,4
774,54:F0:B1:A1:18:C5,LABPAD,17,1095.2753419876099,B2-01,1,4
775,54:F0:B1:A1:18:D0,eduroam,34,1095.2753419876099,B2-01,1,4
776,54:F0:B1:A1:18:D1,PoliSemFio,34,1095.2753419876099,B2-01,1,4
777,54:F0:B1:A1:18:D2,,25,1095.2753419876099,B2-01,1,4
778,54:F0:B1:A1:18:D3,MEZANINO,24,1095.2753419876099,B2-01,1,4
779,54:F0:B1:A1:18:D4,GDLAB,32,1095.2753419876099,B2-01,1,4
780,54:F0:B1:A1:18:D5,LABPAD,34,1095.2753419876099,B2-01,1,4
781,54:F0:B1:A1:57:F0,eduroam,14,1095.2753419876099,B2-01,1,4
782,54:F0:B1:A1:57:F1,PoliSemFio,10,1095.2753419876099,B2-01,1,4
783,54:F0:B1:A1:57:F2,,14,1095.2753419876099,B2-01,1,4
784,54:F0:B1:A1:58:00,eduroam,42,1095.2753419876099,B2-01,1,4
785,54:F0:B1:A1:58:01,PoliSemFio,42,1095.2753419876099,B2-01,1,4
786,54:F0:B1:A1:58:02,,39,1095.2753419876099,B2-01,1,4
787,54:F0:B1:A1:E5:00,eduroam,17,1095.2753419876099,B2-01,1,4
788,54:F0:B1:A1:E5:02,,24,1095.2753419876099,B2-01,1,4
789,54:F0:B1:A2:56:70,eduroam,29,1095.2753419876099,B2-01,1,4
790,54:F0:B1:A2:56:71,PoliSemFio,34,1095.2753419876099,B2-01,1,4
791,54:F0:B1:A2:56:72,,35,1095.2753419876099,B2-01,1,4
792,54:F0:B1:A2:57:30,eduroam,32,1095.2753419876099,B2-01,1,4
793,54:F0:B1:A2:57:31,PoliSemFio,29,1095.2753419876099,B2-01,1,4
794,54:F0:B1:A2:57:32,,27,1095.2753419876099,B2-01,1,4
795,54:F0:B1:BB:5A:80,eduroam,37,1095.2753419876099,B2-01,1,4
796,54:F0:B1:BB:5A:81,PoliSemFio,25,1095.2753419876099,B2-01,1,4
797,54:F0:B1:BB:5A:82,HACKER,24,1095.2753419876099,B2-01,1,4
798,54:F0:B1:BB:5A:83,LEP,22,1095.2753419876099,B2-01,1,4
799,54:F0:B1:BB:5A:84,,25,1095.2753419876099,B2-01,1,4
800,54:F0:B1:BB:80:C2,,32,1095.2753419876099,B2-01,1,4
801,54:F0:B1:BB:80:C3,LABPROG,35,1095.2753419876099,B2-01,1,4
802,54:F0:B1:BB:84:B0,eduroam,22,1095.2753419876099,B2-01,1,4
803,54:F0:B1:BB:84:B1,PoliSemFio,22,1095.2753419876099,B2-01,1,4
804,54:F0:B1:BB:84:B2,,24,1095.2753419876099,B2-01,1,4
805,54:F0:B1:BB:BE:11,PoliSemFio,27,1095.2753419876099,B2-01,1,4
806,54:F0:B1:BB:BE:12,,24,1095.2753419876099,B2-01,1,4
807,54:F0:B1:BB:BE:13,CAEEL,15,1095.2753419876099,B2-01,1,4
808,54:F0:B1:BB:C4:D0,eduroam,45,1095.2753419876099,B2-01,1,4
809,54:F0:B1:BB:C4:D1,PoliSemFio,49,1095.2753419876099,B2-01,1,4
810,54:F0:B1:BB:C4:D2,,49,1095.2753419876099,B2-01,1,4
811,54:F0:B1:BB:C4:F0,eduroam,50,1095.2753419876099,B2-01,1,4
812,54:F0:B1:BB:C4:F1,PoliSemFio,52,1095.2753419876099,B2-01,1,4
813,54:F0:B1:BB:F3:20,eduroam,20,1095.2753419876099,B2-01,1,4
814,54:F0:B1:BB:F3:22,,22,1095.2753419876099,B2-01,1,4
815,54:F0:B1:BB:FD:D0,eduroam,14,1095.2753419876099,B2-01,1,4
816,54:F0:B1:BB:FD:D2,,29,1095.2753419876099,B2-01,1,4
817,54:F0:B1:BC:09:40,eduroam,100,1095.2753419876099,B2-01,1,4
818,54:F0:B1:BC:09:41,PoliSemFio,94,1095.2753419876099,B2-01,1,4
819,54:F0:B1:BC:09:42,,97,1095.2753419876099,B2-01,1,4
820,54:F0:B1:BC:09:60,eduroam,77,1095.2753419876099,B2-01,1,4
821,54:F0:B1:BC:09:61,PoliSemFio,99,1095.2753419876099,B2-01,1,4
822,54:F0:B1:BC:1B:D0,eduroam,62,1095.2753419876099,B2-01,1,4
823,54:F0:B1:BC:1B:D1,PoliSemFio,54,1095.2753419876099,B2-01,1,4
824,54:F0:B1:BC:1B:D2,,54,1095.2753419876099,B2-01,1,4
825,54:F0:B1:BC:1B:F0,eduroam,25,1095.2753419876099,B2-01,1,4
826,54:F0:B1:BC:1B:F1,PoliSemFio,24,1095.2753419876099,B2-01,1,4
827,54:F0:B1:BC:2E:90,eduroam,72,1095.2753419876099,B2-01,1,4
828,54:F0:B1:BC:2E:91,PoliSemFio,35,1095.2753419876099,B2-01,1,4
829,54:F0:B1:BC:2E:92,,62,1095.2753419876099,B2-01,1,4
830,54:F0:B1:BC:2E:B0,eduroam,37,1095.2753419876099,B2-01,1,4
831,54:F0:B1:BC:2E:B1,PoliSemFio,37,1095.2753419876099,B2-01,1,4
832,54:F0:B1:BC:2F:52,,14,1095.2753419876099,B2-01,1,4
833,54:F0:B1:BC:36:10,PoliSemFio,20,1095.2753419876099,B2-01,1,4
834,54:F0:B1:BC:3F:10,eduroam,29,1095.2753419876099,B2-01,1,4
835,54:F0:B1:BC:3F:11,PoliSemFio,30,1095.2753419876099,B2-01,1,4
836,54:F0:B1:BC:3F:12,,32,1095.2753419876099,B2-01,1,4
837,54:F0:B1:BC:65:B0,eduroam,32,1095.2753419876099,B2-01,1,4
838,54:F0:B1:BC:65:B1,PoliSemFio,35,1095.2753419876099,B2-01,1,4
839,54:F0:B1:BC:65:B2,,22,1095.2753419876099,B2-01,1,4
840,54:F0:B1:BC:70:00,eduroam,45,1095.2753419876099,B2-01,1,4
841,54:F0:B1:BC:70:01,PoliSemFio,40,1095.2753419876099,B2-01,1,4
842,54:F0:B1:BC:70:20,eduroam,19,1095.2753419876099,B2-01,1,4
843,54:F0:B1:BC:70:21,PoliSemFio,19,1095.2753419876099,B2-01,1,4
844,54:F0:B1:BC:77:80,eduroam,37,1095.2753419876099,B2-01,1,4
845,54:F0:B1:BC:77:81,PoliSemFio,57,1095.2753419876099,B2-01,1,4
846,54:F0:B1:BC:77:82,,57,1095.2753419876099,B2-01,1,4
847,54:F0:B1:BC:77:A0,eduroam,14,1095.2753419876099,B2-01,1,4
848,54:F0:B1:BC:77:A1,PoliSemFio,15,1095.2753419876099,B2-01,1,4
849,54:F0:B1:BC:77:A2,,24,1095.2753419876099,B2-01,1,4
850,54:F0:B1:BC:8F:20,eduroam,10,1095.2753419876099,B2-01,1,4
851,68:FF:7B:47:78:BE,C1-22M,39,1095.2753419876099,B2-01,1,4
852,70:62:B8:6E:72:A0,PCS-wireless-C1-13,24,1095.2753419876099,B2-01,1,4
853,70:62:B8:6E:72:A1,PPGEE,32,1095.2753419876099,B2-01,1,4
854,84:D4:7E:06:4F:E0,eduroam,54,1095.2753419876099,B2-01,1,4
855,84:D4:7E:06:4F:E1,PoliSemFio,55,1095.2753419876099,B2-01,1,4
856,84:D4:7E:06:4F:E2,,55,1095.2753419876099,B2-01,1,4
857,84:D4:7E:06:4F:F0,eduroam,29,1095.2753419876099,B2-01,1,4
858,84:D4:7E:06:4F:F1,PoliSemFio,29,1095.2753419876099,B2-01,1,4
859,DC:9F:DB:1C:1F:D7,LWN-3,24,1095.2753419876099,B2-01,1,4
860,DC:9F:DB:1C:1F:E0,LWN-3,30,1095.2753419876099,B2-01,1,4
861,DE:9F:DB:1C:1F:E0,LARC Guest,30,1095.2753419876099,B2-01,1,4
862,EE:9F:DB:1C:1F:E0,,30,1095.2753419876099,B2-01,1,4
863,F8:1A:67:99:55:8E,NUCLEAR_CHF,34,1095.2753419876099,B2-01,1,4
864,FE:9F:DB:1C:1F:E0,,30,1095.2753419876099,B2-01,1,4
865,00:18:E7:FF:8C:98,dlink,17,1101.5224313735962,B2-01,1,4
866,30:85:A9:69:F2:E4,PCS-Wireless-C2-22,32,1101.5224313735962,B2-01,1,4
867,34:60:F9:A3:D9:14,GASWIFI-2G_C2,35,1101.5224313735962,B2-01,1,4
868,34:60:F9:A3:E7:3F,GASWIFI_C4,29,1101.5224313735962,B2-01,1,4
869,34:CE:00:51:3E:6F,Lab,59,1101.5224313735962,B2-01,1,4
870,34:CE:00:51:3E:70,Lab_5G,25,1101.5224313735962,B2-01,1,4
871,3A:60:F9:A3:D9:14,,32,1101.5224313735962,B2-01,1,4
872,54:B8:0A:AA:2C:8C,LAB_DIGITAL,14,1101.5224313735962,B2-01,1,4
873,54:B8:0A:AA:2C:8D,PCS-Wireless,42,1101.5224313735962,B2-01,1,4
874,54:F0:B1:A1:18:C0,eduroam,17,1101.5224313735962,B2-01,1,4
875,54:F0:B1:A1:18:C1,PoliSemFio,17,1101.5224313735962,B2-01,1,4
876,54:F0:B1:A1:18:C3,MEZANINO,15,1101.5224313735962,B2-01,1,4
877,54:F0:B1:A1:18:C4,GDLAB,15,1101.5224313735962,B2-01,1,4
878,54:F0:B1:A1:18:C5,LABPAD,17,1101.5224313735962,B2-01,1,4
879,54:F0:B1:A1:18:D0,eduroam,25,1101.5224313735962,B2-01,1,4
880,54:F0:B1:A1:18:D2,,25,1101.5224313735962,B2-01,1,4
881,54:F0:B1:A1:18:D3,MEZANINO,27,1101.5224313735962,B2-01,1,4
882,54:F0:B1:A1:18:D4,GDLAB,27,1101.5224313735962,B2-01,1,4
883,54:F0:B1:A1:18:D5,LABPAD,29,1101.5224313735962,B2-01,1,4
884,54:F0:B1:A1:57:F0,eduroam,14,1101.5224313735962,B2-01,1,4
885,54:F0:B1:A1:57:F1,PoliSemFio,10,1101.5224313735962,B2-01,1,4
886,54:F0:B1:A1:57:F2,,14,1101.5224313735962,B2-01,1,4
887,54:F0:B1:A1:58:00,eduroam,40,1101.5224313735962,B2-01,1,4
888,54:F0:B1:A1:58:01,PoliSemFio,34,1101.5224313735962,B2-01,1,4
889,54:F0:B1:A1:58:02,,34,1101.5224313735962,B2-01,1,4
890,54:F0:B1:A1:E5:00,eduroam,17,1101.5224313735962,B2-01,1,4
891,54:F0:B1:A1:E5:02,,24,1101.5224313735962,B2-01,1,4
892,54:F0:B1:A2:56:70,eduroam,29,1101.5224313735962,B2-01,1,4
893,54:F0:B1:A2:56:71,PoliSemFio,34,1101.5224313735962,B2-01,1,4
894,54:F0:B1:A2:56:72,,35,1101.5224313735962,B2-01,1,4
895,54:F0:B1:A2:57:30,eduroam,17,1101.5224313735962,B2-01,1,4
896,54:F0:B1:A2:57:31,PoliSemFio,29,1101.5224313735962,B2-01,1,4
897,54:F0:B1:A2:57:32,,27,1101.5224313735962,B2-01,1,4
898,54:F0:B1:BB:5A:80,eduroam,19,1101.5224313735962,B2-01,1,4
899,54:F0:B1:BB:5A:81,PoliSemFio,25,1101.5224313735962,B2-01,1,4
900,54:F0:B1:BB:5A:82,HACKER,24,1101.5224313735962,B2-01,1,4
901,54:F0:B1:BB:5A:83,LEP,22,1101.5224313735962,B2-01,1,4
902,54:F0:B1:BB:5A:84,,25,1101.5224313735962,B2-01,1,4
903,54:F0:B1:BB:84:B0,eduroam,20,1101.5224313735962,B2-01,1,4
904,54:F0:B1:BB:84:B1,PoliSemFio,22,1101.5224313735962,B2-01,1,4
905,54:F0:B1:BB:84:B2,,24,1101.5224313735962,B2-01,1,4
906,54:F0:B1:BB:BE:11,PoliSemFio,27,1101.5224313735962,B2-01,1,4
907,54:F0:B1:BB:BE:12,,24,1101.5224313735962,B2-01,1,4
908,54:F0:B1:BB:BE:13,CAEEL,15,1101.5224313735962,B2-01,1,4
909,54:F0:B1:BB:C4:D0,eduroam,34,1101.5224313735962,B2-01,1,4
910,54:F0:B1:BB:C4:D1,PoliSemFio,49,1101.5224313735962,B2-01,1,4
911,54:F0:B1:BB:C4:D2,,49,1101.5224313735962,B2-01,1,4
912,54:F0:B1:BB:C4:F0,eduroam,22,1101.5224313735962,B2-01,1,4
913,54:F0:B1:BB:C4:F1,PoliSemFio,22,1101.5224313735962,B2-01,1,4
914,54:F0:B1:BB:F3:20,eduroam,14,1101.5224313735962,B2-01,1,4
915,54:F0:B1:BB:F3:22,,22,1101.5224313735962,B2-01,1,4
916,54:F0:B1:BB:FD:D0,eduroam,14,1101.5224313735962,B2-01,1,4
917,54:F0:B1:BC:09:40,eduroam,94,1101.5224313735962,B2-01,1,4
918,54:F0:B1:BC:09:41,PoliSemFio,89,1101.5224313735962,B2-01,1,4
919,54:F0:B1:BC:09:42,,89,1101.5224313735962,B2-01,1,4
920,54:F0:B1:BC:09:60,eduroam,76,1101.5224313735962,B2-01,1,4
921,54:F0:B1:BC:09:61,PoliSemFio,85,1101.5224313735962,B2-01,1,4
922,54:F0:B1:BC:1B:D0,eduroam,62,1101.5224313735962,B2-01,1,4
923,54:F0:B1:BC:1B:D1,PoliSemFio,47,1101.5224313735962,B2-01,1,4
924,54:F0:B1:BC:1B:F0,eduroam,25,1101.5224313735962,B2-01,1,4
925,54:F0:B1:BC:1B:F1,PoliSemFio,24,1101.5224313735962,B2-01,1,4
926,54:F0:B1:BC:2E:90,eduroam,54,1101.5224313735962,B2-01,1,4
927,54:F0:B1:BC:2E:91,PoliSemFio,50,1101.5224313735962,B2-01,1,4
928,54:F0:B1:BC:2E:92,,50,1101.5224313735962,B2-01,1,4
929,54:F0:B1:BC:2E:B0,eduroam,30,1101.5224313735962,B2-01,1,4
930,54:F0:B1:BC:2E:B1,PoliSemFio,30,1101.5224313735962,B2-01,1,4
931,54:F0:B1:BC:2F:52,,14,1101.5224313735962,B2-01,1,4
932,54:F0:B1:BC:36:10,PoliSemFio,20,1101.5224313735962,B2-01,1,4
933,54:F0:B1:BC:3F:10,eduroam,29,1101.5224313735962,B2-01,1,4
934,54:F0:B1:BC:3F:11,PoliSemFio,30,1101.5224313735962,B2-01,1,4
935,54:F0:B1:BC:65:B0,eduroam,32,1101.5224313735962,B2-01,1,4
936,54:F0:B1:BC:65:B2,,22,1101.5224313735962,B2-01,1,4
937,54:F0:B1:BC:70:00,eduroam,45,1101.5224313735962,B2-01,1,4
938,54:F0:B1:BC:70:01,PoliSemFio,30,1101.5224313735962,B2-01,1,4
939,54:F0:B1:BC:70:02,,29,1101.5224313735962,B2-01,1,4
940,54:F0:B1:BC:70:20,eduroam,19,1101.5224313735962,B2-01,1,4
941,54:F0:B1:BC:70:21,PoliSemFio,19,1101.5224313735962,B2-01,1,4
942,54:F0:B1:BC:77:80,eduroam,34,1101.5224313735962,B2-01,1,4
943,54:F0:B1:BC:77:81,PoliSemFio,35,1101.5224313735962,B2-01,1,4
944,54:F0:B1:BC:77:82,,37,1101.5224313735962,B2-01,1,4
945,54:F0:B1:BC:77:A0,eduroam,17,1101.5224313735962,B2-01,1,4
946,54:F0:B1:BC:77:A1,PoliSemFio,15,1101.5224313735962,B2-01,1,4
947,54:F0:B1:BC:77:A2,,24,1101.5224313735962,B2-01,1,4
948,54:F0:B1:BC:8F:20,eduroam,10,1101.5224313735962,B2-01,1,4
949,68:FF:7B:47:78:BE,C1-22M,27,1101.5224313735962,B2-01,1,4
950,70:62:B8:6E:72:A0,PCS-wireless-C1-13,30,1101.5224313735962,B2-01,1,4
951,70:62:B8:6E:72:A1,PPGEE,32,1101.5224313735962,B2-01,1,4
952,84:D4:7E:06:4F:E0,eduroam,47,1101.5224313735962,B2-01,1,4
953,84:D4:7E:06:4F:E1,PoliSemFio,55,1101.5224313735962,B2-01,1,4
954,84:D4:7E:06:4F:E2,,55,1101.5224313735962,B2-01,1,4
955,84:D4:7E:06:4F:F0,eduroam,22,1101.5224313735962,B2-01,1,4
956,84:D4:7E:06:4F:F1,PoliSemFio,20,1101.5224313735962,B2-01,1,4
957,DC:9F:DB:1C:1F:D7,LWN-3,24,1101.5224313735962,B2-01,1,4
958,DC:9F:DB:1C:1F:E0,LWN-3,19,1101.5224313735962,B2-01,1,4
959,DE:9F:DB:1C:1F:E0,LARC Guest,20,1101.5224313735962,B2-01,1,4
960,EE:9F:DB:1C:1F:E0,,30,1101.5224313735962,B2-01,1,4
961,F8:1A:67:99:55:8E,NUCLEAR_CHF,20,1101.5224313735962,B2-01,1,4
962,FE:9F:DB:1C:1F:E0,,30,1101.5224313735962,B2-01,1,4
963,00:18:E7:FF:8C:98,dlink,17,1107.7625195980072,B2-01,1,4
964,00:21:91:70:9D:EC,LAB-DIDATICO,19,1107.7625195980072,B2-01,1,4
965,2A:56:5A:49:06:54,DIRECT-54-HP M132f LaserJet,15,1107.7625195980072,B2-01,1,4
966,30:85:A9:69:F2:E4,PCS-Wireless-C2-22,27,1107.7625195980072,B2-01,1,4
967,34:60:F9:A3:D9:14,GASWIFI-2G_C2,42,1107.7625195980072,B2-01,1,4
968,34:60:F9:A3:E7:3F,GASWIFI_C4,29,1107.7625195980072,B2-01,1,4
969,34:CE:00:51:3E:6F,Lab,57,1107.7625195980072,B2-01,1,4
970,34:CE:00:51:3E:70,Lab_5G,22,1107.7625195980072,B2-01,1,4
971,3A:60:F9:A3:D9:14,,42,1107.7625195980072,B2-01,1,4
972,54:B8:0A:AA:2C:8C,LAB_DIGITAL,32,1107.7625195980072,B2-01,1,4
973,54:B8:0A:AA:2C:8D,PCS-Wireless,30,1107.7625195980072,B2-01,1,4
974,54:F0:B1:A1:18:C0,eduroam,17,1107.7625195980072,B2-01,1,4
975,54:F0:B1:A1:18:C1,PoliSemFio,17,1107.7625195980072,B2-01,1,4
976,54:F0:B1:A1:18:C3,MEZANINO,12,1107.7625195980072,B2-01,1,4
977,54:F0:B1:A1:18:C4,GDLAB,14,1107.7625195980072,B2-01,1,4
978,54:F0:B1:A1:18:C5,LABPAD,12,1107.7625195980072,B2-01,1,4
979,54:F0:B1:A1:18:D0,eduroam,25,1107.7625195980072,B2-01,1,4
980,54:F0:B1:A1:18:D2,,27,1107.7625195980072,B2-01,1,4
981,54:F0:B1:A1:18:D3,MEZANINO,27,1107.7625195980072,B2-01,1,4
982,54:F0:B1:A1:18:D4,GDLAB,32,1107.7625195980072,B2-01,1,4
983,54:F0:B1:A1:18:D5,LABPAD,4,1107.7625195980072,B2-01,1,4
984,54:F0:B1:A1:57:F0,eduroam,14,1107.7625195980072,B2-01,1,4
985,54:F0:B1:A1:57:F1,PoliSemFio,10,1107.7625195980072,B2-01,1,4
986,54:F0:B1:A1:57:F2,,14,1107.7625195980072,B2-01,1,4
987,54:F0:B1:A1:58:00,eduroam,37,1107.7625195980072,B2-01,1,4
988,54:F0:B1:A1:58:01,PoliSemFio,35,1107.7625195980072,B2-01,1,4
989,54:F0:B1:A1:58:02,,34,1107.7625195980072,B2-01,1,4
990,54:F0:B1:A1:E5:01,PoliSemFio,22,1107.7625195980072,B2-01,1,4
991,54:F0:B1:A1:E5:02,,24,1107.7625195980072,B2-01,1,4
992,54:F0:B1:A2:37:E0,eduroam,12,1107.7625195980072,B2-01,1,4
993,54:F0:B1:A2:56:70,eduroam,29,1107.7625195980072,B2-01,1,4
994,54:F0:B1:A2:56:71,PoliSemFio,34,1107.7625195980072,B2-01,1,4
995,54:F0:B1:A2:56:72,,35,1107.7625195980072,B2-01,1,4
996,54:F0:B1:A2:57:30,eduroam,17,1107.7625195980072,B2-01,1,4
997,54:F0:B1:A2:57:31,PoliSemFio,29,1107.7625195980072,B2-01,1,4
998,54:F0:B1:A2:57:32,,27,1107.7625195980072,B2-01,1,4
999,54:F0:B1:BB:5A:80,eduroam,19,1107.7625195980072,B2-01,1,4
1000,54:F0:B1:BB:5A:82,HACKER,24,1107.7625195980072,B2-01,1,4
1001,54:F0:B1:BB:5A:83,LEP,22,1107.7625195980072,B2-01,1,4
1002,54:F0:B1:BB:5A:84,,25,1107.7625195980072,B2-01,1,4
1003,54:F0:B1:BB:80:C2,,24,1107.7625195980072,B2-01,1,4
1004,54:F0:B1:BB:84:B0,eduroam,20,1107.7625195980072,B2-01,1,4
1005,54:F0:B1:BB:84:B1,PoliSemFio,20,1107.7625195980072,B2-01,1,4
1006,54:F0:B1:BB:84:B2,,24,1107.7625195980072,B2-01,1,4
1007,54:F0:B1:BB:BE:11,PoliSemFio,27,1107.7625195980072,B2-01,1,4
1008,54:F0:B1:BB:BE:12,,22,1107.7625195980072,B2-01,1,4
1009,54:F0:B1:BB:C4:D0,eduroam,60,1107.7625195980072,B2-01,1,4
1010,54:F0:B1:BB:C4:D1,PoliSemFio,49,1107.7625195980072,B2-01,1,4
1011,54:F0:B1:BB:C4:D2,,49,1107.7625195980072,B2-01,1,4
1012,54:F0:B1:BB:C4:F0,eduroam,29,1107.7625195980072,B2-01,1,4
1013,54:F0:B1:BB:C4:F1,PoliSemFio,29,1107.7625195980072,B2-01,1,4
1014,54:F0:B1:BB:C5:C3,MEZANINO,5,1107.7625195980072,B2-01,1,4
1015,54:F0:B1:BB:F3:20,eduroam,29,1107.7625195980072,B2-01,1,4
1016,54:F0:B1:BB:F3:21,PoliSemFio,25,1107.7625195980072,B2-01,1,4
1017,54:F0:B1:BB:F3:22,,25,1107.7625195980072,B2-01,1,4
1018,54:F0:B1:BB:FD:D0,eduroam,14,1107.7625195980072,B2-01,1,4
1019,54:F0:B1:BC:09:40,eduroam,75,1107.7625195980072,B2-01,1,4
1020,54:F0:B1:BC:09:41,PoliSemFio,100,1107.7625195980072,B2-01,1,4
1021,54:F0:B1:BC:09:42,,89,1107.7625195980072,B2-01,1,4
1022,54:F0:B1:BC:09:60,eduroam,85,1107.7625195980072,B2-01,1,4
1023,54:F0:B1:BC:09:61,PoliSemFio,85,1107.7625195980072,B2-01,1,4
1024,54:F0:B1:BC:1B:D0,eduroam,62,1107.7625195980072,B2-01,1,4
1025,54:F0:B1:BC:1B:D1,PoliSemFio,47,1107.7625195980072,B2-01,1,4
1026,54:F0:B1:BC:1B:F0,eduroam,19,1107.7625195980072,B2-01,1,4
1027,54:F0:B1:BC:1B:F1,PoliSemFio,19,1107.7625195980072,B2-01,1,4
1028,54:F0:B1:BC:2E:90,eduroam,54,1107.7625195980072,B2-01,1,4
1029,54:F0:B1:BC:2E:91,PoliSemFio,59,1107.7625195980072,B2-01,1,4
1030,54:F0:B1:BC:2E:92,,50,1107.7625195980072,B2-01,1,4
1031,54:F0:B1:BC:2E:B0,eduroam,24,1107.7625195980072,B2-01,1,4
1032,54:F0:B1:BC:2E:B1,PoliSemFio,22,1107.7625195980072,B2-01,1,4
1033,54:F0:B1:BC:2F:52,,14,1107.7625195980072,B2-01,1,4
1034,54:F0:B1:BC:36:10,PoliSemFio,25,1107.7625195980072,B2-01,1,4
1035,54:F0:B1:BC:3F:10,eduroam,42,1107.7625195980072,B2-01,1,4
1036,54:F0:B1:BC:65:B0,eduroam,32,1107.7625195980072,B2-01,1,4
1037,54:F0:B1:BC:65:B2,,22,1107.7625195980072,B2-01,1,4
1038,54:F0:B1:BC:70:00,eduroam,45,1107.7625195980072,B2-01,1,4
1039,54:F0:B1:BC:70:01,PoliSemFio,30,1107.7625195980072,B2-01,1,4
1040,54:F0:B1:BC:70:02,,29,1107.7625195980072,B2-01,1,4
1041,54:F0:B1:BC:70:20,eduroam,19,1107.7625195980072,B2-01,1,4
1042,54:F0:B1:BC:70:21,PoliSemFio,19,1107.7625195980072,B2-01,1,4
1043,54:F0:B1:BC:77:80,eduroam,34,1107.7625195980072,B2-01,1,4
1044,54:F0:B1:BC:77:81,PoliSemFio,44,1107.7625195980072,B2-01,1,4
1045,54:F0:B1:BC:77:82,,44,1107.7625195980072,B2-01,1,4
1046,54:F0:B1:BC:77:A0,eduroam,24,1107.7625195980072,B2-01,1,4
1047,54:F0:B1:BC:77:A1,PoliSemFio,22,1107.7625195980072,B2-01,1,4
1048,54:F0:B1:BC:8F:20,eduroam,10,1107.7625195980072,B2-01,1,4
1049,68:FF:7B:47:78:BE,C1-22M,37,1107.7625195980072,B2-01,1,4
1050,70:62:B8:6E:72:A0,PCS-wireless-C1-13,32,1107.7625195980072,B2-01,1,4
1051,70:62:B8:6E:72:A1,PPGEE,32,1107.7625195980072,B2-01,1,4
1052,84:D4:7E:06:4F:E0,eduroam,62,1107.7625195980072,B2-01,1,4
1053,84:D4:7E:06:4F:E1,PoliSemFio,54,1107.7625195980072,B2-01,1,4
1054,84:D4:7E:06:4F:E2,,54,1107.7625195980072,B2-01,1,4
1055,84:D4:7E:06:4F:F0,eduroam,22,1107.7625195980072,B2-01,1,4
1056,84:D4:7E:06:4F:F1,PoliSemFio,22,1107.7625195980072,B2-01,1,4
1057,AA:6B:AD:82:46:CC,DIRECT-cc-HP M132f LaserJet,17,1107.7625195980072,B2-01,1,4
1058,DC:9F:DB:1C:1F:D7,LWN-3,24,1107.7625195980072,B2-01,1,4
1059,DC:9F:DB:1C:1F:E0,LWN-3,37,1107.7625195980072,B2-01,1,4
1060,DE:9F:DB:1C:1F:E0,LARC Guest,20,1107.7625195980072,B2-01,1,4
1061,EE:9F:DB:1C:1F:E0,,30,1107.7625195980072,B2-01,1,4
1062,F8:1A:67:99:55:8E,NUCLEAR_CHF,19,1107.7625195980072,B2-01,1,4
1063,FE:9F:DB:1C:1F:E0,,37,1107.7625195980072,B2-01,1,4
1064,00:18:E7:FF:8C:98,dlink,17,1114.0092422962189,B2-01,1,4
1065,00:21:91:70:9D:EC,LAB-DIDATICO,19,1114.0092422962189,B2-01,1,4
1066,2A:56:5A:49:06:54,DIRECT-54-HP M132f LaserJet,15,1114.0092422962189,B2-01,1,4
1067,30:85:A9:69:F2:E4,PCS-Wireless-C2-22,27,1114.0092422962189,B2-01,1,4
1068,34:60:F9:A3:D9:14,GASWIFI-2G_C2,42,1114.0092422962189,B2-01,1,4
1069,34:60:F9:A3:E7:3F,GASWIFI_C4,29,1114.0092422962189,B2-01,1,4
1070,34:CE:00:51:3E:6F,Lab,57,1114.0092422962189,B2-01,1,4
1071,34:CE:00:51:3E:70,Lab_5G,22,1114.0092422962189,B2-01,1,4
1072,3A:60:F9:A3:D9:14,,42,1114.0092422962189,B2-01,1,4
1073,54:B8:0A:AA:2C:8C,LAB_DIGITAL,32,1114.0092422962189,B2-01,1,4
1074,54:B8:0A:AA:2C:8D,PCS-Wireless,30,1114.0092422962189,B2-01,1,4
1075,54:F0:B1:A1:18:C0,eduroam,17,1114.0092422962189,B2-01,1,4
1076,54:F0:B1:A1:18:C1,PoliSemFio,17,1114.0092422962189,B2-01,1,4
1077,54:F0:B1:A1:18:C3,MEZANINO,12,1114.0092422962189,B2-01,1,4
1078,54:F0:B1:A1:18:C4,GDLAB,14,1114.0092422962189,B2-01,1,4
1079,54:F0:B1:A1:18:C5,LABPAD,12,1114.0092422962189,B2-01,1,4
1080,54:F0:B1:A1:18:D0,eduroam,25,1114.0092422962189,B2-01,1,4
1081,54:F0:B1:A1:18:D2,,27,1114.0092422962189,B2-01,1,4
1082,54:F0:B1:A1:18:D3,MEZANINO,27,1114.0092422962189,B2-01,1,4
1083,54:F0:B1:A1:18:D4,GDLAB,32,1114.0092422962189,B2-01,1,4
1084,54:F0:B1:A1:18:D5,LABPAD,4,1114.0092422962189,B2-01,1,4
1085,54:F0:B1:A1:57:F0,eduroam,14,1114.0092422962189,B2-01,1,4
1086,54:F0:B1:A1:57:F1,PoliSemFio,10,1114.0092422962189,B2-01,1,4
1087,54:F0:B1:A1:57:F2,,14,1114.0092422962189,B2-01,1,4
1088,54:F0:B1:A1:58:00,eduroam,37,1114.0092422962189,B2-01,1,4
1089,54:F0:B1:A1:58:01,PoliSemFio,35,1114.0092422962189,B2-01,1,4
1090,54:F0:B1:A1:58:02,,34,1114.0092422962189,B2-01,1,4
1091,54:F0:B1:A1:E5:01,PoliSemFio,22,1114.0092422962189,B2-01,1,4
1092,54:F0:B1:A1:E5:02,,24,1114.0092422962189,B2-01,1,4
1093,54:F0:B1:A2:37:E0,eduroam,12,1114.0092422962189,B2-01,1,4
1094,54:F0:B1:A2:56:70,eduroam,29,1114.0092422962189,B2-01,1,4
1095,54:F0:B1:A2:56:71,PoliSemFio,34,1114.0092422962189,B2-01,1,4
1096,54:F0:B1:A2:56:72,,35,1114.0092422962189,B2-01,1,4
1097,54:F0:B1:A2:57:30,eduroam,17,1114.0092422962189,B2-01,1,4
1098,54:F0:B1:A2:57:31,PoliSemFio,29,1114.0092422962189,B2-01,1,4
1099,54:F0:B1:A2:57:32,,27,1114.0092422962189,B2-01,1,4
1100,54:F0:B1:BB:5A:80,eduroam,19,1114.0092422962189,B2-01,1,4
1101,54:F0:B1:BB:5A:82,HACKER,24,1114.0092422962189,B2-01,1,4
1102,54:F0:B1:BB:5A:83,LEP,22,1114.0092422962189,B2-01,1,4
1103,54:F0:B1:BB:5A:84,,25,1114.0092422962189,B2-01,1,4
1104,54:F0:B1:BB:80:C2,,24,1114.0092422962189,B2-01,1,4
1105,54:F0:B1:BB:84:B0,eduroam,20,1114.0092422962189,B2-01,1,4
1106,54:F0:B1:BB:84:B1,PoliSemFio,20,1114.0092422962189,B2-01,1,4
1107,54:F0:B1:BB:84:B2,,24,1114.0092422962189,B2-01,1,4
1108,54:F0:B1:BB:BE:11,PoliSemFio,27,1114.0092422962189,B2-01,1,4
1109,54:F0:B1:BB:BE:12,,22,1114.0092422962189,B2-01,1,4
1110,54:F0:B1:BB:C4:D0,eduroam,60,1114.0092422962189,B2-01,1,4
1111,54:F0:B1:BB:C4:D1,PoliSemFio,49,1114.0092422962189,B2-01,1,4
1112,54:F0:B1:BB:C4:D2,,49,1114.0092422962189,B2-01,1,4
1113,54:F0:B1:BB:C4:F0,eduroam,29,1114.0092422962189,B2-01,1,4
1114,54:F0:B1:BB:C4:F1,PoliSemFio,29,1114.0092422962189,B2-01,1,4
1115,54:F0:B1:BB:C5:C3,MEZANINO,5,1114.0092422962189,B2-01,1,4
1116,54:F0:B1:BB:F3:20,eduroam,29,1114.0092422962189,B2-01,1,4
1117,54:F0:B1:BB:F3:21,PoliSemFio,25,1114.0092422962189,B2-01,1,4
1118,54:F0:B1:BB:F3:22,,25,1114.0092422962189,B2-01,1,4
1119,54:F0:B1:BB:FD:D0,eduroam,14,1114.0092422962189,B2-01,1,4
1120,54:F0:B1:BC:09:40,eduroam,75,1114.0092422962189,B2-01,1,4
1121,54:F0:B1:BC:09:41,PoliSemFio,100,1114.0092422962189,B2-01,1,4
1122,54:F0:B1:BC:09:42,,89,1114.0092422962189,B2-01,1,4
1123,54:F0:B1:BC:09:60,eduroam,80,1114.0092422962189,B2-01,1,4
1124,54:F0:B1:BC:09:61,PoliSemFio,85,1114.0092422962189,B2-01,1,4
1125,54:F0:B1:BC:1B:D0,eduroam,62,1114.0092422962189,B2-01,1,4
1126,54:F0:B1:BC:1B:D1,PoliSemFio,47,1114.0092422962189,B2-01,1,4
1127,54:F0:B1:BC:1B:F0,eduroam,19,1114.0092422962189,B2-01,1,4
1128,54:F0:B1:BC:1B:F1,PoliSemFio,19,1114.0092422962189,B2-01,1,4
1129,54:F0:B1:BC:2E:90,eduroam,54,1114.0092422962189,B2-01,1,4
1130,54:F0:B1:BC:2E:91,PoliSemFio,59,1114.0092422962189,B2-01,1,4
1131,54:F0:B1:BC:2E:92,,50,1114.0092422962189,B2-01,1,4
1132,54:F0:B1:BC:2E:B0,eduroam,24,1114.0092422962189,B2-01,1,4
1133,54:F0:B1:BC:2E:B1,PoliSemFio,22,1114.0092422962189,B2-01,1,4
1134,54:F0:B1:BC:2F:52,,14,1114.0092422962189,B2-01,1,4
1135,54:F0:B1:BC:36:10,PoliSemFio,25,1114.0092422962189,B2-01,1,4
1136,54:F0:B1:BC:3F:10,eduroam,42,1114.0092422962189,B2-01,1,4
1137,54:F0:B1:BC:65:B0,eduroam,32,1114.0092422962189,B2-01,1,4
1138,54:F0:B1:BC:65:B2,,22,1114.0092422962189,B2-01,1,4
1139,54:F0:B1:BC:70:00,eduroam,45,1114.0092422962189,B2-01,1,4
1140,54:F0:B1:BC:70:01,PoliSemFio,30,1114.0092422962189,B2-01,1,4
1141,54:F0:B1:BC:70:02,,29,1114.0092422962189,B2-01,1,4
1142,54:F0:B1:BC:70:20,eduroam,19,1114.0092422962189,B2-01,1,4
1143,54:F0:B1:BC:70:21,PoliSemFio,19,1114.0092422962189,B2-01,1,4
1144,54:F0:B1:BC:77:80,eduroam,34,1114.0092422962189,B2-01,1,4
1145,54:F0:B1:BC:77:81,PoliSemFio,44,1114.0092422962189,B2-01,1,4
1146,54:F0:B1:BC:77:82,,44,1114.0092422962189,B2-01,1,4
1147,54:F0:B1:BC:77:A0,eduroam,24,1114.0092422962189,B2-01,1,4
1148,54:F0:B1:BC:77:A1,PoliSemFio,22,1114.0092422962189,B2-01,1,4
1149,54:F0:B1:BC:8F:20,eduroam,10,1114.0092422962189,B2-01,1,4
1150,68:FF:7B:47:78:BE,C1-22M,37,1114.0092422962189,B2-01,1,4
1151,70:62:B8:6E:72:A0,PCS-wireless-C1-13,32,1114.0092422962189,B2-01,1,4
1152,70:62:B8:6E:72:A1,PPGEE,32,1114.0092422962189,B2-01,1,4
1153,84:D4:7E:06:4F:E0,eduroam,62,1114.0092422962189,B2-01,1,4
1154,84:D4:7E:06:4F:E1,PoliSemFio,54,1114.0092422962189,B2-01,1,4
1155,84:D4:7E:06:4F:E2,,54,1114.0092422962189,B2-01,1,4
1156,84:D4:7E:06:4F:F0,eduroam,22,1114.0092422962189,B2-01,1,4
1157,84:D4:7E:06:4F:F1,PoliSemFio,22,1114.0092422962189,B2-01,1,4
1158,AA:6B:AD:82:46:CC,DIRECT-cc-HP M132f LaserJet,17,1114.0092422962189,B2-01,1,4
1159,DC:9F:DB:1C:1F:D7,LWN-3,24,1114.0092422962189,B2-01,1,4
1160,DC:9F:DB:1C:1F:E0,LWN-3,37,1114.0092422962189,B2-01,1,4
1161,DE:9F:DB:1C:1F:E0,LARC Guest,20,1114.0092422962189,B2-01,1,4
1162,EE:9F:DB:1C:1F:E0,,30,1114.0092422962189,B2-01,1,4
1163,F8:1A:67:99:55:8E,NUCLEAR_CHF,19,1114.0092422962189,B2-01,1,4
1164,FE:9F:DB:1C:1F:E0,,37,1114.0092422962189,B2-01,1,4
1165,00:18:E7:FF:8C:98,dlink,14,1120.269406080246,B2-01,1,4
1166,00:21:91:70:9D:EC,LAB-DIDATICO,19,1120.269406080246,B2-01,1,4
1167,2A:56:5A:49:06:54,DIRECT-54-HP M132f LaserJet,15,1120.269406080246,B2-01,1,4
1168,30:85:A9:69:F2:E4,PCS-Wireless-C2-22,27,1120.269406080246,B2-01,1,4
1169,34:60:F9:A3:D9:14,GASWIFI-2G_C2,34,1120.269406080246,B2-01,1,4
1170,34:60:F9:A3:E7:3F,GASWIFI_C4,29,1120.269406080246,B2-01,1,4
1171,34:CE:00:51:3E:6F,Lab,50,1120.269406080246,B2-01,1,4
1172,34:CE:00:51:3E:70,Lab_5G,50,1120.269406080246,B2-01,1,4
1173,3A:60:F9:A3:D9:14,,27,1120.269406080246,B2-01,1,4
1174,54:B8:0A:AA:2C:8C,LAB_DIGITAL,24,1120.269406080246,B2-01,1,4
1175,54:B8:0A:AA:2C:8D,PCS-Wireless,24,1120.269406080246,B2-01,1,4
1176,54:F0:B1:A1:18:C0,eduroam,17,1120.269406080246,B2-01,1,4
1177,54:F0:B1:A1:18:C1,PoliSemFio,17,1120.269406080246,B2-01,1,4
1178,54:F0:B1:A1:18:C3,MEZANINO,12,1120.269406080246,B2-01,1,4
1179,54:F0:B1:A1:18:C4,GDLAB,14,1120.269406080246,B2-01,1,4
1180,54:F0:B1:A1:18:C5,LABPAD,12,1120.269406080246,B2-01,1,4
1181,54:F0:B1:A1:18:D0,eduroam,25,1120.269406080246,B2-01,1,4
1182,54:F0:B1:A1:18:D2,,27,1120.269406080246,B2-01,1,4
1183,54:F0:B1:A1:18:D3,MEZANINO,27,1120.269406080246,B2-01,1,4
1184,54:F0:B1:A1:18:D4,GDLAB,32,1120.269406080246,B2-01,1,4
1185,54:F0:B1:A1:18:D5,LABPAD,4,1120.269406080246,B2-01,1,4
1186,54:F0:B1:A1:57:F0,eduroam,14,1120.269406080246,B2-01,1,4
1187,54:F0:B1:A1:57:F1,PoliSemFio,10,1120.269406080246,B2-01,1,4
1188,54:F0:B1:A1:57:F2,,14,1120.269406080246,B2-01,1,4
1189,54:F0:B1:A1:58:00,eduroam,35,1120.269406080246,B2-01,1,4
1190,54:F0:B1:A1:58:01,PoliSemFio,30,1120.269406080246,B2-01,1,4
1191,54:F0:B1:A1:58:02,,32,1120.269406080246,B2-01,1,4
1192,54:F0:B1:A1:E5:01,PoliSemFio,22,1120.269406080246,B2-01,1,4
1193,54:F0:B1:A2:37:E0,eduroam,12,1120.269406080246,B2-01,1,4
1194,54:F0:B1:A2:56:70,eduroam,29,1120.269406080246,B2-01,1,4
1195,54:F0:B1:A2:56:71,PoliSemFio,34,1120.269406080246,B2-01,1,4
1196,54:F0:B1:A2:56:72,,35,1120.269406080246,B2-01,1,4
1197,54:F0:B1:A2:57:30,eduroam,17,1120.269406080246,B2-01,1,4
1198,54:F0:B1:A2:57:31,PoliSemFio,29,1120.269406080246,B2-01,1,4
1199,54:F0:B1:A2:57:32,,27,1120.269406080246,B2-01,1,4
1200,54:F0:B1:BB:5A:80,eduroam,17,1120.269406080246,B2-01,1,4
1201,54:F0:B1:BB:5A:81,PoliSemFio,20,1120.269406080246,B2-01,1,4
1202,54:F0:B1:BB:5A:82,HACKER,17,1120.269406080246,B2-01,1,4
1203,54:F0:B1:BB:5A:83,LEP,22,1120.269406080246,B2-01,1,4
1204,54:F0:B1:BB:5A:84,,25,1120.269406080246,B2-01,1,4
1205,54:F0:B1:BB:80:C2,,24,1120.269406080246,B2-01,1,4
1206,54:F0:B1:BB:84:B0,eduroam,20,1120.269406080246,B2-01,1,4
1207,54:F0:B1:BB:84:B1,PoliSemFio,20,1120.269406080246,B2-01,1,4
1208,54:F0:B1:BB:84:B2,,24,1120.269406080246,B2-01,1,4
1209,54:F0:B1:BB:BE:11,PoliSemFio,27,1120.269406080246,B2-01,1,4
1210,54:F0:B1:BB:BE:12,,22,1120.269406080246,B2-01,1,4
1211,54:F0:B1:BB:BE:13,CAEEL,15,1120.269406080246,B2-01,1,4
1212,54:F0:B1:BB:C4:D0,eduroam,45,1120.269406080246,B2-01,1,4
1213,54:F0:B1:BB:C4:D1,PoliSemFio,39,1120.269406080246,B2-01,1,4
1214,54:F0:B1:BB:C4:D2,,39,1120.269406080246,B2-01,1,4
1215,54:F0:B1:BB:C4:F0,eduroam,20,1120.269406080246,B2-01,1,4
1216,54:F0:B1:BB:C4:F1,PoliSemFio,20,1120.269406080246,B2-01,1,4
1217,54:F0:B1:BB:C4:F2,,19,1120.269406080246,B2-01,1,4
1218,54:F0:B1:BB:C5:C3,MEZANINO,5,1120.269406080246,B2-01,1,4
1219,54:F0:B1:BB:F3:20,eduroam,19,1120.269406080246,B2-01,1,4
1220,54:F0:B1:BB:F3:21,PoliSemFio,25,1120.269406080246,B2-01,1,4
1221,54:F0:B1:BB:F3:22,,25,1120.269406080246,B2-01,1,4
1222,54:F0:B1:BB:FD:D0,eduroam,14,1120.269406080246,B2-01,1,4
1223,54:F0:B1:BC:09:40,eduroam,100,1120.269406080246,B2-01,1,4
1224,54:F0:B1:BC:09:41,PoliSemFio,100,1120.269406080246,B2-01,1,4
1225,54:F0:B1:BC:09:42,,100,1120.269406080246,B2-01,1,4
1226,54:F0:B1:BC:09:60,eduroam,76,1120.269406080246,B2-01,1,4
1227,54:F0:B1:BC:09:61,PoliSemFio,90,1120.269406080246,B2-01,1,4
1228,54:F0:B1:BC:1B:D0,eduroam,62,1120.269406080246,B2-01,1,4
1229,54:F0:B1:BC:1B:D1,PoliSemFio,42,1120.269406080246,B2-01,1,4
1230,54:F0:B1:BC:1B:F0,eduroam,30,1120.269406080246,B2-01,1,4
1231,54:F0:B1:BC:1B:F1,PoliSemFio,30,1120.269406080246,B2-01,1,4
1232,54:F0:B1:BC:2E:90,eduroam,52,1120.269406080246,B2-01,1,4
1233,54:F0:B1:BC:2E:91,PoliSemFio,49,1120.269406080246,B2-01,1,4
1234,54:F0:B1:BC:2E:92,,49,1120.269406080246,B2-01,1,4
1235,54:F0:B1:BC:2E:B0,eduroam,34,1120.269406080246,B2-01,1,4
1236,54:F0:B1:BC:2E:B1,PoliSemFio,32,1120.269406080246,B2-01,1,4
1237,54:F0:B1:BC:2E:B2,,34,1120.269406080246,B2-01,1,4
1238,54:F0:B1:BC:2F:52,,14,1120.269406080246,B2-01,1,4
1239,54:F0:B1:BC:36:10,PoliSemFio,25,1120.269406080246,B2-01,1,4
1240,54:F0:B1:BC:3F:10,eduroam,25,1120.269406080246,B2-01,1,4
1241,54:F0:B1:BC:3F:11,PoliSemFio,24,1120.269406080246,B2-01,1,4
1242,54:F0:B1:BC:3F:12,,24,1120.269406080246,B2-01,1,4
1243,54:F0:B1:BC:65:B0,eduroam,32,1120.269406080246,B2-01,1,4
1244,54:F0:B1:BC:65:B2,,22,1120.269406080246,B2-01,1,4
1245,54:F0:B1:BC:70:00,eduroam,34,1120.269406080246,B2-01,1,4
1246,54:F0:B1:BC:70:01,PoliSemFio,30,1120.269406080246,B2-01,1,4
1247,54:F0:B1:BC:70:02,,29,1120.269406080246,B2-01,1,4
1248,54:F0:B1:BC:70:20,eduroam,19,1120.269406080246,B2-01,1,4
1249,54:F0:B1:BC:70:21,PoliSemFio,19,1120.269406080246,B2-01,1,4
1250,54:F0:B1:BC:77:80,eduroam,19,1120.269406080246,B2-01,1,4
1251,54:F0:B1:BC:77:81,PoliSemFio,35,1120.269406080246,B2-01,1,4
1252,54:F0:B1:BC:77:82,,44,1120.269406080246,B2-01,1,4
1253,54:F0:B1:BC:77:A0,eduroam,15,1120.269406080246,B2-01,1,4
1254,54:F0:B1:BC:77:A1,PoliSemFio,14,1120.269406080246,B2-01,1,4
1255,54:F0:B1:BC:77:A2,,15,1120.269406080246,B2-01,1,4
1256,68:FF:7B:47:78:BE,C1-22M,19,1120.269406080246,B2-01,1,4
1257,70:62:B8:6E:72:A0,PCS-wireless-C1-13,30,1120.269406080246,B2-01,1,4
1258,70:62:B8:6E:72:A1,PPGEE,30,1120.269406080246,B2-01,1,4
1259,84:D4:7E:06:4F:E0,eduroam,62,1120.269406080246,B2-01,1,4
1260,84:D4:7E:06:4F:E1,PoliSemFio,52,1120.269406080246,B2-01,1,4
1261,84:D4:7E:06:4F:E2,,52,1120.269406080246,B2-01,1,4
1262,84:D4:7E:06:4F:F0,eduroam,25,1120.269406080246,B2-01,1,4
1263,84:D4:7E:06:4F:F1,PoliSemFio,25,1120.269406080246,B2-01,1,4
1264,AA:6B:AD:82:46:CC,DIRECT-cc-HP M132f LaserJet,17,1120.269406080246,B2-01,1,4
1265,DC:9F:DB:1C:1F:E0,LWN-3,37,1120.269406080246,B2-01,1,4
1266,DE:9F:DB:1C:1F:E0,LARC Guest,20,1120.269406080246,B2-01,1,4
1267,EE:9F:DB:1C:1F:E0,,30,1120.269406080246,B2-01,1,4
1268,F8:1A:67:99:55:8E,NUCLEAR_CHF,22,1120.269406080246,B2-01,1,4
1269,FE:9F:DB:1C:1F:E0,,37,1120.269406080246,B2-01,1,4
1270,00:18:E7:FF:8C:98,dlink,27,1126.517066001892,B2-01,1,4
1271,00:21:91:70:9D:EC,LAB-DIDATICO,20,1126.517066001892,B2-01,1,4
1272,2A:56:5A:49:06:54,DIRECT-54-HP M132f LaserJet,15,1126.517066001892,B2-01,1,4
1273,30:85:A9:69:F2:E4,PCS-Wireless-C2-22,27,1126.517066001892,B2-01,1,4
1274,34:60:F9:A3:D9:14,GASWIFI-2G_C2,40,1126.517066001892,B2-01,1,4
1275,34:60:F9:A3:E7:3F,GASWIFI_C4,29,1126.517066001892,B2-01,1,4
1276,34:CE:00:51:3E:6F,Lab,55,1126.517066001892,B2-01,1,4
1277,34:CE:00:51:3E:70,Lab_5G,20,1126.517066001892,B2-01,1,4
1278,3A:60:F9:A3:D9:14,,39,1126.517066001892,B2-01,1,4
1279,54:B8:0A:AA:2C:8C,LAB_DIGITAL,32,1126.517066001892,B2-01,1,4
1280,54:B8:0A:AA:2C:8D,PCS-Wireless,34,1126.517066001892,B2-01,1,4
1281,54:F0:B1:A1:18:C0,eduroam,17,1126.517066001892,B2-01,1,4
1282,54:F0:B1:A1:18:C1,PoliSemFio,17,1126.517066001892,B2-01,1,4
1283,54:F0:B1:A1:18:C3,MEZANINO,12,1126.517066001892,B2-01,1,4
1284,54:F0:B1:A1:18:C4,GDLAB,14,1126.517066001892,B2-01,1,4
1285,54:F0:B1:A1:18:C5,LABPAD,12,1126.517066001892,B2-01,1,4
1286,54:F0:B1:A1:18:D0,eduroam,25,1126.517066001892,B2-01,1,4
1287,54:F0:B1:A1:18:D2,,27,1126.517066001892,B2-01,1,4
1288,54:F0:B1:A1:18:D3,MEZANINO,27,1126.517066001892,B2-01,1,4
1289,54:F0:B1:A1:18:D4,GDLAB,32,1126.517066001892,B2-01,1,4
1290,54:F0:B1:A1:18:D5,LABPAD,24,1126.517066001892,B2-01,1,4
1291,54:F0:B1:A1:57:F0,eduroam,14,1126.517066001892,B2-01,1,4
1292,54:F0:B1:A1:57:F1,PoliSemFio,10,1126.517066001892,B2-01,1,4
1293,54:F0:B1:A1:57:F2,,14,1126.517066001892,B2-01,1,4
1294,54:F0:B1:A1:58:00,eduroam,25,1126.517066001892,B2-01,1,4
1295,54:F0:B1:A1:58:01,PoliSemFio,29,1126.517066001892,B2-01,1,4
1296,54:F0:B1:A1:58:02,,29,1126.517066001892,B2-01,1,4
1297,54:F0:B1:A1:E5:00,eduroam,20,1126.517066001892,B2-01,1,4
1298,54:F0:B1:A1:E5:01,PoliSemFio,22,1126.517066001892,B2-01,1,4
1299,54:F0:B1:A2:37:E0,eduroam,10,1126.517066001892,B2-01,1,4
1300,54:F0:B1:A2:56:70,eduroam,29,1126.517066001892,B2-01,1,4
1301,54:F0:B1:A2:56:71,PoliSemFio,34,1126.517066001892,B2-01,1,4
1302,54:F0:B1:A2:56:72,,35,1126.517066001892,B2-01,1,4
1303,54:F0:B1:A2:57:30,eduroam,15,1126.517066001892,B2-01,1,4
1304,54:F0:B1:A2:57:31,PoliSemFio,29,1126.517066001892,B2-01,1,4
1305,54:F0:B1:A2:57:32,,27,1126.517066001892,B2-01,1,4
1306,54:F0:B1:BB:5A:80,eduroam,19,1126.517066001892,B2-01,1,4
1307,54:F0:B1:BB:5A:81,PoliSemFio,20,1126.517066001892,B2-01,1,4
1308,54:F0:B1:BB:5A:82,HACKER,17,1126.517066001892,B2-01,1,4
1309,54:F0:B1:BB:5A:83,LEP,19,1126.517066001892,B2-01,1,4
1310,54:F0:B1:BB:5A:84,,20,1126.517066001892,B2-01,1,4
1311,54:F0:B1:BB:80:C0,eduroam,19,1126.517066001892,B2-01,1,4
1312,54:F0:B1:BB:80:C2,,24,1126.517066001892,B2-01,1,4
1313,54:F0:B1:BB:84:B0,eduroam,20,1126.517066001892,B2-01,1,4
1314,54:F0:B1:BB:84:B1,PoliSemFio,20,1126.517066001892,B2-01,1,4
1315,54:F0:B1:BB:84:B2,,24,1126.517066001892,B2-01,1,4
1316,54:F0:B1:BB:BE:11,PoliSemFio,27,1126.517066001892,B2-01,1,4
1317,54:F0:B1:BB:BE:12,,25,1126.517066001892,B2-01,1,4
1318,54:F0:B1:BB:BE:13,CAEEL,20,1126.517066001892,B2-01,1,4
1319,54:F0:B1:BB:C4:D0,eduroam,42,1126.517066001892,B2-01,1,4
1320,54:F0:B1:BB:C4:D1,PoliSemFio,57,1126.517066001892,B2-01,1,4
1321,54:F0:B1:BB:C4:D2,,57,1126.517066001892,B2-01,1,4
1322,54:F0:B1:BB:C4:F0,eduroam,37,1126.517066001892,B2-01,1,4
1323,54:F0:B1:BB:C4:F1,PoliSemFio,37,1126.517066001892,B2-01,1,4
1324,54:F0:B1:BB:C4:F2,,19,1126.517066001892,B2-01,1,4
1325,54:F0:B1:BB:C5:C3,MEZANINO,5,1126.517066001892,B2-01,1,4
1326,54:F0:B1:BB:F3:20,eduroam,30,1126.517066001892,B2-01,1,4
1327,54:F0:B1:BB:F3:21,PoliSemFio,25,1126.517066001892,B2-01,1,4
1328,54:F0:B1:BB:F3:22,,25,1126.517066001892,B2-01,1,4
1329,54:F0:B1:BB:FD:D0,eduroam,10,1126.517066001892,B2-01,1,4
1330,54:F0:B1:BC:09:40,eduroam,97,1126.517066001892,B2-01,1,4
1331,54:F0:B1:BC:09:41,PoliSemFio,95,1126.517066001892,B2-01,1,4
1332,54:F0:B1:BC:09:42,,95,1126.517066001892,B2-01,1,4
1333,54:F0:B1:BC:09:60,eduroam,77,1126.517066001892,B2-01,1,4
1334,54:F0:B1:BC:09:61,PoliSemFio,94,1126.517066001892,B2-01,1,4
1335,54:F0:B1:BC:1B:D0,eduroam,54,1126.517066001892,B2-01,1,4
1336,54:F0:B1:BC:1B:D1,PoliSemFio,42,1126.517066001892,B2-01,1,4
1337,54:F0:B1:BC:1B:D2,,64,1126.517066001892,B2-01,1,4
1338,54:F0:B1:BC:1B:F0,eduroam,20,1126.517066001892,B2-01,1,4
1339,54:F0:B1:BC:1B:F1,PoliSemFio,20,1126.517066001892,B2-01,1,4
1340,54:F0:B1:BC:2E:90,eduroam,55,1126.517066001892,B2-01,1,4
1341,54:F0:B1:BC:2E:91,PoliSemFio,49,1126.517066001892,B2-01,1,4
1342,54:F0:B1:BC:2E:92,,49,1126.517066001892,B2-01,1,4
1343,54:F0:B1:BC:2E:B0,eduroam,20,1126.517066001892,B2-01,1,4
1344,54:F0:B1:BC:2E:B1,PoliSemFio,22,1126.517066001892,B2-01,1,4
1345,54:F0:B1:BC:2E:B2,,34,1126.517066001892,B2-01,1,4
1346,54:F0:B1:BC:2F:52,,14,1126.517066001892,B2-01,1,4
1347,54:F0:B1:BC:36:10,PoliSemFio,25,1126.517066001892,B2-01,1,4
1348,54:F0:B1:BC:3F:10,eduroam,20,1126.517066001892,B2-01,1,4
1349,54:F0:B1:BC:3F:11,PoliSemFio,29,1126.517066001892,B2-01,1,4
1350,54:F0:B1:BC:3F:12,,29,1126.517066001892,B2-01,1,4
1351,54:F0:B1:BC:65:B0,eduroam,32,1126.517066001892,B2-01,1,4
1352,54:F0:B1:BC:65:B2,,22,1126.517066001892,B2-01,1,4
1353,54:F0:B1:BC:70:00,eduroam,34,1126.517066001892,B2-01,1,4
1354,54:F0:B1:BC:70:01,PoliSemFio,30,1126.517066001892,B2-01,1,4
1355,54:F0:B1:BC:70:02,,29,1126.517066001892,B2-01,1,4
1356,54:F0:B1:BC:70:20,eduroam,19,1126.517066001892,B2-01,1,4
1357,54:F0:B1:BC:70:21,PoliSemFio,19,1126.517066001892,B2-01,1,4
1358,54:F0:B1:BC:77:80,eduroam,49,1126.517066001892,B2-01,1,4
1359,54:F0:B1:BC:77:81,PoliSemFio,47,1126.517066001892,B2-01,1,4
1360,54:F0:B1:BC:77:82,,47,1126.517066001892,B2-01,1,4
1361,54:F0:B1:BC:77:A0,eduroam,22,1126.517066001892,B2-01,1,4
1362,54:F0:B1:BC:77:A1,PoliSemFio,22,1126.517066001892,B2-01,1,4
1363,54:F0:B1:BC:77:A2,,15,1126.517066001892,B2-01,1,4
1364,68:FF:7B:47:78:BE,C1-22M,35,1126.517066001892,B2-01,1,4
1365,70:62:B8:6E:72:A0,PCS-wireless-C1-13,30,1126.517066001892,B2-01,1,4
1366,70:62:B8:6E:72:A1,PPGEE,29,1126.517066001892,B2-01,1,4
1367,84:D4:7E:06:4F:E0,eduroam,52,1126.517066001892,B2-01,1,4
1368,84:D4:7E:06:4F:E1,PoliSemFio,47,1126.517066001892,B2-01,1,4
1369,84:D4:7E:06:4F:E2,,47,1126.517066001892,B2-01,1,4
1370,84:D4:7E:06:4F:F0,eduroam,30,1126.517066001892,B2-01,1,4
1371,84:D4:7E:06:4F:F1,PoliSemFio,30,1126.517066001892,B2-01,1,4
1372,AA:6B:AD:82:46:CC,DIRECT-cc-HP M132f LaserJet,15,1126.517066001892,B2-01,1,4
1373,DC:9F:DB:1C:1F:E0,LWN-3,35,1126.517066001892,B2-01,1,4
1374,DE:9F:DB:1C:1F:E0,LARC Guest,20,1126.517066001892,B2-01,1,4
1375,EE:9F:DB:1C:1F:E0,,37,1126.517066001892,B2-01,1,4
1376,F8:1A:67:99:55:8E,NUCLEAR_CHF,22,1126.517066001892,B2-01,1,4
1377,FE:9F:DB:1C:1F:E0,,35,1126.517066001892,B2-01,1,4
1378,00:18:E7:FF:8C:98,dlink,27,1132.8508832454681,B2-01,1,4
1379,00:21:91:70:9D:EC,LAB-DIDATICO,20,1132.8508832454681,B2-01,1,4
1380,2A:56:5A:49:06:54,DIRECT-54-HP M132f LaserJet,15,1132.8508832454681,B2-01,1,4
1381,30:85:A9:69:F2:E4,PCS-Wireless-C2-22,27,1132.8508832454681,B2-01,1,4
1382,34:60:F9:A3:D9:14,GASWIFI-2G_C2,40,1132.8508832454681,B2-01,1,4
1383,34:60:F9:A3:E7:3F,GASWIFI_C4,29,1132.8508832454681,B2-01,1,4
1384,34:CE:00:51:3E:6F,Lab,39,1132.8508832454681,B2-01,1,4
1385,34:CE:00:51:3E:70,Lab_5G,50,1132.8508832454681,B2-01,1,4
1386,3A:60:F9:A3:D9:14,,39,1132.8508832454681,B2-01,1,4
1387,54:B8:0A:AA:2C:8C,LAB_DIGITAL,14,1132.8508832454681,B2-01,1,4
1388,54:B8:0A:AA:2C:8D,PCS-Wireless,17,1132.8508832454681,B2-01,1,4
1389,54:F0:B1:A1:18:C3,MEZANINO,12,1132.8508832454681,B2-01,1,4
1390,54:F0:B1:A1:18:C4,GDLAB,14,1132.8508832454681,B2-01,1,4
1391,54:F0:B1:A1:18:C5,LABPAD,12,1132.8508832454681,B2-01,1,4
1392,54:F0:B1:A1:18:D0,eduroam,25,1132.8508832454681,B2-01,1,4
1393,54:F0:B1:A1:18:D2,,27,1132.8508832454681,B2-01,1,4
1394,54:F0:B1:A1:18:D3,MEZANINO,14,1132.8508832454681,B2-01,1,4
1395,54:F0:B1:A1:18:D4,GDLAB,17,1132.8508832454681,B2-01,1,4
1396,54:F0:B1:A1:18:D5,LABPAD,24,1132.8508832454681,B2-01,1,4
1397,54:F0:B1:A1:58:00,eduroam,32,1132.8508832454681,B2-01,1,4
1398,54:F0:B1:A1:58:01,PoliSemFio,29,1132.8508832454681,B2-01,1,4
1399,54:F0:B1:A1:58:02,,29,1132.8508832454681,B2-01,1,4
1400,54:F0:B1:A1:E5:00,eduroam,20,1132.8508832454681,B2-01,1,4
1401,54:F0:B1:A1:E5:01,PoliSemFio,22,1132.8508832454681,B2-01,1,4
1402,54:F0:B1:A2:37:E0,eduroam,10,1132.8508832454681,B2-01,1,4
1403,54:F0:B1:A2:57:30,eduroam,15,1132.8508832454681,B2-01,1,4
1404,54:F0:B1:BB:5A:80,eduroam,19,1132.8508832454681,B2-01,1,4
1405,54:F0:B1:BB:5A:81,PoliSemFio,22,1132.8508832454681,B2-01,1,4
1406,54:F0:B1:BB:5A:82,HACKER,15,1132.8508832454681,B2-01,1,4
1407,54:F0:B1:BB:5A:83,LEP,19,1132.8508832454681,B2-01,1,4
1408,54:F0:B1:BB:5A:84,,20,1132.8508832454681,B2-01,1,4
1409,54:F0:B1:BB:80:C0,eduroam,19,1132.8508832454681,B2-01,1,4
1410,54:F0:B1:BB:80:C2,,24,1132.8508832454681,B2-01,1,4
1411,54:F0:B1:BB:84:B0,eduroam,22,1132.8508832454681,B2-01,1,4
1412,54:F0:B1:BB:84:B1,PoliSemFio,20,1132.8508832454681,B2-01,1,4
1413,54:F0:B1:BB:92:C0,eduroam,12,1132.8508832454681,B2-01,1,4
1414,54:F0:B1:BB:BE:12,,25,1132.8508832454681,B2-01,1,4
1415,54:F0:B1:BB:BE:13,CAEEL,5,1132.8508832454681,B2-01,1,4
1416,54:F0:B1:BB:C4:D0,eduroam,47,1132.8508832454681,B2-01,1,4
1417,54:F0:B1:BB:C4:D1,PoliSemFio,42,1132.8508832454681,B2-01,1,4
1418,54:F0:B1:BB:C4:D2,,42,1132.8508832454681,B2-01,1,4
1419,54:F0:B1:BB:C4:F0,eduroam,17,1132.8508832454681,B2-01,1,4
1420,54:F0:B1:BB:C4:F1,PoliSemFio,17,1132.8508832454681,B2-01,1,4
1421,54:F0:B1:BB:C4:F2,,19,1132.8508832454681,B2-01,1,4
1422,54:F0:B1:BB:C5:C3,MEZANINO,5,1132.8508832454681,B2-01,1,4
1423,54:F0:B1:BB:F3:20,eduroam,17,1132.8508832454681,B2-01,1,4
1424,54:F0:B1:BB:F3:21,PoliSemFio,25,1132.8508832454681,B2-01,1,4
1425,54:F0:B1:BB:F3:22,,25,1132.8508832454681,B2-01,1,4
1426,54:F0:B1:BB:FD:D0,eduroam,10,1132.8508832454681,B2-01,1,4
1427,54:F0:B1:BC:09:40,eduroam,100,1132.8508832454681,B2-01,1,4
1428,54:F0:B1:BC:09:41,PoliSemFio,100,1132.8508832454681,B2-01,1,4
1429,54:F0:B1:BC:09:42,,100,1132.8508832454681,B2-01,1,4
1430,54:F0:B1:BC:09:60,eduroam,92,1132.8508832454681,B2-01,1,4
1431,54:F0:B1:BC:09:61,PoliSemFio,92,1132.8508832454681,B2-01,1,4
1432,54:F0:B1:BC:1B:D0,eduroam,19,1132.8508832454681,B2-01,1,4
1433,54:F0:B1:BC:1B:D1,PoliSemFio,42,1132.8508832454681,B2-01,1,4
1434,54:F0:B1:BC:1B:D2,,64,1132.8508832454681,B2-01,1,4
1435,54:F0:B1:BC:1B:F0,eduroam,29,1132.8508832454681,B2-01,1,4
1436,54:F0:B1:BC:1B:F1,PoliSemFio,29,1132.8508832454681,B2-01,1,4
1437,54:F0:B1:BC:2E:90,eduroam,57,1132.8508832454681,B2-01,1,4
1438,54:F0:B1:BC:2E:91,PoliSemFio,49,1132.8508832454681,B2-01,1,4
1439,54:F0:B1:BC:2E:92,,49,1132.8508832454681,B2-01,1,4
1440,54:F0:B1:BC:2E:B0,eduroam,35,1132.8508832454681,B2-01,1,4
1441,54:F0:B1:BC:2E:B1,PoliSemFio,35,1132.8508832454681,B2-01,1,4
1442,54:F0:B1:BC:2E:B2,,34,1132.8508832454681,B2-01,1,4
1443,54:F0:B1:BC:36:10,PoliSemFio,24,1132.8508832454681,B2-01,1,4
1444,54:F0:B1:BC:36:11,eduroam,27,1132.8508832454681,B2-01,1,4
1445,54:F0:B1:BC:3F:10,eduroam,20,1132.8508832454681,B2-01,1,4
1446,54:F0:B1:BC:3F:11,PoliSemFio,29,1132.8508832454681,B2-01,1,4
1447,54:F0:B1:BC:3F:12,,29,1132.8508832454681,B2-01,1,4
1448,54:F0:B1:BC:65:B2,,22,1132.8508832454681,B2-01,1,4
1449,54:F0:B1:BC:70:00,eduroam,29,1132.8508832454681,B2-01,1,4
1450,54:F0:B1:BC:70:01,PoliSemFio,32,1132.8508832454681,B2-01,1,4
1451,54:F0:B1:BC:70:02,,29,1132.8508832454681,B2-01,1,4
1452,54:F0:B1:BC:77:80,eduroam,49,1132.8508832454681,B2-01,1,4
1453,54:F0:B1:BC:77:81,PoliSemFio,47,1132.8508832454681,B2-01,1,4
1454,54:F0:B1:BC:77:82,,34,1132.8508832454681,B2-01,1,4
1455,54:F0:B1:BC:77:A0,eduroam,22,1132.8508832454681,B2-01,1,4
1456,54:F0:B1:BC:77:A1,PoliSemFio,22,1132.8508832454681,B2-01,1,4
1457,54:F0:B1:BC:77:A2,,15,1132.8508832454681,B2-01,1,4
1458,56:60:F9:A3:E7:3F,,27,1132.8508832454681,B2-01,1,4
1459,68:FF:7B:47:78:BE,C1-22M,35,1132.8508832454681,B2-01,1,4
1460,70:62:B8:6E:72:A0,PCS-wireless-C1-13,30,1132.8508832454681,B2-01,1,4
1461,70:62:B8:6E:72:A1,PPGEE,30,1132.8508832454681,B2-01,1,4
1462,84:D4:7E:06:4F:E0,eduroam,44,1132.8508832454681,B2-01,1,4
1463,84:D4:7E:06:4F:E1,PoliSemFio,47,1132.8508832454681,B2-01,1,4
1464,84:D4:7E:06:4F:E2,,52,1132.8508832454681,B2-01,1,4
1465,84:D4:7E:06:4F:F0,eduroam,27,1132.8508832454681,B2-01,1,4
1466,84:D4:7E:06:4F:F1,PoliSemFio,27,1132.8508832454681,B2-01,1,4
1467,AA:6B:AD:82:46:CC,DIRECT-cc-HP M132f LaserJet,15,1132.8508832454681,B2-01,1,4
1468,DC:9F:DB:1C:1F:E0,LWN-3,35,1132.8508832454681,B2-01,1,4
1469,DE:9F:DB:1C:1F:E0,LARC Guest,20,1132.8508832454681,B2-01,1,4
1470,EE:9F:DB:1C:1F:E0,,37,1132.8508832454681,B2-01,1,4
1471,F8:1A:67:99:55:8E,NUCLEAR_CHF,22,1132.8508832454681,B2-01,1,4
1472,FE:9F:DB:1C:1F:E0,,35,1132.8508832454681,B2-01,1,4
1473,00:18:E7:FF:8C:98,dlink,27,1139.1768140792847,B2-01,1,4
1474,00:21:91:70:9D:EC,LAB-DIDATICO,20,1139.1768140792847,B2-01,1,4
1475,2A:56:5A:49:06:54,DIRECT-54-HP M132f LaserJet,15,1139.1768140792847,B2-01,1,4
1476,30:85:A9:69:F2:E4,PCS-Wireless-C2-22,27,1139.1768140792847,B2-01,1,4
1477,34:60:F9:A3:D9:14,GASWIFI-2G_C2,40,1139.1768140792847,B2-01,1,4
1478,34:60:F9:A3:E7:3F,GASWIFI_C4,29,1139.1768140792847,B2-01,1,4
1479,34:CE:00:51:3E:6F,Lab,39,1139.1768140792847,B2-01,1,4
1480,34:CE:00:51:3E:70,Lab_5G,50,1139.1768140792847,B2-01,1,4
1481,3A:60:F9:A3:D9:14,,39,1139.1768140792847,B2-01,1,4
1482,54:B8:0A:AA:2C:8C,LAB_DIGITAL,14,1139.1768140792847,B2-01,1,4
1483,54:B8:0A:AA:2C:8D,PCS-Wireless,17,1139.1768140792847,B2-01,1,4
1484,54:F0:B1:A1:18:C3,MEZANINO,12,1139.1768140792847,B2-01,1,4
1485,54:F0:B1:A1:18:C4,GDLAB,14,1139.1768140792847,B2-01,1,4
1486,54:F0:B1:A1:18:C5,LABPAD,12,1139.1768140792847,B2-01,1,4
1487,54:F0:B1:A1:18:D0,eduroam,25,1139.1768140792847,B2-01,1,4
1488,54:F0:B1:A1:18:D2,,27,1139.1768140792847,B2-01,1,4
1489,54:F0:B1:A1:18:D3,MEZANINO,14,1139.1768140792847,B2-01,1,4
1490,54:F0:B1:A1:18:D4,GDLAB,17,1139.1768140792847,B2-01,1,4
1491,54:F0:B1:A1:18:D5,LABPAD,24,1139.1768140792847,B2-01,1,4
1492,54:F0:B1:A1:58:00,eduroam,32,1139.1768140792847,B2-01,1,4
1493,54:F0:B1:A1:58:01,PoliSemFio,29,1139.1768140792847,B2-01,1,4
1494,54:F0:B1:A1:58:02,,29,1139.1768140792847,B2-01,1,4
1495,54:F0:B1:A1:E5:00,eduroam,20,1139.1768140792847,B2-01,1,4
1496,54:F0:B1:A1:E5:01,PoliSemFio,22,1139.1768140792847,B2-01,1,4
1497,54:F0:B1:A2:37:E0,eduroam,10,1139.1768140792847,B2-01,1,4
1498,54:F0:B1:A2:57:30,eduroam,15,1139.1768140792847,B2-01,1,4
1499,54:F0:B1:BB:5A:80,eduroam,19,1139.1768140792847,B2-01,1,4
1500,54:F0:B1:BB:5A:81,PoliSemFio,22,1139.1768140792847,B2-01,1,4
1501,54:F0:B1:BB:5A:82,HACKER,15,1139.1768140792847,B2-01,1,4
1502,54:F0:B1:BB:5A:83,LEP,19,1139.1768140792847,B2-01,1,4
1503,54:F0:B1:BB:5A:84,,20,1139.1768140792847,B2-01,1,4
1504,54:F0:B1:BB:80:C0,eduroam,19,1139.1768140792847,B2-01,1,4
1505,54:F0:B1:BB:80:C2,,24,1139.1768140792847,B2-01,1,4
1506,54:F0:B1:BB:84:B0,eduroam,22,1139.1768140792847,B2-01,1,4
1507,54:F0:B1:BB:84:B1,PoliSemFio,20,1139.1768140792847,B2-01,1,4
1508,54:F0:B1:BB:92:C0,eduroam,12,1139.1768140792847,B2-01,1,4
1509,54:F0:B1:BB:BE:12,,25,1139.1768140792847,B2-01,1,4
1510,54:F0:B1:BB:BE:13,CAEEL,5,1139.1768140792847,B2-01,1,4
1511,54:F0:B1:BB:C4:D0,eduroam,47,1139.1768140792847,B2-01,1,4
1512,54:F0:B1:BB:C4:D1,PoliSemFio,42,1139.1768140792847,B2-01,1,4
1513,54:F0:B1:BB:C4:D2,,42,1139.1768140792847,B2-01,1,4
1514,54:F0:B1:BB:C4:F0,eduroam,17,1139.1768140792847,B2-01,1,4
1515,54:F0:B1:BB:C4:F1,PoliSemFio,17,1139.1768140792847,B2-01,1,4
1516,54:F0:B1:BB:C4:F2,,19,1139.1768140792847,B2-01,1,4
1517,54:F0:B1:BB:C5:C3,MEZANINO,5,1139.1768140792847,B2-01,1,4
1518,54:F0:B1:BB:F3:20,eduroam,17,1139.1768140792847,B2-01,1,4
1519,54:F0:B1:BB:F3:21,PoliSemFio,25,1139.1768140792847,B2-01,1,4
1520,54:F0:B1:BB:F3:22,,25,1139.1768140792847,B2-01,1,4
1521,54:F0:B1:BB:FD:D0,eduroam,10,1139.1768140792847,B2-01,1,4
1522,54:F0:B1:BC:09:40,eduroam,100,1139.1768140792847,B2-01,1,4
1523,54:F0:B1:BC:09:41,PoliSemFio,100,1139.1768140792847,B2-01,1,4
1524,54:F0:B1:BC:09:42,,100,1139.1768140792847,B2-01,1,4
1525,54:F0:B1:BC:09:60,eduroam,75,1139.1768140792847,B2-01,1,4
1526,54:F0:B1:BC:09:61,PoliSemFio,92,1139.1768140792847,B2-01,1,4
1527,54:F0:B1:BC:1B:D0,eduroam,19,1139.1768140792847,B2-01,1,4
1528,54:F0:B1:BC:1B:D1,PoliSemFio,42,1139.1768140792847,B2-01,1,4
1529,54:F0:B1:BC:1B:D2,,64,1139.1768140792847,B2-01,1,4
1530,54:F0:B1:BC:1B:F0,eduroam,29,1139.1768140792847,B2-01,1,4
1531,54:F0:B1:BC:1B:F1,PoliSemFio,29,1139.1768140792847,B2-01,1,4
1532,54:F0:B1:BC:2E:90,eduroam,57,1139.1768140792847,B2-01,1,4
1533,54:F0:B1:BC:2E:91,PoliSemFio,49,1139.1768140792847,B2-01,1,4
1534,54:F0:B1:BC:2E:92,,49,1139.1768140792847,B2-01,1,4
1535,54:F0:B1:BC:2E:B0,eduroam,35,1139.1768140792847,B2-01,1,4
1536,54:F0:B1:BC:2E:B1,PoliSemFio,35,1139.1768140792847,B2-01,1,4
1537,54:F0:B1:BC:2E:B2,,34,1139.1768140792847,B2-01,1,4
1538,54:F0:B1:BC:36:10,PoliSemFio,24,1139.1768140792847,B2-01,1,4
1539,54:F0:B1:BC:36:11,eduroam,27,1139.1768140792847,B2-01,1,4
1540,54:F0:B1:BC:3F:10,eduroam,20,1139.1768140792847,B2-01,1,4
1541,54:F0:B1:BC:3F:11,PoliSemFio,29,1139.1768140792847,B2-01,1,4
1542,54:F0:B1:BC:3F:12,,29,1139.1768140792847,B2-01,1,4
1543,54:F0:B1:BC:65:B2,,22,1139.1768140792847,B2-01,1,4
1544,54:F0:B1:BC:70:00,eduroam,29,1139.1768140792847,B2-01,1,4
1545,54:F0:B1:BC:70:01,PoliSemFio,32,1139.1768140792847,B2-01,1,4
1546,54:F0:B1:BC:70:02,,29,1139.1768140792847,B2-01,1,4
1547,54:F0:B1:BC:77:80,eduroam,49,1139.1768140792847,B2-01,1,4
1548,54:F0:B1:BC:77:81,PoliSemFio,47,1139.1768140792847,B2-01,1,4
1549,54:F0:B1:BC:77:82,,34,1139.1768140792847,B2-01,1,4
1550,54:F0:B1:BC:77:A0,eduroam,22,1139.1768140792847,B2-01,1,4
1551,54:F0:B1:BC:77:A1,PoliSemFio,22,1139.1768140792847,B2-01,1,4
1552,54:F0:B1:BC:77:A2,,15,1139.1768140792847,B2-01,1,4
1553,56:60:F9:A3:E7:3F,,27,1139.1768140792847,B2-01,1,4
1554,68:FF:7B:47:78:BE,C1-22M,35,1139.1768140792847,B2-01,1,4
1555,70:62:B8:6E:72:A0,PCS-wireless-C1-13,30,1139.1768140792847,B2-01,1,4
1556,70:62:B8:6E:72:A1,PPGEE,30,1139.1768140792847,B2-01,1,4
1557,84:D4:7E:06:4F:E0,eduroam,44,1139.1768140792847,B2-01,1,4
1558,84:D4:7E:06:4F:E1,PoliSemFio,47,1139.1768140792847,B2-01,1,4
1559,84:D4:7E:06:4F:E2,,52,1139.1768140792847,B2-01,1,4
1560,84:D4:7E:06:4F:F0,eduroam,27,1139.1768140792847,B2-01,1,4
1561,84:D4:7E:06:4F:F1,PoliSemFio,27,1139.1768140792847,B2-01,1,4
1562,AA:6B:AD:82:46:CC,DIRECT-cc-HP M132f LaserJet,15,1139.1768140792847,B2-01,1,4
1563,DC:9F:DB:1C:1F:E0,LWN-3,35,1139.1768140792847,B2-01,1,4
1564,DE:9F:DB:1C:1F:E0,LARC Guest,20,1139.1768140792847,B2-01,1,4
1565,EE:9F:DB:1C:1F:E0,,37,1139.1768140792847,B2-01,1,4
1566,F8:1A:67:99:55:8E,NUCLEAR_CHF,22,1139.1768140792847,B2-01,1,4
1567,FE:9F:DB:1C:1F:E0,,35,1139.1768140792847,B2-01,1,4
1568,00:18:E7:FF:8C:98,dlink,27,1141.7933993339539,B2-01,1,4
1569,00:21:91:70:9D:EC,LAB-DIDATICO,20,1141.7933993339539,B2-01,1,4
1570,2A:56:5A:49:06:54,DIRECT-54-HP M132f LaserJet,15,1141.7933993339539,B2-01,1,4
1571,30:85:A9:69:F2:E4,PCS-Wireless-C2-22,27,1141.7933993339539,B2-01,1,4
1572,34:60:F9:A3:D9:14,GASWIFI-2G_C2,40,1141.7933993339539,B2-01,1,4
1573,34:60:F9:A3:E7:3F,GASWIFI_C4,29,1141.7933993339539,B2-01,1,4
1574,34:CE:00:51:3E:6F,Lab,57,1141.7933993339539,B2-01,1,4
1575,34:CE:00:51:3E:70,Lab_5G,29,1141.7933993339539,B2-01,1,4
1576,3A:60:F9:A3:D9:14,,39,1141.7933993339539,B2-01,1,4
1577,54:B8:0A:AA:2C:8C,LAB_DIGITAL,30,1141.7933993339539,B2-01,1,4
1578,54:B8:0A:AA:2C:8D,PCS-Wireless,17,1141.7933993339539,B2-01,1,4
1579,54:F0:B1:A1:18:C0,eduroam,12,1141.7933993339539,B2-01,1,4
1580,54:F0:B1:A1:18:C3,MEZANINO,10,1141.7933993339539,B2-01,1,4
1581,54:F0:B1:A1:18:C4,GDLAB,12,1141.7933993339539,B2-01,1,4
1582,54:F0:B1:A1:18:C5,LABPAD,14,1141.7933993339539,B2-01,1,4
1583,54:F0:B1:A1:18:D2,,27,1141.7933993339539,B2-01,1,4
1584,54:F0:B1:A1:18:D3,MEZANINO,30,1141.7933993339539,B2-01,1,4
1585,54:F0:B1:A1:18:D4,GDLAB,17,1141.7933993339539,B2-01,1,4
1586,54:F0:B1:A1:18:D5,LABPAD,24,1141.7933993339539,B2-01,1,4
1587,54:F0:B1:A1:58:00,eduroam,32,1141.7933993339539,B2-01,1,4
1588,54:F0:B1:A1:58:01,PoliSemFio,29,1141.7933993339539,B2-01,1,4
1589,54:F0:B1:A1:58:02,,37,1141.7933993339539,B2-01,1,4
1590,54:F0:B1:A1:E5:00,eduroam,20,1141.7933993339539,B2-01,1,4
1591,54:F0:B1:A1:E5:01,PoliSemFio,22,1141.7933993339539,B2-01,1,4
1592,54:F0:B1:A2:37:E0,eduroam,10,1141.7933993339539,B2-01,1,4
1593,54:F0:B1:A2:57:30,eduroam,15,1141.7933993339539,B2-01,1,4
1594,54:F0:B1:BB:5A:80,eduroam,19,1141.7933993339539,B2-01,1,4
1595,54:F0:B1:BB:5A:81,PoliSemFio,22,1141.7933993339539,B2-01,1,4
1596,54:F0:B1:BB:5A:82,HACKER,15,1141.7933993339539,B2-01,1,4
1597,54:F0:B1:BB:5A:83,LEP,19,1141.7933993339539,B2-01,1,4
1598,54:F0:B1:BB:5A:84,,20,1141.7933993339539,B2-01,1,4
1599,54:F0:B1:BB:80:C0,eduroam,19,1141.7933993339539,B2-01,1,4
1600,54:F0:B1:BB:80:C2,,24,1141.7933993339539,B2-01,1,4
1601,54:F0:B1:BB:84:B0,eduroam,22,1141.7933993339539,B2-01,1,4
1602,54:F0:B1:BB:84:B1,PoliSemFio,20,1141.7933993339539,B2-01,1,4
1603,54:F0:B1:BB:92:C0,eduroam,12,1141.7933993339539,B2-01,1,4
1604,54:F0:B1:BB:BE:12,,25,1141.7933993339539,B2-01,1,4
1605,54:F0:B1:BB:BE:13,CAEEL,5,1141.7933993339539,B2-01,1,4
1606,54:F0:B1:BB:C4:D0,eduroam,47,1141.7933993339539,B2-01,1,4
1607,54:F0:B1:BB:C4:D1,PoliSemFio,42,1141.7933993339539,B2-01,1,4
1608,54:F0:B1:BB:C4:D2,,59,1141.7933993339539,B2-01,1,4
1609,54:F0:B1:BB:C4:F0,eduroam,17,1141.7933993339539,B2-01,1,4
1610,54:F0:B1:BB:C4:F1,PoliSemFio,29,1141.7933993339539,B2-01,1,4
1611,54:F0:B1:BB:C4:F2,,19,1141.7933993339539,B2-01,1,4
1612,54:F0:B1:BB:C5:C3,MEZANINO,5,1141.7933993339539,B2-01,1,4
1613,54:F0:B1:BB:F3:20,eduroam,17,1141.7933993339539,B2-01,1,4
1614,54:F0:B1:BB:F3:21,PoliSemFio,25,1141.7933993339539,B2-01,1,4
1615,54:F0:B1:BB:F3:22,,20,1141.7933993339539,B2-01,1,4
1616,54:F0:B1:BB:FD:D0,eduroam,10,1141.7933993339539,B2-01,1,4
1617,54:F0:B1:BC:09:40,eduroam,100,1141.7933993339539,B2-01,1,4
1618,54:F0:B1:BC:09:41,PoliSemFio,100,1141.7933993339539,B2-01,1,4
1619,54:F0:B1:BC:09:42,,100,1141.7933993339539,B2-01,1,4
1620,54:F0:B1:BC:09:60,eduroam,90,1141.7933993339539,B2-01,1,4
1621,54:F0:B1:BC:09:61,PoliSemFio,90,1141.7933993339539,B2-01,1,4
1622,54:F0:B1:BC:1B:D0,eduroam,19,1141.7933993339539,B2-01,1,4
1623,54:F0:B1:BC:1B:D1,PoliSemFio,42,1141.7933993339539,B2-01,1,4
1624,54:F0:B1:BC:1B:D2,,64,1141.7933993339539,B2-01,1,4
1625,54:F0:B1:BC:1B:F0,eduroam,14,1141.7933993339539,B2-01,1,4
1626,54:F0:B1:BC:1B:F1,PoliSemFio,15,1141.7933993339539,B2-01,1,4
1627,54:F0:B1:BC:2E:90,eduroam,57,1141.7933993339539,B2-01,1,4
1628,54:F0:B1:BC:2E:91,PoliSemFio,49,1141.7933993339539,B2-01,1,4
1629,54:F0:B1:BC:2E:92,,49,1141.7933993339539,B2-01,1,4
1630,54:F0:B1:BC:2E:B0,eduroam,20,1141.7933993339539,B2-01,1,4
1631,54:F0:B1:BC:2E:B1,PoliSemFio,22,1141.7933993339539,B2-01,1,4
1632,54:F0:B1:BC:2E:B2,,34,1141.7933993339539,B2-01,1,4
1633,54:F0:B1:BC:36:10,PoliSemFio,24,1141.7933993339539,B2-01,1,4
1634,54:F0:B1:BC:36:11,eduroam,27,1141.7933993339539,B2-01,1,4
1635,54:F0:B1:BC:3F:10,eduroam,20,1141.7933993339539,B2-01,1,4
1636,54:F0:B1:BC:3F:11,PoliSemFio,29,1141.7933993339539,B2-01,1,4
1637,54:F0:B1:BC:3F:12,,29,1141.7933993339539,B2-01,1,4
1638,54:F0:B1:BC:65:B2,,22,1141.7933993339539,B2-01,1,4
1639,54:F0:B1:BC:70:00,eduroam,29,1141.7933993339539,B2-01,1,4
1640,54:F0:B1:BC:70:01,PoliSemFio,32,1141.7933993339539,B2-01,1,4
1641,54:F0:B1:BC:77:80,eduroam,49,1141.7933993339539,B2-01,1,4
1642,54:F0:B1:BC:77:81,PoliSemFio,47,1141.7933993339539,B2-01,1,4
1643,54:F0:B1:BC:77:82,,34,1141.7933993339539,B2-01,1,4
1644,54:F0:B1:BC:77:A0,eduroam,25,1141.7933993339539,B2-01,1,4
1645,54:F0:B1:BC:77:A1,PoliSemFio,25,1141.7933993339539,B2-01,1,4
1646,54:F0:B1:BC:77:A2,,15,1141.7933993339539,B2-01,1,4
1647,56:60:F9:A3:E7:3F,,27,1141.7933993339539,B2-01,1,4
1648,68:FF:7B:47:78:BE,C1-22M,35,1141.7933993339539,B2-01,1,4
1649,70:62:B8:6E:72:A0,PCS-wireless-C1-13,30,1141.7933993339539,B2-01,1,4
1650,70:62:B8:6E:72:A1,PPGEE,35,1141.7933993339539,B2-01,1,4
1651,84:D4:7E:06:4F:E0,eduroam,55,1141.7933993339539,B2-01,1,4
1652,84:D4:7E:06:4F:E1,PoliSemFio,47,1141.7933993339539,B2-01,1,4
1653,84:D4:7E:06:4F:E2,,50,1141.7933993339539,B2-01,1,4
1654,84:D4:7E:06:4F:F0,eduroam,25,1141.7933993339539,B2-01,1,4
1655,84:D4:7E:06:4F:F1,PoliSemFio,24,1141.7933993339539,B2-01,1,4
1656,AA:6B:AD:82:46:CC,DIRECT-cc-HP M132f LaserJet,15,1141.7933993339539,B2-01,1,4
1657,DC:9F:DB:1C:1F:E0,LWN-3,35,1141.7933993339539,B2-01,1,4
1658,EE:9F:DB:1C:1F:E0,,37,1141.7933993339539,B2-01,1,4
1659,F8:1A:67:99:55:8E,NUCLEAR_CHF,22,1141.7933993339539,B2-01,1,4
1660,FE:9F:DB:1C:1F:E0,,35,1141.7933993339539,B2-01,1,4
1661,00:18:E7:FF:8C:98,dlink,27,1144.4536471366882,B2-01,1,4
1662,00:21:91:70:9D:EC,LAB-DIDATICO,20,1144.4536471366882,B2-01,1,4
1663,2A:56:5A:49:06:54,DIRECT-54-HP M132f LaserJet,15,1144.4536471366882,B2-01,1,4
1664,30:85:A9:69:F2:E4,PCS-Wireless-C2-22,27,1144.4536471366882,B2-01,1,4
1665,34:60:F9:A3:D9:14,GASWIFI-2G_C2,40,1144.4536471366882,B2-01,1,4
1666,34:60:F9:A3:E7:3F,GASWIFI_C4,29,1144.4536471366882,B2-01,1,4
1667,34:CE:00:51:3E:6F,Lab,57,1144.4536471366882,B2-01,1,4
1668,34:CE:00:51:3E:70,Lab_5G,29,1144.4536471366882,B2-01,1,4
1669,3A:60:F9:A3:D9:14,,39,1144.4536471366882,B2-01,1,4
1670,54:B8:0A:AA:2C:8C,LAB_DIGITAL,30,1144.4536471366882,B2-01,1,4
1671,54:B8:0A:AA:2C:8D,PCS-Wireless,17,1144.4536471366882,B2-01,1,4
1672,54:F0:B1:A1:18:C0,eduroam,12,1144.4536471366882,B2-01,1,4
1673,54:F0:B1:A1:18:C3,MEZANINO,10,1144.4536471366882,B2-01,1,4
1674,54:F0:B1:A1:18:C4,GDLAB,12,1144.4536471366882,B2-01,1,4
1675,54:F0:B1:A1:18:C5,LABPAD,14,1144.4536471366882,B2-01,1,4
1676,54:F0:B1:A1:18:D2,,27,1144.4536471366882,B2-01,1,4
1677,54:F0:B1:A1:18:D3,MEZANINO,30,1144.4536471366882,B2-01,1,4
1678,54:F0:B1:A1:18:D4,GDLAB,17,1144.4536471366882,B2-01,1,4
1679,54:F0:B1:A1:18:D5,LABPAD,24,1144.4536471366882,B2-01,1,4
1680,54:F0:B1:A1:58:00,eduroam,32,1144.4536471366882,B2-01,1,4
1681,54:F0:B1:A1:58:01,PoliSemFio,29,1144.4536471366882,B2-01,1,4
1682,54:F0:B1:A1:58:02,,37,1144.4536471366882,B2-01,1,4
1683,54:F0:B1:A1:E5:00,eduroam,20,1144.4536471366882,B2-01,1,4
1684,54:F0:B1:A1:E5:01,PoliSemFio,22,1144.4536471366882,B2-01,1,4
1685,54:F0:B1:A2:37:E0,eduroam,10,1144.4536471366882,B2-01,1,4
1686,54:F0:B1:A2:57:30,eduroam,15,1144.4536471366882,B2-01,1,4
1687,54:F0:B1:BB:5A:80,eduroam,19,1144.4536471366882,B2-01,1,4
1688,54:F0:B1:BB:5A:81,PoliSemFio,22,1144.4536471366882,B2-01,1,4
1689,54:F0:B1:BB:5A:82,HACKER,15,1144.4536471366882,B2-01,1,4
1690,54:F0:B1:BB:5A:83,LEP,19,1144.4536471366882,B2-01,1,4
1691,54:F0:B1:BB:5A:84,,20,1144.4536471366882,B2-01,1,4
1692,54:F0:B1:BB:80:C0,eduroam,19,1144.4536471366882,B2-01,1,4
1693,54:F0:B1:BB:80:C2,,24,1144.4536471366882,B2-01,1,4
1694,54:F0:B1:BB:84:B0,eduroam,22,1144.4536471366882,B2-01,1,4
1695,54:F0:B1:BB:84:B1,PoliSemFio,20,1144.4536471366882,B2-01,1,4
1696,54:F0:B1:BB:92:C0,eduroam,12,1144.4536471366882,B2-01,1,4
1697,54:F0:B1:BB:BE:12,,25,1144.4536471366882,B2-01,1,4
1698,54:F0:B1:BB:BE:13,CAEEL,5,1144.4536471366882,B2-01,1,4
1699,54:F0:B1:BB:C4:D0,eduroam,47,1144.4536471366882,B2-01,1,4
1700,54:F0:B1:BB:C4:D1,PoliSemFio,42,1144.4536471366882,B2-01,1,4
1701,54:F0:B1:BB:C4:D2,,59,1144.4536471366882,B2-01,1,4
1702,54:F0:B1:BB:C4:F0,eduroam,17,1144.4536471366882,B2-01,1,4
1703,54:F0:B1:BB:C4:F1,PoliSemFio,29,1144.4536471366882,B2-01,1,4
1704,54:F0:B1:BB:C4:F2,,19,1144.4536471366882,B2-01,1,4
1705,54:F0:B1:BB:C5:C3,MEZANINO,5,1144.4536471366882,B2-01,1,4
1706,54:F0:B1:BB:F3:20,eduroam,17,1144.4536471366882,B2-01,1,4
1707,54:F0:B1:BB:F3:21,PoliSemFio,25,1144.4536471366882,B2-01,1,4
1708,54:F0:B1:BB:F3:22,,20,1144.4536471366882,B2-01,1,4
1709,54:F0:B1:BB:FD:D0,eduroam,10,1144.4536471366882,B2-01,1,4
1710,54:F0:B1:BC:09:40,eduroam,100,1144.4536471366882,B2-01,1,4
1711,54:F0:B1:BC:09:41,PoliSemFio,100,1144.4536471366882,B2-01,1,4
1712,54:F0:B1:BC:09:42,,100,1144.4536471366882,B2-01,1,4
1713,54:F0:B1:BC:09:60,eduroam,74,1144.4536471366882,B2-01,1,4
1714,54:F0:B1:BC:09:61,PoliSemFio,90,1144.4536471366882,B2-01,1,4
1715,54:F0:B1:BC:1B:D0,eduroam,19,1144.4536471366882,B2-01,1,4
1716,54:F0:B1:BC:1B:D1,PoliSemFio,42,1144.4536471366882,B2-01,1,4
1717,54:F0:B1:BC:1B:D2,,64,1144.4536471366882,B2-01,1,4
1718,54:F0:B1:BC:1B:F0,eduroam,14,1144.4536471366882,B2-01,1,4
1719,54:F0:B1:BC:1B:F1,PoliSemFio,15,1144.4536471366882,B2-01,1,4
1720,54:F0:B1:BC:2E:90,eduroam,57,1144.4536471366882,B2-01,1,4
1721,54:F0:B1:BC:2E:91,PoliSemFio,49,1144.4536471366882,B2-01,1,4
1722,54:F0:B1:BC:2E:92,,49,1144.4536471366882,B2-01,1,4
1723,54:F0:B1:BC:2E:B0,eduroam,20,1144.4536471366882,B2-01,1,4
1724,54:F0:B1:BC:2E:B1,PoliSemFio,22,1144.4536471366882,B2-01,1,4
1725,54:F0:B1:BC:2E:B2,,34,1144.4536471366882,B2-01,1,4
1726,54:F0:B1:BC:36:10,PoliSemFio,24,1144.4536471366882,B2-01,1,4
1727,54:F0:B1:BC:36:11,eduroam,27,1144.4536471366882,B2-01,1,4
1728,54:F0:B1:BC:3F:10,eduroam,20,1144.4536471366882,B2-01,1,4
1729,54:F0:B1:BC:3F:11,PoliSemFio,29,1144.4536471366882,B2-01,1,4
1730,54:F0:B1:BC:3F:12,,29,1144.4536471366882,B2-01,1,4
1731,54:F0:B1:BC:65:B2,,22,1144.4536471366882,B2-01,1,4
1732,54:F0:B1:BC:70:00,eduroam,29,1144.4536471366882,B2-01,1,4
1733,54:F0:B1:BC:70:01,PoliSemFio,32,1144.4536471366882,B2-01,1,4
1734,54:F0:B1:BC:77:80,eduroam,49,1144.4536471366882,B2-01,1,4
1735,54:F0:B1:BC:77:81,PoliSemFio,47,1144.4536471366882,B2-01,1,4
1736,54:F0:B1:BC:77:82,,34,1144.4536471366882,B2-01,1,4
1737,54:F0:B1:BC:77:A0,eduroam,25,1144.4536471366882,B2-01,1,4
1738,54:F0:B1:BC:77:A1,PoliSemFio,25,1144.4536471366882,B2-01,1,4
1739,54:F0:B1:BC:77:A2,,15,1144.4536471366882,B2-01,1,4
1740,56:60:F9:A3:E7:3F,,27,1144.4536471366882,B2-01,1,4
1741,68:FF:7B:47:78:BE,C1-22M,35,1144.4536471366882,B2-01,1,4
1742,70:62:B8:6E:72:A0,PCS-wireless-C1-13,30,1144.4536471366882,B2-01,1,4
1743,70:62:B8:6E:72:A1,PPGEE,35,1144.4536471366882,B2-01,1,4
1744,84:D4:7E:06:4F:E0,eduroam,55,1144.4536471366882,B2-01,1,4
1745,84:D4:7E:06:4F:E1,PoliSemFio,47,1144.4536471366882,B2-01,1,4
1746,84:D4:7E:06:4F:E2,,50,1144.4536471366882,B2-01,1,4
1747,84:D4:7E:06:4F:F0,eduroam,25,1144.4536471366882,B2-01,1,4
1748,84:D4:7E:06:4F:F1,PoliSemFio,24,1144.4536471366882,B2-01,1,4
1749,AA:6B:AD:82:46:CC,DIRECT-cc-HP M132f LaserJet,15,1144.4536471366882,B2-01,1,4
1750,DC:9F:DB:1C:1F:E0,LWN-3,35,1144.4536471366882,B2-01,1,4
1751,EE:9F:DB:1C:1F:E0,,37,1144.4536471366882,B2-01,1,4
1752,F8:1A:67:99:55:8E,NUCLEAR_CHF,22,1144.4536471366882,B2-01,1,4
1753,FE:9F:DB:1C:1F:E0,,35,1144.4536471366882,B2-01,1,4
1754,00:18:E7:FF:8C:98,dlink,27,1150.702773809433,B2-01,1,4
1755,00:21:91:70:9D:EC,LAB-DIDATICO,20,1150.702773809433,B2-01,1,4
1756,34:60:F9:A3:D9:14,GASWIFI-2G_C2,37,1150.702773809433,B2-01,1,4
1757,34:60:F9:A3:E7:3F,GASWIFI_C4,30,1150.702773809433,B2-01,1,4
1758,34:CE:00:51:3E:6F,Lab,60,1150.702773809433,B2-01,1,4
1759,34:CE:00:51:3E:70,Lab_5G,49,1150.702773809433,B2-01,1,4
1760,3A:60:F9:A3:D9:14,,39,1150.702773809433,B2-01,1,4
1761,54:B8:0A:AA:2C:8C,LAB_DIGITAL,20,1150.702773809433,B2-01,1,4
1762,54:B8:0A:AA:2C:8D,PCS-Wireless,22,1150.702773809433,B2-01,1,4
1763,54:F0:B1:A1:18:C0,eduroam,12,1150.702773809433,B2-01,1,4
1764,54:F0:B1:A1:18:C3,MEZANINO,10,1150.702773809433,B2-01,1,4
1765,54:F0:B1:A1:18:C4,GDLAB,12,1150.702773809433,B2-01,1,4
1766,54:F0:B1:A1:18:C5,LABPAD,14,1150.702773809433,B2-01,1,4
1767,54:F0:B1:A1:18:D3,MEZANINO,30,1150.702773809433,B2-01,1,4
1768,54:F0:B1:A1:18:D4,GDLAB,17,1150.702773809433,B2-01,1,4
1769,54:F0:B1:A1:18:D5,LABPAD,24,1150.702773809433,B2-01,1,4
1770,54:F0:B1:A1:58:00,eduroam,22,1150.702773809433,B2-01,1,4
1771,54:F0:B1:A1:58:01,PoliSemFio,29,1150.702773809433,B2-01,1,4
1772,54:F0:B1:A1:58:02,,37,1150.702773809433,B2-01,1,4
1773,54:F0:B1:A1:E5:00,eduroam,20,1150.702773809433,B2-01,1,4
1774,54:F0:B1:A2:37:E0,eduroam,10,1150.702773809433,B2-01,1,4
1775,54:F0:B1:A2:57:30,eduroam,15,1150.702773809433,B2-01,1,4
1776,54:F0:B1:BB:5A:80,eduroam,19,1150.702773809433,B2-01,1,4
1777,54:F0:B1:BB:5A:81,PoliSemFio,22,1150.702773809433,B2-01,1,4
1778,54:F0:B1:BB:5A:82,HACKER,19,1150.702773809433,B2-01,1,4
1779,54:F0:B1:BB:5A:83,LEP,19,1150.702773809433,B2-01,1,4
1780,54:F0:B1:BB:5A:84,,20,1150.702773809433,B2-01,1,4
1781,54:F0:B1:BB:80:C0,eduroam,19,1150.702773809433,B2-01,1,4
1782,54:F0:B1:BB:84:B0,eduroam,22,1150.702773809433,B2-01,1,4
1783,54:F0:B1:BB:92:C0,eduroam,12,1150.702773809433,B2-01,1,4
1784,54:F0:B1:BB:BE:12,,25,1150.702773809433,B2-01,1,4
1785,54:F0:B1:BB:BE:13,CAEEL,5,1150.702773809433,B2-01,1,4
1786,54:F0:B1:BB:C4:D0,eduroam,45,1150.702773809433,B2-01,1,4
1787,54:F0:B1:BB:C4:D1,PoliSemFio,42,1150.702773809433,B2-01,1,4
1788,54:F0:B1:BB:C4:D2,,59,1150.702773809433,B2-01,1,4
1789,54:F0:B1:BB:C4:F0,eduroam,30,1150.702773809433,B2-01,1,4
1790,54:F0:B1:BB:C4:F1,PoliSemFio,29,1150.702773809433,B2-01,1,4
1791,54:F0:B1:BB:C4:F2,,19,1150.702773809433,B2-01,1,4
1792,54:F0:B1:BB:F3:20,eduroam,22,1150.702773809433,B2-01,1,4
1793,54:F0:B1:BB:F3:21,PoliSemFio,25,1150.702773809433,B2-01,1,4
1794,54:F0:B1:BB:F3:22,,20,1150.702773809433,B2-01,1,4
1795,54:F0:B1:BB:FD:D0,eduroam,14,1150.702773809433,B2-01,1,4
1796,54:F0:B1:BC:09:40,eduroam,99,1150.702773809433,B2-01,1,4
1797,54:F0:B1:BC:09:41,PoliSemFio,95,1150.702773809433,B2-01,1,4
1798,54:F0:B1:BC:09:42,,95,1150.702773809433,B2-01,1,4
1799,54:F0:B1:BC:09:60,eduroam,70,1150.702773809433,B2-01,1,4
1800,54:F0:B1:BC:09:61,PoliSemFio,84,1150.702773809433,B2-01,1,4
1801,54:F0:B1:BC:1B:D0,eduroam,19,1150.702773809433,B2-01,1,4
1802,54:F0:B1:BC:1B:D1,PoliSemFio,39,1150.702773809433,B2-01,1,4
1803,54:F0:B1:BC:1B:D2,,64,1150.702773809433,B2-01,1,4
1804,54:F0:B1:BC:1B:F0,eduroam,24,1150.702773809433,B2-01,1,4
1805,54:F0:B1:BC:1B:F1,PoliSemFio,24,1150.702773809433,B2-01,1,4
1806,54:F0:B1:BC:2E:90,eduroam,52,1150.702773809433,B2-01,1,4
1807,54:F0:B1:BC:2E:91,PoliSemFio,55,1150.702773809433,B2-01,1,4
1808,54:F0:B1:BC:2E:92,,55,1150.702773809433,B2-01,1,4
1809,54:F0:B1:BC:2E:B0,eduroam,29,1150.702773809433,B2-01,1,4
1810,54:F0:B1:BC:2E:B1,PoliSemFio,29,1150.702773809433,B2-01,1,4
1811,54:F0:B1:BC:2E:B2,,34,1150.702773809433,B2-01,1,4
1812,54:F0:B1:BC:36:10,PoliSemFio,24,1150.702773809433,B2-01,1,4
1813,54:F0:B1:BC:36:11,eduroam,27,1150.702773809433,B2-01,1,4
1814,54:F0:B1:BC:3F:10,eduroam,20,1150.702773809433,B2-01,1,4
1815,54:F0:B1:BC:3F:11,PoliSemFio,29,1150.702773809433,B2-01,1,4
1816,54:F0:B1:BC:3F:12,,29,1150.702773809433,B2-01,1,4
1817,54:F0:B1:BC:70:00,eduroam,32,1150.702773809433,B2-01,1,4
1818,54:F0:B1:BC:70:01,PoliSemFio,32,1150.702773809433,B2-01,1,4
1819,54:F0:B1:BC:70:02,,34,1150.702773809433,B2-01,1,4
1820,54:F0:B1:BC:77:80,eduroam,49,1150.702773809433,B2-01,1,4
1821,54:F0:B1:BC:77:81,PoliSemFio,47,1150.702773809433,B2-01,1,4
1822,54:F0:B1:BC:77:82,,34,1150.702773809433,B2-01,1,4
1823,54:F0:B1:BC:77:A0,eduroam,14,1150.702773809433,B2-01,1,4
1824,54:F0:B1:BC:77:A1,PoliSemFio,15,1150.702773809433,B2-01,1,4
1825,54:F0:B1:BC:77:A2,,15,1150.702773809433,B2-01,1,4
1826,56:60:F9:A3:E7:3F,,29,1150.702773809433,B2-01,1,4
1827,68:FF:7B:47:78:BE,C1-22M,29,1150.702773809433,B2-01,1,4
1828,70:62:B8:6E:72:A0,PCS-wireless-C1-13,30,1150.702773809433,B2-01,1,4
1829,70:62:B8:6E:72:A1,PPGEE,30,1150.702773809433,B2-01,1,4
1830,84:D4:7E:06:4F:E0,eduroam,44,1150.702773809433,B2-01,1,4
1831,84:D4:7E:06:4F:E1,PoliSemFio,50,1150.702773809433,B2-01,1,4
1832,84:D4:7E:06:4F:E2,,50,1150.702773809433,B2-01,1,4
1833,84:D4:7E:06:4F:F0,eduroam,25,1150.702773809433,B2-01,1,4
1834,84:D4:7E:06:4F:F1,PoliSemFio,25,1150.702773809433,B2-01,1,4
1835,AA:6B:AD:82:46:CC,DIRECT-cc-HP M132f LaserJet,15,1150.702773809433,B2-01,1,4
1836,DC:9F:DB:1C:1F:E0,LWN-3,25,1150.702773809433,B2-01,1,4
1837,DE:9F:DB:1C:1F:E0,LARC Guest,24,1150.702773809433,B2-01,1,4
1838,EE:9F:DB:1C:1F:E0,,37,1150.702773809433,B2-01,1,4
1839,F8:1A:67:99:55:8E,NUCLEAR_CHF,22,1150.702773809433,B2-01,1,4
1840,FE:9F:DB:1C:1F:E0,,35,1150.702773809433,B2-01,1,4
1841,00:18:E7:FF:8C:98,dlink,12,1160.627634525299,B2-01,1,4
1842,00:21:91:70:9D:EC,LAB-DIDATICO,20,1160.627634525299,B2-01,1,4
1843,34:60:F9:A3:D9:14,GASWIFI-2G_C2,44,1160.627634525299,B2-01,1,4
1844,34:60:F9:A3:E7:3F,GASWIFI_C4,30,1160.627634525299,B2-01,1,4
1845,34:CE:00:51:3E:6F,Lab,54,1160.627634525299,B2-01,1,4
1846,34:CE:00:51:3E:70,Lab_5G,17,1160.627634525299,B2-01,1,4
1847,3A:60:F9:A3:D9:14,,39,1160.627634525299,B2-01,1,4
1848,54:B8:0A:AA:2C:8C,LAB_DIGITAL,39,1160.627634525299,B2-01,1,4
1849,54:B8:0A:AA:2C:8D,PCS-Wireless,37,1160.627634525299,B2-01,1,4
1850,54:F0:B1:A1:18:C0,eduroam,14,1160.627634525299,B2-01,1,4
1851,54:F0:B1:A1:18:C1,PoliSemFio,15,1160.627634525299,B2-01,1,4
1852,54:F0:B1:A1:18:C3,MEZANINO,15,1160.627634525299,B2-01,1,4
1853,54:F0:B1:A1:18:C4,GDLAB,14,1160.627634525299,B2-01,1,4
1854,54:F0:B1:A1:18:C5,LABPAD,14,1160.627634525299,B2-01,1,4
1855,54:F0:B1:A1:18:D0,eduroam,30,1160.627634525299,B2-01,1,4
1856,54:F0:B1:A1:18:D1,PoliSemFio,27,1160.627634525299,B2-01,1,4
1857,54:F0:B1:A1:18:D3,MEZANINO,30,1160.627634525299,B2-01,1,4
1858,54:F0:B1:A1:18:D4,GDLAB,30,1160.627634525299,B2-01,1,4
1859,54:F0:B1:A1:18:D5,LABPAD,30,1160.627634525299,B2-01,1,4
1860,54:F0:B1:A1:58:00,eduroam,37,1160.627634525299,B2-01,1,4
1861,54:F0:B1:A1:58:01,PoliSemFio,39,1160.627634525299,B2-01,1,4
1862,54:F0:B1:A1:58:02,,37,1160.627634525299,B2-01,1,4
1863,54:F0:B1:A1:E5:00,eduroam,20,1160.627634525299,B2-01,1,4
1864,54:F0:B1:A2:37:E0,eduroam,10,1160.627634525299,B2-01,1,4
1865,54:F0:B1:A2:57:30,eduroam,15,1160.627634525299,B2-01,1,4
1866,54:F0:B1:A2:57:33,LCA,22,1160.627634525299,B2-01,1,4
1867,54:F0:B1:BB:5A:80,eduroam,19,1160.627634525299,B2-01,1,4
1868,54:F0:B1:BB:5A:81,PoliSemFio,22,1160.627634525299,B2-01,1,4
1869,54:F0:B1:BB:5A:82,HACKER,19,1160.627634525299,B2-01,1,4
1870,54:F0:B1:BB:5A:83,LEP,19,1160.627634525299,B2-01,1,4
1871,54:F0:B1:BB:5A:84,,20,1160.627634525299,B2-01,1,4
1872,54:F0:B1:BB:80:C0,eduroam,19,1160.627634525299,B2-01,1,4
1873,54:F0:B1:BB:80:C1,PoliSemFio,22,1160.627634525299,B2-01,1,4
1874,54:F0:B1:BB:80:C2,,22,1160.627634525299,B2-01,1,4
1875,54:F0:B1:BB:84:B0,eduroam,24,1160.627634525299,B2-01,1,4
1876,54:F0:B1:BB:84:B1,PoliSemFio,24,1160.627634525299,B2-01,1,4
1877,54:F0:B1:BB:84:B2,,25,1160.627634525299,B2-01,1,4
1878,54:F0:B1:BB:92:C0,eduroam,12,1160.627634525299,B2-01,1,4
1879,54:F0:B1:BB:BE:12,,25,1160.627634525299,B2-01,1,4
1880,54:F0:B1:BB:BE:13,CAEEL,14,1160.627634525299,B2-01,1,4
1881,54:F0:B1:BB:C4:D0,eduroam,45,1160.627634525299,B2-01,1,4
1882,54:F0:B1:BB:C4:D1,PoliSemFio,54,1160.627634525299,B2-01,1,4
1883,54:F0:B1:BB:C4:D2,,54,1160.627634525299,B2-01,1,4
1884,54:F0:B1:BB:C4:F0,eduroam,24,1160.627634525299,B2-01,1,4
1885,54:F0:B1:BB:C4:F1,PoliSemFio,25,1160.627634525299,B2-01,1,4
1886,54:F0:B1:BB:C5:C0,eduroam,9,1160.627634525299,B2-01,1,4
1887,54:F0:B1:BB:F3:20,eduroam,24,1160.627634525299,B2-01,1,4
1888,54:F0:B1:BB:F3:21,PoliSemFio,24,1160.627634525299,B2-01,1,4
1889,54:F0:B1:BB:F3:22,,25,1160.627634525299,B2-01,1,4
1890,54:F0:B1:BB:FD:D0,eduroam,19,1160.627634525299,B2-01,1,4
1891,54:F0:B1:BB:FD:D1,PoliSemFio,17,1160.627634525299,B2-01,1,4
1892,54:F0:B1:BC:09:40,eduroam,95,1160.627634525299,B2-01,1,4
1893,54:F0:B1:BC:09:41,PoliSemFio,97,1160.627634525299,B2-01,1,4
1894,54:F0:B1:BC:09:42,,97,1160.627634525299,B2-01,1,4
1895,54:F0:B1:BC:09:60,eduroam,77,1160.627634525299,B2-01,1,4
1896,54:F0:B1:BC:09:61,PoliSemFio,89,1160.627634525299,B2-01,1,4
1897,54:F0:B1:BC:1B:D0,eduroam,19,1160.627634525299,B2-01,1,4
1898,54:F0:B1:BC:1B:D1,PoliSemFio,57,1160.627634525299,B2-01,1,4
1899,54:F0:B1:BC:1B:D2,,59,1160.627634525299,B2-01,1,4
1900,54:F0:B1:BC:1B:F0,eduroam,19,1160.627634525299,B2-01,1,4
1901,54:F0:B1:BC:1B:F1,PoliSemFio,19,1160.627634525299,B2-01,1,4
1902,54:F0:B1:BC:2E:90,eduroam,52,1160.627634525299,B2-01,1,4
1903,54:F0:B1:BC:2E:91,PoliSemFio,55,1160.627634525299,B2-01,1,4
1904,54:F0:B1:BC:2E:92,,55,1160.627634525299,B2-01,1,4
1905,54:F0:B1:BC:2E:B0,eduroam,22,1160.627634525299,B2-01,1,4
1906,54:F0:B1:BC:2E:B1,PoliSemFio,22,1160.627634525299,B2-01,1,4
1907,54:F0:B1:BC:36:10,PoliSemFio,24,1160.627634525299,B2-01,1,4
1908,54:F0:B1:BC:36:11,eduroam,15,1160.627634525299,B2-01,1,4
1909,54:F0:B1:BC:3F:10,eduroam,20,1160.627634525299,B2-01,1,4
1910,54:F0:B1:BC:3F:11,PoliSemFio,29,1160.627634525299,B2-01,1,4
1911,54:F0:B1:BC:3F:12,,29,1160.627634525299,B2-01,1,4
1912,54:F0:B1:BC:70:00,eduroam,32,1160.627634525299,B2-01,1,4
1913,54:F0:B1:BC:70:01,PoliSemFio,44,1160.627634525299,B2-01,1,4
1914,54:F0:B1:BC:70:02,,34,1160.627634525299,B2-01,1,4
1915,54:F0:B1:BC:77:80,eduroam,45,1160.627634525299,B2-01,1,4
1916,54:F0:B1:BC:77:81,PoliSemFio,40,1160.627634525299,B2-01,1,4
1917,54:F0:B1:BC:77:82,,40,1160.627634525299,B2-01,1,4
1918,54:F0:B1:BC:77:A0,eduroam,14,1160.627634525299,B2-01,1,4
1919,54:F0:B1:BC:77:A1,PoliSemFio,15,1160.627634525299,B2-01,1,4
1920,56:60:F9:A3:E7:3F,,29,1160.627634525299,B2-01,1,4
1921,68:FF:7B:47:78:BE,C1-22M,29,1160.627634525299,B2-01,1,4
1922,70:62:B8:6E:72:A0,PCS-wireless-C1-13,39,1160.627634525299,B2-01,1,4
1923,70:62:B8:6E:72:A1,PPGEE,37,1160.627634525299,B2-01,1,4
1924,84:D4:7E:06:4F:E0,eduroam,52,1160.627634525299,B2-01,1,4
1925,84:D4:7E:06:4F:E1,PoliSemFio,49,1160.627634525299,B2-01,1,4
1926,84:D4:7E:06:4F:E2,,50,1160.627634525299,B2-01,1,4
1927,84:D4:7E:06:4F:F0,eduroam,20,1160.627634525299,B2-01,1,4
1928,84:D4:7E:06:4F:F1,PoliSemFio,25,1160.627634525299,B2-01,1,4
1929,AA:6B:AD:82:46:CC,DIRECT-cc-HP M132f LaserJet,15,1160.627634525299,B2-01,1,4
1930,DC:9F:DB:1C:1F:E0,LWN-3,34,1160.627634525299,B2-01,1,4
1931,DE:9F:DB:1C:1F:E0,LARC Guest,24,1160.627634525299,B2-01,1,4
1932,EE:9F:DB:1C:1F:E0,,37,1160.627634525299,B2-01,1,4
1933,FE:9F:DB:1C:1F:E0,,35,1160.627634525299,B2-01,1,4
