,ap_mac,ap_name,rssi,timestamp,room,door_status,room_part
0,00:21:91:70:9D:EC,LAB-DIDATICO,32,915.3647701740265,B2-01,1,3
1,30:85:A9:69:F2:E4,PCS-Wireless-C2-22,17,915.3647701740265,B2-01,1,3
2,34:60:F9:A3:D9:14,GASWIFI-2G_C2,20,915.3647701740265,B2-01,1,3
3,34:CE:00:51:3E:6F,Lab,59,915.3647701740265,B2-01,1,3
4,34:CE:00:51:3E:70,Lab_5G,20,915.3647701740265,B2-01,1,3
5,48:00:20:34:D2:40,eduroam,25,915.3647701740265,B2-01,1,3
6,54:B8:0A:AA:2C:8C,LAB_DIGITAL,29,915.3647701740265,B2-01,1,3
7,54:B8:0A:AA:2C:8D,PCS-Wireless,54,915.3647701740265,B2-01,1,3
8,54:F0:B1:A1:18:C3,MEZANINO,12,915.3647701740265,B2-01,1,3
9,54:F0:B1:A1:18:C4,GDLAB,12,915.3647701740265,B2-01,1,3
10,54:F0:B1:A1:18:C5,LABPAD,15,915.3647701740265,B2-01,1,3
11,54:F0:B1:A1:18:D0,eduroam,30,915.3647701740265,B2-01,1,3
12,54:F0:B1:A1:18:D1,PoliSemFio,25,915.3647701740265,B2-01,1,3
13,54:F0:B1:A1:18:D2,,25,915.3647701740265,B2-01,1,3
14,54:F0:B1:A1:18:D3,MEZANINO,34,915.3647701740265,B2-01,1,3
15,54:F0:B1:A1:18:D4,GDLAB,30,915.3647701740265,B2-01,1,3
16,54:F0:B1:A1:18:D5,LABPAD,30,915.3647701740265,B2-01,1,3
17,54:F0:B1:A1:57:F0,eduroam,17,915.3647701740265,B2-01,1,3
18,54:F0:B1:A1:57:F1,PoliSemFio,17,915.3647701740265,B2-01,1,3
19,54:F0:B1:A1:57:F2,,15,915.3647701740265,B2-01,1,3
20,54:F0:B1:A1:58:00,eduroam,37,915.3647701740265,B2-01,1,3
21,54:F0:B1:A1:58:01,PoliSemFio,44,915.3647701740265,B2-01,1,3
22,54:F0:B1:A1:58:02,,44,915.3647701740265,B2-01,1,3
23,54:F0:B1:A2:56:70,eduroam,19,915.3647701740265,B2-01,1,3
24,54:F0:B1:A2:56:71,PoliSemFio,37,915.3647701740265,B2-01,1,3
25,54:F0:B1:A2:56:72,,39,915.3647701740265,B2-01,1,3
26,54:F0:B1:A2:57:30,eduroam,25,915.3647701740265,B2-01,1,3
27,54:F0:B1:A2:57:33,LCA,14,915.3647701740265,B2-01,1,3
28,54:F0:B1:BB:58:A3,CAEEL,14,915.3647701740265,B2-01,1,3
29,54:F0:B1:BB:5A:80,eduroam,30,915.3647701740265,B2-01,1,3
30,54:F0:B1:BB:5A:81,PoliSemFio,39,915.3647701740265,B2-01,1,3
31,54:F0:B1:BB:5A:82,HACKER,34,915.3647701740265,B2-01,1,3
32,54:F0:B1:BB:5A:83,LEP,32,915.3647701740265,B2-01,1,3
33,54:F0:B1:BB:84:B0,eduroam,5,915.3647701740265,B2-01,1,3
34,54:F0:B1:BB:BE:11,PoliSemFio,24,915.3647701740265,B2-01,1,3
35,54:F0:B1:BB:BE:12,,27,915.3647701740265,B2-01,1,3
36,54:F0:B1:BB:BE:13,CAEEL,22,915.3647701740265,B2-01,1,3
37,54:F0:B1:BB:C4:D0,eduroam,84,915.3647701740265,B2-01,1,3
38,54:F0:B1:BB:C4:D1,PoliSemFio,85,915.3647701740265,B2-01,1,3
39,54:F0:B1:BB:C4:D2,,87,915.3647701740265,B2-01,1,3
40,54:F0:B1:BB:C4:F0,eduroam,52,915.3647701740265,B2-01,1,3
41,54:F0:B1:BB:C4:F1,PoliSemFio,44,915.3647701740265,B2-01,1,3
42,54:F0:B1:BB:C5:C0,eduroam,19,915.3647701740265,B2-01,1,3
43,54:F0:B1:BB:C5:C1,PoliSemFio,27,915.3647701740265,B2-01,1,3
44,54:F0:B1:BB:C5:C3,MEZANINO,17,915.3647701740265,B2-01,1,3
45,54:F0:B1:BB:C5:C5,LABPAD,32,915.3647701740265,B2-01,1,3
46,54:F0:B1:BB:F3:20,eduroam,29,915.3647701740265,B2-01,1,3
47,54:F0:B1:BB:F3:21,PoliSemFio,25,915.3647701740265,B2-01,1,3
48,54:F0:B1:BC:09:40,eduroam,97,915.3647701740265,B2-01,1,3
49,54:F0:B1:BC:09:41,PoliSemFio,90,915.3647701740265,B2-01,1,3
50,54:F0:B1:BC:09:60,eduroam,87,915.3647701740265,B2-01,1,3
51,54:F0:B1:BC:09:61,PoliSemFio,89,915.3647701740265,B2-01,1,3
52,54:F0:B1:BC:1B:D0,eduroam,34,915.3647701740265,B2-01,1,3
53,54:F0:B1:BC:1B:D1,PoliSemFio,65,915.3647701740265,B2-01,1,3
54,54:F0:B1:BC:1B:D2,,50,915.3647701740265,B2-01,1,3
55,54:F0:B1:BC:1B:F0,eduroam,34,915.3647701740265,B2-01,1,3
56,54:F0:B1:BC:1B:F1,PoliSemFio,35,915.3647701740265,B2-01,1,3
57,54:F0:B1:BC:2E:90,eduroam,59,915.3647701740265,B2-01,1,3
58,54:F0:B1:BC:2E:91,PoliSemFio,62,915.3647701740265,B2-01,1,3
59,54:F0:B1:BC:2E:B0,eduroam,25,915.3647701740265,B2-01,1,3
60,54:F0:B1:BC:2E:B1,PoliSemFio,25,915.3647701740265,B2-01,1,3
61,54:F0:B1:BC:2F:50,eduroam,15,915.3647701740265,B2-01,1,3
62,54:F0:B1:BC:36:11,eduroam,19,915.3647701740265,B2-01,1,3
63,54:F0:B1:BC:3F:10,eduroam,29,915.3647701740265,B2-01,1,3
64,54:F0:B1:BC:3F:12,,30,915.3647701740265,B2-01,1,3
65,54:F0:B1:BC:65:B2,,19,915.3647701740265,B2-01,1,3
66,54:F0:B1:BC:70:00,eduroam,65,915.3647701740265,B2-01,1,3
67,54:F0:B1:BC:70:01,PoliSemFio,60,915.3647701740265,B2-01,1,3
68,54:F0:B1:BC:70:02,,45,915.3647701740265,B2-01,1,3
69,54:F0:B1:BC:70:20,eduroam,17,915.3647701740265,B2-01,1,3
70,54:F0:B1:BC:70:21,PoliSemFio,14,915.3647701740265,B2-01,1,3
71,54:F0:B1:BC:77:80,eduroam,57,915.3647701740265,B2-01,1,3
72,54:F0:B1:BC:77:81,PoliSemFio,44,915.3647701740265,B2-01,1,3
73,54:F0:B1:BC:77:82,,42,915.3647701740265,B2-01,1,3
74,54:F0:B1:BC:77:A0,eduroam,20,915.3647701740265,B2-01,1,3
75,54:F0:B1:BC:77:A1,PoliSemFio,22,915.3647701740265,B2-01,1,3
76,54:F0:B1:BC:77:A2,,24,915.3647701740265,B2-01,1,3
77,68:FF:7B:47:78:BE,C1-22M,42,915.3647701740265,B2-01,1,3
78,70:62:B8:6E:72:A0,PCS-wireless-C1-13,49,915.3647701740265,B2-01,1,3
79,70:62:B8:6E:72:A1,PPGEE,49,915.3647701740265,B2-01,1,3
80,84:D4:7E:06:4F:E0,eduroam,77,915.3647701740265,B2-01,1,3
81,84:D4:7E:06:4F:E1,PoliSemFio,57,915.3647701740265,B2-01,1,3
82,84:D4:7E:06:4F:E2,,57,915.3647701740265,B2-01,1,3
83,84:D4:7E:06:4F:F0,eduroam,25,915.3647701740265,B2-01,1,3
84,84:D4:7E:06:4F:F1,PoliSemFio,29,915.3647701740265,B2-01,1,3
85,B6:4E:26:4B:84:C2,C2-01-Guest,17,915.3647701740265,B2-01,1,3
86,DC:9F:DB:1C:1F:E0,LWN-3,32,915.3647701740265,B2-01,1,3
87,DE:9F:DB:1C:1F:E0,LARC Guest,30,915.3647701740265,B2-01,1,3
88,EE:9F:DB:1C:1F:E0,,45,915.3647701740265,B2-01,1,3
89,F8:1A:67:99:55:8E,NUCLEAR_CHF,27,915.3647701740265,B2-01,1,3
90,FE:9F:DB:1C:1F:E0,,32,915.3647701740265,B2-01,1,3
91,00:21:91:70:9D:EC,LAB-DIDATICO,32,921.6315593719482,B2-01,1,3
92,30:85:A9:69:F2:E4,PCS-Wireless-C2-22,17,921.6315593719482,B2-01,1,3
93,34:60:F9:A3:D9:14,GASWIFI-2G_C2,20,921.6315593719482,B2-01,1,3
94,34:CE:00:51:3E:6F,Lab,59,921.6315593719482,B2-01,1,3
95,34:CE:00:51:3E:70,Lab_5G,20,921.6315593719482,B2-01,1,3
96,48:00:20:34:D2:40,eduroam,25,921.6315593719482,B2-01,1,3
97,54:B8:0A:AA:2C:8C,LAB_DIGITAL,29,921.6315593719482,B2-01,1,3
98,54:B8:0A:AA:2C:8D,PCS-Wireless,54,921.6315593719482,B2-01,1,3
99,54:F0:B1:A1:18:C3,MEZANINO,12,921.6315593719482,B2-01,1,3
100,54:F0:B1:A1:18:C4,GDLAB,12,921.6315593719482,B2-01,1,3
101,54:F0:B1:A1:18:C5,LABPAD,15,921.6315593719482,B2-01,1,3
102,54:F0:B1:A1:18:D0,eduroam,30,921.6315593719482,B2-01,1,3
103,54:F0:B1:A1:18:D1,PoliSemFio,25,921.6315593719482,B2-01,1,3
104,54:F0:B1:A1:18:D2,,25,921.6315593719482,B2-01,1,3
105,54:F0:B1:A1:18:D3,MEZANINO,34,921.6315593719482,B2-01,1,3
106,54:F0:B1:A1:18:D4,GDLAB,30,921.6315593719482,B2-01,1,3
107,54:F0:B1:A1:18:D5,LABPAD,30,921.6315593719482,B2-01,1,3
108,54:F0:B1:A1:57:F0,eduroam,17,921.6315593719482,B2-01,1,3
109,54:F0:B1:A1:57:F1,PoliSemFio,17,921.6315593719482,B2-01,1,3
110,54:F0:B1:A1:57:F2,,15,921.6315593719482,B2-01,1,3
111,54:F0:B1:A1:58:00,eduroam,37,921.6315593719482,B2-01,1,3
112,54:F0:B1:A1:58:01,PoliSemFio,44,921.6315593719482,B2-01,1,3
113,54:F0:B1:A1:58:02,,44,921.6315593719482,B2-01,1,3
114,54:F0:B1:A2:56:70,eduroam,19,921.6315593719482,B2-01,1,3
115,54:F0:B1:A2:56:71,PoliSemFio,37,921.6315593719482,B2-01,1,3
116,54:F0:B1:A2:56:72,,39,921.6315593719482,B2-01,1,3
117,54:F0:B1:A2:57:30,eduroam,25,921.6315593719482,B2-01,1,3
118,54:F0:B1:A2:57:33,LCA,14,921.6315593719482,B2-01,1,3
119,54:F0:B1:BB:58:A3,CAEEL,14,921.6315593719482,B2-01,1,3
120,54:F0:B1:BB:5A:80,eduroam,30,921.6315593719482,B2-01,1,3
121,54:F0:B1:BB:5A:81,PoliSemFio,39,921.6315593719482,B2-01,1,3
122,54:F0:B1:BB:5A:82,HACKER,34,921.6315593719482,B2-01,1,3
123,54:F0:B1:BB:5A:83,LEP,32,921.6315593719482,B2-01,1,3
124,54:F0:B1:BB:84:B0,eduroam,5,921.6315593719482,B2-01,1,3
125,54:F0:B1:BB:BE:11,PoliSemFio,24,921.6315593719482,B2-01,1,3
126,54:F0:B1:BB:BE:12,,27,921.6315593719482,B2-01,1,3
127,54:F0:B1:BB:BE:13,CAEEL,22,921.6315593719482,B2-01,1,3
128,54:F0:B1:BB:C4:D0,eduroam,84,921.6315593719482,B2-01,1,3
129,54:F0:B1:BB:C4:D1,PoliSemFio,85,921.6315593719482,B2-01,1,3
130,54:F0:B1:BB:C4:D2,,87,921.6315593719482,B2-01,1,3
131,54:F0:B1:BB:C4:F0,eduroam,52,921.6315593719482,B2-01,1,3
132,54:F0:B1:BB:C4:F1,PoliSemFio,44,921.6315593719482,B2-01,1,3
133,54:F0:B1:BB:C5:C0,eduroam,19,921.6315593719482,B2-01,1,3
134,54:F0:B1:BB:C5:C1,PoliSemFio,27,921.6315593719482,B2-01,1,3
135,54:F0:B1:BB:C5:C3,MEZANINO,17,921.6315593719482,B2-01,1,3
136,54:F0:B1:BB:C5:C5,LABPAD,32,921.6315593719482,B2-01,1,3
137,54:F0:B1:BB:F3:20,eduroam,29,921.6315593719482,B2-01,1,3
138,54:F0:B1:BB:F3:21,PoliSemFio,25,921.6315593719482,B2-01,1,3
139,54:F0:B1:BC:09:40,eduroam,97,921.6315593719482,B2-01,1,3
140,54:F0:B1:BC:09:41,PoliSemFio,90,921.6315593719482,B2-01,1,3
141,54:F0:B1:BC:09:60,eduroam,62,921.6315593719482,B2-01,1,3
142,54:F0:B1:BC:09:61,PoliSemFio,89,921.6315593719482,B2-01,1,3
143,54:F0:B1:BC:1B:D0,eduroam,34,921.6315593719482,B2-01,1,3
144,54:F0:B1:BC:1B:D1,PoliSemFio,65,921.6315593719482,B2-01,1,3
145,54:F0:B1:BC:1B:D2,,50,921.6315593719482,B2-01,1,3
146,54:F0:B1:BC:1B:F0,eduroam,34,921.6315593719482,B2-01,1,3
147,54:F0:B1:BC:1B:F1,PoliSemFio,35,921.6315593719482,B2-01,1,3
148,54:F0:B1:BC:2E:90,eduroam,59,921.6315593719482,B2-01,1,3
149,54:F0:B1:BC:2E:91,PoliSemFio,62,921.6315593719482,B2-01,1,3
150,54:F0:B1:BC:2E:B0,eduroam,25,921.6315593719482,B2-01,1,3
151,54:F0:B1:BC:2E:B1,PoliSemFio,25,921.6315593719482,B2-01,1,3
152,54:F0:B1:BC:2F:50,eduroam,15,921.6315593719482,B2-01,1,3
153,54:F0:B1:BC:36:11,eduroam,19,921.6315593719482,B2-01,1,3
154,54:F0:B1:BC:3F:10,eduroam,29,921.6315593719482,B2-01,1,3
155,54:F0:B1:BC:3F:12,,30,921.6315593719482,B2-01,1,3
156,54:F0:B1:BC:65:B2,,19,921.6315593719482,B2-01,1,3
157,54:F0:B1:BC:70:00,eduroam,65,921.6315593719482,B2-01,1,3
158,54:F0:B1:BC:70:01,PoliSemFio,60,921.6315593719482,B2-01,1,3
159,54:F0:B1:BC:70:02,,45,921.6315593719482,B2-01,1,3
160,54:F0:B1:BC:70:20,eduroam,17,921.6315593719482,B2-01,1,3
161,54:F0:B1:BC:70:21,PoliSemFio,14,921.6315593719482,B2-01,1,3
162,54:F0:B1:BC:77:80,eduroam,57,921.6315593719482,B2-01,1,3
163,54:F0:B1:BC:77:81,PoliSemFio,44,921.6315593719482,B2-01,1,3
164,54:F0:B1:BC:77:82,,42,921.6315593719482,B2-01,1,3
165,54:F0:B1:BC:77:A0,eduroam,20,921.6315593719482,B2-01,1,3
166,54:F0:B1:BC:77:A1,PoliSemFio,22,921.6315593719482,B2-01,1,3
167,54:F0:B1:BC:77:A2,,24,921.6315593719482,B2-01,1,3
168,68:FF:7B:47:78:BE,C1-22M,42,921.6315593719482,B2-01,1,3
169,70:62:B8:6E:72:A0,PCS-wireless-C1-13,49,921.6315593719482,B2-01,1,3
170,70:62:B8:6E:72:A1,PPGEE,49,921.6315593719482,B2-01,1,3
171,84:D4:7E:06:4F:E0,eduroam,77,921.6315593719482,B2-01,1,3
172,84:D4:7E:06:4F:E1,PoliSemFio,57,921.6315593719482,B2-01,1,3
173,84:D4:7E:06:4F:E2,,57,921.6315593719482,B2-01,1,3
174,84:D4:7E:06:4F:F0,eduroam,25,921.6315593719482,B2-01,1,3
175,84:D4:7E:06:4F:F1,PoliSemFio,29,921.6315593719482,B2-01,1,3
176,B6:4E:26:4B:84:C2,C2-01-Guest,17,921.6315593719482,B2-01,1,3
177,DC:9F:DB:1C:1F:E0,LWN-3,32,921.6315593719482,B2-01,1,3
178,DE:9F:DB:1C:1F:E0,LARC Guest,30,921.6315593719482,B2-01,1,3
179,EE:9F:DB:1C:1F:E0,,45,921.6315593719482,B2-01,1,3
180,F8:1A:67:99:55:8E,NUCLEAR_CHF,27,921.6315593719482,B2-01,1,3
181,FE:9F:DB:1C:1F:E0,,32,921.6315593719482,B2-01,1,3
182,30:85:A9:69:F2:E4,PCS-Wireless-C2-22,17,927.9028952121735,B2-01,1,3
183,34:60:F9:A3:E7:3F,GASWIFI_C4,24,927.9028952121735,B2-01,1,3
184,34:CE:00:51:3E:6F,Lab,55,927.9028952121735,B2-01,1,3
185,34:CE:00:51:3E:70,Lab_5G,17,927.9028952121735,B2-01,1,3
186,54:B8:0A:AA:2C:8C,LAB_DIGITAL,29,927.9028952121735,B2-01,1,3
187,54:F0:B1:A1:18:D0,eduroam,30,927.9028952121735,B2-01,1,3
188,54:F0:B1:A1:18:D1,PoliSemFio,25,927.9028952121735,B2-01,1,3
189,54:F0:B1:A1:18:D2,,25,927.9028952121735,B2-01,1,3
190,54:F0:B1:A1:18:D3,MEZANINO,34,927.9028952121735,B2-01,1,3
191,54:F0:B1:A1:18:D4,GDLAB,30,927.9028952121735,B2-01,1,3
192,54:F0:B1:A1:57:F0,eduroam,17,927.9028952121735,B2-01,1,3
193,54:F0:B1:A1:57:F1,PoliSemFio,17,927.9028952121735,B2-01,1,3
194,54:F0:B1:A1:57:F2,,15,927.9028952121735,B2-01,1,3
195,54:F0:B1:A1:58:00,eduroam,39,927.9028952121735,B2-01,1,3
196,54:F0:B1:A1:58:01,PoliSemFio,37,927.9028952121735,B2-01,1,3
197,54:F0:B1:A1:58:02,,37,927.9028952121735,B2-01,1,3
198,54:F0:B1:A2:56:71,PoliSemFio,37,927.9028952121735,B2-01,1,3
199,54:F0:B1:A2:56:72,,39,927.9028952121735,B2-01,1,3
200,54:F0:B1:A2:57:33,LCA,17,927.9028952121735,B2-01,1,3
201,54:F0:B1:BB:5A:80,eduroam,39,927.9028952121735,B2-01,1,3
202,54:F0:B1:BB:5A:81,PoliSemFio,39,927.9028952121735,B2-01,1,3
203,54:F0:B1:BB:5A:82,HACKER,34,927.9028952121735,B2-01,1,3
204,54:F0:B1:BB:5A:83,LEP,32,927.9028952121735,B2-01,1,3
205,54:F0:B1:BB:BE:12,,27,927.9028952121735,B2-01,1,3
206,54:F0:B1:BB:BE:13,CAEEL,22,927.9028952121735,B2-01,1,3
207,54:F0:B1:BB:C4:D0,eduroam,64,927.9028952121735,B2-01,1,3
208,54:F0:B1:BB:C4:D1,PoliSemFio,85,927.9028952121735,B2-01,1,3
209,54:F0:B1:BB:C4:D2,,87,927.9028952121735,B2-01,1,3
210,54:F0:B1:BB:C4:F0,eduroam,40,927.9028952121735,B2-01,1,3
211,54:F0:B1:BB:C4:F1,PoliSemFio,44,927.9028952121735,B2-01,1,3
212,54:F0:B1:BB:F3:20,eduroam,29,927.9028952121735,B2-01,1,3
213,54:F0:B1:BC:09:40,eduroam,87,927.9028952121735,B2-01,1,3
214,54:F0:B1:BC:09:41,PoliSemFio,82,927.9028952121735,B2-01,1,3
215,54:F0:B1:BC:09:60,eduroam,61,927.9028952121735,B2-01,1,3
216,54:F0:B1:BC:09:61,PoliSemFio,67,927.9028952121735,B2-01,1,3
217,54:F0:B1:BC:1B:D0,eduroam,20,927.9028952121735,B2-01,1,3
218,54:F0:B1:BC:1B:D1,PoliSemFio,64,927.9028952121735,B2-01,1,3
219,54:F0:B1:BC:1B:D2,,64,927.9028952121735,B2-01,1,3
220,54:F0:B1:BC:1B:F0,eduroam,22,927.9028952121735,B2-01,1,3
221,54:F0:B1:BC:1B:F1,PoliSemFio,22,927.9028952121735,B2-01,1,3
222,54:F0:B1:BC:2E:90,eduroam,52,927.9028952121735,B2-01,1,3
223,54:F0:B1:BC:2E:91,PoliSemFio,49,927.9028952121735,B2-01,1,3
224,54:F0:B1:BC:2E:92,,50,927.9028952121735,B2-01,1,3
225,54:F0:B1:BC:2E:B0,eduroam,29,927.9028952121735,B2-01,1,3
226,54:F0:B1:BC:2E:B1,PoliSemFio,29,927.9028952121735,B2-01,1,3
227,54:F0:B1:BC:3F:10,eduroam,44,927.9028952121735,B2-01,1,3
228,54:F0:B1:BC:70:00,eduroam,65,927.9028952121735,B2-01,1,3
229,54:F0:B1:BC:70:01,PoliSemFio,60,927.9028952121735,B2-01,1,3
230,54:F0:B1:BC:70:20,eduroam,19,927.9028952121735,B2-01,1,3
231,54:F0:B1:BC:70:21,PoliSemFio,19,927.9028952121735,B2-01,1,3
232,54:F0:B1:BC:70:22,,19,927.9028952121735,B2-01,1,3
233,54:F0:B1:BC:77:A0,eduroam,19,927.9028952121735,B2-01,1,3
234,54:F0:B1:BC:77:A1,PoliSemFio,19,927.9028952121735,B2-01,1,3
235,56:60:F9:A3:E7:3F,,29,927.9028952121735,B2-01,1,3
236,68:FF:7B:47:78:BE,C1-22M,42,927.9028952121735,B2-01,1,3
237,70:62:B8:6E:72:A0,PCS-wireless-C1-13,49,927.9028952121735,B2-01,1,3
238,70:62:B8:6E:72:A1,PPGEE,24,927.9028952121735,B2-01,1,3
239,84:D4:7E:06:4F:E0,eduroam,44,927.9028952121735,B2-01,1,3
240,84:D4:7E:06:4F:F0,eduroam,25,927.9028952121735,B2-01,1,3
241,84:D4:7E:06:4F:F1,PoliSemFio,29,927.9028952121735,B2-01,1,3
242,DC:9F:DB:1C:1F:E0,LWN-3,25,927.9028952121735,B2-01,1,3
243,DE:9F:DB:1C:1F:E0,LARC Guest,30,927.9028952121735,B2-01,1,3
244,FE:9F:DB:1C:1F:E0,,32,927.9028952121735,B2-01,1,3
245,30:85:A9:69:F2:E4,PCS-Wireless-C2-22,17,934.1614980697632,B2-01,1,3
246,34:60:F9:A3:E7:3F,GASWIFI_C4,24,934.1614980697632,B2-01,1,3
247,34:CE:00:51:3E:6F,Lab,59,934.1614980697632,B2-01,1,3
248,34:CE:00:51:3E:70,Lab_5G,12,934.1614980697632,B2-01,1,3
249,54:B8:0A:AA:2C:8C,LAB_DIGITAL,34,934.1614980697632,B2-01,1,3
250,54:B8:0A:AA:2C:8D,PCS-Wireless,35,934.1614980697632,B2-01,1,3
251,54:F0:B1:A1:18:D0,eduroam,30,934.1614980697632,B2-01,1,3
252,54:F0:B1:A1:18:D1,PoliSemFio,22,934.1614980697632,B2-01,1,3
253,54:F0:B1:A1:18:D2,,20,934.1614980697632,B2-01,1,3
254,54:F0:B1:A1:18:D3,MEZANINO,27,934.1614980697632,B2-01,1,3
255,54:F0:B1:A1:18:D4,GDLAB,30,934.1614980697632,B2-01,1,3
256,54:F0:B1:A1:18:D5,LABPAD,25,934.1614980697632,B2-01,1,3
257,54:F0:B1:A1:57:F0,eduroam,14,934.1614980697632,B2-01,1,3
258,54:F0:B1:A1:57:F1,PoliSemFio,19,934.1614980697632,B2-01,1,3
259,54:F0:B1:A1:57:F2,,19,934.1614980697632,B2-01,1,3
260,54:F0:B1:A1:58:00,eduroam,32,934.1614980697632,B2-01,1,3
261,54:F0:B1:A1:58:01,PoliSemFio,44,934.1614980697632,B2-01,1,3
262,54:F0:B1:A1:58:02,,44,934.1614980697632,B2-01,1,3
263,54:F0:B1:A2:56:71,PoliSemFio,37,934.1614980697632,B2-01,1,3
264,54:F0:B1:A2:56:72,,39,934.1614980697632,B2-01,1,3
265,54:F0:B1:A2:57:33,LCA,17,934.1614980697632,B2-01,1,3
266,54:F0:B1:BB:5A:80,eduroam,39,934.1614980697632,B2-01,1,3
267,54:F0:B1:BB:5A:81,PoliSemFio,40,934.1614980697632,B2-01,1,3
268,54:F0:B1:BB:5A:82,HACKER,35,934.1614980697632,B2-01,1,3
269,54:F0:B1:BB:5A:83,LEP,37,934.1614980697632,B2-01,1,3
270,54:F0:B1:BB:BE:11,PoliSemFio,24,934.1614980697632,B2-01,1,3
271,54:F0:B1:BB:BE:12,,27,934.1614980697632,B2-01,1,3
272,54:F0:B1:BB:BE:13,CAEEL,22,934.1614980697632,B2-01,1,3
273,54:F0:B1:BB:C4:D0,eduroam,85,934.1614980697632,B2-01,1,3
274,54:F0:B1:BB:C4:D1,PoliSemFio,85,934.1614980697632,B2-01,1,3
275,54:F0:B1:BB:C4:D2,,85,934.1614980697632,B2-01,1,3
276,54:F0:B1:BB:C4:F0,eduroam,40,934.1614980697632,B2-01,1,3
277,54:F0:B1:BB:C4:F1,PoliSemFio,44,934.1614980697632,B2-01,1,3
278,54:F0:B1:BB:F3:20,eduroam,29,934.1614980697632,B2-01,1,3
279,54:F0:B1:BC:09:40,eduroam,90,934.1614980697632,B2-01,1,3
280,54:F0:B1:BC:09:41,PoliSemFio,85,934.1614980697632,B2-01,1,3
281,54:F0:B1:BC:09:60,eduroam,71,934.1614980697632,B2-01,1,3
282,54:F0:B1:BC:09:61,PoliSemFio,85,934.1614980697632,B2-01,1,3
283,54:F0:B1:BC:1B:D0,eduroam,20,934.1614980697632,B2-01,1,3
284,54:F0:B1:BC:1B:D1,PoliSemFio,64,934.1614980697632,B2-01,1,3
285,54:F0:B1:BC:1B:D2,,64,934.1614980697632,B2-01,1,3
286,54:F0:B1:BC:1B:F0,eduroam,32,934.1614980697632,B2-01,1,3
287,54:F0:B1:BC:1B:F1,PoliSemFio,34,934.1614980697632,B2-01,1,3
288,54:F0:B1:BC:2E:90,eduroam,52,934.1614980697632,B2-01,1,3
289,54:F0:B1:BC:2E:91,PoliSemFio,49,934.1614980697632,B2-01,1,3
290,54:F0:B1:BC:2E:92,,67,934.1614980697632,B2-01,1,3
291,54:F0:B1:BC:2E:B0,eduroam,24,934.1614980697632,B2-01,1,3
292,54:F0:B1:BC:2E:B1,PoliSemFio,22,934.1614980697632,B2-01,1,3
293,54:F0:B1:BC:3F:10,eduroam,44,934.1614980697632,B2-01,1,3
294,54:F0:B1:BC:3F:11,PoliSemFio,34,934.1614980697632,B2-01,1,3
295,54:F0:B1:BC:3F:12,,34,934.1614980697632,B2-01,1,3
296,54:F0:B1:BC:70:00,eduroam,59,934.1614980697632,B2-01,1,3
297,54:F0:B1:BC:70:01,PoliSemFio,59,934.1614980697632,B2-01,1,3
298,54:F0:B1:BC:70:20,eduroam,22,934.1614980697632,B2-01,1,3
299,54:F0:B1:BC:70:21,PoliSemFio,20,934.1614980697632,B2-01,1,3
300,54:F0:B1:BC:70:22,,19,934.1614980697632,B2-01,1,3
301,54:F0:B1:BC:77:A0,eduroam,17,934.1614980697632,B2-01,1,3
302,54:F0:B1:BC:77:A1,PoliSemFio,19,934.1614980697632,B2-01,1,3
303,56:60:F9:A3:E7:3F,,29,934.1614980697632,B2-01,1,3
304,68:FF:7B:47:78:BE,C1-22M,34,934.1614980697632,B2-01,1,3
305,70:62:B8:6E:72:A0,PCS-wireless-C1-13,49,934.1614980697632,B2-01,1,3
306,70:62:B8:6E:72:A1,PPGEE,37,934.1614980697632,B2-01,1,3
307,84:D4:7E:06:4F:E0,eduroam,47,934.1614980697632,B2-01,1,3
308,DC:9F:DB:1C:1F:E0,LWN-3,32,934.1614980697632,B2-01,1,3
309,DE:9F:DB:1C:1F:D7,LARC Guest,24,934.1614980697632,B2-01,1,3
310,DE:9F:DB:1C:1F:E0,LARC Guest,34,934.1614980697632,B2-01,1,3
311,FE:9F:DB:1C:1F:E0,,32,934.1614980697632,B2-01,1,3
312,00:21:91:70:9D:EC,LAB-DIDATICO,17,940.4049079418182,B2-01,1,3
313,30:85:A9:69:F2:E4,PCS-Wireless-C2-22,17,940.4049079418182,B2-01,1,3
314,34:60:F9:A3:E7:3F,GASWIFI_C4,32,940.4049079418182,B2-01,1,3
315,34:CE:00:51:3E:6F,Lab,45,940.4049079418182,B2-01,1,3
316,34:CE:00:51:3E:70,Lab_5G,19,940.4049079418182,B2-01,1,3
317,54:B8:0A:AA:2C:8C,LAB_DIGITAL,34,940.4049079418182,B2-01,1,3
318,54:B8:0A:AA:2C:8D,PCS-Wireless,35,940.4049079418182,B2-01,1,3
319,54:F0:B1:A1:18:D0,eduroam,30,940.4049079418182,B2-01,1,3
320,54:F0:B1:A1:18:D1,PoliSemFio,22,940.4049079418182,B2-01,1,3
321,54:F0:B1:A1:18:D2,,20,940.4049079418182,B2-01,1,3
322,54:F0:B1:A1:18:D3,MEZANINO,27,940.4049079418182,B2-01,1,3
323,54:F0:B1:A1:18:D4,GDLAB,30,940.4049079418182,B2-01,1,3
324,54:F0:B1:A1:18:D5,LABPAD,25,940.4049079418182,B2-01,1,3
325,54:F0:B1:A1:57:F0,eduroam,12,940.4049079418182,B2-01,1,3
326,54:F0:B1:A1:57:F1,PoliSemFio,12,940.4049079418182,B2-01,1,3
327,54:F0:B1:A1:57:F2,,10,940.4049079418182,B2-01,1,3
328,54:F0:B1:A1:58:00,eduroam,42,940.4049079418182,B2-01,1,3
329,54:F0:B1:A1:58:01,PoliSemFio,42,940.4049079418182,B2-01,1,3
330,54:F0:B1:A1:58:02,,40,940.4049079418182,B2-01,1,3
331,54:F0:B1:A2:56:71,PoliSemFio,37,940.4049079418182,B2-01,1,3
332,54:F0:B1:A2:56:72,,39,940.4049079418182,B2-01,1,3
333,54:F0:B1:A2:57:33,LCA,20,940.4049079418182,B2-01,1,3
334,54:F0:B1:BB:5A:80,eduroam,39,940.4049079418182,B2-01,1,3
335,54:F0:B1:BB:5A:81,PoliSemFio,40,940.4049079418182,B2-01,1,3
336,54:F0:B1:BB:5A:82,HACKER,29,940.4049079418182,B2-01,1,3
337,54:F0:B1:BB:5A:83,LEP,37,940.4049079418182,B2-01,1,3
338,54:F0:B1:BB:BE:11,PoliSemFio,24,940.4049079418182,B2-01,1,3
339,54:F0:B1:BB:BE:12,,27,940.4049079418182,B2-01,1,3
340,54:F0:B1:BB:BE:13,CAEEL,15,940.4049079418182,B2-01,1,3
341,54:F0:B1:BB:C4:D0,eduroam,59,940.4049079418182,B2-01,1,3
342,54:F0:B1:BB:C4:D1,PoliSemFio,85,940.4049079418182,B2-01,1,3
343,54:F0:B1:BB:C4:D2,,85,940.4049079418182,B2-01,1,3
344,54:F0:B1:BB:C4:F0,eduroam,42,940.4049079418182,B2-01,1,3
345,54:F0:B1:BB:C4:F1,PoliSemFio,42,940.4049079418182,B2-01,1,3
346,54:F0:B1:BB:F3:20,eduroam,29,940.4049079418182,B2-01,1,3
347,54:F0:B1:BC:09:40,eduroam,87,940.4049079418182,B2-01,1,3
348,54:F0:B1:BC:09:41,PoliSemFio,82,940.4049079418182,B2-01,1,3
349,54:F0:B1:BC:09:42,,82,940.4049079418182,B2-01,1,3
350,54:F0:B1:BC:09:60,eduroam,60,940.4049079418182,B2-01,1,3
351,54:F0:B1:BC:09:61,PoliSemFio,60,940.4049079418182,B2-01,1,3
352,54:F0:B1:BC:1B:D0,eduroam,40,940.4049079418182,B2-01,1,3
353,54:F0:B1:BC:1B:D1,PoliSemFio,64,940.4049079418182,B2-01,1,3
354,54:F0:B1:BC:1B:D2,,64,940.4049079418182,B2-01,1,3
355,54:F0:B1:BC:1B:F0,eduroam,24,940.4049079418182,B2-01,1,3
356,54:F0:B1:BC:1B:F1,PoliSemFio,24,940.4049079418182,B2-01,1,3
357,54:F0:B1:BC:2E:90,eduroam,52,940.4049079418182,B2-01,1,3
358,54:F0:B1:BC:2E:91,PoliSemFio,49,940.4049079418182,B2-01,1,3
359,54:F0:B1:BC:2E:92,,47,940.4049079418182,B2-01,1,3
360,54:F0:B1:BC:2E:B0,eduroam,22,940.4049079418182,B2-01,1,3
361,54:F0:B1:BC:2E:B1,PoliSemFio,22,940.4049079418182,B2-01,1,3
362,54:F0:B1:BC:3F:10,eduroam,44,940.4049079418182,B2-01,1,3
363,54:F0:B1:BC:3F:11,PoliSemFio,35,940.4049079418182,B2-01,1,3
364,54:F0:B1:BC:3F:12,,34,940.4049079418182,B2-01,1,3
365,54:F0:B1:BC:70:00,eduroam,59,940.4049079418182,B2-01,1,3
366,54:F0:B1:BC:70:01,PoliSemFio,59,940.4049079418182,B2-01,1,3
367,54:F0:B1:BC:70:20,eduroam,19,940.4049079418182,B2-01,1,3
368,54:F0:B1:BC:70:21,PoliSemFio,19,940.4049079418182,B2-01,1,3
369,54:F0:B1:BC:70:22,,19,940.4049079418182,B2-01,1,3
370,54:F0:B1:BC:77:82,,27,940.4049079418182,B2-01,1,3
371,54:F0:B1:BC:77:A0,eduroam,17,940.4049079418182,B2-01,1,3
372,54:F0:B1:BC:77:A1,PoliSemFio,19,940.4049079418182,B2-01,1,3
373,56:60:F9:A3:E7:3F,,29,940.4049079418182,B2-01,1,3
374,68:FF:7B:47:78:BE,C1-22M,25,940.4049079418182,B2-01,1,3
375,70:62:B8:6E:72:A0,PCS-wireless-C1-13,49,940.4049079418182,B2-01,1,3
376,70:62:B8:6E:72:A1,PPGEE,24,940.4049079418182,B2-01,1,3
377,84:D4:7E:06:4F:E0,eduroam,39,940.4049079418182,B2-01,1,3
378,84:D4:7E:06:4F:E1,PoliSemFio,37,940.4049079418182,B2-01,1,3
379,84:D4:7E:06:4F:E2,,39,940.4049079418182,B2-01,1,3
380,DC:9F:DB:1C:1F:E0,LWN-3,32,940.4049079418182,B2-01,1,3
381,DE:9F:DB:1C:1F:D7,LARC Guest,24,940.4049079418182,B2-01,1,3
382,DE:9F:DB:1C:1F:E0,LARC Guest,34,940.4049079418182,B2-01,1,3
383,FE:9F:DB:1C:1F:E0,,32,940.4049079418182,B2-01,1,3
384,00:21:91:70:9D:EC,LAB-DIDATICO,17,946.6622107028961,B2-01,1,3
385,30:85:A9:69:F2:E4,PCS-Wireless-C2-22,17,946.6622107028961,B2-01,1,3
386,34:60:F9:A3:E7:3F,GASWIFI_C4,32,946.6622107028961,B2-01,1,3
387,34:CE:00:51:3E:6F,Lab,45,946.6622107028961,B2-01,1,3
388,34:CE:00:51:3E:70,Lab_5G,19,946.6622107028961,B2-01,1,3
389,54:B8:0A:AA:2C:8C,LAB_DIGITAL,34,946.6622107028961,B2-01,1,3
390,54:B8:0A:AA:2C:8D,PCS-Wireless,35,946.6622107028961,B2-01,1,3
391,54:F0:B1:A1:18:D0,eduroam,30,946.6622107028961,B2-01,1,3
392,54:F0:B1:A1:18:D1,PoliSemFio,22,946.6622107028961,B2-01,1,3
393,54:F0:B1:A1:18:D2,,20,946.6622107028961,B2-01,1,3
394,54:F0:B1:A1:18:D3,MEZANINO,27,946.6622107028961,B2-01,1,3
395,54:F0:B1:A1:18:D4,GDLAB,30,946.6622107028961,B2-01,1,3
396,54:F0:B1:A1:18:D5,LABPAD,25,946.6622107028961,B2-01,1,3
397,54:F0:B1:A1:57:F0,eduroam,12,946.6622107028961,B2-01,1,3
398,54:F0:B1:A1:57:F1,PoliSemFio,12,946.6622107028961,B2-01,1,3
399,54:F0:B1:A1:57:F2,,10,946.6622107028961,B2-01,1,3
400,54:F0:B1:A1:58:00,eduroam,42,946.6622107028961,B2-01,1,3
401,54:F0:B1:A1:58:01,PoliSemFio,42,946.6622107028961,B2-01,1,3
402,54:F0:B1:A1:58:02,,40,946.6622107028961,B2-01,1,3
403,54:F0:B1:A2:56:71,PoliSemFio,37,946.6622107028961,B2-01,1,3
404,54:F0:B1:A2:56:72,,39,946.6622107028961,B2-01,1,3
405,54:F0:B1:A2:57:33,LCA,20,946.6622107028961,B2-01,1,3
406,54:F0:B1:BB:5A:80,eduroam,39,946.6622107028961,B2-01,1,3
407,54:F0:B1:BB:5A:81,PoliSemFio,40,946.6622107028961,B2-01,1,3
408,54:F0:B1:BB:5A:82,HACKER,29,946.6622107028961,B2-01,1,3
409,54:F0:B1:BB:5A:83,LEP,37,946.6622107028961,B2-01,1,3
410,54:F0:B1:BB:BE:11,PoliSemFio,24,946.6622107028961,B2-01,1,3
411,54:F0:B1:BB:BE:12,,27,946.6622107028961,B2-01,1,3
412,54:F0:B1:BB:BE:13,CAEEL,15,946.6622107028961,B2-01,1,3
413,54:F0:B1:BB:C4:D0,eduroam,59,946.6622107028961,B2-01,1,3
414,54:F0:B1:BB:C4:D1,PoliSemFio,85,946.6622107028961,B2-01,1,3
415,54:F0:B1:BB:C4:D2,,85,946.6622107028961,B2-01,1,3
416,54:F0:B1:BB:C4:F0,eduroam,42,946.6622107028961,B2-01,1,3
417,54:F0:B1:BB:C4:F1,PoliSemFio,42,946.6622107028961,B2-01,1,3
418,54:F0:B1:BB:F3:20,eduroam,29,946.6622107028961,B2-01,1,3
419,54:F0:B1:BC:09:40,eduroam,87,946.6622107028961,B2-01,1,3
420,54:F0:B1:BC:09:41,PoliSemFio,82,946.6622107028961,B2-01,1,3
421,54:F0:B1:BC:09:42,,82,946.6622107028961,B2-01,1,3
422,54:F0:B1:BC:09:60,eduroam,62,946.6622107028961,B2-01,1,3
423,54:F0:B1:BC:09:61,PoliSemFio,60,946.6622107028961,B2-01,1,3
424,54:F0:B1:BC:1B:D0,eduroam,40,946.6622107028961,B2-01,1,3
425,54:F0:B1:BC:1B:D1,PoliSemFio,64,946.6622107028961,B2-01,1,3
426,54:F0:B1:BC:1B:D2,,64,946.6622107028961,B2-01,1,3
427,54:F0:B1:BC:1B:F0,eduroam,24,946.6622107028961,B2-01,1,3
428,54:F0:B1:BC:1B:F1,PoliSemFio,24,946.6622107028961,B2-01,1,3
429,54:F0:B1:BC:2E:90,eduroam,52,946.6622107028961,B2-01,1,3
430,54:F0:B1:BC:2E:91,PoliSemFio,49,946.6622107028961,B2-01,1,3
431,54:F0:B1:BC:2E:92,,47,946.6622107028961,B2-01,1,3
432,54:F0:B1:BC:2E:B0,eduroam,22,946.6622107028961,B2-01,1,3
433,54:F0:B1:BC:2E:B1,PoliSemFio,22,946.6622107028961,B2-01,1,3
434,54:F0:B1:BC:3F:10,eduroam,44,946.6622107028961,B2-01,1,3
435,54:F0:B1:BC:3F:11,PoliSemFio,35,946.6622107028961,B2-01,1,3
436,54:F0:B1:BC:3F:12,,34,946.6622107028961,B2-01,1,3
437,54:F0:B1:BC:70:00,eduroam,59,946.6622107028961,B2-01,1,3
438,54:F0:B1:BC:70:01,PoliSemFio,59,946.6622107028961,B2-01,1,3
439,54:F0:B1:BC:70:20,eduroam,19,946.6622107028961,B2-01,1,3
440,54:F0:B1:BC:70:21,PoliSemFio,19,946.6622107028961,B2-01,1,3
441,54:F0:B1:BC:70:22,,19,946.6622107028961,B2-01,1,3
442,54:F0:B1:BC:77:82,,27,946.6622107028961,B2-01,1,3
443,54:F0:B1:BC:77:A0,eduroam,17,946.6622107028961,B2-01,1,3
444,54:F0:B1:BC:77:A1,PoliSemFio,19,946.6622107028961,B2-01,1,3
445,56:60:F9:A3:E7:3F,,29,946.6622107028961,B2-01,1,3
446,68:FF:7B:47:78:BE,C1-22M,25,946.6622107028961,B2-01,1,3
447,70:62:B8:6E:72:A0,PCS-wireless-C1-13,49,946.6622107028961,B2-01,1,3
448,70:62:B8:6E:72:A1,PPGEE,24,946.6622107028961,B2-01,1,3
449,84:D4:7E:06:4F:E0,eduroam,39,946.6622107028961,B2-01,1,3
450,84:D4:7E:06:4F:E1,PoliSemFio,37,946.6622107028961,B2-01,1,3
451,84:D4:7E:06:4F:E2,,39,946.6622107028961,B2-01,1,3
452,DC:9F:DB:1C:1F:E0,LWN-3,32,946.6622107028961,B2-01,1,3
453,DE:9F:DB:1C:1F:D7,LARC Guest,24,946.6622107028961,B2-01,1,3
454,DE:9F:DB:1C:1F:E0,LARC Guest,34,946.6622107028961,B2-01,1,3
455,FE:9F:DB:1C:1F:E0,,32,946.6622107028961,B2-01,1,3
456,00:21:91:70:9D:EC,LAB-DIDATICO,17,949.2974619865417,B2-01,1,3
457,30:85:A9:69:F2:E4,PCS-Wireless-C2-22,17,949.2974619865417,B2-01,1,3
458,34:60:F9:A3:E7:3F,GASWIFI_C4,32,949.2974619865417,B2-01,1,3
459,34:CE:00:51:3E:6F,Lab,60,949.2974619865417,B2-01,1,3
460,34:CE:00:51:3E:70,Lab_5G,19,949.2974619865417,B2-01,1,3
461,54:B8:0A:AA:2C:8C,LAB_DIGITAL,22,949.2974619865417,B2-01,1,3
462,54:B8:0A:AA:2C:8D,PCS-Wireless,25,949.2974619865417,B2-01,1,3
463,54:F0:B1:A1:18:D0,eduroam,24,949.2974619865417,B2-01,1,3
464,54:F0:B1:A1:18:D1,PoliSemFio,20,949.2974619865417,B2-01,1,3
465,54:F0:B1:A1:18:D2,,20,949.2974619865417,B2-01,1,3
466,54:F0:B1:A1:18:D3,MEZANINO,27,949.2974619865417,B2-01,1,3
467,54:F0:B1:A1:18:D4,GDLAB,30,949.2974619865417,B2-01,1,3
468,54:F0:B1:A1:18:D5,LABPAD,25,949.2974619865417,B2-01,1,3
469,54:F0:B1:A1:57:F0,eduroam,19,949.2974619865417,B2-01,1,3
470,54:F0:B1:A1:57:F1,PoliSemFio,20,949.2974619865417,B2-01,1,3
471,54:F0:B1:A1:57:F2,,20,949.2974619865417,B2-01,1,3
472,54:F0:B1:A1:58:00,eduroam,35,949.2974619865417,B2-01,1,3
473,54:F0:B1:A1:58:01,PoliSemFio,45,949.2974619865417,B2-01,1,3
474,54:F0:B1:A1:58:02,,45,949.2974619865417,B2-01,1,3
475,54:F0:B1:A2:4A:70,eduroam,9,949.2974619865417,B2-01,1,3
476,54:F0:B1:A2:56:71,PoliSemFio,37,949.2974619865417,B2-01,1,3
477,54:F0:B1:A2:56:72,,39,949.2974619865417,B2-01,1,3
478,54:F0:B1:A2:57:33,LCA,20,949.2974619865417,B2-01,1,3
479,54:F0:B1:BB:5A:80,eduroam,39,949.2974619865417,B2-01,1,3
480,54:F0:B1:BB:5A:81,PoliSemFio,40,949.2974619865417,B2-01,1,3
481,54:F0:B1:BB:5A:82,HACKER,29,949.2974619865417,B2-01,1,3
482,54:F0:B1:BB:5A:83,LEP,29,949.2974619865417,B2-01,1,3
483,54:F0:B1:BB:5A:84,,40,949.2974619865417,B2-01,1,3
484,54:F0:B1:BB:84:B0,eduroam,15,949.2974619865417,B2-01,1,3
485,54:F0:B1:BB:BE:11,PoliSemFio,24,949.2974619865417,B2-01,1,3
486,54:F0:B1:BB:BE:12,,27,949.2974619865417,B2-01,1,3
487,54:F0:B1:BB:BE:13,CAEEL,15,949.2974619865417,B2-01,1,3
488,54:F0:B1:BB:C4:D0,eduroam,59,949.2974619865417,B2-01,1,3
489,54:F0:B1:BB:C4:D1,PoliSemFio,85,949.2974619865417,B2-01,1,3
490,54:F0:B1:BB:C4:D2,,85,949.2974619865417,B2-01,1,3
491,54:F0:B1:BB:C4:F0,eduroam,39,949.2974619865417,B2-01,1,3
492,54:F0:B1:BB:C4:F1,PoliSemFio,39,949.2974619865417,B2-01,1,3
493,54:F0:B1:BB:F3:20,eduroam,29,949.2974619865417,B2-01,1,3
494,54:F0:B1:BC:09:40,eduroam,5,949.2974619865417,B2-01,1,3
495,54:F0:B1:BC:09:41,PoliSemFio,89,949.2974619865417,B2-01,1,3
496,54:F0:B1:BC:09:42,,82,949.2974619865417,B2-01,1,3
497,54:F0:B1:BC:09:60,eduroam,85,949.2974619865417,B2-01,1,3
498,54:F0:B1:BC:09:61,PoliSemFio,85,949.2974619865417,B2-01,1,3
499,54:F0:B1:BC:1B:D0,eduroam,40,949.2974619865417,B2-01,1,3
500,54:F0:B1:BC:1B:D1,PoliSemFio,64,949.2974619865417,B2-01,1,3
501,54:F0:B1:BC:1B:D2,,64,949.2974619865417,B2-01,1,3
502,54:F0:B1:BC:1B:F0,eduroam,35,949.2974619865417,B2-01,1,3
503,54:F0:B1:BC:1B:F1,PoliSemFio,35,949.2974619865417,B2-01,1,3
504,54:F0:B1:BC:2E:90,eduroam,15,949.2974619865417,B2-01,1,3
505,54:F0:B1:BC:2E:91,PoliSemFio,64,949.2974619865417,B2-01,1,3
506,54:F0:B1:BC:2E:92,,64,949.2974619865417,B2-01,1,3
507,54:F0:B1:BC:2E:B0,eduroam,20,949.2974619865417,B2-01,1,3
508,54:F0:B1:BC:2E:B1,PoliSemFio,24,949.2974619865417,B2-01,1,3
509,54:F0:B1:BC:3F:10,eduroam,30,949.2974619865417,B2-01,1,3
510,54:F0:B1:BC:3F:11,PoliSemFio,30,949.2974619865417,B2-01,1,3
511,54:F0:B1:BC:3F:12,,32,949.2974619865417,B2-01,1,3
512,54:F0:B1:BC:70:00,eduroam,64,949.2974619865417,B2-01,1,3
513,54:F0:B1:BC:70:01,PoliSemFio,60,949.2974619865417,B2-01,1,3
514,54:F0:B1:BC:70:20,eduroam,19,949.2974619865417,B2-01,1,3
515,54:F0:B1:BC:70:21,PoliSemFio,17,949.2974619865417,B2-01,1,3
516,54:F0:B1:BC:70:22,,19,949.2974619865417,B2-01,1,3
517,54:F0:B1:BC:77:82,,27,949.2974619865417,B2-01,1,3
518,54:F0:B1:BC:77:A0,eduroam,19,949.2974619865417,B2-01,1,3
519,54:F0:B1:BC:77:A1,PoliSemFio,17,949.2974619865417,B2-01,1,3
520,56:60:F9:A3:E7:3F,,29,949.2974619865417,B2-01,1,3
521,68:FF:7B:47:78:BE,C1-22M,39,949.2974619865417,B2-01,1,3
522,70:62:B8:6E:72:A0,PCS-wireless-C1-13,34,949.2974619865417,B2-01,1,3
523,70:62:B8:6E:72:A1,PPGEE,24,949.2974619865417,B2-01,1,3
524,84:D4:7E:06:4F:E0,eduroam,55,949.2974619865417,B2-01,1,3
525,84:D4:7E:06:4F:E1,PoliSemFio,50,949.2974619865417,B2-01,1,3
526,84:D4:7E:06:4F:E2,,39,949.2974619865417,B2-01,1,3
527,DC:9F:DB:1C:1F:E0,LWN-3,32,949.2974619865417,B2-01,1,3
528,DE:9F:DB:1C:1F:D7,LARC Guest,24,949.2974619865417,B2-01,1,3
529,DE:9F:DB:1C:1F:E0,LARC Guest,34,949.2974619865417,B2-01,1,3
530,EE:9F:DB:1C:1F:E0,,32,949.2974619865417,B2-01,1,3
531,F8:1A:67:99:55:8E,NUCLEAR_CHF,14,949.2974619865417,B2-01,1,3
532,FE:9F:DB:1C:1F:E0,,30,949.2974619865417,B2-01,1,3
533,00:21:91:70:9D:EC,LAB-DIDATICO,17,951.9198970794678,B2-01,1,3
534,30:85:A9:69:F2:E4,PCS-Wireless-C2-22,17,951.9198970794678,B2-01,1,3
535,34:60:F9:A3:E7:3F,GASWIFI_C4,32,951.9198970794678,B2-01,1,3
536,34:CE:00:51:3E:6F,Lab,60,951.9198970794678,B2-01,1,3
537,34:CE:00:51:3E:70,Lab_5G,19,951.9198970794678,B2-01,1,3
538,54:B8:0A:AA:2C:8C,LAB_DIGITAL,22,951.9198970794678,B2-01,1,3
539,54:B8:0A:AA:2C:8D,PCS-Wireless,25,951.9198970794678,B2-01,1,3
540,54:F0:B1:A1:18:D0,eduroam,24,951.9198970794678,B2-01,1,3
541,54:F0:B1:A1:18:D1,PoliSemFio,20,951.9198970794678,B2-01,1,3
542,54:F0:B1:A1:18:D2,,20,951.9198970794678,B2-01,1,3
543,54:F0:B1:A1:18:D3,MEZANINO,27,951.9198970794678,B2-01,1,3
544,54:F0:B1:A1:18:D4,GDLAB,30,951.9198970794678,B2-01,1,3
545,54:F0:B1:A1:18:D5,LABPAD,25,951.9198970794678,B2-01,1,3
546,54:F0:B1:A1:57:F0,eduroam,19,951.9198970794678,B2-01,1,3
547,54:F0:B1:A1:57:F1,PoliSemFio,20,951.9198970794678,B2-01,1,3
548,54:F0:B1:A1:57:F2,,20,951.9198970794678,B2-01,1,3
549,54:F0:B1:A1:58:00,eduroam,35,951.9198970794678,B2-01,1,3
550,54:F0:B1:A1:58:01,PoliSemFio,45,951.9198970794678,B2-01,1,3
551,54:F0:B1:A1:58:02,,45,951.9198970794678,B2-01,1,3
552,54:F0:B1:A2:4A:70,eduroam,9,951.9198970794678,B2-01,1,3
553,54:F0:B1:A2:56:71,PoliSemFio,37,951.9198970794678,B2-01,1,3
554,54:F0:B1:A2:56:72,,39,951.9198970794678,B2-01,1,3
555,54:F0:B1:A2:57:33,LCA,20,951.9198970794678,B2-01,1,3
556,54:F0:B1:BB:5A:80,eduroam,39,951.9198970794678,B2-01,1,3
557,54:F0:B1:BB:5A:81,PoliSemFio,40,951.9198970794678,B2-01,1,3
558,54:F0:B1:BB:5A:82,HACKER,29,951.9198970794678,B2-01,1,3
559,54:F0:B1:BB:5A:83,LEP,29,951.9198970794678,B2-01,1,3
560,54:F0:B1:BB:5A:84,,40,951.9198970794678,B2-01,1,3
561,54:F0:B1:BB:84:B0,eduroam,15,951.9198970794678,B2-01,1,3
562,54:F0:B1:BB:BE:11,PoliSemFio,24,951.9198970794678,B2-01,1,3
563,54:F0:B1:BB:BE:12,,27,951.9198970794678,B2-01,1,3
564,54:F0:B1:BB:BE:13,CAEEL,15,951.9198970794678,B2-01,1,3
565,54:F0:B1:BB:C4:D0,eduroam,59,951.9198970794678,B2-01,1,3
566,54:F0:B1:BB:C4:D1,PoliSemFio,85,951.9198970794678,B2-01,1,3
567,54:F0:B1:BB:C4:D2,,85,951.9198970794678,B2-01,1,3
568,54:F0:B1:BB:C4:F0,eduroam,39,951.9198970794678,B2-01,1,3
569,54:F0:B1:BB:C4:F1,PoliSemFio,39,951.9198970794678,B2-01,1,3
570,54:F0:B1:BB:F3:20,eduroam,29,951.9198970794678,B2-01,1,3
571,54:F0:B1:BC:09:40,eduroam,5,951.9198970794678,B2-01,1,3
572,54:F0:B1:BC:09:41,PoliSemFio,89,951.9198970794678,B2-01,1,3
573,54:F0:B1:BC:09:42,,82,951.9198970794678,B2-01,1,3
574,54:F0:B1:BC:09:60,eduroam,72,951.9198970794678,B2-01,1,3
575,54:F0:B1:BC:09:61,PoliSemFio,85,951.9198970794678,B2-01,1,3
576,54:F0:B1:BC:1B:D0,eduroam,40,951.9198970794678,B2-01,1,3
577,54:F0:B1:BC:1B:D1,PoliSemFio,64,951.9198970794678,B2-01,1,3
578,54:F0:B1:BC:1B:D2,,64,951.9198970794678,B2-01,1,3
579,54:F0:B1:BC:1B:F0,eduroam,35,951.9198970794678,B2-01,1,3
580,54:F0:B1:BC:1B:F1,PoliSemFio,35,951.9198970794678,B2-01,1,3
581,54:F0:B1:BC:2E:90,eduroam,15,951.9198970794678,B2-01,1,3
582,54:F0:B1:BC:2E:91,PoliSemFio,64,951.9198970794678,B2-01,1,3
583,54:F0:B1:BC:2E:92,,64,951.9198970794678,B2-01,1,3
584,54:F0:B1:BC:2E:B0,eduroam,20,951.9198970794678,B2-01,1,3
585,54:F0:B1:BC:2E:B1,PoliSemFio,24,951.9198970794678,B2-01,1,3
586,54:F0:B1:BC:3F:10,eduroam,30,951.9198970794678,B2-01,1,3
587,54:F0:B1:BC:3F:11,PoliSemFio,30,951.9198970794678,B2-01,1,3
588,54:F0:B1:BC:3F:12,,32,951.9198970794678,B2-01,1,3
589,54:F0:B1:BC:70:00,eduroam,64,951.9198970794678,B2-01,1,3
590,54:F0:B1:BC:70:01,PoliSemFio,60,951.9198970794678,B2-01,1,3
591,54:F0:B1:BC:70:20,eduroam,19,951.9198970794678,B2-01,1,3
592,54:F0:B1:BC:70:21,PoliSemFio,17,951.9198970794678,B2-01,1,3
593,54:F0:B1:BC:70:22,,19,951.9198970794678,B2-01,1,3
594,54:F0:B1:BC:77:82,,27,951.9198970794678,B2-01,1,3
595,54:F0:B1:BC:77:A0,eduroam,19,951.9198970794678,B2-01,1,3
596,54:F0:B1:BC:77:A1,PoliSemFio,17,951.9198970794678,B2-01,1,3
597,56:60:F9:A3:E7:3F,,29,951.9198970794678,B2-01,1,3
598,68:FF:7B:47:78:BE,C1-22M,39,951.9198970794678,B2-01,1,3
599,70:62:B8:6E:72:A0,PCS-wireless-C1-13,34,951.9198970794678,B2-01,1,3
600,70:62:B8:6E:72:A1,PPGEE,24,951.9198970794678,B2-01,1,3
601,84:D4:7E:06:4F:E0,eduroam,55,951.9198970794678,B2-01,1,3
602,84:D4:7E:06:4F:E1,PoliSemFio,50,951.9198970794678,B2-01,1,3
603,84:D4:7E:06:4F:E2,,39,951.9198970794678,B2-01,1,3
604,DC:9F:DB:1C:1F:E0,LWN-3,32,951.9198970794678,B2-01,1,3
605,DE:9F:DB:1C:1F:D7,LARC Guest,24,951.9198970794678,B2-01,1,3
606,DE:9F:DB:1C:1F:E0,LARC Guest,34,951.9198970794678,B2-01,1,3
607,EE:9F:DB:1C:1F:E0,,32,951.9198970794678,B2-01,1,3
608,F8:1A:67:99:55:8E,NUCLEAR_CHF,14,951.9198970794678,B2-01,1,3
609,FE:9F:DB:1C:1F:E0,,30,951.9198970794678,B2-01,1,3
610,00:21:91:70:9D:EC,LAB-DIDATICO,27,958.1769618988037,B2-01,1,3
611,34:60:F9:A3:E7:3F,GASWIFI_C4,35,958.1769618988037,B2-01,1,3
612,34:CE:00:51:3E:6F,Lab,67,958.1769618988037,B2-01,1,3
613,34:CE:00:51:3E:70,Lab_5G,30,958.1769618988037,B2-01,1,3
614,54:B8:0A:AA:2C:8C,LAB_DIGITAL,22,958.1769618988037,B2-01,1,3
615,54:B8:0A:AA:2C:8D,PCS-Wireless,32,958.1769618988037,B2-01,1,3
616,54:F0:B1:A1:18:D0,eduroam,24,958.1769618988037,B2-01,1,3
617,54:F0:B1:A1:18:D1,PoliSemFio,20,958.1769618988037,B2-01,1,3
618,54:F0:B1:A1:18:D2,,20,958.1769618988037,B2-01,1,3
619,54:F0:B1:A1:18:D3,MEZANINO,27,958.1769618988037,B2-01,1,3
620,54:F0:B1:A1:18:D4,GDLAB,30,958.1769618988037,B2-01,1,3
621,54:F0:B1:A1:18:D5,LABPAD,19,958.1769618988037,B2-01,1,3
622,54:F0:B1:A1:57:F0,eduroam,30,958.1769618988037,B2-01,1,3
623,54:F0:B1:A1:57:F1,PoliSemFio,29,958.1769618988037,B2-01,1,3
624,54:F0:B1:A1:57:F2,,30,958.1769618988037,B2-01,1,3
625,54:F0:B1:A1:58:00,eduroam,50,958.1769618988037,B2-01,1,3
626,54:F0:B1:A1:58:01,PoliSemFio,47,958.1769618988037,B2-01,1,3
627,54:F0:B1:A1:58:02,,47,958.1769618988037,B2-01,1,3
628,54:F0:B1:A2:4A:70,eduroam,9,958.1769618988037,B2-01,1,3
629,54:F0:B1:A2:57:33,LCA,20,958.1769618988037,B2-01,1,3
630,54:F0:B1:BB:5A:80,eduroam,29,958.1769618988037,B2-01,1,3
631,54:F0:B1:BB:5A:81,PoliSemFio,34,958.1769618988037,B2-01,1,3
632,54:F0:B1:BB:5A:82,HACKER,30,958.1769618988037,B2-01,1,3
633,54:F0:B1:BB:5A:83,LEP,32,958.1769618988037,B2-01,1,3
634,54:F0:B1:BB:5A:84,,40,958.1769618988037,B2-01,1,3
635,54:F0:B1:BB:84:B0,eduroam,15,958.1769618988037,B2-01,1,3
636,54:F0:B1:BB:BE:11,PoliSemFio,29,958.1769618988037,B2-01,1,3
637,54:F0:B1:BB:BE:12,,30,958.1769618988037,B2-01,1,3
638,54:F0:B1:BB:BE:13,CAEEL,15,958.1769618988037,B2-01,1,3
639,54:F0:B1:BB:C4:D0,eduroam,59,958.1769618988037,B2-01,1,3
640,54:F0:B1:BB:C4:D1,PoliSemFio,85,958.1769618988037,B2-01,1,3
641,54:F0:B1:BB:C4:D2,,85,958.1769618988037,B2-01,1,3
642,54:F0:B1:BB:C4:F0,eduroam,35,958.1769618988037,B2-01,1,3
643,54:F0:B1:BB:C4:F1,PoliSemFio,39,958.1769618988037,B2-01,1,3
644,54:F0:B1:BC:09:40,eduroam,89,958.1769618988037,B2-01,1,3
645,54:F0:B1:BC:09:41,PoliSemFio,84,958.1769618988037,B2-01,1,3
646,54:F0:B1:BC:09:42,,84,958.1769618988037,B2-01,1,3
647,54:F0:B1:BC:09:60,eduroam,66,958.1769618988037,B2-01,1,3
648,54:F0:B1:BC:09:61,PoliSemFio,72,958.1769618988037,B2-01,1,3
649,54:F0:B1:BC:1B:D0,eduroam,40,958.1769618988037,B2-01,1,3
650,54:F0:B1:BC:1B:D1,PoliSemFio,64,958.1769618988037,B2-01,1,3
651,54:F0:B1:BC:1B:D2,,64,958.1769618988037,B2-01,1,3
652,54:F0:B1:BC:1B:F0,eduroam,17,958.1769618988037,B2-01,1,3
653,54:F0:B1:BC:1B:F1,PoliSemFio,19,958.1769618988037,B2-01,1,3
654,54:F0:B1:BC:2E:90,eduroam,15,958.1769618988037,B2-01,1,3
655,54:F0:B1:BC:2E:91,PoliSemFio,67,958.1769618988037,B2-01,1,3
656,54:F0:B1:BC:2E:92,,67,958.1769618988037,B2-01,1,3
657,54:F0:B1:BC:2E:B0,eduroam,34,958.1769618988037,B2-01,1,3
658,54:F0:B1:BC:2E:B1,PoliSemFio,34,958.1769618988037,B2-01,1,3
659,54:F0:B1:BC:3F:10,eduroam,37,958.1769618988037,B2-01,1,3
660,54:F0:B1:BC:3F:11,PoliSemFio,39,958.1769618988037,B2-01,1,3
661,54:F0:B1:BC:3F:12,,37,958.1769618988037,B2-01,1,3
662,54:F0:B1:BC:70:00,eduroam,42,958.1769618988037,B2-01,1,3
663,54:F0:B1:BC:70:01,PoliSemFio,44,958.1769618988037,B2-01,1,3
664,54:F0:B1:BC:70:20,eduroam,19,958.1769618988037,B2-01,1,3
665,54:F0:B1:BC:70:21,PoliSemFio,17,958.1769618988037,B2-01,1,3
666,54:F0:B1:BC:70:22,,19,958.1769618988037,B2-01,1,3
667,54:F0:B1:BC:77:80,eduroam,37,958.1769618988037,B2-01,1,3
668,54:F0:B1:BC:77:82,,27,958.1769618988037,B2-01,1,3
669,54:F0:B1:BC:77:A0,eduroam,17,958.1769618988037,B2-01,1,3
670,54:F0:B1:BC:77:A1,PoliSemFio,17,958.1769618988037,B2-01,1,3
671,54:F0:B1:BC:77:A2,,17,958.1769618988037,B2-01,1,3
672,56:60:F9:A3:E7:3F,,29,958.1769618988037,B2-01,1,3
673,68:FF:7B:47:78:BE,C1-22M,37,958.1769618988037,B2-01,1,3
674,70:62:B8:6E:72:A0,PCS-wireless-C1-13,27,958.1769618988037,B2-01,1,3
675,70:62:B8:6E:72:A1,PPGEE,29,958.1769618988037,B2-01,1,3
676,84:D4:7E:06:4F:E0,eduroam,40,958.1769618988037,B2-01,1,3
677,84:D4:7E:06:4F:E1,PoliSemFio,45,958.1769618988037,B2-01,1,3
678,84:D4:7E:06:4F:E2,,39,958.1769618988037,B2-01,1,3
679,84:D4:7E:06:4F:F0,eduroam,15,958.1769618988037,B2-01,1,3
680,DC:9F:DB:1C:1F:D7,LWN-3,29,958.1769618988037,B2-01,1,3
681,DC:9F:DB:1C:1F:E0,LWN-3,27,958.1769618988037,B2-01,1,3
682,DE:9F:DB:1C:1F:D7,LARC Guest,29,958.1769618988037,B2-01,1,3
683,DE:9F:DB:1C:1F:E0,LARC Guest,30,958.1769618988037,B2-01,1,3
684,EE:9F:DB:1C:1F:E0,,32,958.1769618988037,B2-01,1,3
685,F8:1A:67:99:55:8E,NUCLEAR_CHF,14,958.1769618988037,B2-01,1,3
686,FE:9F:DB:1C:1F:E0,,29,958.1769618988037,B2-01,1,3
687,00:21:91:70:9D:EC,LAB-DIDATICO,27,968.0708940029144,B2-01,1,3
688,34:60:F9:A3:E7:3F,GASWIFI_C4,35,968.0708940029144,B2-01,1,3
689,34:CE:00:51:3E:6F,Lab,50,968.0708940029144,B2-01,1,3
690,34:CE:00:51:3E:70,Lab_5G,29,968.0708940029144,B2-01,1,3
691,54:B8:0A:AA:2C:8C,LAB_DIGITAL,44,968.0708940029144,B2-01,1,3
692,54:B8:0A:AA:2C:8D,PCS-Wireless,44,968.0708940029144,B2-01,1,3
693,54:F0:B1:A1:18:C3,MEZANINO,12,968.0708940029144,B2-01,1,3
694,54:F0:B1:A1:18:C4,GDLAB,12,968.0708940029144,B2-01,1,3
695,54:F0:B1:A1:18:C5,LABPAD,12,968.0708940029144,B2-01,1,3
696,54:F0:B1:A1:18:D0,eduroam,29,968.0708940029144,B2-01,1,3
697,54:F0:B1:A1:18:D1,PoliSemFio,20,968.0708940029144,B2-01,1,3
698,54:F0:B1:A1:18:D2,,20,968.0708940029144,B2-01,1,3
699,54:F0:B1:A1:18:D3,MEZANINO,27,968.0708940029144,B2-01,1,3
700,54:F0:B1:A1:18:D4,GDLAB,30,968.0708940029144,B2-01,1,3
701,54:F0:B1:A1:18:D5,LABPAD,19,968.0708940029144,B2-01,1,3
702,54:F0:B1:A1:57:F0,eduroam,30,968.0708940029144,B2-01,1,3
703,54:F0:B1:A1:57:F1,PoliSemFio,29,968.0708940029144,B2-01,1,3
704,54:F0:B1:A1:57:F2,,30,968.0708940029144,B2-01,1,3
705,54:F0:B1:A1:58:00,eduroam,42,968.0708940029144,B2-01,1,3
706,54:F0:B1:A1:58:01,PoliSemFio,54,968.0708940029144,B2-01,1,3
707,54:F0:B1:A1:58:02,,54,968.0708940029144,B2-01,1,3
708,54:F0:B1:A1:E5:02,,27,968.0708940029144,B2-01,1,3
709,54:F0:B1:A2:4A:70,eduroam,9,968.0708940029144,B2-01,1,3
710,54:F0:B1:A2:56:71,PoliSemFio,29,968.0708940029144,B2-01,1,3
711,54:F0:B1:A2:57:30,eduroam,17,968.0708940029144,B2-01,1,3
712,54:F0:B1:A2:57:33,LCA,17,968.0708940029144,B2-01,1,3
713,54:F0:B1:BB:5A:80,eduroam,29,968.0708940029144,B2-01,1,3
714,54:F0:B1:BB:5A:81,PoliSemFio,32,968.0708940029144,B2-01,1,3
715,54:F0:B1:BB:5A:82,HACKER,29,968.0708940029144,B2-01,1,3
716,54:F0:B1:BB:5A:83,LEP,29,968.0708940029144,B2-01,1,3
717,54:F0:B1:BB:5A:84,,40,968.0708940029144,B2-01,1,3
718,54:F0:B1:BB:84:B0,eduroam,15,968.0708940029144,B2-01,1,3
719,54:F0:B1:BB:BE:11,PoliSemFio,29,968.0708940029144,B2-01,1,3
720,54:F0:B1:BB:BE:12,,30,968.0708940029144,B2-01,1,3
721,54:F0:B1:BB:BE:13,CAEEL,15,968.0708940029144,B2-01,1,3
722,54:F0:B1:BB:C4:D0,eduroam,82,968.0708940029144,B2-01,1,3
723,54:F0:B1:BB:C4:D1,PoliSemFio,80,968.0708940029144,B2-01,1,3
724,54:F0:B1:BB:C4:D2,,80,968.0708940029144,B2-01,1,3
725,54:F0:B1:BB:C4:F0,eduroam,50,968.0708940029144,B2-01,1,3
726,54:F0:B1:BB:C4:F1,PoliSemFio,52,968.0708940029144,B2-01,1,3
727,54:F0:B1:BB:C4:F2,,52,968.0708940029144,B2-01,1,3
728,54:F0:B1:BB:F3:20,eduroam,15,968.0708940029144,B2-01,1,3
729,54:F0:B1:BB:F3:21,PoliSemFio,22,968.0708940029144,B2-01,1,3
730,54:F0:B1:BC:09:40,eduroam,94,968.0708940029144,B2-01,1,3
731,54:F0:B1:BC:09:41,PoliSemFio,87,968.0708940029144,B2-01,1,3
732,54:F0:B1:BC:09:42,,87,968.0708940029144,B2-01,1,3
733,54:F0:B1:BC:09:60,eduroam,69,968.0708940029144,B2-01,1,3
734,54:F0:B1:BC:09:61,PoliSemFio,69,968.0708940029144,B2-01,1,3
735,54:F0:B1:BC:1B:D0,eduroam,60,968.0708940029144,B2-01,1,3
736,54:F0:B1:BC:1B:D2,,67,968.0708940029144,B2-01,1,3
737,54:F0:B1:BC:1B:F0,eduroam,30,968.0708940029144,B2-01,1,3
738,54:F0:B1:BC:1B:F1,PoliSemFio,30,968.0708940029144,B2-01,1,3
739,54:F0:B1:BC:2E:90,eduroam,15,968.0708940029144,B2-01,1,3
740,54:F0:B1:BC:2E:91,PoliSemFio,74,968.0708940029144,B2-01,1,3
741,54:F0:B1:BC:2E:92,,72,968.0708940029144,B2-01,1,3
742,54:F0:B1:BC:2E:B0,eduroam,17,968.0708940029144,B2-01,1,3
743,54:F0:B1:BC:2E:B1,PoliSemFio,17,968.0708940029144,B2-01,1,3
744,54:F0:B1:BC:2F:50,eduroam,15,968.0708940029144,B2-01,1,3
745,54:F0:B1:BC:36:11,eduroam,12,968.0708940029144,B2-01,1,3
746,54:F0:B1:BC:3F:10,eduroam,37,968.0708940029144,B2-01,1,3
747,54:F0:B1:BC:3F:11,PoliSemFio,39,968.0708940029144,B2-01,1,3
748,54:F0:B1:BC:3F:12,,30,968.0708940029144,B2-01,1,3
749,54:F0:B1:BC:70:00,eduroam,42,968.0708940029144,B2-01,1,3
750,54:F0:B1:BC:70:01,PoliSemFio,44,968.0708940029144,B2-01,1,3
751,54:F0:B1:BC:70:20,eduroam,27,968.0708940029144,B2-01,1,3
752,54:F0:B1:BC:70:21,PoliSemFio,27,968.0708940029144,B2-01,1,3
753,54:F0:B1:BC:77:80,eduroam,37,968.0708940029144,B2-01,1,3
754,54:F0:B1:BC:77:82,,27,968.0708940029144,B2-01,1,3
755,54:F0:B1:BC:77:A0,eduroam,17,968.0708940029144,B2-01,1,3
756,54:F0:B1:BC:77:A1,PoliSemFio,17,968.0708940029144,B2-01,1,3
757,54:F0:B1:BC:77:A2,,17,968.0708940029144,B2-01,1,3
758,68:FF:7B:47:78:BE,C1-22M,37,968.0708940029144,B2-01,1,3
759,70:62:B8:6E:72:A0,PCS-wireless-C1-13,40,968.0708940029144,B2-01,1,3
760,70:62:B8:6E:72:A1,PPGEE,42,968.0708940029144,B2-01,1,3
761,84:D4:7E:06:4F:E0,eduroam,57,968.0708940029144,B2-01,1,3
762,84:D4:7E:06:4F:E1,PoliSemFio,52,968.0708940029144,B2-01,1,3
763,84:D4:7E:06:4F:E2,,50,968.0708940029144,B2-01,1,3
764,84:D4:7E:06:4F:F0,eduroam,17,968.0708940029144,B2-01,1,3
765,DC:9F:DB:1C:1F:D7,LWN-3,17,968.0708940029144,B2-01,1,3
766,DC:9F:DB:1C:1F:E0,LWN-3,27,968.0708940029144,B2-01,1,3
767,DE:9F:DB:1C:1F:D7,LARC Guest,29,968.0708940029144,B2-01,1,3
768,DE:9F:DB:1C:1F:E0,LARC Guest,30,968.0708940029144,B2-01,1,3
769,EE:9F:DB:1C:1F:E0,,40,968.0708940029144,B2-01,1,3
770,F8:1A:67:99:55:8E,NUCLEAR_CHF,19,968.0708940029144,B2-01,1,3
771,FE:9F:DB:1C:1F:E0,,39,968.0708940029144,B2-01,1,3
772,00:21:91:70:9D:EC,LAB-DIDATICO,27,974.3169164657593,B2-01,1,3
773,34:60:F9:A3:D9:14,GASWIFI-2G_C2,22,974.3169164657593,B2-01,1,3
774,34:60:F9:A3:E7:3F,GASWIFI_C4,27,974.3169164657593,B2-01,1,3
775,34:CE:00:51:3E:6F,Lab,15,974.3169164657593,B2-01,1,3
776,34:CE:00:51:3E:70,Lab_5G,24,974.3169164657593,B2-01,1,3
777,54:B8:0A:AA:2C:8C,LAB_DIGITAL,44,974.3169164657593,B2-01,1,3
778,54:B8:0A:AA:2C:8D,PCS-Wireless,32,974.3169164657593,B2-01,1,3
779,54:F0:B1:A1:18:C3,MEZANINO,14,974.3169164657593,B2-01,1,3
780,54:F0:B1:A1:18:C4,GDLAB,12,974.3169164657593,B2-01,1,3
781,54:F0:B1:A1:18:C5,LABPAD,15,974.3169164657593,B2-01,1,3
782,54:F0:B1:A1:18:D0,eduroam,29,974.3169164657593,B2-01,1,3
783,54:F0:B1:A1:18:D1,PoliSemFio,20,974.3169164657593,B2-01,1,3
784,54:F0:B1:A1:18:D2,,20,974.3169164657593,B2-01,1,3
785,54:F0:B1:A1:18:D3,MEZANINO,27,974.3169164657593,B2-01,1,3
786,54:F0:B1:A1:18:D4,GDLAB,30,974.3169164657593,B2-01,1,3
787,54:F0:B1:A1:18:D5,LABPAD,19,974.3169164657593,B2-01,1,3
788,54:F0:B1:A1:57:F0,eduroam,25,974.3169164657593,B2-01,1,3
789,54:F0:B1:A1:57:F1,PoliSemFio,25,974.3169164657593,B2-01,1,3
790,54:F0:B1:A1:57:F2,,30,974.3169164657593,B2-01,1,3
791,54:F0:B1:A1:58:00,eduroam,60,974.3169164657593,B2-01,1,3
792,54:F0:B1:A1:58:01,PoliSemFio,52,974.3169164657593,B2-01,1,3
793,54:F0:B1:A1:58:02,,52,974.3169164657593,B2-01,1,3
794,54:F0:B1:A1:E5:02,,27,974.3169164657593,B2-01,1,3
795,54:F0:B1:A2:4A:70,eduroam,9,974.3169164657593,B2-01,1,3
796,54:F0:B1:A2:56:71,PoliSemFio,29,974.3169164657593,B2-01,1,3
797,54:F0:B1:A2:57:30,eduroam,17,974.3169164657593,B2-01,1,3
798,54:F0:B1:A2:57:33,LCA,17,974.3169164657593,B2-01,1,3
799,54:F0:B1:BB:5A:80,eduroam,29,974.3169164657593,B2-01,1,3
800,54:F0:B1:BB:5A:81,PoliSemFio,32,974.3169164657593,B2-01,1,3
801,54:F0:B1:BB:5A:82,HACKER,29,974.3169164657593,B2-01,1,3
802,54:F0:B1:BB:5A:83,LEP,29,974.3169164657593,B2-01,1,3
803,54:F0:B1:BB:5A:84,,40,974.3169164657593,B2-01,1,3
804,54:F0:B1:BB:5A:A3,LEP,14,974.3169164657593,B2-01,1,3
805,54:F0:B1:BB:84:B0,eduroam,15,974.3169164657593,B2-01,1,3
806,54:F0:B1:BB:BE:11,PoliSemFio,29,974.3169164657593,B2-01,1,3
807,54:F0:B1:BB:BE:12,,30,974.3169164657593,B2-01,1,3
808,54:F0:B1:BB:BE:13,CAEEL,15,974.3169164657593,B2-01,1,3
809,54:F0:B1:BB:C4:D0,eduroam,52,974.3169164657593,B2-01,1,3
810,54:F0:B1:BB:C4:D1,PoliSemFio,54,974.3169164657593,B2-01,1,3
811,54:F0:B1:BB:C4:D2,,54,974.3169164657593,B2-01,1,3
812,54:F0:B1:BB:C4:F0,eduroam,47,974.3169164657593,B2-01,1,3
813,54:F0:B1:BB:C4:F1,PoliSemFio,49,974.3169164657593,B2-01,1,3
814,54:F0:B1:BB:C4:F2,,52,974.3169164657593,B2-01,1,3
815,54:F0:B1:BB:F3:20,eduroam,20,974.3169164657593,B2-01,1,3
816,54:F0:B1:BB:F3:21,PoliSemFio,22,974.3169164657593,B2-01,1,3
817,54:F0:B1:BC:09:40,eduroam,87,974.3169164657593,B2-01,1,3
818,54:F0:B1:BC:09:41,PoliSemFio,85,974.3169164657593,B2-01,1,3
819,54:F0:B1:BC:09:42,,87,974.3169164657593,B2-01,1,3
820,54:F0:B1:BC:09:60,eduroam,69,974.3169164657593,B2-01,1,3
821,54:F0:B1:BC:09:61,PoliSemFio,69,974.3169164657593,B2-01,1,3
822,54:F0:B1:BC:1B:D0,eduroam,45,974.3169164657593,B2-01,1,3
823,54:F0:B1:BC:1B:D2,,67,974.3169164657593,B2-01,1,3
824,54:F0:B1:BC:1B:F0,eduroam,24,974.3169164657593,B2-01,1,3
825,54:F0:B1:BC:1B:F1,PoliSemFio,24,974.3169164657593,B2-01,1,3
826,54:F0:B1:BC:2E:90,eduroam,47,974.3169164657593,B2-01,1,3
827,54:F0:B1:BC:2E:91,PoliSemFio,74,974.3169164657593,B2-01,1,3
828,54:F0:B1:BC:2E:92,,50,974.3169164657593,B2-01,1,3
829,54:F0:B1:BC:2E:B0,eduroam,29,974.3169164657593,B2-01,1,3
830,54:F0:B1:BC:2E:B1,PoliSemFio,27,974.3169164657593,B2-01,1,3
831,54:F0:B1:BC:2F:50,eduroam,15,974.3169164657593,B2-01,1,3
832,54:F0:B1:BC:36:11,eduroam,12,974.3169164657593,B2-01,1,3
833,54:F0:B1:BC:3F:10,eduroam,37,974.3169164657593,B2-01,1,3
834,54:F0:B1:BC:3F:11,PoliSemFio,39,974.3169164657593,B2-01,1,3
835,54:F0:B1:BC:3F:12,,30,974.3169164657593,B2-01,1,3
836,54:F0:B1:BC:70:00,eduroam,45,974.3169164657593,B2-01,1,3
837,54:F0:B1:BC:70:01,PoliSemFio,47,974.3169164657593,B2-01,1,3
838,54:F0:B1:BC:70:20,eduroam,22,974.3169164657593,B2-01,1,3
839,54:F0:B1:BC:70:21,PoliSemFio,22,974.3169164657593,B2-01,1,3
840,54:F0:B1:BC:77:80,eduroam,32,974.3169164657593,B2-01,1,3
841,54:F0:B1:BC:77:81,PoliSemFio,39,974.3169164657593,B2-01,1,3
842,54:F0:B1:BC:77:82,,37,974.3169164657593,B2-01,1,3
843,54:F0:B1:BC:77:A0,eduroam,27,974.3169164657593,B2-01,1,3
844,54:F0:B1:BC:77:A1,PoliSemFio,27,974.3169164657593,B2-01,1,3
845,54:F0:B1:BC:77:A2,,17,974.3169164657593,B2-01,1,3
846,68:FF:7B:47:78:BE,C1-22M,37,974.3169164657593,B2-01,1,3
847,70:62:B8:6E:72:A0,PCS-wireless-C1-13,37,974.3169164657593,B2-01,1,3
848,70:62:B8:6E:72:A1,PPGEE,37,974.3169164657593,B2-01,1,3
849,84:D4:7E:06:4F:E0,eduroam,44,974.3169164657593,B2-01,1,3
850,84:D4:7E:06:4F:E1,PoliSemFio,49,974.3169164657593,B2-01,1,3
851,84:D4:7E:06:4F:E2,,47,974.3169164657593,B2-01,1,3
852,84:D4:7E:06:4F:F0,eduroam,15,974.3169164657593,B2-01,1,3
853,84:D4:7E:06:4F:F1,PoliSemFio,17,974.3169164657593,B2-01,1,3
854,DC:9F:DB:1C:1F:D7,LWN-3,17,974.3169164657593,B2-01,1,3
855,DC:9F:DB:1C:1F:E0,LWN-3,27,974.3169164657593,B2-01,1,3
856,DE:9F:DB:1C:1F:D7,LARC Guest,29,974.3169164657593,B2-01,1,3
857,DE:9F:DB:1C:1F:E0,LARC Guest,30,974.3169164657593,B2-01,1,3
858,EE:9F:DB:1C:1F:E0,,30,974.3169164657593,B2-01,1,3
859,F8:1A:67:99:55:8E,NUCLEAR_CHF,19,974.3169164657593,B2-01,1,3
860,FE:9F:DB:1C:1F:E0,,39,974.3169164657593,B2-01,1,3
861,00:21:91:70:9D:EC,LAB-DIDATICO,27,976.945821762085,B2-01,1,3
862,34:60:F9:A3:D9:14,GASWIFI-2G_C2,22,976.945821762085,B2-01,1,3
863,34:60:F9:A3:E7:3F,GASWIFI_C4,27,976.945821762085,B2-01,1,3
864,34:CE:00:51:3E:6F,Lab,15,976.945821762085,B2-01,1,3
865,34:CE:00:51:3E:70,Lab_5G,24,976.945821762085,B2-01,1,3
866,54:B8:0A:AA:2C:8C,LAB_DIGITAL,44,976.945821762085,B2-01,1,3
867,54:B8:0A:AA:2C:8D,PCS-Wireless,32,976.945821762085,B2-01,1,3
868,54:F0:B1:A1:18:C3,MEZANINO,14,976.945821762085,B2-01,1,3
869,54:F0:B1:A1:18:C4,GDLAB,12,976.945821762085,B2-01,1,3
870,54:F0:B1:A1:18:C5,LABPAD,15,976.945821762085,B2-01,1,3
871,54:F0:B1:A1:18:D0,eduroam,29,976.945821762085,B2-01,1,3
872,54:F0:B1:A1:18:D1,PoliSemFio,20,976.945821762085,B2-01,1,3
873,54:F0:B1:A1:18:D2,,20,976.945821762085,B2-01,1,3
874,54:F0:B1:A1:18:D3,MEZANINO,27,976.945821762085,B2-01,1,3
875,54:F0:B1:A1:18:D4,GDLAB,30,976.945821762085,B2-01,1,3
876,54:F0:B1:A1:18:D5,LABPAD,19,976.945821762085,B2-01,1,3
877,54:F0:B1:A1:57:F0,eduroam,25,976.945821762085,B2-01,1,3
878,54:F0:B1:A1:57:F1,PoliSemFio,25,976.945821762085,B2-01,1,3
879,54:F0:B1:A1:57:F2,,30,976.945821762085,B2-01,1,3
880,54:F0:B1:A1:58:00,eduroam,60,976.945821762085,B2-01,1,3
881,54:F0:B1:A1:58:01,PoliSemFio,52,976.945821762085,B2-01,1,3
882,54:F0:B1:A1:58:02,,52,976.945821762085,B2-01,1,3
883,54:F0:B1:A1:E5:02,,27,976.945821762085,B2-01,1,3
884,54:F0:B1:A2:4A:70,eduroam,9,976.945821762085,B2-01,1,3
885,54:F0:B1:A2:56:71,PoliSemFio,29,976.945821762085,B2-01,1,3
886,54:F0:B1:A2:57:30,eduroam,17,976.945821762085,B2-01,1,3
887,54:F0:B1:A2:57:33,LCA,17,976.945821762085,B2-01,1,3
888,54:F0:B1:BB:5A:80,eduroam,29,976.945821762085,B2-01,1,3
889,54:F0:B1:BB:5A:81,PoliSemFio,32,976.945821762085,B2-01,1,3
890,54:F0:B1:BB:5A:82,HACKER,29,976.945821762085,B2-01,1,3
891,54:F0:B1:BB:5A:83,LEP,29,976.945821762085,B2-01,1,3
892,54:F0:B1:BB:5A:84,,40,976.945821762085,B2-01,1,3
893,54:F0:B1:BB:5A:A3,LEP,14,976.945821762085,B2-01,1,3
894,54:F0:B1:BB:84:B0,eduroam,15,976.945821762085,B2-01,1,3
895,54:F0:B1:BB:BE:11,PoliSemFio,29,976.945821762085,B2-01,1,3
896,54:F0:B1:BB:BE:12,,30,976.945821762085,B2-01,1,3
897,54:F0:B1:BB:BE:13,CAEEL,15,976.945821762085,B2-01,1,3
898,54:F0:B1:BB:C4:D0,eduroam,52,976.945821762085,B2-01,1,3
899,54:F0:B1:BB:C4:D1,PoliSemFio,54,976.945821762085,B2-01,1,3
900,54:F0:B1:BB:C4:D2,,54,976.945821762085,B2-01,1,3
901,54:F0:B1:BB:C4:F0,eduroam,47,976.945821762085,B2-01,1,3
902,54:F0:B1:BB:C4:F1,PoliSemFio,49,976.945821762085,B2-01,1,3
903,54:F0:B1:BB:C4:F2,,52,976.945821762085,B2-01,1,3
904,54:F0:B1:BB:F3:20,eduroam,20,976.945821762085,B2-01,1,3
905,54:F0:B1:BB:F3:21,PoliSemFio,22,976.945821762085,B2-01,1,3
906,54:F0:B1:BC:09:40,eduroam,87,976.945821762085,B2-01,1,3
907,54:F0:B1:BC:09:41,PoliSemFio,85,976.945821762085,B2-01,1,3
908,54:F0:B1:BC:09:42,,87,976.945821762085,B2-01,1,3
909,54:F0:B1:BC:09:60,eduroam,65,976.945821762085,B2-01,1,3
910,54:F0:B1:BC:09:61,PoliSemFio,69,976.945821762085,B2-01,1,3
911,54:F0:B1:BC:1B:D0,eduroam,45,976.945821762085,B2-01,1,3
912,54:F0:B1:BC:1B:D2,,67,976.945821762085,B2-01,1,3
913,54:F0:B1:BC:1B:F0,eduroam,24,976.945821762085,B2-01,1,3
914,54:F0:B1:BC:1B:F1,PoliSemFio,24,976.945821762085,B2-01,1,3
915,54:F0:B1:BC:2E:90,eduroam,47,976.945821762085,B2-01,1,3
916,54:F0:B1:BC:2E:91,PoliSemFio,74,976.945821762085,B2-01,1,3
917,54:F0:B1:BC:2E:92,,50,976.945821762085,B2-01,1,3
918,54:F0:B1:BC:2E:B0,eduroam,29,976.945821762085,B2-01,1,3
919,54:F0:B1:BC:2E:B1,PoliSemFio,27,976.945821762085,B2-01,1,3
920,54:F0:B1:BC:2F:50,eduroam,15,976.945821762085,B2-01,1,3
921,54:F0:B1:BC:36:11,eduroam,12,976.945821762085,B2-01,1,3
922,54:F0:B1:BC:3F:10,eduroam,37,976.945821762085,B2-01,1,3
923,54:F0:B1:BC:3F:11,PoliSemFio,39,976.945821762085,B2-01,1,3
924,54:F0:B1:BC:3F:12,,30,976.945821762085,B2-01,1,3
925,54:F0:B1:BC:70:00,eduroam,45,976.945821762085,B2-01,1,3
926,54:F0:B1:BC:70:01,PoliSemFio,47,976.945821762085,B2-01,1,3
927,54:F0:B1:BC:70:20,eduroam,22,976.945821762085,B2-01,1,3
928,54:F0:B1:BC:70:21,PoliSemFio,22,976.945821762085,B2-01,1,3
929,54:F0:B1:BC:77:80,eduroam,32,976.945821762085,B2-01,1,3
930,54:F0:B1:BC:77:81,PoliSemFio,39,976.945821762085,B2-01,1,3
931,54:F0:B1:BC:77:82,,37,976.945821762085,B2-01,1,3
932,54:F0:B1:BC:77:A0,eduroam,27,976.945821762085,B2-01,1,3
933,54:F0:B1:BC:77:A1,PoliSemFio,27,976.945821762085,B2-01,1,3
934,54:F0:B1:BC:77:A2,,17,976.945821762085,B2-01,1,3
935,68:FF:7B:47:78:BE,C1-22M,37,976.945821762085,B2-01,1,3
936,70:62:B8:6E:72:A0,PCS-wireless-C1-13,37,976.945821762085,B2-01,1,3
937,70:62:B8:6E:72:A1,PPGEE,37,976.945821762085,B2-01,1,3
938,84:D4:7E:06:4F:E0,eduroam,44,976.945821762085,B2-01,1,3
939,84:D4:7E:06:4F:E1,PoliSemFio,49,976.945821762085,B2-01,1,3
940,84:D4:7E:06:4F:E2,,47,976.945821762085,B2-01,1,3
941,84:D4:7E:06:4F:F0,eduroam,15,976.945821762085,B2-01,1,3
942,84:D4:7E:06:4F:F1,PoliSemFio,17,976.945821762085,B2-01,1,3
943,DC:9F:DB:1C:1F:D7,LWN-3,17,976.945821762085,B2-01,1,3
944,DC:9F:DB:1C:1F:E0,LWN-3,27,976.945821762085,B2-01,1,3
945,DE:9F:DB:1C:1F:D7,LARC Guest,29,976.945821762085,B2-01,1,3
946,DE:9F:DB:1C:1F:E0,LARC Guest,30,976.945821762085,B2-01,1,3
947,EE:9F:DB:1C:1F:E0,,30,976.945821762085,B2-01,1,3
948,F8:1A:67:99:55:8E,NUCLEAR_CHF,19,976.945821762085,B2-01,1,3
949,FE:9F:DB:1C:1F:E0,,39,976.945821762085,B2-01,1,3
950,00:18:E7:FF:8C:98,dlink,12,979.5696442127228,B2-01,1,3
951,00:21:91:70:9D:EC,LAB-DIDATICO,27,979.5696442127228,B2-01,1,3
952,34:60:F9:A3:D9:14,GASWIFI-2G_C2,22,979.5696442127228,B2-01,1,3
953,34:60:F9:A3:E7:3F,GASWIFI_C4,27,979.5696442127228,B2-01,1,3
954,34:CE:00:51:3E:6F,Lab,60,979.5696442127228,B2-01,1,3
955,34:CE:00:51:3E:70,Lab_5G,15,979.5696442127228,B2-01,1,3
956,54:B8:0A:AA:2C:8C,LAB_DIGITAL,44,979.5696442127228,B2-01,1,3
957,54:B8:0A:AA:2C:8D,PCS-Wireless,32,979.5696442127228,B2-01,1,3
958,54:F0:B1:A1:18:C3,MEZANINO,14,979.5696442127228,B2-01,1,3
959,54:F0:B1:A1:18:C4,GDLAB,12,979.5696442127228,B2-01,1,3
960,54:F0:B1:A1:18:C5,LABPAD,15,979.5696442127228,B2-01,1,3
961,54:F0:B1:A1:18:D0,eduroam,29,979.5696442127228,B2-01,1,3
962,54:F0:B1:A1:18:D1,PoliSemFio,27,979.5696442127228,B2-01,1,3
963,54:F0:B1:A1:18:D2,,20,979.5696442127228,B2-01,1,3
964,54:F0:B1:A1:18:D3,MEZANINO,29,979.5696442127228,B2-01,1,3
965,54:F0:B1:A1:18:D4,GDLAB,32,979.5696442127228,B2-01,1,3
966,54:F0:B1:A1:18:D5,LABPAD,19,979.5696442127228,B2-01,1,3
967,54:F0:B1:A1:57:F0,eduroam,19,979.5696442127228,B2-01,1,3
968,54:F0:B1:A1:57:F1,PoliSemFio,19,979.5696442127228,B2-01,1,3
969,54:F0:B1:A1:57:F2,,30,979.5696442127228,B2-01,1,3
970,54:F0:B1:A1:58:00,eduroam,44,979.5696442127228,B2-01,1,3
971,54:F0:B1:A1:58:01,PoliSemFio,44,979.5696442127228,B2-01,1,3
972,54:F0:B1:A1:58:02,,44,979.5696442127228,B2-01,1,3
973,54:F0:B1:A1:E5:02,,27,979.5696442127228,B2-01,1,3
974,54:F0:B1:A2:4A:70,eduroam,9,979.5696442127228,B2-01,1,3
975,54:F0:B1:A2:56:70,eduroam,24,979.5696442127228,B2-01,1,3
976,54:F0:B1:A2:56:71,PoliSemFio,30,979.5696442127228,B2-01,1,3
977,54:F0:B1:A2:56:72,,30,979.5696442127228,B2-01,1,3
978,54:F0:B1:A2:57:30,eduroam,15,979.5696442127228,B2-01,1,3
979,54:F0:B1:A2:57:33,LCA,17,979.5696442127228,B2-01,1,3
980,54:F0:B1:BB:5A:80,eduroam,24,979.5696442127228,B2-01,1,3
981,54:F0:B1:BB:5A:81,PoliSemFio,32,979.5696442127228,B2-01,1,3
982,54:F0:B1:BB:5A:82,HACKER,29,979.5696442127228,B2-01,1,3
983,54:F0:B1:BB:5A:83,LEP,20,979.5696442127228,B2-01,1,3
984,54:F0:B1:BB:5A:84,,40,979.5696442127228,B2-01,1,3
985,54:F0:B1:BB:5A:A3,LEP,14,979.5696442127228,B2-01,1,3
986,54:F0:B1:BB:84:B0,eduroam,15,979.5696442127228,B2-01,1,3
987,54:F0:B1:BB:BE:11,PoliSemFio,24,979.5696442127228,B2-01,1,3
988,54:F0:B1:BB:BE:12,,24,979.5696442127228,B2-01,1,3
989,54:F0:B1:BB:BE:13,CAEEL,15,979.5696442127228,B2-01,1,3
990,54:F0:B1:BB:C4:D0,eduroam,69,979.5696442127228,B2-01,1,3
991,54:F0:B1:BB:C4:D1,PoliSemFio,75,979.5696442127228,B2-01,1,3
992,54:F0:B1:BB:C4:D2,,54,979.5696442127228,B2-01,1,3
993,54:F0:B1:BB:C4:F0,eduroam,62,979.5696442127228,B2-01,1,3
994,54:F0:B1:BB:C4:F1,PoliSemFio,64,979.5696442127228,B2-01,1,3
995,54:F0:B1:BB:C4:F2,,52,979.5696442127228,B2-01,1,3
996,54:F0:B1:BB:F3:20,eduroam,20,979.5696442127228,B2-01,1,3
997,54:F0:B1:BB:F3:21,PoliSemFio,25,979.5696442127228,B2-01,1,3
998,54:F0:B1:BC:09:40,eduroam,85,979.5696442127228,B2-01,1,3
999,54:F0:B1:BC:09:41,PoliSemFio,85,979.5696442127228,B2-01,1,3
1000,54:F0:B1:BC:09:42,,87,979.5696442127228,B2-01,1,3
1001,54:F0:B1:BC:09:60,eduroam,65,979.5696442127228,B2-01,1,3
1002,54:F0:B1:BC:09:61,PoliSemFio,65,979.5696442127228,B2-01,1,3
1003,54:F0:B1:BC:1B:D0,eduroam,45,979.5696442127228,B2-01,1,3
1004,54:F0:B1:BC:1B:D1,PoliSemFio,60,979.5696442127228,B2-01,1,3
1005,54:F0:B1:BC:1B:D2,,67,979.5696442127228,B2-01,1,3
1006,54:F0:B1:BC:1B:F0,eduroam,30,979.5696442127228,B2-01,1,3
1007,54:F0:B1:BC:1B:F1,PoliSemFio,30,979.5696442127228,B2-01,1,3
1008,54:F0:B1:BC:2E:90,eduroam,47,979.5696442127228,B2-01,1,3
1009,54:F0:B1:BC:2E:91,PoliSemFio,55,979.5696442127228,B2-01,1,3
1010,54:F0:B1:BC:2E:92,,55,979.5696442127228,B2-01,1,3
1011,54:F0:B1:BC:2E:B0,eduroam,32,979.5696442127228,B2-01,1,3
1012,54:F0:B1:BC:2E:B1,PoliSemFio,34,979.5696442127228,B2-01,1,3
1013,54:F0:B1:BC:2F:50,eduroam,15,979.5696442127228,B2-01,1,3
1014,54:F0:B1:BC:36:11,eduroam,12,979.5696442127228,B2-01,1,3
1015,54:F0:B1:BC:3F:10,eduroam,34,979.5696442127228,B2-01,1,3
1016,54:F0:B1:BC:3F:11,PoliSemFio,35,979.5696442127228,B2-01,1,3
1017,54:F0:B1:BC:3F:12,,30,979.5696442127228,B2-01,1,3
1018,54:F0:B1:BC:70:00,eduroam,45,979.5696442127228,B2-01,1,3
1019,54:F0:B1:BC:70:01,PoliSemFio,50,979.5696442127228,B2-01,1,3
1020,54:F0:B1:BC:70:20,eduroam,19,979.5696442127228,B2-01,1,3
1021,54:F0:B1:BC:70:21,PoliSemFio,19,979.5696442127228,B2-01,1,3
1022,54:F0:B1:BC:77:80,eduroam,32,979.5696442127228,B2-01,1,3
1023,54:F0:B1:BC:77:81,PoliSemFio,39,979.5696442127228,B2-01,1,3
1024,54:F0:B1:BC:77:82,,37,979.5696442127228,B2-01,1,3
1025,54:F0:B1:BC:77:A0,eduroam,22,979.5696442127228,B2-01,1,3
1026,54:F0:B1:BC:77:A1,PoliSemFio,22,979.5696442127228,B2-01,1,3
1027,54:F0:B1:BC:77:A2,,17,979.5696442127228,B2-01,1,3
1028,68:FF:7B:47:78:BE,C1-22M,37,979.5696442127228,B2-01,1,3
1029,70:62:B8:6E:72:A0,PCS-wireless-C1-13,44,979.5696442127228,B2-01,1,3
1030,70:62:B8:6E:72:A1,PPGEE,45,979.5696442127228,B2-01,1,3
1031,84:D4:7E:06:4F:E0,eduroam,47,979.5696442127228,B2-01,1,3
1032,84:D4:7E:06:4F:E1,PoliSemFio,49,979.5696442127228,B2-01,1,3
1033,84:D4:7E:06:4F:E2,,47,979.5696442127228,B2-01,1,3
1034,84:D4:7E:06:4F:F0,eduroam,15,979.5696442127228,B2-01,1,3
1035,84:D4:7E:06:4F:F1,PoliSemFio,17,979.5696442127228,B2-01,1,3
1036,DC:9F:DB:1C:1F:D7,LWN-3,20,979.5696442127228,B2-01,1,3
1037,DC:9F:DB:1C:1F:E0,LWN-3,27,979.5696442127228,B2-01,1,3
1038,DE:9F:DB:1C:1F:D7,LARC Guest,29,979.5696442127228,B2-01,1,3
1039,DE:9F:DB:1C:1F:E0,LARC Guest,30,979.5696442127228,B2-01,1,3
1040,EE:9F:DB:1C:1F:D7,,20,979.5696442127228,B2-01,1,3
1041,EE:9F:DB:1C:1F:E0,,35,979.5696442127228,B2-01,1,3
1042,F8:1A:67:99:55:8E,NUCLEAR_CHF,24,979.5696442127228,B2-01,1,3
1043,FE:9F:DB:1C:1F:E0,,37,979.5696442127228,B2-01,1,3
1044,00:18:E7:FF:8C:98,dlink,12,982.1978118419647,B2-01,1,3
1045,00:21:91:70:9D:EC,LAB-DIDATICO,27,982.1978118419647,B2-01,1,3
1046,34:60:F9:A3:D9:14,GASWIFI-2G_C2,22,982.1978118419647,B2-01,1,3
1047,34:60:F9:A3:E7:3F,GASWIFI_C4,27,982.1978118419647,B2-01,1,3
1048,34:CE:00:51:3E:6F,Lab,60,982.1978118419647,B2-01,1,3
1049,34:CE:00:51:3E:70,Lab_5G,15,982.1978118419647,B2-01,1,3
1050,54:B8:0A:AA:2C:8C,LAB_DIGITAL,44,982.1978118419647,B2-01,1,3
1051,54:B8:0A:AA:2C:8D,PCS-Wireless,32,982.1978118419647,B2-01,1,3
1052,54:F0:B1:A1:18:C3,MEZANINO,14,982.1978118419647,B2-01,1,3
1053,54:F0:B1:A1:18:C4,GDLAB,12,982.1978118419647,B2-01,1,3
1054,54:F0:B1:A1:18:C5,LABPAD,15,982.1978118419647,B2-01,1,3
1055,54:F0:B1:A1:18:D0,eduroam,29,982.1978118419647,B2-01,1,3
1056,54:F0:B1:A1:18:D1,PoliSemFio,27,982.1978118419647,B2-01,1,3
1057,54:F0:B1:A1:18:D2,,20,982.1978118419647,B2-01,1,3
1058,54:F0:B1:A1:18:D3,MEZANINO,29,982.1978118419647,B2-01,1,3
1059,54:F0:B1:A1:18:D4,GDLAB,32,982.1978118419647,B2-01,1,3
1060,54:F0:B1:A1:18:D5,LABPAD,19,982.1978118419647,B2-01,1,3
1061,54:F0:B1:A1:57:F0,eduroam,19,982.1978118419647,B2-01,1,3
1062,54:F0:B1:A1:57:F1,PoliSemFio,19,982.1978118419647,B2-01,1,3
1063,54:F0:B1:A1:57:F2,,30,982.1978118419647,B2-01,1,3
1064,54:F0:B1:A1:58:00,eduroam,44,982.1978118419647,B2-01,1,3
1065,54:F0:B1:A1:58:01,PoliSemFio,44,982.1978118419647,B2-01,1,3
1066,54:F0:B1:A1:58:02,,44,982.1978118419647,B2-01,1,3
1067,54:F0:B1:A1:E5:02,,27,982.1978118419647,B2-01,1,3
1068,54:F0:B1:A2:4A:70,eduroam,9,982.1978118419647,B2-01,1,3
1069,54:F0:B1:A2:56:70,eduroam,24,982.1978118419647,B2-01,1,3
1070,54:F0:B1:A2:56:71,PoliSemFio,30,982.1978118419647,B2-01,1,3
1071,54:F0:B1:A2:56:72,,30,982.1978118419647,B2-01,1,3
1072,54:F0:B1:A2:57:30,eduroam,15,982.1978118419647,B2-01,1,3
1073,54:F0:B1:A2:57:33,LCA,17,982.1978118419647,B2-01,1,3
1074,54:F0:B1:BB:5A:80,eduroam,24,982.1978118419647,B2-01,1,3
1075,54:F0:B1:BB:5A:81,PoliSemFio,32,982.1978118419647,B2-01,1,3
1076,54:F0:B1:BB:5A:82,HACKER,29,982.1978118419647,B2-01,1,3
1077,54:F0:B1:BB:5A:83,LEP,20,982.1978118419647,B2-01,1,3
1078,54:F0:B1:BB:5A:84,,40,982.1978118419647,B2-01,1,3
1079,54:F0:B1:BB:5A:A3,LEP,14,982.1978118419647,B2-01,1,3
1080,54:F0:B1:BB:84:B0,eduroam,15,982.1978118419647,B2-01,1,3
1081,54:F0:B1:BB:BE:11,PoliSemFio,24,982.1978118419647,B2-01,1,3
1082,54:F0:B1:BB:BE:12,,24,982.1978118419647,B2-01,1,3
1083,54:F0:B1:BB:BE:13,CAEEL,15,982.1978118419647,B2-01,1,3
1084,54:F0:B1:BB:C4:D0,eduroam,69,982.1978118419647,B2-01,1,3
1085,54:F0:B1:BB:C4:D1,PoliSemFio,75,982.1978118419647,B2-01,1,3
1086,54:F0:B1:BB:C4:D2,,54,982.1978118419647,B2-01,1,3
1087,54:F0:B1:BB:C4:F0,eduroam,62,982.1978118419647,B2-01,1,3
1088,54:F0:B1:BB:C4:F1,PoliSemFio,64,982.1978118419647,B2-01,1,3
1089,54:F0:B1:BB:C4:F2,,52,982.1978118419647,B2-01,1,3
1090,54:F0:B1:BB:F3:20,eduroam,20,982.1978118419647,B2-01,1,3
1091,54:F0:B1:BB:F3:21,PoliSemFio,25,982.1978118419647,B2-01,1,3
1092,54:F0:B1:BC:09:40,eduroam,85,982.1978118419647,B2-01,1,3
1093,54:F0:B1:BC:09:41,PoliSemFio,85,982.1978118419647,B2-01,1,3
1094,54:F0:B1:BC:09:42,,87,982.1978118419647,B2-01,1,3
1095,54:F0:B1:BC:09:60,eduroam,59,982.1978118419647,B2-01,1,3
1096,54:F0:B1:BC:09:61,PoliSemFio,65,982.1978118419647,B2-01,1,3
1097,54:F0:B1:BC:1B:D0,eduroam,45,982.1978118419647,B2-01,1,3
1098,54:F0:B1:BC:1B:D1,PoliSemFio,60,982.1978118419647,B2-01,1,3
1099,54:F0:B1:BC:1B:D2,,67,982.1978118419647,B2-01,1,3
1100,54:F0:B1:BC:1B:F0,eduroam,30,982.1978118419647,B2-01,1,3
1101,54:F0:B1:BC:1B:F1,PoliSemFio,30,982.1978118419647,B2-01,1,3
1102,54:F0:B1:BC:2E:90,eduroam,47,982.1978118419647,B2-01,1,3
1103,54:F0:B1:BC:2E:91,PoliSemFio,55,982.1978118419647,B2-01,1,3
1104,54:F0:B1:BC:2E:92,,55,982.1978118419647,B2-01,1,3
1105,54:F0:B1:BC:2E:B0,eduroam,32,982.1978118419647,B2-01,1,3
1106,54:F0:B1:BC:2E:B1,PoliSemFio,34,982.1978118419647,B2-01,1,3
1107,54:F0:B1:BC:2F:50,eduroam,15,982.1978118419647,B2-01,1,3
1108,54:F0:B1:BC:36:11,eduroam,12,982.1978118419647,B2-01,1,3
1109,54:F0:B1:BC:3F:10,eduroam,34,982.1978118419647,B2-01,1,3
1110,54:F0:B1:BC:3F:11,PoliSemFio,35,982.1978118419647,B2-01,1,3
1111,54:F0:B1:BC:3F:12,,30,982.1978118419647,B2-01,1,3
1112,54:F0:B1:BC:70:00,eduroam,45,982.1978118419647,B2-01,1,3
1113,54:F0:B1:BC:70:01,PoliSemFio,50,982.1978118419647,B2-01,1,3
1114,54:F0:B1:BC:70:20,eduroam,19,982.1978118419647,B2-01,1,3
1115,54:F0:B1:BC:70:21,PoliSemFio,19,982.1978118419647,B2-01,1,3
1116,54:F0:B1:BC:77:80,eduroam,32,982.1978118419647,B2-01,1,3
1117,54:F0:B1:BC:77:81,PoliSemFio,39,982.1978118419647,B2-01,1,3
1118,54:F0:B1:BC:77:82,,37,982.1978118419647,B2-01,1,3
1119,54:F0:B1:BC:77:A0,eduroam,22,982.1978118419647,B2-01,1,3
1120,54:F0:B1:BC:77:A1,PoliSemFio,22,982.1978118419647,B2-01,1,3
1121,54:F0:B1:BC:77:A2,,17,982.1978118419647,B2-01,1,3
1122,68:FF:7B:47:78:BE,C1-22M,37,982.1978118419647,B2-01,1,3
1123,70:62:B8:6E:72:A0,PCS-wireless-C1-13,44,982.1978118419647,B2-01,1,3
1124,70:62:B8:6E:72:A1,PPGEE,45,982.1978118419647,B2-01,1,3
1125,84:D4:7E:06:4F:E0,eduroam,47,982.1978118419647,B2-01,1,3
1126,84:D4:7E:06:4F:E1,PoliSemFio,49,982.1978118419647,B2-01,1,3
1127,84:D4:7E:06:4F:E2,,47,982.1978118419647,B2-01,1,3
1128,84:D4:7E:06:4F:F0,eduroam,15,982.1978118419647,B2-01,1,3
1129,84:D4:7E:06:4F:F1,PoliSemFio,17,982.1978118419647,B2-01,1,3
1130,DC:9F:DB:1C:1F:D7,LWN-3,20,982.1978118419647,B2-01,1,3
1131,DC:9F:DB:1C:1F:E0,LWN-3,27,982.1978118419647,B2-01,1,3
1132,DE:9F:DB:1C:1F:D7,LARC Guest,29,982.1978118419647,B2-01,1,3
1133,DE:9F:DB:1C:1F:E0,LARC Guest,30,982.1978118419647,B2-01,1,3
1134,EE:9F:DB:1C:1F:D7,,20,982.1978118419647,B2-01,1,3
1135,EE:9F:DB:1C:1F:E0,,35,982.1978118419647,B2-01,1,3
1136,F8:1A:67:99:55:8E,NUCLEAR_CHF,24,982.1978118419647,B2-01,1,3
1137,FE:9F:DB:1C:1F:E0,,37,982.1978118419647,B2-01,1,3
1138,00:18:E7:FF:8C:98,dlink,12,988.450989484787,B2-01,1,3
1139,00:21:91:70:9D:EC,LAB-DIDATICO,32,988.450989484787,B2-01,1,3
1140,34:60:F9:A3:D9:14,GASWIFI-2G_C2,22,988.450989484787,B2-01,1,3
1141,34:60:F9:A3:E7:3F,GASWIFI_C4,27,988.450989484787,B2-01,1,3
1142,34:CE:00:51:3E:6F,Lab,40,988.450989484787,B2-01,1,3
1143,34:CE:00:51:3E:70,Lab_5G,22,988.450989484787,B2-01,1,3
1144,54:B8:0A:AA:2C:8C,LAB_DIGITAL,37,988.450989484787,B2-01,1,3
1145,54:B8:0A:AA:2C:8D,PCS-Wireless,34,988.450989484787,B2-01,1,3
1146,54:F0:B1:A1:18:C3,MEZANINO,14,988.450989484787,B2-01,1,3
1147,54:F0:B1:A1:18:C4,GDLAB,12,988.450989484787,B2-01,1,3
1148,54:F0:B1:A1:18:C5,LABPAD,15,988.450989484787,B2-01,1,3
1149,54:F0:B1:A1:18:D0,eduroam,29,988.450989484787,B2-01,1,3
1150,54:F0:B1:A1:18:D1,PoliSemFio,27,988.450989484787,B2-01,1,3
1151,54:F0:B1:A1:18:D3,MEZANINO,27,988.450989484787,B2-01,1,3
1152,54:F0:B1:A1:18:D4,GDLAB,29,988.450989484787,B2-01,1,3
1153,54:F0:B1:A1:18:D5,LABPAD,19,988.450989484787,B2-01,1,3
1154,54:F0:B1:A1:57:F0,eduroam,20,988.450989484787,B2-01,1,3
1155,54:F0:B1:A1:57:F1,PoliSemFio,20,988.450989484787,B2-01,1,3
1156,54:F0:B1:A1:57:F2,,30,988.450989484787,B2-01,1,3
1157,54:F0:B1:A1:58:00,eduroam,45,988.450989484787,B2-01,1,3
1158,54:F0:B1:A1:58:01,PoliSemFio,44,988.450989484787,B2-01,1,3
1159,54:F0:B1:A1:58:02,,45,988.450989484787,B2-01,1,3
1160,54:F0:B1:A1:E5:02,,27,988.450989484787,B2-01,1,3
1161,54:F0:B1:A2:56:70,eduroam,24,988.450989484787,B2-01,1,3
1162,54:F0:B1:A2:56:71,PoliSemFio,30,988.450989484787,B2-01,1,3
1163,54:F0:B1:A2:56:72,,30,988.450989484787,B2-01,1,3
1164,54:F0:B1:A2:57:30,eduroam,15,988.450989484787,B2-01,1,3
1165,54:F0:B1:A2:57:33,LCA,17,988.450989484787,B2-01,1,3
1166,54:F0:B1:BB:5A:80,eduroam,24,988.450989484787,B2-01,1,3
1167,54:F0:B1:BB:5A:81,PoliSemFio,32,988.450989484787,B2-01,1,3
1168,54:F0:B1:BB:5A:82,HACKER,29,988.450989484787,B2-01,1,3
1169,54:F0:B1:BB:5A:83,LEP,30,988.450989484787,B2-01,1,3
1170,54:F0:B1:BB:5A:A3,LEP,14,988.450989484787,B2-01,1,3
1171,54:F0:B1:BB:BE:11,PoliSemFio,24,988.450989484787,B2-01,1,3
1172,54:F0:B1:BB:BE:12,,24,988.450989484787,B2-01,1,3
1173,54:F0:B1:BB:BE:13,CAEEL,15,988.450989484787,B2-01,1,3
1174,54:F0:B1:BB:C4:D0,eduroam,80,988.450989484787,B2-01,1,3
1175,54:F0:B1:BB:C4:D1,PoliSemFio,80,988.450989484787,B2-01,1,3
1176,54:F0:B1:BB:C4:D2,,80,988.450989484787,B2-01,1,3
1177,54:F0:B1:BB:C4:F0,eduroam,62,988.450989484787,B2-01,1,3
1178,54:F0:B1:BB:C4:F1,PoliSemFio,64,988.450989484787,B2-01,1,3
1179,54:F0:B1:BB:C4:F2,,52,988.450989484787,B2-01,1,3
1180,54:F0:B1:BB:F3:20,eduroam,20,988.450989484787,B2-01,1,3
1181,54:F0:B1:BB:F3:21,PoliSemFio,25,988.450989484787,B2-01,1,3
1182,54:F0:B1:BC:09:40,eduroam,69,988.450989484787,B2-01,1,3
1183,54:F0:B1:BC:09:41,PoliSemFio,67,988.450989484787,B2-01,1,3
1184,54:F0:B1:BC:09:42,,67,988.450989484787,B2-01,1,3
1185,54:F0:B1:BC:09:60,eduroam,62,988.450989484787,B2-01,1,3
1186,54:F0:B1:BC:09:61,PoliSemFio,62,988.450989484787,B2-01,1,3
1187,54:F0:B1:BC:1B:D0,eduroam,45,988.450989484787,B2-01,1,3
1188,54:F0:B1:BC:1B:D1,PoliSemFio,60,988.450989484787,B2-01,1,3
1189,54:F0:B1:BC:1B:D2,,67,988.450989484787,B2-01,1,3
1190,54:F0:B1:BC:1B:F0,eduroam,32,988.450989484787,B2-01,1,3
1191,54:F0:B1:BC:1B:F1,PoliSemFio,32,988.450989484787,B2-01,1,3
1192,54:F0:B1:BC:2E:90,eduroam,34,988.450989484787,B2-01,1,3
1193,54:F0:B1:BC:2E:91,PoliSemFio,55,988.450989484787,B2-01,1,3
1194,54:F0:B1:BC:2E:92,,55,988.450989484787,B2-01,1,3
1195,54:F0:B1:BC:2E:B0,eduroam,29,988.450989484787,B2-01,1,3
1196,54:F0:B1:BC:2E:B1,PoliSemFio,29,988.450989484787,B2-01,1,3
1197,54:F0:B1:BC:2F:50,eduroam,15,988.450989484787,B2-01,1,3
1198,54:F0:B1:BC:36:11,eduroam,12,988.450989484787,B2-01,1,3
1199,54:F0:B1:BC:3F:10,eduroam,34,988.450989484787,B2-01,1,3
1200,54:F0:B1:BC:3F:11,PoliSemFio,35,988.450989484787,B2-01,1,3
1201,54:F0:B1:BC:3F:12,,30,988.450989484787,B2-01,1,3
1202,54:F0:B1:BC:70:00,eduroam,37,988.450989484787,B2-01,1,3
1203,54:F0:B1:BC:70:01,PoliSemFio,50,988.450989484787,B2-01,1,3
1204,54:F0:B1:BC:70:20,eduroam,19,988.450989484787,B2-01,1,3
1205,54:F0:B1:BC:70:21,PoliSemFio,19,988.450989484787,B2-01,1,3
1206,54:F0:B1:BC:77:80,eduroam,32,988.450989484787,B2-01,1,3
1207,54:F0:B1:BC:77:81,PoliSemFio,39,988.450989484787,B2-01,1,3
1208,54:F0:B1:BC:77:82,,42,988.450989484787,B2-01,1,3
1209,54:F0:B1:BC:77:A0,eduroam,20,988.450989484787,B2-01,1,3
1210,54:F0:B1:BC:77:A1,PoliSemFio,22,988.450989484787,B2-01,1,3
1211,54:F0:B1:BC:77:A2,,17,988.450989484787,B2-01,1,3
1212,68:FF:7B:47:78:BE,C1-22M,29,988.450989484787,B2-01,1,3
1213,70:62:B8:6E:72:A0,PCS-wireless-C1-13,44,988.450989484787,B2-01,1,3
1214,70:62:B8:6E:72:A1,PPGEE,45,988.450989484787,B2-01,1,3
1215,84:D4:7E:06:4F:E0,eduroam,59,988.450989484787,B2-01,1,3
1216,84:D4:7E:06:4F:E1,PoliSemFio,49,988.450989484787,B2-01,1,3
1217,84:D4:7E:06:4F:E2,,47,988.450989484787,B2-01,1,3
1218,84:D4:7E:06:4F:F0,eduroam,15,988.450989484787,B2-01,1,3
1219,84:D4:7E:06:4F:F1,PoliSemFio,17,988.450989484787,B2-01,1,3
1220,DC:9F:DB:1C:1F:D7,LWN-3,20,988.450989484787,B2-01,1,3
1221,DC:9F:DB:1C:1F:E0,LWN-3,27,988.450989484787,B2-01,1,3
1222,DE:9F:DB:1C:1F:D7,LARC Guest,29,988.450989484787,B2-01,1,3
1223,DE:9F:DB:1C:1F:E0,LARC Guest,30,988.450989484787,B2-01,1,3
1224,EE:9F:DB:1C:1F:D7,,20,988.450989484787,B2-01,1,3
1225,EE:9F:DB:1C:1F:E0,,35,988.450989484787,B2-01,1,3
1226,F8:1A:67:99:55:8E,NUCLEAR_CHF,24,988.450989484787,B2-01,1,3
1227,FE:9F:DB:1C:1F:E0,,34,988.450989484787,B2-01,1,3
1228,00:18:E7:FF:8C:98,dlink,12,994.6989936828613,B2-01,1,3
1229,00:21:91:70:9D:EC,LAB-DIDATICO,32,994.6989936828613,B2-01,1,3
1230,34:60:F9:A3:D9:14,GASWIFI-2G_C2,22,994.6989936828613,B2-01,1,3
1231,34:60:F9:A3:E7:3F,GASWIFI_C4,27,994.6989936828613,B2-01,1,3
1232,34:CE:00:51:3E:6F,Lab,40,994.6989936828613,B2-01,1,3
1233,34:CE:00:51:3E:70,Lab_5G,22,994.6989936828613,B2-01,1,3
1234,54:B8:0A:AA:2C:8C,LAB_DIGITAL,37,994.6989936828613,B2-01,1,3
1235,54:B8:0A:AA:2C:8D,PCS-Wireless,34,994.6989936828613,B2-01,1,3
1236,54:F0:B1:A1:18:C3,MEZANINO,14,994.6989936828613,B2-01,1,3
1237,54:F0:B1:A1:18:C4,GDLAB,12,994.6989936828613,B2-01,1,3
1238,54:F0:B1:A1:18:C5,LABPAD,15,994.6989936828613,B2-01,1,3
1239,54:F0:B1:A1:18:D0,eduroam,29,994.6989936828613,B2-01,1,3
1240,54:F0:B1:A1:18:D1,PoliSemFio,27,994.6989936828613,B2-01,1,3
1241,54:F0:B1:A1:18:D3,MEZANINO,27,994.6989936828613,B2-01,1,3
1242,54:F0:B1:A1:18:D4,GDLAB,29,994.6989936828613,B2-01,1,3
1243,54:F0:B1:A1:18:D5,LABPAD,19,994.6989936828613,B2-01,1,3
1244,54:F0:B1:A1:57:F0,eduroam,20,994.6989936828613,B2-01,1,3
1245,54:F0:B1:A1:57:F1,PoliSemFio,20,994.6989936828613,B2-01,1,3
1246,54:F0:B1:A1:57:F2,,30,994.6989936828613,B2-01,1,3
1247,54:F0:B1:A1:58:00,eduroam,45,994.6989936828613,B2-01,1,3
1248,54:F0:B1:A1:58:01,PoliSemFio,44,994.6989936828613,B2-01,1,3
1249,54:F0:B1:A1:58:02,,45,994.6989936828613,B2-01,1,3
1250,54:F0:B1:A1:E5:02,,27,994.6989936828613,B2-01,1,3
1251,54:F0:B1:A2:56:70,eduroam,24,994.6989936828613,B2-01,1,3
1252,54:F0:B1:A2:56:71,PoliSemFio,30,994.6989936828613,B2-01,1,3
1253,54:F0:B1:A2:56:72,,30,994.6989936828613,B2-01,1,3
1254,54:F0:B1:A2:57:30,eduroam,15,994.6989936828613,B2-01,1,3
1255,54:F0:B1:A2:57:33,LCA,17,994.6989936828613,B2-01,1,3
1256,54:F0:B1:BB:5A:80,eduroam,24,994.6989936828613,B2-01,1,3
1257,54:F0:B1:BB:5A:81,PoliSemFio,32,994.6989936828613,B2-01,1,3
1258,54:F0:B1:BB:5A:82,HACKER,29,994.6989936828613,B2-01,1,3
1259,54:F0:B1:BB:5A:83,LEP,30,994.6989936828613,B2-01,1,3
1260,54:F0:B1:BB:5A:A3,LEP,14,994.6989936828613,B2-01,1,3
1261,54:F0:B1:BB:BE:11,PoliSemFio,24,994.6989936828613,B2-01,1,3
1262,54:F0:B1:BB:BE:12,,24,994.6989936828613,B2-01,1,3
1263,54:F0:B1:BB:BE:13,CAEEL,15,994.6989936828613,B2-01,1,3
1264,54:F0:B1:BB:C4:D0,eduroam,80,994.6989936828613,B2-01,1,3
1265,54:F0:B1:BB:C4:D1,PoliSemFio,80,994.6989936828613,B2-01,1,3
1266,54:F0:B1:BB:C4:D2,,80,994.6989936828613,B2-01,1,3
1267,54:F0:B1:BB:C4:F0,eduroam,62,994.6989936828613,B2-01,1,3
1268,54:F0:B1:BB:C4:F1,PoliSemFio,64,994.6989936828613,B2-01,1,3
1269,54:F0:B1:BB:C4:F2,,52,994.6989936828613,B2-01,1,3
1270,54:F0:B1:BB:F3:20,eduroam,20,994.6989936828613,B2-01,1,3
1271,54:F0:B1:BB:F3:21,PoliSemFio,25,994.6989936828613,B2-01,1,3
1272,54:F0:B1:BC:09:40,eduroam,69,994.6989936828613,B2-01,1,3
1273,54:F0:B1:BC:09:41,PoliSemFio,67,994.6989936828613,B2-01,1,3
1274,54:F0:B1:BC:09:42,,67,994.6989936828613,B2-01,1,3
1275,54:F0:B1:BC:09:60,eduroam,59,994.6989936828613,B2-01,1,3
1276,54:F0:B1:BC:09:61,PoliSemFio,62,994.6989936828613,B2-01,1,3
1277,54:F0:B1:BC:1B:D0,eduroam,45,994.6989936828613,B2-01,1,3
1278,54:F0:B1:BC:1B:D1,PoliSemFio,60,994.6989936828613,B2-01,1,3
1279,54:F0:B1:BC:1B:D2,,67,994.6989936828613,B2-01,1,3
1280,54:F0:B1:BC:1B:F0,eduroam,32,994.6989936828613,B2-01,1,3
1281,54:F0:B1:BC:1B:F1,PoliSemFio,32,994.6989936828613,B2-01,1,3
1282,54:F0:B1:BC:2E:90,eduroam,34,994.6989936828613,B2-01,1,3
1283,54:F0:B1:BC:2E:91,PoliSemFio,55,994.6989936828613,B2-01,1,3
1284,54:F0:B1:BC:2E:92,,55,994.6989936828613,B2-01,1,3
1285,54:F0:B1:BC:2E:B0,eduroam,29,994.6989936828613,B2-01,1,3
1286,54:F0:B1:BC:2E:B1,PoliSemFio,29,994.6989936828613,B2-01,1,3
1287,54:F0:B1:BC:2F:50,eduroam,15,994.6989936828613,B2-01,1,3
1288,54:F0:B1:BC:36:11,eduroam,12,994.6989936828613,B2-01,1,3
1289,54:F0:B1:BC:3F:10,eduroam,34,994.6989936828613,B2-01,1,3
1290,54:F0:B1:BC:3F:11,PoliSemFio,35,994.6989936828613,B2-01,1,3
1291,54:F0:B1:BC:3F:12,,30,994.6989936828613,B2-01,1,3
1292,54:F0:B1:BC:70:00,eduroam,37,994.6989936828613,B2-01,1,3
1293,54:F0:B1:BC:70:01,PoliSemFio,50,994.6989936828613,B2-01,1,3
1294,54:F0:B1:BC:70:20,eduroam,19,994.6989936828613,B2-01,1,3
1295,54:F0:B1:BC:70:21,PoliSemFio,19,994.6989936828613,B2-01,1,3
1296,54:F0:B1:BC:77:80,eduroam,32,994.6989936828613,B2-01,1,3
1297,54:F0:B1:BC:77:81,PoliSemFio,39,994.6989936828613,B2-01,1,3
1298,54:F0:B1:BC:77:82,,42,994.6989936828613,B2-01,1,3
1299,54:F0:B1:BC:77:A0,eduroam,20,994.6989936828613,B2-01,1,3
1300,54:F0:B1:BC:77:A1,PoliSemFio,22,994.6989936828613,B2-01,1,3
1301,54:F0:B1:BC:77:A2,,17,994.6989936828613,B2-01,1,3
1302,68:FF:7B:47:78:BE,C1-22M,29,994.6989936828613,B2-01,1,3
1303,70:62:B8:6E:72:A0,PCS-wireless-C1-13,44,994.6989936828613,B2-01,1,3
1304,70:62:B8:6E:72:A1,PPGEE,45,994.6989936828613,B2-01,1,3
1305,84:D4:7E:06:4F:E0,eduroam,59,994.6989936828613,B2-01,1,3
1306,84:D4:7E:06:4F:E1,PoliSemFio,49,994.6989936828613,B2-01,1,3
1307,84:D4:7E:06:4F:E2,,47,994.6989936828613,B2-01,1,3
1308,84:D4:7E:06:4F:F0,eduroam,15,994.6989936828613,B2-01,1,3
1309,84:D4:7E:06:4F:F1,PoliSemFio,17,994.6989936828613,B2-01,1,3
1310,DC:9F:DB:1C:1F:D7,LWN-3,20,994.6989936828613,B2-01,1,3
1311,DC:9F:DB:1C:1F:E0,LWN-3,27,994.6989936828613,B2-01,1,3
1312,DE:9F:DB:1C:1F:D7,LARC Guest,29,994.6989936828613,B2-01,1,3
1313,DE:9F:DB:1C:1F:E0,LARC Guest,30,994.6989936828613,B2-01,1,3
1314,EE:9F:DB:1C:1F:D7,,20,994.6989936828613,B2-01,1,3
1315,EE:9F:DB:1C:1F:E0,,35,994.6989936828613,B2-01,1,3
1316,F8:1A:67:99:55:8E,NUCLEAR_CHF,24,994.6989936828613,B2-01,1,3
1317,FE:9F:DB:1C:1F:E0,,34,994.6989936828613,B2-01,1,3
1318,00:18:E7:FF:8C:98,dlink,24,997.3273844718933,B2-01,1,3
1319,00:21:91:70:9D:EC,LAB-DIDATICO,32,997.3273844718933,B2-01,1,3
1320,34:60:F9:A3:D9:14,GASWIFI-2G_C2,22,997.3273844718933,B2-01,1,3
1321,34:60:F9:A3:E7:3F,GASWIFI_C4,25,997.3273844718933,B2-01,1,3
1322,34:CE:00:51:3E:6F,Lab,57,997.3273844718933,B2-01,1,3
1323,34:CE:00:51:3E:70,Lab_5G,29,997.3273844718933,B2-01,1,3
1324,54:B8:0A:AA:2C:8C,LAB_DIGITAL,37,997.3273844718933,B2-01,1,3
1325,54:B8:0A:AA:2C:8D,PCS-Wireless,34,997.3273844718933,B2-01,1,3
1326,54:F0:B1:A1:18:C3,MEZANINO,14,997.3273844718933,B2-01,1,3
1327,54:F0:B1:A1:18:C4,GDLAB,12,997.3273844718933,B2-01,1,3
1328,54:F0:B1:A1:18:C5,LABPAD,15,997.3273844718933,B2-01,1,3
1329,54:F0:B1:A1:18:D0,eduroam,29,997.3273844718933,B2-01,1,3
1330,54:F0:B1:A1:18:D1,PoliSemFio,27,997.3273844718933,B2-01,1,3
1331,54:F0:B1:A1:18:D3,MEZANINO,27,997.3273844718933,B2-01,1,3
1332,54:F0:B1:A1:18:D4,GDLAB,29,997.3273844718933,B2-01,1,3
1333,54:F0:B1:A1:57:F0,eduroam,20,997.3273844718933,B2-01,1,3
1334,54:F0:B1:A1:57:F1,PoliSemFio,20,997.3273844718933,B2-01,1,3
1335,54:F0:B1:A1:58:00,eduroam,47,997.3273844718933,B2-01,1,3
1336,54:F0:B1:A1:58:01,PoliSemFio,55,997.3273844718933,B2-01,1,3
1337,54:F0:B1:A1:58:02,,55,997.3273844718933,B2-01,1,3
1338,54:F0:B1:A1:E5:01,PoliSemFio,27,997.3273844718933,B2-01,1,3
1339,54:F0:B1:A1:E5:02,,27,997.3273844718933,B2-01,1,3
1340,54:F0:B1:A2:56:70,eduroam,24,997.3273844718933,B2-01,1,3
1341,54:F0:B1:A2:56:71,PoliSemFio,30,997.3273844718933,B2-01,1,3
1342,54:F0:B1:A2:56:72,,32,997.3273844718933,B2-01,1,3
1343,54:F0:B1:A2:57:30,eduroam,19,997.3273844718933,B2-01,1,3
1344,54:F0:B1:A2:57:31,PoliSemFio,19,997.3273844718933,B2-01,1,3
1345,54:F0:B1:A2:57:32,,22,997.3273844718933,B2-01,1,3
1346,54:F0:B1:A2:57:33,LCA,17,997.3273844718933,B2-01,1,3
1347,54:F0:B1:BB:5A:80,eduroam,37,997.3273844718933,B2-01,1,3
1348,54:F0:B1:BB:5A:81,PoliSemFio,42,997.3273844718933,B2-01,1,3
1349,54:F0:B1:BB:5A:82,HACKER,29,997.3273844718933,B2-01,1,3
1350,54:F0:B1:BB:5A:83,LEP,30,997.3273844718933,B2-01,1,3
1351,54:F0:B1:BB:5A:84,,44,997.3273844718933,B2-01,1,3
1352,54:F0:B1:BB:5A:A3,LEP,14,997.3273844718933,B2-01,1,3
1353,54:F0:B1:BB:84:B0,eduroam,10,997.3273844718933,B2-01,1,3
1354,54:F0:B1:BB:BE:11,PoliSemFio,25,997.3273844718933,B2-01,1,3
1355,54:F0:B1:BB:BE:12,,24,997.3273844718933,B2-01,1,3
1356,54:F0:B1:BB:C4:D0,eduroam,52,997.3273844718933,B2-01,1,3
1357,54:F0:B1:BB:C4:D1,PoliSemFio,67,997.3273844718933,B2-01,1,3
1358,54:F0:B1:BB:C4:D2,,80,997.3273844718933,B2-01,1,3
1359,54:F0:B1:BB:C4:F0,eduroam,52,997.3273844718933,B2-01,1,3
1360,54:F0:B1:BB:C4:F1,PoliSemFio,52,997.3273844718933,B2-01,1,3
1361,54:F0:B1:BB:C4:F2,,52,997.3273844718933,B2-01,1,3
1362,54:F0:B1:BB:C5:C0,eduroam,10,997.3273844718933,B2-01,1,3
1363,54:F0:B1:BB:F3:20,eduroam,15,997.3273844718933,B2-01,1,3
1364,54:F0:B1:BB:F3:21,PoliSemFio,25,997.3273844718933,B2-01,1,3
1365,54:F0:B1:BC:09:40,eduroam,89,997.3273844718933,B2-01,1,3
1366,54:F0:B1:BC:09:41,PoliSemFio,84,997.3273844718933,B2-01,1,3
1367,54:F0:B1:BC:09:42,,67,997.3273844718933,B2-01,1,3
1368,54:F0:B1:BC:09:60,eduroam,59,997.3273844718933,B2-01,1,3
1369,54:F0:B1:BC:09:61,PoliSemFio,59,997.3273844718933,B2-01,1,3
1370,54:F0:B1:BC:1B:D0,eduroam,59,997.3273844718933,B2-01,1,3
1371,54:F0:B1:BC:1B:D1,PoliSemFio,60,997.3273844718933,B2-01,1,3
1372,54:F0:B1:BC:1B:D2,,67,997.3273844718933,B2-01,1,3
1373,54:F0:B1:BC:1B:F0,eduroam,29,997.3273844718933,B2-01,1,3
1374,54:F0:B1:BC:1B:F1,PoliSemFio,29,997.3273844718933,B2-01,1,3
1375,54:F0:B1:BC:2E:90,eduroam,54,997.3273844718933,B2-01,1,3
1376,54:F0:B1:BC:2E:91,PoliSemFio,55,997.3273844718933,B2-01,1,3
1377,54:F0:B1:BC:2E:92,,55,997.3273844718933,B2-01,1,3
1378,54:F0:B1:BC:2E:B0,eduroam,15,997.3273844718933,B2-01,1,3
1379,54:F0:B1:BC:2E:B1,PoliSemFio,19,997.3273844718933,B2-01,1,3
1380,54:F0:B1:BC:2F:50,eduroam,14,997.3273844718933,B2-01,1,3
1381,54:F0:B1:BC:36:11,eduroam,14,997.3273844718933,B2-01,1,3
1382,54:F0:B1:BC:3F:10,eduroam,24,997.3273844718933,B2-01,1,3
1383,54:F0:B1:BC:3F:11,PoliSemFio,35,997.3273844718933,B2-01,1,3
1384,54:F0:B1:BC:3F:12,,30,997.3273844718933,B2-01,1,3
1385,54:F0:B1:BC:70:00,eduroam,47,997.3273844718933,B2-01,1,3
1386,54:F0:B1:BC:70:01,PoliSemFio,50,997.3273844718933,B2-01,1,3
1387,54:F0:B1:BC:70:20,eduroam,20,997.3273844718933,B2-01,1,3
1388,54:F0:B1:BC:70:21,PoliSemFio,19,997.3273844718933,B2-01,1,3
1389,54:F0:B1:BC:77:80,eduroam,39,997.3273844718933,B2-01,1,3
1390,54:F0:B1:BC:77:81,PoliSemFio,45,997.3273844718933,B2-01,1,3
1391,54:F0:B1:BC:77:82,,42,997.3273844718933,B2-01,1,3
1392,54:F0:B1:BC:77:A0,eduroam,29,997.3273844718933,B2-01,1,3
1393,54:F0:B1:BC:77:A1,PoliSemFio,27,997.3273844718933,B2-01,1,3
1394,68:FF:7B:47:78:BE,C1-22M,45,997.3273844718933,B2-01,1,3
1395,70:62:B8:6E:72:A0,PCS-wireless-C1-13,42,997.3273844718933,B2-01,1,3
1396,70:62:B8:6E:72:A1,PPGEE,42,997.3273844718933,B2-01,1,3
1397,84:D4:7E:06:4F:E0,eduroam,62,997.3273844718933,B2-01,1,3
1398,84:D4:7E:06:4F:E1,PoliSemFio,52,997.3273844718933,B2-01,1,3
1399,84:D4:7E:06:4F:E2,,47,997.3273844718933,B2-01,1,3
1400,84:D4:7E:06:4F:F0,eduroam,14,997.3273844718933,B2-01,1,3
1401,84:D4:7E:06:4F:F1,PoliSemFio,12,997.3273844718933,B2-01,1,3
1402,DC:9F:DB:1C:1F:D7,LWN-3,20,997.3273844718933,B2-01,1,3
1403,DC:9F:DB:1C:1F:E0,LWN-3,40,997.3273844718933,B2-01,1,3
1404,EE:9F:DB:1C:1F:D7,,20,997.3273844718933,B2-01,1,3
1405,EE:9F:DB:1C:1F:E0,,44,997.3273844718933,B2-01,1,3
1406,F8:1A:67:99:55:8E,NUCLEAR_CHF,24,997.3273844718933,B2-01,1,3
1407,FE:9F:DB:1C:1F:E0,,42,997.3273844718933,B2-01,1,3
1408,00:18:E7:FF:8C:98,dlink,24,999.9508142471313,B2-01,1,3
1409,00:21:91:70:9D:EC,LAB-DIDATICO,32,999.9508142471313,B2-01,1,3
1410,34:60:F9:A3:D9:14,GASWIFI-2G_C2,22,999.9508142471313,B2-01,1,3
1411,34:60:F9:A3:E7:3F,GASWIFI_C4,25,999.9508142471313,B2-01,1,3
1412,34:CE:00:51:3E:6F,Lab,57,999.9508142471313,B2-01,1,3
1413,34:CE:00:51:3E:70,Lab_5G,29,999.9508142471313,B2-01,1,3
1414,54:B8:0A:AA:2C:8C,LAB_DIGITAL,37,999.9508142471313,B2-01,1,3
1415,54:B8:0A:AA:2C:8D,PCS-Wireless,34,999.9508142471313,B2-01,1,3
1416,54:F0:B1:A1:18:C3,MEZANINO,14,999.9508142471313,B2-01,1,3
1417,54:F0:B1:A1:18:C4,GDLAB,12,999.9508142471313,B2-01,1,3
1418,54:F0:B1:A1:18:C5,LABPAD,15,999.9508142471313,B2-01,1,3
1419,54:F0:B1:A1:18:D0,eduroam,29,999.9508142471313,B2-01,1,3
1420,54:F0:B1:A1:18:D1,PoliSemFio,27,999.9508142471313,B2-01,1,3
1421,54:F0:B1:A1:18:D3,MEZANINO,27,999.9508142471313,B2-01,1,3
1422,54:F0:B1:A1:18:D4,GDLAB,29,999.9508142471313,B2-01,1,3
1423,54:F0:B1:A1:57:F0,eduroam,20,999.9508142471313,B2-01,1,3
1424,54:F0:B1:A1:57:F1,PoliSemFio,20,999.9508142471313,B2-01,1,3
1425,54:F0:B1:A1:58:00,eduroam,47,999.9508142471313,B2-01,1,3
1426,54:F0:B1:A1:58:01,PoliSemFio,55,999.9508142471313,B2-01,1,3
1427,54:F0:B1:A1:58:02,,55,999.9508142471313,B2-01,1,3
1428,54:F0:B1:A1:E5:01,PoliSemFio,27,999.9508142471313,B2-01,1,3
1429,54:F0:B1:A1:E5:02,,27,999.9508142471313,B2-01,1,3
1430,54:F0:B1:A2:56:70,eduroam,24,999.9508142471313,B2-01,1,3
1431,54:F0:B1:A2:56:71,PoliSemFio,30,999.9508142471313,B2-01,1,3
1432,54:F0:B1:A2:56:72,,32,999.9508142471313,B2-01,1,3
1433,54:F0:B1:A2:57:30,eduroam,19,999.9508142471313,B2-01,1,3
1434,54:F0:B1:A2:57:31,PoliSemFio,19,999.9508142471313,B2-01,1,3
1435,54:F0:B1:A2:57:32,,22,999.9508142471313,B2-01,1,3
1436,54:F0:B1:A2:57:33,LCA,17,999.9508142471313,B2-01,1,3
1437,54:F0:B1:BB:5A:80,eduroam,37,999.9508142471313,B2-01,1,3
1438,54:F0:B1:BB:5A:81,PoliSemFio,42,999.9508142471313,B2-01,1,3
1439,54:F0:B1:BB:5A:82,HACKER,29,999.9508142471313,B2-01,1,3
1440,54:F0:B1:BB:5A:83,LEP,30,999.9508142471313,B2-01,1,3
1441,54:F0:B1:BB:5A:84,,44,999.9508142471313,B2-01,1,3
1442,54:F0:B1:BB:5A:A3,LEP,14,999.9508142471313,B2-01,1,3
1443,54:F0:B1:BB:84:B0,eduroam,10,999.9508142471313,B2-01,1,3
1444,54:F0:B1:BB:BE:11,PoliSemFio,25,999.9508142471313,B2-01,1,3
1445,54:F0:B1:BB:BE:12,,24,999.9508142471313,B2-01,1,3
1446,54:F0:B1:BB:C4:D0,eduroam,52,999.9508142471313,B2-01,1,3
1447,54:F0:B1:BB:C4:D1,PoliSemFio,67,999.9508142471313,B2-01,1,3
1448,54:F0:B1:BB:C4:D2,,80,999.9508142471313,B2-01,1,3
1449,54:F0:B1:BB:C4:F0,eduroam,52,999.9508142471313,B2-01,1,3
1450,54:F0:B1:BB:C4:F1,PoliSemFio,52,999.9508142471313,B2-01,1,3
1451,54:F0:B1:BB:C4:F2,,52,999.9508142471313,B2-01,1,3
1452,54:F0:B1:BB:C5:C0,eduroam,10,999.9508142471313,B2-01,1,3
1453,54:F0:B1:BB:F3:20,eduroam,15,999.9508142471313,B2-01,1,3
1454,54:F0:B1:BB:F3:21,PoliSemFio,25,999.9508142471313,B2-01,1,3
1455,54:F0:B1:BC:09:40,eduroam,89,999.9508142471313,B2-01,1,3
1456,54:F0:B1:BC:09:41,PoliSemFio,84,999.9508142471313,B2-01,1,3
1457,54:F0:B1:BC:09:42,,67,999.9508142471313,B2-01,1,3
1458,54:F0:B1:BC:09:60,eduroam,72,999.9508142471313,B2-01,1,3
1459,54:F0:B1:BC:09:61,PoliSemFio,59,999.9508142471313,B2-01,1,3
1460,54:F0:B1:BC:1B:D0,eduroam,59,999.9508142471313,B2-01,1,3
1461,54:F0:B1:BC:1B:D1,PoliSemFio,60,999.9508142471313,B2-01,1,3
1462,54:F0:B1:BC:1B:D2,,67,999.9508142471313,B2-01,1,3
1463,54:F0:B1:BC:1B:F0,eduroam,29,999.9508142471313,B2-01,1,3
1464,54:F0:B1:BC:1B:F1,PoliSemFio,29,999.9508142471313,B2-01,1,3
1465,54:F0:B1:BC:2E:90,eduroam,54,999.9508142471313,B2-01,1,3
1466,54:F0:B1:BC:2E:91,PoliSemFio,55,999.9508142471313,B2-01,1,3
1467,54:F0:B1:BC:2E:92,,55,999.9508142471313,B2-01,1,3
1468,54:F0:B1:BC:2E:B0,eduroam,15,999.9508142471313,B2-01,1,3
1469,54:F0:B1:BC:2E:B1,PoliSemFio,19,999.9508142471313,B2-01,1,3
1470,54:F0:B1:BC:2F:50,eduroam,14,999.9508142471313,B2-01,1,3
1471,54:F0:B1:BC:36:11,eduroam,14,999.9508142471313,B2-01,1,3
1472,54:F0:B1:BC:3F:10,eduroam,24,999.9508142471313,B2-01,1,3
1473,54:F0:B1:BC:3F:11,PoliSemFio,35,999.9508142471313,B2-01,1,3
1474,54:F0:B1:BC:3F:12,,30,999.9508142471313,B2-01,1,3
1475,54:F0:B1:BC:70:00,eduroam,47,999.9508142471313,B2-01,1,3
1476,54:F0:B1:BC:70:01,PoliSemFio,50,999.9508142471313,B2-01,1,3
1477,54:F0:B1:BC:70:20,eduroam,20,999.9508142471313,B2-01,1,3
1478,54:F0:B1:BC:70:21,PoliSemFio,19,999.9508142471313,B2-01,1,3
1479,54:F0:B1:BC:77:80,eduroam,39,999.9508142471313,B2-01,1,3
1480,54:F0:B1:BC:77:81,PoliSemFio,45,999.9508142471313,B2-01,1,3
1481,54:F0:B1:BC:77:82,,42,999.9508142471313,B2-01,1,3
1482,54:F0:B1:BC:77:A0,eduroam,29,999.9508142471313,B2-01,1,3
1483,54:F0:B1:BC:77:A1,PoliSemFio,27,999.9508142471313,B2-01,1,3
1484,68:FF:7B:47:78:BE,C1-22M,45,999.9508142471313,B2-01,1,3
1485,70:62:B8:6E:72:A0,PCS-wireless-C1-13,42,999.9508142471313,B2-01,1,3
1486,70:62:B8:6E:72:A1,PPGEE,42,999.9508142471313,B2-01,1,3
1487,84:D4:7E:06:4F:E0,eduroam,62,999.9508142471313,B2-01,1,3
1488,84:D4:7E:06:4F:E1,PoliSemFio,52,999.9508142471313,B2-01,1,3
1489,84:D4:7E:06:4F:E2,,47,999.9508142471313,B2-01,1,3
1490,84:D4:7E:06:4F:F0,eduroam,14,999.9508142471313,B2-01,1,3
1491,84:D4:7E:06:4F:F1,PoliSemFio,12,999.9508142471313,B2-01,1,3
1492,DC:9F:DB:1C:1F:D7,LWN-3,20,999.9508142471313,B2-01,1,3
1493,DC:9F:DB:1C:1F:E0,LWN-3,40,999.9508142471313,B2-01,1,3
1494,EE:9F:DB:1C:1F:D7,,20,999.9508142471313,B2-01,1,3
1495,EE:9F:DB:1C:1F:E0,,44,999.9508142471313,B2-01,1,3
1496,F8:1A:67:99:55:8E,NUCLEAR_CHF,24,999.9508142471313,B2-01,1,3
1497,FE:9F:DB:1C:1F:E0,,42,999.9508142471313,B2-01,1,3
1498,00:18:E7:FF:8C:98,dlink,24,1006.194352388382,B2-01,1,3
1499,00:21:91:70:9D:EC,LAB-DIDATICO,29,1006.194352388382,B2-01,1,3
1500,34:60:F9:A3:D9:14,GASWIFI-2G_C2,22,1006.194352388382,B2-01,1,3
1501,34:60:F9:A3:E7:3F,GASWIFI_C4,25,1006.194352388382,B2-01,1,3
1502,34:CE:00:51:3E:6F,Lab,60,1006.194352388382,B2-01,1,3
1503,34:CE:00:51:3E:70,Lab_5G,30,1006.194352388382,B2-01,1,3
1504,54:B8:0A:AA:2C:8C,LAB_DIGITAL,37,1006.194352388382,B2-01,1,3
1505,54:B8:0A:AA:2C:8D,PCS-Wireless,34,1006.194352388382,B2-01,1,3
1506,54:F0:B1:A1:18:C3,MEZANINO,10,1006.194352388382,B2-01,1,3
1507,54:F0:B1:A1:18:C4,GDLAB,12,1006.194352388382,B2-01,1,3
1508,54:F0:B1:A1:18:C5,LABPAD,10,1006.194352388382,B2-01,1,3
1509,54:F0:B1:A1:18:D0,eduroam,30,1006.194352388382,B2-01,1,3
1510,54:F0:B1:A1:18:D1,PoliSemFio,27,1006.194352388382,B2-01,1,3
1511,54:F0:B1:A1:18:D3,MEZANINO,30,1006.194352388382,B2-01,1,3
1512,54:F0:B1:A1:18:D4,GDLAB,29,1006.194352388382,B2-01,1,3
1513,54:F0:B1:A1:57:F0,eduroam,20,1006.194352388382,B2-01,1,3
1514,54:F0:B1:A1:57:F1,PoliSemFio,20,1006.194352388382,B2-01,1,3
1515,54:F0:B1:A1:58:00,eduroam,39,1006.194352388382,B2-01,1,3
1516,54:F0:B1:A1:58:01,PoliSemFio,47,1006.194352388382,B2-01,1,3
1517,54:F0:B1:A1:58:02,,49,1006.194352388382,B2-01,1,3
1518,54:F0:B1:A1:E5:01,PoliSemFio,27,1006.194352388382,B2-01,1,3
1519,54:F0:B1:A1:E5:02,,27,1006.194352388382,B2-01,1,3
1520,54:F0:B1:A2:56:70,eduroam,24,1006.194352388382,B2-01,1,3
1521,54:F0:B1:A2:56:71,PoliSemFio,30,1006.194352388382,B2-01,1,3
1522,54:F0:B1:A2:56:72,,32,1006.194352388382,B2-01,1,3
1523,54:F0:B1:A2:57:30,eduroam,19,1006.194352388382,B2-01,1,3
1524,54:F0:B1:A2:57:31,PoliSemFio,19,1006.194352388382,B2-01,1,3
1525,54:F0:B1:A2:57:32,,22,1006.194352388382,B2-01,1,3
1526,54:F0:B1:A2:57:33,LCA,17,1006.194352388382,B2-01,1,3
1527,54:F0:B1:BB:5A:80,eduroam,37,1006.194352388382,B2-01,1,3
1528,54:F0:B1:BB:5A:81,PoliSemFio,34,1006.194352388382,B2-01,1,3
1529,54:F0:B1:BB:5A:82,HACKER,30,1006.194352388382,B2-01,1,3
1530,54:F0:B1:BB:5A:83,LEP,30,1006.194352388382,B2-01,1,3
1531,54:F0:B1:BB:5A:84,,44,1006.194352388382,B2-01,1,3
1532,54:F0:B1:BB:5A:A3,LEP,14,1006.194352388382,B2-01,1,3
1533,54:F0:B1:BB:84:B0,eduroam,10,1006.194352388382,B2-01,1,3
1534,54:F0:B1:BB:BE:11,PoliSemFio,25,1006.194352388382,B2-01,1,3
1535,54:F0:B1:BB:BE:12,,29,1006.194352388382,B2-01,1,3
1536,54:F0:B1:BB:C4:D0,eduroam,84,1006.194352388382,B2-01,1,3
1537,54:F0:B1:BB:C4:D1,PoliSemFio,85,1006.194352388382,B2-01,1,3
1538,54:F0:B1:BB:C4:D2,,85,1006.194352388382,B2-01,1,3
1539,54:F0:B1:BB:C4:F0,eduroam,52,1006.194352388382,B2-01,1,3
1540,54:F0:B1:BB:C4:F1,PoliSemFio,52,1006.194352388382,B2-01,1,3
1541,54:F0:B1:BB:C5:C0,eduroam,10,1006.194352388382,B2-01,1,3
1542,54:F0:B1:BB:F3:20,eduroam,29,1006.194352388382,B2-01,1,3
1543,54:F0:B1:BB:F3:21,PoliSemFio,25,1006.194352388382,B2-01,1,3
1544,54:F0:B1:BC:09:40,eduroam,89,1006.194352388382,B2-01,1,3
1545,54:F0:B1:BC:09:41,PoliSemFio,80,1006.194352388382,B2-01,1,3
1546,54:F0:B1:BC:09:42,,82,1006.194352388382,B2-01,1,3
1547,54:F0:B1:BC:09:60,eduroam,60,1006.194352388382,B2-01,1,3
1548,54:F0:B1:BC:09:61,PoliSemFio,60,1006.194352388382,B2-01,1,3
1549,54:F0:B1:BC:1B:D0,eduroam,59,1006.194352388382,B2-01,1,3
1550,54:F0:B1:BC:1B:D1,PoliSemFio,60,1006.194352388382,B2-01,1,3
1551,54:F0:B1:BC:1B:F0,eduroam,25,1006.194352388382,B2-01,1,3
1552,54:F0:B1:BC:1B:F1,PoliSemFio,25,1006.194352388382,B2-01,1,3
1553,54:F0:B1:BC:2E:90,eduroam,54,1006.194352388382,B2-01,1,3
1554,54:F0:B1:BC:2E:91,PoliSemFio,55,1006.194352388382,B2-01,1,3
1555,54:F0:B1:BC:2E:92,,42,1006.194352388382,B2-01,1,3
1556,54:F0:B1:BC:2E:B0,eduroam,29,1006.194352388382,B2-01,1,3
1557,54:F0:B1:BC:2E:B1,PoliSemFio,29,1006.194352388382,B2-01,1,3
1558,54:F0:B1:BC:2F:50,eduroam,14,1006.194352388382,B2-01,1,3
1559,54:F0:B1:BC:36:11,eduroam,14,1006.194352388382,B2-01,1,3
1560,54:F0:B1:BC:3F:10,eduroam,24,1006.194352388382,B2-01,1,3
1561,54:F0:B1:BC:3F:11,PoliSemFio,32,1006.194352388382,B2-01,1,3
1562,54:F0:B1:BC:70:00,eduroam,44,1006.194352388382,B2-01,1,3
1563,54:F0:B1:BC:70:01,PoliSemFio,47,1006.194352388382,B2-01,1,3
1564,54:F0:B1:BC:70:20,eduroam,20,1006.194352388382,B2-01,1,3
1565,54:F0:B1:BC:70:21,PoliSemFio,22,1006.194352388382,B2-01,1,3
1566,54:F0:B1:BC:77:80,eduroam,39,1006.194352388382,B2-01,1,3
1567,54:F0:B1:BC:77:81,PoliSemFio,45,1006.194352388382,B2-01,1,3
1568,54:F0:B1:BC:77:82,,42,1006.194352388382,B2-01,1,3
1569,54:F0:B1:BC:77:A0,eduroam,32,1006.194352388382,B2-01,1,3
1570,54:F0:B1:BC:77:A1,PoliSemFio,32,1006.194352388382,B2-01,1,3
1571,68:FF:7B:47:78:BE,C1-22M,19,1006.194352388382,B2-01,1,3
1572,70:62:B8:6E:72:A0,PCS-wireless-C1-13,44,1006.194352388382,B2-01,1,3
1573,70:62:B8:6E:72:A1,PPGEE,42,1006.194352388382,B2-01,1,3
1574,84:D4:7E:06:4F:E0,eduroam,49,1006.194352388382,B2-01,1,3
1575,84:D4:7E:06:4F:E1,PoliSemFio,49,1006.194352388382,B2-01,1,3
1576,84:D4:7E:06:4F:E2,,47,1006.194352388382,B2-01,1,3
1577,84:D4:7E:06:4F:F0,eduroam,12,1006.194352388382,B2-01,1,3
1578,84:D4:7E:06:4F:F1,PoliSemFio,12,1006.194352388382,B2-01,1,3
1579,DC:9F:DB:1C:1F:D7,LWN-3,20,1006.194352388382,B2-01,1,3
1580,DC:9F:DB:1C:1F:E0,LWN-3,34,1006.194352388382,B2-01,1,3
1581,EE:9F:DB:1C:1F:D7,,20,1006.194352388382,B2-01,1,3
1582,EE:9F:DB:1C:1F:E0,,32,1006.194352388382,B2-01,1,3
1583,F8:1A:67:99:55:8E,NUCLEAR_CHF,24,1006.194352388382,B2-01,1,3
1584,FE:9F:DB:1C:1F:E0,,34,1006.194352388382,B2-01,1,3
1585,00:18:E7:FF:8C:98,dlink,24,1012.4559750556946,B2-01,1,3
1586,00:21:91:70:9D:EC,LAB-DIDATICO,29,1012.4559750556946,B2-01,1,3
1587,34:60:F9:A3:D9:14,GASWIFI-2G_C2,29,1012.4559750556946,B2-01,1,3
1588,34:60:F9:A3:E7:3F,GASWIFI_C4,25,1012.4559750556946,B2-01,1,3
1589,34:CE:00:51:3E:6F,Lab,64,1012.4559750556946,B2-01,1,3
1590,34:CE:00:51:3E:70,Lab_5G,12,1012.4559750556946,B2-01,1,3
1591,54:B8:0A:AA:2C:8C,LAB_DIGITAL,34,1012.4559750556946,B2-01,1,3
1592,54:B8:0A:AA:2C:8D,PCS-Wireless,34,1012.4559750556946,B2-01,1,3
1593,54:F0:B1:A1:18:C3,MEZANINO,10,1012.4559750556946,B2-01,1,3
1594,54:F0:B1:A1:18:C4,GDLAB,12,1012.4559750556946,B2-01,1,3
1595,54:F0:B1:A1:18:C5,LABPAD,10,1012.4559750556946,B2-01,1,3
1596,54:F0:B1:A1:18:D0,eduroam,30,1012.4559750556946,B2-01,1,3
1597,54:F0:B1:A1:18:D1,PoliSemFio,27,1012.4559750556946,B2-01,1,3
1598,54:F0:B1:A1:18:D3,MEZANINO,30,1012.4559750556946,B2-01,1,3
1599,54:F0:B1:A1:18:D4,GDLAB,29,1012.4559750556946,B2-01,1,3
1600,54:F0:B1:A1:18:D5,LABPAD,32,1012.4559750556946,B2-01,1,3
1601,54:F0:B1:A1:57:F0,eduroam,17,1012.4559750556946,B2-01,1,3
1602,54:F0:B1:A1:57:F1,PoliSemFio,17,1012.4559750556946,B2-01,1,3
1603,54:F0:B1:A1:58:00,eduroam,47,1012.4559750556946,B2-01,1,3
1604,54:F0:B1:A1:58:01,PoliSemFio,50,1012.4559750556946,B2-01,1,3
1605,54:F0:B1:A1:58:02,,50,1012.4559750556946,B2-01,1,3
1606,54:F0:B1:A1:E5:01,PoliSemFio,27,1012.4559750556946,B2-01,1,3
1607,54:F0:B1:A1:E5:02,,27,1012.4559750556946,B2-01,1,3
1608,54:F0:B1:A2:37:E0,eduroam,14,1012.4559750556946,B2-01,1,3
1609,54:F0:B1:A2:56:70,eduroam,25,1012.4559750556946,B2-01,1,3
1610,54:F0:B1:A2:56:71,PoliSemFio,30,1012.4559750556946,B2-01,1,3
1611,54:F0:B1:A2:56:72,,32,1012.4559750556946,B2-01,1,3
1612,54:F0:B1:A2:57:30,eduroam,27,1012.4559750556946,B2-01,1,3
1613,54:F0:B1:A2:57:31,PoliSemFio,19,1012.4559750556946,B2-01,1,3
1614,54:F0:B1:A2:57:32,,22,1012.4559750556946,B2-01,1,3
1615,54:F0:B1:A2:57:33,LCA,17,1012.4559750556946,B2-01,1,3
1616,54:F0:B1:BB:5A:80,eduroam,37,1012.4559750556946,B2-01,1,3
1617,54:F0:B1:BB:5A:81,PoliSemFio,34,1012.4559750556946,B2-01,1,3
1618,54:F0:B1:BB:5A:82,HACKER,30,1012.4559750556946,B2-01,1,3
1619,54:F0:B1:BB:5A:83,LEP,30,1012.4559750556946,B2-01,1,3
1620,54:F0:B1:BB:5A:84,,44,1012.4559750556946,B2-01,1,3
1621,54:F0:B1:BB:84:B0,eduroam,10,1012.4559750556946,B2-01,1,3
1622,54:F0:B1:BB:92:E0,eduroam,12,1012.4559750556946,B2-01,1,3
1623,54:F0:B1:BB:BE:11,PoliSemFio,25,1012.4559750556946,B2-01,1,3
1624,54:F0:B1:BB:BE:12,,27,1012.4559750556946,B2-01,1,3
1625,54:F0:B1:BB:BE:13,CAEEL,15,1012.4559750556946,B2-01,1,3
1626,54:F0:B1:BB:C4:D0,eduroam,74,1012.4559750556946,B2-01,1,3
1627,54:F0:B1:BB:C4:D1,PoliSemFio,74,1012.4559750556946,B2-01,1,3
1628,54:F0:B1:BB:C4:D2,,85,1012.4559750556946,B2-01,1,3
1629,54:F0:B1:BB:C4:F0,eduroam,40,1012.4559750556946,B2-01,1,3
1630,54:F0:B1:BB:C4:F1,PoliSemFio,40,1012.4559750556946,B2-01,1,3
1631,54:F0:B1:BB:C5:C0,eduroam,10,1012.4559750556946,B2-01,1,3
1632,54:F0:B1:BB:F3:20,eduroam,29,1012.4559750556946,B2-01,1,3
1633,54:F0:B1:BB:F3:21,PoliSemFio,25,1012.4559750556946,B2-01,1,3
1634,54:F0:B1:BB:F3:22,,27,1012.4559750556946,B2-01,1,3
1635,54:F0:B1:BC:09:40,eduroam,99,1012.4559750556946,B2-01,1,3
1636,54:F0:B1:BC:09:41,PoliSemFio,92,1012.4559750556946,B2-01,1,3
1637,54:F0:B1:BC:09:42,,92,1012.4559750556946,B2-01,1,3
1638,54:F0:B1:BC:09:60,eduroam,80,1012.4559750556946,B2-01,1,3
1639,54:F0:B1:BC:09:61,PoliSemFio,80,1012.4559750556946,B2-01,1,3
1640,54:F0:B1:BC:1B:D0,eduroam,57,1012.4559750556946,B2-01,1,3
1641,54:F0:B1:BC:1B:D1,PoliSemFio,80,1012.4559750556946,B2-01,1,3
1642,54:F0:B1:BC:1B:D2,,82,1012.4559750556946,B2-01,1,3
1643,54:F0:B1:BC:1B:F0,eduroam,32,1012.4559750556946,B2-01,1,3
1644,54:F0:B1:BC:1B:F1,PoliSemFio,32,1012.4559750556946,B2-01,1,3
1645,54:F0:B1:BC:2E:90,eduroam,64,1012.4559750556946,B2-01,1,3
1646,54:F0:B1:BC:2E:91,PoliSemFio,65,1012.4559750556946,B2-01,1,3
1647,54:F0:B1:BC:2E:92,,67,1012.4559750556946,B2-01,1,3
1648,54:F0:B1:BC:2E:B0,eduroam,32,1012.4559750556946,B2-01,1,3
1649,54:F0:B1:BC:2E:B1,PoliSemFio,32,1012.4559750556946,B2-01,1,3
1650,54:F0:B1:BC:2F:50,eduroam,14,1012.4559750556946,B2-01,1,3
1651,54:F0:B1:BC:2F:51,PoliSemFio,19,1012.4559750556946,B2-01,1,3
1652,54:F0:B1:BC:36:11,eduroam,14,1012.4559750556946,B2-01,1,3
1653,54:F0:B1:BC:3F:10,eduroam,24,1012.4559750556946,B2-01,1,3
1654,54:F0:B1:BC:3F:11,PoliSemFio,32,1012.4559750556946,B2-01,1,3
1655,54:F0:B1:BC:3F:12,,40,1012.4559750556946,B2-01,1,3
1656,54:F0:B1:BC:70:00,eduroam,54,1012.4559750556946,B2-01,1,3
1657,54:F0:B1:BC:70:01,PoliSemFio,50,1012.4559750556946,B2-01,1,3
1658,54:F0:B1:BC:70:20,eduroam,24,1012.4559750556946,B2-01,1,3
1659,54:F0:B1:BC:70:21,PoliSemFio,25,1012.4559750556946,B2-01,1,3
1660,54:F0:B1:BC:77:80,eduroam,39,1012.4559750556946,B2-01,1,3
1661,54:F0:B1:BC:77:81,PoliSemFio,45,1012.4559750556946,B2-01,1,3
1662,54:F0:B1:BC:77:82,,42,1012.4559750556946,B2-01,1,3
1663,54:F0:B1:BC:77:A0,eduroam,17,1012.4559750556946,B2-01,1,3
1664,54:F0:B1:BC:77:A1,PoliSemFio,19,1012.4559750556946,B2-01,1,3
1665,54:F0:B1:BC:77:A2,,20,1012.4559750556946,B2-01,1,3
1666,56:60:F9:A3:E7:3F,,25,1012.4559750556946,B2-01,1,3
1667,68:FF:7B:47:78:BE,C1-22M,42,1012.4559750556946,B2-01,1,3
1668,70:62:B8:6E:72:A0,PCS-wireless-C1-13,30,1012.4559750556946,B2-01,1,3
1669,70:62:B8:6E:72:A1,PPGEE,30,1012.4559750556946,B2-01,1,3
1670,84:D4:7E:06:4F:E0,eduroam,49,1012.4559750556946,B2-01,1,3
1671,84:D4:7E:06:4F:E1,PoliSemFio,49,1012.4559750556946,B2-01,1,3
1672,84:D4:7E:06:4F:F0,eduroam,15,1012.4559750556946,B2-01,1,3
1673,84:D4:7E:06:4F:F1,PoliSemFio,12,1012.4559750556946,B2-01,1,3
1674,DC:9F:DB:1C:1F:D7,LWN-3,20,1012.4559750556946,B2-01,1,3
1675,DC:9F:DB:1C:1F:E0,LWN-3,34,1012.4559750556946,B2-01,1,3
1676,EE:9F:DB:1C:1F:D7,,20,1012.4559750556946,B2-01,1,3
1677,EE:9F:DB:1C:1F:E0,,30,1012.4559750556946,B2-01,1,3
1678,F8:1A:67:99:55:8E,NUCLEAR_CHF,34,1012.4559750556946,B2-01,1,3
1679,FE:9F:DB:1C:1F:E0,,34,1012.4559750556946,B2-01,1,3
