,ap_mac,ap_name,rssi,timestamp,room,door_status,room_part
0,30:85:A9:69:F2:E4,PCS-Wireless-C2-22,32,467.09991121292114,B2-01,0,5
1,34:60:F9:A3:D9:13,GASWIFI-5G_C2,19,467.09991121292114,B2-01,0,5
2,34:60:F9:A3:D9:14,GASWIFI-2G_C2,42,467.09991121292114,B2-01,0,5
3,34:CE:00:51:3E:6F,Lab,62,467.09991121292114,B2-01,0,5
4,34:CE:00:51:3E:70,Lab_5G,30,467.09991121292114,B2-01,0,5
5,3A:60:F9:A3:D9:13,,19,467.09991121292114,B2-01,0,5
6,3A:60:F9:A3:D9:14,,22,467.09991121292114,B2-01,0,5
7,44:D2:44:DC:2E:01,PROJETOR_B2-06-EC89sIpciG1AUef,39,467.09991121292114,B2-01,0,5
8,54:B8:0A:AA:2C:8C,LAB_DIGITAL,22,467.09991121292114,B2-01,0,5
9,54:B8:0A:AA:2C:8D,PCS-Wireless,19,467.09991121292114,B2-01,0,5
10,54:F0:B1:A1:18:C0,eduroam,15,467.09991121292114,B2-01,0,5
11,54:F0:B1:A1:18:C1,PoliSemFio,15,467.09991121292114,B2-01,0,5
12,54:F0:B1:A1:18:C3,MEZANINO,15,467.09991121292114,B2-01,0,5
13,54:F0:B1:A1:18:C4,GDLAB,15,467.09991121292114,B2-01,0,5
14,54:F0:B1:A1:18:C5,LABPAD,15,467.09991121292114,B2-01,0,5
15,54:F0:B1:A1:18:D0,eduroam,15,467.09991121292114,B2-01,0,5
16,54:F0:B1:A1:18:D1,PoliSemFio,29,467.09991121292114,B2-01,0,5
17,54:F0:B1:A1:18:D2,,29,467.09991121292114,B2-01,0,5
18,54:F0:B1:A1:18:D3,MEZANINO,32,467.09991121292114,B2-01,0,5
19,54:F0:B1:A1:18:D4,GDLAB,12,467.09991121292114,B2-01,0,5
20,54:F0:B1:A1:18:D5,LABPAD,20,467.09991121292114,B2-01,0,5
21,54:F0:B1:A1:57:F0,eduroam,12,467.09991121292114,B2-01,0,5
22,54:F0:B1:A1:58:00,eduroam,29,467.09991121292114,B2-01,0,5
23,54:F0:B1:A1:58:01,PoliSemFio,25,467.09991121292114,B2-01,0,5
24,54:F0:B1:A1:58:02,,34,467.09991121292114,B2-01,0,5
25,54:F0:B1:A1:E5:00,eduroam,15,467.09991121292114,B2-01,0,5
26,54:F0:B1:A2:37:E0,eduroam,15,467.09991121292114,B2-01,0,5
27,54:F0:B1:A2:56:70,eduroam,19,467.09991121292114,B2-01,0,5
28,54:F0:B1:A2:57:30,eduroam,27,467.09991121292114,B2-01,0,5
29,54:F0:B1:A2:57:31,PoliSemFio,25,467.09991121292114,B2-01,0,5
30,54:F0:B1:A2:57:32,,25,467.09991121292114,B2-01,0,5
31,54:F0:B1:A2:57:33,LCA,22,467.09991121292114,B2-01,0,5
32,54:F0:B1:BB:5A:80,eduroam,27,467.09991121292114,B2-01,0,5
33,54:F0:B1:BB:5A:83,LEP,25,467.09991121292114,B2-01,0,5
34,54:F0:B1:BB:5A:84,,30,467.09991121292114,B2-01,0,5
35,54:F0:B1:BB:BE:13,CAEEL,12,467.09991121292114,B2-01,0,5
36,54:F0:B1:BB:C4:D0,eduroam,45,467.09991121292114,B2-01,0,5
37,54:F0:B1:BB:C4:D1,PoliSemFio,62,467.09991121292114,B2-01,0,5
38,54:F0:B1:BB:C4:D2,,49,467.09991121292114,B2-01,0,5
39,54:F0:B1:BB:C4:F0,eduroam,25,467.09991121292114,B2-01,0,5
40,54:F0:B1:BB:C4:F1,PoliSemFio,25,467.09991121292114,B2-01,0,5
41,54:F0:B1:BB:C4:F2,,32,467.09991121292114,B2-01,0,5
42,54:F0:B1:BB:F3:20,eduroam,22,467.09991121292114,B2-01,0,5
43,54:F0:B1:BB:FD:D0,eduroam,22,467.09991121292114,B2-01,0,5
44,54:F0:B1:BC:09:40,eduroam,77,467.09991121292114,B2-01,0,5
45,54:F0:B1:BC:09:41,PoliSemFio,99,467.09991121292114,B2-01,0,5
46,54:F0:B1:BC:09:42,,99,467.09991121292114,B2-01,0,5
47,54:F0:B1:BC:09:60,eduroam,68,467.09991121292114,B2-01,0,5
48,54:F0:B1:BC:09:61,PoliSemFio,89,467.09991121292114,B2-01,0,5
49,54:F0:B1:BC:1B:D0,eduroam,49,467.09991121292114,B2-01,0,5
50,54:F0:B1:BC:1B:D1,PoliSemFio,47,467.09991121292114,B2-01,0,5
51,54:F0:B1:BC:1B:D2,,47,467.09991121292114,B2-01,0,5
52,54:F0:B1:BC:1B:F0,eduroam,24,467.09991121292114,B2-01,0,5
53,54:F0:B1:BC:1B:F1,PoliSemFio,24,467.09991121292114,B2-01,0,5
54,54:F0:B1:BC:1B:F2,,19,467.09991121292114,B2-01,0,5
55,54:F0:B1:BC:2E:90,eduroam,50,467.09991121292114,B2-01,0,5
56,54:F0:B1:BC:2E:91,PoliSemFio,62,467.09991121292114,B2-01,0,5
57,54:F0:B1:BC:2E:B0,eduroam,35,467.09991121292114,B2-01,0,5
58,54:F0:B1:BC:2E:B1,PoliSemFio,35,467.09991121292114,B2-01,0,5
59,54:F0:B1:BC:36:11,eduroam,22,467.09991121292114,B2-01,0,5
60,54:F0:B1:BC:3F:10,eduroam,34,467.09991121292114,B2-01,0,5
61,54:F0:B1:BC:65:B0,eduroam,19,467.09991121292114,B2-01,0,5
62,54:F0:B1:BC:65:B2,,20,467.09991121292114,B2-01,0,5
63,54:F0:B1:BC:70:00,eduroam,24,467.09991121292114,B2-01,0,5
64,54:F0:B1:BC:70:02,,32,467.09991121292114,B2-01,0,5
65,54:F0:B1:BC:77:80,eduroam,44,467.09991121292114,B2-01,0,5
66,54:F0:B1:BC:77:81,PoliSemFio,40,467.09991121292114,B2-01,0,5
67,54:F0:B1:BC:77:82,,37,467.09991121292114,B2-01,0,5
68,54:F0:B1:BC:77:A0,eduroam,19,467.09991121292114,B2-01,0,5
69,54:F0:B1:BC:77:A1,PoliSemFio,20,467.09991121292114,B2-01,0,5
70,54:F0:B1:BC:77:A2,,19,467.09991121292114,B2-01,0,5
71,56:60:F9:A3:E7:3F,,19,467.09991121292114,B2-01,0,5
72,68:FF:7B:47:78:BE,C1-22M,9,467.09991121292114,B2-01,0,5
73,70:62:B8:6E:72:A0,PCS-wireless-C1-13,29,467.09991121292114,B2-01,0,5
74,70:62:B8:6E:72:A1,PPGEE,34,467.09991121292114,B2-01,0,5
75,84:D4:7E:06:4F:E0,eduroam,49,467.09991121292114,B2-01,0,5
76,84:D4:7E:06:4F:E1,PoliSemFio,57,467.09991121292114,B2-01,0,5
77,84:D4:7E:06:4F:E2,,52,467.09991121292114,B2-01,0,5
78,84:D4:7E:06:4F:F0,eduroam,20,467.09991121292114,B2-01,0,5
79,84:D4:7E:06:4F:F1,PoliSemFio,22,467.09991121292114,B2-01,0,5
80,B0:4E:26:4B:84:C2,C2-01,19,467.09991121292114,B2-01,0,5
81,DC:9F:DB:1C:1F:D7,LWN-3,20,467.09991121292114,B2-01,0,5
82,DC:9F:DB:1C:1F:E0,LWN-3,30,467.09991121292114,B2-01,0,5
83,DE:9F:DB:1C:1F:E0,LARC Guest,29,467.09991121292114,B2-01,0,5
84,EE:9F:DB:1C:1F:D7,,20,467.09991121292114,B2-01,0,5
85,EE:9F:DB:1C:1F:E0,,27,467.09991121292114,B2-01,0,5
86,F8:1A:67:99:55:8E,NUCLEAR_CHF,19,467.09991121292114,B2-01,0,5
87,FE:9F:DB:1C:1F:E0,,27,467.09991121292114,B2-01,0,5
88,00:21:91:70:9D:EC,LAB-DIDATICO,34,469.72978019714355,B2-01,0,5
89,2A:56:5A:49:06:54,DIRECT-54-HP M132f LaserJet,19,469.72978019714355,B2-01,0,5
90,30:85:A9:69:F2:E4,PCS-Wireless-C2-22,44,469.72978019714355,B2-01,0,5
91,34:60:F9:A3:D9:13,GASWIFI-5G_C2,19,469.72978019714355,B2-01,0,5
92,34:60:F9:A3:D9:14,GASWIFI-2G_C2,42,469.72978019714355,B2-01,0,5
93,34:CE:00:51:3E:6F,Lab,32,469.72978019714355,B2-01,0,5
94,34:CE:00:51:3E:70,Lab_5G,14,469.72978019714355,B2-01,0,5
95,3A:60:F9:A3:D9:13,,19,469.72978019714355,B2-01,0,5
96,3A:60:F9:A3:D9:14,,22,469.72978019714355,B2-01,0,5
97,44:D2:44:DC:2E:01,PROJETOR_B2-06-EC89sIpciG1AUef,34,469.72978019714355,B2-01,0,5
98,54:B8:0A:AA:2C:8C,LAB_DIGITAL,47,469.72978019714355,B2-01,0,5
99,54:B8:0A:AA:2C:8D,PCS-Wireless,50,469.72978019714355,B2-01,0,5
100,54:B8:0A:AA:2C:8E,LAB_DIGITAL-5GHz,12,469.72978019714355,B2-01,0,5
101,54:B8:0A:AA:2C:8F,PCS-Wireless-5GHz,10,469.72978019714355,B2-01,0,5
102,54:F0:B1:A1:18:C0,eduroam,42,469.72978019714355,B2-01,0,5
103,54:F0:B1:A1:18:C1,PoliSemFio,42,469.72978019714355,B2-01,0,5
104,54:F0:B1:A1:18:C3,MEZANINO,44,469.72978019714355,B2-01,0,5
105,54:F0:B1:A1:18:C4,GDLAB,44,469.72978019714355,B2-01,0,5
106,54:F0:B1:A1:18:C5,LABPAD,44,469.72978019714355,B2-01,0,5
107,54:F0:B1:A1:18:D0,eduroam,60,469.72978019714355,B2-01,0,5
108,54:F0:B1:A1:18:D1,PoliSemFio,60,469.72978019714355,B2-01,0,5
109,54:F0:B1:A1:18:D2,,59,469.72978019714355,B2-01,0,5
110,54:F0:B1:A1:18:D3,MEZANINO,59,469.72978019714355,B2-01,0,5
111,54:F0:B1:A1:18:D4,GDLAB,12,469.72978019714355,B2-01,0,5
112,54:F0:B1:A1:18:D5,LABPAD,62,469.72978019714355,B2-01,0,5
113,54:F0:B1:A1:57:F0,eduroam,12,469.72978019714355,B2-01,0,5
114,54:F0:B1:A1:58:00,eduroam,29,469.72978019714355,B2-01,0,5
115,54:F0:B1:A1:58:01,PoliSemFio,25,469.72978019714355,B2-01,0,5
116,54:F0:B1:A1:58:02,,34,469.72978019714355,B2-01,0,5
117,54:F0:B1:A1:E4:F0,eduroam,20,469.72978019714355,B2-01,0,5
118,54:F0:B1:A1:E4:F1,PoliSemFio,19,469.72978019714355,B2-01,0,5
119,54:F0:B1:A1:E4:F2,,17,469.72978019714355,B2-01,0,5
120,54:F0:B1:A1:E5:00,eduroam,15,469.72978019714355,B2-01,0,5
121,54:F0:B1:A2:37:E0,eduroam,29,469.72978019714355,B2-01,0,5
122,54:F0:B1:A2:37:E1,PoliSemFio,30,469.72978019714355,B2-01,0,5
123,54:F0:B1:A2:37:E2,,32,469.72978019714355,B2-01,0,5
124,54:F0:B1:A2:56:70,eduroam,19,469.72978019714355,B2-01,0,5
125,54:F0:B1:A2:57:20,eduroam,20,469.72978019714355,B2-01,0,5
126,54:F0:B1:A2:57:21,PoliSemFio,17,469.72978019714355,B2-01,0,5
127,54:F0:B1:A2:57:23,LCA,17,469.72978019714355,B2-01,0,5
128,54:F0:B1:A2:57:30,eduroam,37,469.72978019714355,B2-01,0,5
129,54:F0:B1:A2:57:31,PoliSemFio,25,469.72978019714355,B2-01,0,5
130,54:F0:B1:A2:57:32,,25,469.72978019714355,B2-01,0,5
131,54:F0:B1:A2:57:33,LCA,39,469.72978019714355,B2-01,0,5
132,54:F0:B1:BB:5A:80,eduroam,27,469.72978019714355,B2-01,0,5
133,54:F0:B1:BB:5A:83,LEP,25,469.72978019714355,B2-01,0,5
134,54:F0:B1:BB:5A:84,,30,469.72978019714355,B2-01,0,5
135,54:F0:B1:BB:7E:E0,eduroam,32,469.72978019714355,B2-01,0,5
136,54:F0:B1:BB:92:C2,,34,469.72978019714355,B2-01,0,5
137,54:F0:B1:BB:92:E0,eduroam,10,469.72978019714355,B2-01,0,5
138,54:F0:B1:BB:92:E1,PoliSemFio,12,469.72978019714355,B2-01,0,5
139,54:F0:B1:BB:92:E2,,10,469.72978019714355,B2-01,0,5
140,54:F0:B1:BB:BE:13,CAEEL,12,469.72978019714355,B2-01,0,5
141,54:F0:B1:BB:C4:D0,eduroam,45,469.72978019714355,B2-01,0,5
142,54:F0:B1:BB:C4:D1,PoliSemFio,62,469.72978019714355,B2-01,0,5
143,54:F0:B1:BB:C4:D2,,49,469.72978019714355,B2-01,0,5
144,54:F0:B1:BB:C4:F0,eduroam,34,469.72978019714355,B2-01,0,5
145,54:F0:B1:BB:C4:F1,PoliSemFio,32,469.72978019714355,B2-01,0,5
146,54:F0:B1:BB:C4:F2,,32,469.72978019714355,B2-01,0,5
147,54:F0:B1:BB:C5:E5,LABPAD,4,469.72978019714355,B2-01,0,5
148,54:F0:B1:BB:CC:E0,B209,17,469.72978019714355,B2-01,0,5
149,54:F0:B1:BB:F3:20,eduroam,22,469.72978019714355,B2-01,0,5
150,54:F0:B1:BB:FD:D0,eduroam,22,469.72978019714355,B2-01,0,5
151,54:F0:B1:BC:09:40,eduroam,87,469.72978019714355,B2-01,0,5
152,54:F0:B1:BC:09:41,PoliSemFio,82,469.72978019714355,B2-01,0,5
153,54:F0:B1:BC:09:42,,99,469.72978019714355,B2-01,0,5
154,54:F0:B1:BC:09:60,eduroam,72,469.72978019714355,B2-01,0,5
155,54:F0:B1:BC:09:61,PoliSemFio,70,469.72978019714355,B2-01,0,5
156,54:F0:B1:BC:1B:D0,eduroam,49,469.72978019714355,B2-01,0,5
157,54:F0:B1:BC:1B:D1,PoliSemFio,47,469.72978019714355,B2-01,0,5
158,54:F0:B1:BC:1B:D2,,47,469.72978019714355,B2-01,0,5
159,54:F0:B1:BC:1B:F0,eduroam,24,469.72978019714355,B2-01,0,5
160,54:F0:B1:BC:1B:F1,PoliSemFio,24,469.72978019714355,B2-01,0,5
161,54:F0:B1:BC:1B:F2,,19,469.72978019714355,B2-01,0,5
162,54:F0:B1:BC:2E:90,eduroam,50,469.72978019714355,B2-01,0,5
163,54:F0:B1:BC:2E:91,PoliSemFio,62,469.72978019714355,B2-01,0,5
164,54:F0:B1:BC:2E:B0,eduroam,19,469.72978019714355,B2-01,0,5
165,54:F0:B1:BC:2E:B1,PoliSemFio,19,469.72978019714355,B2-01,0,5
166,54:F0:B1:BC:36:11,eduroam,22,469.72978019714355,B2-01,0,5
167,54:F0:B1:BC:3F:10,eduroam,34,469.72978019714355,B2-01,0,5
168,54:F0:B1:BC:65:B0,eduroam,39,469.72978019714355,B2-01,0,5
169,54:F0:B1:BC:65:B1,PoliSemFio,45,469.72978019714355,B2-01,0,5
170,54:F0:B1:BC:65:B2,,45,469.72978019714355,B2-01,0,5
171,54:F0:B1:BC:6F:70,eduroam,20,469.72978019714355,B2-01,0,5
172,54:F0:B1:BC:70:00,eduroam,27,469.72978019714355,B2-01,0,5
173,54:F0:B1:BC:70:01,PoliSemFio,32,469.72978019714355,B2-01,0,5
174,54:F0:B1:BC:70:02,,34,469.72978019714355,B2-01,0,5
175,54:F0:B1:BC:70:20,eduroam,17,469.72978019714355,B2-01,0,5
176,54:F0:B1:BC:70:21,PoliSemFio,15,469.72978019714355,B2-01,0,5
177,54:F0:B1:BC:70:22,,15,469.72978019714355,B2-01,0,5
178,54:F0:B1:BC:77:80,eduroam,69,469.72978019714355,B2-01,0,5
179,54:F0:B1:BC:77:81,PoliSemFio,40,469.72978019714355,B2-01,0,5
180,54:F0:B1:BC:77:82,,37,469.72978019714355,B2-01,0,5
181,54:F0:B1:BC:77:A0,eduroam,35,469.72978019714355,B2-01,0,5
182,54:F0:B1:BC:77:A1,PoliSemFio,35,469.72978019714355,B2-01,0,5
183,54:F0:B1:BC:77:A2,,19,469.72978019714355,B2-01,0,5
184,54:F0:B1:BC:7C:B0,eduroam,24,469.72978019714355,B2-01,0,5
185,54:F0:B1:BC:7C:B1,PoliSemFio,24,469.72978019714355,B2-01,0,5
186,54:F0:B1:BC:8F:20,eduroam,25,469.72978019714355,B2-01,0,5
187,56:60:F9:A3:E7:3F,,19,469.72978019714355,B2-01,0,5
188,68:FF:7B:47:78:BD,C1-22M-5G,15,469.72978019714355,B2-01,0,5
189,68:FF:7B:47:78:BE,C1-22M,9,469.72978019714355,B2-01,0,5
190,70:62:B8:6E:72:A0,PCS-wireless-C1-13,47,469.72978019714355,B2-01,0,5
191,70:62:B8:6E:72:A1,PPGEE,34,469.72978019714355,B2-01,0,5
192,84:D4:7E:06:4F:E0,eduroam,49,469.72978019714355,B2-01,0,5
193,84:D4:7E:06:4F:E1,PoliSemFio,75,469.72978019714355,B2-01,0,5
194,84:D4:7E:06:4F:E2,,75,469.72978019714355,B2-01,0,5
195,84:D4:7E:06:4F:F0,eduroam,37,469.72978019714355,B2-01,0,5
196,84:D4:7E:06:4F:F1,PoliSemFio,35,469.72978019714355,B2-01,0,5
197,AA:6B:AD:82:46:CC,DIRECT-cc-HP M132f LaserJet,22,469.72978019714355,B2-01,0,5
198,B0:4E:26:4B:84:C2,C2-01,19,469.72978019714355,B2-01,0,5
199,DC:9F:DB:1C:1F:D7,LWN-3,20,469.72978019714355,B2-01,0,5
200,DC:9F:DB:1C:1F:E0,LWN-3,30,469.72978019714355,B2-01,0,5
201,DE:9F:DB:1C:1F:E0,LARC Guest,29,469.72978019714355,B2-01,0,5
202,EE:9F:DB:1C:1F:D7,,20,469.72978019714355,B2-01,0,5
203,EE:9F:DB:1C:1F:E0,,30,469.72978019714355,B2-01,0,5
204,F8:1A:67:99:55:8E,NUCLEAR_CHF,19,469.72978019714355,B2-01,0,5
205,FE:9F:DB:1C:1F:E0,,30,469.72978019714355,B2-01,0,5
206,00:21:91:70:9D:EC,LAB-DIDATICO,34,472.3495590686798,B2-01,0,5
207,2A:56:5A:49:06:54,DIRECT-54-HP M132f LaserJet,19,472.3495590686798,B2-01,0,5
208,30:85:A9:69:F2:E4,PCS-Wireless-C2-22,44,472.3495590686798,B2-01,0,5
209,34:60:F9:A3:D9:13,GASWIFI-5G_C2,19,472.3495590686798,B2-01,0,5
210,34:60:F9:A3:D9:14,GASWIFI-2G_C2,42,472.3495590686798,B2-01,0,5
211,34:CE:00:51:3E:6F,Lab,32,472.3495590686798,B2-01,0,5
212,34:CE:00:51:3E:70,Lab_5G,14,472.3495590686798,B2-01,0,5
213,3A:60:F9:A3:D9:13,,19,472.3495590686798,B2-01,0,5
214,3A:60:F9:A3:D9:14,,22,472.3495590686798,B2-01,0,5
215,44:D2:44:DC:2E:01,PROJETOR_B2-06-EC89sIpciG1AUef,34,472.3495590686798,B2-01,0,5
216,54:B8:0A:AA:2C:8C,LAB_DIGITAL,47,472.3495590686798,B2-01,0,5
217,54:B8:0A:AA:2C:8D,PCS-Wireless,50,472.3495590686798,B2-01,0,5
218,54:B8:0A:AA:2C:8E,LAB_DIGITAL-5GHz,12,472.3495590686798,B2-01,0,5
219,54:B8:0A:AA:2C:8F,PCS-Wireless-5GHz,10,472.3495590686798,B2-01,0,5
220,54:F0:B1:A1:18:C0,eduroam,42,472.3495590686798,B2-01,0,5
221,54:F0:B1:A1:18:C1,PoliSemFio,42,472.3495590686798,B2-01,0,5
222,54:F0:B1:A1:18:C3,MEZANINO,44,472.3495590686798,B2-01,0,5
223,54:F0:B1:A1:18:C4,GDLAB,44,472.3495590686798,B2-01,0,5
224,54:F0:B1:A1:18:C5,LABPAD,44,472.3495590686798,B2-01,0,5
225,54:F0:B1:A1:18:D0,eduroam,60,472.3495590686798,B2-01,0,5
226,54:F0:B1:A1:18:D1,PoliSemFio,60,472.3495590686798,B2-01,0,5
227,54:F0:B1:A1:18:D2,,59,472.3495590686798,B2-01,0,5
228,54:F0:B1:A1:18:D3,MEZANINO,59,472.3495590686798,B2-01,0,5
229,54:F0:B1:A1:18:D4,GDLAB,12,472.3495590686798,B2-01,0,5
230,54:F0:B1:A1:18:D5,LABPAD,62,472.3495590686798,B2-01,0,5
231,54:F0:B1:A1:57:F0,eduroam,12,472.3495590686798,B2-01,0,5
232,54:F0:B1:A1:58:00,eduroam,29,472.3495590686798,B2-01,0,5
233,54:F0:B1:A1:58:01,PoliSemFio,25,472.3495590686798,B2-01,0,5
234,54:F0:B1:A1:58:02,,34,472.3495590686798,B2-01,0,5
235,54:F0:B1:A1:E4:F0,eduroam,20,472.3495590686798,B2-01,0,5
236,54:F0:B1:A1:E4:F1,PoliSemFio,19,472.3495590686798,B2-01,0,5
237,54:F0:B1:A1:E4:F2,,17,472.3495590686798,B2-01,0,5
238,54:F0:B1:A1:E5:00,eduroam,15,472.3495590686798,B2-01,0,5
239,54:F0:B1:A2:37:E0,eduroam,29,472.3495590686798,B2-01,0,5
240,54:F0:B1:A2:37:E1,PoliSemFio,30,472.3495590686798,B2-01,0,5
241,54:F0:B1:A2:37:E2,,32,472.3495590686798,B2-01,0,5
242,54:F0:B1:A2:56:70,eduroam,19,472.3495590686798,B2-01,0,5
243,54:F0:B1:A2:57:20,eduroam,20,472.3495590686798,B2-01,0,5
244,54:F0:B1:A2:57:21,PoliSemFio,17,472.3495590686798,B2-01,0,5
245,54:F0:B1:A2:57:23,LCA,17,472.3495590686798,B2-01,0,5
246,54:F0:B1:A2:57:30,eduroam,37,472.3495590686798,B2-01,0,5
247,54:F0:B1:A2:57:31,PoliSemFio,25,472.3495590686798,B2-01,0,5
248,54:F0:B1:A2:57:32,,25,472.3495590686798,B2-01,0,5
249,54:F0:B1:A2:57:33,LCA,39,472.3495590686798,B2-01,0,5
250,54:F0:B1:BB:5A:80,eduroam,27,472.3495590686798,B2-01,0,5
251,54:F0:B1:BB:5A:83,LEP,25,472.3495590686798,B2-01,0,5
252,54:F0:B1:BB:5A:84,,30,472.3495590686798,B2-01,0,5
253,54:F0:B1:BB:7E:E0,eduroam,32,472.3495590686798,B2-01,0,5
254,54:F0:B1:BB:92:C2,,34,472.3495590686798,B2-01,0,5
255,54:F0:B1:BB:92:E0,eduroam,10,472.3495590686798,B2-01,0,5
256,54:F0:B1:BB:92:E1,PoliSemFio,12,472.3495590686798,B2-01,0,5
257,54:F0:B1:BB:92:E2,,10,472.3495590686798,B2-01,0,5
258,54:F0:B1:BB:BE:13,CAEEL,12,472.3495590686798,B2-01,0,5
259,54:F0:B1:BB:C4:D0,eduroam,45,472.3495590686798,B2-01,0,5
260,54:F0:B1:BB:C4:D1,PoliSemFio,62,472.3495590686798,B2-01,0,5
261,54:F0:B1:BB:C4:D2,,49,472.3495590686798,B2-01,0,5
262,54:F0:B1:BB:C4:F0,eduroam,34,472.3495590686798,B2-01,0,5
263,54:F0:B1:BB:C4:F1,PoliSemFio,32,472.3495590686798,B2-01,0,5
264,54:F0:B1:BB:C4:F2,,32,472.3495590686798,B2-01,0,5
265,54:F0:B1:BB:C5:E5,LABPAD,4,472.3495590686798,B2-01,0,5
266,54:F0:B1:BB:CC:E0,B209,17,472.3495590686798,B2-01,0,5
267,54:F0:B1:BB:F3:20,eduroam,22,472.3495590686798,B2-01,0,5
268,54:F0:B1:BB:FD:D0,eduroam,22,472.3495590686798,B2-01,0,5
269,54:F0:B1:BC:09:40,eduroam,87,472.3495590686798,B2-01,0,5
270,54:F0:B1:BC:09:41,PoliSemFio,82,472.3495590686798,B2-01,0,5
271,54:F0:B1:BC:09:42,,99,472.3495590686798,B2-01,0,5
272,54:F0:B1:BC:09:60,eduroam,65,472.3495590686798,B2-01,0,5
273,54:F0:B1:BC:09:61,PoliSemFio,70,472.3495590686798,B2-01,0,5
274,54:F0:B1:BC:1B:D0,eduroam,49,472.3495590686798,B2-01,0,5
275,54:F0:B1:BC:1B:D1,PoliSemFio,47,472.3495590686798,B2-01,0,5
276,54:F0:B1:BC:1B:D2,,47,472.3495590686798,B2-01,0,5
277,54:F0:B1:BC:1B:F0,eduroam,24,472.3495590686798,B2-01,0,5
278,54:F0:B1:BC:1B:F1,PoliSemFio,24,472.3495590686798,B2-01,0,5
279,54:F0:B1:BC:1B:F2,,19,472.3495590686798,B2-01,0,5
280,54:F0:B1:BC:2E:90,eduroam,50,472.3495590686798,B2-01,0,5
281,54:F0:B1:BC:2E:91,PoliSemFio,62,472.3495590686798,B2-01,0,5
282,54:F0:B1:BC:2E:B0,eduroam,19,472.3495590686798,B2-01,0,5
283,54:F0:B1:BC:2E:B1,PoliSemFio,19,472.3495590686798,B2-01,0,5
284,54:F0:B1:BC:36:11,eduroam,22,472.3495590686798,B2-01,0,5
285,54:F0:B1:BC:3F:10,eduroam,34,472.3495590686798,B2-01,0,5
286,54:F0:B1:BC:65:B0,eduroam,39,472.3495590686798,B2-01,0,5
287,54:F0:B1:BC:65:B1,PoliSemFio,45,472.3495590686798,B2-01,0,5
288,54:F0:B1:BC:65:B2,,45,472.3495590686798,B2-01,0,5
289,54:F0:B1:BC:6F:70,eduroam,20,472.3495590686798,B2-01,0,5
290,54:F0:B1:BC:70:00,eduroam,27,472.3495590686798,B2-01,0,5
291,54:F0:B1:BC:70:01,PoliSemFio,32,472.3495590686798,B2-01,0,5
292,54:F0:B1:BC:70:02,,34,472.3495590686798,B2-01,0,5
293,54:F0:B1:BC:70:20,eduroam,17,472.3495590686798,B2-01,0,5
294,54:F0:B1:BC:70:21,PoliSemFio,15,472.3495590686798,B2-01,0,5
295,54:F0:B1:BC:70:22,,15,472.3495590686798,B2-01,0,5
296,54:F0:B1:BC:77:80,eduroam,69,472.3495590686798,B2-01,0,5
297,54:F0:B1:BC:77:81,PoliSemFio,40,472.3495590686798,B2-01,0,5
298,54:F0:B1:BC:77:82,,37,472.3495590686798,B2-01,0,5
299,54:F0:B1:BC:77:A0,eduroam,35,472.3495590686798,B2-01,0,5
300,54:F0:B1:BC:77:A1,PoliSemFio,35,472.3495590686798,B2-01,0,5
301,54:F0:B1:BC:77:A2,,19,472.3495590686798,B2-01,0,5
302,54:F0:B1:BC:7C:B0,eduroam,24,472.3495590686798,B2-01,0,5
303,54:F0:B1:BC:7C:B1,PoliSemFio,24,472.3495590686798,B2-01,0,5
304,54:F0:B1:BC:8F:20,eduroam,25,472.3495590686798,B2-01,0,5
305,56:60:F9:A3:E7:3F,,19,472.3495590686798,B2-01,0,5
306,68:FF:7B:47:78:BD,C1-22M-5G,15,472.3495590686798,B2-01,0,5
307,68:FF:7B:47:78:BE,C1-22M,9,472.3495590686798,B2-01,0,5
308,70:62:B8:6E:72:A0,PCS-wireless-C1-13,47,472.3495590686798,B2-01,0,5
309,70:62:B8:6E:72:A1,PPGEE,34,472.3495590686798,B2-01,0,5
310,84:D4:7E:06:4F:E0,eduroam,49,472.3495590686798,B2-01,0,5
311,84:D4:7E:06:4F:E1,PoliSemFio,75,472.3495590686798,B2-01,0,5
312,84:D4:7E:06:4F:E2,,75,472.3495590686798,B2-01,0,5
313,84:D4:7E:06:4F:F0,eduroam,37,472.3495590686798,B2-01,0,5
314,84:D4:7E:06:4F:F1,PoliSemFio,35,472.3495590686798,B2-01,0,5
315,AA:6B:AD:82:46:CC,DIRECT-cc-HP M132f LaserJet,22,472.3495590686798,B2-01,0,5
316,B0:4E:26:4B:84:C2,C2-01,19,472.3495590686798,B2-01,0,5
317,DC:9F:DB:1C:1F:D7,LWN-3,20,472.3495590686798,B2-01,0,5
318,DC:9F:DB:1C:1F:E0,LWN-3,30,472.3495590686798,B2-01,0,5
319,DE:9F:DB:1C:1F:E0,LARC Guest,29,472.3495590686798,B2-01,0,5
320,EE:9F:DB:1C:1F:D7,,20,472.3495590686798,B2-01,0,5
321,EE:9F:DB:1C:1F:E0,,30,472.3495590686798,B2-01,0,5
322,F8:1A:67:99:55:8E,NUCLEAR_CHF,19,472.3495590686798,B2-01,0,5
323,FE:9F:DB:1C:1F:E0,,30,472.3495590686798,B2-01,0,5
324,00:18:E7:FF:8C:98,dlink,40,478.60424852371216,B2-01,0,5
325,00:21:91:70:9D:EC,LAB-DIDATICO,37,478.60424852371216,B2-01,0,5
326,2A:56:5A:49:06:54,DIRECT-54-HP M132f LaserJet,19,478.60424852371216,B2-01,0,5
327,30:85:A9:69:F2:E4,PCS-Wireless-C2-22,44,478.60424852371216,B2-01,0,5
328,34:60:F9:A3:D9:13,GASWIFI-5G_C2,19,478.60424852371216,B2-01,0,5
329,34:60:F9:A3:D9:14,GASWIFI-2G_C2,42,478.60424852371216,B2-01,0,5
330,34:CE:00:51:3E:6F,Lab,32,478.60424852371216,B2-01,0,5
331,34:CE:00:51:3E:70,Lab_5G,14,478.60424852371216,B2-01,0,5
332,3A:60:F9:A3:D9:13,,19,478.60424852371216,B2-01,0,5
333,3A:60:F9:A3:D9:14,,22,478.60424852371216,B2-01,0,5
334,44:D2:44:DC:2E:01,PROJETOR_B2-06-EC89sIpciG1AUef,34,478.60424852371216,B2-01,0,5
335,54:B8:0A:AA:2C:8C,LAB_DIGITAL,47,478.60424852371216,B2-01,0,5
336,54:B8:0A:AA:2C:8D,PCS-Wireless,50,478.60424852371216,B2-01,0,5
337,54:B8:0A:AA:2C:8E,LAB_DIGITAL-5GHz,12,478.60424852371216,B2-01,0,5
338,54:B8:0A:AA:2C:8F,PCS-Wireless-5GHz,14,478.60424852371216,B2-01,0,5
339,54:F0:B1:A1:18:C0,eduroam,39,478.60424852371216,B2-01,0,5
340,54:F0:B1:A1:18:C1,PoliSemFio,39,478.60424852371216,B2-01,0,5
341,54:F0:B1:A1:18:C2,,39,478.60424852371216,B2-01,0,5
342,54:F0:B1:A1:18:C3,MEZANINO,39,478.60424852371216,B2-01,0,5
343,54:F0:B1:A1:18:C4,GDLAB,39,478.60424852371216,B2-01,0,5
344,54:F0:B1:A1:18:C5,LABPAD,39,478.60424852371216,B2-01,0,5
345,54:F0:B1:A1:18:D0,eduroam,60,478.60424852371216,B2-01,0,5
346,54:F0:B1:A1:18:D1,PoliSemFio,60,478.60424852371216,B2-01,0,5
347,54:F0:B1:A1:18:D2,,59,478.60424852371216,B2-01,0,5
348,54:F0:B1:A1:18:D3,MEZANINO,62,478.60424852371216,B2-01,0,5
349,54:F0:B1:A1:18:D4,GDLAB,65,478.60424852371216,B2-01,0,5
350,54:F0:B1:A1:18:D5,LABPAD,62,478.60424852371216,B2-01,0,5
351,54:F0:B1:A1:57:F0,eduroam,12,478.60424852371216,B2-01,0,5
352,54:F0:B1:A1:58:00,eduroam,29,478.60424852371216,B2-01,0,5
353,54:F0:B1:A1:58:01,PoliSemFio,29,478.60424852371216,B2-01,0,5
354,54:F0:B1:A1:58:02,,29,478.60424852371216,B2-01,0,5
355,54:F0:B1:A1:E4:F0,eduroam,20,478.60424852371216,B2-01,0,5
356,54:F0:B1:A1:E4:F1,PoliSemFio,19,478.60424852371216,B2-01,0,5
357,54:F0:B1:A1:E4:F2,,17,478.60424852371216,B2-01,0,5
358,54:F0:B1:A1:E5:00,eduroam,29,478.60424852371216,B2-01,0,5
359,54:F0:B1:A1:E5:02,,27,478.60424852371216,B2-01,0,5
360,54:F0:B1:A2:37:E0,eduroam,29,478.60424852371216,B2-01,0,5
361,54:F0:B1:A2:37:E1,PoliSemFio,30,478.60424852371216,B2-01,0,5
362,54:F0:B1:A2:37:E2,,32,478.60424852371216,B2-01,0,5
363,54:F0:B1:A2:56:70,eduroam,19,478.60424852371216,B2-01,0,5
364,54:F0:B1:A2:57:20,eduroam,20,478.60424852371216,B2-01,0,5
365,54:F0:B1:A2:57:21,PoliSemFio,17,478.60424852371216,B2-01,0,5
366,54:F0:B1:A2:57:23,LCA,17,478.60424852371216,B2-01,0,5
367,54:F0:B1:A2:57:30,eduroam,37,478.60424852371216,B2-01,0,5
368,54:F0:B1:A2:57:33,LCA,39,478.60424852371216,B2-01,0,5
369,54:F0:B1:BB:5A:80,eduroam,27,478.60424852371216,B2-01,0,5
370,54:F0:B1:BB:7E:E0,eduroam,32,478.60424852371216,B2-01,0,5
371,54:F0:B1:BB:92:C2,,27,478.60424852371216,B2-01,0,5
372,54:F0:B1:BB:92:E0,eduroam,15,478.60424852371216,B2-01,0,5
373,54:F0:B1:BB:92:E1,PoliSemFio,15,478.60424852371216,B2-01,0,5
374,54:F0:B1:BB:92:E2,,10,478.60424852371216,B2-01,0,5
375,54:F0:B1:BB:C4:D0,eduroam,45,478.60424852371216,B2-01,0,5
376,54:F0:B1:BB:C4:D2,,49,478.60424852371216,B2-01,0,5
377,54:F0:B1:BB:C4:F0,eduroam,34,478.60424852371216,B2-01,0,5
378,54:F0:B1:BB:C4:F1,PoliSemFio,25,478.60424852371216,B2-01,0,5
379,54:F0:B1:BB:C4:F2,,32,478.60424852371216,B2-01,0,5
380,54:F0:B1:BB:C5:E5,LABPAD,4,478.60424852371216,B2-01,0,5
381,54:F0:B1:BB:CC:E0,B209,17,478.60424852371216,B2-01,0,5
382,54:F0:B1:BB:F3:20,eduroam,22,478.60424852371216,B2-01,0,5
383,54:F0:B1:BB:FD:D0,eduroam,22,478.60424852371216,B2-01,0,5
384,54:F0:B1:BC:09:40,eduroam,55,478.60424852371216,B2-01,0,5
385,54:F0:B1:BC:09:41,PoliSemFio,82,478.60424852371216,B2-01,0,5
386,54:F0:B1:BC:09:42,,99,478.60424852371216,B2-01,0,5
387,54:F0:B1:BC:09:60,eduroam,60,478.60424852371216,B2-01,0,5
388,54:F0:B1:BC:09:61,PoliSemFio,64,478.60424852371216,B2-01,0,5
389,54:F0:B1:BC:1B:D0,eduroam,49,478.60424852371216,B2-01,0,5
390,54:F0:B1:BC:1B:D1,PoliSemFio,47,478.60424852371216,B2-01,0,5
391,54:F0:B1:BC:1B:D2,,47,478.60424852371216,B2-01,0,5
392,54:F0:B1:BC:1B:F0,eduroam,24,478.60424852371216,B2-01,0,5
393,54:F0:B1:BC:1B:F1,PoliSemFio,24,478.60424852371216,B2-01,0,5
394,54:F0:B1:BC:1B:F2,,19,478.60424852371216,B2-01,0,5
395,54:F0:B1:BC:2E:90,eduroam,50,478.60424852371216,B2-01,0,5
396,54:F0:B1:BC:2E:91,PoliSemFio,62,478.60424852371216,B2-01,0,5
397,54:F0:B1:BC:2E:B0,eduroam,20,478.60424852371216,B2-01,0,5
398,54:F0:B1:BC:2E:B1,PoliSemFio,22,478.60424852371216,B2-01,0,5
399,54:F0:B1:BC:36:11,eduroam,17,478.60424852371216,B2-01,0,5
400,54:F0:B1:BC:3F:10,eduroam,29,478.60424852371216,B2-01,0,5
401,54:F0:B1:BC:65:B0,eduroam,39,478.60424852371216,B2-01,0,5
402,54:F0:B1:BC:65:B1,PoliSemFio,45,478.60424852371216,B2-01,0,5
403,54:F0:B1:BC:65:B2,,45,478.60424852371216,B2-01,0,5
404,54:F0:B1:BC:6F:70,eduroam,20,478.60424852371216,B2-01,0,5
405,54:F0:B1:BC:70:00,eduroam,34,478.60424852371216,B2-01,0,5
406,54:F0:B1:BC:70:01,PoliSemFio,32,478.60424852371216,B2-01,0,5
407,54:F0:B1:BC:70:02,,34,478.60424852371216,B2-01,0,5
408,54:F0:B1:BC:70:20,eduroam,15,478.60424852371216,B2-01,0,5
409,54:F0:B1:BC:70:21,PoliSemFio,17,478.60424852371216,B2-01,0,5
410,54:F0:B1:BC:70:22,,15,478.60424852371216,B2-01,0,5
411,54:F0:B1:BC:77:80,eduroam,57,478.60424852371216,B2-01,0,5
412,54:F0:B1:BC:77:81,PoliSemFio,55,478.60424852371216,B2-01,0,5
413,54:F0:B1:BC:77:82,,55,478.60424852371216,B2-01,0,5
414,54:F0:B1:BC:77:A0,eduroam,34,478.60424852371216,B2-01,0,5
415,54:F0:B1:BC:77:A1,PoliSemFio,34,478.60424852371216,B2-01,0,5
416,54:F0:B1:BC:77:A2,,19,478.60424852371216,B2-01,0,5
417,54:F0:B1:BC:7C:B0,eduroam,24,478.60424852371216,B2-01,0,5
418,54:F0:B1:BC:7C:B1,PoliSemFio,24,478.60424852371216,B2-01,0,5
419,54:F0:B1:BC:8F:20,eduroam,25,478.60424852371216,B2-01,0,5
420,56:60:F9:A3:E7:3F,,19,478.60424852371216,B2-01,0,5
421,68:FF:7B:47:78:BD,C1-22M-5G,27,478.60424852371216,B2-01,0,5
422,68:FF:7B:47:78:BE,C1-22M,9,478.60424852371216,B2-01,0,5
423,70:62:B8:6E:72:A0,PCS-wireless-C1-13,50,478.60424852371216,B2-01,0,5
424,70:62:B8:6E:72:A1,PPGEE,52,478.60424852371216,B2-01,0,5
425,84:D4:7E:06:4F:E0,eduroam,70,478.60424852371216,B2-01,0,5
426,84:D4:7E:06:4F:E1,PoliSemFio,69,478.60424852371216,B2-01,0,5
427,84:D4:7E:06:4F:E2,,69,478.60424852371216,B2-01,0,5
428,84:D4:7E:06:4F:F0,eduroam,35,478.60424852371216,B2-01,0,5
429,84:D4:7E:06:4F:F1,PoliSemFio,35,478.60424852371216,B2-01,0,5
430,AA:6B:AD:82:46:CC,DIRECT-cc-HP M132f LaserJet,22,478.60424852371216,B2-01,0,5
431,B0:4E:26:4B:84:C2,C2-01,19,478.60424852371216,B2-01,0,5
432,C4:6E:1F:AF:1B:AA,LPROT_Devices,24,478.60424852371216,B2-01,0,5
433,DC:9F:DB:1C:1F:E0,LWN-3,30,478.60424852371216,B2-01,0,5
434,DE:9F:DB:1C:1F:E0,LARC Guest,29,478.60424852371216,B2-01,0,5
435,EE:9F:DB:1C:1F:D7,,20,478.60424852371216,B2-01,0,5
436,EE:9F:DB:1C:1F:E0,,30,478.60424852371216,B2-01,0,5
437,F8:1A:67:99:55:8E,NUCLEAR_CHF,19,478.60424852371216,B2-01,0,5
438,FE:9F:DB:1C:1F:E0,,30,478.60424852371216,B2-01,0,5
439,00:18:E7:FF:8C:98,dlink,40,484.88568568229675,B2-01,0,5
440,00:21:91:70:9D:EC,LAB-DIDATICO,30,484.88568568229675,B2-01,0,5
441,2A:56:5A:49:06:54,DIRECT-54-HP M132f LaserJet,19,484.88568568229675,B2-01,0,5
442,30:85:A9:69:F2:E4,PCS-Wireless-C2-22,42,484.88568568229675,B2-01,0,5
443,34:60:F9:A3:D9:13,GASWIFI-5G_C2,19,484.88568568229675,B2-01,0,5
444,34:60:F9:A3:D9:14,GASWIFI-2G_C2,27,484.88568568229675,B2-01,0,5
445,34:CE:00:51:3E:6F,Lab,54,484.88568568229675,B2-01,0,5
446,34:CE:00:51:3E:70,Lab_5G,20,484.88568568229675,B2-01,0,5
447,3A:60:F9:A3:D9:13,,19,484.88568568229675,B2-01,0,5
448,44:D2:44:DC:2E:01,PROJETOR_B2-06-EC89sIpciG1AUef,29,484.88568568229675,B2-01,0,5
449,54:B8:0A:AA:2C:8C,LAB_DIGITAL,52,484.88568568229675,B2-01,0,5
450,54:B8:0A:AA:2C:8D,PCS-Wireless,55,484.88568568229675,B2-01,0,5
451,54:B8:0A:AA:2C:8E,LAB_DIGITAL-5GHz,12,484.88568568229675,B2-01,0,5
452,54:B8:0A:AA:2C:8F,PCS-Wireless-5GHz,14,484.88568568229675,B2-01,0,5
453,54:F0:B1:A1:18:C0,eduroam,42,484.88568568229675,B2-01,0,5
454,54:F0:B1:A1:18:C1,PoliSemFio,42,484.88568568229675,B2-01,0,5
455,54:F0:B1:A1:18:C2,,39,484.88568568229675,B2-01,0,5
456,54:F0:B1:A1:18:C3,MEZANINO,42,484.88568568229675,B2-01,0,5
457,54:F0:B1:A1:18:C4,GDLAB,42,484.88568568229675,B2-01,0,5
458,54:F0:B1:A1:18:C5,LABPAD,42,484.88568568229675,B2-01,0,5
459,54:F0:B1:A1:18:D0,eduroam,64,484.88568568229675,B2-01,0,5
460,54:F0:B1:A1:18:D1,PoliSemFio,59,484.88568568229675,B2-01,0,5
461,54:F0:B1:A1:18:D2,,59,484.88568568229675,B2-01,0,5
462,54:F0:B1:A1:18:D3,MEZANINO,60,484.88568568229675,B2-01,0,5
463,54:F0:B1:A1:18:D4,GDLAB,60,484.88568568229675,B2-01,0,5
464,54:F0:B1:A1:18:D5,LABPAD,62,484.88568568229675,B2-01,0,5
465,54:F0:B1:A1:57:F0,eduroam,14,484.88568568229675,B2-01,0,5
466,54:F0:B1:A1:57:F1,PoliSemFio,15,484.88568568229675,B2-01,0,5
467,54:F0:B1:A1:57:F2,,14,484.88568568229675,B2-01,0,5
468,54:F0:B1:A1:58:00,eduroam,32,484.88568568229675,B2-01,0,5
469,54:F0:B1:A1:58:01,PoliSemFio,34,484.88568568229675,B2-01,0,5
470,54:F0:B1:A1:58:02,,35,484.88568568229675,B2-01,0,5
471,54:F0:B1:A1:E4:F0,eduroam,14,484.88568568229675,B2-01,0,5
472,54:F0:B1:A1:E4:F1,PoliSemFio,15,484.88568568229675,B2-01,0,5
473,54:F0:B1:A1:E4:F2,,17,484.88568568229675,B2-01,0,5
474,54:F0:B1:A1:E5:00,eduroam,32,484.88568568229675,B2-01,0,5
475,54:F0:B1:A1:E5:02,,27,484.88568568229675,B2-01,0,5
476,54:F0:B1:A2:37:E0,eduroam,29,484.88568568229675,B2-01,0,5
477,54:F0:B1:A2:37:E1,PoliSemFio,27,484.88568568229675,B2-01,0,5
478,54:F0:B1:A2:37:E2,,29,484.88568568229675,B2-01,0,5
479,54:F0:B1:A2:56:70,eduroam,19,484.88568568229675,B2-01,0,5
480,54:F0:B1:A2:57:20,eduroam,20,484.88568568229675,B2-01,0,5
481,54:F0:B1:A2:57:21,PoliSemFio,17,484.88568568229675,B2-01,0,5
482,54:F0:B1:A2:57:23,LCA,20,484.88568568229675,B2-01,0,5
483,54:F0:B1:A2:57:30,eduroam,37,484.88568568229675,B2-01,0,5
484,54:F0:B1:A2:57:32,,44,484.88568568229675,B2-01,0,5
485,54:F0:B1:A2:57:33,LCA,35,484.88568568229675,B2-01,0,5
486,54:F0:B1:BB:5A:80,eduroam,27,484.88568568229675,B2-01,0,5
487,54:F0:B1:BB:7E:E0,eduroam,32,484.88568568229675,B2-01,0,5
488,54:F0:B1:BB:84:B0,eduroam,32,484.88568568229675,B2-01,0,5
489,54:F0:B1:BB:92:C2,,27,484.88568568229675,B2-01,0,5
490,54:F0:B1:BB:92:E0,eduroam,15,484.88568568229675,B2-01,0,5
491,54:F0:B1:BB:92:E1,PoliSemFio,15,484.88568568229675,B2-01,0,5
492,54:F0:B1:BB:92:E2,,10,484.88568568229675,B2-01,0,5
493,54:F0:B1:BB:C4:D0,eduroam,49,484.88568568229675,B2-01,0,5
494,54:F0:B1:BB:C4:D1,PoliSemFio,47,484.88568568229675,B2-01,0,5
495,54:F0:B1:BB:C4:D2,,49,484.88568568229675,B2-01,0,5
496,54:F0:B1:BB:C4:F0,eduroam,24,484.88568568229675,B2-01,0,5
497,54:F0:B1:BB:C4:F1,PoliSemFio,24,484.88568568229675,B2-01,0,5
498,54:F0:B1:BB:C4:F2,,32,484.88568568229675,B2-01,0,5
499,54:F0:B1:BB:C5:C3,MEZANINO,25,484.88568568229675,B2-01,0,5
500,54:F0:B1:BB:C5:C5,LABPAD,37,484.88568568229675,B2-01,0,5
501,54:F0:B1:BB:C5:E5,LABPAD,4,484.88568568229675,B2-01,0,5
502,54:F0:B1:BB:CC:E0,B209,17,484.88568568229675,B2-01,0,5
503,54:F0:B1:BB:FD:D0,eduroam,22,484.88568568229675,B2-01,0,5
504,54:F0:B1:BC:09:40,eduroam,94,484.88568568229675,B2-01,0,5
505,54:F0:B1:BC:09:41,PoliSemFio,89,484.88568568229675,B2-01,0,5
506,54:F0:B1:BC:09:42,,99,484.88568568229675,B2-01,0,5
507,54:F0:B1:BC:09:60,eduroam,67,484.88568568229675,B2-01,0,5
508,54:F0:B1:BC:09:61,PoliSemFio,64,484.88568568229675,B2-01,0,5
509,54:F0:B1:BC:1B:D0,eduroam,49,484.88568568229675,B2-01,0,5
510,54:F0:B1:BC:1B:D1,PoliSemFio,47,484.88568568229675,B2-01,0,5
511,54:F0:B1:BC:1B:D2,,47,484.88568568229675,B2-01,0,5
512,54:F0:B1:BC:1B:F0,eduroam,24,484.88568568229675,B2-01,0,5
513,54:F0:B1:BC:1B:F1,PoliSemFio,24,484.88568568229675,B2-01,0,5
514,54:F0:B1:BC:2E:90,eduroam,72,484.88568568229675,B2-01,0,5
515,54:F0:B1:BC:2E:91,PoliSemFio,62,484.88568568229675,B2-01,0,5
516,54:F0:B1:BC:2E:B0,eduroam,19,484.88568568229675,B2-01,0,5
517,54:F0:B1:BC:2E:B1,PoliSemFio,20,484.88568568229675,B2-01,0,5
518,54:F0:B1:BC:36:11,eduroam,17,484.88568568229675,B2-01,0,5
519,54:F0:B1:BC:3F:10,eduroam,29,484.88568568229675,B2-01,0,5
520,54:F0:B1:BC:65:B0,eduroam,39,484.88568568229675,B2-01,0,5
521,54:F0:B1:BC:65:B1,PoliSemFio,45,484.88568568229675,B2-01,0,5
522,54:F0:B1:BC:65:B2,,29,484.88568568229675,B2-01,0,5
523,54:F0:B1:BC:65:D1,PoliSemFio,20,484.88568568229675,B2-01,0,5
524,54:F0:B1:BC:6F:70,eduroam,20,484.88568568229675,B2-01,0,5
525,54:F0:B1:BC:70:00,eduroam,34,484.88568568229675,B2-01,0,5
526,54:F0:B1:BC:70:01,PoliSemFio,32,484.88568568229675,B2-01,0,5
527,54:F0:B1:BC:70:02,,34,484.88568568229675,B2-01,0,5
528,54:F0:B1:BC:70:20,eduroam,19,484.88568568229675,B2-01,0,5
529,54:F0:B1:BC:70:21,PoliSemFio,20,484.88568568229675,B2-01,0,5
530,54:F0:B1:BC:70:22,,15,484.88568568229675,B2-01,0,5
531,54:F0:B1:BC:77:80,eduroam,55,484.88568568229675,B2-01,0,5
532,54:F0:B1:BC:77:81,PoliSemFio,54,484.88568568229675,B2-01,0,5
533,54:F0:B1:BC:77:82,,54,484.88568568229675,B2-01,0,5
534,54:F0:B1:BC:77:A0,eduroam,40,484.88568568229675,B2-01,0,5
535,54:F0:B1:BC:77:A1,PoliSemFio,40,484.88568568229675,B2-01,0,5
536,54:F0:B1:BC:7C:B0,eduroam,20,484.88568568229675,B2-01,0,5
537,54:F0:B1:BC:7C:B1,PoliSemFio,22,484.88568568229675,B2-01,0,5
538,54:F0:B1:BC:7C:B2,,20,484.88568568229675,B2-01,0,5
539,54:F0:B1:BC:8F:20,eduroam,27,484.88568568229675,B2-01,0,5
540,54:F0:B1:BC:8F:21,PoliSemFio,29,484.88568568229675,B2-01,0,5
541,54:F0:B1:BC:8F:22,,27,484.88568568229675,B2-01,0,5
542,56:60:F9:A3:E7:3F,,19,484.88568568229675,B2-01,0,5
543,68:FF:7B:47:78:BD,C1-22M-5G,27,484.88568568229675,B2-01,0,5
544,68:FF:7B:47:78:BE,C1-22M,9,484.88568568229675,B2-01,0,5
545,70:62:B8:6E:72:A0,PCS-wireless-C1-13,64,484.88568568229675,B2-01,0,5
546,70:62:B8:6E:72:A1,PPGEE,65,484.88568568229675,B2-01,0,5
547,84:D4:7E:06:4F:E0,eduroam,77,484.88568568229675,B2-01,0,5
548,84:D4:7E:06:4F:E1,PoliSemFio,77,484.88568568229675,B2-01,0,5
549,84:D4:7E:06:4F:E2,,77,484.88568568229675,B2-01,0,5
550,84:D4:7E:06:4F:F0,eduroam,39,484.88568568229675,B2-01,0,5
551,84:D4:7E:06:4F:F1,PoliSemFio,37,484.88568568229675,B2-01,0,5
552,AA:6B:AD:82:46:CC,DIRECT-cc-HP M132f LaserJet,22,484.88568568229675,B2-01,0,5
553,B0:4E:26:4B:84:C2,C2-01,19,484.88568568229675,B2-01,0,5
554,C4:6E:1F:AF:1B:AA,LPROT_Devices,24,484.88568568229675,B2-01,0,5
555,DC:9F:DB:1C:1F:D7,LWN-3,19,484.88568568229675,B2-01,0,5
556,DE:9F:DB:1C:1F:E0,LARC Guest,29,484.88568568229675,B2-01,0,5
557,EE:9F:DB:1C:1F:D7,,20,484.88568568229675,B2-01,0,5
558,EE:9F:DB:1C:1F:E0,,27,484.88568568229675,B2-01,0,5
559,F8:1A:67:99:55:8E,NUCLEAR_CHF,19,484.88568568229675,B2-01,0,5
560,FE:9F:DB:1C:1F:E0,,30,484.88568568229675,B2-01,0,5
561,00:18:E7:FF:8C:98,dlink,40,494.8440215587616,B2-01,0,5
562,00:21:91:70:9D:EC,LAB-DIDATICO,30,494.8440215587616,B2-01,0,5
563,2A:56:5A:49:06:54,DIRECT-54-HP M132f LaserJet,19,494.8440215587616,B2-01,0,5
564,30:85:A9:69:F2:E4,PCS-Wireless-C2-22,42,494.8440215587616,B2-01,0,5
565,34:60:F9:A3:D9:14,GASWIFI-2G_C2,27,494.8440215587616,B2-01,0,5
566,34:CE:00:51:3E:6F,Lab,54,494.8440215587616,B2-01,0,5
567,34:CE:00:51:3E:70,Lab_5G,15,494.8440215587616,B2-01,0,5
568,44:D2:44:DC:2E:01,PROJETOR_B2-06-EC89sIpciG1AUef,29,494.8440215587616,B2-01,0,5
569,48:00:20:34:D2:40,eduroam,27,494.8440215587616,B2-01,0,5
570,54:B8:0A:AA:2C:8C,LAB_DIGITAL,52,494.8440215587616,B2-01,0,5
571,54:B8:0A:AA:2C:8D,PCS-Wireless,39,494.8440215587616,B2-01,0,5
572,54:B8:0A:AA:2C:8E,LAB_DIGITAL-5GHz,12,494.8440215587616,B2-01,0,5
573,54:B8:0A:AA:2C:8F,PCS-Wireless-5GHz,14,494.8440215587616,B2-01,0,5
574,54:F0:B1:A1:18:C0,eduroam,30,494.8440215587616,B2-01,0,5
575,54:F0:B1:A1:18:C1,PoliSemFio,29,494.8440215587616,B2-01,0,5
576,54:F0:B1:A1:18:C2,,39,494.8440215587616,B2-01,0,5
577,54:F0:B1:A1:18:C3,MEZANINO,30,494.8440215587616,B2-01,0,5
578,54:F0:B1:A1:18:C4,GDLAB,30,494.8440215587616,B2-01,0,5
579,54:F0:B1:A1:18:C5,LABPAD,30,494.8440215587616,B2-01,0,5
580,54:F0:B1:A1:18:D0,eduroam,52,494.8440215587616,B2-01,0,5
581,54:F0:B1:A1:18:D1,PoliSemFio,59,494.8440215587616,B2-01,0,5
582,54:F0:B1:A1:18:D2,,59,494.8440215587616,B2-01,0,5
583,54:F0:B1:A1:18:D3,MEZANINO,60,494.8440215587616,B2-01,0,5
584,54:F0:B1:A1:18:D4,GDLAB,50,494.8440215587616,B2-01,0,5
585,54:F0:B1:A1:18:D5,LABPAD,49,494.8440215587616,B2-01,0,5
586,54:F0:B1:A1:57:F0,eduroam,17,494.8440215587616,B2-01,0,5
587,54:F0:B1:A1:57:F1,PoliSemFio,17,494.8440215587616,B2-01,0,5
588,54:F0:B1:A1:57:F2,,14,494.8440215587616,B2-01,0,5
589,54:F0:B1:A1:58:00,eduroam,32,494.8440215587616,B2-01,0,5
590,54:F0:B1:A1:58:01,PoliSemFio,34,494.8440215587616,B2-01,0,5
591,54:F0:B1:A1:58:02,,35,494.8440215587616,B2-01,0,5
592,54:F0:B1:A1:E4:F0,eduroam,14,494.8440215587616,B2-01,0,5
593,54:F0:B1:A1:E4:F1,PoliSemFio,15,494.8440215587616,B2-01,0,5
594,54:F0:B1:A1:E4:F2,,17,494.8440215587616,B2-01,0,5
595,54:F0:B1:A1:E5:00,eduroam,32,494.8440215587616,B2-01,0,5
596,54:F0:B1:A1:E5:02,,27,494.8440215587616,B2-01,0,5
597,54:F0:B1:A2:37:E0,eduroam,29,494.8440215587616,B2-01,0,5
598,54:F0:B1:A2:37:E1,PoliSemFio,27,494.8440215587616,B2-01,0,5
599,54:F0:B1:A2:37:E2,,29,494.8440215587616,B2-01,0,5
600,54:F0:B1:A2:57:20,eduroam,14,494.8440215587616,B2-01,0,5
601,54:F0:B1:A2:57:21,PoliSemFio,14,494.8440215587616,B2-01,0,5
602,54:F0:B1:A2:57:23,LCA,12,494.8440215587616,B2-01,0,5
603,54:F0:B1:A2:57:30,eduroam,37,494.8440215587616,B2-01,0,5
604,54:F0:B1:A2:57:32,,44,494.8440215587616,B2-01,0,5
605,54:F0:B1:A2:57:33,LCA,35,494.8440215587616,B2-01,0,5
606,54:F0:B1:BB:5A:80,eduroam,27,494.8440215587616,B2-01,0,5
607,54:F0:B1:BB:7E:E0,eduroam,32,494.8440215587616,B2-01,0,5
608,54:F0:B1:BB:84:B0,eduroam,32,494.8440215587616,B2-01,0,5
609,54:F0:B1:BB:84:D0,eduroam,17,494.8440215587616,B2-01,0,5
610,54:F0:B1:BB:84:D1,PoliSemFio,17,494.8440215587616,B2-01,0,5
611,54:F0:B1:BB:84:D2,,17,494.8440215587616,B2-01,0,5
612,54:F0:B1:BB:92:C0,eduroam,34,494.8440215587616,B2-01,0,5
613,54:F0:B1:BB:92:C2,,27,494.8440215587616,B2-01,0,5
614,54:F0:B1:BB:92:E0,eduroam,15,494.8440215587616,B2-01,0,5
615,54:F0:B1:BB:92:E1,PoliSemFio,15,494.8440215587616,B2-01,0,5
616,54:F0:B1:BB:92:E2,,10,494.8440215587616,B2-01,0,5
617,54:F0:B1:BB:C4:D0,eduroam,45,494.8440215587616,B2-01,0,5
618,54:F0:B1:BB:C4:D1,PoliSemFio,47,494.8440215587616,B2-01,0,5
619,54:F0:B1:BB:C4:D2,,49,494.8440215587616,B2-01,0,5
620,54:F0:B1:BB:C4:F0,eduroam,25,494.8440215587616,B2-01,0,5
621,54:F0:B1:BB:C4:F1,PoliSemFio,24,494.8440215587616,B2-01,0,5
622,54:F0:B1:BB:C4:F2,,32,494.8440215587616,B2-01,0,5
623,54:F0:B1:BB:C5:C3,MEZANINO,25,494.8440215587616,B2-01,0,5
624,54:F0:B1:BB:C5:C5,LABPAD,37,494.8440215587616,B2-01,0,5
625,54:F0:B1:BB:C5:E5,LABPAD,4,494.8440215587616,B2-01,0,5
626,54:F0:B1:BB:CC:E0,B209,17,494.8440215587616,B2-01,0,5
627,54:F0:B1:BC:09:40,eduroam,57,494.8440215587616,B2-01,0,5
628,54:F0:B1:BC:09:41,PoliSemFio,55,494.8440215587616,B2-01,0,5
629,54:F0:B1:BC:09:42,,55,494.8440215587616,B2-01,0,5
630,54:F0:B1:BC:09:60,eduroam,65,494.8440215587616,B2-01,0,5
631,54:F0:B1:BC:09:61,PoliSemFio,65,494.8440215587616,B2-01,0,5
632,54:F0:B1:BC:1B:D0,eduroam,49,494.8440215587616,B2-01,0,5
633,54:F0:B1:BC:1B:D1,PoliSemFio,47,494.8440215587616,B2-01,0,5
634,54:F0:B1:BC:1B:D2,,47,494.8440215587616,B2-01,0,5
635,54:F0:B1:BC:1B:F0,eduroam,24,494.8440215587616,B2-01,0,5
636,54:F0:B1:BC:1B:F1,PoliSemFio,24,494.8440215587616,B2-01,0,5
637,54:F0:B1:BC:2E:90,eduroam,35,494.8440215587616,B2-01,0,5
638,54:F0:B1:BC:2E:91,PoliSemFio,50,494.8440215587616,B2-01,0,5
639,54:F0:B1:BC:2E:B0,eduroam,27,494.8440215587616,B2-01,0,5
640,54:F0:B1:BC:2E:B1,PoliSemFio,27,494.8440215587616,B2-01,0,5
641,54:F0:B1:BC:36:11,eduroam,17,494.8440215587616,B2-01,0,5
642,54:F0:B1:BC:3F:10,eduroam,29,494.8440215587616,B2-01,0,5
643,54:F0:B1:BC:65:B0,eduroam,39,494.8440215587616,B2-01,0,5
644,54:F0:B1:BC:65:B1,PoliSemFio,45,494.8440215587616,B2-01,0,5
645,54:F0:B1:BC:65:B2,,29,494.8440215587616,B2-01,0,5
646,54:F0:B1:BC:65:D1,PoliSemFio,20,494.8440215587616,B2-01,0,5
647,54:F0:B1:BC:6F:70,eduroam,20,494.8440215587616,B2-01,0,5
648,54:F0:B1:BC:70:00,eduroam,34,494.8440215587616,B2-01,0,5
649,54:F0:B1:BC:70:01,PoliSemFio,32,494.8440215587616,B2-01,0,5
650,54:F0:B1:BC:70:02,,34,494.8440215587616,B2-01,0,5
651,54:F0:B1:BC:70:20,eduroam,15,494.8440215587616,B2-01,0,5
652,54:F0:B1:BC:70:21,PoliSemFio,17,494.8440215587616,B2-01,0,5
653,54:F0:B1:BC:70:22,,15,494.8440215587616,B2-01,0,5
654,54:F0:B1:BC:77:80,eduroam,42,494.8440215587616,B2-01,0,5
655,54:F0:B1:BC:77:81,PoliSemFio,40,494.8440215587616,B2-01,0,5
656,54:F0:B1:BC:77:82,,42,494.8440215587616,B2-01,0,5
657,54:F0:B1:BC:77:A0,eduroam,35,494.8440215587616,B2-01,0,5
658,54:F0:B1:BC:77:A1,PoliSemFio,35,494.8440215587616,B2-01,0,5
659,54:F0:B1:BC:7C:B0,eduroam,20,494.8440215587616,B2-01,0,5
660,54:F0:B1:BC:7C:B1,PoliSemFio,22,494.8440215587616,B2-01,0,5
661,54:F0:B1:BC:7C:B2,,20,494.8440215587616,B2-01,0,5
662,54:F0:B1:BC:8F:20,eduroam,27,494.8440215587616,B2-01,0,5
663,54:F0:B1:BC:8F:21,PoliSemFio,29,494.8440215587616,B2-01,0,5
664,54:F0:B1:BC:8F:22,,27,494.8440215587616,B2-01,0,5
665,56:60:F9:A3:E7:3F,,19,494.8440215587616,B2-01,0,5
666,68:FF:7B:47:78:BD,C1-22M-5G,19,494.8440215587616,B2-01,0,5
667,68:FF:7B:47:78:BE,C1-22M,9,494.8440215587616,B2-01,0,5
668,70:62:B8:6E:72:A0,PCS-wireless-C1-13,35,494.8440215587616,B2-01,0,5
669,70:62:B8:6E:72:A1,PPGEE,39,494.8440215587616,B2-01,0,5
670,84:D4:7E:06:4F:E0,eduroam,80,494.8440215587616,B2-01,0,5
671,84:D4:7E:06:4F:E1,PoliSemFio,79,494.8440215587616,B2-01,0,5
672,84:D4:7E:06:4F:E2,,79,494.8440215587616,B2-01,0,5
673,84:D4:7E:06:4F:F0,eduroam,32,494.8440215587616,B2-01,0,5
674,84:D4:7E:06:4F:F1,PoliSemFio,30,494.8440215587616,B2-01,0,5
675,AA:6B:AD:82:46:CC,DIRECT-cc-HP M132f LaserJet,22,494.8440215587616,B2-01,0,5
676,C4:6E:1F:AF:1B:AA,LPROT_Devices,24,494.8440215587616,B2-01,0,5
677,DC:9F:DB:1C:1F:D7,LWN-3,19,494.8440215587616,B2-01,0,5
678,DE:9F:DB:1C:1F:E0,LARC Guest,29,494.8440215587616,B2-01,0,5
679,EE:9F:DB:1C:1F:E0,,27,494.8440215587616,B2-01,0,5
680,FE:9F:DB:1C:1F:E0,,30,494.8440215587616,B2-01,0,5
681,00:18:E7:FF:8C:98,dlink,40,497.4967668056488,B2-01,0,5
682,00:21:91:70:9D:EC,LAB-DIDATICO,30,497.4967668056488,B2-01,0,5
683,2A:56:5A:49:06:54,DIRECT-54-HP M132f LaserJet,19,497.4967668056488,B2-01,0,5
684,30:85:A9:69:F2:E4,PCS-Wireless-C2-22,42,497.4967668056488,B2-01,0,5
685,34:60:F9:A3:D9:14,GASWIFI-2G_C2,27,497.4967668056488,B2-01,0,5
686,34:CE:00:51:3E:6F,Lab,54,497.4967668056488,B2-01,0,5
687,34:CE:00:51:3E:70,Lab_5G,15,497.4967668056488,B2-01,0,5
688,44:D2:44:DC:2E:01,PROJETOR_B2-06-EC89sIpciG1AUef,29,497.4967668056488,B2-01,0,5
689,48:00:20:34:D2:40,eduroam,27,497.4967668056488,B2-01,0,5
690,54:B8:0A:AA:2C:8C,LAB_DIGITAL,52,497.4967668056488,B2-01,0,5
691,54:B8:0A:AA:2C:8D,PCS-Wireless,39,497.4967668056488,B2-01,0,5
692,54:B8:0A:AA:2C:8E,LAB_DIGITAL-5GHz,12,497.4967668056488,B2-01,0,5
693,54:B8:0A:AA:2C:8F,PCS-Wireless-5GHz,14,497.4967668056488,B2-01,0,5
694,54:F0:B1:A1:18:C0,eduroam,30,497.4967668056488,B2-01,0,5
695,54:F0:B1:A1:18:C1,PoliSemFio,29,497.4967668056488,B2-01,0,5
696,54:F0:B1:A1:18:C2,,39,497.4967668056488,B2-01,0,5
697,54:F0:B1:A1:18:C3,MEZANINO,30,497.4967668056488,B2-01,0,5
698,54:F0:B1:A1:18:C4,GDLAB,30,497.4967668056488,B2-01,0,5
699,54:F0:B1:A1:18:C5,LABPAD,30,497.4967668056488,B2-01,0,5
700,54:F0:B1:A1:18:D0,eduroam,52,497.4967668056488,B2-01,0,5
701,54:F0:B1:A1:18:D1,PoliSemFio,59,497.4967668056488,B2-01,0,5
702,54:F0:B1:A1:18:D2,,59,497.4967668056488,B2-01,0,5
703,54:F0:B1:A1:18:D3,MEZANINO,60,497.4967668056488,B2-01,0,5
704,54:F0:B1:A1:18:D4,GDLAB,50,497.4967668056488,B2-01,0,5
705,54:F0:B1:A1:18:D5,LABPAD,49,497.4967668056488,B2-01,0,5
706,54:F0:B1:A1:57:F0,eduroam,17,497.4967668056488,B2-01,0,5
707,54:F0:B1:A1:57:F1,PoliSemFio,17,497.4967668056488,B2-01,0,5
708,54:F0:B1:A1:57:F2,,14,497.4967668056488,B2-01,0,5
709,54:F0:B1:A1:58:00,eduroam,32,497.4967668056488,B2-01,0,5
710,54:F0:B1:A1:58:01,PoliSemFio,34,497.4967668056488,B2-01,0,5
711,54:F0:B1:A1:58:02,,35,497.4967668056488,B2-01,0,5
712,54:F0:B1:A1:E4:F0,eduroam,14,497.4967668056488,B2-01,0,5
713,54:F0:B1:A1:E4:F1,PoliSemFio,15,497.4967668056488,B2-01,0,5
714,54:F0:B1:A1:E4:F2,,17,497.4967668056488,B2-01,0,5
715,54:F0:B1:A1:E5:00,eduroam,32,497.4967668056488,B2-01,0,5
716,54:F0:B1:A1:E5:02,,27,497.4967668056488,B2-01,0,5
717,54:F0:B1:A2:37:E0,eduroam,29,497.4967668056488,B2-01,0,5
718,54:F0:B1:A2:37:E1,PoliSemFio,27,497.4967668056488,B2-01,0,5
719,54:F0:B1:A2:37:E2,,29,497.4967668056488,B2-01,0,5
720,54:F0:B1:A2:57:20,eduroam,14,497.4967668056488,B2-01,0,5
721,54:F0:B1:A2:57:21,PoliSemFio,14,497.4967668056488,B2-01,0,5
722,54:F0:B1:A2:57:23,LCA,12,497.4967668056488,B2-01,0,5
723,54:F0:B1:A2:57:30,eduroam,37,497.4967668056488,B2-01,0,5
724,54:F0:B1:A2:57:32,,44,497.4967668056488,B2-01,0,5
725,54:F0:B1:A2:57:33,LCA,35,497.4967668056488,B2-01,0,5
726,54:F0:B1:BB:5A:80,eduroam,27,497.4967668056488,B2-01,0,5
727,54:F0:B1:BB:7E:E0,eduroam,32,497.4967668056488,B2-01,0,5
728,54:F0:B1:BB:84:B0,eduroam,32,497.4967668056488,B2-01,0,5
729,54:F0:B1:BB:84:D0,eduroam,17,497.4967668056488,B2-01,0,5
730,54:F0:B1:BB:84:D1,PoliSemFio,17,497.4967668056488,B2-01,0,5
731,54:F0:B1:BB:84:D2,,17,497.4967668056488,B2-01,0,5
732,54:F0:B1:BB:92:C0,eduroam,34,497.4967668056488,B2-01,0,5
733,54:F0:B1:BB:92:C2,,27,497.4967668056488,B2-01,0,5
734,54:F0:B1:BB:92:E0,eduroam,15,497.4967668056488,B2-01,0,5
735,54:F0:B1:BB:92:E1,PoliSemFio,15,497.4967668056488,B2-01,0,5
736,54:F0:B1:BB:92:E2,,10,497.4967668056488,B2-01,0,5
737,54:F0:B1:BB:C4:D0,eduroam,45,497.4967668056488,B2-01,0,5
738,54:F0:B1:BB:C4:D1,PoliSemFio,47,497.4967668056488,B2-01,0,5
739,54:F0:B1:BB:C4:D2,,49,497.4967668056488,B2-01,0,5
740,54:F0:B1:BB:C4:F0,eduroam,25,497.4967668056488,B2-01,0,5
741,54:F0:B1:BB:C4:F1,PoliSemFio,24,497.4967668056488,B2-01,0,5
742,54:F0:B1:BB:C4:F2,,32,497.4967668056488,B2-01,0,5
743,54:F0:B1:BB:C5:C3,MEZANINO,25,497.4967668056488,B2-01,0,5
744,54:F0:B1:BB:C5:C5,LABPAD,37,497.4967668056488,B2-01,0,5
745,54:F0:B1:BB:C5:E5,LABPAD,4,497.4967668056488,B2-01,0,5
746,54:F0:B1:BB:CC:E0,B209,17,497.4967668056488,B2-01,0,5
747,54:F0:B1:BC:09:40,eduroam,57,497.4967668056488,B2-01,0,5
748,54:F0:B1:BC:09:41,PoliSemFio,55,497.4967668056488,B2-01,0,5
749,54:F0:B1:BC:09:42,,55,497.4967668056488,B2-01,0,5
750,54:F0:B1:BC:09:60,eduroam,66,497.4967668056488,B2-01,0,5
751,54:F0:B1:BC:09:61,PoliSemFio,65,497.4967668056488,B2-01,0,5
752,54:F0:B1:BC:1B:D0,eduroam,49,497.4967668056488,B2-01,0,5
753,54:F0:B1:BC:1B:D1,PoliSemFio,47,497.4967668056488,B2-01,0,5
754,54:F0:B1:BC:1B:D2,,47,497.4967668056488,B2-01,0,5
755,54:F0:B1:BC:1B:F0,eduroam,24,497.4967668056488,B2-01,0,5
756,54:F0:B1:BC:1B:F1,PoliSemFio,24,497.4967668056488,B2-01,0,5
757,54:F0:B1:BC:2E:90,eduroam,35,497.4967668056488,B2-01,0,5
758,54:F0:B1:BC:2E:91,PoliSemFio,50,497.4967668056488,B2-01,0,5
759,54:F0:B1:BC:2E:B0,eduroam,27,497.4967668056488,B2-01,0,5
760,54:F0:B1:BC:2E:B1,PoliSemFio,27,497.4967668056488,B2-01,0,5
761,54:F0:B1:BC:36:11,eduroam,17,497.4967668056488,B2-01,0,5
762,54:F0:B1:BC:3F:10,eduroam,29,497.4967668056488,B2-01,0,5
763,54:F0:B1:BC:65:B0,eduroam,39,497.4967668056488,B2-01,0,5
764,54:F0:B1:BC:65:B1,PoliSemFio,45,497.4967668056488,B2-01,0,5
765,54:F0:B1:BC:65:B2,,29,497.4967668056488,B2-01,0,5
766,54:F0:B1:BC:65:D1,PoliSemFio,20,497.4967668056488,B2-01,0,5
767,54:F0:B1:BC:6F:70,eduroam,20,497.4967668056488,B2-01,0,5
768,54:F0:B1:BC:70:00,eduroam,34,497.4967668056488,B2-01,0,5
769,54:F0:B1:BC:70:01,PoliSemFio,32,497.4967668056488,B2-01,0,5
770,54:F0:B1:BC:70:02,,34,497.4967668056488,B2-01,0,5
771,54:F0:B1:BC:70:20,eduroam,15,497.4967668056488,B2-01,0,5
772,54:F0:B1:BC:70:21,PoliSemFio,17,497.4967668056488,B2-01,0,5
773,54:F0:B1:BC:70:22,,15,497.4967668056488,B2-01,0,5
774,54:F0:B1:BC:77:80,eduroam,42,497.4967668056488,B2-01,0,5
775,54:F0:B1:BC:77:81,PoliSemFio,40,497.4967668056488,B2-01,0,5
776,54:F0:B1:BC:77:82,,42,497.4967668056488,B2-01,0,5
777,54:F0:B1:BC:77:A0,eduroam,35,497.4967668056488,B2-01,0,5
778,54:F0:B1:BC:77:A1,PoliSemFio,35,497.4967668056488,B2-01,0,5
779,54:F0:B1:BC:7C:B0,eduroam,20,497.4967668056488,B2-01,0,5
780,54:F0:B1:BC:7C:B1,PoliSemFio,22,497.4967668056488,B2-01,0,5
781,54:F0:B1:BC:7C:B2,,20,497.4967668056488,B2-01,0,5
782,54:F0:B1:BC:8F:20,eduroam,27,497.4967668056488,B2-01,0,5
783,54:F0:B1:BC:8F:21,PoliSemFio,29,497.4967668056488,B2-01,0,5
784,54:F0:B1:BC:8F:22,,27,497.4967668056488,B2-01,0,5
785,56:60:F9:A3:E7:3F,,19,497.4967668056488,B2-01,0,5
786,68:FF:7B:47:78:BD,C1-22M-5G,19,497.4967668056488,B2-01,0,5
787,68:FF:7B:47:78:BE,C1-22M,9,497.4967668056488,B2-01,0,5
788,70:62:B8:6E:72:A0,PCS-wireless-C1-13,35,497.4967668056488,B2-01,0,5
789,70:62:B8:6E:72:A1,PPGEE,39,497.4967668056488,B2-01,0,5
790,84:D4:7E:06:4F:E0,eduroam,80,497.4967668056488,B2-01,0,5
791,84:D4:7E:06:4F:E1,PoliSemFio,79,497.4967668056488,B2-01,0,5
792,84:D4:7E:06:4F:E2,,79,497.4967668056488,B2-01,0,5
793,84:D4:7E:06:4F:F0,eduroam,32,497.4967668056488,B2-01,0,5
794,84:D4:7E:06:4F:F1,PoliSemFio,30,497.4967668056488,B2-01,0,5
795,AA:6B:AD:82:46:CC,DIRECT-cc-HP M132f LaserJet,22,497.4967668056488,B2-01,0,5
796,C4:6E:1F:AF:1B:AA,LPROT_Devices,24,497.4967668056488,B2-01,0,5
797,DC:9F:DB:1C:1F:D7,LWN-3,19,497.4967668056488,B2-01,0,5
798,DE:9F:DB:1C:1F:E0,LARC Guest,29,497.4967668056488,B2-01,0,5
799,EE:9F:DB:1C:1F:E0,,27,497.4967668056488,B2-01,0,5
800,FE:9F:DB:1C:1F:E0,,30,497.4967668056488,B2-01,0,5
801,00:18:E7:FF:8C:98,dlink,40,500.1370310783386,B2-01,0,5
802,00:21:91:70:9D:EC,LAB-DIDATICO,45,500.1370310783386,B2-01,0,5
803,2A:56:5A:49:06:54,DIRECT-54-HP M132f LaserJet,19,500.1370310783386,B2-01,0,5
804,30:85:A9:69:F2:E4,PCS-Wireless-C2-22,42,500.1370310783386,B2-01,0,5
805,34:60:F9:A3:D9:13,GASWIFI-5G_C2,27,500.1370310783386,B2-01,0,5
806,34:60:F9:A3:D9:14,GASWIFI-2G_C2,22,500.1370310783386,B2-01,0,5
807,34:CE:00:51:3E:6F,Lab,50,500.1370310783386,B2-01,0,5
808,34:CE:00:51:3E:70,Lab_5G,19,500.1370310783386,B2-01,0,5
809,44:D2:44:DC:2E:01,PROJETOR_B2-06-EC89sIpciG1AUef,29,500.1370310783386,B2-01,0,5
810,48:00:20:34:D2:40,eduroam,27,500.1370310783386,B2-01,0,5
811,54:B8:0A:AA:2C:8C,LAB_DIGITAL,59,500.1370310783386,B2-01,0,5
812,54:B8:0A:AA:2C:8D,PCS-Wireless,57,500.1370310783386,B2-01,0,5
813,54:B8:0A:AA:2C:8E,LAB_DIGITAL-5GHz,12,500.1370310783386,B2-01,0,5
814,54:B8:0A:AA:2C:8F,PCS-Wireless-5GHz,14,500.1370310783386,B2-01,0,5
815,54:F0:B1:A1:18:C0,eduroam,25,500.1370310783386,B2-01,0,5
816,54:F0:B1:A1:18:C1,PoliSemFio,27,500.1370310783386,B2-01,0,5
817,54:F0:B1:A1:18:C2,,39,500.1370310783386,B2-01,0,5
818,54:F0:B1:A1:18:C3,MEZANINO,25,500.1370310783386,B2-01,0,5
819,54:F0:B1:A1:18:C4,GDLAB,27,500.1370310783386,B2-01,0,5
820,54:F0:B1:A1:18:C5,LABPAD,27,500.1370310783386,B2-01,0,5
821,54:F0:B1:A1:18:D0,eduroam,59,500.1370310783386,B2-01,0,5
822,54:F0:B1:A1:18:D1,PoliSemFio,60,500.1370310783386,B2-01,0,5
823,54:F0:B1:A1:18:D2,,59,500.1370310783386,B2-01,0,5
824,54:F0:B1:A1:18:D3,MEZANINO,60,500.1370310783386,B2-01,0,5
825,54:F0:B1:A1:18:D4,GDLAB,57,500.1370310783386,B2-01,0,5
826,54:F0:B1:A1:18:D5,LABPAD,54,500.1370310783386,B2-01,0,5
827,54:F0:B1:A1:57:F0,eduroam,17,500.1370310783386,B2-01,0,5
828,54:F0:B1:A1:57:F1,PoliSemFio,17,500.1370310783386,B2-01,0,5
829,54:F0:B1:A1:57:F2,,14,500.1370310783386,B2-01,0,5
830,54:F0:B1:A1:58:00,eduroam,37,500.1370310783386,B2-01,0,5
831,54:F0:B1:A1:58:01,PoliSemFio,37,500.1370310783386,B2-01,0,5
832,54:F0:B1:A1:58:02,,35,500.1370310783386,B2-01,0,5
833,54:F0:B1:A1:E4:F0,eduroam,20,500.1370310783386,B2-01,0,5
834,54:F0:B1:A1:E4:F1,PoliSemFio,20,500.1370310783386,B2-01,0,5
835,54:F0:B1:A1:E4:F2,,19,500.1370310783386,B2-01,0,5
836,54:F0:B1:A1:E5:00,eduroam,37,500.1370310783386,B2-01,0,5
837,54:F0:B1:A1:E5:01,PoliSemFio,40,500.1370310783386,B2-01,0,5
838,54:F0:B1:A1:E5:02,,40,500.1370310783386,B2-01,0,5
839,54:F0:B1:A2:37:E0,eduroam,29,500.1370310783386,B2-01,0,5
840,54:F0:B1:A2:37:E1,PoliSemFio,27,500.1370310783386,B2-01,0,5
841,54:F0:B1:A2:37:E2,,30,500.1370310783386,B2-01,0,5
842,54:F0:B1:A2:57:20,eduroam,15,500.1370310783386,B2-01,0,5
843,54:F0:B1:A2:57:21,PoliSemFio,15,500.1370310783386,B2-01,0,5
844,54:F0:B1:A2:57:23,LCA,12,500.1370310783386,B2-01,0,5
845,54:F0:B1:A2:57:30,eduroam,37,500.1370310783386,B2-01,0,5
846,54:F0:B1:A2:57:31,PoliSemFio,39,500.1370310783386,B2-01,0,5
847,54:F0:B1:A2:57:32,,44,500.1370310783386,B2-01,0,5
848,54:F0:B1:A2:57:33,LCA,44,500.1370310783386,B2-01,0,5
849,54:F0:B1:BB:7E:E0,eduroam,32,500.1370310783386,B2-01,0,5
850,54:F0:B1:BB:84:B0,eduroam,32,500.1370310783386,B2-01,0,5
851,54:F0:B1:BB:84:D0,eduroam,17,500.1370310783386,B2-01,0,5
852,54:F0:B1:BB:84:D1,PoliSemFio,17,500.1370310783386,B2-01,0,5
853,54:F0:B1:BB:84:D2,,17,500.1370310783386,B2-01,0,5
854,54:F0:B1:BB:92:C0,eduroam,34,500.1370310783386,B2-01,0,5
855,54:F0:B1:BB:92:C2,,30,500.1370310783386,B2-01,0,5
856,54:F0:B1:BB:92:E0,eduroam,15,500.1370310783386,B2-01,0,5
857,54:F0:B1:BB:92:E1,PoliSemFio,15,500.1370310783386,B2-01,0,5
858,54:F0:B1:BB:92:E2,,10,500.1370310783386,B2-01,0,5
859,54:F0:B1:BB:BE:12,,22,500.1370310783386,B2-01,0,5
860,54:F0:B1:BB:C4:D0,eduroam,47,500.1370310783386,B2-01,0,5
861,54:F0:B1:BB:C4:D1,PoliSemFio,47,500.1370310783386,B2-01,0,5
862,54:F0:B1:BB:C4:D2,,54,500.1370310783386,B2-01,0,5
863,54:F0:B1:BB:C4:F0,eduroam,24,500.1370310783386,B2-01,0,5
864,54:F0:B1:BB:C4:F1,PoliSemFio,24,500.1370310783386,B2-01,0,5
865,54:F0:B1:BB:C4:F2,,32,500.1370310783386,B2-01,0,5
866,54:F0:B1:BB:C5:C3,MEZANINO,25,500.1370310783386,B2-01,0,5
867,54:F0:B1:BB:C5:C5,LABPAD,37,500.1370310783386,B2-01,0,5
868,54:F0:B1:BB:C5:E5,LABPAD,4,500.1370310783386,B2-01,0,5
869,54:F0:B1:BB:CC:E0,B209,17,500.1370310783386,B2-01,0,5
870,54:F0:B1:BB:CC:E3,eduroam,27,500.1370310783386,B2-01,0,5
871,54:F0:B1:BB:F3:22,,25,500.1370310783386,B2-01,0,5
872,54:F0:B1:BC:09:40,eduroam,92,500.1370310783386,B2-01,0,5
873,54:F0:B1:BC:09:41,PoliSemFio,90,500.1370310783386,B2-01,0,5
874,54:F0:B1:BC:09:42,,55,500.1370310783386,B2-01,0,5
875,54:F0:B1:BC:09:60,eduroam,80,500.1370310783386,B2-01,0,5
876,54:F0:B1:BC:09:61,PoliSemFio,80,500.1370310783386,B2-01,0,5
877,54:F0:B1:BC:2E:90,eduroam,35,500.1370310783386,B2-01,0,5
878,54:F0:B1:BC:2E:91,PoliSemFio,50,500.1370310783386,B2-01,0,5
879,54:F0:B1:BC:2E:B0,eduroam,30,500.1370310783386,B2-01,0,5
880,54:F0:B1:BC:2E:B1,PoliSemFio,30,500.1370310783386,B2-01,0,5
881,54:F0:B1:BC:2E:B2,,30,500.1370310783386,B2-01,0,5
882,54:F0:B1:BC:36:10,PoliSemFio,30,500.1370310783386,B2-01,0,5
883,54:F0:B1:BC:36:11,eduroam,30,500.1370310783386,B2-01,0,5
884,54:F0:B1:BC:36:12,,30,500.1370310783386,B2-01,0,5
885,54:F0:B1:BC:3F:10,eduroam,29,500.1370310783386,B2-01,0,5
886,54:F0:B1:BC:3F:11,PoliSemFio,30,500.1370310783386,B2-01,0,5
887,54:F0:B1:BC:65:B0,eduroam,39,500.1370310783386,B2-01,0,5
888,54:F0:B1:BC:65:B1,PoliSemFio,45,500.1370310783386,B2-01,0,5
889,54:F0:B1:BC:65:B2,,29,500.1370310783386,B2-01,0,5
890,54:F0:B1:BC:65:D1,PoliSemFio,20,500.1370310783386,B2-01,0,5
891,54:F0:B1:BC:6F:70,eduroam,22,500.1370310783386,B2-01,0,5
892,54:F0:B1:BC:70:00,eduroam,34,500.1370310783386,B2-01,0,5
893,54:F0:B1:BC:70:01,PoliSemFio,32,500.1370310783386,B2-01,0,5
894,54:F0:B1:BC:70:02,,34,500.1370310783386,B2-01,0,5
895,54:F0:B1:BC:70:20,eduroam,15,500.1370310783386,B2-01,0,5
896,54:F0:B1:BC:70:21,PoliSemFio,17,500.1370310783386,B2-01,0,5
897,54:F0:B1:BC:70:22,,15,500.1370310783386,B2-01,0,5
898,54:F0:B1:BC:77:80,eduroam,65,500.1370310783386,B2-01,0,5
899,54:F0:B1:BC:77:81,PoliSemFio,62,500.1370310783386,B2-01,0,5
900,54:F0:B1:BC:77:82,,42,500.1370310783386,B2-01,0,5
901,54:F0:B1:BC:77:A0,eduroam,49,500.1370310783386,B2-01,0,5
902,54:F0:B1:BC:77:A1,PoliSemFio,47,500.1370310783386,B2-01,0,5
903,54:F0:B1:BC:7C:B0,eduroam,20,500.1370310783386,B2-01,0,5
904,54:F0:B1:BC:7C:B1,PoliSemFio,22,500.1370310783386,B2-01,0,5
905,54:F0:B1:BC:7C:B2,,20,500.1370310783386,B2-01,0,5
906,54:F0:B1:BC:8F:20,eduroam,27,500.1370310783386,B2-01,0,5
907,54:F0:B1:BC:8F:21,PoliSemFio,35,500.1370310783386,B2-01,0,5
908,54:F0:B1:BC:8F:22,,34,500.1370310783386,B2-01,0,5
909,68:FF:7B:47:78:BD,C1-22M-5G,29,500.1370310783386,B2-01,0,5
910,68:FF:7B:47:78:BE,C1-22M,85,500.1370310783386,B2-01,0,5
911,70:62:B8:6E:72:A0,PCS-wireless-C1-13,50,500.1370310783386,B2-01,0,5
912,70:62:B8:6E:72:A1,PPGEE,52,500.1370310783386,B2-01,0,5
913,84:D4:7E:06:4F:E0,eduroam,80,500.1370310783386,B2-01,0,5
914,84:D4:7E:06:4F:E1,PoliSemFio,67,500.1370310783386,B2-01,0,5
915,84:D4:7E:06:4F:E2,,67,500.1370310783386,B2-01,0,5
916,84:D4:7E:06:4F:F0,eduroam,30,500.1370310783386,B2-01,0,5
917,84:D4:7E:06:4F:F1,PoliSemFio,30,500.1370310783386,B2-01,0,5
918,AA:6B:AD:82:46:CC,DIRECT-cc-HP M132f LaserJet,22,500.1370310783386,B2-01,0,5
919,C4:6E:1F:AF:1B:AA,LPROT_Devices,24,500.1370310783386,B2-01,0,5
920,DC:9F:DB:1C:1F:D7,LWN-3,19,500.1370310783386,B2-01,0,5
921,DE:9F:DB:1C:1F:E0,LARC Guest,32,500.1370310783386,B2-01,0,5
922,EE:9F:DB:1C:1F:E0,,30,500.1370310783386,B2-01,0,5
923,F8:1A:67:99:55:8E,NUCLEAR_CHF,45,500.1370310783386,B2-01,0,5
924,FA:D0:27:3E:69:92,DIRECT-273EE992,22,500.1370310783386,B2-01,0,5
925,FE:9F:DB:1C:1F:E0,,29,500.1370310783386,B2-01,0,5
926,00:18:E7:FF:8C:98,dlink,40,502.8116822242737,B2-01,0,5
927,00:21:91:70:9D:EC,LAB-DIDATICO,45,502.8116822242737,B2-01,0,5
928,2A:56:5A:49:06:54,DIRECT-54-HP M132f LaserJet,19,502.8116822242737,B2-01,0,5
929,30:85:A9:69:F2:E4,PCS-Wireless-C2-22,42,502.8116822242737,B2-01,0,5
930,34:60:F9:A3:D9:13,GASWIFI-5G_C2,27,502.8116822242737,B2-01,0,5
931,34:60:F9:A3:D9:14,GASWIFI-2G_C2,22,502.8116822242737,B2-01,0,5
932,34:CE:00:51:3E:6F,Lab,50,502.8116822242737,B2-01,0,5
933,34:CE:00:51:3E:70,Lab_5G,19,502.8116822242737,B2-01,0,5
934,44:D2:44:DC:2E:01,PROJETOR_B2-06-EC89sIpciG1AUef,29,502.8116822242737,B2-01,0,5
935,48:00:20:34:D2:40,eduroam,27,502.8116822242737,B2-01,0,5
936,54:B8:0A:AA:2C:8C,LAB_DIGITAL,59,502.8116822242737,B2-01,0,5
937,54:B8:0A:AA:2C:8D,PCS-Wireless,57,502.8116822242737,B2-01,0,5
938,54:B8:0A:AA:2C:8E,LAB_DIGITAL-5GHz,12,502.8116822242737,B2-01,0,5
939,54:B8:0A:AA:2C:8F,PCS-Wireless-5GHz,14,502.8116822242737,B2-01,0,5
940,54:F0:B1:A1:18:C0,eduroam,25,502.8116822242737,B2-01,0,5
941,54:F0:B1:A1:18:C1,PoliSemFio,27,502.8116822242737,B2-01,0,5
942,54:F0:B1:A1:18:C2,,39,502.8116822242737,B2-01,0,5
943,54:F0:B1:A1:18:C3,MEZANINO,25,502.8116822242737,B2-01,0,5
944,54:F0:B1:A1:18:C4,GDLAB,27,502.8116822242737,B2-01,0,5
945,54:F0:B1:A1:18:C5,LABPAD,27,502.8116822242737,B2-01,0,5
946,54:F0:B1:A1:18:D0,eduroam,59,502.8116822242737,B2-01,0,5
947,54:F0:B1:A1:18:D1,PoliSemFio,60,502.8116822242737,B2-01,0,5
948,54:F0:B1:A1:18:D2,,59,502.8116822242737,B2-01,0,5
949,54:F0:B1:A1:18:D3,MEZANINO,60,502.8116822242737,B2-01,0,5
950,54:F0:B1:A1:18:D4,GDLAB,57,502.8116822242737,B2-01,0,5
951,54:F0:B1:A1:18:D5,LABPAD,54,502.8116822242737,B2-01,0,5
952,54:F0:B1:A1:57:F0,eduroam,17,502.8116822242737,B2-01,0,5
953,54:F0:B1:A1:57:F1,PoliSemFio,17,502.8116822242737,B2-01,0,5
954,54:F0:B1:A1:57:F2,,14,502.8116822242737,B2-01,0,5
955,54:F0:B1:A1:58:00,eduroam,37,502.8116822242737,B2-01,0,5
956,54:F0:B1:A1:58:01,PoliSemFio,37,502.8116822242737,B2-01,0,5
957,54:F0:B1:A1:58:02,,35,502.8116822242737,B2-01,0,5
958,54:F0:B1:A1:E4:F0,eduroam,20,502.8116822242737,B2-01,0,5
959,54:F0:B1:A1:E4:F1,PoliSemFio,20,502.8116822242737,B2-01,0,5
960,54:F0:B1:A1:E4:F2,,19,502.8116822242737,B2-01,0,5
961,54:F0:B1:A1:E5:00,eduroam,37,502.8116822242737,B2-01,0,5
962,54:F0:B1:A1:E5:01,PoliSemFio,40,502.8116822242737,B2-01,0,5
963,54:F0:B1:A1:E5:02,,40,502.8116822242737,B2-01,0,5
964,54:F0:B1:A2:37:E0,eduroam,29,502.8116822242737,B2-01,0,5
965,54:F0:B1:A2:37:E1,PoliSemFio,27,502.8116822242737,B2-01,0,5
966,54:F0:B1:A2:37:E2,,30,502.8116822242737,B2-01,0,5
967,54:F0:B1:A2:57:20,eduroam,15,502.8116822242737,B2-01,0,5
968,54:F0:B1:A2:57:21,PoliSemFio,15,502.8116822242737,B2-01,0,5
969,54:F0:B1:A2:57:23,LCA,12,502.8116822242737,B2-01,0,5
970,54:F0:B1:A2:57:30,eduroam,37,502.8116822242737,B2-01,0,5
971,54:F0:B1:A2:57:31,PoliSemFio,39,502.8116822242737,B2-01,0,5
972,54:F0:B1:A2:57:32,,44,502.8116822242737,B2-01,0,5
973,54:F0:B1:A2:57:33,LCA,44,502.8116822242737,B2-01,0,5
974,54:F0:B1:BB:7E:E0,eduroam,32,502.8116822242737,B2-01,0,5
975,54:F0:B1:BB:84:B0,eduroam,32,502.8116822242737,B2-01,0,5
976,54:F0:B1:BB:84:D0,eduroam,17,502.8116822242737,B2-01,0,5
977,54:F0:B1:BB:84:D1,PoliSemFio,17,502.8116822242737,B2-01,0,5
978,54:F0:B1:BB:84:D2,,17,502.8116822242737,B2-01,0,5
979,54:F0:B1:BB:92:C0,eduroam,34,502.8116822242737,B2-01,0,5
980,54:F0:B1:BB:92:C2,,30,502.8116822242737,B2-01,0,5
981,54:F0:B1:BB:92:E0,eduroam,15,502.8116822242737,B2-01,0,5
982,54:F0:B1:BB:92:E1,PoliSemFio,15,502.8116822242737,B2-01,0,5
983,54:F0:B1:BB:92:E2,,10,502.8116822242737,B2-01,0,5
984,54:F0:B1:BB:BE:12,,22,502.8116822242737,B2-01,0,5
985,54:F0:B1:BB:C4:D0,eduroam,47,502.8116822242737,B2-01,0,5
986,54:F0:B1:BB:C4:D1,PoliSemFio,47,502.8116822242737,B2-01,0,5
987,54:F0:B1:BB:C4:D2,,54,502.8116822242737,B2-01,0,5
988,54:F0:B1:BB:C4:F0,eduroam,24,502.8116822242737,B2-01,0,5
989,54:F0:B1:BB:C4:F1,PoliSemFio,24,502.8116822242737,B2-01,0,5
990,54:F0:B1:BB:C4:F2,,32,502.8116822242737,B2-01,0,5
991,54:F0:B1:BB:C5:C3,MEZANINO,25,502.8116822242737,B2-01,0,5
992,54:F0:B1:BB:C5:C5,LABPAD,37,502.8116822242737,B2-01,0,5
993,54:F0:B1:BB:C5:E5,LABPAD,4,502.8116822242737,B2-01,0,5
994,54:F0:B1:BB:CC:E0,B209,17,502.8116822242737,B2-01,0,5
995,54:F0:B1:BB:CC:E3,eduroam,27,502.8116822242737,B2-01,0,5
996,54:F0:B1:BB:F3:22,,25,502.8116822242737,B2-01,0,5
997,54:F0:B1:BC:09:40,eduroam,92,502.8116822242737,B2-01,0,5
998,54:F0:B1:BC:09:41,PoliSemFio,90,502.8116822242737,B2-01,0,5
999,54:F0:B1:BC:09:42,,55,502.8116822242737,B2-01,0,5
1000,54:F0:B1:BC:09:60,eduroam,72,502.8116822242737,B2-01,0,5
1001,54:F0:B1:BC:09:61,PoliSemFio,80,502.8116822242737,B2-01,0,5
1002,54:F0:B1:BC:2E:90,eduroam,35,502.8116822242737,B2-01,0,5
1003,54:F0:B1:BC:2E:91,PoliSemFio,50,502.8116822242737,B2-01,0,5
1004,54:F0:B1:BC:2E:B0,eduroam,30,502.8116822242737,B2-01,0,5
1005,54:F0:B1:BC:2E:B1,PoliSemFio,30,502.8116822242737,B2-01,0,5
1006,54:F0:B1:BC:2E:B2,,30,502.8116822242737,B2-01,0,5
1007,54:F0:B1:BC:36:10,PoliSemFio,30,502.8116822242737,B2-01,0,5
1008,54:F0:B1:BC:36:11,eduroam,30,502.8116822242737,B2-01,0,5
1009,54:F0:B1:BC:36:12,,30,502.8116822242737,B2-01,0,5
1010,54:F0:B1:BC:3F:10,eduroam,29,502.8116822242737,B2-01,0,5
1011,54:F0:B1:BC:3F:11,PoliSemFio,30,502.8116822242737,B2-01,0,5
1012,54:F0:B1:BC:65:B0,eduroam,39,502.8116822242737,B2-01,0,5
1013,54:F0:B1:BC:65:B1,PoliSemFio,45,502.8116822242737,B2-01,0,5
1014,54:F0:B1:BC:65:B2,,29,502.8116822242737,B2-01,0,5
1015,54:F0:B1:BC:65:D1,PoliSemFio,20,502.8116822242737,B2-01,0,5
1016,54:F0:B1:BC:6F:70,eduroam,22,502.8116822242737,B2-01,0,5
1017,54:F0:B1:BC:70:00,eduroam,34,502.8116822242737,B2-01,0,5
1018,54:F0:B1:BC:70:01,PoliSemFio,32,502.8116822242737,B2-01,0,5
1019,54:F0:B1:BC:70:02,,34,502.8116822242737,B2-01,0,5
1020,54:F0:B1:BC:70:20,eduroam,15,502.8116822242737,B2-01,0,5
1021,54:F0:B1:BC:70:21,PoliSemFio,17,502.8116822242737,B2-01,0,5
1022,54:F0:B1:BC:70:22,,15,502.8116822242737,B2-01,0,5
1023,54:F0:B1:BC:77:80,eduroam,65,502.8116822242737,B2-01,0,5
1024,54:F0:B1:BC:77:81,PoliSemFio,62,502.8116822242737,B2-01,0,5
1025,54:F0:B1:BC:77:82,,42,502.8116822242737,B2-01,0,5
1026,54:F0:B1:BC:77:A0,eduroam,49,502.8116822242737,B2-01,0,5
1027,54:F0:B1:BC:77:A1,PoliSemFio,47,502.8116822242737,B2-01,0,5
1028,54:F0:B1:BC:7C:B0,eduroam,20,502.8116822242737,B2-01,0,5
1029,54:F0:B1:BC:7C:B1,PoliSemFio,22,502.8116822242737,B2-01,0,5
1030,54:F0:B1:BC:7C:B2,,20,502.8116822242737,B2-01,0,5
1031,54:F0:B1:BC:8F:20,eduroam,27,502.8116822242737,B2-01,0,5
1032,54:F0:B1:BC:8F:21,PoliSemFio,35,502.8116822242737,B2-01,0,5
1033,54:F0:B1:BC:8F:22,,34,502.8116822242737,B2-01,0,5
1034,68:FF:7B:47:78:BD,C1-22M-5G,29,502.8116822242737,B2-01,0,5
1035,68:FF:7B:47:78:BE,C1-22M,85,502.8116822242737,B2-01,0,5
1036,70:62:B8:6E:72:A0,PCS-wireless-C1-13,50,502.8116822242737,B2-01,0,5
1037,70:62:B8:6E:72:A1,PPGEE,52,502.8116822242737,B2-01,0,5
1038,84:D4:7E:06:4F:E0,eduroam,80,502.8116822242737,B2-01,0,5
1039,84:D4:7E:06:4F:E1,PoliSemFio,67,502.8116822242737,B2-01,0,5
1040,84:D4:7E:06:4F:E2,,67,502.8116822242737,B2-01,0,5
1041,84:D4:7E:06:4F:F0,eduroam,30,502.8116822242737,B2-01,0,5
1042,84:D4:7E:06:4F:F1,PoliSemFio,30,502.8116822242737,B2-01,0,5
1043,AA:6B:AD:82:46:CC,DIRECT-cc-HP M132f LaserJet,22,502.8116822242737,B2-01,0,5
1044,C4:6E:1F:AF:1B:AA,LPROT_Devices,24,502.8116822242737,B2-01,0,5
1045,DC:9F:DB:1C:1F:D7,LWN-3,19,502.8116822242737,B2-01,0,5
1046,DE:9F:DB:1C:1F:E0,LARC Guest,32,502.8116822242737,B2-01,0,5
1047,EE:9F:DB:1C:1F:E0,,30,502.8116822242737,B2-01,0,5
1048,F8:1A:67:99:55:8E,NUCLEAR_CHF,45,502.8116822242737,B2-01,0,5
1049,FA:D0:27:3E:69:92,DIRECT-273EE992,22,502.8116822242737,B2-01,0,5
1050,FE:9F:DB:1C:1F:E0,,29,502.8116822242737,B2-01,0,5
1051,00:18:E7:FF:8C:98,dlink,35,509.0717215538025,B2-01,0,5
1052,00:21:91:70:9D:EC,LAB-DIDATICO,29,509.0717215538025,B2-01,0,5
1053,30:85:A9:69:F2:E4,PCS-Wireless-C2-22,42,509.0717215538025,B2-01,0,5
1054,34:60:F9:A3:D9:13,GASWIFI-5G_C2,25,509.0717215538025,B2-01,0,5
1055,34:60:F9:A3:D9:14,GASWIFI-2G_C2,22,509.0717215538025,B2-01,0,5
1056,34:CE:00:51:3E:6F,Lab,45,509.0717215538025,B2-01,0,5
1057,34:CE:00:51:3E:70,Lab_5G,15,509.0717215538025,B2-01,0,5
1058,44:D2:44:DC:2E:01,PROJETOR_B2-06-EC89sIpciG1AUef,29,509.0717215538025,B2-01,0,5
1059,48:00:20:34:D2:40,eduroam,27,509.0717215538025,B2-01,0,5
1060,54:B8:0A:AA:2C:8C,LAB_DIGITAL,45,509.0717215538025,B2-01,0,5
1061,54:B8:0A:AA:2C:8D,PCS-Wireless,47,509.0717215538025,B2-01,0,5
1062,54:B8:0A:AA:2C:8E,LAB_DIGITAL-5GHz,15,509.0717215538025,B2-01,0,5
1063,54:B8:0A:AA:2C:8F,PCS-Wireless-5GHz,15,509.0717215538025,B2-01,0,5
1064,54:F0:B1:A1:18:C0,eduroam,42,509.0717215538025,B2-01,0,5
1065,54:F0:B1:A1:18:C1,PoliSemFio,42,509.0717215538025,B2-01,0,5
1066,54:F0:B1:A1:18:C2,,39,509.0717215538025,B2-01,0,5
1067,54:F0:B1:A1:18:C3,MEZANINO,42,509.0717215538025,B2-01,0,5
1068,54:F0:B1:A1:18:C4,GDLAB,42,509.0717215538025,B2-01,0,5
1069,54:F0:B1:A1:18:C5,LABPAD,42,509.0717215538025,B2-01,0,5
1070,54:F0:B1:A1:18:D0,eduroam,42,509.0717215538025,B2-01,0,5
1071,54:F0:B1:A1:18:D1,PoliSemFio,50,509.0717215538025,B2-01,0,5
1072,54:F0:B1:A1:18:D2,,49,509.0717215538025,B2-01,0,5
1073,54:F0:B1:A1:18:D3,MEZANINO,60,509.0717215538025,B2-01,0,5
1074,54:F0:B1:A1:18:D4,GDLAB,40,509.0717215538025,B2-01,0,5
1075,54:F0:B1:A1:18:D5,LABPAD,40,509.0717215538025,B2-01,0,5
1076,54:F0:B1:A1:57:F0,eduroam,17,509.0717215538025,B2-01,0,5
1077,54:F0:B1:A1:57:F1,PoliSemFio,17,509.0717215538025,B2-01,0,5
1078,54:F0:B1:A1:57:F2,,14,509.0717215538025,B2-01,0,5
1079,54:F0:B1:A1:58:00,eduroam,30,509.0717215538025,B2-01,0,5
1080,54:F0:B1:A1:58:01,PoliSemFio,37,509.0717215538025,B2-01,0,5
1081,54:F0:B1:A1:58:02,,35,509.0717215538025,B2-01,0,5
1082,54:F0:B1:A1:E4:F0,eduroam,20,509.0717215538025,B2-01,0,5
1083,54:F0:B1:A1:E4:F1,PoliSemFio,20,509.0717215538025,B2-01,0,5
1084,54:F0:B1:A1:E4:F2,,19,509.0717215538025,B2-01,0,5
1085,54:F0:B1:A1:E5:00,eduroam,40,509.0717215538025,B2-01,0,5
1086,54:F0:B1:A1:E5:01,PoliSemFio,39,509.0717215538025,B2-01,0,5
1087,54:F0:B1:A1:E5:02,,39,509.0717215538025,B2-01,0,5
1088,54:F0:B1:A2:37:E0,eduroam,29,509.0717215538025,B2-01,0,5
1089,54:F0:B1:A2:37:E1,PoliSemFio,27,509.0717215538025,B2-01,0,5
1090,54:F0:B1:A2:37:E2,,30,509.0717215538025,B2-01,0,5
1091,54:F0:B1:A2:57:20,eduroam,22,509.0717215538025,B2-01,0,5
1092,54:F0:B1:A2:57:21,PoliSemFio,20,509.0717215538025,B2-01,0,5
1093,54:F0:B1:A2:57:23,LCA,22,509.0717215538025,B2-01,0,5
1094,54:F0:B1:A2:57:30,eduroam,37,509.0717215538025,B2-01,0,5
1095,54:F0:B1:A2:57:31,PoliSemFio,39,509.0717215538025,B2-01,0,5
1096,54:F0:B1:A2:57:32,,37,509.0717215538025,B2-01,0,5
1097,54:F0:B1:A2:57:33,LCA,44,509.0717215538025,B2-01,0,5
1098,54:F0:B1:BB:84:B0,eduroam,32,509.0717215538025,B2-01,0,5
1099,54:F0:B1:BB:84:D0,eduroam,17,509.0717215538025,B2-01,0,5
1100,54:F0:B1:BB:84:D1,PoliSemFio,17,509.0717215538025,B2-01,0,5
1101,54:F0:B1:BB:84:D2,,17,509.0717215538025,B2-01,0,5
1102,54:F0:B1:BB:92:C0,eduroam,34,509.0717215538025,B2-01,0,5
1103,54:F0:B1:BB:92:C2,,32,509.0717215538025,B2-01,0,5
1104,54:F0:B1:BB:92:E0,eduroam,15,509.0717215538025,B2-01,0,5
1105,54:F0:B1:BB:92:E1,PoliSemFio,15,509.0717215538025,B2-01,0,5
1106,54:F0:B1:BB:BE:12,,22,509.0717215538025,B2-01,0,5
1107,54:F0:B1:BB:C4:D0,eduroam,39,509.0717215538025,B2-01,0,5
1108,54:F0:B1:BB:C4:D1,PoliSemFio,34,509.0717215538025,B2-01,0,5
1109,54:F0:B1:BB:C4:D2,,37,509.0717215538025,B2-01,0,5
1110,54:F0:B1:BB:C4:F0,eduroam,24,509.0717215538025,B2-01,0,5
1111,54:F0:B1:BB:C4:F1,PoliSemFio,24,509.0717215538025,B2-01,0,5
1112,54:F0:B1:BB:C5:C3,MEZANINO,25,509.0717215538025,B2-01,0,5
1113,54:F0:B1:BB:C5:C5,LABPAD,37,509.0717215538025,B2-01,0,5
1114,54:F0:B1:BB:CC:E3,eduroam,17,509.0717215538025,B2-01,0,5
1115,54:F0:B1:BB:F3:22,,25,509.0717215538025,B2-01,0,5
1116,54:F0:B1:BB:FD:D0,eduroam,19,509.0717215538025,B2-01,0,5
1117,54:F0:B1:BC:09:40,eduroam,89,509.0717215538025,B2-01,0,5
1118,54:F0:B1:BC:09:41,PoliSemFio,85,509.0717215538025,B2-01,0,5
1119,54:F0:B1:BC:09:42,,85,509.0717215538025,B2-01,0,5
1120,54:F0:B1:BC:09:60,eduroam,47,509.0717215538025,B2-01,0,5
1121,54:F0:B1:BC:09:61,PoliSemFio,54,509.0717215538025,B2-01,0,5
1122,54:F0:B1:BC:2E:90,eduroam,35,509.0717215538025,B2-01,0,5
1123,54:F0:B1:BC:2E:91,PoliSemFio,47,509.0717215538025,B2-01,0,5
1124,54:F0:B1:BC:2E:B0,eduroam,20,509.0717215538025,B2-01,0,5
1125,54:F0:B1:BC:2E:B1,PoliSemFio,19,509.0717215538025,B2-01,0,5
1126,54:F0:B1:BC:2E:B2,,30,509.0717215538025,B2-01,0,5
1127,54:F0:B1:BC:36:10,PoliSemFio,30,509.0717215538025,B2-01,0,5
1128,54:F0:B1:BC:36:11,eduroam,29,509.0717215538025,B2-01,0,5
1129,54:F0:B1:BC:36:12,,30,509.0717215538025,B2-01,0,5
1130,54:F0:B1:BC:3F:10,eduroam,17,509.0717215538025,B2-01,0,5
1131,54:F0:B1:BC:3F:11,PoliSemFio,30,509.0717215538025,B2-01,0,5
1132,54:F0:B1:BC:65:B2,,29,509.0717215538025,B2-01,0,5
1133,54:F0:B1:BC:65:D1,PoliSemFio,20,509.0717215538025,B2-01,0,5
1134,54:F0:B1:BC:6F:70,eduroam,24,509.0717215538025,B2-01,0,5
1135,54:F0:B1:BC:70:00,eduroam,27,509.0717215538025,B2-01,0,5
1136,54:F0:B1:BC:70:01,PoliSemFio,32,509.0717215538025,B2-01,0,5
1137,54:F0:B1:BC:70:02,,34,509.0717215538025,B2-01,0,5
1138,54:F0:B1:BC:70:20,eduroam,19,509.0717215538025,B2-01,0,5
1139,54:F0:B1:BC:70:21,PoliSemFio,19,509.0717215538025,B2-01,0,5
1140,54:F0:B1:BC:77:80,eduroam,57,509.0717215538025,B2-01,0,5
1141,54:F0:B1:BC:77:81,PoliSemFio,60,509.0717215538025,B2-01,0,5
1142,54:F0:B1:BC:77:82,,60,509.0717215538025,B2-01,0,5
1143,54:F0:B1:BC:77:A0,eduroam,27,509.0717215538025,B2-01,0,5
1144,54:F0:B1:BC:77:A1,PoliSemFio,47,509.0717215538025,B2-01,0,5
1145,54:F0:B1:BC:7C:B0,eduroam,20,509.0717215538025,B2-01,0,5
1146,54:F0:B1:BC:7C:B1,PoliSemFio,22,509.0717215538025,B2-01,0,5
1147,54:F0:B1:BC:7C:B2,,20,509.0717215538025,B2-01,0,5
1148,54:F0:B1:BC:8F:20,eduroam,27,509.0717215538025,B2-01,0,5
1149,54:F0:B1:BC:8F:21,PoliSemFio,35,509.0717215538025,B2-01,0,5
1150,54:F0:B1:BC:8F:22,,29,509.0717215538025,B2-01,0,5
1151,68:FF:7B:47:78:BD,C1-22M-5G,12,509.0717215538025,B2-01,0,5
1152,68:FF:7B:47:78:BE,C1-22M,74,509.0717215538025,B2-01,0,5
1153,70:62:B8:6E:72:A0,PCS-wireless-C1-13,60,509.0717215538025,B2-01,0,5
1154,70:62:B8:6E:72:A1,PPGEE,59,509.0717215538025,B2-01,0,5
1155,84:D4:7E:06:4F:E0,eduroam,59,509.0717215538025,B2-01,0,5
1156,84:D4:7E:06:4F:E1,PoliSemFio,67,509.0717215538025,B2-01,0,5
1157,84:D4:7E:06:4F:E2,,67,509.0717215538025,B2-01,0,5
1158,84:D4:7E:06:4F:F0,eduroam,37,509.0717215538025,B2-01,0,5
1159,84:D4:7E:06:4F:F1,PoliSemFio,37,509.0717215538025,B2-01,0,5
1160,B6:4E:26:4B:84:C2,C2-01-Guest,24,509.0717215538025,B2-01,0,5
1161,C4:6E:1F:AF:1B:AA,LPROT_Devices,24,509.0717215538025,B2-01,0,5
1162,DC:9F:DB:1C:1F:D7,LWN-3,19,509.0717215538025,B2-01,0,5
1163,DE:9F:DB:1C:1F:E0,LARC Guest,32,509.0717215538025,B2-01,0,5
1164,EE:9F:DB:1C:1F:E0,,29,509.0717215538025,B2-01,0,5
1165,F8:1A:67:99:55:8E,NUCLEAR_CHF,40,509.0717215538025,B2-01,0,5
1166,FA:D0:27:3E:69:92,DIRECT-273EE992,22,509.0717215538025,B2-01,0,5
1167,FE:9F:DB:1C:1F:E0,,29,509.0717215538025,B2-01,0,5
1168,00:18:E7:FF:8C:98,dlink,35,515.3256816864014,B2-01,0,5
1169,00:21:91:70:9D:EC,LAB-DIDATICO,29,515.3256816864014,B2-01,0,5
1170,30:85:A9:69:F2:E4,PCS-Wireless-C2-22,40,515.3256816864014,B2-01,0,5
1171,34:60:F9:A3:D9:13,GASWIFI-5G_C2,27,515.3256816864014,B2-01,0,5
1172,34:60:F9:A3:D9:14,GASWIFI-2G_C2,22,515.3256816864014,B2-01,0,5
1173,34:CE:00:51:3E:6F,Lab,52,515.3256816864014,B2-01,0,5
1174,34:CE:00:51:3E:70,Lab_5G,9,515.3256816864014,B2-01,0,5
1175,3A:60:F9:A3:D9:14,,24,515.3256816864014,B2-01,0,5
1176,44:D2:44:DC:2E:01,PROJETOR_B2-06-EC89sIpciG1AUef,20,515.3256816864014,B2-01,0,5
1177,48:00:20:34:D2:40,eduroam,27,515.3256816864014,B2-01,0,5
1178,54:B8:0A:AA:2C:8C,LAB_DIGITAL,47,515.3256816864014,B2-01,0,5
1179,54:B8:0A:AA:2C:8D,PCS-Wireless,49,515.3256816864014,B2-01,0,5
1180,54:B8:0A:AA:2C:8E,LAB_DIGITAL-5GHz,19,515.3256816864014,B2-01,0,5
1181,54:B8:0A:AA:2C:8F,PCS-Wireless-5GHz,20,515.3256816864014,B2-01,0,5
1182,54:F0:B1:A1:18:C0,eduroam,27,515.3256816864014,B2-01,0,5
1183,54:F0:B1:A1:18:C1,PoliSemFio,27,515.3256816864014,B2-01,0,5
1184,54:F0:B1:A1:18:C3,MEZANINO,27,515.3256816864014,B2-01,0,5
1185,54:F0:B1:A1:18:C4,GDLAB,29,515.3256816864014,B2-01,0,5
1186,54:F0:B1:A1:18:C5,LABPAD,27,515.3256816864014,B2-01,0,5
1187,54:F0:B1:A1:18:D0,eduroam,50,515.3256816864014,B2-01,0,5
1188,54:F0:B1:A1:18:D1,PoliSemFio,49,515.3256816864014,B2-01,0,5
1189,54:F0:B1:A1:18:D2,,49,515.3256816864014,B2-01,0,5
1190,54:F0:B1:A1:18:D3,MEZANINO,60,515.3256816864014,B2-01,0,5
1191,54:F0:B1:A1:18:D4,GDLAB,52,515.3256816864014,B2-01,0,5
1192,54:F0:B1:A1:18:D5,LABPAD,52,515.3256816864014,B2-01,0,5
1193,54:F0:B1:A1:57:F0,eduroam,17,515.3256816864014,B2-01,0,5
1194,54:F0:B1:A1:57:F1,PoliSemFio,17,515.3256816864014,B2-01,0,5
1195,54:F0:B1:A1:57:F2,,14,515.3256816864014,B2-01,0,5
1196,54:F0:B1:A1:58:00,eduroam,30,515.3256816864014,B2-01,0,5
1197,54:F0:B1:A1:58:01,PoliSemFio,37,515.3256816864014,B2-01,0,5
1198,54:F0:B1:A1:58:02,,29,515.3256816864014,B2-01,0,5
1199,54:F0:B1:A1:E4:F0,eduroam,20,515.3256816864014,B2-01,0,5
1200,54:F0:B1:A1:E4:F1,PoliSemFio,20,515.3256816864014,B2-01,0,5
1201,54:F0:B1:A1:E4:F2,,19,515.3256816864014,B2-01,0,5
1202,54:F0:B1:A1:E5:00,eduroam,40,515.3256816864014,B2-01,0,5
1203,54:F0:B1:A1:E5:01,PoliSemFio,39,515.3256816864014,B2-01,0,5
1204,54:F0:B1:A1:E5:02,,39,515.3256816864014,B2-01,0,5
1205,54:F0:B1:A2:37:E0,eduroam,29,515.3256816864014,B2-01,0,5
1206,54:F0:B1:A2:37:E1,PoliSemFio,27,515.3256816864014,B2-01,0,5
1207,54:F0:B1:A2:37:E2,,30,515.3256816864014,B2-01,0,5
1208,54:F0:B1:A2:57:20,eduroam,22,515.3256816864014,B2-01,0,5
1209,54:F0:B1:A2:57:21,PoliSemFio,20,515.3256816864014,B2-01,0,5
1210,54:F0:B1:A2:57:23,LCA,22,515.3256816864014,B2-01,0,5
1211,54:F0:B1:A2:57:30,eduroam,37,515.3256816864014,B2-01,0,5
1212,54:F0:B1:A2:57:31,PoliSemFio,39,515.3256816864014,B2-01,0,5
1213,54:F0:B1:A2:57:32,,37,515.3256816864014,B2-01,0,5
1214,54:F0:B1:A2:57:33,LCA,44,515.3256816864014,B2-01,0,5
1215,54:F0:B1:BB:5A:80,eduroam,27,515.3256816864014,B2-01,0,5
1216,54:F0:B1:BB:5A:81,PoliSemFio,25,515.3256816864014,B2-01,0,5
1217,54:F0:B1:BB:5A:82,HACKER,24,515.3256816864014,B2-01,0,5
1218,54:F0:B1:BB:7E:E0,eduroam,27,515.3256816864014,B2-01,0,5
1219,54:F0:B1:BB:84:B0,eduroam,25,515.3256816864014,B2-01,0,5
1220,54:F0:B1:BB:84:D0,eduroam,24,515.3256816864014,B2-01,0,5
1221,54:F0:B1:BB:84:D1,PoliSemFio,22,515.3256816864014,B2-01,0,5
1222,54:F0:B1:BB:84:D2,,17,515.3256816864014,B2-01,0,5
1223,54:F0:B1:BB:92:C0,eduroam,34,515.3256816864014,B2-01,0,5
1224,54:F0:B1:BB:92:C2,,30,515.3256816864014,B2-01,0,5
1225,54:F0:B1:BB:BE:12,,22,515.3256816864014,B2-01,0,5
1226,54:F0:B1:BB:C4:D0,eduroam,39,515.3256816864014,B2-01,0,5
1227,54:F0:B1:BB:C4:D1,PoliSemFio,34,515.3256816864014,B2-01,0,5
1228,54:F0:B1:BB:C4:D2,,54,515.3256816864014,B2-01,0,5
1229,54:F0:B1:BB:C4:F0,eduroam,19,515.3256816864014,B2-01,0,5
1230,54:F0:B1:BB:C4:F1,PoliSemFio,17,515.3256816864014,B2-01,0,5
1231,54:F0:B1:BB:C5:C3,MEZANINO,25,515.3256816864014,B2-01,0,5
1232,54:F0:B1:BB:C5:C5,LABPAD,37,515.3256816864014,B2-01,0,5
1233,54:F0:B1:BB:CC:E3,eduroam,10,515.3256816864014,B2-01,0,5
1234,54:F0:B1:BB:D1:90,eduroam,22,515.3256816864014,B2-01,0,5
1235,54:F0:B1:BB:F3:20,eduroam,27,515.3256816864014,B2-01,0,5
1236,54:F0:B1:BB:F3:22,,25,515.3256816864014,B2-01,0,5
1237,54:F0:B1:BB:FD:D0,eduroam,17,515.3256816864014,B2-01,0,5
1238,54:F0:B1:BB:FD:D1,PoliSemFio,22,515.3256816864014,B2-01,0,5
1239,54:F0:B1:BC:09:40,eduroam,79,515.3256816864014,B2-01,0,5
1240,54:F0:B1:BC:09:41,PoliSemFio,77,515.3256816864014,B2-01,0,5
1241,54:F0:B1:BC:09:42,,85,515.3256816864014,B2-01,0,5
1242,54:F0:B1:BC:09:60,eduroam,62,515.3256816864014,B2-01,0,5
1243,54:F0:B1:BC:09:61,PoliSemFio,54,515.3256816864014,B2-01,0,5
1244,54:F0:B1:BC:2E:90,eduroam,65,515.3256816864014,B2-01,0,5
1245,54:F0:B1:BC:2E:91,PoliSemFio,47,515.3256816864014,B2-01,0,5
1246,54:F0:B1:BC:2E:B0,eduroam,25,515.3256816864014,B2-01,0,5
1247,54:F0:B1:BC:2E:B1,PoliSemFio,25,515.3256816864014,B2-01,0,5
1248,54:F0:B1:BC:2E:B2,,25,515.3256816864014,B2-01,0,5
1249,54:F0:B1:BC:2F:50,eduroam,10,515.3256816864014,B2-01,0,5
1250,54:F0:B1:BC:36:10,PoliSemFio,30,515.3256816864014,B2-01,0,5
1251,54:F0:B1:BC:36:11,eduroam,29,515.3256816864014,B2-01,0,5
1252,54:F0:B1:BC:36:12,,27,515.3256816864014,B2-01,0,5
1253,54:F0:B1:BC:3F:10,eduroam,17,515.3256816864014,B2-01,0,5
1254,54:F0:B1:BC:3F:11,PoliSemFio,30,515.3256816864014,B2-01,0,5
1255,54:F0:B1:BC:3F:12,,25,515.3256816864014,B2-01,0,5
1256,54:F0:B1:BC:65:B2,,29,515.3256816864014,B2-01,0,5
1257,54:F0:B1:BC:65:D1,PoliSemFio,20,515.3256816864014,B2-01,0,5
1258,54:F0:B1:BC:6F:70,eduroam,20,515.3256816864014,B2-01,0,5
1259,54:F0:B1:BC:6F:71,PoliSemFio,20,515.3256816864014,B2-01,0,5
1260,54:F0:B1:BC:6F:72,,20,515.3256816864014,B2-01,0,5
1261,54:F0:B1:BC:70:00,eduroam,27,515.3256816864014,B2-01,0,5
1262,54:F0:B1:BC:70:01,PoliSemFio,32,515.3256816864014,B2-01,0,5
1263,54:F0:B1:BC:70:02,,34,515.3256816864014,B2-01,0,5
1264,54:F0:B1:BC:70:20,eduroam,12,515.3256816864014,B2-01,0,5
1265,54:F0:B1:BC:70:21,PoliSemFio,14,515.3256816864014,B2-01,0,5
1266,54:F0:B1:BC:76:C0,eduroam,14,515.3256816864014,B2-01,0,5
1267,54:F0:B1:BC:77:80,eduroam,59,515.3256816864014,B2-01,0,5
1268,54:F0:B1:BC:77:81,PoliSemFio,70,515.3256816864014,B2-01,0,5
1269,54:F0:B1:BC:77:82,,70,515.3256816864014,B2-01,0,5
1270,54:F0:B1:BC:77:A0,eduroam,50,515.3256816864014,B2-01,0,5
1271,54:F0:B1:BC:77:A1,PoliSemFio,50,515.3256816864014,B2-01,0,5
1272,54:F0:B1:BC:7C:B0,eduroam,20,515.3256816864014,B2-01,0,5
1273,54:F0:B1:BC:7C:B1,PoliSemFio,22,515.3256816864014,B2-01,0,5
1274,54:F0:B1:BC:7C:B2,,20,515.3256816864014,B2-01,0,5
1275,54:F0:B1:BC:8F:20,eduroam,27,515.3256816864014,B2-01,0,5
1276,54:F0:B1:BC:8F:21,PoliSemFio,35,515.3256816864014,B2-01,0,5
1277,54:F0:B1:BC:8F:22,,29,515.3256816864014,B2-01,0,5
1278,68:FF:7B:47:78:BD,C1-22M-5G,32,515.3256816864014,B2-01,0,5
1279,68:FF:7B:47:78:BE,C1-22M,74,515.3256816864014,B2-01,0,5
1280,70:62:B8:6E:72:A0,PCS-wireless-C1-13,57,515.3256816864014,B2-01,0,5
1281,70:62:B8:6E:72:A1,PPGEE,59,515.3256816864014,B2-01,0,5
1282,70:62:B8:6E:72:A2,PCS-wireless-C1-13-5GHz,12,515.3256816864014,B2-01,0,5
1283,70:62:B8:6E:72:A3,PPGEE-5GHz,12,515.3256816864014,B2-01,0,5
1284,84:D4:7E:06:4F:E0,eduroam,59,515.3256816864014,B2-01,0,5
1285,84:D4:7E:06:4F:E1,PoliSemFio,77,515.3256816864014,B2-01,0,5
1286,84:D4:7E:06:4F:E2,,77,515.3256816864014,B2-01,0,5
1287,84:D4:7E:06:4F:F0,eduroam,37,515.3256816864014,B2-01,0,5
1288,84:D4:7E:06:4F:F1,PoliSemFio,37,515.3256816864014,B2-01,0,5
1289,B6:4E:26:4B:84:C2,C2-01-Guest,24,515.3256816864014,B2-01,0,5
1290,DC:9F:DB:1C:1F:D7,LWN-3,19,515.3256816864014,B2-01,0,5
1291,DE:9F:DB:1C:1F:E0,LARC Guest,29,515.3256816864014,B2-01,0,5
1292,EE:9F:DB:1C:1F:E0,,29,515.3256816864014,B2-01,0,5
1293,F8:1A:67:99:55:8E,NUCLEAR_CHF,40,515.3256816864014,B2-01,0,5
1294,FA:D0:27:3E:69:92,DIRECT-273EE992,22,515.3256816864014,B2-01,0,5
1295,FE:9F:DB:1C:1F:E0,,29,515.3256816864014,B2-01,0,5
1296,00:18:E7:FF:8C:98,dlink,35,521.5856666564941,B2-01,0,5
1297,00:21:91:70:9D:EC,LAB-DIDATICO,29,521.5856666564941,B2-01,0,5
1298,30:85:A9:69:F2:E4,PCS-Wireless-C2-22,40,521.5856666564941,B2-01,0,5
1299,34:60:F9:A3:D9:13,GASWIFI-5G_C2,27,521.5856666564941,B2-01,0,5
1300,34:60:F9:A3:D9:14,GASWIFI-2G_C2,22,521.5856666564941,B2-01,0,5
1301,34:CE:00:51:3E:6F,Lab,52,521.5856666564941,B2-01,0,5
1302,34:CE:00:51:3E:70,Lab_5G,9,521.5856666564941,B2-01,0,5
1303,3A:60:F9:A3:D9:14,,24,521.5856666564941,B2-01,0,5
1304,44:D2:44:DC:2E:01,PROJETOR_B2-06-EC89sIpciG1AUef,20,521.5856666564941,B2-01,0,5
1305,48:00:20:34:D2:40,eduroam,27,521.5856666564941,B2-01,0,5
1306,54:B8:0A:AA:2C:8C,LAB_DIGITAL,47,521.5856666564941,B2-01,0,5
1307,54:B8:0A:AA:2C:8D,PCS-Wireless,49,521.5856666564941,B2-01,0,5
1308,54:B8:0A:AA:2C:8E,LAB_DIGITAL-5GHz,19,521.5856666564941,B2-01,0,5
1309,54:B8:0A:AA:2C:8F,PCS-Wireless-5GHz,20,521.5856666564941,B2-01,0,5
1310,54:F0:B1:A1:18:C0,eduroam,27,521.5856666564941,B2-01,0,5
1311,54:F0:B1:A1:18:C1,PoliSemFio,27,521.5856666564941,B2-01,0,5
1312,54:F0:B1:A1:18:C3,MEZANINO,27,521.5856666564941,B2-01,0,5
1313,54:F0:B1:A1:18:C4,GDLAB,29,521.5856666564941,B2-01,0,5
1314,54:F0:B1:A1:18:C5,LABPAD,27,521.5856666564941,B2-01,0,5
1315,54:F0:B1:A1:18:D0,eduroam,50,521.5856666564941,B2-01,0,5
1316,54:F0:B1:A1:18:D1,PoliSemFio,49,521.5856666564941,B2-01,0,5
1317,54:F0:B1:A1:18:D2,,49,521.5856666564941,B2-01,0,5
1318,54:F0:B1:A1:18:D3,MEZANINO,60,521.5856666564941,B2-01,0,5
1319,54:F0:B1:A1:18:D4,GDLAB,52,521.5856666564941,B2-01,0,5
1320,54:F0:B1:A1:18:D5,LABPAD,52,521.5856666564941,B2-01,0,5
1321,54:F0:B1:A1:57:F0,eduroam,17,521.5856666564941,B2-01,0,5
1322,54:F0:B1:A1:57:F1,PoliSemFio,17,521.5856666564941,B2-01,0,5
1323,54:F0:B1:A1:57:F2,,14,521.5856666564941,B2-01,0,5
1324,54:F0:B1:A1:58:00,eduroam,30,521.5856666564941,B2-01,0,5
1325,54:F0:B1:A1:58:01,PoliSemFio,37,521.5856666564941,B2-01,0,5
1326,54:F0:B1:A1:58:02,,29,521.5856666564941,B2-01,0,5
1327,54:F0:B1:A1:E4:F0,eduroam,20,521.5856666564941,B2-01,0,5
1328,54:F0:B1:A1:E4:F1,PoliSemFio,20,521.5856666564941,B2-01,0,5
1329,54:F0:B1:A1:E4:F2,,19,521.5856666564941,B2-01,0,5
1330,54:F0:B1:A1:E5:00,eduroam,40,521.5856666564941,B2-01,0,5
1331,54:F0:B1:A1:E5:01,PoliSemFio,39,521.5856666564941,B2-01,0,5
1332,54:F0:B1:A1:E5:02,,39,521.5856666564941,B2-01,0,5
1333,54:F0:B1:A2:37:E0,eduroam,29,521.5856666564941,B2-01,0,5
1334,54:F0:B1:A2:37:E1,PoliSemFio,27,521.5856666564941,B2-01,0,5
1335,54:F0:B1:A2:37:E2,,30,521.5856666564941,B2-01,0,5
1336,54:F0:B1:A2:57:20,eduroam,22,521.5856666564941,B2-01,0,5
1337,54:F0:B1:A2:57:21,PoliSemFio,20,521.5856666564941,B2-01,0,5
1338,54:F0:B1:A2:57:23,LCA,22,521.5856666564941,B2-01,0,5
1339,54:F0:B1:A2:57:30,eduroam,37,521.5856666564941,B2-01,0,5
1340,54:F0:B1:A2:57:31,PoliSemFio,39,521.5856666564941,B2-01,0,5
1341,54:F0:B1:A2:57:32,,37,521.5856666564941,B2-01,0,5
1342,54:F0:B1:A2:57:33,LCA,44,521.5856666564941,B2-01,0,5
1343,54:F0:B1:BB:5A:80,eduroam,27,521.5856666564941,B2-01,0,5
1344,54:F0:B1:BB:5A:81,PoliSemFio,25,521.5856666564941,B2-01,0,5
1345,54:F0:B1:BB:5A:82,HACKER,24,521.5856666564941,B2-01,0,5
1346,54:F0:B1:BB:7E:E0,eduroam,27,521.5856666564941,B2-01,0,5
1347,54:F0:B1:BB:84:B0,eduroam,25,521.5856666564941,B2-01,0,5
1348,54:F0:B1:BB:84:D0,eduroam,24,521.5856666564941,B2-01,0,5
1349,54:F0:B1:BB:84:D1,PoliSemFio,22,521.5856666564941,B2-01,0,5
1350,54:F0:B1:BB:84:D2,,17,521.5856666564941,B2-01,0,5
1351,54:F0:B1:BB:92:C0,eduroam,34,521.5856666564941,B2-01,0,5
1352,54:F0:B1:BB:92:C2,,30,521.5856666564941,B2-01,0,5
1353,54:F0:B1:BB:BE:12,,22,521.5856666564941,B2-01,0,5
1354,54:F0:B1:BB:C4:D0,eduroam,39,521.5856666564941,B2-01,0,5
1355,54:F0:B1:BB:C4:D1,PoliSemFio,34,521.5856666564941,B2-01,0,5
1356,54:F0:B1:BB:C4:D2,,54,521.5856666564941,B2-01,0,5
1357,54:F0:B1:BB:C4:F0,eduroam,19,521.5856666564941,B2-01,0,5
1358,54:F0:B1:BB:C4:F1,PoliSemFio,17,521.5856666564941,B2-01,0,5
1359,54:F0:B1:BB:C5:C3,MEZANINO,25,521.5856666564941,B2-01,0,5
1360,54:F0:B1:BB:C5:C5,LABPAD,37,521.5856666564941,B2-01,0,5
1361,54:F0:B1:BB:CC:E3,eduroam,10,521.5856666564941,B2-01,0,5
1362,54:F0:B1:BB:D1:90,eduroam,22,521.5856666564941,B2-01,0,5
1363,54:F0:B1:BB:F3:20,eduroam,27,521.5856666564941,B2-01,0,5
1364,54:F0:B1:BB:F3:22,,25,521.5856666564941,B2-01,0,5
1365,54:F0:B1:BB:FD:D0,eduroam,17,521.5856666564941,B2-01,0,5
1366,54:F0:B1:BB:FD:D1,PoliSemFio,22,521.5856666564941,B2-01,0,5
1367,54:F0:B1:BC:09:40,eduroam,79,521.5856666564941,B2-01,0,5
1368,54:F0:B1:BC:09:41,PoliSemFio,77,521.5856666564941,B2-01,0,5
1369,54:F0:B1:BC:09:42,,85,521.5856666564941,B2-01,0,5
1370,54:F0:B1:BC:09:60,eduroam,59,521.5856666564941,B2-01,0,5
1371,54:F0:B1:BC:09:61,PoliSemFio,54,521.5856666564941,B2-01,0,5
1372,54:F0:B1:BC:2E:90,eduroam,65,521.5856666564941,B2-01,0,5
1373,54:F0:B1:BC:2E:91,PoliSemFio,47,521.5856666564941,B2-01,0,5
1374,54:F0:B1:BC:2E:B0,eduroam,25,521.5856666564941,B2-01,0,5
1375,54:F0:B1:BC:2E:B1,PoliSemFio,25,521.5856666564941,B2-01,0,5
1376,54:F0:B1:BC:2E:B2,,25,521.5856666564941,B2-01,0,5
1377,54:F0:B1:BC:2F:50,eduroam,10,521.5856666564941,B2-01,0,5
1378,54:F0:B1:BC:36:10,PoliSemFio,30,521.5856666564941,B2-01,0,5
1379,54:F0:B1:BC:36:11,eduroam,29,521.5856666564941,B2-01,0,5
1380,54:F0:B1:BC:36:12,,27,521.5856666564941,B2-01,0,5
1381,54:F0:B1:BC:3F:10,eduroam,17,521.5856666564941,B2-01,0,5
1382,54:F0:B1:BC:3F:11,PoliSemFio,30,521.5856666564941,B2-01,0,5
1383,54:F0:B1:BC:3F:12,,25,521.5856666564941,B2-01,0,5
1384,54:F0:B1:BC:65:B2,,29,521.5856666564941,B2-01,0,5
1385,54:F0:B1:BC:65:D1,PoliSemFio,20,521.5856666564941,B2-01,0,5
1386,54:F0:B1:BC:6F:70,eduroam,20,521.5856666564941,B2-01,0,5
1387,54:F0:B1:BC:6F:71,PoliSemFio,20,521.5856666564941,B2-01,0,5
1388,54:F0:B1:BC:6F:72,,20,521.5856666564941,B2-01,0,5
1389,54:F0:B1:BC:70:00,eduroam,27,521.5856666564941,B2-01,0,5
1390,54:F0:B1:BC:70:01,PoliSemFio,32,521.5856666564941,B2-01,0,5
1391,54:F0:B1:BC:70:02,,34,521.5856666564941,B2-01,0,5
1392,54:F0:B1:BC:70:20,eduroam,12,521.5856666564941,B2-01,0,5
1393,54:F0:B1:BC:70:21,PoliSemFio,14,521.5856666564941,B2-01,0,5
1394,54:F0:B1:BC:76:C0,eduroam,14,521.5856666564941,B2-01,0,5
1395,54:F0:B1:BC:77:80,eduroam,59,521.5856666564941,B2-01,0,5
1396,54:F0:B1:BC:77:81,PoliSemFio,70,521.5856666564941,B2-01,0,5
1397,54:F0:B1:BC:77:82,,70,521.5856666564941,B2-01,0,5
1398,54:F0:B1:BC:77:A0,eduroam,50,521.5856666564941,B2-01,0,5
1399,54:F0:B1:BC:77:A1,PoliSemFio,50,521.5856666564941,B2-01,0,5
1400,54:F0:B1:BC:7C:B0,eduroam,20,521.5856666564941,B2-01,0,5
1401,54:F0:B1:BC:7C:B1,PoliSemFio,22,521.5856666564941,B2-01,0,5
1402,54:F0:B1:BC:7C:B2,,20,521.5856666564941,B2-01,0,5
1403,54:F0:B1:BC:8F:20,eduroam,27,521.5856666564941,B2-01,0,5
1404,54:F0:B1:BC:8F:21,PoliSemFio,35,521.5856666564941,B2-01,0,5
1405,54:F0:B1:BC:8F:22,,29,521.5856666564941,B2-01,0,5
1406,68:FF:7B:47:78:BD,C1-22M-5G,32,521.5856666564941,B2-01,0,5
1407,68:FF:7B:47:78:BE,C1-22M,74,521.5856666564941,B2-01,0,5
1408,70:62:B8:6E:72:A0,PCS-wireless-C1-13,57,521.5856666564941,B2-01,0,5
1409,70:62:B8:6E:72:A1,PPGEE,59,521.5856666564941,B2-01,0,5
1410,70:62:B8:6E:72:A2,PCS-wireless-C1-13-5GHz,12,521.5856666564941,B2-01,0,5
1411,70:62:B8:6E:72:A3,PPGEE-5GHz,12,521.5856666564941,B2-01,0,5
1412,84:D4:7E:06:4F:E0,eduroam,59,521.5856666564941,B2-01,0,5
1413,84:D4:7E:06:4F:E1,PoliSemFio,77,521.5856666564941,B2-01,0,5
1414,84:D4:7E:06:4F:E2,,77,521.5856666564941,B2-01,0,5
1415,84:D4:7E:06:4F:F0,eduroam,37,521.5856666564941,B2-01,0,5
1416,84:D4:7E:06:4F:F1,PoliSemFio,37,521.5856666564941,B2-01,0,5
1417,B6:4E:26:4B:84:C2,C2-01-Guest,24,521.5856666564941,B2-01,0,5
1418,DC:9F:DB:1C:1F:D7,LWN-3,19,521.5856666564941,B2-01,0,5
1419,DE:9F:DB:1C:1F:E0,LARC Guest,29,521.5856666564941,B2-01,0,5
1420,EE:9F:DB:1C:1F:E0,,29,521.5856666564941,B2-01,0,5
1421,F8:1A:67:99:55:8E,NUCLEAR_CHF,40,521.5856666564941,B2-01,0,5
1422,FA:D0:27:3E:69:92,DIRECT-273EE992,22,521.5856666564941,B2-01,0,5
1423,FE:9F:DB:1C:1F:E0,,29,521.5856666564941,B2-01,0,5
1424,00:18:E7:FF:8C:98,dlink,35,524.224292755127,B2-01,0,5
1425,00:21:91:70:9D:EC,LAB-DIDATICO,25,524.224292755127,B2-01,0,5
1426,30:85:A9:69:F2:E4,PCS-Wireless-C2-22,40,524.224292755127,B2-01,0,5
1427,34:60:F9:A3:D9:13,GASWIFI-5G_C2,25,524.224292755127,B2-01,0,5
1428,34:60:F9:A3:D9:14,GASWIFI-2G_C2,20,524.224292755127,B2-01,0,5
1429,34:60:F9:A3:E7:3F,GASWIFI_C4,29,524.224292755127,B2-01,0,5
1430,34:CE:00:51:3E:6F,Lab,37,524.224292755127,B2-01,0,5
1431,34:CE:00:51:3E:70,Lab_5G,9,524.224292755127,B2-01,0,5
1432,3A:60:F9:A3:D9:14,,24,524.224292755127,B2-01,0,5
1433,44:D2:44:DC:2E:01,PROJETOR_B2-06-EC89sIpciG1AUef,24,524.224292755127,B2-01,0,5
1434,48:00:20:34:D2:40,eduroam,27,524.224292755127,B2-01,0,5
1435,54:B8:0A:AA:2C:8C,LAB_DIGITAL,47,524.224292755127,B2-01,0,5
1436,54:B8:0A:AA:2C:8D,PCS-Wireless,47,524.224292755127,B2-01,0,5
1437,54:B8:0A:AA:2C:8E,LAB_DIGITAL-5GHz,15,524.224292755127,B2-01,0,5
1438,54:B8:0A:AA:2C:8F,PCS-Wireless-5GHz,17,524.224292755127,B2-01,0,5
1439,54:F0:B1:A1:18:C0,eduroam,42,524.224292755127,B2-01,0,5
1440,54:F0:B1:A1:18:C1,PoliSemFio,42,524.224292755127,B2-01,0,5
1441,54:F0:B1:A1:18:C3,MEZANINO,42,524.224292755127,B2-01,0,5
1442,54:F0:B1:A1:18:C4,GDLAB,42,524.224292755127,B2-01,0,5
1443,54:F0:B1:A1:18:C5,LABPAD,42,524.224292755127,B2-01,0,5
1444,54:F0:B1:A1:18:D0,eduroam,50,524.224292755127,B2-01,0,5
1445,54:F0:B1:A1:18:D1,PoliSemFio,49,524.224292755127,B2-01,0,5
1446,54:F0:B1:A1:18:D2,,40,524.224292755127,B2-01,0,5
1447,54:F0:B1:A1:18:D3,MEZANINO,42,524.224292755127,B2-01,0,5
1448,54:F0:B1:A1:18:D4,GDLAB,45,524.224292755127,B2-01,0,5
1449,54:F0:B1:A1:18:D5,LABPAD,44,524.224292755127,B2-01,0,5
1450,54:F0:B1:A1:57:F0,eduroam,17,524.224292755127,B2-01,0,5
1451,54:F0:B1:A1:57:F1,PoliSemFio,17,524.224292755127,B2-01,0,5
1452,54:F0:B1:A1:58:00,eduroam,30,524.224292755127,B2-01,0,5
1453,54:F0:B1:A1:58:01,PoliSemFio,37,524.224292755127,B2-01,0,5
1454,54:F0:B1:A1:58:02,,25,524.224292755127,B2-01,0,5
1455,54:F0:B1:A1:E4:F0,eduroam,19,524.224292755127,B2-01,0,5
1456,54:F0:B1:A1:E4:F1,PoliSemFio,20,524.224292755127,B2-01,0,5
1457,54:F0:B1:A1:E4:F2,,19,524.224292755127,B2-01,0,5
1458,54:F0:B1:A1:E5:00,eduroam,42,524.224292755127,B2-01,0,5
1459,54:F0:B1:A1:E5:01,PoliSemFio,39,524.224292755127,B2-01,0,5
1460,54:F0:B1:A1:E5:02,,39,524.224292755127,B2-01,0,5
1461,54:F0:B1:A2:37:E2,,30,524.224292755127,B2-01,0,5
1462,54:F0:B1:A2:57:20,eduroam,20,524.224292755127,B2-01,0,5
1463,54:F0:B1:A2:57:21,PoliSemFio,19,524.224292755127,B2-01,0,5
1464,54:F0:B1:A2:57:23,LCA,19,524.224292755127,B2-01,0,5
1465,54:F0:B1:A2:57:30,eduroam,37,524.224292755127,B2-01,0,5
1466,54:F0:B1:A2:57:31,PoliSemFio,39,524.224292755127,B2-01,0,5
1467,54:F0:B1:A2:57:32,,34,524.224292755127,B2-01,0,5
1468,54:F0:B1:A2:57:33,LCA,30,524.224292755127,B2-01,0,5
1469,54:F0:B1:BB:5A:80,eduroam,27,524.224292755127,B2-01,0,5
1470,54:F0:B1:BB:5A:81,PoliSemFio,25,524.224292755127,B2-01,0,5
1471,54:F0:B1:BB:5A:82,HACKER,24,524.224292755127,B2-01,0,5
1472,54:F0:B1:BB:7E:E0,eduroam,27,524.224292755127,B2-01,0,5
1473,54:F0:B1:BB:84:B0,eduroam,25,524.224292755127,B2-01,0,5
1474,54:F0:B1:BB:84:D0,eduroam,15,524.224292755127,B2-01,0,5
1475,54:F0:B1:BB:84:D1,PoliSemFio,15,524.224292755127,B2-01,0,5
1476,54:F0:B1:BB:84:D2,,17,524.224292755127,B2-01,0,5
1477,54:F0:B1:BB:92:C0,eduroam,34,524.224292755127,B2-01,0,5
1478,54:F0:B1:BB:92:C2,,30,524.224292755127,B2-01,0,5
1479,54:F0:B1:BB:BE:12,,22,524.224292755127,B2-01,0,5
1480,54:F0:B1:BB:C4:D0,eduroam,39,524.224292755127,B2-01,0,5
1481,54:F0:B1:BB:C4:D1,PoliSemFio,34,524.224292755127,B2-01,0,5
1482,54:F0:B1:BB:C4:D2,,54,524.224292755127,B2-01,0,5
1483,54:F0:B1:BB:C4:F0,eduroam,25,524.224292755127,B2-01,0,5
1484,54:F0:B1:BB:C4:F1,PoliSemFio,24,524.224292755127,B2-01,0,5
1485,54:F0:B1:BB:C4:F2,,25,524.224292755127,B2-01,0,5
1486,54:F0:B1:BB:C5:C3,MEZANINO,25,524.224292755127,B2-01,0,5
1487,54:F0:B1:BB:CC:E3,eduroam,10,524.224292755127,B2-01,0,5
1488,54:F0:B1:BB:D1:90,eduroam,22,524.224292755127,B2-01,0,5
1489,54:F0:B1:BB:F3:20,eduroam,27,524.224292755127,B2-01,0,5
1490,54:F0:B1:BB:F3:22,,25,524.224292755127,B2-01,0,5
1491,54:F0:B1:BB:FD:D0,eduroam,22,524.224292755127,B2-01,0,5
1492,54:F0:B1:BB:FD:D1,PoliSemFio,22,524.224292755127,B2-01,0,5
1493,54:F0:B1:BC:09:40,eduroam,65,524.224292755127,B2-01,0,5
1494,54:F0:B1:BC:09:41,PoliSemFio,74,524.224292755127,B2-01,0,5
1495,54:F0:B1:BC:09:42,,85,524.224292755127,B2-01,0,5
1496,54:F0:B1:BC:09:60,eduroam,52,524.224292755127,B2-01,0,5
1497,54:F0:B1:BC:09:61,PoliSemFio,52,524.224292755127,B2-01,0,5
1498,54:F0:B1:BC:2E:90,eduroam,65,524.224292755127,B2-01,0,5
1499,54:F0:B1:BC:2E:91,PoliSemFio,47,524.224292755127,B2-01,0,5
1500,54:F0:B1:BC:2E:B0,eduroam,25,524.224292755127,B2-01,0,5
1501,54:F0:B1:BC:2E:B1,PoliSemFio,25,524.224292755127,B2-01,0,5
1502,54:F0:B1:BC:2E:B2,,25,524.224292755127,B2-01,0,5
1503,54:F0:B1:BC:2F:50,eduroam,10,524.224292755127,B2-01,0,5
1504,54:F0:B1:BC:36:10,PoliSemFio,30,524.224292755127,B2-01,0,5
1505,54:F0:B1:BC:36:11,eduroam,29,524.224292755127,B2-01,0,5
1506,54:F0:B1:BC:36:12,,27,524.224292755127,B2-01,0,5
1507,54:F0:B1:BC:3F:10,eduroam,17,524.224292755127,B2-01,0,5
1508,54:F0:B1:BC:3F:11,PoliSemFio,30,524.224292755127,B2-01,0,5
1509,54:F0:B1:BC:3F:12,,25,524.224292755127,B2-01,0,5
1510,54:F0:B1:BC:65:B0,eduroam,25,524.224292755127,B2-01,0,5
1511,54:F0:B1:BC:65:B1,PoliSemFio,30,524.224292755127,B2-01,0,5
1512,54:F0:B1:BC:6F:70,eduroam,20,524.224292755127,B2-01,0,5
1513,54:F0:B1:BC:6F:71,PoliSemFio,20,524.224292755127,B2-01,0,5
1514,54:F0:B1:BC:6F:72,,20,524.224292755127,B2-01,0,5
1515,54:F0:B1:BC:70:00,eduroam,27,524.224292755127,B2-01,0,5
1516,54:F0:B1:BC:70:01,PoliSemFio,32,524.224292755127,B2-01,0,5
1517,54:F0:B1:BC:70:20,eduroam,12,524.224292755127,B2-01,0,5
1518,54:F0:B1:BC:70:21,PoliSemFio,14,524.224292755127,B2-01,0,5
1519,54:F0:B1:BC:76:C0,eduroam,14,524.224292755127,B2-01,0,5
1520,54:F0:B1:BC:77:80,eduroam,55,524.224292755127,B2-01,0,5
1521,54:F0:B1:BC:77:81,PoliSemFio,54,524.224292755127,B2-01,0,5
1522,54:F0:B1:BC:77:82,,54,524.224292755127,B2-01,0,5
1523,54:F0:B1:BC:77:A0,eduroam,52,524.224292755127,B2-01,0,5
1524,54:F0:B1:BC:77:A1,PoliSemFio,52,524.224292755127,B2-01,0,5
1525,54:F0:B1:BC:7C:B0,eduroam,15,524.224292755127,B2-01,0,5
1526,54:F0:B1:BC:7C:B1,PoliSemFio,17,524.224292755127,B2-01,0,5
1527,54:F0:B1:BC:8F:21,PoliSemFio,35,524.224292755127,B2-01,0,5
1528,54:F0:B1:BC:8F:22,,29,524.224292755127,B2-01,0,5
1529,68:FF:7B:47:78:BD,C1-22M-5G,30,524.224292755127,B2-01,0,5
1530,68:FF:7B:47:78:BE,C1-22M,67,524.224292755127,B2-01,0,5
1531,70:62:B8:6E:72:A0,PCS-wireless-C1-13,57,524.224292755127,B2-01,0,5
1532,70:62:B8:6E:72:A1,PPGEE,37,524.224292755127,B2-01,0,5
1533,70:62:B8:6E:72:A2,PCS-wireless-C1-13-5GHz,12,524.224292755127,B2-01,0,5
1534,70:62:B8:6E:72:A3,PPGEE-5GHz,12,524.224292755127,B2-01,0,5
1535,84:D4:7E:06:4F:E0,eduroam,69,524.224292755127,B2-01,0,5
1536,84:D4:7E:06:4F:E1,PoliSemFio,67,524.224292755127,B2-01,0,5
1537,84:D4:7E:06:4F:E2,,67,524.224292755127,B2-01,0,5
1538,84:D4:7E:06:4F:F0,eduroam,32,524.224292755127,B2-01,0,5
1539,84:D4:7E:06:4F:F1,PoliSemFio,30,524.224292755127,B2-01,0,5
1540,B6:4E:26:4B:84:C2,C2-01-Guest,24,524.224292755127,B2-01,0,5
1541,DE:9F:DB:1C:1F:E0,LARC Guest,29,524.224292755127,B2-01,0,5
1542,EE:9F:DB:1C:1F:E0,,29,524.224292755127,B2-01,0,5
1543,F8:1A:67:99:55:8E,NUCLEAR_CHF,49,524.224292755127,B2-01,0,5
1544,FA:D0:27:3E:69:92,DIRECT-273EE992,22,524.224292755127,B2-01,0,5
1545,FE:9F:DB:1C:1F:E0,,29,524.224292755127,B2-01,0,5
1546,00:18:E7:FF:8C:98,dlink,35,526.8643672466278,B2-01,0,5
1547,00:21:91:70:9D:EC,LAB-DIDATICO,25,526.8643672466278,B2-01,0,5
1548,30:85:A9:69:F2:E4,PCS-Wireless-C2-22,40,526.8643672466278,B2-01,0,5
1549,34:60:F9:A3:D9:13,GASWIFI-5G_C2,25,526.8643672466278,B2-01,0,5
1550,34:60:F9:A3:D9:14,GASWIFI-2G_C2,20,526.8643672466278,B2-01,0,5
1551,34:60:F9:A3:E7:3F,GASWIFI_C4,29,526.8643672466278,B2-01,0,5
1552,34:CE:00:51:3E:6F,Lab,37,526.8643672466278,B2-01,0,5
1553,34:CE:00:51:3E:70,Lab_5G,9,526.8643672466278,B2-01,0,5
1554,3A:60:F9:A3:D9:14,,24,526.8643672466278,B2-01,0,5
1555,44:D2:44:DC:2E:01,PROJETOR_B2-06-EC89sIpciG1AUef,24,526.8643672466278,B2-01,0,5
1556,48:00:20:34:D2:40,eduroam,27,526.8643672466278,B2-01,0,5
1557,54:B8:0A:AA:2C:8C,LAB_DIGITAL,47,526.8643672466278,B2-01,0,5
1558,54:B8:0A:AA:2C:8D,PCS-Wireless,47,526.8643672466278,B2-01,0,5
1559,54:B8:0A:AA:2C:8E,LAB_DIGITAL-5GHz,15,526.8643672466278,B2-01,0,5
1560,54:B8:0A:AA:2C:8F,PCS-Wireless-5GHz,17,526.8643672466278,B2-01,0,5
1561,54:F0:B1:A1:18:C0,eduroam,42,526.8643672466278,B2-01,0,5
1562,54:F0:B1:A1:18:C1,PoliSemFio,42,526.8643672466278,B2-01,0,5
1563,54:F0:B1:A1:18:C3,MEZANINO,42,526.8643672466278,B2-01,0,5
1564,54:F0:B1:A1:18:C4,GDLAB,42,526.8643672466278,B2-01,0,5
1565,54:F0:B1:A1:18:C5,LABPAD,42,526.8643672466278,B2-01,0,5
1566,54:F0:B1:A1:18:D0,eduroam,50,526.8643672466278,B2-01,0,5
1567,54:F0:B1:A1:18:D1,PoliSemFio,49,526.8643672466278,B2-01,0,5
1568,54:F0:B1:A1:18:D2,,40,526.8643672466278,B2-01,0,5
1569,54:F0:B1:A1:18:D3,MEZANINO,42,526.8643672466278,B2-01,0,5
1570,54:F0:B1:A1:18:D4,GDLAB,45,526.8643672466278,B2-01,0,5
1571,54:F0:B1:A1:18:D5,LABPAD,44,526.8643672466278,B2-01,0,5
1572,54:F0:B1:A1:57:F0,eduroam,17,526.8643672466278,B2-01,0,5
1573,54:F0:B1:A1:57:F1,PoliSemFio,17,526.8643672466278,B2-01,0,5
1574,54:F0:B1:A1:58:00,eduroam,30,526.8643672466278,B2-01,0,5
1575,54:F0:B1:A1:58:01,PoliSemFio,37,526.8643672466278,B2-01,0,5
1576,54:F0:B1:A1:58:02,,25,526.8643672466278,B2-01,0,5
1577,54:F0:B1:A1:E4:F0,eduroam,19,526.8643672466278,B2-01,0,5
1578,54:F0:B1:A1:E4:F1,PoliSemFio,20,526.8643672466278,B2-01,0,5
1579,54:F0:B1:A1:E4:F2,,19,526.8643672466278,B2-01,0,5
1580,54:F0:B1:A1:E5:00,eduroam,42,526.8643672466278,B2-01,0,5
1581,54:F0:B1:A1:E5:01,PoliSemFio,39,526.8643672466278,B2-01,0,5
1582,54:F0:B1:A1:E5:02,,39,526.8643672466278,B2-01,0,5
1583,54:F0:B1:A2:37:E2,,30,526.8643672466278,B2-01,0,5
1584,54:F0:B1:A2:57:20,eduroam,20,526.8643672466278,B2-01,0,5
1585,54:F0:B1:A2:57:21,PoliSemFio,19,526.8643672466278,B2-01,0,5
1586,54:F0:B1:A2:57:23,LCA,19,526.8643672466278,B2-01,0,5
1587,54:F0:B1:A2:57:30,eduroam,37,526.8643672466278,B2-01,0,5
1588,54:F0:B1:A2:57:31,PoliSemFio,39,526.8643672466278,B2-01,0,5
1589,54:F0:B1:A2:57:32,,34,526.8643672466278,B2-01,0,5
1590,54:F0:B1:A2:57:33,LCA,30,526.8643672466278,B2-01,0,5
1591,54:F0:B1:BB:5A:80,eduroam,27,526.8643672466278,B2-01,0,5
1592,54:F0:B1:BB:5A:81,PoliSemFio,25,526.8643672466278,B2-01,0,5
1593,54:F0:B1:BB:5A:82,HACKER,24,526.8643672466278,B2-01,0,5
1594,54:F0:B1:BB:7E:E0,eduroam,27,526.8643672466278,B2-01,0,5
1595,54:F0:B1:BB:84:B0,eduroam,25,526.8643672466278,B2-01,0,5
1596,54:F0:B1:BB:84:D0,eduroam,15,526.8643672466278,B2-01,0,5
1597,54:F0:B1:BB:84:D1,PoliSemFio,15,526.8643672466278,B2-01,0,5
1598,54:F0:B1:BB:84:D2,,17,526.8643672466278,B2-01,0,5
1599,54:F0:B1:BB:92:C0,eduroam,34,526.8643672466278,B2-01,0,5
1600,54:F0:B1:BB:92:C2,,30,526.8643672466278,B2-01,0,5
1601,54:F0:B1:BB:BE:12,,22,526.8643672466278,B2-01,0,5
1602,54:F0:B1:BB:C4:D0,eduroam,39,526.8643672466278,B2-01,0,5
1603,54:F0:B1:BB:C4:D1,PoliSemFio,34,526.8643672466278,B2-01,0,5
1604,54:F0:B1:BB:C4:D2,,54,526.8643672466278,B2-01,0,5
1605,54:F0:B1:BB:C4:F0,eduroam,25,526.8643672466278,B2-01,0,5
1606,54:F0:B1:BB:C4:F1,PoliSemFio,24,526.8643672466278,B2-01,0,5
1607,54:F0:B1:BB:C4:F2,,25,526.8643672466278,B2-01,0,5
1608,54:F0:B1:BB:C5:C3,MEZANINO,25,526.8643672466278,B2-01,0,5
1609,54:F0:B1:BB:CC:E3,eduroam,10,526.8643672466278,B2-01,0,5
1610,54:F0:B1:BB:D1:90,eduroam,22,526.8643672466278,B2-01,0,5
1611,54:F0:B1:BB:F3:20,eduroam,27,526.8643672466278,B2-01,0,5
1612,54:F0:B1:BB:F3:22,,25,526.8643672466278,B2-01,0,5
1613,54:F0:B1:BB:FD:D0,eduroam,22,526.8643672466278,B2-01,0,5
1614,54:F0:B1:BB:FD:D1,PoliSemFio,22,526.8643672466278,B2-01,0,5
1615,54:F0:B1:BC:09:40,eduroam,65,526.8643672466278,B2-01,0,5
1616,54:F0:B1:BC:09:41,PoliSemFio,74,526.8643672466278,B2-01,0,5
1617,54:F0:B1:BC:09:42,,85,526.8643672466278,B2-01,0,5
1618,54:F0:B1:BC:09:60,eduroam,51,526.8643672466278,B2-01,0,5
1619,54:F0:B1:BC:09:61,PoliSemFio,52,526.8643672466278,B2-01,0,5
1620,54:F0:B1:BC:2E:90,eduroam,65,526.8643672466278,B2-01,0,5
1621,54:F0:B1:BC:2E:91,PoliSemFio,47,526.8643672466278,B2-01,0,5
1622,54:F0:B1:BC:2E:B0,eduroam,25,526.8643672466278,B2-01,0,5
1623,54:F0:B1:BC:2E:B1,PoliSemFio,25,526.8643672466278,B2-01,0,5
1624,54:F0:B1:BC:2E:B2,,25,526.8643672466278,B2-01,0,5
1625,54:F0:B1:BC:2F:50,eduroam,10,526.8643672466278,B2-01,0,5
1626,54:F0:B1:BC:36:10,PoliSemFio,30,526.8643672466278,B2-01,0,5
1627,54:F0:B1:BC:36:11,eduroam,29,526.8643672466278,B2-01,0,5
1628,54:F0:B1:BC:36:12,,27,526.8643672466278,B2-01,0,5
1629,54:F0:B1:BC:3F:10,eduroam,17,526.8643672466278,B2-01,0,5
1630,54:F0:B1:BC:3F:11,PoliSemFio,30,526.8643672466278,B2-01,0,5
1631,54:F0:B1:BC:3F:12,,25,526.8643672466278,B2-01,0,5
1632,54:F0:B1:BC:65:B0,eduroam,25,526.8643672466278,B2-01,0,5
1633,54:F0:B1:BC:65:B1,PoliSemFio,30,526.8643672466278,B2-01,0,5
1634,54:F0:B1:BC:6F:70,eduroam,20,526.8643672466278,B2-01,0,5
1635,54:F0:B1:BC:6F:71,PoliSemFio,20,526.8643672466278,B2-01,0,5
1636,54:F0:B1:BC:6F:72,,20,526.8643672466278,B2-01,0,5
1637,54:F0:B1:BC:70:00,eduroam,27,526.8643672466278,B2-01,0,5
1638,54:F0:B1:BC:70:01,PoliSemFio,32,526.8643672466278,B2-01,0,5
1639,54:F0:B1:BC:70:20,eduroam,12,526.8643672466278,B2-01,0,5
1640,54:F0:B1:BC:70:21,PoliSemFio,14,526.8643672466278,B2-01,0,5
1641,54:F0:B1:BC:76:C0,eduroam,14,526.8643672466278,B2-01,0,5
1642,54:F0:B1:BC:77:80,eduroam,55,526.8643672466278,B2-01,0,5
1643,54:F0:B1:BC:77:81,PoliSemFio,54,526.8643672466278,B2-01,0,5
1644,54:F0:B1:BC:77:82,,54,526.8643672466278,B2-01,0,5
1645,54:F0:B1:BC:77:A0,eduroam,52,526.8643672466278,B2-01,0,5
1646,54:F0:B1:BC:77:A1,PoliSemFio,52,526.8643672466278,B2-01,0,5
1647,54:F0:B1:BC:7C:B0,eduroam,15,526.8643672466278,B2-01,0,5
1648,54:F0:B1:BC:7C:B1,PoliSemFio,17,526.8643672466278,B2-01,0,5
1649,54:F0:B1:BC:8F:21,PoliSemFio,35,526.8643672466278,B2-01,0,5
1650,54:F0:B1:BC:8F:22,,29,526.8643672466278,B2-01,0,5
1651,68:FF:7B:47:78:BD,C1-22M-5G,30,526.8643672466278,B2-01,0,5
1652,68:FF:7B:47:78:BE,C1-22M,67,526.8643672466278,B2-01,0,5
1653,70:62:B8:6E:72:A0,PCS-wireless-C1-13,57,526.8643672466278,B2-01,0,5
1654,70:62:B8:6E:72:A1,PPGEE,37,526.8643672466278,B2-01,0,5
1655,70:62:B8:6E:72:A2,PCS-wireless-C1-13-5GHz,12,526.8643672466278,B2-01,0,5
1656,70:62:B8:6E:72:A3,PPGEE-5GHz,12,526.8643672466278,B2-01,0,5
1657,84:D4:7E:06:4F:E0,eduroam,69,526.8643672466278,B2-01,0,5
1658,84:D4:7E:06:4F:E1,PoliSemFio,67,526.8643672466278,B2-01,0,5
1659,84:D4:7E:06:4F:E2,,67,526.8643672466278,B2-01,0,5
1660,84:D4:7E:06:4F:F0,eduroam,32,526.8643672466278,B2-01,0,5
1661,84:D4:7E:06:4F:F1,PoliSemFio,30,526.8643672466278,B2-01,0,5
1662,B6:4E:26:4B:84:C2,C2-01-Guest,24,526.8643672466278,B2-01,0,5
1663,DE:9F:DB:1C:1F:E0,LARC Guest,29,526.8643672466278,B2-01,0,5
1664,EE:9F:DB:1C:1F:E0,,29,526.8643672466278,B2-01,0,5
1665,F8:1A:67:99:55:8E,NUCLEAR_CHF,49,526.8643672466278,B2-01,0,5
1666,FA:D0:27:3E:69:92,DIRECT-273EE992,22,526.8643672466278,B2-01,0,5
1667,FE:9F:DB:1C:1F:E0,,29,526.8643672466278,B2-01,0,5
1668,00:18:E7:FF:8C:98,dlink,40,533.1311845779419,B2-01,0,5
1669,00:21:91:70:9D:EC,LAB-DIDATICO,25,533.1311845779419,B2-01,0,5
1670,30:85:A9:69:F2:E4,PCS-Wireless-C2-22,40,533.1311845779419,B2-01,0,5
1671,34:60:F9:A3:D9:13,GASWIFI-5G_C2,25,533.1311845779419,B2-01,0,5
1672,34:60:F9:A3:D9:14,GASWIFI-2G_C2,37,533.1311845779419,B2-01,0,5
1673,34:60:F9:A3:E7:3F,GASWIFI_C4,29,533.1311845779419,B2-01,0,5
1674,34:CE:00:51:3E:6F,Lab,47,533.1311845779419,B2-01,0,5
1675,34:CE:00:51:3E:70,Lab_5G,9,533.1311845779419,B2-01,0,5
1676,3A:60:F9:A3:D9:14,,24,533.1311845779419,B2-01,0,5
1677,44:D2:44:DC:2E:01,PROJETOR_B2-06-EC89sIpciG1AUef,24,533.1311845779419,B2-01,0,5
1678,54:B8:0A:AA:2C:8C,LAB_DIGITAL,60,533.1311845779419,B2-01,0,5
1679,54:B8:0A:AA:2C:8D,PCS-Wireless,62,533.1311845779419,B2-01,0,5
1680,54:B8:0A:AA:2C:8E,LAB_DIGITAL-5GHz,15,533.1311845779419,B2-01,0,5
1681,54:B8:0A:AA:2C:8F,PCS-Wireless-5GHz,15,533.1311845779419,B2-01,0,5
1682,54:F0:B1:A1:18:C0,eduroam,44,533.1311845779419,B2-01,0,5
1683,54:F0:B1:A1:18:C1,PoliSemFio,44,533.1311845779419,B2-01,0,5
1684,54:F0:B1:A1:18:C3,MEZANINO,44,533.1311845779419,B2-01,0,5
1685,54:F0:B1:A1:18:C4,GDLAB,44,533.1311845779419,B2-01,0,5
1686,54:F0:B1:A1:18:C5,LABPAD,44,533.1311845779419,B2-01,0,5
1687,54:F0:B1:A1:18:D0,eduroam,47,533.1311845779419,B2-01,0,5
1688,54:F0:B1:A1:18:D1,PoliSemFio,49,533.1311845779419,B2-01,0,5
1689,54:F0:B1:A1:18:D2,,40,533.1311845779419,B2-01,0,5
1690,54:F0:B1:A1:18:D3,MEZANINO,42,533.1311845779419,B2-01,0,5
1691,54:F0:B1:A1:18:D4,GDLAB,45,533.1311845779419,B2-01,0,5
1692,54:F0:B1:A1:18:D5,LABPAD,44,533.1311845779419,B2-01,0,5
1693,54:F0:B1:A1:57:F0,eduroam,15,533.1311845779419,B2-01,0,5
1694,54:F0:B1:A1:57:F1,PoliSemFio,15,533.1311845779419,B2-01,0,5
1695,54:F0:B1:A1:58:00,eduroam,25,533.1311845779419,B2-01,0,5
1696,54:F0:B1:A1:58:01,PoliSemFio,30,533.1311845779419,B2-01,0,5
1697,54:F0:B1:A1:58:02,,29,533.1311845779419,B2-01,0,5
1698,54:F0:B1:A1:E4:F0,eduroam,24,533.1311845779419,B2-01,0,5
1699,54:F0:B1:A1:E4:F1,PoliSemFio,24,533.1311845779419,B2-01,0,5
1700,54:F0:B1:A1:E4:F2,,24,533.1311845779419,B2-01,0,5
1701,54:F0:B1:A1:E5:00,eduroam,27,533.1311845779419,B2-01,0,5
1702,54:F0:B1:A1:E5:01,PoliSemFio,39,533.1311845779419,B2-01,0,5
1703,54:F0:B1:A1:E5:02,,42,533.1311845779419,B2-01,0,5
1704,54:F0:B1:A2:37:E2,,27,533.1311845779419,B2-01,0,5
1705,54:F0:B1:A2:56:70,eduroam,14,533.1311845779419,B2-01,0,5
1706,54:F0:B1:A2:57:20,eduroam,22,533.1311845779419,B2-01,0,5
1707,54:F0:B1:A2:57:21,PoliSemFio,24,533.1311845779419,B2-01,0,5
1708,54:F0:B1:A2:57:23,LCA,22,533.1311845779419,B2-01,0,5
1709,54:F0:B1:A2:57:30,eduroam,37,533.1311845779419,B2-01,0,5
1710,54:F0:B1:A2:57:31,PoliSemFio,39,533.1311845779419,B2-01,0,5
1711,54:F0:B1:A2:57:32,,34,533.1311845779419,B2-01,0,5
1712,54:F0:B1:A2:57:33,LCA,30,533.1311845779419,B2-01,0,5
1713,54:F0:B1:BB:5A:80,eduroam,27,533.1311845779419,B2-01,0,5
1714,54:F0:B1:BB:5A:81,PoliSemFio,25,533.1311845779419,B2-01,0,5
1715,54:F0:B1:BB:5A:82,HACKER,24,533.1311845779419,B2-01,0,5
1716,54:F0:B1:BB:5A:83,LEP,14,533.1311845779419,B2-01,0,5
1717,54:F0:B1:BB:5A:84,,25,533.1311845779419,B2-01,0,5
1718,54:F0:B1:BB:7E:E0,eduroam,24,533.1311845779419,B2-01,0,5
1719,54:F0:B1:BB:7E:E2,,25,533.1311845779419,B2-01,0,5
1720,54:F0:B1:BB:84:B0,eduroam,25,533.1311845779419,B2-01,0,5
1721,54:F0:B1:BB:84:D0,eduroam,14,533.1311845779419,B2-01,0,5
1722,54:F0:B1:BB:84:D1,PoliSemFio,15,533.1311845779419,B2-01,0,5
1723,54:F0:B1:BB:92:C2,,30,533.1311845779419,B2-01,0,5
1724,54:F0:B1:BB:92:E0,eduroam,25,533.1311845779419,B2-01,0,5
1725,54:F0:B1:BB:92:E1,PoliSemFio,27,533.1311845779419,B2-01,0,5
1726,54:F0:B1:BB:BE:12,,22,533.1311845779419,B2-01,0,5
1727,54:F0:B1:BB:C4:D0,eduroam,39,533.1311845779419,B2-01,0,5
1728,54:F0:B1:BB:C4:D1,PoliSemFio,34,533.1311845779419,B2-01,0,5
1729,54:F0:B1:BB:C4:D2,,54,533.1311845779419,B2-01,0,5
1730,54:F0:B1:BB:C4:F0,eduroam,20,533.1311845779419,B2-01,0,5
1731,54:F0:B1:BB:C4:F1,PoliSemFio,24,533.1311845779419,B2-01,0,5
1732,54:F0:B1:BB:C4:F2,,25,533.1311845779419,B2-01,0,5
1733,54:F0:B1:BB:C5:C3,MEZANINO,25,533.1311845779419,B2-01,0,5
1734,54:F0:B1:BB:C5:C4,GDLAB,37,533.1311845779419,B2-01,0,5
1735,54:F0:B1:BB:C5:C5,LABPAD,37,533.1311845779419,B2-01,0,5
1736,54:F0:B1:BB:C5:E4,GDLAB,9,533.1311845779419,B2-01,0,5
1737,54:F0:B1:BB:C5:E5,LABPAD,10,533.1311845779419,B2-01,0,5
1738,54:F0:B1:BB:CC:E0,B209,35,533.1311845779419,B2-01,0,5
1739,54:F0:B1:BB:CC:E3,eduroam,10,533.1311845779419,B2-01,0,5
1740,54:F0:B1:BB:D1:90,eduroam,22,533.1311845779419,B2-01,0,5
1741,54:F0:B1:BB:F3:20,eduroam,25,533.1311845779419,B2-01,0,5
1742,54:F0:B1:BB:F3:21,PoliSemFio,34,533.1311845779419,B2-01,0,5
1743,54:F0:B1:BB:F3:22,,34,533.1311845779419,B2-01,0,5
1744,54:F0:B1:BB:FD:D0,eduroam,14,533.1311845779419,B2-01,0,5
1745,54:F0:B1:BB:FD:D1,PoliSemFio,27,533.1311845779419,B2-01,0,5
1746,54:F0:B1:BB:FD:D2,,25,533.1311845779419,B2-01,0,5
1747,54:F0:B1:BC:09:40,eduroam,87,533.1311845779419,B2-01,0,5
1748,54:F0:B1:BC:09:41,PoliSemFio,85,533.1311845779419,B2-01,0,5
1749,54:F0:B1:BC:09:42,,85,533.1311845779419,B2-01,0,5
1750,54:F0:B1:BC:09:60,eduroam,52,533.1311845779419,B2-01,0,5
1751,54:F0:B1:BC:09:61,PoliSemFio,52,533.1311845779419,B2-01,0,5
1752,54:F0:B1:BC:2E:90,eduroam,64,533.1311845779419,B2-01,0,5
1753,54:F0:B1:BC:2E:91,PoliSemFio,47,533.1311845779419,B2-01,0,5
1754,54:F0:B1:BC:2E:B0,eduroam,25,533.1311845779419,B2-01,0,5
1755,54:F0:B1:BC:2E:B1,PoliSemFio,25,533.1311845779419,B2-01,0,5
1756,54:F0:B1:BC:2E:B2,,25,533.1311845779419,B2-01,0,5
1757,54:F0:B1:BC:2F:50,eduroam,10,533.1311845779419,B2-01,0,5
1758,54:F0:B1:BC:36:10,PoliSemFio,30,533.1311845779419,B2-01,0,5
1759,54:F0:B1:BC:36:11,eduroam,29,533.1311845779419,B2-01,0,5
1760,54:F0:B1:BC:36:12,,27,533.1311845779419,B2-01,0,5
1761,54:F0:B1:BC:3F:10,eduroam,17,533.1311845779419,B2-01,0,5
1762,54:F0:B1:BC:3F:11,PoliSemFio,30,533.1311845779419,B2-01,0,5
1763,54:F0:B1:BC:3F:12,,25,533.1311845779419,B2-01,0,5
1764,54:F0:B1:BC:65:B0,eduroam,25,533.1311845779419,B2-01,0,5
1765,54:F0:B1:BC:65:B1,PoliSemFio,30,533.1311845779419,B2-01,0,5
1766,54:F0:B1:BC:6F:70,eduroam,20,533.1311845779419,B2-01,0,5
1767,54:F0:B1:BC:6F:71,PoliSemFio,20,533.1311845779419,B2-01,0,5
1768,54:F0:B1:BC:6F:72,,25,533.1311845779419,B2-01,0,5
1769,54:F0:B1:BC:70:00,eduroam,49,533.1311845779419,B2-01,0,5
1770,54:F0:B1:BC:70:01,PoliSemFio,32,533.1311845779419,B2-01,0,5
1771,54:F0:B1:BC:70:20,eduroam,12,533.1311845779419,B2-01,0,5
1772,54:F0:B1:BC:70:21,PoliSemFio,14,533.1311845779419,B2-01,0,5
1773,54:F0:B1:BC:76:C0,eduroam,14,533.1311845779419,B2-01,0,5
1774,54:F0:B1:BC:77:80,eduroam,69,533.1311845779419,B2-01,0,5
1775,54:F0:B1:BC:77:81,PoliSemFio,62,533.1311845779419,B2-01,0,5
1776,54:F0:B1:BC:77:82,,62,533.1311845779419,B2-01,0,5
1777,54:F0:B1:BC:77:A0,eduroam,35,533.1311845779419,B2-01,0,5
1778,54:F0:B1:BC:77:A1,PoliSemFio,35,533.1311845779419,B2-01,0,5
1779,54:F0:B1:BC:77:A2,,35,533.1311845779419,B2-01,0,5
1780,54:F0:B1:BC:7C:90,eduroam,17,533.1311845779419,B2-01,0,5
1781,54:F0:B1:BC:7C:B0,eduroam,20,533.1311845779419,B2-01,0,5
1782,54:F0:B1:BC:7C:B1,PoliSemFio,20,533.1311845779419,B2-01,0,5
1783,54:F0:B1:BC:8F:20,eduroam,29,533.1311845779419,B2-01,0,5
1784,54:F0:B1:BC:8F:21,PoliSemFio,25,533.1311845779419,B2-01,0,5
1785,54:F0:B1:BC:8F:22,,25,533.1311845779419,B2-01,0,5
1786,54:F0:B1:BC:8F:40,eduroam,12,533.1311845779419,B2-01,0,5
1787,68:FF:7B:47:78:BD,C1-22M-5G,17,533.1311845779419,B2-01,0,5
1788,68:FF:7B:47:78:BE,C1-22M,77,533.1311845779419,B2-01,0,5
1789,70:62:B8:6E:72:A0,PCS-wireless-C1-13,62,533.1311845779419,B2-01,0,5
1790,70:62:B8:6E:72:A1,PPGEE,37,533.1311845779419,B2-01,0,5
1791,70:62:B8:6E:72:A2,PCS-wireless-C1-13-5GHz,12,533.1311845779419,B2-01,0,5
1792,70:62:B8:6E:72:A3,PPGEE-5GHz,12,533.1311845779419,B2-01,0,5
1793,84:D4:7E:06:4F:E0,eduroam,69,533.1311845779419,B2-01,0,5
1794,84:D4:7E:06:4F:E1,PoliSemFio,67,533.1311845779419,B2-01,0,5
1795,84:D4:7E:06:4F:E2,,65,533.1311845779419,B2-01,0,5
1796,84:D4:7E:06:4F:F0,eduroam,47,533.1311845779419,B2-01,0,5
1797,84:D4:7E:06:4F:F1,PoliSemFio,47,533.1311845779419,B2-01,0,5
1798,B6:4E:26:4B:84:C2,C2-01-Guest,24,533.1311845779419,B2-01,0,5
1799,DE:9F:DB:1C:1F:E0,LARC Guest,29,533.1311845779419,B2-01,0,5
1800,EE:9F:DB:1C:1F:E0,,27,533.1311845779419,B2-01,0,5
1801,F8:1A:67:99:55:8E,NUCLEAR_CHF,44,533.1311845779419,B2-01,0,5
1802,FA:D0:27:3E:69:92,DIRECT-273EE992,17,533.1311845779419,B2-01,0,5
1803,FE:9F:DB:1C:1F:E0,,27,533.1311845779419,B2-01,0,5
1804,00:18:E7:FF:8C:98,dlink,40,535.7663917541504,B2-01,0,5
1805,00:21:91:70:9D:EC,LAB-DIDATICO,25,535.7663917541504,B2-01,0,5
1806,30:85:A9:69:F2:E4,PCS-Wireless-C2-22,40,535.7663917541504,B2-01,0,5
1807,34:60:F9:A3:D9:13,GASWIFI-5G_C2,25,535.7663917541504,B2-01,0,5
1808,34:60:F9:A3:D9:14,GASWIFI-2G_C2,37,535.7663917541504,B2-01,0,5
1809,34:60:F9:A3:E7:3F,GASWIFI_C4,29,535.7663917541504,B2-01,0,5
1810,34:CE:00:51:3E:6F,Lab,47,535.7663917541504,B2-01,0,5
1811,34:CE:00:51:3E:70,Lab_5G,9,535.7663917541504,B2-01,0,5
1812,3A:60:F9:A3:D9:14,,24,535.7663917541504,B2-01,0,5
1813,44:D2:44:DC:2E:01,PROJETOR_B2-06-EC89sIpciG1AUef,17,535.7663917541504,B2-01,0,5
1814,54:B8:0A:AA:2C:8C,LAB_DIGITAL,54,535.7663917541504,B2-01,0,5
1815,54:B8:0A:AA:2C:8D,PCS-Wireless,57,535.7663917541504,B2-01,0,5
1816,54:B8:0A:AA:2C:8E,LAB_DIGITAL-5GHz,10,535.7663917541504,B2-01,0,5
1817,54:B8:0A:AA:2C:8F,PCS-Wireless-5GHz,7,535.7663917541504,B2-01,0,5
1818,54:F0:B1:A1:18:C0,eduroam,29,535.7663917541504,B2-01,0,5
1819,54:F0:B1:A1:18:C1,PoliSemFio,30,535.7663917541504,B2-01,0,5
1820,54:F0:B1:A1:18:C2,_owetm_PoliSemFio_ac058410,30,535.7663917541504,B2-01,0,5
1821,54:F0:B1:A1:18:C3,MEZANINO,30,535.7663917541504,B2-01,0,5
1822,54:F0:B1:A1:18:C4,GDLAB,30,535.7663917541504,B2-01,0,5
1823,54:F0:B1:A1:18:C5,LABPAD,30,535.7663917541504,B2-01,0,5
1824,54:F0:B1:A1:18:D0,eduroam,55,535.7663917541504,B2-01,0,5
1825,54:F0:B1:A1:18:D1,PoliSemFio,45,535.7663917541504,B2-01,0,5
1826,54:F0:B1:A1:18:D2,,45,535.7663917541504,B2-01,0,5
1827,54:F0:B1:A1:18:D3,MEZANINO,42,535.7663917541504,B2-01,0,5
1828,54:F0:B1:A1:18:D4,GDLAB,55,535.7663917541504,B2-01,0,5
1829,54:F0:B1:A1:18:D5,LABPAD,54,535.7663917541504,B2-01,0,5
1830,54:F0:B1:A1:57:F0,eduroam,15,535.7663917541504,B2-01,0,5
1831,54:F0:B1:A1:57:F1,PoliSemFio,15,535.7663917541504,B2-01,0,5
1832,54:F0:B1:A1:58:00,eduroam,30,535.7663917541504,B2-01,0,5
1833,54:F0:B1:A1:58:01,PoliSemFio,30,535.7663917541504,B2-01,0,5
1834,54:F0:B1:A1:58:02,,29,535.7663917541504,B2-01,0,5
1835,54:F0:B1:A1:E4:F0,eduroam,19,535.7663917541504,B2-01,0,5
1836,54:F0:B1:A1:E4:F1,PoliSemFio,17,535.7663917541504,B2-01,0,5
1837,54:F0:B1:A1:E4:F2,,20,535.7663917541504,B2-01,0,5
1838,54:F0:B1:A1:E5:00,eduroam,29,535.7663917541504,B2-01,0,5
1839,54:F0:B1:A1:E5:01,PoliSemFio,34,535.7663917541504,B2-01,0,5
1840,54:F0:B1:A1:E5:02,,35,535.7663917541504,B2-01,0,5
1841,54:F0:B1:A2:37:E2,,27,535.7663917541504,B2-01,0,5
1842,54:F0:B1:A2:56:70,eduroam,14,535.7663917541504,B2-01,0,5
1843,54:F0:B1:A2:57:20,eduroam,12,535.7663917541504,B2-01,0,5
1844,54:F0:B1:A2:57:21,PoliSemFio,24,535.7663917541504,B2-01,0,5
1845,54:F0:B1:A2:57:23,LCA,14,535.7663917541504,B2-01,0,5
1846,54:F0:B1:A2:57:30,eduroam,37,535.7663917541504,B2-01,0,5
1847,54:F0:B1:A2:57:31,PoliSemFio,39,535.7663917541504,B2-01,0,5
1848,54:F0:B1:A2:57:32,,34,535.7663917541504,B2-01,0,5
1849,54:F0:B1:A2:57:33,LCA,32,535.7663917541504,B2-01,0,5
1850,54:F0:B1:BB:5A:80,eduroam,27,535.7663917541504,B2-01,0,5
1851,54:F0:B1:BB:5A:81,PoliSemFio,25,535.7663917541504,B2-01,0,5
1852,54:F0:B1:BB:5A:82,HACKER,24,535.7663917541504,B2-01,0,5
1853,54:F0:B1:BB:5A:83,LEP,19,535.7663917541504,B2-01,0,5
1854,54:F0:B1:BB:5A:84,,25,535.7663917541504,B2-01,0,5
1855,54:F0:B1:BB:7E:E0,eduroam,14,535.7663917541504,B2-01,0,5
1856,54:F0:B1:BB:7E:E2,,25,535.7663917541504,B2-01,0,5
1857,54:F0:B1:BB:84:B0,eduroam,25,535.7663917541504,B2-01,0,5
1858,54:F0:B1:BB:84:D0,eduroam,17,535.7663917541504,B2-01,0,5
1859,54:F0:B1:BB:84:D1,PoliSemFio,15,535.7663917541504,B2-01,0,5
1860,54:F0:B1:BB:92:C2,,35,535.7663917541504,B2-01,0,5
1861,54:F0:B1:BB:92:E0,eduroam,25,535.7663917541504,B2-01,0,5
1862,54:F0:B1:BB:92:E1,PoliSemFio,27,535.7663917541504,B2-01,0,5
1863,54:F0:B1:BB:BE:12,,22,535.7663917541504,B2-01,0,5
1864,54:F0:B1:BB:C4:D0,eduroam,39,535.7663917541504,B2-01,0,5
1865,54:F0:B1:BB:C4:D1,PoliSemFio,34,535.7663917541504,B2-01,0,5
1866,54:F0:B1:BB:C4:D2,,54,535.7663917541504,B2-01,0,5
1867,54:F0:B1:BB:C4:F0,eduroam,20,535.7663917541504,B2-01,0,5
1868,54:F0:B1:BB:C4:F1,PoliSemFio,24,535.7663917541504,B2-01,0,5
1869,54:F0:B1:BB:C4:F2,,25,535.7663917541504,B2-01,0,5
1870,54:F0:B1:BB:C5:C3,MEZANINO,25,535.7663917541504,B2-01,0,5
1871,54:F0:B1:BB:C5:C4,GDLAB,37,535.7663917541504,B2-01,0,5
1872,54:F0:B1:BB:C5:C5,LABPAD,37,535.7663917541504,B2-01,0,5
1873,54:F0:B1:BB:C5:E4,GDLAB,9,535.7663917541504,B2-01,0,5
1874,54:F0:B1:BB:C5:E5,LABPAD,10,535.7663917541504,B2-01,0,5
1875,54:F0:B1:BB:CC:E0,B209,35,535.7663917541504,B2-01,0,5
1876,54:F0:B1:BB:CC:E3,eduroam,10,535.7663917541504,B2-01,0,5
1877,54:F0:B1:BB:D1:90,eduroam,22,535.7663917541504,B2-01,0,5
1878,54:F0:B1:BB:D1:92,LTE,19,535.7663917541504,B2-01,0,5
1879,54:F0:B1:BB:F3:20,eduroam,25,535.7663917541504,B2-01,0,5
1880,54:F0:B1:BB:F3:21,PoliSemFio,34,535.7663917541504,B2-01,0,5
1881,54:F0:B1:BB:F3:22,,34,535.7663917541504,B2-01,0,5
1882,54:F0:B1:BB:FD:D0,eduroam,14,535.7663917541504,B2-01,0,5
1883,54:F0:B1:BB:FD:D1,PoliSemFio,27,535.7663917541504,B2-01,0,5
1884,54:F0:B1:BB:FD:D2,,25,535.7663917541504,B2-01,0,5
1885,54:F0:B1:BC:09:40,eduroam,65,535.7663917541504,B2-01,0,5
1886,54:F0:B1:BC:09:41,PoliSemFio,62,535.7663917541504,B2-01,0,5
1887,54:F0:B1:BC:09:42,,64,535.7663917541504,B2-01,0,5
1888,54:F0:B1:BC:09:60,eduroam,52,535.7663917541504,B2-01,0,5
1889,54:F0:B1:BC:09:61,PoliSemFio,52,535.7663917541504,B2-01,0,5
1890,54:F0:B1:BC:2E:90,eduroam,64,535.7663917541504,B2-01,0,5
1891,54:F0:B1:BC:2E:91,PoliSemFio,47,535.7663917541504,B2-01,0,5
1892,54:F0:B1:BC:2E:B0,eduroam,27,535.7663917541504,B2-01,0,5
1893,54:F0:B1:BC:2E:B1,PoliSemFio,27,535.7663917541504,B2-01,0,5
1894,54:F0:B1:BC:2E:B2,,25,535.7663917541504,B2-01,0,5
1895,54:F0:B1:BC:2F:50,eduroam,10,535.7663917541504,B2-01,0,5
1896,54:F0:B1:BC:36:10,PoliSemFio,30,535.7663917541504,B2-01,0,5
1897,54:F0:B1:BC:36:11,eduroam,17,535.7663917541504,B2-01,0,5
1898,54:F0:B1:BC:36:12,,27,535.7663917541504,B2-01,0,5
1899,54:F0:B1:BC:3F:10,eduroam,17,535.7663917541504,B2-01,0,5
1900,54:F0:B1:BC:3F:11,PoliSemFio,30,535.7663917541504,B2-01,0,5
1901,54:F0:B1:BC:3F:12,,25,535.7663917541504,B2-01,0,5
1902,54:F0:B1:BC:65:B0,eduroam,25,535.7663917541504,B2-01,0,5
1903,54:F0:B1:BC:65:B1,PoliSemFio,30,535.7663917541504,B2-01,0,5
1904,54:F0:B1:BC:6F:70,eduroam,20,535.7663917541504,B2-01,0,5
1905,54:F0:B1:BC:6F:71,PoliSemFio,20,535.7663917541504,B2-01,0,5
1906,54:F0:B1:BC:6F:72,,25,535.7663917541504,B2-01,0,5
1907,54:F0:B1:BC:70:00,eduroam,49,535.7663917541504,B2-01,0,5
1908,54:F0:B1:BC:70:01,PoliSemFio,32,535.7663917541504,B2-01,0,5
1909,54:F0:B1:BC:70:20,eduroam,12,535.7663917541504,B2-01,0,5
1910,54:F0:B1:BC:70:21,PoliSemFio,14,535.7663917541504,B2-01,0,5
1911,54:F0:B1:BC:76:C0,eduroam,14,535.7663917541504,B2-01,0,5
1912,54:F0:B1:BC:77:80,eduroam,54,535.7663917541504,B2-01,0,5
1913,54:F0:B1:BC:77:81,PoliSemFio,62,535.7663917541504,B2-01,0,5
1914,54:F0:B1:BC:77:82,,62,535.7663917541504,B2-01,0,5
1915,54:F0:B1:BC:77:A0,eduroam,39,535.7663917541504,B2-01,0,5
1916,54:F0:B1:BC:77:A1,PoliSemFio,39,535.7663917541504,B2-01,0,5
1917,54:F0:B1:BC:77:A2,,35,535.7663917541504,B2-01,0,5
1918,54:F0:B1:BC:7C:90,eduroam,17,535.7663917541504,B2-01,0,5
1919,54:F0:B1:BC:7C:B0,eduroam,20,535.7663917541504,B2-01,0,5
1920,54:F0:B1:BC:7C:B1,PoliSemFio,20,535.7663917541504,B2-01,0,5
1921,54:F0:B1:BC:8F:20,eduroam,25,535.7663917541504,B2-01,0,5
1922,54:F0:B1:BC:8F:21,PoliSemFio,32,535.7663917541504,B2-01,0,5
1923,54:F0:B1:BC:8F:22,,25,535.7663917541504,B2-01,0,5
1924,54:F0:B1:BC:8F:40,eduroam,12,535.7663917541504,B2-01,0,5
1925,68:FF:7B:47:78:BD,C1-22M-5G,25,535.7663917541504,B2-01,0,5
1926,68:FF:7B:47:78:BE,C1-22M,60,535.7663917541504,B2-01,0,5
1927,70:62:B8:6E:72:A0,PCS-wireless-C1-13,47,535.7663917541504,B2-01,0,5
1928,70:62:B8:6E:72:A1,PPGEE,49,535.7663917541504,B2-01,0,5
1929,70:62:B8:6E:72:A2,PCS-wireless-C1-13-5GHz,12,535.7663917541504,B2-01,0,5
1930,70:62:B8:6E:72:A3,PPGEE-5GHz,12,535.7663917541504,B2-01,0,5
1931,84:D4:7E:06:4F:E0,eduroam,49,535.7663917541504,B2-01,0,5
1932,84:D4:7E:06:4F:E1,PoliSemFio,67,535.7663917541504,B2-01,0,5
1933,84:D4:7E:06:4F:E2,,65,535.7663917541504,B2-01,0,5
1934,84:D4:7E:06:4F:F0,eduroam,32,535.7663917541504,B2-01,0,5
1935,84:D4:7E:06:4F:F1,PoliSemFio,47,535.7663917541504,B2-01,0,5
1936,B6:4E:26:4B:84:C2,C2-01-Guest,29,535.7663917541504,B2-01,0,5
1937,DE:9F:DB:1C:1F:E0,LARC Guest,27,535.7663917541504,B2-01,0,5
1938,EE:9F:DB:1C:1F:E0,,27,535.7663917541504,B2-01,0,5
1939,F8:1A:67:99:55:8E,NUCLEAR_CHF,40,535.7663917541504,B2-01,0,5
1940,FA:D0:27:3E:69:92,DIRECT-273EE992,17,535.7663917541504,B2-01,0,5
1941,FE:9F:DB:1C:1F:E0,,27,535.7663917541504,B2-01,0,5
1942,00:18:E7:FF:8C:98,dlink,44,542.0440082550049,B2-01,0,5
1943,00:21:91:70:9D:EC,LAB-DIDATICO,29,542.0440082550049,B2-01,0,5
1944,30:85:A9:69:F2:E4,PCS-Wireless-C2-22,40,542.0440082550049,B2-01,0,5
1945,34:60:F9:A3:D9:13,GASWIFI-5G_C2,15,542.0440082550049,B2-01,0,5
1946,34:60:F9:A3:D9:14,GASWIFI-2G_C2,37,542.0440082550049,B2-01,0,5
1947,34:60:F9:A3:E7:3F,GASWIFI_C4,29,542.0440082550049,B2-01,0,5
1948,34:CE:00:51:3E:6F,Lab,52,542.0440082550049,B2-01,0,5
1949,34:CE:00:51:3E:70,Lab_5G,9,542.0440082550049,B2-01,0,5
1950,3A:60:F9:A3:D9:14,,24,542.0440082550049,B2-01,0,5
1951,44:D2:44:DC:2E:01,PROJETOR_B2-06-EC89sIpciG1AUef,17,542.0440082550049,B2-01,0,5
1952,54:B8:0A:AA:2C:8C,LAB_DIGITAL,49,542.0440082550049,B2-01,0,5
1953,54:B8:0A:AA:2C:8D,PCS-Wireless,50,542.0440082550049,B2-01,0,5
1954,54:B8:0A:AA:2C:8E,LAB_DIGITAL-5GHz,24,542.0440082550049,B2-01,0,5
1955,54:B8:0A:AA:2C:8F,PCS-Wireless-5GHz,22,542.0440082550049,B2-01,0,5
1956,54:F0:B1:A1:18:C0,eduroam,40,542.0440082550049,B2-01,0,5
1957,54:F0:B1:A1:18:C1,PoliSemFio,39,542.0440082550049,B2-01,0,5
1958,54:F0:B1:A1:18:C2,_owetm_PoliSemFio_ac058410,30,542.0440082550049,B2-01,0,5
1959,54:F0:B1:A1:18:C3,MEZANINO,39,542.0440082550049,B2-01,0,5
1960,54:F0:B1:A1:18:C4,GDLAB,40,542.0440082550049,B2-01,0,5
1961,54:F0:B1:A1:18:C5,LABPAD,40,542.0440082550049,B2-01,0,5
1962,54:F0:B1:A1:18:D0,eduroam,55,542.0440082550049,B2-01,0,5
1963,54:F0:B1:A1:18:D1,PoliSemFio,45,542.0440082550049,B2-01,0,5
1964,54:F0:B1:A1:18:D2,,47,542.0440082550049,B2-01,0,5
1965,54:F0:B1:A1:18:D3,MEZANINO,44,542.0440082550049,B2-01,0,5
1966,54:F0:B1:A1:18:D4,GDLAB,45,542.0440082550049,B2-01,0,5
1967,54:F0:B1:A1:18:D5,LABPAD,54,542.0440082550049,B2-01,0,5
1968,54:F0:B1:A1:57:F0,eduroam,22,542.0440082550049,B2-01,0,5
1969,54:F0:B1:A1:57:F1,PoliSemFio,22,542.0440082550049,B2-01,0,5
1970,54:F0:B1:A1:58:00,eduroam,39,542.0440082550049,B2-01,0,5
1971,54:F0:B1:A1:58:01,PoliSemFio,34,542.0440082550049,B2-01,0,5
1972,54:F0:B1:A1:58:02,,35,542.0440082550049,B2-01,0,5
1973,54:F0:B1:A1:E4:F0,eduroam,29,542.0440082550049,B2-01,0,5
1974,54:F0:B1:A1:E4:F1,PoliSemFio,29,542.0440082550049,B2-01,0,5
1975,54:F0:B1:A1:E4:F2,,20,542.0440082550049,B2-01,0,5
1976,54:F0:B1:A1:E5:00,eduroam,29,542.0440082550049,B2-01,0,5
1977,54:F0:B1:A1:E5:01,PoliSemFio,34,542.0440082550049,B2-01,0,5
1978,54:F0:B1:A1:E5:02,,35,542.0440082550049,B2-01,0,5
1979,54:F0:B1:A2:37:E2,,27,542.0440082550049,B2-01,0,5
1980,54:F0:B1:A2:56:70,eduroam,14,542.0440082550049,B2-01,0,5
1981,54:F0:B1:A2:57:20,eduroam,19,542.0440082550049,B2-01,0,5
1982,54:F0:B1:A2:57:21,PoliSemFio,17,542.0440082550049,B2-01,0,5
1983,54:F0:B1:A2:57:23,LCA,17,542.0440082550049,B2-01,0,5
1984,54:F0:B1:A2:57:30,eduroam,37,542.0440082550049,B2-01,0,5
1985,54:F0:B1:A2:57:31,PoliSemFio,32,542.0440082550049,B2-01,0,5
1986,54:F0:B1:A2:57:32,,34,542.0440082550049,B2-01,0,5
1987,54:F0:B1:A2:57:33,LCA,34,542.0440082550049,B2-01,0,5
1988,54:F0:B1:BB:5A:80,eduroam,27,542.0440082550049,B2-01,0,5
1989,54:F0:B1:BB:5A:81,PoliSemFio,24,542.0440082550049,B2-01,0,5
1990,54:F0:B1:BB:5A:82,HACKER,19,542.0440082550049,B2-01,0,5
1991,54:F0:B1:BB:5A:83,LEP,19,542.0440082550049,B2-01,0,5
1992,54:F0:B1:BB:5A:84,,25,542.0440082550049,B2-01,0,5
1993,54:F0:B1:BB:7E:E0,eduroam,24,542.0440082550049,B2-01,0,5
1994,54:F0:B1:BB:7E:E2,,25,542.0440082550049,B2-01,0,5
1995,54:F0:B1:BB:84:B0,eduroam,25,542.0440082550049,B2-01,0,5
1996,54:F0:B1:BB:84:D0,eduroam,17,542.0440082550049,B2-01,0,5
1997,54:F0:B1:BB:84:D1,PoliSemFio,15,542.0440082550049,B2-01,0,5
1998,54:F0:B1:BB:92:C2,,35,542.0440082550049,B2-01,0,5
1999,54:F0:B1:BB:92:E0,eduroam,24,542.0440082550049,B2-01,0,5
2000,54:F0:B1:BB:92:E1,PoliSemFio,25,542.0440082550049,B2-01,0,5
2001,54:F0:B1:BB:A1:60,eduroam,14,542.0440082550049,B2-01,0,5
2002,54:F0:B1:BB:C4:D0,eduroam,45,542.0440082550049,B2-01,0,5
2003,54:F0:B1:BB:C4:D1,PoliSemFio,34,542.0440082550049,B2-01,0,5
2004,54:F0:B1:BB:C4:D2,,54,542.0440082550049,B2-01,0,5
2005,54:F0:B1:BB:C4:F0,eduroam,24,542.0440082550049,B2-01,0,5
2006,54:F0:B1:BB:C4:F1,PoliSemFio,24,542.0440082550049,B2-01,0,5
2007,54:F0:B1:BB:C4:F2,,25,542.0440082550049,B2-01,0,5
2008,54:F0:B1:BB:C5:C3,MEZANINO,25,542.0440082550049,B2-01,0,5
2009,54:F0:B1:BB:C5:C4,GDLAB,37,542.0440082550049,B2-01,0,5
2010,54:F0:B1:BB:C5:C5,LABPAD,29,542.0440082550049,B2-01,0,5
2011,54:F0:B1:BB:C5:E4,GDLAB,9,542.0440082550049,B2-01,0,5
2012,54:F0:B1:BB:C5:E5,LABPAD,10,542.0440082550049,B2-01,0,5
2013,54:F0:B1:BB:CC:E0,B209,19,542.0440082550049,B2-01,0,5
2014,54:F0:B1:BB:CC:E3,eduroam,10,542.0440082550049,B2-01,0,5
2015,54:F0:B1:BB:D1:90,eduroam,22,542.0440082550049,B2-01,0,5
2016,54:F0:B1:BB:D1:92,LTE,19,542.0440082550049,B2-01,0,5
2017,54:F0:B1:BB:F3:20,eduroam,25,542.0440082550049,B2-01,0,5
2018,54:F0:B1:BB:F3:21,PoliSemFio,34,542.0440082550049,B2-01,0,5
2019,54:F0:B1:BB:F3:22,,34,542.0440082550049,B2-01,0,5
2020,54:F0:B1:BB:FD:D0,eduroam,20,542.0440082550049,B2-01,0,5
2021,54:F0:B1:BB:FD:D1,PoliSemFio,25,542.0440082550049,B2-01,0,5
2022,54:F0:B1:BB:FD:D2,,25,542.0440082550049,B2-01,0,5
2023,54:F0:B1:BC:09:40,eduroam,85,542.0440082550049,B2-01,0,5
2024,54:F0:B1:BC:09:41,PoliSemFio,85,542.0440082550049,B2-01,0,5
2025,54:F0:B1:BC:09:42,,64,542.0440082550049,B2-01,0,5
2026,54:F0:B1:BC:09:60,eduroam,52,542.0440082550049,B2-01,0,5
2027,54:F0:B1:BC:09:61,PoliSemFio,60,542.0440082550049,B2-01,0,5
2028,54:F0:B1:BC:1B:D0,eduroam,40,542.0440082550049,B2-01,0,5
2029,54:F0:B1:BC:2E:90,eduroam,64,542.0440082550049,B2-01,0,5
2030,54:F0:B1:BC:2E:91,PoliSemFio,47,542.0440082550049,B2-01,0,5
2031,54:F0:B1:BC:2E:B0,eduroam,20,542.0440082550049,B2-01,0,5
2032,54:F0:B1:BC:2E:B1,PoliSemFio,19,542.0440082550049,B2-01,0,5
2033,54:F0:B1:BC:2E:B2,,25,542.0440082550049,B2-01,0,5
2034,54:F0:B1:BC:2F:50,eduroam,10,542.0440082550049,B2-01,0,5
2035,54:F0:B1:BC:36:11,eduroam,17,542.0440082550049,B2-01,0,5
2036,54:F0:B1:BC:36:12,,27,542.0440082550049,B2-01,0,5
2037,54:F0:B1:BC:3F:10,eduroam,30,542.0440082550049,B2-01,0,5
2038,54:F0:B1:BC:3F:12,,25,542.0440082550049,B2-01,0,5
2039,54:F0:B1:BC:65:B0,eduroam,25,542.0440082550049,B2-01,0,5
2040,54:F0:B1:BC:65:B1,PoliSemFio,30,542.0440082550049,B2-01,0,5
2041,54:F0:B1:BC:6F:70,eduroam,20,542.0440082550049,B2-01,0,5
2042,54:F0:B1:BC:6F:71,PoliSemFio,25,542.0440082550049,B2-01,0,5
2043,54:F0:B1:BC:6F:72,,25,542.0440082550049,B2-01,0,5
2044,54:F0:B1:BC:70:00,eduroam,35,542.0440082550049,B2-01,0,5
2045,54:F0:B1:BC:70:01,PoliSemFio,34,542.0440082550049,B2-01,0,5
2046,54:F0:B1:BC:70:20,eduroam,20,542.0440082550049,B2-01,0,5
2047,54:F0:B1:BC:70:21,PoliSemFio,19,542.0440082550049,B2-01,0,5
2048,54:F0:B1:BC:76:C0,eduroam,14,542.0440082550049,B2-01,0,5
2049,54:F0:B1:BC:77:80,eduroam,65,542.0440082550049,B2-01,0,5
2050,54:F0:B1:BC:77:81,PoliSemFio,59,542.0440082550049,B2-01,0,5
2051,54:F0:B1:BC:77:82,,62,542.0440082550049,B2-01,0,5
2052,54:F0:B1:BC:77:A0,eduroam,44,542.0440082550049,B2-01,0,5
2053,54:F0:B1:BC:77:A1,PoliSemFio,39,542.0440082550049,B2-01,0,5
2054,54:F0:B1:BC:77:A2,,35,542.0440082550049,B2-01,0,5
2055,54:F0:B1:BC:7C:90,eduroam,10,542.0440082550049,B2-01,0,5
2056,54:F0:B1:BC:7C:B0,eduroam,19,542.0440082550049,B2-01,0,5
2057,54:F0:B1:BC:7C:B1,PoliSemFio,17,542.0440082550049,B2-01,0,5
2058,54:F0:B1:BC:7C:B2,,17,542.0440082550049,B2-01,0,5
2059,54:F0:B1:BC:8F:20,eduroam,25,542.0440082550049,B2-01,0,5
2060,54:F0:B1:BC:8F:21,PoliSemFio,32,542.0440082550049,B2-01,0,5
2061,54:F0:B1:BC:8F:22,,25,542.0440082550049,B2-01,0,5
2062,54:F0:B1:BC:8F:40,eduroam,12,542.0440082550049,B2-01,0,5
2063,68:FF:7B:47:78:BD,C1-22M-5G,17,542.0440082550049,B2-01,0,5
2064,68:FF:7B:47:78:BE,C1-22M,64,542.0440082550049,B2-01,0,5
2065,70:62:B8:6E:72:A0,PCS-wireless-C1-13,64,542.0440082550049,B2-01,0,5
2066,70:62:B8:6E:72:A1,PPGEE,49,542.0440082550049,B2-01,0,5
2067,70:62:B8:6E:72:A2,PCS-wireless-C1-13-5GHz,12,542.0440082550049,B2-01,0,5
2068,70:62:B8:6E:72:A3,PPGEE-5GHz,15,542.0440082550049,B2-01,0,5
2069,84:D4:7E:06:4F:E0,eduroam,82,542.0440082550049,B2-01,0,5
2070,84:D4:7E:06:4F:E1,PoliSemFio,84,542.0440082550049,B2-01,0,5
2071,84:D4:7E:06:4F:E2,,82,542.0440082550049,B2-01,0,5
2072,84:D4:7E:06:4F:F0,eduroam,50,542.0440082550049,B2-01,0,5
2073,84:D4:7E:06:4F:F1,PoliSemFio,50,542.0440082550049,B2-01,0,5
2074,84:D4:7E:06:4F:F2,,50,542.0440082550049,B2-01,0,5
2075,B6:4E:26:4B:84:C2,C2-01-Guest,29,542.0440082550049,B2-01,0,5
2076,DC:9F:DB:1C:1F:D7,LWN-3,17,542.0440082550049,B2-01,0,5
2077,DE:9F:DB:1C:1F:E0,LARC Guest,27,542.0440082550049,B2-01,0,5
2078,EE:9F:DB:1C:1F:E0,,27,542.0440082550049,B2-01,0,5
2079,F8:1A:67:99:55:8E,NUCLEAR_CHF,40,542.0440082550049,B2-01,0,5
2080,FA:D0:27:3E:69:92,DIRECT-273EE992,17,542.0440082550049,B2-01,0,5
2081,FE:9F:DB:1C:1F:E0,,20,542.0440082550049,B2-01,0,5
2082,00:18:E7:FF:8C:98,dlink,44,544.6805016994476,B2-01,0,5
2083,00:21:91:70:9D:EC,LAB-DIDATICO,29,544.6805016994476,B2-01,0,5
2084,30:85:A9:69:F2:E4,PCS-Wireless-C2-22,40,544.6805016994476,B2-01,0,5
2085,34:60:F9:A3:D9:13,GASWIFI-5G_C2,15,544.6805016994476,B2-01,0,5
2086,34:60:F9:A3:D9:14,GASWIFI-2G_C2,37,544.6805016994476,B2-01,0,5
2087,34:60:F9:A3:E7:3F,GASWIFI_C4,29,544.6805016994476,B2-01,0,5
2088,34:CE:00:51:3E:6F,Lab,52,544.6805016994476,B2-01,0,5
2089,34:CE:00:51:3E:70,Lab_5G,9,544.6805016994476,B2-01,0,5
2090,3A:60:F9:A3:D9:14,,24,544.6805016994476,B2-01,0,5
2091,44:D2:44:DC:2E:01,PROJETOR_B2-06-EC89sIpciG1AUef,17,544.6805016994476,B2-01,0,5
2092,54:B8:0A:AA:2C:8C,LAB_DIGITAL,49,544.6805016994476,B2-01,0,5
2093,54:B8:0A:AA:2C:8D,PCS-Wireless,50,544.6805016994476,B2-01,0,5
2094,54:B8:0A:AA:2C:8E,LAB_DIGITAL-5GHz,24,544.6805016994476,B2-01,0,5
2095,54:B8:0A:AA:2C:8F,PCS-Wireless-5GHz,22,544.6805016994476,B2-01,0,5
2096,54:F0:B1:A1:18:C0,eduroam,40,544.6805016994476,B2-01,0,5
2097,54:F0:B1:A1:18:C1,PoliSemFio,39,544.6805016994476,B2-01,0,5
2098,54:F0:B1:A1:18:C2,_owetm_PoliSemFio_ac058410,30,544.6805016994476,B2-01,0,5
2099,54:F0:B1:A1:18:C3,MEZANINO,39,544.6805016994476,B2-01,0,5
2100,54:F0:B1:A1:18:C4,GDLAB,40,544.6805016994476,B2-01,0,5
2101,54:F0:B1:A1:18:C5,LABPAD,40,544.6805016994476,B2-01,0,5
2102,54:F0:B1:A1:18:D0,eduroam,55,544.6805016994476,B2-01,0,5
2103,54:F0:B1:A1:18:D1,PoliSemFio,45,544.6805016994476,B2-01,0,5
2104,54:F0:B1:A1:18:D2,,47,544.6805016994476,B2-01,0,5
2105,54:F0:B1:A1:18:D3,MEZANINO,44,544.6805016994476,B2-01,0,5
2106,54:F0:B1:A1:18:D4,GDLAB,45,544.6805016994476,B2-01,0,5
2107,54:F0:B1:A1:18:D5,LABPAD,54,544.6805016994476,B2-01,0,5
2108,54:F0:B1:A1:57:F0,eduroam,22,544.6805016994476,B2-01,0,5
2109,54:F0:B1:A1:57:F1,PoliSemFio,22,544.6805016994476,B2-01,0,5
2110,54:F0:B1:A1:58:00,eduroam,39,544.6805016994476,B2-01,0,5
2111,54:F0:B1:A1:58:01,PoliSemFio,34,544.6805016994476,B2-01,0,5
2112,54:F0:B1:A1:58:02,,35,544.6805016994476,B2-01,0,5
2113,54:F0:B1:A1:E4:F0,eduroam,29,544.6805016994476,B2-01,0,5
2114,54:F0:B1:A1:E4:F1,PoliSemFio,29,544.6805016994476,B2-01,0,5
2115,54:F0:B1:A1:E4:F2,,20,544.6805016994476,B2-01,0,5
2116,54:F0:B1:A1:E5:00,eduroam,29,544.6805016994476,B2-01,0,5
2117,54:F0:B1:A1:E5:01,PoliSemFio,34,544.6805016994476,B2-01,0,5
2118,54:F0:B1:A1:E5:02,,35,544.6805016994476,B2-01,0,5
2119,54:F0:B1:A2:37:E2,,27,544.6805016994476,B2-01,0,5
2120,54:F0:B1:A2:56:70,eduroam,14,544.6805016994476,B2-01,0,5
2121,54:F0:B1:A2:57:20,eduroam,19,544.6805016994476,B2-01,0,5
2122,54:F0:B1:A2:57:21,PoliSemFio,17,544.6805016994476,B2-01,0,5
2123,54:F0:B1:A2:57:23,LCA,17,544.6805016994476,B2-01,0,5
2124,54:F0:B1:A2:57:30,eduroam,37,544.6805016994476,B2-01,0,5
2125,54:F0:B1:A2:57:31,PoliSemFio,32,544.6805016994476,B2-01,0,5
2126,54:F0:B1:A2:57:32,,34,544.6805016994476,B2-01,0,5
2127,54:F0:B1:A2:57:33,LCA,34,544.6805016994476,B2-01,0,5
2128,54:F0:B1:BB:5A:80,eduroam,27,544.6805016994476,B2-01,0,5
2129,54:F0:B1:BB:5A:81,PoliSemFio,24,544.6805016994476,B2-01,0,5
2130,54:F0:B1:BB:5A:82,HACKER,19,544.6805016994476,B2-01,0,5
2131,54:F0:B1:BB:5A:83,LEP,19,544.6805016994476,B2-01,0,5
2132,54:F0:B1:BB:5A:84,,25,544.6805016994476,B2-01,0,5
2133,54:F0:B1:BB:7E:E0,eduroam,24,544.6805016994476,B2-01,0,5
2134,54:F0:B1:BB:7E:E2,,25,544.6805016994476,B2-01,0,5
2135,54:F0:B1:BB:84:B0,eduroam,25,544.6805016994476,B2-01,0,5
2136,54:F0:B1:BB:84:D0,eduroam,17,544.6805016994476,B2-01,0,5
2137,54:F0:B1:BB:84:D1,PoliSemFio,15,544.6805016994476,B2-01,0,5
2138,54:F0:B1:BB:92:C2,,35,544.6805016994476,B2-01,0,5
2139,54:F0:B1:BB:92:E0,eduroam,24,544.6805016994476,B2-01,0,5
2140,54:F0:B1:BB:92:E1,PoliSemFio,25,544.6805016994476,B2-01,0,5
2141,54:F0:B1:BB:A1:60,eduroam,14,544.6805016994476,B2-01,0,5
2142,54:F0:B1:BB:C4:D0,eduroam,45,544.6805016994476,B2-01,0,5
2143,54:F0:B1:BB:C4:D1,PoliSemFio,34,544.6805016994476,B2-01,0,5
2144,54:F0:B1:BB:C4:D2,,54,544.6805016994476,B2-01,0,5
2145,54:F0:B1:BB:C4:F0,eduroam,24,544.6805016994476,B2-01,0,5
2146,54:F0:B1:BB:C4:F1,PoliSemFio,24,544.6805016994476,B2-01,0,5
2147,54:F0:B1:BB:C4:F2,,25,544.6805016994476,B2-01,0,5
2148,54:F0:B1:BB:C5:C3,MEZANINO,25,544.6805016994476,B2-01,0,5
2149,54:F0:B1:BB:C5:C4,GDLAB,37,544.6805016994476,B2-01,0,5
2150,54:F0:B1:BB:C5:C5,LABPAD,29,544.6805016994476,B2-01,0,5
2151,54:F0:B1:BB:C5:E4,GDLAB,9,544.6805016994476,B2-01,0,5
2152,54:F0:B1:BB:C5:E5,LABPAD,10,544.6805016994476,B2-01,0,5
2153,54:F0:B1:BB:CC:E0,B209,19,544.6805016994476,B2-01,0,5
2154,54:F0:B1:BB:CC:E3,eduroam,10,544.6805016994476,B2-01,0,5
2155,54:F0:B1:BB:D1:90,eduroam,22,544.6805016994476,B2-01,0,5
2156,54:F0:B1:BB:D1:92,LTE,19,544.6805016994476,B2-01,0,5
2157,54:F0:B1:BB:F3:20,eduroam,25,544.6805016994476,B2-01,0,5
2158,54:F0:B1:BB:F3:21,PoliSemFio,34,544.6805016994476,B2-01,0,5
2159,54:F0:B1:BB:F3:22,,34,544.6805016994476,B2-01,0,5
2160,54:F0:B1:BB:FD:D0,eduroam,20,544.6805016994476,B2-01,0,5
2161,54:F0:B1:BB:FD:D1,PoliSemFio,25,544.6805016994476,B2-01,0,5
2162,54:F0:B1:BB:FD:D2,,25,544.6805016994476,B2-01,0,5
2163,54:F0:B1:BC:09:40,eduroam,85,544.6805016994476,B2-01,0,5
2164,54:F0:B1:BC:09:41,PoliSemFio,85,544.6805016994476,B2-01,0,5
2165,54:F0:B1:BC:09:42,,64,544.6805016994476,B2-01,0,5
2166,54:F0:B1:BC:09:60,eduroam,58,544.6805016994476,B2-01,0,5
2167,54:F0:B1:BC:09:61,PoliSemFio,60,544.6805016994476,B2-01,0,5
2168,54:F0:B1:BC:1B:D0,eduroam,40,544.6805016994476,B2-01,0,5
2169,54:F0:B1:BC:2E:90,eduroam,64,544.6805016994476,B2-01,0,5
2170,54:F0:B1:BC:2E:91,PoliSemFio,47,544.6805016994476,B2-01,0,5
2171,54:F0:B1:BC:2E:B0,eduroam,20,544.6805016994476,B2-01,0,5
2172,54:F0:B1:BC:2E:B1,PoliSemFio,19,544.6805016994476,B2-01,0,5
2173,54:F0:B1:BC:2E:B2,,25,544.6805016994476,B2-01,0,5
2174,54:F0:B1:BC:2F:50,eduroam,10,544.6805016994476,B2-01,0,5
2175,54:F0:B1:BC:36:11,eduroam,17,544.6805016994476,B2-01,0,5
2176,54:F0:B1:BC:36:12,,27,544.6805016994476,B2-01,0,5
2177,54:F0:B1:BC:3F:10,eduroam,30,544.6805016994476,B2-01,0,5
2178,54:F0:B1:BC:3F:12,,25,544.6805016994476,B2-01,0,5
2179,54:F0:B1:BC:65:B0,eduroam,25,544.6805016994476,B2-01,0,5
2180,54:F0:B1:BC:65:B1,PoliSemFio,30,544.6805016994476,B2-01,0,5
2181,54:F0:B1:BC:6F:70,eduroam,20,544.6805016994476,B2-01,0,5
2182,54:F0:B1:BC:6F:71,PoliSemFio,25,544.6805016994476,B2-01,0,5
2183,54:F0:B1:BC:6F:72,,25,544.6805016994476,B2-01,0,5
2184,54:F0:B1:BC:70:00,eduroam,35,544.6805016994476,B2-01,0,5
2185,54:F0:B1:BC:70:01,PoliSemFio,34,544.6805016994476,B2-01,0,5
2186,54:F0:B1:BC:70:20,eduroam,20,544.6805016994476,B2-01,0,5
2187,54:F0:B1:BC:70:21,PoliSemFio,19,544.6805016994476,B2-01,0,5
2188,54:F0:B1:BC:76:C0,eduroam,14,544.6805016994476,B2-01,0,5
2189,54:F0:B1:BC:77:80,eduroam,65,544.6805016994476,B2-01,0,5
2190,54:F0:B1:BC:77:81,PoliSemFio,59,544.6805016994476,B2-01,0,5
2191,54:F0:B1:BC:77:82,,62,544.6805016994476,B2-01,0,5
2192,54:F0:B1:BC:77:A0,eduroam,44,544.6805016994476,B2-01,0,5
2193,54:F0:B1:BC:77:A1,PoliSemFio,39,544.6805016994476,B2-01,0,5
2194,54:F0:B1:BC:77:A2,,35,544.6805016994476,B2-01,0,5
2195,54:F0:B1:BC:7C:90,eduroam,10,544.6805016994476,B2-01,0,5
2196,54:F0:B1:BC:7C:B0,eduroam,19,544.6805016994476,B2-01,0,5
2197,54:F0:B1:BC:7C:B1,PoliSemFio,17,544.6805016994476,B2-01,0,5
2198,54:F0:B1:BC:7C:B2,,17,544.6805016994476,B2-01,0,5
2199,54:F0:B1:BC:8F:20,eduroam,25,544.6805016994476,B2-01,0,5
2200,54:F0:B1:BC:8F:21,PoliSemFio,32,544.6805016994476,B2-01,0,5
2201,54:F0:B1:BC:8F:22,,25,544.6805016994476,B2-01,0,5
2202,54:F0:B1:BC:8F:40,eduroam,12,544.6805016994476,B2-01,0,5
2203,68:FF:7B:47:78:BD,C1-22M-5G,17,544.6805016994476,B2-01,0,5
2204,68:FF:7B:47:78:BE,C1-22M,64,544.6805016994476,B2-01,0,5
2205,70:62:B8:6E:72:A0,PCS-wireless-C1-13,64,544.6805016994476,B2-01,0,5
2206,70:62:B8:6E:72:A1,PPGEE,49,544.6805016994476,B2-01,0,5
2207,70:62:B8:6E:72:A2,PCS-wireless-C1-13-5GHz,12,544.6805016994476,B2-01,0,5
2208,70:62:B8:6E:72:A3,PPGEE-5GHz,15,544.6805016994476,B2-01,0,5
2209,84:D4:7E:06:4F:E0,eduroam,82,544.6805016994476,B2-01,0,5
2210,84:D4:7E:06:4F:E1,PoliSemFio,84,544.6805016994476,B2-01,0,5
2211,84:D4:7E:06:4F:E2,,82,544.6805016994476,B2-01,0,5
2212,84:D4:7E:06:4F:F0,eduroam,50,544.6805016994476,B2-01,0,5
2213,84:D4:7E:06:4F:F1,PoliSemFio,50,544.6805016994476,B2-01,0,5
2214,84:D4:7E:06:4F:F2,,50,544.6805016994476,B2-01,0,5
2215,B6:4E:26:4B:84:C2,C2-01-Guest,29,544.6805016994476,B2-01,0,5
2216,DC:9F:DB:1C:1F:D7,LWN-3,17,544.6805016994476,B2-01,0,5
2217,DE:9F:DB:1C:1F:E0,LARC Guest,27,544.6805016994476,B2-01,0,5
2218,EE:9F:DB:1C:1F:E0,,27,544.6805016994476,B2-01,0,5
2219,F8:1A:67:99:55:8E,NUCLEAR_CHF,40,544.6805016994476,B2-01,0,5
2220,FA:D0:27:3E:69:92,DIRECT-273EE992,17,544.6805016994476,B2-01,0,5
2221,FE:9F:DB:1C:1F:E0,,20,544.6805016994476,B2-01,0,5
2222,00:18:E7:FF:8C:98,dlink,29,547.3644850254059,B2-01,0,5
2223,00:21:91:70:9D:EC,LAB-DIDATICO,29,547.3644850254059,B2-01,0,5
2224,30:85:A9:69:F2:E4,PCS-Wireless-C2-22,40,547.3644850254059,B2-01,0,5
2225,34:60:F9:A3:D9:13,GASWIFI-5G_C2,19,547.3644850254059,B2-01,0,5
2226,34:60:F9:A3:D9:14,GASWIFI-2G_C2,30,547.3644850254059,B2-01,0,5
2227,34:60:F9:A3:E7:3F,GASWIFI_C4,29,547.3644850254059,B2-01,0,5
2228,34:CE:00:51:3E:6F,Lab,35,547.3644850254059,B2-01,0,5
2229,34:CE:00:51:3E:70,Lab_5G,10,547.3644850254059,B2-01,0,5
2230,3A:60:F9:A3:D9:13,,19,547.3644850254059,B2-01,0,5
2231,3A:60:F9:A3:D9:14,,29,547.3644850254059,B2-01,0,5
2232,44:D2:44:DC:2E:01,PROJETOR_B2-06-EC89sIpciG1AUef,19,547.3644850254059,B2-01,0,5
2233,54:B8:0A:AA:2C:8C,LAB_DIGITAL,40,547.3644850254059,B2-01,0,5
2234,54:B8:0A:AA:2C:8D,PCS-Wireless,39,547.3644850254059,B2-01,0,5
2235,54:B8:0A:AA:2C:8E,LAB_DIGITAL-5GHz,12,547.3644850254059,B2-01,0,5
2236,54:B8:0A:AA:2C:8F,PCS-Wireless-5GHz,12,547.3644850254059,B2-01,0,5
2237,54:F0:B1:A1:18:C0,eduroam,40,547.3644850254059,B2-01,0,5
2238,54:F0:B1:A1:18:C1,PoliSemFio,39,547.3644850254059,B2-01,0,5
2239,54:F0:B1:A1:18:C2,,30,547.3644850254059,B2-01,0,5
2240,54:F0:B1:A1:18:C3,MEZANINO,39,547.3644850254059,B2-01,0,5
2241,54:F0:B1:A1:18:C4,GDLAB,40,547.3644850254059,B2-01,0,5
2242,54:F0:B1:A1:18:C5,LABPAD,40,547.3644850254059,B2-01,0,5
2243,54:F0:B1:A1:18:D0,eduroam,55,547.3644850254059,B2-01,0,5
2244,54:F0:B1:A1:18:D1,PoliSemFio,40,547.3644850254059,B2-01,0,5
2245,54:F0:B1:A1:18:D2,,37,547.3644850254059,B2-01,0,5
2246,54:F0:B1:A1:18:D3,MEZANINO,37,547.3644850254059,B2-01,0,5
2247,54:F0:B1:A1:18:D4,GDLAB,37,547.3644850254059,B2-01,0,5
2248,54:F0:B1:A1:18:D5,LABPAD,54,547.3644850254059,B2-01,0,5
2249,54:F0:B1:A1:57:F0,eduroam,22,547.3644850254059,B2-01,0,5
2250,54:F0:B1:A1:57:F1,PoliSemFio,22,547.3644850254059,B2-01,0,5
2251,54:F0:B1:A1:58:00,eduroam,17,547.3644850254059,B2-01,0,5
2252,54:F0:B1:A1:58:01,PoliSemFio,27,547.3644850254059,B2-01,0,5
2253,54:F0:B1:A1:58:02,,29,547.3644850254059,B2-01,0,5
2254,54:F0:B1:A1:E4:F0,eduroam,29,547.3644850254059,B2-01,0,5
2255,54:F0:B1:A1:E4:F1,PoliSemFio,29,547.3644850254059,B2-01,0,5
2256,54:F0:B1:A1:E4:F2,,20,547.3644850254059,B2-01,0,5
2257,54:F0:B1:A1:E5:00,eduroam,29,547.3644850254059,B2-01,0,5
2258,54:F0:B1:A1:E5:01,PoliSemFio,34,547.3644850254059,B2-01,0,5
2259,54:F0:B1:A1:E5:02,,35,547.3644850254059,B2-01,0,5
2260,54:F0:B1:A2:37:E2,,27,547.3644850254059,B2-01,0,5
2261,54:F0:B1:A2:56:70,eduroam,14,547.3644850254059,B2-01,0,5
2262,54:F0:B1:A2:57:20,eduroam,22,547.3644850254059,B2-01,0,5
2263,54:F0:B1:A2:57:21,PoliSemFio,20,547.3644850254059,B2-01,0,5
2264,54:F0:B1:A2:57:23,LCA,20,547.3644850254059,B2-01,0,5
2265,54:F0:B1:A2:57:30,eduroam,37,547.3644850254059,B2-01,0,5
2266,54:F0:B1:A2:57:31,PoliSemFio,32,547.3644850254059,B2-01,0,5
2267,54:F0:B1:A2:57:32,,34,547.3644850254059,B2-01,0,5
2268,54:F0:B1:A2:57:33,LCA,19,547.3644850254059,B2-01,0,5
2269,54:F0:B1:BB:5A:80,eduroam,27,547.3644850254059,B2-01,0,5
2270,54:F0:B1:BB:5A:81,PoliSemFio,24,547.3644850254059,B2-01,0,5
2271,54:F0:B1:BB:5A:82,HACKER,20,547.3644850254059,B2-01,0,5
2272,54:F0:B1:BB:5A:83,LEP,19,547.3644850254059,B2-01,0,5
2273,54:F0:B1:BB:5A:84,,25,547.3644850254059,B2-01,0,5
2274,54:F0:B1:BB:7E:E0,eduroam,24,547.3644850254059,B2-01,0,5
2275,54:F0:B1:BB:7E:E2,,25,547.3644850254059,B2-01,0,5
2276,54:F0:B1:BB:84:B0,eduroam,25,547.3644850254059,B2-01,0,5
2277,54:F0:B1:BB:84:B2,,25,547.3644850254059,B2-01,0,5
2278,54:F0:B1:BB:84:D0,eduroam,12,547.3644850254059,B2-01,0,5
2279,54:F0:B1:BB:84:D1,PoliSemFio,12,547.3644850254059,B2-01,0,5
2280,54:F0:B1:BB:92:C2,,35,547.3644850254059,B2-01,0,5
2281,54:F0:B1:BB:92:E0,eduroam,24,547.3644850254059,B2-01,0,5
2282,54:F0:B1:BB:92:E1,PoliSemFio,25,547.3644850254059,B2-01,0,5
2283,54:F0:B1:BB:A1:60,eduroam,14,547.3644850254059,B2-01,0,5
2284,54:F0:B1:BB:C4:D0,eduroam,35,547.3644850254059,B2-01,0,5
2285,54:F0:B1:BB:C4:D1,PoliSemFio,35,547.3644850254059,B2-01,0,5
2286,54:F0:B1:BB:C4:D2,,35,547.3644850254059,B2-01,0,5
2287,54:F0:B1:BB:C4:F0,eduroam,20,547.3644850254059,B2-01,0,5
2288,54:F0:B1:BB:C4:F1,PoliSemFio,22,547.3644850254059,B2-01,0,5
2289,54:F0:B1:BB:C4:F2,,20,547.3644850254059,B2-01,0,5
2290,54:F0:B1:BB:C5:C3,MEZANINO,25,547.3644850254059,B2-01,0,5
2291,54:F0:B1:BB:C5:C4,GDLAB,37,547.3644850254059,B2-01,0,5
2292,54:F0:B1:BB:C5:C5,LABPAD,29,547.3644850254059,B2-01,0,5
2293,54:F0:B1:BB:C5:E4,GDLAB,9,547.3644850254059,B2-01,0,5
2294,54:F0:B1:BB:C5:E5,LABPAD,10,547.3644850254059,B2-01,0,5
2295,54:F0:B1:BB:CC:E0,B209,19,547.3644850254059,B2-01,0,5
2296,54:F0:B1:BB:CC:E3,eduroam,10,547.3644850254059,B2-01,0,5
2297,54:F0:B1:BB:D1:90,eduroam,22,547.3644850254059,B2-01,0,5
2298,54:F0:B1:BB:D1:92,LTE,19,547.3644850254059,B2-01,0,5
2299,54:F0:B1:BB:F3:20,eduroam,25,547.3644850254059,B2-01,0,5
2300,54:F0:B1:BB:F3:21,PoliSemFio,34,547.3644850254059,B2-01,0,5
2301,54:F0:B1:BB:F3:22,,34,547.3644850254059,B2-01,0,5
2302,54:F0:B1:BB:FD:D0,eduroam,20,547.3644850254059,B2-01,0,5
2303,54:F0:B1:BB:FD:D1,PoliSemFio,20,547.3644850254059,B2-01,0,5
2304,54:F0:B1:BB:FD:D2,,25,547.3644850254059,B2-01,0,5
2305,54:F0:B1:BC:09:40,eduroam,89,547.3644850254059,B2-01,0,5
2306,54:F0:B1:BC:09:41,PoliSemFio,85,547.3644850254059,B2-01,0,5
2307,54:F0:B1:BC:09:42,,64,547.3644850254059,B2-01,0,5
2308,54:F0:B1:BC:09:60,eduroam,67,547.3644850254059,B2-01,0,5
2309,54:F0:B1:BC:09:61,PoliSemFio,67,547.3644850254059,B2-01,0,5
2310,54:F0:B1:BC:1B:D0,eduroam,40,547.3644850254059,B2-01,0,5
2311,54:F0:B1:BC:2E:90,eduroam,64,547.3644850254059,B2-01,0,5
2312,54:F0:B1:BC:2E:B0,eduroam,20,547.3644850254059,B2-01,0,5
2313,54:F0:B1:BC:2E:B1,PoliSemFio,22,547.3644850254059,B2-01,0,5
2314,54:F0:B1:BC:2E:B2,,25,547.3644850254059,B2-01,0,5
2315,54:F0:B1:BC:2F:50,eduroam,10,547.3644850254059,B2-01,0,5
2316,54:F0:B1:BC:36:11,eduroam,19,547.3644850254059,B2-01,0,5
2317,54:F0:B1:BC:36:12,,27,547.3644850254059,B2-01,0,5
2318,54:F0:B1:BC:3F:10,eduroam,30,547.3644850254059,B2-01,0,5
2319,54:F0:B1:BC:3F:12,,22,547.3644850254059,B2-01,0,5
2320,54:F0:B1:BC:65:B0,eduroam,25,547.3644850254059,B2-01,0,5
2321,54:F0:B1:BC:65:B1,PoliSemFio,30,547.3644850254059,B2-01,0,5
2322,54:F0:B1:BC:65:D1,PoliSemFio,24,547.3644850254059,B2-01,0,5
2323,54:F0:B1:BC:6F:70,eduroam,20,547.3644850254059,B2-01,0,5
2324,54:F0:B1:BC:6F:71,PoliSemFio,25,547.3644850254059,B2-01,0,5
2325,54:F0:B1:BC:6F:72,,25,547.3644850254059,B2-01,0,5
2326,54:F0:B1:BC:70:00,eduroam,29,547.3644850254059,B2-01,0,5
2327,54:F0:B1:BC:70:01,PoliSemFio,34,547.3644850254059,B2-01,0,5
2328,54:F0:B1:BC:70:20,eduroam,20,547.3644850254059,B2-01,0,5
2329,54:F0:B1:BC:70:21,PoliSemFio,19,547.3644850254059,B2-01,0,5
2330,54:F0:B1:BC:76:C0,eduroam,14,547.3644850254059,B2-01,0,5
2331,54:F0:B1:BC:77:80,eduroam,65,547.3644850254059,B2-01,0,5
2332,54:F0:B1:BC:77:81,PoliSemFio,59,547.3644850254059,B2-01,0,5
2333,54:F0:B1:BC:77:82,,59,547.3644850254059,B2-01,0,5
2334,54:F0:B1:BC:77:A0,eduroam,44,547.3644850254059,B2-01,0,5
2335,54:F0:B1:BC:77:A1,PoliSemFio,44,547.3644850254059,B2-01,0,5
2336,54:F0:B1:BC:77:A2,,35,547.3644850254059,B2-01,0,5
2337,54:F0:B1:BC:7C:90,eduroam,10,547.3644850254059,B2-01,0,5
2338,54:F0:B1:BC:7C:B0,eduroam,19,547.3644850254059,B2-01,0,5
2339,54:F0:B1:BC:7C:B1,PoliSemFio,17,547.3644850254059,B2-01,0,5
2340,54:F0:B1:BC:7C:B2,,17,547.3644850254059,B2-01,0,5
2341,54:F0:B1:BC:8F:20,eduroam,25,547.3644850254059,B2-01,0,5
2342,54:F0:B1:BC:8F:21,PoliSemFio,32,547.3644850254059,B2-01,0,5
2343,54:F0:B1:BC:8F:22,,25,547.3644850254059,B2-01,0,5
2344,54:F0:B1:BC:8F:40,eduroam,12,547.3644850254059,B2-01,0,5
2345,68:FF:7B:47:78:BD,C1-22M-5G,17,547.3644850254059,B2-01,0,5
2346,68:FF:7B:47:78:BE,C1-22M,65,547.3644850254059,B2-01,0,5
2347,70:62:B8:6E:72:A0,PCS-wireless-C1-13,64,547.3644850254059,B2-01,0,5
2348,70:62:B8:6E:72:A1,PPGEE,49,547.3644850254059,B2-01,0,5
2349,70:62:B8:6E:72:A2,PCS-wireless-C1-13-5GHz,12,547.3644850254059,B2-01,0,5
2350,70:62:B8:6E:72:A3,PPGEE-5GHz,15,547.3644850254059,B2-01,0,5
2351,84:D4:7E:06:4F:E0,eduroam,49,547.3644850254059,B2-01,0,5
2352,84:D4:7E:06:4F:E1,PoliSemFio,84,547.3644850254059,B2-01,0,5
2353,84:D4:7E:06:4F:E2,,82,547.3644850254059,B2-01,0,5
2354,84:D4:7E:06:4F:F0,eduroam,27,547.3644850254059,B2-01,0,5
2355,84:D4:7E:06:4F:F1,PoliSemFio,25,547.3644850254059,B2-01,0,5
2356,84:D4:7E:06:4F:F2,,50,547.3644850254059,B2-01,0,5
2357,B6:4E:26:4B:84:C2,C2-01-Guest,29,547.3644850254059,B2-01,0,5
2358,DC:9F:DB:1C:1F:D7,LWN-3,17,547.3644850254059,B2-01,0,5
2359,DE:9F:DB:1C:1F:E0,LARC Guest,27,547.3644850254059,B2-01,0,5
2360,EE:9F:DB:1C:1F:E0,,27,547.3644850254059,B2-01,0,5
2361,F8:1A:67:99:55:8E,NUCLEAR_CHF,40,547.3644850254059,B2-01,0,5
2362,FA:D0:27:3E:69:92,DIRECT-273EE992,17,547.3644850254059,B2-01,0,5
2363,FE:9F:DB:1C:1F:E0,,20,547.3644850254059,B2-01,0,5
2364,00:18:E7:FF:8C:98,dlink,29,549.9961450099945,B2-01,0,5
2365,00:21:91:70:9D:EC,LAB-DIDATICO,29,549.9961450099945,B2-01,0,5
2366,30:85:A9:69:F2:E4,PCS-Wireless-C2-22,40,549.9961450099945,B2-01,0,5
2367,34:60:F9:A3:D9:13,GASWIFI-5G_C2,19,549.9961450099945,B2-01,0,5
2368,34:60:F9:A3:D9:14,GASWIFI-2G_C2,30,549.9961450099945,B2-01,0,5
2369,34:60:F9:A3:E7:3F,GASWIFI_C4,29,549.9961450099945,B2-01,0,5
2370,34:CE:00:51:3E:6F,Lab,35,549.9961450099945,B2-01,0,5
2371,34:CE:00:51:3E:70,Lab_5G,10,549.9961450099945,B2-01,0,5
2372,3A:60:F9:A3:D9:13,,19,549.9961450099945,B2-01,0,5
2373,3A:60:F9:A3:D9:14,,29,549.9961450099945,B2-01,0,5
2374,44:D2:44:DC:2E:01,PROJETOR_B2-06-EC89sIpciG1AUef,19,549.9961450099945,B2-01,0,5
2375,54:B8:0A:AA:2C:8C,LAB_DIGITAL,40,549.9961450099945,B2-01,0,5
2376,54:B8:0A:AA:2C:8D,PCS-Wireless,39,549.9961450099945,B2-01,0,5
2377,54:B8:0A:AA:2C:8E,LAB_DIGITAL-5GHz,12,549.9961450099945,B2-01,0,5
2378,54:B8:0A:AA:2C:8F,PCS-Wireless-5GHz,12,549.9961450099945,B2-01,0,5
2379,54:F0:B1:A1:18:C0,eduroam,40,549.9961450099945,B2-01,0,5
2380,54:F0:B1:A1:18:C1,PoliSemFio,39,549.9961450099945,B2-01,0,5
2381,54:F0:B1:A1:18:C2,,30,549.9961450099945,B2-01,0,5
2382,54:F0:B1:A1:18:C3,MEZANINO,39,549.9961450099945,B2-01,0,5
2383,54:F0:B1:A1:18:C4,GDLAB,40,549.9961450099945,B2-01,0,5
2384,54:F0:B1:A1:18:C5,LABPAD,40,549.9961450099945,B2-01,0,5
2385,54:F0:B1:A1:18:D0,eduroam,55,549.9961450099945,B2-01,0,5
2386,54:F0:B1:A1:18:D1,PoliSemFio,40,549.9961450099945,B2-01,0,5
2387,54:F0:B1:A1:18:D2,,37,549.9961450099945,B2-01,0,5
2388,54:F0:B1:A1:18:D3,MEZANINO,37,549.9961450099945,B2-01,0,5
2389,54:F0:B1:A1:18:D4,GDLAB,37,549.9961450099945,B2-01,0,5
2390,54:F0:B1:A1:18:D5,LABPAD,54,549.9961450099945,B2-01,0,5
2391,54:F0:B1:A1:57:F0,eduroam,22,549.9961450099945,B2-01,0,5
2392,54:F0:B1:A1:57:F1,PoliSemFio,22,549.9961450099945,B2-01,0,5
2393,54:F0:B1:A1:58:00,eduroam,17,549.9961450099945,B2-01,0,5
2394,54:F0:B1:A1:58:01,PoliSemFio,27,549.9961450099945,B2-01,0,5
2395,54:F0:B1:A1:58:02,,29,549.9961450099945,B2-01,0,5
2396,54:F0:B1:A1:E4:F0,eduroam,29,549.9961450099945,B2-01,0,5
2397,54:F0:B1:A1:E4:F1,PoliSemFio,29,549.9961450099945,B2-01,0,5
2398,54:F0:B1:A1:E4:F2,,20,549.9961450099945,B2-01,0,5
2399,54:F0:B1:A1:E5:00,eduroam,29,549.9961450099945,B2-01,0,5
2400,54:F0:B1:A1:E5:01,PoliSemFio,34,549.9961450099945,B2-01,0,5
2401,54:F0:B1:A1:E5:02,,35,549.9961450099945,B2-01,0,5
2402,54:F0:B1:A2:37:E2,,27,549.9961450099945,B2-01,0,5
2403,54:F0:B1:A2:56:70,eduroam,14,549.9961450099945,B2-01,0,5
2404,54:F0:B1:A2:57:20,eduroam,22,549.9961450099945,B2-01,0,5
2405,54:F0:B1:A2:57:21,PoliSemFio,20,549.9961450099945,B2-01,0,5
2406,54:F0:B1:A2:57:23,LCA,20,549.9961450099945,B2-01,0,5
2407,54:F0:B1:A2:57:30,eduroam,37,549.9961450099945,B2-01,0,5
2408,54:F0:B1:A2:57:31,PoliSemFio,32,549.9961450099945,B2-01,0,5
2409,54:F0:B1:A2:57:32,,34,549.9961450099945,B2-01,0,5
2410,54:F0:B1:A2:57:33,LCA,19,549.9961450099945,B2-01,0,5
2411,54:F0:B1:BB:5A:80,eduroam,27,549.9961450099945,B2-01,0,5
2412,54:F0:B1:BB:5A:81,PoliSemFio,24,549.9961450099945,B2-01,0,5
2413,54:F0:B1:BB:5A:82,HACKER,20,549.9961450099945,B2-01,0,5
2414,54:F0:B1:BB:5A:83,LEP,19,549.9961450099945,B2-01,0,5
2415,54:F0:B1:BB:5A:84,,25,549.9961450099945,B2-01,0,5
2416,54:F0:B1:BB:7E:E0,eduroam,24,549.9961450099945,B2-01,0,5
2417,54:F0:B1:BB:7E:E2,,25,549.9961450099945,B2-01,0,5
2418,54:F0:B1:BB:84:B0,eduroam,25,549.9961450099945,B2-01,0,5
2419,54:F0:B1:BB:84:B2,,25,549.9961450099945,B2-01,0,5
2420,54:F0:B1:BB:84:D0,eduroam,12,549.9961450099945,B2-01,0,5
2421,54:F0:B1:BB:84:D1,PoliSemFio,12,549.9961450099945,B2-01,0,5
2422,54:F0:B1:BB:92:C2,,35,549.9961450099945,B2-01,0,5
2423,54:F0:B1:BB:92:E0,eduroam,24,549.9961450099945,B2-01,0,5
2424,54:F0:B1:BB:92:E1,PoliSemFio,25,549.9961450099945,B2-01,0,5
2425,54:F0:B1:BB:A1:60,eduroam,14,549.9961450099945,B2-01,0,5
2426,54:F0:B1:BB:C4:D0,eduroam,35,549.9961450099945,B2-01,0,5
2427,54:F0:B1:BB:C4:D1,PoliSemFio,35,549.9961450099945,B2-01,0,5
2428,54:F0:B1:BB:C4:D2,,35,549.9961450099945,B2-01,0,5
2429,54:F0:B1:BB:C4:F0,eduroam,20,549.9961450099945,B2-01,0,5
2430,54:F0:B1:BB:C4:F1,PoliSemFio,22,549.9961450099945,B2-01,0,5
2431,54:F0:B1:BB:C4:F2,,20,549.9961450099945,B2-01,0,5
2432,54:F0:B1:BB:C5:C3,MEZANINO,25,549.9961450099945,B2-01,0,5
2433,54:F0:B1:BB:C5:C4,GDLAB,37,549.9961450099945,B2-01,0,5
2434,54:F0:B1:BB:C5:C5,LABPAD,29,549.9961450099945,B2-01,0,5
2435,54:F0:B1:BB:C5:E4,GDLAB,9,549.9961450099945,B2-01,0,5
2436,54:F0:B1:BB:C5:E5,LABPAD,10,549.9961450099945,B2-01,0,5
2437,54:F0:B1:BB:CC:E0,B209,19,549.9961450099945,B2-01,0,5
2438,54:F0:B1:BB:CC:E3,eduroam,10,549.9961450099945,B2-01,0,5
2439,54:F0:B1:BB:D1:90,eduroam,22,549.9961450099945,B2-01,0,5
2440,54:F0:B1:BB:D1:92,LTE,19,549.9961450099945,B2-01,0,5
2441,54:F0:B1:BB:F3:20,eduroam,25,549.9961450099945,B2-01,0,5
2442,54:F0:B1:BB:F3:21,PoliSemFio,34,549.9961450099945,B2-01,0,5
2443,54:F0:B1:BB:F3:22,,34,549.9961450099945,B2-01,0,5
2444,54:F0:B1:BB:FD:D0,eduroam,20,549.9961450099945,B2-01,0,5
2445,54:F0:B1:BB:FD:D1,PoliSemFio,20,549.9961450099945,B2-01,0,5
2446,54:F0:B1:BB:FD:D2,,25,549.9961450099945,B2-01,0,5
2447,54:F0:B1:BC:09:40,eduroam,89,549.9961450099945,B2-01,0,5
2448,54:F0:B1:BC:09:41,PoliSemFio,85,549.9961450099945,B2-01,0,5
2449,54:F0:B1:BC:09:42,,64,549.9961450099945,B2-01,0,5
2450,54:F0:B1:BC:09:60,eduroam,73,549.9961450099945,B2-01,0,5
2451,54:F0:B1:BC:09:61,PoliSemFio,67,549.9961450099945,B2-01,0,5
2452,54:F0:B1:BC:1B:D0,eduroam,40,549.9961450099945,B2-01,0,5
2453,54:F0:B1:BC:2E:90,eduroam,64,549.9961450099945,B2-01,0,5
2454,54:F0:B1:BC:2E:B0,eduroam,20,549.9961450099945,B2-01,0,5
2455,54:F0:B1:BC:2E:B1,PoliSemFio,22,549.9961450099945,B2-01,0,5
2456,54:F0:B1:BC:2E:B2,,25,549.9961450099945,B2-01,0,5
2457,54:F0:B1:BC:2F:50,eduroam,10,549.9961450099945,B2-01,0,5
2458,54:F0:B1:BC:36:11,eduroam,19,549.9961450099945,B2-01,0,5
2459,54:F0:B1:BC:36:12,,27,549.9961450099945,B2-01,0,5
2460,54:F0:B1:BC:3F:10,eduroam,30,549.9961450099945,B2-01,0,5
2461,54:F0:B1:BC:3F:12,,22,549.9961450099945,B2-01,0,5
2462,54:F0:B1:BC:65:B0,eduroam,25,549.9961450099945,B2-01,0,5
2463,54:F0:B1:BC:65:B1,PoliSemFio,30,549.9961450099945,B2-01,0,5
2464,54:F0:B1:BC:65:D1,PoliSemFio,24,549.9961450099945,B2-01,0,5
2465,54:F0:B1:BC:6F:70,eduroam,20,549.9961450099945,B2-01,0,5
2466,54:F0:B1:BC:6F:71,PoliSemFio,25,549.9961450099945,B2-01,0,5
2467,54:F0:B1:BC:6F:72,,25,549.9961450099945,B2-01,0,5
2468,54:F0:B1:BC:70:00,eduroam,29,549.9961450099945,B2-01,0,5
2469,54:F0:B1:BC:70:01,PoliSemFio,34,549.9961450099945,B2-01,0,5
2470,54:F0:B1:BC:70:20,eduroam,20,549.9961450099945,B2-01,0,5
2471,54:F0:B1:BC:70:21,PoliSemFio,19,549.9961450099945,B2-01,0,5
2472,54:F0:B1:BC:76:C0,eduroam,14,549.9961450099945,B2-01,0,5
2473,54:F0:B1:BC:77:80,eduroam,65,549.9961450099945,B2-01,0,5
2474,54:F0:B1:BC:77:81,PoliSemFio,59,549.9961450099945,B2-01,0,5
2475,54:F0:B1:BC:77:82,,59,549.9961450099945,B2-01,0,5
2476,54:F0:B1:BC:77:A0,eduroam,44,549.9961450099945,B2-01,0,5
2477,54:F0:B1:BC:77:A1,PoliSemFio,44,549.9961450099945,B2-01,0,5
2478,54:F0:B1:BC:77:A2,,35,549.9961450099945,B2-01,0,5
2479,54:F0:B1:BC:7C:90,eduroam,10,549.9961450099945,B2-01,0,5
2480,54:F0:B1:BC:7C:B0,eduroam,19,549.9961450099945,B2-01,0,5
2481,54:F0:B1:BC:7C:B1,PoliSemFio,17,549.9961450099945,B2-01,0,5
2482,54:F0:B1:BC:7C:B2,,17,549.9961450099945,B2-01,0,5
2483,54:F0:B1:BC:8F:20,eduroam,25,549.9961450099945,B2-01,0,5
2484,54:F0:B1:BC:8F:21,PoliSemFio,32,549.9961450099945,B2-01,0,5
2485,54:F0:B1:BC:8F:22,,25,549.9961450099945,B2-01,0,5
2486,54:F0:B1:BC:8F:40,eduroam,12,549.9961450099945,B2-01,0,5
2487,68:FF:7B:47:78:BD,C1-22M-5G,17,549.9961450099945,B2-01,0,5
2488,68:FF:7B:47:78:BE,C1-22M,65,549.9961450099945,B2-01,0,5
2489,70:62:B8:6E:72:A0,PCS-wireless-C1-13,64,549.9961450099945,B2-01,0,5
2490,70:62:B8:6E:72:A1,PPGEE,49,549.9961450099945,B2-01,0,5
2491,70:62:B8:6E:72:A2,PCS-wireless-C1-13-5GHz,12,549.9961450099945,B2-01,0,5
2492,70:62:B8:6E:72:A3,PPGEE-5GHz,15,549.9961450099945,B2-01,0,5
2493,84:D4:7E:06:4F:E0,eduroam,49,549.9961450099945,B2-01,0,5
2494,84:D4:7E:06:4F:E1,PoliSemFio,84,549.9961450099945,B2-01,0,5
2495,84:D4:7E:06:4F:E2,,82,549.9961450099945,B2-01,0,5
2496,84:D4:7E:06:4F:F0,eduroam,27,549.9961450099945,B2-01,0,5
2497,84:D4:7E:06:4F:F1,PoliSemFio,25,549.9961450099945,B2-01,0,5
2498,84:D4:7E:06:4F:F2,,50,549.9961450099945,B2-01,0,5
2499,B6:4E:26:4B:84:C2,C2-01-Guest,29,549.9961450099945,B2-01,0,5
2500,DC:9F:DB:1C:1F:D7,LWN-3,17,549.9961450099945,B2-01,0,5
2501,DE:9F:DB:1C:1F:E0,LARC Guest,27,549.9961450099945,B2-01,0,5
2502,EE:9F:DB:1C:1F:E0,,27,549.9961450099945,B2-01,0,5
2503,F8:1A:67:99:55:8E,NUCLEAR_CHF,40,549.9961450099945,B2-01,0,5
2504,FA:D0:27:3E:69:92,DIRECT-273EE992,17,549.9961450099945,B2-01,0,5
2505,FE:9F:DB:1C:1F:E0,,20,549.9961450099945,B2-01,0,5
