,ap_mac,ap_name,rssi,timestamp,room,door_status,room_part
0,00:18:E7:FF:8C:98,dlink,34,5.910157203674316,B2-01,0,1
1,00:21:91:70:9D:EC,LAB-DIDATICO,17,5.910157203674316,B2-01,0,1
2,20:AA:4B:A7:19:74,LAA03,30,5.910157203674316,B2-01,0,1
3,30:85:A9:69:F2:E4,PCS-Wireless-C2-22,39,5.910157203674316,B2-01,0,1
4,34:60:F9:A3:D9:13,GASWIFI-5G_C2,34,5.910157203674316,B2-01,0,1
5,34:60:F9:A3:D9:14,GASWIFI-2G_C2,52,5.910157203674316,B2-01,0,1
6,34:60:F9:A3:E7:3F,GASWIFI_C4,25,5.910157203674316,B2-01,0,1
7,34:60:F9:A3:E8:73,GASWIFI_C3,25,5.910157203674316,B2-01,0,1
8,34:CE:00:51:3E:6F,Lab,57,5.910157203674316,B2-01,0,1
9,34:CE:00:51:3E:70,Lab_5G,15,5.910157203674316,B2-01,0,1
10,3A:60:F9:A3:D9:14,,52,5.910157203674316,B2-01,0,1
11,54:B8:0A:AA:2C:8C,LAB_DIGITAL,50,5.910157203674316,B2-01,0,1
12,54:B8:0A:AA:2C:8D,PCS-Wireless,34,5.910157203674316,B2-01,0,1
13,54:F0:B1:A1:18:C0,eduroam,27,5.910157203674316,B2-01,0,1
14,54:F0:B1:A1:18:C1,PoliSemFio,27,5.910157203674316,B2-01,0,1
15,54:F0:B1:A1:18:C2,,27,5.910157203674316,B2-01,0,1
16,54:F0:B1:A1:18:C3,MEZANINO,27,5.910157203674316,B2-01,0,1
17,54:F0:B1:A1:18:C4,GDLAB,27,5.910157203674316,B2-01,0,1
18,54:F0:B1:A1:18:C5,LABPAD,25,5.910157203674316,B2-01,0,1
19,54:F0:B1:A1:18:D0,eduroam,27,5.910157203674316,B2-01,0,1
20,54:F0:B1:A1:18:D3,MEZANINO,37,5.910157203674316,B2-01,0,1
21,54:F0:B1:A1:18:D4,GDLAB,30,5.910157203674316,B2-01,0,1
22,54:F0:B1:A1:57:F0,eduroam,22,5.910157203674316,B2-01,0,1
23,54:F0:B1:A1:57:F1,PoliSemFio,22,5.910157203674316,B2-01,0,1
24,54:F0:B1:A1:57:F2,,22,5.910157203674316,B2-01,0,1
25,54:F0:B1:A1:58:02,,35,5.910157203674316,B2-01,0,1
26,54:F0:B1:A1:E5:00,eduroam,17,5.910157203674316,B2-01,0,1
27,54:F0:B1:A1:E5:02,,29,5.910157203674316,B2-01,0,1
28,54:F0:B1:A2:37:E0,eduroam,9,5.910157203674316,B2-01,0,1
29,54:F0:B1:A2:4A:70,eduroam,34,5.910157203674316,B2-01,0,1
30,54:F0:B1:A2:56:60,eduroam,47,5.910157203674316,B2-01,0,1
31,54:F0:B1:A2:56:71,PoliSemFio,47,5.910157203674316,B2-01,0,1
32,54:F0:B1:A2:56:72,,27,5.910157203674316,B2-01,0,1
33,54:F0:B1:A2:57:23,LCA,10,5.910157203674316,B2-01,0,1
34,54:F0:B1:A2:57:30,eduroam,25,5.910157203674316,B2-01,0,1
35,54:F0:B1:A2:57:33,LCA,25,5.910157203674316,B2-01,0,1
36,54:F0:B1:BB:5A:80,eduroam,44,5.910157203674316,B2-01,0,1
37,54:F0:B1:BB:5A:81,PoliSemFio,40,5.910157203674316,B2-01,0,1
38,54:F0:B1:BB:5A:82,HACKER,49,5.910157203674316,B2-01,0,1
39,54:F0:B1:BB:5A:84,,39,5.910157203674316,B2-01,0,1
40,54:F0:B1:BB:5A:A0,eduroam,14,5.910157203674316,B2-01,0,1
41,54:F0:B1:BB:5A:A1,PoliSemFio,15,5.910157203674316,B2-01,0,1
42,54:F0:B1:BB:5A:A2,HACKER,14,5.910157203674316,B2-01,0,1
43,54:F0:B1:BB:5A:A3,LEP,14,5.910157203674316,B2-01,0,1
44,54:F0:B1:BB:5A:A4,_owetm_PoliSemFio_ac058410,15,5.910157203674316,B2-01,0,1
45,54:F0:B1:BB:5F:B0,eduroam,19,5.910157203674316,B2-01,0,1
46,54:F0:B1:BB:5F:B1,PoliSemFio,17,5.910157203674316,B2-01,0,1
47,54:F0:B1:BB:5F:B2,,17,5.910157203674316,B2-01,0,1
48,54:F0:B1:BB:84:B2,,39,5.910157203674316,B2-01,0,1
49,54:F0:B1:BB:84:D0,eduroam,17,5.910157203674316,B2-01,0,1
50,54:F0:B1:BB:84:D1,PoliSemFio,17,5.910157203674316,B2-01,0,1
51,54:F0:B1:BB:84:D2,_owetm_PoliSemFio_ac058410,15,5.910157203674316,B2-01,0,1
52,54:F0:B1:BB:A7:60,eduroam,19,5.910157203674316,B2-01,0,1
53,54:F0:B1:BB:A7:61,PoliSemFio,19,5.910157203674316,B2-01,0,1
54,54:F0:B1:BB:A7:81,PoliSemFio,14,5.910157203674316,B2-01,0,1
55,54:F0:B1:BB:A7:82,LME,15,5.910157203674316,B2-01,0,1
56,54:F0:B1:BB:BC:02,,25,5.910157203674316,B2-01,0,1
57,54:F0:B1:BB:BE:10,eduroam,35,5.910157203674316,B2-01,0,1
58,54:F0:B1:BB:BE:11,PoliSemFio,37,5.910157203674316,B2-01,0,1
59,54:F0:B1:BB:BE:13,CAEEL,40,5.910157203674316,B2-01,0,1
60,54:F0:B1:BB:BE:30,eduroam,15,5.910157203674316,B2-01,0,1
61,54:F0:B1:BB:BE:31,PoliSemFio,17,5.910157203674316,B2-01,0,1
62,54:F0:B1:BB:BE:33,CAEEL,19,5.910157203674316,B2-01,0,1
63,54:F0:B1:BB:C4:D0,eduroam,67,5.910157203674316,B2-01,0,1
64,54:F0:B1:BB:C4:D1,PoliSemFio,60,5.910157203674316,B2-01,0,1
65,54:F0:B1:BB:C4:F0,eduroam,35,5.910157203674316,B2-01,0,1
66,54:F0:B1:BB:C4:F1,PoliSemFio,35,5.910157203674316,B2-01,0,1
67,54:F0:B1:BB:CD:C0,eduroam,17,5.910157203674316,B2-01,0,1
68,54:F0:B1:BB:CD:C1,PoliSemFio,15,5.910157203674316,B2-01,0,1
69,54:F0:B1:BB:CD:C2,_owetm_PoliSemFio_ac058410,15,5.910157203674316,B2-01,0,1
70,54:F0:B1:BB:F3:20,eduroam,29,5.910157203674316,B2-01,0,1
71,54:F0:B1:BB:F3:22,,29,5.910157203674316,B2-01,0,1
72,54:F0:B1:BB:FD:D2,,37,5.910157203674316,B2-01,0,1
73,54:F0:B1:BC:09:40,eduroam,89,5.910157203674316,B2-01,0,1
74,54:F0:B1:BC:09:41,PoliSemFio,92,5.910157203674316,B2-01,0,1
75,54:F0:B1:BC:09:42,,65,5.910157203674316,B2-01,0,1
76,54:F0:B1:BC:09:60,eduroam,72,5.910157203674316,B2-01,0,1
77,54:F0:B1:BC:09:61,PoliSemFio,74,5.910157203674316,B2-01,0,1
78,54:F0:B1:BC:0F:D0,eduroam,32,5.910157203674316,B2-01,0,1
79,54:F0:B1:BC:1B:D0,eduroam,55,5.910157203674316,B2-01,0,1
80,54:F0:B1:BC:1B:D1,PoliSemFio,60,5.910157203674316,B2-01,0,1
81,54:F0:B1:BC:1B:D2,,62,5.910157203674316,B2-01,0,1
82,54:F0:B1:BC:1B:F0,eduroam,22,5.910157203674316,B2-01,0,1
83,54:F0:B1:BC:1B:F1,PoliSemFio,22,5.910157203674316,B2-01,0,1
84,54:F0:B1:BC:1B:F2,,22,5.910157203674316,B2-01,0,1
85,54:F0:B1:BC:27:40,eduroam,40,5.910157203674316,B2-01,0,1
86,54:F0:B1:BC:27:60,eduroam,17,5.910157203674316,B2-01,0,1
87,54:F0:B1:BC:27:61,PoliSemFio,14,5.910157203674316,B2-01,0,1
88,54:F0:B1:BC:2E:90,eduroam,45,5.910157203674316,B2-01,0,1
89,54:F0:B1:BC:2E:91,PoliSemFio,55,5.910157203674316,B2-01,0,1
90,54:F0:B1:BC:2E:92,,59,5.910157203674316,B2-01,0,1
91,54:F0:B1:BC:2E:B0,eduroam,30,5.910157203674316,B2-01,0,1
92,54:F0:B1:BC:2E:B1,PoliSemFio,29,5.910157203674316,B2-01,0,1
93,54:F0:B1:BC:2E:B2,,30,5.910157203674316,B2-01,0,1
94,54:F0:B1:BC:36:10,PoliSemFio,25,5.910157203674316,B2-01,0,1
95,54:F0:B1:BC:3F:30,eduroam,12,5.910157203674316,B2-01,0,1
96,54:F0:B1:BC:65:B0,eduroam,27,5.910157203674316,B2-01,0,1
97,54:F0:B1:BC:70:20,eduroam,17,5.910157203674316,B2-01,0,1
98,54:F0:B1:BC:70:21,PoliSemFio,17,5.910157203674316,B2-01,0,1
99,54:F0:B1:BC:70:22,,19,5.910157203674316,B2-01,0,1
100,54:F0:B1:BC:77:80,eduroam,45,5.910157203674316,B2-01,0,1
101,54:F0:B1:BC:77:81,PoliSemFio,69,5.910157203674316,B2-01,0,1
102,54:F0:B1:BC:77:82,,69,5.910157203674316,B2-01,0,1
103,54:F0:B1:BC:77:A0,eduroam,45,5.910157203674316,B2-01,0,1
104,54:F0:B1:BC:77:A1,PoliSemFio,47,5.910157203674316,B2-01,0,1
105,54:F0:B1:BC:7C:F2,,32,5.910157203674316,B2-01,0,1
106,56:60:F9:A3:E7:3F,,25,5.910157203674316,B2-01,0,1
107,68:FF:7B:47:78:BE,C1-22M,42,5.910157203674316,B2-01,0,1
108,6C:72:20:75:38:65,ASV-C262,34,5.910157203674316,B2-01,0,1
109,70:62:B8:6E:72:A0,PCS-wireless-C1-13,50,5.910157203674316,B2-01,0,1
110,70:62:B8:6E:72:A1,PPGEE,50,5.910157203674316,B2-01,0,1
111,70:D8:23:BC:B9:B3,,30,5.910157203674316,B2-01,0,1
112,84:D4:7E:06:4F:E0,eduroam,72,5.910157203674316,B2-01,0,1
113,84:D4:7E:06:4F:E1,PoliSemFio,77,5.910157203674316,B2-01,0,1
114,84:D4:7E:06:4F:F0,eduroam,44,5.910157203674316,B2-01,0,1
115,84:D4:7E:06:4F:F1,PoliSemFio,44,5.910157203674316,B2-01,0,1
116,84:D4:7E:9D:EE:C0,eduroam,25,5.910157203674316,B2-01,0,1
117,84:D4:7E:9D:EE:C1,FEAnet,22,5.910157203674316,B2-01,0,1
118,DC:9F:DB:1B:1F:D7,LWN-3,22,5.910157203674316,B2-01,0,1
119,DC:9F:DB:1C:1F:D7,LWN-3,44,5.910157203674316,B2-01,0,1
120,DE:9F:DB:1B:1F:D7,LARC Guest,24,5.910157203674316,B2-01,0,1
121,DE:9F:DB:1C:1F:E0,LARC Guest,22,5.910157203674316,B2-01,0,1
122,EE:9F:DB:1B:1F:D7,,29,5.910157203674316,B2-01,0,1
123,EE:9F:DB:1C:1F:D7,,47,5.910157203674316,B2-01,0,1
124,F8:1A:67:99:55:8E,NUCLEAR_CHF,40,5.910157203674316,B2-01,0,1
125,FE:9F:DB:1C:1F:E0,,22,5.910157203674316,B2-01,0,1
126,00:18:E7:FF:8C:98,dlink,34,12.154919862747192,B2-01,0,1
127,00:21:91:70:9D:EC,LAB-DIDATICO,17,12.154919862747192,B2-01,0,1
128,20:AA:4B:A7:19:74,LAA03,30,12.154919862747192,B2-01,0,1
129,30:85:A9:69:F2:E4,PCS-Wireless-C2-22,39,12.154919862747192,B2-01,0,1
130,34:60:F9:A3:D9:13,GASWIFI-5G_C2,34,12.154919862747192,B2-01,0,1
131,34:60:F9:A3:D9:14,GASWIFI-2G_C2,52,12.154919862747192,B2-01,0,1
132,34:60:F9:A3:E7:3F,GASWIFI_C4,25,12.154919862747192,B2-01,0,1
133,34:60:F9:A3:E8:73,GASWIFI_C3,25,12.154919862747192,B2-01,0,1
134,34:CE:00:51:3E:6F,Lab,57,12.154919862747192,B2-01,0,1
135,34:CE:00:51:3E:70,Lab_5G,15,12.154919862747192,B2-01,0,1
136,3A:60:F9:A3:D9:14,,52,12.154919862747192,B2-01,0,1
137,54:B8:0A:AA:2C:8C,LAB_DIGITAL,50,12.154919862747192,B2-01,0,1
138,54:B8:0A:AA:2C:8D,PCS-Wireless,34,12.154919862747192,B2-01,0,1
139,54:F0:B1:A1:18:C0,eduroam,27,12.154919862747192,B2-01,0,1
140,54:F0:B1:A1:18:C1,PoliSemFio,27,12.154919862747192,B2-01,0,1
141,54:F0:B1:A1:18:C2,,27,12.154919862747192,B2-01,0,1
142,54:F0:B1:A1:18:C3,MEZANINO,27,12.154919862747192,B2-01,0,1
143,54:F0:B1:A1:18:C4,GDLAB,27,12.154919862747192,B2-01,0,1
144,54:F0:B1:A1:18:C5,LABPAD,25,12.154919862747192,B2-01,0,1
145,54:F0:B1:A1:18:D0,eduroam,27,12.154919862747192,B2-01,0,1
146,54:F0:B1:A1:18:D3,MEZANINO,37,12.154919862747192,B2-01,0,1
147,54:F0:B1:A1:18:D4,GDLAB,30,12.154919862747192,B2-01,0,1
148,54:F0:B1:A1:57:F0,eduroam,22,12.154919862747192,B2-01,0,1
149,54:F0:B1:A1:57:F1,PoliSemFio,22,12.154919862747192,B2-01,0,1
150,54:F0:B1:A1:57:F2,,22,12.154919862747192,B2-01,0,1
151,54:F0:B1:A1:58:02,,35,12.154919862747192,B2-01,0,1
152,54:F0:B1:A1:E5:00,eduroam,17,12.154919862747192,B2-01,0,1
153,54:F0:B1:A1:E5:02,,29,12.154919862747192,B2-01,0,1
154,54:F0:B1:A2:37:E0,eduroam,9,12.154919862747192,B2-01,0,1
155,54:F0:B1:A2:4A:70,eduroam,34,12.154919862747192,B2-01,0,1
156,54:F0:B1:A2:56:60,eduroam,47,12.154919862747192,B2-01,0,1
157,54:F0:B1:A2:56:71,PoliSemFio,47,12.154919862747192,B2-01,0,1
158,54:F0:B1:A2:56:72,,27,12.154919862747192,B2-01,0,1
159,54:F0:B1:A2:57:23,LCA,10,12.154919862747192,B2-01,0,1
160,54:F0:B1:A2:57:30,eduroam,25,12.154919862747192,B2-01,0,1
161,54:F0:B1:A2:57:33,LCA,25,12.154919862747192,B2-01,0,1
162,54:F0:B1:BB:5A:80,eduroam,44,12.154919862747192,B2-01,0,1
163,54:F0:B1:BB:5A:81,PoliSemFio,40,12.154919862747192,B2-01,0,1
164,54:F0:B1:BB:5A:82,HACKER,49,12.154919862747192,B2-01,0,1
165,54:F0:B1:BB:5A:84,,39,12.154919862747192,B2-01,0,1
166,54:F0:B1:BB:5A:A0,eduroam,14,12.154919862747192,B2-01,0,1
167,54:F0:B1:BB:5A:A1,PoliSemFio,15,12.154919862747192,B2-01,0,1
168,54:F0:B1:BB:5A:A2,HACKER,14,12.154919862747192,B2-01,0,1
169,54:F0:B1:BB:5A:A3,LEP,14,12.154919862747192,B2-01,0,1
170,54:F0:B1:BB:5A:A4,_owetm_PoliSemFio_ac058410,15,12.154919862747192,B2-01,0,1
171,54:F0:B1:BB:5F:B0,eduroam,19,12.154919862747192,B2-01,0,1
172,54:F0:B1:BB:5F:B1,PoliSemFio,17,12.154919862747192,B2-01,0,1
173,54:F0:B1:BB:5F:B2,,17,12.154919862747192,B2-01,0,1
174,54:F0:B1:BB:84:B2,,39,12.154919862747192,B2-01,0,1
175,54:F0:B1:BB:84:D0,eduroam,17,12.154919862747192,B2-01,0,1
176,54:F0:B1:BB:84:D1,PoliSemFio,17,12.154919862747192,B2-01,0,1
177,54:F0:B1:BB:84:D2,_owetm_PoliSemFio_ac058410,15,12.154919862747192,B2-01,0,1
178,54:F0:B1:BB:A7:60,eduroam,19,12.154919862747192,B2-01,0,1
179,54:F0:B1:BB:A7:61,PoliSemFio,19,12.154919862747192,B2-01,0,1
180,54:F0:B1:BB:A7:81,PoliSemFio,14,12.154919862747192,B2-01,0,1
181,54:F0:B1:BB:A7:82,LME,15,12.154919862747192,B2-01,0,1
182,54:F0:B1:BB:BC:02,,25,12.154919862747192,B2-01,0,1
183,54:F0:B1:BB:BE:10,eduroam,35,12.154919862747192,B2-01,0,1
184,54:F0:B1:BB:BE:11,PoliSemFio,37,12.154919862747192,B2-01,0,1
185,54:F0:B1:BB:BE:13,CAEEL,40,12.154919862747192,B2-01,0,1
186,54:F0:B1:BB:BE:30,eduroam,15,12.154919862747192,B2-01,0,1
187,54:F0:B1:BB:BE:31,PoliSemFio,17,12.154919862747192,B2-01,0,1
188,54:F0:B1:BB:BE:33,CAEEL,19,12.154919862747192,B2-01,0,1
189,54:F0:B1:BB:C4:D0,eduroam,67,12.154919862747192,B2-01,0,1
190,54:F0:B1:BB:C4:D1,PoliSemFio,60,12.154919862747192,B2-01,0,1
191,54:F0:B1:BB:C4:F0,eduroam,35,12.154919862747192,B2-01,0,1
192,54:F0:B1:BB:C4:F1,PoliSemFio,35,12.154919862747192,B2-01,0,1
193,54:F0:B1:BB:CD:C0,eduroam,17,12.154919862747192,B2-01,0,1
194,54:F0:B1:BB:CD:C1,PoliSemFio,15,12.154919862747192,B2-01,0,1
195,54:F0:B1:BB:CD:C2,_owetm_PoliSemFio_ac058410,15,12.154919862747192,B2-01,0,1
196,54:F0:B1:BB:F3:20,eduroam,29,12.154919862747192,B2-01,0,1
197,54:F0:B1:BB:F3:22,,29,12.154919862747192,B2-01,0,1
198,54:F0:B1:BB:FD:D2,,37,12.154919862747192,B2-01,0,1
199,54:F0:B1:BC:09:40,eduroam,89,12.154919862747192,B2-01,0,1
200,54:F0:B1:BC:09:41,PoliSemFio,92,12.154919862747192,B2-01,0,1
201,54:F0:B1:BC:09:42,,65,12.154919862747192,B2-01,0,1
202,54:F0:B1:BC:09:60,eduroam,66,12.154919862747192,B2-01,0,1
203,54:F0:B1:BC:09:61,PoliSemFio,74,12.154919862747192,B2-01,0,1
204,54:F0:B1:BC:0F:D0,eduroam,32,12.154919862747192,B2-01,0,1
205,54:F0:B1:BC:1B:D0,eduroam,55,12.154919862747192,B2-01,0,1
206,54:F0:B1:BC:1B:D1,PoliSemFio,60,12.154919862747192,B2-01,0,1
207,54:F0:B1:BC:1B:D2,,62,12.154919862747192,B2-01,0,1
208,54:F0:B1:BC:1B:F0,eduroam,22,12.154919862747192,B2-01,0,1
209,54:F0:B1:BC:1B:F1,PoliSemFio,22,12.154919862747192,B2-01,0,1
210,54:F0:B1:BC:1B:F2,,22,12.154919862747192,B2-01,0,1
211,54:F0:B1:BC:27:40,eduroam,40,12.154919862747192,B2-01,0,1
212,54:F0:B1:BC:27:60,eduroam,17,12.154919862747192,B2-01,0,1
213,54:F0:B1:BC:27:61,PoliSemFio,14,12.154919862747192,B2-01,0,1
214,54:F0:B1:BC:2E:90,eduroam,45,12.154919862747192,B2-01,0,1
215,54:F0:B1:BC:2E:91,PoliSemFio,55,12.154919862747192,B2-01,0,1
216,54:F0:B1:BC:2E:92,,59,12.154919862747192,B2-01,0,1
217,54:F0:B1:BC:2E:B0,eduroam,30,12.154919862747192,B2-01,0,1
218,54:F0:B1:BC:2E:B1,PoliSemFio,29,12.154919862747192,B2-01,0,1
219,54:F0:B1:BC:2E:B2,,30,12.154919862747192,B2-01,0,1
220,54:F0:B1:BC:36:10,PoliSemFio,25,12.154919862747192,B2-01,0,1
221,54:F0:B1:BC:3F:30,eduroam,12,12.154919862747192,B2-01,0,1
222,54:F0:B1:BC:65:B0,eduroam,27,12.154919862747192,B2-01,0,1
223,54:F0:B1:BC:70:20,eduroam,17,12.154919862747192,B2-01,0,1
224,54:F0:B1:BC:70:21,PoliSemFio,17,12.154919862747192,B2-01,0,1
225,54:F0:B1:BC:70:22,,19,12.154919862747192,B2-01,0,1
226,54:F0:B1:BC:77:80,eduroam,45,12.154919862747192,B2-01,0,1
227,54:F0:B1:BC:77:81,PoliSemFio,69,12.154919862747192,B2-01,0,1
228,54:F0:B1:BC:77:82,,69,12.154919862747192,B2-01,0,1
229,54:F0:B1:BC:77:A0,eduroam,45,12.154919862747192,B2-01,0,1
230,54:F0:B1:BC:77:A1,PoliSemFio,47,12.154919862747192,B2-01,0,1
231,54:F0:B1:BC:7C:F2,,32,12.154919862747192,B2-01,0,1
232,56:60:F9:A3:E7:3F,,25,12.154919862747192,B2-01,0,1
233,68:FF:7B:47:78:BE,C1-22M,42,12.154919862747192,B2-01,0,1
234,6C:72:20:75:38:65,ASV-C262,34,12.154919862747192,B2-01,0,1
235,70:62:B8:6E:72:A0,PCS-wireless-C1-13,50,12.154919862747192,B2-01,0,1
236,70:62:B8:6E:72:A1,PPGEE,50,12.154919862747192,B2-01,0,1
237,70:D8:23:BC:B9:B3,,30,12.154919862747192,B2-01,0,1
238,84:D4:7E:06:4F:E0,eduroam,72,12.154919862747192,B2-01,0,1
239,84:D4:7E:06:4F:E1,PoliSemFio,77,12.154919862747192,B2-01,0,1
240,84:D4:7E:06:4F:F0,eduroam,44,12.154919862747192,B2-01,0,1
241,84:D4:7E:06:4F:F1,PoliSemFio,44,12.154919862747192,B2-01,0,1
242,84:D4:7E:9D:EE:C0,eduroam,25,12.154919862747192,B2-01,0,1
243,84:D4:7E:9D:EE:C1,FEAnet,22,12.154919862747192,B2-01,0,1
244,DC:9F:DB:1B:1F:D7,LWN-3,22,12.154919862747192,B2-01,0,1
245,DC:9F:DB:1C:1F:D7,LWN-3,44,12.154919862747192,B2-01,0,1
246,DE:9F:DB:1B:1F:D7,LARC Guest,24,12.154919862747192,B2-01,0,1
247,DE:9F:DB:1C:1F:E0,LARC Guest,22,12.154919862747192,B2-01,0,1
248,EE:9F:DB:1B:1F:D7,,29,12.154919862747192,B2-01,0,1
249,EE:9F:DB:1C:1F:D7,,47,12.154919862747192,B2-01,0,1
250,F8:1A:67:99:55:8E,NUCLEAR_CHF,40,12.154919862747192,B2-01,0,1
251,FE:9F:DB:1C:1F:E0,,22,12.154919862747192,B2-01,0,1
252,00:21:91:70:9D:EC,LAB-DIDATICO,20,14.785423040390015,B2-01,0,1
253,34:CE:00:51:3E:6F,Lab,45,14.785423040390015,B2-01,0,1
254,34:CE:00:51:3E:70,Lab_5G,20,14.785423040390015,B2-01,0,1
255,54:B8:0A:AA:2C:8C,LAB_DIGITAL,27,14.785423040390015,B2-01,0,1
256,54:B8:0A:AA:2C:8D,PCS-Wireless,29,14.785423040390015,B2-01,0,1
257,54:F0:B1:A1:18:C0,eduroam,27,14.785423040390015,B2-01,0,1
258,54:F0:B1:A1:18:C1,PoliSemFio,27,14.785423040390015,B2-01,0,1
259,54:F0:B1:A1:18:C2,,27,14.785423040390015,B2-01,0,1
260,54:F0:B1:A1:18:C3,MEZANINO,27,14.785423040390015,B2-01,0,1
261,54:F0:B1:A1:18:C4,GDLAB,27,14.785423040390015,B2-01,0,1
262,54:F0:B1:A1:18:C5,LABPAD,25,14.785423040390015,B2-01,0,1
263,54:F0:B1:A1:18:D2,,30,14.785423040390015,B2-01,0,1
264,54:F0:B1:A1:18:D3,MEZANINO,30,14.785423040390015,B2-01,0,1
265,54:F0:B1:A1:18:D4,GDLAB,29,14.785423040390015,B2-01,0,1
266,54:F0:B1:A1:18:D5,LABPAD,27,14.785423040390015,B2-01,0,1
267,54:F0:B1:A1:58:00,eduroam,40,14.785423040390015,B2-01,0,1
268,54:F0:B1:A1:58:01,PoliSemFio,35,14.785423040390015,B2-01,0,1
269,54:F0:B1:A1:58:02,,35,14.785423040390015,B2-01,0,1
270,54:F0:B1:A1:E5:02,,29,14.785423040390015,B2-01,0,1
271,54:F0:B1:A2:56:72,,27,14.785423040390015,B2-01,0,1
272,54:F0:B1:A2:57:23,LCA,10,14.785423040390015,B2-01,0,1
273,54:F0:B1:A2:57:30,eduroam,30,14.785423040390015,B2-01,0,1
274,54:F0:B1:A2:57:33,LCA,29,14.785423040390015,B2-01,0,1
275,54:F0:B1:BB:C4:D0,eduroam,67,14.785423040390015,B2-01,0,1
276,54:F0:B1:BB:C4:D1,PoliSemFio,60,14.785423040390015,B2-01,0,1
277,54:F0:B1:BB:C4:F0,eduroam,35,14.785423040390015,B2-01,0,1
278,54:F0:B1:BB:C4:F1,PoliSemFio,34,14.785423040390015,B2-01,0,1
279,54:F0:B1:BB:F3:20,eduroam,29,14.785423040390015,B2-01,0,1
280,54:F0:B1:BB:F3:22,,29,14.785423040390015,B2-01,0,1
281,54:F0:B1:BC:09:40,eduroam,67,14.785423040390015,B2-01,0,1
282,54:F0:B1:BC:09:41,PoliSemFio,75,14.785423040390015,B2-01,0,1
283,54:F0:B1:BC:09:42,,75,14.785423040390015,B2-01,0,1
284,54:F0:B1:BC:09:60,eduroam,85,14.785423040390015,B2-01,0,1
285,54:F0:B1:BC:09:61,PoliSemFio,85,14.785423040390015,B2-01,0,1
286,54:F0:B1:BC:1B:D0,eduroam,34,14.785423040390015,B2-01,0,1
287,54:F0:B1:BC:1B:D1,PoliSemFio,45,14.785423040390015,B2-01,0,1
288,54:F0:B1:BC:1B:D2,,45,14.785423040390015,B2-01,0,1
289,54:F0:B1:BC:1B:F0,eduroam,19,14.785423040390015,B2-01,0,1
290,54:F0:B1:BC:1B:F1,PoliSemFio,19,14.785423040390015,B2-01,0,1
291,54:F0:B1:BC:1B:F2,,22,14.785423040390015,B2-01,0,1
292,54:F0:B1:BC:2E:90,eduroam,57,14.785423040390015,B2-01,0,1
293,54:F0:B1:BC:2E:91,PoliSemFio,55,14.785423040390015,B2-01,0,1
294,54:F0:B1:BC:2E:B0,eduroam,25,14.785423040390015,B2-01,0,1
295,54:F0:B1:BC:2E:B1,PoliSemFio,27,14.785423040390015,B2-01,0,1
296,54:F0:B1:BC:2E:B2,,30,14.785423040390015,B2-01,0,1
297,54:F0:B1:BC:70:00,eduroam,50,14.785423040390015,B2-01,0,1
298,54:F0:B1:BC:70:01,PoliSemFio,45,14.785423040390015,B2-01,0,1
299,54:F0:B1:BC:70:20,eduroam,15,14.785423040390015,B2-01,0,1
300,54:F0:B1:BC:70:21,PoliSemFio,15,14.785423040390015,B2-01,0,1
301,54:F0:B1:BC:70:22,,19,14.785423040390015,B2-01,0,1
302,54:F0:B1:BC:77:80,eduroam,37,14.785423040390015,B2-01,0,1
303,54:F0:B1:BC:77:81,PoliSemFio,47,14.785423040390015,B2-01,0,1
304,54:F0:B1:BC:77:A0,eduroam,22,14.785423040390015,B2-01,0,1
305,54:F0:B1:BC:77:A1,PoliSemFio,22,14.785423040390015,B2-01,0,1
306,70:62:B8:6E:72:A0,PCS-wireless-C1-13,50,14.785423040390015,B2-01,0,1
307,70:62:B8:6E:72:A1,PPGEE,49,14.785423040390015,B2-01,0,1
308,84:D4:7E:06:4F:E0,eduroam,60,14.785423040390015,B2-01,0,1
309,84:D4:7E:06:4F:E1,PoliSemFio,75,14.785423040390015,B2-01,0,1
310,84:D4:7E:06:4F:E2,,75,14.785423040390015,B2-01,0,1
311,84:D4:7E:06:4F:F0,eduroam,25,14.785423040390015,B2-01,0,1
312,84:D4:7E:06:4F:F1,PoliSemFio,24,14.785423040390015,B2-01,0,1
313,DE:9F:DB:1C:1F:E0,LARC Guest,22,14.785423040390015,B2-01,0,1
314,F8:1A:67:99:55:8E,NUCLEAR_CHF,29,14.785423040390015,B2-01,0,1
315,FE:9F:DB:1C:1F:E0,,22,14.785423040390015,B2-01,0,1
316,00:21:91:70:9D:EC,LAB-DIDATICO,20,17.40343475341797,B2-01,0,1
317,34:CE:00:51:3E:6F,Lab,45,17.40343475341797,B2-01,0,1
318,34:CE:00:51:3E:70,Lab_5G,20,17.40343475341797,B2-01,0,1
319,54:B8:0A:AA:2C:8C,LAB_DIGITAL,27,17.40343475341797,B2-01,0,1
320,54:B8:0A:AA:2C:8D,PCS-Wireless,29,17.40343475341797,B2-01,0,1
321,54:F0:B1:A1:18:C0,eduroam,27,17.40343475341797,B2-01,0,1
322,54:F0:B1:A1:18:C1,PoliSemFio,27,17.40343475341797,B2-01,0,1
323,54:F0:B1:A1:18:C2,,27,17.40343475341797,B2-01,0,1
324,54:F0:B1:A1:18:C3,MEZANINO,27,17.40343475341797,B2-01,0,1
325,54:F0:B1:A1:18:C4,GDLAB,27,17.40343475341797,B2-01,0,1
326,54:F0:B1:A1:18:C5,LABPAD,25,17.40343475341797,B2-01,0,1
327,54:F0:B1:A1:18:D2,,30,17.40343475341797,B2-01,0,1
328,54:F0:B1:A1:18:D3,MEZANINO,30,17.40343475341797,B2-01,0,1
329,54:F0:B1:A1:18:D4,GDLAB,29,17.40343475341797,B2-01,0,1
330,54:F0:B1:A1:18:D5,LABPAD,27,17.40343475341797,B2-01,0,1
331,54:F0:B1:A1:58:00,eduroam,40,17.40343475341797,B2-01,0,1
332,54:F0:B1:A1:58:01,PoliSemFio,35,17.40343475341797,B2-01,0,1
333,54:F0:B1:A1:58:02,,35,17.40343475341797,B2-01,0,1
334,54:F0:B1:A1:E5:02,,29,17.40343475341797,B2-01,0,1
335,54:F0:B1:A2:56:72,,27,17.40343475341797,B2-01,0,1
336,54:F0:B1:A2:57:23,LCA,10,17.40343475341797,B2-01,0,1
337,54:F0:B1:A2:57:30,eduroam,30,17.40343475341797,B2-01,0,1
338,54:F0:B1:A2:57:33,LCA,29,17.40343475341797,B2-01,0,1
339,54:F0:B1:BB:C4:D0,eduroam,67,17.40343475341797,B2-01,0,1
340,54:F0:B1:BB:C4:D1,PoliSemFio,60,17.40343475341797,B2-01,0,1
341,54:F0:B1:BB:C4:F0,eduroam,35,17.40343475341797,B2-01,0,1
342,54:F0:B1:BB:C4:F1,PoliSemFio,34,17.40343475341797,B2-01,0,1
343,54:F0:B1:BB:F3:20,eduroam,29,17.40343475341797,B2-01,0,1
344,54:F0:B1:BB:F3:22,,29,17.40343475341797,B2-01,0,1
345,54:F0:B1:BC:09:40,eduroam,67,17.40343475341797,B2-01,0,1
346,54:F0:B1:BC:09:41,PoliSemFio,75,17.40343475341797,B2-01,0,1
347,54:F0:B1:BC:09:42,,75,17.40343475341797,B2-01,0,1
348,54:F0:B1:BC:09:60,eduroam,77,17.40343475341797,B2-01,0,1
349,54:F0:B1:BC:09:61,PoliSemFio,85,17.40343475341797,B2-01,0,1
350,54:F0:B1:BC:1B:D0,eduroam,34,17.40343475341797,B2-01,0,1
351,54:F0:B1:BC:1B:D1,PoliSemFio,45,17.40343475341797,B2-01,0,1
352,54:F0:B1:BC:1B:D2,,45,17.40343475341797,B2-01,0,1
353,54:F0:B1:BC:1B:F0,eduroam,19,17.40343475341797,B2-01,0,1
354,54:F0:B1:BC:1B:F1,PoliSemFio,19,17.40343475341797,B2-01,0,1
355,54:F0:B1:BC:1B:F2,,22,17.40343475341797,B2-01,0,1
356,54:F0:B1:BC:2E:90,eduroam,57,17.40343475341797,B2-01,0,1
357,54:F0:B1:BC:2E:91,PoliSemFio,55,17.40343475341797,B2-01,0,1
358,54:F0:B1:BC:2E:B0,eduroam,25,17.40343475341797,B2-01,0,1
359,54:F0:B1:BC:2E:B1,PoliSemFio,27,17.40343475341797,B2-01,0,1
360,54:F0:B1:BC:2E:B2,,30,17.40343475341797,B2-01,0,1
361,54:F0:B1:BC:70:00,eduroam,50,17.40343475341797,B2-01,0,1
362,54:F0:B1:BC:70:01,PoliSemFio,45,17.40343475341797,B2-01,0,1
363,54:F0:B1:BC:70:20,eduroam,15,17.40343475341797,B2-01,0,1
364,54:F0:B1:BC:70:21,PoliSemFio,15,17.40343475341797,B2-01,0,1
365,54:F0:B1:BC:70:22,,19,17.40343475341797,B2-01,0,1
366,54:F0:B1:BC:77:80,eduroam,37,17.40343475341797,B2-01,0,1
367,54:F0:B1:BC:77:81,PoliSemFio,47,17.40343475341797,B2-01,0,1
368,54:F0:B1:BC:77:A0,eduroam,22,17.40343475341797,B2-01,0,1
369,54:F0:B1:BC:77:A1,PoliSemFio,22,17.40343475341797,B2-01,0,1
370,70:62:B8:6E:72:A0,PCS-wireless-C1-13,50,17.40343475341797,B2-01,0,1
371,70:62:B8:6E:72:A1,PPGEE,49,17.40343475341797,B2-01,0,1
372,84:D4:7E:06:4F:E0,eduroam,60,17.40343475341797,B2-01,0,1
373,84:D4:7E:06:4F:E1,PoliSemFio,75,17.40343475341797,B2-01,0,1
374,84:D4:7E:06:4F:E2,,75,17.40343475341797,B2-01,0,1
375,84:D4:7E:06:4F:F0,eduroam,25,17.40343475341797,B2-01,0,1
376,84:D4:7E:06:4F:F1,PoliSemFio,24,17.40343475341797,B2-01,0,1
377,DE:9F:DB:1C:1F:E0,LARC Guest,22,17.40343475341797,B2-01,0,1
378,F8:1A:67:99:55:8E,NUCLEAR_CHF,29,17.40343475341797,B2-01,0,1
379,FE:9F:DB:1C:1F:E0,,22,17.40343475341797,B2-01,0,1
380,00:21:91:70:9D:EC,LAB-DIDATICO,29,23.63164472579956,B2-01,0,1
381,34:60:F9:A3:E7:3F,GASWIFI_C4,39,23.63164472579956,B2-01,0,1
382,34:CE:00:51:3E:6F,Lab,45,23.63164472579956,B2-01,0,1
383,34:CE:00:51:3E:70,Lab_5G,22,23.63164472579956,B2-01,0,1
384,54:B8:0A:AA:2C:8C,LAB_DIGITAL,39,23.63164472579956,B2-01,0,1
385,54:B8:0A:AA:2C:8D,PCS-Wireless,37,23.63164472579956,B2-01,0,1
386,54:F0:B1:A1:18:C0,eduroam,17,23.63164472579956,B2-01,0,1
387,54:F0:B1:A1:18:C1,PoliSemFio,15,23.63164472579956,B2-01,0,1
388,54:F0:B1:A1:18:C2,,27,23.63164472579956,B2-01,0,1
389,54:F0:B1:A1:18:C3,MEZANINO,17,23.63164472579956,B2-01,0,1
390,54:F0:B1:A1:18:C4,GDLAB,17,23.63164472579956,B2-01,0,1
391,54:F0:B1:A1:18:C5,LABPAD,15,23.63164472579956,B2-01,0,1
392,54:F0:B1:A1:18:D0,eduroam,14,23.63164472579956,B2-01,0,1
393,54:F0:B1:A1:18:D1,PoliSemFio,35,23.63164472579956,B2-01,0,1
394,54:F0:B1:A1:18:D2,,30,23.63164472579956,B2-01,0,1
395,54:F0:B1:A1:18:D3,MEZANINO,34,23.63164472579956,B2-01,0,1
396,54:F0:B1:A1:18:D4,GDLAB,32,23.63164472579956,B2-01,0,1
397,54:F0:B1:A1:18:D5,LABPAD,27,23.63164472579956,B2-01,0,1
398,54:F0:B1:A1:57:F0,eduroam,14,23.63164472579956,B2-01,0,1
399,54:F0:B1:A1:57:F1,PoliSemFio,14,23.63164472579956,B2-01,0,1
400,54:F0:B1:A1:57:F2,,12,23.63164472579956,B2-01,0,1
401,54:F0:B1:A1:58:00,eduroam,34,23.63164472579956,B2-01,0,1
402,54:F0:B1:A1:58:01,PoliSemFio,35,23.63164472579956,B2-01,0,1
403,54:F0:B1:A1:58:02,,35,23.63164472579956,B2-01,0,1
404,54:F0:B1:A1:E5:00,eduroam,30,23.63164472579956,B2-01,0,1
405,54:F0:B1:A1:E5:01,PoliSemFio,29,23.63164472579956,B2-01,0,1
406,54:F0:B1:A1:E5:02,,27,23.63164472579956,B2-01,0,1
407,54:F0:B1:A2:56:72,,27,23.63164472579956,B2-01,0,1
408,54:F0:B1:A2:57:23,LCA,10,23.63164472579956,B2-01,0,1
409,54:F0:B1:A2:57:30,eduroam,30,23.63164472579956,B2-01,0,1
410,54:F0:B1:A2:57:32,,32,23.63164472579956,B2-01,0,1
411,54:F0:B1:A2:57:33,LCA,25,23.63164472579956,B2-01,0,1
412,54:F0:B1:BB:5A:83,LEP,40,23.63164472579956,B2-01,0,1
413,54:F0:B1:BB:5A:84,,34,23.63164472579956,B2-01,0,1
414,54:F0:B1:BB:92:C2,,29,23.63164472579956,B2-01,0,1
415,54:F0:B1:BB:C4:D0,eduroam,65,23.63164472579956,B2-01,0,1
416,54:F0:B1:BB:C4:D1,PoliSemFio,62,23.63164472579956,B2-01,0,1
417,54:F0:B1:BB:C4:F0,eduroam,40,23.63164472579956,B2-01,0,1
418,54:F0:B1:BB:C4:F1,PoliSemFio,34,23.63164472579956,B2-01,0,1
419,54:F0:B1:BB:F3:20,eduroam,29,23.63164472579956,B2-01,0,1
420,54:F0:B1:BB:F3:22,,24,23.63164472579956,B2-01,0,1
421,54:F0:B1:BB:FD:D2,,20,23.63164472579956,B2-01,0,1
422,54:F0:B1:BC:09:40,eduroam,85,23.63164472579956,B2-01,0,1
423,54:F0:B1:BC:09:41,PoliSemFio,87,23.63164472579956,B2-01,0,1
424,54:F0:B1:BC:09:42,,87,23.63164472579956,B2-01,0,1
425,54:F0:B1:BC:09:60,eduroam,97,23.63164472579956,B2-01,0,1
426,54:F0:B1:BC:09:61,PoliSemFio,97,23.63164472579956,B2-01,0,1
427,54:F0:B1:BC:1B:D0,eduroam,54,23.63164472579956,B2-01,0,1
428,54:F0:B1:BC:1B:D1,PoliSemFio,50,23.63164472579956,B2-01,0,1
429,54:F0:B1:BC:1B:D2,,50,23.63164472579956,B2-01,0,1
430,54:F0:B1:BC:1B:F0,eduroam,29,23.63164472579956,B2-01,0,1
431,54:F0:B1:BC:1B:F1,PoliSemFio,30,23.63164472579956,B2-01,0,1
432,54:F0:B1:BC:1B:F2,,22,23.63164472579956,B2-01,0,1
433,54:F0:B1:BC:2E:90,eduroam,57,23.63164472579956,B2-01,0,1
434,54:F0:B1:BC:2E:91,PoliSemFio,55,23.63164472579956,B2-01,0,1
435,54:F0:B1:BC:2E:B0,eduroam,34,23.63164472579956,B2-01,0,1
436,54:F0:B1:BC:2E:B1,PoliSemFio,34,23.63164472579956,B2-01,0,1
437,54:F0:B1:BC:2E:B2,,30,23.63164472579956,B2-01,0,1
438,54:F0:B1:BC:2F:50,eduroam,12,23.63164472579956,B2-01,0,1
439,54:F0:B1:BC:36:11,eduroam,20,23.63164472579956,B2-01,0,1
440,54:F0:B1:BC:70:00,eduroam,50,23.63164472579956,B2-01,0,1
441,54:F0:B1:BC:70:01,PoliSemFio,45,23.63164472579956,B2-01,0,1
442,54:F0:B1:BC:70:02,,50,23.63164472579956,B2-01,0,1
443,54:F0:B1:BC:70:20,eduroam,24,23.63164472579956,B2-01,0,1
444,54:F0:B1:BC:70:21,PoliSemFio,22,23.63164472579956,B2-01,0,1
445,54:F0:B1:BC:70:22,,19,23.63164472579956,B2-01,0,1
446,54:F0:B1:BC:77:80,eduroam,57,23.63164472579956,B2-01,0,1
447,54:F0:B1:BC:77:81,PoliSemFio,62,23.63164472579956,B2-01,0,1
448,54:F0:B1:BC:77:82,,62,23.63164472579956,B2-01,0,1
449,54:F0:B1:BC:77:A0,eduroam,22,23.63164472579956,B2-01,0,1
450,54:F0:B1:BC:77:A1,PoliSemFio,22,23.63164472579956,B2-01,0,1
451,68:FF:7B:47:78:BE,C1-22M,49,23.63164472579956,B2-01,0,1
452,70:62:B8:6E:72:A0,PCS-wireless-C1-13,40,23.63164472579956,B2-01,0,1
453,70:62:B8:6E:72:A1,PPGEE,42,23.63164472579956,B2-01,0,1
454,84:D4:7E:06:4F:E0,eduroam,50,23.63164472579956,B2-01,0,1
455,84:D4:7E:06:4F:E1,PoliSemFio,57,23.63164472579956,B2-01,0,1
456,84:D4:7E:06:4F:E2,,75,23.63164472579956,B2-01,0,1
457,84:D4:7E:06:4F:F0,eduroam,24,23.63164472579956,B2-01,0,1
458,84:D4:7E:06:4F:F1,PoliSemFio,24,23.63164472579956,B2-01,0,1
459,DC:9F:DB:1C:1F:D7,LWN-3,24,23.63164472579956,B2-01,0,1
460,DE:9F:DB:1C:1F:E0,LARC Guest,30,23.63164472579956,B2-01,0,1
461,F8:1A:67:99:55:8E,NUCLEAR_CHF,29,23.63164472579956,B2-01,0,1
462,FE:9F:DB:1C:1F:E0,,29,23.63164472579956,B2-01,0,1
463,00:21:91:70:9D:EC,LAB-DIDATICO,29,29.863455533981323,B2-01,0,1
464,34:60:F9:A3:D9:14,GASWIFI-2G_C2,30,29.863455533981323,B2-01,0,1
465,34:60:F9:A3:E7:3F,GASWIFI_C4,40,29.863455533981323,B2-01,0,1
466,34:CE:00:51:3E:6F,Lab,52,29.863455533981323,B2-01,0,1
467,34:CE:00:51:3E:70,Lab_5G,15,29.863455533981323,B2-01,0,1
468,48:00:20:34:D2:40,eduroam,22,29.863455533981323,B2-01,0,1
469,54:B8:0A:AA:2C:8C,LAB_DIGITAL,24,29.863455533981323,B2-01,0,1
470,54:B8:0A:AA:2C:8D,PCS-Wireless,37,29.863455533981323,B2-01,0,1
471,54:F0:B1:A1:18:C0,eduroam,27,29.863455533981323,B2-01,0,1
472,54:F0:B1:A1:18:C1,PoliSemFio,27,29.863455533981323,B2-01,0,1
473,54:F0:B1:A1:18:C2,,27,29.863455533981323,B2-01,0,1
474,54:F0:B1:A1:18:C3,MEZANINO,27,29.863455533981323,B2-01,0,1
475,54:F0:B1:A1:18:C4,GDLAB,27,29.863455533981323,B2-01,0,1
476,54:F0:B1:A1:18:C5,LABPAD,27,29.863455533981323,B2-01,0,1
477,54:F0:B1:A1:18:D0,eduroam,30,29.863455533981323,B2-01,0,1
478,54:F0:B1:A1:18:D1,PoliSemFio,35,29.863455533981323,B2-01,0,1
479,54:F0:B1:A1:18:D2,,30,29.863455533981323,B2-01,0,1
480,54:F0:B1:A1:18:D3,MEZANINO,32,29.863455533981323,B2-01,0,1
481,54:F0:B1:A1:18:D4,GDLAB,34,29.863455533981323,B2-01,0,1
482,54:F0:B1:A1:18:D5,LABPAD,30,29.863455533981323,B2-01,0,1
483,54:F0:B1:A1:57:F0,eduroam,14,29.863455533981323,B2-01,0,1
484,54:F0:B1:A1:57:F1,PoliSemFio,14,29.863455533981323,B2-01,0,1
485,54:F0:B1:A1:57:F2,,12,29.863455533981323,B2-01,0,1
486,54:F0:B1:A1:58:00,eduroam,29,29.863455533981323,B2-01,0,1
487,54:F0:B1:A1:58:01,PoliSemFio,24,29.863455533981323,B2-01,0,1
488,54:F0:B1:A1:58:02,,35,29.863455533981323,B2-01,0,1
489,54:F0:B1:A1:E5:00,eduroam,30,29.863455533981323,B2-01,0,1
490,54:F0:B1:A1:E5:01,PoliSemFio,29,29.863455533981323,B2-01,0,1
491,54:F0:B1:A1:E5:02,,27,29.863455533981323,B2-01,0,1
492,54:F0:B1:A2:56:70,eduroam,22,29.863455533981323,B2-01,0,1
493,54:F0:B1:A2:56:72,,27,29.863455533981323,B2-01,0,1
494,54:F0:B1:A2:57:23,LCA,10,29.863455533981323,B2-01,0,1
495,54:F0:B1:A2:57:30,eduroam,30,29.863455533981323,B2-01,0,1
496,54:F0:B1:A2:57:32,,32,29.863455533981323,B2-01,0,1
497,54:F0:B1:A2:57:33,LCA,25,29.863455533981323,B2-01,0,1
498,54:F0:B1:BB:5A:83,LEP,34,29.863455533981323,B2-01,0,1
499,54:F0:B1:BB:5A:84,,34,29.863455533981323,B2-01,0,1
500,54:F0:B1:BB:92:C2,,29,29.863455533981323,B2-01,0,1
501,54:F0:B1:BB:C4:D0,eduroam,57,29.863455533981323,B2-01,0,1
502,54:F0:B1:BB:C4:D1,PoliSemFio,57,29.863455533981323,B2-01,0,1
503,54:F0:B1:BB:C4:F0,eduroam,40,29.863455533981323,B2-01,0,1
504,54:F0:B1:BB:C4:F1,PoliSemFio,29,29.863455533981323,B2-01,0,1
505,54:F0:B1:BB:F3:20,eduroam,32,29.863455533981323,B2-01,0,1
506,54:F0:B1:BB:F3:22,,24,29.863455533981323,B2-01,0,1
507,54:F0:B1:BB:FD:D2,,20,29.863455533981323,B2-01,0,1
508,54:F0:B1:BC:09:40,eduroam,97,29.863455533981323,B2-01,0,1
509,54:F0:B1:BC:09:41,PoliSemFio,97,29.863455533981323,B2-01,0,1
510,54:F0:B1:BC:09:42,,97,29.863455533981323,B2-01,0,1
511,54:F0:B1:BC:09:60,eduroam,85,29.863455533981323,B2-01,0,1
512,54:F0:B1:BC:09:61,PoliSemFio,85,29.863455533981323,B2-01,0,1
513,54:F0:B1:BC:1B:D0,eduroam,44,29.863455533981323,B2-01,0,1
514,54:F0:B1:BC:1B:D1,PoliSemFio,50,29.863455533981323,B2-01,0,1
515,54:F0:B1:BC:1B:D2,,49,29.863455533981323,B2-01,0,1
516,54:F0:B1:BC:1B:F0,eduroam,22,29.863455533981323,B2-01,0,1
517,54:F0:B1:BC:1B:F1,PoliSemFio,20,29.863455533981323,B2-01,0,1
518,54:F0:B1:BC:1B:F2,,22,29.863455533981323,B2-01,0,1
519,54:F0:B1:BC:2E:90,eduroam,57,29.863455533981323,B2-01,0,1
520,54:F0:B1:BC:2E:91,PoliSemFio,55,29.863455533981323,B2-01,0,1
521,54:F0:B1:BC:2E:92,,64,29.863455533981323,B2-01,0,1
522,54:F0:B1:BC:2E:B0,eduroam,30,29.863455533981323,B2-01,0,1
523,54:F0:B1:BC:2E:B1,PoliSemFio,30,29.863455533981323,B2-01,0,1
524,54:F0:B1:BC:2E:B2,,30,29.863455533981323,B2-01,0,1
525,54:F0:B1:BC:2F:50,eduroam,12,29.863455533981323,B2-01,0,1
526,54:F0:B1:BC:36:11,eduroam,20,29.863455533981323,B2-01,0,1
527,54:F0:B1:BC:3F:10,eduroam,37,29.863455533981323,B2-01,0,1
528,54:F0:B1:BC:70:00,eduroam,40,29.863455533981323,B2-01,0,1
529,54:F0:B1:BC:70:01,PoliSemFio,42,29.863455533981323,B2-01,0,1
530,54:F0:B1:BC:70:02,,50,29.863455533981323,B2-01,0,1
531,54:F0:B1:BC:70:20,eduroam,15,29.863455533981323,B2-01,0,1
532,54:F0:B1:BC:70:21,PoliSemFio,14,29.863455533981323,B2-01,0,1
533,54:F0:B1:BC:70:22,,19,29.863455533981323,B2-01,0,1
534,54:F0:B1:BC:77:80,eduroam,30,29.863455533981323,B2-01,0,1
535,54:F0:B1:BC:77:81,PoliSemFio,39,29.863455533981323,B2-01,0,1
536,54:F0:B1:BC:77:82,,40,29.863455533981323,B2-01,0,1
537,54:F0:B1:BC:77:A0,eduroam,27,29.863455533981323,B2-01,0,1
538,54:F0:B1:BC:77:A1,PoliSemFio,25,29.863455533981323,B2-01,0,1
539,68:FF:7B:47:78:BE,C1-22M,49,29.863455533981323,B2-01,0,1
540,70:62:B8:6E:72:A0,PCS-wireless-C1-13,39,29.863455533981323,B2-01,0,1
541,70:62:B8:6E:72:A1,PPGEE,37,29.863455533981323,B2-01,0,1
542,84:D4:7E:06:4F:E0,eduroam,39,29.863455533981323,B2-01,0,1
543,84:D4:7E:06:4F:E1,PoliSemFio,59,29.863455533981323,B2-01,0,1
544,84:D4:7E:06:4F:E2,,59,29.863455533981323,B2-01,0,1
545,84:D4:7E:06:4F:F0,eduroam,30,29.863455533981323,B2-01,0,1
546,84:D4:7E:06:4F:F1,PoliSemFio,30,29.863455533981323,B2-01,0,1
547,DC:9F:DB:1C:1F:D7,LWN-3,24,29.863455533981323,B2-01,0,1
548,DE:9F:DB:1C:1F:E0,LARC Guest,30,29.863455533981323,B2-01,0,1
549,F8:1A:67:99:55:8E,NUCLEAR_CHF,29,29.863455533981323,B2-01,0,1
550,FE:9F:DB:1C:1F:E0,,29,29.863455533981323,B2-01,0,1
551,00:21:91:70:9D:EC,LAB-DIDATICO,29,36.10493612289429,B2-01,0,1
552,34:60:F9:A3:D9:14,GASWIFI-2G_C2,30,36.10493612289429,B2-01,0,1
553,34:60:F9:A3:E7:3F,GASWIFI_C4,40,36.10493612289429,B2-01,0,1
554,34:CE:00:51:3E:6F,Lab,52,36.10493612289429,B2-01,0,1
555,34:CE:00:51:3E:70,Lab_5G,15,36.10493612289429,B2-01,0,1
556,48:00:20:34:D2:40,eduroam,22,36.10493612289429,B2-01,0,1
557,54:B8:0A:AA:2C:8C,LAB_DIGITAL,24,36.10493612289429,B2-01,0,1
558,54:B8:0A:AA:2C:8D,PCS-Wireless,37,36.10493612289429,B2-01,0,1
559,54:F0:B1:A1:18:C0,eduroam,27,36.10493612289429,B2-01,0,1
560,54:F0:B1:A1:18:C1,PoliSemFio,27,36.10493612289429,B2-01,0,1
561,54:F0:B1:A1:18:C2,,27,36.10493612289429,B2-01,0,1
562,54:F0:B1:A1:18:C3,MEZANINO,27,36.10493612289429,B2-01,0,1
563,54:F0:B1:A1:18:C4,GDLAB,27,36.10493612289429,B2-01,0,1
564,54:F0:B1:A1:18:C5,LABPAD,27,36.10493612289429,B2-01,0,1
565,54:F0:B1:A1:18:D0,eduroam,30,36.10493612289429,B2-01,0,1
566,54:F0:B1:A1:18:D1,PoliSemFio,35,36.10493612289429,B2-01,0,1
567,54:F0:B1:A1:18:D2,,30,36.10493612289429,B2-01,0,1
568,54:F0:B1:A1:18:D3,MEZANINO,32,36.10493612289429,B2-01,0,1
569,54:F0:B1:A1:18:D4,GDLAB,34,36.10493612289429,B2-01,0,1
570,54:F0:B1:A1:18:D5,LABPAD,30,36.10493612289429,B2-01,0,1
571,54:F0:B1:A1:57:F0,eduroam,14,36.10493612289429,B2-01,0,1
572,54:F0:B1:A1:57:F1,PoliSemFio,14,36.10493612289429,B2-01,0,1
573,54:F0:B1:A1:57:F2,,12,36.10493612289429,B2-01,0,1
574,54:F0:B1:A1:58:00,eduroam,29,36.10493612289429,B2-01,0,1
575,54:F0:B1:A1:58:01,PoliSemFio,24,36.10493612289429,B2-01,0,1
576,54:F0:B1:A1:58:02,,35,36.10493612289429,B2-01,0,1
577,54:F0:B1:A1:E5:00,eduroam,30,36.10493612289429,B2-01,0,1
578,54:F0:B1:A1:E5:01,PoliSemFio,29,36.10493612289429,B2-01,0,1
579,54:F0:B1:A1:E5:02,,27,36.10493612289429,B2-01,0,1
580,54:F0:B1:A2:56:70,eduroam,22,36.10493612289429,B2-01,0,1
581,54:F0:B1:A2:56:72,,27,36.10493612289429,B2-01,0,1
582,54:F0:B1:A2:57:23,LCA,10,36.10493612289429,B2-01,0,1
583,54:F0:B1:A2:57:30,eduroam,30,36.10493612289429,B2-01,0,1
584,54:F0:B1:A2:57:32,,32,36.10493612289429,B2-01,0,1
585,54:F0:B1:A2:57:33,LCA,25,36.10493612289429,B2-01,0,1
586,54:F0:B1:BB:5A:83,LEP,34,36.10493612289429,B2-01,0,1
587,54:F0:B1:BB:5A:84,,34,36.10493612289429,B2-01,0,1
588,54:F0:B1:BB:92:C2,,29,36.10493612289429,B2-01,0,1
589,54:F0:B1:BB:C4:D0,eduroam,57,36.10493612289429,B2-01,0,1
590,54:F0:B1:BB:C4:D1,PoliSemFio,57,36.10493612289429,B2-01,0,1
591,54:F0:B1:BB:C4:F0,eduroam,40,36.10493612289429,B2-01,0,1
592,54:F0:B1:BB:C4:F1,PoliSemFio,29,36.10493612289429,B2-01,0,1
593,54:F0:B1:BB:F3:20,eduroam,32,36.10493612289429,B2-01,0,1
594,54:F0:B1:BB:F3:22,,24,36.10493612289429,B2-01,0,1
595,54:F0:B1:BB:FD:D2,,20,36.10493612289429,B2-01,0,1
596,54:F0:B1:BC:09:40,eduroam,97,36.10493612289429,B2-01,0,1
597,54:F0:B1:BC:09:41,PoliSemFio,97,36.10493612289429,B2-01,0,1
598,54:F0:B1:BC:09:42,,97,36.10493612289429,B2-01,0,1
599,54:F0:B1:BC:09:60,eduroam,74,36.10493612289429,B2-01,0,1
600,54:F0:B1:BC:09:61,PoliSemFio,85,36.10493612289429,B2-01,0,1
601,54:F0:B1:BC:1B:D0,eduroam,44,36.10493612289429,B2-01,0,1
602,54:F0:B1:BC:1B:D1,PoliSemFio,50,36.10493612289429,B2-01,0,1
603,54:F0:B1:BC:1B:D2,,49,36.10493612289429,B2-01,0,1
604,54:F0:B1:BC:1B:F0,eduroam,22,36.10493612289429,B2-01,0,1
605,54:F0:B1:BC:1B:F1,PoliSemFio,20,36.10493612289429,B2-01,0,1
606,54:F0:B1:BC:1B:F2,,22,36.10493612289429,B2-01,0,1
607,54:F0:B1:BC:2E:90,eduroam,57,36.10493612289429,B2-01,0,1
608,54:F0:B1:BC:2E:91,PoliSemFio,55,36.10493612289429,B2-01,0,1
609,54:F0:B1:BC:2E:92,,64,36.10493612289429,B2-01,0,1
610,54:F0:B1:BC:2E:B0,eduroam,30,36.10493612289429,B2-01,0,1
611,54:F0:B1:BC:2E:B1,PoliSemFio,30,36.10493612289429,B2-01,0,1
612,54:F0:B1:BC:2E:B2,,30,36.10493612289429,B2-01,0,1
613,54:F0:B1:BC:2F:50,eduroam,12,36.10493612289429,B2-01,0,1
614,54:F0:B1:BC:36:11,eduroam,20,36.10493612289429,B2-01,0,1
615,54:F0:B1:BC:3F:10,eduroam,37,36.10493612289429,B2-01,0,1
616,54:F0:B1:BC:70:00,eduroam,40,36.10493612289429,B2-01,0,1
617,54:F0:B1:BC:70:01,PoliSemFio,42,36.10493612289429,B2-01,0,1
618,54:F0:B1:BC:70:02,,50,36.10493612289429,B2-01,0,1
619,54:F0:B1:BC:70:20,eduroam,15,36.10493612289429,B2-01,0,1
620,54:F0:B1:BC:70:21,PoliSemFio,14,36.10493612289429,B2-01,0,1
621,54:F0:B1:BC:70:22,,19,36.10493612289429,B2-01,0,1
622,54:F0:B1:BC:77:80,eduroam,30,36.10493612289429,B2-01,0,1
623,54:F0:B1:BC:77:81,PoliSemFio,39,36.10493612289429,B2-01,0,1
624,54:F0:B1:BC:77:82,,40,36.10493612289429,B2-01,0,1
625,54:F0:B1:BC:77:A0,eduroam,27,36.10493612289429,B2-01,0,1
626,54:F0:B1:BC:77:A1,PoliSemFio,25,36.10493612289429,B2-01,0,1
627,68:FF:7B:47:78:BE,C1-22M,49,36.10493612289429,B2-01,0,1
628,70:62:B8:6E:72:A0,PCS-wireless-C1-13,39,36.10493612289429,B2-01,0,1
629,70:62:B8:6E:72:A1,PPGEE,37,36.10493612289429,B2-01,0,1
630,84:D4:7E:06:4F:E0,eduroam,39,36.10493612289429,B2-01,0,1
631,84:D4:7E:06:4F:E1,PoliSemFio,59,36.10493612289429,B2-01,0,1
632,84:D4:7E:06:4F:E2,,59,36.10493612289429,B2-01,0,1
633,84:D4:7E:06:4F:F0,eduroam,30,36.10493612289429,B2-01,0,1
634,84:D4:7E:06:4F:F1,PoliSemFio,30,36.10493612289429,B2-01,0,1
635,DC:9F:DB:1C:1F:D7,LWN-3,24,36.10493612289429,B2-01,0,1
636,DE:9F:DB:1C:1F:E0,LARC Guest,30,36.10493612289429,B2-01,0,1
637,F8:1A:67:99:55:8E,NUCLEAR_CHF,29,36.10493612289429,B2-01,0,1
638,FE:9F:DB:1C:1F:E0,,29,36.10493612289429,B2-01,0,1
639,00:18:E7:FF:8C:98,dlink,30,38.72906184196472,B2-01,0,1
640,00:21:91:70:9D:EC,LAB-DIDATICO,19,38.72906184196472,B2-01,0,1
641,34:60:F9:A3:D9:14,GASWIFI-2G_C2,24,38.72906184196472,B2-01,0,1
642,34:60:F9:A3:E7:3F,GASWIFI_C4,40,38.72906184196472,B2-01,0,1
643,34:CE:00:51:3E:6F,Lab,50,38.72906184196472,B2-01,0,1
644,34:CE:00:51:3E:70,Lab_5G,20,38.72906184196472,B2-01,0,1
645,48:00:20:34:D2:40,eduroam,22,38.72906184196472,B2-01,0,1
646,54:B8:0A:AA:2C:8C,LAB_DIGITAL,34,38.72906184196472,B2-01,0,1
647,54:B8:0A:AA:2C:8D,PCS-Wireless,32,38.72906184196472,B2-01,0,1
648,54:F0:B1:A1:18:C0,eduroam,32,38.72906184196472,B2-01,0,1
649,54:F0:B1:A1:18:C1,PoliSemFio,32,38.72906184196472,B2-01,0,1
650,54:F0:B1:A1:18:C2,,27,38.72906184196472,B2-01,0,1
651,54:F0:B1:A1:18:C3,MEZANINO,32,38.72906184196472,B2-01,0,1
652,54:F0:B1:A1:18:C4,GDLAB,32,38.72906184196472,B2-01,0,1
653,54:F0:B1:A1:18:C5,LABPAD,32,38.72906184196472,B2-01,0,1
654,54:F0:B1:A1:18:D0,eduroam,29,38.72906184196472,B2-01,0,1
655,54:F0:B1:A1:18:D1,PoliSemFio,34,38.72906184196472,B2-01,0,1
656,54:F0:B1:A1:18:D2,,32,38.72906184196472,B2-01,0,1
657,54:F0:B1:A1:18:D3,MEZANINO,32,38.72906184196472,B2-01,0,1
658,54:F0:B1:A1:18:D4,GDLAB,34,38.72906184196472,B2-01,0,1
659,54:F0:B1:A1:18:D5,LABPAD,34,38.72906184196472,B2-01,0,1
660,54:F0:B1:A1:57:F0,eduroam,14,38.72906184196472,B2-01,0,1
661,54:F0:B1:A1:57:F1,PoliSemFio,14,38.72906184196472,B2-01,0,1
662,54:F0:B1:A1:57:F2,,12,38.72906184196472,B2-01,0,1
663,54:F0:B1:A1:58:00,eduroam,39,38.72906184196472,B2-01,0,1
664,54:F0:B1:A1:58:01,PoliSemFio,42,38.72906184196472,B2-01,0,1
665,54:F0:B1:A1:58:02,,40,38.72906184196472,B2-01,0,1
666,54:F0:B1:A1:E5:00,eduroam,30,38.72906184196472,B2-01,0,1
667,54:F0:B1:A1:E5:01,PoliSemFio,27,38.72906184196472,B2-01,0,1
668,54:F0:B1:A1:E5:02,,27,38.72906184196472,B2-01,0,1
669,54:F0:B1:A2:56:70,eduroam,22,38.72906184196472,B2-01,0,1
670,54:F0:B1:A2:56:72,,27,38.72906184196472,B2-01,0,1
671,54:F0:B1:A2:57:23,LCA,10,38.72906184196472,B2-01,0,1
672,54:F0:B1:A2:57:30,eduroam,30,38.72906184196472,B2-01,0,1
673,54:F0:B1:A2:57:31,PoliSemFio,34,38.72906184196472,B2-01,0,1
674,54:F0:B1:A2:57:32,,32,38.72906184196472,B2-01,0,1
675,54:F0:B1:A2:57:33,LCA,25,38.72906184196472,B2-01,0,1
676,54:F0:B1:BB:5A:83,LEP,32,38.72906184196472,B2-01,0,1
677,54:F0:B1:BB:5A:84,,32,38.72906184196472,B2-01,0,1
678,54:F0:B1:BB:92:C2,,29,38.72906184196472,B2-01,0,1
679,54:F0:B1:BB:C4:D0,eduroam,69,38.72906184196472,B2-01,0,1
680,54:F0:B1:BB:C4:D1,PoliSemFio,64,38.72906184196472,B2-01,0,1
681,54:F0:B1:BB:C4:D2,,64,38.72906184196472,B2-01,0,1
682,54:F0:B1:BB:C4:F0,eduroam,30,38.72906184196472,B2-01,0,1
683,54:F0:B1:BB:C4:F1,PoliSemFio,32,38.72906184196472,B2-01,0,1
684,54:F0:B1:BB:F3:20,eduroam,32,38.72906184196472,B2-01,0,1
685,54:F0:B1:BB:F3:22,,25,38.72906184196472,B2-01,0,1
686,54:F0:B1:BB:FD:D2,,20,38.72906184196472,B2-01,0,1
687,54:F0:B1:BC:09:40,eduroam,77,38.72906184196472,B2-01,0,1
688,54:F0:B1:BC:09:41,PoliSemFio,90,38.72906184196472,B2-01,0,1
689,54:F0:B1:BC:09:42,,97,38.72906184196472,B2-01,0,1
690,54:F0:B1:BC:09:60,eduroam,82,38.72906184196472,B2-01,0,1
691,54:F0:B1:BC:09:61,PoliSemFio,80,38.72906184196472,B2-01,0,1
692,54:F0:B1:BC:1B:D0,eduroam,44,38.72906184196472,B2-01,0,1
693,54:F0:B1:BC:1B:D1,PoliSemFio,50,38.72906184196472,B2-01,0,1
694,54:F0:B1:BC:1B:D2,,52,38.72906184196472,B2-01,0,1
695,54:F0:B1:BC:1B:F0,eduroam,19,38.72906184196472,B2-01,0,1
696,54:F0:B1:BC:1B:F1,PoliSemFio,19,38.72906184196472,B2-01,0,1
697,54:F0:B1:BC:1B:F2,,22,38.72906184196472,B2-01,0,1
698,54:F0:B1:BC:2E:90,eduroam,57,38.72906184196472,B2-01,0,1
699,54:F0:B1:BC:2E:91,PoliSemFio,55,38.72906184196472,B2-01,0,1
700,54:F0:B1:BC:2E:92,,64,38.72906184196472,B2-01,0,1
701,54:F0:B1:BC:2E:B0,eduroam,32,38.72906184196472,B2-01,0,1
702,54:F0:B1:BC:2E:B1,PoliSemFio,34,38.72906184196472,B2-01,0,1
703,54:F0:B1:BC:2E:B2,,30,38.72906184196472,B2-01,0,1
704,54:F0:B1:BC:2F:50,eduroam,12,38.72906184196472,B2-01,0,1
705,54:F0:B1:BC:36:11,eduroam,20,38.72906184196472,B2-01,0,1
706,54:F0:B1:BC:3F:10,eduroam,40,38.72906184196472,B2-01,0,1
707,54:F0:B1:BC:70:00,eduroam,55,38.72906184196472,B2-01,0,1
708,54:F0:B1:BC:70:01,PoliSemFio,50,38.72906184196472,B2-01,0,1
709,54:F0:B1:BC:70:02,,50,38.72906184196472,B2-01,0,1
710,54:F0:B1:BC:70:20,eduroam,15,38.72906184196472,B2-01,0,1
711,54:F0:B1:BC:70:21,PoliSemFio,14,38.72906184196472,B2-01,0,1
712,54:F0:B1:BC:70:22,,19,38.72906184196472,B2-01,0,1
713,54:F0:B1:BC:77:80,eduroam,55,38.72906184196472,B2-01,0,1
714,54:F0:B1:BC:77:81,PoliSemFio,59,38.72906184196472,B2-01,0,1
715,54:F0:B1:BC:77:82,,59,38.72906184196472,B2-01,0,1
716,54:F0:B1:BC:77:A0,eduroam,27,38.72906184196472,B2-01,0,1
717,54:F0:B1:BC:77:A1,PoliSemFio,25,38.72906184196472,B2-01,0,1
718,54:F0:B1:BC:8F:20,eduroam,19,38.72906184196472,B2-01,0,1
719,68:FF:7B:47:78:BE,C1-22M,49,38.72906184196472,B2-01,0,1
720,70:62:B8:6E:72:A0,PCS-wireless-C1-13,45,38.72906184196472,B2-01,0,1
721,70:62:B8:6E:72:A1,PPGEE,45,38.72906184196472,B2-01,0,1
722,84:D4:7E:06:4F:E0,eduroam,52,38.72906184196472,B2-01,0,1
723,84:D4:7E:06:4F:E1,PoliSemFio,59,38.72906184196472,B2-01,0,1
724,84:D4:7E:06:4F:E2,,59,38.72906184196472,B2-01,0,1
725,84:D4:7E:06:4F:F0,eduroam,30,38.72906184196472,B2-01,0,1
726,84:D4:7E:06:4F:F1,PoliSemFio,30,38.72906184196472,B2-01,0,1
727,B0:4E:26:4B:84:C2,C2-01,34,38.72906184196472,B2-01,0,1
728,DC:9F:DB:1C:1F:D7,LWN-3,19,38.72906184196472,B2-01,0,1
729,DE:9F:DB:1C:1F:E0,LARC Guest,30,38.72906184196472,B2-01,0,1
730,EE:9F:DB:1C:1F:D7,,20,38.72906184196472,B2-01,0,1
731,F8:1A:67:99:55:8E,NUCLEAR_CHF,32,38.72906184196472,B2-01,0,1
732,FE:9F:DB:1C:1F:E0,,25,38.72906184196472,B2-01,0,1
733,00:18:E7:FF:8C:98,dlink,30,41.36188626289368,B2-01,0,1
734,00:21:91:70:9D:EC,LAB-DIDATICO,19,41.36188626289368,B2-01,0,1
735,34:60:F9:A3:D9:14,GASWIFI-2G_C2,24,41.36188626289368,B2-01,0,1
736,34:60:F9:A3:E7:3F,GASWIFI_C4,40,41.36188626289368,B2-01,0,1
737,34:CE:00:51:3E:6F,Lab,50,41.36188626289368,B2-01,0,1
738,34:CE:00:51:3E:70,Lab_5G,20,41.36188626289368,B2-01,0,1
739,48:00:20:34:D2:40,eduroam,22,41.36188626289368,B2-01,0,1
740,54:B8:0A:AA:2C:8C,LAB_DIGITAL,34,41.36188626289368,B2-01,0,1
741,54:B8:0A:AA:2C:8D,PCS-Wireless,32,41.36188626289368,B2-01,0,1
742,54:F0:B1:A1:18:C0,eduroam,32,41.36188626289368,B2-01,0,1
743,54:F0:B1:A1:18:C1,PoliSemFio,32,41.36188626289368,B2-01,0,1
744,54:F0:B1:A1:18:C2,,27,41.36188626289368,B2-01,0,1
745,54:F0:B1:A1:18:C3,MEZANINO,32,41.36188626289368,B2-01,0,1
746,54:F0:B1:A1:18:C4,GDLAB,32,41.36188626289368,B2-01,0,1
747,54:F0:B1:A1:18:C5,LABPAD,32,41.36188626289368,B2-01,0,1
748,54:F0:B1:A1:18:D0,eduroam,29,41.36188626289368,B2-01,0,1
749,54:F0:B1:A1:18:D1,PoliSemFio,34,41.36188626289368,B2-01,0,1
750,54:F0:B1:A1:18:D2,,32,41.36188626289368,B2-01,0,1
751,54:F0:B1:A1:18:D3,MEZANINO,32,41.36188626289368,B2-01,0,1
752,54:F0:B1:A1:18:D4,GDLAB,34,41.36188626289368,B2-01,0,1
753,54:F0:B1:A1:18:D5,LABPAD,34,41.36188626289368,B2-01,0,1
754,54:F0:B1:A1:57:F0,eduroam,14,41.36188626289368,B2-01,0,1
755,54:F0:B1:A1:57:F1,PoliSemFio,14,41.36188626289368,B2-01,0,1
756,54:F0:B1:A1:57:F2,,12,41.36188626289368,B2-01,0,1
757,54:F0:B1:A1:58:00,eduroam,39,41.36188626289368,B2-01,0,1
758,54:F0:B1:A1:58:01,PoliSemFio,42,41.36188626289368,B2-01,0,1
759,54:F0:B1:A1:58:02,,40,41.36188626289368,B2-01,0,1
760,54:F0:B1:A1:E5:00,eduroam,30,41.36188626289368,B2-01,0,1
761,54:F0:B1:A1:E5:01,PoliSemFio,27,41.36188626289368,B2-01,0,1
762,54:F0:B1:A1:E5:02,,27,41.36188626289368,B2-01,0,1
763,54:F0:B1:A2:56:70,eduroam,22,41.36188626289368,B2-01,0,1
764,54:F0:B1:A2:56:72,,27,41.36188626289368,B2-01,0,1
765,54:F0:B1:A2:57:23,LCA,10,41.36188626289368,B2-01,0,1
766,54:F0:B1:A2:57:30,eduroam,30,41.36188626289368,B2-01,0,1
767,54:F0:B1:A2:57:31,PoliSemFio,34,41.36188626289368,B2-01,0,1
768,54:F0:B1:A2:57:32,,32,41.36188626289368,B2-01,0,1
769,54:F0:B1:A2:57:33,LCA,25,41.36188626289368,B2-01,0,1
770,54:F0:B1:BB:5A:83,LEP,32,41.36188626289368,B2-01,0,1
771,54:F0:B1:BB:5A:84,,32,41.36188626289368,B2-01,0,1
772,54:F0:B1:BB:92:C2,,29,41.36188626289368,B2-01,0,1
773,54:F0:B1:BB:C4:D0,eduroam,69,41.36188626289368,B2-01,0,1
774,54:F0:B1:BB:C4:D1,PoliSemFio,64,41.36188626289368,B2-01,0,1
775,54:F0:B1:BB:C4:D2,,64,41.36188626289368,B2-01,0,1
776,54:F0:B1:BB:C4:F0,eduroam,30,41.36188626289368,B2-01,0,1
777,54:F0:B1:BB:C4:F1,PoliSemFio,32,41.36188626289368,B2-01,0,1
778,54:F0:B1:BB:F3:20,eduroam,32,41.36188626289368,B2-01,0,1
779,54:F0:B1:BB:F3:22,,25,41.36188626289368,B2-01,0,1
780,54:F0:B1:BB:FD:D2,,20,41.36188626289368,B2-01,0,1
781,54:F0:B1:BC:09:40,eduroam,77,41.36188626289368,B2-01,0,1
782,54:F0:B1:BC:09:41,PoliSemFio,90,41.36188626289368,B2-01,0,1
783,54:F0:B1:BC:09:42,,97,41.36188626289368,B2-01,0,1
784,54:F0:B1:BC:09:60,eduroam,71,41.36188626289368,B2-01,0,1
785,54:F0:B1:BC:09:61,PoliSemFio,80,41.36188626289368,B2-01,0,1
786,54:F0:B1:BC:1B:D0,eduroam,44,41.36188626289368,B2-01,0,1
787,54:F0:B1:BC:1B:D1,PoliSemFio,50,41.36188626289368,B2-01,0,1
788,54:F0:B1:BC:1B:D2,,52,41.36188626289368,B2-01,0,1
789,54:F0:B1:BC:1B:F0,eduroam,19,41.36188626289368,B2-01,0,1
790,54:F0:B1:BC:1B:F1,PoliSemFio,19,41.36188626289368,B2-01,0,1
791,54:F0:B1:BC:1B:F2,,22,41.36188626289368,B2-01,0,1
792,54:F0:B1:BC:2E:90,eduroam,57,41.36188626289368,B2-01,0,1
793,54:F0:B1:BC:2E:91,PoliSemFio,55,41.36188626289368,B2-01,0,1
794,54:F0:B1:BC:2E:92,,64,41.36188626289368,B2-01,0,1
795,54:F0:B1:BC:2E:B0,eduroam,32,41.36188626289368,B2-01,0,1
796,54:F0:B1:BC:2E:B1,PoliSemFio,34,41.36188626289368,B2-01,0,1
797,54:F0:B1:BC:2E:B2,,30,41.36188626289368,B2-01,0,1
798,54:F0:B1:BC:2F:50,eduroam,12,41.36188626289368,B2-01,0,1
799,54:F0:B1:BC:36:11,eduroam,20,41.36188626289368,B2-01,0,1
800,54:F0:B1:BC:3F:10,eduroam,40,41.36188626289368,B2-01,0,1
801,54:F0:B1:BC:70:00,eduroam,55,41.36188626289368,B2-01,0,1
802,54:F0:B1:BC:70:01,PoliSemFio,50,41.36188626289368,B2-01,0,1
803,54:F0:B1:BC:70:02,,50,41.36188626289368,B2-01,0,1
804,54:F0:B1:BC:70:20,eduroam,15,41.36188626289368,B2-01,0,1
805,54:F0:B1:BC:70:21,PoliSemFio,14,41.36188626289368,B2-01,0,1
806,54:F0:B1:BC:70:22,,19,41.36188626289368,B2-01,0,1
807,54:F0:B1:BC:77:80,eduroam,55,41.36188626289368,B2-01,0,1
808,54:F0:B1:BC:77:81,PoliSemFio,59,41.36188626289368,B2-01,0,1
809,54:F0:B1:BC:77:82,,59,41.36188626289368,B2-01,0,1
810,54:F0:B1:BC:77:A0,eduroam,27,41.36188626289368,B2-01,0,1
811,54:F0:B1:BC:77:A1,PoliSemFio,25,41.36188626289368,B2-01,0,1
812,54:F0:B1:BC:8F:20,eduroam,19,41.36188626289368,B2-01,0,1
813,68:FF:7B:47:78:BE,C1-22M,49,41.36188626289368,B2-01,0,1
814,70:62:B8:6E:72:A0,PCS-wireless-C1-13,45,41.36188626289368,B2-01,0,1
815,70:62:B8:6E:72:A1,PPGEE,45,41.36188626289368,B2-01,0,1
816,84:D4:7E:06:4F:E0,eduroam,52,41.36188626289368,B2-01,0,1
817,84:D4:7E:06:4F:E1,PoliSemFio,59,41.36188626289368,B2-01,0,1
818,84:D4:7E:06:4F:E2,,59,41.36188626289368,B2-01,0,1
819,84:D4:7E:06:4F:F0,eduroam,30,41.36188626289368,B2-01,0,1
820,84:D4:7E:06:4F:F1,PoliSemFio,30,41.36188626289368,B2-01,0,1
821,B0:4E:26:4B:84:C2,C2-01,34,41.36188626289368,B2-01,0,1
822,DC:9F:DB:1C:1F:D7,LWN-3,19,41.36188626289368,B2-01,0,1
823,DE:9F:DB:1C:1F:E0,LARC Guest,30,41.36188626289368,B2-01,0,1
824,EE:9F:DB:1C:1F:D7,,20,41.36188626289368,B2-01,0,1
825,F8:1A:67:99:55:8E,NUCLEAR_CHF,32,41.36188626289368,B2-01,0,1
826,FE:9F:DB:1C:1F:E0,,25,41.36188626289368,B2-01,0,1
827,00:18:E7:FF:8C:98,dlink,30,47.5997359752655,B2-01,0,1
828,00:21:91:70:9D:EC,LAB-DIDATICO,19,47.5997359752655,B2-01,0,1
829,34:60:F9:A3:D9:14,GASWIFI-2G_C2,24,47.5997359752655,B2-01,0,1
830,34:60:F9:A3:E7:3F,GASWIFI_C4,40,47.5997359752655,B2-01,0,1
831,34:CE:00:51:3E:6F,Lab,47,47.5997359752655,B2-01,0,1
832,34:CE:00:51:3E:70,Lab_5G,19,47.5997359752655,B2-01,0,1
833,48:00:20:34:D2:40,eduroam,22,47.5997359752655,B2-01,0,1
834,54:B8:0A:AA:2C:8C,LAB_DIGITAL,34,47.5997359752655,B2-01,0,1
835,54:B8:0A:AA:2C:8D,PCS-Wireless,32,47.5997359752655,B2-01,0,1
836,54:F0:B1:A1:18:C0,eduroam,20,47.5997359752655,B2-01,0,1
837,54:F0:B1:A1:18:C1,PoliSemFio,20,47.5997359752655,B2-01,0,1
838,54:F0:B1:A1:18:C3,MEZANINO,20,47.5997359752655,B2-01,0,1
839,54:F0:B1:A1:18:C4,GDLAB,20,47.5997359752655,B2-01,0,1
840,54:F0:B1:A1:18:C5,LABPAD,20,47.5997359752655,B2-01,0,1
841,54:F0:B1:A1:18:D0,eduroam,29,47.5997359752655,B2-01,0,1
842,54:F0:B1:A1:18:D1,PoliSemFio,34,47.5997359752655,B2-01,0,1
843,54:F0:B1:A1:18:D2,,32,47.5997359752655,B2-01,0,1
844,54:F0:B1:A1:18:D3,MEZANINO,35,47.5997359752655,B2-01,0,1
845,54:F0:B1:A1:18:D4,GDLAB,32,47.5997359752655,B2-01,0,1
846,54:F0:B1:A1:18:D5,LABPAD,34,47.5997359752655,B2-01,0,1
847,54:F0:B1:A1:57:F0,eduroam,14,47.5997359752655,B2-01,0,1
848,54:F0:B1:A1:57:F1,PoliSemFio,14,47.5997359752655,B2-01,0,1
849,54:F0:B1:A1:57:F2,,12,47.5997359752655,B2-01,0,1
850,54:F0:B1:A1:58:00,eduroam,39,47.5997359752655,B2-01,0,1
851,54:F0:B1:A1:58:01,PoliSemFio,42,47.5997359752655,B2-01,0,1
852,54:F0:B1:A1:58:02,,40,47.5997359752655,B2-01,0,1
853,54:F0:B1:A1:E5:00,eduroam,30,47.5997359752655,B2-01,0,1
854,54:F0:B1:A1:E5:01,PoliSemFio,27,47.5997359752655,B2-01,0,1
855,54:F0:B1:A1:E5:02,,27,47.5997359752655,B2-01,0,1
856,54:F0:B1:A2:56:70,eduroam,22,47.5997359752655,B2-01,0,1
857,54:F0:B1:A2:57:30,eduroam,30,47.5997359752655,B2-01,0,1
858,54:F0:B1:A2:57:31,PoliSemFio,34,47.5997359752655,B2-01,0,1
859,54:F0:B1:A2:57:32,,32,47.5997359752655,B2-01,0,1
860,54:F0:B1:A2:57:33,LCA,25,47.5997359752655,B2-01,0,1
861,54:F0:B1:BB:5A:83,LEP,32,47.5997359752655,B2-01,0,1
862,54:F0:B1:BB:5A:84,,32,47.5997359752655,B2-01,0,1
863,54:F0:B1:BB:92:C2,,29,47.5997359752655,B2-01,0,1
864,54:F0:B1:BB:C4:D0,eduroam,47,47.5997359752655,B2-01,0,1
865,54:F0:B1:BB:C4:D1,PoliSemFio,50,47.5997359752655,B2-01,0,1
866,54:F0:B1:BB:C4:D2,,50,47.5997359752655,B2-01,0,1
867,54:F0:B1:BB:C4:F0,eduroam,30,47.5997359752655,B2-01,0,1
868,54:F0:B1:BB:C4:F1,PoliSemFio,32,47.5997359752655,B2-01,0,1
869,54:F0:B1:BB:F3:20,eduroam,32,47.5997359752655,B2-01,0,1
870,54:F0:B1:BB:F3:22,,25,47.5997359752655,B2-01,0,1
871,54:F0:B1:BB:FD:D2,,20,47.5997359752655,B2-01,0,1
872,54:F0:B1:BC:09:40,eduroam,94,47.5997359752655,B2-01,0,1
873,54:F0:B1:BC:09:41,PoliSemFio,95,47.5997359752655,B2-01,0,1
874,54:F0:B1:BC:09:42,,95,47.5997359752655,B2-01,0,1
875,54:F0:B1:BC:09:60,eduroam,68,47.5997359752655,B2-01,0,1
876,54:F0:B1:BC:09:61,PoliSemFio,77,47.5997359752655,B2-01,0,1
877,54:F0:B1:BC:1B:D0,eduroam,44,47.5997359752655,B2-01,0,1
878,54:F0:B1:BC:1B:D1,PoliSemFio,49,47.5997359752655,B2-01,0,1
879,54:F0:B1:BC:1B:D2,,49,47.5997359752655,B2-01,0,1
880,54:F0:B1:BC:1B:F0,eduroam,14,47.5997359752655,B2-01,0,1
881,54:F0:B1:BC:1B:F1,PoliSemFio,15,47.5997359752655,B2-01,0,1
882,54:F0:B1:BC:1B:F2,,22,47.5997359752655,B2-01,0,1
883,54:F0:B1:BC:2E:90,eduroam,57,47.5997359752655,B2-01,0,1
884,54:F0:B1:BC:2E:91,PoliSemFio,54,47.5997359752655,B2-01,0,1
885,54:F0:B1:BC:2E:92,,64,47.5997359752655,B2-01,0,1
886,54:F0:B1:BC:2E:B0,eduroam,22,47.5997359752655,B2-01,0,1
887,54:F0:B1:BC:2E:B1,PoliSemFio,24,47.5997359752655,B2-01,0,1
888,54:F0:B1:BC:2F:50,eduroam,12,47.5997359752655,B2-01,0,1
889,54:F0:B1:BC:36:11,eduroam,20,47.5997359752655,B2-01,0,1
890,54:F0:B1:BC:3F:10,eduroam,29,47.5997359752655,B2-01,0,1
891,54:F0:B1:BC:70:00,eduroam,49,47.5997359752655,B2-01,0,1
892,54:F0:B1:BC:70:01,PoliSemFio,42,47.5997359752655,B2-01,0,1
893,54:F0:B1:BC:70:02,,44,47.5997359752655,B2-01,0,1
894,54:F0:B1:BC:70:20,eduroam,14,47.5997359752655,B2-01,0,1
895,54:F0:B1:BC:70:21,PoliSemFio,14,47.5997359752655,B2-01,0,1
896,54:F0:B1:BC:77:80,eduroam,55,47.5997359752655,B2-01,0,1
897,54:F0:B1:BC:77:81,PoliSemFio,59,47.5997359752655,B2-01,0,1
898,54:F0:B1:BC:77:82,,39,47.5997359752655,B2-01,0,1
899,54:F0:B1:BC:77:A0,eduroam,22,47.5997359752655,B2-01,0,1
900,54:F0:B1:BC:77:A1,PoliSemFio,22,47.5997359752655,B2-01,0,1
901,54:F0:B1:BC:8F:20,eduroam,19,47.5997359752655,B2-01,0,1
902,68:FF:7B:47:78:BE,C1-22M,40,47.5997359752655,B2-01,0,1
903,70:62:B8:6E:72:A0,PCS-wireless-C1-13,42,47.5997359752655,B2-01,0,1
904,70:62:B8:6E:72:A1,PPGEE,39,47.5997359752655,B2-01,0,1
905,84:D4:7E:06:4F:E0,eduroam,62,47.5997359752655,B2-01,0,1
906,84:D4:7E:06:4F:E1,PoliSemFio,69,47.5997359752655,B2-01,0,1
907,84:D4:7E:06:4F:E2,,67,47.5997359752655,B2-01,0,1
908,84:D4:7E:06:4F:F0,eduroam,37,47.5997359752655,B2-01,0,1
909,84:D4:7E:06:4F:F1,PoliSemFio,35,47.5997359752655,B2-01,0,1
910,84:D4:7E:06:4F:F2,,35,47.5997359752655,B2-01,0,1
911,B0:4E:26:4B:84:C2,C2-01,34,47.5997359752655,B2-01,0,1
912,DC:9F:DB:1C:1F:D7,LWN-3,19,47.5997359752655,B2-01,0,1
913,DE:9F:DB:1C:1F:E0,LARC Guest,30,47.5997359752655,B2-01,0,1
914,EE:9F:DB:1C:1F:D7,,20,47.5997359752655,B2-01,0,1
915,F8:1A:67:99:55:8E,NUCLEAR_CHF,32,47.5997359752655,B2-01,0,1
916,FE:9F:DB:1C:1F:E0,,37,47.5997359752655,B2-01,0,1
917,00:18:E7:FF:8C:98,dlink,30,53.865644216537476,B2-01,0,1
918,00:21:91:70:9D:EC,LAB-DIDATICO,19,53.865644216537476,B2-01,0,1
919,1C:5F:2B:FF:9B:B4,LSA,14,53.865644216537476,B2-01,0,1
920,34:60:F9:A3:D9:14,GASWIFI-2G_C2,22,53.865644216537476,B2-01,0,1
921,34:60:F9:A3:E7:3F,GASWIFI_C4,40,53.865644216537476,B2-01,0,1
922,34:CE:00:51:3E:6F,Lab,52,53.865644216537476,B2-01,0,1
923,34:CE:00:51:3E:70,Lab_5G,22,53.865644216537476,B2-01,0,1
924,48:00:20:34:D2:40,eduroam,22,53.865644216537476,B2-01,0,1
925,54:B8:0A:AA:2C:8C,LAB_DIGITAL,39,53.865644216537476,B2-01,0,1
926,54:B8:0A:AA:2C:8D,PCS-Wireless,39,53.865644216537476,B2-01,0,1
927,54:F0:B1:A1:18:C0,eduroam,20,53.865644216537476,B2-01,0,1
928,54:F0:B1:A1:18:C1,PoliSemFio,20,53.865644216537476,B2-01,0,1
929,54:F0:B1:A1:18:C3,MEZANINO,20,53.865644216537476,B2-01,0,1
930,54:F0:B1:A1:18:C4,GDLAB,20,53.865644216537476,B2-01,0,1
931,54:F0:B1:A1:18:C5,LABPAD,20,53.865644216537476,B2-01,0,1
932,54:F0:B1:A1:18:D0,eduroam,27,53.865644216537476,B2-01,0,1
933,54:F0:B1:A1:18:D1,PoliSemFio,29,53.865644216537476,B2-01,0,1
934,54:F0:B1:A1:18:D2,,29,53.865644216537476,B2-01,0,1
935,54:F0:B1:A1:18:D3,MEZANINO,25,53.865644216537476,B2-01,0,1
936,54:F0:B1:A1:18:D4,GDLAB,32,53.865644216537476,B2-01,0,1
937,54:F0:B1:A1:18:D5,LABPAD,29,53.865644216537476,B2-01,0,1
938,54:F0:B1:A1:57:F0,eduroam,14,53.865644216537476,B2-01,0,1
939,54:F0:B1:A1:57:F1,PoliSemFio,14,53.865644216537476,B2-01,0,1
940,54:F0:B1:A1:57:F2,,12,53.865644216537476,B2-01,0,1
941,54:F0:B1:A1:58:00,eduroam,39,53.865644216537476,B2-01,0,1
942,54:F0:B1:A1:58:01,PoliSemFio,39,53.865644216537476,B2-01,0,1
943,54:F0:B1:A1:58:02,,40,53.865644216537476,B2-01,0,1
944,54:F0:B1:A1:E5:00,eduroam,30,53.865644216537476,B2-01,0,1
945,54:F0:B1:A1:E5:01,PoliSemFio,27,53.865644216537476,B2-01,0,1
946,54:F0:B1:A1:E5:02,,30,53.865644216537476,B2-01,0,1
947,54:F0:B1:A2:56:70,eduroam,22,53.865644216537476,B2-01,0,1
948,54:F0:B1:A2:56:72,,19,53.865644216537476,B2-01,0,1
949,54:F0:B1:A2:57:30,eduroam,29,53.865644216537476,B2-01,0,1
950,54:F0:B1:A2:57:31,PoliSemFio,29,53.865644216537476,B2-01,0,1
951,54:F0:B1:A2:57:32,,29,53.865644216537476,B2-01,0,1
952,54:F0:B1:A2:57:33,LCA,25,53.865644216537476,B2-01,0,1
953,54:F0:B1:BB:5A:80,eduroam,35,53.865644216537476,B2-01,0,1
954,54:F0:B1:BB:5A:81,PoliSemFio,32,53.865644216537476,B2-01,0,1
955,54:F0:B1:BB:5A:83,LEP,35,53.865644216537476,B2-01,0,1
956,54:F0:B1:BB:5A:84,,32,53.865644216537476,B2-01,0,1
957,54:F0:B1:BB:92:C2,,27,53.865644216537476,B2-01,0,1
958,54:F0:B1:BB:BE:10,eduroam,15,53.865644216537476,B2-01,0,1
959,54:F0:B1:BB:C4:D0,eduroam,69,53.865644216537476,B2-01,0,1
960,54:F0:B1:BB:C4:D1,PoliSemFio,50,53.865644216537476,B2-01,0,1
961,54:F0:B1:BB:C4:D2,,50,53.865644216537476,B2-01,0,1
962,54:F0:B1:BB:C4:F0,eduroam,30,53.865644216537476,B2-01,0,1
963,54:F0:B1:BB:C4:F1,PoliSemFio,32,53.865644216537476,B2-01,0,1
964,54:F0:B1:BB:F3:20,eduroam,24,53.865644216537476,B2-01,0,1
965,54:F0:B1:BB:F3:21,PoliSemFio,25,53.865644216537476,B2-01,0,1
966,54:F0:B1:BB:F3:22,,25,53.865644216537476,B2-01,0,1
967,54:F0:B1:BB:FD:D0,eduroam,14,53.865644216537476,B2-01,0,1
968,54:F0:B1:BB:FD:D2,,20,53.865644216537476,B2-01,0,1
969,54:F0:B1:BC:09:40,eduroam,90,53.865644216537476,B2-01,0,1
970,54:F0:B1:BC:09:41,PoliSemFio,95,53.865644216537476,B2-01,0,1
971,54:F0:B1:BC:09:42,,95,53.865644216537476,B2-01,0,1
972,54:F0:B1:BC:09:60,eduroam,82,53.865644216537476,B2-01,0,1
973,54:F0:B1:BC:09:61,PoliSemFio,82,53.865644216537476,B2-01,0,1
974,54:F0:B1:BC:1B:D0,eduroam,50,53.865644216537476,B2-01,0,1
975,54:F0:B1:BC:1B:D1,PoliSemFio,55,53.865644216537476,B2-01,0,1
976,54:F0:B1:BC:1B:D2,,57,53.865644216537476,B2-01,0,1
977,54:F0:B1:BC:1B:F0,eduroam,20,53.865644216537476,B2-01,0,1
978,54:F0:B1:BC:1B:F1,PoliSemFio,20,53.865644216537476,B2-01,0,1
979,54:F0:B1:BC:1B:F2,,20,53.865644216537476,B2-01,0,1
980,54:F0:B1:BC:2E:90,eduroam,57,53.865644216537476,B2-01,0,1
981,54:F0:B1:BC:2E:91,PoliSemFio,54,53.865644216537476,B2-01,0,1
982,54:F0:B1:BC:2E:92,,64,53.865644216537476,B2-01,0,1
983,54:F0:B1:BC:2E:B0,eduroam,34,53.865644216537476,B2-01,0,1
984,54:F0:B1:BC:2E:B1,PoliSemFio,34,53.865644216537476,B2-01,0,1
985,54:F0:B1:BC:2F:50,eduroam,12,53.865644216537476,B2-01,0,1
986,54:F0:B1:BC:36:11,eduroam,20,53.865644216537476,B2-01,0,1
987,54:F0:B1:BC:3F:10,eduroam,40,53.865644216537476,B2-01,0,1
988,54:F0:B1:BC:70:00,eduroam,55,53.865644216537476,B2-01,0,1
989,54:F0:B1:BC:70:01,PoliSemFio,49,53.865644216537476,B2-01,0,1
990,54:F0:B1:BC:70:02,,44,53.865644216537476,B2-01,0,1
991,54:F0:B1:BC:70:20,eduroam,15,53.865644216537476,B2-01,0,1
992,54:F0:B1:BC:70:21,PoliSemFio,14,53.865644216537476,B2-01,0,1
993,54:F0:B1:BC:77:80,eduroam,47,53.865644216537476,B2-01,0,1
994,54:F0:B1:BC:77:81,PoliSemFio,59,53.865644216537476,B2-01,0,1
995,54:F0:B1:BC:77:82,,59,53.865644216537476,B2-01,0,1
996,54:F0:B1:BC:77:A0,eduroam,22,53.865644216537476,B2-01,0,1
997,54:F0:B1:BC:77:A1,PoliSemFio,24,53.865644216537476,B2-01,0,1
998,54:F0:B1:BC:8F:20,eduroam,19,53.865644216537476,B2-01,0,1
999,68:FF:7B:47:78:BE,C1-22M,40,53.865644216537476,B2-01,0,1
1000,6C:D7:76:B2:5B:FA,Android123,37,53.865644216537476,B2-01,0,1
1001,70:62:B8:6E:72:A0,PCS-wireless-C1-13,40,53.865644216537476,B2-01,0,1
1002,70:62:B8:6E:72:A1,PPGEE,39,53.865644216537476,B2-01,0,1
1003,84:D4:7E:06:4F:E0,eduroam,60,53.865644216537476,B2-01,0,1
1004,84:D4:7E:06:4F:E1,PoliSemFio,69,53.865644216537476,B2-01,0,1
1005,84:D4:7E:06:4F:E2,,67,53.865644216537476,B2-01,0,1
1006,84:D4:7E:06:4F:F0,eduroam,34,53.865644216537476,B2-01,0,1
1007,84:D4:7E:06:4F:F1,PoliSemFio,34,53.865644216537476,B2-01,0,1
1008,84:D4:7E:06:4F:F2,,35,53.865644216537476,B2-01,0,1
1009,B0:4E:26:4B:84:C2,C2-01,34,53.865644216537476,B2-01,0,1
1010,B6:4E:26:4B:84:C2,C2-01-Guest,35,53.865644216537476,B2-01,0,1
1011,DC:9F:DB:1C:1F:D7,LWN-3,24,53.865644216537476,B2-01,0,1
1012,DE:9F:DB:1C:1F:D7,LARC Guest,27,53.865644216537476,B2-01,0,1
1013,DE:9F:DB:1C:1F:E0,LARC Guest,32,53.865644216537476,B2-01,0,1
1014,EE:9F:DB:1C:1F:D7,,29,53.865644216537476,B2-01,0,1
1015,F8:1A:67:99:55:8E,NUCLEAR_CHF,30,53.865644216537476,B2-01,0,1
1016,FE:9F:DB:1C:1F:E0,,37,53.865644216537476,B2-01,0,1
1017,00:18:E7:FF:8C:98,dlink,30,60.11983776092529,B2-01,0,1
1018,00:21:91:70:9D:EC,LAB-DIDATICO,19,60.11983776092529,B2-01,0,1
1019,1C:5F:2B:FF:9B:B4,LSA,14,60.11983776092529,B2-01,0,1
1020,34:60:F9:A3:D9:14,GASWIFI-2G_C2,22,60.11983776092529,B2-01,0,1
1021,34:60:F9:A3:E7:3F,GASWIFI_C4,40,60.11983776092529,B2-01,0,1
1022,34:CE:00:51:3E:6F,Lab,52,60.11983776092529,B2-01,0,1
1023,34:CE:00:51:3E:70,Lab_5G,22,60.11983776092529,B2-01,0,1
1024,48:00:20:34:D2:40,eduroam,22,60.11983776092529,B2-01,0,1
1025,54:B8:0A:AA:2C:8C,LAB_DIGITAL,39,60.11983776092529,B2-01,0,1
1026,54:B8:0A:AA:2C:8D,PCS-Wireless,39,60.11983776092529,B2-01,0,1
1027,54:F0:B1:A1:18:C0,eduroam,20,60.11983776092529,B2-01,0,1
1028,54:F0:B1:A1:18:C1,PoliSemFio,20,60.11983776092529,B2-01,0,1
1029,54:F0:B1:A1:18:C3,MEZANINO,20,60.11983776092529,B2-01,0,1
1030,54:F0:B1:A1:18:C4,GDLAB,20,60.11983776092529,B2-01,0,1
1031,54:F0:B1:A1:18:C5,LABPAD,20,60.11983776092529,B2-01,0,1
1032,54:F0:B1:A1:18:D0,eduroam,27,60.11983776092529,B2-01,0,1
1033,54:F0:B1:A1:18:D1,PoliSemFio,29,60.11983776092529,B2-01,0,1
1034,54:F0:B1:A1:18:D2,,29,60.11983776092529,B2-01,0,1
1035,54:F0:B1:A1:18:D3,MEZANINO,25,60.11983776092529,B2-01,0,1
1036,54:F0:B1:A1:18:D4,GDLAB,32,60.11983776092529,B2-01,0,1
1037,54:F0:B1:A1:18:D5,LABPAD,29,60.11983776092529,B2-01,0,1
1038,54:F0:B1:A1:57:F0,eduroam,14,60.11983776092529,B2-01,0,1
1039,54:F0:B1:A1:57:F1,PoliSemFio,14,60.11983776092529,B2-01,0,1
1040,54:F0:B1:A1:57:F2,,12,60.11983776092529,B2-01,0,1
1041,54:F0:B1:A1:58:00,eduroam,39,60.11983776092529,B2-01,0,1
1042,54:F0:B1:A1:58:01,PoliSemFio,39,60.11983776092529,B2-01,0,1
1043,54:F0:B1:A1:58:02,,40,60.11983776092529,B2-01,0,1
1044,54:F0:B1:A1:E5:00,eduroam,30,60.11983776092529,B2-01,0,1
1045,54:F0:B1:A1:E5:01,PoliSemFio,27,60.11983776092529,B2-01,0,1
1046,54:F0:B1:A1:E5:02,,30,60.11983776092529,B2-01,0,1
1047,54:F0:B1:A2:56:70,eduroam,22,60.11983776092529,B2-01,0,1
1048,54:F0:B1:A2:56:72,,19,60.11983776092529,B2-01,0,1
1049,54:F0:B1:A2:57:30,eduroam,29,60.11983776092529,B2-01,0,1
1050,54:F0:B1:A2:57:31,PoliSemFio,29,60.11983776092529,B2-01,0,1
1051,54:F0:B1:A2:57:32,,29,60.11983776092529,B2-01,0,1
1052,54:F0:B1:A2:57:33,LCA,25,60.11983776092529,B2-01,0,1
1053,54:F0:B1:BB:5A:80,eduroam,35,60.11983776092529,B2-01,0,1
1054,54:F0:B1:BB:5A:81,PoliSemFio,32,60.11983776092529,B2-01,0,1
1055,54:F0:B1:BB:5A:83,LEP,35,60.11983776092529,B2-01,0,1
1056,54:F0:B1:BB:5A:84,,32,60.11983776092529,B2-01,0,1
1057,54:F0:B1:BB:92:C2,,27,60.11983776092529,B2-01,0,1
1058,54:F0:B1:BB:BE:10,eduroam,15,60.11983776092529,B2-01,0,1
1059,54:F0:B1:BB:C4:D0,eduroam,69,60.11983776092529,B2-01,0,1
1060,54:F0:B1:BB:C4:D1,PoliSemFio,50,60.11983776092529,B2-01,0,1
1061,54:F0:B1:BB:C4:D2,,50,60.11983776092529,B2-01,0,1
1062,54:F0:B1:BB:C4:F0,eduroam,30,60.11983776092529,B2-01,0,1
1063,54:F0:B1:BB:C4:F1,PoliSemFio,32,60.11983776092529,B2-01,0,1
1064,54:F0:B1:BB:F3:20,eduroam,24,60.11983776092529,B2-01,0,1
1065,54:F0:B1:BB:F3:21,PoliSemFio,25,60.11983776092529,B2-01,0,1
1066,54:F0:B1:BB:F3:22,,25,60.11983776092529,B2-01,0,1
1067,54:F0:B1:BB:FD:D0,eduroam,14,60.11983776092529,B2-01,0,1
1068,54:F0:B1:BB:FD:D2,,20,60.11983776092529,B2-01,0,1
1069,54:F0:B1:BC:09:40,eduroam,90,60.11983776092529,B2-01,0,1
1070,54:F0:B1:BC:09:41,PoliSemFio,95,60.11983776092529,B2-01,0,1
1071,54:F0:B1:BC:09:42,,95,60.11983776092529,B2-01,0,1
1072,54:F0:B1:BC:09:60,eduroam,72,60.11983776092529,B2-01,0,1
1073,54:F0:B1:BC:09:61,PoliSemFio,82,60.11983776092529,B2-01,0,1
1074,54:F0:B1:BC:1B:D0,eduroam,50,60.11983776092529,B2-01,0,1
1075,54:F0:B1:BC:1B:D1,PoliSemFio,55,60.11983776092529,B2-01,0,1
1076,54:F0:B1:BC:1B:D2,,57,60.11983776092529,B2-01,0,1
1077,54:F0:B1:BC:1B:F0,eduroam,20,60.11983776092529,B2-01,0,1
1078,54:F0:B1:BC:1B:F1,PoliSemFio,20,60.11983776092529,B2-01,0,1
1079,54:F0:B1:BC:1B:F2,,20,60.11983776092529,B2-01,0,1
1080,54:F0:B1:BC:2E:90,eduroam,57,60.11983776092529,B2-01,0,1
1081,54:F0:B1:BC:2E:91,PoliSemFio,54,60.11983776092529,B2-01,0,1
1082,54:F0:B1:BC:2E:92,,64,60.11983776092529,B2-01,0,1
1083,54:F0:B1:BC:2E:B0,eduroam,34,60.11983776092529,B2-01,0,1
1084,54:F0:B1:BC:2E:B1,PoliSemFio,34,60.11983776092529,B2-01,0,1
1085,54:F0:B1:BC:2F:50,eduroam,12,60.11983776092529,B2-01,0,1
1086,54:F0:B1:BC:36:11,eduroam,20,60.11983776092529,B2-01,0,1
1087,54:F0:B1:BC:3F:10,eduroam,40,60.11983776092529,B2-01,0,1
1088,54:F0:B1:BC:70:00,eduroam,55,60.11983776092529,B2-01,0,1
1089,54:F0:B1:BC:70:01,PoliSemFio,49,60.11983776092529,B2-01,0,1
1090,54:F0:B1:BC:70:02,,44,60.11983776092529,B2-01,0,1
1091,54:F0:B1:BC:70:20,eduroam,15,60.11983776092529,B2-01,0,1
1092,54:F0:B1:BC:70:21,PoliSemFio,14,60.11983776092529,B2-01,0,1
1093,54:F0:B1:BC:77:80,eduroam,47,60.11983776092529,B2-01,0,1
1094,54:F0:B1:BC:77:81,PoliSemFio,59,60.11983776092529,B2-01,0,1
1095,54:F0:B1:BC:77:82,,59,60.11983776092529,B2-01,0,1
1096,54:F0:B1:BC:77:A0,eduroam,22,60.11983776092529,B2-01,0,1
1097,54:F0:B1:BC:77:A1,PoliSemFio,24,60.11983776092529,B2-01,0,1
1098,54:F0:B1:BC:8F:20,eduroam,19,60.11983776092529,B2-01,0,1
1099,68:FF:7B:47:78:BE,C1-22M,40,60.11983776092529,B2-01,0,1
1100,6C:D7:76:B2:5B:FA,Android123,37,60.11983776092529,B2-01,0,1
1101,70:62:B8:6E:72:A0,PCS-wireless-C1-13,40,60.11983776092529,B2-01,0,1
1102,70:62:B8:6E:72:A1,PPGEE,39,60.11983776092529,B2-01,0,1
1103,84:D4:7E:06:4F:E0,eduroam,60,60.11983776092529,B2-01,0,1
1104,84:D4:7E:06:4F:E1,PoliSemFio,69,60.11983776092529,B2-01,0,1
1105,84:D4:7E:06:4F:E2,,67,60.11983776092529,B2-01,0,1
1106,84:D4:7E:06:4F:F0,eduroam,34,60.11983776092529,B2-01,0,1
1107,84:D4:7E:06:4F:F1,PoliSemFio,34,60.11983776092529,B2-01,0,1
1108,84:D4:7E:06:4F:F2,,35,60.11983776092529,B2-01,0,1
1109,B0:4E:26:4B:84:C2,C2-01,34,60.11983776092529,B2-01,0,1
1110,B6:4E:26:4B:84:C2,C2-01-Guest,35,60.11983776092529,B2-01,0,1
1111,DC:9F:DB:1C:1F:D7,LWN-3,24,60.11983776092529,B2-01,0,1
1112,DE:9F:DB:1C:1F:D7,LARC Guest,27,60.11983776092529,B2-01,0,1
1113,DE:9F:DB:1C:1F:E0,LARC Guest,32,60.11983776092529,B2-01,0,1
1114,EE:9F:DB:1C:1F:D7,,29,60.11983776092529,B2-01,0,1
1115,F8:1A:67:99:55:8E,NUCLEAR_CHF,30,60.11983776092529,B2-01,0,1
1116,FE:9F:DB:1C:1F:E0,,37,60.11983776092529,B2-01,0,1
1117,00:18:E7:FF:8C:98,dlink,30,62.73763918876648,B2-01,0,1
1118,00:21:91:70:9D:EC,LAB-DIDATICO,19,62.73763918876648,B2-01,0,1
1119,1C:5F:2B:FF:9B:B4,LSA,14,62.73763918876648,B2-01,0,1
1120,34:60:F9:A3:D9:14,GASWIFI-2G_C2,22,62.73763918876648,B2-01,0,1
1121,34:60:F9:A3:E7:3F,GASWIFI_C4,40,62.73763918876648,B2-01,0,1
1122,34:CE:00:51:3E:6F,Lab,42,62.73763918876648,B2-01,0,1
1123,34:CE:00:51:3E:70,Lab_5G,19,62.73763918876648,B2-01,0,1
1124,48:00:20:34:D2:40,eduroam,22,62.73763918876648,B2-01,0,1
1125,54:B8:0A:AA:2C:8C,LAB_DIGITAL,22,62.73763918876648,B2-01,0,1
1126,54:B8:0A:AA:2C:8D,PCS-Wireless,25,62.73763918876648,B2-01,0,1
1127,54:F0:B1:A1:18:C0,eduroam,20,62.73763918876648,B2-01,0,1
1128,54:F0:B1:A1:18:C1,PoliSemFio,20,62.73763918876648,B2-01,0,1
1129,54:F0:B1:A1:18:C3,MEZANINO,20,62.73763918876648,B2-01,0,1
1130,54:F0:B1:A1:18:C4,GDLAB,20,62.73763918876648,B2-01,0,1
1131,54:F0:B1:A1:18:C5,LABPAD,20,62.73763918876648,B2-01,0,1
1132,54:F0:B1:A1:18:D0,eduroam,27,62.73763918876648,B2-01,0,1
1133,54:F0:B1:A1:18:D1,PoliSemFio,29,62.73763918876648,B2-01,0,1
1134,54:F0:B1:A1:18:D2,,32,62.73763918876648,B2-01,0,1
1135,54:F0:B1:A1:18:D3,MEZANINO,34,62.73763918876648,B2-01,0,1
1136,54:F0:B1:A1:18:D4,GDLAB,37,62.73763918876648,B2-01,0,1
1137,54:F0:B1:A1:18:D5,LABPAD,29,62.73763918876648,B2-01,0,1
1138,54:F0:B1:A1:58:00,eduroam,40,62.73763918876648,B2-01,0,1
1139,54:F0:B1:A1:58:01,PoliSemFio,35,62.73763918876648,B2-01,0,1
1140,54:F0:B1:A1:58:02,,37,62.73763918876648,B2-01,0,1
1141,54:F0:B1:A1:E5:01,PoliSemFio,27,62.73763918876648,B2-01,0,1
1142,54:F0:B1:A1:E5:02,,30,62.73763918876648,B2-01,0,1
1143,54:F0:B1:A2:56:70,eduroam,22,62.73763918876648,B2-01,0,1
1144,54:F0:B1:A2:56:72,,19,62.73763918876648,B2-01,0,1
1145,54:F0:B1:A2:57:30,eduroam,29,62.73763918876648,B2-01,0,1
1146,54:F0:B1:A2:57:31,PoliSemFio,29,62.73763918876648,B2-01,0,1
1147,54:F0:B1:A2:57:32,,29,62.73763918876648,B2-01,0,1
1148,54:F0:B1:A2:57:33,LCA,19,62.73763918876648,B2-01,0,1
1149,54:F0:B1:BB:5A:80,eduroam,35,62.73763918876648,B2-01,0,1
1150,54:F0:B1:BB:5A:81,PoliSemFio,32,62.73763918876648,B2-01,0,1
1151,54:F0:B1:BB:5A:83,LEP,35,62.73763918876648,B2-01,0,1
1152,54:F0:B1:BB:5A:84,,32,62.73763918876648,B2-01,0,1
1153,54:F0:B1:BB:92:C0,eduroam,24,62.73763918876648,B2-01,0,1
1154,54:F0:B1:BB:92:C2,,27,62.73763918876648,B2-01,0,1
1155,54:F0:B1:BB:BE:10,eduroam,15,62.73763918876648,B2-01,0,1
1156,54:F0:B1:BB:C4:D0,eduroam,50,62.73763918876648,B2-01,0,1
1157,54:F0:B1:BB:C4:D1,PoliSemFio,50,62.73763918876648,B2-01,0,1
1158,54:F0:B1:BB:C4:D2,,50,62.73763918876648,B2-01,0,1
1159,54:F0:B1:BB:C4:F0,eduroam,34,62.73763918876648,B2-01,0,1
1160,54:F0:B1:BB:C4:F1,PoliSemFio,34,62.73763918876648,B2-01,0,1
1161,54:F0:B1:BB:F3:20,eduroam,24,62.73763918876648,B2-01,0,1
1162,54:F0:B1:BB:F3:21,PoliSemFio,25,62.73763918876648,B2-01,0,1
1163,54:F0:B1:BB:F3:22,,25,62.73763918876648,B2-01,0,1
1164,54:F0:B1:BB:FD:D0,eduroam,14,62.73763918876648,B2-01,0,1
1165,54:F0:B1:BC:09:40,eduroam,85,62.73763918876648,B2-01,0,1
1166,54:F0:B1:BC:09:41,PoliSemFio,89,62.73763918876648,B2-01,0,1
1167,54:F0:B1:BC:09:42,,87,62.73763918876648,B2-01,0,1
1168,54:F0:B1:BC:09:60,eduroam,80,62.73763918876648,B2-01,0,1
1169,54:F0:B1:BC:09:61,PoliSemFio,80,62.73763918876648,B2-01,0,1
1170,54:F0:B1:BC:1B:D0,eduroam,39,62.73763918876648,B2-01,0,1
1171,54:F0:B1:BC:1B:D1,PoliSemFio,50,62.73763918876648,B2-01,0,1
1172,54:F0:B1:BC:1B:D2,,47,62.73763918876648,B2-01,0,1
1173,54:F0:B1:BC:1B:F0,eduroam,14,62.73763918876648,B2-01,0,1
1174,54:F0:B1:BC:1B:F1,PoliSemFio,20,62.73763918876648,B2-01,0,1
1175,54:F0:B1:BC:1B:F2,,20,62.73763918876648,B2-01,0,1
1176,54:F0:B1:BC:2E:90,eduroam,62,62.73763918876648,B2-01,0,1
1177,54:F0:B1:BC:2E:91,PoliSemFio,54,62.73763918876648,B2-01,0,1
1178,54:F0:B1:BC:2E:92,,64,62.73763918876648,B2-01,0,1
1179,54:F0:B1:BC:2E:B0,eduroam,27,62.73763918876648,B2-01,0,1
1180,54:F0:B1:BC:2E:B1,PoliSemFio,29,62.73763918876648,B2-01,0,1
1181,54:F0:B1:BC:3F:10,eduroam,29,62.73763918876648,B2-01,0,1
1182,54:F0:B1:BC:70:00,eduroam,49,62.73763918876648,B2-01,0,1
1183,54:F0:B1:BC:70:01,PoliSemFio,44,62.73763918876648,B2-01,0,1
1184,54:F0:B1:BC:70:02,,44,62.73763918876648,B2-01,0,1
1185,54:F0:B1:BC:70:20,eduroam,15,62.73763918876648,B2-01,0,1
1186,54:F0:B1:BC:70:21,PoliSemFio,14,62.73763918876648,B2-01,0,1
1187,54:F0:B1:BC:77:80,eduroam,37,62.73763918876648,B2-01,0,1
1188,54:F0:B1:BC:77:81,PoliSemFio,37,62.73763918876648,B2-01,0,1
1189,54:F0:B1:BC:77:82,,34,62.73763918876648,B2-01,0,1
1190,54:F0:B1:BC:77:A0,eduroam,22,62.73763918876648,B2-01,0,1
1191,54:F0:B1:BC:77:A1,PoliSemFio,22,62.73763918876648,B2-01,0,1
1192,54:F0:B1:BC:8F:20,eduroam,19,62.73763918876648,B2-01,0,1
1193,68:FF:7B:47:78:BE,C1-22M,40,62.73763918876648,B2-01,0,1
1194,6C:D7:76:B2:5B:FA,Android123,37,62.73763918876648,B2-01,0,1
1195,70:62:B8:6E:72:A0,PCS-wireless-C1-13,42,62.73763918876648,B2-01,0,1
1196,70:62:B8:6E:72:A1,PPGEE,42,62.73763918876648,B2-01,0,1
1197,84:D4:7E:06:4F:E0,eduroam,60,62.73763918876648,B2-01,0,1
1198,84:D4:7E:06:4F:E1,PoliSemFio,69,62.73763918876648,B2-01,0,1
1199,84:D4:7E:06:4F:E2,,67,62.73763918876648,B2-01,0,1
1200,84:D4:7E:06:4F:F0,eduroam,42,62.73763918876648,B2-01,0,1
1201,84:D4:7E:06:4F:F1,PoliSemFio,42,62.73763918876648,B2-01,0,1
1202,84:D4:7E:06:4F:F2,,40,62.73763918876648,B2-01,0,1
1203,B0:4E:26:4B:84:C2,C2-01,34,62.73763918876648,B2-01,0,1
1204,B6:4E:26:4B:84:C2,C2-01-Guest,35,62.73763918876648,B2-01,0,1
1205,DC:9F:DB:1C:1F:D7,LWN-3,24,62.73763918876648,B2-01,0,1
1206,DE:9F:DB:1C:1F:D7,LARC Guest,27,62.73763918876648,B2-01,0,1
1207,DE:9F:DB:1C:1F:E0,LARC Guest,32,62.73763918876648,B2-01,0,1
1208,EE:9F:DB:1C:1F:D7,,29,62.73763918876648,B2-01,0,1
1209,F8:1A:67:99:55:8E,NUCLEAR_CHF,34,62.73763918876648,B2-01,0,1
1210,FE:9F:DB:1C:1F:E0,,37,62.73763918876648,B2-01,0,1
1211,00:18:E7:FF:8C:98,dlink,30,65.37533926963806,B2-01,0,1
1212,00:21:91:70:9D:EC,LAB-DIDATICO,19,65.37533926963806,B2-01,0,1
1213,1C:5F:2B:FF:9B:B4,LSA,14,65.37533926963806,B2-01,0,1
1214,34:60:F9:A3:D9:14,GASWIFI-2G_C2,22,65.37533926963806,B2-01,0,1
1215,34:60:F9:A3:E7:3F,GASWIFI_C4,40,65.37533926963806,B2-01,0,1
1216,34:CE:00:51:3E:6F,Lab,42,65.37533926963806,B2-01,0,1
1217,34:CE:00:51:3E:70,Lab_5G,19,65.37533926963806,B2-01,0,1
1218,48:00:20:34:D2:40,eduroam,22,65.37533926963806,B2-01,0,1
1219,54:B8:0A:AA:2C:8C,LAB_DIGITAL,22,65.37533926963806,B2-01,0,1
1220,54:B8:0A:AA:2C:8D,PCS-Wireless,25,65.37533926963806,B2-01,0,1
1221,54:F0:B1:A1:18:C0,eduroam,20,65.37533926963806,B2-01,0,1
1222,54:F0:B1:A1:18:C1,PoliSemFio,20,65.37533926963806,B2-01,0,1
1223,54:F0:B1:A1:18:C3,MEZANINO,20,65.37533926963806,B2-01,0,1
1224,54:F0:B1:A1:18:C4,GDLAB,20,65.37533926963806,B2-01,0,1
1225,54:F0:B1:A1:18:C5,LABPAD,20,65.37533926963806,B2-01,0,1
1226,54:F0:B1:A1:18:D0,eduroam,27,65.37533926963806,B2-01,0,1
1227,54:F0:B1:A1:18:D1,PoliSemFio,29,65.37533926963806,B2-01,0,1
1228,54:F0:B1:A1:18:D2,,32,65.37533926963806,B2-01,0,1
1229,54:F0:B1:A1:18:D3,MEZANINO,34,65.37533926963806,B2-01,0,1
1230,54:F0:B1:A1:18:D4,GDLAB,37,65.37533926963806,B2-01,0,1
1231,54:F0:B1:A1:18:D5,LABPAD,29,65.37533926963806,B2-01,0,1
1232,54:F0:B1:A1:58:00,eduroam,40,65.37533926963806,B2-01,0,1
1233,54:F0:B1:A1:58:01,PoliSemFio,35,65.37533926963806,B2-01,0,1
1234,54:F0:B1:A1:58:02,,37,65.37533926963806,B2-01,0,1
1235,54:F0:B1:A1:E5:01,PoliSemFio,27,65.37533926963806,B2-01,0,1
1236,54:F0:B1:A1:E5:02,,30,65.37533926963806,B2-01,0,1
1237,54:F0:B1:A2:56:70,eduroam,22,65.37533926963806,B2-01,0,1
1238,54:F0:B1:A2:56:72,,19,65.37533926963806,B2-01,0,1
1239,54:F0:B1:A2:57:30,eduroam,29,65.37533926963806,B2-01,0,1
1240,54:F0:B1:A2:57:31,PoliSemFio,29,65.37533926963806,B2-01,0,1
1241,54:F0:B1:A2:57:32,,29,65.37533926963806,B2-01,0,1
1242,54:F0:B1:A2:57:33,LCA,19,65.37533926963806,B2-01,0,1
1243,54:F0:B1:BB:5A:80,eduroam,35,65.37533926963806,B2-01,0,1
1244,54:F0:B1:BB:5A:81,PoliSemFio,32,65.37533926963806,B2-01,0,1
1245,54:F0:B1:BB:5A:83,LEP,35,65.37533926963806,B2-01,0,1
1246,54:F0:B1:BB:5A:84,,32,65.37533926963806,B2-01,0,1
1247,54:F0:B1:BB:92:C0,eduroam,24,65.37533926963806,B2-01,0,1
1248,54:F0:B1:BB:92:C2,,27,65.37533926963806,B2-01,0,1
1249,54:F0:B1:BB:BE:10,eduroam,15,65.37533926963806,B2-01,0,1
1250,54:F0:B1:BB:C4:D0,eduroam,50,65.37533926963806,B2-01,0,1
1251,54:F0:B1:BB:C4:D1,PoliSemFio,50,65.37533926963806,B2-01,0,1
1252,54:F0:B1:BB:C4:D2,,50,65.37533926963806,B2-01,0,1
1253,54:F0:B1:BB:C4:F0,eduroam,34,65.37533926963806,B2-01,0,1
1254,54:F0:B1:BB:C4:F1,PoliSemFio,34,65.37533926963806,B2-01,0,1
1255,54:F0:B1:BB:F3:20,eduroam,24,65.37533926963806,B2-01,0,1
1256,54:F0:B1:BB:F3:21,PoliSemFio,25,65.37533926963806,B2-01,0,1
1257,54:F0:B1:BB:F3:22,,25,65.37533926963806,B2-01,0,1
1258,54:F0:B1:BB:FD:D0,eduroam,14,65.37533926963806,B2-01,0,1
1259,54:F0:B1:BC:09:40,eduroam,85,65.37533926963806,B2-01,0,1
1260,54:F0:B1:BC:09:41,PoliSemFio,89,65.37533926963806,B2-01,0,1
1261,54:F0:B1:BC:09:42,,87,65.37533926963806,B2-01,0,1
1262,54:F0:B1:BC:09:60,eduroam,75,65.37533926963806,B2-01,0,1
1263,54:F0:B1:BC:09:61,PoliSemFio,80,65.37533926963806,B2-01,0,1
1264,54:F0:B1:BC:1B:D0,eduroam,39,65.37533926963806,B2-01,0,1
1265,54:F0:B1:BC:1B:D1,PoliSemFio,50,65.37533926963806,B2-01,0,1
1266,54:F0:B1:BC:1B:D2,,47,65.37533926963806,B2-01,0,1
1267,54:F0:B1:BC:1B:F0,eduroam,14,65.37533926963806,B2-01,0,1
1268,54:F0:B1:BC:1B:F1,PoliSemFio,20,65.37533926963806,B2-01,0,1
1269,54:F0:B1:BC:1B:F2,,20,65.37533926963806,B2-01,0,1
1270,54:F0:B1:BC:2E:90,eduroam,62,65.37533926963806,B2-01,0,1
1271,54:F0:B1:BC:2E:91,PoliSemFio,54,65.37533926963806,B2-01,0,1
1272,54:F0:B1:BC:2E:92,,64,65.37533926963806,B2-01,0,1
1273,54:F0:B1:BC:2E:B0,eduroam,27,65.37533926963806,B2-01,0,1
1274,54:F0:B1:BC:2E:B1,PoliSemFio,29,65.37533926963806,B2-01,0,1
1275,54:F0:B1:BC:3F:10,eduroam,29,65.37533926963806,B2-01,0,1
1276,54:F0:B1:BC:70:00,eduroam,49,65.37533926963806,B2-01,0,1
1277,54:F0:B1:BC:70:01,PoliSemFio,44,65.37533926963806,B2-01,0,1
1278,54:F0:B1:BC:70:02,,44,65.37533926963806,B2-01,0,1
1279,54:F0:B1:BC:70:20,eduroam,15,65.37533926963806,B2-01,0,1
1280,54:F0:B1:BC:70:21,PoliSemFio,14,65.37533926963806,B2-01,0,1
1281,54:F0:B1:BC:77:80,eduroam,37,65.37533926963806,B2-01,0,1
1282,54:F0:B1:BC:77:81,PoliSemFio,37,65.37533926963806,B2-01,0,1
1283,54:F0:B1:BC:77:82,,34,65.37533926963806,B2-01,0,1
1284,54:F0:B1:BC:77:A0,eduroam,22,65.37533926963806,B2-01,0,1
1285,54:F0:B1:BC:77:A1,PoliSemFio,22,65.37533926963806,B2-01,0,1
1286,54:F0:B1:BC:8F:20,eduroam,19,65.37533926963806,B2-01,0,1
1287,68:FF:7B:47:78:BE,C1-22M,40,65.37533926963806,B2-01,0,1
1288,6C:D7:76:B2:5B:FA,Android123,37,65.37533926963806,B2-01,0,1
1289,70:62:B8:6E:72:A0,PCS-wireless-C1-13,42,65.37533926963806,B2-01,0,1
1290,70:62:B8:6E:72:A1,PPGEE,42,65.37533926963806,B2-01,0,1
1291,84:D4:7E:06:4F:E0,eduroam,60,65.37533926963806,B2-01,0,1
1292,84:D4:7E:06:4F:E1,PoliSemFio,69,65.37533926963806,B2-01,0,1
1293,84:D4:7E:06:4F:E2,,67,65.37533926963806,B2-01,0,1
1294,84:D4:7E:06:4F:F0,eduroam,42,65.37533926963806,B2-01,0,1
1295,84:D4:7E:06:4F:F1,PoliSemFio,42,65.37533926963806,B2-01,0,1
1296,84:D4:7E:06:4F:F2,,40,65.37533926963806,B2-01,0,1
1297,B0:4E:26:4B:84:C2,C2-01,34,65.37533926963806,B2-01,0,1
1298,B6:4E:26:4B:84:C2,C2-01-Guest,35,65.37533926963806,B2-01,0,1
1299,DC:9F:DB:1C:1F:D7,LWN-3,24,65.37533926963806,B2-01,0,1
1300,DE:9F:DB:1C:1F:D7,LARC Guest,27,65.37533926963806,B2-01,0,1
1301,DE:9F:DB:1C:1F:E0,LARC Guest,32,65.37533926963806,B2-01,0,1
1302,EE:9F:DB:1C:1F:D7,,29,65.37533926963806,B2-01,0,1
1303,F8:1A:67:99:55:8E,NUCLEAR_CHF,34,65.37533926963806,B2-01,0,1
1304,FE:9F:DB:1C:1F:E0,,37,65.37533926963806,B2-01,0,1
1305,00:18:E7:FF:8C:98,dlink,19,71.62129759788513,B2-01,0,1
1306,00:21:91:70:9D:EC,LAB-DIDATICO,19,71.62129759788513,B2-01,0,1
1307,1C:5F:2B:FF:9B:B4,LSA,14,71.62129759788513,B2-01,0,1
1308,30:85:A9:69:F2:E4,PCS-Wireless-C2-22,40,71.62129759788513,B2-01,0,1
1309,34:60:F9:A3:D9:14,GASWIFI-2G_C2,15,71.62129759788513,B2-01,0,1
1310,34:CE:00:51:3E:6F,Lab,44,71.62129759788513,B2-01,0,1
1311,34:CE:00:51:3E:70,Lab_5G,22,71.62129759788513,B2-01,0,1
1312,54:B8:0A:AA:2C:8C,LAB_DIGITAL,37,71.62129759788513,B2-01,0,1
1313,54:B8:0A:AA:2C:8D,PCS-Wireless,37,71.62129759788513,B2-01,0,1
1314,54:F0:B1:A1:18:C0,eduroam,30,71.62129759788513,B2-01,0,1
1315,54:F0:B1:A1:18:C1,PoliSemFio,32,71.62129759788513,B2-01,0,1
1316,54:F0:B1:A1:18:C3,MEZANINO,32,71.62129759788513,B2-01,0,1
1317,54:F0:B1:A1:18:C4,GDLAB,32,71.62129759788513,B2-01,0,1
1318,54:F0:B1:A1:18:C5,LABPAD,32,71.62129759788513,B2-01,0,1
1319,54:F0:B1:A1:18:D0,eduroam,27,71.62129759788513,B2-01,0,1
1320,54:F0:B1:A1:18:D1,PoliSemFio,29,71.62129759788513,B2-01,0,1
1321,54:F0:B1:A1:18:D2,,29,71.62129759788513,B2-01,0,1
1322,54:F0:B1:A1:18:D3,MEZANINO,27,71.62129759788513,B2-01,0,1
1323,54:F0:B1:A1:18:D4,GDLAB,32,71.62129759788513,B2-01,0,1
1324,54:F0:B1:A1:18:D5,LABPAD,32,71.62129759788513,B2-01,0,1
1325,54:F0:B1:A1:58:00,eduroam,34,71.62129759788513,B2-01,0,1
1326,54:F0:B1:A1:58:01,PoliSemFio,35,71.62129759788513,B2-01,0,1
1327,54:F0:B1:A1:58:02,,35,71.62129759788513,B2-01,0,1
1328,54:F0:B1:A1:E5:01,PoliSemFio,27,71.62129759788513,B2-01,0,1
1329,54:F0:B1:A1:E5:02,,32,71.62129759788513,B2-01,0,1
1330,54:F0:B1:A2:56:72,,19,71.62129759788513,B2-01,0,1
1331,54:F0:B1:A2:57:30,eduroam,25,71.62129759788513,B2-01,0,1
1332,54:F0:B1:A2:57:31,PoliSemFio,30,71.62129759788513,B2-01,0,1
1333,54:F0:B1:A2:57:32,,29,71.62129759788513,B2-01,0,1
1334,54:F0:B1:A2:57:33,LCA,25,71.62129759788513,B2-01,0,1
1335,54:F0:B1:BB:5A:80,eduroam,35,71.62129759788513,B2-01,0,1
1336,54:F0:B1:BB:5A:81,PoliSemFio,32,71.62129759788513,B2-01,0,1
1337,54:F0:B1:BB:5A:83,LEP,35,71.62129759788513,B2-01,0,1
1338,54:F0:B1:BB:5A:84,,32,71.62129759788513,B2-01,0,1
1339,54:F0:B1:BB:92:C0,eduroam,24,71.62129759788513,B2-01,0,1
1340,54:F0:B1:BB:92:C2,,27,71.62129759788513,B2-01,0,1
1341,54:F0:B1:BB:BE:10,eduroam,15,71.62129759788513,B2-01,0,1
1342,54:F0:B1:BB:C4:D0,eduroam,50,71.62129759788513,B2-01,0,1
1343,54:F0:B1:BB:C4:D1,PoliSemFio,50,71.62129759788513,B2-01,0,1
1344,54:F0:B1:BB:C4:D2,,50,71.62129759788513,B2-01,0,1
1345,54:F0:B1:BB:C4:F0,eduroam,34,71.62129759788513,B2-01,0,1
1346,54:F0:B1:BB:C4:F1,PoliSemFio,40,71.62129759788513,B2-01,0,1
1347,54:F0:B1:BB:F3:20,eduroam,27,71.62129759788513,B2-01,0,1
1348,54:F0:B1:BB:F3:21,PoliSemFio,25,71.62129759788513,B2-01,0,1
1349,54:F0:B1:BB:F3:22,,25,71.62129759788513,B2-01,0,1
1350,54:F0:B1:BB:FD:D0,eduroam,14,71.62129759788513,B2-01,0,1
1351,54:F0:B1:BC:09:40,eduroam,92,71.62129759788513,B2-01,0,1
1352,54:F0:B1:BC:09:41,PoliSemFio,87,71.62129759788513,B2-01,0,1
1353,54:F0:B1:BC:09:42,,87,71.62129759788513,B2-01,0,1
1354,54:F0:B1:BC:09:60,eduroam,74,71.62129759788513,B2-01,0,1
1355,54:F0:B1:BC:09:61,PoliSemFio,80,71.62129759788513,B2-01,0,1
1356,54:F0:B1:BC:1B:D0,eduroam,39,71.62129759788513,B2-01,0,1
1357,54:F0:B1:BC:1B:D1,PoliSemFio,50,71.62129759788513,B2-01,0,1
1358,54:F0:B1:BC:1B:D2,,47,71.62129759788513,B2-01,0,1
1359,54:F0:B1:BC:1B:F0,eduroam,25,71.62129759788513,B2-01,0,1
1360,54:F0:B1:BC:1B:F1,PoliSemFio,27,71.62129759788513,B2-01,0,1
1361,54:F0:B1:BC:1B:F2,,27,71.62129759788513,B2-01,0,1
1362,54:F0:B1:BC:2E:90,eduroam,62,71.62129759788513,B2-01,0,1
1363,54:F0:B1:BC:2E:91,PoliSemFio,54,71.62129759788513,B2-01,0,1
1364,54:F0:B1:BC:2E:B0,eduroam,35,71.62129759788513,B2-01,0,1
1365,54:F0:B1:BC:2E:B1,PoliSemFio,35,71.62129759788513,B2-01,0,1
1366,54:F0:B1:BC:3F:10,eduroam,29,71.62129759788513,B2-01,0,1
1367,54:F0:B1:BC:70:00,eduroam,59,71.62129759788513,B2-01,0,1
1368,54:F0:B1:BC:70:01,PoliSemFio,50,71.62129759788513,B2-01,0,1
1369,54:F0:B1:BC:70:02,,44,71.62129759788513,B2-01,0,1
1370,54:F0:B1:BC:70:20,eduroam,14,71.62129759788513,B2-01,0,1
1371,54:F0:B1:BC:70:21,PoliSemFio,15,71.62129759788513,B2-01,0,1
1372,54:F0:B1:BC:77:80,eduroam,59,71.62129759788513,B2-01,0,1
1373,54:F0:B1:BC:77:81,PoliSemFio,37,71.62129759788513,B2-01,0,1
1374,54:F0:B1:BC:77:82,,34,71.62129759788513,B2-01,0,1
1375,54:F0:B1:BC:77:A0,eduroam,20,71.62129759788513,B2-01,0,1
1376,54:F0:B1:BC:77:A1,PoliSemFio,20,71.62129759788513,B2-01,0,1
1377,54:F0:B1:BC:8F:20,eduroam,19,71.62129759788513,B2-01,0,1
1378,68:FF:7B:47:78:BE,C1-22M,25,71.62129759788513,B2-01,0,1
1379,6C:D7:76:B2:5B:FA,Android123,37,71.62129759788513,B2-01,0,1
1380,70:62:B8:6E:72:A0,PCS-wireless-C1-13,35,71.62129759788513,B2-01,0,1
1381,70:62:B8:6E:72:A1,PPGEE,35,71.62129759788513,B2-01,0,1
1382,84:D4:7E:06:4F:E0,eduroam,72,71.62129759788513,B2-01,0,1
1383,84:D4:7E:06:4F:E1,PoliSemFio,60,71.62129759788513,B2-01,0,1
1384,84:D4:7E:06:4F:E2,,60,71.62129759788513,B2-01,0,1
1385,84:D4:7E:06:4F:F0,eduroam,37,71.62129759788513,B2-01,0,1
1386,84:D4:7E:06:4F:F1,PoliSemFio,37,71.62129759788513,B2-01,0,1
1387,84:D4:7E:06:4F:F2,,40,71.62129759788513,B2-01,0,1
1388,B0:4E:26:4B:84:C2,C2-01,34,71.62129759788513,B2-01,0,1
1389,B6:4E:26:4B:84:C2,C2-01-Guest,35,71.62129759788513,B2-01,0,1
1390,DC:9F:DB:1C:1F:D7,LWN-3,24,71.62129759788513,B2-01,0,1
1391,DC:9F:DB:1C:1F:E0,LWN-3,29,71.62129759788513,B2-01,0,1
1392,DE:9F:DB:1C:1F:D7,LARC Guest,27,71.62129759788513,B2-01,0,1
1393,DE:9F:DB:1C:1F:E0,LARC Guest,29,71.62129759788513,B2-01,0,1
1394,EE:9F:DB:1C:1F:D7,,29,71.62129759788513,B2-01,0,1
1395,EE:9F:DB:1C:1F:E0,,32,71.62129759788513,B2-01,0,1
1396,F8:1A:67:99:55:8E,NUCLEAR_CHF,32,71.62129759788513,B2-01,0,1
1397,FE:9F:DB:1C:1F:E0,,37,71.62129759788513,B2-01,0,1
1398,00:18:E7:FF:8C:98,dlink,30,77.88062977790833,B2-01,0,1
1399,1C:5F:2B:FF:9B:B4,LSA,14,77.88062977790833,B2-01,0,1
1400,30:85:A9:69:F2:E4,PCS-Wireless-C2-22,40,77.88062977790833,B2-01,0,1
1401,34:60:F9:A3:D9:14,GASWIFI-2G_C2,25,77.88062977790833,B2-01,0,1
1402,34:CE:00:51:3E:6F,Lab,40,77.88062977790833,B2-01,0,1
1403,34:CE:00:51:3E:70,Lab_5G,12,77.88062977790833,B2-01,0,1
1404,54:B8:0A:AA:2C:8C,LAB_DIGITAL,25,77.88062977790833,B2-01,0,1
1405,54:B8:0A:AA:2C:8D,PCS-Wireless,29,77.88062977790833,B2-01,0,1
1406,54:F0:B1:A1:18:C0,eduroam,30,77.88062977790833,B2-01,0,1
1407,54:F0:B1:A1:18:C1,PoliSemFio,32,77.88062977790833,B2-01,0,1
1408,54:F0:B1:A1:18:C3,MEZANINO,32,77.88062977790833,B2-01,0,1
1409,54:F0:B1:A1:18:C4,GDLAB,32,77.88062977790833,B2-01,0,1
1410,54:F0:B1:A1:18:C5,LABPAD,32,77.88062977790833,B2-01,0,1
1411,54:F0:B1:A1:18:D0,eduroam,34,77.88062977790833,B2-01,0,1
1412,54:F0:B1:A1:18:D1,PoliSemFio,29,77.88062977790833,B2-01,0,1
1413,54:F0:B1:A1:18:D2,,29,77.88062977790833,B2-01,0,1
1414,54:F0:B1:A1:18:D3,MEZANINO,27,77.88062977790833,B2-01,0,1
1415,54:F0:B1:A1:18:D4,GDLAB,30,77.88062977790833,B2-01,0,1
1416,54:F0:B1:A1:18:D5,LABPAD,29,77.88062977790833,B2-01,0,1
1417,54:F0:B1:A1:58:00,eduroam,24,77.88062977790833,B2-01,0,1
1418,54:F0:B1:A1:58:01,PoliSemFio,30,77.88062977790833,B2-01,0,1
1419,54:F0:B1:A1:58:02,,30,77.88062977790833,B2-01,0,1
1420,54:F0:B1:A1:E5:02,,32,77.88062977790833,B2-01,0,1
1421,54:F0:B1:A2:56:72,,19,77.88062977790833,B2-01,0,1
1422,54:F0:B1:A2:57:30,eduroam,25,77.88062977790833,B2-01,0,1
1423,54:F0:B1:A2:57:31,PoliSemFio,30,77.88062977790833,B2-01,0,1
1424,54:F0:B1:A2:57:32,,29,77.88062977790833,B2-01,0,1
1425,54:F0:B1:A2:57:33,LCA,25,77.88062977790833,B2-01,0,1
1426,54:F0:B1:BB:5A:80,eduroam,35,77.88062977790833,B2-01,0,1
1427,54:F0:B1:BB:5A:81,PoliSemFio,30,77.88062977790833,B2-01,0,1
1428,54:F0:B1:BB:5A:83,LEP,24,77.88062977790833,B2-01,0,1
1429,54:F0:B1:BB:5A:84,,29,77.88062977790833,B2-01,0,1
1430,54:F0:B1:BB:92:C0,eduroam,24,77.88062977790833,B2-01,0,1
1431,54:F0:B1:BB:92:C2,,27,77.88062977790833,B2-01,0,1
1432,54:F0:B1:BB:BE:10,eduroam,15,77.88062977790833,B2-01,0,1
1433,54:F0:B1:BB:C4:D0,eduroam,50,77.88062977790833,B2-01,0,1
1434,54:F0:B1:BB:C4:D1,PoliSemFio,50,77.88062977790833,B2-01,0,1
1435,54:F0:B1:BB:C4:D2,,52,77.88062977790833,B2-01,0,1
1436,54:F0:B1:BB:C4:F0,eduroam,30,77.88062977790833,B2-01,0,1
1437,54:F0:B1:BB:C4:F1,PoliSemFio,40,77.88062977790833,B2-01,0,1
1438,54:F0:B1:BB:F3:20,eduroam,24,77.88062977790833,B2-01,0,1
1439,54:F0:B1:BB:F3:21,PoliSemFio,25,77.88062977790833,B2-01,0,1
1440,54:F0:B1:BB:F3:22,,25,77.88062977790833,B2-01,0,1
1441,54:F0:B1:BB:FD:D0,eduroam,14,77.88062977790833,B2-01,0,1
1442,54:F0:B1:BC:09:40,eduroam,82,77.88062977790833,B2-01,0,1
1443,54:F0:B1:BC:09:41,PoliSemFio,92,77.88062977790833,B2-01,0,1
1444,54:F0:B1:BC:09:42,,92,77.88062977790833,B2-01,0,1
1445,54:F0:B1:BC:09:60,eduroam,89,77.88062977790833,B2-01,0,1
1446,54:F0:B1:BC:09:61,PoliSemFio,89,77.88062977790833,B2-01,0,1
1447,54:F0:B1:BC:1B:D0,eduroam,39,77.88062977790833,B2-01,0,1
1448,54:F0:B1:BC:1B:D1,PoliSemFio,50,77.88062977790833,B2-01,0,1
1449,54:F0:B1:BC:1B:D2,,47,77.88062977790833,B2-01,0,1
1450,54:F0:B1:BC:1B:F0,eduroam,19,77.88062977790833,B2-01,0,1
1451,54:F0:B1:BC:1B:F1,PoliSemFio,20,77.88062977790833,B2-01,0,1
1452,54:F0:B1:BC:1B:F2,,27,77.88062977790833,B2-01,0,1
1453,54:F0:B1:BC:2E:90,eduroam,62,77.88062977790833,B2-01,0,1
1454,54:F0:B1:BC:2E:91,PoliSemFio,54,77.88062977790833,B2-01,0,1
1455,54:F0:B1:BC:2E:B0,eduroam,17,77.88062977790833,B2-01,0,1
1456,54:F0:B1:BC:2E:B1,PoliSemFio,19,77.88062977790833,B2-01,0,1
1457,54:F0:B1:BC:3F:10,eduroam,29,77.88062977790833,B2-01,0,1
1458,54:F0:B1:BC:70:00,eduroam,54,77.88062977790833,B2-01,0,1
1459,54:F0:B1:BC:70:01,PoliSemFio,47,77.88062977790833,B2-01,0,1
1460,54:F0:B1:BC:70:02,,47,77.88062977790833,B2-01,0,1
1461,54:F0:B1:BC:70:20,eduroam,14,77.88062977790833,B2-01,0,1
1462,54:F0:B1:BC:70:21,PoliSemFio,15,77.88062977790833,B2-01,0,1
1463,54:F0:B1:BC:77:80,eduroam,30,77.88062977790833,B2-01,0,1
1464,54:F0:B1:BC:77:81,PoliSemFio,35,77.88062977790833,B2-01,0,1
1465,54:F0:B1:BC:77:82,,34,77.88062977790833,B2-01,0,1
1466,54:F0:B1:BC:77:A0,eduroam,29,77.88062977790833,B2-01,0,1
1467,54:F0:B1:BC:77:A1,PoliSemFio,30,77.88062977790833,B2-01,0,1
1468,68:FF:7B:47:78:BE,C1-22M,34,77.88062977790833,B2-01,0,1
1469,6C:D7:76:B2:5B:FA,Android123,37,77.88062977790833,B2-01,0,1
1470,70:62:B8:6E:72:A0,PCS-wireless-C1-13,34,77.88062977790833,B2-01,0,1
1471,70:62:B8:6E:72:A1,PPGEE,35,77.88062977790833,B2-01,0,1
1472,84:D4:7E:06:4F:E0,eduroam,69,77.88062977790833,B2-01,0,1
1473,84:D4:7E:06:4F:E1,PoliSemFio,69,77.88062977790833,B2-01,0,1
1474,84:D4:7E:06:4F:E2,,67,77.88062977790833,B2-01,0,1
1475,84:D4:7E:06:4F:F0,eduroam,34,77.88062977790833,B2-01,0,1
1476,84:D4:7E:06:4F:F1,PoliSemFio,34,77.88062977790833,B2-01,0,1
1477,84:D4:7E:06:4F:F2,,40,77.88062977790833,B2-01,0,1
1478,B6:4E:26:4B:84:C2,C2-01-Guest,35,77.88062977790833,B2-01,0,1
1479,DC:9F:DB:1C:1F:D7,LWN-3,24,77.88062977790833,B2-01,0,1
1480,DC:9F:DB:1C:1F:E0,LWN-3,29,77.88062977790833,B2-01,0,1
1481,DE:9F:DB:1C:1F:D7,LARC Guest,27,77.88062977790833,B2-01,0,1
1482,DE:9F:DB:1C:1F:E0,LARC Guest,29,77.88062977790833,B2-01,0,1
1483,EE:9F:DB:1C:1F:D7,,29,77.88062977790833,B2-01,0,1
1484,EE:9F:DB:1C:1F:E0,,32,77.88062977790833,B2-01,0,1
1485,F8:1A:67:99:55:8E,NUCLEAR_CHF,32,77.88062977790833,B2-01,0,1
1486,FE:9F:DB:1C:1F:E0,,37,77.88062977790833,B2-01,0,1
1487,00:18:E7:FF:8C:98,dlink,30,84.11931157112122,B2-01,0,1
1488,1C:5F:2B:FF:9B:B4,LSA,14,84.11931157112122,B2-01,0,1
1489,30:85:A9:69:F2:E4,PCS-Wireless-C2-22,40,84.11931157112122,B2-01,0,1
1490,34:60:F9:A3:D9:14,GASWIFI-2G_C2,25,84.11931157112122,B2-01,0,1
1491,34:CE:00:51:3E:6F,Lab,40,84.11931157112122,B2-01,0,1
1492,34:CE:00:51:3E:70,Lab_5G,12,84.11931157112122,B2-01,0,1
1493,54:B8:0A:AA:2C:8C,LAB_DIGITAL,25,84.11931157112122,B2-01,0,1
1494,54:B8:0A:AA:2C:8D,PCS-Wireless,29,84.11931157112122,B2-01,0,1
1495,54:F0:B1:A1:18:C0,eduroam,30,84.11931157112122,B2-01,0,1
1496,54:F0:B1:A1:18:C1,PoliSemFio,32,84.11931157112122,B2-01,0,1
1497,54:F0:B1:A1:18:C3,MEZANINO,32,84.11931157112122,B2-01,0,1
1498,54:F0:B1:A1:18:C4,GDLAB,32,84.11931157112122,B2-01,0,1
1499,54:F0:B1:A1:18:C5,LABPAD,32,84.11931157112122,B2-01,0,1
1500,54:F0:B1:A1:18:D0,eduroam,34,84.11931157112122,B2-01,0,1
1501,54:F0:B1:A1:18:D1,PoliSemFio,29,84.11931157112122,B2-01,0,1
1502,54:F0:B1:A1:18:D2,,29,84.11931157112122,B2-01,0,1
1503,54:F0:B1:A1:18:D3,MEZANINO,27,84.11931157112122,B2-01,0,1
1504,54:F0:B1:A1:18:D4,GDLAB,30,84.11931157112122,B2-01,0,1
1505,54:F0:B1:A1:18:D5,LABPAD,29,84.11931157112122,B2-01,0,1
1506,54:F0:B1:A1:58:00,eduroam,24,84.11931157112122,B2-01,0,1
1507,54:F0:B1:A1:58:01,PoliSemFio,30,84.11931157112122,B2-01,0,1
1508,54:F0:B1:A1:58:02,,30,84.11931157112122,B2-01,0,1
1509,54:F0:B1:A1:E5:02,,32,84.11931157112122,B2-01,0,1
1510,54:F0:B1:A2:56:72,,19,84.11931157112122,B2-01,0,1
1511,54:F0:B1:A2:57:30,eduroam,25,84.11931157112122,B2-01,0,1
1512,54:F0:B1:A2:57:31,PoliSemFio,30,84.11931157112122,B2-01,0,1
1513,54:F0:B1:A2:57:32,,29,84.11931157112122,B2-01,0,1
1514,54:F0:B1:A2:57:33,LCA,25,84.11931157112122,B2-01,0,1
1515,54:F0:B1:BB:5A:80,eduroam,35,84.11931157112122,B2-01,0,1
1516,54:F0:B1:BB:5A:81,PoliSemFio,30,84.11931157112122,B2-01,0,1
1517,54:F0:B1:BB:5A:83,LEP,24,84.11931157112122,B2-01,0,1
1518,54:F0:B1:BB:5A:84,,29,84.11931157112122,B2-01,0,1
1519,54:F0:B1:BB:92:C0,eduroam,24,84.11931157112122,B2-01,0,1
1520,54:F0:B1:BB:92:C2,,27,84.11931157112122,B2-01,0,1
1521,54:F0:B1:BB:BE:10,eduroam,15,84.11931157112122,B2-01,0,1
1522,54:F0:B1:BB:C4:D0,eduroam,50,84.11931157112122,B2-01,0,1
1523,54:F0:B1:BB:C4:D1,PoliSemFio,50,84.11931157112122,B2-01,0,1
1524,54:F0:B1:BB:C4:D2,,52,84.11931157112122,B2-01,0,1
1525,54:F0:B1:BB:C4:F0,eduroam,30,84.11931157112122,B2-01,0,1
1526,54:F0:B1:BB:C4:F1,PoliSemFio,40,84.11931157112122,B2-01,0,1
1527,54:F0:B1:BB:F3:20,eduroam,24,84.11931157112122,B2-01,0,1
1528,54:F0:B1:BB:F3:21,PoliSemFio,25,84.11931157112122,B2-01,0,1
1529,54:F0:B1:BB:F3:22,,25,84.11931157112122,B2-01,0,1
1530,54:F0:B1:BB:FD:D0,eduroam,14,84.11931157112122,B2-01,0,1
1531,54:F0:B1:BC:09:40,eduroam,82,84.11931157112122,B2-01,0,1
1532,54:F0:B1:BC:09:41,PoliSemFio,92,84.11931157112122,B2-01,0,1
1533,54:F0:B1:BC:09:42,,92,84.11931157112122,B2-01,0,1
1534,54:F0:B1:BC:09:60,eduroam,76,84.11931157112122,B2-01,0,1
1535,54:F0:B1:BC:09:61,PoliSemFio,89,84.11931157112122,B2-01,0,1
1536,54:F0:B1:BC:1B:D0,eduroam,39,84.11931157112122,B2-01,0,1
1537,54:F0:B1:BC:1B:D1,PoliSemFio,50,84.11931157112122,B2-01,0,1
1538,54:F0:B1:BC:1B:D2,,47,84.11931157112122,B2-01,0,1
1539,54:F0:B1:BC:1B:F0,eduroam,19,84.11931157112122,B2-01,0,1
1540,54:F0:B1:BC:1B:F1,PoliSemFio,20,84.11931157112122,B2-01,0,1
1541,54:F0:B1:BC:1B:F2,,27,84.11931157112122,B2-01,0,1
1542,54:F0:B1:BC:2E:90,eduroam,62,84.11931157112122,B2-01,0,1
1543,54:F0:B1:BC:2E:91,PoliSemFio,54,84.11931157112122,B2-01,0,1
1544,54:F0:B1:BC:2E:B0,eduroam,17,84.11931157112122,B2-01,0,1
1545,54:F0:B1:BC:2E:B1,PoliSemFio,19,84.11931157112122,B2-01,0,1
1546,54:F0:B1:BC:3F:10,eduroam,29,84.11931157112122,B2-01,0,1
1547,54:F0:B1:BC:70:00,eduroam,54,84.11931157112122,B2-01,0,1
1548,54:F0:B1:BC:70:01,PoliSemFio,47,84.11931157112122,B2-01,0,1
1549,54:F0:B1:BC:70:02,,47,84.11931157112122,B2-01,0,1
1550,54:F0:B1:BC:70:20,eduroam,14,84.11931157112122,B2-01,0,1
1551,54:F0:B1:BC:70:21,PoliSemFio,15,84.11931157112122,B2-01,0,1
1552,54:F0:B1:BC:77:80,eduroam,30,84.11931157112122,B2-01,0,1
1553,54:F0:B1:BC:77:81,PoliSemFio,35,84.11931157112122,B2-01,0,1
1554,54:F0:B1:BC:77:82,,34,84.11931157112122,B2-01,0,1
1555,54:F0:B1:BC:77:A0,eduroam,29,84.11931157112122,B2-01,0,1
1556,54:F0:B1:BC:77:A1,PoliSemFio,30,84.11931157112122,B2-01,0,1
1557,68:FF:7B:47:78:BE,C1-22M,34,84.11931157112122,B2-01,0,1
1558,6C:D7:76:B2:5B:FA,Android123,37,84.11931157112122,B2-01,0,1
1559,70:62:B8:6E:72:A0,PCS-wireless-C1-13,34,84.11931157112122,B2-01,0,1
1560,70:62:B8:6E:72:A1,PPGEE,35,84.11931157112122,B2-01,0,1
1561,84:D4:7E:06:4F:E0,eduroam,69,84.11931157112122,B2-01,0,1
1562,84:D4:7E:06:4F:E1,PoliSemFio,69,84.11931157112122,B2-01,0,1
1563,84:D4:7E:06:4F:E2,,67,84.11931157112122,B2-01,0,1
1564,84:D4:7E:06:4F:F0,eduroam,34,84.11931157112122,B2-01,0,1
1565,84:D4:7E:06:4F:F1,PoliSemFio,34,84.11931157112122,B2-01,0,1
1566,84:D4:7E:06:4F:F2,,40,84.11931157112122,B2-01,0,1
1567,B6:4E:26:4B:84:C2,C2-01-Guest,35,84.11931157112122,B2-01,0,1
1568,DC:9F:DB:1C:1F:D7,LWN-3,24,84.11931157112122,B2-01,0,1
1569,DC:9F:DB:1C:1F:E0,LWN-3,29,84.11931157112122,B2-01,0,1
1570,DE:9F:DB:1C:1F:D7,LARC Guest,27,84.11931157112122,B2-01,0,1
1571,DE:9F:DB:1C:1F:E0,LARC Guest,29,84.11931157112122,B2-01,0,1
1572,EE:9F:DB:1C:1F:D7,,29,84.11931157112122,B2-01,0,1
1573,EE:9F:DB:1C:1F:E0,,32,84.11931157112122,B2-01,0,1
1574,F8:1A:67:99:55:8E,NUCLEAR_CHF,32,84.11931157112122,B2-01,0,1
1575,FE:9F:DB:1C:1F:E0,,37,84.11931157112122,B2-01,0,1
1576,00:18:E7:FF:8C:98,dlink,27,86.74539709091187,B2-01,0,1
1577,1C:5F:2B:FF:9B:B4,LSA,14,86.74539709091187,B2-01,0,1
1578,30:85:A9:69:F2:E4,PCS-Wireless-C2-22,40,86.74539709091187,B2-01,0,1
1579,34:60:F9:A3:D9:14,GASWIFI-2G_C2,25,86.74539709091187,B2-01,0,1
1580,34:CE:00:51:3E:6F,Lab,25,86.74539709091187,B2-01,0,1
1581,34:CE:00:51:3E:70,Lab_5G,10,86.74539709091187,B2-01,0,1
1582,54:B8:0A:AA:2C:8C,LAB_DIGITAL,32,86.74539709091187,B2-01,0,1
1583,54:B8:0A:AA:2C:8D,PCS-Wireless,29,86.74539709091187,B2-01,0,1
1584,54:F0:B1:A1:18:C0,eduroam,20,86.74539709091187,B2-01,0,1
1585,54:F0:B1:A1:18:C1,PoliSemFio,20,86.74539709091187,B2-01,0,1
1586,54:F0:B1:A1:18:C3,MEZANINO,20,86.74539709091187,B2-01,0,1
1587,54:F0:B1:A1:18:C4,GDLAB,20,86.74539709091187,B2-01,0,1
1588,54:F0:B1:A1:18:C5,LABPAD,20,86.74539709091187,B2-01,0,1
1589,54:F0:B1:A1:18:D0,eduroam,34,86.74539709091187,B2-01,0,1
1590,54:F0:B1:A1:18:D1,PoliSemFio,29,86.74539709091187,B2-01,0,1
1591,54:F0:B1:A1:18:D2,,40,86.74539709091187,B2-01,0,1
1592,54:F0:B1:A1:18:D3,MEZANINO,42,86.74539709091187,B2-01,0,1
1593,54:F0:B1:A1:18:D4,GDLAB,39,86.74539709091187,B2-01,0,1
1594,54:F0:B1:A1:18:D5,LABPAD,29,86.74539709091187,B2-01,0,1
1595,54:F0:B1:A1:57:F0,eduroam,12,86.74539709091187,B2-01,0,1
1596,54:F0:B1:A1:57:F1,PoliSemFio,9,86.74539709091187,B2-01,0,1
1597,54:F0:B1:A1:57:F2,,12,86.74539709091187,B2-01,0,1
1598,54:F0:B1:A1:58:00,eduroam,30,86.74539709091187,B2-01,0,1
1599,54:F0:B1:A1:58:01,PoliSemFio,40,86.74539709091187,B2-01,0,1
1600,54:F0:B1:A1:58:02,,40,86.74539709091187,B2-01,0,1
1601,54:F0:B1:A1:E5:02,,32,86.74539709091187,B2-01,0,1
1602,54:F0:B1:A2:4A:70,eduroam,9,86.74539709091187,B2-01,0,1
1603,54:F0:B1:A2:56:72,,30,86.74539709091187,B2-01,0,1
1604,54:F0:B1:A2:57:30,eduroam,27,86.74539709091187,B2-01,0,1
1605,54:F0:B1:A2:57:31,PoliSemFio,30,86.74539709091187,B2-01,0,1
1606,54:F0:B1:A2:57:32,,29,86.74539709091187,B2-01,0,1
1607,54:F0:B1:A2:57:33,LCA,25,86.74539709091187,B2-01,0,1
1608,54:F0:B1:BB:5A:80,eduroam,35,86.74539709091187,B2-01,0,1
1609,54:F0:B1:BB:5A:81,PoliSemFio,30,86.74539709091187,B2-01,0,1
1610,54:F0:B1:BB:5A:82,HACKER,19,86.74539709091187,B2-01,0,1
1611,54:F0:B1:BB:5A:83,LEP,24,86.74539709091187,B2-01,0,1
1612,54:F0:B1:BB:5A:84,,29,86.74539709091187,B2-01,0,1
1613,54:F0:B1:BB:84:B2,,22,86.74539709091187,B2-01,0,1
1614,54:F0:B1:BB:92:C0,eduroam,24,86.74539709091187,B2-01,0,1
1615,54:F0:B1:BB:92:C2,,27,86.74539709091187,B2-01,0,1
1616,54:F0:B1:BB:BE:10,eduroam,10,86.74539709091187,B2-01,0,1
1617,54:F0:B1:BB:C4:D0,eduroam,50,86.74539709091187,B2-01,0,1
1618,54:F0:B1:BB:C4:D1,PoliSemFio,50,86.74539709091187,B2-01,0,1
1619,54:F0:B1:BB:C4:D2,,52,86.74539709091187,B2-01,0,1
1620,54:F0:B1:BB:C4:F0,eduroam,40,86.74539709091187,B2-01,0,1
1621,54:F0:B1:BB:C4:F1,PoliSemFio,40,86.74539709091187,B2-01,0,1
1622,54:F0:B1:BB:CD:A0,eduroam,12,86.74539709091187,B2-01,0,1
1623,54:F0:B1:BB:F3:20,eduroam,24,86.74539709091187,B2-01,0,1
1624,54:F0:B1:BB:F3:21,PoliSemFio,25,86.74539709091187,B2-01,0,1
1625,54:F0:B1:BB:F3:22,,25,86.74539709091187,B2-01,0,1
1626,54:F0:B1:BB:FD:D0,eduroam,14,86.74539709091187,B2-01,0,1
1627,54:F0:B1:BC:09:40,eduroam,97,86.74539709091187,B2-01,0,1
1628,54:F0:B1:BC:09:41,PoliSemFio,100,86.74539709091187,B2-01,0,1
1629,54:F0:B1:BC:09:42,,100,86.74539709091187,B2-01,0,1
1630,54:F0:B1:BC:09:60,eduroam,85,86.74539709091187,B2-01,0,1
1631,54:F0:B1:BC:09:61,PoliSemFio,85,86.74539709091187,B2-01,0,1
1632,54:F0:B1:BC:1B:D0,eduroam,39,86.74539709091187,B2-01,0,1
1633,54:F0:B1:BC:1B:D1,PoliSemFio,50,86.74539709091187,B2-01,0,1
1634,54:F0:B1:BC:1B:D2,,47,86.74539709091187,B2-01,0,1
1635,54:F0:B1:BC:1B:F0,eduroam,30,86.74539709091187,B2-01,0,1
1636,54:F0:B1:BC:1B:F1,PoliSemFio,30,86.74539709091187,B2-01,0,1
1637,54:F0:B1:BC:1B:F2,,27,86.74539709091187,B2-01,0,1
1638,54:F0:B1:BC:2E:90,eduroam,62,86.74539709091187,B2-01,0,1
1639,54:F0:B1:BC:2E:91,PoliSemFio,54,86.74539709091187,B2-01,0,1
1640,54:F0:B1:BC:2E:92,,74,86.74539709091187,B2-01,0,1
1641,54:F0:B1:BC:2E:B0,eduroam,40,86.74539709091187,B2-01,0,1
1642,54:F0:B1:BC:2E:B1,PoliSemFio,40,86.74539709091187,B2-01,0,1
1643,54:F0:B1:BC:36:10,PoliSemFio,19,86.74539709091187,B2-01,0,1
1644,54:F0:B1:BC:3F:10,eduroam,29,86.74539709091187,B2-01,0,1
1645,54:F0:B1:BC:70:00,eduroam,45,86.74539709091187,B2-01,0,1
1646,54:F0:B1:BC:70:01,PoliSemFio,45,86.74539709091187,B2-01,0,1
1647,54:F0:B1:BC:70:02,,47,86.74539709091187,B2-01,0,1
1648,54:F0:B1:BC:70:20,eduroam,20,86.74539709091187,B2-01,0,1
1649,54:F0:B1:BC:70:21,PoliSemFio,19,86.74539709091187,B2-01,0,1
1650,54:F0:B1:BC:77:80,eduroam,55,86.74539709091187,B2-01,0,1
1651,54:F0:B1:BC:77:81,PoliSemFio,54,86.74539709091187,B2-01,0,1
1652,54:F0:B1:BC:77:82,,54,86.74539709091187,B2-01,0,1
1653,54:F0:B1:BC:77:A0,eduroam,29,86.74539709091187,B2-01,0,1
1654,54:F0:B1:BC:77:A1,PoliSemFio,30,86.74539709091187,B2-01,0,1
1655,54:F0:B1:BC:8F:20,eduroam,24,86.74539709091187,B2-01,0,1
1656,54:F0:B1:BC:8F:21,PoliSemFio,27,86.74539709091187,B2-01,0,1
1657,54:F0:B1:BC:8F:22,,25,86.74539709091187,B2-01,0,1
1658,68:FF:7B:47:78:BE,C1-22M,44,86.74539709091187,B2-01,0,1
1659,6C:D7:76:B2:5B:FA,Android123,37,86.74539709091187,B2-01,0,1
1660,70:62:B8:6E:72:A0,PCS-wireless-C1-13,39,86.74539709091187,B2-01,0,1
1661,70:62:B8:6E:72:A1,PPGEE,35,86.74539709091187,B2-01,0,1
1662,84:D4:7E:06:4F:E0,eduroam,52,86.74539709091187,B2-01,0,1
1663,84:D4:7E:06:4F:E1,PoliSemFio,69,86.74539709091187,B2-01,0,1
1664,84:D4:7E:06:4F:E2,,67,86.74539709091187,B2-01,0,1
1665,84:D4:7E:06:4F:F0,eduroam,29,86.74539709091187,B2-01,0,1
1666,84:D4:7E:06:4F:F1,PoliSemFio,29,86.74539709091187,B2-01,0,1
1667,84:D4:7E:06:4F:F2,,40,86.74539709091187,B2-01,0,1
1668,B6:4E:26:4B:84:C2,C2-01-Guest,35,86.74539709091187,B2-01,0,1
1669,DC:9F:DB:1C:1F:D7,LWN-3,24,86.74539709091187,B2-01,0,1
1670,DC:9F:DB:1C:1F:E0,LWN-3,29,86.74539709091187,B2-01,0,1
1671,DE:9F:DB:1C:1F:D7,LARC Guest,27,86.74539709091187,B2-01,0,1
1672,DE:9F:DB:1C:1F:E0,LARC Guest,24,86.74539709091187,B2-01,0,1
1673,EE:9F:DB:1C:1F:D7,,29,86.74539709091187,B2-01,0,1
1674,EE:9F:DB:1C:1F:E0,,32,86.74539709091187,B2-01,0,1
1675,F8:1A:67:99:55:8E,NUCLEAR_CHF,32,86.74539709091187,B2-01,0,1
1676,00:18:E7:FF:8C:98,dlink,27,89.38139128684998,B2-01,0,1
1677,1C:5F:2B:FF:9B:B4,LSA,14,89.38139128684998,B2-01,0,1
1678,30:85:A9:69:F2:E4,PCS-Wireless-C2-22,40,89.38139128684998,B2-01,0,1
1679,34:60:F9:A3:D9:14,GASWIFI-2G_C2,25,89.38139128684998,B2-01,0,1
1680,34:CE:00:51:3E:6F,Lab,25,89.38139128684998,B2-01,0,1
1681,34:CE:00:51:3E:70,Lab_5G,10,89.38139128684998,B2-01,0,1
1682,54:B8:0A:AA:2C:8C,LAB_DIGITAL,32,89.38139128684998,B2-01,0,1
1683,54:B8:0A:AA:2C:8D,PCS-Wireless,29,89.38139128684998,B2-01,0,1
1684,54:F0:B1:A1:18:C0,eduroam,20,89.38139128684998,B2-01,0,1
1685,54:F0:B1:A1:18:C1,PoliSemFio,20,89.38139128684998,B2-01,0,1
1686,54:F0:B1:A1:18:C3,MEZANINO,20,89.38139128684998,B2-01,0,1
1687,54:F0:B1:A1:18:C4,GDLAB,20,89.38139128684998,B2-01,0,1
1688,54:F0:B1:A1:18:C5,LABPAD,20,89.38139128684998,B2-01,0,1
1689,54:F0:B1:A1:18:D0,eduroam,34,89.38139128684998,B2-01,0,1
1690,54:F0:B1:A1:18:D1,PoliSemFio,29,89.38139128684998,B2-01,0,1
1691,54:F0:B1:A1:18:D2,,40,89.38139128684998,B2-01,0,1
1692,54:F0:B1:A1:18:D3,MEZANINO,42,89.38139128684998,B2-01,0,1
1693,54:F0:B1:A1:18:D4,GDLAB,39,89.38139128684998,B2-01,0,1
1694,54:F0:B1:A1:18:D5,LABPAD,29,89.38139128684998,B2-01,0,1
1695,54:F0:B1:A1:57:F0,eduroam,12,89.38139128684998,B2-01,0,1
1696,54:F0:B1:A1:57:F1,PoliSemFio,9,89.38139128684998,B2-01,0,1
1697,54:F0:B1:A1:57:F2,,12,89.38139128684998,B2-01,0,1
1698,54:F0:B1:A1:58:00,eduroam,30,89.38139128684998,B2-01,0,1
1699,54:F0:B1:A1:58:01,PoliSemFio,40,89.38139128684998,B2-01,0,1
1700,54:F0:B1:A1:58:02,,40,89.38139128684998,B2-01,0,1
1701,54:F0:B1:A1:E5:02,,32,89.38139128684998,B2-01,0,1
1702,54:F0:B1:A2:4A:70,eduroam,9,89.38139128684998,B2-01,0,1
1703,54:F0:B1:A2:56:72,,30,89.38139128684998,B2-01,0,1
1704,54:F0:B1:A2:57:30,eduroam,27,89.38139128684998,B2-01,0,1
1705,54:F0:B1:A2:57:31,PoliSemFio,30,89.38139128684998,B2-01,0,1
1706,54:F0:B1:A2:57:32,,29,89.38139128684998,B2-01,0,1
1707,54:F0:B1:A2:57:33,LCA,25,89.38139128684998,B2-01,0,1
1708,54:F0:B1:BB:5A:80,eduroam,35,89.38139128684998,B2-01,0,1
1709,54:F0:B1:BB:5A:81,PoliSemFio,30,89.38139128684998,B2-01,0,1
1710,54:F0:B1:BB:5A:82,HACKER,19,89.38139128684998,B2-01,0,1
1711,54:F0:B1:BB:5A:83,LEP,24,89.38139128684998,B2-01,0,1
1712,54:F0:B1:BB:5A:84,,29,89.38139128684998,B2-01,0,1
1713,54:F0:B1:BB:84:B2,,22,89.38139128684998,B2-01,0,1
1714,54:F0:B1:BB:92:C0,eduroam,24,89.38139128684998,B2-01,0,1
1715,54:F0:B1:BB:92:C2,,27,89.38139128684998,B2-01,0,1
1716,54:F0:B1:BB:BE:10,eduroam,10,89.38139128684998,B2-01,0,1
1717,54:F0:B1:BB:C4:D0,eduroam,50,89.38139128684998,B2-01,0,1
1718,54:F0:B1:BB:C4:D1,PoliSemFio,50,89.38139128684998,B2-01,0,1
1719,54:F0:B1:BB:C4:D2,,52,89.38139128684998,B2-01,0,1
1720,54:F0:B1:BB:C4:F0,eduroam,40,89.38139128684998,B2-01,0,1
1721,54:F0:B1:BB:C4:F1,PoliSemFio,40,89.38139128684998,B2-01,0,1
1722,54:F0:B1:BB:CD:A0,eduroam,12,89.38139128684998,B2-01,0,1
1723,54:F0:B1:BB:F3:20,eduroam,24,89.38139128684998,B2-01,0,1
1724,54:F0:B1:BB:F3:21,PoliSemFio,25,89.38139128684998,B2-01,0,1
1725,54:F0:B1:BB:F3:22,,25,89.38139128684998,B2-01,0,1
1726,54:F0:B1:BB:FD:D0,eduroam,14,89.38139128684998,B2-01,0,1
1727,54:F0:B1:BC:09:40,eduroam,97,89.38139128684998,B2-01,0,1
1728,54:F0:B1:BC:09:41,PoliSemFio,100,89.38139128684998,B2-01,0,1
1729,54:F0:B1:BC:09:42,,100,89.38139128684998,B2-01,0,1
1730,54:F0:B1:BC:09:60,eduroam,82,89.38139128684998,B2-01,0,1
1731,54:F0:B1:BC:09:61,PoliSemFio,85,89.38139128684998,B2-01,0,1
1732,54:F0:B1:BC:1B:D0,eduroam,39,89.38139128684998,B2-01,0,1
1733,54:F0:B1:BC:1B:D1,PoliSemFio,50,89.38139128684998,B2-01,0,1
1734,54:F0:B1:BC:1B:D2,,47,89.38139128684998,B2-01,0,1
1735,54:F0:B1:BC:1B:F0,eduroam,30,89.38139128684998,B2-01,0,1
1736,54:F0:B1:BC:1B:F1,PoliSemFio,30,89.38139128684998,B2-01,0,1
1737,54:F0:B1:BC:1B:F2,,27,89.38139128684998,B2-01,0,1
1738,54:F0:B1:BC:2E:90,eduroam,62,89.38139128684998,B2-01,0,1
1739,54:F0:B1:BC:2E:91,PoliSemFio,54,89.38139128684998,B2-01,0,1
1740,54:F0:B1:BC:2E:92,,74,89.38139128684998,B2-01,0,1
1741,54:F0:B1:BC:2E:B0,eduroam,40,89.38139128684998,B2-01,0,1
1742,54:F0:B1:BC:2E:B1,PoliSemFio,40,89.38139128684998,B2-01,0,1
1743,54:F0:B1:BC:36:10,PoliSemFio,19,89.38139128684998,B2-01,0,1
1744,54:F0:B1:BC:3F:10,eduroam,29,89.38139128684998,B2-01,0,1
1745,54:F0:B1:BC:70:00,eduroam,45,89.38139128684998,B2-01,0,1
1746,54:F0:B1:BC:70:01,PoliSemFio,45,89.38139128684998,B2-01,0,1
1747,54:F0:B1:BC:70:02,,47,89.38139128684998,B2-01,0,1
1748,54:F0:B1:BC:70:20,eduroam,20,89.38139128684998,B2-01,0,1
1749,54:F0:B1:BC:70:21,PoliSemFio,19,89.38139128684998,B2-01,0,1
1750,54:F0:B1:BC:77:80,eduroam,55,89.38139128684998,B2-01,0,1
1751,54:F0:B1:BC:77:81,PoliSemFio,54,89.38139128684998,B2-01,0,1
1752,54:F0:B1:BC:77:82,,54,89.38139128684998,B2-01,0,1
1753,54:F0:B1:BC:77:A0,eduroam,29,89.38139128684998,B2-01,0,1
1754,54:F0:B1:BC:77:A1,PoliSemFio,30,89.38139128684998,B2-01,0,1
1755,54:F0:B1:BC:8F:20,eduroam,24,89.38139128684998,B2-01,0,1
1756,54:F0:B1:BC:8F:21,PoliSemFio,27,89.38139128684998,B2-01,0,1
1757,54:F0:B1:BC:8F:22,,25,89.38139128684998,B2-01,0,1
1758,68:FF:7B:47:78:BE,C1-22M,44,89.38139128684998,B2-01,0,1
1759,6C:D7:76:B2:5B:FA,Android123,37,89.38139128684998,B2-01,0,1
1760,70:62:B8:6E:72:A0,PCS-wireless-C1-13,39,89.38139128684998,B2-01,0,1
1761,70:62:B8:6E:72:A1,PPGEE,35,89.38139128684998,B2-01,0,1
1762,84:D4:7E:06:4F:E0,eduroam,52,89.38139128684998,B2-01,0,1
1763,84:D4:7E:06:4F:E1,PoliSemFio,69,89.38139128684998,B2-01,0,1
1764,84:D4:7E:06:4F:E2,,67,89.38139128684998,B2-01,0,1
1765,84:D4:7E:06:4F:F0,eduroam,29,89.38139128684998,B2-01,0,1
1766,84:D4:7E:06:4F:F1,PoliSemFio,29,89.38139128684998,B2-01,0,1
1767,84:D4:7E:06:4F:F2,,40,89.38139128684998,B2-01,0,1
1768,B6:4E:26:4B:84:C2,C2-01-Guest,35,89.38139128684998,B2-01,0,1
1769,DC:9F:DB:1C:1F:D7,LWN-3,24,89.38139128684998,B2-01,0,1
1770,DC:9F:DB:1C:1F:E0,LWN-3,29,89.38139128684998,B2-01,0,1
1771,DE:9F:DB:1C:1F:D7,LARC Guest,27,89.38139128684998,B2-01,0,1
1772,DE:9F:DB:1C:1F:E0,LARC Guest,24,89.38139128684998,B2-01,0,1
1773,EE:9F:DB:1C:1F:D7,,29,89.38139128684998,B2-01,0,1
1774,EE:9F:DB:1C:1F:E0,,32,89.38139128684998,B2-01,0,1
1775,F8:1A:67:99:55:8E,NUCLEAR_CHF,32,89.38139128684998,B2-01,0,1
1776,00:18:E7:FF:8C:98,dlink,27,95.63351154327393,B2-01,0,1
1777,30:85:A9:69:F2:E4,PCS-Wireless-C2-22,40,95.63351154327393,B2-01,0,1
1778,34:60:F9:A3:D9:14,GASWIFI-2G_C2,24,95.63351154327393,B2-01,0,1
1779,34:60:F9:A3:E7:3F,GASWIFI_C4,34,95.63351154327393,B2-01,0,1
1780,34:CE:00:51:3E:6F,Lab,59,95.63351154327393,B2-01,0,1
1781,34:CE:00:51:3E:70,Lab_5G,24,95.63351154327393,B2-01,0,1
1782,3A:60:F9:A3:D9:14,,22,95.63351154327393,B2-01,0,1
1783,54:B8:0A:AA:2C:8C,LAB_DIGITAL,37,95.63351154327393,B2-01,0,1
1784,54:B8:0A:AA:2C:8D,PCS-Wireless,39,95.63351154327393,B2-01,0,1
1785,54:F0:B1:A1:18:C0,eduroam,20,95.63351154327393,B2-01,0,1
1786,54:F0:B1:A1:18:C1,PoliSemFio,20,95.63351154327393,B2-01,0,1
1787,54:F0:B1:A1:18:C3,MEZANINO,20,95.63351154327393,B2-01,0,1
1788,54:F0:B1:A1:18:C4,GDLAB,20,95.63351154327393,B2-01,0,1
1789,54:F0:B1:A1:18:C5,LABPAD,20,95.63351154327393,B2-01,0,1
1790,54:F0:B1:A1:18:D0,eduroam,34,95.63351154327393,B2-01,0,1
1791,54:F0:B1:A1:18:D2,,30,95.63351154327393,B2-01,0,1
1792,54:F0:B1:A1:18:D3,MEZANINO,24,95.63351154327393,B2-01,0,1
1793,54:F0:B1:A1:18:D4,GDLAB,30,95.63351154327393,B2-01,0,1
1794,54:F0:B1:A1:18:D5,LABPAD,29,95.63351154327393,B2-01,0,1
1795,54:F0:B1:A1:57:F0,eduroam,12,95.63351154327393,B2-01,0,1
1796,54:F0:B1:A1:57:F1,PoliSemFio,9,95.63351154327393,B2-01,0,1
1797,54:F0:B1:A1:57:F2,,12,95.63351154327393,B2-01,0,1
1798,54:F0:B1:A1:58:00,eduroam,39,95.63351154327393,B2-01,0,1
1799,54:F0:B1:A1:58:01,PoliSemFio,35,95.63351154327393,B2-01,0,1
1800,54:F0:B1:A1:58:02,,40,95.63351154327393,B2-01,0,1
1801,54:F0:B1:A1:E5:02,,32,95.63351154327393,B2-01,0,1
1802,54:F0:B1:A2:4A:70,eduroam,9,95.63351154327393,B2-01,0,1
1803,54:F0:B1:A2:56:72,,30,95.63351154327393,B2-01,0,1
1804,54:F0:B1:A2:57:30,eduroam,27,95.63351154327393,B2-01,0,1
1805,54:F0:B1:A2:57:31,PoliSemFio,30,95.63351154327393,B2-01,0,1
1806,54:F0:B1:A2:57:32,,29,95.63351154327393,B2-01,0,1
1807,54:F0:B1:A2:57:33,LCA,25,95.63351154327393,B2-01,0,1
1808,54:F0:B1:BB:5A:81,PoliSemFio,30,95.63351154327393,B2-01,0,1
1809,54:F0:B1:BB:5A:82,HACKER,19,95.63351154327393,B2-01,0,1
1810,54:F0:B1:BB:5A:83,LEP,24,95.63351154327393,B2-01,0,1
1811,54:F0:B1:BB:5A:84,,29,95.63351154327393,B2-01,0,1
1812,54:F0:B1:BB:84:B2,,22,95.63351154327393,B2-01,0,1
1813,54:F0:B1:BB:92:C0,eduroam,24,95.63351154327393,B2-01,0,1
1814,54:F0:B1:BB:92:C2,,27,95.63351154327393,B2-01,0,1
1815,54:F0:B1:BB:BE:10,eduroam,10,95.63351154327393,B2-01,0,1
1816,54:F0:B1:BB:C4:D0,eduroam,54,95.63351154327393,B2-01,0,1
1817,54:F0:B1:BB:C4:D1,PoliSemFio,47,95.63351154327393,B2-01,0,1
1818,54:F0:B1:BB:C4:D2,,49,95.63351154327393,B2-01,0,1
1819,54:F0:B1:BB:C4:F0,eduroam,40,95.63351154327393,B2-01,0,1
1820,54:F0:B1:BB:C4:F1,PoliSemFio,40,95.63351154327393,B2-01,0,1
1821,54:F0:B1:BB:CD:A0,eduroam,12,95.63351154327393,B2-01,0,1
1822,54:F0:B1:BB:F3:20,eduroam,15,95.63351154327393,B2-01,0,1
1823,54:F0:B1:BC:09:40,eduroam,77,95.63351154327393,B2-01,0,1
1824,54:F0:B1:BC:09:41,PoliSemFio,79,95.63351154327393,B2-01,0,1
1825,54:F0:B1:BC:09:42,,79,95.63351154327393,B2-01,0,1
1826,54:F0:B1:BC:09:60,eduroam,81,95.63351154327393,B2-01,0,1
1827,54:F0:B1:BC:09:61,PoliSemFio,80,95.63351154327393,B2-01,0,1
1828,54:F0:B1:BC:1B:D0,eduroam,47,95.63351154327393,B2-01,0,1
1829,54:F0:B1:BC:1B:D1,PoliSemFio,50,95.63351154327393,B2-01,0,1
1830,54:F0:B1:BC:1B:D2,,52,95.63351154327393,B2-01,0,1
1831,54:F0:B1:BC:1B:F0,eduroam,25,95.63351154327393,B2-01,0,1
1832,54:F0:B1:BC:1B:F1,PoliSemFio,25,95.63351154327393,B2-01,0,1
1833,54:F0:B1:BC:1B:F2,,27,95.63351154327393,B2-01,0,1
1834,54:F0:B1:BC:2E:90,eduroam,47,95.63351154327393,B2-01,0,1
1835,54:F0:B1:BC:2E:91,PoliSemFio,50,95.63351154327393,B2-01,0,1
1836,54:F0:B1:BC:2E:92,,50,95.63351154327393,B2-01,0,1
1837,54:F0:B1:BC:2E:B0,eduroam,27,95.63351154327393,B2-01,0,1
1838,54:F0:B1:BC:2E:B1,PoliSemFio,29,95.63351154327393,B2-01,0,1
1839,54:F0:B1:BC:36:10,PoliSemFio,19,95.63351154327393,B2-01,0,1
1840,54:F0:B1:BC:3F:10,eduroam,39,95.63351154327393,B2-01,0,1
1841,54:F0:B1:BC:70:00,eduroam,32,95.63351154327393,B2-01,0,1
1842,54:F0:B1:BC:70:01,PoliSemFio,50,95.63351154327393,B2-01,0,1
1843,54:F0:B1:BC:70:02,,47,95.63351154327393,B2-01,0,1
1844,54:F0:B1:BC:70:20,eduroam,15,95.63351154327393,B2-01,0,1
1845,54:F0:B1:BC:70:21,PoliSemFio,15,95.63351154327393,B2-01,0,1
1846,54:F0:B1:BC:77:80,eduroam,55,95.63351154327393,B2-01,0,1
1847,54:F0:B1:BC:77:81,PoliSemFio,39,95.63351154327393,B2-01,0,1
1848,54:F0:B1:BC:77:82,,37,95.63351154327393,B2-01,0,1
1849,54:F0:B1:BC:77:A0,eduroam,24,95.63351154327393,B2-01,0,1
1850,54:F0:B1:BC:77:A1,PoliSemFio,24,95.63351154327393,B2-01,0,1
1851,54:F0:B1:BC:8F:20,eduroam,24,95.63351154327393,B2-01,0,1
1852,54:F0:B1:BC:8F:21,PoliSemFio,27,95.63351154327393,B2-01,0,1
1853,54:F0:B1:BC:8F:22,,25,95.63351154327393,B2-01,0,1
1854,68:FF:7B:47:78:BE,C1-22M,30,95.63351154327393,B2-01,0,1
1855,70:62:B8:6E:72:A0,PCS-wireless-C1-13,32,95.63351154327393,B2-01,0,1
1856,70:62:B8:6E:72:A1,PPGEE,37,95.63351154327393,B2-01,0,1
1857,84:D4:7E:06:4F:E0,eduroam,67,95.63351154327393,B2-01,0,1
1858,84:D4:7E:06:4F:E1,PoliSemFio,69,95.63351154327393,B2-01,0,1
1859,84:D4:7E:06:4F:E2,,65,95.63351154327393,B2-01,0,1
1860,84:D4:7E:06:4F:F0,eduroam,35,95.63351154327393,B2-01,0,1
1861,84:D4:7E:06:4F:F1,PoliSemFio,34,95.63351154327393,B2-01,0,1
1862,84:D4:7E:06:4F:F2,,40,95.63351154327393,B2-01,0,1
1863,DC:9F:DB:1C:1F:E0,LWN-3,29,95.63351154327393,B2-01,0,1
1864,DE:9F:DB:1C:1F:E0,LARC Guest,24,95.63351154327393,B2-01,0,1
1865,EE:9F:DB:1C:1F:E0,,32,95.63351154327393,B2-01,0,1
1866,F8:1A:67:99:55:8E,NUCLEAR_CHF,32,95.63351154327393,B2-01,0,1
