,ap_mac,ap_name,rssi,timestamp,room,door_status,room_part
0,00:18:E7:FF:8C:98,dlink,37,670.0007948875427,B2-01,1,1
1,00:21:91:70:9D:EC,LAB-DIDATICO,35,670.0007948875427,B2-01,1,1
2,02:E0:DB:48:81:EE,DIRECT-Te-Polycom Pano,27,670.0007948875427,B2-01,1,1
3,04:A1:51:85:27:B3,LAHPC-Wifi_2.4GHz,17,670.0007948875427,B2-01,1,1
4,2A:56:5A:49:06:54,DIRECT-54-HP M132f LaserJet,15,670.0007948875427,B2-01,1,1
5,30:85:A9:69:F2:E4,PCS-Wireless-C2-22,34,670.0007948875427,B2-01,1,1
6,34:60:F9:A3:D9:13,GASWIFI-5G_C2,25,670.0007948875427,B2-01,1,1
7,34:60:F9:A3:D9:14,GASWIFI-2G_C2,27,670.0007948875427,B2-01,1,1
8,34:60:F9:A3:E7:3F,GASWIFI_C4,34,670.0007948875427,B2-01,1,1
9,34:CE:00:51:3E:6F,Lab,57,670.0007948875427,B2-01,1,1
10,34:CE:00:51:3E:70,Lab_5G,15,670.0007948875427,B2-01,1,1
11,3A:60:F9:A3:D9:14,,32,670.0007948875427,B2-01,1,1
12,48:00:20:34:D2:40,eduroam,27,670.0007948875427,B2-01,1,1
13,54:B8:0A:AA:2C:8C,LAB_DIGITAL,45,670.0007948875427,B2-01,1,1
14,54:B8:0A:AA:2C:8D,PCS-Wireless,44,670.0007948875427,B2-01,1,1
15,54:B8:0A:AA:2C:8E,LAB_DIGITAL-5GHz,14,670.0007948875427,B2-01,1,1
16,54:B8:0A:AA:2C:8F,PCS-Wireless-5GHz,14,670.0007948875427,B2-01,1,1
17,54:F0:B1:A1:18:C0,eduroam,22,670.0007948875427,B2-01,1,1
18,54:F0:B1:A1:18:C1,PoliSemFio,22,670.0007948875427,B2-01,1,1
19,54:F0:B1:A1:18:C3,MEZANINO,24,670.0007948875427,B2-01,1,1
20,54:F0:B1:A1:18:C4,GDLAB,24,670.0007948875427,B2-01,1,1
21,54:F0:B1:A1:18:C5,LABPAD,24,670.0007948875427,B2-01,1,1
22,54:F0:B1:A1:18:D0,eduroam,40,670.0007948875427,B2-01,1,1
23,54:F0:B1:A1:18:D1,PoliSemFio,42,670.0007948875427,B2-01,1,1
24,54:F0:B1:A1:18:D2,,35,670.0007948875427,B2-01,1,1
25,54:F0:B1:A1:18:D3,MEZANINO,44,670.0007948875427,B2-01,1,1
26,54:F0:B1:A1:18:D4,GDLAB,40,670.0007948875427,B2-01,1,1
27,54:F0:B1:A1:18:D5,LABPAD,44,670.0007948875427,B2-01,1,1
28,54:F0:B1:A1:57:F0,eduroam,14,670.0007948875427,B2-01,1,1
29,54:F0:B1:A1:57:F1,PoliSemFio,10,670.0007948875427,B2-01,1,1
30,54:F0:B1:A1:57:F2,,12,670.0007948875427,B2-01,1,1
31,54:F0:B1:A1:58:00,eduroam,25,670.0007948875427,B2-01,1,1
32,54:F0:B1:A1:58:01,PoliSemFio,27,670.0007948875427,B2-01,1,1
33,54:F0:B1:A1:E4:F0,eduroam,15,670.0007948875427,B2-01,1,1
34,54:F0:B1:A1:E4:F1,PoliSemFio,17,670.0007948875427,B2-01,1,1
35,54:F0:B1:A2:37:E0,eduroam,19,670.0007948875427,B2-01,1,1
36,54:F0:B1:A2:37:E1,PoliSemFio,17,670.0007948875427,B2-01,1,1
37,54:F0:B1:A2:37:E2,,20,670.0007948875427,B2-01,1,1
38,54:F0:B1:A2:57:20,eduroam,14,670.0007948875427,B2-01,1,1
39,54:F0:B1:A2:57:21,PoliSemFio,25,670.0007948875427,B2-01,1,1
40,54:F0:B1:A2:57:22,,24,670.0007948875427,B2-01,1,1
41,54:F0:B1:A2:57:23,LCA,12,670.0007948875427,B2-01,1,1
42,54:F0:B1:A2:57:30,eduroam,29,670.0007948875427,B2-01,1,1
43,54:F0:B1:A2:57:31,PoliSemFio,29,670.0007948875427,B2-01,1,1
44,54:F0:B1:A2:57:33,LCA,25,670.0007948875427,B2-01,1,1
45,54:F0:B1:BB:5A:82,HACKER,22,670.0007948875427,B2-01,1,1
46,54:F0:B1:BB:5A:83,LEP,25,670.0007948875427,B2-01,1,1
47,54:F0:B1:BB:7E:E0,eduroam,17,670.0007948875427,B2-01,1,1
48,54:F0:B1:BB:80:C3,LABPROG,27,670.0007948875427,B2-01,1,1
49,54:F0:B1:BB:84:B0,eduroam,27,670.0007948875427,B2-01,1,1
50,54:F0:B1:BB:84:B2,,19,670.0007948875427,B2-01,1,1
51,54:F0:B1:BB:84:D0,eduroam,27,670.0007948875427,B2-01,1,1
52,54:F0:B1:BB:84:D1,PoliSemFio,25,670.0007948875427,B2-01,1,1
53,54:F0:B1:BB:92:E0,eduroam,12,670.0007948875427,B2-01,1,1
54,54:F0:B1:BB:92:E1,PoliSemFio,12,670.0007948875427,B2-01,1,1
55,54:F0:B1:BB:BE:12,,17,670.0007948875427,B2-01,1,1
56,54:F0:B1:BB:BE:13,CAEEL,17,670.0007948875427,B2-01,1,1
57,54:F0:B1:BB:C4:D0,eduroam,62,670.0007948875427,B2-01,1,1
58,54:F0:B1:BB:C4:D1,PoliSemFio,34,670.0007948875427,B2-01,1,1
59,54:F0:B1:BB:C4:F0,eduroam,39,670.0007948875427,B2-01,1,1
60,54:F0:B1:BB:C4:F1,PoliSemFio,39,670.0007948875427,B2-01,1,1
61,54:F0:B1:BB:C5:C0,eduroam,29,670.0007948875427,B2-01,1,1
62,54:F0:B1:BB:C5:C1,PoliSemFio,27,670.0007948875427,B2-01,1,1
63,54:F0:B1:BB:C5:C2,,25,670.0007948875427,B2-01,1,1
64,54:F0:B1:BB:C5:C3,MEZANINO,30,670.0007948875427,B2-01,1,1
65,54:F0:B1:BB:CC:E3,eduroam,15,670.0007948875427,B2-01,1,1
66,54:F0:B1:BB:FD:D0,eduroam,27,670.0007948875427,B2-01,1,1
67,54:F0:B1:BB:FD:D1,PoliSemFio,27,670.0007948875427,B2-01,1,1
68,54:F0:B1:BB:FD:D2,,25,670.0007948875427,B2-01,1,1
69,54:F0:B1:BC:09:40,eduroam,65,670.0007948875427,B2-01,1,1
70,54:F0:B1:BC:09:41,PoliSemFio,87,670.0007948875427,B2-01,1,1
71,54:F0:B1:BC:09:42,,87,670.0007948875427,B2-01,1,1
72,54:F0:B1:BC:09:60,eduroam,80,670.0007948875427,B2-01,1,1
73,54:F0:B1:BC:09:61,PoliSemFio,80,670.0007948875427,B2-01,1,1
74,54:F0:B1:BC:0F:D1,PoliSemFio,22,670.0007948875427,B2-01,1,1
75,54:F0:B1:BC:1B:D1,PoliSemFio,40,670.0007948875427,B2-01,1,1
76,54:F0:B1:BC:1B:F0,eduroam,20,670.0007948875427,B2-01,1,1
77,54:F0:B1:BC:1B:F1,PoliSemFio,20,670.0007948875427,B2-01,1,1
78,54:F0:B1:BC:2E:90,eduroam,84,670.0007948875427,B2-01,1,1
79,54:F0:B1:BC:2E:91,PoliSemFio,75,670.0007948875427,B2-01,1,1
80,54:F0:B1:BC:2E:92,,37,670.0007948875427,B2-01,1,1
81,54:F0:B1:BC:2E:B0,eduroam,12,670.0007948875427,B2-01,1,1
82,54:F0:B1:BC:2E:B1,PoliSemFio,14,670.0007948875427,B2-01,1,1
83,54:F0:B1:BC:2F:50,eduroam,19,670.0007948875427,B2-01,1,1
84,54:F0:B1:BC:36:10,PoliSemFio,25,670.0007948875427,B2-01,1,1
85,54:F0:B1:BC:36:11,eduroam,24,670.0007948875427,B2-01,1,1
86,54:F0:B1:BC:36:12,,29,670.0007948875427,B2-01,1,1
87,54:F0:B1:BC:36:31,eduroam,22,670.0007948875427,B2-01,1,1
88,54:F0:B1:BC:3F:10,eduroam,29,670.0007948875427,B2-01,1,1
89,54:F0:B1:BC:65:B0,eduroam,24,670.0007948875427,B2-01,1,1
90,54:F0:B1:BC:65:B2,,27,670.0007948875427,B2-01,1,1
91,54:F0:B1:BC:65:D0,eduroam,25,670.0007948875427,B2-01,1,1
92,54:F0:B1:BC:65:D1,PoliSemFio,27,670.0007948875427,B2-01,1,1
93,54:F0:B1:BC:65:D2,,27,670.0007948875427,B2-01,1,1
94,54:F0:B1:BC:6B:52,,25,670.0007948875427,B2-01,1,1
95,54:F0:B1:BC:6F:70,eduroam,27,670.0007948875427,B2-01,1,1
96,54:F0:B1:BC:6F:71,PoliSemFio,24,670.0007948875427,B2-01,1,1
97,54:F0:B1:BC:70:00,eduroam,35,670.0007948875427,B2-01,1,1
98,54:F0:B1:BC:70:01,PoliSemFio,32,670.0007948875427,B2-01,1,1
99,54:F0:B1:BC:70:02,,30,670.0007948875427,B2-01,1,1
100,54:F0:B1:BC:70:20,eduroam,20,670.0007948875427,B2-01,1,1
101,54:F0:B1:BC:70:21,PoliSemFio,22,670.0007948875427,B2-01,1,1
102,54:F0:B1:BC:77:80,eduroam,59,670.0007948875427,B2-01,1,1
103,54:F0:B1:BC:77:81,PoliSemFio,57,670.0007948875427,B2-01,1,1
104,54:F0:B1:BC:77:82,,55,670.0007948875427,B2-01,1,1
105,54:F0:B1:BC:77:A0,eduroam,20,670.0007948875427,B2-01,1,1
106,54:F0:B1:BC:77:A1,PoliSemFio,19,670.0007948875427,B2-01,1,1
107,54:F0:B1:BC:77:A2,,47,670.0007948875427,B2-01,1,1
108,54:F0:B1:BC:7C:B0,eduroam,25,670.0007948875427,B2-01,1,1
109,54:F0:B1:BC:7C:B1,PoliSemFio,25,670.0007948875427,B2-01,1,1
110,54:F0:B1:BC:8F:20,eduroam,25,670.0007948875427,B2-01,1,1
111,54:F0:B1:BC:8F:21,PoliSemFio,22,670.0007948875427,B2-01,1,1
112,54:F0:B1:BC:8F:22,,25,670.0007948875427,B2-01,1,1
113,68:FF:7B:47:78:BD,C1-22M-5G,24,670.0007948875427,B2-01,1,1
114,68:FF:7B:47:78:BE,C1-22M,44,670.0007948875427,B2-01,1,1
115,70:62:B8:6E:72:A0,PCS-wireless-C1-13,37,670.0007948875427,B2-01,1,1
116,70:62:B8:6E:72:A1,PPGEE,35,670.0007948875427,B2-01,1,1
117,84:D4:7E:06:4F:E0,eduroam,59,670.0007948875427,B2-01,1,1
118,84:D4:7E:06:4F:E1,PoliSemFio,75,670.0007948875427,B2-01,1,1
119,84:D4:7E:06:4F:E2,,62,670.0007948875427,B2-01,1,1
120,84:D4:7E:06:4F:F0,eduroam,29,670.0007948875427,B2-01,1,1
121,84:D4:7E:06:4F:F1,PoliSemFio,29,670.0007948875427,B2-01,1,1
122,DC:9F:DB:1C:1F:E0,LWN-3,27,670.0007948875427,B2-01,1,1
123,DE:9F:DB:1C:1F:E0,LARC Guest,24,670.0007948875427,B2-01,1,1
124,EE:9F:DB:1C:1F:D7,,19,670.0007948875427,B2-01,1,1
125,EE:9F:DB:1C:1F:E0,,24,670.0007948875427,B2-01,1,1
126,F8:1A:67:99:55:8E,NUCLEAR_CHF,37,670.0007948875427,B2-01,1,1
127,FE:9F:DB:1C:1F:E0,,25,670.0007948875427,B2-01,1,1
128,00:18:E7:FF:8C:98,dlink,37,676.3054757118225,B2-01,1,1
129,00:21:91:70:9D:EC,LAB-DIDATICO,35,676.3054757118225,B2-01,1,1
130,02:E0:DB:48:81:EE,DIRECT-Te-Polycom Pano,27,676.3054757118225,B2-01,1,1
131,04:A1:51:85:27:B3,LAHPC-Wifi_2.4GHz,17,676.3054757118225,B2-01,1,1
132,2A:56:5A:49:06:54,DIRECT-54-HP M132f LaserJet,15,676.3054757118225,B2-01,1,1
133,30:85:A9:69:F2:E4,PCS-Wireless-C2-22,34,676.3054757118225,B2-01,1,1
134,34:60:F9:A3:D9:13,GASWIFI-5G_C2,25,676.3054757118225,B2-01,1,1
135,34:60:F9:A3:D9:14,GASWIFI-2G_C2,27,676.3054757118225,B2-01,1,1
136,34:60:F9:A3:E7:3F,GASWIFI_C4,34,676.3054757118225,B2-01,1,1
137,34:CE:00:51:3E:6F,Lab,57,676.3054757118225,B2-01,1,1
138,34:CE:00:51:3E:70,Lab_5G,15,676.3054757118225,B2-01,1,1
139,3A:60:F9:A3:D9:14,,32,676.3054757118225,B2-01,1,1
140,48:00:20:34:D2:40,eduroam,27,676.3054757118225,B2-01,1,1
141,54:B8:0A:AA:2C:8C,LAB_DIGITAL,45,676.3054757118225,B2-01,1,1
142,54:B8:0A:AA:2C:8D,PCS-Wireless,44,676.3054757118225,B2-01,1,1
143,54:B8:0A:AA:2C:8E,LAB_DIGITAL-5GHz,14,676.3054757118225,B2-01,1,1
144,54:B8:0A:AA:2C:8F,PCS-Wireless-5GHz,14,676.3054757118225,B2-01,1,1
145,54:F0:B1:A1:18:C0,eduroam,22,676.3054757118225,B2-01,1,1
146,54:F0:B1:A1:18:C1,PoliSemFio,22,676.3054757118225,B2-01,1,1
147,54:F0:B1:A1:18:C3,MEZANINO,24,676.3054757118225,B2-01,1,1
148,54:F0:B1:A1:18:C4,GDLAB,24,676.3054757118225,B2-01,1,1
149,54:F0:B1:A1:18:C5,LABPAD,24,676.3054757118225,B2-01,1,1
150,54:F0:B1:A1:18:D0,eduroam,40,676.3054757118225,B2-01,1,1
151,54:F0:B1:A1:18:D1,PoliSemFio,42,676.3054757118225,B2-01,1,1
152,54:F0:B1:A1:18:D2,,35,676.3054757118225,B2-01,1,1
153,54:F0:B1:A1:18:D3,MEZANINO,44,676.3054757118225,B2-01,1,1
154,54:F0:B1:A1:18:D4,GDLAB,40,676.3054757118225,B2-01,1,1
155,54:F0:B1:A1:18:D5,LABPAD,44,676.3054757118225,B2-01,1,1
156,54:F0:B1:A1:57:F0,eduroam,14,676.3054757118225,B2-01,1,1
157,54:F0:B1:A1:57:F1,PoliSemFio,10,676.3054757118225,B2-01,1,1
158,54:F0:B1:A1:57:F2,,12,676.3054757118225,B2-01,1,1
159,54:F0:B1:A1:58:00,eduroam,25,676.3054757118225,B2-01,1,1
160,54:F0:B1:A1:58:01,PoliSemFio,27,676.3054757118225,B2-01,1,1
161,54:F0:B1:A1:E4:F0,eduroam,15,676.3054757118225,B2-01,1,1
162,54:F0:B1:A1:E4:F1,PoliSemFio,17,676.3054757118225,B2-01,1,1
163,54:F0:B1:A2:37:E0,eduroam,19,676.3054757118225,B2-01,1,1
164,54:F0:B1:A2:37:E1,PoliSemFio,17,676.3054757118225,B2-01,1,1
165,54:F0:B1:A2:37:E2,,20,676.3054757118225,B2-01,1,1
166,54:F0:B1:A2:57:20,eduroam,14,676.3054757118225,B2-01,1,1
167,54:F0:B1:A2:57:21,PoliSemFio,25,676.3054757118225,B2-01,1,1
168,54:F0:B1:A2:57:22,,24,676.3054757118225,B2-01,1,1
169,54:F0:B1:A2:57:23,LCA,12,676.3054757118225,B2-01,1,1
170,54:F0:B1:A2:57:30,eduroam,29,676.3054757118225,B2-01,1,1
171,54:F0:B1:A2:57:31,PoliSemFio,29,676.3054757118225,B2-01,1,1
172,54:F0:B1:A2:57:33,LCA,25,676.3054757118225,B2-01,1,1
173,54:F0:B1:BB:5A:82,HACKER,22,676.3054757118225,B2-01,1,1
174,54:F0:B1:BB:5A:83,LEP,25,676.3054757118225,B2-01,1,1
175,54:F0:B1:BB:7E:E0,eduroam,17,676.3054757118225,B2-01,1,1
176,54:F0:B1:BB:80:C3,LABPROG,27,676.3054757118225,B2-01,1,1
177,54:F0:B1:BB:84:B0,eduroam,27,676.3054757118225,B2-01,1,1
178,54:F0:B1:BB:84:B2,,19,676.3054757118225,B2-01,1,1
179,54:F0:B1:BB:84:D0,eduroam,27,676.3054757118225,B2-01,1,1
180,54:F0:B1:BB:84:D1,PoliSemFio,25,676.3054757118225,B2-01,1,1
181,54:F0:B1:BB:92:E0,eduroam,12,676.3054757118225,B2-01,1,1
182,54:F0:B1:BB:92:E1,PoliSemFio,12,676.3054757118225,B2-01,1,1
183,54:F0:B1:BB:BE:12,,17,676.3054757118225,B2-01,1,1
184,54:F0:B1:BB:BE:13,CAEEL,17,676.3054757118225,B2-01,1,1
185,54:F0:B1:BB:C4:D0,eduroam,62,676.3054757118225,B2-01,1,1
186,54:F0:B1:BB:C4:D1,PoliSemFio,34,676.3054757118225,B2-01,1,1
187,54:F0:B1:BB:C4:F0,eduroam,39,676.3054757118225,B2-01,1,1
188,54:F0:B1:BB:C4:F1,PoliSemFio,39,676.3054757118225,B2-01,1,1
189,54:F0:B1:BB:C5:C0,eduroam,29,676.3054757118225,B2-01,1,1
190,54:F0:B1:BB:C5:C1,PoliSemFio,27,676.3054757118225,B2-01,1,1
191,54:F0:B1:BB:C5:C2,,25,676.3054757118225,B2-01,1,1
192,54:F0:B1:BB:C5:C3,MEZANINO,30,676.3054757118225,B2-01,1,1
193,54:F0:B1:BB:CC:E3,eduroam,15,676.3054757118225,B2-01,1,1
194,54:F0:B1:BB:FD:D0,eduroam,27,676.3054757118225,B2-01,1,1
195,54:F0:B1:BB:FD:D1,PoliSemFio,27,676.3054757118225,B2-01,1,1
196,54:F0:B1:BB:FD:D2,,25,676.3054757118225,B2-01,1,1
197,54:F0:B1:BC:09:40,eduroam,65,676.3054757118225,B2-01,1,1
198,54:F0:B1:BC:09:41,PoliSemFio,87,676.3054757118225,B2-01,1,1
199,54:F0:B1:BC:09:42,,87,676.3054757118225,B2-01,1,1
200,54:F0:B1:BC:09:60,eduroam,72,676.3054757118225,B2-01,1,1
201,54:F0:B1:BC:09:61,PoliSemFio,80,676.3054757118225,B2-01,1,1
202,54:F0:B1:BC:0F:D1,PoliSemFio,22,676.3054757118225,B2-01,1,1
203,54:F0:B1:BC:1B:D1,PoliSemFio,40,676.3054757118225,B2-01,1,1
204,54:F0:B1:BC:1B:F0,eduroam,20,676.3054757118225,B2-01,1,1
205,54:F0:B1:BC:1B:F1,PoliSemFio,20,676.3054757118225,B2-01,1,1
206,54:F0:B1:BC:2E:90,eduroam,84,676.3054757118225,B2-01,1,1
207,54:F0:B1:BC:2E:91,PoliSemFio,75,676.3054757118225,B2-01,1,1
208,54:F0:B1:BC:2E:92,,37,676.3054757118225,B2-01,1,1
209,54:F0:B1:BC:2E:B0,eduroam,12,676.3054757118225,B2-01,1,1
210,54:F0:B1:BC:2E:B1,PoliSemFio,14,676.3054757118225,B2-01,1,1
211,54:F0:B1:BC:2F:50,eduroam,19,676.3054757118225,B2-01,1,1
212,54:F0:B1:BC:36:10,PoliSemFio,25,676.3054757118225,B2-01,1,1
213,54:F0:B1:BC:36:11,eduroam,24,676.3054757118225,B2-01,1,1
214,54:F0:B1:BC:36:12,,29,676.3054757118225,B2-01,1,1
215,54:F0:B1:BC:36:31,eduroam,22,676.3054757118225,B2-01,1,1
216,54:F0:B1:BC:3F:10,eduroam,29,676.3054757118225,B2-01,1,1
217,54:F0:B1:BC:65:B0,eduroam,24,676.3054757118225,B2-01,1,1
218,54:F0:B1:BC:65:B2,,27,676.3054757118225,B2-01,1,1
219,54:F0:B1:BC:65:D0,eduroam,25,676.3054757118225,B2-01,1,1
220,54:F0:B1:BC:65:D1,PoliSemFio,27,676.3054757118225,B2-01,1,1
221,54:F0:B1:BC:65:D2,,27,676.3054757118225,B2-01,1,1
222,54:F0:B1:BC:6B:52,,25,676.3054757118225,B2-01,1,1
223,54:F0:B1:BC:6F:70,eduroam,27,676.3054757118225,B2-01,1,1
224,54:F0:B1:BC:6F:71,PoliSemFio,24,676.3054757118225,B2-01,1,1
225,54:F0:B1:BC:70:00,eduroam,35,676.3054757118225,B2-01,1,1
226,54:F0:B1:BC:70:01,PoliSemFio,32,676.3054757118225,B2-01,1,1
227,54:F0:B1:BC:70:02,,30,676.3054757118225,B2-01,1,1
228,54:F0:B1:BC:70:20,eduroam,20,676.3054757118225,B2-01,1,1
229,54:F0:B1:BC:70:21,PoliSemFio,22,676.3054757118225,B2-01,1,1
230,54:F0:B1:BC:77:80,eduroam,59,676.3054757118225,B2-01,1,1
231,54:F0:B1:BC:77:81,PoliSemFio,57,676.3054757118225,B2-01,1,1
232,54:F0:B1:BC:77:82,,55,676.3054757118225,B2-01,1,1
233,54:F0:B1:BC:77:A0,eduroam,20,676.3054757118225,B2-01,1,1
234,54:F0:B1:BC:77:A1,PoliSemFio,19,676.3054757118225,B2-01,1,1
235,54:F0:B1:BC:77:A2,,47,676.3054757118225,B2-01,1,1
236,54:F0:B1:BC:7C:B0,eduroam,25,676.3054757118225,B2-01,1,1
237,54:F0:B1:BC:7C:B1,PoliSemFio,25,676.3054757118225,B2-01,1,1
238,54:F0:B1:BC:8F:20,eduroam,25,676.3054757118225,B2-01,1,1
239,54:F0:B1:BC:8F:21,PoliSemFio,22,676.3054757118225,B2-01,1,1
240,54:F0:B1:BC:8F:22,,25,676.3054757118225,B2-01,1,1
241,68:FF:7B:47:78:BD,C1-22M-5G,24,676.3054757118225,B2-01,1,1
242,68:FF:7B:47:78:BE,C1-22M,44,676.3054757118225,B2-01,1,1
243,70:62:B8:6E:72:A0,PCS-wireless-C1-13,37,676.3054757118225,B2-01,1,1
244,70:62:B8:6E:72:A1,PPGEE,35,676.3054757118225,B2-01,1,1
245,84:D4:7E:06:4F:E0,eduroam,59,676.3054757118225,B2-01,1,1
246,84:D4:7E:06:4F:E1,PoliSemFio,75,676.3054757118225,B2-01,1,1
247,84:D4:7E:06:4F:E2,,62,676.3054757118225,B2-01,1,1
248,84:D4:7E:06:4F:F0,eduroam,29,676.3054757118225,B2-01,1,1
249,84:D4:7E:06:4F:F1,PoliSemFio,29,676.3054757118225,B2-01,1,1
250,DC:9F:DB:1C:1F:E0,LWN-3,27,676.3054757118225,B2-01,1,1
251,DE:9F:DB:1C:1F:E0,LARC Guest,24,676.3054757118225,B2-01,1,1
252,EE:9F:DB:1C:1F:D7,,19,676.3054757118225,B2-01,1,1
253,EE:9F:DB:1C:1F:E0,,24,676.3054757118225,B2-01,1,1
254,F8:1A:67:99:55:8E,NUCLEAR_CHF,37,676.3054757118225,B2-01,1,1
255,FE:9F:DB:1C:1F:E0,,25,676.3054757118225,B2-01,1,1
256,00:18:E7:FF:8C:98,dlink,37,678.9663345813751,B2-01,1,1
257,00:21:91:70:9D:EC,LAB-DIDATICO,35,678.9663345813751,B2-01,1,1
258,02:E0:DB:48:81:EE,DIRECT-Te-Polycom Pano,27,678.9663345813751,B2-01,1,1
259,04:A1:51:85:27:B3,LAHPC-Wifi_2.4GHz,17,678.9663345813751,B2-01,1,1
260,34:60:F9:A3:D9:13,GASWIFI-5G_C2,25,678.9663345813751,B2-01,1,1
261,34:60:F9:A3:D9:14,GASWIFI-2G_C2,27,678.9663345813751,B2-01,1,1
262,34:60:F9:A3:E7:3F,GASWIFI_C4,37,678.9663345813751,B2-01,1,1
263,34:CE:00:51:3E:6F,Lab,59,678.9663345813751,B2-01,1,1
264,34:CE:00:51:3E:70,Lab_5G,5,678.9663345813751,B2-01,1,1
265,3A:60:F9:A3:D9:14,,32,678.9663345813751,B2-01,1,1
266,48:00:20:34:D2:40,eduroam,27,678.9663345813751,B2-01,1,1
267,54:B8:0A:AA:2C:8C,LAB_DIGITAL,45,678.9663345813751,B2-01,1,1
268,54:B8:0A:AA:2C:8D,PCS-Wireless,44,678.9663345813751,B2-01,1,1
269,54:B8:0A:AA:2C:8E,LAB_DIGITAL-5GHz,14,678.9663345813751,B2-01,1,1
270,54:B8:0A:AA:2C:8F,PCS-Wireless-5GHz,14,678.9663345813751,B2-01,1,1
271,54:F0:B1:A1:18:C0,eduroam,14,678.9663345813751,B2-01,1,1
272,54:F0:B1:A1:18:C1,PoliSemFio,15,678.9663345813751,B2-01,1,1
273,54:F0:B1:A1:18:C3,MEZANINO,14,678.9663345813751,B2-01,1,1
274,54:F0:B1:A1:18:C4,GDLAB,12,678.9663345813751,B2-01,1,1
275,54:F0:B1:A1:18:C5,LABPAD,14,678.9663345813751,B2-01,1,1
276,54:F0:B1:A1:18:D0,eduroam,40,678.9663345813751,B2-01,1,1
277,54:F0:B1:A1:18:D1,PoliSemFio,42,678.9663345813751,B2-01,1,1
278,54:F0:B1:A1:18:D2,,30,678.9663345813751,B2-01,1,1
279,54:F0:B1:A1:18:D3,MEZANINO,27,678.9663345813751,B2-01,1,1
280,54:F0:B1:A1:18:D4,GDLAB,40,678.9663345813751,B2-01,1,1
281,54:F0:B1:A1:18:D5,LABPAD,44,678.9663345813751,B2-01,1,1
282,54:F0:B1:A1:57:F0,eduroam,14,678.9663345813751,B2-01,1,1
283,54:F0:B1:A1:57:F1,PoliSemFio,10,678.9663345813751,B2-01,1,1
284,54:F0:B1:A1:57:F2,,12,678.9663345813751,B2-01,1,1
285,54:F0:B1:A1:58:00,eduroam,25,678.9663345813751,B2-01,1,1
286,54:F0:B1:A1:58:01,PoliSemFio,30,678.9663345813751,B2-01,1,1
287,54:F0:B1:A1:58:02,,30,678.9663345813751,B2-01,1,1
288,54:F0:B1:A1:E4:F0,eduroam,15,678.9663345813751,B2-01,1,1
289,54:F0:B1:A1:E4:F1,PoliSemFio,17,678.9663345813751,B2-01,1,1
290,54:F0:B1:A2:37:E0,eduroam,19,678.9663345813751,B2-01,1,1
291,54:F0:B1:A2:37:E1,PoliSemFio,17,678.9663345813751,B2-01,1,1
292,54:F0:B1:A2:37:E2,,20,678.9663345813751,B2-01,1,1
293,54:F0:B1:A2:57:20,eduroam,14,678.9663345813751,B2-01,1,1
294,54:F0:B1:A2:57:21,PoliSemFio,25,678.9663345813751,B2-01,1,1
295,54:F0:B1:A2:57:22,,24,678.9663345813751,B2-01,1,1
296,54:F0:B1:A2:57:23,LCA,12,678.9663345813751,B2-01,1,1
297,54:F0:B1:A2:57:33,LCA,25,678.9663345813751,B2-01,1,1
298,54:F0:B1:BB:5A:80,eduroam,32,678.9663345813751,B2-01,1,1
299,54:F0:B1:BB:5A:82,HACKER,30,678.9663345813751,B2-01,1,1
300,54:F0:B1:BB:5A:83,LEP,25,678.9663345813751,B2-01,1,1
301,54:F0:B1:BB:7E:E0,eduroam,17,678.9663345813751,B2-01,1,1
302,54:F0:B1:BB:80:C3,LABPROG,27,678.9663345813751,B2-01,1,1
303,54:F0:B1:BB:84:B0,eduroam,27,678.9663345813751,B2-01,1,1
304,54:F0:B1:BB:84:B2,,19,678.9663345813751,B2-01,1,1
305,54:F0:B1:BB:84:D0,eduroam,27,678.9663345813751,B2-01,1,1
306,54:F0:B1:BB:84:D1,PoliSemFio,25,678.9663345813751,B2-01,1,1
307,54:F0:B1:BB:92:E0,eduroam,12,678.9663345813751,B2-01,1,1
308,54:F0:B1:BB:92:E1,PoliSemFio,12,678.9663345813751,B2-01,1,1
309,54:F0:B1:BB:BE:12,,17,678.9663345813751,B2-01,1,1
310,54:F0:B1:BB:BE:13,CAEEL,17,678.9663345813751,B2-01,1,1
311,54:F0:B1:BB:C4:D0,eduroam,45,678.9663345813751,B2-01,1,1
312,54:F0:B1:BB:C4:D1,PoliSemFio,42,678.9663345813751,B2-01,1,1
313,54:F0:B1:BB:C4:F0,eduroam,25,678.9663345813751,B2-01,1,1
314,54:F0:B1:BB:C4:F1,PoliSemFio,25,678.9663345813751,B2-01,1,1
315,54:F0:B1:BB:C5:C0,eduroam,29,678.9663345813751,B2-01,1,1
316,54:F0:B1:BB:C5:C1,PoliSemFio,27,678.9663345813751,B2-01,1,1
317,54:F0:B1:BB:C5:C2,,25,678.9663345813751,B2-01,1,1
318,54:F0:B1:BB:C5:C3,MEZANINO,30,678.9663345813751,B2-01,1,1
319,54:F0:B1:BB:CC:E3,eduroam,15,678.9663345813751,B2-01,1,1
320,54:F0:B1:BB:FD:D0,eduroam,27,678.9663345813751,B2-01,1,1
321,54:F0:B1:BB:FD:D1,PoliSemFio,27,678.9663345813751,B2-01,1,1
322,54:F0:B1:BB:FD:D2,,32,678.9663345813751,B2-01,1,1
323,54:F0:B1:BC:09:40,eduroam,14,678.9663345813751,B2-01,1,1
324,54:F0:B1:BC:09:41,PoliSemFio,82,678.9663345813751,B2-01,1,1
325,54:F0:B1:BC:09:42,,84,678.9663345813751,B2-01,1,1
326,54:F0:B1:BC:09:60,eduroam,79,678.9663345813751,B2-01,1,1
327,54:F0:B1:BC:09:61,PoliSemFio,79,678.9663345813751,B2-01,1,1
328,54:F0:B1:BC:0F:D1,PoliSemFio,22,678.9663345813751,B2-01,1,1
329,54:F0:B1:BC:1B:D2,,27,678.9663345813751,B2-01,1,1
330,54:F0:B1:BC:1B:F0,eduroam,14,678.9663345813751,B2-01,1,1
331,54:F0:B1:BC:1B:F1,PoliSemFio,20,678.9663345813751,B2-01,1,1
332,54:F0:B1:BC:2E:90,eduroam,84,678.9663345813751,B2-01,1,1
333,54:F0:B1:BC:2E:91,PoliSemFio,75,678.9663345813751,B2-01,1,1
334,54:F0:B1:BC:2E:92,,59,678.9663345813751,B2-01,1,1
335,54:F0:B1:BC:2E:B0,eduroam,15,678.9663345813751,B2-01,1,1
336,54:F0:B1:BC:2E:B1,PoliSemFio,19,678.9663345813751,B2-01,1,1
337,54:F0:B1:BC:2F:50,eduroam,19,678.9663345813751,B2-01,1,1
338,54:F0:B1:BC:36:10,PoliSemFio,25,678.9663345813751,B2-01,1,1
339,54:F0:B1:BC:36:11,eduroam,24,678.9663345813751,B2-01,1,1
340,54:F0:B1:BC:36:31,eduroam,22,678.9663345813751,B2-01,1,1
341,54:F0:B1:BC:3F:10,eduroam,29,678.9663345813751,B2-01,1,1
342,54:F0:B1:BC:65:B0,eduroam,24,678.9663345813751,B2-01,1,1
343,54:F0:B1:BC:65:B2,,27,678.9663345813751,B2-01,1,1
344,54:F0:B1:BC:65:D0,eduroam,25,678.9663345813751,B2-01,1,1
345,54:F0:B1:BC:65:D1,PoliSemFio,27,678.9663345813751,B2-01,1,1
346,54:F0:B1:BC:65:D2,,27,678.9663345813751,B2-01,1,1
347,54:F0:B1:BC:6F:70,eduroam,27,678.9663345813751,B2-01,1,1
348,54:F0:B1:BC:70:00,eduroam,35,678.9663345813751,B2-01,1,1
349,54:F0:B1:BC:70:01,PoliSemFio,42,678.9663345813751,B2-01,1,1
350,54:F0:B1:BC:70:21,PoliSemFio,9,678.9663345813751,B2-01,1,1
351,54:F0:B1:BC:77:80,eduroam,40,678.9663345813751,B2-01,1,1
352,54:F0:B1:BC:77:81,PoliSemFio,57,678.9663345813751,B2-01,1,1
353,54:F0:B1:BC:77:82,,55,678.9663345813751,B2-01,1,1
354,54:F0:B1:BC:77:A0,eduroam,20,678.9663345813751,B2-01,1,1
355,54:F0:B1:BC:77:A1,PoliSemFio,19,678.9663345813751,B2-01,1,1
356,54:F0:B1:BC:77:A2,,47,678.9663345813751,B2-01,1,1
357,54:F0:B1:BC:8F:20,eduroam,25,678.9663345813751,B2-01,1,1
358,54:F0:B1:BC:8F:21,PoliSemFio,22,678.9663345813751,B2-01,1,1
359,54:F0:B1:BC:8F:22,,25,678.9663345813751,B2-01,1,1
360,56:60:F9:A3:E7:3F,,35,678.9663345813751,B2-01,1,1
361,68:FF:7B:47:78:BD,C1-22M-5G,24,678.9663345813751,B2-01,1,1
362,68:FF:7B:47:78:BE,C1-22M,49,678.9663345813751,B2-01,1,1
363,70:62:B8:6E:72:A0,PCS-wireless-C1-13,37,678.9663345813751,B2-01,1,1
364,70:62:B8:6E:72:A1,PPGEE,35,678.9663345813751,B2-01,1,1
365,84:D4:7E:06:4F:E0,eduroam,47,678.9663345813751,B2-01,1,1
366,84:D4:7E:06:4F:E1,PoliSemFio,75,678.9663345813751,B2-01,1,1
367,84:D4:7E:06:4F:E2,,62,678.9663345813751,B2-01,1,1
368,84:D4:7E:06:4F:F0,eduroam,22,678.9663345813751,B2-01,1,1
369,84:D4:7E:06:4F:F1,PoliSemFio,20,678.9663345813751,B2-01,1,1
370,DC:9F:DB:1C:1F:E0,LWN-3,27,678.9663345813751,B2-01,1,1
371,DE:9F:DB:1C:1F:E0,LARC Guest,24,678.9663345813751,B2-01,1,1
372,EE:9F:DB:1C:1F:E0,,24,678.9663345813751,B2-01,1,1
373,F8:1A:67:99:55:8E,NUCLEAR_CHF,37,678.9663345813751,B2-01,1,1
374,FE:9F:DB:1C:1F:E0,,25,678.9663345813751,B2-01,1,1
375,00:18:E7:FF:8C:98,dlink,37,681.5898394584656,B2-01,1,1
376,00:21:91:70:9D:EC,LAB-DIDATICO,35,681.5898394584656,B2-01,1,1
377,02:E0:DB:48:81:EE,DIRECT-Te-Polycom Pano,27,681.5898394584656,B2-01,1,1
378,04:A1:51:85:27:B3,LAHPC-Wifi_2.4GHz,17,681.5898394584656,B2-01,1,1
379,34:60:F9:A3:D9:13,GASWIFI-5G_C2,25,681.5898394584656,B2-01,1,1
380,34:60:F9:A3:D9:14,GASWIFI-2G_C2,27,681.5898394584656,B2-01,1,1
381,34:60:F9:A3:E7:3F,GASWIFI_C4,37,681.5898394584656,B2-01,1,1
382,34:CE:00:51:3E:6F,Lab,59,681.5898394584656,B2-01,1,1
383,34:CE:00:51:3E:70,Lab_5G,5,681.5898394584656,B2-01,1,1
384,3A:60:F9:A3:D9:14,,32,681.5898394584656,B2-01,1,1
385,48:00:20:34:D2:40,eduroam,27,681.5898394584656,B2-01,1,1
386,54:B8:0A:AA:2C:8C,LAB_DIGITAL,45,681.5898394584656,B2-01,1,1
387,54:B8:0A:AA:2C:8D,PCS-Wireless,44,681.5898394584656,B2-01,1,1
388,54:B8:0A:AA:2C:8E,LAB_DIGITAL-5GHz,14,681.5898394584656,B2-01,1,1
389,54:B8:0A:AA:2C:8F,PCS-Wireless-5GHz,14,681.5898394584656,B2-01,1,1
390,54:F0:B1:A1:18:C0,eduroam,14,681.5898394584656,B2-01,1,1
391,54:F0:B1:A1:18:C1,PoliSemFio,15,681.5898394584656,B2-01,1,1
392,54:F0:B1:A1:18:C3,MEZANINO,14,681.5898394584656,B2-01,1,1
393,54:F0:B1:A1:18:C4,GDLAB,12,681.5898394584656,B2-01,1,1
394,54:F0:B1:A1:18:C5,LABPAD,14,681.5898394584656,B2-01,1,1
395,54:F0:B1:A1:18:D0,eduroam,40,681.5898394584656,B2-01,1,1
396,54:F0:B1:A1:18:D1,PoliSemFio,42,681.5898394584656,B2-01,1,1
397,54:F0:B1:A1:18:D2,,30,681.5898394584656,B2-01,1,1
398,54:F0:B1:A1:18:D3,MEZANINO,27,681.5898394584656,B2-01,1,1
399,54:F0:B1:A1:18:D4,GDLAB,40,681.5898394584656,B2-01,1,1
400,54:F0:B1:A1:18:D5,LABPAD,44,681.5898394584656,B2-01,1,1
401,54:F0:B1:A1:57:F0,eduroam,14,681.5898394584656,B2-01,1,1
402,54:F0:B1:A1:57:F1,PoliSemFio,10,681.5898394584656,B2-01,1,1
403,54:F0:B1:A1:57:F2,,12,681.5898394584656,B2-01,1,1
404,54:F0:B1:A1:58:00,eduroam,25,681.5898394584656,B2-01,1,1
405,54:F0:B1:A1:58:01,PoliSemFio,30,681.5898394584656,B2-01,1,1
406,54:F0:B1:A1:58:02,,30,681.5898394584656,B2-01,1,1
407,54:F0:B1:A1:E4:F0,eduroam,15,681.5898394584656,B2-01,1,1
408,54:F0:B1:A1:E4:F1,PoliSemFio,17,681.5898394584656,B2-01,1,1
409,54:F0:B1:A2:37:E0,eduroam,19,681.5898394584656,B2-01,1,1
410,54:F0:B1:A2:37:E1,PoliSemFio,17,681.5898394584656,B2-01,1,1
411,54:F0:B1:A2:37:E2,,20,681.5898394584656,B2-01,1,1
412,54:F0:B1:A2:57:20,eduroam,14,681.5898394584656,B2-01,1,1
413,54:F0:B1:A2:57:21,PoliSemFio,25,681.5898394584656,B2-01,1,1
414,54:F0:B1:A2:57:22,,24,681.5898394584656,B2-01,1,1
415,54:F0:B1:A2:57:23,LCA,12,681.5898394584656,B2-01,1,1
416,54:F0:B1:A2:57:33,LCA,25,681.5898394584656,B2-01,1,1
417,54:F0:B1:BB:5A:80,eduroam,32,681.5898394584656,B2-01,1,1
418,54:F0:B1:BB:5A:82,HACKER,30,681.5898394584656,B2-01,1,1
419,54:F0:B1:BB:5A:83,LEP,25,681.5898394584656,B2-01,1,1
420,54:F0:B1:BB:7E:E0,eduroam,17,681.5898394584656,B2-01,1,1
421,54:F0:B1:BB:80:C3,LABPROG,27,681.5898394584656,B2-01,1,1
422,54:F0:B1:BB:84:B0,eduroam,27,681.5898394584656,B2-01,1,1
423,54:F0:B1:BB:84:B2,,19,681.5898394584656,B2-01,1,1
424,54:F0:B1:BB:84:D0,eduroam,27,681.5898394584656,B2-01,1,1
425,54:F0:B1:BB:84:D1,PoliSemFio,25,681.5898394584656,B2-01,1,1
426,54:F0:B1:BB:92:E0,eduroam,12,681.5898394584656,B2-01,1,1
427,54:F0:B1:BB:92:E1,PoliSemFio,12,681.5898394584656,B2-01,1,1
428,54:F0:B1:BB:BE:12,,17,681.5898394584656,B2-01,1,1
429,54:F0:B1:BB:BE:13,CAEEL,17,681.5898394584656,B2-01,1,1
430,54:F0:B1:BB:C4:D0,eduroam,45,681.5898394584656,B2-01,1,1
431,54:F0:B1:BB:C4:D1,PoliSemFio,42,681.5898394584656,B2-01,1,1
432,54:F0:B1:BB:C4:F0,eduroam,25,681.5898394584656,B2-01,1,1
433,54:F0:B1:BB:C4:F1,PoliSemFio,25,681.5898394584656,B2-01,1,1
434,54:F0:B1:BB:C5:C0,eduroam,29,681.5898394584656,B2-01,1,1
435,54:F0:B1:BB:C5:C1,PoliSemFio,27,681.5898394584656,B2-01,1,1
436,54:F0:B1:BB:C5:C2,,25,681.5898394584656,B2-01,1,1
437,54:F0:B1:BB:C5:C3,MEZANINO,30,681.5898394584656,B2-01,1,1
438,54:F0:B1:BB:CC:E3,eduroam,15,681.5898394584656,B2-01,1,1
439,54:F0:B1:BB:FD:D0,eduroam,27,681.5898394584656,B2-01,1,1
440,54:F0:B1:BB:FD:D1,PoliSemFio,27,681.5898394584656,B2-01,1,1
441,54:F0:B1:BB:FD:D2,,32,681.5898394584656,B2-01,1,1
442,54:F0:B1:BC:09:40,eduroam,14,681.5898394584656,B2-01,1,1
443,54:F0:B1:BC:09:41,PoliSemFio,82,681.5898394584656,B2-01,1,1
444,54:F0:B1:BC:09:42,,84,681.5898394584656,B2-01,1,1
445,54:F0:B1:BC:09:60,eduroam,59,681.5898394584656,B2-01,1,1
446,54:F0:B1:BC:09:61,PoliSemFio,79,681.5898394584656,B2-01,1,1
447,54:F0:B1:BC:0F:D1,PoliSemFio,22,681.5898394584656,B2-01,1,1
448,54:F0:B1:BC:1B:D2,,27,681.5898394584656,B2-01,1,1
449,54:F0:B1:BC:1B:F0,eduroam,14,681.5898394584656,B2-01,1,1
450,54:F0:B1:BC:1B:F1,PoliSemFio,20,681.5898394584656,B2-01,1,1
451,54:F0:B1:BC:2E:90,eduroam,84,681.5898394584656,B2-01,1,1
452,54:F0:B1:BC:2E:91,PoliSemFio,75,681.5898394584656,B2-01,1,1
453,54:F0:B1:BC:2E:92,,59,681.5898394584656,B2-01,1,1
454,54:F0:B1:BC:2E:B0,eduroam,15,681.5898394584656,B2-01,1,1
455,54:F0:B1:BC:2E:B1,PoliSemFio,19,681.5898394584656,B2-01,1,1
456,54:F0:B1:BC:2F:50,eduroam,19,681.5898394584656,B2-01,1,1
457,54:F0:B1:BC:36:10,PoliSemFio,25,681.5898394584656,B2-01,1,1
458,54:F0:B1:BC:36:11,eduroam,24,681.5898394584656,B2-01,1,1
459,54:F0:B1:BC:36:31,eduroam,22,681.5898394584656,B2-01,1,1
460,54:F0:B1:BC:3F:10,eduroam,29,681.5898394584656,B2-01,1,1
461,54:F0:B1:BC:65:B0,eduroam,24,681.5898394584656,B2-01,1,1
462,54:F0:B1:BC:65:B2,,27,681.5898394584656,B2-01,1,1
463,54:F0:B1:BC:65:D0,eduroam,25,681.5898394584656,B2-01,1,1
464,54:F0:B1:BC:65:D1,PoliSemFio,27,681.5898394584656,B2-01,1,1
465,54:F0:B1:BC:65:D2,,27,681.5898394584656,B2-01,1,1
466,54:F0:B1:BC:6F:70,eduroam,27,681.5898394584656,B2-01,1,1
467,54:F0:B1:BC:70:00,eduroam,35,681.5898394584656,B2-01,1,1
468,54:F0:B1:BC:70:01,PoliSemFio,42,681.5898394584656,B2-01,1,1
469,54:F0:B1:BC:70:21,PoliSemFio,9,681.5898394584656,B2-01,1,1
470,54:F0:B1:BC:77:80,eduroam,40,681.5898394584656,B2-01,1,1
471,54:F0:B1:BC:77:81,PoliSemFio,57,681.5898394584656,B2-01,1,1
472,54:F0:B1:BC:77:82,,55,681.5898394584656,B2-01,1,1
473,54:F0:B1:BC:77:A0,eduroam,20,681.5898394584656,B2-01,1,1
474,54:F0:B1:BC:77:A1,PoliSemFio,19,681.5898394584656,B2-01,1,1
475,54:F0:B1:BC:77:A2,,47,681.5898394584656,B2-01,1,1
476,54:F0:B1:BC:8F:20,eduroam,25,681.5898394584656,B2-01,1,1
477,54:F0:B1:BC:8F:21,PoliSemFio,22,681.5898394584656,B2-01,1,1
478,54:F0:B1:BC:8F:22,,25,681.5898394584656,B2-01,1,1
479,56:60:F9:A3:E7:3F,,35,681.5898394584656,B2-01,1,1
480,68:FF:7B:47:78:BD,C1-22M-5G,24,681.5898394584656,B2-01,1,1
481,68:FF:7B:47:78:BE,C1-22M,49,681.5898394584656,B2-01,1,1
482,70:62:B8:6E:72:A0,PCS-wireless-C1-13,37,681.5898394584656,B2-01,1,1
483,70:62:B8:6E:72:A1,PPGEE,35,681.5898394584656,B2-01,1,1
484,84:D4:7E:06:4F:E0,eduroam,47,681.5898394584656,B2-01,1,1
485,84:D4:7E:06:4F:E1,PoliSemFio,75,681.5898394584656,B2-01,1,1
486,84:D4:7E:06:4F:E2,,62,681.5898394584656,B2-01,1,1
487,84:D4:7E:06:4F:F0,eduroam,22,681.5898394584656,B2-01,1,1
488,84:D4:7E:06:4F:F1,PoliSemFio,20,681.5898394584656,B2-01,1,1
489,DC:9F:DB:1C:1F:E0,LWN-3,27,681.5898394584656,B2-01,1,1
490,DE:9F:DB:1C:1F:E0,LARC Guest,24,681.5898394584656,B2-01,1,1
491,EE:9F:DB:1C:1F:E0,,24,681.5898394584656,B2-01,1,1
492,F8:1A:67:99:55:8E,NUCLEAR_CHF,37,681.5898394584656,B2-01,1,1
493,FE:9F:DB:1C:1F:E0,,25,681.5898394584656,B2-01,1,1
494,00:18:E7:FF:8C:98,dlink,37,687.8793666362762,B2-01,1,1
495,02:E0:DB:48:81:EE,DIRECT-Te-Polycom Pano,27,687.8793666362762,B2-01,1,1
496,34:60:F9:A3:D9:14,GASWIFI-2G_C2,27,687.8793666362762,B2-01,1,1
497,34:60:F9:A3:E7:3F,GASWIFI_C4,37,687.8793666362762,B2-01,1,1
498,34:CE:00:51:3E:6F,Lab,52,687.8793666362762,B2-01,1,1
499,34:CE:00:51:3E:70,Lab_5G,15,687.8793666362762,B2-01,1,1
500,3A:60:F9:A3:D9:14,,32,687.8793666362762,B2-01,1,1
501,48:00:20:34:D2:40,eduroam,24,687.8793666362762,B2-01,1,1
502,54:B8:0A:AA:2C:8C,LAB_DIGITAL,45,687.8793666362762,B2-01,1,1
503,54:B8:0A:AA:2C:8D,PCS-Wireless,44,687.8793666362762,B2-01,1,1
504,54:B8:0A:AA:2C:8E,LAB_DIGITAL-5GHz,14,687.8793666362762,B2-01,1,1
505,54:B8:0A:AA:2C:8F,PCS-Wireless-5GHz,14,687.8793666362762,B2-01,1,1
506,54:F0:B1:A1:18:C0,eduroam,14,687.8793666362762,B2-01,1,1
507,54:F0:B1:A1:18:C1,PoliSemFio,15,687.8793666362762,B2-01,1,1
508,54:F0:B1:A1:18:C3,MEZANINO,14,687.8793666362762,B2-01,1,1
509,54:F0:B1:A1:18:C4,GDLAB,12,687.8793666362762,B2-01,1,1
510,54:F0:B1:A1:18:C5,LABPAD,14,687.8793666362762,B2-01,1,1
511,54:F0:B1:A1:18:D0,eduroam,40,687.8793666362762,B2-01,1,1
512,54:F0:B1:A1:18:D1,PoliSemFio,42,687.8793666362762,B2-01,1,1
513,54:F0:B1:A1:18:D2,,37,687.8793666362762,B2-01,1,1
514,54:F0:B1:A1:18:D3,MEZANINO,40,687.8793666362762,B2-01,1,1
515,54:F0:B1:A1:18:D4,GDLAB,47,687.8793666362762,B2-01,1,1
516,54:F0:B1:A1:18:D5,LABPAD,40,687.8793666362762,B2-01,1,1
517,54:F0:B1:A1:58:00,eduroam,25,687.8793666362762,B2-01,1,1
518,54:F0:B1:A1:58:01,PoliSemFio,30,687.8793666362762,B2-01,1,1
519,54:F0:B1:A1:58:02,,30,687.8793666362762,B2-01,1,1
520,54:F0:B1:A2:37:E0,eduroam,19,687.8793666362762,B2-01,1,1
521,54:F0:B1:A2:37:E1,PoliSemFio,17,687.8793666362762,B2-01,1,1
522,54:F0:B1:A2:37:E2,,20,687.8793666362762,B2-01,1,1
523,54:F0:B1:A2:57:20,eduroam,14,687.8793666362762,B2-01,1,1
524,54:F0:B1:A2:57:23,LCA,12,687.8793666362762,B2-01,1,1
525,54:F0:B1:A2:57:32,,30,687.8793666362762,B2-01,1,1
526,54:F0:B1:A2:57:33,LCA,25,687.8793666362762,B2-01,1,1
527,54:F0:B1:BB:5A:80,eduroam,32,687.8793666362762,B2-01,1,1
528,54:F0:B1:BB:5A:82,HACKER,30,687.8793666362762,B2-01,1,1
529,54:F0:B1:BB:5A:83,LEP,25,687.8793666362762,B2-01,1,1
530,54:F0:B1:BB:84:B0,eduroam,27,687.8793666362762,B2-01,1,1
531,54:F0:B1:BB:84:B1,PoliSemFio,20,687.8793666362762,B2-01,1,1
532,54:F0:B1:BB:84:B2,,19,687.8793666362762,B2-01,1,1
533,54:F0:B1:BB:92:E0,eduroam,12,687.8793666362762,B2-01,1,1
534,54:F0:B1:BB:92:E1,PoliSemFio,12,687.8793666362762,B2-01,1,1
535,54:F0:B1:BB:BE:13,CAEEL,17,687.8793666362762,B2-01,1,1
536,54:F0:B1:BB:C4:D0,eduroam,45,687.8793666362762,B2-01,1,1
537,54:F0:B1:BB:C4:D1,PoliSemFio,62,687.8793666362762,B2-01,1,1
538,54:F0:B1:BB:C4:F0,eduroam,39,687.8793666362762,B2-01,1,1
539,54:F0:B1:BB:C4:F1,PoliSemFio,37,687.8793666362762,B2-01,1,1
540,54:F0:B1:BB:C5:C3,MEZANINO,30,687.8793666362762,B2-01,1,1
541,54:F0:B1:BB:FD:D2,,19,687.8793666362762,B2-01,1,1
542,54:F0:B1:BC:09:40,eduroam,14,687.8793666362762,B2-01,1,1
543,54:F0:B1:BC:09:41,PoliSemFio,92,687.8793666362762,B2-01,1,1
544,54:F0:B1:BC:09:42,,92,687.8793666362762,B2-01,1,1
545,54:F0:B1:BC:09:60,eduroam,56,687.8793666362762,B2-01,1,1
546,54:F0:B1:BC:09:61,PoliSemFio,60,687.8793666362762,B2-01,1,1
547,54:F0:B1:BC:0F:D1,PoliSemFio,22,687.8793666362762,B2-01,1,1
548,54:F0:B1:BC:1B:D2,,27,687.8793666362762,B2-01,1,1
549,54:F0:B1:BC:1B:F0,eduroam,20,687.8793666362762,B2-01,1,1
550,54:F0:B1:BC:1B:F1,PoliSemFio,20,687.8793666362762,B2-01,1,1
551,54:F0:B1:BC:1B:F2,,20,687.8793666362762,B2-01,1,1
552,54:F0:B1:BC:2E:90,eduroam,84,687.8793666362762,B2-01,1,1
553,54:F0:B1:BC:2E:91,PoliSemFio,75,687.8793666362762,B2-01,1,1
554,54:F0:B1:BC:2E:92,,59,687.8793666362762,B2-01,1,1
555,54:F0:B1:BC:2E:B0,eduroam,17,687.8793666362762,B2-01,1,1
556,54:F0:B1:BC:2E:B1,PoliSemFio,17,687.8793666362762,B2-01,1,1
557,54:F0:B1:BC:2F:50,eduroam,19,687.8793666362762,B2-01,1,1
558,54:F0:B1:BC:36:10,PoliSemFio,25,687.8793666362762,B2-01,1,1
559,54:F0:B1:BC:36:11,eduroam,24,687.8793666362762,B2-01,1,1
560,54:F0:B1:BC:3F:10,eduroam,27,687.8793666362762,B2-01,1,1
561,54:F0:B1:BC:65:D0,eduroam,25,687.8793666362762,B2-01,1,1
562,54:F0:B1:BC:65:D1,PoliSemFio,27,687.8793666362762,B2-01,1,1
563,54:F0:B1:BC:65:D2,,27,687.8793666362762,B2-01,1,1
564,54:F0:B1:BC:70:00,eduroam,35,687.8793666362762,B2-01,1,1
565,54:F0:B1:BC:70:01,PoliSemFio,42,687.8793666362762,B2-01,1,1
566,54:F0:B1:BC:70:20,eduroam,15,687.8793666362762,B2-01,1,1
567,54:F0:B1:BC:70:21,PoliSemFio,14,687.8793666362762,B2-01,1,1
568,54:F0:B1:BC:77:80,eduroam,40,687.8793666362762,B2-01,1,1
569,54:F0:B1:BC:77:81,PoliSemFio,57,687.8793666362762,B2-01,1,1
570,54:F0:B1:BC:77:82,,55,687.8793666362762,B2-01,1,1
571,54:F0:B1:BC:77:A0,eduroam,17,687.8793666362762,B2-01,1,1
572,54:F0:B1:BC:77:A1,PoliSemFio,19,687.8793666362762,B2-01,1,1
573,54:F0:B1:BC:8F:20,eduroam,25,687.8793666362762,B2-01,1,1
574,54:F0:B1:BC:8F:22,,24,687.8793666362762,B2-01,1,1
575,56:60:F9:A3:E7:3F,,35,687.8793666362762,B2-01,1,1
576,68:FF:7B:47:78:BD,C1-22M-5G,24,687.8793666362762,B2-01,1,1
577,68:FF:7B:47:78:BE,C1-22M,49,687.8793666362762,B2-01,1,1
578,70:62:B8:6E:72:A0,PCS-wireless-C1-13,37,687.8793666362762,B2-01,1,1
579,70:62:B8:6E:72:A1,PPGEE,35,687.8793666362762,B2-01,1,1
580,84:D4:7E:06:4F:E0,eduroam,59,687.8793666362762,B2-01,1,1
581,84:D4:7E:06:4F:E1,PoliSemFio,74,687.8793666362762,B2-01,1,1
582,84:D4:7E:06:4F:E2,,74,687.8793666362762,B2-01,1,1
583,84:D4:7E:06:4F:F0,eduroam,29,687.8793666362762,B2-01,1,1
584,84:D4:7E:06:4F:F1,PoliSemFio,29,687.8793666362762,B2-01,1,1
585,DE:9F:DB:1C:1F:E0,LARC Guest,24,687.8793666362762,B2-01,1,1
586,EE:9F:DB:1C:1F:E0,,29,687.8793666362762,B2-01,1,1
587,F8:1A:67:99:55:8E,NUCLEAR_CHF,37,687.8793666362762,B2-01,1,1
588,34:60:F9:A3:D9:14,GASWIFI-2G_C2,27,694.1209547519684,B2-01,1,1
589,34:60:F9:A3:E7:3F,GASWIFI_C4,37,694.1209547519684,B2-01,1,1
590,34:CE:00:51:3E:6F,Lab,52,694.1209547519684,B2-01,1,1
591,34:CE:00:51:3E:70,Lab_5G,7,694.1209547519684,B2-01,1,1
592,48:00:20:34:D2:40,eduroam,24,694.1209547519684,B2-01,1,1
593,54:F0:B1:A1:18:C0,eduroam,14,694.1209547519684,B2-01,1,1
594,54:F0:B1:A1:18:C1,PoliSemFio,12,694.1209547519684,B2-01,1,1
595,54:F0:B1:A1:18:C3,MEZANINO,14,694.1209547519684,B2-01,1,1
596,54:F0:B1:A1:18:C4,GDLAB,14,694.1209547519684,B2-01,1,1
597,54:F0:B1:A1:18:C5,LABPAD,12,694.1209547519684,B2-01,1,1
598,54:F0:B1:A1:18:D0,eduroam,40,694.1209547519684,B2-01,1,1
599,54:F0:B1:A1:18:D2,,29,694.1209547519684,B2-01,1,1
600,54:F0:B1:A1:18:D3,MEZANINO,27,694.1209547519684,B2-01,1,1
601,54:F0:B1:A1:18:D4,GDLAB,47,694.1209547519684,B2-01,1,1
602,54:F0:B1:A1:18:D5,LABPAD,29,694.1209547519684,B2-01,1,1
603,54:F0:B1:A1:58:00,eduroam,25,694.1209547519684,B2-01,1,1
604,54:F0:B1:A1:58:01,PoliSemFio,29,694.1209547519684,B2-01,1,1
605,54:F0:B1:A1:58:02,,30,694.1209547519684,B2-01,1,1
606,54:F0:B1:A2:37:E0,eduroam,19,694.1209547519684,B2-01,1,1
607,54:F0:B1:A2:37:E1,PoliSemFio,17,694.1209547519684,B2-01,1,1
608,54:F0:B1:A2:37:E2,,20,694.1209547519684,B2-01,1,1
609,54:F0:B1:A2:57:32,,30,694.1209547519684,B2-01,1,1
610,54:F0:B1:A2:57:33,LCA,25,694.1209547519684,B2-01,1,1
611,54:F0:B1:BB:5A:80,eduroam,32,694.1209547519684,B2-01,1,1
612,54:F0:B1:BB:5A:81,PoliSemFio,25,694.1209547519684,B2-01,1,1
613,54:F0:B1:BB:5A:82,HACKER,25,694.1209547519684,B2-01,1,1
614,54:F0:B1:BB:5A:83,LEP,25,694.1209547519684,B2-01,1,1
615,54:F0:B1:BB:84:B1,PoliSemFio,20,694.1209547519684,B2-01,1,1
616,54:F0:B1:BB:84:B2,,19,694.1209547519684,B2-01,1,1
617,54:F0:B1:BB:BE:13,CAEEL,17,694.1209547519684,B2-01,1,1
618,54:F0:B1:BB:C4:D0,eduroam,45,694.1209547519684,B2-01,1,1
619,54:F0:B1:BB:C4:D1,PoliSemFio,44,694.1209547519684,B2-01,1,1
620,54:F0:B1:BB:C4:F0,eduroam,29,694.1209547519684,B2-01,1,1
621,54:F0:B1:BB:C4:F1,PoliSemFio,29,694.1209547519684,B2-01,1,1
622,54:F0:B1:BB:FD:D2,,19,694.1209547519684,B2-01,1,1
623,54:F0:B1:BC:09:40,eduroam,87,694.1209547519684,B2-01,1,1
624,54:F0:B1:BC:09:41,PoliSemFio,85,694.1209547519684,B2-01,1,1
625,54:F0:B1:BC:09:42,,85,694.1209547519684,B2-01,1,1
626,54:F0:B1:BC:09:60,eduroam,69,694.1209547519684,B2-01,1,1
627,54:F0:B1:BC:09:61,PoliSemFio,69,694.1209547519684,B2-01,1,1
628,54:F0:B1:BC:0F:D1,PoliSemFio,22,694.1209547519684,B2-01,1,1
629,54:F0:B1:BC:1B:D0,eduroam,35,694.1209547519684,B2-01,1,1
630,54:F0:B1:BC:1B:D1,PoliSemFio,35,694.1209547519684,B2-01,1,1
631,54:F0:B1:BC:1B:D2,,35,694.1209547519684,B2-01,1,1
632,54:F0:B1:BC:1B:F0,eduroam,15,694.1209547519684,B2-01,1,1
633,54:F0:B1:BC:1B:F1,PoliSemFio,17,694.1209547519684,B2-01,1,1
634,54:F0:B1:BC:1B:F2,,20,694.1209547519684,B2-01,1,1
635,54:F0:B1:BC:2E:90,eduroam,64,694.1209547519684,B2-01,1,1
636,54:F0:B1:BC:2E:91,PoliSemFio,75,694.1209547519684,B2-01,1,1
637,54:F0:B1:BC:2E:92,,59,694.1209547519684,B2-01,1,1
638,54:F0:B1:BC:2E:B0,eduroam,19,694.1209547519684,B2-01,1,1
639,54:F0:B1:BC:2E:B1,PoliSemFio,20,694.1209547519684,B2-01,1,1
640,54:F0:B1:BC:2F:50,eduroam,19,694.1209547519684,B2-01,1,1
641,54:F0:B1:BC:36:10,PoliSemFio,25,694.1209547519684,B2-01,1,1
642,54:F0:B1:BC:3F:10,eduroam,27,694.1209547519684,B2-01,1,1
643,54:F0:B1:BC:70:00,eduroam,42,694.1209547519684,B2-01,1,1
644,54:F0:B1:BC:70:01,PoliSemFio,39,694.1209547519684,B2-01,1,1
645,54:F0:B1:BC:70:02,,40,694.1209547519684,B2-01,1,1
646,54:F0:B1:BC:70:20,eduroam,9,694.1209547519684,B2-01,1,1
647,54:F0:B1:BC:70:21,PoliSemFio,12,694.1209547519684,B2-01,1,1
648,54:F0:B1:BC:77:80,eduroam,42,694.1209547519684,B2-01,1,1
649,54:F0:B1:BC:77:81,PoliSemFio,45,694.1209547519684,B2-01,1,1
650,54:F0:B1:BC:77:82,,45,694.1209547519684,B2-01,1,1
651,54:F0:B1:BC:77:A0,eduroam,17,694.1209547519684,B2-01,1,1
652,54:F0:B1:BC:77:A1,PoliSemFio,19,694.1209547519684,B2-01,1,1
653,54:F0:B1:BC:8F:20,eduroam,25,694.1209547519684,B2-01,1,1
654,54:F0:B1:BC:8F:22,,24,694.1209547519684,B2-01,1,1
655,56:60:F9:A3:E7:3F,,35,694.1209547519684,B2-01,1,1
656,68:FF:7B:47:78:BE,C1-22M,40,694.1209547519684,B2-01,1,1
657,70:62:B8:6E:72:A0,PCS-wireless-C1-13,37,694.1209547519684,B2-01,1,1
658,70:62:B8:6E:72:A1,PPGEE,35,694.1209547519684,B2-01,1,1
659,84:D4:7E:06:4F:E0,eduroam,62,694.1209547519684,B2-01,1,1
660,84:D4:7E:06:4F:E1,PoliSemFio,59,694.1209547519684,B2-01,1,1
661,84:D4:7E:06:4F:E2,,60,694.1209547519684,B2-01,1,1
662,84:D4:7E:06:4F:F0,eduroam,25,694.1209547519684,B2-01,1,1
663,84:D4:7E:06:4F:F1,PoliSemFio,25,694.1209547519684,B2-01,1,1
664,DE:9F:DB:1C:1F:E0,LARC Guest,24,694.1209547519684,B2-01,1,1
665,EE:9F:DB:1C:1F:E0,,29,694.1209547519684,B2-01,1,1
666,F8:1A:67:99:55:8E,NUCLEAR_CHF,22,694.1209547519684,B2-01,1,1
667,34:60:F9:A3:D9:14,GASWIFI-2G_C2,27,700.4273223876953,B2-01,1,1
668,34:60:F9:A3:E7:3F,GASWIFI_C4,37,700.4273223876953,B2-01,1,1
669,34:CE:00:51:3E:6F,Lab,52,700.4273223876953,B2-01,1,1
670,34:CE:00:51:3E:70,Lab_5G,7,700.4273223876953,B2-01,1,1
671,48:00:20:34:D2:40,eduroam,24,700.4273223876953,B2-01,1,1
672,54:F0:B1:A1:18:C0,eduroam,14,700.4273223876953,B2-01,1,1
673,54:F0:B1:A1:18:C1,PoliSemFio,12,700.4273223876953,B2-01,1,1
674,54:F0:B1:A1:18:C3,MEZANINO,14,700.4273223876953,B2-01,1,1
675,54:F0:B1:A1:18:C4,GDLAB,14,700.4273223876953,B2-01,1,1
676,54:F0:B1:A1:18:C5,LABPAD,12,700.4273223876953,B2-01,1,1
677,54:F0:B1:A1:18:D0,eduroam,40,700.4273223876953,B2-01,1,1
678,54:F0:B1:A1:18:D2,,29,700.4273223876953,B2-01,1,1
679,54:F0:B1:A1:18:D3,MEZANINO,27,700.4273223876953,B2-01,1,1
680,54:F0:B1:A1:18:D4,GDLAB,47,700.4273223876953,B2-01,1,1
681,54:F0:B1:A1:18:D5,LABPAD,29,700.4273223876953,B2-01,1,1
682,54:F0:B1:A1:58:00,eduroam,25,700.4273223876953,B2-01,1,1
683,54:F0:B1:A1:58:01,PoliSemFio,29,700.4273223876953,B2-01,1,1
684,54:F0:B1:A1:58:02,,30,700.4273223876953,B2-01,1,1
685,54:F0:B1:A2:37:E0,eduroam,19,700.4273223876953,B2-01,1,1
686,54:F0:B1:A2:37:E1,PoliSemFio,17,700.4273223876953,B2-01,1,1
687,54:F0:B1:A2:37:E2,,20,700.4273223876953,B2-01,1,1
688,54:F0:B1:A2:57:32,,30,700.4273223876953,B2-01,1,1
689,54:F0:B1:A2:57:33,LCA,25,700.4273223876953,B2-01,1,1
690,54:F0:B1:BB:5A:80,eduroam,32,700.4273223876953,B2-01,1,1
691,54:F0:B1:BB:5A:81,PoliSemFio,25,700.4273223876953,B2-01,1,1
692,54:F0:B1:BB:5A:82,HACKER,25,700.4273223876953,B2-01,1,1
693,54:F0:B1:BB:5A:83,LEP,25,700.4273223876953,B2-01,1,1
694,54:F0:B1:BB:84:B1,PoliSemFio,20,700.4273223876953,B2-01,1,1
695,54:F0:B1:BB:84:B2,,19,700.4273223876953,B2-01,1,1
696,54:F0:B1:BB:BE:13,CAEEL,17,700.4273223876953,B2-01,1,1
697,54:F0:B1:BB:C4:D0,eduroam,45,700.4273223876953,B2-01,1,1
698,54:F0:B1:BB:C4:D1,PoliSemFio,44,700.4273223876953,B2-01,1,1
699,54:F0:B1:BB:C4:F0,eduroam,29,700.4273223876953,B2-01,1,1
700,54:F0:B1:BB:C4:F1,PoliSemFio,29,700.4273223876953,B2-01,1,1
701,54:F0:B1:BB:FD:D2,,19,700.4273223876953,B2-01,1,1
702,54:F0:B1:BC:09:40,eduroam,87,700.4273223876953,B2-01,1,1
703,54:F0:B1:BC:09:41,PoliSemFio,85,700.4273223876953,B2-01,1,1
704,54:F0:B1:BC:09:42,,85,700.4273223876953,B2-01,1,1
705,54:F0:B1:BC:09:60,eduroam,61,700.4273223876953,B2-01,1,1
706,54:F0:B1:BC:09:61,PoliSemFio,69,700.4273223876953,B2-01,1,1
707,54:F0:B1:BC:0F:D1,PoliSemFio,22,700.4273223876953,B2-01,1,1
708,54:F0:B1:BC:1B:D0,eduroam,35,700.4273223876953,B2-01,1,1
709,54:F0:B1:BC:1B:D1,PoliSemFio,35,700.4273223876953,B2-01,1,1
710,54:F0:B1:BC:1B:D2,,35,700.4273223876953,B2-01,1,1
711,54:F0:B1:BC:1B:F0,eduroam,15,700.4273223876953,B2-01,1,1
712,54:F0:B1:BC:1B:F1,PoliSemFio,17,700.4273223876953,B2-01,1,1
713,54:F0:B1:BC:1B:F2,,20,700.4273223876953,B2-01,1,1
714,54:F0:B1:BC:2E:90,eduroam,64,700.4273223876953,B2-01,1,1
715,54:F0:B1:BC:2E:91,PoliSemFio,75,700.4273223876953,B2-01,1,1
716,54:F0:B1:BC:2E:92,,59,700.4273223876953,B2-01,1,1
717,54:F0:B1:BC:2E:B0,eduroam,19,700.4273223876953,B2-01,1,1
718,54:F0:B1:BC:2E:B1,PoliSemFio,20,700.4273223876953,B2-01,1,1
719,54:F0:B1:BC:2F:50,eduroam,19,700.4273223876953,B2-01,1,1
720,54:F0:B1:BC:36:10,PoliSemFio,25,700.4273223876953,B2-01,1,1
721,54:F0:B1:BC:3F:10,eduroam,27,700.4273223876953,B2-01,1,1
722,54:F0:B1:BC:70:00,eduroam,42,700.4273223876953,B2-01,1,1
723,54:F0:B1:BC:70:01,PoliSemFio,39,700.4273223876953,B2-01,1,1
724,54:F0:B1:BC:70:02,,40,700.4273223876953,B2-01,1,1
725,54:F0:B1:BC:70:20,eduroam,9,700.4273223876953,B2-01,1,1
726,54:F0:B1:BC:70:21,PoliSemFio,12,700.4273223876953,B2-01,1,1
727,54:F0:B1:BC:77:80,eduroam,42,700.4273223876953,B2-01,1,1
728,54:F0:B1:BC:77:81,PoliSemFio,45,700.4273223876953,B2-01,1,1
729,54:F0:B1:BC:77:82,,45,700.4273223876953,B2-01,1,1
730,54:F0:B1:BC:77:A0,eduroam,17,700.4273223876953,B2-01,1,1
731,54:F0:B1:BC:77:A1,PoliSemFio,19,700.4273223876953,B2-01,1,1
732,54:F0:B1:BC:8F:20,eduroam,25,700.4273223876953,B2-01,1,1
733,54:F0:B1:BC:8F:22,,24,700.4273223876953,B2-01,1,1
734,56:60:F9:A3:E7:3F,,35,700.4273223876953,B2-01,1,1
735,68:FF:7B:47:78:BE,C1-22M,40,700.4273223876953,B2-01,1,1
736,70:62:B8:6E:72:A0,PCS-wireless-C1-13,37,700.4273223876953,B2-01,1,1
737,70:62:B8:6E:72:A1,PPGEE,35,700.4273223876953,B2-01,1,1
738,84:D4:7E:06:4F:E0,eduroam,62,700.4273223876953,B2-01,1,1
739,84:D4:7E:06:4F:E1,PoliSemFio,59,700.4273223876953,B2-01,1,1
740,84:D4:7E:06:4F:E2,,60,700.4273223876953,B2-01,1,1
741,84:D4:7E:06:4F:F0,eduroam,25,700.4273223876953,B2-01,1,1
742,84:D4:7E:06:4F:F1,PoliSemFio,25,700.4273223876953,B2-01,1,1
743,DE:9F:DB:1C:1F:E0,LARC Guest,24,700.4273223876953,B2-01,1,1
744,EE:9F:DB:1C:1F:E0,,29,700.4273223876953,B2-01,1,1
745,F8:1A:67:99:55:8E,NUCLEAR_CHF,22,700.4273223876953,B2-01,1,1
746,00:21:91:70:9D:EC,LAB-DIDATICO,25,706.7226965427399,B2-01,1,1
747,34:60:F9:A3:D9:14,GASWIFI-2G_C2,29,706.7226965427399,B2-01,1,1
748,34:60:F9:A3:E7:3F,GASWIFI_C4,37,706.7226965427399,B2-01,1,1
749,34:CE:00:51:3E:6F,Lab,52,706.7226965427399,B2-01,1,1
750,34:CE:00:51:3E:70,Lab_5G,15,706.7226965427399,B2-01,1,1
751,48:00:20:34:D2:40,eduroam,24,706.7226965427399,B2-01,1,1
752,54:F0:B1:A1:18:C0,eduroam,24,706.7226965427399,B2-01,1,1
753,54:F0:B1:A1:18:C1,PoliSemFio,24,706.7226965427399,B2-01,1,1
754,54:F0:B1:A1:18:C3,MEZANINO,24,706.7226965427399,B2-01,1,1
755,54:F0:B1:A1:18:C4,GDLAB,24,706.7226965427399,B2-01,1,1
756,54:F0:B1:A1:18:C5,LABPAD,24,706.7226965427399,B2-01,1,1
757,54:F0:B1:A1:18:D0,eduroam,40,706.7226965427399,B2-01,1,1
758,54:F0:B1:A1:18:D1,PoliSemFio,37,706.7226965427399,B2-01,1,1
759,54:F0:B1:A1:18:D2,,37,706.7226965427399,B2-01,1,1
760,54:F0:B1:A1:18:D3,MEZANINO,27,706.7226965427399,B2-01,1,1
761,54:F0:B1:A1:18:D4,GDLAB,44,706.7226965427399,B2-01,1,1
762,54:F0:B1:A1:18:D5,LABPAD,29,706.7226965427399,B2-01,1,1
763,54:F0:B1:A1:58:00,eduroam,22,706.7226965427399,B2-01,1,1
764,54:F0:B1:A1:58:01,PoliSemFio,29,706.7226965427399,B2-01,1,1
765,54:F0:B1:A1:58:02,,30,706.7226965427399,B2-01,1,1
766,54:F0:B1:A1:E5:02,,27,706.7226965427399,B2-01,1,1
767,54:F0:B1:A2:37:E0,eduroam,19,706.7226965427399,B2-01,1,1
768,54:F0:B1:A2:37:E1,PoliSemFio,17,706.7226965427399,B2-01,1,1
769,54:F0:B1:A2:37:E2,,20,706.7226965427399,B2-01,1,1
770,54:F0:B1:A2:57:32,,32,706.7226965427399,B2-01,1,1
771,54:F0:B1:A2:57:33,LCA,25,706.7226965427399,B2-01,1,1
772,54:F0:B1:BB:5A:80,eduroam,32,706.7226965427399,B2-01,1,1
773,54:F0:B1:BB:5A:81,PoliSemFio,35,706.7226965427399,B2-01,1,1
774,54:F0:B1:BB:5A:82,HACKER,37,706.7226965427399,B2-01,1,1
775,54:F0:B1:BB:5A:83,LEP,39,706.7226965427399,B2-01,1,1
776,54:F0:B1:BB:84:B0,eduroam,19,706.7226965427399,B2-01,1,1
777,54:F0:B1:BB:84:B1,PoliSemFio,20,706.7226965427399,B2-01,1,1
778,54:F0:B1:BB:84:B2,,19,706.7226965427399,B2-01,1,1
779,54:F0:B1:BB:BE:13,CAEEL,14,706.7226965427399,B2-01,1,1
780,54:F0:B1:BB:C4:D0,eduroam,64,706.7226965427399,B2-01,1,1
781,54:F0:B1:BB:C4:D1,PoliSemFio,64,706.7226965427399,B2-01,1,1
782,54:F0:B1:BB:C4:F0,eduroam,39,706.7226965427399,B2-01,1,1
783,54:F0:B1:BB:C4:F1,PoliSemFio,37,706.7226965427399,B2-01,1,1
784,54:F0:B1:BB:FD:D0,eduroam,12,706.7226965427399,B2-01,1,1
785,54:F0:B1:BB:FD:D2,,19,706.7226965427399,B2-01,1,1
786,54:F0:B1:BC:09:40,eduroam,72,706.7226965427399,B2-01,1,1
787,54:F0:B1:BC:09:41,PoliSemFio,85,706.7226965427399,B2-01,1,1
788,54:F0:B1:BC:09:42,,85,706.7226965427399,B2-01,1,1
789,54:F0:B1:BC:09:60,eduroam,68,706.7226965427399,B2-01,1,1
790,54:F0:B1:BC:09:61,PoliSemFio,80,706.7226965427399,B2-01,1,1
791,54:F0:B1:BC:0F:D1,PoliSemFio,22,706.7226965427399,B2-01,1,1
792,54:F0:B1:BC:1B:D0,eduroam,35,706.7226965427399,B2-01,1,1
793,54:F0:B1:BC:1B:D1,PoliSemFio,35,706.7226965427399,B2-01,1,1
794,54:F0:B1:BC:1B:D2,,57,706.7226965427399,B2-01,1,1
795,54:F0:B1:BC:1B:F0,eduroam,19,706.7226965427399,B2-01,1,1
796,54:F0:B1:BC:1B:F1,PoliSemFio,19,706.7226965427399,B2-01,1,1
797,54:F0:B1:BC:1B:F2,,20,706.7226965427399,B2-01,1,1
798,54:F0:B1:BC:2E:90,eduroam,64,706.7226965427399,B2-01,1,1
799,54:F0:B1:BC:2E:91,PoliSemFio,75,706.7226965427399,B2-01,1,1
800,54:F0:B1:BC:2E:92,,59,706.7226965427399,B2-01,1,1
801,54:F0:B1:BC:2E:B0,eduroam,12,706.7226965427399,B2-01,1,1
802,54:F0:B1:BC:2E:B1,PoliSemFio,10,706.7226965427399,B2-01,1,1
803,54:F0:B1:BC:2E:B2,,10,706.7226965427399,B2-01,1,1
804,54:F0:B1:BC:2F:50,eduroam,19,706.7226965427399,B2-01,1,1
805,54:F0:B1:BC:36:10,PoliSemFio,27,706.7226965427399,B2-01,1,1
806,54:F0:B1:BC:36:11,eduroam,27,706.7226965427399,B2-01,1,1
807,54:F0:B1:BC:3F:10,eduroam,27,706.7226965427399,B2-01,1,1
808,54:F0:B1:BC:3F:12,,35,706.7226965427399,B2-01,1,1
809,54:F0:B1:BC:65:B0,eduroam,20,706.7226965427399,B2-01,1,1
810,54:F0:B1:BC:65:B1,PoliSemFio,22,706.7226965427399,B2-01,1,1
811,54:F0:B1:BC:65:B2,,24,706.7226965427399,B2-01,1,1
812,54:F0:B1:BC:70:00,eduroam,42,706.7226965427399,B2-01,1,1
813,54:F0:B1:BC:70:01,PoliSemFio,40,706.7226965427399,B2-01,1,1
814,54:F0:B1:BC:70:02,,40,706.7226965427399,B2-01,1,1
815,54:F0:B1:BC:70:20,eduroam,15,706.7226965427399,B2-01,1,1
816,54:F0:B1:BC:70:21,PoliSemFio,17,706.7226965427399,B2-01,1,1
817,54:F0:B1:BC:77:80,eduroam,57,706.7226965427399,B2-01,1,1
818,54:F0:B1:BC:77:81,PoliSemFio,54,706.7226965427399,B2-01,1,1
819,54:F0:B1:BC:77:82,,54,706.7226965427399,B2-01,1,1
820,54:F0:B1:BC:77:A0,eduroam,17,706.7226965427399,B2-01,1,1
821,54:F0:B1:BC:77:A1,PoliSemFio,15,706.7226965427399,B2-01,1,1
822,54:F0:B1:BC:8F:20,eduroam,25,706.7226965427399,B2-01,1,1
823,54:F0:B1:BC:8F:22,,24,706.7226965427399,B2-01,1,1
824,56:60:F9:A3:E7:3F,,35,706.7226965427399,B2-01,1,1
825,68:FF:7B:47:78:BE,C1-22M,40,706.7226965427399,B2-01,1,1
826,70:62:B8:6E:72:A0,PCS-wireless-C1-13,37,706.7226965427399,B2-01,1,1
827,70:62:B8:6E:72:A1,PPGEE,35,706.7226965427399,B2-01,1,1
828,84:D4:7E:06:4F:E0,eduroam,62,706.7226965427399,B2-01,1,1
829,84:D4:7E:06:4F:E1,PoliSemFio,77,706.7226965427399,B2-01,1,1
830,84:D4:7E:06:4F:E2,,60,706.7226965427399,B2-01,1,1
831,84:D4:7E:06:4F:F0,eduroam,27,706.7226965427399,B2-01,1,1
832,84:D4:7E:06:4F:F1,PoliSemFio,27,706.7226965427399,B2-01,1,1
833,AA:6B:AD:82:46:CC,DIRECT-cc-HP M132f LaserJet,19,706.7226965427399,B2-01,1,1
834,DE:9F:DB:1C:1F:E0,LARC Guest,27,706.7226965427399,B2-01,1,1
835,EE:9F:DB:1C:1F:E0,,27,706.7226965427399,B2-01,1,1
836,F8:1A:67:99:55:8E,NUCLEAR_CHF,37,706.7226965427399,B2-01,1,1
837,FE:9F:DB:1C:1F:E0,,27,706.7226965427399,B2-01,1,1
838,00:21:91:70:9D:EC,LAB-DIDATICO,25,713.0043978691101,B2-01,1,1
839,34:60:F9:A3:D9:14,GASWIFI-2G_C2,29,713.0043978691101,B2-01,1,1
840,34:60:F9:A3:E7:3F,GASWIFI_C4,37,713.0043978691101,B2-01,1,1
841,34:CE:00:51:3E:6F,Lab,57,713.0043978691101,B2-01,1,1
842,34:CE:00:51:3E:70,Lab_5G,10,713.0043978691101,B2-01,1,1
843,48:00:20:34:D2:40,eduroam,24,713.0043978691101,B2-01,1,1
844,54:F0:B1:A1:18:C0,eduroam,24,713.0043978691101,B2-01,1,1
845,54:F0:B1:A1:18:C1,PoliSemFio,24,713.0043978691101,B2-01,1,1
846,54:F0:B1:A1:18:C3,MEZANINO,24,713.0043978691101,B2-01,1,1
847,54:F0:B1:A1:18:C4,GDLAB,14,713.0043978691101,B2-01,1,1
848,54:F0:B1:A1:18:C5,LABPAD,15,713.0043978691101,B2-01,1,1
849,54:F0:B1:A1:18:D0,eduroam,40,713.0043978691101,B2-01,1,1
850,54:F0:B1:A1:18:D1,PoliSemFio,37,713.0043978691101,B2-01,1,1
851,54:F0:B1:A1:18:D2,,37,713.0043978691101,B2-01,1,1
852,54:F0:B1:A1:18:D3,MEZANINO,29,713.0043978691101,B2-01,1,1
853,54:F0:B1:A1:18:D4,GDLAB,32,713.0043978691101,B2-01,1,1
854,54:F0:B1:A1:18:D5,LABPAD,29,713.0043978691101,B2-01,1,1
855,54:F0:B1:A1:58:00,eduroam,12,713.0043978691101,B2-01,1,1
856,54:F0:B1:A1:58:01,PoliSemFio,30,713.0043978691101,B2-01,1,1
857,54:F0:B1:A1:58:02,,30,713.0043978691101,B2-01,1,1
858,54:F0:B1:A1:E5:02,,27,713.0043978691101,B2-01,1,1
859,54:F0:B1:A2:57:32,,32,713.0043978691101,B2-01,1,1
860,54:F0:B1:A2:57:33,LCA,25,713.0043978691101,B2-01,1,1
861,54:F0:B1:BB:5A:80,eduroam,32,713.0043978691101,B2-01,1,1
862,54:F0:B1:BB:5A:81,PoliSemFio,24,713.0043978691101,B2-01,1,1
863,54:F0:B1:BB:5A:82,HACKER,27,713.0043978691101,B2-01,1,1
864,54:F0:B1:BB:5A:83,LEP,39,713.0043978691101,B2-01,1,1
865,54:F0:B1:BB:84:B0,eduroam,19,713.0043978691101,B2-01,1,1
866,54:F0:B1:BB:84:B1,PoliSemFio,20,713.0043978691101,B2-01,1,1
867,54:F0:B1:BB:BE:13,CAEEL,14,713.0043978691101,B2-01,1,1
868,54:F0:B1:BB:C4:D0,eduroam,64,713.0043978691101,B2-01,1,1
869,54:F0:B1:BB:C4:D1,PoliSemFio,64,713.0043978691101,B2-01,1,1
870,54:F0:B1:BB:C4:D2,,44,713.0043978691101,B2-01,1,1
871,54:F0:B1:BB:C4:F0,eduroam,25,713.0043978691101,B2-01,1,1
872,54:F0:B1:BB:C4:F1,PoliSemFio,25,713.0043978691101,B2-01,1,1
873,54:F0:B1:BB:FD:D0,eduroam,22,713.0043978691101,B2-01,1,1
874,54:F0:B1:BB:FD:D1,PoliSemFio,32,713.0043978691101,B2-01,1,1
875,54:F0:B1:BB:FD:D2,,30,713.0043978691101,B2-01,1,1
876,54:F0:B1:BC:09:40,eduroam,89,713.0043978691101,B2-01,1,1
877,54:F0:B1:BC:09:41,PoliSemFio,84,713.0043978691101,B2-01,1,1
878,54:F0:B1:BC:09:42,,84,713.0043978691101,B2-01,1,1
879,54:F0:B1:BC:09:60,eduroam,60,713.0043978691101,B2-01,1,1
880,54:F0:B1:BC:09:61,PoliSemFio,67,713.0043978691101,B2-01,1,1
881,54:F0:B1:BC:1B:D0,eduroam,35,713.0043978691101,B2-01,1,1
882,54:F0:B1:BC:1B:D1,PoliSemFio,37,713.0043978691101,B2-01,1,1
883,54:F0:B1:BC:1B:D2,,37,713.0043978691101,B2-01,1,1
884,54:F0:B1:BC:1B:F0,eduroam,19,713.0043978691101,B2-01,1,1
885,54:F0:B1:BC:1B:F1,PoliSemFio,19,713.0043978691101,B2-01,1,1
886,54:F0:B1:BC:1B:F2,,20,713.0043978691101,B2-01,1,1
887,54:F0:B1:BC:2E:90,eduroam,60,713.0043978691101,B2-01,1,1
888,54:F0:B1:BC:2E:91,PoliSemFio,60,713.0043978691101,B2-01,1,1
889,54:F0:B1:BC:2E:92,,62,713.0043978691101,B2-01,1,1
890,54:F0:B1:BC:2E:B0,eduroam,19,713.0043978691101,B2-01,1,1
891,54:F0:B1:BC:2E:B1,PoliSemFio,19,713.0043978691101,B2-01,1,1
892,54:F0:B1:BC:2E:B2,,19,713.0043978691101,B2-01,1,1
893,54:F0:B1:BC:36:10,PoliSemFio,27,713.0043978691101,B2-01,1,1
894,54:F0:B1:BC:36:11,eduroam,27,713.0043978691101,B2-01,1,1
895,54:F0:B1:BC:3F:10,eduroam,27,713.0043978691101,B2-01,1,1
896,54:F0:B1:BC:3F:12,,35,713.0043978691101,B2-01,1,1
897,54:F0:B1:BC:65:B0,eduroam,20,713.0043978691101,B2-01,1,1
898,54:F0:B1:BC:65:B1,PoliSemFio,22,713.0043978691101,B2-01,1,1
899,54:F0:B1:BC:65:B2,,24,713.0043978691101,B2-01,1,1
900,54:F0:B1:BC:70:00,eduroam,44,713.0043978691101,B2-01,1,1
901,54:F0:B1:BC:70:01,PoliSemFio,40,713.0043978691101,B2-01,1,1
902,54:F0:B1:BC:70:02,,39,713.0043978691101,B2-01,1,1
903,54:F0:B1:BC:70:20,eduroam,15,713.0043978691101,B2-01,1,1
904,54:F0:B1:BC:70:21,PoliSemFio,17,713.0043978691101,B2-01,1,1
905,54:F0:B1:BC:77:80,eduroam,57,713.0043978691101,B2-01,1,1
906,54:F0:B1:BC:77:81,PoliSemFio,54,713.0043978691101,B2-01,1,1
907,54:F0:B1:BC:77:82,,54,713.0043978691101,B2-01,1,1
908,54:F0:B1:BC:77:A0,eduroam,20,713.0043978691101,B2-01,1,1
909,54:F0:B1:BC:77:A1,PoliSemFio,20,713.0043978691101,B2-01,1,1
910,54:F0:B1:BC:8F:22,,24,713.0043978691101,B2-01,1,1
911,56:60:F9:A3:E7:3F,,35,713.0043978691101,B2-01,1,1
912,68:FF:7B:47:78:BE,C1-22M,45,713.0043978691101,B2-01,1,1
913,70:62:B8:6E:72:A0,PCS-wireless-C1-13,32,713.0043978691101,B2-01,1,1
914,70:62:B8:6E:72:A1,PPGEE,35,713.0043978691101,B2-01,1,1
915,84:D4:7E:06:4F:E0,eduroam,62,713.0043978691101,B2-01,1,1
916,84:D4:7E:06:4F:E1,PoliSemFio,59,713.0043978691101,B2-01,1,1
917,84:D4:7E:06:4F:E2,,60,713.0043978691101,B2-01,1,1
918,84:D4:7E:06:4F:F0,eduroam,22,713.0043978691101,B2-01,1,1
919,84:D4:7E:06:4F:F1,PoliSemFio,20,713.0043978691101,B2-01,1,1
920,AA:6B:AD:82:46:CC,DIRECT-cc-HP M132f LaserJet,19,713.0043978691101,B2-01,1,1
921,DE:9F:DB:1C:1F:E0,LARC Guest,27,713.0043978691101,B2-01,1,1
922,EE:9F:DB:1C:1F:E0,,27,713.0043978691101,B2-01,1,1
923,F8:1A:67:99:55:8E,NUCLEAR_CHF,25,713.0043978691101,B2-01,1,1
924,FE:9F:DB:1C:1F:E0,,27,713.0043978691101,B2-01,1,1
925,00:21:91:70:9D:EC,LAB-DIDATICO,25,719.2759737968445,B2-01,1,1
926,34:60:F9:A3:D9:14,GASWIFI-2G_C2,27,719.2759737968445,B2-01,1,1
927,34:CE:00:51:3E:6F,Lab,54,719.2759737968445,B2-01,1,1
928,34:CE:00:51:3E:70,Lab_5G,15,719.2759737968445,B2-01,1,1
929,48:00:20:34:D2:40,eduroam,24,719.2759737968445,B2-01,1,1
930,54:B8:0A:AA:2C:8D,PCS-Wireless,40,719.2759737968445,B2-01,1,1
931,54:F0:B1:A1:18:C0,eduroam,24,719.2759737968445,B2-01,1,1
932,54:F0:B1:A1:18:C1,PoliSemFio,25,719.2759737968445,B2-01,1,1
933,54:F0:B1:A1:18:C3,MEZANINO,24,719.2759737968445,B2-01,1,1
934,54:F0:B1:A1:18:C4,GDLAB,25,719.2759737968445,B2-01,1,1
935,54:F0:B1:A1:18:C5,LABPAD,24,719.2759737968445,B2-01,1,1
936,54:F0:B1:A1:18:D0,eduroam,40,719.2759737968445,B2-01,1,1
937,54:F0:B1:A1:18:D1,PoliSemFio,37,719.2759737968445,B2-01,1,1
938,54:F0:B1:A1:18:D2,,34,719.2759737968445,B2-01,1,1
939,54:F0:B1:A1:18:D3,MEZANINO,37,719.2759737968445,B2-01,1,1
940,54:F0:B1:A1:18:D4,GDLAB,40,719.2759737968445,B2-01,1,1
941,54:F0:B1:A1:18:D5,LABPAD,29,719.2759737968445,B2-01,1,1
942,54:F0:B1:A1:58:00,eduroam,27,719.2759737968445,B2-01,1,1
943,54:F0:B1:A1:58:01,PoliSemFio,27,719.2759737968445,B2-01,1,1
944,54:F0:B1:A1:58:02,,30,719.2759737968445,B2-01,1,1
945,54:F0:B1:A1:E5:00,eduroam,20,719.2759737968445,B2-01,1,1
946,54:F0:B1:A1:E5:02,,27,719.2759737968445,B2-01,1,1
947,54:F0:B1:A2:37:E2,,19,719.2759737968445,B2-01,1,1
948,54:F0:B1:A2:57:32,,32,719.2759737968445,B2-01,1,1
949,54:F0:B1:A2:57:33,LCA,25,719.2759737968445,B2-01,1,1
950,54:F0:B1:BB:5A:80,eduroam,32,719.2759737968445,B2-01,1,1
951,54:F0:B1:BB:5A:81,PoliSemFio,24,719.2759737968445,B2-01,1,1
952,54:F0:B1:BB:5A:82,HACKER,27,719.2759737968445,B2-01,1,1
953,54:F0:B1:BB:5A:83,LEP,39,719.2759737968445,B2-01,1,1
954,54:F0:B1:BB:84:B0,eduroam,30,719.2759737968445,B2-01,1,1
955,54:F0:B1:BB:84:B1,PoliSemFio,20,719.2759737968445,B2-01,1,1
956,54:F0:B1:BB:BE:13,CAEEL,14,719.2759737968445,B2-01,1,1
957,54:F0:B1:BB:C4:D0,eduroam,65,719.2759737968445,B2-01,1,1
958,54:F0:B1:BB:C4:D1,PoliSemFio,64,719.2759737968445,B2-01,1,1
959,54:F0:B1:BB:C4:D2,,44,719.2759737968445,B2-01,1,1
960,54:F0:B1:BB:C4:F0,eduroam,39,719.2759737968445,B2-01,1,1
961,54:F0:B1:BB:C4:F1,PoliSemFio,39,719.2759737968445,B2-01,1,1
962,54:F0:B1:BB:FD:D0,eduroam,10,719.2759737968445,B2-01,1,1
963,54:F0:B1:BB:FD:D1,PoliSemFio,32,719.2759737968445,B2-01,1,1
964,54:F0:B1:BB:FD:D2,,30,719.2759737968445,B2-01,1,1
965,54:F0:B1:BC:09:40,eduroam,72,719.2759737968445,B2-01,1,1
966,54:F0:B1:BC:09:41,PoliSemFio,90,719.2759737968445,B2-01,1,1
967,54:F0:B1:BC:09:42,,90,719.2759737968445,B2-01,1,1
968,54:F0:B1:BC:09:60,eduroam,80,719.2759737968445,B2-01,1,1
969,54:F0:B1:BC:09:61,PoliSemFio,80,719.2759737968445,B2-01,1,1
970,54:F0:B1:BC:1B:D0,eduroam,35,719.2759737968445,B2-01,1,1
971,54:F0:B1:BC:1B:D1,PoliSemFio,54,719.2759737968445,B2-01,1,1
972,54:F0:B1:BC:1B:D2,,54,719.2759737968445,B2-01,1,1
973,54:F0:B1:BC:1B:F0,eduroam,19,719.2759737968445,B2-01,1,1
974,54:F0:B1:BC:1B:F1,PoliSemFio,20,719.2759737968445,B2-01,1,1
975,54:F0:B1:BC:1B:F2,,20,719.2759737968445,B2-01,1,1
976,54:F0:B1:BC:2E:90,eduroam,70,719.2759737968445,B2-01,1,1
977,54:F0:B1:BC:2E:91,PoliSemFio,60,719.2759737968445,B2-01,1,1
978,54:F0:B1:BC:2E:92,,62,719.2759737968445,B2-01,1,1
979,54:F0:B1:BC:2E:B0,eduroam,10,719.2759737968445,B2-01,1,1
980,54:F0:B1:BC:2E:B1,PoliSemFio,19,719.2759737968445,B2-01,1,1
981,54:F0:B1:BC:2E:B2,,19,719.2759737968445,B2-01,1,1
982,54:F0:B1:BC:36:10,PoliSemFio,27,719.2759737968445,B2-01,1,1
983,54:F0:B1:BC:36:11,eduroam,25,719.2759737968445,B2-01,1,1
984,54:F0:B1:BC:36:12,,25,719.2759737968445,B2-01,1,1
985,54:F0:B1:BC:3F:10,eduroam,27,719.2759737968445,B2-01,1,1
986,54:F0:B1:BC:3F:12,,35,719.2759737968445,B2-01,1,1
987,54:F0:B1:BC:65:B0,eduroam,20,719.2759737968445,B2-01,1,1
988,54:F0:B1:BC:65:B1,PoliSemFio,22,719.2759737968445,B2-01,1,1
989,54:F0:B1:BC:65:B2,,24,719.2759737968445,B2-01,1,1
990,54:F0:B1:BC:70:00,eduroam,44,719.2759737968445,B2-01,1,1
991,54:F0:B1:BC:70:01,PoliSemFio,39,719.2759737968445,B2-01,1,1
992,54:F0:B1:BC:70:02,,39,719.2759737968445,B2-01,1,1
993,54:F0:B1:BC:70:20,eduroam,10,719.2759737968445,B2-01,1,1
994,54:F0:B1:BC:70:21,PoliSemFio,12,719.2759737968445,B2-01,1,1
995,54:F0:B1:BC:77:80,eduroam,57,719.2759737968445,B2-01,1,1
996,54:F0:B1:BC:77:81,PoliSemFio,55,719.2759737968445,B2-01,1,1
997,54:F0:B1:BC:77:82,,54,719.2759737968445,B2-01,1,1
998,54:F0:B1:BC:77:A0,eduroam,20,719.2759737968445,B2-01,1,1
999,54:F0:B1:BC:77:A1,PoliSemFio,20,719.2759737968445,B2-01,1,1
1000,54:F0:B1:BC:8F:20,eduroam,19,719.2759737968445,B2-01,1,1
1001,54:F0:B1:BC:8F:22,,24,719.2759737968445,B2-01,1,1
1002,56:60:F9:A3:E7:3F,,35,719.2759737968445,B2-01,1,1
1003,68:FF:7B:47:78:BE,C1-22M,40,719.2759737968445,B2-01,1,1
1004,70:62:B8:6E:72:A0,PCS-wireless-C1-13,39,719.2759737968445,B2-01,1,1
1005,70:62:B8:6E:72:A1,PPGEE,40,719.2759737968445,B2-01,1,1
1006,84:D4:7E:06:4F:E0,eduroam,65,719.2759737968445,B2-01,1,1
1007,84:D4:7E:06:4F:E1,PoliSemFio,59,719.2759737968445,B2-01,1,1
1008,84:D4:7E:06:4F:E2,,75,719.2759737968445,B2-01,1,1
1009,84:D4:7E:06:4F:F0,eduroam,27,719.2759737968445,B2-01,1,1
1010,84:D4:7E:06:4F:F1,PoliSemFio,29,719.2759737968445,B2-01,1,1
1011,AA:6B:AD:82:46:CC,DIRECT-cc-HP M132f LaserJet,19,719.2759737968445,B2-01,1,1
1012,DE:9F:DB:1C:1F:E0,LARC Guest,27,719.2759737968445,B2-01,1,1
1013,EE:9F:DB:1C:1F:E0,,27,719.2759737968445,B2-01,1,1
1014,F8:1A:67:99:55:8E,NUCLEAR_CHF,39,719.2759737968445,B2-01,1,1
1015,FE:9F:DB:1C:1F:E0,,27,719.2759737968445,B2-01,1,1
1016,00:21:91:70:9D:EC,LAB-DIDATICO,25,725.5795607566833,B2-01,1,1
1017,34:60:F9:A3:D9:14,GASWIFI-2G_C2,27,725.5795607566833,B2-01,1,1
1018,34:CE:00:51:3E:6F,Lab,54,725.5795607566833,B2-01,1,1
1019,34:CE:00:51:3E:70,Lab_5G,15,725.5795607566833,B2-01,1,1
1020,48:00:20:34:D2:40,eduroam,24,725.5795607566833,B2-01,1,1
1021,54:B8:0A:AA:2C:8D,PCS-Wireless,40,725.5795607566833,B2-01,1,1
1022,54:F0:B1:A1:18:C0,eduroam,24,725.5795607566833,B2-01,1,1
1023,54:F0:B1:A1:18:C1,PoliSemFio,25,725.5795607566833,B2-01,1,1
1024,54:F0:B1:A1:18:C3,MEZANINO,24,725.5795607566833,B2-01,1,1
1025,54:F0:B1:A1:18:C4,GDLAB,25,725.5795607566833,B2-01,1,1
1026,54:F0:B1:A1:18:C5,LABPAD,24,725.5795607566833,B2-01,1,1
1027,54:F0:B1:A1:18:D0,eduroam,40,725.5795607566833,B2-01,1,1
1028,54:F0:B1:A1:18:D1,PoliSemFio,37,725.5795607566833,B2-01,1,1
1029,54:F0:B1:A1:18:D2,,34,725.5795607566833,B2-01,1,1
1030,54:F0:B1:A1:18:D3,MEZANINO,37,725.5795607566833,B2-01,1,1
1031,54:F0:B1:A1:18:D4,GDLAB,40,725.5795607566833,B2-01,1,1
1032,54:F0:B1:A1:18:D5,LABPAD,29,725.5795607566833,B2-01,1,1
1033,54:F0:B1:A1:58:00,eduroam,27,725.5795607566833,B2-01,1,1
1034,54:F0:B1:A1:58:01,PoliSemFio,27,725.5795607566833,B2-01,1,1
1035,54:F0:B1:A1:58:02,,30,725.5795607566833,B2-01,1,1
1036,54:F0:B1:A1:E5:00,eduroam,20,725.5795607566833,B2-01,1,1
1037,54:F0:B1:A1:E5:02,,27,725.5795607566833,B2-01,1,1
1038,54:F0:B1:A2:37:E2,,19,725.5795607566833,B2-01,1,1
1039,54:F0:B1:A2:57:32,,32,725.5795607566833,B2-01,1,1
1040,54:F0:B1:A2:57:33,LCA,25,725.5795607566833,B2-01,1,1
1041,54:F0:B1:BB:5A:80,eduroam,32,725.5795607566833,B2-01,1,1
1042,54:F0:B1:BB:5A:81,PoliSemFio,24,725.5795607566833,B2-01,1,1
1043,54:F0:B1:BB:5A:82,HACKER,27,725.5795607566833,B2-01,1,1
1044,54:F0:B1:BB:5A:83,LEP,39,725.5795607566833,B2-01,1,1
1045,54:F0:B1:BB:84:B0,eduroam,30,725.5795607566833,B2-01,1,1
1046,54:F0:B1:BB:84:B1,PoliSemFio,20,725.5795607566833,B2-01,1,1
1047,54:F0:B1:BB:BE:13,CAEEL,14,725.5795607566833,B2-01,1,1
1048,54:F0:B1:BB:C4:D0,eduroam,65,725.5795607566833,B2-01,1,1
1049,54:F0:B1:BB:C4:D1,PoliSemFio,64,725.5795607566833,B2-01,1,1
1050,54:F0:B1:BB:C4:D2,,44,725.5795607566833,B2-01,1,1
1051,54:F0:B1:BB:C4:F0,eduroam,39,725.5795607566833,B2-01,1,1
1052,54:F0:B1:BB:C4:F1,PoliSemFio,39,725.5795607566833,B2-01,1,1
1053,54:F0:B1:BB:FD:D0,eduroam,10,725.5795607566833,B2-01,1,1
1054,54:F0:B1:BB:FD:D1,PoliSemFio,32,725.5795607566833,B2-01,1,1
1055,54:F0:B1:BB:FD:D2,,30,725.5795607566833,B2-01,1,1
1056,54:F0:B1:BC:09:40,eduroam,72,725.5795607566833,B2-01,1,1
1057,54:F0:B1:BC:09:41,PoliSemFio,90,725.5795607566833,B2-01,1,1
1058,54:F0:B1:BC:09:42,,90,725.5795607566833,B2-01,1,1
1059,54:F0:B1:BC:09:60,eduroam,65,725.5795607566833,B2-01,1,1
1060,54:F0:B1:BC:09:61,PoliSemFio,80,725.5795607566833,B2-01,1,1
1061,54:F0:B1:BC:1B:D0,eduroam,35,725.5795607566833,B2-01,1,1
1062,54:F0:B1:BC:1B:D1,PoliSemFio,54,725.5795607566833,B2-01,1,1
1063,54:F0:B1:BC:1B:D2,,54,725.5795607566833,B2-01,1,1
1064,54:F0:B1:BC:1B:F0,eduroam,19,725.5795607566833,B2-01,1,1
1065,54:F0:B1:BC:1B:F1,PoliSemFio,20,725.5795607566833,B2-01,1,1
1066,54:F0:B1:BC:1B:F2,,20,725.5795607566833,B2-01,1,1
1067,54:F0:B1:BC:2E:90,eduroam,70,725.5795607566833,B2-01,1,1
1068,54:F0:B1:BC:2E:91,PoliSemFio,60,725.5795607566833,B2-01,1,1
1069,54:F0:B1:BC:2E:92,,62,725.5795607566833,B2-01,1,1
1070,54:F0:B1:BC:2E:B0,eduroam,10,725.5795607566833,B2-01,1,1
1071,54:F0:B1:BC:2E:B1,PoliSemFio,19,725.5795607566833,B2-01,1,1
1072,54:F0:B1:BC:2E:B2,,19,725.5795607566833,B2-01,1,1
1073,54:F0:B1:BC:36:10,PoliSemFio,27,725.5795607566833,B2-01,1,1
1074,54:F0:B1:BC:36:11,eduroam,25,725.5795607566833,B2-01,1,1
1075,54:F0:B1:BC:36:12,,25,725.5795607566833,B2-01,1,1
1076,54:F0:B1:BC:3F:10,eduroam,27,725.5795607566833,B2-01,1,1
1077,54:F0:B1:BC:3F:12,,35,725.5795607566833,B2-01,1,1
1078,54:F0:B1:BC:65:B0,eduroam,20,725.5795607566833,B2-01,1,1
1079,54:F0:B1:BC:65:B1,PoliSemFio,22,725.5795607566833,B2-01,1,1
1080,54:F0:B1:BC:65:B2,,24,725.5795607566833,B2-01,1,1
1081,54:F0:B1:BC:70:00,eduroam,44,725.5795607566833,B2-01,1,1
1082,54:F0:B1:BC:70:01,PoliSemFio,39,725.5795607566833,B2-01,1,1
1083,54:F0:B1:BC:70:02,,39,725.5795607566833,B2-01,1,1
1084,54:F0:B1:BC:70:20,eduroam,10,725.5795607566833,B2-01,1,1
1085,54:F0:B1:BC:70:21,PoliSemFio,12,725.5795607566833,B2-01,1,1
1086,54:F0:B1:BC:77:80,eduroam,57,725.5795607566833,B2-01,1,1
1087,54:F0:B1:BC:77:81,PoliSemFio,55,725.5795607566833,B2-01,1,1
1088,54:F0:B1:BC:77:82,,54,725.5795607566833,B2-01,1,1
1089,54:F0:B1:BC:77:A0,eduroam,20,725.5795607566833,B2-01,1,1
1090,54:F0:B1:BC:77:A1,PoliSemFio,20,725.5795607566833,B2-01,1,1
1091,54:F0:B1:BC:8F:20,eduroam,19,725.5795607566833,B2-01,1,1
1092,54:F0:B1:BC:8F:22,,24,725.5795607566833,B2-01,1,1
1093,56:60:F9:A3:E7:3F,,35,725.5795607566833,B2-01,1,1
1094,68:FF:7B:47:78:BE,C1-22M,40,725.5795607566833,B2-01,1,1
1095,70:62:B8:6E:72:A0,PCS-wireless-C1-13,39,725.5795607566833,B2-01,1,1
1096,70:62:B8:6E:72:A1,PPGEE,40,725.5795607566833,B2-01,1,1
1097,84:D4:7E:06:4F:E0,eduroam,65,725.5795607566833,B2-01,1,1
1098,84:D4:7E:06:4F:E1,PoliSemFio,59,725.5795607566833,B2-01,1,1
1099,84:D4:7E:06:4F:E2,,75,725.5795607566833,B2-01,1,1
1100,84:D4:7E:06:4F:F0,eduroam,27,725.5795607566833,B2-01,1,1
1101,84:D4:7E:06:4F:F1,PoliSemFio,29,725.5795607566833,B2-01,1,1
1102,AA:6B:AD:82:46:CC,DIRECT-cc-HP M132f LaserJet,19,725.5795607566833,B2-01,1,1
1103,DE:9F:DB:1C:1F:E0,LARC Guest,27,725.5795607566833,B2-01,1,1
1104,EE:9F:DB:1C:1F:E0,,27,725.5795607566833,B2-01,1,1
1105,F8:1A:67:99:55:8E,NUCLEAR_CHF,39,725.5795607566833,B2-01,1,1
1106,FE:9F:DB:1C:1F:E0,,27,725.5795607566833,B2-01,1,1
1107,00:21:91:70:9D:EC,LAB-DIDATICO,25,728.2093684673309,B2-01,1,1
1108,30:85:A9:69:F2:E4,PCS-Wireless-C2-22,32,728.2093684673309,B2-01,1,1
1109,34:60:F9:A3:D9:14,GASWIFI-2G_C2,25,728.2093684673309,B2-01,1,1
1110,34:60:F9:A3:E7:3F,GASWIFI_C4,37,728.2093684673309,B2-01,1,1
1111,34:CE:00:51:3E:6F,Lab,50,728.2093684673309,B2-01,1,1
1112,34:CE:00:51:3E:70,Lab_5G,9,728.2093684673309,B2-01,1,1
1113,54:B8:0A:AA:2C:8C,LAB_DIGITAL,30,728.2093684673309,B2-01,1,1
1114,54:B8:0A:AA:2C:8D,PCS-Wireless,32,728.2093684673309,B2-01,1,1
1115,54:F0:B1:A1:18:C0,eduroam,15,728.2093684673309,B2-01,1,1
1116,54:F0:B1:A1:18:C1,PoliSemFio,15,728.2093684673309,B2-01,1,1
1117,54:F0:B1:A1:18:C3,MEZANINO,17,728.2093684673309,B2-01,1,1
1118,54:F0:B1:A1:18:C4,GDLAB,15,728.2093684673309,B2-01,1,1
1119,54:F0:B1:A1:18:C5,LABPAD,17,728.2093684673309,B2-01,1,1
1120,54:F0:B1:A1:18:D0,eduroam,40,728.2093684673309,B2-01,1,1
1121,54:F0:B1:A1:18:D1,PoliSemFio,37,728.2093684673309,B2-01,1,1
1122,54:F0:B1:A1:18:D2,,32,728.2093684673309,B2-01,1,1
1123,54:F0:B1:A1:18:D3,MEZANINO,25,728.2093684673309,B2-01,1,1
1124,54:F0:B1:A1:18:D4,GDLAB,30,728.2093684673309,B2-01,1,1
1125,54:F0:B1:A1:18:D5,LABPAD,29,728.2093684673309,B2-01,1,1
1126,54:F0:B1:A1:58:00,eduroam,20,728.2093684673309,B2-01,1,1
1127,54:F0:B1:A1:58:01,PoliSemFio,30,728.2093684673309,B2-01,1,1
1128,54:F0:B1:A1:58:02,,30,728.2093684673309,B2-01,1,1
1129,54:F0:B1:A1:E5:00,eduroam,20,728.2093684673309,B2-01,1,1
1130,54:F0:B1:A1:E5:02,,27,728.2093684673309,B2-01,1,1
1131,54:F0:B1:A2:37:E2,,19,728.2093684673309,B2-01,1,1
1132,54:F0:B1:A2:57:32,,32,728.2093684673309,B2-01,1,1
1133,54:F0:B1:BB:5A:81,PoliSemFio,24,728.2093684673309,B2-01,1,1
1134,54:F0:B1:BB:5A:82,HACKER,42,728.2093684673309,B2-01,1,1
1135,54:F0:B1:BB:5A:83,LEP,27,728.2093684673309,B2-01,1,1
1136,54:F0:B1:BB:84:B0,eduroam,15,728.2093684673309,B2-01,1,1
1137,54:F0:B1:BB:BE:13,CAEEL,14,728.2093684673309,B2-01,1,1
1138,54:F0:B1:BB:C4:D0,eduroam,42,728.2093684673309,B2-01,1,1
1139,54:F0:B1:BB:C4:D1,PoliSemFio,42,728.2093684673309,B2-01,1,1
1140,54:F0:B1:BB:C4:D2,,42,728.2093684673309,B2-01,1,1
1141,54:F0:B1:BB:C4:F0,eduroam,25,728.2093684673309,B2-01,1,1
1142,54:F0:B1:BB:C4:F1,PoliSemFio,25,728.2093684673309,B2-01,1,1
1143,54:F0:B1:BB:FD:D0,eduroam,22,728.2093684673309,B2-01,1,1
1144,54:F0:B1:BB:FD:D1,PoliSemFio,32,728.2093684673309,B2-01,1,1
1145,54:F0:B1:BB:FD:D2,,30,728.2093684673309,B2-01,1,1
1146,54:F0:B1:BC:09:40,eduroam,82,728.2093684673309,B2-01,1,1
1147,54:F0:B1:BC:09:41,PoliSemFio,79,728.2093684673309,B2-01,1,1
1148,54:F0:B1:BC:09:42,,79,728.2093684673309,B2-01,1,1
1149,54:F0:B1:BC:09:60,eduroam,57,728.2093684673309,B2-01,1,1
1150,54:F0:B1:BC:09:61,PoliSemFio,57,728.2093684673309,B2-01,1,1
1151,54:F0:B1:BC:1B:D0,eduroam,35,728.2093684673309,B2-01,1,1
1152,54:F0:B1:BC:1B:D1,PoliSemFio,54,728.2093684673309,B2-01,1,1
1153,54:F0:B1:BC:1B:D2,,34,728.2093684673309,B2-01,1,1
1154,54:F0:B1:BC:1B:F0,eduroam,19,728.2093684673309,B2-01,1,1
1155,54:F0:B1:BC:1B:F1,PoliSemFio,20,728.2093684673309,B2-01,1,1
1156,54:F0:B1:BC:2E:90,eduroam,64,728.2093684673309,B2-01,1,1
1157,54:F0:B1:BC:2E:91,PoliSemFio,60,728.2093684673309,B2-01,1,1
1158,54:F0:B1:BC:2E:92,,62,728.2093684673309,B2-01,1,1
1159,54:F0:B1:BC:2E:B0,eduroam,12,728.2093684673309,B2-01,1,1
1160,54:F0:B1:BC:2E:B1,PoliSemFio,12,728.2093684673309,B2-01,1,1
1161,54:F0:B1:BC:2E:B2,,19,728.2093684673309,B2-01,1,1
1162,54:F0:B1:BC:36:10,PoliSemFio,27,728.2093684673309,B2-01,1,1
1163,54:F0:B1:BC:36:11,eduroam,25,728.2093684673309,B2-01,1,1
1164,54:F0:B1:BC:36:12,,25,728.2093684673309,B2-01,1,1
1165,54:F0:B1:BC:3F:12,,35,728.2093684673309,B2-01,1,1
1166,54:F0:B1:BC:65:B0,eduroam,14,728.2093684673309,B2-01,1,1
1167,54:F0:B1:BC:65:B1,PoliSemFio,22,728.2093684673309,B2-01,1,1
1168,54:F0:B1:BC:65:B2,,24,728.2093684673309,B2-01,1,1
1169,54:F0:B1:BC:70:00,eduroam,42,728.2093684673309,B2-01,1,1
1170,54:F0:B1:BC:70:01,PoliSemFio,40,728.2093684673309,B2-01,1,1
1171,54:F0:B1:BC:70:02,,40,728.2093684673309,B2-01,1,1
1172,54:F0:B1:BC:70:20,eduroam,10,728.2093684673309,B2-01,1,1
1173,54:F0:B1:BC:70:21,PoliSemFio,12,728.2093684673309,B2-01,1,1
1174,54:F0:B1:BC:77:80,eduroam,44,728.2093684673309,B2-01,1,1
1175,54:F0:B1:BC:77:81,PoliSemFio,45,728.2093684673309,B2-01,1,1
1176,54:F0:B1:BC:77:82,,54,728.2093684673309,B2-01,1,1
1177,54:F0:B1:BC:77:A0,eduroam,19,728.2093684673309,B2-01,1,1
1178,54:F0:B1:BC:77:A1,PoliSemFio,19,728.2093684673309,B2-01,1,1
1179,54:F0:B1:BC:8F:20,eduroam,19,728.2093684673309,B2-01,1,1
1180,56:60:F9:A3:E7:3F,,34,728.2093684673309,B2-01,1,1
1181,68:FF:7B:47:78:BE,C1-22M,42,728.2093684673309,B2-01,1,1
1182,70:62:B8:6E:72:A0,PCS-wireless-C1-13,32,728.2093684673309,B2-01,1,1
1183,70:62:B8:6E:72:A1,PPGEE,30,728.2093684673309,B2-01,1,1
1184,84:D4:7E:06:4F:E0,eduroam,10,728.2093684673309,B2-01,1,1
1185,84:D4:7E:06:4F:E1,PoliSemFio,59,728.2093684673309,B2-01,1,1
1186,84:D4:7E:06:4F:E2,,62,728.2093684673309,B2-01,1,1
1187,84:D4:7E:06:4F:F0,eduroam,22,728.2093684673309,B2-01,1,1
1188,84:D4:7E:06:4F:F1,PoliSemFio,29,728.2093684673309,B2-01,1,1
1189,AA:6B:AD:82:46:CC,DIRECT-cc-HP M132f LaserJet,19,728.2093684673309,B2-01,1,1
1190,DE:9F:DB:1C:1F:E0,LARC Guest,27,728.2093684673309,B2-01,1,1
1191,EE:9F:DB:1C:1F:E0,,27,728.2093684673309,B2-01,1,1
1192,F8:1A:67:99:55:8E,NUCLEAR_CHF,25,728.2093684673309,B2-01,1,1
1193,FE:9F:DB:1C:1F:E0,,27,728.2093684673309,B2-01,1,1
1194,00:21:91:70:9D:EC,LAB-DIDATICO,25,730.859365940094,B2-01,1,1
1195,30:85:A9:69:F2:E4,PCS-Wireless-C2-22,32,730.859365940094,B2-01,1,1
1196,34:60:F9:A3:D9:14,GASWIFI-2G_C2,25,730.859365940094,B2-01,1,1
1197,34:60:F9:A3:E7:3F,GASWIFI_C4,37,730.859365940094,B2-01,1,1
1198,34:CE:00:51:3E:6F,Lab,50,730.859365940094,B2-01,1,1
1199,34:CE:00:51:3E:70,Lab_5G,9,730.859365940094,B2-01,1,1
1200,54:B8:0A:AA:2C:8C,LAB_DIGITAL,30,730.859365940094,B2-01,1,1
1201,54:B8:0A:AA:2C:8D,PCS-Wireless,32,730.859365940094,B2-01,1,1
1202,54:F0:B1:A1:18:C0,eduroam,15,730.859365940094,B2-01,1,1
1203,54:F0:B1:A1:18:C1,PoliSemFio,15,730.859365940094,B2-01,1,1
1204,54:F0:B1:A1:18:C3,MEZANINO,17,730.859365940094,B2-01,1,1
1205,54:F0:B1:A1:18:C4,GDLAB,15,730.859365940094,B2-01,1,1
1206,54:F0:B1:A1:18:C5,LABPAD,17,730.859365940094,B2-01,1,1
1207,54:F0:B1:A1:18:D0,eduroam,40,730.859365940094,B2-01,1,1
1208,54:F0:B1:A1:18:D1,PoliSemFio,37,730.859365940094,B2-01,1,1
1209,54:F0:B1:A1:18:D2,,32,730.859365940094,B2-01,1,1
1210,54:F0:B1:A1:18:D3,MEZANINO,25,730.859365940094,B2-01,1,1
1211,54:F0:B1:A1:18:D4,GDLAB,30,730.859365940094,B2-01,1,1
1212,54:F0:B1:A1:18:D5,LABPAD,29,730.859365940094,B2-01,1,1
1213,54:F0:B1:A1:58:00,eduroam,20,730.859365940094,B2-01,1,1
1214,54:F0:B1:A1:58:01,PoliSemFio,30,730.859365940094,B2-01,1,1
1215,54:F0:B1:A1:58:02,,30,730.859365940094,B2-01,1,1
1216,54:F0:B1:A1:E5:00,eduroam,20,730.859365940094,B2-01,1,1
1217,54:F0:B1:A1:E5:02,,27,730.859365940094,B2-01,1,1
1218,54:F0:B1:A2:37:E2,,19,730.859365940094,B2-01,1,1
1219,54:F0:B1:A2:57:32,,32,730.859365940094,B2-01,1,1
1220,54:F0:B1:BB:5A:81,PoliSemFio,24,730.859365940094,B2-01,1,1
1221,54:F0:B1:BB:5A:82,HACKER,42,730.859365940094,B2-01,1,1
1222,54:F0:B1:BB:5A:83,LEP,27,730.859365940094,B2-01,1,1
1223,54:F0:B1:BB:84:B0,eduroam,15,730.859365940094,B2-01,1,1
1224,54:F0:B1:BB:BE:13,CAEEL,14,730.859365940094,B2-01,1,1
1225,54:F0:B1:BB:C4:D0,eduroam,42,730.859365940094,B2-01,1,1
1226,54:F0:B1:BB:C4:D1,PoliSemFio,42,730.859365940094,B2-01,1,1
1227,54:F0:B1:BB:C4:D2,,42,730.859365940094,B2-01,1,1
1228,54:F0:B1:BB:C4:F0,eduroam,25,730.859365940094,B2-01,1,1
1229,54:F0:B1:BB:C4:F1,PoliSemFio,25,730.859365940094,B2-01,1,1
1230,54:F0:B1:BB:FD:D0,eduroam,22,730.859365940094,B2-01,1,1
1231,54:F0:B1:BB:FD:D1,PoliSemFio,32,730.859365940094,B2-01,1,1
1232,54:F0:B1:BB:FD:D2,,30,730.859365940094,B2-01,1,1
1233,54:F0:B1:BC:09:40,eduroam,82,730.859365940094,B2-01,1,1
1234,54:F0:B1:BC:09:41,PoliSemFio,79,730.859365940094,B2-01,1,1
1235,54:F0:B1:BC:09:42,,79,730.859365940094,B2-01,1,1
1236,54:F0:B1:BC:09:60,eduroam,72,730.859365940094,B2-01,1,1
1237,54:F0:B1:BC:09:61,PoliSemFio,57,730.859365940094,B2-01,1,1
1238,54:F0:B1:BC:1B:D0,eduroam,35,730.859365940094,B2-01,1,1
1239,54:F0:B1:BC:1B:D1,PoliSemFio,54,730.859365940094,B2-01,1,1
1240,54:F0:B1:BC:1B:D2,,34,730.859365940094,B2-01,1,1
1241,54:F0:B1:BC:1B:F0,eduroam,19,730.859365940094,B2-01,1,1
1242,54:F0:B1:BC:1B:F1,PoliSemFio,20,730.859365940094,B2-01,1,1
1243,54:F0:B1:BC:2E:90,eduroam,64,730.859365940094,B2-01,1,1
1244,54:F0:B1:BC:2E:91,PoliSemFio,60,730.859365940094,B2-01,1,1
1245,54:F0:B1:BC:2E:92,,62,730.859365940094,B2-01,1,1
1246,54:F0:B1:BC:2E:B0,eduroam,12,730.859365940094,B2-01,1,1
1247,54:F0:B1:BC:2E:B1,PoliSemFio,12,730.859365940094,B2-01,1,1
1248,54:F0:B1:BC:2E:B2,,19,730.859365940094,B2-01,1,1
1249,54:F0:B1:BC:36:10,PoliSemFio,27,730.859365940094,B2-01,1,1
1250,54:F0:B1:BC:36:11,eduroam,25,730.859365940094,B2-01,1,1
1251,54:F0:B1:BC:36:12,,25,730.859365940094,B2-01,1,1
1252,54:F0:B1:BC:3F:12,,35,730.859365940094,B2-01,1,1
1253,54:F0:B1:BC:65:B0,eduroam,14,730.859365940094,B2-01,1,1
1254,54:F0:B1:BC:65:B1,PoliSemFio,22,730.859365940094,B2-01,1,1
1255,54:F0:B1:BC:65:B2,,24,730.859365940094,B2-01,1,1
1256,54:F0:B1:BC:70:00,eduroam,42,730.859365940094,B2-01,1,1
1257,54:F0:B1:BC:70:01,PoliSemFio,40,730.859365940094,B2-01,1,1
1258,54:F0:B1:BC:70:02,,40,730.859365940094,B2-01,1,1
1259,54:F0:B1:BC:70:20,eduroam,10,730.859365940094,B2-01,1,1
1260,54:F0:B1:BC:70:21,PoliSemFio,12,730.859365940094,B2-01,1,1
1261,54:F0:B1:BC:77:80,eduroam,44,730.859365940094,B2-01,1,1
1262,54:F0:B1:BC:77:81,PoliSemFio,45,730.859365940094,B2-01,1,1
1263,54:F0:B1:BC:77:82,,54,730.859365940094,B2-01,1,1
1264,54:F0:B1:BC:77:A0,eduroam,19,730.859365940094,B2-01,1,1
1265,54:F0:B1:BC:77:A1,PoliSemFio,19,730.859365940094,B2-01,1,1
1266,54:F0:B1:BC:8F:20,eduroam,19,730.859365940094,B2-01,1,1
1267,56:60:F9:A3:E7:3F,,34,730.859365940094,B2-01,1,1
1268,68:FF:7B:47:78:BE,C1-22M,42,730.859365940094,B2-01,1,1
1269,70:62:B8:6E:72:A0,PCS-wireless-C1-13,32,730.859365940094,B2-01,1,1
1270,70:62:B8:6E:72:A1,PPGEE,30,730.859365940094,B2-01,1,1
1271,84:D4:7E:06:4F:E0,eduroam,10,730.859365940094,B2-01,1,1
1272,84:D4:7E:06:4F:E1,PoliSemFio,59,730.859365940094,B2-01,1,1
1273,84:D4:7E:06:4F:E2,,62,730.859365940094,B2-01,1,1
1274,84:D4:7E:06:4F:F0,eduroam,22,730.859365940094,B2-01,1,1
1275,84:D4:7E:06:4F:F1,PoliSemFio,29,730.859365940094,B2-01,1,1
1276,AA:6B:AD:82:46:CC,DIRECT-cc-HP M132f LaserJet,19,730.859365940094,B2-01,1,1
1277,DE:9F:DB:1C:1F:E0,LARC Guest,27,730.859365940094,B2-01,1,1
1278,EE:9F:DB:1C:1F:E0,,27,730.859365940094,B2-01,1,1
1279,F8:1A:67:99:55:8E,NUCLEAR_CHF,25,730.859365940094,B2-01,1,1
1280,FE:9F:DB:1C:1F:E0,,27,730.859365940094,B2-01,1,1
1281,00:21:91:70:9D:EC,LAB-DIDATICO,19,737.1357142925262,B2-01,1,1
1282,30:85:A9:69:F2:E4,PCS-Wireless-C2-22,32,737.1357142925262,B2-01,1,1
1283,34:60:F9:A3:D9:14,GASWIFI-2G_C2,29,737.1357142925262,B2-01,1,1
1284,34:60:F9:A3:E7:3F,GASWIFI_C4,37,737.1357142925262,B2-01,1,1
1285,34:CE:00:51:3E:6F,Lab,54,737.1357142925262,B2-01,1,1
1286,34:CE:00:51:3E:70,Lab_5G,9,737.1357142925262,B2-01,1,1
1287,3A:60:F9:A3:D9:14,,25,737.1357142925262,B2-01,1,1
1288,54:B8:0A:AA:2C:8C,LAB_DIGITAL,35,737.1357142925262,B2-01,1,1
1289,54:B8:0A:AA:2C:8D,PCS-Wireless,37,737.1357142925262,B2-01,1,1
1290,54:F0:B1:A1:18:C0,eduroam,24,737.1357142925262,B2-01,1,1
1291,54:F0:B1:A1:18:C1,PoliSemFio,24,737.1357142925262,B2-01,1,1
1292,54:F0:B1:A1:18:C3,MEZANINO,24,737.1357142925262,B2-01,1,1
1293,54:F0:B1:A1:18:C4,GDLAB,24,737.1357142925262,B2-01,1,1
1294,54:F0:B1:A1:18:C5,LABPAD,22,737.1357142925262,B2-01,1,1
1295,54:F0:B1:A1:18:D0,eduroam,40,737.1357142925262,B2-01,1,1
1296,54:F0:B1:A1:18:D1,PoliSemFio,34,737.1357142925262,B2-01,1,1
1297,54:F0:B1:A1:18:D2,,34,737.1357142925262,B2-01,1,1
1298,54:F0:B1:A1:18:D3,MEZANINO,25,737.1357142925262,B2-01,1,1
1299,54:F0:B1:A1:18:D4,GDLAB,39,737.1357142925262,B2-01,1,1
1300,54:F0:B1:A1:18:D5,LABPAD,39,737.1357142925262,B2-01,1,1
1301,54:F0:B1:A1:58:00,eduroam,20,737.1357142925262,B2-01,1,1
1302,54:F0:B1:A1:58:01,PoliSemFio,30,737.1357142925262,B2-01,1,1
1303,54:F0:B1:A1:58:02,,30,737.1357142925262,B2-01,1,1
1304,54:F0:B1:A1:E5:00,eduroam,20,737.1357142925262,B2-01,1,1
1305,54:F0:B1:A1:E5:02,,27,737.1357142925262,B2-01,1,1
1306,54:F0:B1:A2:37:E0,eduroam,15,737.1357142925262,B2-01,1,1
1307,54:F0:B1:A2:37:E1,PoliSemFio,19,737.1357142925262,B2-01,1,1
1308,54:F0:B1:A2:37:E2,,19,737.1357142925262,B2-01,1,1
1309,54:F0:B1:A2:57:30,eduroam,27,737.1357142925262,B2-01,1,1
1310,54:F0:B1:A2:57:31,PoliSemFio,34,737.1357142925262,B2-01,1,1
1311,54:F0:B1:A2:57:32,,34,737.1357142925262,B2-01,1,1
1312,54:F0:B1:A2:57:33,LCA,25,737.1357142925262,B2-01,1,1
1313,54:F0:B1:BB:5A:81,PoliSemFio,24,737.1357142925262,B2-01,1,1
1314,54:F0:B1:BB:5A:82,HACKER,42,737.1357142925262,B2-01,1,1
1315,54:F0:B1:BB:5A:83,LEP,19,737.1357142925262,B2-01,1,1
1316,54:F0:B1:BB:84:B0,eduroam,15,737.1357142925262,B2-01,1,1
1317,54:F0:B1:BB:BE:13,CAEEL,14,737.1357142925262,B2-01,1,1
1318,54:F0:B1:BB:C4:D0,eduroam,65,737.1357142925262,B2-01,1,1
1319,54:F0:B1:BB:C4:D1,PoliSemFio,42,737.1357142925262,B2-01,1,1
1320,54:F0:B1:BB:C4:D2,,42,737.1357142925262,B2-01,1,1
1321,54:F0:B1:BB:C4:F0,eduroam,35,737.1357142925262,B2-01,1,1
1322,54:F0:B1:BB:C4:F1,PoliSemFio,37,737.1357142925262,B2-01,1,1
1323,54:F0:B1:BB:FD:D0,eduroam,14,737.1357142925262,B2-01,1,1
1324,54:F0:B1:BB:FD:D1,PoliSemFio,32,737.1357142925262,B2-01,1,1
1325,54:F0:B1:BB:FD:D2,,20,737.1357142925262,B2-01,1,1
1326,54:F0:B1:BC:09:40,eduroam,80,737.1357142925262,B2-01,1,1
1327,54:F0:B1:BC:09:41,PoliSemFio,79,737.1357142925262,B2-01,1,1
1328,54:F0:B1:BC:09:42,,79,737.1357142925262,B2-01,1,1
1329,54:F0:B1:BC:09:60,eduroam,61,737.1357142925262,B2-01,1,1
1330,54:F0:B1:BC:09:61,PoliSemFio,69,737.1357142925262,B2-01,1,1
1331,54:F0:B1:BC:0F:D0,eduroam,25,737.1357142925262,B2-01,1,1
1332,54:F0:B1:BC:0F:D1,PoliSemFio,17,737.1357142925262,B2-01,1,1
1333,54:F0:B1:BC:1B:D1,PoliSemFio,54,737.1357142925262,B2-01,1,1
1334,54:F0:B1:BC:1B:D2,,34,737.1357142925262,B2-01,1,1
1335,54:F0:B1:BC:1B:F0,eduroam,20,737.1357142925262,B2-01,1,1
1336,54:F0:B1:BC:1B:F1,PoliSemFio,22,737.1357142925262,B2-01,1,1
1337,54:F0:B1:BC:2E:90,eduroam,64,737.1357142925262,B2-01,1,1
1338,54:F0:B1:BC:2E:91,PoliSemFio,60,737.1357142925262,B2-01,1,1
1339,54:F0:B1:BC:2E:92,,64,737.1357142925262,B2-01,1,1
1340,54:F0:B1:BC:2E:B0,eduroam,12,737.1357142925262,B2-01,1,1
1341,54:F0:B1:BC:2E:B1,PoliSemFio,10,737.1357142925262,B2-01,1,1
1342,54:F0:B1:BC:2E:B2,,19,737.1357142925262,B2-01,1,1
1343,54:F0:B1:BC:2F:50,eduroam,12,737.1357142925262,B2-01,1,1
1344,54:F0:B1:BC:36:10,PoliSemFio,27,737.1357142925262,B2-01,1,1
1345,54:F0:B1:BC:36:11,eduroam,25,737.1357142925262,B2-01,1,1
1346,54:F0:B1:BC:36:12,,25,737.1357142925262,B2-01,1,1
1347,54:F0:B1:BC:3F:12,,35,737.1357142925262,B2-01,1,1
1348,54:F0:B1:BC:65:B0,eduroam,14,737.1357142925262,B2-01,1,1
1349,54:F0:B1:BC:65:B1,PoliSemFio,22,737.1357142925262,B2-01,1,1
1350,54:F0:B1:BC:65:B2,,24,737.1357142925262,B2-01,1,1
1351,54:F0:B1:BC:70:00,eduroam,42,737.1357142925262,B2-01,1,1
1352,54:F0:B1:BC:70:01,PoliSemFio,40,737.1357142925262,B2-01,1,1
1353,54:F0:B1:BC:70:02,,40,737.1357142925262,B2-01,1,1
1354,54:F0:B1:BC:70:20,eduroam,17,737.1357142925262,B2-01,1,1
1355,54:F0:B1:BC:70:21,PoliSemFio,17,737.1357142925262,B2-01,1,1
1356,54:F0:B1:BC:77:80,eduroam,65,737.1357142925262,B2-01,1,1
1357,54:F0:B1:BC:77:81,PoliSemFio,59,737.1357142925262,B2-01,1,1
1358,54:F0:B1:BC:77:82,,54,737.1357142925262,B2-01,1,1
1359,54:F0:B1:BC:77:A0,eduroam,19,737.1357142925262,B2-01,1,1
1360,54:F0:B1:BC:77:A1,PoliSemFio,19,737.1357142925262,B2-01,1,1
1361,54:F0:B1:BC:8F:20,eduroam,19,737.1357142925262,B2-01,1,1
1362,56:60:F9:A3:E7:3F,,34,737.1357142925262,B2-01,1,1
1363,68:FF:7B:47:78:BE,C1-22M,49,737.1357142925262,B2-01,1,1
1364,70:62:B8:6E:72:A0,PCS-wireless-C1-13,35,737.1357142925262,B2-01,1,1
1365,70:62:B8:6E:72:A1,PPGEE,37,737.1357142925262,B2-01,1,1
1366,84:D4:7E:06:4F:E0,eduroam,60,737.1357142925262,B2-01,1,1
1367,84:D4:7E:06:4F:E1,PoliSemFio,59,737.1357142925262,B2-01,1,1
1368,84:D4:7E:06:4F:E2,,77,737.1357142925262,B2-01,1,1
1369,84:D4:7E:06:4F:F0,eduroam,29,737.1357142925262,B2-01,1,1
1370,84:D4:7E:06:4F:F1,PoliSemFio,29,737.1357142925262,B2-01,1,1
1371,AA:6B:AD:82:46:CC,DIRECT-cc-HP M132f LaserJet,19,737.1357142925262,B2-01,1,1
1372,DC:9F:DB:1C:1F:E0,LWN-3,29,737.1357142925262,B2-01,1,1
1373,DE:9F:DB:1C:1F:E0,LARC Guest,27,737.1357142925262,B2-01,1,1
1374,EE:9F:DB:1C:1F:E0,,27,737.1357142925262,B2-01,1,1
1375,F8:1A:67:99:55:8E,NUCLEAR_CHF,39,737.1357142925262,B2-01,1,1
1376,FE:9F:DB:1C:1F:E0,,27,737.1357142925262,B2-01,1,1
1377,00:21:91:70:9D:EC,LAB-DIDATICO,19,743.4416010379791,B2-01,1,1
1378,30:85:A9:69:F2:E4,PCS-Wireless-C2-22,32,743.4416010379791,B2-01,1,1
1379,34:60:F9:A3:D9:14,GASWIFI-2G_C2,39,743.4416010379791,B2-01,1,1
1380,34:60:F9:A3:E7:3F,GASWIFI_C4,37,743.4416010379791,B2-01,1,1
1381,34:CE:00:51:3E:6F,Lab,54,743.4416010379791,B2-01,1,1
1382,34:CE:00:51:3E:70,Lab_5G,24,743.4416010379791,B2-01,1,1
1383,3A:60:F9:A3:D9:14,,39,743.4416010379791,B2-01,1,1
1384,54:B8:0A:AA:2C:8C,LAB_DIGITAL,29,743.4416010379791,B2-01,1,1
1385,54:B8:0A:AA:2C:8D,PCS-Wireless,30,743.4416010379791,B2-01,1,1
1386,54:F0:B1:A1:18:C0,eduroam,27,743.4416010379791,B2-01,1,1
1387,54:F0:B1:A1:18:C1,PoliSemFio,27,743.4416010379791,B2-01,1,1
1388,54:F0:B1:A1:18:C3,MEZANINO,27,743.4416010379791,B2-01,1,1
1389,54:F0:B1:A1:18:C4,GDLAB,27,743.4416010379791,B2-01,1,1
1390,54:F0:B1:A1:18:C5,LABPAD,29,743.4416010379791,B2-01,1,1
1391,54:F0:B1:A1:18:D0,eduroam,40,743.4416010379791,B2-01,1,1
1392,54:F0:B1:A1:18:D1,PoliSemFio,34,743.4416010379791,B2-01,1,1
1393,54:F0:B1:A1:18:D2,,34,743.4416010379791,B2-01,1,1
1394,54:F0:B1:A1:18:D3,MEZANINO,25,743.4416010379791,B2-01,1,1
1395,54:F0:B1:A1:18:D4,GDLAB,37,743.4416010379791,B2-01,1,1
1396,54:F0:B1:A1:18:D5,LABPAD,37,743.4416010379791,B2-01,1,1
1397,54:F0:B1:A1:58:00,eduroam,25,743.4416010379791,B2-01,1,1
1398,54:F0:B1:A1:58:01,PoliSemFio,30,743.4416010379791,B2-01,1,1
1399,54:F0:B1:A1:58:02,,32,743.4416010379791,B2-01,1,1
1400,54:F0:B1:A1:E5:00,eduroam,20,743.4416010379791,B2-01,1,1
1401,54:F0:B1:A2:37:E0,eduroam,15,743.4416010379791,B2-01,1,1
1402,54:F0:B1:A2:37:E1,PoliSemFio,19,743.4416010379791,B2-01,1,1
1403,54:F0:B1:A2:37:E2,,19,743.4416010379791,B2-01,1,1
1404,54:F0:B1:A2:57:30,eduroam,27,743.4416010379791,B2-01,1,1
1405,54:F0:B1:A2:57:31,PoliSemFio,34,743.4416010379791,B2-01,1,1
1406,54:F0:B1:A2:57:32,,34,743.4416010379791,B2-01,1,1
1407,54:F0:B1:A2:57:33,LCA,25,743.4416010379791,B2-01,1,1
1408,54:F0:B1:BB:5A:80,eduroam,20,743.4416010379791,B2-01,1,1
1409,54:F0:B1:BB:5A:81,PoliSemFio,24,743.4416010379791,B2-01,1,1
1410,54:F0:B1:BB:5A:82,HACKER,22,743.4416010379791,B2-01,1,1
1411,54:F0:B1:BB:5A:83,LEP,19,743.4416010379791,B2-01,1,1
1412,54:F0:B1:BB:84:B0,eduroam,29,743.4416010379791,B2-01,1,1
1413,54:F0:B1:BB:C4:D0,eduroam,52,743.4416010379791,B2-01,1,1
1414,54:F0:B1:BB:C4:D1,PoliSemFio,42,743.4416010379791,B2-01,1,1
1415,54:F0:B1:BB:C4:D2,,50,743.4416010379791,B2-01,1,1
1416,54:F0:B1:BB:C4:F0,eduroam,29,743.4416010379791,B2-01,1,1
1417,54:F0:B1:BB:C4:F1,PoliSemFio,37,743.4416010379791,B2-01,1,1
1418,54:F0:B1:BB:FD:D0,eduroam,14,743.4416010379791,B2-01,1,1
1419,54:F0:B1:BB:FD:D1,PoliSemFio,32,743.4416010379791,B2-01,1,1
1420,54:F0:B1:BB:FD:D2,,20,743.4416010379791,B2-01,1,1
1421,54:F0:B1:BC:09:40,eduroam,80,743.4416010379791,B2-01,1,1
1422,54:F0:B1:BC:09:41,PoliSemFio,79,743.4416010379791,B2-01,1,1
1423,54:F0:B1:BC:09:42,,79,743.4416010379791,B2-01,1,1
1424,54:F0:B1:BC:09:60,eduroam,89,743.4416010379791,B2-01,1,1
1425,54:F0:B1:BC:09:61,PoliSemFio,89,743.4416010379791,B2-01,1,1
1426,54:F0:B1:BC:0F:D0,eduroam,25,743.4416010379791,B2-01,1,1
1427,54:F0:B1:BC:0F:D1,PoliSemFio,17,743.4416010379791,B2-01,1,1
1428,54:F0:B1:BC:1B:D1,PoliSemFio,35,743.4416010379791,B2-01,1,1
1429,54:F0:B1:BC:1B:D2,,35,743.4416010379791,B2-01,1,1
1430,54:F0:B1:BC:1B:F0,eduroam,19,743.4416010379791,B2-01,1,1
1431,54:F0:B1:BC:1B:F1,PoliSemFio,20,743.4416010379791,B2-01,1,1
1432,54:F0:B1:BC:2E:90,eduroam,54,743.4416010379791,B2-01,1,1
1433,54:F0:B1:BC:2E:91,PoliSemFio,47,743.4416010379791,B2-01,1,1
1434,54:F0:B1:BC:2E:92,,49,743.4416010379791,B2-01,1,1
1435,54:F0:B1:BC:2E:B0,eduroam,27,743.4416010379791,B2-01,1,1
1436,54:F0:B1:BC:2E:B1,PoliSemFio,27,743.4416010379791,B2-01,1,1
1437,54:F0:B1:BC:2E:B2,,19,743.4416010379791,B2-01,1,1
1438,54:F0:B1:BC:2F:50,eduroam,12,743.4416010379791,B2-01,1,1
1439,54:F0:B1:BC:36:10,PoliSemFio,27,743.4416010379791,B2-01,1,1
1440,54:F0:B1:BC:36:11,eduroam,25,743.4416010379791,B2-01,1,1
1441,54:F0:B1:BC:36:12,,25,743.4416010379791,B2-01,1,1
1442,54:F0:B1:BC:3F:10,eduroam,25,743.4416010379791,B2-01,1,1
1443,54:F0:B1:BC:65:B0,eduroam,14,743.4416010379791,B2-01,1,1
1444,54:F0:B1:BC:70:00,eduroam,42,743.4416010379791,B2-01,1,1
1445,54:F0:B1:BC:70:01,PoliSemFio,40,743.4416010379791,B2-01,1,1
1446,54:F0:B1:BC:70:02,,40,743.4416010379791,B2-01,1,1
1447,54:F0:B1:BC:70:20,eduroam,17,743.4416010379791,B2-01,1,1
1448,54:F0:B1:BC:70:21,PoliSemFio,17,743.4416010379791,B2-01,1,1
1449,54:F0:B1:BC:77:80,eduroam,59,743.4416010379791,B2-01,1,1
1450,54:F0:B1:BC:77:81,PoliSemFio,59,743.4416010379791,B2-01,1,1
1451,54:F0:B1:BC:77:A0,eduroam,19,743.4416010379791,B2-01,1,1
1452,54:F0:B1:BC:77:A1,PoliSemFio,15,743.4416010379791,B2-01,1,1
1453,54:F0:B1:BC:8F:20,eduroam,19,743.4416010379791,B2-01,1,1
1454,56:60:F9:A3:E7:3F,,34,743.4416010379791,B2-01,1,1
1455,68:FF:7B:47:78:BE,C1-22M,57,743.4416010379791,B2-01,1,1
1456,70:62:B8:6E:72:A0,PCS-wireless-C1-13,34,743.4416010379791,B2-01,1,1
1457,70:62:B8:6E:72:A1,PPGEE,34,743.4416010379791,B2-01,1,1
1458,84:D4:7E:06:4F:E0,eduroam,52,743.4416010379791,B2-01,1,1
1459,84:D4:7E:06:4F:E1,PoliSemFio,59,743.4416010379791,B2-01,1,1
1460,84:D4:7E:06:4F:E2,,77,743.4416010379791,B2-01,1,1
1461,84:D4:7E:06:4F:F0,eduroam,25,743.4416010379791,B2-01,1,1
1462,84:D4:7E:06:4F:F1,PoliSemFio,25,743.4416010379791,B2-01,1,1
1463,DC:9F:DB:1C:1F:E0,LWN-3,29,743.4416010379791,B2-01,1,1
1464,DE:9F:DB:1C:1F:E0,LARC Guest,27,743.4416010379791,B2-01,1,1
1465,EE:9F:DB:1C:1F:E0,,27,743.4416010379791,B2-01,1,1
1466,F8:1A:67:99:55:8E,NUCLEAR_CHF,24,743.4416010379791,B2-01,1,1
1467,FE:9F:DB:1C:1F:E0,,27,743.4416010379791,B2-01,1,1
1468,00:21:91:70:9D:EC,LAB-DIDATICO,19,749.7241079807281,B2-01,1,1
1469,30:85:A9:69:F2:E4,PCS-Wireless-C2-22,32,749.7241079807281,B2-01,1,1
1470,34:60:F9:A3:D9:14,GASWIFI-2G_C2,39,749.7241079807281,B2-01,1,1
1471,34:60:F9:A3:E7:3F,GASWIFI_C4,37,749.7241079807281,B2-01,1,1
1472,34:CE:00:51:3E:6F,Lab,54,749.7241079807281,B2-01,1,1
1473,34:CE:00:51:3E:70,Lab_5G,24,749.7241079807281,B2-01,1,1
1474,3A:60:F9:A3:D9:14,,39,749.7241079807281,B2-01,1,1
1475,54:B8:0A:AA:2C:8C,LAB_DIGITAL,29,749.7241079807281,B2-01,1,1
1476,54:B8:0A:AA:2C:8D,PCS-Wireless,30,749.7241079807281,B2-01,1,1
1477,54:F0:B1:A1:18:C0,eduroam,27,749.7241079807281,B2-01,1,1
1478,54:F0:B1:A1:18:C1,PoliSemFio,27,749.7241079807281,B2-01,1,1
1479,54:F0:B1:A1:18:C3,MEZANINO,27,749.7241079807281,B2-01,1,1
1480,54:F0:B1:A1:18:C4,GDLAB,27,749.7241079807281,B2-01,1,1
1481,54:F0:B1:A1:18:C5,LABPAD,29,749.7241079807281,B2-01,1,1
1482,54:F0:B1:A1:18:D0,eduroam,40,749.7241079807281,B2-01,1,1
1483,54:F0:B1:A1:18:D1,PoliSemFio,34,749.7241079807281,B2-01,1,1
1484,54:F0:B1:A1:18:D2,,34,749.7241079807281,B2-01,1,1
1485,54:F0:B1:A1:18:D3,MEZANINO,25,749.7241079807281,B2-01,1,1
1486,54:F0:B1:A1:18:D4,GDLAB,37,749.7241079807281,B2-01,1,1
1487,54:F0:B1:A1:18:D5,LABPAD,37,749.7241079807281,B2-01,1,1
1488,54:F0:B1:A1:58:00,eduroam,25,749.7241079807281,B2-01,1,1
1489,54:F0:B1:A1:58:01,PoliSemFio,30,749.7241079807281,B2-01,1,1
1490,54:F0:B1:A1:58:02,,32,749.7241079807281,B2-01,1,1
1491,54:F0:B1:A1:E5:00,eduroam,20,749.7241079807281,B2-01,1,1
1492,54:F0:B1:A2:37:E0,eduroam,15,749.7241079807281,B2-01,1,1
1493,54:F0:B1:A2:37:E1,PoliSemFio,19,749.7241079807281,B2-01,1,1
1494,54:F0:B1:A2:37:E2,,19,749.7241079807281,B2-01,1,1
1495,54:F0:B1:A2:57:30,eduroam,27,749.7241079807281,B2-01,1,1
1496,54:F0:B1:A2:57:31,PoliSemFio,34,749.7241079807281,B2-01,1,1
1497,54:F0:B1:A2:57:32,,34,749.7241079807281,B2-01,1,1
1498,54:F0:B1:A2:57:33,LCA,25,749.7241079807281,B2-01,1,1
1499,54:F0:B1:BB:5A:80,eduroam,20,749.7241079807281,B2-01,1,1
1500,54:F0:B1:BB:5A:81,PoliSemFio,24,749.7241079807281,B2-01,1,1
1501,54:F0:B1:BB:5A:82,HACKER,22,749.7241079807281,B2-01,1,1
1502,54:F0:B1:BB:5A:83,LEP,19,749.7241079807281,B2-01,1,1
1503,54:F0:B1:BB:84:B0,eduroam,29,749.7241079807281,B2-01,1,1
1504,54:F0:B1:BB:C4:D0,eduroam,52,749.7241079807281,B2-01,1,1
1505,54:F0:B1:BB:C4:D1,PoliSemFio,42,749.7241079807281,B2-01,1,1
1506,54:F0:B1:BB:C4:D2,,50,749.7241079807281,B2-01,1,1
1507,54:F0:B1:BB:C4:F0,eduroam,29,749.7241079807281,B2-01,1,1
1508,54:F0:B1:BB:C4:F1,PoliSemFio,37,749.7241079807281,B2-01,1,1
1509,54:F0:B1:BB:FD:D0,eduroam,14,749.7241079807281,B2-01,1,1
1510,54:F0:B1:BB:FD:D1,PoliSemFio,32,749.7241079807281,B2-01,1,1
1511,54:F0:B1:BB:FD:D2,,20,749.7241079807281,B2-01,1,1
1512,54:F0:B1:BC:09:40,eduroam,80,749.7241079807281,B2-01,1,1
1513,54:F0:B1:BC:09:41,PoliSemFio,79,749.7241079807281,B2-01,1,1
1514,54:F0:B1:BC:09:42,,79,749.7241079807281,B2-01,1,1
1515,54:F0:B1:BC:09:60,eduroam,74,749.7241079807281,B2-01,1,1
1516,54:F0:B1:BC:09:61,PoliSemFio,89,749.7241079807281,B2-01,1,1
1517,54:F0:B1:BC:0F:D0,eduroam,25,749.7241079807281,B2-01,1,1
1518,54:F0:B1:BC:0F:D1,PoliSemFio,17,749.7241079807281,B2-01,1,1
1519,54:F0:B1:BC:1B:D1,PoliSemFio,35,749.7241079807281,B2-01,1,1
1520,54:F0:B1:BC:1B:D2,,35,749.7241079807281,B2-01,1,1
1521,54:F0:B1:BC:1B:F0,eduroam,19,749.7241079807281,B2-01,1,1
1522,54:F0:B1:BC:1B:F1,PoliSemFio,20,749.7241079807281,B2-01,1,1
1523,54:F0:B1:BC:2E:90,eduroam,54,749.7241079807281,B2-01,1,1
1524,54:F0:B1:BC:2E:91,PoliSemFio,47,749.7241079807281,B2-01,1,1
1525,54:F0:B1:BC:2E:92,,49,749.7241079807281,B2-01,1,1
1526,54:F0:B1:BC:2E:B0,eduroam,27,749.7241079807281,B2-01,1,1
1527,54:F0:B1:BC:2E:B1,PoliSemFio,27,749.7241079807281,B2-01,1,1
1528,54:F0:B1:BC:2E:B2,,19,749.7241079807281,B2-01,1,1
1529,54:F0:B1:BC:2F:50,eduroam,12,749.7241079807281,B2-01,1,1
1530,54:F0:B1:BC:36:10,PoliSemFio,27,749.7241079807281,B2-01,1,1
1531,54:F0:B1:BC:36:11,eduroam,25,749.7241079807281,B2-01,1,1
1532,54:F0:B1:BC:36:12,,25,749.7241079807281,B2-01,1,1
1533,54:F0:B1:BC:3F:10,eduroam,25,749.7241079807281,B2-01,1,1
1534,54:F0:B1:BC:65:B0,eduroam,14,749.7241079807281,B2-01,1,1
1535,54:F0:B1:BC:70:00,eduroam,42,749.7241079807281,B2-01,1,1
1536,54:F0:B1:BC:70:01,PoliSemFio,40,749.7241079807281,B2-01,1,1
1537,54:F0:B1:BC:70:02,,40,749.7241079807281,B2-01,1,1
1538,54:F0:B1:BC:70:20,eduroam,17,749.7241079807281,B2-01,1,1
1539,54:F0:B1:BC:70:21,PoliSemFio,17,749.7241079807281,B2-01,1,1
1540,54:F0:B1:BC:77:80,eduroam,59,749.7241079807281,B2-01,1,1
1541,54:F0:B1:BC:77:81,PoliSemFio,59,749.7241079807281,B2-01,1,1
1542,54:F0:B1:BC:77:A0,eduroam,19,749.7241079807281,B2-01,1,1
1543,54:F0:B1:BC:77:A1,PoliSemFio,15,749.7241079807281,B2-01,1,1
1544,54:F0:B1:BC:8F:20,eduroam,19,749.7241079807281,B2-01,1,1
1545,56:60:F9:A3:E7:3F,,34,749.7241079807281,B2-01,1,1
1546,68:FF:7B:47:78:BE,C1-22M,57,749.7241079807281,B2-01,1,1
1547,70:62:B8:6E:72:A0,PCS-wireless-C1-13,34,749.7241079807281,B2-01,1,1
1548,70:62:B8:6E:72:A1,PPGEE,34,749.7241079807281,B2-01,1,1
1549,84:D4:7E:06:4F:E0,eduroam,52,749.7241079807281,B2-01,1,1
1550,84:D4:7E:06:4F:E1,PoliSemFio,59,749.7241079807281,B2-01,1,1
1551,84:D4:7E:06:4F:E2,,77,749.7241079807281,B2-01,1,1
1552,84:D4:7E:06:4F:F0,eduroam,25,749.7241079807281,B2-01,1,1
1553,84:D4:7E:06:4F:F1,PoliSemFio,25,749.7241079807281,B2-01,1,1
1554,DC:9F:DB:1C:1F:E0,LWN-3,29,749.7241079807281,B2-01,1,1
1555,DE:9F:DB:1C:1F:E0,LARC Guest,27,749.7241079807281,B2-01,1,1
1556,EE:9F:DB:1C:1F:E0,,27,749.7241079807281,B2-01,1,1
1557,F8:1A:67:99:55:8E,NUCLEAR_CHF,24,749.7241079807281,B2-01,1,1
1558,FE:9F:DB:1C:1F:E0,,27,749.7241079807281,B2-01,1,1
1559,00:21:91:70:9D:EC,LAB-DIDATICO,19,752.3487930297852,B2-01,1,1
1560,20:AA:4B:A7:19:74,LAA03,14,752.3487930297852,B2-01,1,1
1561,30:85:A9:69:F2:E4,PCS-Wireless-C2-22,32,752.3487930297852,B2-01,1,1
1562,34:60:F9:A3:D9:14,GASWIFI-2G_C2,35,752.3487930297852,B2-01,1,1
1563,34:60:F9:A3:E7:3F,GASWIFI_C4,32,752.3487930297852,B2-01,1,1
1564,34:CE:00:51:3E:6F,Lab,60,752.3487930297852,B2-01,1,1
1565,34:CE:00:51:3E:70,Lab_5G,22,752.3487930297852,B2-01,1,1
1566,3A:60:F9:A3:D9:14,,39,752.3487930297852,B2-01,1,1
1567,54:B8:0A:AA:2C:8C,LAB_DIGITAL,29,752.3487930297852,B2-01,1,1
1568,54:B8:0A:AA:2C:8D,PCS-Wireless,35,752.3487930297852,B2-01,1,1
1569,54:F0:B1:A1:18:C0,eduroam,24,752.3487930297852,B2-01,1,1
1570,54:F0:B1:A1:18:C1,PoliSemFio,24,752.3487930297852,B2-01,1,1
1571,54:F0:B1:A1:18:C3,MEZANINO,22,752.3487930297852,B2-01,1,1
1572,54:F0:B1:A1:18:C4,GDLAB,24,752.3487930297852,B2-01,1,1
1573,54:F0:B1:A1:18:C5,LABPAD,24,752.3487930297852,B2-01,1,1
1574,54:F0:B1:A1:18:D0,eduroam,30,752.3487930297852,B2-01,1,1
1575,54:F0:B1:A1:18:D1,PoliSemFio,29,752.3487930297852,B2-01,1,1
1576,54:F0:B1:A1:18:D2,,29,752.3487930297852,B2-01,1,1
1577,54:F0:B1:A1:18:D3,MEZANINO,25,752.3487930297852,B2-01,1,1
1578,54:F0:B1:A1:18:D4,GDLAB,29,752.3487930297852,B2-01,1,1
1579,54:F0:B1:A1:18:D5,LABPAD,27,752.3487930297852,B2-01,1,1
1580,54:F0:B1:A1:58:00,eduroam,24,752.3487930297852,B2-01,1,1
1581,54:F0:B1:A1:58:01,PoliSemFio,30,752.3487930297852,B2-01,1,1
1582,54:F0:B1:A1:58:02,,32,752.3487930297852,B2-01,1,1
1583,54:F0:B1:A1:E5:00,eduroam,20,752.3487930297852,B2-01,1,1
1584,54:F0:B1:A2:37:E0,eduroam,15,752.3487930297852,B2-01,1,1
1585,54:F0:B1:A2:37:E1,PoliSemFio,19,752.3487930297852,B2-01,1,1
1586,54:F0:B1:A2:37:E2,,19,752.3487930297852,B2-01,1,1
1587,54:F0:B1:A2:57:30,eduroam,34,752.3487930297852,B2-01,1,1
1588,54:F0:B1:A2:57:31,PoliSemFio,25,752.3487930297852,B2-01,1,1
1589,54:F0:B1:A2:57:32,,34,752.3487930297852,B2-01,1,1
1590,54:F0:B1:A2:57:33,LCA,29,752.3487930297852,B2-01,1,1
1591,54:F0:B1:BB:58:A0,eduroam,10,752.3487930297852,B2-01,1,1
1592,54:F0:B1:BB:5A:80,eduroam,20,752.3487930297852,B2-01,1,1
1593,54:F0:B1:BB:5A:82,HACKER,22,752.3487930297852,B2-01,1,1
1594,54:F0:B1:BB:5A:83,LEP,19,752.3487930297852,B2-01,1,1
1595,54:F0:B1:BB:84:B0,eduroam,25,752.3487930297852,B2-01,1,1
1596,54:F0:B1:BB:84:B2,,29,752.3487930297852,B2-01,1,1
1597,54:F0:B1:BB:BE:13,CAEEL,15,752.3487930297852,B2-01,1,1
1598,54:F0:B1:BB:C4:D0,eduroam,52,752.3487930297852,B2-01,1,1
1599,54:F0:B1:BB:C4:D1,PoliSemFio,47,752.3487930297852,B2-01,1,1
1600,54:F0:B1:BB:C4:D2,,50,752.3487930297852,B2-01,1,1
1601,54:F0:B1:BB:C4:F0,eduroam,25,752.3487930297852,B2-01,1,1
1602,54:F0:B1:BB:C4:F1,PoliSemFio,24,752.3487930297852,B2-01,1,1
1603,54:F0:B1:BB:FD:D0,eduroam,14,752.3487930297852,B2-01,1,1
1604,54:F0:B1:BB:FD:D1,PoliSemFio,32,752.3487930297852,B2-01,1,1
1605,54:F0:B1:BB:FD:D2,,20,752.3487930297852,B2-01,1,1
1606,54:F0:B1:BC:09:40,eduroam,90,752.3487930297852,B2-01,1,1
1607,54:F0:B1:BC:09:41,PoliSemFio,79,752.3487930297852,B2-01,1,1
1608,54:F0:B1:BC:09:42,,79,752.3487930297852,B2-01,1,1
1609,54:F0:B1:BC:09:60,eduroam,89,752.3487930297852,B2-01,1,1
1610,54:F0:B1:BC:09:61,PoliSemFio,89,752.3487930297852,B2-01,1,1
1611,54:F0:B1:BC:0F:D0,eduroam,25,752.3487930297852,B2-01,1,1
1612,54:F0:B1:BC:0F:D1,PoliSemFio,17,752.3487930297852,B2-01,1,1
1613,54:F0:B1:BC:1B:D1,PoliSemFio,35,752.3487930297852,B2-01,1,1
1614,54:F0:B1:BC:1B:D2,,54,752.3487930297852,B2-01,1,1
1615,54:F0:B1:BC:1B:F0,eduroam,19,752.3487930297852,B2-01,1,1
1616,54:F0:B1:BC:1B:F1,PoliSemFio,20,752.3487930297852,B2-01,1,1
1617,54:F0:B1:BC:2E:90,eduroam,69,752.3487930297852,B2-01,1,1
1618,54:F0:B1:BC:2E:91,PoliSemFio,47,752.3487930297852,B2-01,1,1
1619,54:F0:B1:BC:2E:92,,49,752.3487930297852,B2-01,1,1
1620,54:F0:B1:BC:2E:B0,eduroam,30,752.3487930297852,B2-01,1,1
1621,54:F0:B1:BC:2E:B1,PoliSemFio,30,752.3487930297852,B2-01,1,1
1622,54:F0:B1:BC:2F:50,eduroam,12,752.3487930297852,B2-01,1,1
1623,54:F0:B1:BC:36:10,PoliSemFio,20,752.3487930297852,B2-01,1,1
1624,54:F0:B1:BC:36:11,eduroam,25,752.3487930297852,B2-01,1,1
1625,54:F0:B1:BC:36:12,,25,752.3487930297852,B2-01,1,1
1626,54:F0:B1:BC:3F:10,eduroam,25,752.3487930297852,B2-01,1,1
1627,54:F0:B1:BC:65:B0,eduroam,15,752.3487930297852,B2-01,1,1
1628,54:F0:B1:BC:65:B1,PoliSemFio,24,752.3487930297852,B2-01,1,1
1629,54:F0:B1:BC:65:B2,,24,752.3487930297852,B2-01,1,1
1630,54:F0:B1:BC:70:00,eduroam,47,752.3487930297852,B2-01,1,1
1631,54:F0:B1:BC:70:01,PoliSemFio,42,752.3487930297852,B2-01,1,1
1632,54:F0:B1:BC:70:02,,40,752.3487930297852,B2-01,1,1
1633,54:F0:B1:BC:70:20,eduroam,12,752.3487930297852,B2-01,1,1
1634,54:F0:B1:BC:70:21,PoliSemFio,14,752.3487930297852,B2-01,1,1
1635,54:F0:B1:BC:77:80,eduroam,30,752.3487930297852,B2-01,1,1
1636,54:F0:B1:BC:77:81,PoliSemFio,59,752.3487930297852,B2-01,1,1
1637,54:F0:B1:BC:77:A0,eduroam,20,752.3487930297852,B2-01,1,1
1638,54:F0:B1:BC:77:A1,PoliSemFio,22,752.3487930297852,B2-01,1,1
1639,54:F0:B1:BC:8F:20,eduroam,19,752.3487930297852,B2-01,1,1
1640,56:60:F9:A3:E7:3F,,34,752.3487930297852,B2-01,1,1
1641,68:FF:7B:47:78:BE,C1-22M,42,752.3487930297852,B2-01,1,1
1642,70:62:B8:6E:72:A0,PCS-wireless-C1-13,34,752.3487930297852,B2-01,1,1
1643,70:62:B8:6E:72:A1,PPGEE,34,752.3487930297852,B2-01,1,1
1644,84:D4:7E:06:4F:E0,eduroam,65,752.3487930297852,B2-01,1,1
1645,84:D4:7E:06:4F:E2,,64,752.3487930297852,B2-01,1,1
1646,84:D4:7E:06:4F:F0,eduroam,20,752.3487930297852,B2-01,1,1
1647,84:D4:7E:06:4F:F1,PoliSemFio,20,752.3487930297852,B2-01,1,1
1648,DC:9F:DB:1C:1F:E0,LWN-3,29,752.3487930297852,B2-01,1,1
1649,DE:9F:DB:1C:1F:E0,LARC Guest,25,752.3487930297852,B2-01,1,1
1650,EE:9F:DB:1C:1F:E0,,27,752.3487930297852,B2-01,1,1
1651,F8:1A:67:99:55:8E,NUCLEAR_CHF,19,752.3487930297852,B2-01,1,1
1652,FE:9F:DB:1C:1F:E0,,27,752.3487930297852,B2-01,1,1
1653,00:21:91:70:9D:EC,LAB-DIDATICO,19,755.0081958770752,B2-01,1,1
1654,20:AA:4B:A7:19:74,LAA03,14,755.0081958770752,B2-01,1,1
1655,30:85:A9:69:F2:E4,PCS-Wireless-C2-22,32,755.0081958770752,B2-01,1,1
1656,34:60:F9:A3:D9:14,GASWIFI-2G_C2,35,755.0081958770752,B2-01,1,1
1657,34:60:F9:A3:E7:3F,GASWIFI_C4,32,755.0081958770752,B2-01,1,1
1658,34:CE:00:51:3E:6F,Lab,60,755.0081958770752,B2-01,1,1
1659,34:CE:00:51:3E:70,Lab_5G,22,755.0081958770752,B2-01,1,1
1660,3A:60:F9:A3:D9:14,,39,755.0081958770752,B2-01,1,1
1661,54:B8:0A:AA:2C:8C,LAB_DIGITAL,29,755.0081958770752,B2-01,1,1
1662,54:B8:0A:AA:2C:8D,PCS-Wireless,35,755.0081958770752,B2-01,1,1
1663,54:F0:B1:A1:18:C0,eduroam,24,755.0081958770752,B2-01,1,1
1664,54:F0:B1:A1:18:C1,PoliSemFio,24,755.0081958770752,B2-01,1,1
1665,54:F0:B1:A1:18:C3,MEZANINO,22,755.0081958770752,B2-01,1,1
1666,54:F0:B1:A1:18:C4,GDLAB,24,755.0081958770752,B2-01,1,1
1667,54:F0:B1:A1:18:C5,LABPAD,24,755.0081958770752,B2-01,1,1
1668,54:F0:B1:A1:18:D0,eduroam,30,755.0081958770752,B2-01,1,1
1669,54:F0:B1:A1:18:D1,PoliSemFio,29,755.0081958770752,B2-01,1,1
1670,54:F0:B1:A1:18:D2,,29,755.0081958770752,B2-01,1,1
1671,54:F0:B1:A1:18:D3,MEZANINO,25,755.0081958770752,B2-01,1,1
1672,54:F0:B1:A1:18:D4,GDLAB,29,755.0081958770752,B2-01,1,1
1673,54:F0:B1:A1:18:D5,LABPAD,27,755.0081958770752,B2-01,1,1
1674,54:F0:B1:A1:58:00,eduroam,24,755.0081958770752,B2-01,1,1
1675,54:F0:B1:A1:58:01,PoliSemFio,30,755.0081958770752,B2-01,1,1
1676,54:F0:B1:A1:58:02,,32,755.0081958770752,B2-01,1,1
1677,54:F0:B1:A1:E5:00,eduroam,20,755.0081958770752,B2-01,1,1
1678,54:F0:B1:A2:37:E0,eduroam,15,755.0081958770752,B2-01,1,1
1679,54:F0:B1:A2:37:E1,PoliSemFio,19,755.0081958770752,B2-01,1,1
1680,54:F0:B1:A2:37:E2,,19,755.0081958770752,B2-01,1,1
1681,54:F0:B1:A2:57:30,eduroam,34,755.0081958770752,B2-01,1,1
1682,54:F0:B1:A2:57:31,PoliSemFio,25,755.0081958770752,B2-01,1,1
1683,54:F0:B1:A2:57:32,,34,755.0081958770752,B2-01,1,1
1684,54:F0:B1:A2:57:33,LCA,29,755.0081958770752,B2-01,1,1
1685,54:F0:B1:BB:58:A0,eduroam,10,755.0081958770752,B2-01,1,1
1686,54:F0:B1:BB:5A:80,eduroam,20,755.0081958770752,B2-01,1,1
1687,54:F0:B1:BB:5A:82,HACKER,22,755.0081958770752,B2-01,1,1
1688,54:F0:B1:BB:5A:83,LEP,19,755.0081958770752,B2-01,1,1
1689,54:F0:B1:BB:84:B0,eduroam,25,755.0081958770752,B2-01,1,1
1690,54:F0:B1:BB:84:B2,,29,755.0081958770752,B2-01,1,1
1691,54:F0:B1:BB:BE:13,CAEEL,15,755.0081958770752,B2-01,1,1
1692,54:F0:B1:BB:C4:D0,eduroam,52,755.0081958770752,B2-01,1,1
1693,54:F0:B1:BB:C4:D1,PoliSemFio,47,755.0081958770752,B2-01,1,1
1694,54:F0:B1:BB:C4:D2,,50,755.0081958770752,B2-01,1,1
1695,54:F0:B1:BB:C4:F0,eduroam,25,755.0081958770752,B2-01,1,1
1696,54:F0:B1:BB:C4:F1,PoliSemFio,24,755.0081958770752,B2-01,1,1
1697,54:F0:B1:BB:FD:D0,eduroam,14,755.0081958770752,B2-01,1,1
1698,54:F0:B1:BB:FD:D1,PoliSemFio,32,755.0081958770752,B2-01,1,1
1699,54:F0:B1:BB:FD:D2,,20,755.0081958770752,B2-01,1,1
1700,54:F0:B1:BC:09:40,eduroam,90,755.0081958770752,B2-01,1,1
1701,54:F0:B1:BC:09:41,PoliSemFio,79,755.0081958770752,B2-01,1,1
1702,54:F0:B1:BC:09:42,,79,755.0081958770752,B2-01,1,1
1703,54:F0:B1:BC:09:60,eduroam,82,755.0081958770752,B2-01,1,1
1704,54:F0:B1:BC:09:61,PoliSemFio,89,755.0081958770752,B2-01,1,1
1705,54:F0:B1:BC:0F:D0,eduroam,25,755.0081958770752,B2-01,1,1
1706,54:F0:B1:BC:0F:D1,PoliSemFio,17,755.0081958770752,B2-01,1,1
1707,54:F0:B1:BC:1B:D1,PoliSemFio,35,755.0081958770752,B2-01,1,1
1708,54:F0:B1:BC:1B:D2,,54,755.0081958770752,B2-01,1,1
1709,54:F0:B1:BC:1B:F0,eduroam,19,755.0081958770752,B2-01,1,1
1710,54:F0:B1:BC:1B:F1,PoliSemFio,20,755.0081958770752,B2-01,1,1
1711,54:F0:B1:BC:2E:90,eduroam,69,755.0081958770752,B2-01,1,1
1712,54:F0:B1:BC:2E:91,PoliSemFio,47,755.0081958770752,B2-01,1,1
1713,54:F0:B1:BC:2E:92,,49,755.0081958770752,B2-01,1,1
1714,54:F0:B1:BC:2E:B0,eduroam,30,755.0081958770752,B2-01,1,1
1715,54:F0:B1:BC:2E:B1,PoliSemFio,30,755.0081958770752,B2-01,1,1
1716,54:F0:B1:BC:2F:50,eduroam,12,755.0081958770752,B2-01,1,1
1717,54:F0:B1:BC:36:10,PoliSemFio,20,755.0081958770752,B2-01,1,1
1718,54:F0:B1:BC:36:11,eduroam,25,755.0081958770752,B2-01,1,1
1719,54:F0:B1:BC:36:12,,25,755.0081958770752,B2-01,1,1
1720,54:F0:B1:BC:3F:10,eduroam,25,755.0081958770752,B2-01,1,1
1721,54:F0:B1:BC:65:B0,eduroam,15,755.0081958770752,B2-01,1,1
1722,54:F0:B1:BC:65:B1,PoliSemFio,24,755.0081958770752,B2-01,1,1
1723,54:F0:B1:BC:65:B2,,24,755.0081958770752,B2-01,1,1
1724,54:F0:B1:BC:70:00,eduroam,47,755.0081958770752,B2-01,1,1
1725,54:F0:B1:BC:70:01,PoliSemFio,42,755.0081958770752,B2-01,1,1
1726,54:F0:B1:BC:70:02,,40,755.0081958770752,B2-01,1,1
1727,54:F0:B1:BC:70:20,eduroam,12,755.0081958770752,B2-01,1,1
1728,54:F0:B1:BC:70:21,PoliSemFio,14,755.0081958770752,B2-01,1,1
1729,54:F0:B1:BC:77:80,eduroam,30,755.0081958770752,B2-01,1,1
1730,54:F0:B1:BC:77:81,PoliSemFio,59,755.0081958770752,B2-01,1,1
1731,54:F0:B1:BC:77:A0,eduroam,20,755.0081958770752,B2-01,1,1
1732,54:F0:B1:BC:77:A1,PoliSemFio,22,755.0081958770752,B2-01,1,1
1733,54:F0:B1:BC:8F:20,eduroam,19,755.0081958770752,B2-01,1,1
1734,56:60:F9:A3:E7:3F,,34,755.0081958770752,B2-01,1,1
1735,68:FF:7B:47:78:BE,C1-22M,42,755.0081958770752,B2-01,1,1
1736,70:62:B8:6E:72:A0,PCS-wireless-C1-13,34,755.0081958770752,B2-01,1,1
1737,70:62:B8:6E:72:A1,PPGEE,34,755.0081958770752,B2-01,1,1
1738,84:D4:7E:06:4F:E0,eduroam,65,755.0081958770752,B2-01,1,1
1739,84:D4:7E:06:4F:E2,,64,755.0081958770752,B2-01,1,1
1740,84:D4:7E:06:4F:F0,eduroam,20,755.0081958770752,B2-01,1,1
1741,84:D4:7E:06:4F:F1,PoliSemFio,20,755.0081958770752,B2-01,1,1
1742,DC:9F:DB:1C:1F:E0,LWN-3,29,755.0081958770752,B2-01,1,1
1743,DE:9F:DB:1C:1F:E0,LARC Guest,25,755.0081958770752,B2-01,1,1
1744,EE:9F:DB:1C:1F:E0,,27,755.0081958770752,B2-01,1,1
1745,F8:1A:67:99:55:8E,NUCLEAR_CHF,19,755.0081958770752,B2-01,1,1
1746,FE:9F:DB:1C:1F:E0,,27,755.0081958770752,B2-01,1,1
1747,00:21:91:70:9D:EC,LAB-DIDATICO,19,761.2551376819611,B2-01,1,1
1748,20:AA:4B:A7:19:74,LAA03,14,761.2551376819611,B2-01,1,1
1749,30:85:A9:69:F2:E4,PCS-Wireless-C2-22,34,761.2551376819611,B2-01,1,1
1750,34:60:F9:A3:D9:14,GASWIFI-2G_C2,32,761.2551376819611,B2-01,1,1
1751,34:60:F9:A3:E7:3F,GASWIFI_C4,32,761.2551376819611,B2-01,1,1
1752,34:CE:00:51:3E:6F,Lab,47,761.2551376819611,B2-01,1,1
1753,34:CE:00:51:3E:70,Lab_5G,14,761.2551376819611,B2-01,1,1
1754,3A:60:F9:A3:D9:14,,27,761.2551376819611,B2-01,1,1
1755,54:B8:0A:AA:2C:8C,LAB_DIGITAL,29,761.2551376819611,B2-01,1,1
1756,54:B8:0A:AA:2C:8D,PCS-Wireless,35,761.2551376819611,B2-01,1,1
1757,54:F0:B1:A1:18:C0,eduroam,14,761.2551376819611,B2-01,1,1
1758,54:F0:B1:A1:18:C1,PoliSemFio,24,761.2551376819611,B2-01,1,1
1759,54:F0:B1:A1:18:C3,MEZANINO,12,761.2551376819611,B2-01,1,1
1760,54:F0:B1:A1:18:C4,GDLAB,12,761.2551376819611,B2-01,1,1
1761,54:F0:B1:A1:18:C5,LABPAD,14,761.2551376819611,B2-01,1,1
1762,54:F0:B1:A1:18:D0,eduroam,25,761.2551376819611,B2-01,1,1
1763,54:F0:B1:A1:18:D1,PoliSemFio,29,761.2551376819611,B2-01,1,1
1764,54:F0:B1:A1:18:D2,,29,761.2551376819611,B2-01,1,1
1765,54:F0:B1:A1:18:D3,MEZANINO,22,761.2551376819611,B2-01,1,1
1766,54:F0:B1:A1:18:D4,GDLAB,25,761.2551376819611,B2-01,1,1
1767,54:F0:B1:A1:18:D5,LABPAD,27,761.2551376819611,B2-01,1,1
1768,54:F0:B1:A1:58:00,eduroam,29,761.2551376819611,B2-01,1,1
1769,54:F0:B1:A1:58:01,PoliSemFio,37,761.2551376819611,B2-01,1,1
1770,54:F0:B1:A1:58:02,,35,761.2551376819611,B2-01,1,1
1771,54:F0:B1:A2:37:E0,eduroam,22,761.2551376819611,B2-01,1,1
1772,54:F0:B1:A2:37:E1,PoliSemFio,19,761.2551376819611,B2-01,1,1
1773,54:F0:B1:A2:37:E2,,19,761.2551376819611,B2-01,1,1
1774,54:F0:B1:A2:57:30,eduroam,34,761.2551376819611,B2-01,1,1
1775,54:F0:B1:A2:57:31,PoliSemFio,25,761.2551376819611,B2-01,1,1
1776,54:F0:B1:A2:57:32,,34,761.2551376819611,B2-01,1,1
1777,54:F0:B1:A2:57:33,LCA,29,761.2551376819611,B2-01,1,1
1778,54:F0:B1:BB:58:A0,eduroam,10,761.2551376819611,B2-01,1,1
1779,54:F0:B1:BB:5A:80,eduroam,19,761.2551376819611,B2-01,1,1
1780,54:F0:B1:BB:5A:82,HACKER,22,761.2551376819611,B2-01,1,1
1781,54:F0:B1:BB:5A:83,LEP,19,761.2551376819611,B2-01,1,1
1782,54:F0:B1:BB:84:B0,eduroam,25,761.2551376819611,B2-01,1,1
1783,54:F0:B1:BB:84:B2,,29,761.2551376819611,B2-01,1,1
1784,54:F0:B1:BB:BE:13,CAEEL,15,761.2551376819611,B2-01,1,1
1785,54:F0:B1:BB:C4:D0,eduroam,39,761.2551376819611,B2-01,1,1
1786,54:F0:B1:BB:C4:D1,PoliSemFio,50,761.2551376819611,B2-01,1,1
1787,54:F0:B1:BB:C4:D2,,50,761.2551376819611,B2-01,1,1
1788,54:F0:B1:BB:C4:F0,eduroam,25,761.2551376819611,B2-01,1,1
1789,54:F0:B1:BB:C4:F1,PoliSemFio,24,761.2551376819611,B2-01,1,1
1790,54:F0:B1:BB:F3:21,PoliSemFio,27,761.2551376819611,B2-01,1,1
1791,54:F0:B1:BB:FD:D0,eduroam,14,761.2551376819611,B2-01,1,1
1792,54:F0:B1:BB:FD:D1,PoliSemFio,32,761.2551376819611,B2-01,1,1
1793,54:F0:B1:BB:FD:D2,,20,761.2551376819611,B2-01,1,1
1794,54:F0:B1:BC:09:40,eduroam,87,761.2551376819611,B2-01,1,1
1795,54:F0:B1:BC:09:41,PoliSemFio,99,761.2551376819611,B2-01,1,1
1796,54:F0:B1:BC:09:42,,99,761.2551376819611,B2-01,1,1
1797,54:F0:B1:BC:09:60,eduroam,84,761.2551376819611,B2-01,1,1
1798,54:F0:B1:BC:09:61,PoliSemFio,60,761.2551376819611,B2-01,1,1
1799,54:F0:B1:BC:0F:D0,eduroam,25,761.2551376819611,B2-01,1,1
1800,54:F0:B1:BC:0F:D1,PoliSemFio,17,761.2551376819611,B2-01,1,1
1801,54:F0:B1:BC:1B:D1,PoliSemFio,54,761.2551376819611,B2-01,1,1
1802,54:F0:B1:BC:1B:D2,,54,761.2551376819611,B2-01,1,1
1803,54:F0:B1:BC:1B:F0,eduroam,22,761.2551376819611,B2-01,1,1
1804,54:F0:B1:BC:1B:F1,PoliSemFio,20,761.2551376819611,B2-01,1,1
1805,54:F0:B1:BC:2E:90,eduroam,55,761.2551376819611,B2-01,1,1
1806,54:F0:B1:BC:2E:91,PoliSemFio,54,761.2551376819611,B2-01,1,1
1807,54:F0:B1:BC:2E:92,,52,761.2551376819611,B2-01,1,1
1808,54:F0:B1:BC:2E:B0,eduroam,25,761.2551376819611,B2-01,1,1
1809,54:F0:B1:BC:2E:B1,PoliSemFio,25,761.2551376819611,B2-01,1,1
1810,54:F0:B1:BC:2F:50,eduroam,12,761.2551376819611,B2-01,1,1
1811,54:F0:B1:BC:36:10,PoliSemFio,20,761.2551376819611,B2-01,1,1
1812,54:F0:B1:BC:3F:10,eduroam,25,761.2551376819611,B2-01,1,1
1813,54:F0:B1:BC:65:B0,eduroam,15,761.2551376819611,B2-01,1,1
1814,54:F0:B1:BC:65:B1,PoliSemFio,24,761.2551376819611,B2-01,1,1
1815,54:F0:B1:BC:65:B2,,24,761.2551376819611,B2-01,1,1
1816,54:F0:B1:BC:70:00,eduroam,19,761.2551376819611,B2-01,1,1
1817,54:F0:B1:BC:70:01,PoliSemFio,44,761.2551376819611,B2-01,1,1
1818,54:F0:B1:BC:70:02,,44,761.2551376819611,B2-01,1,1
1819,54:F0:B1:BC:70:20,eduroam,12,761.2551376819611,B2-01,1,1
1820,54:F0:B1:BC:70:21,PoliSemFio,14,761.2551376819611,B2-01,1,1
1821,54:F0:B1:BC:77:80,eduroam,50,761.2551376819611,B2-01,1,1
1822,54:F0:B1:BC:77:81,PoliSemFio,39,761.2551376819611,B2-01,1,1
1823,54:F0:B1:BC:77:82,,42,761.2551376819611,B2-01,1,1
1824,54:F0:B1:BC:77:A0,eduroam,20,761.2551376819611,B2-01,1,1
1825,54:F0:B1:BC:77:A1,PoliSemFio,22,761.2551376819611,B2-01,1,1
1826,56:60:F9:A3:E7:3F,,34,761.2551376819611,B2-01,1,1
1827,68:FF:7B:47:78:BE,C1-22M,42,761.2551376819611,B2-01,1,1
1828,70:62:B8:6E:72:A0,PCS-wireless-C1-13,25,761.2551376819611,B2-01,1,1
1829,70:62:B8:6E:72:A1,PPGEE,24,761.2551376819611,B2-01,1,1
1830,84:D4:7E:06:4F:E0,eduroam,29,761.2551376819611,B2-01,1,1
1831,84:D4:7E:06:4F:E2,,64,761.2551376819611,B2-01,1,1
1832,84:D4:7E:06:4F:F0,eduroam,20,761.2551376819611,B2-01,1,1
1833,84:D4:7E:06:4F:F1,PoliSemFio,20,761.2551376819611,B2-01,1,1
1834,DC:9F:DB:1C:1F:E0,LWN-3,30,761.2551376819611,B2-01,1,1
1835,DE:9F:DB:1C:1F:E0,LARC Guest,30,761.2551376819611,B2-01,1,1
1836,EE:9F:DB:1C:1F:E0,,29,761.2551376819611,B2-01,1,1
1837,F8:1A:67:99:55:8E,NUCLEAR_CHF,19,761.2551376819611,B2-01,1,1
1838,FE:9F:DB:1C:1F:E0,,29,761.2551376819611,B2-01,1,1
1839,00:21:91:70:9D:EC,LAB-DIDATICO,30,767.5171146392822,B2-01,1,1
1840,20:AA:4B:A7:19:74,LAA03,14,767.5171146392822,B2-01,1,1
1841,30:85:A9:69:F2:E4,PCS-Wireless-C2-22,37,767.5171146392822,B2-01,1,1
1842,34:60:F9:A3:D9:14,GASWIFI-2G_C2,32,767.5171146392822,B2-01,1,1
1843,34:60:F9:A3:E7:3F,GASWIFI_C4,32,767.5171146392822,B2-01,1,1
1844,34:CE:00:51:3E:6F,Lab,47,767.5171146392822,B2-01,1,1
1845,34:CE:00:51:3E:70,Lab_5G,20,767.5171146392822,B2-01,1,1
1846,3A:60:F9:A3:D9:14,,27,767.5171146392822,B2-01,1,1
1847,54:B8:0A:AA:2C:8C,LAB_DIGITAL,44,767.5171146392822,B2-01,1,1
1848,54:B8:0A:AA:2C:8D,PCS-Wireless,44,767.5171146392822,B2-01,1,1
1849,54:F0:B1:A1:18:C0,eduroam,12,767.5171146392822,B2-01,1,1
1850,54:F0:B1:A1:18:C1,PoliSemFio,24,767.5171146392822,B2-01,1,1
1851,54:F0:B1:A1:18:C3,MEZANINO,10,767.5171146392822,B2-01,1,1
1852,54:F0:B1:A1:18:C4,GDLAB,12,767.5171146392822,B2-01,1,1
1853,54:F0:B1:A1:18:C5,LABPAD,12,767.5171146392822,B2-01,1,1
1854,54:F0:B1:A1:18:D0,eduroam,35,767.5171146392822,B2-01,1,1
1855,54:F0:B1:A1:18:D1,PoliSemFio,35,767.5171146392822,B2-01,1,1
1856,54:F0:B1:A1:18:D2,,35,767.5171146392822,B2-01,1,1
1857,54:F0:B1:A1:18:D3,MEZANINO,22,767.5171146392822,B2-01,1,1
1858,54:F0:B1:A1:18:D4,GDLAB,25,767.5171146392822,B2-01,1,1
1859,54:F0:B1:A1:18:D5,LABPAD,27,767.5171146392822,B2-01,1,1
1860,54:F0:B1:A1:58:00,eduroam,29,767.5171146392822,B2-01,1,1
1861,54:F0:B1:A1:58:01,PoliSemFio,37,767.5171146392822,B2-01,1,1
1862,54:F0:B1:A1:58:02,,35,767.5171146392822,B2-01,1,1
1863,54:F0:B1:A2:37:E0,eduroam,22,767.5171146392822,B2-01,1,1
1864,54:F0:B1:A2:37:E1,PoliSemFio,19,767.5171146392822,B2-01,1,1
1865,54:F0:B1:A2:37:E2,,19,767.5171146392822,B2-01,1,1
1866,54:F0:B1:A2:57:30,eduroam,24,767.5171146392822,B2-01,1,1
1867,54:F0:B1:A2:57:31,PoliSemFio,29,767.5171146392822,B2-01,1,1
1868,54:F0:B1:A2:57:32,,29,767.5171146392822,B2-01,1,1
1869,54:F0:B1:A2:57:33,LCA,29,767.5171146392822,B2-01,1,1
1870,54:F0:B1:BB:58:A0,eduroam,10,767.5171146392822,B2-01,1,1
1871,54:F0:B1:BB:5A:80,eduroam,37,767.5171146392822,B2-01,1,1
1872,54:F0:B1:BB:5A:82,HACKER,40,767.5171146392822,B2-01,1,1
1873,54:F0:B1:BB:5A:83,LEP,37,767.5171146392822,B2-01,1,1
1874,54:F0:B1:BB:84:B0,eduroam,25,767.5171146392822,B2-01,1,1
1875,54:F0:B1:BB:84:B2,,30,767.5171146392822,B2-01,1,1
1876,54:F0:B1:BB:BE:12,,22,767.5171146392822,B2-01,1,1
1877,54:F0:B1:BB:BE:13,CAEEL,14,767.5171146392822,B2-01,1,1
1878,54:F0:B1:BB:C4:D0,eduroam,54,767.5171146392822,B2-01,1,1
1879,54:F0:B1:BB:C4:D1,PoliSemFio,50,767.5171146392822,B2-01,1,1
1880,54:F0:B1:BB:C4:D2,,50,767.5171146392822,B2-01,1,1
1881,54:F0:B1:BB:C4:F0,eduroam,30,767.5171146392822,B2-01,1,1
1882,54:F0:B1:BB:C4:F1,PoliSemFio,24,767.5171146392822,B2-01,1,1
1883,54:F0:B1:BB:F3:21,PoliSemFio,27,767.5171146392822,B2-01,1,1
1884,54:F0:B1:BB:FD:D0,eduroam,14,767.5171146392822,B2-01,1,1
1885,54:F0:B1:BB:FD:D2,,25,767.5171146392822,B2-01,1,1
1886,54:F0:B1:BC:09:40,eduroam,9,767.5171146392822,B2-01,1,1
1887,54:F0:B1:BC:09:41,PoliSemFio,100,767.5171146392822,B2-01,1,1
1888,54:F0:B1:BC:09:42,,100,767.5171146392822,B2-01,1,1
1889,54:F0:B1:BC:09:60,eduroam,97,767.5171146392822,B2-01,1,1
1890,54:F0:B1:BC:09:61,PoliSemFio,95,767.5171146392822,B2-01,1,1
1891,54:F0:B1:BC:0F:D0,eduroam,25,767.5171146392822,B2-01,1,1
1892,54:F0:B1:BC:0F:D1,PoliSemFio,17,767.5171146392822,B2-01,1,1
1893,54:F0:B1:BC:1B:D1,PoliSemFio,49,767.5171146392822,B2-01,1,1
1894,54:F0:B1:BC:1B:D2,,54,767.5171146392822,B2-01,1,1
1895,54:F0:B1:BC:1B:F0,eduroam,35,767.5171146392822,B2-01,1,1
1896,54:F0:B1:BC:1B:F1,PoliSemFio,35,767.5171146392822,B2-01,1,1
1897,54:F0:B1:BC:2E:90,eduroam,67,767.5171146392822,B2-01,1,1
1898,54:F0:B1:BC:2E:91,PoliSemFio,54,767.5171146392822,B2-01,1,1
1899,54:F0:B1:BC:2E:92,,52,767.5171146392822,B2-01,1,1
1900,54:F0:B1:BC:2E:B0,eduroam,34,767.5171146392822,B2-01,1,1
1901,54:F0:B1:BC:2E:B1,PoliSemFio,34,767.5171146392822,B2-01,1,1
1902,54:F0:B1:BC:2F:50,eduroam,12,767.5171146392822,B2-01,1,1
1903,54:F0:B1:BC:36:10,PoliSemFio,20,767.5171146392822,B2-01,1,1
1904,54:F0:B1:BC:3F:10,eduroam,25,767.5171146392822,B2-01,1,1
1905,54:F0:B1:BC:65:B0,eduroam,25,767.5171146392822,B2-01,1,1
1906,54:F0:B1:BC:65:B1,PoliSemFio,24,767.5171146392822,B2-01,1,1
1907,54:F0:B1:BC:65:B2,,24,767.5171146392822,B2-01,1,1
1908,54:F0:B1:BC:70:00,eduroam,19,767.5171146392822,B2-01,1,1
1909,54:F0:B1:BC:70:01,PoliSemFio,37,767.5171146392822,B2-01,1,1
1910,54:F0:B1:BC:70:02,,44,767.5171146392822,B2-01,1,1
1911,54:F0:B1:BC:70:20,eduroam,14,767.5171146392822,B2-01,1,1
1912,54:F0:B1:BC:70:21,PoliSemFio,15,767.5171146392822,B2-01,1,1
1913,54:F0:B1:BC:77:80,eduroam,52,767.5171146392822,B2-01,1,1
1914,54:F0:B1:BC:77:81,PoliSemFio,39,767.5171146392822,B2-01,1,1
1915,54:F0:B1:BC:77:82,,42,767.5171146392822,B2-01,1,1
1916,54:F0:B1:BC:77:A0,eduroam,19,767.5171146392822,B2-01,1,1
1917,54:F0:B1:BC:77:A1,PoliSemFio,20,767.5171146392822,B2-01,1,1
1918,68:FF:7B:47:78:BE,C1-22M,45,767.5171146392822,B2-01,1,1
1919,70:62:B8:6E:72:A0,PCS-wireless-C1-13,25,767.5171146392822,B2-01,1,1
1920,70:62:B8:6E:72:A1,PPGEE,35,767.5171146392822,B2-01,1,1
1921,84:D4:7E:06:4F:E0,eduroam,29,767.5171146392822,B2-01,1,1
1922,84:D4:7E:06:4F:E2,,75,767.5171146392822,B2-01,1,1
1923,84:D4:7E:06:4F:F0,eduroam,19,767.5171146392822,B2-01,1,1
1924,84:D4:7E:06:4F:F1,PoliSemFio,20,767.5171146392822,B2-01,1,1
1925,DC:9F:DB:1C:1F:E0,LWN-3,29,767.5171146392822,B2-01,1,1
1926,DE:9F:DB:1C:1F:E0,LARC Guest,30,767.5171146392822,B2-01,1,1
1927,EE:9F:DB:1C:1F:D7,,20,767.5171146392822,B2-01,1,1
1928,EE:9F:DB:1C:1F:E0,,27,767.5171146392822,B2-01,1,1
1929,F8:1A:67:99:55:8E,NUCLEAR_CHF,19,767.5171146392822,B2-01,1,1
1930,FE:9F:DB:1C:1F:E0,,27,767.5171146392822,B2-01,1,1
