,ap_mac,ap_name,rssi,timestamp,room,door_status,room_part
0,00:18:E7:FF:8C:98,dlink,17,558.2065906524658,B2-01,0,5
1,2A:56:5A:49:06:54,DIRECT-54-HP M132f LaserJet,19,558.2065906524658,B2-01,0,5
2,34:60:F9:A3:D9:13,GASWIFI-5G_C2,24,558.2065906524658,B2-01,0,5
3,34:60:F9:A3:D9:14,GASWIFI-2G_C2,20,558.2065906524658,B2-01,0,5
4,34:60:F9:A3:E7:3F,GASWIFI_C4,29,558.2065906524658,B2-01,0,5
5,34:CE:00:51:3E:6F,Lab,45,558.2065906524658,B2-01,0,5
6,34:CE:00:51:3E:70,Lab_5G,12,558.2065906524658,B2-01,0,5
7,3A:60:F9:A3:D9:14,,32,558.2065906524658,B2-01,0,5
8,48:00:20:34:D2:40,eduroam,27,558.2065906524658,B2-01,0,5
9,54:B8:0A:AA:2C:8C,LAB_DIGITAL,45,558.2065906524658,B2-01,0,5
10,54:B8:0A:AA:2C:8D,PCS-Wireless,45,558.2065906524658,B2-01,0,5
11,54:B8:0A:AA:2C:8E,LAB_DIGITAL-5GHz,10,558.2065906524658,B2-01,0,5
12,54:B8:0A:AA:2C:8F,PCS-Wireless-5GHz,12,558.2065906524658,B2-01,0,5
13,54:F0:B1:A1:18:C0,eduroam,32,558.2065906524658,B2-01,0,5
14,54:F0:B1:A1:18:C1,PoliSemFio,32,558.2065906524658,B2-01,0,5
15,54:F0:B1:A1:18:C3,MEZANINO,32,558.2065906524658,B2-01,0,5
16,54:F0:B1:A1:18:C4,GDLAB,32,558.2065906524658,B2-01,0,5
17,54:F0:B1:A1:18:C5,LABPAD,32,558.2065906524658,B2-01,0,5
18,54:F0:B1:A1:18:D0,eduroam,24,558.2065906524658,B2-01,0,5
19,54:F0:B1:A1:18:D1,PoliSemFio,47,558.2065906524658,B2-01,0,5
20,54:F0:B1:A1:18:D2,,52,558.2065906524658,B2-01,0,5
21,54:F0:B1:A1:18:D3,MEZANINO,49,558.2065906524658,B2-01,0,5
22,54:F0:B1:A1:18:D4,GDLAB,19,558.2065906524658,B2-01,0,5
23,54:F0:B1:A1:18:D5,LABPAD,52,558.2065906524658,B2-01,0,5
24,54:F0:B1:A1:57:F2,,14,558.2065906524658,B2-01,0,5
25,54:F0:B1:A1:58:00,eduroam,25,558.2065906524658,B2-01,0,5
26,54:F0:B1:A1:58:01,PoliSemFio,34,558.2065906524658,B2-01,0,5
27,54:F0:B1:A1:E4:F0,eduroam,15,558.2065906524658,B2-01,0,5
28,54:F0:B1:A1:E4:F1,PoliSemFio,15,558.2065906524658,B2-01,0,5
29,54:F0:B1:A1:E4:F2,,17,558.2065906524658,B2-01,0,5
30,54:F0:B1:A1:E5:00,eduroam,24,558.2065906524658,B2-01,0,5
31,54:F0:B1:A2:37:E0,eduroam,17,558.2065906524658,B2-01,0,5
32,54:F0:B1:A2:57:20,eduroam,17,558.2065906524658,B2-01,0,5
33,54:F0:B1:A2:57:21,PoliSemFio,17,558.2065906524658,B2-01,0,5
34,54:F0:B1:A2:57:23,LCA,17,558.2065906524658,B2-01,0,5
35,54:F0:B1:A2:57:30,eduroam,42,558.2065906524658,B2-01,0,5
36,54:F0:B1:A2:57:31,PoliSemFio,42,558.2065906524658,B2-01,0,5
37,54:F0:B1:A2:57:33,LCA,40,558.2065906524658,B2-01,0,5
38,54:F0:B1:BB:5A:80,eduroam,34,558.2065906524658,B2-01,0,5
39,54:F0:B1:BB:5A:81,PoliSemFio,35,558.2065906524658,B2-01,0,5
40,54:F0:B1:BB:5A:82,HACKER,20,558.2065906524658,B2-01,0,5
41,54:F0:B1:BB:5A:83,LEP,25,558.2065906524658,B2-01,0,5
42,54:F0:B1:BB:84:D0,eduroam,10,558.2065906524658,B2-01,0,5
43,54:F0:B1:BB:84:D1,PoliSemFio,12,558.2065906524658,B2-01,0,5
44,54:F0:B1:BB:84:D2,,10,558.2065906524658,B2-01,0,5
45,54:F0:B1:BB:92:E1,PoliSemFio,17,558.2065906524658,B2-01,0,5
46,54:F0:B1:BB:BE:12,,27,558.2065906524658,B2-01,0,5
47,54:F0:B1:BB:BE:13,CAEEL,20,558.2065906524658,B2-01,0,5
48,54:F0:B1:BB:C4:D0,eduroam,54,558.2065906524658,B2-01,0,5
49,54:F0:B1:BB:C4:D2,,49,558.2065906524658,B2-01,0,5
50,54:F0:B1:BB:C4:F0,eduroam,29,558.2065906524658,B2-01,0,5
51,54:F0:B1:BB:C4:F1,PoliSemFio,27,558.2065906524658,B2-01,0,5
52,54:F0:B1:BB:C4:F2,,40,558.2065906524658,B2-01,0,5
53,54:F0:B1:BB:F3:20,eduroam,22,558.2065906524658,B2-01,0,5
54,54:F0:B1:BB:F3:21,PoliSemFio,17,558.2065906524658,B2-01,0,5
55,54:F0:B1:BC:09:40,eduroam,59,558.2065906524658,B2-01,0,5
56,54:F0:B1:BC:09:41,PoliSemFio,74,558.2065906524658,B2-01,0,5
57,54:F0:B1:BC:09:42,,74,558.2065906524658,B2-01,0,5
58,54:F0:B1:BC:09:60,eduroam,54,558.2065906524658,B2-01,0,5
59,54:F0:B1:BC:09:61,PoliSemFio,54,558.2065906524658,B2-01,0,5
60,54:F0:B1:BC:0F:D2,,17,558.2065906524658,B2-01,0,5
61,54:F0:B1:BC:1B:D0,eduroam,32,558.2065906524658,B2-01,0,5
62,54:F0:B1:BC:1B:D1,PoliSemFio,44,558.2065906524658,B2-01,0,5
63,54:F0:B1:BC:1B:D2,,67,558.2065906524658,B2-01,0,5
64,54:F0:B1:BC:1B:F0,eduroam,30,558.2065906524658,B2-01,0,5
65,54:F0:B1:BC:1B:F1,PoliSemFio,29,558.2065906524658,B2-01,0,5
66,54:F0:B1:BC:2E:90,eduroam,60,558.2065906524658,B2-01,0,5
67,54:F0:B1:BC:2E:91,PoliSemFio,54,558.2065906524658,B2-01,0,5
68,54:F0:B1:BC:2E:92,,59,558.2065906524658,B2-01,0,5
69,54:F0:B1:BC:2E:B0,eduroam,27,558.2065906524658,B2-01,0,5
70,54:F0:B1:BC:2E:B1,PoliSemFio,27,558.2065906524658,B2-01,0,5
71,54:F0:B1:BC:36:10,PoliSemFio,22,558.2065906524658,B2-01,0,5
72,54:F0:B1:BC:36:11,eduroam,20,558.2065906524658,B2-01,0,5
73,54:F0:B1:BC:36:12,,20,558.2065906524658,B2-01,0,5
74,54:F0:B1:BC:36:30,PoliSemFio,12,558.2065906524658,B2-01,0,5
75,54:F0:B1:BC:36:31,eduroam,12,558.2065906524658,B2-01,0,5
76,54:F0:B1:BC:36:32,,10,558.2065906524658,B2-01,0,5
77,54:F0:B1:BC:3F:10,eduroam,44,558.2065906524658,B2-01,0,5
78,54:F0:B1:BC:3F:11,PoliSemFio,39,558.2065906524658,B2-01,0,5
79,54:F0:B1:BC:3F:12,,39,558.2065906524658,B2-01,0,5
80,54:F0:B1:BC:70:00,eduroam,45,558.2065906524658,B2-01,0,5
81,54:F0:B1:BC:70:01,PoliSemFio,40,558.2065906524658,B2-01,0,5
82,54:F0:B1:BC:70:02,,39,558.2065906524658,B2-01,0,5
83,54:F0:B1:BC:70:20,eduroam,19,558.2065906524658,B2-01,0,5
84,54:F0:B1:BC:70:21,PoliSemFio,17,558.2065906524658,B2-01,0,5
85,54:F0:B1:BC:77:80,eduroam,50,558.2065906524658,B2-01,0,5
86,54:F0:B1:BC:77:81,PoliSemFio,50,558.2065906524658,B2-01,0,5
87,54:F0:B1:BC:77:82,,50,558.2065906524658,B2-01,0,5
88,54:F0:B1:BC:77:A0,eduroam,32,558.2065906524658,B2-01,0,5
89,54:F0:B1:BC:77:A1,PoliSemFio,32,558.2065906524658,B2-01,0,5
90,54:F0:B1:BC:77:A2,,22,558.2065906524658,B2-01,0,5
91,54:F0:B1:BC:7C:90,eduroam,20,558.2065906524658,B2-01,0,5
92,54:F0:B1:BC:7C:91,PoliSemFio,25,558.2065906524658,B2-01,0,5
93,54:F0:B1:BC:8F:20,eduroam,20,558.2065906524658,B2-01,0,5
94,68:FF:7B:47:78:BD,C1-22M-5G,32,558.2065906524658,B2-01,0,5
95,68:FF:7B:47:78:BE,C1-22M,59,558.2065906524658,B2-01,0,5
96,70:62:B8:6E:72:A0,PCS-wireless-C1-13,47,558.2065906524658,B2-01,0,5
97,70:62:B8:6E:72:A1,PPGEE,42,558.2065906524658,B2-01,0,5
98,84:D4:7E:06:4F:E0,eduroam,55,558.2065906524658,B2-01,0,5
99,84:D4:7E:06:4F:E1,PoliSemFio,54,558.2065906524658,B2-01,0,5
100,84:D4:7E:06:4F:E2,,54,558.2065906524658,B2-01,0,5
101,84:D4:7E:06:4F:F0,eduroam,34,558.2065906524658,B2-01,0,5
102,84:D4:7E:06:4F:F1,PoliSemFio,32,558.2065906524658,B2-01,0,5
103,DC:9F:DB:1C:1F:D7,LWN-3,19,558.2065906524658,B2-01,0,5
104,DC:9F:DB:1C:1F:E0,LWN-3,29,558.2065906524658,B2-01,0,5
105,DE:9F:DB:1C:1F:D7,LARC Guest,24,558.2065906524658,B2-01,0,5
106,DE:9F:DB:1C:1F:E0,LARC Guest,27,558.2065906524658,B2-01,0,5
107,EE:9F:DB:1C:1F:E0,,29,558.2065906524658,B2-01,0,5
108,F8:1A:67:99:55:8E,NUCLEAR_CHF,29,558.2065906524658,B2-01,0,5
109,FE:9F:DB:1C:1F:E0,,34,558.2065906524658,B2-01,0,5
110,00:18:E7:FF:8C:98,dlink,17,560.8630323410034,B2-01,0,5
111,2A:56:5A:49:06:54,DIRECT-54-HP M132f LaserJet,19,560.8630323410034,B2-01,0,5
112,34:60:F9:A3:D9:13,GASWIFI-5G_C2,24,560.8630323410034,B2-01,0,5
113,34:60:F9:A3:D9:14,GASWIFI-2G_C2,20,560.8630323410034,B2-01,0,5
114,34:60:F9:A3:E7:3F,GASWIFI_C4,29,560.8630323410034,B2-01,0,5
115,34:CE:00:51:3E:6F,Lab,45,560.8630323410034,B2-01,0,5
116,34:CE:00:51:3E:70,Lab_5G,12,560.8630323410034,B2-01,0,5
117,3A:60:F9:A3:D9:14,,32,560.8630323410034,B2-01,0,5
118,48:00:20:34:D2:40,eduroam,27,560.8630323410034,B2-01,0,5
119,54:B8:0A:AA:2C:8C,LAB_DIGITAL,45,560.8630323410034,B2-01,0,5
120,54:B8:0A:AA:2C:8D,PCS-Wireless,45,560.8630323410034,B2-01,0,5
121,54:B8:0A:AA:2C:8E,LAB_DIGITAL-5GHz,10,560.8630323410034,B2-01,0,5
122,54:B8:0A:AA:2C:8F,PCS-Wireless-5GHz,12,560.8630323410034,B2-01,0,5
123,54:F0:B1:A1:18:C0,eduroam,32,560.8630323410034,B2-01,0,5
124,54:F0:B1:A1:18:C1,PoliSemFio,32,560.8630323410034,B2-01,0,5
125,54:F0:B1:A1:18:C3,MEZANINO,32,560.8630323410034,B2-01,0,5
126,54:F0:B1:A1:18:C4,GDLAB,32,560.8630323410034,B2-01,0,5
127,54:F0:B1:A1:18:C5,LABPAD,32,560.8630323410034,B2-01,0,5
128,54:F0:B1:A1:18:D0,eduroam,24,560.8630323410034,B2-01,0,5
129,54:F0:B1:A1:18:D1,PoliSemFio,47,560.8630323410034,B2-01,0,5
130,54:F0:B1:A1:18:D2,,52,560.8630323410034,B2-01,0,5
131,54:F0:B1:A1:18:D3,MEZANINO,49,560.8630323410034,B2-01,0,5
132,54:F0:B1:A1:18:D4,GDLAB,19,560.8630323410034,B2-01,0,5
133,54:F0:B1:A1:18:D5,LABPAD,52,560.8630323410034,B2-01,0,5
134,54:F0:B1:A1:57:F2,,14,560.8630323410034,B2-01,0,5
135,54:F0:B1:A1:58:00,eduroam,25,560.8630323410034,B2-01,0,5
136,54:F0:B1:A1:58:01,PoliSemFio,34,560.8630323410034,B2-01,0,5
137,54:F0:B1:A1:E4:F0,eduroam,15,560.8630323410034,B2-01,0,5
138,54:F0:B1:A1:E4:F1,PoliSemFio,15,560.8630323410034,B2-01,0,5
139,54:F0:B1:A1:E4:F2,,17,560.8630323410034,B2-01,0,5
140,54:F0:B1:A1:E5:00,eduroam,24,560.8630323410034,B2-01,0,5
141,54:F0:B1:A2:37:E0,eduroam,17,560.8630323410034,B2-01,0,5
142,54:F0:B1:A2:57:20,eduroam,17,560.8630323410034,B2-01,0,5
143,54:F0:B1:A2:57:21,PoliSemFio,17,560.8630323410034,B2-01,0,5
144,54:F0:B1:A2:57:23,LCA,17,560.8630323410034,B2-01,0,5
145,54:F0:B1:A2:57:30,eduroam,42,560.8630323410034,B2-01,0,5
146,54:F0:B1:A2:57:31,PoliSemFio,42,560.8630323410034,B2-01,0,5
147,54:F0:B1:A2:57:33,LCA,40,560.8630323410034,B2-01,0,5
148,54:F0:B1:BB:5A:80,eduroam,34,560.8630323410034,B2-01,0,5
149,54:F0:B1:BB:5A:81,PoliSemFio,35,560.8630323410034,B2-01,0,5
150,54:F0:B1:BB:5A:82,HACKER,20,560.8630323410034,B2-01,0,5
151,54:F0:B1:BB:5A:83,LEP,25,560.8630323410034,B2-01,0,5
152,54:F0:B1:BB:84:D0,eduroam,10,560.8630323410034,B2-01,0,5
153,54:F0:B1:BB:84:D1,PoliSemFio,12,560.8630323410034,B2-01,0,5
154,54:F0:B1:BB:84:D2,,10,560.8630323410034,B2-01,0,5
155,54:F0:B1:BB:92:E1,PoliSemFio,17,560.8630323410034,B2-01,0,5
156,54:F0:B1:BB:BE:12,,27,560.8630323410034,B2-01,0,5
157,54:F0:B1:BB:BE:13,CAEEL,20,560.8630323410034,B2-01,0,5
158,54:F0:B1:BB:C4:D0,eduroam,54,560.8630323410034,B2-01,0,5
159,54:F0:B1:BB:C4:D2,,49,560.8630323410034,B2-01,0,5
160,54:F0:B1:BB:C4:F0,eduroam,29,560.8630323410034,B2-01,0,5
161,54:F0:B1:BB:C4:F1,PoliSemFio,27,560.8630323410034,B2-01,0,5
162,54:F0:B1:BB:C4:F2,,40,560.8630323410034,B2-01,0,5
163,54:F0:B1:BB:F3:20,eduroam,22,560.8630323410034,B2-01,0,5
164,54:F0:B1:BB:F3:21,PoliSemFio,17,560.8630323410034,B2-01,0,5
165,54:F0:B1:BC:09:40,eduroam,59,560.8630323410034,B2-01,0,5
166,54:F0:B1:BC:09:41,PoliSemFio,74,560.8630323410034,B2-01,0,5
167,54:F0:B1:BC:09:42,,74,560.8630323410034,B2-01,0,5
168,54:F0:B1:BC:09:60,eduroam,52,560.8630323410034,B2-01,0,5
169,54:F0:B1:BC:09:61,PoliSemFio,54,560.8630323410034,B2-01,0,5
170,54:F0:B1:BC:0F:D2,,17,560.8630323410034,B2-01,0,5
171,54:F0:B1:BC:1B:D0,eduroam,32,560.8630323410034,B2-01,0,5
172,54:F0:B1:BC:1B:D1,PoliSemFio,44,560.8630323410034,B2-01,0,5
173,54:F0:B1:BC:1B:D2,,67,560.8630323410034,B2-01,0,5
174,54:F0:B1:BC:1B:F0,eduroam,30,560.8630323410034,B2-01,0,5
175,54:F0:B1:BC:1B:F1,PoliSemFio,29,560.8630323410034,B2-01,0,5
176,54:F0:B1:BC:2E:90,eduroam,60,560.8630323410034,B2-01,0,5
177,54:F0:B1:BC:2E:91,PoliSemFio,54,560.8630323410034,B2-01,0,5
178,54:F0:B1:BC:2E:92,,59,560.8630323410034,B2-01,0,5
179,54:F0:B1:BC:2E:B0,eduroam,27,560.8630323410034,B2-01,0,5
180,54:F0:B1:BC:2E:B1,PoliSemFio,27,560.8630323410034,B2-01,0,5
181,54:F0:B1:BC:36:10,PoliSemFio,22,560.8630323410034,B2-01,0,5
182,54:F0:B1:BC:36:11,eduroam,20,560.8630323410034,B2-01,0,5
183,54:F0:B1:BC:36:12,,20,560.8630323410034,B2-01,0,5
184,54:F0:B1:BC:36:30,PoliSemFio,12,560.8630323410034,B2-01,0,5
185,54:F0:B1:BC:36:31,eduroam,12,560.8630323410034,B2-01,0,5
186,54:F0:B1:BC:36:32,,10,560.8630323410034,B2-01,0,5
187,54:F0:B1:BC:3F:10,eduroam,44,560.8630323410034,B2-01,0,5
188,54:F0:B1:BC:3F:11,PoliSemFio,39,560.8630323410034,B2-01,0,5
189,54:F0:B1:BC:3F:12,,39,560.8630323410034,B2-01,0,5
190,54:F0:B1:BC:70:00,eduroam,45,560.8630323410034,B2-01,0,5
191,54:F0:B1:BC:70:01,PoliSemFio,40,560.8630323410034,B2-01,0,5
192,54:F0:B1:BC:70:02,,39,560.8630323410034,B2-01,0,5
193,54:F0:B1:BC:70:20,eduroam,19,560.8630323410034,B2-01,0,5
194,54:F0:B1:BC:70:21,PoliSemFio,17,560.8630323410034,B2-01,0,5
195,54:F0:B1:BC:77:80,eduroam,50,560.8630323410034,B2-01,0,5
196,54:F0:B1:BC:77:81,PoliSemFio,50,560.8630323410034,B2-01,0,5
197,54:F0:B1:BC:77:82,,50,560.8630323410034,B2-01,0,5
198,54:F0:B1:BC:77:A0,eduroam,32,560.8630323410034,B2-01,0,5
199,54:F0:B1:BC:77:A1,PoliSemFio,32,560.8630323410034,B2-01,0,5
200,54:F0:B1:BC:77:A2,,22,560.8630323410034,B2-01,0,5
201,54:F0:B1:BC:7C:90,eduroam,20,560.8630323410034,B2-01,0,5
202,54:F0:B1:BC:7C:91,PoliSemFio,25,560.8630323410034,B2-01,0,5
203,54:F0:B1:BC:8F:20,eduroam,20,560.8630323410034,B2-01,0,5
204,68:FF:7B:47:78:BD,C1-22M-5G,32,560.8630323410034,B2-01,0,5
205,68:FF:7B:47:78:BE,C1-22M,59,560.8630323410034,B2-01,0,5
206,70:62:B8:6E:72:A0,PCS-wireless-C1-13,47,560.8630323410034,B2-01,0,5
207,70:62:B8:6E:72:A1,PPGEE,42,560.8630323410034,B2-01,0,5
208,84:D4:7E:06:4F:E0,eduroam,55,560.8630323410034,B2-01,0,5
209,84:D4:7E:06:4F:E1,PoliSemFio,54,560.8630323410034,B2-01,0,5
210,84:D4:7E:06:4F:E2,,54,560.8630323410034,B2-01,0,5
211,84:D4:7E:06:4F:F0,eduroam,34,560.8630323410034,B2-01,0,5
212,84:D4:7E:06:4F:F1,PoliSemFio,32,560.8630323410034,B2-01,0,5
213,DC:9F:DB:1C:1F:D7,LWN-3,19,560.8630323410034,B2-01,0,5
214,DC:9F:DB:1C:1F:E0,LWN-3,29,560.8630323410034,B2-01,0,5
215,DE:9F:DB:1C:1F:D7,LARC Guest,24,560.8630323410034,B2-01,0,5
216,DE:9F:DB:1C:1F:E0,LARC Guest,27,560.8630323410034,B2-01,0,5
217,EE:9F:DB:1C:1F:E0,,29,560.8630323410034,B2-01,0,5
218,F8:1A:67:99:55:8E,NUCLEAR_CHF,29,560.8630323410034,B2-01,0,5
219,FE:9F:DB:1C:1F:E0,,34,560.8630323410034,B2-01,0,5
220,34:60:F9:A3:D9:13,GASWIFI-5G_C2,24,567.1113955974579,B2-01,0,5
221,34:60:F9:A3:D9:14,GASWIFI-2G_C2,24,567.1113955974579,B2-01,0,5
222,34:CE:00:51:3E:6F,Lab,20,567.1113955974579,B2-01,0,5
223,34:CE:00:51:3E:70,Lab_5G,7,567.1113955974579,B2-01,0,5
224,48:00:20:34:D2:40,eduroam,30,567.1113955974579,B2-01,0,5
225,54:B8:0A:AA:2C:8C,LAB_DIGITAL,44,567.1113955974579,B2-01,0,5
226,54:B8:0A:AA:2C:8D,PCS-Wireless,40,567.1113955974579,B2-01,0,5
227,54:B8:0A:AA:2C:8E,LAB_DIGITAL-5GHz,12,567.1113955974579,B2-01,0,5
228,54:B8:0A:AA:2C:8F,PCS-Wireless-5GHz,12,567.1113955974579,B2-01,0,5
229,54:F0:B1:A1:18:C0,eduroam,44,567.1113955974579,B2-01,0,5
230,54:F0:B1:A1:18:C1,PoliSemFio,44,567.1113955974579,B2-01,0,5
231,54:F0:B1:A1:18:C2,,44,567.1113955974579,B2-01,0,5
232,54:F0:B1:A1:18:C3,MEZANINO,44,567.1113955974579,B2-01,0,5
233,54:F0:B1:A1:18:C4,GDLAB,44,567.1113955974579,B2-01,0,5
234,54:F0:B1:A1:18:C5,LABPAD,44,567.1113955974579,B2-01,0,5
235,54:F0:B1:A1:18:D0,eduroam,55,567.1113955974579,B2-01,0,5
236,54:F0:B1:A1:18:D1,PoliSemFio,47,567.1113955974579,B2-01,0,5
237,54:F0:B1:A1:18:D2,,52,567.1113955974579,B2-01,0,5
238,54:F0:B1:A1:18:D3,MEZANINO,29,567.1113955974579,B2-01,0,5
239,54:F0:B1:A1:18:D5,LABPAD,50,567.1113955974579,B2-01,0,5
240,54:F0:B1:A1:57:F0,eduroam,19,567.1113955974579,B2-01,0,5
241,54:F0:B1:A1:57:F1,PoliSemFio,19,567.1113955974579,B2-01,0,5
242,54:F0:B1:A1:57:F2,,14,567.1113955974579,B2-01,0,5
243,54:F0:B1:A1:58:00,eduroam,25,567.1113955974579,B2-01,0,5
244,54:F0:B1:A1:58:01,PoliSemFio,34,567.1113955974579,B2-01,0,5
245,54:F0:B1:A1:E4:F0,eduroam,15,567.1113955974579,B2-01,0,5
246,54:F0:B1:A1:E4:F1,PoliSemFio,14,567.1113955974579,B2-01,0,5
247,54:F0:B1:A1:E4:F2,,17,567.1113955974579,B2-01,0,5
248,54:F0:B1:A1:E5:00,eduroam,34,567.1113955974579,B2-01,0,5
249,54:F0:B1:A2:57:20,eduroam,19,567.1113955974579,B2-01,0,5
250,54:F0:B1:A2:57:21,PoliSemFio,17,567.1113955974579,B2-01,0,5
251,54:F0:B1:A2:57:23,LCA,17,567.1113955974579,B2-01,0,5
252,54:F0:B1:A2:57:30,eduroam,35,567.1113955974579,B2-01,0,5
253,54:F0:B1:A2:57:31,PoliSemFio,44,567.1113955974579,B2-01,0,5
254,54:F0:B1:A2:57:33,LCA,40,567.1113955974579,B2-01,0,5
255,54:F0:B1:BB:58:A3,CAEEL,9,567.1113955974579,B2-01,0,5
256,54:F0:B1:BB:5A:82,HACKER,20,567.1113955974579,B2-01,0,5
257,54:F0:B1:BB:5A:83,LEP,25,567.1113955974579,B2-01,0,5
258,54:F0:B1:BB:80:C1,PoliSemFio,25,567.1113955974579,B2-01,0,5
259,54:F0:B1:BB:80:C2,,27,567.1113955974579,B2-01,0,5
260,54:F0:B1:BB:84:D0,eduroam,10,567.1113955974579,B2-01,0,5
261,54:F0:B1:BB:84:D1,PoliSemFio,14,567.1113955974579,B2-01,0,5
262,54:F0:B1:BB:84:D2,,10,567.1113955974579,B2-01,0,5
263,54:F0:B1:BB:92:E1,PoliSemFio,17,567.1113955974579,B2-01,0,5
264,54:F0:B1:BB:C4:D0,eduroam,55,567.1113955974579,B2-01,0,5
265,54:F0:B1:BB:C4:F0,eduroam,20,567.1113955974579,B2-01,0,5
266,54:F0:B1:BB:C4:F1,PoliSemFio,22,567.1113955974579,B2-01,0,5
267,54:F0:B1:BB:C5:C3,MEZANINO,25,567.1113955974579,B2-01,0,5
268,54:F0:B1:BB:CC:E0,B209,20,567.1113955974579,B2-01,0,5
269,54:F0:B1:BB:F3:20,eduroam,22,567.1113955974579,B2-01,0,5
270,54:F0:B1:BB:F3:21,PoliSemFio,25,567.1113955974579,B2-01,0,5
271,54:F0:B1:BB:FD:D0,eduroam,20,567.1113955974579,B2-01,0,5
272,54:F0:B1:BC:09:40,eduroam,72,567.1113955974579,B2-01,0,5
273,54:F0:B1:BC:09:41,PoliSemFio,89,567.1113955974579,B2-01,0,5
274,54:F0:B1:BC:09:42,,74,567.1113955974579,B2-01,0,5
275,54:F0:B1:BC:09:60,eduroam,52,567.1113955974579,B2-01,0,5
276,54:F0:B1:BC:09:61,PoliSemFio,54,567.1113955974579,B2-01,0,5
277,54:F0:B1:BC:1B:D0,eduroam,32,567.1113955974579,B2-01,0,5
278,54:F0:B1:BC:1B:D1,PoliSemFio,40,567.1113955974579,B2-01,0,5
279,54:F0:B1:BC:2E:90,eduroam,60,567.1113955974579,B2-01,0,5
280,54:F0:B1:BC:2E:91,PoliSemFio,54,567.1113955974579,B2-01,0,5
281,54:F0:B1:BC:2E:B0,eduroam,17,567.1113955974579,B2-01,0,5
282,54:F0:B1:BC:2E:B1,PoliSemFio,19,567.1113955974579,B2-01,0,5
283,54:F0:B1:BC:36:10,PoliSemFio,37,567.1113955974579,B2-01,0,5
284,54:F0:B1:BC:36:30,PoliSemFio,20,567.1113955974579,B2-01,0,5
285,54:F0:B1:BC:36:31,eduroam,20,567.1113955974579,B2-01,0,5
286,54:F0:B1:BC:36:32,,19,567.1113955974579,B2-01,0,5
287,54:F0:B1:BC:3F:10,eduroam,27,567.1113955974579,B2-01,0,5
288,54:F0:B1:BC:6F:71,PoliSemFio,29,567.1113955974579,B2-01,0,5
289,54:F0:B1:BC:70:02,,39,567.1113955974579,B2-01,0,5
290,54:F0:B1:BC:70:20,eduroam,19,567.1113955974579,B2-01,0,5
291,54:F0:B1:BC:70:21,PoliSemFio,15,567.1113955974579,B2-01,0,5
292,54:F0:B1:BC:76:C0,eduroam,24,567.1113955974579,B2-01,0,5
293,54:F0:B1:BC:76:C1,PoliSemFio,25,567.1113955974579,B2-01,0,5
294,54:F0:B1:BC:77:80,eduroam,59,567.1113955974579,B2-01,0,5
295,54:F0:B1:BC:77:81,PoliSemFio,54,567.1113955974579,B2-01,0,5
296,54:F0:B1:BC:77:82,,55,567.1113955974579,B2-01,0,5
297,54:F0:B1:BC:77:A0,eduroam,59,567.1113955974579,B2-01,0,5
298,54:F0:B1:BC:77:A1,PoliSemFio,59,567.1113955974579,B2-01,0,5
299,54:F0:B1:BC:7C:90,eduroam,20,567.1113955974579,B2-01,0,5
300,54:F0:B1:BC:7C:91,PoliSemFio,25,567.1113955974579,B2-01,0,5
301,54:F0:B1:BC:7C:B0,eduroam,17,567.1113955974579,B2-01,0,5
302,54:F0:B1:BC:7C:B1,PoliSemFio,14,567.1113955974579,B2-01,0,5
303,54:F0:B1:BC:7C:B2,,15,567.1113955974579,B2-01,0,5
304,54:F0:B1:BC:8F:20,eduroam,20,567.1113955974579,B2-01,0,5
305,54:F0:B1:BC:8F:22,,22,567.1113955974579,B2-01,0,5
306,54:F0:B1:BC:8F:40,eduroam,19,567.1113955974579,B2-01,0,5
307,54:F0:B1:BC:8F:41,PoliSemFio,19,567.1113955974579,B2-01,0,5
308,54:F0:B1:BC:8F:42,,15,567.1113955974579,B2-01,0,5
309,68:FF:7B:47:78:BD,C1-22M-5G,34,567.1113955974579,B2-01,0,5
310,68:FF:7B:47:78:BE,C1-22M,67,567.1113955974579,B2-01,0,5
311,70:62:B8:6E:72:A0,PCS-wireless-C1-13,60,567.1113955974579,B2-01,0,5
312,70:62:B8:6E:72:A1,PPGEE,60,567.1113955974579,B2-01,0,5
313,70:62:B8:6E:72:A2,PCS-wireless-C1-13-5GHz,9,567.1113955974579,B2-01,0,5
314,70:62:B8:6E:72:A3,PPGEE-5GHz,9,567.1113955974579,B2-01,0,5
315,84:D4:7E:06:4F:E0,eduroam,64,567.1113955974579,B2-01,0,5
316,84:D4:7E:06:4F:E1,PoliSemFio,65,567.1113955974579,B2-01,0,5
317,84:D4:7E:06:4F:E2,,65,567.1113955974579,B2-01,0,5
318,84:D4:7E:06:4F:F0,eduroam,39,567.1113955974579,B2-01,0,5
319,84:D4:7E:06:4F:F1,PoliSemFio,39,567.1113955974579,B2-01,0,5
320,DC:9F:DB:1C:1F:E0,LWN-3,29,567.1113955974579,B2-01,0,5
321,DE:9F:DB:1C:1F:E0,LARC Guest,37,567.1113955974579,B2-01,0,5
322,EE:9F:DB:1C:1F:E0,,37,567.1113955974579,B2-01,0,5
323,F8:1A:67:99:55:8E,NUCLEAR_CHF,44,567.1113955974579,B2-01,0,5
324,FA:D0:27:3E:69:92,DIRECT-273EE992,24,567.1113955974579,B2-01,0,5
325,34:60:F9:A3:D9:13,GASWIFI-5G_C2,19,577.0656590461731,B2-01,0,5
326,34:60:F9:A3:D9:14,GASWIFI-2G_C2,27,577.0656590461731,B2-01,0,5
327,34:CE:00:51:3E:6F,Lab,40,577.0656590461731,B2-01,0,5
328,34:CE:00:51:3E:70,Lab_5G,10,577.0656590461731,B2-01,0,5
329,48:00:20:34:D2:40,eduroam,30,577.0656590461731,B2-01,0,5
330,54:B8:0A:AA:2C:8C,LAB_DIGITAL,44,577.0656590461731,B2-01,0,5
331,54:B8:0A:AA:2C:8D,PCS-Wireless,37,577.0656590461731,B2-01,0,5
332,54:B8:0A:AA:2C:8E,LAB_DIGITAL-5GHz,12,577.0656590461731,B2-01,0,5
333,54:B8:0A:AA:2C:8F,PCS-Wireless-5GHz,12,577.0656590461731,B2-01,0,5
334,54:F0:B1:A1:18:C0,eduroam,44,577.0656590461731,B2-01,0,5
335,54:F0:B1:A1:18:C1,PoliSemFio,44,577.0656590461731,B2-01,0,5
336,54:F0:B1:A1:18:C2,,44,577.0656590461731,B2-01,0,5
337,54:F0:B1:A1:18:C3,MEZANINO,44,577.0656590461731,B2-01,0,5
338,54:F0:B1:A1:18:C4,GDLAB,44,577.0656590461731,B2-01,0,5
339,54:F0:B1:A1:18:C5,LABPAD,44,577.0656590461731,B2-01,0,5
340,54:F0:B1:A1:18:D0,eduroam,50,577.0656590461731,B2-01,0,5
341,54:F0:B1:A1:18:D1,PoliSemFio,49,577.0656590461731,B2-01,0,5
342,54:F0:B1:A1:18:D2,,52,577.0656590461731,B2-01,0,5
343,54:F0:B1:A1:18:D3,MEZANINO,50,577.0656590461731,B2-01,0,5
344,54:F0:B1:A1:18:D4,GDLAB,50,577.0656590461731,B2-01,0,5
345,54:F0:B1:A1:18:D5,LABPAD,50,577.0656590461731,B2-01,0,5
346,54:F0:B1:A1:57:F0,eduroam,19,577.0656590461731,B2-01,0,5
347,54:F0:B1:A1:57:F1,PoliSemFio,19,577.0656590461731,B2-01,0,5
348,54:F0:B1:A1:57:F2,,14,577.0656590461731,B2-01,0,5
349,54:F0:B1:A1:58:00,eduroam,25,577.0656590461731,B2-01,0,5
350,54:F0:B1:A1:58:01,PoliSemFio,34,577.0656590461731,B2-01,0,5
351,54:F0:B1:A1:58:02,,35,577.0656590461731,B2-01,0,5
352,54:F0:B1:A1:E4:F0,eduroam,15,577.0656590461731,B2-01,0,5
353,54:F0:B1:A1:E4:F1,PoliSemFio,14,577.0656590461731,B2-01,0,5
354,54:F0:B1:A1:E4:F2,,17,577.0656590461731,B2-01,0,5
355,54:F0:B1:A1:E5:00,eduroam,29,577.0656590461731,B2-01,0,5
356,54:F0:B1:A2:57:20,eduroam,17,577.0656590461731,B2-01,0,5
357,54:F0:B1:A2:57:21,PoliSemFio,19,577.0656590461731,B2-01,0,5
358,54:F0:B1:A2:57:22,,19,577.0656590461731,B2-01,0,5
359,54:F0:B1:A2:57:23,LCA,17,577.0656590461731,B2-01,0,5
360,54:F0:B1:A2:57:30,eduroam,32,577.0656590461731,B2-01,0,5
361,54:F0:B1:A2:57:31,PoliSemFio,32,577.0656590461731,B2-01,0,5
362,54:F0:B1:A2:57:32,,32,577.0656590461731,B2-01,0,5
363,54:F0:B1:A2:57:33,LCA,32,577.0656590461731,B2-01,0,5
364,54:F0:B1:BB:58:A3,CAEEL,9,577.0656590461731,B2-01,0,5
365,54:F0:B1:BB:5A:82,HACKER,20,577.0656590461731,B2-01,0,5
366,54:F0:B1:BB:5A:83,LEP,25,577.0656590461731,B2-01,0,5
367,54:F0:B1:BB:80:C1,PoliSemFio,25,577.0656590461731,B2-01,0,5
368,54:F0:B1:BB:80:C2,,27,577.0656590461731,B2-01,0,5
369,54:F0:B1:BB:84:D0,eduroam,10,577.0656590461731,B2-01,0,5
370,54:F0:B1:BB:84:D1,PoliSemFio,14,577.0656590461731,B2-01,0,5
371,54:F0:B1:BB:84:D2,,10,577.0656590461731,B2-01,0,5
372,54:F0:B1:BB:92:E1,PoliSemFio,17,577.0656590461731,B2-01,0,5
373,54:F0:B1:BB:C4:D0,eduroam,40,577.0656590461731,B2-01,0,5
374,54:F0:B1:BB:C4:D1,PoliSemFio,47,577.0656590461731,B2-01,0,5
375,54:F0:B1:BB:C4:D2,,47,577.0656590461731,B2-01,0,5
376,54:F0:B1:BB:C4:F0,eduroam,20,577.0656590461731,B2-01,0,5
377,54:F0:B1:BB:C4:F1,PoliSemFio,20,577.0656590461731,B2-01,0,5
378,54:F0:B1:BB:C5:C3,MEZANINO,25,577.0656590461731,B2-01,0,5
379,54:F0:B1:BB:CC:E0,B209,20,577.0656590461731,B2-01,0,5
380,54:F0:B1:BB:F3:20,eduroam,27,577.0656590461731,B2-01,0,5
381,54:F0:B1:BB:F3:21,PoliSemFio,25,577.0656590461731,B2-01,0,5
382,54:F0:B1:BB:FD:D0,eduroam,20,577.0656590461731,B2-01,0,5
383,54:F0:B1:BC:09:40,eduroam,67,577.0656590461731,B2-01,0,5
384,54:F0:B1:BC:09:41,PoliSemFio,64,577.0656590461731,B2-01,0,5
385,54:F0:B1:BC:09:42,,74,577.0656590461731,B2-01,0,5
386,54:F0:B1:BC:09:60,eduroam,60,577.0656590461731,B2-01,0,5
387,54:F0:B1:BC:09:61,PoliSemFio,59,577.0656590461731,B2-01,0,5
388,54:F0:B1:BC:1B:D0,eduroam,32,577.0656590461731,B2-01,0,5
389,54:F0:B1:BC:1B:D1,PoliSemFio,40,577.0656590461731,B2-01,0,5
390,54:F0:B1:BC:1B:D2,,44,577.0656590461731,B2-01,0,5
391,54:F0:B1:BC:2E:90,eduroam,35,577.0656590461731,B2-01,0,5
392,54:F0:B1:BC:2E:91,PoliSemFio,54,577.0656590461731,B2-01,0,5
393,54:F0:B1:BC:2E:B0,eduroam,12,577.0656590461731,B2-01,0,5
394,54:F0:B1:BC:2E:B1,PoliSemFio,10,577.0656590461731,B2-01,0,5
395,54:F0:B1:BC:36:10,PoliSemFio,37,577.0656590461731,B2-01,0,5
396,54:F0:B1:BC:36:30,PoliSemFio,20,577.0656590461731,B2-01,0,5
397,54:F0:B1:BC:36:31,eduroam,20,577.0656590461731,B2-01,0,5
398,54:F0:B1:BC:36:32,,19,577.0656590461731,B2-01,0,5
399,54:F0:B1:BC:3F:10,eduroam,27,577.0656590461731,B2-01,0,5
400,54:F0:B1:BC:6F:71,PoliSemFio,29,577.0656590461731,B2-01,0,5
401,54:F0:B1:BC:70:00,eduroam,35,577.0656590461731,B2-01,0,5
402,54:F0:B1:BC:70:01,PoliSemFio,32,577.0656590461731,B2-01,0,5
403,54:F0:B1:BC:70:02,,39,577.0656590461731,B2-01,0,5
404,54:F0:B1:BC:70:20,eduroam,14,577.0656590461731,B2-01,0,5
405,54:F0:B1:BC:70:21,PoliSemFio,14,577.0656590461731,B2-01,0,5
406,54:F0:B1:BC:76:C0,eduroam,24,577.0656590461731,B2-01,0,5
407,54:F0:B1:BC:76:C1,PoliSemFio,25,577.0656590461731,B2-01,0,5
408,54:F0:B1:BC:77:80,eduroam,59,577.0656590461731,B2-01,0,5
409,54:F0:B1:BC:77:81,PoliSemFio,54,577.0656590461731,B2-01,0,5
410,54:F0:B1:BC:77:82,,55,577.0656590461731,B2-01,0,5
411,54:F0:B1:BC:77:A0,eduroam,35,577.0656590461731,B2-01,0,5
412,54:F0:B1:BC:77:A1,PoliSemFio,35,577.0656590461731,B2-01,0,5
413,54:F0:B1:BC:77:A2,,35,577.0656590461731,B2-01,0,5
414,54:F0:B1:BC:7C:90,eduroam,20,577.0656590461731,B2-01,0,5
415,54:F0:B1:BC:7C:91,PoliSemFio,25,577.0656590461731,B2-01,0,5
416,54:F0:B1:BC:7C:B0,eduroam,17,577.0656590461731,B2-01,0,5
417,54:F0:B1:BC:7C:B1,PoliSemFio,14,577.0656590461731,B2-01,0,5
418,54:F0:B1:BC:7C:B2,,15,577.0656590461731,B2-01,0,5
419,54:F0:B1:BC:8F:20,eduroam,40,577.0656590461731,B2-01,0,5
420,54:F0:B1:BC:8F:21,PoliSemFio,34,577.0656590461731,B2-01,0,5
421,54:F0:B1:BC:8F:22,,35,577.0656590461731,B2-01,0,5
422,54:F0:B1:BC:8F:40,eduroam,19,577.0656590461731,B2-01,0,5
423,54:F0:B1:BC:8F:41,PoliSemFio,19,577.0656590461731,B2-01,0,5
424,54:F0:B1:BC:8F:42,,15,577.0656590461731,B2-01,0,5
425,68:FF:7B:47:78:BD,C1-22M-5G,40,577.0656590461731,B2-01,0,5
426,68:FF:7B:47:78:BE,C1-22M,49,577.0656590461731,B2-01,0,5
427,70:62:B8:6E:72:A0,PCS-wireless-C1-13,50,577.0656590461731,B2-01,0,5
428,70:62:B8:6E:72:A1,PPGEE,52,577.0656590461731,B2-01,0,5
429,70:62:B8:6E:72:A2,PCS-wireless-C1-13-5GHz,9,577.0656590461731,B2-01,0,5
430,70:62:B8:6E:72:A3,PPGEE-5GHz,9,577.0656590461731,B2-01,0,5
431,84:D4:7E:06:4F:E0,eduroam,72,577.0656590461731,B2-01,0,5
432,84:D4:7E:06:4F:E1,PoliSemFio,65,577.0656590461731,B2-01,0,5
433,84:D4:7E:06:4F:E2,,65,577.0656590461731,B2-01,0,5
434,84:D4:7E:06:4F:F0,eduroam,27,577.0656590461731,B2-01,0,5
435,84:D4:7E:06:4F:F1,PoliSemFio,27,577.0656590461731,B2-01,0,5
436,B6:4E:26:4B:84:C2,C2-01-Guest,30,577.0656590461731,B2-01,0,5
437,DC:9F:DB:1C:1F:E0,LWN-3,29,577.0656590461731,B2-01,0,5
438,DE:9F:DB:1C:1F:E0,LARC Guest,25,577.0656590461731,B2-01,0,5
439,EE:9F:DB:1C:1F:E0,,25,577.0656590461731,B2-01,0,5
440,F8:1A:67:99:55:8E,NUCLEAR_CHF,29,577.0656590461731,B2-01,0,5
441,FA:D0:27:3E:69:92,DIRECT-273EE992,24,577.0656590461731,B2-01,0,5
442,34:60:F9:A3:D9:13,GASWIFI-5G_C2,19,579.701685667038,B2-01,0,5
443,34:60:F9:A3:D9:14,GASWIFI-2G_C2,27,579.701685667038,B2-01,0,5
444,34:CE:00:51:3E:6F,Lab,40,579.701685667038,B2-01,0,5
445,34:CE:00:51:3E:70,Lab_5G,10,579.701685667038,B2-01,0,5
446,48:00:20:34:D2:40,eduroam,30,579.701685667038,B2-01,0,5
447,54:B8:0A:AA:2C:8C,LAB_DIGITAL,44,579.701685667038,B2-01,0,5
448,54:B8:0A:AA:2C:8D,PCS-Wireless,37,579.701685667038,B2-01,0,5
449,54:B8:0A:AA:2C:8E,LAB_DIGITAL-5GHz,12,579.701685667038,B2-01,0,5
450,54:B8:0A:AA:2C:8F,PCS-Wireless-5GHz,12,579.701685667038,B2-01,0,5
451,54:F0:B1:A1:18:C0,eduroam,44,579.701685667038,B2-01,0,5
452,54:F0:B1:A1:18:C1,PoliSemFio,44,579.701685667038,B2-01,0,5
453,54:F0:B1:A1:18:C2,,44,579.701685667038,B2-01,0,5
454,54:F0:B1:A1:18:C3,MEZANINO,44,579.701685667038,B2-01,0,5
455,54:F0:B1:A1:18:C4,GDLAB,44,579.701685667038,B2-01,0,5
456,54:F0:B1:A1:18:C5,LABPAD,44,579.701685667038,B2-01,0,5
457,54:F0:B1:A1:18:D0,eduroam,50,579.701685667038,B2-01,0,5
458,54:F0:B1:A1:18:D1,PoliSemFio,49,579.701685667038,B2-01,0,5
459,54:F0:B1:A1:18:D2,,52,579.701685667038,B2-01,0,5
460,54:F0:B1:A1:18:D3,MEZANINO,50,579.701685667038,B2-01,0,5
461,54:F0:B1:A1:18:D4,GDLAB,50,579.701685667038,B2-01,0,5
462,54:F0:B1:A1:18:D5,LABPAD,50,579.701685667038,B2-01,0,5
463,54:F0:B1:A1:57:F0,eduroam,19,579.701685667038,B2-01,0,5
464,54:F0:B1:A1:57:F1,PoliSemFio,19,579.701685667038,B2-01,0,5
465,54:F0:B1:A1:57:F2,,14,579.701685667038,B2-01,0,5
466,54:F0:B1:A1:58:00,eduroam,25,579.701685667038,B2-01,0,5
467,54:F0:B1:A1:58:01,PoliSemFio,34,579.701685667038,B2-01,0,5
468,54:F0:B1:A1:58:02,,35,579.701685667038,B2-01,0,5
469,54:F0:B1:A1:E4:F0,eduroam,15,579.701685667038,B2-01,0,5
470,54:F0:B1:A1:E4:F1,PoliSemFio,14,579.701685667038,B2-01,0,5
471,54:F0:B1:A1:E4:F2,,17,579.701685667038,B2-01,0,5
472,54:F0:B1:A1:E5:00,eduroam,29,579.701685667038,B2-01,0,5
473,54:F0:B1:A2:57:20,eduroam,17,579.701685667038,B2-01,0,5
474,54:F0:B1:A2:57:21,PoliSemFio,19,579.701685667038,B2-01,0,5
475,54:F0:B1:A2:57:22,,19,579.701685667038,B2-01,0,5
476,54:F0:B1:A2:57:23,LCA,17,579.701685667038,B2-01,0,5
477,54:F0:B1:A2:57:30,eduroam,32,579.701685667038,B2-01,0,5
478,54:F0:B1:A2:57:31,PoliSemFio,32,579.701685667038,B2-01,0,5
479,54:F0:B1:A2:57:32,,32,579.701685667038,B2-01,0,5
480,54:F0:B1:A2:57:33,LCA,32,579.701685667038,B2-01,0,5
481,54:F0:B1:BB:58:A3,CAEEL,9,579.701685667038,B2-01,0,5
482,54:F0:B1:BB:5A:82,HACKER,20,579.701685667038,B2-01,0,5
483,54:F0:B1:BB:5A:83,LEP,25,579.701685667038,B2-01,0,5
484,54:F0:B1:BB:80:C1,PoliSemFio,25,579.701685667038,B2-01,0,5
485,54:F0:B1:BB:80:C2,,27,579.701685667038,B2-01,0,5
486,54:F0:B1:BB:84:D0,eduroam,10,579.701685667038,B2-01,0,5
487,54:F0:B1:BB:84:D1,PoliSemFio,14,579.701685667038,B2-01,0,5
488,54:F0:B1:BB:84:D2,,10,579.701685667038,B2-01,0,5
489,54:F0:B1:BB:92:E1,PoliSemFio,17,579.701685667038,B2-01,0,5
490,54:F0:B1:BB:C4:D0,eduroam,40,579.701685667038,B2-01,0,5
491,54:F0:B1:BB:C4:D1,PoliSemFio,47,579.701685667038,B2-01,0,5
492,54:F0:B1:BB:C4:D2,,47,579.701685667038,B2-01,0,5
493,54:F0:B1:BB:C4:F0,eduroam,20,579.701685667038,B2-01,0,5
494,54:F0:B1:BB:C4:F1,PoliSemFio,20,579.701685667038,B2-01,0,5
495,54:F0:B1:BB:C5:C3,MEZANINO,25,579.701685667038,B2-01,0,5
496,54:F0:B1:BB:CC:E0,B209,20,579.701685667038,B2-01,0,5
497,54:F0:B1:BB:F3:20,eduroam,27,579.701685667038,B2-01,0,5
498,54:F0:B1:BB:F3:21,PoliSemFio,25,579.701685667038,B2-01,0,5
499,54:F0:B1:BB:FD:D0,eduroam,20,579.701685667038,B2-01,0,5
500,54:F0:B1:BC:09:40,eduroam,67,579.701685667038,B2-01,0,5
501,54:F0:B1:BC:09:41,PoliSemFio,64,579.701685667038,B2-01,0,5
502,54:F0:B1:BC:09:42,,74,579.701685667038,B2-01,0,5
503,54:F0:B1:BC:09:60,eduroam,71,579.701685667038,B2-01,0,5
504,54:F0:B1:BC:09:61,PoliSemFio,59,579.701685667038,B2-01,0,5
505,54:F0:B1:BC:1B:D0,eduroam,32,579.701685667038,B2-01,0,5
506,54:F0:B1:BC:1B:D1,PoliSemFio,40,579.701685667038,B2-01,0,5
507,54:F0:B1:BC:1B:D2,,44,579.701685667038,B2-01,0,5
508,54:F0:B1:BC:2E:90,eduroam,35,579.701685667038,B2-01,0,5
509,54:F0:B1:BC:2E:91,PoliSemFio,54,579.701685667038,B2-01,0,5
510,54:F0:B1:BC:2E:B0,eduroam,12,579.701685667038,B2-01,0,5
511,54:F0:B1:BC:2E:B1,PoliSemFio,10,579.701685667038,B2-01,0,5
512,54:F0:B1:BC:36:10,PoliSemFio,37,579.701685667038,B2-01,0,5
513,54:F0:B1:BC:36:30,PoliSemFio,20,579.701685667038,B2-01,0,5
514,54:F0:B1:BC:36:31,eduroam,20,579.701685667038,B2-01,0,5
515,54:F0:B1:BC:36:32,,19,579.701685667038,B2-01,0,5
516,54:F0:B1:BC:3F:10,eduroam,27,579.701685667038,B2-01,0,5
517,54:F0:B1:BC:6F:71,PoliSemFio,29,579.701685667038,B2-01,0,5
518,54:F0:B1:BC:70:00,eduroam,35,579.701685667038,B2-01,0,5
519,54:F0:B1:BC:70:01,PoliSemFio,32,579.701685667038,B2-01,0,5
520,54:F0:B1:BC:70:02,,39,579.701685667038,B2-01,0,5
521,54:F0:B1:BC:70:20,eduroam,14,579.701685667038,B2-01,0,5
522,54:F0:B1:BC:70:21,PoliSemFio,14,579.701685667038,B2-01,0,5
523,54:F0:B1:BC:76:C0,eduroam,24,579.701685667038,B2-01,0,5
524,54:F0:B1:BC:76:C1,PoliSemFio,25,579.701685667038,B2-01,0,5
525,54:F0:B1:BC:77:80,eduroam,59,579.701685667038,B2-01,0,5
526,54:F0:B1:BC:77:81,PoliSemFio,54,579.701685667038,B2-01,0,5
527,54:F0:B1:BC:77:82,,55,579.701685667038,B2-01,0,5
528,54:F0:B1:BC:77:A0,eduroam,35,579.701685667038,B2-01,0,5
529,54:F0:B1:BC:77:A1,PoliSemFio,35,579.701685667038,B2-01,0,5
530,54:F0:B1:BC:77:A2,,35,579.701685667038,B2-01,0,5
531,54:F0:B1:BC:7C:90,eduroam,20,579.701685667038,B2-01,0,5
532,54:F0:B1:BC:7C:91,PoliSemFio,25,579.701685667038,B2-01,0,5
533,54:F0:B1:BC:7C:B0,eduroam,17,579.701685667038,B2-01,0,5
534,54:F0:B1:BC:7C:B1,PoliSemFio,14,579.701685667038,B2-01,0,5
535,54:F0:B1:BC:7C:B2,,15,579.701685667038,B2-01,0,5
536,54:F0:B1:BC:8F:20,eduroam,40,579.701685667038,B2-01,0,5
537,54:F0:B1:BC:8F:21,PoliSemFio,34,579.701685667038,B2-01,0,5
538,54:F0:B1:BC:8F:22,,35,579.701685667038,B2-01,0,5
539,54:F0:B1:BC:8F:40,eduroam,19,579.701685667038,B2-01,0,5
540,54:F0:B1:BC:8F:41,PoliSemFio,19,579.701685667038,B2-01,0,5
541,54:F0:B1:BC:8F:42,,15,579.701685667038,B2-01,0,5
542,68:FF:7B:47:78:BD,C1-22M-5G,40,579.701685667038,B2-01,0,5
543,68:FF:7B:47:78:BE,C1-22M,49,579.701685667038,B2-01,0,5
544,70:62:B8:6E:72:A0,PCS-wireless-C1-13,50,579.701685667038,B2-01,0,5
545,70:62:B8:6E:72:A1,PPGEE,52,579.701685667038,B2-01,0,5
546,70:62:B8:6E:72:A2,PCS-wireless-C1-13-5GHz,9,579.701685667038,B2-01,0,5
547,70:62:B8:6E:72:A3,PPGEE-5GHz,9,579.701685667038,B2-01,0,5
548,84:D4:7E:06:4F:E0,eduroam,72,579.701685667038,B2-01,0,5
549,84:D4:7E:06:4F:E1,PoliSemFio,65,579.701685667038,B2-01,0,5
550,84:D4:7E:06:4F:E2,,65,579.701685667038,B2-01,0,5
551,84:D4:7E:06:4F:F0,eduroam,27,579.701685667038,B2-01,0,5
552,84:D4:7E:06:4F:F1,PoliSemFio,27,579.701685667038,B2-01,0,5
553,B6:4E:26:4B:84:C2,C2-01-Guest,30,579.701685667038,B2-01,0,5
554,DC:9F:DB:1C:1F:E0,LWN-3,29,579.701685667038,B2-01,0,5
555,DE:9F:DB:1C:1F:E0,LARC Guest,25,579.701685667038,B2-01,0,5
556,EE:9F:DB:1C:1F:E0,,25,579.701685667038,B2-01,0,5
557,F8:1A:67:99:55:8E,NUCLEAR_CHF,29,579.701685667038,B2-01,0,5
558,FA:D0:27:3E:69:92,DIRECT-273EE992,24,579.701685667038,B2-01,0,5
559,02:E0:DB:48:81:EE,DIRECT-Te-Polycom Pano,25,582.3299038410187,B2-01,0,5
560,34:60:F9:A3:D9:13,GASWIFI-5G_C2,20,582.3299038410187,B2-01,0,5
561,34:60:F9:A3:D9:14,GASWIFI-2G_C2,39,582.3299038410187,B2-01,0,5
562,34:CE:00:51:3E:6F,Lab,50,582.3299038410187,B2-01,0,5
563,34:CE:00:51:3E:70,Lab_5G,9,582.3299038410187,B2-01,0,5
564,48:00:20:34:D2:40,eduroam,30,582.3299038410187,B2-01,0,5
565,54:B8:0A:AA:2C:8C,LAB_DIGITAL,44,582.3299038410187,B2-01,0,5
566,54:B8:0A:AA:2C:8D,PCS-Wireless,37,582.3299038410187,B2-01,0,5
567,54:B8:0A:AA:2C:8E,LAB_DIGITAL-5GHz,19,582.3299038410187,B2-01,0,5
568,54:B8:0A:AA:2C:8F,PCS-Wireless-5GHz,20,582.3299038410187,B2-01,0,5
569,54:F0:B1:A1:18:C0,eduroam,34,582.3299038410187,B2-01,0,5
570,54:F0:B1:A1:18:C1,PoliSemFio,35,582.3299038410187,B2-01,0,5
571,54:F0:B1:A1:18:C2,,44,582.3299038410187,B2-01,0,5
572,54:F0:B1:A1:18:C3,MEZANINO,34,582.3299038410187,B2-01,0,5
573,54:F0:B1:A1:18:C4,GDLAB,34,582.3299038410187,B2-01,0,5
574,54:F0:B1:A1:18:C5,LABPAD,34,582.3299038410187,B2-01,0,5
575,54:F0:B1:A1:18:D0,eduroam,50,582.3299038410187,B2-01,0,5
576,54:F0:B1:A1:18:D1,PoliSemFio,49,582.3299038410187,B2-01,0,5
577,54:F0:B1:A1:18:D2,,54,582.3299038410187,B2-01,0,5
578,54:F0:B1:A1:18:D3,MEZANINO,50,582.3299038410187,B2-01,0,5
579,54:F0:B1:A1:18:D4,GDLAB,55,582.3299038410187,B2-01,0,5
580,54:F0:B1:A1:18:D5,LABPAD,50,582.3299038410187,B2-01,0,5
581,54:F0:B1:A1:57:F0,eduroam,19,582.3299038410187,B2-01,0,5
582,54:F0:B1:A1:57:F1,PoliSemFio,19,582.3299038410187,B2-01,0,5
583,54:F0:B1:A1:57:F2,,14,582.3299038410187,B2-01,0,5
584,54:F0:B1:A1:58:00,eduroam,25,582.3299038410187,B2-01,0,5
585,54:F0:B1:A1:58:01,PoliSemFio,34,582.3299038410187,B2-01,0,5
586,54:F0:B1:A1:58:02,,35,582.3299038410187,B2-01,0,5
587,54:F0:B1:A1:E4:F0,eduroam,9,582.3299038410187,B2-01,0,5
588,54:F0:B1:A1:E4:F1,PoliSemFio,14,582.3299038410187,B2-01,0,5
589,54:F0:B1:A1:E4:F2,,17,582.3299038410187,B2-01,0,5
590,54:F0:B1:A1:E5:00,eduroam,40,582.3299038410187,B2-01,0,5
591,54:F0:B1:A2:57:20,eduroam,25,582.3299038410187,B2-01,0,5
592,54:F0:B1:A2:57:21,PoliSemFio,24,582.3299038410187,B2-01,0,5
593,54:F0:B1:A2:57:22,,19,582.3299038410187,B2-01,0,5
594,54:F0:B1:A2:57:23,LCA,25,582.3299038410187,B2-01,0,5
595,54:F0:B1:A2:57:30,eduroam,45,582.3299038410187,B2-01,0,5
596,54:F0:B1:A2:57:31,PoliSemFio,42,582.3299038410187,B2-01,0,5
597,54:F0:B1:A2:57:32,,42,582.3299038410187,B2-01,0,5
598,54:F0:B1:A2:57:33,LCA,32,582.3299038410187,B2-01,0,5
599,54:F0:B1:BB:58:A3,CAEEL,9,582.3299038410187,B2-01,0,5
600,54:F0:B1:BB:5A:82,HACKER,20,582.3299038410187,B2-01,0,5
601,54:F0:B1:BB:5A:83,LEP,25,582.3299038410187,B2-01,0,5
602,54:F0:B1:BB:7E:E1,PoliSemFio,27,582.3299038410187,B2-01,0,5
603,54:F0:B1:BB:80:C1,PoliSemFio,25,582.3299038410187,B2-01,0,5
604,54:F0:B1:BB:80:C2,,27,582.3299038410187,B2-01,0,5
605,54:F0:B1:BB:84:B0,eduroam,27,582.3299038410187,B2-01,0,5
606,54:F0:B1:BB:84:B1,PoliSemFio,39,582.3299038410187,B2-01,0,5
607,54:F0:B1:BB:84:B2,,39,582.3299038410187,B2-01,0,5
608,54:F0:B1:BB:84:D0,eduroam,15,582.3299038410187,B2-01,0,5
609,54:F0:B1:BB:84:D1,PoliSemFio,17,582.3299038410187,B2-01,0,5
610,54:F0:B1:BB:84:D2,,10,582.3299038410187,B2-01,0,5
611,54:F0:B1:BB:92:C2,,32,582.3299038410187,B2-01,0,5
612,54:F0:B1:BB:92:E1,PoliSemFio,17,582.3299038410187,B2-01,0,5
613,54:F0:B1:BB:C4:D0,eduroam,55,582.3299038410187,B2-01,0,5
614,54:F0:B1:BB:C4:D1,PoliSemFio,52,582.3299038410187,B2-01,0,5
615,54:F0:B1:BB:C4:D2,,47,582.3299038410187,B2-01,0,5
616,54:F0:B1:BB:C4:F0,eduroam,22,582.3299038410187,B2-01,0,5
617,54:F0:B1:BB:C4:F1,PoliSemFio,20,582.3299038410187,B2-01,0,5
618,54:F0:B1:BB:C5:C3,MEZANINO,12,582.3299038410187,B2-01,0,5
619,54:F0:B1:BB:C5:E5,LABPAD,5,582.3299038410187,B2-01,0,5
620,54:F0:B1:BB:CC:E0,B209,14,582.3299038410187,B2-01,0,5
621,54:F0:B1:BB:F3:20,eduroam,27,582.3299038410187,B2-01,0,5
622,54:F0:B1:BB:F3:21,PoliSemFio,25,582.3299038410187,B2-01,0,5
623,54:F0:B1:BB:FD:D0,eduroam,14,582.3299038410187,B2-01,0,5
624,54:F0:B1:BC:09:40,eduroam,84,582.3299038410187,B2-01,0,5
625,54:F0:B1:BC:09:41,PoliSemFio,80,582.3299038410187,B2-01,0,5
626,54:F0:B1:BC:09:42,,74,582.3299038410187,B2-01,0,5
627,54:F0:B1:BC:09:60,eduroam,55,582.3299038410187,B2-01,0,5
628,54:F0:B1:BC:09:61,PoliSemFio,55,582.3299038410187,B2-01,0,5
629,54:F0:B1:BC:1B:D0,eduroam,39,582.3299038410187,B2-01,0,5
630,54:F0:B1:BC:1B:D1,PoliSemFio,40,582.3299038410187,B2-01,0,5
631,54:F0:B1:BC:1B:D2,,44,582.3299038410187,B2-01,0,5
632,54:F0:B1:BC:2E:90,eduroam,35,582.3299038410187,B2-01,0,5
633,54:F0:B1:BC:2E:91,PoliSemFio,54,582.3299038410187,B2-01,0,5
634,54:F0:B1:BC:2E:B0,eduroam,12,582.3299038410187,B2-01,0,5
635,54:F0:B1:BC:2E:B1,PoliSemFio,10,582.3299038410187,B2-01,0,5
636,54:F0:B1:BC:36:10,PoliSemFio,37,582.3299038410187,B2-01,0,5
637,54:F0:B1:BC:36:11,eduroam,15,582.3299038410187,B2-01,0,5
638,54:F0:B1:BC:36:30,PoliSemFio,15,582.3299038410187,B2-01,0,5
639,54:F0:B1:BC:36:31,eduroam,15,582.3299038410187,B2-01,0,5
640,54:F0:B1:BC:36:32,,17,582.3299038410187,B2-01,0,5
641,54:F0:B1:BC:3F:10,eduroam,27,582.3299038410187,B2-01,0,5
642,54:F0:B1:BC:6F:71,PoliSemFio,29,582.3299038410187,B2-01,0,5
643,54:F0:B1:BC:70:00,eduroam,35,582.3299038410187,B2-01,0,5
644,54:F0:B1:BC:70:01,PoliSemFio,39,582.3299038410187,B2-01,0,5
645,54:F0:B1:BC:70:02,,39,582.3299038410187,B2-01,0,5
646,54:F0:B1:BC:70:20,eduroam,17,582.3299038410187,B2-01,0,5
647,54:F0:B1:BC:70:21,PoliSemFio,17,582.3299038410187,B2-01,0,5
648,54:F0:B1:BC:76:C0,eduroam,17,582.3299038410187,B2-01,0,5
649,54:F0:B1:BC:76:C1,PoliSemFio,25,582.3299038410187,B2-01,0,5
650,54:F0:B1:BC:77:80,eduroam,59,582.3299038410187,B2-01,0,5
651,54:F0:B1:BC:77:81,PoliSemFio,54,582.3299038410187,B2-01,0,5
652,54:F0:B1:BC:77:82,,64,582.3299038410187,B2-01,0,5
653,54:F0:B1:BC:77:A0,eduroam,50,582.3299038410187,B2-01,0,5
654,54:F0:B1:BC:77:A1,PoliSemFio,50,582.3299038410187,B2-01,0,5
655,54:F0:B1:BC:77:A2,,35,582.3299038410187,B2-01,0,5
656,54:F0:B1:BC:7C:90,eduroam,20,582.3299038410187,B2-01,0,5
657,54:F0:B1:BC:7C:91,PoliSemFio,25,582.3299038410187,B2-01,0,5
658,54:F0:B1:BC:7C:B0,eduroam,17,582.3299038410187,B2-01,0,5
659,54:F0:B1:BC:7C:B1,PoliSemFio,14,582.3299038410187,B2-01,0,5
660,54:F0:B1:BC:7C:B2,,15,582.3299038410187,B2-01,0,5
661,54:F0:B1:BC:8F:20,eduroam,17,582.3299038410187,B2-01,0,5
662,54:F0:B1:BC:8F:21,PoliSemFio,25,582.3299038410187,B2-01,0,5
663,54:F0:B1:BC:8F:22,,25,582.3299038410187,B2-01,0,5
664,54:F0:B1:BC:8F:40,eduroam,19,582.3299038410187,B2-01,0,5
665,54:F0:B1:BC:8F:41,PoliSemFio,19,582.3299038410187,B2-01,0,5
666,54:F0:B1:BC:8F:42,,15,582.3299038410187,B2-01,0,5
667,68:FF:7B:47:78:BD,C1-22M-5G,14,582.3299038410187,B2-01,0,5
668,68:FF:7B:47:78:BE,C1-22M,49,582.3299038410187,B2-01,0,5
669,70:62:B8:6E:72:A0,PCS-wireless-C1-13,59,582.3299038410187,B2-01,0,5
670,70:62:B8:6E:72:A1,PPGEE,57,582.3299038410187,B2-01,0,5
671,70:62:B8:6E:72:A2,PCS-wireless-C1-13-5GHz,9,582.3299038410187,B2-01,0,5
672,70:62:B8:6E:72:A3,PPGEE-5GHz,9,582.3299038410187,B2-01,0,5
673,84:D4:7E:06:4F:E0,eduroam,62,582.3299038410187,B2-01,0,5
674,84:D4:7E:06:4F:E1,PoliSemFio,65,582.3299038410187,B2-01,0,5
675,84:D4:7E:06:4F:E2,,65,582.3299038410187,B2-01,0,5
676,84:D4:7E:06:4F:F0,eduroam,45,582.3299038410187,B2-01,0,5
677,84:D4:7E:06:4F:F1,PoliSemFio,44,582.3299038410187,B2-01,0,5
678,B0:95:75:6B:C6:DE,TP-Link_C6DE,9,582.3299038410187,B2-01,0,5
679,B6:4E:26:4B:84:C2,C2-01-Guest,30,582.3299038410187,B2-01,0,5
680,DC:9F:DB:1C:1F:E0,LWN-3,29,582.3299038410187,B2-01,0,5
681,DE:9F:DB:1C:1F:E0,LARC Guest,29,582.3299038410187,B2-01,0,5
682,EE:9F:DB:1C:1F:E0,,30,582.3299038410187,B2-01,0,5
683,F8:1A:67:99:55:8E,NUCLEAR_CHF,32,582.3299038410187,B2-01,0,5
684,FA:D0:27:3E:69:92,DIRECT-273EE992,29,582.3299038410187,B2-01,0,5
685,02:E0:DB:48:81:EE,DIRECT-Te-Polycom Pano,25,584.9778347015381,B2-01,0,5
686,34:60:F9:A3:D9:13,GASWIFI-5G_C2,20,584.9778347015381,B2-01,0,5
687,34:60:F9:A3:D9:14,GASWIFI-2G_C2,39,584.9778347015381,B2-01,0,5
688,34:CE:00:51:3E:6F,Lab,50,584.9778347015381,B2-01,0,5
689,34:CE:00:51:3E:70,Lab_5G,9,584.9778347015381,B2-01,0,5
690,48:00:20:34:D2:40,eduroam,30,584.9778347015381,B2-01,0,5
691,54:B8:0A:AA:2C:8C,LAB_DIGITAL,44,584.9778347015381,B2-01,0,5
692,54:B8:0A:AA:2C:8D,PCS-Wireless,37,584.9778347015381,B2-01,0,5
693,54:B8:0A:AA:2C:8E,LAB_DIGITAL-5GHz,19,584.9778347015381,B2-01,0,5
694,54:B8:0A:AA:2C:8F,PCS-Wireless-5GHz,20,584.9778347015381,B2-01,0,5
695,54:F0:B1:A1:18:C0,eduroam,34,584.9778347015381,B2-01,0,5
696,54:F0:B1:A1:18:C1,PoliSemFio,35,584.9778347015381,B2-01,0,5
697,54:F0:B1:A1:18:C2,,44,584.9778347015381,B2-01,0,5
698,54:F0:B1:A1:18:C3,MEZANINO,34,584.9778347015381,B2-01,0,5
699,54:F0:B1:A1:18:C4,GDLAB,34,584.9778347015381,B2-01,0,5
700,54:F0:B1:A1:18:C5,LABPAD,34,584.9778347015381,B2-01,0,5
701,54:F0:B1:A1:18:D0,eduroam,50,584.9778347015381,B2-01,0,5
702,54:F0:B1:A1:18:D1,PoliSemFio,49,584.9778347015381,B2-01,0,5
703,54:F0:B1:A1:18:D2,,54,584.9778347015381,B2-01,0,5
704,54:F0:B1:A1:18:D3,MEZANINO,50,584.9778347015381,B2-01,0,5
705,54:F0:B1:A1:18:D4,GDLAB,55,584.9778347015381,B2-01,0,5
706,54:F0:B1:A1:18:D5,LABPAD,50,584.9778347015381,B2-01,0,5
707,54:F0:B1:A1:57:F0,eduroam,19,584.9778347015381,B2-01,0,5
708,54:F0:B1:A1:57:F1,PoliSemFio,19,584.9778347015381,B2-01,0,5
709,54:F0:B1:A1:57:F2,,14,584.9778347015381,B2-01,0,5
710,54:F0:B1:A1:58:00,eduroam,25,584.9778347015381,B2-01,0,5
711,54:F0:B1:A1:58:01,PoliSemFio,34,584.9778347015381,B2-01,0,5
712,54:F0:B1:A1:58:02,,35,584.9778347015381,B2-01,0,5
713,54:F0:B1:A1:E4:F0,eduroam,9,584.9778347015381,B2-01,0,5
714,54:F0:B1:A1:E4:F1,PoliSemFio,14,584.9778347015381,B2-01,0,5
715,54:F0:B1:A1:E4:F2,,17,584.9778347015381,B2-01,0,5
716,54:F0:B1:A1:E5:00,eduroam,40,584.9778347015381,B2-01,0,5
717,54:F0:B1:A2:57:20,eduroam,25,584.9778347015381,B2-01,0,5
718,54:F0:B1:A2:57:21,PoliSemFio,24,584.9778347015381,B2-01,0,5
719,54:F0:B1:A2:57:22,,19,584.9778347015381,B2-01,0,5
720,54:F0:B1:A2:57:23,LCA,25,584.9778347015381,B2-01,0,5
721,54:F0:B1:A2:57:30,eduroam,45,584.9778347015381,B2-01,0,5
722,54:F0:B1:A2:57:31,PoliSemFio,42,584.9778347015381,B2-01,0,5
723,54:F0:B1:A2:57:32,,42,584.9778347015381,B2-01,0,5
724,54:F0:B1:A2:57:33,LCA,32,584.9778347015381,B2-01,0,5
725,54:F0:B1:BB:58:A3,CAEEL,9,584.9778347015381,B2-01,0,5
726,54:F0:B1:BB:5A:82,HACKER,20,584.9778347015381,B2-01,0,5
727,54:F0:B1:BB:5A:83,LEP,25,584.9778347015381,B2-01,0,5
728,54:F0:B1:BB:7E:E1,PoliSemFio,27,584.9778347015381,B2-01,0,5
729,54:F0:B1:BB:80:C1,PoliSemFio,25,584.9778347015381,B2-01,0,5
730,54:F0:B1:BB:80:C2,,27,584.9778347015381,B2-01,0,5
731,54:F0:B1:BB:84:B0,eduroam,27,584.9778347015381,B2-01,0,5
732,54:F0:B1:BB:84:B1,PoliSemFio,39,584.9778347015381,B2-01,0,5
733,54:F0:B1:BB:84:B2,,39,584.9778347015381,B2-01,0,5
734,54:F0:B1:BB:84:D0,eduroam,15,584.9778347015381,B2-01,0,5
735,54:F0:B1:BB:84:D1,PoliSemFio,17,584.9778347015381,B2-01,0,5
736,54:F0:B1:BB:84:D2,,10,584.9778347015381,B2-01,0,5
737,54:F0:B1:BB:92:C2,,32,584.9778347015381,B2-01,0,5
738,54:F0:B1:BB:92:E1,PoliSemFio,17,584.9778347015381,B2-01,0,5
739,54:F0:B1:BB:C4:D0,eduroam,55,584.9778347015381,B2-01,0,5
740,54:F0:B1:BB:C4:D1,PoliSemFio,52,584.9778347015381,B2-01,0,5
741,54:F0:B1:BB:C4:D2,,47,584.9778347015381,B2-01,0,5
742,54:F0:B1:BB:C4:F0,eduroam,22,584.9778347015381,B2-01,0,5
743,54:F0:B1:BB:C4:F1,PoliSemFio,20,584.9778347015381,B2-01,0,5
744,54:F0:B1:BB:C5:C3,MEZANINO,12,584.9778347015381,B2-01,0,5
745,54:F0:B1:BB:C5:E5,LABPAD,5,584.9778347015381,B2-01,0,5
746,54:F0:B1:BB:CC:E0,B209,14,584.9778347015381,B2-01,0,5
747,54:F0:B1:BB:F3:20,eduroam,27,584.9778347015381,B2-01,0,5
748,54:F0:B1:BB:F3:21,PoliSemFio,25,584.9778347015381,B2-01,0,5
749,54:F0:B1:BB:FD:D0,eduroam,14,584.9778347015381,B2-01,0,5
750,54:F0:B1:BC:09:40,eduroam,84,584.9778347015381,B2-01,0,5
751,54:F0:B1:BC:09:41,PoliSemFio,80,584.9778347015381,B2-01,0,5
752,54:F0:B1:BC:09:42,,74,584.9778347015381,B2-01,0,5
753,54:F0:B1:BC:09:60,eduroam,65,584.9778347015381,B2-01,0,5
754,54:F0:B1:BC:09:61,PoliSemFio,55,584.9778347015381,B2-01,0,5
755,54:F0:B1:BC:1B:D0,eduroam,39,584.9778347015381,B2-01,0,5
756,54:F0:B1:BC:1B:D1,PoliSemFio,40,584.9778347015381,B2-01,0,5
757,54:F0:B1:BC:1B:D2,,44,584.9778347015381,B2-01,0,5
758,54:F0:B1:BC:2E:90,eduroam,35,584.9778347015381,B2-01,0,5
759,54:F0:B1:BC:2E:91,PoliSemFio,54,584.9778347015381,B2-01,0,5
760,54:F0:B1:BC:2E:B0,eduroam,12,584.9778347015381,B2-01,0,5
761,54:F0:B1:BC:2E:B1,PoliSemFio,10,584.9778347015381,B2-01,0,5
762,54:F0:B1:BC:36:10,PoliSemFio,37,584.9778347015381,B2-01,0,5
763,54:F0:B1:BC:36:11,eduroam,15,584.9778347015381,B2-01,0,5
764,54:F0:B1:BC:36:30,PoliSemFio,15,584.9778347015381,B2-01,0,5
765,54:F0:B1:BC:36:31,eduroam,15,584.9778347015381,B2-01,0,5
766,54:F0:B1:BC:36:32,,17,584.9778347015381,B2-01,0,5
767,54:F0:B1:BC:3F:10,eduroam,27,584.9778347015381,B2-01,0,5
768,54:F0:B1:BC:6F:71,PoliSemFio,29,584.9778347015381,B2-01,0,5
769,54:F0:B1:BC:70:00,eduroam,35,584.9778347015381,B2-01,0,5
770,54:F0:B1:BC:70:01,PoliSemFio,39,584.9778347015381,B2-01,0,5
771,54:F0:B1:BC:70:02,,39,584.9778347015381,B2-01,0,5
772,54:F0:B1:BC:70:20,eduroam,17,584.9778347015381,B2-01,0,5
773,54:F0:B1:BC:70:21,PoliSemFio,17,584.9778347015381,B2-01,0,5
774,54:F0:B1:BC:76:C0,eduroam,17,584.9778347015381,B2-01,0,5
775,54:F0:B1:BC:76:C1,PoliSemFio,25,584.9778347015381,B2-01,0,5
776,54:F0:B1:BC:77:80,eduroam,59,584.9778347015381,B2-01,0,5
777,54:F0:B1:BC:77:81,PoliSemFio,54,584.9778347015381,B2-01,0,5
778,54:F0:B1:BC:77:82,,64,584.9778347015381,B2-01,0,5
779,54:F0:B1:BC:77:A0,eduroam,50,584.9778347015381,B2-01,0,5
780,54:F0:B1:BC:77:A1,PoliSemFio,50,584.9778347015381,B2-01,0,5
781,54:F0:B1:BC:77:A2,,35,584.9778347015381,B2-01,0,5
782,54:F0:B1:BC:7C:90,eduroam,20,584.9778347015381,B2-01,0,5
783,54:F0:B1:BC:7C:91,PoliSemFio,25,584.9778347015381,B2-01,0,5
784,54:F0:B1:BC:7C:B0,eduroam,17,584.9778347015381,B2-01,0,5
785,54:F0:B1:BC:7C:B1,PoliSemFio,14,584.9778347015381,B2-01,0,5
786,54:F0:B1:BC:7C:B2,,15,584.9778347015381,B2-01,0,5
787,54:F0:B1:BC:8F:20,eduroam,17,584.9778347015381,B2-01,0,5
788,54:F0:B1:BC:8F:21,PoliSemFio,25,584.9778347015381,B2-01,0,5
789,54:F0:B1:BC:8F:22,,25,584.9778347015381,B2-01,0,5
790,54:F0:B1:BC:8F:40,eduroam,19,584.9778347015381,B2-01,0,5
791,54:F0:B1:BC:8F:41,PoliSemFio,19,584.9778347015381,B2-01,0,5
792,54:F0:B1:BC:8F:42,,15,584.9778347015381,B2-01,0,5
793,68:FF:7B:47:78:BD,C1-22M-5G,14,584.9778347015381,B2-01,0,5
794,68:FF:7B:47:78:BE,C1-22M,49,584.9778347015381,B2-01,0,5
795,70:62:B8:6E:72:A0,PCS-wireless-C1-13,59,584.9778347015381,B2-01,0,5
796,70:62:B8:6E:72:A1,PPGEE,57,584.9778347015381,B2-01,0,5
797,70:62:B8:6E:72:A2,PCS-wireless-C1-13-5GHz,9,584.9778347015381,B2-01,0,5
798,70:62:B8:6E:72:A3,PPGEE-5GHz,9,584.9778347015381,B2-01,0,5
799,84:D4:7E:06:4F:E0,eduroam,62,584.9778347015381,B2-01,0,5
800,84:D4:7E:06:4F:E1,PoliSemFio,65,584.9778347015381,B2-01,0,5
801,84:D4:7E:06:4F:E2,,65,584.9778347015381,B2-01,0,5
802,84:D4:7E:06:4F:F0,eduroam,45,584.9778347015381,B2-01,0,5
803,84:D4:7E:06:4F:F1,PoliSemFio,44,584.9778347015381,B2-01,0,5
804,B0:95:75:6B:C6:DE,TP-Link_C6DE,9,584.9778347015381,B2-01,0,5
805,B6:4E:26:4B:84:C2,C2-01-Guest,30,584.9778347015381,B2-01,0,5
806,DC:9F:DB:1C:1F:E0,LWN-3,29,584.9778347015381,B2-01,0,5
807,DE:9F:DB:1C:1F:E0,LARC Guest,29,584.9778347015381,B2-01,0,5
808,EE:9F:DB:1C:1F:E0,,30,584.9778347015381,B2-01,0,5
809,F8:1A:67:99:55:8E,NUCLEAR_CHF,32,584.9778347015381,B2-01,0,5
810,FA:D0:27:3E:69:92,DIRECT-273EE992,29,584.9778347015381,B2-01,0,5
811,02:E0:DB:48:81:EE,DIRECT-Te-Polycom Pano,25,591.2849273681641,B2-01,0,5
812,34:60:F9:A3:D9:13,GASWIFI-5G_C2,20,591.2849273681641,B2-01,0,5
813,34:60:F9:A3:D9:14,GASWIFI-2G_C2,24,591.2849273681641,B2-01,0,5
814,34:CE:00:51:3E:6F,Lab,15,591.2849273681641,B2-01,0,5
815,34:CE:00:51:3E:70,Lab_5G,14,591.2849273681641,B2-01,0,5
816,48:00:20:34:D2:40,eduroam,30,591.2849273681641,B2-01,0,5
817,54:B8:0A:AA:2C:8C,LAB_DIGITAL,44,591.2849273681641,B2-01,0,5
818,54:B8:0A:AA:2C:8D,PCS-Wireless,37,591.2849273681641,B2-01,0,5
819,54:B8:0A:AA:2C:8E,LAB_DIGITAL-5GHz,10,591.2849273681641,B2-01,0,5
820,54:B8:0A:AA:2C:8F,PCS-Wireless-5GHz,12,591.2849273681641,B2-01,0,5
821,54:F0:B1:A1:18:C0,eduroam,34,591.2849273681641,B2-01,0,5
822,54:F0:B1:A1:18:C1,PoliSemFio,34,591.2849273681641,B2-01,0,5
823,54:F0:B1:A1:18:C2,,44,591.2849273681641,B2-01,0,5
824,54:F0:B1:A1:18:C3,MEZANINO,34,591.2849273681641,B2-01,0,5
825,54:F0:B1:A1:18:C4,GDLAB,34,591.2849273681641,B2-01,0,5
826,54:F0:B1:A1:18:C5,LABPAD,35,591.2849273681641,B2-01,0,5
827,54:F0:B1:A1:18:D0,eduroam,50,591.2849273681641,B2-01,0,5
828,54:F0:B1:A1:18:D1,PoliSemFio,49,591.2849273681641,B2-01,0,5
829,54:F0:B1:A1:18:D2,,45,591.2849273681641,B2-01,0,5
830,54:F0:B1:A1:18:D3,MEZANINO,42,591.2849273681641,B2-01,0,5
831,54:F0:B1:A1:18:D4,GDLAB,45,591.2849273681641,B2-01,0,5
832,54:F0:B1:A1:18:D5,LABPAD,42,591.2849273681641,B2-01,0,5
833,54:F0:B1:A1:57:F0,eduroam,19,591.2849273681641,B2-01,0,5
834,54:F0:B1:A1:57:F1,PoliSemFio,19,591.2849273681641,B2-01,0,5
835,54:F0:B1:A1:57:F2,,14,591.2849273681641,B2-01,0,5
836,54:F0:B1:A1:58:00,eduroam,25,591.2849273681641,B2-01,0,5
837,54:F0:B1:A1:58:01,PoliSemFio,32,591.2849273681641,B2-01,0,5
838,54:F0:B1:A1:58:02,,35,591.2849273681641,B2-01,0,5
839,54:F0:B1:A1:E4:F0,eduroam,9,591.2849273681641,B2-01,0,5
840,54:F0:B1:A1:E4:F1,PoliSemFio,14,591.2849273681641,B2-01,0,5
841,54:F0:B1:A1:E4:F2,,17,591.2849273681641,B2-01,0,5
842,54:F0:B1:A1:E5:00,eduroam,24,591.2849273681641,B2-01,0,5
843,54:F0:B1:A1:E5:01,PoliSemFio,32,591.2849273681641,B2-01,0,5
844,54:F0:B1:A1:E5:02,,32,591.2849273681641,B2-01,0,5
845,54:F0:B1:A2:57:20,eduroam,17,591.2849273681641,B2-01,0,5
846,54:F0:B1:A2:57:21,PoliSemFio,17,591.2849273681641,B2-01,0,5
847,54:F0:B1:A2:57:22,,15,591.2849273681641,B2-01,0,5
848,54:F0:B1:A2:57:23,LCA,15,591.2849273681641,B2-01,0,5
849,54:F0:B1:A2:57:30,eduroam,39,591.2849273681641,B2-01,0,5
850,54:F0:B1:A2:57:31,PoliSemFio,39,591.2849273681641,B2-01,0,5
851,54:F0:B1:A2:57:32,,39,591.2849273681641,B2-01,0,5
852,54:F0:B1:A2:57:33,LCA,32,591.2849273681641,B2-01,0,5
853,54:F0:B1:BB:58:A3,CAEEL,9,591.2849273681641,B2-01,0,5
854,54:F0:B1:BB:5A:82,HACKER,20,591.2849273681641,B2-01,0,5
855,54:F0:B1:BB:5A:83,LEP,25,591.2849273681641,B2-01,0,5
856,54:F0:B1:BB:7E:E1,PoliSemFio,27,591.2849273681641,B2-01,0,5
857,54:F0:B1:BB:80:C1,PoliSemFio,25,591.2849273681641,B2-01,0,5
858,54:F0:B1:BB:80:C2,,27,591.2849273681641,B2-01,0,5
859,54:F0:B1:BB:84:B0,eduroam,17,591.2849273681641,B2-01,0,5
860,54:F0:B1:BB:84:B1,PoliSemFio,39,591.2849273681641,B2-01,0,5
861,54:F0:B1:BB:84:B2,,39,591.2849273681641,B2-01,0,5
862,54:F0:B1:BB:84:D0,eduroam,15,591.2849273681641,B2-01,0,5
863,54:F0:B1:BB:84:D1,PoliSemFio,17,591.2849273681641,B2-01,0,5
864,54:F0:B1:BB:84:D2,,10,591.2849273681641,B2-01,0,5
865,54:F0:B1:BB:92:C2,,32,591.2849273681641,B2-01,0,5
866,54:F0:B1:BB:92:E1,PoliSemFio,17,591.2849273681641,B2-01,0,5
867,54:F0:B1:BB:C4:D0,eduroam,59,591.2849273681641,B2-01,0,5
868,54:F0:B1:BB:C4:D1,PoliSemFio,59,591.2849273681641,B2-01,0,5
869,54:F0:B1:BB:C4:D2,,60,591.2849273681641,B2-01,0,5
870,54:F0:B1:BB:C4:F0,eduroam,20,591.2849273681641,B2-01,0,5
871,54:F0:B1:BB:C4:F1,PoliSemFio,20,591.2849273681641,B2-01,0,5
872,54:F0:B1:BB:C5:C3,MEZANINO,19,591.2849273681641,B2-01,0,5
873,54:F0:B1:BB:C5:E5,LABPAD,5,591.2849273681641,B2-01,0,5
874,54:F0:B1:BB:CC:E0,B209,14,591.2849273681641,B2-01,0,5
875,54:F0:B1:BB:F3:20,eduroam,25,591.2849273681641,B2-01,0,5
876,54:F0:B1:BB:F3:21,PoliSemFio,25,591.2849273681641,B2-01,0,5
877,54:F0:B1:BB:FD:D0,eduroam,14,591.2849273681641,B2-01,0,5
878,54:F0:B1:BC:09:40,eduroam,84,591.2849273681641,B2-01,0,5
879,54:F0:B1:BC:09:41,PoliSemFio,80,591.2849273681641,B2-01,0,5
880,54:F0:B1:BC:09:42,,74,591.2849273681641,B2-01,0,5
881,54:F0:B1:BC:09:60,eduroam,51,591.2849273681641,B2-01,0,5
882,54:F0:B1:BC:09:61,PoliSemFio,52,591.2849273681641,B2-01,0,5
883,54:F0:B1:BC:1B:D0,eduroam,25,591.2849273681641,B2-01,0,5
884,54:F0:B1:BC:1B:D1,PoliSemFio,40,591.2849273681641,B2-01,0,5
885,54:F0:B1:BC:1B:D2,,44,591.2849273681641,B2-01,0,5
886,54:F0:B1:BC:2E:90,eduroam,35,591.2849273681641,B2-01,0,5
887,54:F0:B1:BC:2E:91,PoliSemFio,54,591.2849273681641,B2-01,0,5
888,54:F0:B1:BC:2E:B0,eduroam,22,591.2849273681641,B2-01,0,5
889,54:F0:B1:BC:2E:B1,PoliSemFio,22,591.2849273681641,B2-01,0,5
890,54:F0:B1:BC:36:10,PoliSemFio,37,591.2849273681641,B2-01,0,5
891,54:F0:B1:BC:36:11,eduroam,15,591.2849273681641,B2-01,0,5
892,54:F0:B1:BC:36:30,PoliSemFio,15,591.2849273681641,B2-01,0,5
893,54:F0:B1:BC:36:31,eduroam,15,591.2849273681641,B2-01,0,5
894,54:F0:B1:BC:36:32,,17,591.2849273681641,B2-01,0,5
895,54:F0:B1:BC:3F:10,eduroam,27,591.2849273681641,B2-01,0,5
896,54:F0:B1:BC:6F:71,PoliSemFio,29,591.2849273681641,B2-01,0,5
897,54:F0:B1:BC:70:00,eduroam,37,591.2849273681641,B2-01,0,5
898,54:F0:B1:BC:70:01,PoliSemFio,32,591.2849273681641,B2-01,0,5
899,54:F0:B1:BC:70:02,,30,591.2849273681641,B2-01,0,5
900,54:F0:B1:BC:70:20,eduroam,19,591.2849273681641,B2-01,0,5
901,54:F0:B1:BC:70:21,PoliSemFio,15,591.2849273681641,B2-01,0,5
902,54:F0:B1:BC:76:C0,eduroam,24,591.2849273681641,B2-01,0,5
903,54:F0:B1:BC:76:C1,PoliSemFio,25,591.2849273681641,B2-01,0,5
904,54:F0:B1:BC:77:80,eduroam,40,591.2849273681641,B2-01,0,5
905,54:F0:B1:BC:77:81,PoliSemFio,47,591.2849273681641,B2-01,0,5
906,54:F0:B1:BC:77:82,,52,591.2849273681641,B2-01,0,5
907,54:F0:B1:BC:77:A0,eduroam,39,591.2849273681641,B2-01,0,5
908,54:F0:B1:BC:77:A1,PoliSemFio,39,591.2849273681641,B2-01,0,5
909,54:F0:B1:BC:77:A2,,35,591.2849273681641,B2-01,0,5
910,54:F0:B1:BC:7C:90,eduroam,30,591.2849273681641,B2-01,0,5
911,54:F0:B1:BC:7C:91,PoliSemFio,27,591.2849273681641,B2-01,0,5
912,54:F0:B1:BC:7C:92,,27,591.2849273681641,B2-01,0,5
913,54:F0:B1:BC:7C:B0,eduroam,17,591.2849273681641,B2-01,0,5
914,54:F0:B1:BC:7C:B1,PoliSemFio,14,591.2849273681641,B2-01,0,5
915,54:F0:B1:BC:7C:B2,,15,591.2849273681641,B2-01,0,5
916,54:F0:B1:BC:8F:20,eduroam,29,591.2849273681641,B2-01,0,5
917,54:F0:B1:BC:8F:21,PoliSemFio,25,591.2849273681641,B2-01,0,5
918,54:F0:B1:BC:8F:22,,25,591.2849273681641,B2-01,0,5
919,54:F0:B1:BC:8F:40,eduroam,19,591.2849273681641,B2-01,0,5
920,54:F0:B1:BC:8F:41,PoliSemFio,19,591.2849273681641,B2-01,0,5
921,54:F0:B1:BC:8F:42,,15,591.2849273681641,B2-01,0,5
922,68:FF:7B:47:78:BD,C1-22M-5G,19,591.2849273681641,B2-01,0,5
923,68:FF:7B:47:78:BE,C1-22M,55,591.2849273681641,B2-01,0,5
924,70:62:B8:6E:72:A0,PCS-wireless-C1-13,55,591.2849273681641,B2-01,0,5
925,70:62:B8:6E:72:A1,PPGEE,57,591.2849273681641,B2-01,0,5
926,70:62:B8:6E:72:A2,PCS-wireless-C1-13-5GHz,9,591.2849273681641,B2-01,0,5
927,70:62:B8:6E:72:A3,PPGEE-5GHz,9,591.2849273681641,B2-01,0,5
928,84:D4:7E:06:4F:E0,eduroam,74,591.2849273681641,B2-01,0,5
929,84:D4:7E:06:4F:E1,PoliSemFio,69,591.2849273681641,B2-01,0,5
930,84:D4:7E:06:4F:E2,,69,591.2849273681641,B2-01,0,5
931,84:D4:7E:06:4F:F0,eduroam,44,591.2849273681641,B2-01,0,5
932,84:D4:7E:06:4F:F1,PoliSemFio,44,591.2849273681641,B2-01,0,5
933,B0:95:75:6B:C6:DE,TP-Link_C6DE,9,591.2849273681641,B2-01,0,5
934,B6:4E:26:4B:84:C2,C2-01-Guest,25,591.2849273681641,B2-01,0,5
935,DC:9F:DB:1C:1F:E0,LWN-3,29,591.2849273681641,B2-01,0,5
936,DE:9F:DB:1C:1F:E0,LARC Guest,29,591.2849273681641,B2-01,0,5
937,EE:9F:DB:1C:1F:E0,,30,591.2849273681641,B2-01,0,5
938,F8:1A:67:99:55:8E,NUCLEAR_CHF,29,591.2849273681641,B2-01,0,5
939,FA:D0:27:3E:69:92,DIRECT-273EE992,29,591.2849273681641,B2-01,0,5
940,02:E0:DB:48:81:EE,DIRECT-Te-Polycom Pano,25,597.596759557724,B2-01,0,5
941,34:60:F9:A3:D9:13,GASWIFI-5G_C2,20,597.596759557724,B2-01,0,5
942,34:60:F9:A3:D9:14,GASWIFI-2G_C2,24,597.596759557724,B2-01,0,5
943,34:CE:00:51:3E:6F,Lab,39,597.596759557724,B2-01,0,5
944,34:CE:00:51:3E:70,Lab_5G,12,597.596759557724,B2-01,0,5
945,48:00:20:34:D2:40,eduroam,29,597.596759557724,B2-01,0,5
946,54:B8:0A:AA:2C:8C,LAB_DIGITAL,55,597.596759557724,B2-01,0,5
947,54:B8:0A:AA:2C:8D,PCS-Wireless,54,597.596759557724,B2-01,0,5
948,54:B8:0A:AA:2C:8E,LAB_DIGITAL-5GHz,10,597.596759557724,B2-01,0,5
949,54:B8:0A:AA:2C:8F,PCS-Wireless-5GHz,12,597.596759557724,B2-01,0,5
950,54:F0:B1:A1:18:C0,eduroam,44,597.596759557724,B2-01,0,5
951,54:F0:B1:A1:18:C1,PoliSemFio,44,597.596759557724,B2-01,0,5
952,54:F0:B1:A1:18:C2,,44,597.596759557724,B2-01,0,5
953,54:F0:B1:A1:18:C3,MEZANINO,44,597.596759557724,B2-01,0,5
954,54:F0:B1:A1:18:C4,GDLAB,44,597.596759557724,B2-01,0,5
955,54:F0:B1:A1:18:C5,LABPAD,44,597.596759557724,B2-01,0,5
956,54:F0:B1:A1:18:D0,eduroam,62,597.596759557724,B2-01,0,5
957,54:F0:B1:A1:18:D1,PoliSemFio,49,597.596759557724,B2-01,0,5
958,54:F0:B1:A1:18:D2,,45,597.596759557724,B2-01,0,5
959,54:F0:B1:A1:18:D3,MEZANINO,60,597.596759557724,B2-01,0,5
960,54:F0:B1:A1:18:D4,GDLAB,62,597.596759557724,B2-01,0,5
961,54:F0:B1:A1:18:D5,LABPAD,42,597.596759557724,B2-01,0,5
962,54:F0:B1:A1:57:F0,eduroam,15,597.596759557724,B2-01,0,5
963,54:F0:B1:A1:57:F1,PoliSemFio,17,597.596759557724,B2-01,0,5
964,54:F0:B1:A1:58:00,eduroam,25,597.596759557724,B2-01,0,5
965,54:F0:B1:A1:58:01,PoliSemFio,32,597.596759557724,B2-01,0,5
966,54:F0:B1:A1:58:02,,35,597.596759557724,B2-01,0,5
967,54:F0:B1:A1:E4:F0,eduroam,15,597.596759557724,B2-01,0,5
968,54:F0:B1:A1:E4:F1,PoliSemFio,15,597.596759557724,B2-01,0,5
969,54:F0:B1:A1:E5:00,eduroam,40,597.596759557724,B2-01,0,5
970,54:F0:B1:A1:E5:01,PoliSemFio,44,597.596759557724,B2-01,0,5
971,54:F0:B1:A1:E5:02,,44,597.596759557724,B2-01,0,5
972,54:F0:B1:A2:37:E1,PoliSemFio,20,597.596759557724,B2-01,0,5
973,54:F0:B1:A2:37:E2,,22,597.596759557724,B2-01,0,5
974,54:F0:B1:A2:57:20,eduroam,22,597.596759557724,B2-01,0,5
975,54:F0:B1:A2:57:21,PoliSemFio,24,597.596759557724,B2-01,0,5
976,54:F0:B1:A2:57:22,,15,597.596759557724,B2-01,0,5
977,54:F0:B1:A2:57:23,LCA,24,597.596759557724,B2-01,0,5
978,54:F0:B1:A2:57:30,eduroam,35,597.596759557724,B2-01,0,5
979,54:F0:B1:A2:57:31,PoliSemFio,34,597.596759557724,B2-01,0,5
980,54:F0:B1:A2:57:32,,34,597.596759557724,B2-01,0,5
981,54:F0:B1:A2:57:33,LCA,37,597.596759557724,B2-01,0,5
982,54:F0:B1:BB:58:A0,eduroam,12,597.596759557724,B2-01,0,5
983,54:F0:B1:BB:58:A3,CAEEL,9,597.596759557724,B2-01,0,5
984,54:F0:B1:BB:63:80,LTE,12,597.596759557724,B2-01,0,5
985,54:F0:B1:BB:7E:E1,PoliSemFio,27,597.596759557724,B2-01,0,5
986,54:F0:B1:BB:80:C1,PoliSemFio,25,597.596759557724,B2-01,0,5
987,54:F0:B1:BB:80:C2,,27,597.596759557724,B2-01,0,5
988,54:F0:B1:BB:84:B0,eduroam,17,597.596759557724,B2-01,0,5
989,54:F0:B1:BB:84:B1,PoliSemFio,39,597.596759557724,B2-01,0,5
990,54:F0:B1:BB:84:B2,,39,597.596759557724,B2-01,0,5
991,54:F0:B1:BB:84:D0,eduroam,14,597.596759557724,B2-01,0,5
992,54:F0:B1:BB:84:D1,PoliSemFio,15,597.596759557724,B2-01,0,5
993,54:F0:B1:BB:92:C2,,34,597.596759557724,B2-01,0,5
994,54:F0:B1:BB:C4:D0,eduroam,59,597.596759557724,B2-01,0,5
995,54:F0:B1:BB:C4:D1,PoliSemFio,57,597.596759557724,B2-01,0,5
996,54:F0:B1:BB:C4:D2,,60,597.596759557724,B2-01,0,5
997,54:F0:B1:BB:C4:F0,eduroam,39,597.596759557724,B2-01,0,5
998,54:F0:B1:BB:C4:F1,PoliSemFio,39,597.596759557724,B2-01,0,5
999,54:F0:B1:BB:C5:C2,,32,597.596759557724,B2-01,0,5
1000,54:F0:B1:BB:C5:C3,MEZANINO,35,597.596759557724,B2-01,0,5
1001,54:F0:B1:BB:C5:E5,LABPAD,5,597.596759557724,B2-01,0,5
1002,54:F0:B1:BB:CC:E0,B209,14,597.596759557724,B2-01,0,5
1003,54:F0:B1:BB:F3:20,eduroam,25,597.596759557724,B2-01,0,5
1004,54:F0:B1:BB:F3:21,PoliSemFio,25,597.596759557724,B2-01,0,5
1005,54:F0:B1:BB:FD:D0,eduroam,19,597.596759557724,B2-01,0,5
1006,54:F0:B1:BB:FD:D1,PoliSemFio,22,597.596759557724,B2-01,0,5
1007,54:F0:B1:BB:FD:D2,,25,597.596759557724,B2-01,0,5
1008,54:F0:B1:BC:09:40,eduroam,72,597.596759557724,B2-01,0,5
1009,54:F0:B1:BC:09:41,PoliSemFio,80,597.596759557724,B2-01,0,5
1010,54:F0:B1:BC:09:60,eduroam,52,597.596759557724,B2-01,0,5
1011,54:F0:B1:BC:09:61,PoliSemFio,52,597.596759557724,B2-01,0,5
1012,54:F0:B1:BC:1B:D0,eduroam,34,597.596759557724,B2-01,0,5
1013,54:F0:B1:BC:1B:D1,PoliSemFio,40,597.596759557724,B2-01,0,5
1014,54:F0:B1:BC:1B:D2,,44,597.596759557724,B2-01,0,5
1015,54:F0:B1:BC:2E:90,eduroam,42,597.596759557724,B2-01,0,5
1016,54:F0:B1:BC:2E:B0,eduroam,25,597.596759557724,B2-01,0,5
1017,54:F0:B1:BC:2E:B1,PoliSemFio,25,597.596759557724,B2-01,0,5
1018,54:F0:B1:BC:36:10,PoliSemFio,25,597.596759557724,B2-01,0,5
1019,54:F0:B1:BC:36:11,eduroam,24,597.596759557724,B2-01,0,5
1020,54:F0:B1:BC:36:12,,27,597.596759557724,B2-01,0,5
1021,54:F0:B1:BC:36:30,PoliSemFio,14,597.596759557724,B2-01,0,5
1022,54:F0:B1:BC:36:31,eduroam,14,597.596759557724,B2-01,0,5
1023,54:F0:B1:BC:36:32,,14,597.596759557724,B2-01,0,5
1024,54:F0:B1:BC:3F:10,eduroam,27,597.596759557724,B2-01,0,5
1025,54:F0:B1:BC:6B:52,,20,597.596759557724,B2-01,0,5
1026,54:F0:B1:BC:6F:71,PoliSemFio,29,597.596759557724,B2-01,0,5
1027,54:F0:B1:BC:70:00,eduroam,29,597.596759557724,B2-01,0,5
1028,54:F0:B1:BC:70:01,PoliSemFio,32,597.596759557724,B2-01,0,5
1029,54:F0:B1:BC:70:02,,30,597.596759557724,B2-01,0,5
1030,54:F0:B1:BC:70:20,eduroam,22,597.596759557724,B2-01,0,5
1031,54:F0:B1:BC:70:21,PoliSemFio,22,597.596759557724,B2-01,0,5
1032,54:F0:B1:BC:76:C0,eduroam,24,597.596759557724,B2-01,0,5
1033,54:F0:B1:BC:76:C1,PoliSemFio,25,597.596759557724,B2-01,0,5
1034,54:F0:B1:BC:77:80,eduroam,30,597.596759557724,B2-01,0,5
1035,54:F0:B1:BC:77:81,PoliSemFio,55,597.596759557724,B2-01,0,5
1036,54:F0:B1:BC:77:82,,55,597.596759557724,B2-01,0,5
1037,54:F0:B1:BC:77:A0,eduroam,29,597.596759557724,B2-01,0,5
1038,54:F0:B1:BC:77:A1,PoliSemFio,29,597.596759557724,B2-01,0,5
1039,54:F0:B1:BC:77:A2,,27,597.596759557724,B2-01,0,5
1040,54:F0:B1:BC:7C:90,eduroam,20,597.596759557724,B2-01,0,5
1041,54:F0:B1:BC:7C:91,PoliSemFio,25,597.596759557724,B2-01,0,5
1042,54:F0:B1:BC:7C:92,,25,597.596759557724,B2-01,0,5
1043,54:F0:B1:BC:7C:B0,eduroam,17,597.596759557724,B2-01,0,5
1044,54:F0:B1:BC:7C:B1,PoliSemFio,14,597.596759557724,B2-01,0,5
1045,54:F0:B1:BC:7C:B2,,15,597.596759557724,B2-01,0,5
1046,54:F0:B1:BC:8F:20,eduroam,24,597.596759557724,B2-01,0,5
1047,54:F0:B1:BC:8F:21,PoliSemFio,29,597.596759557724,B2-01,0,5
1048,54:F0:B1:BC:8F:22,,30,597.596759557724,B2-01,0,5
1049,54:F0:B1:BC:8F:40,eduroam,19,597.596759557724,B2-01,0,5
1050,54:F0:B1:BC:8F:41,PoliSemFio,19,597.596759557724,B2-01,0,5
1051,54:F0:B1:BC:8F:42,,15,597.596759557724,B2-01,0,5
1052,68:FF:7B:47:78:BD,C1-22M-5G,15,597.596759557724,B2-01,0,5
1053,68:FF:7B:47:78:BE,C1-22M,44,597.596759557724,B2-01,0,5
1054,70:62:B8:6E:72:A0,PCS-wireless-C1-13,65,597.596759557724,B2-01,0,5
1055,70:62:B8:6E:72:A1,PPGEE,67,597.596759557724,B2-01,0,5
1056,70:62:B8:6E:72:A2,PCS-wireless-C1-13-5GHz,9,597.596759557724,B2-01,0,5
1057,70:62:B8:6E:72:A3,PPGEE-5GHz,9,597.596759557724,B2-01,0,5
1058,84:D4:7E:06:4F:E0,eduroam,74,597.596759557724,B2-01,0,5
1059,84:D4:7E:06:4F:E1,PoliSemFio,84,597.596759557724,B2-01,0,5
1060,84:D4:7E:06:4F:E2,,82,597.596759557724,B2-01,0,5
1061,84:D4:7E:06:4F:F0,eduroam,37,597.596759557724,B2-01,0,5
1062,84:D4:7E:06:4F:F1,PoliSemFio,37,597.596759557724,B2-01,0,5
1063,B0:95:75:6B:C6:DE,TP-Link_C6DE,9,597.596759557724,B2-01,0,5
1064,B6:4E:26:4B:84:C2,C2-01-Guest,25,597.596759557724,B2-01,0,5
1065,DC:9F:DB:1C:1F:E0,LWN-3,22,597.596759557724,B2-01,0,5
1066,DE:9F:DB:1C:1F:E0,LARC Guest,29,597.596759557724,B2-01,0,5
1067,EE:9F:DB:1C:1F:E0,,25,597.596759557724,B2-01,0,5
1068,F8:1A:67:99:55:8E,NUCLEAR_CHF,29,597.596759557724,B2-01,0,5
1069,FA:D0:27:3E:69:92,DIRECT-273EE992,29,597.596759557724,B2-01,0,5
1070,FE:9F:DB:1C:1F:E0,,25,597.596759557724,B2-01,0,5
1071,02:E0:DB:48:81:EE,DIRECT-Te-Polycom Pano,25,603.8930902481079,B2-01,0,5
1072,34:60:F9:A3:D9:13,GASWIFI-5G_C2,20,603.8930902481079,B2-01,0,5
1073,34:60:F9:A3:D9:14,GASWIFI-2G_C2,24,603.8930902481079,B2-01,0,5
1074,34:CE:00:51:3E:6F,Lab,39,603.8930902481079,B2-01,0,5
1075,34:CE:00:51:3E:70,Lab_5G,12,603.8930902481079,B2-01,0,5
1076,48:00:20:34:D2:40,eduroam,29,603.8930902481079,B2-01,0,5
1077,54:B8:0A:AA:2C:8C,LAB_DIGITAL,55,603.8930902481079,B2-01,0,5
1078,54:B8:0A:AA:2C:8D,PCS-Wireless,54,603.8930902481079,B2-01,0,5
1079,54:B8:0A:AA:2C:8E,LAB_DIGITAL-5GHz,10,603.8930902481079,B2-01,0,5
1080,54:B8:0A:AA:2C:8F,PCS-Wireless-5GHz,12,603.8930902481079,B2-01,0,5
1081,54:F0:B1:A1:18:C0,eduroam,44,603.8930902481079,B2-01,0,5
1082,54:F0:B1:A1:18:C1,PoliSemFio,44,603.8930902481079,B2-01,0,5
1083,54:F0:B1:A1:18:C2,,44,603.8930902481079,B2-01,0,5
1084,54:F0:B1:A1:18:C3,MEZANINO,44,603.8930902481079,B2-01,0,5
1085,54:F0:B1:A1:18:C4,GDLAB,44,603.8930902481079,B2-01,0,5
1086,54:F0:B1:A1:18:C5,LABPAD,44,603.8930902481079,B2-01,0,5
1087,54:F0:B1:A1:18:D0,eduroam,62,603.8930902481079,B2-01,0,5
1088,54:F0:B1:A1:18:D1,PoliSemFio,49,603.8930902481079,B2-01,0,5
1089,54:F0:B1:A1:18:D2,,45,603.8930902481079,B2-01,0,5
1090,54:F0:B1:A1:18:D3,MEZANINO,60,603.8930902481079,B2-01,0,5
1091,54:F0:B1:A1:18:D4,GDLAB,62,603.8930902481079,B2-01,0,5
1092,54:F0:B1:A1:18:D5,LABPAD,42,603.8930902481079,B2-01,0,5
1093,54:F0:B1:A1:57:F0,eduroam,15,603.8930902481079,B2-01,0,5
1094,54:F0:B1:A1:57:F1,PoliSemFio,17,603.8930902481079,B2-01,0,5
1095,54:F0:B1:A1:58:00,eduroam,25,603.8930902481079,B2-01,0,5
1096,54:F0:B1:A1:58:01,PoliSemFio,32,603.8930902481079,B2-01,0,5
1097,54:F0:B1:A1:58:02,,35,603.8930902481079,B2-01,0,5
1098,54:F0:B1:A1:E4:F0,eduroam,15,603.8930902481079,B2-01,0,5
1099,54:F0:B1:A1:E4:F1,PoliSemFio,15,603.8930902481079,B2-01,0,5
1100,54:F0:B1:A1:E5:00,eduroam,40,603.8930902481079,B2-01,0,5
1101,54:F0:B1:A1:E5:01,PoliSemFio,44,603.8930902481079,B2-01,0,5
1102,54:F0:B1:A1:E5:02,,44,603.8930902481079,B2-01,0,5
1103,54:F0:B1:A2:37:E1,PoliSemFio,20,603.8930902481079,B2-01,0,5
1104,54:F0:B1:A2:37:E2,,22,603.8930902481079,B2-01,0,5
1105,54:F0:B1:A2:57:20,eduroam,22,603.8930902481079,B2-01,0,5
1106,54:F0:B1:A2:57:21,PoliSemFio,24,603.8930902481079,B2-01,0,5
1107,54:F0:B1:A2:57:22,,15,603.8930902481079,B2-01,0,5
1108,54:F0:B1:A2:57:23,LCA,24,603.8930902481079,B2-01,0,5
1109,54:F0:B1:A2:57:30,eduroam,35,603.8930902481079,B2-01,0,5
1110,54:F0:B1:A2:57:31,PoliSemFio,34,603.8930902481079,B2-01,0,5
1111,54:F0:B1:A2:57:32,,34,603.8930902481079,B2-01,0,5
1112,54:F0:B1:A2:57:33,LCA,37,603.8930902481079,B2-01,0,5
1113,54:F0:B1:BB:58:A0,eduroam,12,603.8930902481079,B2-01,0,5
1114,54:F0:B1:BB:58:A3,CAEEL,9,603.8930902481079,B2-01,0,5
1115,54:F0:B1:BB:63:80,LTE,12,603.8930902481079,B2-01,0,5
1116,54:F0:B1:BB:7E:E1,PoliSemFio,27,603.8930902481079,B2-01,0,5
1117,54:F0:B1:BB:80:C1,PoliSemFio,25,603.8930902481079,B2-01,0,5
1118,54:F0:B1:BB:80:C2,,27,603.8930902481079,B2-01,0,5
1119,54:F0:B1:BB:84:B0,eduroam,17,603.8930902481079,B2-01,0,5
1120,54:F0:B1:BB:84:B1,PoliSemFio,39,603.8930902481079,B2-01,0,5
1121,54:F0:B1:BB:84:B2,,39,603.8930902481079,B2-01,0,5
1122,54:F0:B1:BB:84:D0,eduroam,14,603.8930902481079,B2-01,0,5
1123,54:F0:B1:BB:84:D1,PoliSemFio,15,603.8930902481079,B2-01,0,5
1124,54:F0:B1:BB:92:C2,,34,603.8930902481079,B2-01,0,5
1125,54:F0:B1:BB:C4:D0,eduroam,59,603.8930902481079,B2-01,0,5
1126,54:F0:B1:BB:C4:D1,PoliSemFio,57,603.8930902481079,B2-01,0,5
1127,54:F0:B1:BB:C4:D2,,60,603.8930902481079,B2-01,0,5
1128,54:F0:B1:BB:C4:F0,eduroam,39,603.8930902481079,B2-01,0,5
1129,54:F0:B1:BB:C4:F1,PoliSemFio,39,603.8930902481079,B2-01,0,5
1130,54:F0:B1:BB:C5:C2,,32,603.8930902481079,B2-01,0,5
1131,54:F0:B1:BB:C5:C3,MEZANINO,35,603.8930902481079,B2-01,0,5
1132,54:F0:B1:BB:C5:E5,LABPAD,5,603.8930902481079,B2-01,0,5
1133,54:F0:B1:BB:CC:E0,B209,14,603.8930902481079,B2-01,0,5
1134,54:F0:B1:BB:F3:20,eduroam,25,603.8930902481079,B2-01,0,5
1135,54:F0:B1:BB:F3:21,PoliSemFio,25,603.8930902481079,B2-01,0,5
1136,54:F0:B1:BB:FD:D0,eduroam,19,603.8930902481079,B2-01,0,5
1137,54:F0:B1:BB:FD:D1,PoliSemFio,22,603.8930902481079,B2-01,0,5
1138,54:F0:B1:BB:FD:D2,,25,603.8930902481079,B2-01,0,5
1139,54:F0:B1:BC:09:40,eduroam,72,603.8930902481079,B2-01,0,5
1140,54:F0:B1:BC:09:41,PoliSemFio,80,603.8930902481079,B2-01,0,5
1141,54:F0:B1:BC:09:60,eduroam,59,603.8930902481079,B2-01,0,5
1142,54:F0:B1:BC:09:61,PoliSemFio,52,603.8930902481079,B2-01,0,5
1143,54:F0:B1:BC:1B:D0,eduroam,34,603.8930902481079,B2-01,0,5
1144,54:F0:B1:BC:1B:D1,PoliSemFio,40,603.8930902481079,B2-01,0,5
1145,54:F0:B1:BC:1B:D2,,44,603.8930902481079,B2-01,0,5
1146,54:F0:B1:BC:2E:90,eduroam,42,603.8930902481079,B2-01,0,5
1147,54:F0:B1:BC:2E:B0,eduroam,25,603.8930902481079,B2-01,0,5
1148,54:F0:B1:BC:2E:B1,PoliSemFio,25,603.8930902481079,B2-01,0,5
1149,54:F0:B1:BC:36:10,PoliSemFio,25,603.8930902481079,B2-01,0,5
1150,54:F0:B1:BC:36:11,eduroam,24,603.8930902481079,B2-01,0,5
1151,54:F0:B1:BC:36:12,,27,603.8930902481079,B2-01,0,5
1152,54:F0:B1:BC:36:30,PoliSemFio,14,603.8930902481079,B2-01,0,5
1153,54:F0:B1:BC:36:31,eduroam,14,603.8930902481079,B2-01,0,5
1154,54:F0:B1:BC:36:32,,14,603.8930902481079,B2-01,0,5
1155,54:F0:B1:BC:3F:10,eduroam,27,603.8930902481079,B2-01,0,5
1156,54:F0:B1:BC:6B:52,,20,603.8930902481079,B2-01,0,5
1157,54:F0:B1:BC:6F:71,PoliSemFio,29,603.8930902481079,B2-01,0,5
1158,54:F0:B1:BC:70:00,eduroam,29,603.8930902481079,B2-01,0,5
1159,54:F0:B1:BC:70:01,PoliSemFio,32,603.8930902481079,B2-01,0,5
1160,54:F0:B1:BC:70:02,,30,603.8930902481079,B2-01,0,5
1161,54:F0:B1:BC:70:20,eduroam,22,603.8930902481079,B2-01,0,5
1162,54:F0:B1:BC:70:21,PoliSemFio,22,603.8930902481079,B2-01,0,5
1163,54:F0:B1:BC:76:C0,eduroam,24,603.8930902481079,B2-01,0,5
1164,54:F0:B1:BC:76:C1,PoliSemFio,25,603.8930902481079,B2-01,0,5
1165,54:F0:B1:BC:77:80,eduroam,30,603.8930902481079,B2-01,0,5
1166,54:F0:B1:BC:77:81,PoliSemFio,55,603.8930902481079,B2-01,0,5
1167,54:F0:B1:BC:77:82,,55,603.8930902481079,B2-01,0,5
1168,54:F0:B1:BC:77:A0,eduroam,29,603.8930902481079,B2-01,0,5
1169,54:F0:B1:BC:77:A1,PoliSemFio,29,603.8930902481079,B2-01,0,5
1170,54:F0:B1:BC:77:A2,,27,603.8930902481079,B2-01,0,5
1171,54:F0:B1:BC:7C:90,eduroam,20,603.8930902481079,B2-01,0,5
1172,54:F0:B1:BC:7C:91,PoliSemFio,25,603.8930902481079,B2-01,0,5
1173,54:F0:B1:BC:7C:92,,25,603.8930902481079,B2-01,0,5
1174,54:F0:B1:BC:7C:B0,eduroam,17,603.8930902481079,B2-01,0,5
1175,54:F0:B1:BC:7C:B1,PoliSemFio,14,603.8930902481079,B2-01,0,5
1176,54:F0:B1:BC:7C:B2,,15,603.8930902481079,B2-01,0,5
1177,54:F0:B1:BC:8F:20,eduroam,24,603.8930902481079,B2-01,0,5
1178,54:F0:B1:BC:8F:21,PoliSemFio,29,603.8930902481079,B2-01,0,5
1179,54:F0:B1:BC:8F:22,,30,603.8930902481079,B2-01,0,5
1180,54:F0:B1:BC:8F:40,eduroam,19,603.8930902481079,B2-01,0,5
1181,54:F0:B1:BC:8F:41,PoliSemFio,19,603.8930902481079,B2-01,0,5
1182,54:F0:B1:BC:8F:42,,15,603.8930902481079,B2-01,0,5
1183,68:FF:7B:47:78:BD,C1-22M-5G,15,603.8930902481079,B2-01,0,5
1184,68:FF:7B:47:78:BE,C1-22M,44,603.8930902481079,B2-01,0,5
1185,70:62:B8:6E:72:A0,PCS-wireless-C1-13,65,603.8930902481079,B2-01,0,5
1186,70:62:B8:6E:72:A1,PPGEE,67,603.8930902481079,B2-01,0,5
1187,70:62:B8:6E:72:A2,PCS-wireless-C1-13-5GHz,9,603.8930902481079,B2-01,0,5
1188,70:62:B8:6E:72:A3,PPGEE-5GHz,9,603.8930902481079,B2-01,0,5
1189,84:D4:7E:06:4F:E0,eduroam,74,603.8930902481079,B2-01,0,5
1190,84:D4:7E:06:4F:E1,PoliSemFio,84,603.8930902481079,B2-01,0,5
1191,84:D4:7E:06:4F:E2,,82,603.8930902481079,B2-01,0,5
1192,84:D4:7E:06:4F:F0,eduroam,37,603.8930902481079,B2-01,0,5
1193,84:D4:7E:06:4F:F1,PoliSemFio,37,603.8930902481079,B2-01,0,5
1194,B0:95:75:6B:C6:DE,TP-Link_C6DE,9,603.8930902481079,B2-01,0,5
1195,B6:4E:26:4B:84:C2,C2-01-Guest,25,603.8930902481079,B2-01,0,5
1196,DC:9F:DB:1C:1F:E0,LWN-3,22,603.8930902481079,B2-01,0,5
1197,DE:9F:DB:1C:1F:E0,LARC Guest,29,603.8930902481079,B2-01,0,5
1198,EE:9F:DB:1C:1F:E0,,25,603.8930902481079,B2-01,0,5
1199,F8:1A:67:99:55:8E,NUCLEAR_CHF,29,603.8930902481079,B2-01,0,5
1200,FA:D0:27:3E:69:92,DIRECT-273EE992,29,603.8930902481079,B2-01,0,5
1201,FE:9F:DB:1C:1F:E0,,25,603.8930902481079,B2-01,0,5
1202,00:21:91:70:9D:EC,LAB-DIDATICO,25,606.5219993591309,B2-01,0,5
1203,02:E0:DB:48:81:EE,DIRECT-Te-Polycom Pano,25,606.5219993591309,B2-01,0,5
1204,30:85:A9:69:F2:E4,PCS-Wireless-C2-22,29,606.5219993591309,B2-01,0,5
1205,30:DE:4B:EC:E2:FE,cafofinho,27,606.5219993591309,B2-01,0,5
1206,34:60:F9:A3:D9:13,GASWIFI-5G_C2,15,606.5219993591309,B2-01,0,5
1207,34:60:F9:A3:D9:14,GASWIFI-2G_C2,24,606.5219993591309,B2-01,0,5
1208,34:CE:00:51:3E:6F,Lab,32,606.5219993591309,B2-01,0,5
1209,34:CE:00:51:3E:70,Lab_5G,7,606.5219993591309,B2-01,0,5
1210,3A:60:F9:A3:D9:13,,17,606.5219993591309,B2-01,0,5
1211,48:00:20:34:D2:40,eduroam,30,606.5219993591309,B2-01,0,5
1212,54:B8:0A:AA:2C:8C,LAB_DIGITAL,39,606.5219993591309,B2-01,0,5
1213,54:B8:0A:AA:2C:8D,PCS-Wireless,35,606.5219993591309,B2-01,0,5
1214,54:B8:0A:AA:2C:8E,LAB_DIGITAL-5GHz,10,606.5219993591309,B2-01,0,5
1215,54:B8:0A:AA:2C:8F,PCS-Wireless-5GHz,12,606.5219993591309,B2-01,0,5
1216,54:F0:B1:A1:18:C0,eduroam,35,606.5219993591309,B2-01,0,5
1217,54:F0:B1:A1:18:C1,PoliSemFio,35,606.5219993591309,B2-01,0,5
1218,54:F0:B1:A1:18:C3,MEZANINO,35,606.5219993591309,B2-01,0,5
1219,54:F0:B1:A1:18:C4,GDLAB,35,606.5219993591309,B2-01,0,5
1220,54:F0:B1:A1:18:C5,LABPAD,35,606.5219993591309,B2-01,0,5
1221,54:F0:B1:A1:18:D0,eduroam,50,606.5219993591309,B2-01,0,5
1222,54:F0:B1:A1:18:D1,PoliSemFio,45,606.5219993591309,B2-01,0,5
1223,54:F0:B1:A1:18:D2,,45,606.5219993591309,B2-01,0,5
1224,54:F0:B1:A1:18:D3,MEZANINO,60,606.5219993591309,B2-01,0,5
1225,54:F0:B1:A1:18:D4,GDLAB,52,606.5219993591309,B2-01,0,5
1226,54:F0:B1:A1:18:D5,LABPAD,52,606.5219993591309,B2-01,0,5
1227,54:F0:B1:A1:57:F0,eduroam,15,606.5219993591309,B2-01,0,5
1228,54:F0:B1:A1:57:F1,PoliSemFio,14,606.5219993591309,B2-01,0,5
1229,54:F0:B1:A1:57:F2,,14,606.5219993591309,B2-01,0,5
1230,54:F0:B1:A1:58:00,eduroam,22,606.5219993591309,B2-01,0,5
1231,54:F0:B1:A1:58:01,PoliSemFio,32,606.5219993591309,B2-01,0,5
1232,54:F0:B1:A1:58:02,,35,606.5219993591309,B2-01,0,5
1233,54:F0:B1:A1:E4:F0,eduroam,15,606.5219993591309,B2-01,0,5
1234,54:F0:B1:A1:E4:F1,PoliSemFio,15,606.5219993591309,B2-01,0,5
1235,54:F0:B1:A1:E5:00,eduroam,40,606.5219993591309,B2-01,0,5
1236,54:F0:B1:A1:E5:01,PoliSemFio,44,606.5219993591309,B2-01,0,5
1237,54:F0:B1:A1:E5:02,,44,606.5219993591309,B2-01,0,5
1238,54:F0:B1:A2:37:E1,PoliSemFio,20,606.5219993591309,B2-01,0,5
1239,54:F0:B1:A2:37:E2,,22,606.5219993591309,B2-01,0,5
1240,54:F0:B1:A2:57:20,eduroam,19,606.5219993591309,B2-01,0,5
1241,54:F0:B1:A2:57:21,PoliSemFio,20,606.5219993591309,B2-01,0,5
1242,54:F0:B1:A2:57:22,,15,606.5219993591309,B2-01,0,5
1243,54:F0:B1:A2:57:23,LCA,20,606.5219993591309,B2-01,0,5
1244,54:F0:B1:A2:57:30,eduroam,39,606.5219993591309,B2-01,0,5
1245,54:F0:B1:A2:57:31,PoliSemFio,37,606.5219993591309,B2-01,0,5
1246,54:F0:B1:A2:57:32,,39,606.5219993591309,B2-01,0,5
1247,54:F0:B1:A2:57:33,LCA,34,606.5219993591309,B2-01,0,5
1248,54:F0:B1:BB:58:A0,eduroam,12,606.5219993591309,B2-01,0,5
1249,54:F0:B1:BB:63:80,LTE,12,606.5219993591309,B2-01,0,5
1250,54:F0:B1:BB:7E:E1,PoliSemFio,27,606.5219993591309,B2-01,0,5
1251,54:F0:B1:BB:84:B0,eduroam,17,606.5219993591309,B2-01,0,5
1252,54:F0:B1:BB:84:B1,PoliSemFio,39,606.5219993591309,B2-01,0,5
1253,54:F0:B1:BB:84:B2,,39,606.5219993591309,B2-01,0,5
1254,54:F0:B1:BB:84:D0,eduroam,14,606.5219993591309,B2-01,0,5
1255,54:F0:B1:BB:84:D1,PoliSemFio,15,606.5219993591309,B2-01,0,5
1256,54:F0:B1:BB:92:C2,,34,606.5219993591309,B2-01,0,5
1257,54:F0:B1:BB:BE:13,CAEEL,17,606.5219993591309,B2-01,0,5
1258,54:F0:B1:BB:C4:D0,eduroam,37,606.5219993591309,B2-01,0,5
1259,54:F0:B1:BB:C4:D1,PoliSemFio,47,606.5219993591309,B2-01,0,5
1260,54:F0:B1:BB:C4:D2,,49,606.5219993591309,B2-01,0,5
1261,54:F0:B1:BB:C4:F0,eduroam,27,606.5219993591309,B2-01,0,5
1262,54:F0:B1:BB:C4:F1,PoliSemFio,27,606.5219993591309,B2-01,0,5
1263,54:F0:B1:BB:C5:C2,,32,606.5219993591309,B2-01,0,5
1264,54:F0:B1:BB:C5:C3,MEZANINO,35,606.5219993591309,B2-01,0,5
1265,54:F0:B1:BB:C5:E5,LABPAD,5,606.5219993591309,B2-01,0,5
1266,54:F0:B1:BB:CC:E0,B209,14,606.5219993591309,B2-01,0,5
1267,54:F0:B1:BB:F3:20,eduroam,25,606.5219993591309,B2-01,0,5
1268,54:F0:B1:BB:FD:D0,eduroam,19,606.5219993591309,B2-01,0,5
1269,54:F0:B1:BB:FD:D1,PoliSemFio,22,606.5219993591309,B2-01,0,5
1270,54:F0:B1:BB:FD:D2,,25,606.5219993591309,B2-01,0,5
1271,54:F0:B1:BC:09:40,eduroam,82,606.5219993591309,B2-01,0,5
1272,54:F0:B1:BC:09:41,PoliSemFio,77,606.5219993591309,B2-01,0,5
1273,54:F0:B1:BC:09:42,,77,606.5219993591309,B2-01,0,5
1274,54:F0:B1:BC:09:60,eduroam,74,606.5219993591309,B2-01,0,5
1275,54:F0:B1:BC:09:61,PoliSemFio,74,606.5219993591309,B2-01,0,5
1276,54:F0:B1:BC:1B:D0,eduroam,34,606.5219993591309,B2-01,0,5
1277,54:F0:B1:BC:1B:D2,,37,606.5219993591309,B2-01,0,5
1278,54:F0:B1:BC:2E:90,eduroam,42,606.5219993591309,B2-01,0,5
1279,54:F0:B1:BC:2E:91,PoliSemFio,44,606.5219993591309,B2-01,0,5
1280,54:F0:B1:BC:2E:B0,eduroam,20,606.5219993591309,B2-01,0,5
1281,54:F0:B1:BC:2E:B1,PoliSemFio,20,606.5219993591309,B2-01,0,5
1282,54:F0:B1:BC:36:10,PoliSemFio,25,606.5219993591309,B2-01,0,5
1283,54:F0:B1:BC:36:11,eduroam,24,606.5219993591309,B2-01,0,5
1284,54:F0:B1:BC:36:12,,27,606.5219993591309,B2-01,0,5
1285,54:F0:B1:BC:36:30,PoliSemFio,14,606.5219993591309,B2-01,0,5
1286,54:F0:B1:BC:36:31,eduroam,14,606.5219993591309,B2-01,0,5
1287,54:F0:B1:BC:36:32,,14,606.5219993591309,B2-01,0,5
1288,54:F0:B1:BC:3F:10,eduroam,20,606.5219993591309,B2-01,0,5
1289,54:F0:B1:BC:6B:52,,20,606.5219993591309,B2-01,0,5
1290,54:F0:B1:BC:70:00,eduroam,32,606.5219993591309,B2-01,0,5
1291,54:F0:B1:BC:70:01,PoliSemFio,32,606.5219993591309,B2-01,0,5
1292,54:F0:B1:BC:70:02,,30,606.5219993591309,B2-01,0,5
1293,54:F0:B1:BC:70:20,eduroam,17,606.5219993591309,B2-01,0,5
1294,54:F0:B1:BC:70:21,PoliSemFio,17,606.5219993591309,B2-01,0,5
1295,54:F0:B1:BC:76:C0,eduroam,24,606.5219993591309,B2-01,0,5
1296,54:F0:B1:BC:77:80,eduroam,37,606.5219993591309,B2-01,0,5
1297,54:F0:B1:BC:77:81,PoliSemFio,39,606.5219993591309,B2-01,0,5
1298,54:F0:B1:BC:77:82,,39,606.5219993591309,B2-01,0,5
1299,54:F0:B1:BC:77:A0,eduroam,40,606.5219993591309,B2-01,0,5
1300,54:F0:B1:BC:77:A1,PoliSemFio,40,606.5219993591309,B2-01,0,5
1301,54:F0:B1:BC:77:A2,,27,606.5219993591309,B2-01,0,5
1302,54:F0:B1:BC:7C:90,eduroam,20,606.5219993591309,B2-01,0,5
1303,54:F0:B1:BC:7C:91,PoliSemFio,25,606.5219993591309,B2-01,0,5
1304,54:F0:B1:BC:7C:92,,25,606.5219993591309,B2-01,0,5
1305,54:F0:B1:BC:7C:B0,eduroam,14,606.5219993591309,B2-01,0,5
1306,54:F0:B1:BC:7C:B1,PoliSemFio,15,606.5219993591309,B2-01,0,5
1307,54:F0:B1:BC:8F:20,eduroam,24,606.5219993591309,B2-01,0,5
1308,54:F0:B1:BC:8F:21,PoliSemFio,29,606.5219993591309,B2-01,0,5
1309,54:F0:B1:BC:8F:22,,30,606.5219993591309,B2-01,0,5
1310,68:FF:7B:47:78:BD,C1-22M-5G,15,606.5219993591309,B2-01,0,5
1311,68:FF:7B:47:78:BE,C1-22M,32,606.5219993591309,B2-01,0,5
1312,70:62:B8:6E:72:A0,PCS-wireless-C1-13,55,606.5219993591309,B2-01,0,5
1313,70:62:B8:6E:72:A1,PPGEE,50,606.5219993591309,B2-01,0,5
1314,84:D4:7E:06:4F:E0,eduroam,70,606.5219993591309,B2-01,0,5
1315,84:D4:7E:06:4F:E1,PoliSemFio,67,606.5219993591309,B2-01,0,5
1316,84:D4:7E:06:4F:E2,,69,606.5219993591309,B2-01,0,5
1317,84:D4:7E:06:4F:F0,eduroam,39,606.5219993591309,B2-01,0,5
1318,84:D4:7E:06:4F:F1,PoliSemFio,39,606.5219993591309,B2-01,0,5
1319,84:D4:7E:06:4F:F2,,39,606.5219993591309,B2-01,0,5
1320,B0:4E:26:4B:84:C2,C2-01,24,606.5219993591309,B2-01,0,5
1321,B0:95:75:6B:C6:DE,TP-Link_C6DE,9,606.5219993591309,B2-01,0,5
1322,B6:4E:26:4B:84:C2,C2-01-Guest,25,606.5219993591309,B2-01,0,5
1323,C4:6E:1F:AF:1B:AA,LPROT_Devices,25,606.5219993591309,B2-01,0,5
1324,DC:9F:DB:1C:1F:E0,LWN-3,25,606.5219993591309,B2-01,0,5
1325,DE:9F:DB:1C:1F:E0,LARC Guest,29,606.5219993591309,B2-01,0,5
1326,EE:9F:DB:1C:1F:E0,,25,606.5219993591309,B2-01,0,5
1327,F8:1A:67:99:55:8E,NUCLEAR_CHF,29,606.5219993591309,B2-01,0,5
1328,FA:D0:27:3E:69:92,DIRECT-273EE992,29,606.5219993591309,B2-01,0,5
1329,FE:9F:DB:1C:1F:E0,,27,606.5219993591309,B2-01,0,5
1330,00:21:91:70:9D:EC,LAB-DIDATICO,25,609.143524646759,B2-01,0,5
1331,02:E0:DB:48:81:EE,DIRECT-Te-Polycom Pano,25,609.143524646759,B2-01,0,5
1332,30:85:A9:69:F2:E4,PCS-Wireless-C2-22,29,609.143524646759,B2-01,0,5
1333,30:DE:4B:EC:E2:FE,cafofinho,27,609.143524646759,B2-01,0,5
1334,34:60:F9:A3:D9:13,GASWIFI-5G_C2,15,609.143524646759,B2-01,0,5
1335,34:60:F9:A3:D9:14,GASWIFI-2G_C2,24,609.143524646759,B2-01,0,5
1336,34:CE:00:51:3E:6F,Lab,32,609.143524646759,B2-01,0,5
1337,34:CE:00:51:3E:70,Lab_5G,7,609.143524646759,B2-01,0,5
1338,3A:60:F9:A3:D9:13,,17,609.143524646759,B2-01,0,5
1339,48:00:20:34:D2:40,eduroam,30,609.143524646759,B2-01,0,5
1340,54:B8:0A:AA:2C:8C,LAB_DIGITAL,39,609.143524646759,B2-01,0,5
1341,54:B8:0A:AA:2C:8D,PCS-Wireless,35,609.143524646759,B2-01,0,5
1342,54:B8:0A:AA:2C:8E,LAB_DIGITAL-5GHz,10,609.143524646759,B2-01,0,5
1343,54:B8:0A:AA:2C:8F,PCS-Wireless-5GHz,12,609.143524646759,B2-01,0,5
1344,54:F0:B1:A1:18:C0,eduroam,35,609.143524646759,B2-01,0,5
1345,54:F0:B1:A1:18:C1,PoliSemFio,35,609.143524646759,B2-01,0,5
1346,54:F0:B1:A1:18:C3,MEZANINO,35,609.143524646759,B2-01,0,5
1347,54:F0:B1:A1:18:C4,GDLAB,35,609.143524646759,B2-01,0,5
1348,54:F0:B1:A1:18:C5,LABPAD,35,609.143524646759,B2-01,0,5
1349,54:F0:B1:A1:18:D0,eduroam,50,609.143524646759,B2-01,0,5
1350,54:F0:B1:A1:18:D1,PoliSemFio,45,609.143524646759,B2-01,0,5
1351,54:F0:B1:A1:18:D2,,45,609.143524646759,B2-01,0,5
1352,54:F0:B1:A1:18:D3,MEZANINO,60,609.143524646759,B2-01,0,5
1353,54:F0:B1:A1:18:D4,GDLAB,52,609.143524646759,B2-01,0,5
1354,54:F0:B1:A1:18:D5,LABPAD,52,609.143524646759,B2-01,0,5
1355,54:F0:B1:A1:57:F0,eduroam,15,609.143524646759,B2-01,0,5
1356,54:F0:B1:A1:57:F1,PoliSemFio,14,609.143524646759,B2-01,0,5
1357,54:F0:B1:A1:57:F2,,14,609.143524646759,B2-01,0,5
1358,54:F0:B1:A1:58:00,eduroam,22,609.143524646759,B2-01,0,5
1359,54:F0:B1:A1:58:01,PoliSemFio,32,609.143524646759,B2-01,0,5
1360,54:F0:B1:A1:58:02,,35,609.143524646759,B2-01,0,5
1361,54:F0:B1:A1:E4:F0,eduroam,15,609.143524646759,B2-01,0,5
1362,54:F0:B1:A1:E4:F1,PoliSemFio,15,609.143524646759,B2-01,0,5
1363,54:F0:B1:A1:E5:00,eduroam,40,609.143524646759,B2-01,0,5
1364,54:F0:B1:A1:E5:01,PoliSemFio,44,609.143524646759,B2-01,0,5
1365,54:F0:B1:A1:E5:02,,44,609.143524646759,B2-01,0,5
1366,54:F0:B1:A2:37:E1,PoliSemFio,20,609.143524646759,B2-01,0,5
1367,54:F0:B1:A2:37:E2,,22,609.143524646759,B2-01,0,5
1368,54:F0:B1:A2:57:20,eduroam,19,609.143524646759,B2-01,0,5
1369,54:F0:B1:A2:57:21,PoliSemFio,20,609.143524646759,B2-01,0,5
1370,54:F0:B1:A2:57:22,,15,609.143524646759,B2-01,0,5
1371,54:F0:B1:A2:57:23,LCA,20,609.143524646759,B2-01,0,5
1372,54:F0:B1:A2:57:30,eduroam,39,609.143524646759,B2-01,0,5
1373,54:F0:B1:A2:57:31,PoliSemFio,37,609.143524646759,B2-01,0,5
1374,54:F0:B1:A2:57:32,,39,609.143524646759,B2-01,0,5
1375,54:F0:B1:A2:57:33,LCA,34,609.143524646759,B2-01,0,5
1376,54:F0:B1:BB:58:A0,eduroam,12,609.143524646759,B2-01,0,5
1377,54:F0:B1:BB:63:80,LTE,12,609.143524646759,B2-01,0,5
1378,54:F0:B1:BB:7E:E1,PoliSemFio,27,609.143524646759,B2-01,0,5
1379,54:F0:B1:BB:84:B0,eduroam,17,609.143524646759,B2-01,0,5
1380,54:F0:B1:BB:84:B1,PoliSemFio,39,609.143524646759,B2-01,0,5
1381,54:F0:B1:BB:84:B2,,39,609.143524646759,B2-01,0,5
1382,54:F0:B1:BB:84:D0,eduroam,14,609.143524646759,B2-01,0,5
1383,54:F0:B1:BB:84:D1,PoliSemFio,15,609.143524646759,B2-01,0,5
1384,54:F0:B1:BB:92:C2,,34,609.143524646759,B2-01,0,5
1385,54:F0:B1:BB:BE:13,CAEEL,17,609.143524646759,B2-01,0,5
1386,54:F0:B1:BB:C4:D0,eduroam,37,609.143524646759,B2-01,0,5
1387,54:F0:B1:BB:C4:D1,PoliSemFio,47,609.143524646759,B2-01,0,5
1388,54:F0:B1:BB:C4:D2,,49,609.143524646759,B2-01,0,5
1389,54:F0:B1:BB:C4:F0,eduroam,27,609.143524646759,B2-01,0,5
1390,54:F0:B1:BB:C4:F1,PoliSemFio,27,609.143524646759,B2-01,0,5
1391,54:F0:B1:BB:C5:C2,,32,609.143524646759,B2-01,0,5
1392,54:F0:B1:BB:C5:C3,MEZANINO,35,609.143524646759,B2-01,0,5
1393,54:F0:B1:BB:C5:E5,LABPAD,5,609.143524646759,B2-01,0,5
1394,54:F0:B1:BB:CC:E0,B209,14,609.143524646759,B2-01,0,5
1395,54:F0:B1:BB:F3:20,eduroam,25,609.143524646759,B2-01,0,5
1396,54:F0:B1:BB:FD:D0,eduroam,19,609.143524646759,B2-01,0,5
1397,54:F0:B1:BB:FD:D1,PoliSemFio,22,609.143524646759,B2-01,0,5
1398,54:F0:B1:BB:FD:D2,,25,609.143524646759,B2-01,0,5
1399,54:F0:B1:BC:09:40,eduroam,82,609.143524646759,B2-01,0,5
1400,54:F0:B1:BC:09:41,PoliSemFio,77,609.143524646759,B2-01,0,5
1401,54:F0:B1:BC:09:42,,77,609.143524646759,B2-01,0,5
1402,54:F0:B1:BC:09:60,eduroam,68,609.143524646759,B2-01,0,5
1403,54:F0:B1:BC:09:61,PoliSemFio,74,609.143524646759,B2-01,0,5
1404,54:F0:B1:BC:1B:D0,eduroam,34,609.143524646759,B2-01,0,5
1405,54:F0:B1:BC:1B:D2,,37,609.143524646759,B2-01,0,5
1406,54:F0:B1:BC:2E:90,eduroam,42,609.143524646759,B2-01,0,5
1407,54:F0:B1:BC:2E:91,PoliSemFio,44,609.143524646759,B2-01,0,5
1408,54:F0:B1:BC:2E:B0,eduroam,20,609.143524646759,B2-01,0,5
1409,54:F0:B1:BC:2E:B1,PoliSemFio,20,609.143524646759,B2-01,0,5
1410,54:F0:B1:BC:36:10,PoliSemFio,25,609.143524646759,B2-01,0,5
1411,54:F0:B1:BC:36:11,eduroam,24,609.143524646759,B2-01,0,5
1412,54:F0:B1:BC:36:12,,27,609.143524646759,B2-01,0,5
1413,54:F0:B1:BC:36:30,PoliSemFio,14,609.143524646759,B2-01,0,5
1414,54:F0:B1:BC:36:31,eduroam,14,609.143524646759,B2-01,0,5
1415,54:F0:B1:BC:36:32,,14,609.143524646759,B2-01,0,5
1416,54:F0:B1:BC:3F:10,eduroam,20,609.143524646759,B2-01,0,5
1417,54:F0:B1:BC:6B:52,,20,609.143524646759,B2-01,0,5
1418,54:F0:B1:BC:70:00,eduroam,32,609.143524646759,B2-01,0,5
1419,54:F0:B1:BC:70:01,PoliSemFio,32,609.143524646759,B2-01,0,5
1420,54:F0:B1:BC:70:02,,30,609.143524646759,B2-01,0,5
1421,54:F0:B1:BC:70:20,eduroam,17,609.143524646759,B2-01,0,5
1422,54:F0:B1:BC:70:21,PoliSemFio,17,609.143524646759,B2-01,0,5
1423,54:F0:B1:BC:76:C0,eduroam,24,609.143524646759,B2-01,0,5
1424,54:F0:B1:BC:77:80,eduroam,37,609.143524646759,B2-01,0,5
1425,54:F0:B1:BC:77:81,PoliSemFio,39,609.143524646759,B2-01,0,5
1426,54:F0:B1:BC:77:82,,39,609.143524646759,B2-01,0,5
1427,54:F0:B1:BC:77:A0,eduroam,40,609.143524646759,B2-01,0,5
1428,54:F0:B1:BC:77:A1,PoliSemFio,40,609.143524646759,B2-01,0,5
1429,54:F0:B1:BC:77:A2,,27,609.143524646759,B2-01,0,5
1430,54:F0:B1:BC:7C:90,eduroam,20,609.143524646759,B2-01,0,5
1431,54:F0:B1:BC:7C:91,PoliSemFio,25,609.143524646759,B2-01,0,5
1432,54:F0:B1:BC:7C:92,,25,609.143524646759,B2-01,0,5
1433,54:F0:B1:BC:7C:B0,eduroam,14,609.143524646759,B2-01,0,5
1434,54:F0:B1:BC:7C:B1,PoliSemFio,15,609.143524646759,B2-01,0,5
1435,54:F0:B1:BC:8F:20,eduroam,24,609.143524646759,B2-01,0,5
1436,54:F0:B1:BC:8F:21,PoliSemFio,29,609.143524646759,B2-01,0,5
1437,54:F0:B1:BC:8F:22,,30,609.143524646759,B2-01,0,5
1438,68:FF:7B:47:78:BD,C1-22M-5G,15,609.143524646759,B2-01,0,5
1439,68:FF:7B:47:78:BE,C1-22M,32,609.143524646759,B2-01,0,5
1440,70:62:B8:6E:72:A0,PCS-wireless-C1-13,55,609.143524646759,B2-01,0,5
1441,70:62:B8:6E:72:A1,PPGEE,50,609.143524646759,B2-01,0,5
1442,84:D4:7E:06:4F:E0,eduroam,70,609.143524646759,B2-01,0,5
1443,84:D4:7E:06:4F:E1,PoliSemFio,67,609.143524646759,B2-01,0,5
1444,84:D4:7E:06:4F:E2,,69,609.143524646759,B2-01,0,5
1445,84:D4:7E:06:4F:F0,eduroam,39,609.143524646759,B2-01,0,5
1446,84:D4:7E:06:4F:F1,PoliSemFio,39,609.143524646759,B2-01,0,5
1447,84:D4:7E:06:4F:F2,,39,609.143524646759,B2-01,0,5
1448,B0:4E:26:4B:84:C2,C2-01,24,609.143524646759,B2-01,0,5
1449,B0:95:75:6B:C6:DE,TP-Link_C6DE,9,609.143524646759,B2-01,0,5
1450,B6:4E:26:4B:84:C2,C2-01-Guest,25,609.143524646759,B2-01,0,5
1451,C4:6E:1F:AF:1B:AA,LPROT_Devices,25,609.143524646759,B2-01,0,5
1452,DC:9F:DB:1C:1F:E0,LWN-3,25,609.143524646759,B2-01,0,5
1453,DE:9F:DB:1C:1F:E0,LARC Guest,29,609.143524646759,B2-01,0,5
1454,EE:9F:DB:1C:1F:E0,,25,609.143524646759,B2-01,0,5
1455,F8:1A:67:99:55:8E,NUCLEAR_CHF,29,609.143524646759,B2-01,0,5
1456,FA:D0:27:3E:69:92,DIRECT-273EE992,29,609.143524646759,B2-01,0,5
1457,FE:9F:DB:1C:1F:E0,,27,609.143524646759,B2-01,0,5
1458,00:18:E7:FF:8C:9A,dlink_media,10,615.4313006401062,B2-01,0,5
1459,00:21:91:70:9D:EC,LAB-DIDATICO,25,615.4313006401062,B2-01,0,5
1460,02:E0:DB:48:81:EE,DIRECT-Te-Polycom Pano,25,615.4313006401062,B2-01,0,5
1461,30:85:A9:69:F2:E4,PCS-Wireless-C2-22,45,615.4313006401062,B2-01,0,5
1462,30:DE:4B:EC:E2:FE,cafofinho,27,615.4313006401062,B2-01,0,5
1463,34:60:F9:A3:D9:13,GASWIFI-5G_C2,24,615.4313006401062,B2-01,0,5
1464,34:60:F9:A3:D9:14,GASWIFI-2G_C2,34,615.4313006401062,B2-01,0,5
1465,34:CE:00:51:3E:6F,Lab,42,615.4313006401062,B2-01,0,5
1466,34:CE:00:51:3E:70,Lab_5G,12,615.4313006401062,B2-01,0,5
1467,3A:60:F9:A3:D9:13,,17,615.4313006401062,B2-01,0,5
1468,48:00:20:34:D2:40,eduroam,30,615.4313006401062,B2-01,0,5
1469,54:B8:0A:AA:2C:8C,LAB_DIGITAL,55,615.4313006401062,B2-01,0,5
1470,54:B8:0A:AA:2C:8D,PCS-Wireless,57,615.4313006401062,B2-01,0,5
1471,54:B8:0A:AA:2C:8E,LAB_DIGITAL-5GHz,19,615.4313006401062,B2-01,0,5
1472,54:B8:0A:AA:2C:8F,PCS-Wireless-5GHz,17,615.4313006401062,B2-01,0,5
1473,54:F0:B1:A1:18:C0,eduroam,35,615.4313006401062,B2-01,0,5
1474,54:F0:B1:A1:18:C1,PoliSemFio,35,615.4313006401062,B2-01,0,5
1475,54:F0:B1:A1:18:C3,MEZANINO,35,615.4313006401062,B2-01,0,5
1476,54:F0:B1:A1:18:C4,GDLAB,35,615.4313006401062,B2-01,0,5
1477,54:F0:B1:A1:18:C5,LABPAD,35,615.4313006401062,B2-01,0,5
1478,54:F0:B1:A1:18:D0,eduroam,59,615.4313006401062,B2-01,0,5
1479,54:F0:B1:A1:18:D1,PoliSemFio,45,615.4313006401062,B2-01,0,5
1480,54:F0:B1:A1:18:D2,,45,615.4313006401062,B2-01,0,5
1481,54:F0:B1:A1:18:D3,MEZANINO,59,615.4313006401062,B2-01,0,5
1482,54:F0:B1:A1:18:D4,GDLAB,59,615.4313006401062,B2-01,0,5
1483,54:F0:B1:A1:18:D5,LABPAD,52,615.4313006401062,B2-01,0,5
1484,54:F0:B1:A1:57:F0,eduroam,19,615.4313006401062,B2-01,0,5
1485,54:F0:B1:A1:57:F1,PoliSemFio,19,615.4313006401062,B2-01,0,5
1486,54:F0:B1:A1:57:F2,,14,615.4313006401062,B2-01,0,5
1487,54:F0:B1:A1:58:00,eduroam,22,615.4313006401062,B2-01,0,5
1488,54:F0:B1:A1:58:01,PoliSemFio,32,615.4313006401062,B2-01,0,5
1489,54:F0:B1:A1:E4:F0,eduroam,22,615.4313006401062,B2-01,0,5
1490,54:F0:B1:A1:E4:F1,PoliSemFio,20,615.4313006401062,B2-01,0,5
1491,54:F0:B1:A1:E5:00,eduroam,35,615.4313006401062,B2-01,0,5
1492,54:F0:B1:A1:E5:01,PoliSemFio,45,615.4313006401062,B2-01,0,5
1493,54:F0:B1:A1:E5:02,,45,615.4313006401062,B2-01,0,5
1494,54:F0:B1:A2:37:E0,eduroam,27,615.4313006401062,B2-01,0,5
1495,54:F0:B1:A2:37:E1,PoliSemFio,27,615.4313006401062,B2-01,0,5
1496,54:F0:B1:A2:37:E2,,25,615.4313006401062,B2-01,0,5
1497,54:F0:B1:A2:57:20,eduroam,25,615.4313006401062,B2-01,0,5
1498,54:F0:B1:A2:57:21,PoliSemFio,25,615.4313006401062,B2-01,0,5
1499,54:F0:B1:A2:57:22,,25,615.4313006401062,B2-01,0,5
1500,54:F0:B1:A2:57:23,LCA,25,615.4313006401062,B2-01,0,5
1501,54:F0:B1:A2:57:30,eduroam,39,615.4313006401062,B2-01,0,5
1502,54:F0:B1:A2:57:31,PoliSemFio,37,615.4313006401062,B2-01,0,5
1503,54:F0:B1:A2:57:32,,39,615.4313006401062,B2-01,0,5
1504,54:F0:B1:A2:57:33,LCA,34,615.4313006401062,B2-01,0,5
1505,54:F0:B1:BB:58:A0,eduroam,12,615.4313006401062,B2-01,0,5
1506,54:F0:B1:BB:58:C3,CAEEL,9,615.4313006401062,B2-01,0,5
1507,54:F0:B1:BB:63:80,LTE,12,615.4313006401062,B2-01,0,5
1508,54:F0:B1:BB:7E:E1,PoliSemFio,27,615.4313006401062,B2-01,0,5
1509,54:F0:B1:BB:84:B0,eduroam,17,615.4313006401062,B2-01,0,5
1510,54:F0:B1:BB:84:B1,PoliSemFio,39,615.4313006401062,B2-01,0,5
1511,54:F0:B1:BB:84:B2,,32,615.4313006401062,B2-01,0,5
1512,54:F0:B1:BB:84:D0,eduroam,14,615.4313006401062,B2-01,0,5
1513,54:F0:B1:BB:84:D1,PoliSemFio,15,615.4313006401062,B2-01,0,5
1514,54:F0:B1:BB:92:C2,,34,615.4313006401062,B2-01,0,5
1515,54:F0:B1:BB:BE:13,CAEEL,17,615.4313006401062,B2-01,0,5
1516,54:F0:B1:BB:C4:D0,eduroam,37,615.4313006401062,B2-01,0,5
1517,54:F0:B1:BB:C4:D1,PoliSemFio,47,615.4313006401062,B2-01,0,5
1518,54:F0:B1:BB:C4:D2,,49,615.4313006401062,B2-01,0,5
1519,54:F0:B1:BB:C4:F0,eduroam,29,615.4313006401062,B2-01,0,5
1520,54:F0:B1:BB:C4:F1,PoliSemFio,27,615.4313006401062,B2-01,0,5
1521,54:F0:B1:BB:C5:C0,eduroam,19,615.4313006401062,B2-01,0,5
1522,54:F0:B1:BB:C5:C2,,32,615.4313006401062,B2-01,0,5
1523,54:F0:B1:BB:C5:C3,MEZANINO,35,615.4313006401062,B2-01,0,5
1524,54:F0:B1:BB:C5:C4,GDLAB,22,615.4313006401062,B2-01,0,5
1525,54:F0:B1:BB:C5:E5,LABPAD,5,615.4313006401062,B2-01,0,5
1526,54:F0:B1:BB:CC:E0,B209,14,615.4313006401062,B2-01,0,5
1527,54:F0:B1:BB:F3:20,eduroam,25,615.4313006401062,B2-01,0,5
1528,54:F0:B1:BB:FD:D0,eduroam,27,615.4313006401062,B2-01,0,5
1529,54:F0:B1:BB:FD:D1,PoliSemFio,30,615.4313006401062,B2-01,0,5
1530,54:F0:B1:BB:FD:D2,,30,615.4313006401062,B2-01,0,5
1531,54:F0:B1:BC:09:40,eduroam,67,615.4313006401062,B2-01,0,5
1532,54:F0:B1:BC:09:41,PoliSemFio,77,615.4313006401062,B2-01,0,5
1533,54:F0:B1:BC:09:42,,77,615.4313006401062,B2-01,0,5
1534,54:F0:B1:BC:09:60,eduroam,74,615.4313006401062,B2-01,0,5
1535,54:F0:B1:BC:09:61,PoliSemFio,74,615.4313006401062,B2-01,0,5
1536,54:F0:B1:BC:1B:D0,eduroam,34,615.4313006401062,B2-01,0,5
1537,54:F0:B1:BC:1B:D2,,37,615.4313006401062,B2-01,0,5
1538,54:F0:B1:BC:2E:90,eduroam,47,615.4313006401062,B2-01,0,5
1539,54:F0:B1:BC:2E:91,PoliSemFio,44,615.4313006401062,B2-01,0,5
1540,54:F0:B1:BC:2E:B0,eduroam,20,615.4313006401062,B2-01,0,5
1541,54:F0:B1:BC:2E:B1,PoliSemFio,10,615.4313006401062,B2-01,0,5
1542,54:F0:B1:BC:36:10,PoliSemFio,25,615.4313006401062,B2-01,0,5
1543,54:F0:B1:BC:36:11,eduroam,24,615.4313006401062,B2-01,0,5
1544,54:F0:B1:BC:36:12,,27,615.4313006401062,B2-01,0,5
1545,54:F0:B1:BC:36:30,PoliSemFio,14,615.4313006401062,B2-01,0,5
1546,54:F0:B1:BC:36:31,eduroam,14,615.4313006401062,B2-01,0,5
1547,54:F0:B1:BC:36:32,,14,615.4313006401062,B2-01,0,5
1548,54:F0:B1:BC:3F:10,eduroam,30,615.4313006401062,B2-01,0,5
1549,54:F0:B1:BC:3F:11,PoliSemFio,27,615.4313006401062,B2-01,0,5
1550,54:F0:B1:BC:3F:12,,27,615.4313006401062,B2-01,0,5
1551,54:F0:B1:BC:65:B0,eduroam,24,615.4313006401062,B2-01,0,5
1552,54:F0:B1:BC:65:B1,PoliSemFio,32,615.4313006401062,B2-01,0,5
1553,54:F0:B1:BC:65:B2,,32,615.4313006401062,B2-01,0,5
1554,54:F0:B1:BC:6B:52,,20,615.4313006401062,B2-01,0,5
1555,54:F0:B1:BC:70:00,eduroam,32,615.4313006401062,B2-01,0,5
1556,54:F0:B1:BC:70:01,PoliSemFio,32,615.4313006401062,B2-01,0,5
1557,54:F0:B1:BC:70:02,,30,615.4313006401062,B2-01,0,5
1558,54:F0:B1:BC:70:20,eduroam,15,615.4313006401062,B2-01,0,5
1559,54:F0:B1:BC:70:21,PoliSemFio,14,615.4313006401062,B2-01,0,5
1560,54:F0:B1:BC:76:C0,eduroam,24,615.4313006401062,B2-01,0,5
1561,54:F0:B1:BC:76:C2,,20,615.4313006401062,B2-01,0,5
1562,54:F0:B1:BC:77:80,eduroam,65,615.4313006401062,B2-01,0,5
1563,54:F0:B1:BC:77:81,PoliSemFio,64,615.4313006401062,B2-01,0,5
1564,54:F0:B1:BC:77:82,,64,615.4313006401062,B2-01,0,5
1565,54:F0:B1:BC:77:A0,eduroam,57,615.4313006401062,B2-01,0,5
1566,54:F0:B1:BC:77:A1,PoliSemFio,57,615.4313006401062,B2-01,0,5
1567,54:F0:B1:BC:77:A2,,57,615.4313006401062,B2-01,0,5
1568,54:F0:B1:BC:7C:90,eduroam,20,615.4313006401062,B2-01,0,5
1569,54:F0:B1:BC:7C:91,PoliSemFio,25,615.4313006401062,B2-01,0,5
1570,54:F0:B1:BC:7C:92,,25,615.4313006401062,B2-01,0,5
1571,54:F0:B1:BC:7C:B0,eduroam,17,615.4313006401062,B2-01,0,5
1572,54:F0:B1:BC:7C:B1,PoliSemFio,17,615.4313006401062,B2-01,0,5
1573,54:F0:B1:BC:8F:20,eduroam,37,615.4313006401062,B2-01,0,5
1574,54:F0:B1:BC:8F:21,PoliSemFio,35,615.4313006401062,B2-01,0,5
1575,54:F0:B1:BC:8F:22,,35,615.4313006401062,B2-01,0,5
1576,68:FF:7B:47:78:BD,C1-22M-5G,22,615.4313006401062,B2-01,0,5
1577,68:FF:7B:47:78:BE,C1-22M,32,615.4313006401062,B2-01,0,5
1578,70:62:B8:6E:72:A0,PCS-wireless-C1-13,57,615.4313006401062,B2-01,0,5
1579,70:62:B8:6E:72:A1,PPGEE,55,615.4313006401062,B2-01,0,5
1580,70:62:B8:6E:72:A2,PCS-wireless-C1-13-5GHz,12,615.4313006401062,B2-01,0,5
1581,70:62:B8:6E:72:A3,PPGEE-5GHz,9,615.4313006401062,B2-01,0,5
1582,84:D4:7E:06:4F:E0,eduroam,70,615.4313006401062,B2-01,0,5
1583,84:D4:7E:06:4F:E1,PoliSemFio,64,615.4313006401062,B2-01,0,5
1584,84:D4:7E:06:4F:E2,,64,615.4313006401062,B2-01,0,5
1585,84:D4:7E:06:4F:F0,eduroam,39,615.4313006401062,B2-01,0,5
1586,84:D4:7E:06:4F:F1,PoliSemFio,39,615.4313006401062,B2-01,0,5
1587,84:D4:7E:06:4F:F2,,39,615.4313006401062,B2-01,0,5
1588,B0:4E:26:4B:84:C2,C2-01,24,615.4313006401062,B2-01,0,5
1589,B0:95:75:6B:C6:DE,TP-Link_C6DE,9,615.4313006401062,B2-01,0,5
1590,B6:4E:26:4B:84:C2,C2-01-Guest,25,615.4313006401062,B2-01,0,5
1591,C4:6E:1F:AF:1B:AA,LPROT_Devices,25,615.4313006401062,B2-01,0,5
1592,C8:D7:19:D4:36:7E,lcs,15,615.4313006401062,B2-01,0,5
1593,DC:9F:DB:1C:1F:E0,LWN-3,25,615.4313006401062,B2-01,0,5
1594,DE:9F:DB:1C:1F:E0,LARC Guest,29,615.4313006401062,B2-01,0,5
1595,EE:9F:DB:1C:1F:E0,,32,615.4313006401062,B2-01,0,5
1596,F8:1A:67:99:55:8E,NUCLEAR_CHF,42,615.4313006401062,B2-01,0,5
1597,FA:D0:27:3E:69:92,DIRECT-273EE992,29,615.4313006401062,B2-01,0,5
1598,FE:9F:DB:1C:1F:E0,,32,615.4313006401062,B2-01,0,5
1599,00:18:E7:FF:8C:98,dlink,22,621.7097282409668,B2-01,0,5
1600,00:18:E7:FF:8C:9A,dlink_media,10,621.7097282409668,B2-01,0,5
1601,00:21:91:70:9D:EC,LAB-DIDATICO,30,621.7097282409668,B2-01,0,5
1602,30:85:A9:69:F2:E4,PCS-Wireless-C2-22,30,621.7097282409668,B2-01,0,5
1603,30:DE:4B:EC:E2:FE,cafofinho,27,621.7097282409668,B2-01,0,5
1604,34:60:F9:A3:D9:13,GASWIFI-5G_C2,25,621.7097282409668,B2-01,0,5
1605,34:60:F9:A3:D9:14,GASWIFI-2G_C2,29,621.7097282409668,B2-01,0,5
1606,34:CE:00:51:3E:6F,Lab,29,621.7097282409668,B2-01,0,5
1607,34:CE:00:51:3E:70,Lab_5G,9,621.7097282409668,B2-01,0,5
1608,3A:60:F9:A3:D9:13,,25,621.7097282409668,B2-01,0,5
1609,48:00:20:34:D2:40,eduroam,30,621.7097282409668,B2-01,0,5
1610,54:B8:0A:AA:2C:8C,LAB_DIGITAL,55,621.7097282409668,B2-01,0,5
1611,54:B8:0A:AA:2C:8D,PCS-Wireless,57,621.7097282409668,B2-01,0,5
1612,54:B8:0A:AA:2C:8E,LAB_DIGITAL-5GHz,17,621.7097282409668,B2-01,0,5
1613,54:B8:0A:AA:2C:8F,PCS-Wireless-5GHz,17,621.7097282409668,B2-01,0,5
1614,54:F0:B1:A1:18:C0,eduroam,30,621.7097282409668,B2-01,0,5
1615,54:F0:B1:A1:18:C1,PoliSemFio,32,621.7097282409668,B2-01,0,5
1616,54:F0:B1:A1:18:C3,MEZANINO,32,621.7097282409668,B2-01,0,5
1617,54:F0:B1:A1:18:C4,GDLAB,30,621.7097282409668,B2-01,0,5
1618,54:F0:B1:A1:18:C5,LABPAD,32,621.7097282409668,B2-01,0,5
1619,54:F0:B1:A1:18:D0,eduroam,42,621.7097282409668,B2-01,0,5
1620,54:F0:B1:A1:18:D1,PoliSemFio,39,621.7097282409668,B2-01,0,5
1621,54:F0:B1:A1:18:D2,,35,621.7097282409668,B2-01,0,5
1622,54:F0:B1:A1:18:D3,MEZANINO,39,621.7097282409668,B2-01,0,5
1623,54:F0:B1:A1:18:D4,GDLAB,59,621.7097282409668,B2-01,0,5
1624,54:F0:B1:A1:18:D5,LABPAD,40,621.7097282409668,B2-01,0,5
1625,54:F0:B1:A1:57:F0,eduroam,19,621.7097282409668,B2-01,0,5
1626,54:F0:B1:A1:57:F1,PoliSemFio,19,621.7097282409668,B2-01,0,5
1627,54:F0:B1:A1:57:F2,,14,621.7097282409668,B2-01,0,5
1628,54:F0:B1:A1:58:00,eduroam,22,621.7097282409668,B2-01,0,5
1629,54:F0:B1:A1:58:01,PoliSemFio,32,621.7097282409668,B2-01,0,5
1630,54:F0:B1:A1:E4:F0,eduroam,15,621.7097282409668,B2-01,0,5
1631,54:F0:B1:A1:E4:F1,PoliSemFio,20,621.7097282409668,B2-01,0,5
1632,54:F0:B1:A1:E5:00,eduroam,25,621.7097282409668,B2-01,0,5
1633,54:F0:B1:A1:E5:01,PoliSemFio,45,621.7097282409668,B2-01,0,5
1634,54:F0:B1:A1:E5:02,,45,621.7097282409668,B2-01,0,5
1635,54:F0:B1:A2:37:E0,eduroam,27,621.7097282409668,B2-01,0,5
1636,54:F0:B1:A2:37:E1,PoliSemFio,27,621.7097282409668,B2-01,0,5
1637,54:F0:B1:A2:37:E2,,25,621.7097282409668,B2-01,0,5
1638,54:F0:B1:A2:57:20,eduroam,22,621.7097282409668,B2-01,0,5
1639,54:F0:B1:A2:57:21,PoliSemFio,22,621.7097282409668,B2-01,0,5
1640,54:F0:B1:A2:57:22,,25,621.7097282409668,B2-01,0,5
1641,54:F0:B1:A2:57:23,LCA,20,621.7097282409668,B2-01,0,5
1642,54:F0:B1:A2:57:30,eduroam,39,621.7097282409668,B2-01,0,5
1643,54:F0:B1:A2:57:31,PoliSemFio,37,621.7097282409668,B2-01,0,5
1644,54:F0:B1:A2:57:32,,39,621.7097282409668,B2-01,0,5
1645,54:F0:B1:A2:57:33,LCA,19,621.7097282409668,B2-01,0,5
1646,54:F0:B1:BB:58:A0,eduroam,12,621.7097282409668,B2-01,0,5
1647,54:F0:B1:BB:58:C3,CAEEL,9,621.7097282409668,B2-01,0,5
1648,54:F0:B1:BB:63:80,LTE,12,621.7097282409668,B2-01,0,5
1649,54:F0:B1:BB:84:B0,eduroam,17,621.7097282409668,B2-01,0,5
1650,54:F0:B1:BB:84:B2,,34,621.7097282409668,B2-01,0,5
1651,54:F0:B1:BB:84:D0,eduroam,14,621.7097282409668,B2-01,0,5
1652,54:F0:B1:BB:84:D1,PoliSemFio,14,621.7097282409668,B2-01,0,5
1653,54:F0:B1:BB:92:C2,,34,621.7097282409668,B2-01,0,5
1654,54:F0:B1:BB:BE:13,CAEEL,17,621.7097282409668,B2-01,0,5
1655,54:F0:B1:BB:C4:D0,eduroam,44,621.7097282409668,B2-01,0,5
1656,54:F0:B1:BB:C4:D1,PoliSemFio,42,621.7097282409668,B2-01,0,5
1657,54:F0:B1:BB:C4:D2,,49,621.7097282409668,B2-01,0,5
1658,54:F0:B1:BB:C4:F0,eduroam,29,621.7097282409668,B2-01,0,5
1659,54:F0:B1:BB:C4:F1,PoliSemFio,27,621.7097282409668,B2-01,0,5
1660,54:F0:B1:BB:C5:C0,eduroam,19,621.7097282409668,B2-01,0,5
1661,54:F0:B1:BB:C5:C2,,32,621.7097282409668,B2-01,0,5
1662,54:F0:B1:BB:C5:C3,MEZANINO,35,621.7097282409668,B2-01,0,5
1663,54:F0:B1:BB:C5:C4,GDLAB,22,621.7097282409668,B2-01,0,5
1664,54:F0:B1:BB:F3:20,eduroam,25,621.7097282409668,B2-01,0,5
1665,54:F0:B1:BB:FD:D0,eduroam,27,621.7097282409668,B2-01,0,5
1666,54:F0:B1:BB:FD:D1,PoliSemFio,30,621.7097282409668,B2-01,0,5
1667,54:F0:B1:BB:FD:D2,,30,621.7097282409668,B2-01,0,5
1668,54:F0:B1:BC:09:40,eduroam,84,621.7097282409668,B2-01,0,5
1669,54:F0:B1:BC:09:41,PoliSemFio,77,621.7097282409668,B2-01,0,5
1670,54:F0:B1:BC:09:42,,77,621.7097282409668,B2-01,0,5
1671,54:F0:B1:BC:09:60,eduroam,69,621.7097282409668,B2-01,0,5
1672,54:F0:B1:BC:09:61,PoliSemFio,69,621.7097282409668,B2-01,0,5
1673,54:F0:B1:BC:1B:D0,eduroam,34,621.7097282409668,B2-01,0,5
1674,54:F0:B1:BC:1B:D2,,45,621.7097282409668,B2-01,0,5
1675,54:F0:B1:BC:2E:90,eduroam,57,621.7097282409668,B2-01,0,5
1676,54:F0:B1:BC:2E:91,PoliSemFio,57,621.7097282409668,B2-01,0,5
1677,54:F0:B1:BC:2E:92,,57,621.7097282409668,B2-01,0,5
1678,54:F0:B1:BC:2E:B0,eduroam,22,621.7097282409668,B2-01,0,5
1679,54:F0:B1:BC:2E:B1,PoliSemFio,22,621.7097282409668,B2-01,0,5
1680,54:F0:B1:BC:36:10,PoliSemFio,25,621.7097282409668,B2-01,0,5
1681,54:F0:B1:BC:36:11,eduroam,29,621.7097282409668,B2-01,0,5
1682,54:F0:B1:BC:36:12,,27,621.7097282409668,B2-01,0,5
1683,54:F0:B1:BC:36:30,PoliSemFio,17,621.7097282409668,B2-01,0,5
1684,54:F0:B1:BC:36:31,eduroam,15,621.7097282409668,B2-01,0,5
1685,54:F0:B1:BC:36:32,,14,621.7097282409668,B2-01,0,5
1686,54:F0:B1:BC:3F:10,eduroam,30,621.7097282409668,B2-01,0,5
1687,54:F0:B1:BC:3F:11,PoliSemFio,27,621.7097282409668,B2-01,0,5
1688,54:F0:B1:BC:3F:12,,27,621.7097282409668,B2-01,0,5
1689,54:F0:B1:BC:65:B0,eduroam,24,621.7097282409668,B2-01,0,5
1690,54:F0:B1:BC:65:B1,PoliSemFio,32,621.7097282409668,B2-01,0,5
1691,54:F0:B1:BC:65:B2,,32,621.7097282409668,B2-01,0,5
1692,54:F0:B1:BC:6B:52,,20,621.7097282409668,B2-01,0,5
1693,54:F0:B1:BC:70:00,eduroam,32,621.7097282409668,B2-01,0,5
1694,54:F0:B1:BC:70:01,PoliSemFio,32,621.7097282409668,B2-01,0,5
1695,54:F0:B1:BC:70:02,,30,621.7097282409668,B2-01,0,5
1696,54:F0:B1:BC:70:20,eduroam,15,621.7097282409668,B2-01,0,5
1697,54:F0:B1:BC:70:21,PoliSemFio,14,621.7097282409668,B2-01,0,5
1698,54:F0:B1:BC:76:C0,eduroam,24,621.7097282409668,B2-01,0,5
1699,54:F0:B1:BC:76:C2,,20,621.7097282409668,B2-01,0,5
1700,54:F0:B1:BC:77:80,eduroam,59,621.7097282409668,B2-01,0,5
1701,54:F0:B1:BC:77:81,PoliSemFio,64,621.7097282409668,B2-01,0,5
1702,54:F0:B1:BC:77:82,,64,621.7097282409668,B2-01,0,5
1703,54:F0:B1:BC:77:A0,eduroam,47,621.7097282409668,B2-01,0,5
1704,54:F0:B1:BC:77:A1,PoliSemFio,47,621.7097282409668,B2-01,0,5
1705,54:F0:B1:BC:77:A2,,57,621.7097282409668,B2-01,0,5
1706,54:F0:B1:BC:7C:90,eduroam,20,621.7097282409668,B2-01,0,5
1707,54:F0:B1:BC:7C:91,PoliSemFio,25,621.7097282409668,B2-01,0,5
1708,54:F0:B1:BC:7C:92,,25,621.7097282409668,B2-01,0,5
1709,54:F0:B1:BC:7C:B0,eduroam,17,621.7097282409668,B2-01,0,5
1710,54:F0:B1:BC:7C:B1,PoliSemFio,17,621.7097282409668,B2-01,0,5
1711,54:F0:B1:BC:8F:20,eduroam,37,621.7097282409668,B2-01,0,5
1712,54:F0:B1:BC:8F:21,PoliSemFio,35,621.7097282409668,B2-01,0,5
1713,54:F0:B1:BC:8F:22,,35,621.7097282409668,B2-01,0,5
1714,68:FF:7B:47:78:BD,C1-22M-5G,24,621.7097282409668,B2-01,0,5
1715,68:FF:7B:47:78:BE,C1-22M,50,621.7097282409668,B2-01,0,5
1716,70:62:B8:6E:72:A0,PCS-wireless-C1-13,44,621.7097282409668,B2-01,0,5
1717,70:62:B8:6E:72:A1,PPGEE,44,621.7097282409668,B2-01,0,5
1718,70:62:B8:6E:72:A2,PCS-wireless-C1-13-5GHz,12,621.7097282409668,B2-01,0,5
1719,70:62:B8:6E:72:A3,PPGEE-5GHz,9,621.7097282409668,B2-01,0,5
1720,84:D4:7E:06:4F:E0,eduroam,60,621.7097282409668,B2-01,0,5
1721,84:D4:7E:06:4F:E1,PoliSemFio,64,621.7097282409668,B2-01,0,5
1722,84:D4:7E:06:4F:E2,,55,621.7097282409668,B2-01,0,5
1723,84:D4:7E:06:4F:F0,eduroam,37,621.7097282409668,B2-01,0,5
1724,84:D4:7E:06:4F:F1,PoliSemFio,37,621.7097282409668,B2-01,0,5
1725,84:D4:7E:06:4F:F2,,35,621.7097282409668,B2-01,0,5
1726,B0:4E:26:4B:84:C2,C2-01,24,621.7097282409668,B2-01,0,5
1727,B6:4E:26:4B:84:C2,C2-01-Guest,25,621.7097282409668,B2-01,0,5
1728,C4:6E:1F:AF:1B:AA,LPROT_Devices,25,621.7097282409668,B2-01,0,5
1729,C8:D7:19:D4:36:7E,lcs,15,621.7097282409668,B2-01,0,5
1730,DC:9F:DB:1C:1F:E0,LWN-3,25,621.7097282409668,B2-01,0,5
1731,EE:9F:DB:1C:1F:E0,,32,621.7097282409668,B2-01,0,5
1732,F8:1A:67:99:55:8E,NUCLEAR_CHF,30,621.7097282409668,B2-01,0,5
1733,FE:9F:DB:1C:1F:E0,,32,621.7097282409668,B2-01,0,5
1734,00:18:E7:FF:8C:98,dlink,22,627.999443769455,B2-01,0,5
1735,00:18:E7:FF:8C:9A,dlink_media,10,627.999443769455,B2-01,0,5
1736,00:21:91:70:9D:EC,LAB-DIDATICO,30,627.999443769455,B2-01,0,5
1737,30:85:A9:69:F2:E4,PCS-Wireless-C2-22,30,627.999443769455,B2-01,0,5
1738,30:DE:4B:EC:E2:FE,cafofinho,27,627.999443769455,B2-01,0,5
1739,34:60:F9:A3:D9:13,GASWIFI-5G_C2,25,627.999443769455,B2-01,0,5
1740,34:60:F9:A3:D9:14,GASWIFI-2G_C2,29,627.999443769455,B2-01,0,5
1741,34:CE:00:51:3E:6F,Lab,29,627.999443769455,B2-01,0,5
1742,34:CE:00:51:3E:70,Lab_5G,9,627.999443769455,B2-01,0,5
1743,3A:60:F9:A3:D9:13,,25,627.999443769455,B2-01,0,5
1744,48:00:20:34:D2:40,eduroam,30,627.999443769455,B2-01,0,5
1745,54:B8:0A:AA:2C:8C,LAB_DIGITAL,55,627.999443769455,B2-01,0,5
1746,54:B8:0A:AA:2C:8D,PCS-Wireless,57,627.999443769455,B2-01,0,5
1747,54:B8:0A:AA:2C:8E,LAB_DIGITAL-5GHz,17,627.999443769455,B2-01,0,5
1748,54:B8:0A:AA:2C:8F,PCS-Wireless-5GHz,17,627.999443769455,B2-01,0,5
1749,54:F0:B1:A1:18:C0,eduroam,30,627.999443769455,B2-01,0,5
1750,54:F0:B1:A1:18:C1,PoliSemFio,32,627.999443769455,B2-01,0,5
1751,54:F0:B1:A1:18:C3,MEZANINO,32,627.999443769455,B2-01,0,5
1752,54:F0:B1:A1:18:C4,GDLAB,30,627.999443769455,B2-01,0,5
1753,54:F0:B1:A1:18:C5,LABPAD,32,627.999443769455,B2-01,0,5
1754,54:F0:B1:A1:18:D0,eduroam,42,627.999443769455,B2-01,0,5
1755,54:F0:B1:A1:18:D1,PoliSemFio,39,627.999443769455,B2-01,0,5
1756,54:F0:B1:A1:18:D2,,35,627.999443769455,B2-01,0,5
1757,54:F0:B1:A1:18:D3,MEZANINO,39,627.999443769455,B2-01,0,5
1758,54:F0:B1:A1:18:D4,GDLAB,59,627.999443769455,B2-01,0,5
1759,54:F0:B1:A1:18:D5,LABPAD,40,627.999443769455,B2-01,0,5
1760,54:F0:B1:A1:57:F0,eduroam,19,627.999443769455,B2-01,0,5
1761,54:F0:B1:A1:57:F1,PoliSemFio,19,627.999443769455,B2-01,0,5
1762,54:F0:B1:A1:57:F2,,14,627.999443769455,B2-01,0,5
1763,54:F0:B1:A1:58:00,eduroam,22,627.999443769455,B2-01,0,5
1764,54:F0:B1:A1:58:01,PoliSemFio,32,627.999443769455,B2-01,0,5
1765,54:F0:B1:A1:E4:F0,eduroam,15,627.999443769455,B2-01,0,5
1766,54:F0:B1:A1:E4:F1,PoliSemFio,20,627.999443769455,B2-01,0,5
1767,54:F0:B1:A1:E5:00,eduroam,25,627.999443769455,B2-01,0,5
1768,54:F0:B1:A1:E5:01,PoliSemFio,45,627.999443769455,B2-01,0,5
1769,54:F0:B1:A1:E5:02,,45,627.999443769455,B2-01,0,5
1770,54:F0:B1:A2:37:E0,eduroam,27,627.999443769455,B2-01,0,5
1771,54:F0:B1:A2:37:E1,PoliSemFio,27,627.999443769455,B2-01,0,5
1772,54:F0:B1:A2:37:E2,,25,627.999443769455,B2-01,0,5
1773,54:F0:B1:A2:57:20,eduroam,22,627.999443769455,B2-01,0,5
1774,54:F0:B1:A2:57:21,PoliSemFio,22,627.999443769455,B2-01,0,5
1775,54:F0:B1:A2:57:22,,25,627.999443769455,B2-01,0,5
1776,54:F0:B1:A2:57:23,LCA,20,627.999443769455,B2-01,0,5
1777,54:F0:B1:A2:57:30,eduroam,39,627.999443769455,B2-01,0,5
1778,54:F0:B1:A2:57:31,PoliSemFio,37,627.999443769455,B2-01,0,5
1779,54:F0:B1:A2:57:32,,39,627.999443769455,B2-01,0,5
1780,54:F0:B1:A2:57:33,LCA,19,627.999443769455,B2-01,0,5
1781,54:F0:B1:BB:58:A0,eduroam,12,627.999443769455,B2-01,0,5
1782,54:F0:B1:BB:58:C3,CAEEL,9,627.999443769455,B2-01,0,5
1783,54:F0:B1:BB:63:80,LTE,12,627.999443769455,B2-01,0,5
1784,54:F0:B1:BB:84:B0,eduroam,17,627.999443769455,B2-01,0,5
1785,54:F0:B1:BB:84:B2,,34,627.999443769455,B2-01,0,5
1786,54:F0:B1:BB:84:D0,eduroam,14,627.999443769455,B2-01,0,5
1787,54:F0:B1:BB:84:D1,PoliSemFio,14,627.999443769455,B2-01,0,5
1788,54:F0:B1:BB:92:C2,,34,627.999443769455,B2-01,0,5
1789,54:F0:B1:BB:BE:13,CAEEL,17,627.999443769455,B2-01,0,5
1790,54:F0:B1:BB:C4:D0,eduroam,44,627.999443769455,B2-01,0,5
1791,54:F0:B1:BB:C4:D1,PoliSemFio,42,627.999443769455,B2-01,0,5
1792,54:F0:B1:BB:C4:D2,,49,627.999443769455,B2-01,0,5
1793,54:F0:B1:BB:C4:F0,eduroam,29,627.999443769455,B2-01,0,5
1794,54:F0:B1:BB:C4:F1,PoliSemFio,27,627.999443769455,B2-01,0,5
1795,54:F0:B1:BB:C5:C0,eduroam,19,627.999443769455,B2-01,0,5
1796,54:F0:B1:BB:C5:C2,,32,627.999443769455,B2-01,0,5
1797,54:F0:B1:BB:C5:C3,MEZANINO,35,627.999443769455,B2-01,0,5
1798,54:F0:B1:BB:C5:C4,GDLAB,22,627.999443769455,B2-01,0,5
1799,54:F0:B1:BB:F3:20,eduroam,25,627.999443769455,B2-01,0,5
1800,54:F0:B1:BB:FD:D0,eduroam,27,627.999443769455,B2-01,0,5
1801,54:F0:B1:BB:FD:D1,PoliSemFio,30,627.999443769455,B2-01,0,5
1802,54:F0:B1:BB:FD:D2,,30,627.999443769455,B2-01,0,5
1803,54:F0:B1:BC:09:40,eduroam,84,627.999443769455,B2-01,0,5
1804,54:F0:B1:BC:09:41,PoliSemFio,77,627.999443769455,B2-01,0,5
1805,54:F0:B1:BC:09:42,,77,627.999443769455,B2-01,0,5
1806,54:F0:B1:BC:09:60,eduroam,52,627.999443769455,B2-01,0,5
1807,54:F0:B1:BC:09:61,PoliSemFio,69,627.999443769455,B2-01,0,5
1808,54:F0:B1:BC:1B:D0,eduroam,34,627.999443769455,B2-01,0,5
1809,54:F0:B1:BC:1B:D2,,45,627.999443769455,B2-01,0,5
1810,54:F0:B1:BC:2E:90,eduroam,57,627.999443769455,B2-01,0,5
1811,54:F0:B1:BC:2E:91,PoliSemFio,57,627.999443769455,B2-01,0,5
1812,54:F0:B1:BC:2E:92,,57,627.999443769455,B2-01,0,5
1813,54:F0:B1:BC:2E:B0,eduroam,22,627.999443769455,B2-01,0,5
1814,54:F0:B1:BC:2E:B1,PoliSemFio,22,627.999443769455,B2-01,0,5
1815,54:F0:B1:BC:36:10,PoliSemFio,25,627.999443769455,B2-01,0,5
1816,54:F0:B1:BC:36:11,eduroam,29,627.999443769455,B2-01,0,5
1817,54:F0:B1:BC:36:12,,27,627.999443769455,B2-01,0,5
1818,54:F0:B1:BC:36:30,PoliSemFio,17,627.999443769455,B2-01,0,5
1819,54:F0:B1:BC:36:31,eduroam,15,627.999443769455,B2-01,0,5
1820,54:F0:B1:BC:36:32,,14,627.999443769455,B2-01,0,5
1821,54:F0:B1:BC:3F:10,eduroam,30,627.999443769455,B2-01,0,5
1822,54:F0:B1:BC:3F:11,PoliSemFio,27,627.999443769455,B2-01,0,5
1823,54:F0:B1:BC:3F:12,,27,627.999443769455,B2-01,0,5
1824,54:F0:B1:BC:65:B0,eduroam,24,627.999443769455,B2-01,0,5
1825,54:F0:B1:BC:65:B1,PoliSemFio,32,627.999443769455,B2-01,0,5
1826,54:F0:B1:BC:65:B2,,32,627.999443769455,B2-01,0,5
1827,54:F0:B1:BC:6B:52,,20,627.999443769455,B2-01,0,5
1828,54:F0:B1:BC:70:00,eduroam,32,627.999443769455,B2-01,0,5
1829,54:F0:B1:BC:70:01,PoliSemFio,32,627.999443769455,B2-01,0,5
1830,54:F0:B1:BC:70:02,,30,627.999443769455,B2-01,0,5
1831,54:F0:B1:BC:70:20,eduroam,15,627.999443769455,B2-01,0,5
1832,54:F0:B1:BC:70:21,PoliSemFio,14,627.999443769455,B2-01,0,5
1833,54:F0:B1:BC:76:C0,eduroam,24,627.999443769455,B2-01,0,5
1834,54:F0:B1:BC:76:C2,,20,627.999443769455,B2-01,0,5
1835,54:F0:B1:BC:77:80,eduroam,59,627.999443769455,B2-01,0,5
1836,54:F0:B1:BC:77:81,PoliSemFio,64,627.999443769455,B2-01,0,5
1837,54:F0:B1:BC:77:82,,64,627.999443769455,B2-01,0,5
1838,54:F0:B1:BC:77:A0,eduroam,47,627.999443769455,B2-01,0,5
1839,54:F0:B1:BC:77:A1,PoliSemFio,47,627.999443769455,B2-01,0,5
1840,54:F0:B1:BC:77:A2,,57,627.999443769455,B2-01,0,5
1841,54:F0:B1:BC:7C:90,eduroam,20,627.999443769455,B2-01,0,5
1842,54:F0:B1:BC:7C:91,PoliSemFio,25,627.999443769455,B2-01,0,5
1843,54:F0:B1:BC:7C:92,,25,627.999443769455,B2-01,0,5
1844,54:F0:B1:BC:7C:B0,eduroam,17,627.999443769455,B2-01,0,5
1845,54:F0:B1:BC:7C:B1,PoliSemFio,17,627.999443769455,B2-01,0,5
1846,54:F0:B1:BC:8F:20,eduroam,37,627.999443769455,B2-01,0,5
1847,54:F0:B1:BC:8F:21,PoliSemFio,35,627.999443769455,B2-01,0,5
1848,54:F0:B1:BC:8F:22,,35,627.999443769455,B2-01,0,5
1849,68:FF:7B:47:78:BD,C1-22M-5G,24,627.999443769455,B2-01,0,5
1850,68:FF:7B:47:78:BE,C1-22M,50,627.999443769455,B2-01,0,5
1851,70:62:B8:6E:72:A0,PCS-wireless-C1-13,44,627.999443769455,B2-01,0,5
1852,70:62:B8:6E:72:A1,PPGEE,44,627.999443769455,B2-01,0,5
1853,70:62:B8:6E:72:A2,PCS-wireless-C1-13-5GHz,12,627.999443769455,B2-01,0,5
1854,70:62:B8:6E:72:A3,PPGEE-5GHz,9,627.999443769455,B2-01,0,5
1855,84:D4:7E:06:4F:E0,eduroam,60,627.999443769455,B2-01,0,5
1856,84:D4:7E:06:4F:E1,PoliSemFio,64,627.999443769455,B2-01,0,5
1857,84:D4:7E:06:4F:E2,,55,627.999443769455,B2-01,0,5
1858,84:D4:7E:06:4F:F0,eduroam,37,627.999443769455,B2-01,0,5
1859,84:D4:7E:06:4F:F1,PoliSemFio,37,627.999443769455,B2-01,0,5
1860,84:D4:7E:06:4F:F2,,35,627.999443769455,B2-01,0,5
1861,B0:4E:26:4B:84:C2,C2-01,24,627.999443769455,B2-01,0,5
1862,B6:4E:26:4B:84:C2,C2-01-Guest,25,627.999443769455,B2-01,0,5
1863,C4:6E:1F:AF:1B:AA,LPROT_Devices,25,627.999443769455,B2-01,0,5
1864,C8:D7:19:D4:36:7E,lcs,15,627.999443769455,B2-01,0,5
1865,DC:9F:DB:1C:1F:E0,LWN-3,25,627.999443769455,B2-01,0,5
1866,EE:9F:DB:1C:1F:E0,,32,627.999443769455,B2-01,0,5
1867,F8:1A:67:99:55:8E,NUCLEAR_CHF,30,627.999443769455,B2-01,0,5
1868,FE:9F:DB:1C:1F:E0,,32,627.999443769455,B2-01,0,5
1869,00:18:E7:FF:8C:98,dlink,22,630.6361799240112,B2-01,0,5
1870,00:18:E7:FF:8C:9A,dlink_media,10,630.6361799240112,B2-01,0,5
1871,00:21:91:70:9D:EC,LAB-DIDATICO,30,630.6361799240112,B2-01,0,5
1872,2A:56:5A:49:06:54,DIRECT-54-HP M132f LaserJet,15,630.6361799240112,B2-01,0,5
1873,30:85:A9:69:F2:E4,PCS-Wireless-C2-22,34,630.6361799240112,B2-01,0,5
1874,30:DE:4B:EC:E2:FE,cafofinho,27,630.6361799240112,B2-01,0,5
1875,34:60:F9:A3:D9:13,GASWIFI-5G_C2,25,630.6361799240112,B2-01,0,5
1876,34:60:F9:A3:D9:14,GASWIFI-2G_C2,29,630.6361799240112,B2-01,0,5
1877,34:60:F9:A3:E7:3F,GASWIFI_C4,34,630.6361799240112,B2-01,0,5
1878,34:CE:00:51:3E:6F,Lab,52,630.6361799240112,B2-01,0,5
1879,34:CE:00:51:3E:70,Lab_5G,10,630.6361799240112,B2-01,0,5
1880,3A:60:F9:A3:D9:13,,25,630.6361799240112,B2-01,0,5
1881,48:00:20:34:D2:40,eduroam,35,630.6361799240112,B2-01,0,5
1882,54:B8:0A:AA:2C:8C,LAB_DIGITAL,55,630.6361799240112,B2-01,0,5
1883,54:B8:0A:AA:2C:8D,PCS-Wireless,34,630.6361799240112,B2-01,0,5
1884,54:B8:0A:AA:2C:8E,LAB_DIGITAL-5GHz,12,630.6361799240112,B2-01,0,5
1885,54:B8:0A:AA:2C:8F,PCS-Wireless-5GHz,10,630.6361799240112,B2-01,0,5
1886,54:F0:B1:A1:18:C0,eduroam,30,630.6361799240112,B2-01,0,5
1887,54:F0:B1:A1:18:C1,PoliSemFio,42,630.6361799240112,B2-01,0,5
1888,54:F0:B1:A1:18:C3,MEZANINO,32,630.6361799240112,B2-01,0,5
1889,54:F0:B1:A1:18:C4,GDLAB,44,630.6361799240112,B2-01,0,5
1890,54:F0:B1:A1:18:C5,LABPAD,42,630.6361799240112,B2-01,0,5
1891,54:F0:B1:A1:18:D0,eduroam,50,630.6361799240112,B2-01,0,5
1892,54:F0:B1:A1:18:D1,PoliSemFio,49,630.6361799240112,B2-01,0,5
1893,54:F0:B1:A1:18:D2,,49,630.6361799240112,B2-01,0,5
1894,54:F0:B1:A1:18:D3,MEZANINO,45,630.6361799240112,B2-01,0,5
1895,54:F0:B1:A1:18:D4,GDLAB,49,630.6361799240112,B2-01,0,5
1896,54:F0:B1:A1:18:D5,LABPAD,50,630.6361799240112,B2-01,0,5
1897,54:F0:B1:A1:57:F0,eduroam,15,630.6361799240112,B2-01,0,5
1898,54:F0:B1:A1:57:F1,PoliSemFio,19,630.6361799240112,B2-01,0,5
1899,54:F0:B1:A1:57:F2,,15,630.6361799240112,B2-01,0,5
1900,54:F0:B1:A1:58:00,eduroam,29,630.6361799240112,B2-01,0,5
1901,54:F0:B1:A1:58:01,PoliSemFio,34,630.6361799240112,B2-01,0,5
1902,54:F0:B1:A1:E4:F0,eduroam,15,630.6361799240112,B2-01,0,5
1903,54:F0:B1:A1:E4:F1,PoliSemFio,14,630.6361799240112,B2-01,0,5
1904,54:F0:B1:A1:E5:00,eduroam,25,630.6361799240112,B2-01,0,5
1905,54:F0:B1:A1:E5:01,PoliSemFio,45,630.6361799240112,B2-01,0,5
1906,54:F0:B1:A1:E5:02,,45,630.6361799240112,B2-01,0,5
1907,54:F0:B1:A2:37:E0,eduroam,27,630.6361799240112,B2-01,0,5
1908,54:F0:B1:A2:37:E1,PoliSemFio,27,630.6361799240112,B2-01,0,5
1909,54:F0:B1:A2:37:E2,,25,630.6361799240112,B2-01,0,5
1910,54:F0:B1:A2:57:20,eduroam,20,630.6361799240112,B2-01,0,5
1911,54:F0:B1:A2:57:21,PoliSemFio,20,630.6361799240112,B2-01,0,5
1912,54:F0:B1:A2:57:22,,19,630.6361799240112,B2-01,0,5
1913,54:F0:B1:A2:57:23,LCA,19,630.6361799240112,B2-01,0,5
1914,54:F0:B1:A2:57:30,eduroam,29,630.6361799240112,B2-01,0,5
1915,54:F0:B1:A2:57:31,PoliSemFio,29,630.6361799240112,B2-01,0,5
1916,54:F0:B1:A2:57:32,,39,630.6361799240112,B2-01,0,5
1917,54:F0:B1:A2:57:33,LCA,27,630.6361799240112,B2-01,0,5
1918,54:F0:B1:BB:58:A0,eduroam,12,630.6361799240112,B2-01,0,5
1919,54:F0:B1:BB:58:C3,CAEEL,9,630.6361799240112,B2-01,0,5
1920,54:F0:B1:BB:63:80,LTE,12,630.6361799240112,B2-01,0,5
1921,54:F0:B1:BB:84:B2,,35,630.6361799240112,B2-01,0,5
1922,54:F0:B1:BB:84:D0,eduroam,14,630.6361799240112,B2-01,0,5
1923,54:F0:B1:BB:84:D1,PoliSemFio,14,630.6361799240112,B2-01,0,5
1924,54:F0:B1:BB:92:C2,,34,630.6361799240112,B2-01,0,5
1925,54:F0:B1:BB:BE:12,,25,630.6361799240112,B2-01,0,5
1926,54:F0:B1:BB:BE:13,CAEEL,15,630.6361799240112,B2-01,0,5
1927,54:F0:B1:BB:C4:D0,eduroam,44,630.6361799240112,B2-01,0,5
1928,54:F0:B1:BB:C4:D1,PoliSemFio,42,630.6361799240112,B2-01,0,5
1929,54:F0:B1:BB:C4:D2,,49,630.6361799240112,B2-01,0,5
1930,54:F0:B1:BB:C4:F0,eduroam,35,630.6361799240112,B2-01,0,5
1931,54:F0:B1:BB:C4:F1,PoliSemFio,35,630.6361799240112,B2-01,0,5
1932,54:F0:B1:BB:C5:C0,eduroam,19,630.6361799240112,B2-01,0,5
1933,54:F0:B1:BB:C5:C2,,24,630.6361799240112,B2-01,0,5
1934,54:F0:B1:BB:C5:C3,MEZANINO,35,630.6361799240112,B2-01,0,5
1935,54:F0:B1:BB:C5:C4,GDLAB,22,630.6361799240112,B2-01,0,5
1936,54:F0:B1:BB:FD:D0,eduroam,27,630.6361799240112,B2-01,0,5
1937,54:F0:B1:BB:FD:D1,PoliSemFio,30,630.6361799240112,B2-01,0,5
1938,54:F0:B1:BB:FD:D2,,29,630.6361799240112,B2-01,0,5
1939,54:F0:B1:BC:09:40,eduroam,90,630.6361799240112,B2-01,0,5
1940,54:F0:B1:BC:09:41,PoliSemFio,77,630.6361799240112,B2-01,0,5
1941,54:F0:B1:BC:09:42,,77,630.6361799240112,B2-01,0,5
1942,54:F0:B1:BC:09:60,eduroam,69,630.6361799240112,B2-01,0,5
1943,54:F0:B1:BC:09:61,PoliSemFio,69,630.6361799240112,B2-01,0,5
1944,54:F0:B1:BC:1B:D0,eduroam,34,630.6361799240112,B2-01,0,5
1945,54:F0:B1:BC:1B:D2,,45,630.6361799240112,B2-01,0,5
1946,54:F0:B1:BC:2E:90,eduroam,79,630.6361799240112,B2-01,0,5
1947,54:F0:B1:BC:2E:91,PoliSemFio,72,630.6361799240112,B2-01,0,5
1948,54:F0:B1:BC:2E:92,,72,630.6361799240112,B2-01,0,5
1949,54:F0:B1:BC:2E:B0,eduroam,22,630.6361799240112,B2-01,0,5
1950,54:F0:B1:BC:2E:B1,PoliSemFio,22,630.6361799240112,B2-01,0,5
1951,54:F0:B1:BC:36:10,PoliSemFio,25,630.6361799240112,B2-01,0,5
1952,54:F0:B1:BC:36:11,eduroam,20,630.6361799240112,B2-01,0,5
1953,54:F0:B1:BC:36:12,,29,630.6361799240112,B2-01,0,5
1954,54:F0:B1:BC:36:30,PoliSemFio,17,630.6361799240112,B2-01,0,5
1955,54:F0:B1:BC:36:31,eduroam,14,630.6361799240112,B2-01,0,5
1956,54:F0:B1:BC:36:32,,14,630.6361799240112,B2-01,0,5
1957,54:F0:B1:BC:3F:10,eduroam,30,630.6361799240112,B2-01,0,5
1958,54:F0:B1:BC:3F:11,PoliSemFio,27,630.6361799240112,B2-01,0,5
1959,54:F0:B1:BC:3F:12,,27,630.6361799240112,B2-01,0,5
1960,54:F0:B1:BC:65:B0,eduroam,24,630.6361799240112,B2-01,0,5
1961,54:F0:B1:BC:65:B1,PoliSemFio,32,630.6361799240112,B2-01,0,5
1962,54:F0:B1:BC:65:B2,,32,630.6361799240112,B2-01,0,5
1963,54:F0:B1:BC:65:D0,eduroam,20,630.6361799240112,B2-01,0,5
1964,54:F0:B1:BC:65:D1,PoliSemFio,20,630.6361799240112,B2-01,0,5
1965,54:F0:B1:BC:65:D2,,19,630.6361799240112,B2-01,0,5
1966,54:F0:B1:BC:6B:52,,25,630.6361799240112,B2-01,0,5
1967,54:F0:B1:BC:6F:71,PoliSemFio,24,630.6361799240112,B2-01,0,5
1968,54:F0:B1:BC:70:00,eduroam,42,630.6361799240112,B2-01,0,5
1969,54:F0:B1:BC:70:01,PoliSemFio,39,630.6361799240112,B2-01,0,5
1970,54:F0:B1:BC:70:20,eduroam,20,630.6361799240112,B2-01,0,5
1971,54:F0:B1:BC:70:21,PoliSemFio,22,630.6361799240112,B2-01,0,5
1972,54:F0:B1:BC:76:C2,,20,630.6361799240112,B2-01,0,5
1973,54:F0:B1:BC:77:80,eduroam,50,630.6361799240112,B2-01,0,5
1974,54:F0:B1:BC:77:81,PoliSemFio,64,630.6361799240112,B2-01,0,5
1975,54:F0:B1:BC:77:82,,64,630.6361799240112,B2-01,0,5
1976,54:F0:B1:BC:77:A0,eduroam,37,630.6361799240112,B2-01,0,5
1977,54:F0:B1:BC:77:A1,PoliSemFio,35,630.6361799240112,B2-01,0,5
1978,54:F0:B1:BC:77:A2,,35,630.6361799240112,B2-01,0,5
1979,54:F0:B1:BC:7C:90,eduroam,20,630.6361799240112,B2-01,0,5
1980,54:F0:B1:BC:7C:91,PoliSemFio,25,630.6361799240112,B2-01,0,5
1981,54:F0:B1:BC:7C:92,,25,630.6361799240112,B2-01,0,5
1982,54:F0:B1:BC:7C:B0,eduroam,25,630.6361799240112,B2-01,0,5
1983,54:F0:B1:BC:7C:B1,PoliSemFio,25,630.6361799240112,B2-01,0,5
1984,54:F0:B1:BC:8F:20,eduroam,24,630.6361799240112,B2-01,0,5
1985,54:F0:B1:BC:8F:21,PoliSemFio,35,630.6361799240112,B2-01,0,5
1986,54:F0:B1:BC:8F:22,,35,630.6361799240112,B2-01,0,5
1987,68:FF:7B:47:78:BD,C1-22M-5G,19,630.6361799240112,B2-01,0,5
1988,68:FF:7B:47:78:BE,C1-22M,42,630.6361799240112,B2-01,0,5
1989,70:62:B8:6E:72:A0,PCS-wireless-C1-13,59,630.6361799240112,B2-01,0,5
1990,70:62:B8:6E:72:A1,PPGEE,60,630.6361799240112,B2-01,0,5
1991,70:62:B8:6E:72:A2,PCS-wireless-C1-13-5GHz,12,630.6361799240112,B2-01,0,5
1992,70:62:B8:6E:72:A3,PPGEE-5GHz,9,630.6361799240112,B2-01,0,5
1993,84:D4:7E:06:4F:E0,eduroam,60,630.6361799240112,B2-01,0,5
1994,84:D4:7E:06:4F:E1,PoliSemFio,64,630.6361799240112,B2-01,0,5
1995,84:D4:7E:06:4F:E2,,55,630.6361799240112,B2-01,0,5
1996,84:D4:7E:06:4F:F0,eduroam,35,630.6361799240112,B2-01,0,5
1997,84:D4:7E:06:4F:F1,PoliSemFio,35,630.6361799240112,B2-01,0,5
1998,84:D4:7E:06:4F:F2,,35,630.6361799240112,B2-01,0,5
1999,B0:4E:26:4B:84:C2,C2-01,24,630.6361799240112,B2-01,0,5
2000,C4:6E:1F:AF:1B:AA,LPROT_Devices,25,630.6361799240112,B2-01,0,5
2001,C8:D7:19:D4:36:7E,lcs,15,630.6361799240112,B2-01,0,5
2002,DC:9F:DB:1C:1F:E0,LWN-3,25,630.6361799240112,B2-01,0,5
2003,DE:9F:DB:1C:1F:E0,LARC Guest,34,630.6361799240112,B2-01,0,5
2004,EE:9F:DB:1C:1F:D7,,19,630.6361799240112,B2-01,0,5
2005,EE:9F:DB:1C:1F:E0,,32,630.6361799240112,B2-01,0,5
2006,F8:1A:67:99:55:8E,NUCLEAR_CHF,35,630.6361799240112,B2-01,0,5
2007,FE:9F:DB:1C:1F:E0,,30,630.6361799240112,B2-01,0,5
2008,00:18:E7:FF:8C:98,dlink,22,633.2675037384033,B2-01,0,5
2009,00:18:E7:FF:8C:9A,dlink_media,10,633.2675037384033,B2-01,0,5
2010,00:21:91:70:9D:EC,LAB-DIDATICO,30,633.2675037384033,B2-01,0,5
2011,2A:56:5A:49:06:54,DIRECT-54-HP M132f LaserJet,15,633.2675037384033,B2-01,0,5
2012,30:85:A9:69:F2:E4,PCS-Wireless-C2-22,34,633.2675037384033,B2-01,0,5
2013,30:DE:4B:EC:E2:FE,cafofinho,27,633.2675037384033,B2-01,0,5
2014,34:60:F9:A3:D9:13,GASWIFI-5G_C2,25,633.2675037384033,B2-01,0,5
2015,34:60:F9:A3:D9:14,GASWIFI-2G_C2,29,633.2675037384033,B2-01,0,5
2016,34:60:F9:A3:E7:3F,GASWIFI_C4,34,633.2675037384033,B2-01,0,5
2017,34:CE:00:51:3E:6F,Lab,52,633.2675037384033,B2-01,0,5
2018,34:CE:00:51:3E:70,Lab_5G,10,633.2675037384033,B2-01,0,5
2019,3A:60:F9:A3:D9:13,,25,633.2675037384033,B2-01,0,5
2020,48:00:20:34:D2:40,eduroam,35,633.2675037384033,B2-01,0,5
2021,54:B8:0A:AA:2C:8C,LAB_DIGITAL,55,633.2675037384033,B2-01,0,5
2022,54:B8:0A:AA:2C:8D,PCS-Wireless,34,633.2675037384033,B2-01,0,5
2023,54:B8:0A:AA:2C:8E,LAB_DIGITAL-5GHz,12,633.2675037384033,B2-01,0,5
2024,54:B8:0A:AA:2C:8F,PCS-Wireless-5GHz,10,633.2675037384033,B2-01,0,5
2025,54:F0:B1:A1:18:C0,eduroam,30,633.2675037384033,B2-01,0,5
2026,54:F0:B1:A1:18:C1,PoliSemFio,42,633.2675037384033,B2-01,0,5
2027,54:F0:B1:A1:18:C3,MEZANINO,32,633.2675037384033,B2-01,0,5
2028,54:F0:B1:A1:18:C4,GDLAB,44,633.2675037384033,B2-01,0,5
2029,54:F0:B1:A1:18:C5,LABPAD,42,633.2675037384033,B2-01,0,5
2030,54:F0:B1:A1:18:D0,eduroam,50,633.2675037384033,B2-01,0,5
2031,54:F0:B1:A1:18:D1,PoliSemFio,49,633.2675037384033,B2-01,0,5
2032,54:F0:B1:A1:18:D2,,49,633.2675037384033,B2-01,0,5
2033,54:F0:B1:A1:18:D3,MEZANINO,45,633.2675037384033,B2-01,0,5
2034,54:F0:B1:A1:18:D4,GDLAB,49,633.2675037384033,B2-01,0,5
2035,54:F0:B1:A1:18:D5,LABPAD,50,633.2675037384033,B2-01,0,5
2036,54:F0:B1:A1:57:F0,eduroam,15,633.2675037384033,B2-01,0,5
2037,54:F0:B1:A1:57:F1,PoliSemFio,19,633.2675037384033,B2-01,0,5
2038,54:F0:B1:A1:57:F2,,15,633.2675037384033,B2-01,0,5
2039,54:F0:B1:A1:58:00,eduroam,29,633.2675037384033,B2-01,0,5
2040,54:F0:B1:A1:58:01,PoliSemFio,34,633.2675037384033,B2-01,0,5
2041,54:F0:B1:A1:E4:F0,eduroam,15,633.2675037384033,B2-01,0,5
2042,54:F0:B1:A1:E4:F1,PoliSemFio,14,633.2675037384033,B2-01,0,5
2043,54:F0:B1:A1:E5:00,eduroam,25,633.2675037384033,B2-01,0,5
2044,54:F0:B1:A1:E5:01,PoliSemFio,45,633.2675037384033,B2-01,0,5
2045,54:F0:B1:A1:E5:02,,45,633.2675037384033,B2-01,0,5
2046,54:F0:B1:A2:37:E0,eduroam,27,633.2675037384033,B2-01,0,5
2047,54:F0:B1:A2:37:E1,PoliSemFio,27,633.2675037384033,B2-01,0,5
2048,54:F0:B1:A2:37:E2,,25,633.2675037384033,B2-01,0,5
2049,54:F0:B1:A2:57:20,eduroam,20,633.2675037384033,B2-01,0,5
2050,54:F0:B1:A2:57:21,PoliSemFio,20,633.2675037384033,B2-01,0,5
2051,54:F0:B1:A2:57:22,,19,633.2675037384033,B2-01,0,5
2052,54:F0:B1:A2:57:23,LCA,19,633.2675037384033,B2-01,0,5
2053,54:F0:B1:A2:57:30,eduroam,29,633.2675037384033,B2-01,0,5
2054,54:F0:B1:A2:57:31,PoliSemFio,29,633.2675037384033,B2-01,0,5
2055,54:F0:B1:A2:57:32,,39,633.2675037384033,B2-01,0,5
2056,54:F0:B1:A2:57:33,LCA,27,633.2675037384033,B2-01,0,5
2057,54:F0:B1:BB:58:A0,eduroam,12,633.2675037384033,B2-01,0,5
2058,54:F0:B1:BB:58:C3,CAEEL,9,633.2675037384033,B2-01,0,5
2059,54:F0:B1:BB:63:80,LTE,12,633.2675037384033,B2-01,0,5
2060,54:F0:B1:BB:84:B2,,35,633.2675037384033,B2-01,0,5
2061,54:F0:B1:BB:84:D0,eduroam,14,633.2675037384033,B2-01,0,5
2062,54:F0:B1:BB:84:D1,PoliSemFio,14,633.2675037384033,B2-01,0,5
2063,54:F0:B1:BB:92:C2,,34,633.2675037384033,B2-01,0,5
2064,54:F0:B1:BB:BE:12,,25,633.2675037384033,B2-01,0,5
2065,54:F0:B1:BB:BE:13,CAEEL,15,633.2675037384033,B2-01,0,5
2066,54:F0:B1:BB:C4:D0,eduroam,44,633.2675037384033,B2-01,0,5
2067,54:F0:B1:BB:C4:D1,PoliSemFio,42,633.2675037384033,B2-01,0,5
2068,54:F0:B1:BB:C4:D2,,49,633.2675037384033,B2-01,0,5
2069,54:F0:B1:BB:C4:F0,eduroam,35,633.2675037384033,B2-01,0,5
2070,54:F0:B1:BB:C4:F1,PoliSemFio,35,633.2675037384033,B2-01,0,5
2071,54:F0:B1:BB:C5:C0,eduroam,19,633.2675037384033,B2-01,0,5
2072,54:F0:B1:BB:C5:C2,,24,633.2675037384033,B2-01,0,5
2073,54:F0:B1:BB:C5:C3,MEZANINO,35,633.2675037384033,B2-01,0,5
2074,54:F0:B1:BB:C5:C4,GDLAB,22,633.2675037384033,B2-01,0,5
2075,54:F0:B1:BB:FD:D0,eduroam,27,633.2675037384033,B2-01,0,5
2076,54:F0:B1:BB:FD:D1,PoliSemFio,30,633.2675037384033,B2-01,0,5
2077,54:F0:B1:BB:FD:D2,,29,633.2675037384033,B2-01,0,5
2078,54:F0:B1:BC:09:40,eduroam,90,633.2675037384033,B2-01,0,5
2079,54:F0:B1:BC:09:41,PoliSemFio,77,633.2675037384033,B2-01,0,5
2080,54:F0:B1:BC:09:42,,77,633.2675037384033,B2-01,0,5
2081,54:F0:B1:BC:09:60,eduroam,52,633.2675037384033,B2-01,0,5
2082,54:F0:B1:BC:09:61,PoliSemFio,69,633.2675037384033,B2-01,0,5
2083,54:F0:B1:BC:1B:D0,eduroam,34,633.2675037384033,B2-01,0,5
2084,54:F0:B1:BC:1B:D2,,45,633.2675037384033,B2-01,0,5
2085,54:F0:B1:BC:2E:90,eduroam,79,633.2675037384033,B2-01,0,5
2086,54:F0:B1:BC:2E:91,PoliSemFio,72,633.2675037384033,B2-01,0,5
2087,54:F0:B1:BC:2E:92,,72,633.2675037384033,B2-01,0,5
2088,54:F0:B1:BC:2E:B0,eduroam,22,633.2675037384033,B2-01,0,5
2089,54:F0:B1:BC:2E:B1,PoliSemFio,22,633.2675037384033,B2-01,0,5
2090,54:F0:B1:BC:36:10,PoliSemFio,25,633.2675037384033,B2-01,0,5
2091,54:F0:B1:BC:36:11,eduroam,20,633.2675037384033,B2-01,0,5
2092,54:F0:B1:BC:36:12,,29,633.2675037384033,B2-01,0,5
2093,54:F0:B1:BC:36:30,PoliSemFio,17,633.2675037384033,B2-01,0,5
2094,54:F0:B1:BC:36:31,eduroam,14,633.2675037384033,B2-01,0,5
2095,54:F0:B1:BC:36:32,,14,633.2675037384033,B2-01,0,5
2096,54:F0:B1:BC:3F:10,eduroam,30,633.2675037384033,B2-01,0,5
2097,54:F0:B1:BC:3F:11,PoliSemFio,27,633.2675037384033,B2-01,0,5
2098,54:F0:B1:BC:3F:12,,27,633.2675037384033,B2-01,0,5
2099,54:F0:B1:BC:65:B0,eduroam,24,633.2675037384033,B2-01,0,5
2100,54:F0:B1:BC:65:B1,PoliSemFio,32,633.2675037384033,B2-01,0,5
2101,54:F0:B1:BC:65:B2,,32,633.2675037384033,B2-01,0,5
2102,54:F0:B1:BC:65:D0,eduroam,20,633.2675037384033,B2-01,0,5
2103,54:F0:B1:BC:65:D1,PoliSemFio,20,633.2675037384033,B2-01,0,5
2104,54:F0:B1:BC:65:D2,,19,633.2675037384033,B2-01,0,5
2105,54:F0:B1:BC:6B:52,,25,633.2675037384033,B2-01,0,5
2106,54:F0:B1:BC:6F:71,PoliSemFio,24,633.2675037384033,B2-01,0,5
2107,54:F0:B1:BC:70:00,eduroam,42,633.2675037384033,B2-01,0,5
2108,54:F0:B1:BC:70:01,PoliSemFio,39,633.2675037384033,B2-01,0,5
2109,54:F0:B1:BC:70:20,eduroam,20,633.2675037384033,B2-01,0,5
2110,54:F0:B1:BC:70:21,PoliSemFio,22,633.2675037384033,B2-01,0,5
2111,54:F0:B1:BC:76:C2,,20,633.2675037384033,B2-01,0,5
2112,54:F0:B1:BC:77:80,eduroam,50,633.2675037384033,B2-01,0,5
2113,54:F0:B1:BC:77:81,PoliSemFio,64,633.2675037384033,B2-01,0,5
2114,54:F0:B1:BC:77:82,,64,633.2675037384033,B2-01,0,5
2115,54:F0:B1:BC:77:A0,eduroam,37,633.2675037384033,B2-01,0,5
2116,54:F0:B1:BC:77:A1,PoliSemFio,35,633.2675037384033,B2-01,0,5
2117,54:F0:B1:BC:77:A2,,35,633.2675037384033,B2-01,0,5
2118,54:F0:B1:BC:7C:90,eduroam,20,633.2675037384033,B2-01,0,5
2119,54:F0:B1:BC:7C:91,PoliSemFio,25,633.2675037384033,B2-01,0,5
2120,54:F0:B1:BC:7C:92,,25,633.2675037384033,B2-01,0,5
2121,54:F0:B1:BC:7C:B0,eduroam,25,633.2675037384033,B2-01,0,5
2122,54:F0:B1:BC:7C:B1,PoliSemFio,25,633.2675037384033,B2-01,0,5
2123,54:F0:B1:BC:8F:20,eduroam,24,633.2675037384033,B2-01,0,5
2124,54:F0:B1:BC:8F:21,PoliSemFio,35,633.2675037384033,B2-01,0,5
2125,54:F0:B1:BC:8F:22,,35,633.2675037384033,B2-01,0,5
2126,68:FF:7B:47:78:BD,C1-22M-5G,19,633.2675037384033,B2-01,0,5
2127,68:FF:7B:47:78:BE,C1-22M,42,633.2675037384033,B2-01,0,5
2128,70:62:B8:6E:72:A0,PCS-wireless-C1-13,59,633.2675037384033,B2-01,0,5
2129,70:62:B8:6E:72:A1,PPGEE,60,633.2675037384033,B2-01,0,5
2130,70:62:B8:6E:72:A2,PCS-wireless-C1-13-5GHz,12,633.2675037384033,B2-01,0,5
2131,70:62:B8:6E:72:A3,PPGEE-5GHz,9,633.2675037384033,B2-01,0,5
2132,84:D4:7E:06:4F:E0,eduroam,60,633.2675037384033,B2-01,0,5
2133,84:D4:7E:06:4F:E1,PoliSemFio,64,633.2675037384033,B2-01,0,5
2134,84:D4:7E:06:4F:E2,,55,633.2675037384033,B2-01,0,5
2135,84:D4:7E:06:4F:F0,eduroam,35,633.2675037384033,B2-01,0,5
2136,84:D4:7E:06:4F:F1,PoliSemFio,35,633.2675037384033,B2-01,0,5
2137,84:D4:7E:06:4F:F2,,35,633.2675037384033,B2-01,0,5
2138,B0:4E:26:4B:84:C2,C2-01,24,633.2675037384033,B2-01,0,5
2139,C4:6E:1F:AF:1B:AA,LPROT_Devices,25,633.2675037384033,B2-01,0,5
2140,C8:D7:19:D4:36:7E,lcs,15,633.2675037384033,B2-01,0,5
2141,DC:9F:DB:1C:1F:E0,LWN-3,25,633.2675037384033,B2-01,0,5
2142,DE:9F:DB:1C:1F:E0,LARC Guest,34,633.2675037384033,B2-01,0,5
2143,EE:9F:DB:1C:1F:D7,,19,633.2675037384033,B2-01,0,5
2144,EE:9F:DB:1C:1F:E0,,32,633.2675037384033,B2-01,0,5
2145,F8:1A:67:99:55:8E,NUCLEAR_CHF,35,633.2675037384033,B2-01,0,5
2146,FE:9F:DB:1C:1F:E0,,30,633.2675037384033,B2-01,0,5
2147,00:18:E7:FF:8C:98,dlink,22,639.5806403160095,B2-01,0,5
2148,00:18:E7:FF:8C:9A,dlink_media,10,639.5806403160095,B2-01,0,5
2149,00:21:91:70:9D:EC,LAB-DIDATICO,30,639.5806403160095,B2-01,0,5
2150,2A:56:5A:49:06:54,DIRECT-54-HP M132f LaserJet,15,639.5806403160095,B2-01,0,5
2151,30:85:A9:69:F2:E4,PCS-Wireless-C2-22,34,639.5806403160095,B2-01,0,5
2152,30:DE:4B:EC:E2:FE,cafofinho,27,639.5806403160095,B2-01,0,5
2153,34:60:F9:A3:D9:13,GASWIFI-5G_C2,25,639.5806403160095,B2-01,0,5
2154,34:60:F9:A3:D9:14,GASWIFI-2G_C2,34,639.5806403160095,B2-01,0,5
2155,34:60:F9:A3:E7:3F,GASWIFI_C4,34,639.5806403160095,B2-01,0,5
2156,34:CE:00:51:3E:6F,Lab,44,639.5806403160095,B2-01,0,5
2157,34:CE:00:51:3E:70,Lab_5G,7,639.5806403160095,B2-01,0,5
2158,3A:60:F9:A3:D9:13,,25,639.5806403160095,B2-01,0,5
2159,3A:60:F9:A3:D9:14,,30,639.5806403160095,B2-01,0,5
2160,48:00:20:34:D2:40,eduroam,35,639.5806403160095,B2-01,0,5
2161,54:B8:0A:AA:2C:8C,LAB_DIGITAL,55,639.5806403160095,B2-01,0,5
2162,54:B8:0A:AA:2C:8D,PCS-Wireless,12,639.5806403160095,B2-01,0,5
2163,54:B8:0A:AA:2C:8E,LAB_DIGITAL-5GHz,12,639.5806403160095,B2-01,0,5
2164,54:B8:0A:AA:2C:8F,PCS-Wireless-5GHz,10,639.5806403160095,B2-01,0,5
2165,54:F0:B1:A1:18:C0,eduroam,27,639.5806403160095,B2-01,0,5
2166,54:F0:B1:A1:18:C1,PoliSemFio,25,639.5806403160095,B2-01,0,5
2167,54:F0:B1:A1:18:C3,MEZANINO,25,639.5806403160095,B2-01,0,5
2168,54:F0:B1:A1:18:C4,GDLAB,27,639.5806403160095,B2-01,0,5
2169,54:F0:B1:A1:18:C5,LABPAD,27,639.5806403160095,B2-01,0,5
2170,54:F0:B1:A1:18:D0,eduroam,50,639.5806403160095,B2-01,0,5
2171,54:F0:B1:A1:18:D1,PoliSemFio,45,639.5806403160095,B2-01,0,5
2172,54:F0:B1:A1:18:D2,,49,639.5806403160095,B2-01,0,5
2173,54:F0:B1:A1:18:D3,MEZANINO,45,639.5806403160095,B2-01,0,5
2174,54:F0:B1:A1:18:D4,GDLAB,49,639.5806403160095,B2-01,0,5
2175,54:F0:B1:A1:18:D5,LABPAD,47,639.5806403160095,B2-01,0,5
2176,54:F0:B1:A1:57:F0,eduroam,15,639.5806403160095,B2-01,0,5
2177,54:F0:B1:A1:57:F1,PoliSemFio,19,639.5806403160095,B2-01,0,5
2178,54:F0:B1:A1:57:F2,,15,639.5806403160095,B2-01,0,5
2179,54:F0:B1:A1:58:00,eduroam,24,639.5806403160095,B2-01,0,5
2180,54:F0:B1:A1:58:01,PoliSemFio,29,639.5806403160095,B2-01,0,5
2181,54:F0:B1:A1:E4:F0,eduroam,17,639.5806403160095,B2-01,0,5
2182,54:F0:B1:A1:E4:F1,PoliSemFio,17,639.5806403160095,B2-01,0,5
2183,54:F0:B1:A1:E5:00,eduroam,25,639.5806403160095,B2-01,0,5
2184,54:F0:B1:A1:E5:01,PoliSemFio,45,639.5806403160095,B2-01,0,5
2185,54:F0:B1:A1:E5:02,,45,639.5806403160095,B2-01,0,5
2186,54:F0:B1:A2:37:E0,eduroam,27,639.5806403160095,B2-01,0,5
2187,54:F0:B1:A2:37:E1,PoliSemFio,27,639.5806403160095,B2-01,0,5
2188,54:F0:B1:A2:37:E2,,25,639.5806403160095,B2-01,0,5
2189,54:F0:B1:A2:57:20,eduroam,15,639.5806403160095,B2-01,0,5
2190,54:F0:B1:A2:57:21,PoliSemFio,17,639.5806403160095,B2-01,0,5
2191,54:F0:B1:A2:57:22,,14,639.5806403160095,B2-01,0,5
2192,54:F0:B1:A2:57:23,LCA,15,639.5806403160095,B2-01,0,5
2193,54:F0:B1:A2:57:30,eduroam,29,639.5806403160095,B2-01,0,5
2194,54:F0:B1:A2:57:31,PoliSemFio,29,639.5806403160095,B2-01,0,5
2195,54:F0:B1:A2:57:32,,39,639.5806403160095,B2-01,0,5
2196,54:F0:B1:A2:57:33,LCA,27,639.5806403160095,B2-01,0,5
2197,54:F0:B1:BB:58:C3,CAEEL,9,639.5806403160095,B2-01,0,5
2198,54:F0:B1:BB:5A:82,HACKER,27,639.5806403160095,B2-01,0,5
2199,54:F0:B1:BB:5A:83,LEP,25,639.5806403160095,B2-01,0,5
2200,54:F0:B1:BB:80:C3,LABPROG,25,639.5806403160095,B2-01,0,5
2201,54:F0:B1:BB:84:B0,eduroam,25,639.5806403160095,B2-01,0,5
2202,54:F0:B1:BB:84:B2,,35,639.5806403160095,B2-01,0,5
2203,54:F0:B1:BB:84:D0,eduroam,14,639.5806403160095,B2-01,0,5
2204,54:F0:B1:BB:84:D1,PoliSemFio,14,639.5806403160095,B2-01,0,5
2205,54:F0:B1:BB:BE:12,,25,639.5806403160095,B2-01,0,5
2206,54:F0:B1:BB:BE:13,CAEEL,15,639.5806403160095,B2-01,0,5
2207,54:F0:B1:BB:C4:D0,eduroam,34,639.5806403160095,B2-01,0,5
2208,54:F0:B1:BB:C4:D1,PoliSemFio,42,639.5806403160095,B2-01,0,5
2209,54:F0:B1:BB:C4:D2,,49,639.5806403160095,B2-01,0,5
2210,54:F0:B1:BB:C4:F0,eduroam,24,639.5806403160095,B2-01,0,5
2211,54:F0:B1:BB:C4:F1,PoliSemFio,24,639.5806403160095,B2-01,0,5
2212,54:F0:B1:BB:C5:C0,eduroam,19,639.5806403160095,B2-01,0,5
2213,54:F0:B1:BB:C5:C2,,24,639.5806403160095,B2-01,0,5
2214,54:F0:B1:BB:C5:C4,GDLAB,22,639.5806403160095,B2-01,0,5
2215,54:F0:B1:BB:FD:D0,eduroam,22,639.5806403160095,B2-01,0,5
2216,54:F0:B1:BB:FD:D1,PoliSemFio,30,639.5806403160095,B2-01,0,5
2217,54:F0:B1:BB:FD:D2,,29,639.5806403160095,B2-01,0,5
2218,54:F0:B1:BC:09:40,eduroam,94,639.5806403160095,B2-01,0,5
2219,54:F0:B1:BC:09:41,PoliSemFio,90,639.5806403160095,B2-01,0,5
2220,54:F0:B1:BC:09:42,,90,639.5806403160095,B2-01,0,5
2221,54:F0:B1:BC:09:60,eduroam,74,639.5806403160095,B2-01,0,5
2222,54:F0:B1:BC:09:61,PoliSemFio,67,639.5806403160095,B2-01,0,5
2223,54:F0:B1:BC:1B:D1,PoliSemFio,40,639.5806403160095,B2-01,0,5
2224,54:F0:B1:BC:1B:D2,,45,639.5806403160095,B2-01,0,5
2225,54:F0:B1:BC:2E:90,eduroam,24,639.5806403160095,B2-01,0,5
2226,54:F0:B1:BC:2E:91,PoliSemFio,55,639.5806403160095,B2-01,0,5
2227,54:F0:B1:BC:2E:92,,72,639.5806403160095,B2-01,0,5
2228,54:F0:B1:BC:2E:B0,eduroam,25,639.5806403160095,B2-01,0,5
2229,54:F0:B1:BC:2E:B1,PoliSemFio,25,639.5806403160095,B2-01,0,5
2230,54:F0:B1:BC:36:11,eduroam,20,639.5806403160095,B2-01,0,5
2231,54:F0:B1:BC:36:12,,29,639.5806403160095,B2-01,0,5
2232,54:F0:B1:BC:36:30,PoliSemFio,17,639.5806403160095,B2-01,0,5
2233,54:F0:B1:BC:36:31,eduroam,14,639.5806403160095,B2-01,0,5
2234,54:F0:B1:BC:3F:10,eduroam,30,639.5806403160095,B2-01,0,5
2235,54:F0:B1:BC:3F:11,PoliSemFio,27,639.5806403160095,B2-01,0,5
2236,54:F0:B1:BC:3F:12,,27,639.5806403160095,B2-01,0,5
2237,54:F0:B1:BC:65:B0,eduroam,24,639.5806403160095,B2-01,0,5
2238,54:F0:B1:BC:65:B1,PoliSemFio,32,639.5806403160095,B2-01,0,5
2239,54:F0:B1:BC:65:B2,,32,639.5806403160095,B2-01,0,5
2240,54:F0:B1:BC:65:D0,eduroam,20,639.5806403160095,B2-01,0,5
2241,54:F0:B1:BC:65:D1,PoliSemFio,20,639.5806403160095,B2-01,0,5
2242,54:F0:B1:BC:65:D2,,20,639.5806403160095,B2-01,0,5
2243,54:F0:B1:BC:6B:52,,25,639.5806403160095,B2-01,0,5
2244,54:F0:B1:BC:6F:71,PoliSemFio,24,639.5806403160095,B2-01,0,5
2245,54:F0:B1:BC:70:00,eduroam,42,639.5806403160095,B2-01,0,5
2246,54:F0:B1:BC:70:01,PoliSemFio,39,639.5806403160095,B2-01,0,5
2247,54:F0:B1:BC:70:02,,30,639.5806403160095,B2-01,0,5
2248,54:F0:B1:BC:70:20,eduroam,20,639.5806403160095,B2-01,0,5
2249,54:F0:B1:BC:70:21,PoliSemFio,22,639.5806403160095,B2-01,0,5
2250,54:F0:B1:BC:76:C2,,20,639.5806403160095,B2-01,0,5
2251,54:F0:B1:BC:77:80,eduroam,50,639.5806403160095,B2-01,0,5
2252,54:F0:B1:BC:77:81,PoliSemFio,45,639.5806403160095,B2-01,0,5
2253,54:F0:B1:BC:77:82,,45,639.5806403160095,B2-01,0,5
2254,54:F0:B1:BC:77:A0,eduroam,37,639.5806403160095,B2-01,0,5
2255,54:F0:B1:BC:77:A1,PoliSemFio,37,639.5806403160095,B2-01,0,5
2256,54:F0:B1:BC:77:A2,,37,639.5806403160095,B2-01,0,5
2257,54:F0:B1:BC:7C:B0,eduroam,25,639.5806403160095,B2-01,0,5
2258,54:F0:B1:BC:7C:B1,PoliSemFio,25,639.5806403160095,B2-01,0,5
2259,54:F0:B1:BC:8F:20,eduroam,24,639.5806403160095,B2-01,0,5
2260,54:F0:B1:BC:8F:21,PoliSemFio,35,639.5806403160095,B2-01,0,5
2261,54:F0:B1:BC:8F:22,,35,639.5806403160095,B2-01,0,5
2262,68:FF:7B:47:78:BD,C1-22M-5G,20,639.5806403160095,B2-01,0,5
2263,68:FF:7B:47:78:BE,C1-22M,42,639.5806403160095,B2-01,0,5
2264,70:62:B8:6E:72:A0,PCS-wireless-C1-13,42,639.5806403160095,B2-01,0,5
2265,70:62:B8:6E:72:A1,PPGEE,42,639.5806403160095,B2-01,0,5
2266,70:62:B8:6E:72:A2,PCS-wireless-C1-13-5GHz,12,639.5806403160095,B2-01,0,5
2267,70:62:B8:6E:72:A3,PPGEE-5GHz,9,639.5806403160095,B2-01,0,5
2268,84:D4:7E:06:4F:E0,eduroam,17,639.5806403160095,B2-01,0,5
2269,84:D4:7E:06:4F:E1,PoliSemFio,64,639.5806403160095,B2-01,0,5
2270,84:D4:7E:06:4F:E2,,55,639.5806403160095,B2-01,0,5
2271,84:D4:7E:06:4F:F0,eduroam,40,639.5806403160095,B2-01,0,5
2272,84:D4:7E:06:4F:F1,PoliSemFio,39,639.5806403160095,B2-01,0,5
2273,84:D4:7E:06:4F:F2,,35,639.5806403160095,B2-01,0,5
2274,B0:4E:26:4B:84:C2,C2-01,24,639.5806403160095,B2-01,0,5
2275,C4:6E:1F:AF:1B:AA,LPROT_Devices,25,639.5806403160095,B2-01,0,5
2276,C8:D7:19:D4:36:7E,lcs,15,639.5806403160095,B2-01,0,5
2277,DC:9F:DB:1C:1F:E0,LWN-3,25,639.5806403160095,B2-01,0,5
2278,DE:9F:DB:1C:1F:E0,LARC Guest,34,639.5806403160095,B2-01,0,5
2279,EE:9F:DB:1C:1F:D7,,19,639.5806403160095,B2-01,0,5
2280,EE:9F:DB:1C:1F:E0,,32,639.5806403160095,B2-01,0,5
2281,F8:1A:67:99:55:8E,NUCLEAR_CHF,35,639.5806403160095,B2-01,0,5
2282,FE:9F:DB:1C:1F:E0,,30,639.5806403160095,B2-01,0,5
2283,00:18:E7:FF:8C:98,dlink,22,645.8843905925751,B2-01,0,5
2284,00:18:E7:FF:8C:9A,dlink_media,10,645.8843905925751,B2-01,0,5
2285,00:21:91:70:9D:EC,LAB-DIDATICO,35,645.8843905925751,B2-01,0,5
2286,02:E0:DB:48:81:EE,DIRECT-Te-Polycom Pano,25,645.8843905925751,B2-01,0,5
2287,04:A1:51:85:27:B3,LAHPC-Wifi_2.4GHz,17,645.8843905925751,B2-01,0,5
2288,2A:56:5A:49:06:54,DIRECT-54-HP M132f LaserJet,15,645.8843905925751,B2-01,0,5
2289,30:85:A9:69:F2:E4,PCS-Wireless-C2-22,34,645.8843905925751,B2-01,0,5
2290,34:60:F9:A3:D9:13,GASWIFI-5G_C2,25,645.8843905925751,B2-01,0,5
2291,34:60:F9:A3:D9:14,GASWIFI-2G_C2,30,645.8843905925751,B2-01,0,5
2292,34:60:F9:A3:E7:3F,GASWIFI_C4,34,645.8843905925751,B2-01,0,5
2293,34:CE:00:51:3E:6F,Lab,25,645.8843905925751,B2-01,0,5
2294,34:CE:00:51:3E:70,Lab_5G,14,645.8843905925751,B2-01,0,5
2295,3A:60:F9:A3:D9:13,,25,645.8843905925751,B2-01,0,5
2296,3A:60:F9:A3:D9:14,,30,645.8843905925751,B2-01,0,5
2297,48:00:20:34:D2:40,eduroam,34,645.8843905925751,B2-01,0,5
2298,54:B8:0A:AA:2C:8C,LAB_DIGITAL,47,645.8843905925751,B2-01,0,5
2299,54:B8:0A:AA:2C:8D,PCS-Wireless,47,645.8843905925751,B2-01,0,5
2300,54:B8:0A:AA:2C:8E,LAB_DIGITAL-5GHz,17,645.8843905925751,B2-01,0,5
2301,54:B8:0A:AA:2C:8F,PCS-Wireless-5GHz,17,645.8843905925751,B2-01,0,5
2302,54:F0:B1:A1:18:C0,eduroam,30,645.8843905925751,B2-01,0,5
2303,54:F0:B1:A1:18:C1,PoliSemFio,30,645.8843905925751,B2-01,0,5
2304,54:F0:B1:A1:18:C3,MEZANINO,30,645.8843905925751,B2-01,0,5
2305,54:F0:B1:A1:18:C4,GDLAB,29,645.8843905925751,B2-01,0,5
2306,54:F0:B1:A1:18:C5,LABPAD,30,645.8843905925751,B2-01,0,5
2307,54:F0:B1:A1:18:D0,eduroam,42,645.8843905925751,B2-01,0,5
2308,54:F0:B1:A1:18:D1,PoliSemFio,40,645.8843905925751,B2-01,0,5
2309,54:F0:B1:A1:18:D2,,40,645.8843905925751,B2-01,0,5
2310,54:F0:B1:A1:18:D3,MEZANINO,42,645.8843905925751,B2-01,0,5
2311,54:F0:B1:A1:18:D4,GDLAB,50,645.8843905925751,B2-01,0,5
2312,54:F0:B1:A1:18:D5,LABPAD,44,645.8843905925751,B2-01,0,5
2313,54:F0:B1:A1:57:F0,eduroam,14,645.8843905925751,B2-01,0,5
2314,54:F0:B1:A1:57:F1,PoliSemFio,10,645.8843905925751,B2-01,0,5
2315,54:F0:B1:A1:57:F2,,12,645.8843905925751,B2-01,0,5
2316,54:F0:B1:A1:58:00,eduroam,24,645.8843905925751,B2-01,0,5
2317,54:F0:B1:A1:58:01,PoliSemFio,29,645.8843905925751,B2-01,0,5
2318,54:F0:B1:A1:E4:F0,eduroam,15,645.8843905925751,B2-01,0,5
2319,54:F0:B1:A1:E4:F1,PoliSemFio,17,645.8843905925751,B2-01,0,5
2320,54:F0:B1:A1:E5:00,eduroam,25,645.8843905925751,B2-01,0,5
2321,54:F0:B1:A1:E5:01,PoliSemFio,45,645.8843905925751,B2-01,0,5
2322,54:F0:B1:A1:E5:02,,45,645.8843905925751,B2-01,0,5
2323,54:F0:B1:A2:37:E0,eduroam,35,645.8843905925751,B2-01,0,5
2324,54:F0:B1:A2:37:E1,PoliSemFio,30,645.8843905925751,B2-01,0,5
2325,54:F0:B1:A2:37:E2,,25,645.8843905925751,B2-01,0,5
2326,54:F0:B1:A2:57:20,eduroam,25,645.8843905925751,B2-01,0,5
2327,54:F0:B1:A2:57:21,PoliSemFio,25,645.8843905925751,B2-01,0,5
2328,54:F0:B1:A2:57:22,,24,645.8843905925751,B2-01,0,5
2329,54:F0:B1:A2:57:23,LCA,25,645.8843905925751,B2-01,0,5
2330,54:F0:B1:A2:57:30,eduroam,29,645.8843905925751,B2-01,0,5
2331,54:F0:B1:A2:57:31,PoliSemFio,29,645.8843905925751,B2-01,0,5
2332,54:F0:B1:A2:57:33,LCA,27,645.8843905925751,B2-01,0,5
2333,54:F0:B1:BB:58:C3,CAEEL,9,645.8843905925751,B2-01,0,5
2334,54:F0:B1:BB:5A:82,HACKER,22,645.8843905925751,B2-01,0,5
2335,54:F0:B1:BB:5A:83,LEP,25,645.8843905925751,B2-01,0,5
2336,54:F0:B1:BB:7E:E0,eduroam,17,645.8843905925751,B2-01,0,5
2337,54:F0:B1:BB:80:C3,LABPROG,27,645.8843905925751,B2-01,0,5
2338,54:F0:B1:BB:84:B0,eduroam,37,645.8843905925751,B2-01,0,5
2339,54:F0:B1:BB:84:B2,,35,645.8843905925751,B2-01,0,5
2340,54:F0:B1:BB:84:D0,eduroam,27,645.8843905925751,B2-01,0,5
2341,54:F0:B1:BB:84:D1,PoliSemFio,25,645.8843905925751,B2-01,0,5
2342,54:F0:B1:BB:92:E1,PoliSemFio,19,645.8843905925751,B2-01,0,5
2343,54:F0:B1:BB:BE:12,,17,645.8843905925751,B2-01,0,5
2344,54:F0:B1:BB:BE:13,CAEEL,12,645.8843905925751,B2-01,0,5
2345,54:F0:B1:BB:C4:D0,eduroam,34,645.8843905925751,B2-01,0,5
2346,54:F0:B1:BB:C4:D1,PoliSemFio,55,645.8843905925751,B2-01,0,5
2347,54:F0:B1:BB:C4:F0,eduroam,32,645.8843905925751,B2-01,0,5
2348,54:F0:B1:BB:C4:F1,PoliSemFio,32,645.8843905925751,B2-01,0,5
2349,54:F0:B1:BB:C5:C0,eduroam,29,645.8843905925751,B2-01,0,5
2350,54:F0:B1:BB:C5:C1,PoliSemFio,27,645.8843905925751,B2-01,0,5
2351,54:F0:B1:BB:C5:C2,,25,645.8843905925751,B2-01,0,5
2352,54:F0:B1:BB:C5:C3,MEZANINO,27,645.8843905925751,B2-01,0,5
2353,54:F0:B1:BB:C5:C4,GDLAB,22,645.8843905925751,B2-01,0,5
2354,54:F0:B1:BB:CC:E3,eduroam,15,645.8843905925751,B2-01,0,5
2355,54:F0:B1:BB:FD:D0,eduroam,27,645.8843905925751,B2-01,0,5
2356,54:F0:B1:BB:FD:D1,PoliSemFio,27,645.8843905925751,B2-01,0,5
2357,54:F0:B1:BB:FD:D2,,25,645.8843905925751,B2-01,0,5
2358,54:F0:B1:BC:09:40,eduroam,75,645.8843905925751,B2-01,0,5
2359,54:F0:B1:BC:09:41,PoliSemFio,90,645.8843905925751,B2-01,0,5
2360,54:F0:B1:BC:09:42,,90,645.8843905925751,B2-01,0,5
2361,54:F0:B1:BC:09:60,eduroam,69,645.8843905925751,B2-01,0,5
2362,54:F0:B1:BC:09:61,PoliSemFio,55,645.8843905925751,B2-01,0,5
2363,54:F0:B1:BC:1B:D1,PoliSemFio,40,645.8843905925751,B2-01,0,5
2364,54:F0:B1:BC:1B:D2,,45,645.8843905925751,B2-01,0,5
2365,54:F0:B1:BC:2E:90,eduroam,80,645.8843905925751,B2-01,0,5
2366,54:F0:B1:BC:2E:91,PoliSemFio,55,645.8843905925751,B2-01,0,5
2367,54:F0:B1:BC:2E:92,,72,645.8843905925751,B2-01,0,5
2368,54:F0:B1:BC:2E:B0,eduroam,14,645.8843905925751,B2-01,0,5
2369,54:F0:B1:BC:2E:B1,PoliSemFio,14,645.8843905925751,B2-01,0,5
2370,54:F0:B1:BC:36:10,PoliSemFio,29,645.8843905925751,B2-01,0,5
2371,54:F0:B1:BC:36:11,eduroam,27,645.8843905925751,B2-01,0,5
2372,54:F0:B1:BC:36:12,,29,645.8843905925751,B2-01,0,5
2373,54:F0:B1:BC:36:30,PoliSemFio,17,645.8843905925751,B2-01,0,5
2374,54:F0:B1:BC:36:31,eduroam,22,645.8843905925751,B2-01,0,5
2375,54:F0:B1:BC:3F:10,eduroam,30,645.8843905925751,B2-01,0,5
2376,54:F0:B1:BC:3F:11,PoliSemFio,27,645.8843905925751,B2-01,0,5
2377,54:F0:B1:BC:3F:12,,27,645.8843905925751,B2-01,0,5
2378,54:F0:B1:BC:65:B0,eduroam,24,645.8843905925751,B2-01,0,5
2379,54:F0:B1:BC:65:B1,PoliSemFio,32,645.8843905925751,B2-01,0,5
2380,54:F0:B1:BC:65:B2,,27,645.8843905925751,B2-01,0,5
2381,54:F0:B1:BC:65:D0,eduroam,24,645.8843905925751,B2-01,0,5
2382,54:F0:B1:BC:65:D1,PoliSemFio,22,645.8843905925751,B2-01,0,5
2383,54:F0:B1:BC:65:D2,,22,645.8843905925751,B2-01,0,5
2384,54:F0:B1:BC:6B:52,,25,645.8843905925751,B2-01,0,5
2385,54:F0:B1:BC:6F:70,eduroam,27,645.8843905925751,B2-01,0,5
2386,54:F0:B1:BC:6F:71,PoliSemFio,24,645.8843905925751,B2-01,0,5
2387,54:F0:B1:BC:70:00,eduroam,42,645.8843905925751,B2-01,0,5
2388,54:F0:B1:BC:70:01,PoliSemFio,34,645.8843905925751,B2-01,0,5
2389,54:F0:B1:BC:70:02,,30,645.8843905925751,B2-01,0,5
2390,54:F0:B1:BC:70:20,eduroam,20,645.8843905925751,B2-01,0,5
2391,54:F0:B1:BC:70:21,PoliSemFio,22,645.8843905925751,B2-01,0,5
2392,54:F0:B1:BC:76:C2,,20,645.8843905925751,B2-01,0,5
2393,54:F0:B1:BC:77:80,eduroam,57,645.8843905925751,B2-01,0,5
2394,54:F0:B1:BC:77:81,PoliSemFio,60,645.8843905925751,B2-01,0,5
2395,54:F0:B1:BC:77:82,,60,645.8843905925751,B2-01,0,5
2396,54:F0:B1:BC:77:A0,eduroam,45,645.8843905925751,B2-01,0,5
2397,54:F0:B1:BC:77:A1,PoliSemFio,47,645.8843905925751,B2-01,0,5
2398,54:F0:B1:BC:77:A2,,47,645.8843905925751,B2-01,0,5
2399,54:F0:B1:BC:7C:B0,eduroam,25,645.8843905925751,B2-01,0,5
2400,54:F0:B1:BC:7C:B1,PoliSemFio,25,645.8843905925751,B2-01,0,5
2401,54:F0:B1:BC:8F:20,eduroam,27,645.8843905925751,B2-01,0,5
2402,54:F0:B1:BC:8F:21,PoliSemFio,22,645.8843905925751,B2-01,0,5
2403,54:F0:B1:BC:8F:22,,25,645.8843905925751,B2-01,0,5
2404,68:FF:7B:47:78:BD,C1-22M-5G,32,645.8843905925751,B2-01,0,5
2405,68:FF:7B:47:78:BE,C1-22M,85,645.8843905925751,B2-01,0,5
2406,70:62:B8:6E:72:A0,PCS-wireless-C1-13,52,645.8843905925751,B2-01,0,5
2407,70:62:B8:6E:72:A1,PPGEE,50,645.8843905925751,B2-01,0,5
2408,70:62:B8:6E:72:A2,PCS-wireless-C1-13-5GHz,12,645.8843905925751,B2-01,0,5
2409,70:62:B8:6E:72:A3,PPGEE-5GHz,9,645.8843905925751,B2-01,0,5
2410,84:D4:7E:06:4F:E0,eduroam,77,645.8843905925751,B2-01,0,5
2411,84:D4:7E:06:4F:E1,PoliSemFio,74,645.8843905925751,B2-01,0,5
2412,84:D4:7E:06:4F:E2,,74,645.8843905925751,B2-01,0,5
2413,84:D4:7E:06:4F:F0,eduroam,50,645.8843905925751,B2-01,0,5
2414,84:D4:7E:06:4F:F1,PoliSemFio,50,645.8843905925751,B2-01,0,5
2415,84:D4:7E:06:4F:F2,,35,645.8843905925751,B2-01,0,5
2416,C8:D7:19:D4:36:7E,lcs,15,645.8843905925751,B2-01,0,5
2417,DC:9F:DB:1C:1F:E0,LWN-3,27,645.8843905925751,B2-01,0,5
2418,DE:9F:DB:1C:1F:E0,LARC Guest,34,645.8843905925751,B2-01,0,5
2419,EE:9F:DB:1C:1F:D7,,19,645.8843905925751,B2-01,0,5
2420,EE:9F:DB:1C:1F:E0,,32,645.8843905925751,B2-01,0,5
2421,F8:1A:67:99:55:8E,NUCLEAR_CHF,35,645.8843905925751,B2-01,0,5
2422,FE:9F:DB:1C:1F:E0,,25,645.8843905925751,B2-01,0,5
2423,00:18:E7:FF:8C:98,dlink,22,652.157425403595,B2-01,0,5
2424,00:18:E7:FF:8C:9A,dlink_media,10,652.157425403595,B2-01,0,5
2425,00:21:91:70:9D:EC,LAB-DIDATICO,35,652.157425403595,B2-01,0,5
2426,02:E0:DB:48:81:EE,DIRECT-Te-Polycom Pano,25,652.157425403595,B2-01,0,5
2427,04:A1:51:85:27:B3,LAHPC-Wifi_2.4GHz,17,652.157425403595,B2-01,0,5
2428,2A:56:5A:49:06:54,DIRECT-54-HP M132f LaserJet,15,652.157425403595,B2-01,0,5
2429,30:85:A9:69:F2:E4,PCS-Wireless-C2-22,34,652.157425403595,B2-01,0,5
2430,34:60:F9:A3:D9:13,GASWIFI-5G_C2,25,652.157425403595,B2-01,0,5
2431,34:60:F9:A3:D9:14,GASWIFI-2G_C2,30,652.157425403595,B2-01,0,5
2432,34:60:F9:A3:E7:3F,GASWIFI_C4,34,652.157425403595,B2-01,0,5
2433,34:CE:00:51:3E:6F,Lab,25,652.157425403595,B2-01,0,5
2434,34:CE:00:51:3E:70,Lab_5G,14,652.157425403595,B2-01,0,5
2435,3A:60:F9:A3:D9:13,,25,652.157425403595,B2-01,0,5
2436,3A:60:F9:A3:D9:14,,30,652.157425403595,B2-01,0,5
2437,48:00:20:34:D2:40,eduroam,34,652.157425403595,B2-01,0,5
2438,54:B8:0A:AA:2C:8C,LAB_DIGITAL,47,652.157425403595,B2-01,0,5
2439,54:B8:0A:AA:2C:8D,PCS-Wireless,47,652.157425403595,B2-01,0,5
2440,54:B8:0A:AA:2C:8E,LAB_DIGITAL-5GHz,17,652.157425403595,B2-01,0,5
2441,54:B8:0A:AA:2C:8F,PCS-Wireless-5GHz,17,652.157425403595,B2-01,0,5
2442,54:F0:B1:A1:18:C0,eduroam,30,652.157425403595,B2-01,0,5
2443,54:F0:B1:A1:18:C1,PoliSemFio,30,652.157425403595,B2-01,0,5
2444,54:F0:B1:A1:18:C3,MEZANINO,30,652.157425403595,B2-01,0,5
2445,54:F0:B1:A1:18:C4,GDLAB,29,652.157425403595,B2-01,0,5
2446,54:F0:B1:A1:18:C5,LABPAD,30,652.157425403595,B2-01,0,5
2447,54:F0:B1:A1:18:D0,eduroam,42,652.157425403595,B2-01,0,5
2448,54:F0:B1:A1:18:D1,PoliSemFio,40,652.157425403595,B2-01,0,5
2449,54:F0:B1:A1:18:D2,,40,652.157425403595,B2-01,0,5
2450,54:F0:B1:A1:18:D3,MEZANINO,42,652.157425403595,B2-01,0,5
2451,54:F0:B1:A1:18:D4,GDLAB,50,652.157425403595,B2-01,0,5
2452,54:F0:B1:A1:18:D5,LABPAD,44,652.157425403595,B2-01,0,5
2453,54:F0:B1:A1:57:F0,eduroam,14,652.157425403595,B2-01,0,5
2454,54:F0:B1:A1:57:F1,PoliSemFio,10,652.157425403595,B2-01,0,5
2455,54:F0:B1:A1:57:F2,,12,652.157425403595,B2-01,0,5
2456,54:F0:B1:A1:58:00,eduroam,24,652.157425403595,B2-01,0,5
2457,54:F0:B1:A1:58:01,PoliSemFio,29,652.157425403595,B2-01,0,5
2458,54:F0:B1:A1:E4:F0,eduroam,15,652.157425403595,B2-01,0,5
2459,54:F0:B1:A1:E4:F1,PoliSemFio,17,652.157425403595,B2-01,0,5
2460,54:F0:B1:A1:E5:00,eduroam,25,652.157425403595,B2-01,0,5
2461,54:F0:B1:A1:E5:01,PoliSemFio,45,652.157425403595,B2-01,0,5
2462,54:F0:B1:A1:E5:02,,45,652.157425403595,B2-01,0,5
2463,54:F0:B1:A2:37:E0,eduroam,35,652.157425403595,B2-01,0,5
2464,54:F0:B1:A2:37:E1,PoliSemFio,30,652.157425403595,B2-01,0,5
2465,54:F0:B1:A2:37:E2,,25,652.157425403595,B2-01,0,5
2466,54:F0:B1:A2:57:20,eduroam,25,652.157425403595,B2-01,0,5
2467,54:F0:B1:A2:57:21,PoliSemFio,25,652.157425403595,B2-01,0,5
2468,54:F0:B1:A2:57:22,,24,652.157425403595,B2-01,0,5
2469,54:F0:B1:A2:57:23,LCA,25,652.157425403595,B2-01,0,5
2470,54:F0:B1:A2:57:30,eduroam,29,652.157425403595,B2-01,0,5
2471,54:F0:B1:A2:57:31,PoliSemFio,29,652.157425403595,B2-01,0,5
2472,54:F0:B1:A2:57:33,LCA,27,652.157425403595,B2-01,0,5
2473,54:F0:B1:BB:58:C3,CAEEL,9,652.157425403595,B2-01,0,5
2474,54:F0:B1:BB:5A:82,HACKER,22,652.157425403595,B2-01,0,5
2475,54:F0:B1:BB:5A:83,LEP,25,652.157425403595,B2-01,0,5
2476,54:F0:B1:BB:7E:E0,eduroam,17,652.157425403595,B2-01,0,5
2477,54:F0:B1:BB:80:C3,LABPROG,27,652.157425403595,B2-01,0,5
2478,54:F0:B1:BB:84:B0,eduroam,37,652.157425403595,B2-01,0,5
2479,54:F0:B1:BB:84:B2,,35,652.157425403595,B2-01,0,5
2480,54:F0:B1:BB:84:D0,eduroam,27,652.157425403595,B2-01,0,5
2481,54:F0:B1:BB:84:D1,PoliSemFio,25,652.157425403595,B2-01,0,5
2482,54:F0:B1:BB:92:E1,PoliSemFio,19,652.157425403595,B2-01,0,5
2483,54:F0:B1:BB:BE:12,,17,652.157425403595,B2-01,0,5
2484,54:F0:B1:BB:BE:13,CAEEL,12,652.157425403595,B2-01,0,5
2485,54:F0:B1:BB:C4:D0,eduroam,34,652.157425403595,B2-01,0,5
2486,54:F0:B1:BB:C4:D1,PoliSemFio,55,652.157425403595,B2-01,0,5
2487,54:F0:B1:BB:C4:F0,eduroam,32,652.157425403595,B2-01,0,5
2488,54:F0:B1:BB:C4:F1,PoliSemFio,32,652.157425403595,B2-01,0,5
2489,54:F0:B1:BB:C5:C0,eduroam,29,652.157425403595,B2-01,0,5
2490,54:F0:B1:BB:C5:C1,PoliSemFio,27,652.157425403595,B2-01,0,5
2491,54:F0:B1:BB:C5:C2,,25,652.157425403595,B2-01,0,5
2492,54:F0:B1:BB:C5:C3,MEZANINO,27,652.157425403595,B2-01,0,5
2493,54:F0:B1:BB:C5:C4,GDLAB,22,652.157425403595,B2-01,0,5
2494,54:F0:B1:BB:CC:E3,eduroam,15,652.157425403595,B2-01,0,5
2495,54:F0:B1:BB:FD:D0,eduroam,27,652.157425403595,B2-01,0,5
2496,54:F0:B1:BB:FD:D1,PoliSemFio,27,652.157425403595,B2-01,0,5
2497,54:F0:B1:BB:FD:D2,,25,652.157425403595,B2-01,0,5
2498,54:F0:B1:BC:09:40,eduroam,75,652.157425403595,B2-01,0,5
2499,54:F0:B1:BC:09:41,PoliSemFio,90,652.157425403595,B2-01,0,5
2500,54:F0:B1:BC:09:42,,90,652.157425403595,B2-01,0,5
2501,54:F0:B1:BC:09:60,eduroam,63,652.157425403595,B2-01,0,5
2502,54:F0:B1:BC:09:61,PoliSemFio,55,652.157425403595,B2-01,0,5
2503,54:F0:B1:BC:1B:D1,PoliSemFio,40,652.157425403595,B2-01,0,5
2504,54:F0:B1:BC:1B:D2,,45,652.157425403595,B2-01,0,5
2505,54:F0:B1:BC:2E:90,eduroam,80,652.157425403595,B2-01,0,5
2506,54:F0:B1:BC:2E:91,PoliSemFio,55,652.157425403595,B2-01,0,5
2507,54:F0:B1:BC:2E:92,,72,652.157425403595,B2-01,0,5
2508,54:F0:B1:BC:2E:B0,eduroam,14,652.157425403595,B2-01,0,5
2509,54:F0:B1:BC:2E:B1,PoliSemFio,14,652.157425403595,B2-01,0,5
2510,54:F0:B1:BC:36:10,PoliSemFio,29,652.157425403595,B2-01,0,5
2511,54:F0:B1:BC:36:11,eduroam,27,652.157425403595,B2-01,0,5
2512,54:F0:B1:BC:36:12,,29,652.157425403595,B2-01,0,5
2513,54:F0:B1:BC:36:30,PoliSemFio,17,652.157425403595,B2-01,0,5
2514,54:F0:B1:BC:36:31,eduroam,22,652.157425403595,B2-01,0,5
2515,54:F0:B1:BC:3F:10,eduroam,30,652.157425403595,B2-01,0,5
2516,54:F0:B1:BC:3F:11,PoliSemFio,27,652.157425403595,B2-01,0,5
2517,54:F0:B1:BC:3F:12,,27,652.157425403595,B2-01,0,5
2518,54:F0:B1:BC:65:B0,eduroam,24,652.157425403595,B2-01,0,5
2519,54:F0:B1:BC:65:B1,PoliSemFio,32,652.157425403595,B2-01,0,5
2520,54:F0:B1:BC:65:B2,,27,652.157425403595,B2-01,0,5
2521,54:F0:B1:BC:65:D0,eduroam,24,652.157425403595,B2-01,0,5
2522,54:F0:B1:BC:65:D1,PoliSemFio,22,652.157425403595,B2-01,0,5
2523,54:F0:B1:BC:65:D2,,22,652.157425403595,B2-01,0,5
2524,54:F0:B1:BC:6B:52,,25,652.157425403595,B2-01,0,5
2525,54:F0:B1:BC:6F:70,eduroam,27,652.157425403595,B2-01,0,5
2526,54:F0:B1:BC:6F:71,PoliSemFio,24,652.157425403595,B2-01,0,5
2527,54:F0:B1:BC:70:00,eduroam,42,652.157425403595,B2-01,0,5
2528,54:F0:B1:BC:70:01,PoliSemFio,34,652.157425403595,B2-01,0,5
2529,54:F0:B1:BC:70:02,,30,652.157425403595,B2-01,0,5
2530,54:F0:B1:BC:70:20,eduroam,20,652.157425403595,B2-01,0,5
2531,54:F0:B1:BC:70:21,PoliSemFio,22,652.157425403595,B2-01,0,5
2532,54:F0:B1:BC:76:C2,,20,652.157425403595,B2-01,0,5
2533,54:F0:B1:BC:77:80,eduroam,57,652.157425403595,B2-01,0,5
2534,54:F0:B1:BC:77:81,PoliSemFio,60,652.157425403595,B2-01,0,5
2535,54:F0:B1:BC:77:82,,60,652.157425403595,B2-01,0,5
2536,54:F0:B1:BC:77:A0,eduroam,45,652.157425403595,B2-01,0,5
2537,54:F0:B1:BC:77:A1,PoliSemFio,47,652.157425403595,B2-01,0,5
2538,54:F0:B1:BC:77:A2,,47,652.157425403595,B2-01,0,5
2539,54:F0:B1:BC:7C:B0,eduroam,25,652.157425403595,B2-01,0,5
2540,54:F0:B1:BC:7C:B1,PoliSemFio,25,652.157425403595,B2-01,0,5
2541,54:F0:B1:BC:8F:20,eduroam,27,652.157425403595,B2-01,0,5
2542,54:F0:B1:BC:8F:21,PoliSemFio,22,652.157425403595,B2-01,0,5
2543,54:F0:B1:BC:8F:22,,25,652.157425403595,B2-01,0,5
2544,68:FF:7B:47:78:BD,C1-22M-5G,32,652.157425403595,B2-01,0,5
2545,68:FF:7B:47:78:BE,C1-22M,85,652.157425403595,B2-01,0,5
2546,70:62:B8:6E:72:A0,PCS-wireless-C1-13,52,652.157425403595,B2-01,0,5
2547,70:62:B8:6E:72:A1,PPGEE,50,652.157425403595,B2-01,0,5
2548,70:62:B8:6E:72:A2,PCS-wireless-C1-13-5GHz,12,652.157425403595,B2-01,0,5
2549,70:62:B8:6E:72:A3,PPGEE-5GHz,9,652.157425403595,B2-01,0,5
2550,84:D4:7E:06:4F:E0,eduroam,77,652.157425403595,B2-01,0,5
2551,84:D4:7E:06:4F:E1,PoliSemFio,74,652.157425403595,B2-01,0,5
2552,84:D4:7E:06:4F:E2,,74,652.157425403595,B2-01,0,5
2553,84:D4:7E:06:4F:F0,eduroam,50,652.157425403595,B2-01,0,5
2554,84:D4:7E:06:4F:F1,PoliSemFio,50,652.157425403595,B2-01,0,5
2555,84:D4:7E:06:4F:F2,,35,652.157425403595,B2-01,0,5
2556,C8:D7:19:D4:36:7E,lcs,15,652.157425403595,B2-01,0,5
2557,DC:9F:DB:1C:1F:E0,LWN-3,27,652.157425403595,B2-01,0,5
2558,DE:9F:DB:1C:1F:E0,LARC Guest,34,652.157425403595,B2-01,0,5
2559,EE:9F:DB:1C:1F:D7,,19,652.157425403595,B2-01,0,5
2560,EE:9F:DB:1C:1F:E0,,32,652.157425403595,B2-01,0,5
2561,F8:1A:67:99:55:8E,NUCLEAR_CHF,35,652.157425403595,B2-01,0,5
2562,FE:9F:DB:1C:1F:E0,,25,652.157425403595,B2-01,0,5
