,ap_mac,ap_name,rssi,timestamp,room,door_status,room_part
0,00:18:E7:FF:8C:98,dlink,29,566.4346919059753,B2-01,1,1
1,00:21:91:70:9D:EC,LAB-DIDATICO,35,566.4346919059753,B2-01,1,1
2,30:85:A9:69:F2:E4,PCS-Wireless-C2-22,40,566.4346919059753,B2-01,1,1
3,34:60:F9:A3:D9:13,GASWIFI-5G_C2,19,566.4346919059753,B2-01,1,1
4,34:60:F9:A3:D9:14,GASWIFI-2G_C2,30,566.4346919059753,B2-01,1,1
5,34:60:F9:A3:E7:3F,GASWIFI_C4,29,566.4346919059753,B2-01,1,1
6,34:CE:00:51:3E:6F,Lab,52,566.4346919059753,B2-01,1,1
7,34:CE:00:51:3E:70,Lab_5G,24,566.4346919059753,B2-01,1,1
8,3A:60:F9:A3:D9:13,,19,566.4346919059753,B2-01,1,1
9,3A:60:F9:A3:D9:14,,29,566.4346919059753,B2-01,1,1
10,44:D2:44:DC:2E:01,PROJETOR_B2-06-EC89sIpciG1AUef,44,566.4346919059753,B2-01,1,1
11,54:B8:0A:AA:2C:8C,LAB_DIGITAL,39,566.4346919059753,B2-01,1,1
12,54:B8:0A:AA:2C:8D,PCS-Wireless,39,566.4346919059753,B2-01,1,1
13,54:B8:0A:AA:2C:8E,LAB_DIGITAL-5GHz,12,566.4346919059753,B2-01,1,1
14,54:B8:0A:AA:2C:8F,PCS-Wireless-5GHz,12,566.4346919059753,B2-01,1,1
15,54:F0:B1:A1:18:C0,eduroam,20,566.4346919059753,B2-01,1,1
16,54:F0:B1:A1:18:C1,PoliSemFio,19,566.4346919059753,B2-01,1,1
17,54:F0:B1:A1:18:C2,,30,566.4346919059753,B2-01,1,1
18,54:F0:B1:A1:18:C3,MEZANINO,20,566.4346919059753,B2-01,1,1
19,54:F0:B1:A1:18:C4,GDLAB,20,566.4346919059753,B2-01,1,1
20,54:F0:B1:A1:18:C5,LABPAD,19,566.4346919059753,B2-01,1,1
21,54:F0:B1:A1:18:D0,eduroam,55,566.4346919059753,B2-01,1,1
22,54:F0:B1:A1:18:D1,PoliSemFio,40,566.4346919059753,B2-01,1,1
23,54:F0:B1:A1:18:D2,,37,566.4346919059753,B2-01,1,1
24,54:F0:B1:A1:18:D3,MEZANINO,37,566.4346919059753,B2-01,1,1
25,54:F0:B1:A1:18:D4,GDLAB,37,566.4346919059753,B2-01,1,1
26,54:F0:B1:A1:18:D5,LABPAD,54,566.4346919059753,B2-01,1,1
27,54:F0:B1:A1:57:F0,eduroam,22,566.4346919059753,B2-01,1,1
28,54:F0:B1:A1:57:F1,PoliSemFio,22,566.4346919059753,B2-01,1,1
29,54:F0:B1:A1:58:00,eduroam,17,566.4346919059753,B2-01,1,1
30,54:F0:B1:A1:58:01,PoliSemFio,27,566.4346919059753,B2-01,1,1
31,54:F0:B1:A1:58:02,,37,566.4346919059753,B2-01,1,1
32,54:F0:B1:A1:E4:F0,eduroam,29,566.4346919059753,B2-01,1,1
33,54:F0:B1:A1:E4:F1,PoliSemFio,29,566.4346919059753,B2-01,1,1
34,54:F0:B1:A1:E4:F2,,20,566.4346919059753,B2-01,1,1
35,54:F0:B1:A1:E5:00,eduroam,40,566.4346919059753,B2-01,1,1
36,54:F0:B1:A1:E5:01,PoliSemFio,34,566.4346919059753,B2-01,1,1
37,54:F0:B1:A1:E5:02,,34,566.4346919059753,B2-01,1,1
38,54:F0:B1:A2:37:E2,,27,566.4346919059753,B2-01,1,1
39,54:F0:B1:A2:56:70,eduroam,14,566.4346919059753,B2-01,1,1
40,54:F0:B1:A2:56:71,PoliSemFio,24,566.4346919059753,B2-01,1,1
41,54:F0:B1:A2:56:72,,24,566.4346919059753,B2-01,1,1
42,54:F0:B1:A2:57:20,eduroam,22,566.4346919059753,B2-01,1,1
43,54:F0:B1:A2:57:21,PoliSemFio,20,566.4346919059753,B2-01,1,1
44,54:F0:B1:A2:57:23,LCA,20,566.4346919059753,B2-01,1,1
45,54:F0:B1:A2:57:30,eduroam,37,566.4346919059753,B2-01,1,1
46,54:F0:B1:A2:57:31,PoliSemFio,32,566.4346919059753,B2-01,1,1
47,54:F0:B1:A2:57:32,,34,566.4346919059753,B2-01,1,1
48,54:F0:B1:A2:57:33,LCA,19,566.4346919059753,B2-01,1,1
49,54:F0:B1:BB:5A:81,PoliSemFio,24,566.4346919059753,B2-01,1,1
50,54:F0:B1:BB:5A:82,HACKER,24,566.4346919059753,B2-01,1,1
51,54:F0:B1:BB:5A:83,LEP,19,566.4346919059753,B2-01,1,1
52,54:F0:B1:BB:5A:84,,25,566.4346919059753,B2-01,1,1
53,54:F0:B1:BB:7E:E0,eduroam,24,566.4346919059753,B2-01,1,1
54,54:F0:B1:BB:7E:E2,,25,566.4346919059753,B2-01,1,1
55,54:F0:B1:BB:84:B2,,25,566.4346919059753,B2-01,1,1
56,54:F0:B1:BB:84:D0,eduroam,12,566.4346919059753,B2-01,1,1
57,54:F0:B1:BB:84:D1,PoliSemFio,12,566.4346919059753,B2-01,1,1
58,54:F0:B1:BB:92:C2,,27,566.4346919059753,B2-01,1,1
59,54:F0:B1:BB:92:E0,eduroam,24,566.4346919059753,B2-01,1,1
60,54:F0:B1:BB:92:E1,PoliSemFio,25,566.4346919059753,B2-01,1,1
61,54:F0:B1:BB:A1:60,eduroam,14,566.4346919059753,B2-01,1,1
62,54:F0:B1:BB:BE:13,CAEEL,17,566.4346919059753,B2-01,1,1
63,54:F0:B1:BB:C4:D0,eduroam,35,566.4346919059753,B2-01,1,1
64,54:F0:B1:BB:C4:D1,PoliSemFio,35,566.4346919059753,B2-01,1,1
65,54:F0:B1:BB:C4:D2,,35,566.4346919059753,B2-01,1,1
66,54:F0:B1:BB:C4:F0,eduroam,29,566.4346919059753,B2-01,1,1
67,54:F0:B1:BB:C4:F1,PoliSemFio,27,566.4346919059753,B2-01,1,1
68,54:F0:B1:BB:C4:F2,,27,566.4346919059753,B2-01,1,1
69,54:F0:B1:BB:C5:C3,MEZANINO,25,566.4346919059753,B2-01,1,1
70,54:F0:B1:BB:C5:C4,GDLAB,37,566.4346919059753,B2-01,1,1
71,54:F0:B1:BB:C5:C5,LABPAD,29,566.4346919059753,B2-01,1,1
72,54:F0:B1:BB:C5:E4,GDLAB,9,566.4346919059753,B2-01,1,1
73,54:F0:B1:BB:C5:E5,LABPAD,10,566.4346919059753,B2-01,1,1
74,54:F0:B1:BB:CC:E0,B209,19,566.4346919059753,B2-01,1,1
75,54:F0:B1:BB:D1:92,LTE,19,566.4346919059753,B2-01,1,1
76,54:F0:B1:BB:F3:20,eduroam,25,566.4346919059753,B2-01,1,1
77,54:F0:B1:BB:F3:21,PoliSemFio,34,566.4346919059753,B2-01,1,1
78,54:F0:B1:BB:F3:22,,34,566.4346919059753,B2-01,1,1
79,54:F0:B1:BB:FD:D0,eduroam,20,566.4346919059753,B2-01,1,1
80,54:F0:B1:BB:FD:D1,PoliSemFio,20,566.4346919059753,B2-01,1,1
81,54:F0:B1:BB:FD:D2,,25,566.4346919059753,B2-01,1,1
82,54:F0:B1:BC:09:40,eduroam,100,566.4346919059753,B2-01,1,1
83,54:F0:B1:BC:09:41,PoliSemFio,100,566.4346919059753,B2-01,1,1
84,54:F0:B1:BC:09:42,,64,566.4346919059753,B2-01,1,1
85,54:F0:B1:BC:09:60,eduroam,73,566.4346919059753,B2-01,1,1
86,54:F0:B1:BC:09:61,PoliSemFio,99,566.4346919059753,B2-01,1,1
87,54:F0:B1:BC:1B:D0,eduroam,40,566.4346919059753,B2-01,1,1
88,54:F0:B1:BC:1B:D2,,64,566.4346919059753,B2-01,1,1
89,54:F0:B1:BC:1B:F0,eduroam,19,566.4346919059753,B2-01,1,1
90,54:F0:B1:BC:1B:F1,PoliSemFio,20,566.4346919059753,B2-01,1,1
91,54:F0:B1:BC:2E:90,eduroam,62,566.4346919059753,B2-01,1,1
92,54:F0:B1:BC:2E:B0,eduroam,19,566.4346919059753,B2-01,1,1
93,54:F0:B1:BC:2E:B1,PoliSemFio,19,566.4346919059753,B2-01,1,1
94,54:F0:B1:BC:36:10,PoliSemFio,30,566.4346919059753,B2-01,1,1
95,54:F0:B1:BC:36:11,eduroam,32,566.4346919059753,B2-01,1,1
96,54:F0:B1:BC:36:12,,30,566.4346919059753,B2-01,1,1
97,54:F0:B1:BC:3F:10,eduroam,30,566.4346919059753,B2-01,1,1
98,54:F0:B1:BC:3F:12,,22,566.4346919059753,B2-01,1,1
99,54:F0:B1:BC:65:B0,eduroam,25,566.4346919059753,B2-01,1,1
100,54:F0:B1:BC:65:B1,PoliSemFio,30,566.4346919059753,B2-01,1,1
101,54:F0:B1:BC:65:D1,PoliSemFio,24,566.4346919059753,B2-01,1,1
102,54:F0:B1:BC:6F:71,PoliSemFio,25,566.4346919059753,B2-01,1,1
103,54:F0:B1:BC:6F:72,,25,566.4346919059753,B2-01,1,1
104,54:F0:B1:BC:70:00,eduroam,60,566.4346919059753,B2-01,1,1
105,54:F0:B1:BC:70:01,PoliSemFio,55,566.4346919059753,B2-01,1,1
106,54:F0:B1:BC:70:20,eduroam,20,566.4346919059753,B2-01,1,1
107,54:F0:B1:BC:70:21,PoliSemFio,14,566.4346919059753,B2-01,1,1
108,54:F0:B1:BC:77:80,eduroam,65,566.4346919059753,B2-01,1,1
109,54:F0:B1:BC:77:81,PoliSemFio,59,566.4346919059753,B2-01,1,1
110,54:F0:B1:BC:77:82,,50,566.4346919059753,B2-01,1,1
111,54:F0:B1:BC:77:A0,eduroam,24,566.4346919059753,B2-01,1,1
112,54:F0:B1:BC:77:A1,PoliSemFio,22,566.4346919059753,B2-01,1,1
113,54:F0:B1:BC:77:A2,,35,566.4346919059753,B2-01,1,1
114,54:F0:B1:BC:7C:90,eduroam,10,566.4346919059753,B2-01,1,1
115,54:F0:B1:BC:7C:B0,eduroam,19,566.4346919059753,B2-01,1,1
116,54:F0:B1:BC:7C:B1,PoliSemFio,17,566.4346919059753,B2-01,1,1
117,54:F0:B1:BC:7C:B2,,17,566.4346919059753,B2-01,1,1
118,54:F0:B1:BC:8F:20,eduroam,25,566.4346919059753,B2-01,1,1
119,54:F0:B1:BC:8F:21,PoliSemFio,32,566.4346919059753,B2-01,1,1
120,54:F0:B1:BC:8F:22,,25,566.4346919059753,B2-01,1,1
121,54:F0:B1:BC:8F:40,eduroam,12,566.4346919059753,B2-01,1,1
122,68:FF:7B:47:78:BD,C1-22M-5G,17,566.4346919059753,B2-01,1,1
123,68:FF:7B:47:78:BE,C1-22M,59,566.4346919059753,B2-01,1,1
124,70:62:B8:6E:72:A0,PCS-wireless-C1-13,50,566.4346919059753,B2-01,1,1
125,70:62:B8:6E:72:A1,PPGEE,49,566.4346919059753,B2-01,1,1
126,70:62:B8:6E:72:A3,PPGEE-5GHz,15,566.4346919059753,B2-01,1,1
127,84:D4:7E:06:4F:E0,eduroam,49,566.4346919059753,B2-01,1,1
128,84:D4:7E:06:4F:E1,PoliSemFio,57,566.4346919059753,B2-01,1,1
129,84:D4:7E:06:4F:E2,,55,566.4346919059753,B2-01,1,1
130,84:D4:7E:06:4F:F0,eduroam,27,566.4346919059753,B2-01,1,1
131,84:D4:7E:06:4F:F1,PoliSemFio,25,566.4346919059753,B2-01,1,1
132,84:D4:7E:06:4F:F2,,50,566.4346919059753,B2-01,1,1
133,B6:4E:26:4B:84:C2,C2-01-Guest,29,566.4346919059753,B2-01,1,1
134,DC:9F:DB:1C:1F:D7,LWN-3,17,566.4346919059753,B2-01,1,1
135,DE:9F:DB:1C:1F:E0,LARC Guest,27,566.4346919059753,B2-01,1,1
136,EE:9F:DB:1C:1F:E0,,27,566.4346919059753,B2-01,1,1
137,F8:1A:67:99:55:8E,NUCLEAR_CHF,40,566.4346919059753,B2-01,1,1
138,FA:D0:27:3E:69:92,DIRECT-273EE992,17,566.4346919059753,B2-01,1,1
139,FE:9F:DB:1C:1F:E0,,40,566.4346919059753,B2-01,1,1
140,00:18:E7:FF:8C:98,dlink,29,569.0840075016022,B2-01,1,1
141,00:21:91:70:9D:EC,LAB-DIDATICO,24,569.0840075016022,B2-01,1,1
142,30:85:A9:69:F2:E4,PCS-Wireless-C2-22,40,569.0840075016022,B2-01,1,1
143,34:60:F9:A3:D9:13,GASWIFI-5G_C2,19,569.0840075016022,B2-01,1,1
144,34:60:F9:A3:D9:14,GASWIFI-2G_C2,25,569.0840075016022,B2-01,1,1
145,34:CE:00:51:3E:6F,Lab,54,569.0840075016022,B2-01,1,1
146,34:CE:00:51:3E:70,Lab_5G,24,569.0840075016022,B2-01,1,1
147,3A:60:F9:A3:D9:13,,19,569.0840075016022,B2-01,1,1
148,3A:60:F9:A3:D9:14,,29,569.0840075016022,B2-01,1,1
149,44:D2:44:DC:2E:01,PROJETOR_B2-06-EC89sIpciG1AUef,35,569.0840075016022,B2-01,1,1
150,54:B8:0A:AA:2C:8C,LAB_DIGITAL,34,569.0840075016022,B2-01,1,1
151,54:B8:0A:AA:2C:8D,PCS-Wireless,35,569.0840075016022,B2-01,1,1
152,54:B8:0A:AA:2C:8E,LAB_DIGITAL-5GHz,12,569.0840075016022,B2-01,1,1
153,54:B8:0A:AA:2C:8F,PCS-Wireless-5GHz,12,569.0840075016022,B2-01,1,1
154,54:F0:B1:A1:18:C0,eduroam,19,569.0840075016022,B2-01,1,1
155,54:F0:B1:A1:18:C1,PoliSemFio,17,569.0840075016022,B2-01,1,1
156,54:F0:B1:A1:18:C2,,30,569.0840075016022,B2-01,1,1
157,54:F0:B1:A1:18:C3,MEZANINO,19,569.0840075016022,B2-01,1,1
158,54:F0:B1:A1:18:C4,GDLAB,19,569.0840075016022,B2-01,1,1
159,54:F0:B1:A1:18:C5,LABPAD,19,569.0840075016022,B2-01,1,1
160,54:F0:B1:A1:18:D0,eduroam,55,569.0840075016022,B2-01,1,1
161,54:F0:B1:A1:18:D1,PoliSemFio,40,569.0840075016022,B2-01,1,1
162,54:F0:B1:A1:18:D2,,29,569.0840075016022,B2-01,1,1
163,54:F0:B1:A1:18:D3,MEZANINO,22,569.0840075016022,B2-01,1,1
164,54:F0:B1:A1:18:D4,GDLAB,27,569.0840075016022,B2-01,1,1
165,54:F0:B1:A1:18:D5,LABPAD,54,569.0840075016022,B2-01,1,1
166,54:F0:B1:A1:57:F0,eduroam,22,569.0840075016022,B2-01,1,1
167,54:F0:B1:A1:57:F1,PoliSemFio,22,569.0840075016022,B2-01,1,1
168,54:F0:B1:A1:58:00,eduroam,34,569.0840075016022,B2-01,1,1
169,54:F0:B1:A1:58:01,PoliSemFio,30,569.0840075016022,B2-01,1,1
170,54:F0:B1:A1:58:02,,29,569.0840075016022,B2-01,1,1
171,54:F0:B1:A1:E4:F0,eduroam,29,569.0840075016022,B2-01,1,1
172,54:F0:B1:A1:E4:F1,PoliSemFio,29,569.0840075016022,B2-01,1,1
173,54:F0:B1:A1:E4:F2,,20,569.0840075016022,B2-01,1,1
174,54:F0:B1:A1:E5:00,eduroam,17,569.0840075016022,B2-01,1,1
175,54:F0:B1:A1:E5:01,PoliSemFio,34,569.0840075016022,B2-01,1,1
176,54:F0:B1:A1:E5:02,,34,569.0840075016022,B2-01,1,1
177,54:F0:B1:A2:37:E2,,27,569.0840075016022,B2-01,1,1
178,54:F0:B1:A2:56:70,eduroam,14,569.0840075016022,B2-01,1,1
179,54:F0:B1:A2:56:71,PoliSemFio,24,569.0840075016022,B2-01,1,1
180,54:F0:B1:A2:56:72,,24,569.0840075016022,B2-01,1,1
181,54:F0:B1:A2:57:20,eduroam,22,569.0840075016022,B2-01,1,1
182,54:F0:B1:A2:57:21,PoliSemFio,20,569.0840075016022,B2-01,1,1
183,54:F0:B1:A2:57:23,LCA,20,569.0840075016022,B2-01,1,1
184,54:F0:B1:A2:57:30,eduroam,37,569.0840075016022,B2-01,1,1
185,54:F0:B1:A2:57:31,PoliSemFio,32,569.0840075016022,B2-01,1,1
186,54:F0:B1:A2:57:32,,34,569.0840075016022,B2-01,1,1
187,54:F0:B1:A2:57:33,LCA,19,569.0840075016022,B2-01,1,1
188,54:F0:B1:BB:5A:80,eduroam,24,569.0840075016022,B2-01,1,1
189,54:F0:B1:BB:5A:81,PoliSemFio,30,569.0840075016022,B2-01,1,1
190,54:F0:B1:BB:5A:82,HACKER,9,569.0840075016022,B2-01,1,1
191,54:F0:B1:BB:5A:83,LEP,19,569.0840075016022,B2-01,1,1
192,54:F0:B1:BB:5A:84,,25,569.0840075016022,B2-01,1,1
193,54:F0:B1:BB:7E:E0,eduroam,24,569.0840075016022,B2-01,1,1
194,54:F0:B1:BB:7E:E2,,25,569.0840075016022,B2-01,1,1
195,54:F0:B1:BB:84:B2,,25,569.0840075016022,B2-01,1,1
196,54:F0:B1:BB:84:D0,eduroam,12,569.0840075016022,B2-01,1,1
197,54:F0:B1:BB:84:D1,PoliSemFio,12,569.0840075016022,B2-01,1,1
198,54:F0:B1:BB:92:C2,,27,569.0840075016022,B2-01,1,1
199,54:F0:B1:BB:92:E0,eduroam,24,569.0840075016022,B2-01,1,1
200,54:F0:B1:BB:92:E1,PoliSemFio,25,569.0840075016022,B2-01,1,1
201,54:F0:B1:BB:A1:60,eduroam,14,569.0840075016022,B2-01,1,1
202,54:F0:B1:BB:BE:13,CAEEL,17,569.0840075016022,B2-01,1,1
203,54:F0:B1:BB:C4:D0,eduroam,35,569.0840075016022,B2-01,1,1
204,54:F0:B1:BB:C4:D1,PoliSemFio,35,569.0840075016022,B2-01,1,1
205,54:F0:B1:BB:C4:D2,,35,569.0840075016022,B2-01,1,1
206,54:F0:B1:BB:C4:F0,eduroam,24,569.0840075016022,B2-01,1,1
207,54:F0:B1:BB:C4:F1,PoliSemFio,24,569.0840075016022,B2-01,1,1
208,54:F0:B1:BB:C4:F2,,27,569.0840075016022,B2-01,1,1
209,54:F0:B1:BB:C5:C4,GDLAB,37,569.0840075016022,B2-01,1,1
210,54:F0:B1:BB:C5:C5,LABPAD,29,569.0840075016022,B2-01,1,1
211,54:F0:B1:BB:C5:E4,GDLAB,9,569.0840075016022,B2-01,1,1
212,54:F0:B1:BB:C5:E5,LABPAD,10,569.0840075016022,B2-01,1,1
213,54:F0:B1:BB:CC:E0,B209,19,569.0840075016022,B2-01,1,1
214,54:F0:B1:BB:D1:92,LTE,19,569.0840075016022,B2-01,1,1
215,54:F0:B1:BB:F3:20,eduroam,25,569.0840075016022,B2-01,1,1
216,54:F0:B1:BB:F3:21,PoliSemFio,34,569.0840075016022,B2-01,1,1
217,54:F0:B1:BB:F3:22,,34,569.0840075016022,B2-01,1,1
218,54:F0:B1:BB:FD:D0,eduroam,20,569.0840075016022,B2-01,1,1
219,54:F0:B1:BB:FD:D1,PoliSemFio,20,569.0840075016022,B2-01,1,1
220,54:F0:B1:BB:FD:D2,,25,569.0840075016022,B2-01,1,1
221,54:F0:B1:BC:09:40,eduroam,90,569.0840075016022,B2-01,1,1
222,54:F0:B1:BC:09:41,PoliSemFio,95,569.0840075016022,B2-01,1,1
223,54:F0:B1:BC:09:42,,95,569.0840075016022,B2-01,1,1
224,54:F0:B1:BC:09:60,eduroam,76,569.0840075016022,B2-01,1,1
225,54:F0:B1:BC:09:61,PoliSemFio,89,569.0840075016022,B2-01,1,1
226,54:F0:B1:BC:1B:D0,eduroam,52,569.0840075016022,B2-01,1,1
227,54:F0:B1:BC:1B:D1,PoliSemFio,52,569.0840075016022,B2-01,1,1
228,54:F0:B1:BC:1B:D2,,50,569.0840075016022,B2-01,1,1
229,54:F0:B1:BC:1B:F0,eduroam,9,569.0840075016022,B2-01,1,1
230,54:F0:B1:BC:1B:F1,PoliSemFio,14,569.0840075016022,B2-01,1,1
231,54:F0:B1:BC:2E:90,eduroam,65,569.0840075016022,B2-01,1,1
232,54:F0:B1:BC:2E:B0,eduroam,27,569.0840075016022,B2-01,1,1
233,54:F0:B1:BC:2E:B1,PoliSemFio,25,569.0840075016022,B2-01,1,1
234,54:F0:B1:BC:36:10,PoliSemFio,30,569.0840075016022,B2-01,1,1
235,54:F0:B1:BC:36:11,eduroam,32,569.0840075016022,B2-01,1,1
236,54:F0:B1:BC:36:12,,30,569.0840075016022,B2-01,1,1
237,54:F0:B1:BC:3F:10,eduroam,30,569.0840075016022,B2-01,1,1
238,54:F0:B1:BC:3F:12,,22,569.0840075016022,B2-01,1,1
239,54:F0:B1:BC:65:B0,eduroam,25,569.0840075016022,B2-01,1,1
240,54:F0:B1:BC:65:D1,PoliSemFio,24,569.0840075016022,B2-01,1,1
241,54:F0:B1:BC:6F:71,PoliSemFio,25,569.0840075016022,B2-01,1,1
242,54:F0:B1:BC:6F:72,,25,569.0840075016022,B2-01,1,1
243,54:F0:B1:BC:70:00,eduroam,49,569.0840075016022,B2-01,1,1
244,54:F0:B1:BC:70:01,PoliSemFio,55,569.0840075016022,B2-01,1,1
245,54:F0:B1:BC:70:20,eduroam,20,569.0840075016022,B2-01,1,1
246,54:F0:B1:BC:70:21,PoliSemFio,14,569.0840075016022,B2-01,1,1
247,54:F0:B1:BC:77:80,eduroam,34,569.0840075016022,B2-01,1,1
248,54:F0:B1:BC:77:81,PoliSemFio,35,569.0840075016022,B2-01,1,1
249,54:F0:B1:BC:77:82,,39,569.0840075016022,B2-01,1,1
250,54:F0:B1:BC:77:A0,eduroam,17,569.0840075016022,B2-01,1,1
251,54:F0:B1:BC:77:A1,PoliSemFio,19,569.0840075016022,B2-01,1,1
252,54:F0:B1:BC:77:A2,,19,569.0840075016022,B2-01,1,1
253,54:F0:B1:BC:7C:90,eduroam,10,569.0840075016022,B2-01,1,1
254,54:F0:B1:BC:7C:B0,eduroam,19,569.0840075016022,B2-01,1,1
255,54:F0:B1:BC:7C:B1,PoliSemFio,17,569.0840075016022,B2-01,1,1
256,54:F0:B1:BC:7C:B2,,17,569.0840075016022,B2-01,1,1
257,54:F0:B1:BC:8F:20,eduroam,25,569.0840075016022,B2-01,1,1
258,54:F0:B1:BC:8F:21,PoliSemFio,32,569.0840075016022,B2-01,1,1
259,54:F0:B1:BC:8F:22,,25,569.0840075016022,B2-01,1,1
260,54:F0:B1:BC:8F:40,eduroam,12,569.0840075016022,B2-01,1,1
261,68:FF:7B:47:78:BD,C1-22M-5G,17,569.0840075016022,B2-01,1,1
262,68:FF:7B:47:78:BE,C1-22M,30,569.0840075016022,B2-01,1,1
263,70:62:B8:6E:72:A0,PCS-wireless-C1-13,37,569.0840075016022,B2-01,1,1
264,70:62:B8:6E:72:A1,PPGEE,35,569.0840075016022,B2-01,1,1
265,70:62:B8:6E:72:A3,PPGEE-5GHz,15,569.0840075016022,B2-01,1,1
266,84:D4:7E:06:4F:E0,eduroam,79,569.0840075016022,B2-01,1,1
267,84:D4:7E:06:4F:E1,PoliSemFio,77,569.0840075016022,B2-01,1,1
268,84:D4:7E:06:4F:E2,,77,569.0840075016022,B2-01,1,1
269,84:D4:7E:06:4F:F0,eduroam,30,569.0840075016022,B2-01,1,1
270,84:D4:7E:06:4F:F1,PoliSemFio,30,569.0840075016022,B2-01,1,1
271,84:D4:7E:06:4F:F2,,50,569.0840075016022,B2-01,1,1
272,B0:4E:26:4B:84:C2,C2-01,20,569.0840075016022,B2-01,1,1
273,B6:4E:26:4B:84:C2,C2-01-Guest,29,569.0840075016022,B2-01,1,1
274,DC:9F:DB:1C:1F:D7,LWN-3,17,569.0840075016022,B2-01,1,1
275,DE:9F:DB:1C:1F:E0,LARC Guest,27,569.0840075016022,B2-01,1,1
276,EE:9F:DB:1C:1F:E0,,27,569.0840075016022,B2-01,1,1
277,F8:1A:67:99:55:8E,NUCLEAR_CHF,40,569.0840075016022,B2-01,1,1
278,FA:D0:27:3E:69:92,DIRECT-273EE992,17,569.0840075016022,B2-01,1,1
279,FE:9F:DB:1C:1F:E0,,40,569.0840075016022,B2-01,1,1
280,00:18:E7:FF:8C:98,dlink,29,575.371654510498,B2-01,1,1
281,00:21:91:70:9D:EC,LAB-DIDATICO,24,575.371654510498,B2-01,1,1
282,30:85:A9:69:F2:E4,PCS-Wireless-C2-22,40,575.371654510498,B2-01,1,1
283,34:60:F9:A3:D9:13,GASWIFI-5G_C2,19,575.371654510498,B2-01,1,1
284,34:60:F9:A3:D9:14,GASWIFI-2G_C2,37,575.371654510498,B2-01,1,1
285,34:60:F9:A3:E7:3F,GASWIFI_C4,40,575.371654510498,B2-01,1,1
286,34:CE:00:51:3E:6F,Lab,47,575.371654510498,B2-01,1,1
287,34:CE:00:51:3E:70,Lab_5G,12,575.371654510498,B2-01,1,1
288,3A:60:F9:A3:D9:13,,19,575.371654510498,B2-01,1,1
289,3A:60:F9:A3:D9:14,,29,575.371654510498,B2-01,1,1
290,44:D2:44:DC:2E:01,PROJETOR_B2-06-EC89sIpciG1AUef,37,575.371654510498,B2-01,1,1
291,54:B8:0A:AA:2C:8C,LAB_DIGITAL,39,575.371654510498,B2-01,1,1
292,54:B8:0A:AA:2C:8D,PCS-Wireless,37,575.371654510498,B2-01,1,1
293,54:B8:0A:AA:2C:8E,LAB_DIGITAL-5GHz,12,575.371654510498,B2-01,1,1
294,54:B8:0A:AA:2C:8F,PCS-Wireless-5GHz,12,575.371654510498,B2-01,1,1
295,54:F0:B1:A1:18:C0,eduroam,17,575.371654510498,B2-01,1,1
296,54:F0:B1:A1:18:C1,PoliSemFio,19,575.371654510498,B2-01,1,1
297,54:F0:B1:A1:18:C3,MEZANINO,15,575.371654510498,B2-01,1,1
298,54:F0:B1:A1:18:C4,GDLAB,15,575.371654510498,B2-01,1,1
299,54:F0:B1:A1:18:C5,LABPAD,15,575.371654510498,B2-01,1,1
300,54:F0:B1:A1:18:D0,eduroam,47,575.371654510498,B2-01,1,1
301,54:F0:B1:A1:18:D1,PoliSemFio,39,575.371654510498,B2-01,1,1
302,54:F0:B1:A1:18:D2,,29,575.371654510498,B2-01,1,1
303,54:F0:B1:A1:18:D3,MEZANINO,22,575.371654510498,B2-01,1,1
304,54:F0:B1:A1:18:D4,GDLAB,47,575.371654510498,B2-01,1,1
305,54:F0:B1:A1:18:D5,LABPAD,45,575.371654510498,B2-01,1,1
306,54:F0:B1:A1:57:F0,eduroam,22,575.371654510498,B2-01,1,1
307,54:F0:B1:A1:57:F1,PoliSemFio,22,575.371654510498,B2-01,1,1
308,54:F0:B1:A1:58:00,eduroam,32,575.371654510498,B2-01,1,1
309,54:F0:B1:A1:58:01,PoliSemFio,32,575.371654510498,B2-01,1,1
310,54:F0:B1:A1:58:02,,29,575.371654510498,B2-01,1,1
311,54:F0:B1:A1:E4:F0,eduroam,14,575.371654510498,B2-01,1,1
312,54:F0:B1:A1:E4:F1,PoliSemFio,12,575.371654510498,B2-01,1,1
313,54:F0:B1:A1:E5:00,eduroam,17,575.371654510498,B2-01,1,1
314,54:F0:B1:A1:E5:01,PoliSemFio,34,575.371654510498,B2-01,1,1
315,54:F0:B1:A1:E5:02,,29,575.371654510498,B2-01,1,1
316,54:F0:B1:A2:56:70,eduroam,14,575.371654510498,B2-01,1,1
317,54:F0:B1:A2:56:71,PoliSemFio,24,575.371654510498,B2-01,1,1
318,54:F0:B1:A2:56:72,,24,575.371654510498,B2-01,1,1
319,54:F0:B1:A2:57:20,eduroam,22,575.371654510498,B2-01,1,1
320,54:F0:B1:A2:57:21,PoliSemFio,20,575.371654510498,B2-01,1,1
321,54:F0:B1:A2:57:23,LCA,20,575.371654510498,B2-01,1,1
322,54:F0:B1:A2:57:30,eduroam,20,575.371654510498,B2-01,1,1
323,54:F0:B1:A2:57:31,PoliSemFio,29,575.371654510498,B2-01,1,1
324,54:F0:B1:A2:57:32,,30,575.371654510498,B2-01,1,1
325,54:F0:B1:A2:57:33,LCA,22,575.371654510498,B2-01,1,1
326,54:F0:B1:BB:5A:80,eduroam,24,575.371654510498,B2-01,1,1
327,54:F0:B1:BB:5A:81,PoliSemFio,22,575.371654510498,B2-01,1,1
328,54:F0:B1:BB:5A:82,HACKER,9,575.371654510498,B2-01,1,1
329,54:F0:B1:BB:7E:E0,eduroam,24,575.371654510498,B2-01,1,1
330,54:F0:B1:BB:80:C0,eduroam,34,575.371654510498,B2-01,1,1
331,54:F0:B1:BB:80:C1,PoliSemFio,24,575.371654510498,B2-01,1,1
332,54:F0:B1:BB:80:C2,,25,575.371654510498,B2-01,1,1
333,54:F0:B1:BB:84:B2,,25,575.371654510498,B2-01,1,1
334,54:F0:B1:BB:84:D0,eduroam,12,575.371654510498,B2-01,1,1
335,54:F0:B1:BB:84:D1,PoliSemFio,12,575.371654510498,B2-01,1,1
336,54:F0:B1:BB:92:C0,eduroam,17,575.371654510498,B2-01,1,1
337,54:F0:B1:BB:92:C2,,27,575.371654510498,B2-01,1,1
338,54:F0:B1:BB:92:E0,eduroam,24,575.371654510498,B2-01,1,1
339,54:F0:B1:BB:92:E1,PoliSemFio,25,575.371654510498,B2-01,1,1
340,54:F0:B1:BB:A1:60,eduroam,14,575.371654510498,B2-01,1,1
341,54:F0:B1:BB:BE:13,CAEEL,17,575.371654510498,B2-01,1,1
342,54:F0:B1:BB:C4:D0,eduroam,62,575.371654510498,B2-01,1,1
343,54:F0:B1:BB:C4:D1,PoliSemFio,60,575.371654510498,B2-01,1,1
344,54:F0:B1:BB:C4:D2,,35,575.371654510498,B2-01,1,1
345,54:F0:B1:BB:C4:F0,eduroam,29,575.371654510498,B2-01,1,1
346,54:F0:B1:BB:C4:F1,PoliSemFio,24,575.371654510498,B2-01,1,1
347,54:F0:B1:BB:C4:F2,,27,575.371654510498,B2-01,1,1
348,54:F0:B1:BB:C5:C5,LABPAD,29,575.371654510498,B2-01,1,1
349,54:F0:B1:BB:CC:E0,B209,19,575.371654510498,B2-01,1,1
350,54:F0:B1:BB:FD:D0,eduroam,20,575.371654510498,B2-01,1,1
351,54:F0:B1:BB:FD:D1,PoliSemFio,20,575.371654510498,B2-01,1,1
352,54:F0:B1:BB:FD:D2,,22,575.371654510498,B2-01,1,1
353,54:F0:B1:BC:09:40,eduroam,69,575.371654510498,B2-01,1,1
354,54:F0:B1:BC:09:41,PoliSemFio,92,575.371654510498,B2-01,1,1
355,54:F0:B1:BC:09:42,,95,575.371654510498,B2-01,1,1
356,54:F0:B1:BC:09:60,eduroam,85,575.371654510498,B2-01,1,1
357,54:F0:B1:BC:09:61,PoliSemFio,85,575.371654510498,B2-01,1,1
358,54:F0:B1:BC:1B:D0,eduroam,52,575.371654510498,B2-01,1,1
359,54:F0:B1:BC:1B:D1,PoliSemFio,52,575.371654510498,B2-01,1,1
360,54:F0:B1:BC:1B:D2,,57,575.371654510498,B2-01,1,1
361,54:F0:B1:BC:1B:F0,eduroam,24,575.371654510498,B2-01,1,1
362,54:F0:B1:BC:1B:F1,PoliSemFio,24,575.371654510498,B2-01,1,1
363,54:F0:B1:BC:2E:90,eduroam,75,575.371654510498,B2-01,1,1
364,54:F0:B1:BC:2E:B0,eduroam,22,575.371654510498,B2-01,1,1
365,54:F0:B1:BC:2E:B1,PoliSemFio,20,575.371654510498,B2-01,1,1
366,54:F0:B1:BC:36:10,PoliSemFio,30,575.371654510498,B2-01,1,1
367,54:F0:B1:BC:36:11,eduroam,25,575.371654510498,B2-01,1,1
368,54:F0:B1:BC:36:12,,30,575.371654510498,B2-01,1,1
369,54:F0:B1:BC:3F:10,eduroam,40,575.371654510498,B2-01,1,1
370,54:F0:B1:BC:3F:12,,22,575.371654510498,B2-01,1,1
371,54:F0:B1:BC:65:D1,PoliSemFio,24,575.371654510498,B2-01,1,1
372,54:F0:B1:BC:6F:71,PoliSemFio,25,575.371654510498,B2-01,1,1
373,54:F0:B1:BC:70:00,eduroam,49,575.371654510498,B2-01,1,1
374,54:F0:B1:BC:70:01,PoliSemFio,42,575.371654510498,B2-01,1,1
375,54:F0:B1:BC:70:20,eduroam,14,575.371654510498,B2-01,1,1
376,54:F0:B1:BC:70:21,PoliSemFio,15,575.371654510498,B2-01,1,1
377,54:F0:B1:BC:77:80,eduroam,34,575.371654510498,B2-01,1,1
378,54:F0:B1:BC:77:81,PoliSemFio,35,575.371654510498,B2-01,1,1
379,54:F0:B1:BC:77:82,,47,575.371654510498,B2-01,1,1
380,54:F0:B1:BC:77:A0,eduroam,20,575.371654510498,B2-01,1,1
381,54:F0:B1:BC:77:A1,PoliSemFio,19,575.371654510498,B2-01,1,1
382,54:F0:B1:BC:77:A2,,19,575.371654510498,B2-01,1,1
383,54:F0:B1:BC:7C:90,eduroam,10,575.371654510498,B2-01,1,1
384,54:F0:B1:BC:7C:B0,eduroam,19,575.371654510498,B2-01,1,1
385,54:F0:B1:BC:7C:B1,PoliSemFio,17,575.371654510498,B2-01,1,1
386,54:F0:B1:BC:7C:B2,,17,575.371654510498,B2-01,1,1
387,54:F0:B1:BC:8F:20,eduroam,25,575.371654510498,B2-01,1,1
388,68:FF:7B:47:78:BD,C1-22M-5G,17,575.371654510498,B2-01,1,1
389,68:FF:7B:47:78:BE,C1-22M,39,575.371654510498,B2-01,1,1
390,70:62:B8:6E:72:A0,PCS-wireless-C1-13,40,575.371654510498,B2-01,1,1
391,70:62:B8:6E:72:A1,PPGEE,35,575.371654510498,B2-01,1,1
392,70:62:B8:6E:72:A3,PPGEE-5GHz,15,575.371654510498,B2-01,1,1
393,84:D4:7E:06:4F:E0,eduroam,54,575.371654510498,B2-01,1,1
394,84:D4:7E:06:4F:E1,PoliSemFio,77,575.371654510498,B2-01,1,1
395,84:D4:7E:06:4F:E2,,65,575.371654510498,B2-01,1,1
396,84:D4:7E:06:4F:F0,eduroam,19,575.371654510498,B2-01,1,1
397,84:D4:7E:06:4F:F1,PoliSemFio,19,575.371654510498,B2-01,1,1
398,84:D4:7E:06:4F:F2,,50,575.371654510498,B2-01,1,1
399,B0:4E:26:4B:84:C2,C2-01,20,575.371654510498,B2-01,1,1
400,DC:9F:DB:1C:1F:D7,LWN-3,19,575.371654510498,B2-01,1,1
401,DE:9F:DB:1C:1F:E0,LARC Guest,32,575.371654510498,B2-01,1,1
402,F8:1A:67:99:55:8E,NUCLEAR_CHF,40,575.371654510498,B2-01,1,1
403,FE:9F:DB:1C:1F:E0,,34,575.371654510498,B2-01,1,1
404,00:18:E7:FF:8C:98,dlink,29,581.6228215694427,B2-01,1,1
405,00:21:91:70:9D:EC,LAB-DIDATICO,24,581.6228215694427,B2-01,1,1
406,30:85:A9:69:F2:E4,PCS-Wireless-C2-22,40,581.6228215694427,B2-01,1,1
407,34:60:F9:A3:D9:13,GASWIFI-5G_C2,19,581.6228215694427,B2-01,1,1
408,34:60:F9:A3:D9:14,GASWIFI-2G_C2,37,581.6228215694427,B2-01,1,1
409,34:60:F9:A3:E7:3F,GASWIFI_C4,40,581.6228215694427,B2-01,1,1
410,34:CE:00:51:3E:6F,Lab,47,581.6228215694427,B2-01,1,1
411,34:CE:00:51:3E:70,Lab_5G,12,581.6228215694427,B2-01,1,1
412,3A:60:F9:A3:D9:13,,19,581.6228215694427,B2-01,1,1
413,3A:60:F9:A3:D9:14,,29,581.6228215694427,B2-01,1,1
414,44:D2:44:DC:2E:01,PROJETOR_B2-06-EC89sIpciG1AUef,37,581.6228215694427,B2-01,1,1
415,54:B8:0A:AA:2C:8C,LAB_DIGITAL,39,581.6228215694427,B2-01,1,1
416,54:B8:0A:AA:2C:8D,PCS-Wireless,37,581.6228215694427,B2-01,1,1
417,54:B8:0A:AA:2C:8E,LAB_DIGITAL-5GHz,12,581.6228215694427,B2-01,1,1
418,54:B8:0A:AA:2C:8F,PCS-Wireless-5GHz,12,581.6228215694427,B2-01,1,1
419,54:F0:B1:A1:18:C0,eduroam,17,581.6228215694427,B2-01,1,1
420,54:F0:B1:A1:18:C1,PoliSemFio,19,581.6228215694427,B2-01,1,1
421,54:F0:B1:A1:18:C3,MEZANINO,15,581.6228215694427,B2-01,1,1
422,54:F0:B1:A1:18:C4,GDLAB,15,581.6228215694427,B2-01,1,1
423,54:F0:B1:A1:18:C5,LABPAD,15,581.6228215694427,B2-01,1,1
424,54:F0:B1:A1:18:D0,eduroam,47,581.6228215694427,B2-01,1,1
425,54:F0:B1:A1:18:D1,PoliSemFio,39,581.6228215694427,B2-01,1,1
426,54:F0:B1:A1:18:D2,,29,581.6228215694427,B2-01,1,1
427,54:F0:B1:A1:18:D3,MEZANINO,22,581.6228215694427,B2-01,1,1
428,54:F0:B1:A1:18:D4,GDLAB,47,581.6228215694427,B2-01,1,1
429,54:F0:B1:A1:18:D5,LABPAD,45,581.6228215694427,B2-01,1,1
430,54:F0:B1:A1:57:F0,eduroam,22,581.6228215694427,B2-01,1,1
431,54:F0:B1:A1:57:F1,PoliSemFio,22,581.6228215694427,B2-01,1,1
432,54:F0:B1:A1:58:00,eduroam,32,581.6228215694427,B2-01,1,1
433,54:F0:B1:A1:58:01,PoliSemFio,32,581.6228215694427,B2-01,1,1
434,54:F0:B1:A1:58:02,,29,581.6228215694427,B2-01,1,1
435,54:F0:B1:A1:E4:F0,eduroam,14,581.6228215694427,B2-01,1,1
436,54:F0:B1:A1:E4:F1,PoliSemFio,12,581.6228215694427,B2-01,1,1
437,54:F0:B1:A1:E5:00,eduroam,17,581.6228215694427,B2-01,1,1
438,54:F0:B1:A1:E5:01,PoliSemFio,34,581.6228215694427,B2-01,1,1
439,54:F0:B1:A1:E5:02,,29,581.6228215694427,B2-01,1,1
440,54:F0:B1:A2:56:70,eduroam,14,581.6228215694427,B2-01,1,1
441,54:F0:B1:A2:56:71,PoliSemFio,24,581.6228215694427,B2-01,1,1
442,54:F0:B1:A2:56:72,,24,581.6228215694427,B2-01,1,1
443,54:F0:B1:A2:57:20,eduroam,22,581.6228215694427,B2-01,1,1
444,54:F0:B1:A2:57:21,PoliSemFio,20,581.6228215694427,B2-01,1,1
445,54:F0:B1:A2:57:23,LCA,20,581.6228215694427,B2-01,1,1
446,54:F0:B1:A2:57:30,eduroam,20,581.6228215694427,B2-01,1,1
447,54:F0:B1:A2:57:31,PoliSemFio,29,581.6228215694427,B2-01,1,1
448,54:F0:B1:A2:57:32,,30,581.6228215694427,B2-01,1,1
449,54:F0:B1:A2:57:33,LCA,22,581.6228215694427,B2-01,1,1
450,54:F0:B1:BB:5A:80,eduroam,24,581.6228215694427,B2-01,1,1
451,54:F0:B1:BB:5A:81,PoliSemFio,22,581.6228215694427,B2-01,1,1
452,54:F0:B1:BB:5A:82,HACKER,9,581.6228215694427,B2-01,1,1
453,54:F0:B1:BB:7E:E0,eduroam,24,581.6228215694427,B2-01,1,1
454,54:F0:B1:BB:80:C0,eduroam,34,581.6228215694427,B2-01,1,1
455,54:F0:B1:BB:80:C1,PoliSemFio,24,581.6228215694427,B2-01,1,1
456,54:F0:B1:BB:80:C2,,25,581.6228215694427,B2-01,1,1
457,54:F0:B1:BB:84:B2,,25,581.6228215694427,B2-01,1,1
458,54:F0:B1:BB:84:D0,eduroam,12,581.6228215694427,B2-01,1,1
459,54:F0:B1:BB:84:D1,PoliSemFio,12,581.6228215694427,B2-01,1,1
460,54:F0:B1:BB:92:C0,eduroam,17,581.6228215694427,B2-01,1,1
461,54:F0:B1:BB:92:C2,,27,581.6228215694427,B2-01,1,1
462,54:F0:B1:BB:92:E0,eduroam,24,581.6228215694427,B2-01,1,1
463,54:F0:B1:BB:92:E1,PoliSemFio,25,581.6228215694427,B2-01,1,1
464,54:F0:B1:BB:A1:60,eduroam,14,581.6228215694427,B2-01,1,1
465,54:F0:B1:BB:BE:13,CAEEL,17,581.6228215694427,B2-01,1,1
466,54:F0:B1:BB:C4:D0,eduroam,62,581.6228215694427,B2-01,1,1
467,54:F0:B1:BB:C4:D1,PoliSemFio,60,581.6228215694427,B2-01,1,1
468,54:F0:B1:BB:C4:D2,,35,581.6228215694427,B2-01,1,1
469,54:F0:B1:BB:C4:F0,eduroam,29,581.6228215694427,B2-01,1,1
470,54:F0:B1:BB:C4:F1,PoliSemFio,24,581.6228215694427,B2-01,1,1
471,54:F0:B1:BB:C4:F2,,27,581.6228215694427,B2-01,1,1
472,54:F0:B1:BB:C5:C5,LABPAD,29,581.6228215694427,B2-01,1,1
473,54:F0:B1:BB:CC:E0,B209,19,581.6228215694427,B2-01,1,1
474,54:F0:B1:BB:FD:D0,eduroam,20,581.6228215694427,B2-01,1,1
475,54:F0:B1:BB:FD:D1,PoliSemFio,20,581.6228215694427,B2-01,1,1
476,54:F0:B1:BB:FD:D2,,22,581.6228215694427,B2-01,1,1
477,54:F0:B1:BC:09:40,eduroam,69,581.6228215694427,B2-01,1,1
478,54:F0:B1:BC:09:41,PoliSemFio,92,581.6228215694427,B2-01,1,1
479,54:F0:B1:BC:09:42,,95,581.6228215694427,B2-01,1,1
480,54:F0:B1:BC:09:60,eduroam,76,581.6228215694427,B2-01,1,1
481,54:F0:B1:BC:09:61,PoliSemFio,85,581.6228215694427,B2-01,1,1
482,54:F0:B1:BC:1B:D0,eduroam,52,581.6228215694427,B2-01,1,1
483,54:F0:B1:BC:1B:D1,PoliSemFio,52,581.6228215694427,B2-01,1,1
484,54:F0:B1:BC:1B:D2,,57,581.6228215694427,B2-01,1,1
485,54:F0:B1:BC:1B:F0,eduroam,24,581.6228215694427,B2-01,1,1
486,54:F0:B1:BC:1B:F1,PoliSemFio,24,581.6228215694427,B2-01,1,1
487,54:F0:B1:BC:2E:90,eduroam,75,581.6228215694427,B2-01,1,1
488,54:F0:B1:BC:2E:B0,eduroam,22,581.6228215694427,B2-01,1,1
489,54:F0:B1:BC:2E:B1,PoliSemFio,20,581.6228215694427,B2-01,1,1
490,54:F0:B1:BC:36:10,PoliSemFio,30,581.6228215694427,B2-01,1,1
491,54:F0:B1:BC:36:11,eduroam,25,581.6228215694427,B2-01,1,1
492,54:F0:B1:BC:36:12,,30,581.6228215694427,B2-01,1,1
493,54:F0:B1:BC:3F:10,eduroam,40,581.6228215694427,B2-01,1,1
494,54:F0:B1:BC:3F:12,,22,581.6228215694427,B2-01,1,1
495,54:F0:B1:BC:65:D1,PoliSemFio,24,581.6228215694427,B2-01,1,1
496,54:F0:B1:BC:6F:71,PoliSemFio,25,581.6228215694427,B2-01,1,1
497,54:F0:B1:BC:70:00,eduroam,49,581.6228215694427,B2-01,1,1
498,54:F0:B1:BC:70:01,PoliSemFio,42,581.6228215694427,B2-01,1,1
499,54:F0:B1:BC:70:20,eduroam,14,581.6228215694427,B2-01,1,1
500,54:F0:B1:BC:70:21,PoliSemFio,15,581.6228215694427,B2-01,1,1
501,54:F0:B1:BC:77:80,eduroam,34,581.6228215694427,B2-01,1,1
502,54:F0:B1:BC:77:81,PoliSemFio,35,581.6228215694427,B2-01,1,1
503,54:F0:B1:BC:77:82,,47,581.6228215694427,B2-01,1,1
504,54:F0:B1:BC:77:A0,eduroam,20,581.6228215694427,B2-01,1,1
505,54:F0:B1:BC:77:A1,PoliSemFio,19,581.6228215694427,B2-01,1,1
506,54:F0:B1:BC:77:A2,,19,581.6228215694427,B2-01,1,1
507,54:F0:B1:BC:7C:90,eduroam,10,581.6228215694427,B2-01,1,1
508,54:F0:B1:BC:7C:B0,eduroam,19,581.6228215694427,B2-01,1,1
509,54:F0:B1:BC:7C:B1,PoliSemFio,17,581.6228215694427,B2-01,1,1
510,54:F0:B1:BC:7C:B2,,17,581.6228215694427,B2-01,1,1
511,54:F0:B1:BC:8F:20,eduroam,25,581.6228215694427,B2-01,1,1
512,68:FF:7B:47:78:BD,C1-22M-5G,17,581.6228215694427,B2-01,1,1
513,68:FF:7B:47:78:BE,C1-22M,39,581.6228215694427,B2-01,1,1
514,70:62:B8:6E:72:A0,PCS-wireless-C1-13,40,581.6228215694427,B2-01,1,1
515,70:62:B8:6E:72:A1,PPGEE,35,581.6228215694427,B2-01,1,1
516,70:62:B8:6E:72:A3,PPGEE-5GHz,15,581.6228215694427,B2-01,1,1
517,84:D4:7E:06:4F:E0,eduroam,54,581.6228215694427,B2-01,1,1
518,84:D4:7E:06:4F:E1,PoliSemFio,77,581.6228215694427,B2-01,1,1
519,84:D4:7E:06:4F:E2,,65,581.6228215694427,B2-01,1,1
520,84:D4:7E:06:4F:F0,eduroam,19,581.6228215694427,B2-01,1,1
521,84:D4:7E:06:4F:F1,PoliSemFio,19,581.6228215694427,B2-01,1,1
522,84:D4:7E:06:4F:F2,,50,581.6228215694427,B2-01,1,1
523,B0:4E:26:4B:84:C2,C2-01,20,581.6228215694427,B2-01,1,1
524,DC:9F:DB:1C:1F:D7,LWN-3,19,581.6228215694427,B2-01,1,1
525,DE:9F:DB:1C:1F:E0,LARC Guest,32,581.6228215694427,B2-01,1,1
526,F8:1A:67:99:55:8E,NUCLEAR_CHF,40,581.6228215694427,B2-01,1,1
527,FE:9F:DB:1C:1F:E0,,34,581.6228215694427,B2-01,1,1
528,00:18:E7:FF:8C:98,dlink,27,584.2529001235962,B2-01,1,1
529,00:21:91:70:9D:EC,LAB-DIDATICO,17,584.2529001235962,B2-01,1,1
530,30:85:A9:69:F2:E4,PCS-Wireless-C2-22,35,584.2529001235962,B2-01,1,1
531,34:60:F9:A3:D9:13,GASWIFI-5G_C2,12,584.2529001235962,B2-01,1,1
532,34:60:F9:A3:D9:14,GASWIFI-2G_C2,34,584.2529001235962,B2-01,1,1
533,34:60:F9:A3:E7:3F,GASWIFI_C4,40,584.2529001235962,B2-01,1,1
534,34:CE:00:51:3E:6F,Lab,52,584.2529001235962,B2-01,1,1
535,34:CE:00:51:3E:70,Lab_5G,17,584.2529001235962,B2-01,1,1
536,3A:60:F9:A3:D9:13,,19,584.2529001235962,B2-01,1,1
537,3A:60:F9:A3:D9:14,,32,584.2529001235962,B2-01,1,1
538,44:D2:44:DC:2E:01,PROJETOR_B2-06-EC89sIpciG1AUef,39,584.2529001235962,B2-01,1,1
539,54:B8:0A:AA:2C:8C,LAB_DIGITAL,34,584.2529001235962,B2-01,1,1
540,54:B8:0A:AA:2C:8D,PCS-Wireless,32,584.2529001235962,B2-01,1,1
541,54:B8:0A:AA:2C:8E,LAB_DIGITAL-5GHz,12,584.2529001235962,B2-01,1,1
542,54:B8:0A:AA:2C:8F,PCS-Wireless-5GHz,12,584.2529001235962,B2-01,1,1
543,54:F0:B1:A1:18:C0,eduroam,19,584.2529001235962,B2-01,1,1
544,54:F0:B1:A1:18:C1,PoliSemFio,19,584.2529001235962,B2-01,1,1
545,54:F0:B1:A1:18:C3,MEZANINO,17,584.2529001235962,B2-01,1,1
546,54:F0:B1:A1:18:C4,GDLAB,19,584.2529001235962,B2-01,1,1
547,54:F0:B1:A1:18:C5,LABPAD,19,584.2529001235962,B2-01,1,1
548,54:F0:B1:A1:18:D0,eduroam,47,584.2529001235962,B2-01,1,1
549,54:F0:B1:A1:18:D1,PoliSemFio,39,584.2529001235962,B2-01,1,1
550,54:F0:B1:A1:18:D2,,34,584.2529001235962,B2-01,1,1
551,54:F0:B1:A1:18:D3,MEZANINO,22,584.2529001235962,B2-01,1,1
552,54:F0:B1:A1:18:D4,GDLAB,34,584.2529001235962,B2-01,1,1
553,54:F0:B1:A1:18:D5,LABPAD,30,584.2529001235962,B2-01,1,1
554,54:F0:B1:A1:58:00,eduroam,27,584.2529001235962,B2-01,1,1
555,54:F0:B1:A1:58:01,PoliSemFio,29,584.2529001235962,B2-01,1,1
556,54:F0:B1:A1:58:02,,29,584.2529001235962,B2-01,1,1
557,54:F0:B1:A1:E4:F0,eduroam,14,584.2529001235962,B2-01,1,1
558,54:F0:B1:A1:E4:F1,PoliSemFio,12,584.2529001235962,B2-01,1,1
559,54:F0:B1:A1:E5:00,eduroam,29,584.2529001235962,B2-01,1,1
560,54:F0:B1:A1:E5:01,PoliSemFio,34,584.2529001235962,B2-01,1,1
561,54:F0:B1:A1:E5:02,,29,584.2529001235962,B2-01,1,1
562,54:F0:B1:A2:56:70,eduroam,14,584.2529001235962,B2-01,1,1
563,54:F0:B1:A2:56:71,PoliSemFio,24,584.2529001235962,B2-01,1,1
564,54:F0:B1:A2:56:72,,24,584.2529001235962,B2-01,1,1
565,54:F0:B1:A2:57:20,eduroam,22,584.2529001235962,B2-01,1,1
566,54:F0:B1:A2:57:21,PoliSemFio,20,584.2529001235962,B2-01,1,1
567,54:F0:B1:A2:57:23,LCA,20,584.2529001235962,B2-01,1,1
568,54:F0:B1:A2:57:30,eduroam,20,584.2529001235962,B2-01,1,1
569,54:F0:B1:A2:57:31,PoliSemFio,29,584.2529001235962,B2-01,1,1
570,54:F0:B1:A2:57:32,,30,584.2529001235962,B2-01,1,1
571,54:F0:B1:A2:57:33,LCA,22,584.2529001235962,B2-01,1,1
572,54:F0:B1:BB:5A:80,eduroam,14,584.2529001235962,B2-01,1,1
573,54:F0:B1:BB:5A:81,PoliSemFio,22,584.2529001235962,B2-01,1,1
574,54:F0:B1:BB:5A:82,HACKER,19,584.2529001235962,B2-01,1,1
575,54:F0:B1:BB:5A:83,LEP,19,584.2529001235962,B2-01,1,1
576,54:F0:B1:BB:80:C0,eduroam,34,584.2529001235962,B2-01,1,1
577,54:F0:B1:BB:80:C1,PoliSemFio,24,584.2529001235962,B2-01,1,1
578,54:F0:B1:BB:80:C2,,25,584.2529001235962,B2-01,1,1
579,54:F0:B1:BB:84:B2,,25,584.2529001235962,B2-01,1,1
580,54:F0:B1:BB:84:D0,eduroam,12,584.2529001235962,B2-01,1,1
581,54:F0:B1:BB:84:D1,PoliSemFio,12,584.2529001235962,B2-01,1,1
582,54:F0:B1:BB:92:C0,eduroam,17,584.2529001235962,B2-01,1,1
583,54:F0:B1:BB:92:C2,,27,584.2529001235962,B2-01,1,1
584,54:F0:B1:BB:BE:13,CAEEL,17,584.2529001235962,B2-01,1,1
585,54:F0:B1:BB:C4:D0,eduroam,62,584.2529001235962,B2-01,1,1
586,54:F0:B1:BB:C4:D1,PoliSemFio,60,584.2529001235962,B2-01,1,1
587,54:F0:B1:BB:C4:D2,,35,584.2529001235962,B2-01,1,1
588,54:F0:B1:BB:C4:F0,eduroam,24,584.2529001235962,B2-01,1,1
589,54:F0:B1:BB:C4:F1,PoliSemFio,24,584.2529001235962,B2-01,1,1
590,54:F0:B1:BB:C4:F2,,25,584.2529001235962,B2-01,1,1
591,54:F0:B1:BB:FD:D0,eduroam,17,584.2529001235962,B2-01,1,1
592,54:F0:B1:BB:FD:D1,PoliSemFio,20,584.2529001235962,B2-01,1,1
593,54:F0:B1:BB:FD:D2,,22,584.2529001235962,B2-01,1,1
594,54:F0:B1:BC:09:40,eduroam,84,584.2529001235962,B2-01,1,1
595,54:F0:B1:BC:09:41,PoliSemFio,90,584.2529001235962,B2-01,1,1
596,54:F0:B1:BC:09:42,,90,584.2529001235962,B2-01,1,1
597,54:F0:B1:BC:09:60,eduroam,85,584.2529001235962,B2-01,1,1
598,54:F0:B1:BC:09:61,PoliSemFio,85,584.2529001235962,B2-01,1,1
599,54:F0:B1:BC:1B:D0,eduroam,34,584.2529001235962,B2-01,1,1
600,54:F0:B1:BC:1B:D1,PoliSemFio,50,584.2529001235962,B2-01,1,1
601,54:F0:B1:BC:1B:D2,,52,584.2529001235962,B2-01,1,1
602,54:F0:B1:BC:1B:F0,eduroam,15,584.2529001235962,B2-01,1,1
603,54:F0:B1:BC:1B:F1,PoliSemFio,15,584.2529001235962,B2-01,1,1
604,54:F0:B1:BC:2E:90,eduroam,75,584.2529001235962,B2-01,1,1
605,54:F0:B1:BC:2E:B0,eduroam,27,584.2529001235962,B2-01,1,1
606,54:F0:B1:BC:2E:B1,PoliSemFio,29,584.2529001235962,B2-01,1,1
607,54:F0:B1:BC:36:10,PoliSemFio,30,584.2529001235962,B2-01,1,1
608,54:F0:B1:BC:36:11,eduroam,25,584.2529001235962,B2-01,1,1
609,54:F0:B1:BC:36:12,,30,584.2529001235962,B2-01,1,1
610,54:F0:B1:BC:3F:10,eduroam,40,584.2529001235962,B2-01,1,1
611,54:F0:B1:BC:65:D1,PoliSemFio,24,584.2529001235962,B2-01,1,1
612,54:F0:B1:BC:70:00,eduroam,42,584.2529001235962,B2-01,1,1
613,54:F0:B1:BC:70:01,PoliSemFio,34,584.2529001235962,B2-01,1,1
614,54:F0:B1:BC:70:20,eduroam,15,584.2529001235962,B2-01,1,1
615,54:F0:B1:BC:70:21,PoliSemFio,15,584.2529001235962,B2-01,1,1
616,54:F0:B1:BC:77:80,eduroam,52,584.2529001235962,B2-01,1,1
617,54:F0:B1:BC:77:81,PoliSemFio,47,584.2529001235962,B2-01,1,1
618,54:F0:B1:BC:77:82,,47,584.2529001235962,B2-01,1,1
619,54:F0:B1:BC:77:A0,eduroam,20,584.2529001235962,B2-01,1,1
620,54:F0:B1:BC:77:A1,PoliSemFio,19,584.2529001235962,B2-01,1,1
621,54:F0:B1:BC:77:A2,,19,584.2529001235962,B2-01,1,1
622,54:F0:B1:BC:8F:20,eduroam,25,584.2529001235962,B2-01,1,1
623,68:FF:7B:47:78:BE,C1-22M,34,584.2529001235962,B2-01,1,1
624,70:62:B8:6E:72:A0,PCS-wireless-C1-13,37,584.2529001235962,B2-01,1,1
625,70:62:B8:6E:72:A1,PPGEE,35,584.2529001235962,B2-01,1,1
626,84:D4:7E:06:4F:E0,eduroam,54,584.2529001235962,B2-01,1,1
627,84:D4:7E:06:4F:E1,PoliSemFio,45,584.2529001235962,B2-01,1,1
628,84:D4:7E:06:4F:E2,,45,584.2529001235962,B2-01,1,1
629,84:D4:7E:06:4F:F0,eduroam,32,584.2529001235962,B2-01,1,1
630,84:D4:7E:06:4F:F1,PoliSemFio,32,584.2529001235962,B2-01,1,1
631,B0:4E:26:4B:84:C2,C2-01,20,584.2529001235962,B2-01,1,1
632,DC:9F:DB:1C:1F:D7,LWN-3,19,584.2529001235962,B2-01,1,1
633,DC:9F:DB:1C:1F:E0,LWN-3,30,584.2529001235962,B2-01,1,1
634,DE:9F:DB:1C:1F:E0,LARC Guest,32,584.2529001235962,B2-01,1,1
635,F8:1A:67:99:55:8E,NUCLEAR_CHF,32,584.2529001235962,B2-01,1,1
636,FE:9F:DB:1C:1F:E0,,29,584.2529001235962,B2-01,1,1
637,00:18:E7:FF:8C:98,dlink,27,586.88010430336,B2-01,1,1
638,00:21:91:70:9D:EC,LAB-DIDATICO,17,586.88010430336,B2-01,1,1
639,30:85:A9:69:F2:E4,PCS-Wireless-C2-22,35,586.88010430336,B2-01,1,1
640,34:60:F9:A3:D9:13,GASWIFI-5G_C2,12,586.88010430336,B2-01,1,1
641,34:60:F9:A3:D9:14,GASWIFI-2G_C2,34,586.88010430336,B2-01,1,1
642,34:60:F9:A3:E7:3F,GASWIFI_C4,40,586.88010430336,B2-01,1,1
643,34:CE:00:51:3E:6F,Lab,52,586.88010430336,B2-01,1,1
644,34:CE:00:51:3E:70,Lab_5G,17,586.88010430336,B2-01,1,1
645,3A:60:F9:A3:D9:13,,19,586.88010430336,B2-01,1,1
646,3A:60:F9:A3:D9:14,,32,586.88010430336,B2-01,1,1
647,44:D2:44:DC:2E:01,PROJETOR_B2-06-EC89sIpciG1AUef,39,586.88010430336,B2-01,1,1
648,54:B8:0A:AA:2C:8C,LAB_DIGITAL,34,586.88010430336,B2-01,1,1
649,54:B8:0A:AA:2C:8D,PCS-Wireless,32,586.88010430336,B2-01,1,1
650,54:B8:0A:AA:2C:8E,LAB_DIGITAL-5GHz,12,586.88010430336,B2-01,1,1
651,54:B8:0A:AA:2C:8F,PCS-Wireless-5GHz,12,586.88010430336,B2-01,1,1
652,54:F0:B1:A1:18:C0,eduroam,19,586.88010430336,B2-01,1,1
653,54:F0:B1:A1:18:C1,PoliSemFio,19,586.88010430336,B2-01,1,1
654,54:F0:B1:A1:18:C3,MEZANINO,17,586.88010430336,B2-01,1,1
655,54:F0:B1:A1:18:C4,GDLAB,19,586.88010430336,B2-01,1,1
656,54:F0:B1:A1:18:C5,LABPAD,19,586.88010430336,B2-01,1,1
657,54:F0:B1:A1:18:D0,eduroam,47,586.88010430336,B2-01,1,1
658,54:F0:B1:A1:18:D1,PoliSemFio,39,586.88010430336,B2-01,1,1
659,54:F0:B1:A1:18:D2,,34,586.88010430336,B2-01,1,1
660,54:F0:B1:A1:18:D3,MEZANINO,22,586.88010430336,B2-01,1,1
661,54:F0:B1:A1:18:D4,GDLAB,34,586.88010430336,B2-01,1,1
662,54:F0:B1:A1:18:D5,LABPAD,30,586.88010430336,B2-01,1,1
663,54:F0:B1:A1:58:00,eduroam,27,586.88010430336,B2-01,1,1
664,54:F0:B1:A1:58:01,PoliSemFio,29,586.88010430336,B2-01,1,1
665,54:F0:B1:A1:58:02,,29,586.88010430336,B2-01,1,1
666,54:F0:B1:A1:E4:F0,eduroam,14,586.88010430336,B2-01,1,1
667,54:F0:B1:A1:E4:F1,PoliSemFio,12,586.88010430336,B2-01,1,1
668,54:F0:B1:A1:E5:00,eduroam,29,586.88010430336,B2-01,1,1
669,54:F0:B1:A1:E5:01,PoliSemFio,34,586.88010430336,B2-01,1,1
670,54:F0:B1:A1:E5:02,,29,586.88010430336,B2-01,1,1
671,54:F0:B1:A2:56:70,eduroam,14,586.88010430336,B2-01,1,1
672,54:F0:B1:A2:56:71,PoliSemFio,24,586.88010430336,B2-01,1,1
673,54:F0:B1:A2:56:72,,24,586.88010430336,B2-01,1,1
674,54:F0:B1:A2:57:20,eduroam,22,586.88010430336,B2-01,1,1
675,54:F0:B1:A2:57:21,PoliSemFio,20,586.88010430336,B2-01,1,1
676,54:F0:B1:A2:57:23,LCA,20,586.88010430336,B2-01,1,1
677,54:F0:B1:A2:57:30,eduroam,20,586.88010430336,B2-01,1,1
678,54:F0:B1:A2:57:31,PoliSemFio,29,586.88010430336,B2-01,1,1
679,54:F0:B1:A2:57:32,,30,586.88010430336,B2-01,1,1
680,54:F0:B1:A2:57:33,LCA,22,586.88010430336,B2-01,1,1
681,54:F0:B1:BB:5A:80,eduroam,14,586.88010430336,B2-01,1,1
682,54:F0:B1:BB:5A:81,PoliSemFio,22,586.88010430336,B2-01,1,1
683,54:F0:B1:BB:5A:82,HACKER,19,586.88010430336,B2-01,1,1
684,54:F0:B1:BB:5A:83,LEP,19,586.88010430336,B2-01,1,1
685,54:F0:B1:BB:80:C0,eduroam,34,586.88010430336,B2-01,1,1
686,54:F0:B1:BB:80:C1,PoliSemFio,24,586.88010430336,B2-01,1,1
687,54:F0:B1:BB:80:C2,,25,586.88010430336,B2-01,1,1
688,54:F0:B1:BB:84:B2,,25,586.88010430336,B2-01,1,1
689,54:F0:B1:BB:84:D0,eduroam,12,586.88010430336,B2-01,1,1
690,54:F0:B1:BB:84:D1,PoliSemFio,12,586.88010430336,B2-01,1,1
691,54:F0:B1:BB:92:C0,eduroam,17,586.88010430336,B2-01,1,1
692,54:F0:B1:BB:92:C2,,27,586.88010430336,B2-01,1,1
693,54:F0:B1:BB:BE:13,CAEEL,17,586.88010430336,B2-01,1,1
694,54:F0:B1:BB:C4:D0,eduroam,62,586.88010430336,B2-01,1,1
695,54:F0:B1:BB:C4:D1,PoliSemFio,60,586.88010430336,B2-01,1,1
696,54:F0:B1:BB:C4:D2,,35,586.88010430336,B2-01,1,1
697,54:F0:B1:BB:C4:F0,eduroam,24,586.88010430336,B2-01,1,1
698,54:F0:B1:BB:C4:F1,PoliSemFio,24,586.88010430336,B2-01,1,1
699,54:F0:B1:BB:C4:F2,,25,586.88010430336,B2-01,1,1
700,54:F0:B1:BB:FD:D0,eduroam,17,586.88010430336,B2-01,1,1
701,54:F0:B1:BB:FD:D1,PoliSemFio,20,586.88010430336,B2-01,1,1
702,54:F0:B1:BB:FD:D2,,22,586.88010430336,B2-01,1,1
703,54:F0:B1:BC:09:40,eduroam,84,586.88010430336,B2-01,1,1
704,54:F0:B1:BC:09:41,PoliSemFio,90,586.88010430336,B2-01,1,1
705,54:F0:B1:BC:09:42,,90,586.88010430336,B2-01,1,1
706,54:F0:B1:BC:09:60,eduroam,69,586.88010430336,B2-01,1,1
707,54:F0:B1:BC:09:61,PoliSemFio,85,586.88010430336,B2-01,1,1
708,54:F0:B1:BC:1B:D0,eduroam,34,586.88010430336,B2-01,1,1
709,54:F0:B1:BC:1B:D1,PoliSemFio,50,586.88010430336,B2-01,1,1
710,54:F0:B1:BC:1B:D2,,52,586.88010430336,B2-01,1,1
711,54:F0:B1:BC:1B:F0,eduroam,15,586.88010430336,B2-01,1,1
712,54:F0:B1:BC:1B:F1,PoliSemFio,15,586.88010430336,B2-01,1,1
713,54:F0:B1:BC:2E:90,eduroam,75,586.88010430336,B2-01,1,1
714,54:F0:B1:BC:2E:B0,eduroam,27,586.88010430336,B2-01,1,1
715,54:F0:B1:BC:2E:B1,PoliSemFio,29,586.88010430336,B2-01,1,1
716,54:F0:B1:BC:36:10,PoliSemFio,30,586.88010430336,B2-01,1,1
717,54:F0:B1:BC:36:11,eduroam,25,586.88010430336,B2-01,1,1
718,54:F0:B1:BC:36:12,,30,586.88010430336,B2-01,1,1
719,54:F0:B1:BC:3F:10,eduroam,40,586.88010430336,B2-01,1,1
720,54:F0:B1:BC:65:D1,PoliSemFio,24,586.88010430336,B2-01,1,1
721,54:F0:B1:BC:70:00,eduroam,42,586.88010430336,B2-01,1,1
722,54:F0:B1:BC:70:01,PoliSemFio,34,586.88010430336,B2-01,1,1
723,54:F0:B1:BC:70:20,eduroam,15,586.88010430336,B2-01,1,1
724,54:F0:B1:BC:70:21,PoliSemFio,15,586.88010430336,B2-01,1,1
725,54:F0:B1:BC:77:80,eduroam,52,586.88010430336,B2-01,1,1
726,54:F0:B1:BC:77:81,PoliSemFio,47,586.88010430336,B2-01,1,1
727,54:F0:B1:BC:77:82,,47,586.88010430336,B2-01,1,1
728,54:F0:B1:BC:77:A0,eduroam,20,586.88010430336,B2-01,1,1
729,54:F0:B1:BC:77:A1,PoliSemFio,19,586.88010430336,B2-01,1,1
730,54:F0:B1:BC:77:A2,,19,586.88010430336,B2-01,1,1
731,54:F0:B1:BC:8F:20,eduroam,25,586.88010430336,B2-01,1,1
732,68:FF:7B:47:78:BE,C1-22M,34,586.88010430336,B2-01,1,1
733,70:62:B8:6E:72:A0,PCS-wireless-C1-13,37,586.88010430336,B2-01,1,1
734,70:62:B8:6E:72:A1,PPGEE,35,586.88010430336,B2-01,1,1
735,84:D4:7E:06:4F:E0,eduroam,54,586.88010430336,B2-01,1,1
736,84:D4:7E:06:4F:E1,PoliSemFio,45,586.88010430336,B2-01,1,1
737,84:D4:7E:06:4F:E2,,45,586.88010430336,B2-01,1,1
738,84:D4:7E:06:4F:F0,eduroam,32,586.88010430336,B2-01,1,1
739,84:D4:7E:06:4F:F1,PoliSemFio,32,586.88010430336,B2-01,1,1
740,B0:4E:26:4B:84:C2,C2-01,20,586.88010430336,B2-01,1,1
741,DC:9F:DB:1C:1F:D7,LWN-3,19,586.88010430336,B2-01,1,1
742,DC:9F:DB:1C:1F:E0,LWN-3,30,586.88010430336,B2-01,1,1
743,DE:9F:DB:1C:1F:E0,LARC Guest,32,586.88010430336,B2-01,1,1
744,F8:1A:67:99:55:8E,NUCLEAR_CHF,32,586.88010430336,B2-01,1,1
745,FE:9F:DB:1C:1F:E0,,29,586.88010430336,B2-01,1,1
746,00:18:E7:FF:8C:98,dlink,27,593.1350183486938,B2-01,1,1
747,00:21:91:70:9D:EC,LAB-DIDATICO,27,593.1350183486938,B2-01,1,1
748,30:85:A9:69:F2:E4,PCS-Wireless-C2-22,27,593.1350183486938,B2-01,1,1
749,34:60:F9:A3:D9:13,GASWIFI-5G_C2,10,593.1350183486938,B2-01,1,1
750,34:60:F9:A3:D9:14,GASWIFI-2G_C2,35,593.1350183486938,B2-01,1,1
751,34:60:F9:A3:E7:3F,GASWIFI_C4,40,593.1350183486938,B2-01,1,1
752,34:CE:00:51:3E:6F,Lab,54,593.1350183486938,B2-01,1,1
753,34:CE:00:51:3E:70,Lab_5G,10,593.1350183486938,B2-01,1,1
754,3A:60:F9:A3:D9:14,,35,593.1350183486938,B2-01,1,1
755,44:D2:44:DC:2E:01,PROJETOR_B2-06-EC89sIpciG1AUef,39,593.1350183486938,B2-01,1,1
756,54:B8:0A:AA:2C:8C,LAB_DIGITAL,45,593.1350183486938,B2-01,1,1
757,54:B8:0A:AA:2C:8D,PCS-Wireless,45,593.1350183486938,B2-01,1,1
758,54:F0:B1:A1:18:C0,eduroam,27,593.1350183486938,B2-01,1,1
759,54:F0:B1:A1:18:C1,PoliSemFio,25,593.1350183486938,B2-01,1,1
760,54:F0:B1:A1:18:C3,MEZANINO,25,593.1350183486938,B2-01,1,1
761,54:F0:B1:A1:18:C4,GDLAB,25,593.1350183486938,B2-01,1,1
762,54:F0:B1:A1:18:C5,LABPAD,25,593.1350183486938,B2-01,1,1
763,54:F0:B1:A1:18:D0,eduroam,47,593.1350183486938,B2-01,1,1
764,54:F0:B1:A1:18:D1,PoliSemFio,39,593.1350183486938,B2-01,1,1
765,54:F0:B1:A1:18:D2,,34,593.1350183486938,B2-01,1,1
766,54:F0:B1:A1:18:D3,MEZANINO,39,593.1350183486938,B2-01,1,1
767,54:F0:B1:A1:18:D4,GDLAB,39,593.1350183486938,B2-01,1,1
768,54:F0:B1:A1:18:D5,LABPAD,30,593.1350183486938,B2-01,1,1
769,54:F0:B1:A1:58:00,eduroam,32,593.1350183486938,B2-01,1,1
770,54:F0:B1:A1:58:01,PoliSemFio,29,593.1350183486938,B2-01,1,1
771,54:F0:B1:A1:58:02,,29,593.1350183486938,B2-01,1,1
772,54:F0:B1:A1:E4:F0,eduroam,14,593.1350183486938,B2-01,1,1
773,54:F0:B1:A1:E4:F1,PoliSemFio,12,593.1350183486938,B2-01,1,1
774,54:F0:B1:A1:E5:00,eduroam,29,593.1350183486938,B2-01,1,1
775,54:F0:B1:A1:E5:01,PoliSemFio,34,593.1350183486938,B2-01,1,1
776,54:F0:B1:A1:E5:02,,35,593.1350183486938,B2-01,1,1
777,54:F0:B1:A2:56:70,eduroam,14,593.1350183486938,B2-01,1,1
778,54:F0:B1:A2:56:71,PoliSemFio,24,593.1350183486938,B2-01,1,1
779,54:F0:B1:A2:56:72,,24,593.1350183486938,B2-01,1,1
780,54:F0:B1:A2:57:30,eduroam,20,593.1350183486938,B2-01,1,1
781,54:F0:B1:A2:57:31,PoliSemFio,29,593.1350183486938,B2-01,1,1
782,54:F0:B1:A2:57:32,,30,593.1350183486938,B2-01,1,1
783,54:F0:B1:A2:57:33,LCA,29,593.1350183486938,B2-01,1,1
784,54:F0:B1:BB:5A:80,eduroam,14,593.1350183486938,B2-01,1,1
785,54:F0:B1:BB:5A:81,PoliSemFio,22,593.1350183486938,B2-01,1,1
786,54:F0:B1:BB:5A:82,HACKER,15,593.1350183486938,B2-01,1,1
787,54:F0:B1:BB:5A:83,LEP,19,593.1350183486938,B2-01,1,1
788,54:F0:B1:BB:5A:84,,27,593.1350183486938,B2-01,1,1
789,54:F0:B1:BB:80:C0,eduroam,34,593.1350183486938,B2-01,1,1
790,54:F0:B1:BB:80:C1,PoliSemFio,24,593.1350183486938,B2-01,1,1
791,54:F0:B1:BB:80:C2,,25,593.1350183486938,B2-01,1,1
792,54:F0:B1:BB:92:C0,eduroam,17,593.1350183486938,B2-01,1,1
793,54:F0:B1:BB:92:C2,,27,593.1350183486938,B2-01,1,1
794,54:F0:B1:BB:BE:13,CAEEL,17,593.1350183486938,B2-01,1,1
795,54:F0:B1:BB:C4:D0,eduroam,64,593.1350183486938,B2-01,1,1
796,54:F0:B1:BB:C4:D1,PoliSemFio,60,593.1350183486938,B2-01,1,1
797,54:F0:B1:BB:C4:D2,,60,593.1350183486938,B2-01,1,1
798,54:F0:B1:BB:C4:F0,eduroam,29,593.1350183486938,B2-01,1,1
799,54:F0:B1:BB:C4:F1,PoliSemFio,29,593.1350183486938,B2-01,1,1
800,54:F0:B1:BB:C4:F2,,29,593.1350183486938,B2-01,1,1
801,54:F0:B1:BB:F3:20,eduroam,14,593.1350183486938,B2-01,1,1
802,54:F0:B1:BB:FD:D0,eduroam,24,593.1350183486938,B2-01,1,1
803,54:F0:B1:BB:FD:D2,,22,593.1350183486938,B2-01,1,1
804,54:F0:B1:BC:09:40,eduroam,72,593.1350183486938,B2-01,1,1
805,54:F0:B1:BC:09:41,PoliSemFio,89,593.1350183486938,B2-01,1,1
806,54:F0:B1:BC:09:42,,90,593.1350183486938,B2-01,1,1
807,54:F0:B1:BC:09:60,eduroam,65,593.1350183486938,B2-01,1,1
808,54:F0:B1:BC:09:61,PoliSemFio,80,593.1350183486938,B2-01,1,1
809,54:F0:B1:BC:1B:D0,eduroam,34,593.1350183486938,B2-01,1,1
810,54:F0:B1:BC:1B:D1,PoliSemFio,50,593.1350183486938,B2-01,1,1
811,54:F0:B1:BC:1B:D2,,59,593.1350183486938,B2-01,1,1
812,54:F0:B1:BC:1B:F0,eduroam,15,593.1350183486938,B2-01,1,1
813,54:F0:B1:BC:1B:F1,PoliSemFio,15,593.1350183486938,B2-01,1,1
814,54:F0:B1:BC:2E:90,eduroam,79,593.1350183486938,B2-01,1,1
815,54:F0:B1:BC:2E:B0,eduroam,25,593.1350183486938,B2-01,1,1
816,54:F0:B1:BC:2E:B1,PoliSemFio,25,593.1350183486938,B2-01,1,1
817,54:F0:B1:BC:36:10,PoliSemFio,25,593.1350183486938,B2-01,1,1
818,54:F0:B1:BC:36:11,eduroam,25,593.1350183486938,B2-01,1,1
819,54:F0:B1:BC:36:12,,30,593.1350183486938,B2-01,1,1
820,54:F0:B1:BC:3F:10,eduroam,35,593.1350183486938,B2-01,1,1
821,54:F0:B1:BC:70:00,eduroam,40,593.1350183486938,B2-01,1,1
822,54:F0:B1:BC:70:01,PoliSemFio,34,593.1350183486938,B2-01,1,1
823,54:F0:B1:BC:70:20,eduroam,15,593.1350183486938,B2-01,1,1
824,54:F0:B1:BC:70:21,PoliSemFio,15,593.1350183486938,B2-01,1,1
825,54:F0:B1:BC:77:80,eduroam,52,593.1350183486938,B2-01,1,1
826,54:F0:B1:BC:77:81,PoliSemFio,50,593.1350183486938,B2-01,1,1
827,54:F0:B1:BC:77:82,,49,593.1350183486938,B2-01,1,1
828,54:F0:B1:BC:77:A0,eduroam,29,593.1350183486938,B2-01,1,1
829,54:F0:B1:BC:77:A1,PoliSemFio,30,593.1350183486938,B2-01,1,1
830,54:F0:B1:BC:77:A2,,19,593.1350183486938,B2-01,1,1
831,68:FF:7B:47:78:BE,C1-22M,37,593.1350183486938,B2-01,1,1
832,70:62:B8:6E:72:A0,PCS-wireless-C1-13,37,593.1350183486938,B2-01,1,1
833,70:62:B8:6E:72:A1,PPGEE,37,593.1350183486938,B2-01,1,1
834,84:D4:7E:06:4F:E0,eduroam,54,593.1350183486938,B2-01,1,1
835,84:D4:7E:06:4F:E1,PoliSemFio,57,593.1350183486938,B2-01,1,1
836,84:D4:7E:06:4F:E2,,57,593.1350183486938,B2-01,1,1
837,84:D4:7E:06:4F:F0,eduroam,25,593.1350183486938,B2-01,1,1
838,84:D4:7E:06:4F:F1,PoliSemFio,32,593.1350183486938,B2-01,1,1
839,B0:4E:26:4B:84:C2,C2-01,20,593.1350183486938,B2-01,1,1
840,DC:9F:DB:1C:1F:D7,LWN-3,19,593.1350183486938,B2-01,1,1
841,DC:9F:DB:1C:1F:E0,LWN-3,30,593.1350183486938,B2-01,1,1
842,DE:9F:DB:1C:1F:D7,LARC Guest,14,593.1350183486938,B2-01,1,1
843,DE:9F:DB:1C:1F:E0,LARC Guest,40,593.1350183486938,B2-01,1,1
844,F8:1A:67:99:55:8E,NUCLEAR_CHF,37,593.1350183486938,B2-01,1,1
845,FE:9F:DB:1C:1F:E0,,40,593.1350183486938,B2-01,1,1
846,00:18:E7:FF:8C:98,dlink,25,599.4285795688629,B2-01,1,1
847,00:21:91:70:9D:EC,LAB-DIDATICO,27,599.4285795688629,B2-01,1,1
848,30:85:A9:69:F2:E4,PCS-Wireless-C2-22,27,599.4285795688629,B2-01,1,1
849,34:60:F9:A3:D9:13,GASWIFI-5G_C2,10,599.4285795688629,B2-01,1,1
850,34:60:F9:A3:D9:14,GASWIFI-2G_C2,34,599.4285795688629,B2-01,1,1
851,34:60:F9:A3:E7:3F,GASWIFI_C4,40,599.4285795688629,B2-01,1,1
852,34:CE:00:51:3E:6F,Lab,54,599.4285795688629,B2-01,1,1
853,34:CE:00:51:3E:70,Lab_5G,17,599.4285795688629,B2-01,1,1
854,3A:60:F9:A3:D9:14,,29,599.4285795688629,B2-01,1,1
855,44:D2:44:DC:2E:01,PROJETOR_B2-06-EC89sIpciG1AUef,40,599.4285795688629,B2-01,1,1
856,54:B8:0A:AA:2C:8C,LAB_DIGITAL,20,599.4285795688629,B2-01,1,1
857,54:B8:0A:AA:2C:8D,PCS-Wireless,45,599.4285795688629,B2-01,1,1
858,54:F0:B1:A1:18:C0,eduroam,19,599.4285795688629,B2-01,1,1
859,54:F0:B1:A1:18:C1,PoliSemFio,22,599.4285795688629,B2-01,1,1
860,54:F0:B1:A1:18:C3,MEZANINO,20,599.4285795688629,B2-01,1,1
861,54:F0:B1:A1:18:C4,GDLAB,20,599.4285795688629,B2-01,1,1
862,54:F0:B1:A1:18:C5,LABPAD,20,599.4285795688629,B2-01,1,1
863,54:F0:B1:A1:18:D0,eduroam,47,599.4285795688629,B2-01,1,1
864,54:F0:B1:A1:18:D1,PoliSemFio,39,599.4285795688629,B2-01,1,1
865,54:F0:B1:A1:18:D2,,40,599.4285795688629,B2-01,1,1
866,54:F0:B1:A1:18:D3,MEZANINO,37,599.4285795688629,B2-01,1,1
867,54:F0:B1:A1:18:D4,GDLAB,42,599.4285795688629,B2-01,1,1
868,54:F0:B1:A1:18:D5,LABPAD,30,599.4285795688629,B2-01,1,1
869,54:F0:B1:A1:58:00,eduroam,22,599.4285795688629,B2-01,1,1
870,54:F0:B1:A1:58:01,PoliSemFio,34,599.4285795688629,B2-01,1,1
871,54:F0:B1:A1:58:02,,35,599.4285795688629,B2-01,1,1
872,54:F0:B1:A1:E4:F0,eduroam,14,599.4285795688629,B2-01,1,1
873,54:F0:B1:A1:E4:F1,PoliSemFio,12,599.4285795688629,B2-01,1,1
874,54:F0:B1:A1:E5:00,eduroam,29,599.4285795688629,B2-01,1,1
875,54:F0:B1:A1:E5:01,PoliSemFio,34,599.4285795688629,B2-01,1,1
876,54:F0:B1:A1:E5:02,,35,599.4285795688629,B2-01,1,1
877,54:F0:B1:A2:57:30,eduroam,20,599.4285795688629,B2-01,1,1
878,54:F0:B1:A2:57:31,PoliSemFio,29,599.4285795688629,B2-01,1,1
879,54:F0:B1:A2:57:32,,30,599.4285795688629,B2-01,1,1
880,54:F0:B1:A2:57:33,LCA,15,599.4285795688629,B2-01,1,1
881,54:F0:B1:BB:5A:80,eduroam,14,599.4285795688629,B2-01,1,1
882,54:F0:B1:BB:5A:81,PoliSemFio,22,599.4285795688629,B2-01,1,1
883,54:F0:B1:BB:5A:82,HACKER,20,599.4285795688629,B2-01,1,1
884,54:F0:B1:BB:5A:83,LEP,19,599.4285795688629,B2-01,1,1
885,54:F0:B1:BB:5A:84,,27,599.4285795688629,B2-01,1,1
886,54:F0:B1:BB:80:C0,eduroam,34,599.4285795688629,B2-01,1,1
887,54:F0:B1:BB:80:C1,PoliSemFio,24,599.4285795688629,B2-01,1,1
888,54:F0:B1:BB:80:C2,,25,599.4285795688629,B2-01,1,1
889,54:F0:B1:BB:92:C0,eduroam,17,599.4285795688629,B2-01,1,1
890,54:F0:B1:BB:C4:D0,eduroam,55,599.4285795688629,B2-01,1,1
891,54:F0:B1:BB:C4:D1,PoliSemFio,54,599.4285795688629,B2-01,1,1
892,54:F0:B1:BB:C4:D2,,60,599.4285795688629,B2-01,1,1
893,54:F0:B1:BB:C4:F0,eduroam,24,599.4285795688629,B2-01,1,1
894,54:F0:B1:BB:C4:F1,PoliSemFio,24,599.4285795688629,B2-01,1,1
895,54:F0:B1:BB:C4:F2,,24,599.4285795688629,B2-01,1,1
896,54:F0:B1:BB:F3:20,eduroam,14,599.4285795688629,B2-01,1,1
897,54:F0:B1:BB:FD:D0,eduroam,24,599.4285795688629,B2-01,1,1
898,54:F0:B1:BB:FD:D2,,22,599.4285795688629,B2-01,1,1
899,54:F0:B1:BC:09:40,eduroam,89,599.4285795688629,B2-01,1,1
900,54:F0:B1:BC:09:41,PoliSemFio,89,599.4285795688629,B2-01,1,1
901,54:F0:B1:BC:09:42,,90,599.4285795688629,B2-01,1,1
902,54:F0:B1:BC:09:60,eduroam,85,599.4285795688629,B2-01,1,1
903,54:F0:B1:BC:09:61,PoliSemFio,85,599.4285795688629,B2-01,1,1
904,54:F0:B1:BC:1B:D0,eduroam,30,599.4285795688629,B2-01,1,1
905,54:F0:B1:BC:1B:D1,PoliSemFio,50,599.4285795688629,B2-01,1,1
906,54:F0:B1:BC:1B:D2,,59,599.4285795688629,B2-01,1,1
907,54:F0:B1:BC:1B:F0,eduroam,15,599.4285795688629,B2-01,1,1
908,54:F0:B1:BC:1B:F1,PoliSemFio,15,599.4285795688629,B2-01,1,1
909,54:F0:B1:BC:2E:90,eduroam,79,599.4285795688629,B2-01,1,1
910,54:F0:B1:BC:2E:92,,57,599.4285795688629,B2-01,1,1
911,54:F0:B1:BC:2E:B0,eduroam,27,599.4285795688629,B2-01,1,1
912,54:F0:B1:BC:2E:B1,PoliSemFio,27,599.4285795688629,B2-01,1,1
913,54:F0:B1:BC:36:10,PoliSemFio,25,599.4285795688629,B2-01,1,1
914,54:F0:B1:BC:36:11,eduroam,20,599.4285795688629,B2-01,1,1
915,54:F0:B1:BC:3F:10,eduroam,35,599.4285795688629,B2-01,1,1
916,54:F0:B1:BC:6F:70,eduroam,15,599.4285795688629,B2-01,1,1
917,54:F0:B1:BC:70:00,eduroam,40,599.4285795688629,B2-01,1,1
918,54:F0:B1:BC:70:01,PoliSemFio,34,599.4285795688629,B2-01,1,1
919,54:F0:B1:BC:70:20,eduroam,15,599.4285795688629,B2-01,1,1
920,54:F0:B1:BC:70:21,PoliSemFio,15,599.4285795688629,B2-01,1,1
921,54:F0:B1:BC:77:80,eduroam,40,599.4285795688629,B2-01,1,1
922,54:F0:B1:BC:77:81,PoliSemFio,45,599.4285795688629,B2-01,1,1
923,54:F0:B1:BC:77:82,,45,599.4285795688629,B2-01,1,1
924,54:F0:B1:BC:77:A0,eduroam,22,599.4285795688629,B2-01,1,1
925,54:F0:B1:BC:77:A1,PoliSemFio,24,599.4285795688629,B2-01,1,1
926,54:F0:B1:BC:77:A2,,19,599.4285795688629,B2-01,1,1
927,68:FF:7B:47:78:BE,C1-22M,39,599.4285795688629,B2-01,1,1
928,70:62:B8:6E:72:A0,PCS-wireless-C1-13,39,599.4285795688629,B2-01,1,1
929,70:62:B8:6E:72:A1,PPGEE,30,599.4285795688629,B2-01,1,1
930,84:D4:7E:06:4F:E0,eduroam,62,599.4285795688629,B2-01,1,1
931,84:D4:7E:06:4F:E1,PoliSemFio,55,599.4285795688629,B2-01,1,1
932,84:D4:7E:06:4F:E2,,55,599.4285795688629,B2-01,1,1
933,84:D4:7E:06:4F:F0,eduroam,30,599.4285795688629,B2-01,1,1
934,84:D4:7E:06:4F:F1,PoliSemFio,32,599.4285795688629,B2-01,1,1
935,B0:48:7A:C4:2F:B4,LTG_Teste,17,599.4285795688629,B2-01,1,1
936,B0:4E:26:4B:84:C2,C2-01,20,599.4285795688629,B2-01,1,1
937,DC:9F:DB:1C:1F:D7,LWN-3,19,599.4285795688629,B2-01,1,1
938,DC:9F:DB:1C:1F:E0,LWN-3,30,599.4285795688629,B2-01,1,1
939,DE:9F:DB:1C:1F:D7,LARC Guest,14,599.4285795688629,B2-01,1,1
940,DE:9F:DB:1C:1F:E0,LARC Guest,34,599.4285795688629,B2-01,1,1
941,F8:1A:67:99:55:8E,NUCLEAR_CHF,37,599.4285795688629,B2-01,1,1
942,FE:9F:DB:1C:1F:E0,,34,599.4285795688629,B2-01,1,1
943,00:18:E7:FF:8C:98,dlink,25,605.7061603069305,B2-01,1,1
944,00:21:91:70:9D:EC,LAB-DIDATICO,27,605.7061603069305,B2-01,1,1
945,30:85:A9:69:F2:E4,PCS-Wireless-C2-22,27,605.7061603069305,B2-01,1,1
946,34:60:F9:A3:D9:13,GASWIFI-5G_C2,10,605.7061603069305,B2-01,1,1
947,34:60:F9:A3:D9:14,GASWIFI-2G_C2,34,605.7061603069305,B2-01,1,1
948,34:60:F9:A3:E7:3F,GASWIFI_C4,40,605.7061603069305,B2-01,1,1
949,34:CE:00:51:3E:6F,Lab,54,605.7061603069305,B2-01,1,1
950,34:CE:00:51:3E:70,Lab_5G,17,605.7061603069305,B2-01,1,1
951,3A:60:F9:A3:D9:14,,29,605.7061603069305,B2-01,1,1
952,44:D2:44:DC:2E:01,PROJETOR_B2-06-EC89sIpciG1AUef,40,605.7061603069305,B2-01,1,1
953,54:B8:0A:AA:2C:8C,LAB_DIGITAL,20,605.7061603069305,B2-01,1,1
954,54:B8:0A:AA:2C:8D,PCS-Wireless,45,605.7061603069305,B2-01,1,1
955,54:F0:B1:A1:18:C0,eduroam,19,605.7061603069305,B2-01,1,1
956,54:F0:B1:A1:18:C1,PoliSemFio,22,605.7061603069305,B2-01,1,1
957,54:F0:B1:A1:18:C3,MEZANINO,20,605.7061603069305,B2-01,1,1
958,54:F0:B1:A1:18:C4,GDLAB,20,605.7061603069305,B2-01,1,1
959,54:F0:B1:A1:18:C5,LABPAD,20,605.7061603069305,B2-01,1,1
960,54:F0:B1:A1:18:D0,eduroam,47,605.7061603069305,B2-01,1,1
961,54:F0:B1:A1:18:D1,PoliSemFio,39,605.7061603069305,B2-01,1,1
962,54:F0:B1:A1:18:D2,,40,605.7061603069305,B2-01,1,1
963,54:F0:B1:A1:18:D3,MEZANINO,37,605.7061603069305,B2-01,1,1
964,54:F0:B1:A1:18:D4,GDLAB,42,605.7061603069305,B2-01,1,1
965,54:F0:B1:A1:18:D5,LABPAD,30,605.7061603069305,B2-01,1,1
966,54:F0:B1:A1:58:00,eduroam,22,605.7061603069305,B2-01,1,1
967,54:F0:B1:A1:58:01,PoliSemFio,34,605.7061603069305,B2-01,1,1
968,54:F0:B1:A1:58:02,,35,605.7061603069305,B2-01,1,1
969,54:F0:B1:A1:E4:F0,eduroam,14,605.7061603069305,B2-01,1,1
970,54:F0:B1:A1:E4:F1,PoliSemFio,12,605.7061603069305,B2-01,1,1
971,54:F0:B1:A1:E5:00,eduroam,29,605.7061603069305,B2-01,1,1
972,54:F0:B1:A1:E5:01,PoliSemFio,34,605.7061603069305,B2-01,1,1
973,54:F0:B1:A1:E5:02,,35,605.7061603069305,B2-01,1,1
974,54:F0:B1:A2:57:30,eduroam,20,605.7061603069305,B2-01,1,1
975,54:F0:B1:A2:57:31,PoliSemFio,29,605.7061603069305,B2-01,1,1
976,54:F0:B1:A2:57:32,,30,605.7061603069305,B2-01,1,1
977,54:F0:B1:A2:57:33,LCA,15,605.7061603069305,B2-01,1,1
978,54:F0:B1:BB:5A:80,eduroam,14,605.7061603069305,B2-01,1,1
979,54:F0:B1:BB:5A:81,PoliSemFio,22,605.7061603069305,B2-01,1,1
980,54:F0:B1:BB:5A:82,HACKER,20,605.7061603069305,B2-01,1,1
981,54:F0:B1:BB:5A:83,LEP,19,605.7061603069305,B2-01,1,1
982,54:F0:B1:BB:5A:84,,27,605.7061603069305,B2-01,1,1
983,54:F0:B1:BB:80:C0,eduroam,34,605.7061603069305,B2-01,1,1
984,54:F0:B1:BB:80:C1,PoliSemFio,24,605.7061603069305,B2-01,1,1
985,54:F0:B1:BB:80:C2,,25,605.7061603069305,B2-01,1,1
986,54:F0:B1:BB:92:C0,eduroam,17,605.7061603069305,B2-01,1,1
987,54:F0:B1:BB:C4:D0,eduroam,55,605.7061603069305,B2-01,1,1
988,54:F0:B1:BB:C4:D1,PoliSemFio,54,605.7061603069305,B2-01,1,1
989,54:F0:B1:BB:C4:D2,,60,605.7061603069305,B2-01,1,1
990,54:F0:B1:BB:C4:F0,eduroam,24,605.7061603069305,B2-01,1,1
991,54:F0:B1:BB:C4:F1,PoliSemFio,24,605.7061603069305,B2-01,1,1
992,54:F0:B1:BB:C4:F2,,24,605.7061603069305,B2-01,1,1
993,54:F0:B1:BB:F3:20,eduroam,14,605.7061603069305,B2-01,1,1
994,54:F0:B1:BB:FD:D0,eduroam,24,605.7061603069305,B2-01,1,1
995,54:F0:B1:BB:FD:D2,,22,605.7061603069305,B2-01,1,1
996,54:F0:B1:BC:09:40,eduroam,89,605.7061603069305,B2-01,1,1
997,54:F0:B1:BC:09:41,PoliSemFio,89,605.7061603069305,B2-01,1,1
998,54:F0:B1:BC:09:42,,90,605.7061603069305,B2-01,1,1
999,54:F0:B1:BC:09:60,eduroam,73,605.7061603069305,B2-01,1,1
1000,54:F0:B1:BC:09:61,PoliSemFio,85,605.7061603069305,B2-01,1,1
1001,54:F0:B1:BC:1B:D0,eduroam,30,605.7061603069305,B2-01,1,1
1002,54:F0:B1:BC:1B:D1,PoliSemFio,50,605.7061603069305,B2-01,1,1
1003,54:F0:B1:BC:1B:D2,,59,605.7061603069305,B2-01,1,1
1004,54:F0:B1:BC:1B:F0,eduroam,15,605.7061603069305,B2-01,1,1
1005,54:F0:B1:BC:1B:F1,PoliSemFio,15,605.7061603069305,B2-01,1,1
1006,54:F0:B1:BC:2E:90,eduroam,79,605.7061603069305,B2-01,1,1
1007,54:F0:B1:BC:2E:92,,57,605.7061603069305,B2-01,1,1
1008,54:F0:B1:BC:2E:B0,eduroam,27,605.7061603069305,B2-01,1,1
1009,54:F0:B1:BC:2E:B1,PoliSemFio,27,605.7061603069305,B2-01,1,1
1010,54:F0:B1:BC:36:10,PoliSemFio,25,605.7061603069305,B2-01,1,1
1011,54:F0:B1:BC:36:11,eduroam,20,605.7061603069305,B2-01,1,1
1012,54:F0:B1:BC:3F:10,eduroam,35,605.7061603069305,B2-01,1,1
1013,54:F0:B1:BC:6F:70,eduroam,15,605.7061603069305,B2-01,1,1
1014,54:F0:B1:BC:70:00,eduroam,40,605.7061603069305,B2-01,1,1
1015,54:F0:B1:BC:70:01,PoliSemFio,34,605.7061603069305,B2-01,1,1
1016,54:F0:B1:BC:70:20,eduroam,15,605.7061603069305,B2-01,1,1
1017,54:F0:B1:BC:70:21,PoliSemFio,15,605.7061603069305,B2-01,1,1
1018,54:F0:B1:BC:77:80,eduroam,40,605.7061603069305,B2-01,1,1
1019,54:F0:B1:BC:77:81,PoliSemFio,45,605.7061603069305,B2-01,1,1
1020,54:F0:B1:BC:77:82,,45,605.7061603069305,B2-01,1,1
1021,54:F0:B1:BC:77:A0,eduroam,22,605.7061603069305,B2-01,1,1
1022,54:F0:B1:BC:77:A1,PoliSemFio,24,605.7061603069305,B2-01,1,1
1023,54:F0:B1:BC:77:A2,,19,605.7061603069305,B2-01,1,1
1024,68:FF:7B:47:78:BE,C1-22M,39,605.7061603069305,B2-01,1,1
1025,70:62:B8:6E:72:A0,PCS-wireless-C1-13,39,605.7061603069305,B2-01,1,1
1026,70:62:B8:6E:72:A1,PPGEE,30,605.7061603069305,B2-01,1,1
1027,84:D4:7E:06:4F:E0,eduroam,62,605.7061603069305,B2-01,1,1
1028,84:D4:7E:06:4F:E1,PoliSemFio,55,605.7061603069305,B2-01,1,1
1029,84:D4:7E:06:4F:E2,,55,605.7061603069305,B2-01,1,1
1030,84:D4:7E:06:4F:F0,eduroam,30,605.7061603069305,B2-01,1,1
1031,84:D4:7E:06:4F:F1,PoliSemFio,32,605.7061603069305,B2-01,1,1
1032,B0:48:7A:C4:2F:B4,LTG_Teste,17,605.7061603069305,B2-01,1,1
1033,B0:4E:26:4B:84:C2,C2-01,20,605.7061603069305,B2-01,1,1
1034,DC:9F:DB:1C:1F:D7,LWN-3,19,605.7061603069305,B2-01,1,1
1035,DC:9F:DB:1C:1F:E0,LWN-3,30,605.7061603069305,B2-01,1,1
1036,DE:9F:DB:1C:1F:D7,LARC Guest,14,605.7061603069305,B2-01,1,1
1037,DE:9F:DB:1C:1F:E0,LARC Guest,34,605.7061603069305,B2-01,1,1
1038,F8:1A:67:99:55:8E,NUCLEAR_CHF,37,605.7061603069305,B2-01,1,1
1039,FE:9F:DB:1C:1F:E0,,34,605.7061603069305,B2-01,1,1
1040,00:18:E7:FF:8C:98,dlink,32,608.327995300293,B2-01,1,1
1041,00:21:91:70:9D:EC,LAB-DIDATICO,27,608.327995300293,B2-01,1,1
1042,30:85:A9:69:F2:E4,PCS-Wireless-C2-22,27,608.327995300293,B2-01,1,1
1043,34:60:F9:A3:D9:13,GASWIFI-5G_C2,10,608.327995300293,B2-01,1,1
1044,34:60:F9:A3:D9:14,GASWIFI-2G_C2,34,608.327995300293,B2-01,1,1
1045,34:60:F9:A3:E7:3F,GASWIFI_C4,32,608.327995300293,B2-01,1,1
1046,34:CE:00:51:3E:6F,Lab,45,608.327995300293,B2-01,1,1
1047,34:CE:00:51:3E:70,Lab_5G,19,608.327995300293,B2-01,1,1
1048,3A:60:F9:A3:D9:14,,29,608.327995300293,B2-01,1,1
1049,44:D2:44:DC:2E:01,PROJETOR_B2-06-EC89sIpciG1AUef,47,608.327995300293,B2-01,1,1
1050,54:B8:0A:AA:2C:8C,LAB_DIGITAL,20,608.327995300293,B2-01,1,1
1051,54:B8:0A:AA:2C:8D,PCS-Wireless,44,608.327995300293,B2-01,1,1
1052,54:F0:B1:A1:18:C0,eduroam,35,608.327995300293,B2-01,1,1
1053,54:F0:B1:A1:18:C1,PoliSemFio,35,608.327995300293,B2-01,1,1
1054,54:F0:B1:A1:18:C3,MEZANINO,35,608.327995300293,B2-01,1,1
1055,54:F0:B1:A1:18:C4,GDLAB,35,608.327995300293,B2-01,1,1
1056,54:F0:B1:A1:18:C5,LABPAD,35,608.327995300293,B2-01,1,1
1057,54:F0:B1:A1:18:D0,eduroam,35,608.327995300293,B2-01,1,1
1058,54:F0:B1:A1:18:D1,PoliSemFio,37,608.327995300293,B2-01,1,1
1059,54:F0:B1:A1:18:D2,,35,608.327995300293,B2-01,1,1
1060,54:F0:B1:A1:18:D3,MEZANINO,37,608.327995300293,B2-01,1,1
1061,54:F0:B1:A1:18:D4,GDLAB,39,608.327995300293,B2-01,1,1
1062,54:F0:B1:A1:18:D5,LABPAD,37,608.327995300293,B2-01,1,1
1063,54:F0:B1:A1:58:00,eduroam,22,608.327995300293,B2-01,1,1
1064,54:F0:B1:A1:58:01,PoliSemFio,34,608.327995300293,B2-01,1,1
1065,54:F0:B1:A1:58:02,,29,608.327995300293,B2-01,1,1
1066,54:F0:B1:A1:E4:F0,eduroam,14,608.327995300293,B2-01,1,1
1067,54:F0:B1:A1:E4:F1,PoliSemFio,12,608.327995300293,B2-01,1,1
1068,54:F0:B1:A1:E5:00,eduroam,32,608.327995300293,B2-01,1,1
1069,54:F0:B1:A1:E5:01,PoliSemFio,32,608.327995300293,B2-01,1,1
1070,54:F0:B1:A1:E5:02,,32,608.327995300293,B2-01,1,1
1071,54:F0:B1:A2:57:30,eduroam,14,608.327995300293,B2-01,1,1
1072,54:F0:B1:A2:57:31,PoliSemFio,22,608.327995300293,B2-01,1,1
1073,54:F0:B1:A2:57:32,,22,608.327995300293,B2-01,1,1
1074,54:F0:B1:A2:57:33,LCA,15,608.327995300293,B2-01,1,1
1075,54:F0:B1:BB:5A:80,eduroam,14,608.327995300293,B2-01,1,1
1076,54:F0:B1:BB:5A:81,PoliSemFio,22,608.327995300293,B2-01,1,1
1077,54:F0:B1:BB:5A:82,HACKER,20,608.327995300293,B2-01,1,1
1078,54:F0:B1:BB:5A:83,LEP,29,608.327995300293,B2-01,1,1
1079,54:F0:B1:BB:5A:84,,27,608.327995300293,B2-01,1,1
1080,54:F0:B1:BB:80:C0,eduroam,34,608.327995300293,B2-01,1,1
1081,54:F0:B1:BB:80:C1,PoliSemFio,24,608.327995300293,B2-01,1,1
1082,54:F0:B1:BB:80:C2,,25,608.327995300293,B2-01,1,1
1083,54:F0:B1:BB:92:C0,eduroam,17,608.327995300293,B2-01,1,1
1084,54:F0:B1:BB:92:C2,,29,608.327995300293,B2-01,1,1
1085,54:F0:B1:BB:BE:13,CAEEL,24,608.327995300293,B2-01,1,1
1086,54:F0:B1:BB:C4:D0,eduroam,57,608.327995300293,B2-01,1,1
1087,54:F0:B1:BB:C4:D1,PoliSemFio,55,608.327995300293,B2-01,1,1
1088,54:F0:B1:BB:C4:D2,,60,608.327995300293,B2-01,1,1
1089,54:F0:B1:BB:C4:F0,eduroam,34,608.327995300293,B2-01,1,1
1090,54:F0:B1:BB:C4:F1,PoliSemFio,34,608.327995300293,B2-01,1,1
1091,54:F0:B1:BB:C4:F2,,24,608.327995300293,B2-01,1,1
1092,54:F0:B1:BB:C5:C4,GDLAB,19,608.327995300293,B2-01,1,1
1093,54:F0:B1:BB:F3:20,eduroam,14,608.327995300293,B2-01,1,1
1094,54:F0:B1:BB:FD:D0,eduroam,12,608.327995300293,B2-01,1,1
1095,54:F0:B1:BB:FD:D2,,22,608.327995300293,B2-01,1,1
1096,54:F0:B1:BC:09:40,eduroam,94,608.327995300293,B2-01,1,1
1097,54:F0:B1:BC:09:41,PoliSemFio,89,608.327995300293,B2-01,1,1
1098,54:F0:B1:BC:09:42,,90,608.327995300293,B2-01,1,1
1099,54:F0:B1:BC:09:60,eduroam,70,608.327995300293,B2-01,1,1
1100,54:F0:B1:BC:09:61,PoliSemFio,70,608.327995300293,B2-01,1,1
1101,54:F0:B1:BC:1B:D0,eduroam,30,608.327995300293,B2-01,1,1
1102,54:F0:B1:BC:1B:D1,PoliSemFio,50,608.327995300293,B2-01,1,1
1103,54:F0:B1:BC:1B:D2,,59,608.327995300293,B2-01,1,1
1104,54:F0:B1:BC:1B:F0,eduroam,22,608.327995300293,B2-01,1,1
1105,54:F0:B1:BC:1B:F1,PoliSemFio,22,608.327995300293,B2-01,1,1
1106,54:F0:B1:BC:1B:F2,,22,608.327995300293,B2-01,1,1
1107,54:F0:B1:BC:2E:90,eduroam,59,608.327995300293,B2-01,1,1
1108,54:F0:B1:BC:2E:92,,57,608.327995300293,B2-01,1,1
1109,54:F0:B1:BC:2E:B0,eduroam,24,608.327995300293,B2-01,1,1
1110,54:F0:B1:BC:2E:B1,PoliSemFio,24,608.327995300293,B2-01,1,1
1111,54:F0:B1:BC:36:10,PoliSemFio,25,608.327995300293,B2-01,1,1
1112,54:F0:B1:BC:36:11,eduroam,27,608.327995300293,B2-01,1,1
1113,54:F0:B1:BC:3F:10,eduroam,37,608.327995300293,B2-01,1,1
1114,54:F0:B1:BC:3F:12,,32,608.327995300293,B2-01,1,1
1115,54:F0:B1:BC:6F:70,eduroam,15,608.327995300293,B2-01,1,1
1116,54:F0:B1:BC:70:00,eduroam,45,608.327995300293,B2-01,1,1
1117,54:F0:B1:BC:70:01,PoliSemFio,34,608.327995300293,B2-01,1,1
1118,54:F0:B1:BC:70:20,eduroam,15,608.327995300293,B2-01,1,1
1119,54:F0:B1:BC:70:21,PoliSemFio,15,608.327995300293,B2-01,1,1
1120,54:F0:B1:BC:77:80,eduroam,40,608.327995300293,B2-01,1,1
1121,54:F0:B1:BC:77:81,PoliSemFio,45,608.327995300293,B2-01,1,1
1122,54:F0:B1:BC:77:82,,45,608.327995300293,B2-01,1,1
1123,54:F0:B1:BC:77:A0,eduroam,17,608.327995300293,B2-01,1,1
1124,54:F0:B1:BC:77:A1,PoliSemFio,17,608.327995300293,B2-01,1,1
1125,56:60:F9:A3:E7:3F,,34,608.327995300293,B2-01,1,1
1126,68:FF:7B:47:78:BE,C1-22M,39,608.327995300293,B2-01,1,1
1127,70:62:B8:6E:72:A0,PCS-wireless-C1-13,39,608.327995300293,B2-01,1,1
1128,70:62:B8:6E:72:A1,PPGEE,30,608.327995300293,B2-01,1,1
1129,84:D4:7E:06:4F:E0,eduroam,54,608.327995300293,B2-01,1,1
1130,84:D4:7E:06:4F:E1,PoliSemFio,57,608.327995300293,B2-01,1,1
1131,84:D4:7E:06:4F:E2,,55,608.327995300293,B2-01,1,1
1132,84:D4:7E:06:4F:F0,eduroam,19,608.327995300293,B2-01,1,1
1133,84:D4:7E:06:4F:F1,PoliSemFio,32,608.327995300293,B2-01,1,1
1134,B0:48:7A:C4:2F:B4,LTG_Teste,17,608.327995300293,B2-01,1,1
1135,DC:9F:DB:1C:1F:D7,LWN-3,19,608.327995300293,B2-01,1,1
1136,DC:9F:DB:1C:1F:E0,LWN-3,34,608.327995300293,B2-01,1,1
1137,DE:9F:DB:1C:1F:D7,LARC Guest,14,608.327995300293,B2-01,1,1
1138,DE:9F:DB:1C:1F:E0,LARC Guest,34,608.327995300293,B2-01,1,1
1139,F8:1A:67:99:55:8E,NUCLEAR_CHF,34,608.327995300293,B2-01,1,1
1140,FE:9F:DB:1C:1F:E0,,32,608.327995300293,B2-01,1,1
1141,00:18:E7:FF:8C:98,dlink,32,610.9877390861511,B2-01,1,1
1142,00:21:91:70:9D:EC,LAB-DIDATICO,27,610.9877390861511,B2-01,1,1
1143,30:85:A9:69:F2:E4,PCS-Wireless-C2-22,27,610.9877390861511,B2-01,1,1
1144,34:60:F9:A3:D9:13,GASWIFI-5G_C2,10,610.9877390861511,B2-01,1,1
1145,34:60:F9:A3:D9:14,GASWIFI-2G_C2,34,610.9877390861511,B2-01,1,1
1146,34:60:F9:A3:E7:3F,GASWIFI_C4,32,610.9877390861511,B2-01,1,1
1147,34:CE:00:51:3E:6F,Lab,45,610.9877390861511,B2-01,1,1
1148,34:CE:00:51:3E:70,Lab_5G,19,610.9877390861511,B2-01,1,1
1149,3A:60:F9:A3:D9:14,,29,610.9877390861511,B2-01,1,1
1150,44:D2:44:DC:2E:01,PROJETOR_B2-06-EC89sIpciG1AUef,47,610.9877390861511,B2-01,1,1
1151,54:B8:0A:AA:2C:8C,LAB_DIGITAL,20,610.9877390861511,B2-01,1,1
1152,54:B8:0A:AA:2C:8D,PCS-Wireless,44,610.9877390861511,B2-01,1,1
1153,54:F0:B1:A1:18:C0,eduroam,35,610.9877390861511,B2-01,1,1
1154,54:F0:B1:A1:18:C1,PoliSemFio,35,610.9877390861511,B2-01,1,1
1155,54:F0:B1:A1:18:C3,MEZANINO,35,610.9877390861511,B2-01,1,1
1156,54:F0:B1:A1:18:C4,GDLAB,35,610.9877390861511,B2-01,1,1
1157,54:F0:B1:A1:18:C5,LABPAD,35,610.9877390861511,B2-01,1,1
1158,54:F0:B1:A1:18:D0,eduroam,35,610.9877390861511,B2-01,1,1
1159,54:F0:B1:A1:18:D1,PoliSemFio,37,610.9877390861511,B2-01,1,1
1160,54:F0:B1:A1:18:D2,,35,610.9877390861511,B2-01,1,1
1161,54:F0:B1:A1:18:D3,MEZANINO,37,610.9877390861511,B2-01,1,1
1162,54:F0:B1:A1:18:D4,GDLAB,39,610.9877390861511,B2-01,1,1
1163,54:F0:B1:A1:18:D5,LABPAD,37,610.9877390861511,B2-01,1,1
1164,54:F0:B1:A1:58:00,eduroam,22,610.9877390861511,B2-01,1,1
1165,54:F0:B1:A1:58:01,PoliSemFio,34,610.9877390861511,B2-01,1,1
1166,54:F0:B1:A1:58:02,,29,610.9877390861511,B2-01,1,1
1167,54:F0:B1:A1:E4:F0,eduroam,14,610.9877390861511,B2-01,1,1
1168,54:F0:B1:A1:E4:F1,PoliSemFio,12,610.9877390861511,B2-01,1,1
1169,54:F0:B1:A1:E5:00,eduroam,32,610.9877390861511,B2-01,1,1
1170,54:F0:B1:A1:E5:01,PoliSemFio,32,610.9877390861511,B2-01,1,1
1171,54:F0:B1:A1:E5:02,,32,610.9877390861511,B2-01,1,1
1172,54:F0:B1:A2:57:30,eduroam,14,610.9877390861511,B2-01,1,1
1173,54:F0:B1:A2:57:31,PoliSemFio,22,610.9877390861511,B2-01,1,1
1174,54:F0:B1:A2:57:32,,22,610.9877390861511,B2-01,1,1
1175,54:F0:B1:A2:57:33,LCA,15,610.9877390861511,B2-01,1,1
1176,54:F0:B1:BB:5A:80,eduroam,14,610.9877390861511,B2-01,1,1
1177,54:F0:B1:BB:5A:81,PoliSemFio,22,610.9877390861511,B2-01,1,1
1178,54:F0:B1:BB:5A:82,HACKER,20,610.9877390861511,B2-01,1,1
1179,54:F0:B1:BB:5A:83,LEP,29,610.9877390861511,B2-01,1,1
1180,54:F0:B1:BB:5A:84,,27,610.9877390861511,B2-01,1,1
1181,54:F0:B1:BB:80:C0,eduroam,34,610.9877390861511,B2-01,1,1
1182,54:F0:B1:BB:80:C1,PoliSemFio,24,610.9877390861511,B2-01,1,1
1183,54:F0:B1:BB:80:C2,,25,610.9877390861511,B2-01,1,1
1184,54:F0:B1:BB:92:C0,eduroam,17,610.9877390861511,B2-01,1,1
1185,54:F0:B1:BB:92:C2,,29,610.9877390861511,B2-01,1,1
1186,54:F0:B1:BB:BE:13,CAEEL,24,610.9877390861511,B2-01,1,1
1187,54:F0:B1:BB:C4:D0,eduroam,57,610.9877390861511,B2-01,1,1
1188,54:F0:B1:BB:C4:D1,PoliSemFio,55,610.9877390861511,B2-01,1,1
1189,54:F0:B1:BB:C4:D2,,60,610.9877390861511,B2-01,1,1
1190,54:F0:B1:BB:C4:F0,eduroam,34,610.9877390861511,B2-01,1,1
1191,54:F0:B1:BB:C4:F1,PoliSemFio,34,610.9877390861511,B2-01,1,1
1192,54:F0:B1:BB:C4:F2,,24,610.9877390861511,B2-01,1,1
1193,54:F0:B1:BB:C5:C4,GDLAB,19,610.9877390861511,B2-01,1,1
1194,54:F0:B1:BB:F3:20,eduroam,14,610.9877390861511,B2-01,1,1
1195,54:F0:B1:BB:FD:D0,eduroam,12,610.9877390861511,B2-01,1,1
1196,54:F0:B1:BB:FD:D2,,22,610.9877390861511,B2-01,1,1
1197,54:F0:B1:BC:09:40,eduroam,94,610.9877390861511,B2-01,1,1
1198,54:F0:B1:BC:09:41,PoliSemFio,89,610.9877390861511,B2-01,1,1
1199,54:F0:B1:BC:09:42,,90,610.9877390861511,B2-01,1,1
1200,54:F0:B1:BC:09:60,eduroam,63,610.9877390861511,B2-01,1,1
1201,54:F0:B1:BC:09:61,PoliSemFio,70,610.9877390861511,B2-01,1,1
1202,54:F0:B1:BC:1B:D0,eduroam,30,610.9877390861511,B2-01,1,1
1203,54:F0:B1:BC:1B:D1,PoliSemFio,50,610.9877390861511,B2-01,1,1
1204,54:F0:B1:BC:1B:D2,,59,610.9877390861511,B2-01,1,1
1205,54:F0:B1:BC:1B:F0,eduroam,22,610.9877390861511,B2-01,1,1
1206,54:F0:B1:BC:1B:F1,PoliSemFio,22,610.9877390861511,B2-01,1,1
1207,54:F0:B1:BC:1B:F2,,22,610.9877390861511,B2-01,1,1
1208,54:F0:B1:BC:2E:90,eduroam,59,610.9877390861511,B2-01,1,1
1209,54:F0:B1:BC:2E:92,,57,610.9877390861511,B2-01,1,1
1210,54:F0:B1:BC:2E:B0,eduroam,24,610.9877390861511,B2-01,1,1
1211,54:F0:B1:BC:2E:B1,PoliSemFio,24,610.9877390861511,B2-01,1,1
1212,54:F0:B1:BC:36:10,PoliSemFio,25,610.9877390861511,B2-01,1,1
1213,54:F0:B1:BC:36:11,eduroam,27,610.9877390861511,B2-01,1,1
1214,54:F0:B1:BC:3F:10,eduroam,37,610.9877390861511,B2-01,1,1
1215,54:F0:B1:BC:3F:12,,32,610.9877390861511,B2-01,1,1
1216,54:F0:B1:BC:6F:70,eduroam,15,610.9877390861511,B2-01,1,1
1217,54:F0:B1:BC:70:00,eduroam,45,610.9877390861511,B2-01,1,1
1218,54:F0:B1:BC:70:01,PoliSemFio,34,610.9877390861511,B2-01,1,1
1219,54:F0:B1:BC:70:20,eduroam,15,610.9877390861511,B2-01,1,1
1220,54:F0:B1:BC:70:21,PoliSemFio,15,610.9877390861511,B2-01,1,1
1221,54:F0:B1:BC:77:80,eduroam,40,610.9877390861511,B2-01,1,1
1222,54:F0:B1:BC:77:81,PoliSemFio,45,610.9877390861511,B2-01,1,1
1223,54:F0:B1:BC:77:82,,45,610.9877390861511,B2-01,1,1
1224,54:F0:B1:BC:77:A0,eduroam,17,610.9877390861511,B2-01,1,1
1225,54:F0:B1:BC:77:A1,PoliSemFio,17,610.9877390861511,B2-01,1,1
1226,56:60:F9:A3:E7:3F,,34,610.9877390861511,B2-01,1,1
1227,68:FF:7B:47:78:BE,C1-22M,39,610.9877390861511,B2-01,1,1
1228,70:62:B8:6E:72:A0,PCS-wireless-C1-13,39,610.9877390861511,B2-01,1,1
1229,70:62:B8:6E:72:A1,PPGEE,30,610.9877390861511,B2-01,1,1
1230,84:D4:7E:06:4F:E0,eduroam,54,610.9877390861511,B2-01,1,1
1231,84:D4:7E:06:4F:E1,PoliSemFio,57,610.9877390861511,B2-01,1,1
1232,84:D4:7E:06:4F:E2,,55,610.9877390861511,B2-01,1,1
1233,84:D4:7E:06:4F:F0,eduroam,19,610.9877390861511,B2-01,1,1
1234,84:D4:7E:06:4F:F1,PoliSemFio,32,610.9877390861511,B2-01,1,1
1235,B0:48:7A:C4:2F:B4,LTG_Teste,17,610.9877390861511,B2-01,1,1
1236,DC:9F:DB:1C:1F:D7,LWN-3,19,610.9877390861511,B2-01,1,1
1237,DC:9F:DB:1C:1F:E0,LWN-3,34,610.9877390861511,B2-01,1,1
1238,DE:9F:DB:1C:1F:D7,LARC Guest,14,610.9877390861511,B2-01,1,1
1239,DE:9F:DB:1C:1F:E0,LARC Guest,34,610.9877390861511,B2-01,1,1
1240,F8:1A:67:99:55:8E,NUCLEAR_CHF,34,610.9877390861511,B2-01,1,1
1241,FE:9F:DB:1C:1F:E0,,32,610.9877390861511,B2-01,1,1
1242,00:18:E7:FF:8C:98,dlink,20,617.2721779346466,B2-01,1,1
1243,00:21:91:70:9D:EC,LAB-DIDATICO,27,617.2721779346466,B2-01,1,1
1244,30:85:A9:69:F2:E4,PCS-Wireless-C2-22,27,617.2721779346466,B2-01,1,1
1245,34:60:F9:A3:D9:13,GASWIFI-5G_C2,10,617.2721779346466,B2-01,1,1
1246,34:60:F9:A3:D9:14,GASWIFI-2G_C2,32,617.2721779346466,B2-01,1,1
1247,34:60:F9:A3:E7:3F,GASWIFI_C4,32,617.2721779346466,B2-01,1,1
1248,34:CE:00:51:3E:6F,Lab,57,617.2721779346466,B2-01,1,1
1249,34:CE:00:51:3E:70,Lab_5G,14,617.2721779346466,B2-01,1,1
1250,3A:60:F9:A3:D9:14,,30,617.2721779346466,B2-01,1,1
1251,44:D2:44:DC:2E:01,PROJETOR_B2-06-EC89sIpciG1AUef,39,617.2721779346466,B2-01,1,1
1252,54:B8:0A:AA:2C:8C,LAB_DIGITAL,45,617.2721779346466,B2-01,1,1
1253,54:B8:0A:AA:2C:8D,PCS-Wireless,45,617.2721779346466,B2-01,1,1
1254,54:F0:B1:A1:18:C0,eduroam,35,617.2721779346466,B2-01,1,1
1255,54:F0:B1:A1:18:C1,PoliSemFio,35,617.2721779346466,B2-01,1,1
1256,54:F0:B1:A1:18:C3,MEZANINO,19,617.2721779346466,B2-01,1,1
1257,54:F0:B1:A1:18:C4,GDLAB,19,617.2721779346466,B2-01,1,1
1258,54:F0:B1:A1:18:C5,LABPAD,35,617.2721779346466,B2-01,1,1
1259,54:F0:B1:A1:18:D0,eduroam,35,617.2721779346466,B2-01,1,1
1260,54:F0:B1:A1:18:D1,PoliSemFio,37,617.2721779346466,B2-01,1,1
1261,54:F0:B1:A1:18:D2,,35,617.2721779346466,B2-01,1,1
1262,54:F0:B1:A1:18:D3,MEZANINO,47,617.2721779346466,B2-01,1,1
1263,54:F0:B1:A1:18:D4,GDLAB,44,617.2721779346466,B2-01,1,1
1264,54:F0:B1:A1:18:D5,LABPAD,44,617.2721779346466,B2-01,1,1
1265,54:F0:B1:A1:58:00,eduroam,22,617.2721779346466,B2-01,1,1
1266,54:F0:B1:A1:58:01,PoliSemFio,37,617.2721779346466,B2-01,1,1
1267,54:F0:B1:A1:58:02,,37,617.2721779346466,B2-01,1,1
1268,54:F0:B1:A1:E5:00,eduroam,32,617.2721779346466,B2-01,1,1
1269,54:F0:B1:A1:E5:01,PoliSemFio,32,617.2721779346466,B2-01,1,1
1270,54:F0:B1:A1:E5:02,,32,617.2721779346466,B2-01,1,1
1271,54:F0:B1:A2:57:30,eduroam,14,617.2721779346466,B2-01,1,1
1272,54:F0:B1:A2:57:31,PoliSemFio,22,617.2721779346466,B2-01,1,1
1273,54:F0:B1:A2:57:32,,22,617.2721779346466,B2-01,1,1
1274,54:F0:B1:A2:57:33,LCA,20,617.2721779346466,B2-01,1,1
1275,54:F0:B1:BB:5A:80,eduroam,20,617.2721779346466,B2-01,1,1
1276,54:F0:B1:BB:5A:82,HACKER,22,617.2721779346466,B2-01,1,1
1277,54:F0:B1:BB:5A:83,LEP,20,617.2721779346466,B2-01,1,1
1278,54:F0:B1:BB:5A:84,,27,617.2721779346466,B2-01,1,1
1279,54:F0:B1:BB:92:C2,,29,617.2721779346466,B2-01,1,1
1280,54:F0:B1:BB:BE:13,CAEEL,24,617.2721779346466,B2-01,1,1
1281,54:F0:B1:BB:C4:D0,eduroam,57,617.2721779346466,B2-01,1,1
1282,54:F0:B1:BB:C4:D1,PoliSemFio,50,617.2721779346466,B2-01,1,1
1283,54:F0:B1:BB:C4:D2,,50,617.2721779346466,B2-01,1,1
1284,54:F0:B1:BB:C4:F0,eduroam,30,617.2721779346466,B2-01,1,1
1285,54:F0:B1:BB:C4:F1,PoliSemFio,30,617.2721779346466,B2-01,1,1
1286,54:F0:B1:BB:C4:F2,,30,617.2721779346466,B2-01,1,1
1287,54:F0:B1:BB:C5:C4,GDLAB,19,617.2721779346466,B2-01,1,1
1288,54:F0:B1:BB:F3:20,eduroam,14,617.2721779346466,B2-01,1,1
1289,54:F0:B1:BB:FD:D0,eduroam,12,617.2721779346466,B2-01,1,1
1290,54:F0:B1:BC:09:40,eduroam,82,617.2721779346466,B2-01,1,1
1291,54:F0:B1:BC:09:41,PoliSemFio,89,617.2721779346466,B2-01,1,1
1292,54:F0:B1:BC:09:42,,89,617.2721779346466,B2-01,1,1
1293,54:F0:B1:BC:09:60,eduroam,59,617.2721779346466,B2-01,1,1
1294,54:F0:B1:BC:09:61,PoliSemFio,64,617.2721779346466,B2-01,1,1
1295,54:F0:B1:BC:1B:D0,eduroam,30,617.2721779346466,B2-01,1,1
1296,54:F0:B1:BC:1B:D1,PoliSemFio,50,617.2721779346466,B2-01,1,1
1297,54:F0:B1:BC:1B:D2,,47,617.2721779346466,B2-01,1,1
1298,54:F0:B1:BC:1B:F0,eduroam,32,617.2721779346466,B2-01,1,1
1299,54:F0:B1:BC:1B:F1,PoliSemFio,30,617.2721779346466,B2-01,1,1
1300,54:F0:B1:BC:1B:F2,,22,617.2721779346466,B2-01,1,1
1301,54:F0:B1:BC:2E:90,eduroam,59,617.2721779346466,B2-01,1,1
1302,54:F0:B1:BC:2E:91,PoliSemFio,47,617.2721779346466,B2-01,1,1
1303,54:F0:B1:BC:2E:92,,57,617.2721779346466,B2-01,1,1
1304,54:F0:B1:BC:2E:B0,eduroam,24,617.2721779346466,B2-01,1,1
1305,54:F0:B1:BC:2E:B1,PoliSemFio,22,617.2721779346466,B2-01,1,1
1306,54:F0:B1:BC:36:10,PoliSemFio,25,617.2721779346466,B2-01,1,1
1307,54:F0:B1:BC:36:11,eduroam,22,617.2721779346466,B2-01,1,1
1308,54:F0:B1:BC:3F:10,eduroam,37,617.2721779346466,B2-01,1,1
1309,54:F0:B1:BC:3F:12,,32,617.2721779346466,B2-01,1,1
1310,54:F0:B1:BC:6F:70,eduroam,15,617.2721779346466,B2-01,1,1
1311,54:F0:B1:BC:70:00,eduroam,45,617.2721779346466,B2-01,1,1
1312,54:F0:B1:BC:70:01,PoliSemFio,34,617.2721779346466,B2-01,1,1
1313,54:F0:B1:BC:70:02,,32,617.2721779346466,B2-01,1,1
1314,54:F0:B1:BC:70:20,eduroam,14,617.2721779346466,B2-01,1,1
1315,54:F0:B1:BC:70:21,PoliSemFio,15,617.2721779346466,B2-01,1,1
1316,54:F0:B1:BC:77:80,eduroam,40,617.2721779346466,B2-01,1,1
1317,54:F0:B1:BC:77:81,PoliSemFio,45,617.2721779346466,B2-01,1,1
1318,54:F0:B1:BC:77:82,,39,617.2721779346466,B2-01,1,1
1319,54:F0:B1:BC:77:A0,eduroam,20,617.2721779346466,B2-01,1,1
1320,54:F0:B1:BC:77:A1,PoliSemFio,24,617.2721779346466,B2-01,1,1
1321,54:F0:B1:BC:8F:20,eduroam,24,617.2721779346466,B2-01,1,1
1322,56:60:F9:A3:E7:3F,,34,617.2721779346466,B2-01,1,1
1323,68:FF:7B:47:78:BE,C1-22M,34,617.2721779346466,B2-01,1,1
1324,70:62:B8:6E:72:A0,PCS-wireless-C1-13,39,617.2721779346466,B2-01,1,1
1325,70:62:B8:6E:72:A1,PPGEE,35,617.2721779346466,B2-01,1,1
1326,84:D4:7E:06:4F:E0,eduroam,77,617.2721779346466,B2-01,1,1
1327,84:D4:7E:06:4F:E1,PoliSemFio,57,617.2721779346466,B2-01,1,1
1328,84:D4:7E:06:4F:E2,,65,617.2721779346466,B2-01,1,1
1329,84:D4:7E:06:4F:F0,eduroam,29,617.2721779346466,B2-01,1,1
1330,84:D4:7E:06:4F:F1,PoliSemFio,29,617.2721779346466,B2-01,1,1
1331,B0:48:7A:C4:2F:B4,LTG_Teste,17,617.2721779346466,B2-01,1,1
1332,DC:9F:DB:1C:1F:E0,LWN-3,29,617.2721779346466,B2-01,1,1
1333,DE:9F:DB:1C:1F:D7,LARC Guest,14,617.2721779346466,B2-01,1,1
1334,DE:9F:DB:1C:1F:E0,LARC Guest,34,617.2721779346466,B2-01,1,1
1335,F8:1A:67:99:55:8E,NUCLEAR_CHF,34,617.2721779346466,B2-01,1,1
1336,FE:9F:DB:1C:1F:E0,,29,617.2721779346466,B2-01,1,1
1337,00:18:E7:FF:8C:98,dlink,30,623.5491738319397,B2-01,1,1
1338,00:21:91:70:9D:EC,LAB-DIDATICO,25,623.5491738319397,B2-01,1,1
1339,30:85:A9:69:F2:E4,PCS-Wireless-C2-22,27,623.5491738319397,B2-01,1,1
1340,34:60:F9:A3:D9:13,GASWIFI-5G_C2,10,623.5491738319397,B2-01,1,1
1341,34:60:F9:A3:D9:14,GASWIFI-2G_C2,35,623.5491738319397,B2-01,1,1
1342,34:60:F9:A3:E7:3F,GASWIFI_C4,40,623.5491738319397,B2-01,1,1
1343,34:CE:00:51:3E:6F,Lab,45,623.5491738319397,B2-01,1,1
1344,34:CE:00:51:3E:70,Lab_5G,15,623.5491738319397,B2-01,1,1
1345,3A:60:F9:A3:D9:14,,30,623.5491738319397,B2-01,1,1
1346,44:D2:44:DC:2E:01,PROJETOR_B2-06-EC89sIpciG1AUef,32,623.5491738319397,B2-01,1,1
1347,54:B8:0A:AA:2C:8C,LAB_DIGITAL,34,623.5491738319397,B2-01,1,1
1348,54:B8:0A:AA:2C:8D,PCS-Wireless,37,623.5491738319397,B2-01,1,1
1349,54:F0:B1:A1:18:C0,eduroam,12,623.5491738319397,B2-01,1,1
1350,54:F0:B1:A1:18:C1,PoliSemFio,12,623.5491738319397,B2-01,1,1
1351,54:F0:B1:A1:18:C3,MEZANINO,14,623.5491738319397,B2-01,1,1
1352,54:F0:B1:A1:18:C4,GDLAB,14,623.5491738319397,B2-01,1,1
1353,54:F0:B1:A1:18:C5,LABPAD,12,623.5491738319397,B2-01,1,1
1354,54:F0:B1:A1:18:D0,eduroam,35,623.5491738319397,B2-01,1,1
1355,54:F0:B1:A1:18:D1,PoliSemFio,37,623.5491738319397,B2-01,1,1
1356,54:F0:B1:A1:18:D2,,35,623.5491738319397,B2-01,1,1
1357,54:F0:B1:A1:18:D3,MEZANINO,37,623.5491738319397,B2-01,1,1
1358,54:F0:B1:A1:18:D4,GDLAB,35,623.5491738319397,B2-01,1,1
1359,54:F0:B1:A1:18:D5,LABPAD,44,623.5491738319397,B2-01,1,1
1360,54:F0:B1:A1:58:00,eduroam,22,623.5491738319397,B2-01,1,1
1361,54:F0:B1:A1:58:01,PoliSemFio,35,623.5491738319397,B2-01,1,1
1362,54:F0:B1:A1:58:02,,37,623.5491738319397,B2-01,1,1
1363,54:F0:B1:A1:E5:00,eduroam,20,623.5491738319397,B2-01,1,1
1364,54:F0:B1:A1:E5:01,PoliSemFio,32,623.5491738319397,B2-01,1,1
1365,54:F0:B1:A1:E5:02,,32,623.5491738319397,B2-01,1,1
1366,54:F0:B1:A2:56:70,eduroam,19,623.5491738319397,B2-01,1,1
1367,54:F0:B1:A2:57:30,eduroam,14,623.5491738319397,B2-01,1,1
1368,54:F0:B1:A2:57:31,PoliSemFio,22,623.5491738319397,B2-01,1,1
1369,54:F0:B1:A2:57:32,,22,623.5491738319397,B2-01,1,1
1370,54:F0:B1:A2:57:33,LCA,24,623.5491738319397,B2-01,1,1
1371,54:F0:B1:BB:5A:80,eduroam,20,623.5491738319397,B2-01,1,1
1372,54:F0:B1:BB:5A:82,HACKER,32,623.5491738319397,B2-01,1,1
1373,54:F0:B1:BB:5A:83,LEP,20,623.5491738319397,B2-01,1,1
1374,54:F0:B1:BB:5A:84,,27,623.5491738319397,B2-01,1,1
1375,54:F0:B1:BB:92:C2,,29,623.5491738319397,B2-01,1,1
1376,54:F0:B1:BB:BE:12,,22,623.5491738319397,B2-01,1,1
1377,54:F0:B1:BB:BE:13,CAEEL,15,623.5491738319397,B2-01,1,1
1378,54:F0:B1:BB:C4:D0,eduroam,57,623.5491738319397,B2-01,1,1
1379,54:F0:B1:BB:C4:D1,PoliSemFio,50,623.5491738319397,B2-01,1,1
1380,54:F0:B1:BB:C4:D2,,50,623.5491738319397,B2-01,1,1
1381,54:F0:B1:BB:C4:F0,eduroam,40,623.5491738319397,B2-01,1,1
1382,54:F0:B1:BB:C4:F1,PoliSemFio,40,623.5491738319397,B2-01,1,1
1383,54:F0:B1:BB:C4:F2,,40,623.5491738319397,B2-01,1,1
1384,54:F0:B1:BB:C5:C4,GDLAB,19,623.5491738319397,B2-01,1,1
1385,54:F0:B1:BB:F3:20,eduroam,14,623.5491738319397,B2-01,1,1
1386,54:F0:B1:BB:FD:D0,eduroam,12,623.5491738319397,B2-01,1,1
1387,54:F0:B1:BC:09:40,eduroam,89,623.5491738319397,B2-01,1,1
1388,54:F0:B1:BC:09:41,PoliSemFio,92,623.5491738319397,B2-01,1,1
1389,54:F0:B1:BC:09:42,,92,623.5491738319397,B2-01,1,1
1390,54:F0:B1:BC:09:60,eduroam,95,623.5491738319397,B2-01,1,1
1391,54:F0:B1:BC:09:61,PoliSemFio,95,623.5491738319397,B2-01,1,1
1392,54:F0:B1:BC:1B:D0,eduroam,30,623.5491738319397,B2-01,1,1
1393,54:F0:B1:BC:1B:D2,,54,623.5491738319397,B2-01,1,1
1394,54:F0:B1:BC:1B:F0,eduroam,35,623.5491738319397,B2-01,1,1
1395,54:F0:B1:BC:1B:F1,PoliSemFio,35,623.5491738319397,B2-01,1,1
1396,54:F0:B1:BC:1B:F2,,22,623.5491738319397,B2-01,1,1
1397,54:F0:B1:BC:2E:90,eduroam,79,623.5491738319397,B2-01,1,1
1398,54:F0:B1:BC:2E:91,PoliSemFio,47,623.5491738319397,B2-01,1,1
1399,54:F0:B1:BC:2E:92,,72,623.5491738319397,B2-01,1,1
1400,54:F0:B1:BC:2E:B0,eduroam,34,623.5491738319397,B2-01,1,1
1401,54:F0:B1:BC:2E:B1,PoliSemFio,34,623.5491738319397,B2-01,1,1
1402,54:F0:B1:BC:36:10,PoliSemFio,25,623.5491738319397,B2-01,1,1
1403,54:F0:B1:BC:36:11,eduroam,17,623.5491738319397,B2-01,1,1
1404,54:F0:B1:BC:3F:10,eduroam,37,623.5491738319397,B2-01,1,1
1405,54:F0:B1:BC:3F:12,,32,623.5491738319397,B2-01,1,1
1406,54:F0:B1:BC:65:B2,,24,623.5491738319397,B2-01,1,1
1407,54:F0:B1:BC:6F:70,eduroam,15,623.5491738319397,B2-01,1,1
1408,54:F0:B1:BC:70:00,eduroam,50,623.5491738319397,B2-01,1,1
1409,54:F0:B1:BC:70:02,,32,623.5491738319397,B2-01,1,1
1410,54:F0:B1:BC:70:20,eduroam,14,623.5491738319397,B2-01,1,1
1411,54:F0:B1:BC:77:80,eduroam,40,623.5491738319397,B2-01,1,1
1412,54:F0:B1:BC:77:81,PoliSemFio,45,623.5491738319397,B2-01,1,1
1413,54:F0:B1:BC:77:82,,44,623.5491738319397,B2-01,1,1
1414,54:F0:B1:BC:77:A0,eduroam,24,623.5491738319397,B2-01,1,1
1415,54:F0:B1:BC:77:A1,PoliSemFio,24,623.5491738319397,B2-01,1,1
1416,54:F0:B1:BC:7C:90,eduroam,5,623.5491738319397,B2-01,1,1
1417,54:F0:B1:BC:8F:20,eduroam,24,623.5491738319397,B2-01,1,1
1418,56:60:F9:A3:E7:3F,,34,623.5491738319397,B2-01,1,1
1419,68:FF:7B:47:78:BE,C1-22M,35,623.5491738319397,B2-01,1,1
1420,70:62:B8:6E:72:A0,PCS-wireless-C1-13,39,623.5491738319397,B2-01,1,1
1421,70:62:B8:6E:72:A1,PPGEE,35,623.5491738319397,B2-01,1,1
1422,84:D4:7E:06:4F:E0,eduroam,77,623.5491738319397,B2-01,1,1
1423,84:D4:7E:06:4F:E1,PoliSemFio,57,623.5491738319397,B2-01,1,1
1424,84:D4:7E:06:4F:E2,,65,623.5491738319397,B2-01,1,1
1425,84:D4:7E:06:4F:F0,eduroam,29,623.5491738319397,B2-01,1,1
1426,84:D4:7E:06:4F:F1,PoliSemFio,29,623.5491738319397,B2-01,1,1
1427,B0:48:7A:C4:2F:B4,LTG_Teste,17,623.5491738319397,B2-01,1,1
1428,DC:9F:DB:1C:1F:E0,LWN-3,29,623.5491738319397,B2-01,1,1
1429,DE:9F:DB:1C:1F:D7,LARC Guest,14,623.5491738319397,B2-01,1,1
1430,DE:9F:DB:1C:1F:E0,LARC Guest,34,623.5491738319397,B2-01,1,1
1431,F8:1A:67:99:55:8E,NUCLEAR_CHF,37,623.5491738319397,B2-01,1,1
1432,FE:9F:DB:1C:1F:D7,,17,623.5491738319397,B2-01,1,1
1433,FE:9F:DB:1C:1F:E0,,39,623.5491738319397,B2-01,1,1
1434,00:18:E7:FF:8C:98,dlink,30,629.8305079936981,B2-01,1,1
1435,00:21:91:70:9D:EC,LAB-DIDATICO,25,629.8305079936981,B2-01,1,1
1436,30:85:A9:69:F2:E4,PCS-Wireless-C2-22,27,629.8305079936981,B2-01,1,1
1437,34:60:F9:A3:D9:13,GASWIFI-5G_C2,10,629.8305079936981,B2-01,1,1
1438,34:60:F9:A3:D9:14,GASWIFI-2G_C2,35,629.8305079936981,B2-01,1,1
1439,34:60:F9:A3:E7:3F,GASWIFI_C4,40,629.8305079936981,B2-01,1,1
1440,34:CE:00:51:3E:6F,Lab,45,629.8305079936981,B2-01,1,1
1441,34:CE:00:51:3E:70,Lab_5G,15,629.8305079936981,B2-01,1,1
1442,3A:60:F9:A3:D9:14,,30,629.8305079936981,B2-01,1,1
1443,44:D2:44:DC:2E:01,PROJETOR_B2-06-EC89sIpciG1AUef,32,629.8305079936981,B2-01,1,1
1444,54:B8:0A:AA:2C:8C,LAB_DIGITAL,34,629.8305079936981,B2-01,1,1
1445,54:B8:0A:AA:2C:8D,PCS-Wireless,37,629.8305079936981,B2-01,1,1
1446,54:F0:B1:A1:18:C0,eduroam,12,629.8305079936981,B2-01,1,1
1447,54:F0:B1:A1:18:C1,PoliSemFio,12,629.8305079936981,B2-01,1,1
1448,54:F0:B1:A1:18:C3,MEZANINO,14,629.8305079936981,B2-01,1,1
1449,54:F0:B1:A1:18:C4,GDLAB,14,629.8305079936981,B2-01,1,1
1450,54:F0:B1:A1:18:C5,LABPAD,12,629.8305079936981,B2-01,1,1
1451,54:F0:B1:A1:18:D0,eduroam,35,629.8305079936981,B2-01,1,1
1452,54:F0:B1:A1:18:D1,PoliSemFio,37,629.8305079936981,B2-01,1,1
1453,54:F0:B1:A1:18:D2,,35,629.8305079936981,B2-01,1,1
1454,54:F0:B1:A1:18:D3,MEZANINO,37,629.8305079936981,B2-01,1,1
1455,54:F0:B1:A1:18:D4,GDLAB,35,629.8305079936981,B2-01,1,1
1456,54:F0:B1:A1:18:D5,LABPAD,44,629.8305079936981,B2-01,1,1
1457,54:F0:B1:A1:58:00,eduroam,22,629.8305079936981,B2-01,1,1
1458,54:F0:B1:A1:58:01,PoliSemFio,35,629.8305079936981,B2-01,1,1
1459,54:F0:B1:A1:58:02,,37,629.8305079936981,B2-01,1,1
1460,54:F0:B1:A1:E5:00,eduroam,20,629.8305079936981,B2-01,1,1
1461,54:F0:B1:A1:E5:01,PoliSemFio,32,629.8305079936981,B2-01,1,1
1462,54:F0:B1:A1:E5:02,,32,629.8305079936981,B2-01,1,1
1463,54:F0:B1:A2:56:70,eduroam,19,629.8305079936981,B2-01,1,1
1464,54:F0:B1:A2:57:30,eduroam,14,629.8305079936981,B2-01,1,1
1465,54:F0:B1:A2:57:31,PoliSemFio,22,629.8305079936981,B2-01,1,1
1466,54:F0:B1:A2:57:32,,22,629.8305079936981,B2-01,1,1
1467,54:F0:B1:A2:57:33,LCA,24,629.8305079936981,B2-01,1,1
1468,54:F0:B1:BB:5A:80,eduroam,20,629.8305079936981,B2-01,1,1
1469,54:F0:B1:BB:5A:82,HACKER,32,629.8305079936981,B2-01,1,1
1470,54:F0:B1:BB:5A:83,LEP,20,629.8305079936981,B2-01,1,1
1471,54:F0:B1:BB:5A:84,,27,629.8305079936981,B2-01,1,1
1472,54:F0:B1:BB:92:C2,,29,629.8305079936981,B2-01,1,1
1473,54:F0:B1:BB:BE:12,,22,629.8305079936981,B2-01,1,1
1474,54:F0:B1:BB:BE:13,CAEEL,15,629.8305079936981,B2-01,1,1
1475,54:F0:B1:BB:C4:D0,eduroam,57,629.8305079936981,B2-01,1,1
1476,54:F0:B1:BB:C4:D1,PoliSemFio,50,629.8305079936981,B2-01,1,1
1477,54:F0:B1:BB:C4:D2,,50,629.8305079936981,B2-01,1,1
1478,54:F0:B1:BB:C4:F0,eduroam,40,629.8305079936981,B2-01,1,1
1479,54:F0:B1:BB:C4:F1,PoliSemFio,40,629.8305079936981,B2-01,1,1
1480,54:F0:B1:BB:C4:F2,,40,629.8305079936981,B2-01,1,1
1481,54:F0:B1:BB:C5:C4,GDLAB,19,629.8305079936981,B2-01,1,1
1482,54:F0:B1:BB:F3:20,eduroam,14,629.8305079936981,B2-01,1,1
1483,54:F0:B1:BB:FD:D0,eduroam,12,629.8305079936981,B2-01,1,1
1484,54:F0:B1:BC:09:40,eduroam,89,629.8305079936981,B2-01,1,1
1485,54:F0:B1:BC:09:41,PoliSemFio,92,629.8305079936981,B2-01,1,1
1486,54:F0:B1:BC:09:42,,92,629.8305079936981,B2-01,1,1
1487,54:F0:B1:BC:09:60,eduroam,70,629.8305079936981,B2-01,1,1
1488,54:F0:B1:BC:09:61,PoliSemFio,95,629.8305079936981,B2-01,1,1
1489,54:F0:B1:BC:1B:D0,eduroam,30,629.8305079936981,B2-01,1,1
1490,54:F0:B1:BC:1B:D2,,54,629.8305079936981,B2-01,1,1
1491,54:F0:B1:BC:1B:F0,eduroam,35,629.8305079936981,B2-01,1,1
1492,54:F0:B1:BC:1B:F1,PoliSemFio,35,629.8305079936981,B2-01,1,1
1493,54:F0:B1:BC:1B:F2,,22,629.8305079936981,B2-01,1,1
1494,54:F0:B1:BC:2E:90,eduroam,79,629.8305079936981,B2-01,1,1
1495,54:F0:B1:BC:2E:91,PoliSemFio,47,629.8305079936981,B2-01,1,1
1496,54:F0:B1:BC:2E:92,,72,629.8305079936981,B2-01,1,1
1497,54:F0:B1:BC:2E:B0,eduroam,34,629.8305079936981,B2-01,1,1
1498,54:F0:B1:BC:2E:B1,PoliSemFio,34,629.8305079936981,B2-01,1,1
1499,54:F0:B1:BC:36:10,PoliSemFio,25,629.8305079936981,B2-01,1,1
1500,54:F0:B1:BC:36:11,eduroam,17,629.8305079936981,B2-01,1,1
1501,54:F0:B1:BC:3F:10,eduroam,37,629.8305079936981,B2-01,1,1
1502,54:F0:B1:BC:3F:12,,32,629.8305079936981,B2-01,1,1
1503,54:F0:B1:BC:65:B2,,24,629.8305079936981,B2-01,1,1
1504,54:F0:B1:BC:6F:70,eduroam,15,629.8305079936981,B2-01,1,1
1505,54:F0:B1:BC:70:00,eduroam,50,629.8305079936981,B2-01,1,1
1506,54:F0:B1:BC:70:02,,32,629.8305079936981,B2-01,1,1
1507,54:F0:B1:BC:70:20,eduroam,14,629.8305079936981,B2-01,1,1
1508,54:F0:B1:BC:77:80,eduroam,40,629.8305079936981,B2-01,1,1
1509,54:F0:B1:BC:77:81,PoliSemFio,45,629.8305079936981,B2-01,1,1
1510,54:F0:B1:BC:77:82,,44,629.8305079936981,B2-01,1,1
1511,54:F0:B1:BC:77:A0,eduroam,24,629.8305079936981,B2-01,1,1
1512,54:F0:B1:BC:77:A1,PoliSemFio,24,629.8305079936981,B2-01,1,1
1513,54:F0:B1:BC:7C:90,eduroam,5,629.8305079936981,B2-01,1,1
1514,54:F0:B1:BC:8F:20,eduroam,24,629.8305079936981,B2-01,1,1
1515,56:60:F9:A3:E7:3F,,34,629.8305079936981,B2-01,1,1
1516,68:FF:7B:47:78:BE,C1-22M,35,629.8305079936981,B2-01,1,1
1517,70:62:B8:6E:72:A0,PCS-wireless-C1-13,39,629.8305079936981,B2-01,1,1
1518,70:62:B8:6E:72:A1,PPGEE,35,629.8305079936981,B2-01,1,1
1519,84:D4:7E:06:4F:E0,eduroam,77,629.8305079936981,B2-01,1,1
1520,84:D4:7E:06:4F:E1,PoliSemFio,57,629.8305079936981,B2-01,1,1
1521,84:D4:7E:06:4F:E2,,65,629.8305079936981,B2-01,1,1
1522,84:D4:7E:06:4F:F0,eduroam,29,629.8305079936981,B2-01,1,1
1523,84:D4:7E:06:4F:F1,PoliSemFio,29,629.8305079936981,B2-01,1,1
1524,B0:48:7A:C4:2F:B4,LTG_Teste,17,629.8305079936981,B2-01,1,1
1525,DC:9F:DB:1C:1F:E0,LWN-3,29,629.8305079936981,B2-01,1,1
1526,DE:9F:DB:1C:1F:D7,LARC Guest,14,629.8305079936981,B2-01,1,1
1527,DE:9F:DB:1C:1F:E0,LARC Guest,34,629.8305079936981,B2-01,1,1
1528,F8:1A:67:99:55:8E,NUCLEAR_CHF,37,629.8305079936981,B2-01,1,1
1529,FE:9F:DB:1C:1F:D7,,17,629.8305079936981,B2-01,1,1
1530,FE:9F:DB:1C:1F:E0,,39,629.8305079936981,B2-01,1,1
1531,00:18:E7:FF:8C:98,dlink,30,632.4624691009521,B2-01,1,1
1532,00:21:91:70:9D:EC,LAB-DIDATICO,25,632.4624691009521,B2-01,1,1
1533,34:60:F9:A3:D9:14,GASWIFI-2G_C2,25,632.4624691009521,B2-01,1,1
1534,34:60:F9:A3:E7:3F,GASWIFI_C4,32,632.4624691009521,B2-01,1,1
1535,34:CE:00:51:3E:6F,Lab,59,632.4624691009521,B2-01,1,1
1536,34:CE:00:51:3E:70,Lab_5G,25,632.4624691009521,B2-01,1,1
1537,3A:60:F9:A3:D9:14,,25,632.4624691009521,B2-01,1,1
1538,44:D2:44:DC:2E:01,PROJETOR_B2-06-EC89sIpciG1AUef,34,632.4624691009521,B2-01,1,1
1539,54:B8:0A:AA:2C:8C,LAB_DIGITAL,27,632.4624691009521,B2-01,1,1
1540,54:B8:0A:AA:2C:8D,PCS-Wireless,29,632.4624691009521,B2-01,1,1
1541,54:F0:B1:A1:18:C0,eduroam,22,632.4624691009521,B2-01,1,1
1542,54:F0:B1:A1:18:C1,PoliSemFio,22,632.4624691009521,B2-01,1,1
1543,54:F0:B1:A1:18:C3,MEZANINO,22,632.4624691009521,B2-01,1,1
1544,54:F0:B1:A1:18:C4,GDLAB,22,632.4624691009521,B2-01,1,1
1545,54:F0:B1:A1:18:C5,LABPAD,24,632.4624691009521,B2-01,1,1
1546,54:F0:B1:A1:18:D0,eduroam,35,632.4624691009521,B2-01,1,1
1547,54:F0:B1:A1:18:D1,PoliSemFio,37,632.4624691009521,B2-01,1,1
1548,54:F0:B1:A1:18:D2,,35,632.4624691009521,B2-01,1,1
1549,54:F0:B1:A1:18:D3,MEZANINO,37,632.4624691009521,B2-01,1,1
1550,54:F0:B1:A1:18:D4,GDLAB,35,632.4624691009521,B2-01,1,1
1551,54:F0:B1:A1:18:D5,LABPAD,35,632.4624691009521,B2-01,1,1
1552,54:F0:B1:A1:58:00,eduroam,34,632.4624691009521,B2-01,1,1
1553,54:F0:B1:A1:58:01,PoliSemFio,32,632.4624691009521,B2-01,1,1
1554,54:F0:B1:A1:58:02,,30,632.4624691009521,B2-01,1,1
1555,54:F0:B1:A1:E5:00,eduroam,20,632.4624691009521,B2-01,1,1
1556,54:F0:B1:A1:E5:01,PoliSemFio,32,632.4624691009521,B2-01,1,1
1557,54:F0:B1:A1:E5:02,,32,632.4624691009521,B2-01,1,1
1558,54:F0:B1:A2:56:70,eduroam,19,632.4624691009521,B2-01,1,1
1559,54:F0:B1:A2:57:30,eduroam,14,632.4624691009521,B2-01,1,1
1560,54:F0:B1:A2:57:31,PoliSemFio,22,632.4624691009521,B2-01,1,1
1561,54:F0:B1:A2:57:32,,22,632.4624691009521,B2-01,1,1
1562,54:F0:B1:A2:57:33,LCA,24,632.4624691009521,B2-01,1,1
1563,54:F0:B1:BB:5A:80,eduroam,20,632.4624691009521,B2-01,1,1
1564,54:F0:B1:BB:5A:82,HACKER,24,632.4624691009521,B2-01,1,1
1565,54:F0:B1:BB:5A:83,LEP,30,632.4624691009521,B2-01,1,1
1566,54:F0:B1:BB:92:C2,,29,632.4624691009521,B2-01,1,1
1567,54:F0:B1:BB:BE:12,,22,632.4624691009521,B2-01,1,1
1568,54:F0:B1:BB:BE:13,CAEEL,15,632.4624691009521,B2-01,1,1
1569,54:F0:B1:BB:C4:D0,eduroam,52,632.4624691009521,B2-01,1,1
1570,54:F0:B1:BB:C4:D1,PoliSemFio,50,632.4624691009521,B2-01,1,1
1571,54:F0:B1:BB:C4:D2,,50,632.4624691009521,B2-01,1,1
1572,54:F0:B1:BB:C4:F0,eduroam,27,632.4624691009521,B2-01,1,1
1573,54:F0:B1:BB:C4:F1,PoliSemFio,29,632.4624691009521,B2-01,1,1
1574,54:F0:B1:BB:C4:F2,,40,632.4624691009521,B2-01,1,1
1575,54:F0:B1:BB:C5:C4,GDLAB,19,632.4624691009521,B2-01,1,1
1576,54:F0:B1:BB:F3:20,eduroam,22,632.4624691009521,B2-01,1,1
1577,54:F0:B1:BB:FD:D0,eduroam,12,632.4624691009521,B2-01,1,1
1578,54:F0:B1:BC:09:40,eduroam,89,632.4624691009521,B2-01,1,1
1579,54:F0:B1:BC:09:41,PoliSemFio,99,632.4624691009521,B2-01,1,1
1580,54:F0:B1:BC:09:42,,92,632.4624691009521,B2-01,1,1
1581,54:F0:B1:BC:09:60,eduroam,90,632.4624691009521,B2-01,1,1
1582,54:F0:B1:BC:09:61,PoliSemFio,90,632.4624691009521,B2-01,1,1
1583,54:F0:B1:BC:1B:D0,eduroam,39,632.4624691009521,B2-01,1,1
1584,54:F0:B1:BC:1B:D1,PoliSemFio,49,632.4624691009521,B2-01,1,1
1585,54:F0:B1:BC:1B:D2,,47,632.4624691009521,B2-01,1,1
1586,54:F0:B1:BC:1B:F0,eduroam,35,632.4624691009521,B2-01,1,1
1587,54:F0:B1:BC:1B:F1,PoliSemFio,35,632.4624691009521,B2-01,1,1
1588,54:F0:B1:BC:1B:F2,,22,632.4624691009521,B2-01,1,1
1589,54:F0:B1:BC:2E:90,eduroam,79,632.4624691009521,B2-01,1,1
1590,54:F0:B1:BC:2E:91,PoliSemFio,47,632.4624691009521,B2-01,1,1
1591,54:F0:B1:BC:2E:92,,49,632.4624691009521,B2-01,1,1
1592,54:F0:B1:BC:2E:B0,eduroam,24,632.4624691009521,B2-01,1,1
1593,54:F0:B1:BC:2E:B1,PoliSemFio,25,632.4624691009521,B2-01,1,1
1594,54:F0:B1:BC:2F:50,eduroam,22,632.4624691009521,B2-01,1,1
1595,54:F0:B1:BC:36:11,eduroam,17,632.4624691009521,B2-01,1,1
1596,54:F0:B1:BC:3F:10,eduroam,37,632.4624691009521,B2-01,1,1
1597,54:F0:B1:BC:3F:12,,32,632.4624691009521,B2-01,1,1
1598,54:F0:B1:BC:65:B0,eduroam,14,632.4624691009521,B2-01,1,1
1599,54:F0:B1:BC:65:B2,,24,632.4624691009521,B2-01,1,1
1600,54:F0:B1:BC:6F:70,eduroam,15,632.4624691009521,B2-01,1,1
1601,54:F0:B1:BC:70:00,eduroam,49,632.4624691009521,B2-01,1,1
1602,54:F0:B1:BC:70:01,PoliSemFio,42,632.4624691009521,B2-01,1,1
1603,54:F0:B1:BC:70:02,,32,632.4624691009521,B2-01,1,1
1604,54:F0:B1:BC:70:20,eduroam,14,632.4624691009521,B2-01,1,1
1605,54:F0:B1:BC:77:80,eduroam,47,632.4624691009521,B2-01,1,1
1606,54:F0:B1:BC:77:81,PoliSemFio,44,632.4624691009521,B2-01,1,1
1607,54:F0:B1:BC:77:82,,44,632.4624691009521,B2-01,1,1
1608,54:F0:B1:BC:77:A0,eduroam,24,632.4624691009521,B2-01,1,1
1609,54:F0:B1:BC:77:A1,PoliSemFio,24,632.4624691009521,B2-01,1,1
1610,54:F0:B1:BC:7C:90,eduroam,5,632.4624691009521,B2-01,1,1
1611,54:F0:B1:BC:8F:20,eduroam,24,632.4624691009521,B2-01,1,1
1612,56:60:F9:A3:E7:3F,,34,632.4624691009521,B2-01,1,1
1613,68:FF:7B:47:78:BE,C1-22M,37,632.4624691009521,B2-01,1,1
1614,70:62:B8:6E:72:A0,PCS-wireless-C1-13,39,632.4624691009521,B2-01,1,1
1615,70:62:B8:6E:72:A1,PPGEE,35,632.4624691009521,B2-01,1,1
1616,84:D4:7E:06:4F:E0,eduroam,64,632.4624691009521,B2-01,1,1
1617,84:D4:7E:06:4F:E1,PoliSemFio,60,632.4624691009521,B2-01,1,1
1618,84:D4:7E:06:4F:E2,,60,632.4624691009521,B2-01,1,1
1619,84:D4:7E:06:4F:F0,eduroam,20,632.4624691009521,B2-01,1,1
1620,84:D4:7E:06:4F:F1,PoliSemFio,20,632.4624691009521,B2-01,1,1
1621,B0:48:7A:C4:2F:B4,LTG_Teste,17,632.4624691009521,B2-01,1,1
1622,DC:9F:DB:1C:1F:E0,LWN-3,29,632.4624691009521,B2-01,1,1
1623,DE:9F:DB:1C:1F:E0,LARC Guest,27,632.4624691009521,B2-01,1,1
1624,F8:1A:67:99:55:8E,NUCLEAR_CHF,25,632.4624691009521,B2-01,1,1
1625,FE:9F:DB:1C:1F:D7,,17,632.4624691009521,B2-01,1,1
1626,FE:9F:DB:1C:1F:E0,,29,632.4624691009521,B2-01,1,1
1627,00:18:E7:FF:8C:98,dlink,30,635.0916640758514,B2-01,1,1
1628,00:21:91:70:9D:EC,LAB-DIDATICO,25,635.0916640758514,B2-01,1,1
1629,34:60:F9:A3:D9:14,GASWIFI-2G_C2,25,635.0916640758514,B2-01,1,1
1630,34:60:F9:A3:E7:3F,GASWIFI_C4,32,635.0916640758514,B2-01,1,1
1631,34:CE:00:51:3E:6F,Lab,59,635.0916640758514,B2-01,1,1
1632,34:CE:00:51:3E:70,Lab_5G,25,635.0916640758514,B2-01,1,1
1633,3A:60:F9:A3:D9:14,,25,635.0916640758514,B2-01,1,1
1634,44:D2:44:DC:2E:01,PROJETOR_B2-06-EC89sIpciG1AUef,34,635.0916640758514,B2-01,1,1
1635,54:B8:0A:AA:2C:8C,LAB_DIGITAL,27,635.0916640758514,B2-01,1,1
1636,54:B8:0A:AA:2C:8D,PCS-Wireless,29,635.0916640758514,B2-01,1,1
1637,54:F0:B1:A1:18:C0,eduroam,22,635.0916640758514,B2-01,1,1
1638,54:F0:B1:A1:18:C1,PoliSemFio,22,635.0916640758514,B2-01,1,1
1639,54:F0:B1:A1:18:C3,MEZANINO,22,635.0916640758514,B2-01,1,1
1640,54:F0:B1:A1:18:C4,GDLAB,22,635.0916640758514,B2-01,1,1
1641,54:F0:B1:A1:18:C5,LABPAD,24,635.0916640758514,B2-01,1,1
1642,54:F0:B1:A1:18:D0,eduroam,35,635.0916640758514,B2-01,1,1
1643,54:F0:B1:A1:18:D1,PoliSemFio,37,635.0916640758514,B2-01,1,1
1644,54:F0:B1:A1:18:D2,,35,635.0916640758514,B2-01,1,1
1645,54:F0:B1:A1:18:D3,MEZANINO,37,635.0916640758514,B2-01,1,1
1646,54:F0:B1:A1:18:D4,GDLAB,35,635.0916640758514,B2-01,1,1
1647,54:F0:B1:A1:18:D5,LABPAD,35,635.0916640758514,B2-01,1,1
1648,54:F0:B1:A1:58:00,eduroam,34,635.0916640758514,B2-01,1,1
1649,54:F0:B1:A1:58:01,PoliSemFio,32,635.0916640758514,B2-01,1,1
1650,54:F0:B1:A1:58:02,,30,635.0916640758514,B2-01,1,1
1651,54:F0:B1:A1:E5:00,eduroam,20,635.0916640758514,B2-01,1,1
1652,54:F0:B1:A1:E5:01,PoliSemFio,32,635.0916640758514,B2-01,1,1
1653,54:F0:B1:A1:E5:02,,32,635.0916640758514,B2-01,1,1
1654,54:F0:B1:A2:56:70,eduroam,19,635.0916640758514,B2-01,1,1
1655,54:F0:B1:A2:57:30,eduroam,14,635.0916640758514,B2-01,1,1
1656,54:F0:B1:A2:57:31,PoliSemFio,22,635.0916640758514,B2-01,1,1
1657,54:F0:B1:A2:57:32,,22,635.0916640758514,B2-01,1,1
1658,54:F0:B1:A2:57:33,LCA,24,635.0916640758514,B2-01,1,1
1659,54:F0:B1:BB:5A:80,eduroam,20,635.0916640758514,B2-01,1,1
1660,54:F0:B1:BB:5A:82,HACKER,24,635.0916640758514,B2-01,1,1
1661,54:F0:B1:BB:5A:83,LEP,30,635.0916640758514,B2-01,1,1
1662,54:F0:B1:BB:92:C2,,29,635.0916640758514,B2-01,1,1
1663,54:F0:B1:BB:BE:12,,22,635.0916640758514,B2-01,1,1
1664,54:F0:B1:BB:BE:13,CAEEL,15,635.0916640758514,B2-01,1,1
1665,54:F0:B1:BB:C4:D0,eduroam,52,635.0916640758514,B2-01,1,1
1666,54:F0:B1:BB:C4:D1,PoliSemFio,50,635.0916640758514,B2-01,1,1
1667,54:F0:B1:BB:C4:D2,,50,635.0916640758514,B2-01,1,1
1668,54:F0:B1:BB:C4:F0,eduroam,27,635.0916640758514,B2-01,1,1
1669,54:F0:B1:BB:C4:F1,PoliSemFio,29,635.0916640758514,B2-01,1,1
1670,54:F0:B1:BB:C4:F2,,40,635.0916640758514,B2-01,1,1
1671,54:F0:B1:BB:C5:C4,GDLAB,19,635.0916640758514,B2-01,1,1
1672,54:F0:B1:BB:F3:20,eduroam,22,635.0916640758514,B2-01,1,1
1673,54:F0:B1:BB:FD:D0,eduroam,12,635.0916640758514,B2-01,1,1
1674,54:F0:B1:BC:09:40,eduroam,89,635.0916640758514,B2-01,1,1
1675,54:F0:B1:BC:09:41,PoliSemFio,99,635.0916640758514,B2-01,1,1
1676,54:F0:B1:BC:09:42,,92,635.0916640758514,B2-01,1,1
1677,54:F0:B1:BC:09:60,eduroam,78,635.0916640758514,B2-01,1,1
1678,54:F0:B1:BC:09:61,PoliSemFio,90,635.0916640758514,B2-01,1,1
1679,54:F0:B1:BC:1B:D0,eduroam,39,635.0916640758514,B2-01,1,1
1680,54:F0:B1:BC:1B:D1,PoliSemFio,49,635.0916640758514,B2-01,1,1
1681,54:F0:B1:BC:1B:D2,,47,635.0916640758514,B2-01,1,1
1682,54:F0:B1:BC:1B:F0,eduroam,35,635.0916640758514,B2-01,1,1
1683,54:F0:B1:BC:1B:F1,PoliSemFio,35,635.0916640758514,B2-01,1,1
1684,54:F0:B1:BC:1B:F2,,22,635.0916640758514,B2-01,1,1
1685,54:F0:B1:BC:2E:90,eduroam,79,635.0916640758514,B2-01,1,1
1686,54:F0:B1:BC:2E:91,PoliSemFio,47,635.0916640758514,B2-01,1,1
1687,54:F0:B1:BC:2E:92,,49,635.0916640758514,B2-01,1,1
1688,54:F0:B1:BC:2E:B0,eduroam,24,635.0916640758514,B2-01,1,1
1689,54:F0:B1:BC:2E:B1,PoliSemFio,25,635.0916640758514,B2-01,1,1
1690,54:F0:B1:BC:2F:50,eduroam,22,635.0916640758514,B2-01,1,1
1691,54:F0:B1:BC:36:11,eduroam,17,635.0916640758514,B2-01,1,1
1692,54:F0:B1:BC:3F:10,eduroam,37,635.0916640758514,B2-01,1,1
1693,54:F0:B1:BC:3F:12,,32,635.0916640758514,B2-01,1,1
1694,54:F0:B1:BC:65:B0,eduroam,14,635.0916640758514,B2-01,1,1
1695,54:F0:B1:BC:65:B2,,24,635.0916640758514,B2-01,1,1
1696,54:F0:B1:BC:6F:70,eduroam,15,635.0916640758514,B2-01,1,1
1697,54:F0:B1:BC:70:00,eduroam,49,635.0916640758514,B2-01,1,1
1698,54:F0:B1:BC:70:01,PoliSemFio,42,635.0916640758514,B2-01,1,1
1699,54:F0:B1:BC:70:02,,32,635.0916640758514,B2-01,1,1
1700,54:F0:B1:BC:70:20,eduroam,14,635.0916640758514,B2-01,1,1
1701,54:F0:B1:BC:77:80,eduroam,47,635.0916640758514,B2-01,1,1
1702,54:F0:B1:BC:77:81,PoliSemFio,44,635.0916640758514,B2-01,1,1
1703,54:F0:B1:BC:77:82,,44,635.0916640758514,B2-01,1,1
1704,54:F0:B1:BC:77:A0,eduroam,24,635.0916640758514,B2-01,1,1
1705,54:F0:B1:BC:77:A1,PoliSemFio,24,635.0916640758514,B2-01,1,1
1706,54:F0:B1:BC:7C:90,eduroam,5,635.0916640758514,B2-01,1,1
1707,54:F0:B1:BC:8F:20,eduroam,24,635.0916640758514,B2-01,1,1
1708,56:60:F9:A3:E7:3F,,34,635.0916640758514,B2-01,1,1
1709,68:FF:7B:47:78:BE,C1-22M,37,635.0916640758514,B2-01,1,1
1710,70:62:B8:6E:72:A0,PCS-wireless-C1-13,39,635.0916640758514,B2-01,1,1
1711,70:62:B8:6E:72:A1,PPGEE,35,635.0916640758514,B2-01,1,1
1712,84:D4:7E:06:4F:E0,eduroam,64,635.0916640758514,B2-01,1,1
1713,84:D4:7E:06:4F:E1,PoliSemFio,60,635.0916640758514,B2-01,1,1
1714,84:D4:7E:06:4F:E2,,60,635.0916640758514,B2-01,1,1
1715,84:D4:7E:06:4F:F0,eduroam,20,635.0916640758514,B2-01,1,1
1716,84:D4:7E:06:4F:F1,PoliSemFio,20,635.0916640758514,B2-01,1,1
1717,B0:48:7A:C4:2F:B4,LTG_Teste,17,635.0916640758514,B2-01,1,1
1718,DC:9F:DB:1C:1F:E0,LWN-3,29,635.0916640758514,B2-01,1,1
1719,DE:9F:DB:1C:1F:E0,LARC Guest,27,635.0916640758514,B2-01,1,1
1720,F8:1A:67:99:55:8E,NUCLEAR_CHF,25,635.0916640758514,B2-01,1,1
1721,FE:9F:DB:1C:1F:D7,,17,635.0916640758514,B2-01,1,1
1722,FE:9F:DB:1C:1F:E0,,29,635.0916640758514,B2-01,1,1
1723,00:18:E7:FF:8C:98,dlink,30,641.34454870224,B2-01,1,1
1724,00:21:91:70:9D:EC,LAB-DIDATICO,25,641.34454870224,B2-01,1,1
1725,30:85:A9:69:F2:E4,PCS-Wireless-C2-22,29,641.34454870224,B2-01,1,1
1726,34:60:F9:A3:D9:14,GASWIFI-2G_C2,30,641.34454870224,B2-01,1,1
1727,34:60:F9:A3:E7:3F,GASWIFI_C4,32,641.34454870224,B2-01,1,1
1728,34:CE:00:51:3E:6F,Lab,60,641.34454870224,B2-01,1,1
1729,34:CE:00:51:3E:70,Lab_5G,17,641.34454870224,B2-01,1,1
1730,3A:60:F9:A3:D9:14,,25,641.34454870224,B2-01,1,1
1731,44:D2:44:DC:2E:01,PROJETOR_B2-06-EC89sIpciG1AUef,47,641.34454870224,B2-01,1,1
1732,54:B8:0A:AA:2C:8C,LAB_DIGITAL,19,641.34454870224,B2-01,1,1
1733,54:B8:0A:AA:2C:8D,PCS-Wireless,20,641.34454870224,B2-01,1,1
1734,54:F0:B1:A1:18:C0,eduroam,17,641.34454870224,B2-01,1,1
1735,54:F0:B1:A1:18:C1,PoliSemFio,17,641.34454870224,B2-01,1,1
1736,54:F0:B1:A1:18:C3,MEZANINO,17,641.34454870224,B2-01,1,1
1737,54:F0:B1:A1:18:C4,GDLAB,17,641.34454870224,B2-01,1,1
1738,54:F0:B1:A1:18:C5,LABPAD,19,641.34454870224,B2-01,1,1
1739,54:F0:B1:A1:18:D0,eduroam,44,641.34454870224,B2-01,1,1
1740,54:F0:B1:A1:18:D1,PoliSemFio,37,641.34454870224,B2-01,1,1
1741,54:F0:B1:A1:18:D2,,39,641.34454870224,B2-01,1,1
1742,54:F0:B1:A1:18:D3,MEZANINO,37,641.34454870224,B2-01,1,1
1743,54:F0:B1:A1:18:D4,GDLAB,44,641.34454870224,B2-01,1,1
1744,54:F0:B1:A1:18:D5,LABPAD,44,641.34454870224,B2-01,1,1
1745,54:F0:B1:A1:57:F0,eduroam,14,641.34454870224,B2-01,1,1
1746,54:F0:B1:A1:57:F1,PoliSemFio,12,641.34454870224,B2-01,1,1
1747,54:F0:B1:A1:58:00,eduroam,34,641.34454870224,B2-01,1,1
1748,54:F0:B1:A1:58:01,PoliSemFio,32,641.34454870224,B2-01,1,1
1749,54:F0:B1:A1:58:02,,30,641.34454870224,B2-01,1,1
1750,54:F0:B1:A1:E5:00,eduroam,20,641.34454870224,B2-01,1,1
1751,54:F0:B1:A1:E5:01,PoliSemFio,32,641.34454870224,B2-01,1,1
1752,54:F0:B1:A1:E5:02,,32,641.34454870224,B2-01,1,1
1753,54:F0:B1:A2:56:70,eduroam,19,641.34454870224,B2-01,1,1
1754,54:F0:B1:A2:56:72,,34,641.34454870224,B2-01,1,1
1755,54:F0:B1:A2:57:30,eduroam,15,641.34454870224,B2-01,1,1
1756,54:F0:B1:A2:57:31,PoliSemFio,22,641.34454870224,B2-01,1,1
1757,54:F0:B1:A2:57:32,,22,641.34454870224,B2-01,1,1
1758,54:F0:B1:A2:57:33,LCA,24,641.34454870224,B2-01,1,1
1759,54:F0:B1:BB:5A:80,eduroam,25,641.34454870224,B2-01,1,1
1760,54:F0:B1:BB:5A:82,HACKER,24,641.34454870224,B2-01,1,1
1761,54:F0:B1:BB:5A:83,LEP,30,641.34454870224,B2-01,1,1
1762,54:F0:B1:BB:84:B0,eduroam,19,641.34454870224,B2-01,1,1
1763,54:F0:B1:BB:92:C2,,29,641.34454870224,B2-01,1,1
1764,54:F0:B1:BB:BE:12,,22,641.34454870224,B2-01,1,1
1765,54:F0:B1:BB:BE:13,CAEEL,17,641.34454870224,B2-01,1,1
1766,54:F0:B1:BB:C4:D0,eduroam,59,641.34454870224,B2-01,1,1
1767,54:F0:B1:BB:C4:D1,PoliSemFio,50,641.34454870224,B2-01,1,1
1768,54:F0:B1:BB:C4:D2,,50,641.34454870224,B2-01,1,1
1769,54:F0:B1:BB:C4:F0,eduroam,39,641.34454870224,B2-01,1,1
1770,54:F0:B1:BB:C4:F1,PoliSemFio,37,641.34454870224,B2-01,1,1
1771,54:F0:B1:BB:C4:F2,,39,641.34454870224,B2-01,1,1
1772,54:F0:B1:BB:C5:C4,GDLAB,19,641.34454870224,B2-01,1,1
1773,54:F0:B1:BB:F3:20,eduroam,22,641.34454870224,B2-01,1,1
1774,54:F0:B1:BB:FD:D0,eduroam,17,641.34454870224,B2-01,1,1
1775,54:F0:B1:BC:09:40,eduroam,100,641.34454870224,B2-01,1,1
1776,54:F0:B1:BC:09:41,PoliSemFio,100,641.34454870224,B2-01,1,1
1777,54:F0:B1:BC:09:42,,100,641.34454870224,B2-01,1,1
1778,54:F0:B1:BC:09:60,eduroam,76,641.34454870224,B2-01,1,1
1779,54:F0:B1:BC:09:61,PoliSemFio,82,641.34454870224,B2-01,1,1
1780,54:F0:B1:BC:1B:D0,eduroam,39,641.34454870224,B2-01,1,1
1781,54:F0:B1:BC:1B:D1,PoliSemFio,49,641.34454870224,B2-01,1,1
1782,54:F0:B1:BC:1B:D2,,55,641.34454870224,B2-01,1,1
1783,54:F0:B1:BC:1B:F0,eduroam,17,641.34454870224,B2-01,1,1
1784,54:F0:B1:BC:1B:F1,PoliSemFio,17,641.34454870224,B2-01,1,1
1785,54:F0:B1:BC:1B:F2,,22,641.34454870224,B2-01,1,1
1786,54:F0:B1:BC:2E:90,eduroam,49,641.34454870224,B2-01,1,1
1787,54:F0:B1:BC:2E:91,PoliSemFio,47,641.34454870224,B2-01,1,1
1788,54:F0:B1:BC:2E:92,,49,641.34454870224,B2-01,1,1
1789,54:F0:B1:BC:2E:B0,eduroam,34,641.34454870224,B2-01,1,1
1790,54:F0:B1:BC:2E:B1,PoliSemFio,34,641.34454870224,B2-01,1,1
1791,54:F0:B1:BC:2F:50,eduroam,15,641.34454870224,B2-01,1,1
1792,54:F0:B1:BC:36:11,eduroam,30,641.34454870224,B2-01,1,1
1793,54:F0:B1:BC:3F:10,eduroam,32,641.34454870224,B2-01,1,1
1794,54:F0:B1:BC:3F:12,,37,641.34454870224,B2-01,1,1
1795,54:F0:B1:BC:65:B0,eduroam,14,641.34454870224,B2-01,1,1
1796,54:F0:B1:BC:65:B2,,24,641.34454870224,B2-01,1,1
1797,54:F0:B1:BC:6F:70,eduroam,14,641.34454870224,B2-01,1,1
1798,54:F0:B1:BC:70:00,eduroam,49,641.34454870224,B2-01,1,1
1799,54:F0:B1:BC:70:01,PoliSemFio,42,641.34454870224,B2-01,1,1
1800,54:F0:B1:BC:70:02,,32,641.34454870224,B2-01,1,1
1801,54:F0:B1:BC:70:20,eduroam,14,641.34454870224,B2-01,1,1
1802,54:F0:B1:BC:70:21,PoliSemFio,15,641.34454870224,B2-01,1,1
1803,54:F0:B1:BC:77:80,eduroam,47,641.34454870224,B2-01,1,1
1804,54:F0:B1:BC:77:81,PoliSemFio,52,641.34454870224,B2-01,1,1
1805,54:F0:B1:BC:77:82,,44,641.34454870224,B2-01,1,1
1806,54:F0:B1:BC:77:A0,eduroam,24,641.34454870224,B2-01,1,1
1807,54:F0:B1:BC:77:A1,PoliSemFio,25,641.34454870224,B2-01,1,1
1808,54:F0:B1:BC:7C:90,eduroam,5,641.34454870224,B2-01,1,1
1809,54:F0:B1:BC:8F:20,eduroam,24,641.34454870224,B2-01,1,1
1810,56:60:F9:A3:E7:3F,,34,641.34454870224,B2-01,1,1
1811,68:FF:7B:47:78:BE,C1-22M,37,641.34454870224,B2-01,1,1
1812,70:62:B8:6E:72:A0,PCS-wireless-C1-13,39,641.34454870224,B2-01,1,1
1813,70:62:B8:6E:72:A1,PPGEE,35,641.34454870224,B2-01,1,1
1814,84:D4:7E:06:4F:E0,eduroam,62,641.34454870224,B2-01,1,1
1815,84:D4:7E:06:4F:E1,PoliSemFio,60,641.34454870224,B2-01,1,1
1816,84:D4:7E:06:4F:E2,,60,641.34454870224,B2-01,1,1
1817,84:D4:7E:06:4F:F0,eduroam,47,641.34454870224,B2-01,1,1
1818,84:D4:7E:06:4F:F1,PoliSemFio,47,641.34454870224,B2-01,1,1
1819,DC:9F:DB:1C:1F:D7,LWN-3,22,641.34454870224,B2-01,1,1
1820,DC:9F:DB:1C:1F:E0,LWN-3,29,641.34454870224,B2-01,1,1
1821,DE:9F:DB:1C:1F:E0,LARC Guest,25,641.34454870224,B2-01,1,1
1822,F8:1A:67:99:55:8E,NUCLEAR_CHF,30,641.34454870224,B2-01,1,1
1823,FE:9F:DB:1C:1F:D7,,17,641.34454870224,B2-01,1,1
1824,FE:9F:DB:1C:1F:E0,,30,641.34454870224,B2-01,1,1
1825,00:18:E7:FF:8C:98,dlink,30,647.6351182460785,B2-01,1,1
1826,00:21:91:70:9D:EC,LAB-DIDATICO,25,647.6351182460785,B2-01,1,1
1827,30:85:A9:69:F2:E4,PCS-Wireless-C2-22,29,647.6351182460785,B2-01,1,1
1828,34:60:F9:A3:D9:14,GASWIFI-2G_C2,30,647.6351182460785,B2-01,1,1
1829,34:60:F9:A3:E7:3F,GASWIFI_C4,32,647.6351182460785,B2-01,1,1
1830,34:CE:00:51:3E:6F,Lab,50,647.6351182460785,B2-01,1,1
1831,34:CE:00:51:3E:70,Lab_5G,25,647.6351182460785,B2-01,1,1
1832,3A:60:F9:A3:D9:13,,12,647.6351182460785,B2-01,1,1
1833,3A:60:F9:A3:D9:14,,25,647.6351182460785,B2-01,1,1
1834,44:D2:44:DC:2E:01,PROJETOR_B2-06-EC89sIpciG1AUef,25,647.6351182460785,B2-01,1,1
1835,54:B8:0A:AA:2C:8C,LAB_DIGITAL,19,647.6351182460785,B2-01,1,1
1836,54:B8:0A:AA:2C:8D,PCS-Wireless,24,647.6351182460785,B2-01,1,1
1837,54:F0:B1:A1:18:C0,eduroam,15,647.6351182460785,B2-01,1,1
1838,54:F0:B1:A1:18:C1,PoliSemFio,17,647.6351182460785,B2-01,1,1
1839,54:F0:B1:A1:18:C3,MEZANINO,19,647.6351182460785,B2-01,1,1
1840,54:F0:B1:A1:18:C4,GDLAB,17,647.6351182460785,B2-01,1,1
1841,54:F0:B1:A1:18:C5,LABPAD,17,647.6351182460785,B2-01,1,1
1842,54:F0:B1:A1:18:D0,eduroam,44,647.6351182460785,B2-01,1,1
1843,54:F0:B1:A1:18:D2,,39,647.6351182460785,B2-01,1,1
1844,54:F0:B1:A1:18:D3,MEZANINO,37,647.6351182460785,B2-01,1,1
1845,54:F0:B1:A1:18:D4,GDLAB,44,647.6351182460785,B2-01,1,1
1846,54:F0:B1:A1:18:D5,LABPAD,44,647.6351182460785,B2-01,1,1
1847,54:F0:B1:A1:57:F0,eduroam,14,647.6351182460785,B2-01,1,1
1848,54:F0:B1:A1:57:F1,PoliSemFio,12,647.6351182460785,B2-01,1,1
1849,54:F0:B1:A1:58:00,eduroam,34,647.6351182460785,B2-01,1,1
1850,54:F0:B1:A1:58:01,PoliSemFio,35,647.6351182460785,B2-01,1,1
1851,54:F0:B1:A1:58:02,,37,647.6351182460785,B2-01,1,1
1852,54:F0:B1:A1:E5:00,eduroam,20,647.6351182460785,B2-01,1,1
1853,54:F0:B1:A2:56:70,eduroam,19,647.6351182460785,B2-01,1,1
1854,54:F0:B1:A2:56:72,,34,647.6351182460785,B2-01,1,1
1855,54:F0:B1:A2:57:30,eduroam,15,647.6351182460785,B2-01,1,1
1856,54:F0:B1:A2:57:33,LCA,24,647.6351182460785,B2-01,1,1
1857,54:F0:B1:BB:5A:80,eduroam,29,647.6351182460785,B2-01,1,1
1858,54:F0:B1:BB:5A:81,PoliSemFio,29,647.6351182460785,B2-01,1,1
1859,54:F0:B1:BB:5A:82,HACKER,30,647.6351182460785,B2-01,1,1
1860,54:F0:B1:BB:5A:83,LEP,27,647.6351182460785,B2-01,1,1
1861,54:F0:B1:BB:84:B0,eduroam,19,647.6351182460785,B2-01,1,1
1862,54:F0:B1:BB:BE:12,,22,647.6351182460785,B2-01,1,1
1863,54:F0:B1:BB:BE:13,CAEEL,17,647.6351182460785,B2-01,1,1
1864,54:F0:B1:BB:C4:D0,eduroam,59,647.6351182460785,B2-01,1,1
1865,54:F0:B1:BB:C4:D1,PoliSemFio,52,647.6351182460785,B2-01,1,1
1866,54:F0:B1:BB:C4:D2,,54,647.6351182460785,B2-01,1,1
1867,54:F0:B1:BB:C4:F0,eduroam,34,647.6351182460785,B2-01,1,1
1868,54:F0:B1:BB:C4:F1,PoliSemFio,35,647.6351182460785,B2-01,1,1
1869,54:F0:B1:BB:C4:F2,,35,647.6351182460785,B2-01,1,1
1870,54:F0:B1:BB:F3:20,eduroam,22,647.6351182460785,B2-01,1,1
1871,54:F0:B1:BB:FD:D0,eduroam,17,647.6351182460785,B2-01,1,1
1872,54:F0:B1:BC:09:40,eduroam,84,647.6351182460785,B2-01,1,1
1873,54:F0:B1:BC:09:41,PoliSemFio,84,647.6351182460785,B2-01,1,1
1874,54:F0:B1:BC:09:42,,84,647.6351182460785,B2-01,1,1
1875,54:F0:B1:BC:09:60,eduroam,65,647.6351182460785,B2-01,1,1
1876,54:F0:B1:BC:09:61,PoliSemFio,65,647.6351182460785,B2-01,1,1
1877,54:F0:B1:BC:1B:D0,eduroam,34,647.6351182460785,B2-01,1,1
1878,54:F0:B1:BC:1B:D1,PoliSemFio,54,647.6351182460785,B2-01,1,1
1879,54:F0:B1:BC:1B:D2,,54,647.6351182460785,B2-01,1,1
1880,54:F0:B1:BC:1B:F0,eduroam,17,647.6351182460785,B2-01,1,1
1881,54:F0:B1:BC:1B:F1,PoliSemFio,17,647.6351182460785,B2-01,1,1
1882,54:F0:B1:BC:2E:90,eduroam,49,647.6351182460785,B2-01,1,1
1883,54:F0:B1:BC:2E:91,PoliSemFio,47,647.6351182460785,B2-01,1,1
1884,54:F0:B1:BC:2E:92,,49,647.6351182460785,B2-01,1,1
1885,54:F0:B1:BC:2E:B0,eduroam,25,647.6351182460785,B2-01,1,1
1886,54:F0:B1:BC:2E:B1,PoliSemFio,25,647.6351182460785,B2-01,1,1
1887,54:F0:B1:BC:2F:50,eduroam,15,647.6351182460785,B2-01,1,1
1888,54:F0:B1:BC:36:11,eduroam,30,647.6351182460785,B2-01,1,1
1889,54:F0:B1:BC:3F:10,eduroam,32,647.6351182460785,B2-01,1,1
1890,54:F0:B1:BC:3F:12,,34,647.6351182460785,B2-01,1,1
1891,54:F0:B1:BC:65:B0,eduroam,14,647.6351182460785,B2-01,1,1
1892,54:F0:B1:BC:65:B2,,24,647.6351182460785,B2-01,1,1
1893,54:F0:B1:BC:6F:70,eduroam,14,647.6351182460785,B2-01,1,1
1894,54:F0:B1:BC:70:00,eduroam,50,647.6351182460785,B2-01,1,1
1895,54:F0:B1:BC:70:01,PoliSemFio,45,647.6351182460785,B2-01,1,1
1896,54:F0:B1:BC:70:02,,45,647.6351182460785,B2-01,1,1
1897,54:F0:B1:BC:70:20,eduroam,14,647.6351182460785,B2-01,1,1
1898,54:F0:B1:BC:70:21,PoliSemFio,15,647.6351182460785,B2-01,1,1
1899,54:F0:B1:BC:77:80,eduroam,47,647.6351182460785,B2-01,1,1
1900,54:F0:B1:BC:77:81,PoliSemFio,52,647.6351182460785,B2-01,1,1
1901,54:F0:B1:BC:77:82,,47,647.6351182460785,B2-01,1,1
1902,54:F0:B1:BC:77:A0,eduroam,15,647.6351182460785,B2-01,1,1
1903,54:F0:B1:BC:77:A1,PoliSemFio,15,647.6351182460785,B2-01,1,1
1904,54:F0:B1:BC:7C:90,eduroam,5,647.6351182460785,B2-01,1,1
1905,54:F0:B1:BC:8F:20,eduroam,24,647.6351182460785,B2-01,1,1
1906,68:FF:7B:47:78:BE,C1-22M,37,647.6351182460785,B2-01,1,1
1907,70:62:B8:6E:72:A1,PPGEE,35,647.6351182460785,B2-01,1,1
1908,84:D4:7E:06:4F:E0,eduroam,62,647.6351182460785,B2-01,1,1
1909,84:D4:7E:06:4F:E1,PoliSemFio,60,647.6351182460785,B2-01,1,1
1910,84:D4:7E:06:4F:E2,,60,647.6351182460785,B2-01,1,1
1911,84:D4:7E:06:4F:F0,eduroam,19,647.6351182460785,B2-01,1,1
1912,84:D4:7E:06:4F:F1,PoliSemFio,17,647.6351182460785,B2-01,1,1
1913,84:D4:7E:06:4F:F2,,17,647.6351182460785,B2-01,1,1
1914,DC:9F:DB:1C:1F:D7,LWN-3,22,647.6351182460785,B2-01,1,1
1915,DC:9F:DB:1C:1F:E0,LWN-3,29,647.6351182460785,B2-01,1,1
1916,DE:9F:DB:1C:1F:E0,LARC Guest,29,647.6351182460785,B2-01,1,1
1917,F8:1A:67:99:55:8E,NUCLEAR_CHF,24,647.6351182460785,B2-01,1,1
1918,FE:9F:DB:1C:1F:D7,,17,647.6351182460785,B2-01,1,1
1919,FE:9F:DB:1C:1F:E0,,30,647.6351182460785,B2-01,1,1
1920,00:18:E7:FF:8C:98,dlink,30,653.897744178772,B2-01,1,1
1921,00:21:91:70:9D:EC,LAB-DIDATICO,25,653.897744178772,B2-01,1,1
1922,30:85:A9:69:F2:E4,PCS-Wireless-C2-22,29,653.897744178772,B2-01,1,1
1923,34:60:F9:A3:D9:14,GASWIFI-2G_C2,30,653.897744178772,B2-01,1,1
1924,34:60:F9:A3:E7:3F,GASWIFI_C4,32,653.897744178772,B2-01,1,1
1925,34:CE:00:51:3E:6F,Lab,50,653.897744178772,B2-01,1,1
1926,34:CE:00:51:3E:70,Lab_5G,25,653.897744178772,B2-01,1,1
1927,3A:60:F9:A3:D9:13,,12,653.897744178772,B2-01,1,1
1928,3A:60:F9:A3:D9:14,,25,653.897744178772,B2-01,1,1
1929,44:D2:44:DC:2E:01,PROJETOR_B2-06-EC89sIpciG1AUef,25,653.897744178772,B2-01,1,1
1930,54:B8:0A:AA:2C:8C,LAB_DIGITAL,19,653.897744178772,B2-01,1,1
1931,54:B8:0A:AA:2C:8D,PCS-Wireless,24,653.897744178772,B2-01,1,1
1932,54:F0:B1:A1:18:C0,eduroam,15,653.897744178772,B2-01,1,1
1933,54:F0:B1:A1:18:C1,PoliSemFio,17,653.897744178772,B2-01,1,1
1934,54:F0:B1:A1:18:C3,MEZANINO,19,653.897744178772,B2-01,1,1
1935,54:F0:B1:A1:18:C4,GDLAB,17,653.897744178772,B2-01,1,1
1936,54:F0:B1:A1:18:C5,LABPAD,17,653.897744178772,B2-01,1,1
1937,54:F0:B1:A1:18:D0,eduroam,44,653.897744178772,B2-01,1,1
1938,54:F0:B1:A1:18:D2,,39,653.897744178772,B2-01,1,1
1939,54:F0:B1:A1:18:D3,MEZANINO,37,653.897744178772,B2-01,1,1
1940,54:F0:B1:A1:18:D4,GDLAB,44,653.897744178772,B2-01,1,1
1941,54:F0:B1:A1:18:D5,LABPAD,44,653.897744178772,B2-01,1,1
1942,54:F0:B1:A1:57:F0,eduroam,14,653.897744178772,B2-01,1,1
1943,54:F0:B1:A1:57:F1,PoliSemFio,12,653.897744178772,B2-01,1,1
1944,54:F0:B1:A1:58:00,eduroam,34,653.897744178772,B2-01,1,1
1945,54:F0:B1:A1:58:01,PoliSemFio,35,653.897744178772,B2-01,1,1
1946,54:F0:B1:A1:58:02,,37,653.897744178772,B2-01,1,1
1947,54:F0:B1:A1:E5:00,eduroam,20,653.897744178772,B2-01,1,1
1948,54:F0:B1:A2:56:70,eduroam,19,653.897744178772,B2-01,1,1
1949,54:F0:B1:A2:56:72,,34,653.897744178772,B2-01,1,1
1950,54:F0:B1:A2:57:30,eduroam,15,653.897744178772,B2-01,1,1
1951,54:F0:B1:A2:57:33,LCA,24,653.897744178772,B2-01,1,1
1952,54:F0:B1:BB:5A:80,eduroam,29,653.897744178772,B2-01,1,1
1953,54:F0:B1:BB:5A:81,PoliSemFio,29,653.897744178772,B2-01,1,1
1954,54:F0:B1:BB:5A:82,HACKER,30,653.897744178772,B2-01,1,1
1955,54:F0:B1:BB:5A:83,LEP,27,653.897744178772,B2-01,1,1
1956,54:F0:B1:BB:84:B0,eduroam,19,653.897744178772,B2-01,1,1
1957,54:F0:B1:BB:BE:12,,22,653.897744178772,B2-01,1,1
1958,54:F0:B1:BB:BE:13,CAEEL,17,653.897744178772,B2-01,1,1
1959,54:F0:B1:BB:C4:D0,eduroam,59,653.897744178772,B2-01,1,1
1960,54:F0:B1:BB:C4:D1,PoliSemFio,52,653.897744178772,B2-01,1,1
1961,54:F0:B1:BB:C4:D2,,54,653.897744178772,B2-01,1,1
1962,54:F0:B1:BB:C4:F0,eduroam,34,653.897744178772,B2-01,1,1
1963,54:F0:B1:BB:C4:F1,PoliSemFio,35,653.897744178772,B2-01,1,1
1964,54:F0:B1:BB:C4:F2,,35,653.897744178772,B2-01,1,1
1965,54:F0:B1:BB:F3:20,eduroam,22,653.897744178772,B2-01,1,1
1966,54:F0:B1:BB:FD:D0,eduroam,17,653.897744178772,B2-01,1,1
1967,54:F0:B1:BC:09:40,eduroam,84,653.897744178772,B2-01,1,1
1968,54:F0:B1:BC:09:41,PoliSemFio,84,653.897744178772,B2-01,1,1
1969,54:F0:B1:BC:09:42,,84,653.897744178772,B2-01,1,1
1970,54:F0:B1:BC:09:60,eduroam,72,653.897744178772,B2-01,1,1
1971,54:F0:B1:BC:09:61,PoliSemFio,65,653.897744178772,B2-01,1,1
1972,54:F0:B1:BC:1B:D0,eduroam,34,653.897744178772,B2-01,1,1
1973,54:F0:B1:BC:1B:D1,PoliSemFio,54,653.897744178772,B2-01,1,1
1974,54:F0:B1:BC:1B:D2,,54,653.897744178772,B2-01,1,1
1975,54:F0:B1:BC:1B:F0,eduroam,17,653.897744178772,B2-01,1,1
1976,54:F0:B1:BC:1B:F1,PoliSemFio,17,653.897744178772,B2-01,1,1
1977,54:F0:B1:BC:2E:90,eduroam,49,653.897744178772,B2-01,1,1
1978,54:F0:B1:BC:2E:91,PoliSemFio,47,653.897744178772,B2-01,1,1
1979,54:F0:B1:BC:2E:92,,49,653.897744178772,B2-01,1,1
1980,54:F0:B1:BC:2E:B0,eduroam,25,653.897744178772,B2-01,1,1
1981,54:F0:B1:BC:2E:B1,PoliSemFio,25,653.897744178772,B2-01,1,1
1982,54:F0:B1:BC:2F:50,eduroam,15,653.897744178772,B2-01,1,1
1983,54:F0:B1:BC:36:11,eduroam,30,653.897744178772,B2-01,1,1
1984,54:F0:B1:BC:3F:10,eduroam,32,653.897744178772,B2-01,1,1
1985,54:F0:B1:BC:3F:12,,34,653.897744178772,B2-01,1,1
1986,54:F0:B1:BC:65:B0,eduroam,14,653.897744178772,B2-01,1,1
1987,54:F0:B1:BC:65:B2,,24,653.897744178772,B2-01,1,1
1988,54:F0:B1:BC:6F:70,eduroam,14,653.897744178772,B2-01,1,1
1989,54:F0:B1:BC:70:00,eduroam,50,653.897744178772,B2-01,1,1
1990,54:F0:B1:BC:70:01,PoliSemFio,45,653.897744178772,B2-01,1,1
1991,54:F0:B1:BC:70:02,,45,653.897744178772,B2-01,1,1
1992,54:F0:B1:BC:70:20,eduroam,14,653.897744178772,B2-01,1,1
1993,54:F0:B1:BC:70:21,PoliSemFio,15,653.897744178772,B2-01,1,1
1994,54:F0:B1:BC:77:80,eduroam,47,653.897744178772,B2-01,1,1
1995,54:F0:B1:BC:77:81,PoliSemFio,52,653.897744178772,B2-01,1,1
1996,54:F0:B1:BC:77:82,,47,653.897744178772,B2-01,1,1
1997,54:F0:B1:BC:77:A0,eduroam,15,653.897744178772,B2-01,1,1
1998,54:F0:B1:BC:77:A1,PoliSemFio,15,653.897744178772,B2-01,1,1
1999,54:F0:B1:BC:7C:90,eduroam,5,653.897744178772,B2-01,1,1
2000,54:F0:B1:BC:8F:20,eduroam,24,653.897744178772,B2-01,1,1
2001,68:FF:7B:47:78:BE,C1-22M,37,653.897744178772,B2-01,1,1
2002,70:62:B8:6E:72:A1,PPGEE,35,653.897744178772,B2-01,1,1
2003,84:D4:7E:06:4F:E0,eduroam,62,653.897744178772,B2-01,1,1
2004,84:D4:7E:06:4F:E1,PoliSemFio,60,653.897744178772,B2-01,1,1
2005,84:D4:7E:06:4F:E2,,60,653.897744178772,B2-01,1,1
2006,84:D4:7E:06:4F:F0,eduroam,19,653.897744178772,B2-01,1,1
2007,84:D4:7E:06:4F:F1,PoliSemFio,17,653.897744178772,B2-01,1,1
2008,84:D4:7E:06:4F:F2,,17,653.897744178772,B2-01,1,1
2009,DC:9F:DB:1C:1F:D7,LWN-3,22,653.897744178772,B2-01,1,1
2010,DC:9F:DB:1C:1F:E0,LWN-3,29,653.897744178772,B2-01,1,1
2011,DE:9F:DB:1C:1F:E0,LARC Guest,29,653.897744178772,B2-01,1,1
2012,F8:1A:67:99:55:8E,NUCLEAR_CHF,24,653.897744178772,B2-01,1,1
2013,FE:9F:DB:1C:1F:D7,,17,653.897744178772,B2-01,1,1
2014,FE:9F:DB:1C:1F:E0,,30,653.897744178772,B2-01,1,1
2015,00:18:E7:FF:8C:98,dlink,30,656.5214657783508,B2-01,1,1
2016,00:21:91:70:9D:EC,LAB-DIDATICO,25,656.5214657783508,B2-01,1,1
2017,30:85:A9:69:F2:E4,PCS-Wireless-C2-22,29,656.5214657783508,B2-01,1,1
2018,34:60:F9:A3:D9:13,GASWIFI-5G_C2,15,656.5214657783508,B2-01,1,1
2019,34:60:F9:A3:D9:14,GASWIFI-2G_C2,34,656.5214657783508,B2-01,1,1
2020,34:60:F9:A3:E7:3F,GASWIFI_C4,32,656.5214657783508,B2-01,1,1
2021,34:CE:00:51:3E:6F,Lab,54,656.5214657783508,B2-01,1,1
2022,34:CE:00:51:3E:70,Lab_5G,14,656.5214657783508,B2-01,1,1
2023,3A:60:F9:A3:D9:13,,15,656.5214657783508,B2-01,1,1
2024,3A:60:F9:A3:D9:14,,25,656.5214657783508,B2-01,1,1
2025,44:D2:44:DC:2E:01,PROJETOR_B2-06-EC89sIpciG1AUef,25,656.5214657783508,B2-01,1,1
2026,54:B8:0A:AA:2C:8C,LAB_DIGITAL,19,656.5214657783508,B2-01,1,1
2027,54:B8:0A:AA:2C:8D,PCS-Wireless,24,656.5214657783508,B2-01,1,1
2028,54:F0:B1:A1:18:C0,eduroam,15,656.5214657783508,B2-01,1,1
2029,54:F0:B1:A1:18:C1,PoliSemFio,15,656.5214657783508,B2-01,1,1
2030,54:F0:B1:A1:18:C3,MEZANINO,17,656.5214657783508,B2-01,1,1
2031,54:F0:B1:A1:18:C4,GDLAB,14,656.5214657783508,B2-01,1,1
2032,54:F0:B1:A1:18:C5,LABPAD,15,656.5214657783508,B2-01,1,1
2033,54:F0:B1:A1:18:D0,eduroam,42,656.5214657783508,B2-01,1,1
2034,54:F0:B1:A1:18:D1,PoliSemFio,37,656.5214657783508,B2-01,1,1
2035,54:F0:B1:A1:18:D2,,39,656.5214657783508,B2-01,1,1
2036,54:F0:B1:A1:18:D3,MEZANINO,44,656.5214657783508,B2-01,1,1
2037,54:F0:B1:A1:18:D4,GDLAB,40,656.5214657783508,B2-01,1,1
2038,54:F0:B1:A1:18:D5,LABPAD,42,656.5214657783508,B2-01,1,1
2039,54:F0:B1:A1:57:F0,eduroam,14,656.5214657783508,B2-01,1,1
2040,54:F0:B1:A1:57:F1,PoliSemFio,12,656.5214657783508,B2-01,1,1
2041,54:F0:B1:A1:58:00,eduroam,34,656.5214657783508,B2-01,1,1
2042,54:F0:B1:A1:58:01,PoliSemFio,35,656.5214657783508,B2-01,1,1
2043,54:F0:B1:A1:58:02,,34,656.5214657783508,B2-01,1,1
2044,54:F0:B1:A1:E5:00,eduroam,30,656.5214657783508,B2-01,1,1
2045,54:F0:B1:A2:56:70,eduroam,19,656.5214657783508,B2-01,1,1
2046,54:F0:B1:A2:56:71,PoliSemFio,27,656.5214657783508,B2-01,1,1
2047,54:F0:B1:A2:56:72,,34,656.5214657783508,B2-01,1,1
2048,54:F0:B1:A2:57:30,eduroam,34,656.5214657783508,B2-01,1,1
2049,54:F0:B1:A2:57:31,PoliSemFio,29,656.5214657783508,B2-01,1,1
2050,54:F0:B1:A2:57:33,LCA,32,656.5214657783508,B2-01,1,1
2051,54:F0:B1:BB:5A:80,eduroam,29,656.5214657783508,B2-01,1,1
2052,54:F0:B1:BB:5A:81,PoliSemFio,29,656.5214657783508,B2-01,1,1
2053,54:F0:B1:BB:5A:82,HACKER,17,656.5214657783508,B2-01,1,1
2054,54:F0:B1:BB:5A:83,LEP,27,656.5214657783508,B2-01,1,1
2055,54:F0:B1:BB:84:B0,eduroam,19,656.5214657783508,B2-01,1,1
2056,54:F0:B1:BB:84:B2,,25,656.5214657783508,B2-01,1,1
2057,54:F0:B1:BB:BE:12,,22,656.5214657783508,B2-01,1,1
2058,54:F0:B1:BB:BE:13,CAEEL,17,656.5214657783508,B2-01,1,1
2059,54:F0:B1:BB:C4:D0,eduroam,59,656.5214657783508,B2-01,1,1
2060,54:F0:B1:BB:C4:D1,PoliSemFio,52,656.5214657783508,B2-01,1,1
2061,54:F0:B1:BB:C4:D2,,54,656.5214657783508,B2-01,1,1
2062,54:F0:B1:BB:C4:F0,eduroam,22,656.5214657783508,B2-01,1,1
2063,54:F0:B1:BB:C4:F1,PoliSemFio,20,656.5214657783508,B2-01,1,1
2064,54:F0:B1:BB:C4:F2,,35,656.5214657783508,B2-01,1,1
2065,54:F0:B1:BB:CD:A0,eduroam,12,656.5214657783508,B2-01,1,1
2066,54:F0:B1:BB:F3:20,eduroam,22,656.5214657783508,B2-01,1,1
2067,54:F0:B1:BB:F3:21,PoliSemFio,25,656.5214657783508,B2-01,1,1
2068,54:F0:B1:BB:F3:22,,25,656.5214657783508,B2-01,1,1
2069,54:F0:B1:BB:FD:D0,eduroam,17,656.5214657783508,B2-01,1,1
2070,54:F0:B1:BB:FD:D2,,25,656.5214657783508,B2-01,1,1
2071,54:F0:B1:BC:09:40,eduroam,82,656.5214657783508,B2-01,1,1
2072,54:F0:B1:BC:09:41,PoliSemFio,84,656.5214657783508,B2-01,1,1
2073,54:F0:B1:BC:09:42,,84,656.5214657783508,B2-01,1,1
2074,54:F0:B1:BC:09:60,eduroam,64,656.5214657783508,B2-01,1,1
2075,54:F0:B1:BC:09:61,PoliSemFio,64,656.5214657783508,B2-01,1,1
2076,54:F0:B1:BC:1B:D0,eduroam,34,656.5214657783508,B2-01,1,1
2077,54:F0:B1:BC:1B:D1,PoliSemFio,54,656.5214657783508,B2-01,1,1
2078,54:F0:B1:BC:1B:D2,,54,656.5214657783508,B2-01,1,1
2079,54:F0:B1:BC:1B:F0,eduroam,25,656.5214657783508,B2-01,1,1
2080,54:F0:B1:BC:1B:F1,PoliSemFio,25,656.5214657783508,B2-01,1,1
2081,54:F0:B1:BC:2E:90,eduroam,49,656.5214657783508,B2-01,1,1
2082,54:F0:B1:BC:2E:92,,49,656.5214657783508,B2-01,1,1
2083,54:F0:B1:BC:2E:B0,eduroam,45,656.5214657783508,B2-01,1,1
2084,54:F0:B1:BC:2E:B1,PoliSemFio,45,656.5214657783508,B2-01,1,1
2085,54:F0:B1:BC:2F:50,eduroam,15,656.5214657783508,B2-01,1,1
2086,54:F0:B1:BC:2F:52,,17,656.5214657783508,B2-01,1,1
2087,54:F0:B1:BC:36:10,PoliSemFio,30,656.5214657783508,B2-01,1,1
2088,54:F0:B1:BC:36:11,eduroam,30,656.5214657783508,B2-01,1,1
2089,54:F0:B1:BC:3F:10,eduroam,32,656.5214657783508,B2-01,1,1
2090,54:F0:B1:BC:3F:12,,34,656.5214657783508,B2-01,1,1
2091,54:F0:B1:BC:65:B0,eduroam,14,656.5214657783508,B2-01,1,1
2092,54:F0:B1:BC:65:B2,,24,656.5214657783508,B2-01,1,1
2093,54:F0:B1:BC:6F:70,eduroam,14,656.5214657783508,B2-01,1,1
2094,54:F0:B1:BC:70:00,eduroam,59,656.5214657783508,B2-01,1,1
2095,54:F0:B1:BC:70:01,PoliSemFio,52,656.5214657783508,B2-01,1,1
2096,54:F0:B1:BC:70:02,,45,656.5214657783508,B2-01,1,1
2097,54:F0:B1:BC:70:20,eduroam,14,656.5214657783508,B2-01,1,1
2098,54:F0:B1:BC:70:21,PoliSemFio,15,656.5214657783508,B2-01,1,1
2099,54:F0:B1:BC:77:80,eduroam,49,656.5214657783508,B2-01,1,1
2100,54:F0:B1:BC:77:81,PoliSemFio,52,656.5214657783508,B2-01,1,1
2101,54:F0:B1:BC:77:82,,52,656.5214657783508,B2-01,1,1
2102,54:F0:B1:BC:77:A0,eduroam,19,656.5214657783508,B2-01,1,1
2103,54:F0:B1:BC:77:A1,PoliSemFio,20,656.5214657783508,B2-01,1,1
2104,54:F0:B1:BC:7C:90,eduroam,5,656.5214657783508,B2-01,1,1
2105,54:F0:B1:BC:8F:20,eduroam,17,656.5214657783508,B2-01,1,1
2106,68:FF:7B:47:78:BE,C1-22M,37,656.5214657783508,B2-01,1,1
2107,70:62:B8:6E:72:A0,PCS-wireless-C1-13,25,656.5214657783508,B2-01,1,1
2108,84:D4:7E:06:4F:E0,eduroam,62,656.5214657783508,B2-01,1,1
2109,84:D4:7E:06:4F:E1,PoliSemFio,60,656.5214657783508,B2-01,1,1
2110,84:D4:7E:06:4F:E2,,60,656.5214657783508,B2-01,1,1
2111,84:D4:7E:06:4F:F0,eduroam,22,656.5214657783508,B2-01,1,1
2112,84:D4:7E:06:4F:F1,PoliSemFio,22,656.5214657783508,B2-01,1,1
2113,84:D4:7E:06:4F:F2,,17,656.5214657783508,B2-01,1,1
2114,DC:9F:DB:1C:1F:D7,LWN-3,22,656.5214657783508,B2-01,1,1
2115,DE:9F:DB:1C:1F:E0,LARC Guest,42,656.5214657783508,B2-01,1,1
2116,F8:1A:67:99:55:8E,NUCLEAR_CHF,24,656.5214657783508,B2-01,1,1
2117,FE:9F:DB:1C:1F:D7,,17,656.5214657783508,B2-01,1,1
2118,FE:9F:DB:1C:1F:E0,,42,656.5214657783508,B2-01,1,1
