,ap_mac,ap_name,rssi,timestamp,room,door_status,room_part
0,00:18:E7:FF:8C:98,dlink,12,1211.871910572052,B2-01,1,5
1,34:60:F9:A3:D9:13,GASWIFI-5G_C2,22,1211.871910572052,B2-01,1,5
2,34:60:F9:A3:D9:14,GASWIFI-2G_C2,32,1211.871910572052,B2-01,1,5
3,34:60:F9:A3:E7:3F,GASWIFI_C4,24,1211.871910572052,B2-01,1,5
4,34:CE:00:51:3E:6F,Lab,35,1211.871910572052,B2-01,1,5
5,34:CE:00:51:3E:70,Lab_5G,9,1211.871910572052,B2-01,1,5
6,3A:60:F9:A3:D9:14,,29,1211.871910572052,B2-01,1,5
7,54:B8:0A:AA:2C:8C,LAB_DIGITAL,44,1211.871910572052,B2-01,1,5
8,54:B8:0A:AA:2C:8D,PCS-Wireless,45,1211.871910572052,B2-01,1,5
9,54:B8:0A:AA:2C:8E,LAB_DIGITAL-5GHz,17,1211.871910572052,B2-01,1,5
10,54:B8:0A:AA:2C:8F,PCS-Wireless-5GHz,17,1211.871910572052,B2-01,1,5
11,54:F0:B1:A1:18:C0,eduroam,47,1211.871910572052,B2-01,1,5
12,54:F0:B1:A1:18:C1,PoliSemFio,47,1211.871910572052,B2-01,1,5
13,54:F0:B1:A1:18:C3,MEZANINO,47,1211.871910572052,B2-01,1,5
14,54:F0:B1:A1:18:C4,GDLAB,47,1211.871910572052,B2-01,1,5
15,54:F0:B1:A1:18:C5,LABPAD,47,1211.871910572052,B2-01,1,5
16,54:F0:B1:A1:18:D0,eduroam,54,1211.871910572052,B2-01,1,5
17,54:F0:B1:A1:18:D1,PoliSemFio,49,1211.871910572052,B2-01,1,5
18,54:F0:B1:A1:18:D2,,49,1211.871910572052,B2-01,1,5
19,54:F0:B1:A1:18:D3,MEZANINO,54,1211.871910572052,B2-01,1,5
20,54:F0:B1:A1:18:D4,GDLAB,30,1211.871910572052,B2-01,1,5
21,54:F0:B1:A1:18:D5,LABPAD,57,1211.871910572052,B2-01,1,5
22,54:F0:B1:A1:57:F0,eduroam,20,1211.871910572052,B2-01,1,5
23,54:F0:B1:A1:57:F1,PoliSemFio,20,1211.871910572052,B2-01,1,5
24,54:F0:B1:A1:57:F2,,22,1211.871910572052,B2-01,1,5
25,54:F0:B1:A1:58:00,eduroam,29,1211.871910572052,B2-01,1,5
26,54:F0:B1:A1:58:01,PoliSemFio,25,1211.871910572052,B2-01,1,5
27,54:F0:B1:A1:58:02,,37,1211.871910572052,B2-01,1,5
28,54:F0:B1:A1:E4:F0,eduroam,24,1211.871910572052,B2-01,1,5
29,54:F0:B1:A1:E4:F1,PoliSemFio,24,1211.871910572052,B2-01,1,5
30,54:F0:B1:A1:E4:F2,,24,1211.871910572052,B2-01,1,5
31,54:F0:B1:A1:E5:00,eduroam,30,1211.871910572052,B2-01,1,5
32,54:F0:B1:A1:E5:02,,35,1211.871910572052,B2-01,1,5
33,54:F0:B1:A2:57:20,eduroam,22,1211.871910572052,B2-01,1,5
34,54:F0:B1:A2:57:21,PoliSemFio,22,1211.871910572052,B2-01,1,5
35,54:F0:B1:A2:57:22,,22,1211.871910572052,B2-01,1,5
36,54:F0:B1:A2:57:23,LCA,22,1211.871910572052,B2-01,1,5
37,54:F0:B1:A2:57:33,LCA,35,1211.871910572052,B2-01,1,5
38,54:F0:B1:BB:58:C3,CAEEL,9,1211.871910572052,B2-01,1,5
39,54:F0:B1:BB:5A:80,eduroam,17,1211.871910572052,B2-01,1,5
40,54:F0:B1:BB:5A:82,HACKER,25,1211.871910572052,B2-01,1,5
41,54:F0:B1:BB:5A:83,LEP,17,1211.871910572052,B2-01,1,5
42,54:F0:B1:BB:80:C1,PoliSemFio,22,1211.871910572052,B2-01,1,5
43,54:F0:B1:BB:80:C2,,22,1211.871910572052,B2-01,1,5
44,54:F0:B1:BB:84:B0,eduroam,24,1211.871910572052,B2-01,1,5
45,54:F0:B1:BB:84:B1,PoliSemFio,24,1211.871910572052,B2-01,1,5
46,54:F0:B1:BB:84:B2,,25,1211.871910572052,B2-01,1,5
47,54:F0:B1:BB:84:D0,eduroam,20,1211.871910572052,B2-01,1,5
48,54:F0:B1:BB:84:D1,PoliSemFio,20,1211.871910572052,B2-01,1,5
49,54:F0:B1:BB:84:D2,,20,1211.871910572052,B2-01,1,5
50,54:F0:B1:BB:92:E0,eduroam,17,1211.871910572052,B2-01,1,5
51,54:F0:B1:BB:92:E1,PoliSemFio,15,1211.871910572052,B2-01,1,5
52,54:F0:B1:BB:92:E2,,17,1211.871910572052,B2-01,1,5
53,54:F0:B1:BB:BE:13,CAEEL,14,1211.871910572052,B2-01,1,5
54,54:F0:B1:BB:C4:D0,eduroam,37,1211.871910572052,B2-01,1,5
55,54:F0:B1:BB:C4:D1,PoliSemFio,35,1211.871910572052,B2-01,1,5
56,54:F0:B1:BB:C4:D2,,54,1211.871910572052,B2-01,1,5
57,54:F0:B1:BB:C4:F0,eduroam,25,1211.871910572052,B2-01,1,5
58,54:F0:B1:BB:C4:F1,PoliSemFio,25,1211.871910572052,B2-01,1,5
59,54:F0:B1:BB:C5:C0,eduroam,22,1211.871910572052,B2-01,1,5
60,54:F0:B1:BB:CC:E0,B209,17,1211.871910572052,B2-01,1,5
61,54:F0:B1:BB:F3:20,eduroam,30,1211.871910572052,B2-01,1,5
62,54:F0:B1:BB:F3:21,PoliSemFio,30,1211.871910572052,B2-01,1,5
63,54:F0:B1:BB:F3:22,,30,1211.871910572052,B2-01,1,5
64,54:F0:B1:BB:FD:D0,eduroam,19,1211.871910572052,B2-01,1,5
65,54:F0:B1:BB:FD:D1,PoliSemFio,17,1211.871910572052,B2-01,1,5
66,54:F0:B1:BB:FD:D2,,22,1211.871910572052,B2-01,1,5
67,54:F0:B1:BC:09:40,eduroam,100,1211.871910572052,B2-01,1,5
68,54:F0:B1:BC:09:41,PoliSemFio,95,1211.871910572052,B2-01,1,5
69,54:F0:B1:BC:09:42,,95,1211.871910572052,B2-01,1,5
70,54:F0:B1:BC:09:60,eduroam,50,1211.871910572052,B2-01,1,5
71,54:F0:B1:BC:09:61,PoliSemFio,50,1211.871910572052,B2-01,1,5
72,54:F0:B1:BC:1B:D1,PoliSemFio,39,1211.871910572052,B2-01,1,5
73,54:F0:B1:BC:1B:D2,,59,1211.871910572052,B2-01,1,5
74,54:F0:B1:BC:1B:F0,eduroam,19,1211.871910572052,B2-01,1,5
75,54:F0:B1:BC:1B:F1,PoliSemFio,12,1211.871910572052,B2-01,1,5
76,54:F0:B1:BC:2E:90,eduroam,57,1211.871910572052,B2-01,1,5
77,54:F0:B1:BC:2E:91,PoliSemFio,55,1211.871910572052,B2-01,1,5
78,54:F0:B1:BC:2E:92,,54,1211.871910572052,B2-01,1,5
79,54:F0:B1:BC:2E:B0,eduroam,14,1211.871910572052,B2-01,1,5
80,54:F0:B1:BC:2E:B1,PoliSemFio,12,1211.871910572052,B2-01,1,5
81,54:F0:B1:BC:36:11,eduroam,15,1211.871910572052,B2-01,1,5
82,54:F0:B1:BC:3F:10,eduroam,20,1211.871910572052,B2-01,1,5
83,54:F0:B1:BC:6F:72,,24,1211.871910572052,B2-01,1,5
84,54:F0:B1:BC:70:00,eduroam,42,1211.871910572052,B2-01,1,5
85,54:F0:B1:BC:70:01,PoliSemFio,44,1211.871910572052,B2-01,1,5
86,54:F0:B1:BC:70:02,,27,1211.871910572052,B2-01,1,5
87,54:F0:B1:BC:70:20,eduroam,19,1211.871910572052,B2-01,1,5
88,54:F0:B1:BC:70:21,PoliSemFio,17,1211.871910572052,B2-01,1,5
89,54:F0:B1:BC:70:22,,17,1211.871910572052,B2-01,1,5
90,54:F0:B1:BC:77:80,eduroam,45,1211.871910572052,B2-01,1,5
91,54:F0:B1:BC:77:81,PoliSemFio,40,1211.871910572052,B2-01,1,5
92,54:F0:B1:BC:77:82,,29,1211.871910572052,B2-01,1,5
93,54:F0:B1:BC:77:A0,eduroam,45,1211.871910572052,B2-01,1,5
94,54:F0:B1:BC:77:A1,PoliSemFio,45,1211.871910572052,B2-01,1,5
95,54:F0:B1:BC:77:A2,,45,1211.871910572052,B2-01,1,5
96,54:F0:B1:BC:7C:B0,eduroam,20,1211.871910572052,B2-01,1,5
97,54:F0:B1:BC:7C:B1,PoliSemFio,19,1211.871910572052,B2-01,1,5
98,56:60:F9:A3:E7:3F,,27,1211.871910572052,B2-01,1,5
99,68:FF:7B:47:78:BD,C1-22M-5G,30,1211.871910572052,B2-01,1,5
100,68:FF:7B:47:78:BE,C1-22M,20,1211.871910572052,B2-01,1,5
101,70:62:B8:6E:72:A0,PCS-wireless-C1-13,57,1211.871910572052,B2-01,1,5
102,70:62:B8:6E:72:A1,PPGEE,60,1211.871910572052,B2-01,1,5
103,84:D4:7E:06:4F:E0,eduroam,75,1211.871910572052,B2-01,1,5
104,84:D4:7E:06:4F:E1,PoliSemFio,65,1211.871910572052,B2-01,1,5
105,84:D4:7E:06:4F:E2,,42,1211.871910572052,B2-01,1,5
106,84:D4:7E:06:4F:F0,eduroam,37,1211.871910572052,B2-01,1,5
107,84:D4:7E:06:4F:F1,PoliSemFio,37,1211.871910572052,B2-01,1,5
108,B0:48:7A:C4:2F:B4,LTG_Teste,19,1211.871910572052,B2-01,1,5
109,DC:9F:DB:1C:1F:E0,LWN-3,34,1211.871910572052,B2-01,1,5
110,DE:9F:DB:1C:1F:E0,LARC Guest,35,1211.871910572052,B2-01,1,5
111,EE:9F:DB:1C:1F:E0,,24,1211.871910572052,B2-01,1,5
112,F8:1A:67:99:55:8E,NUCLEAR_CHF,37,1211.871910572052,B2-01,1,5
113,FA:8F:CA:81:87:C7,"Escritório.o,",5,1211.871910572052,B2-01,1,5
114,FE:9F:DB:1C:1F:E0,,25,1211.871910572052,B2-01,1,5
115,00:18:E7:FF:8C:98,dlink,12,1218.1776235103607,B2-01,1,5
116,34:60:F9:A3:D9:13,GASWIFI-5G_C2,22,1218.1776235103607,B2-01,1,5
117,34:60:F9:A3:D9:14,GASWIFI-2G_C2,32,1218.1776235103607,B2-01,1,5
118,34:60:F9:A3:E7:3F,GASWIFI_C4,24,1218.1776235103607,B2-01,1,5
119,34:CE:00:51:3E:6F,Lab,35,1218.1776235103607,B2-01,1,5
120,34:CE:00:51:3E:70,Lab_5G,9,1218.1776235103607,B2-01,1,5
121,3A:60:F9:A3:D9:14,,29,1218.1776235103607,B2-01,1,5
122,54:B8:0A:AA:2C:8C,LAB_DIGITAL,44,1218.1776235103607,B2-01,1,5
123,54:B8:0A:AA:2C:8D,PCS-Wireless,45,1218.1776235103607,B2-01,1,5
124,54:B8:0A:AA:2C:8E,LAB_DIGITAL-5GHz,17,1218.1776235103607,B2-01,1,5
125,54:B8:0A:AA:2C:8F,PCS-Wireless-5GHz,17,1218.1776235103607,B2-01,1,5
126,54:F0:B1:A1:18:C0,eduroam,47,1218.1776235103607,B2-01,1,5
127,54:F0:B1:A1:18:C1,PoliSemFio,47,1218.1776235103607,B2-01,1,5
128,54:F0:B1:A1:18:C3,MEZANINO,47,1218.1776235103607,B2-01,1,5
129,54:F0:B1:A1:18:C4,GDLAB,47,1218.1776235103607,B2-01,1,5
130,54:F0:B1:A1:18:C5,LABPAD,47,1218.1776235103607,B2-01,1,5
131,54:F0:B1:A1:18:D0,eduroam,54,1218.1776235103607,B2-01,1,5
132,54:F0:B1:A1:18:D1,PoliSemFio,49,1218.1776235103607,B2-01,1,5
133,54:F0:B1:A1:18:D2,,49,1218.1776235103607,B2-01,1,5
134,54:F0:B1:A1:18:D3,MEZANINO,54,1218.1776235103607,B2-01,1,5
135,54:F0:B1:A1:18:D4,GDLAB,30,1218.1776235103607,B2-01,1,5
136,54:F0:B1:A1:18:D5,LABPAD,57,1218.1776235103607,B2-01,1,5
137,54:F0:B1:A1:57:F0,eduroam,20,1218.1776235103607,B2-01,1,5
138,54:F0:B1:A1:57:F1,PoliSemFio,20,1218.1776235103607,B2-01,1,5
139,54:F0:B1:A1:57:F2,,22,1218.1776235103607,B2-01,1,5
140,54:F0:B1:A1:58:00,eduroam,29,1218.1776235103607,B2-01,1,5
141,54:F0:B1:A1:58:01,PoliSemFio,25,1218.1776235103607,B2-01,1,5
142,54:F0:B1:A1:58:02,,37,1218.1776235103607,B2-01,1,5
143,54:F0:B1:A1:E4:F0,eduroam,24,1218.1776235103607,B2-01,1,5
144,54:F0:B1:A1:E4:F1,PoliSemFio,24,1218.1776235103607,B2-01,1,5
145,54:F0:B1:A1:E4:F2,,24,1218.1776235103607,B2-01,1,5
146,54:F0:B1:A1:E5:00,eduroam,30,1218.1776235103607,B2-01,1,5
147,54:F0:B1:A1:E5:02,,35,1218.1776235103607,B2-01,1,5
148,54:F0:B1:A2:57:20,eduroam,22,1218.1776235103607,B2-01,1,5
149,54:F0:B1:A2:57:21,PoliSemFio,22,1218.1776235103607,B2-01,1,5
150,54:F0:B1:A2:57:22,,22,1218.1776235103607,B2-01,1,5
151,54:F0:B1:A2:57:23,LCA,22,1218.1776235103607,B2-01,1,5
152,54:F0:B1:A2:57:33,LCA,35,1218.1776235103607,B2-01,1,5
153,54:F0:B1:BB:58:C3,CAEEL,9,1218.1776235103607,B2-01,1,5
154,54:F0:B1:BB:5A:80,eduroam,17,1218.1776235103607,B2-01,1,5
155,54:F0:B1:BB:5A:82,HACKER,25,1218.1776235103607,B2-01,1,5
156,54:F0:B1:BB:5A:83,LEP,17,1218.1776235103607,B2-01,1,5
157,54:F0:B1:BB:80:C1,PoliSemFio,22,1218.1776235103607,B2-01,1,5
158,54:F0:B1:BB:80:C2,,22,1218.1776235103607,B2-01,1,5
159,54:F0:B1:BB:84:B0,eduroam,24,1218.1776235103607,B2-01,1,5
160,54:F0:B1:BB:84:B1,PoliSemFio,24,1218.1776235103607,B2-01,1,5
161,54:F0:B1:BB:84:B2,,25,1218.1776235103607,B2-01,1,5
162,54:F0:B1:BB:84:D0,eduroam,20,1218.1776235103607,B2-01,1,5
163,54:F0:B1:BB:84:D1,PoliSemFio,20,1218.1776235103607,B2-01,1,5
164,54:F0:B1:BB:84:D2,,20,1218.1776235103607,B2-01,1,5
165,54:F0:B1:BB:92:E0,eduroam,17,1218.1776235103607,B2-01,1,5
166,54:F0:B1:BB:92:E1,PoliSemFio,15,1218.1776235103607,B2-01,1,5
167,54:F0:B1:BB:92:E2,,17,1218.1776235103607,B2-01,1,5
168,54:F0:B1:BB:BE:13,CAEEL,14,1218.1776235103607,B2-01,1,5
169,54:F0:B1:BB:C4:D0,eduroam,37,1218.1776235103607,B2-01,1,5
170,54:F0:B1:BB:C4:D1,PoliSemFio,35,1218.1776235103607,B2-01,1,5
171,54:F0:B1:BB:C4:D2,,54,1218.1776235103607,B2-01,1,5
172,54:F0:B1:BB:C4:F0,eduroam,25,1218.1776235103607,B2-01,1,5
173,54:F0:B1:BB:C4:F1,PoliSemFio,25,1218.1776235103607,B2-01,1,5
174,54:F0:B1:BB:C5:C0,eduroam,22,1218.1776235103607,B2-01,1,5
175,54:F0:B1:BB:CC:E0,B209,17,1218.1776235103607,B2-01,1,5
176,54:F0:B1:BB:F3:20,eduroam,30,1218.1776235103607,B2-01,1,5
177,54:F0:B1:BB:F3:21,PoliSemFio,30,1218.1776235103607,B2-01,1,5
178,54:F0:B1:BB:F3:22,,30,1218.1776235103607,B2-01,1,5
179,54:F0:B1:BB:FD:D0,eduroam,19,1218.1776235103607,B2-01,1,5
180,54:F0:B1:BB:FD:D1,PoliSemFio,17,1218.1776235103607,B2-01,1,5
181,54:F0:B1:BB:FD:D2,,22,1218.1776235103607,B2-01,1,5
182,54:F0:B1:BC:09:40,eduroam,100,1218.1776235103607,B2-01,1,5
183,54:F0:B1:BC:09:41,PoliSemFio,95,1218.1776235103607,B2-01,1,5
184,54:F0:B1:BC:09:42,,95,1218.1776235103607,B2-01,1,5
185,54:F0:B1:BC:09:60,eduroam,49,1218.1776235103607,B2-01,1,5
186,54:F0:B1:BC:09:61,PoliSemFio,50,1218.1776235103607,B2-01,1,5
187,54:F0:B1:BC:1B:D1,PoliSemFio,39,1218.1776235103607,B2-01,1,5
188,54:F0:B1:BC:1B:D2,,59,1218.1776235103607,B2-01,1,5
189,54:F0:B1:BC:1B:F0,eduroam,19,1218.1776235103607,B2-01,1,5
190,54:F0:B1:BC:1B:F1,PoliSemFio,12,1218.1776235103607,B2-01,1,5
191,54:F0:B1:BC:2E:90,eduroam,57,1218.1776235103607,B2-01,1,5
192,54:F0:B1:BC:2E:91,PoliSemFio,55,1218.1776235103607,B2-01,1,5
193,54:F0:B1:BC:2E:92,,54,1218.1776235103607,B2-01,1,5
194,54:F0:B1:BC:2E:B0,eduroam,14,1218.1776235103607,B2-01,1,5
195,54:F0:B1:BC:2E:B1,PoliSemFio,12,1218.1776235103607,B2-01,1,5
196,54:F0:B1:BC:36:11,eduroam,15,1218.1776235103607,B2-01,1,5
197,54:F0:B1:BC:3F:10,eduroam,20,1218.1776235103607,B2-01,1,5
198,54:F0:B1:BC:6F:72,,24,1218.1776235103607,B2-01,1,5
199,54:F0:B1:BC:70:00,eduroam,42,1218.1776235103607,B2-01,1,5
200,54:F0:B1:BC:70:01,PoliSemFio,44,1218.1776235103607,B2-01,1,5
201,54:F0:B1:BC:70:02,,27,1218.1776235103607,B2-01,1,5
202,54:F0:B1:BC:70:20,eduroam,19,1218.1776235103607,B2-01,1,5
203,54:F0:B1:BC:70:21,PoliSemFio,17,1218.1776235103607,B2-01,1,5
204,54:F0:B1:BC:70:22,,17,1218.1776235103607,B2-01,1,5
205,54:F0:B1:BC:77:80,eduroam,45,1218.1776235103607,B2-01,1,5
206,54:F0:B1:BC:77:81,PoliSemFio,40,1218.1776235103607,B2-01,1,5
207,54:F0:B1:BC:77:82,,29,1218.1776235103607,B2-01,1,5
208,54:F0:B1:BC:77:A0,eduroam,45,1218.1776235103607,B2-01,1,5
209,54:F0:B1:BC:77:A1,PoliSemFio,45,1218.1776235103607,B2-01,1,5
210,54:F0:B1:BC:77:A2,,45,1218.1776235103607,B2-01,1,5
211,54:F0:B1:BC:7C:B0,eduroam,20,1218.1776235103607,B2-01,1,5
212,54:F0:B1:BC:7C:B1,PoliSemFio,19,1218.1776235103607,B2-01,1,5
213,56:60:F9:A3:E7:3F,,27,1218.1776235103607,B2-01,1,5
214,68:FF:7B:47:78:BD,C1-22M-5G,30,1218.1776235103607,B2-01,1,5
215,68:FF:7B:47:78:BE,C1-22M,20,1218.1776235103607,B2-01,1,5
216,70:62:B8:6E:72:A0,PCS-wireless-C1-13,57,1218.1776235103607,B2-01,1,5
217,70:62:B8:6E:72:A1,PPGEE,60,1218.1776235103607,B2-01,1,5
218,84:D4:7E:06:4F:E0,eduroam,75,1218.1776235103607,B2-01,1,5
219,84:D4:7E:06:4F:E1,PoliSemFio,65,1218.1776235103607,B2-01,1,5
220,84:D4:7E:06:4F:E2,,42,1218.1776235103607,B2-01,1,5
221,84:D4:7E:06:4F:F0,eduroam,37,1218.1776235103607,B2-01,1,5
222,84:D4:7E:06:4F:F1,PoliSemFio,37,1218.1776235103607,B2-01,1,5
223,B0:48:7A:C4:2F:B4,LTG_Teste,19,1218.1776235103607,B2-01,1,5
224,DC:9F:DB:1C:1F:E0,LWN-3,34,1218.1776235103607,B2-01,1,5
225,DE:9F:DB:1C:1F:E0,LARC Guest,35,1218.1776235103607,B2-01,1,5
226,EE:9F:DB:1C:1F:E0,,24,1218.1776235103607,B2-01,1,5
227,F8:1A:67:99:55:8E,NUCLEAR_CHF,37,1218.1776235103607,B2-01,1,5
228,FA:8F:CA:81:87:C7,"Escritório.o,",5,1218.1776235103607,B2-01,1,5
229,FE:9F:DB:1C:1F:E0,,25,1218.1776235103607,B2-01,1,5
230,34:60:F9:A3:D9:13,GASWIFI-5G_C2,22,1220.8116173744202,B2-01,1,5
231,34:60:F9:A3:D9:14,GASWIFI-2G_C2,22,1220.8116173744202,B2-01,1,5
232,34:CE:00:51:3E:6F,Lab,35,1220.8116173744202,B2-01,1,5
233,34:CE:00:51:3E:70,Lab_5G,9,1220.8116173744202,B2-01,1,5
234,3A:60:F9:A3:D9:14,,20,1220.8116173744202,B2-01,1,5
235,54:B8:0A:AA:2C:8C,LAB_DIGITAL,54,1220.8116173744202,B2-01,1,5
236,54:B8:0A:AA:2C:8D,PCS-Wireless,54,1220.8116173744202,B2-01,1,5
237,54:B8:0A:AA:2C:8E,LAB_DIGITAL-5GHz,10,1220.8116173744202,B2-01,1,5
238,54:B8:0A:AA:2C:8F,PCS-Wireless-5GHz,9,1220.8116173744202,B2-01,1,5
239,54:F0:B1:A1:18:C0,eduroam,34,1220.8116173744202,B2-01,1,5
240,54:F0:B1:A1:18:C1,PoliSemFio,34,1220.8116173744202,B2-01,1,5
241,54:F0:B1:A1:18:C3,MEZANINO,34,1220.8116173744202,B2-01,1,5
242,54:F0:B1:A1:18:C4,GDLAB,34,1220.8116173744202,B2-01,1,5
243,54:F0:B1:A1:18:C5,LABPAD,34,1220.8116173744202,B2-01,1,5
244,54:F0:B1:A1:18:D0,eduroam,27,1220.8116173744202,B2-01,1,5
245,54:F0:B1:A1:18:D1,PoliSemFio,35,1220.8116173744202,B2-01,1,5
246,54:F0:B1:A1:18:D2,,37,1220.8116173744202,B2-01,1,5
247,54:F0:B1:A1:18:D3,MEZANINO,54,1220.8116173744202,B2-01,1,5
248,54:F0:B1:A1:18:D5,LABPAD,29,1220.8116173744202,B2-01,1,5
249,54:F0:B1:A1:57:F0,eduroam,14,1220.8116173744202,B2-01,1,5
250,54:F0:B1:A1:57:F1,PoliSemFio,14,1220.8116173744202,B2-01,1,5
251,54:F0:B1:A1:57:F2,,14,1220.8116173744202,B2-01,1,5
252,54:F0:B1:A1:E4:F0,eduroam,10,1220.8116173744202,B2-01,1,5
253,54:F0:B1:A1:E4:F1,PoliSemFio,14,1220.8116173744202,B2-01,1,5
254,54:F0:B1:A1:E4:F2,,24,1220.8116173744202,B2-01,1,5
255,54:F0:B1:A1:E5:00,eduroam,17,1220.8116173744202,B2-01,1,5
256,54:F0:B1:A1:E5:01,PoliSemFio,30,1220.8116173744202,B2-01,1,5
257,54:F0:B1:A1:E5:02,,29,1220.8116173744202,B2-01,1,5
258,54:F0:B1:A2:57:20,eduroam,17,1220.8116173744202,B2-01,1,5
259,54:F0:B1:A2:57:21,PoliSemFio,19,1220.8116173744202,B2-01,1,5
260,54:F0:B1:A2:57:22,,22,1220.8116173744202,B2-01,1,5
261,54:F0:B1:A2:57:23,LCA,19,1220.8116173744202,B2-01,1,5
262,54:F0:B1:A2:57:30,eduroam,40,1220.8116173744202,B2-01,1,5
263,54:F0:B1:A2:57:33,LCA,40,1220.8116173744202,B2-01,1,5
264,54:F0:B1:BB:58:C3,CAEEL,9,1220.8116173744202,B2-01,1,5
265,54:F0:B1:BB:5A:82,HACKER,25,1220.8116173744202,B2-01,1,5
266,54:F0:B1:BB:84:B0,eduroam,24,1220.8116173744202,B2-01,1,5
267,54:F0:B1:BB:84:D0,eduroam,14,1220.8116173744202,B2-01,1,5
268,54:F0:B1:BB:84:D1,PoliSemFio,12,1220.8116173744202,B2-01,1,5
269,54:F0:B1:BB:84:D2,,20,1220.8116173744202,B2-01,1,5
270,54:F0:B1:BB:92:E0,eduroam,17,1220.8116173744202,B2-01,1,5
271,54:F0:B1:BB:92:E1,PoliSemFio,15,1220.8116173744202,B2-01,1,5
272,54:F0:B1:BB:92:E2,,17,1220.8116173744202,B2-01,1,5
273,54:F0:B1:BB:C4:D0,eduroam,39,1220.8116173744202,B2-01,1,5
274,54:F0:B1:BB:C4:D1,PoliSemFio,44,1220.8116173744202,B2-01,1,5
275,54:F0:B1:BB:C4:D2,,44,1220.8116173744202,B2-01,1,5
276,54:F0:B1:BB:C5:C0,eduroam,19,1220.8116173744202,B2-01,1,5
277,54:F0:B1:BB:C5:C3,MEZANINO,19,1220.8116173744202,B2-01,1,5
278,54:F0:B1:BB:CC:E0,B209,17,1220.8116173744202,B2-01,1,5
279,54:F0:B1:BB:F3:20,eduroam,30,1220.8116173744202,B2-01,1,5
280,54:F0:B1:BB:F3:21,PoliSemFio,30,1220.8116173744202,B2-01,1,5
281,54:F0:B1:BB:F3:22,,30,1220.8116173744202,B2-01,1,5
282,54:F0:B1:BB:FD:D0,eduroam,22,1220.8116173744202,B2-01,1,5
283,54:F0:B1:BB:FD:D2,,22,1220.8116173744202,B2-01,1,5
284,54:F0:B1:BC:09:40,eduroam,70,1220.8116173744202,B2-01,1,5
285,54:F0:B1:BC:09:41,PoliSemFio,74,1220.8116173744202,B2-01,1,5
286,54:F0:B1:BC:09:42,,74,1220.8116173744202,B2-01,1,5
287,54:F0:B1:BC:09:60,eduroam,58,1220.8116173744202,B2-01,1,5
288,54:F0:B1:BC:09:61,PoliSemFio,57,1220.8116173744202,B2-01,1,5
289,54:F0:B1:BC:2E:90,eduroam,59,1220.8116173744202,B2-01,1,5
290,54:F0:B1:BC:2E:B0,eduroam,19,1220.8116173744202,B2-01,1,5
291,54:F0:B1:BC:2E:B1,PoliSemFio,19,1220.8116173744202,B2-01,1,5
292,54:F0:B1:BC:65:D1,PoliSemFio,10,1220.8116173744202,B2-01,1,5
293,54:F0:B1:BC:6F:72,,24,1220.8116173744202,B2-01,1,5
294,54:F0:B1:BC:70:00,eduroam,27,1220.8116173744202,B2-01,1,5
295,54:F0:B1:BC:70:20,eduroam,19,1220.8116173744202,B2-01,1,5
296,54:F0:B1:BC:70:21,PoliSemFio,17,1220.8116173744202,B2-01,1,5
297,54:F0:B1:BC:70:22,,17,1220.8116173744202,B2-01,1,5
298,54:F0:B1:BC:77:80,eduroam,45,1220.8116173744202,B2-01,1,5
299,54:F0:B1:BC:77:81,PoliSemFio,52,1220.8116173744202,B2-01,1,5
300,54:F0:B1:BC:77:82,,52,1220.8116173744202,B2-01,1,5
301,54:F0:B1:BC:77:A0,eduroam,44,1220.8116173744202,B2-01,1,5
302,54:F0:B1:BC:77:A1,PoliSemFio,44,1220.8116173744202,B2-01,1,5
303,54:F0:B1:BC:77:A2,,44,1220.8116173744202,B2-01,1,5
304,54:F0:B1:BC:7C:B0,eduroam,20,1220.8116173744202,B2-01,1,5
305,54:F0:B1:BC:7C:B1,PoliSemFio,19,1220.8116173744202,B2-01,1,5
306,54:F0:B1:BC:8F:20,eduroam,27,1220.8116173744202,B2-01,1,5
307,68:FF:7B:47:78:BD,C1-22M-5G,39,1220.8116173744202,B2-01,1,5
308,68:FF:7B:47:78:BE,C1-22M,45,1220.8116173744202,B2-01,1,5
309,70:62:B8:6E:72:A0,PCS-wireless-C1-13,44,1220.8116173744202,B2-01,1,5
310,70:62:B8:6E:72:A1,PPGEE,47,1220.8116173744202,B2-01,1,5
311,84:D4:7E:06:4F:E0,eduroam,55,1220.8116173744202,B2-01,1,5
312,84:D4:7E:06:4F:E1,PoliSemFio,52,1220.8116173744202,B2-01,1,5
313,84:D4:7E:06:4F:E2,,52,1220.8116173744202,B2-01,1,5
314,84:D4:7E:06:4F:F0,eduroam,37,1220.8116173744202,B2-01,1,5
315,84:D4:7E:06:4F:F1,PoliSemFio,37,1220.8116173744202,B2-01,1,5
316,B0:48:7A:C4:2F:B4,LTG_Teste,19,1220.8116173744202,B2-01,1,5
317,DE:9F:DB:1C:1F:E0,LARC Guest,35,1220.8116173744202,B2-01,1,5
318,F8:1A:67:99:55:8E,NUCLEAR_CHF,30,1220.8116173744202,B2-01,1,5
319,FA:8F:CA:81:87:C7,"Escritório.o,",5,1220.8116173744202,B2-01,1,5
320,00:18:E7:FF:8C:98,dlink,39,1230.7160019874573,B2-01,1,5
321,00:21:91:70:9D:EC,LAB-DIDATICO,37,1230.7160019874573,B2-01,1,5
322,30:85:A9:69:F2:E4,PCS-Wireless-C2-22,49,1230.7160019874573,B2-01,1,5
323,34:60:F9:A3:D9:13,GASWIFI-5G_C2,22,1230.7160019874573,B2-01,1,5
324,34:60:F9:A3:D9:14,GASWIFI-2G_C2,22,1230.7160019874573,B2-01,1,5
325,34:CE:00:51:3E:6F,Lab,50,1230.7160019874573,B2-01,1,5
326,34:CE:00:51:3E:70,Lab_5G,12,1230.7160019874573,B2-01,1,5
327,3A:60:F9:A3:D9:14,,20,1230.7160019874573,B2-01,1,5
328,54:B8:0A:AA:2C:8C,LAB_DIGITAL,52,1230.7160019874573,B2-01,1,5
329,54:B8:0A:AA:2C:8D,PCS-Wireless,52,1230.7160019874573,B2-01,1,5
330,54:B8:0A:AA:2C:8E,LAB_DIGITAL-5GHz,10,1230.7160019874573,B2-01,1,5
331,54:B8:0A:AA:2C:8F,PCS-Wireless-5GHz,10,1230.7160019874573,B2-01,1,5
332,54:F0:B1:A1:18:C0,eduroam,42,1230.7160019874573,B2-01,1,5
333,54:F0:B1:A1:18:C1,PoliSemFio,42,1230.7160019874573,B2-01,1,5
334,54:F0:B1:A1:18:C3,MEZANINO,42,1230.7160019874573,B2-01,1,5
335,54:F0:B1:A1:18:C4,GDLAB,42,1230.7160019874573,B2-01,1,5
336,54:F0:B1:A1:18:C5,LABPAD,42,1230.7160019874573,B2-01,1,5
337,54:F0:B1:A1:18:D0,eduroam,47,1230.7160019874573,B2-01,1,5
338,54:F0:B1:A1:18:D1,PoliSemFio,47,1230.7160019874573,B2-01,1,5
339,54:F0:B1:A1:18:D2,,47,1230.7160019874573,B2-01,1,5
340,54:F0:B1:A1:18:D3,MEZANINO,42,1230.7160019874573,B2-01,1,5
341,54:F0:B1:A1:18:D4,GDLAB,44,1230.7160019874573,B2-01,1,5
342,54:F0:B1:A1:18:D5,LABPAD,49,1230.7160019874573,B2-01,1,5
343,54:F0:B1:A1:57:F0,eduroam,14,1230.7160019874573,B2-01,1,5
344,54:F0:B1:A1:57:F1,PoliSemFio,14,1230.7160019874573,B2-01,1,5
345,54:F0:B1:A1:57:F2,,14,1230.7160019874573,B2-01,1,5
346,54:F0:B1:A1:E4:F0,eduroam,12,1230.7160019874573,B2-01,1,5
347,54:F0:B1:A1:E4:F1,PoliSemFio,12,1230.7160019874573,B2-01,1,5
348,54:F0:B1:A1:E4:F2,,24,1230.7160019874573,B2-01,1,5
349,54:F0:B1:A1:E5:00,eduroam,17,1230.7160019874573,B2-01,1,5
350,54:F0:B1:A1:E5:01,PoliSemFio,30,1230.7160019874573,B2-01,1,5
351,54:F0:B1:A1:E5:02,,29,1230.7160019874573,B2-01,1,5
352,54:F0:B1:A2:37:E0,eduroam,25,1230.7160019874573,B2-01,1,5
353,54:F0:B1:A2:37:E1,PoliSemFio,29,1230.7160019874573,B2-01,1,5
354,54:F0:B1:A2:37:E2,,29,1230.7160019874573,B2-01,1,5
355,54:F0:B1:A2:57:20,eduroam,17,1230.7160019874573,B2-01,1,5
356,54:F0:B1:A2:57:21,PoliSemFio,15,1230.7160019874573,B2-01,1,5
357,54:F0:B1:A2:57:22,,17,1230.7160019874573,B2-01,1,5
358,54:F0:B1:A2:57:23,LCA,17,1230.7160019874573,B2-01,1,5
359,54:F0:B1:A2:57:30,eduroam,42,1230.7160019874573,B2-01,1,5
360,54:F0:B1:A2:57:33,LCA,40,1230.7160019874573,B2-01,1,5
361,54:F0:B1:BB:58:C3,CAEEL,9,1230.7160019874573,B2-01,1,5
362,54:F0:B1:BB:5A:82,HACKER,27,1230.7160019874573,B2-01,1,5
363,54:F0:B1:BB:7E:E0,eduroam,27,1230.7160019874573,B2-01,1,5
364,54:F0:B1:BB:84:B0,eduroam,24,1230.7160019874573,B2-01,1,5
365,54:F0:B1:BB:84:D0,eduroam,12,1230.7160019874573,B2-01,1,5
366,54:F0:B1:BB:84:D1,PoliSemFio,15,1230.7160019874573,B2-01,1,5
367,54:F0:B1:BB:84:D2,,20,1230.7160019874573,B2-01,1,5
368,54:F0:B1:BB:92:E0,eduroam,17,1230.7160019874573,B2-01,1,5
369,54:F0:B1:BB:92:E1,PoliSemFio,15,1230.7160019874573,B2-01,1,5
370,54:F0:B1:BB:92:E2,,17,1230.7160019874573,B2-01,1,5
371,54:F0:B1:BB:C4:D0,eduroam,39,1230.7160019874573,B2-01,1,5
372,54:F0:B1:BB:C4:D1,PoliSemFio,44,1230.7160019874573,B2-01,1,5
373,54:F0:B1:BB:C4:D2,,44,1230.7160019874573,B2-01,1,5
374,54:F0:B1:BB:C4:F0,eduroam,30,1230.7160019874573,B2-01,1,5
375,54:F0:B1:BB:C4:F1,PoliSemFio,30,1230.7160019874573,B2-01,1,5
376,54:F0:B1:BB:C5:C0,eduroam,34,1230.7160019874573,B2-01,1,5
377,54:F0:B1:BB:C5:C3,MEZANINO,34,1230.7160019874573,B2-01,1,5
378,54:F0:B1:BB:CC:E0,B209,17,1230.7160019874573,B2-01,1,5
379,54:F0:B1:BB:F3:20,eduroam,30,1230.7160019874573,B2-01,1,5
380,54:F0:B1:BB:F3:21,PoliSemFio,30,1230.7160019874573,B2-01,1,5
381,54:F0:B1:BB:F3:22,,30,1230.7160019874573,B2-01,1,5
382,54:F0:B1:BB:FD:D0,eduroam,22,1230.7160019874573,B2-01,1,5
383,54:F0:B1:BB:FD:D2,,17,1230.7160019874573,B2-01,1,5
384,54:F0:B1:BC:09:40,eduroam,72,1230.7160019874573,B2-01,1,5
385,54:F0:B1:BC:09:41,PoliSemFio,74,1230.7160019874573,B2-01,1,5
386,54:F0:B1:BC:09:42,,74,1230.7160019874573,B2-01,1,5
387,54:F0:B1:BC:09:60,eduroam,55,1230.7160019874573,B2-01,1,5
388,54:F0:B1:BC:09:61,PoliSemFio,55,1230.7160019874573,B2-01,1,5
389,54:F0:B1:BC:2E:90,eduroam,59,1230.7160019874573,B2-01,1,5
390,54:F0:B1:BC:2E:B0,eduroam,15,1230.7160019874573,B2-01,1,5
391,54:F0:B1:BC:2E:B1,PoliSemFio,15,1230.7160019874573,B2-01,1,5
392,54:F0:B1:BC:65:B0,eduroam,12,1230.7160019874573,B2-01,1,5
393,54:F0:B1:BC:65:D1,PoliSemFio,10,1230.7160019874573,B2-01,1,5
394,54:F0:B1:BC:6B:52,,24,1230.7160019874573,B2-01,1,5
395,54:F0:B1:BC:6F:72,,24,1230.7160019874573,B2-01,1,5
396,54:F0:B1:BC:70:00,eduroam,27,1230.7160019874573,B2-01,1,5
397,54:F0:B1:BC:70:20,eduroam,15,1230.7160019874573,B2-01,1,5
398,54:F0:B1:BC:70:21,PoliSemFio,14,1230.7160019874573,B2-01,1,5
399,54:F0:B1:BC:70:22,,17,1230.7160019874573,B2-01,1,5
400,54:F0:B1:BC:76:C0,eduroam,20,1230.7160019874573,B2-01,1,5
401,54:F0:B1:BC:77:80,eduroam,55,1230.7160019874573,B2-01,1,5
402,54:F0:B1:BC:77:81,PoliSemFio,54,1230.7160019874573,B2-01,1,5
403,54:F0:B1:BC:77:82,,54,1230.7160019874573,B2-01,1,5
404,54:F0:B1:BC:77:A0,eduroam,49,1230.7160019874573,B2-01,1,5
405,54:F0:B1:BC:77:A1,PoliSemFio,49,1230.7160019874573,B2-01,1,5
406,54:F0:B1:BC:77:A2,,49,1230.7160019874573,B2-01,1,5
407,54:F0:B1:BC:7C:B0,eduroam,15,1230.7160019874573,B2-01,1,5
408,54:F0:B1:BC:7C:B1,PoliSemFio,17,1230.7160019874573,B2-01,1,5
409,54:F0:B1:BC:8F:20,eduroam,27,1230.7160019874573,B2-01,1,5
410,68:FF:7B:47:78:BD,C1-22M-5G,20,1230.7160019874573,B2-01,1,5
411,68:FF:7B:47:78:BE,C1-22M,39,1230.7160019874573,B2-01,1,5
412,70:62:B8:6E:72:A0,PCS-wireless-C1-13,44,1230.7160019874573,B2-01,1,5
413,70:62:B8:6E:72:A1,PPGEE,47,1230.7160019874573,B2-01,1,5
414,84:D4:7E:06:4F:E0,eduroam,72,1230.7160019874573,B2-01,1,5
415,84:D4:7E:06:4F:E1,PoliSemFio,74,1230.7160019874573,B2-01,1,5
416,84:D4:7E:06:4F:E2,,70,1230.7160019874573,B2-01,1,5
417,84:D4:7E:06:4F:F0,eduroam,39,1230.7160019874573,B2-01,1,5
418,84:D4:7E:06:4F:F1,PoliSemFio,37,1230.7160019874573,B2-01,1,5
419,B0:48:7A:C4:2F:B4,LTG_Teste,19,1230.7160019874573,B2-01,1,5
420,C8:D7:19:D4:36:7E,lcs,20,1230.7160019874573,B2-01,1,5
421,DC:9F:DB:1C:1F:E0,LWN-3,25,1230.7160019874573,B2-01,1,5
422,DE:9F:DB:1C:1F:E0,LARC Guest,25,1230.7160019874573,B2-01,1,5
423,F8:1A:67:99:55:8E,NUCLEAR_CHF,30,1230.7160019874573,B2-01,1,5
424,FA:8F:CA:81:87:C7,"Escritório.o,",5,1230.7160019874573,B2-01,1,5
425,00:18:E7:FF:8C:98,dlink,39,1233.3776462078094,B2-01,1,5
426,00:21:91:70:9D:EC,LAB-DIDATICO,37,1233.3776462078094,B2-01,1,5
427,30:85:A9:69:F2:E4,PCS-Wireless-C2-22,49,1233.3776462078094,B2-01,1,5
428,34:60:F9:A3:D9:13,GASWIFI-5G_C2,22,1233.3776462078094,B2-01,1,5
429,34:60:F9:A3:D9:14,GASWIFI-2G_C2,22,1233.3776462078094,B2-01,1,5
430,34:CE:00:51:3E:6F,Lab,50,1233.3776462078094,B2-01,1,5
431,34:CE:00:51:3E:70,Lab_5G,12,1233.3776462078094,B2-01,1,5
432,3A:60:F9:A3:D9:14,,20,1233.3776462078094,B2-01,1,5
433,54:B8:0A:AA:2C:8C,LAB_DIGITAL,52,1233.3776462078094,B2-01,1,5
434,54:B8:0A:AA:2C:8D,PCS-Wireless,52,1233.3776462078094,B2-01,1,5
435,54:B8:0A:AA:2C:8E,LAB_DIGITAL-5GHz,10,1233.3776462078094,B2-01,1,5
436,54:B8:0A:AA:2C:8F,PCS-Wireless-5GHz,10,1233.3776462078094,B2-01,1,5
437,54:F0:B1:A1:18:C0,eduroam,42,1233.3776462078094,B2-01,1,5
438,54:F0:B1:A1:18:C1,PoliSemFio,42,1233.3776462078094,B2-01,1,5
439,54:F0:B1:A1:18:C3,MEZANINO,42,1233.3776462078094,B2-01,1,5
440,54:F0:B1:A1:18:C4,GDLAB,42,1233.3776462078094,B2-01,1,5
441,54:F0:B1:A1:18:C5,LABPAD,42,1233.3776462078094,B2-01,1,5
442,54:F0:B1:A1:18:D0,eduroam,47,1233.3776462078094,B2-01,1,5
443,54:F0:B1:A1:18:D1,PoliSemFio,47,1233.3776462078094,B2-01,1,5
444,54:F0:B1:A1:18:D2,,47,1233.3776462078094,B2-01,1,5
445,54:F0:B1:A1:18:D3,MEZANINO,42,1233.3776462078094,B2-01,1,5
446,54:F0:B1:A1:18:D4,GDLAB,44,1233.3776462078094,B2-01,1,5
447,54:F0:B1:A1:18:D5,LABPAD,49,1233.3776462078094,B2-01,1,5
448,54:F0:B1:A1:57:F0,eduroam,14,1233.3776462078094,B2-01,1,5
449,54:F0:B1:A1:57:F1,PoliSemFio,14,1233.3776462078094,B2-01,1,5
450,54:F0:B1:A1:57:F2,,14,1233.3776462078094,B2-01,1,5
451,54:F0:B1:A1:E4:F0,eduroam,12,1233.3776462078094,B2-01,1,5
452,54:F0:B1:A1:E4:F1,PoliSemFio,12,1233.3776462078094,B2-01,1,5
453,54:F0:B1:A1:E4:F2,,24,1233.3776462078094,B2-01,1,5
454,54:F0:B1:A1:E5:00,eduroam,17,1233.3776462078094,B2-01,1,5
455,54:F0:B1:A1:E5:01,PoliSemFio,30,1233.3776462078094,B2-01,1,5
456,54:F0:B1:A1:E5:02,,29,1233.3776462078094,B2-01,1,5
457,54:F0:B1:A2:37:E0,eduroam,25,1233.3776462078094,B2-01,1,5
458,54:F0:B1:A2:37:E1,PoliSemFio,29,1233.3776462078094,B2-01,1,5
459,54:F0:B1:A2:37:E2,,29,1233.3776462078094,B2-01,1,5
460,54:F0:B1:A2:57:20,eduroam,17,1233.3776462078094,B2-01,1,5
461,54:F0:B1:A2:57:21,PoliSemFio,15,1233.3776462078094,B2-01,1,5
462,54:F0:B1:A2:57:22,,17,1233.3776462078094,B2-01,1,5
463,54:F0:B1:A2:57:23,LCA,17,1233.3776462078094,B2-01,1,5
464,54:F0:B1:A2:57:30,eduroam,42,1233.3776462078094,B2-01,1,5
465,54:F0:B1:A2:57:33,LCA,40,1233.3776462078094,B2-01,1,5
466,54:F0:B1:BB:58:C3,CAEEL,9,1233.3776462078094,B2-01,1,5
467,54:F0:B1:BB:5A:82,HACKER,27,1233.3776462078094,B2-01,1,5
468,54:F0:B1:BB:7E:E0,eduroam,27,1233.3776462078094,B2-01,1,5
469,54:F0:B1:BB:84:B0,eduroam,24,1233.3776462078094,B2-01,1,5
470,54:F0:B1:BB:84:D0,eduroam,12,1233.3776462078094,B2-01,1,5
471,54:F0:B1:BB:84:D1,PoliSemFio,15,1233.3776462078094,B2-01,1,5
472,54:F0:B1:BB:84:D2,,20,1233.3776462078094,B2-01,1,5
473,54:F0:B1:BB:92:E0,eduroam,17,1233.3776462078094,B2-01,1,5
474,54:F0:B1:BB:92:E1,PoliSemFio,15,1233.3776462078094,B2-01,1,5
475,54:F0:B1:BB:92:E2,,17,1233.3776462078094,B2-01,1,5
476,54:F0:B1:BB:C4:D0,eduroam,39,1233.3776462078094,B2-01,1,5
477,54:F0:B1:BB:C4:D1,PoliSemFio,44,1233.3776462078094,B2-01,1,5
478,54:F0:B1:BB:C4:D2,,44,1233.3776462078094,B2-01,1,5
479,54:F0:B1:BB:C4:F0,eduroam,30,1233.3776462078094,B2-01,1,5
480,54:F0:B1:BB:C4:F1,PoliSemFio,30,1233.3776462078094,B2-01,1,5
481,54:F0:B1:BB:C5:C0,eduroam,34,1233.3776462078094,B2-01,1,5
482,54:F0:B1:BB:C5:C3,MEZANINO,34,1233.3776462078094,B2-01,1,5
483,54:F0:B1:BB:CC:E0,B209,17,1233.3776462078094,B2-01,1,5
484,54:F0:B1:BB:F3:20,eduroam,30,1233.3776462078094,B2-01,1,5
485,54:F0:B1:BB:F3:21,PoliSemFio,30,1233.3776462078094,B2-01,1,5
486,54:F0:B1:BB:F3:22,,30,1233.3776462078094,B2-01,1,5
487,54:F0:B1:BB:FD:D0,eduroam,22,1233.3776462078094,B2-01,1,5
488,54:F0:B1:BB:FD:D2,,17,1233.3776462078094,B2-01,1,5
489,54:F0:B1:BC:09:40,eduroam,72,1233.3776462078094,B2-01,1,5
490,54:F0:B1:BC:09:41,PoliSemFio,74,1233.3776462078094,B2-01,1,5
491,54:F0:B1:BC:09:42,,74,1233.3776462078094,B2-01,1,5
492,54:F0:B1:BC:09:60,eduroam,59,1233.3776462078094,B2-01,1,5
493,54:F0:B1:BC:09:61,PoliSemFio,55,1233.3776462078094,B2-01,1,5
494,54:F0:B1:BC:2E:90,eduroam,59,1233.3776462078094,B2-01,1,5
495,54:F0:B1:BC:2E:B0,eduroam,15,1233.3776462078094,B2-01,1,5
496,54:F0:B1:BC:2E:B1,PoliSemFio,15,1233.3776462078094,B2-01,1,5
497,54:F0:B1:BC:65:B0,eduroam,12,1233.3776462078094,B2-01,1,5
498,54:F0:B1:BC:65:D1,PoliSemFio,10,1233.3776462078094,B2-01,1,5
499,54:F0:B1:BC:6B:52,,24,1233.3776462078094,B2-01,1,5
500,54:F0:B1:BC:6F:72,,24,1233.3776462078094,B2-01,1,5
501,54:F0:B1:BC:70:00,eduroam,27,1233.3776462078094,B2-01,1,5
502,54:F0:B1:BC:70:20,eduroam,15,1233.3776462078094,B2-01,1,5
503,54:F0:B1:BC:70:21,PoliSemFio,14,1233.3776462078094,B2-01,1,5
504,54:F0:B1:BC:70:22,,17,1233.3776462078094,B2-01,1,5
505,54:F0:B1:BC:76:C0,eduroam,20,1233.3776462078094,B2-01,1,5
506,54:F0:B1:BC:77:80,eduroam,55,1233.3776462078094,B2-01,1,5
507,54:F0:B1:BC:77:81,PoliSemFio,54,1233.3776462078094,B2-01,1,5
508,54:F0:B1:BC:77:82,,54,1233.3776462078094,B2-01,1,5
509,54:F0:B1:BC:77:A0,eduroam,49,1233.3776462078094,B2-01,1,5
510,54:F0:B1:BC:77:A1,PoliSemFio,49,1233.3776462078094,B2-01,1,5
511,54:F0:B1:BC:77:A2,,49,1233.3776462078094,B2-01,1,5
512,54:F0:B1:BC:7C:B0,eduroam,15,1233.3776462078094,B2-01,1,5
513,54:F0:B1:BC:7C:B1,PoliSemFio,17,1233.3776462078094,B2-01,1,5
514,54:F0:B1:BC:8F:20,eduroam,27,1233.3776462078094,B2-01,1,5
515,68:FF:7B:47:78:BD,C1-22M-5G,20,1233.3776462078094,B2-01,1,5
516,68:FF:7B:47:78:BE,C1-22M,39,1233.3776462078094,B2-01,1,5
517,70:62:B8:6E:72:A0,PCS-wireless-C1-13,44,1233.3776462078094,B2-01,1,5
518,70:62:B8:6E:72:A1,PPGEE,47,1233.3776462078094,B2-01,1,5
519,84:D4:7E:06:4F:E0,eduroam,72,1233.3776462078094,B2-01,1,5
520,84:D4:7E:06:4F:E1,PoliSemFio,74,1233.3776462078094,B2-01,1,5
521,84:D4:7E:06:4F:E2,,70,1233.3776462078094,B2-01,1,5
522,84:D4:7E:06:4F:F0,eduroam,39,1233.3776462078094,B2-01,1,5
523,84:D4:7E:06:4F:F1,PoliSemFio,37,1233.3776462078094,B2-01,1,5
524,B0:48:7A:C4:2F:B4,LTG_Teste,19,1233.3776462078094,B2-01,1,5
525,C8:D7:19:D4:36:7E,lcs,20,1233.3776462078094,B2-01,1,5
526,DC:9F:DB:1C:1F:E0,LWN-3,25,1233.3776462078094,B2-01,1,5
527,DE:9F:DB:1C:1F:E0,LARC Guest,25,1233.3776462078094,B2-01,1,5
528,F8:1A:67:99:55:8E,NUCLEAR_CHF,30,1233.3776462078094,B2-01,1,5
529,FA:8F:CA:81:87:C7,"Escritório.o,",5,1233.3776462078094,B2-01,1,5
530,00:18:E7:FF:8C:98,dlink,39,1239.6331000328064,B2-01,1,5
531,00:21:91:70:9D:EC,LAB-DIDATICO,27,1239.6331000328064,B2-01,1,5
532,30:85:A9:69:F2:E4,PCS-Wireless-C2-22,49,1239.6331000328064,B2-01,1,5
533,34:60:F9:A3:D9:13,GASWIFI-5G_C2,15,1239.6331000328064,B2-01,1,5
534,34:60:F9:A3:D9:14,GASWIFI-2G_C2,35,1239.6331000328064,B2-01,1,5
535,34:CE:00:51:3E:6F,Lab,40,1239.6331000328064,B2-01,1,5
536,34:CE:00:51:3E:70,Lab_5G,14,1239.6331000328064,B2-01,1,5
537,3A:60:F9:A3:D9:14,,34,1239.6331000328064,B2-01,1,5
538,54:B8:0A:AA:2C:8C,LAB_DIGITAL,49,1239.6331000328064,B2-01,1,5
539,54:B8:0A:AA:2C:8D,PCS-Wireless,49,1239.6331000328064,B2-01,1,5
540,54:B8:0A:AA:2C:8E,LAB_DIGITAL-5GHz,12,1239.6331000328064,B2-01,1,5
541,54:B8:0A:AA:2C:8F,PCS-Wireless-5GHz,10,1239.6331000328064,B2-01,1,5
542,54:F0:B1:A1:18:C0,eduroam,24,1239.6331000328064,B2-01,1,5
543,54:F0:B1:A1:18:C1,PoliSemFio,42,1239.6331000328064,B2-01,1,5
544,54:F0:B1:A1:18:C3,MEZANINO,42,1239.6331000328064,B2-01,1,5
545,54:F0:B1:A1:18:C4,GDLAB,42,1239.6331000328064,B2-01,1,5
546,54:F0:B1:A1:18:C5,LABPAD,24,1239.6331000328064,B2-01,1,5
547,54:F0:B1:A1:18:D0,eduroam,47,1239.6331000328064,B2-01,1,5
548,54:F0:B1:A1:18:D1,PoliSemFio,47,1239.6331000328064,B2-01,1,5
549,54:F0:B1:A1:18:D2,,37,1239.6331000328064,B2-01,1,5
550,54:F0:B1:A1:18:D3,MEZANINO,42,1239.6331000328064,B2-01,1,5
551,54:F0:B1:A1:18:D4,GDLAB,44,1239.6331000328064,B2-01,1,5
552,54:F0:B1:A1:18:D5,LABPAD,40,1239.6331000328064,B2-01,1,5
553,54:F0:B1:A1:57:F0,eduroam,14,1239.6331000328064,B2-01,1,5
554,54:F0:B1:A1:57:F1,PoliSemFio,14,1239.6331000328064,B2-01,1,5
555,54:F0:B1:A1:57:F2,,14,1239.6331000328064,B2-01,1,5
556,54:F0:B1:A1:E4:F0,eduroam,15,1239.6331000328064,B2-01,1,5
557,54:F0:B1:A1:E4:F1,PoliSemFio,17,1239.6331000328064,B2-01,1,5
558,54:F0:B1:A1:E4:F2,,24,1239.6331000328064,B2-01,1,5
559,54:F0:B1:A1:E5:00,eduroam,17,1239.6331000328064,B2-01,1,5
560,54:F0:B1:A1:E5:01,PoliSemFio,30,1239.6331000328064,B2-01,1,5
561,54:F0:B1:A1:E5:02,,29,1239.6331000328064,B2-01,1,5
562,54:F0:B1:A2:37:E0,eduroam,25,1239.6331000328064,B2-01,1,5
563,54:F0:B1:A2:37:E1,PoliSemFio,29,1239.6331000328064,B2-01,1,5
564,54:F0:B1:A2:37:E2,,29,1239.6331000328064,B2-01,1,5
565,54:F0:B1:A2:57:20,eduroam,24,1239.6331000328064,B2-01,1,5
566,54:F0:B1:A2:57:21,PoliSemFio,22,1239.6331000328064,B2-01,1,5
567,54:F0:B1:A2:57:22,,17,1239.6331000328064,B2-01,1,5
568,54:F0:B1:A2:57:23,LCA,24,1239.6331000328064,B2-01,1,5
569,54:F0:B1:A2:57:30,eduroam,42,1239.6331000328064,B2-01,1,5
570,54:F0:B1:A2:57:33,LCA,29,1239.6331000328064,B2-01,1,5
571,54:F0:B1:BB:58:C3,CAEEL,9,1239.6331000328064,B2-01,1,5
572,54:F0:B1:BB:5A:82,HACKER,27,1239.6331000328064,B2-01,1,5
573,54:F0:B1:BB:5A:83,LEP,20,1239.6331000328064,B2-01,1,5
574,54:F0:B1:BB:7E:E0,eduroam,19,1239.6331000328064,B2-01,1,5
575,54:F0:B1:BB:84:B0,eduroam,24,1239.6331000328064,B2-01,1,5
576,54:F0:B1:BB:84:D0,eduroam,12,1239.6331000328064,B2-01,1,5
577,54:F0:B1:BB:84:D1,PoliSemFio,15,1239.6331000328064,B2-01,1,5
578,54:F0:B1:BB:84:D2,,20,1239.6331000328064,B2-01,1,5
579,54:F0:B1:BB:92:E0,eduroam,17,1239.6331000328064,B2-01,1,5
580,54:F0:B1:BB:92:E1,PoliSemFio,15,1239.6331000328064,B2-01,1,5
581,54:F0:B1:BB:92:E2,,17,1239.6331000328064,B2-01,1,5
582,54:F0:B1:BB:C4:D0,eduroam,34,1239.6331000328064,B2-01,1,5
583,54:F0:B1:BB:C4:D1,PoliSemFio,44,1239.6331000328064,B2-01,1,5
584,54:F0:B1:BB:C4:D2,,44,1239.6331000328064,B2-01,1,5
585,54:F0:B1:BB:C4:F0,eduroam,17,1239.6331000328064,B2-01,1,5
586,54:F0:B1:BB:C4:F1,PoliSemFio,17,1239.6331000328064,B2-01,1,5
587,54:F0:B1:BB:C4:F2,,17,1239.6331000328064,B2-01,1,5
588,54:F0:B1:BB:C5:C0,eduroam,34,1239.6331000328064,B2-01,1,5
589,54:F0:B1:BB:C5:C3,MEZANINO,34,1239.6331000328064,B2-01,1,5
590,54:F0:B1:BB:CC:E0,B209,17,1239.6331000328064,B2-01,1,5
591,54:F0:B1:BB:F3:20,eduroam,24,1239.6331000328064,B2-01,1,5
592,54:F0:B1:BB:F3:21,PoliSemFio,30,1239.6331000328064,B2-01,1,5
593,54:F0:B1:BB:F3:22,,30,1239.6331000328064,B2-01,1,5
594,54:F0:B1:BB:FD:D0,eduroam,22,1239.6331000328064,B2-01,1,5
595,54:F0:B1:BB:FD:D2,,17,1239.6331000328064,B2-01,1,5
596,54:F0:B1:BC:09:40,eduroam,89,1239.6331000328064,B2-01,1,5
597,54:F0:B1:BC:09:41,PoliSemFio,85,1239.6331000328064,B2-01,1,5
598,54:F0:B1:BC:09:42,,74,1239.6331000328064,B2-01,1,5
599,54:F0:B1:BC:09:60,eduroam,74,1239.6331000328064,B2-01,1,5
600,54:F0:B1:BC:09:61,PoliSemFio,69,1239.6331000328064,B2-01,1,5
601,54:F0:B1:BC:2E:90,eduroam,40,1239.6331000328064,B2-01,1,5
602,54:F0:B1:BC:2E:91,PoliSemFio,45,1239.6331000328064,B2-01,1,5
603,54:F0:B1:BC:2E:B0,eduroam,15,1239.6331000328064,B2-01,1,5
604,54:F0:B1:BC:2E:B1,PoliSemFio,15,1239.6331000328064,B2-01,1,5
605,54:F0:B1:BC:65:B0,eduroam,12,1239.6331000328064,B2-01,1,5
606,54:F0:B1:BC:65:D1,PoliSemFio,10,1239.6331000328064,B2-01,1,5
607,54:F0:B1:BC:6B:52,,24,1239.6331000328064,B2-01,1,5
608,54:F0:B1:BC:6F:70,eduroam,19,1239.6331000328064,B2-01,1,5
609,54:F0:B1:BC:6F:72,,24,1239.6331000328064,B2-01,1,5
610,54:F0:B1:BC:70:00,eduroam,27,1239.6331000328064,B2-01,1,5
611,54:F0:B1:BC:70:20,eduroam,15,1239.6331000328064,B2-01,1,5
612,54:F0:B1:BC:70:21,PoliSemFio,14,1239.6331000328064,B2-01,1,5
613,54:F0:B1:BC:70:22,,17,1239.6331000328064,B2-01,1,5
614,54:F0:B1:BC:76:C0,eduroam,20,1239.6331000328064,B2-01,1,5
615,54:F0:B1:BC:77:80,eduroam,62,1239.6331000328064,B2-01,1,5
616,54:F0:B1:BC:77:81,PoliSemFio,69,1239.6331000328064,B2-01,1,5
617,54:F0:B1:BC:77:82,,69,1239.6331000328064,B2-01,1,5
618,54:F0:B1:BC:77:A0,eduroam,49,1239.6331000328064,B2-01,1,5
619,54:F0:B1:BC:77:A1,PoliSemFio,49,1239.6331000328064,B2-01,1,5
620,54:F0:B1:BC:77:A2,,49,1239.6331000328064,B2-01,1,5
621,54:F0:B1:BC:7C:B0,eduroam,15,1239.6331000328064,B2-01,1,5
622,54:F0:B1:BC:7C:B1,PoliSemFio,17,1239.6331000328064,B2-01,1,5
623,54:F0:B1:BC:8F:20,eduroam,27,1239.6331000328064,B2-01,1,5
624,68:FF:7B:47:78:BD,C1-22M-5G,37,1239.6331000328064,B2-01,1,5
625,68:FF:7B:47:78:BE,C1-22M,45,1239.6331000328064,B2-01,1,5
626,70:62:B8:6E:72:A0,PCS-wireless-C1-13,42,1239.6331000328064,B2-01,1,5
627,70:62:B8:6E:72:A1,PPGEE,45,1239.6331000328064,B2-01,1,5
628,84:D4:7E:06:4F:E0,eduroam,47,1239.6331000328064,B2-01,1,5
629,84:D4:7E:06:4F:E1,PoliSemFio,47,1239.6331000328064,B2-01,1,5
630,84:D4:7E:06:4F:E2,,47,1239.6331000328064,B2-01,1,5
631,84:D4:7E:06:4F:F0,eduroam,39,1239.6331000328064,B2-01,1,5
632,84:D4:7E:06:4F:F1,PoliSemFio,37,1239.6331000328064,B2-01,1,5
633,B0:48:7A:C4:2F:B4,LTG_Teste,19,1239.6331000328064,B2-01,1,5
634,C8:D7:19:D4:36:7E,lcs,20,1239.6331000328064,B2-01,1,5
635,DC:9F:DB:1C:1F:E0,LWN-3,25,1239.6331000328064,B2-01,1,5
636,DE:9F:DB:1C:1F:E0,LARC Guest,25,1239.6331000328064,B2-01,1,5
637,F8:1A:67:99:55:8E,NUCLEAR_CHF,30,1239.6331000328064,B2-01,1,5
638,FA:8F:CA:81:87:C7,"Escritório.o,",5,1239.6331000328064,B2-01,1,5
639,00:18:E7:FF:8C:98,dlink,39,1242.274696111679,B2-01,1,5
640,00:21:91:70:9D:EC,LAB-DIDATICO,27,1242.274696111679,B2-01,1,5
641,30:85:A9:69:F2:E4,PCS-Wireless-C2-22,49,1242.274696111679,B2-01,1,5
642,34:60:F9:A3:D9:13,GASWIFI-5G_C2,30,1242.274696111679,B2-01,1,5
643,34:60:F9:A3:D9:14,GASWIFI-2G_C2,35,1242.274696111679,B2-01,1,5
644,34:CE:00:51:3E:6F,Lab,40,1242.274696111679,B2-01,1,5
645,34:CE:00:51:3E:70,Lab_5G,14,1242.274696111679,B2-01,1,5
646,3A:60:F9:A3:D9:13,,29,1242.274696111679,B2-01,1,5
647,3A:60:F9:A3:D9:14,,34,1242.274696111679,B2-01,1,5
648,54:B8:0A:AA:2C:8C,LAB_DIGITAL,50,1242.274696111679,B2-01,1,5
649,54:B8:0A:AA:2C:8D,PCS-Wireless,52,1242.274696111679,B2-01,1,5
650,54:B8:0A:AA:2C:8E,LAB_DIGITAL-5GHz,12,1242.274696111679,B2-01,1,5
651,54:B8:0A:AA:2C:8F,PCS-Wireless-5GHz,10,1242.274696111679,B2-01,1,5
652,54:F0:B1:A1:18:C0,eduroam,40,1242.274696111679,B2-01,1,5
653,54:F0:B1:A1:18:C1,PoliSemFio,40,1242.274696111679,B2-01,1,5
654,54:F0:B1:A1:18:C3,MEZANINO,40,1242.274696111679,B2-01,1,5
655,54:F0:B1:A1:18:C4,GDLAB,40,1242.274696111679,B2-01,1,5
656,54:F0:B1:A1:18:C5,LABPAD,40,1242.274696111679,B2-01,1,5
657,54:F0:B1:A1:18:D0,eduroam,47,1242.274696111679,B2-01,1,5
658,54:F0:B1:A1:18:D1,PoliSemFio,47,1242.274696111679,B2-01,1,5
659,54:F0:B1:A1:18:D2,,52,1242.274696111679,B2-01,1,5
660,54:F0:B1:A1:18:D3,MEZANINO,54,1242.274696111679,B2-01,1,5
661,54:F0:B1:A1:18:D4,GDLAB,57,1242.274696111679,B2-01,1,5
662,54:F0:B1:A1:18:D5,LABPAD,40,1242.274696111679,B2-01,1,5
663,54:F0:B1:A1:57:F0,eduroam,19,1242.274696111679,B2-01,1,5
664,54:F0:B1:A1:57:F1,PoliSemFio,19,1242.274696111679,B2-01,1,5
665,54:F0:B1:A1:57:F2,,14,1242.274696111679,B2-01,1,5
666,54:F0:B1:A1:58:00,eduroam,29,1242.274696111679,B2-01,1,5
667,54:F0:B1:A1:58:01,PoliSemFio,30,1242.274696111679,B2-01,1,5
668,54:F0:B1:A1:E4:F0,eduroam,17,1242.274696111679,B2-01,1,5
669,54:F0:B1:A1:E4:F1,PoliSemFio,17,1242.274696111679,B2-01,1,5
670,54:F0:B1:A1:E4:F2,,24,1242.274696111679,B2-01,1,5
671,54:F0:B1:A1:E5:00,eduroam,35,1242.274696111679,B2-01,1,5
672,54:F0:B1:A1:E5:01,PoliSemFio,30,1242.274696111679,B2-01,1,5
673,54:F0:B1:A1:E5:02,,29,1242.274696111679,B2-01,1,5
674,54:F0:B1:A2:37:E0,eduroam,25,1242.274696111679,B2-01,1,5
675,54:F0:B1:A2:37:E1,PoliSemFio,29,1242.274696111679,B2-01,1,5
676,54:F0:B1:A2:37:E2,,20,1242.274696111679,B2-01,1,5
677,54:F0:B1:A2:57:20,eduroam,19,1242.274696111679,B2-01,1,5
678,54:F0:B1:A2:57:21,PoliSemFio,19,1242.274696111679,B2-01,1,5
679,54:F0:B1:A2:57:22,,17,1242.274696111679,B2-01,1,5
680,54:F0:B1:A2:57:23,LCA,17,1242.274696111679,B2-01,1,5
681,54:F0:B1:A2:57:30,eduroam,42,1242.274696111679,B2-01,1,5
682,54:F0:B1:A2:57:31,PoliSemFio,42,1242.274696111679,B2-01,1,5
683,54:F0:B1:A2:57:32,_owetm_PoliSemFio_ac058410,42,1242.274696111679,B2-01,1,5
684,54:F0:B1:A2:57:33,LCA,47,1242.274696111679,B2-01,1,5
685,54:F0:B1:BB:58:C3,CAEEL,9,1242.274696111679,B2-01,1,5
686,54:F0:B1:BB:5A:82,HACKER,27,1242.274696111679,B2-01,1,5
687,54:F0:B1:BB:5A:83,LEP,20,1242.274696111679,B2-01,1,5
688,54:F0:B1:BB:7E:E0,eduroam,19,1242.274696111679,B2-01,1,5
689,54:F0:B1:BB:84:B0,eduroam,24,1242.274696111679,B2-01,1,5
690,54:F0:B1:BB:84:D0,eduroam,24,1242.274696111679,B2-01,1,5
691,54:F0:B1:BB:84:D1,PoliSemFio,22,1242.274696111679,B2-01,1,5
692,54:F0:B1:BB:84:D2,,20,1242.274696111679,B2-01,1,5
693,54:F0:B1:BB:92:E0,eduroam,17,1242.274696111679,B2-01,1,5
694,54:F0:B1:BB:92:E1,PoliSemFio,19,1242.274696111679,B2-01,1,5
695,54:F0:B1:BB:92:E2,,17,1242.274696111679,B2-01,1,5
696,54:F0:B1:BB:C4:D0,eduroam,47,1242.274696111679,B2-01,1,5
697,54:F0:B1:BB:C4:D1,PoliSemFio,44,1242.274696111679,B2-01,1,5
698,54:F0:B1:BB:C4:D2,,44,1242.274696111679,B2-01,1,5
699,54:F0:B1:BB:C4:F0,eduroam,24,1242.274696111679,B2-01,1,5
700,54:F0:B1:BB:C4:F1,PoliSemFio,24,1242.274696111679,B2-01,1,5
701,54:F0:B1:BB:C4:F2,,17,1242.274696111679,B2-01,1,5
702,54:F0:B1:BB:C5:C0,eduroam,34,1242.274696111679,B2-01,1,5
703,54:F0:B1:BB:C5:C3,MEZANINO,34,1242.274696111679,B2-01,1,5
704,54:F0:B1:BB:CC:E0,B209,17,1242.274696111679,B2-01,1,5
705,54:F0:B1:BB:F3:20,eduroam,27,1242.274696111679,B2-01,1,5
706,54:F0:B1:BB:F3:21,PoliSemFio,25,1242.274696111679,B2-01,1,5
707,54:F0:B1:BB:F3:22,,25,1242.274696111679,B2-01,1,5
708,54:F0:B1:BB:FD:D0,eduroam,7,1242.274696111679,B2-01,1,5
709,54:F0:B1:BB:FD:D1,PoliSemFio,25,1242.274696111679,B2-01,1,5
710,54:F0:B1:BB:FD:D2,,25,1242.274696111679,B2-01,1,5
711,54:F0:B1:BC:09:40,eduroam,90,1242.274696111679,B2-01,1,5
712,54:F0:B1:BC:09:41,PoliSemFio,89,1242.274696111679,B2-01,1,5
713,54:F0:B1:BC:09:42,,74,1242.274696111679,B2-01,1,5
714,54:F0:B1:BC:09:60,eduroam,45,1242.274696111679,B2-01,1,5
715,54:F0:B1:BC:09:61,PoliSemFio,45,1242.274696111679,B2-01,1,5
716,54:F0:B1:BC:2E:90,eduroam,70,1242.274696111679,B2-01,1,5
717,54:F0:B1:BC:2E:91,PoliSemFio,45,1242.274696111679,B2-01,1,5
718,54:F0:B1:BC:2E:B0,eduroam,15,1242.274696111679,B2-01,1,5
719,54:F0:B1:BC:2E:B1,PoliSemFio,15,1242.274696111679,B2-01,1,5
720,54:F0:B1:BC:65:B0,eduroam,25,1242.274696111679,B2-01,1,5
721,54:F0:B1:BC:65:D1,PoliSemFio,10,1242.274696111679,B2-01,1,5
722,54:F0:B1:BC:6B:50,eduroam,24,1242.274696111679,B2-01,1,5
723,54:F0:B1:BC:6B:51,PoliSemFio,22,1242.274696111679,B2-01,1,5
724,54:F0:B1:BC:6B:52,,25,1242.274696111679,B2-01,1,5
725,54:F0:B1:BC:6F:70,eduroam,19,1242.274696111679,B2-01,1,5
726,54:F0:B1:BC:6F:72,,24,1242.274696111679,B2-01,1,5
727,54:F0:B1:BC:70:00,eduroam,27,1242.274696111679,B2-01,1,5
728,54:F0:B1:BC:70:02,,29,1242.274696111679,B2-01,1,5
729,54:F0:B1:BC:70:20,eduroam,17,1242.274696111679,B2-01,1,5
730,54:F0:B1:BC:70:21,PoliSemFio,17,1242.274696111679,B2-01,1,5
731,54:F0:B1:BC:70:22,,17,1242.274696111679,B2-01,1,5
732,54:F0:B1:BC:76:C0,eduroam,20,1242.274696111679,B2-01,1,5
733,54:F0:B1:BC:77:80,eduroam,57,1242.274696111679,B2-01,1,5
734,54:F0:B1:BC:77:81,PoliSemFio,70,1242.274696111679,B2-01,1,5
735,54:F0:B1:BC:77:82,,70,1242.274696111679,B2-01,1,5
736,54:F0:B1:BC:77:A0,eduroam,54,1242.274696111679,B2-01,1,5
737,54:F0:B1:BC:77:A1,PoliSemFio,54,1242.274696111679,B2-01,1,5
738,54:F0:B1:BC:77:A2,,49,1242.274696111679,B2-01,1,5
739,54:F0:B1:BC:7C:B0,eduroam,15,1242.274696111679,B2-01,1,5
740,54:F0:B1:BC:7C:B1,PoliSemFio,17,1242.274696111679,B2-01,1,5
741,54:F0:B1:BC:8F:20,eduroam,20,1242.274696111679,B2-01,1,5
742,54:F0:B1:BC:8F:21,PoliSemFio,25,1242.274696111679,B2-01,1,5
743,54:F0:B1:BC:8F:22,_owetm_PoliSemFio_ac058410,25,1242.274696111679,B2-01,1,5
744,68:FF:7B:47:78:BD,C1-22M-5G,37,1242.274696111679,B2-01,1,5
745,68:FF:7B:47:78:BE,C1-22M,62,1242.274696111679,B2-01,1,5
746,70:62:B8:6E:72:A0,PCS-wireless-C1-13,67,1242.274696111679,B2-01,1,5
747,70:62:B8:6E:72:A1,PPGEE,67,1242.274696111679,B2-01,1,5
748,84:D4:7E:06:4F:E0,eduroam,80,1242.274696111679,B2-01,1,5
749,84:D4:7E:06:4F:E1,PoliSemFio,74,1242.274696111679,B2-01,1,5
750,84:D4:7E:06:4F:E2,,74,1242.274696111679,B2-01,1,5
751,84:D4:7E:06:4F:F0,eduroam,42,1242.274696111679,B2-01,1,5
752,84:D4:7E:06:4F:F1,PoliSemFio,37,1242.274696111679,B2-01,1,5
753,B0:48:7A:C4:2F:B4,LTG_Teste,19,1242.274696111679,B2-01,1,5
754,C8:D7:19:D4:36:7E,lcs,20,1242.274696111679,B2-01,1,5
755,DC:9F:DB:1C:1F:E0,LWN-3,25,1242.274696111679,B2-01,1,5
756,DE:9F:DB:1C:1F:E0,LARC Guest,25,1242.274696111679,B2-01,1,5
757,F8:1A:67:99:55:8E,NUCLEAR_CHF,30,1242.274696111679,B2-01,1,5
758,FA:8F:CA:81:87:C7,"Escritório.o,",5,1242.274696111679,B2-01,1,5
759,FE:9F:DB:1C:1F:D7,,19,1242.274696111679,B2-01,1,5
760,FE:9F:DB:1C:1F:E0,,25,1242.274696111679,B2-01,1,5
761,00:18:E7:FF:8C:98,dlink,39,1244.905993461609,B2-01,1,5
762,00:21:91:70:9D:EC,LAB-DIDATICO,27,1244.905993461609,B2-01,1,5
763,02:24:A5:BA:CF:02,MyWiFi1600,29,1244.905993461609,B2-01,1,5
764,30:85:A9:69:F2:E4,PCS-Wireless-C2-22,49,1244.905993461609,B2-01,1,5
765,34:60:F9:A3:D9:13,GASWIFI-5G_C2,30,1244.905993461609,B2-01,1,5
766,34:60:F9:A3:D9:14,GASWIFI-2G_C2,34,1244.905993461609,B2-01,1,5
767,34:CE:00:51:3E:6F,Lab,29,1244.905993461609,B2-01,1,5
768,34:CE:00:51:3E:70,Lab_5G,14,1244.905993461609,B2-01,1,5
769,3A:60:F9:A3:D9:13,,29,1244.905993461609,B2-01,1,5
770,3A:60:F9:A3:D9:14,,34,1244.905993461609,B2-01,1,5
771,54:B8:0A:AA:2C:8C,LAB_DIGITAL,55,1244.905993461609,B2-01,1,5
772,54:B8:0A:AA:2C:8D,PCS-Wireless,54,1244.905993461609,B2-01,1,5
773,54:B8:0A:AA:2C:8E,LAB_DIGITAL-5GHz,17,1244.905993461609,B2-01,1,5
774,54:B8:0A:AA:2C:8F,PCS-Wireless-5GHz,22,1244.905993461609,B2-01,1,5
775,54:F0:B1:A1:18:C0,eduroam,45,1244.905993461609,B2-01,1,5
776,54:F0:B1:A1:18:C1,PoliSemFio,45,1244.905993461609,B2-01,1,5
777,54:F0:B1:A1:18:C3,MEZANINO,45,1244.905993461609,B2-01,1,5
778,54:F0:B1:A1:18:C4,GDLAB,45,1244.905993461609,B2-01,1,5
779,54:F0:B1:A1:18:C5,LABPAD,45,1244.905993461609,B2-01,1,5
780,54:F0:B1:A1:18:D0,eduroam,47,1244.905993461609,B2-01,1,5
781,54:F0:B1:A1:18:D1,PoliSemFio,47,1244.905993461609,B2-01,1,5
782,54:F0:B1:A1:18:D2,,52,1244.905993461609,B2-01,1,5
783,54:F0:B1:A1:18:D3,MEZANINO,42,1244.905993461609,B2-01,1,5
784,54:F0:B1:A1:18:D4,GDLAB,57,1244.905993461609,B2-01,1,5
785,54:F0:B1:A1:18:D5,LABPAD,47,1244.905993461609,B2-01,1,5
786,54:F0:B1:A1:57:F0,eduroam,17,1244.905993461609,B2-01,1,5
787,54:F0:B1:A1:57:F1,PoliSemFio,17,1244.905993461609,B2-01,1,5
788,54:F0:B1:A1:57:F2,,19,1244.905993461609,B2-01,1,5
789,54:F0:B1:A1:58:00,eduroam,32,1244.905993461609,B2-01,1,5
790,54:F0:B1:A1:58:01,PoliSemFio,30,1244.905993461609,B2-01,1,5
791,54:F0:B1:A1:E4:F0,eduroam,20,1244.905993461609,B2-01,1,5
792,54:F0:B1:A1:E4:F1,PoliSemFio,20,1244.905993461609,B2-01,1,5
793,54:F0:B1:A1:E4:F2,,24,1244.905993461609,B2-01,1,5
794,54:F0:B1:A1:E5:00,eduroam,35,1244.905993461609,B2-01,1,5
795,54:F0:B1:A1:E5:01,PoliSemFio,39,1244.905993461609,B2-01,1,5
796,54:F0:B1:A1:E5:02,,29,1244.905993461609,B2-01,1,5
797,54:F0:B1:A2:37:E0,eduroam,25,1244.905993461609,B2-01,1,5
798,54:F0:B1:A2:37:E1,PoliSemFio,29,1244.905993461609,B2-01,1,5
799,54:F0:B1:A2:37:E2,,20,1244.905993461609,B2-01,1,5
800,54:F0:B1:A2:57:20,eduroam,27,1244.905993461609,B2-01,1,5
801,54:F0:B1:A2:57:21,PoliSemFio,27,1244.905993461609,B2-01,1,5
802,54:F0:B1:A2:57:22,,25,1244.905993461609,B2-01,1,5
803,54:F0:B1:A2:57:23,LCA,25,1244.905993461609,B2-01,1,5
804,54:F0:B1:A2:57:30,eduroam,42,1244.905993461609,B2-01,1,5
805,54:F0:B1:A2:57:31,PoliSemFio,42,1244.905993461609,B2-01,1,5
806,54:F0:B1:A2:57:32,_owetm_PoliSemFio_ac058410,42,1244.905993461609,B2-01,1,5
807,54:F0:B1:A2:57:33,LCA,47,1244.905993461609,B2-01,1,5
808,54:F0:B1:BB:58:C3,CAEEL,9,1244.905993461609,B2-01,1,5
809,54:F0:B1:BB:5A:82,HACKER,27,1244.905993461609,B2-01,1,5
810,54:F0:B1:BB:5A:83,LEP,20,1244.905993461609,B2-01,1,5
811,54:F0:B1:BB:7E:E0,eduroam,19,1244.905993461609,B2-01,1,5
812,54:F0:B1:BB:84:B0,eduroam,24,1244.905993461609,B2-01,1,5
813,54:F0:B1:BB:84:D0,eduroam,12,1244.905993461609,B2-01,1,5
814,54:F0:B1:BB:84:D1,PoliSemFio,22,1244.905993461609,B2-01,1,5
815,54:F0:B1:BB:84:D2,,20,1244.905993461609,B2-01,1,5
816,54:F0:B1:BB:92:E0,eduroam,12,1244.905993461609,B2-01,1,5
817,54:F0:B1:BB:92:E1,PoliSemFio,14,1244.905993461609,B2-01,1,5
818,54:F0:B1:BB:92:E2,,17,1244.905993461609,B2-01,1,5
819,54:F0:B1:BB:C4:D0,eduroam,32,1244.905993461609,B2-01,1,5
820,54:F0:B1:BB:C4:D1,PoliSemFio,44,1244.905993461609,B2-01,1,5
821,54:F0:B1:BB:C4:D2,,44,1244.905993461609,B2-01,1,5
822,54:F0:B1:BB:C4:F0,eduroam,24,1244.905993461609,B2-01,1,5
823,54:F0:B1:BB:C4:F1,PoliSemFio,22,1244.905993461609,B2-01,1,5
824,54:F0:B1:BB:C4:F2,,17,1244.905993461609,B2-01,1,5
825,54:F0:B1:BB:C5:C0,eduroam,34,1244.905993461609,B2-01,1,5
826,54:F0:B1:BB:C5:C3,MEZANINO,34,1244.905993461609,B2-01,1,5
827,54:F0:B1:BB:CC:E0,B209,17,1244.905993461609,B2-01,1,5
828,54:F0:B1:BB:F3:20,eduroam,27,1244.905993461609,B2-01,1,5
829,54:F0:B1:BB:F3:21,PoliSemFio,25,1244.905993461609,B2-01,1,5
830,54:F0:B1:BB:F3:22,,25,1244.905993461609,B2-01,1,5
831,54:F0:B1:BB:FD:D0,eduroam,7,1244.905993461609,B2-01,1,5
832,54:F0:B1:BB:FD:D1,PoliSemFio,25,1244.905993461609,B2-01,1,5
833,54:F0:B1:BB:FD:D2,,25,1244.905993461609,B2-01,1,5
834,54:F0:B1:BC:09:40,eduroam,60,1244.905993461609,B2-01,1,5
835,54:F0:B1:BC:09:41,PoliSemFio,89,1244.905993461609,B2-01,1,5
836,54:F0:B1:BC:09:42,,74,1244.905993461609,B2-01,1,5
837,54:F0:B1:BC:09:60,eduroam,47,1244.905993461609,B2-01,1,5
838,54:F0:B1:BC:09:61,PoliSemFio,47,1244.905993461609,B2-01,1,5
839,54:F0:B1:BC:2E:90,eduroam,70,1244.905993461609,B2-01,1,5
840,54:F0:B1:BC:2E:91,PoliSemFio,45,1244.905993461609,B2-01,1,5
841,54:F0:B1:BC:2E:B0,eduroam,15,1244.905993461609,B2-01,1,5
842,54:F0:B1:BC:2E:B1,PoliSemFio,15,1244.905993461609,B2-01,1,5
843,54:F0:B1:BC:65:B0,eduroam,25,1244.905993461609,B2-01,1,5
844,54:F0:B1:BC:65:D0,eduroam,15,1244.905993461609,B2-01,1,5
845,54:F0:B1:BC:65:D1,PoliSemFio,15,1244.905993461609,B2-01,1,5
846,54:F0:B1:BC:65:D2,,17,1244.905993461609,B2-01,1,5
847,54:F0:B1:BC:6B:50,eduroam,24,1244.905993461609,B2-01,1,5
848,54:F0:B1:BC:6B:51,PoliSemFio,22,1244.905993461609,B2-01,1,5
849,54:F0:B1:BC:6B:52,,25,1244.905993461609,B2-01,1,5
850,54:F0:B1:BC:6F:70,eduroam,19,1244.905993461609,B2-01,1,5
851,54:F0:B1:BC:6F:72,,24,1244.905993461609,B2-01,1,5
852,54:F0:B1:BC:70:00,eduroam,27,1244.905993461609,B2-01,1,5
853,54:F0:B1:BC:70:02,,29,1244.905993461609,B2-01,1,5
854,54:F0:B1:BC:70:20,eduroam,17,1244.905993461609,B2-01,1,5
855,54:F0:B1:BC:70:21,PoliSemFio,17,1244.905993461609,B2-01,1,5
856,54:F0:B1:BC:70:22,,17,1244.905993461609,B2-01,1,5
857,54:F0:B1:BC:76:C0,eduroam,20,1244.905993461609,B2-01,1,5
858,54:F0:B1:BC:77:80,eduroam,50,1244.905993461609,B2-01,1,5
859,54:F0:B1:BC:77:81,PoliSemFio,59,1244.905993461609,B2-01,1,5
860,54:F0:B1:BC:77:82,,70,1244.905993461609,B2-01,1,5
861,54:F0:B1:BC:77:A0,eduroam,32,1244.905993461609,B2-01,1,5
862,54:F0:B1:BC:77:A1,PoliSemFio,32,1244.905993461609,B2-01,1,5
863,54:F0:B1:BC:77:A2,,49,1244.905993461609,B2-01,1,5
864,54:F0:B1:BC:7C:B0,eduroam,15,1244.905993461609,B2-01,1,5
865,54:F0:B1:BC:7C:B1,PoliSemFio,17,1244.905993461609,B2-01,1,5
866,54:F0:B1:BC:8F:20,eduroam,24,1244.905993461609,B2-01,1,5
867,54:F0:B1:BC:8F:21,PoliSemFio,25,1244.905993461609,B2-01,1,5
868,54:F0:B1:BC:8F:22,_owetm_PoliSemFio_ac058410,25,1244.905993461609,B2-01,1,5
869,68:FF:7B:47:78:BD,C1-22M-5G,17,1244.905993461609,B2-01,1,5
870,68:FF:7B:47:78:BE,C1-22M,82,1244.905993461609,B2-01,1,5
871,70:62:B8:6E:72:A0,PCS-wireless-C1-13,40,1244.905993461609,B2-01,1,5
872,70:62:B8:6E:72:A1,PPGEE,39,1244.905993461609,B2-01,1,5
873,84:D4:7E:06:4F:E0,eduroam,42,1244.905993461609,B2-01,1,5
874,84:D4:7E:06:4F:E1,PoliSemFio,74,1244.905993461609,B2-01,1,5
875,84:D4:7E:06:4F:E2,,74,1244.905993461609,B2-01,1,5
876,84:D4:7E:06:4F:F0,eduroam,34,1244.905993461609,B2-01,1,5
877,84:D4:7E:06:4F:F1,PoliSemFio,34,1244.905993461609,B2-01,1,5
878,B0:48:7A:C4:2F:B4,LTG_Teste,19,1244.905993461609,B2-01,1,5
879,C8:D7:19:D4:36:7E,lcs,20,1244.905993461609,B2-01,1,5
880,DC:9F:DB:1C:1F:E0,LWN-3,25,1244.905993461609,B2-01,1,5
881,DE:9F:DB:1C:1F:E0,LARC Guest,25,1244.905993461609,B2-01,1,5
882,F8:1A:67:99:55:8E,NUCLEAR_CHF,37,1244.905993461609,B2-01,1,5
883,FA:8F:CA:81:87:C7,"Escritório.o,",5,1244.905993461609,B2-01,1,5
884,FE:9F:DB:1C:1F:D7,,19,1244.905993461609,B2-01,1,5
885,FE:9F:DB:1C:1F:E0,,25,1244.905993461609,B2-01,1,5
886,00:18:E7:FF:8C:98,dlink,39,1254.8826189041138,B2-01,1,5
887,00:21:91:70:9D:EC,LAB-DIDATICO,27,1254.8826189041138,B2-01,1,5
888,02:24:A5:BA:CF:02,MyWiFi1600,29,1254.8826189041138,B2-01,1,5
889,2A:56:5A:49:06:54,DIRECT-54-HP M132f LaserJet,15,1254.8826189041138,B2-01,1,5
890,30:85:A9:69:F2:E4,PCS-Wireless-C2-22,49,1254.8826189041138,B2-01,1,5
891,34:60:F9:A3:D9:13,GASWIFI-5G_C2,15,1254.8826189041138,B2-01,1,5
892,34:60:F9:A3:D9:14,GASWIFI-2G_C2,42,1254.8826189041138,B2-01,1,5
893,34:CE:00:51:3E:6F,Lab,45,1254.8826189041138,B2-01,1,5
894,34:CE:00:51:3E:70,Lab_5G,12,1254.8826189041138,B2-01,1,5
895,3A:60:F9:A3:D9:13,,15,1254.8826189041138,B2-01,1,5
896,3A:60:F9:A3:D9:14,,34,1254.8826189041138,B2-01,1,5
897,54:B8:0A:AA:2C:8C,LAB_DIGITAL,40,1254.8826189041138,B2-01,1,5
898,54:B8:0A:AA:2C:8D,PCS-Wireless,44,1254.8826189041138,B2-01,1,5
899,54:B8:0A:AA:2C:8E,LAB_DIGITAL-5GHz,15,1254.8826189041138,B2-01,1,5
900,54:B8:0A:AA:2C:8F,PCS-Wireless-5GHz,15,1254.8826189041138,B2-01,1,5
901,54:F0:B1:A1:18:C0,eduroam,44,1254.8826189041138,B2-01,1,5
902,54:F0:B1:A1:18:C1,PoliSemFio,44,1254.8826189041138,B2-01,1,5
903,54:F0:B1:A1:18:C3,MEZANINO,44,1254.8826189041138,B2-01,1,5
904,54:F0:B1:A1:18:C4,GDLAB,44,1254.8826189041138,B2-01,1,5
905,54:F0:B1:A1:18:C5,LABPAD,44,1254.8826189041138,B2-01,1,5
906,54:F0:B1:A1:18:D0,eduroam,50,1254.8826189041138,B2-01,1,5
907,54:F0:B1:A1:18:D1,PoliSemFio,54,1254.8826189041138,B2-01,1,5
908,54:F0:B1:A1:18:D2,,54,1254.8826189041138,B2-01,1,5
909,54:F0:B1:A1:18:D3,MEZANINO,50,1254.8826189041138,B2-01,1,5
910,54:F0:B1:A1:18:D4,GDLAB,54,1254.8826189041138,B2-01,1,5
911,54:F0:B1:A1:18:D5,LABPAD,54,1254.8826189041138,B2-01,1,5
912,54:F0:B1:A1:57:F0,eduroam,17,1254.8826189041138,B2-01,1,5
913,54:F0:B1:A1:57:F1,PoliSemFio,17,1254.8826189041138,B2-01,1,5
914,54:F0:B1:A1:57:F2,,19,1254.8826189041138,B2-01,1,5
915,54:F0:B1:A1:58:00,eduroam,32,1254.8826189041138,B2-01,1,5
916,54:F0:B1:A1:58:01,PoliSemFio,29,1254.8826189041138,B2-01,1,5
917,54:F0:B1:A1:58:02,,27,1254.8826189041138,B2-01,1,5
918,54:F0:B1:A1:E4:F0,eduroam,24,1254.8826189041138,B2-01,1,5
919,54:F0:B1:A1:E4:F1,PoliSemFio,22,1254.8826189041138,B2-01,1,5
920,54:F0:B1:A1:E5:00,eduroam,37,1254.8826189041138,B2-01,1,5
921,54:F0:B1:A1:E5:01,PoliSemFio,35,1254.8826189041138,B2-01,1,5
922,54:F0:B1:A1:E5:02,,35,1254.8826189041138,B2-01,1,5
923,54:F0:B1:A2:37:E0,eduroam,22,1254.8826189041138,B2-01,1,5
924,54:F0:B1:A2:37:E1,PoliSemFio,25,1254.8826189041138,B2-01,1,5
925,54:F0:B1:A2:37:E2,,20,1254.8826189041138,B2-01,1,5
926,54:F0:B1:A2:57:20,eduroam,24,1254.8826189041138,B2-01,1,5
927,54:F0:B1:A2:57:21,PoliSemFio,24,1254.8826189041138,B2-01,1,5
928,54:F0:B1:A2:57:22,,25,1254.8826189041138,B2-01,1,5
929,54:F0:B1:A2:57:23,LCA,24,1254.8826189041138,B2-01,1,5
930,54:F0:B1:A2:57:30,eduroam,39,1254.8826189041138,B2-01,1,5
931,54:F0:B1:A2:57:31,PoliSemFio,40,1254.8826189041138,B2-01,1,5
932,54:F0:B1:A2:57:32,,39,1254.8826189041138,B2-01,1,5
933,54:F0:B1:A2:57:33,LCA,34,1254.8826189041138,B2-01,1,5
934,54:F0:B1:BB:5A:82,HACKER,27,1254.8826189041138,B2-01,1,5
935,54:F0:B1:BB:5A:83,LEP,20,1254.8826189041138,B2-01,1,5
936,54:F0:B1:BB:7E:E0,eduroam,19,1254.8826189041138,B2-01,1,5
937,54:F0:B1:BB:84:B0,eduroam,34,1254.8826189041138,B2-01,1,5
938,54:F0:B1:BB:84:D0,eduroam,14,1254.8826189041138,B2-01,1,5
939,54:F0:B1:BB:84:D1,PoliSemFio,12,1254.8826189041138,B2-01,1,5
940,54:F0:B1:BB:92:E0,eduroam,22,1254.8826189041138,B2-01,1,5
941,54:F0:B1:BB:92:E1,PoliSemFio,22,1254.8826189041138,B2-01,1,5
942,54:F0:B1:BB:BE:12,,22,1254.8826189041138,B2-01,1,5
943,54:F0:B1:BB:BE:13,CAEEL,15,1254.8826189041138,B2-01,1,5
944,54:F0:B1:BB:C4:D0,eduroam,55,1254.8826189041138,B2-01,1,5
945,54:F0:B1:BB:C4:D1,PoliSemFio,44,1254.8826189041138,B2-01,1,5
946,54:F0:B1:BB:C4:D2,,29,1254.8826189041138,B2-01,1,5
947,54:F0:B1:BB:C4:F0,eduroam,32,1254.8826189041138,B2-01,1,5
948,54:F0:B1:BB:C4:F1,PoliSemFio,30,1254.8826189041138,B2-01,1,5
949,54:F0:B1:BB:C4:F2,,17,1254.8826189041138,B2-01,1,5
950,54:F0:B1:BB:C5:C0,eduroam,25,1254.8826189041138,B2-01,1,5
951,54:F0:B1:BB:C5:C3,MEZANINO,34,1254.8826189041138,B2-01,1,5
952,54:F0:B1:BB:C5:E3,MEZANINO,9,1254.8826189041138,B2-01,1,5
953,54:F0:B1:BB:CC:E0,B209,19,1254.8826189041138,B2-01,1,5
954,54:F0:B1:BB:F3:20,eduroam,24,1254.8826189041138,B2-01,1,5
955,54:F0:B1:BB:F3:21,PoliSemFio,25,1254.8826189041138,B2-01,1,5
956,54:F0:B1:BB:F3:22,,25,1254.8826189041138,B2-01,1,5
957,54:F0:B1:BB:F3:40,eduroam,9,1254.8826189041138,B2-01,1,5
958,54:F0:B1:BB:FD:D0,eduroam,7,1254.8826189041138,B2-01,1,5
959,54:F0:B1:BB:FD:D1,PoliSemFio,27,1254.8826189041138,B2-01,1,5
960,54:F0:B1:BB:FD:D2,,29,1254.8826189041138,B2-01,1,5
961,54:F0:B1:BC:09:40,eduroam,69,1254.8826189041138,B2-01,1,5
962,54:F0:B1:BC:09:41,PoliSemFio,89,1254.8826189041138,B2-01,1,5
963,54:F0:B1:BC:09:42,,74,1254.8826189041138,B2-01,1,5
964,54:F0:B1:BC:09:60,eduroam,45,1254.8826189041138,B2-01,1,5
965,54:F0:B1:BC:09:61,PoliSemFio,45,1254.8826189041138,B2-01,1,5
966,54:F0:B1:BC:0F:D2,,25,1254.8826189041138,B2-01,1,5
967,54:F0:B1:BC:1B:D2,,44,1254.8826189041138,B2-01,1,5
968,54:F0:B1:BC:2E:90,eduroam,70,1254.8826189041138,B2-01,1,5
969,54:F0:B1:BC:2E:91,PoliSemFio,55,1254.8826189041138,B2-01,1,5
970,54:F0:B1:BC:2E:92,,54,1254.8826189041138,B2-01,1,5
971,54:F0:B1:BC:2E:B0,eduroam,15,1254.8826189041138,B2-01,1,5
972,54:F0:B1:BC:2E:B1,PoliSemFio,15,1254.8826189041138,B2-01,1,5
973,54:F0:B1:BC:36:10,PoliSemFio,34,1254.8826189041138,B2-01,1,5
974,54:F0:B1:BC:36:11,eduroam,32,1254.8826189041138,B2-01,1,5
975,54:F0:B1:BC:65:B0,eduroam,25,1254.8826189041138,B2-01,1,5
976,54:F0:B1:BC:65:B2,,32,1254.8826189041138,B2-01,1,5
977,54:F0:B1:BC:65:D0,eduroam,15,1254.8826189041138,B2-01,1,5
978,54:F0:B1:BC:65:D1,PoliSemFio,15,1254.8826189041138,B2-01,1,5
979,54:F0:B1:BC:65:D2,,17,1254.8826189041138,B2-01,1,5
980,54:F0:B1:BC:6B:50,eduroam,27,1254.8826189041138,B2-01,1,5
981,54:F0:B1:BC:6B:51,PoliSemFio,27,1254.8826189041138,B2-01,1,5
982,54:F0:B1:BC:6B:52,,27,1254.8826189041138,B2-01,1,5
983,54:F0:B1:BC:6F:70,eduroam,19,1254.8826189041138,B2-01,1,5
984,54:F0:B1:BC:6F:71,PoliSemFio,20,1254.8826189041138,B2-01,1,5
985,54:F0:B1:BC:6F:72,,24,1254.8826189041138,B2-01,1,5
986,54:F0:B1:BC:70:00,eduroam,27,1254.8826189041138,B2-01,1,5
987,54:F0:B1:BC:70:01,PoliSemFio,40,1254.8826189041138,B2-01,1,5
988,54:F0:B1:BC:70:02,,29,1254.8826189041138,B2-01,1,5
989,54:F0:B1:BC:70:20,eduroam,14,1254.8826189041138,B2-01,1,5
990,54:F0:B1:BC:70:21,PoliSemFio,15,1254.8826189041138,B2-01,1,5
991,54:F0:B1:BC:76:C0,eduroam,20,1254.8826189041138,B2-01,1,5
992,54:F0:B1:BC:77:80,eduroam,50,1254.8826189041138,B2-01,1,5
993,54:F0:B1:BC:77:81,PoliSemFio,59,1254.8826189041138,B2-01,1,5
994,54:F0:B1:BC:77:82,,59,1254.8826189041138,B2-01,1,5
995,54:F0:B1:BC:77:A0,eduroam,47,1254.8826189041138,B2-01,1,5
996,54:F0:B1:BC:77:A1,PoliSemFio,47,1254.8826189041138,B2-01,1,5
997,54:F0:B1:BC:77:A2,,32,1254.8826189041138,B2-01,1,5
998,54:F0:B1:BC:7C:B0,eduroam,15,1254.8826189041138,B2-01,1,5
999,54:F0:B1:BC:7C:B1,PoliSemFio,17,1254.8826189041138,B2-01,1,5
1000,54:F0:B1:BC:8F:20,eduroam,24,1254.8826189041138,B2-01,1,5
1001,54:F0:B1:BC:8F:21,PoliSemFio,25,1254.8826189041138,B2-01,1,5
1002,54:F0:B1:BC:8F:22,,25,1254.8826189041138,B2-01,1,5
1003,68:FF:7B:47:78:BD,C1-22M-5G,22,1254.8826189041138,B2-01,1,5
1004,68:FF:7B:47:78:BE,C1-22M,54,1254.8826189041138,B2-01,1,5
1005,70:62:B8:6E:72:A0,PCS-wireless-C1-13,54,1254.8826189041138,B2-01,1,5
1006,70:62:B8:6E:72:A1,PPGEE,57,1254.8826189041138,B2-01,1,5
1007,84:D4:7E:06:4F:E0,eduroam,42,1254.8826189041138,B2-01,1,5
1008,84:D4:7E:06:4F:E1,PoliSemFio,80,1254.8826189041138,B2-01,1,5
1009,84:D4:7E:06:4F:E2,,82,1254.8826189041138,B2-01,1,5
1010,84:D4:7E:06:4F:F0,eduroam,54,1254.8826189041138,B2-01,1,5
1011,84:D4:7E:06:4F:F1,PoliSemFio,52,1254.8826189041138,B2-01,1,5
1012,C8:D7:19:D4:36:7E,lcs,20,1254.8826189041138,B2-01,1,5
1013,DC:9F:DB:1C:1F:E0,LWN-3,25,1254.8826189041138,B2-01,1,5
1014,DE:9F:DB:1C:1F:E0,LARC Guest,25,1254.8826189041138,B2-01,1,5
1015,F8:1A:67:99:55:8E,NUCLEAR_CHF,37,1254.8826189041138,B2-01,1,5
1016,FE:9F:DB:1C:1F:D7,,19,1254.8826189041138,B2-01,1,5
1017,FE:9F:DB:1C:1F:E0,,25,1254.8826189041138,B2-01,1,5
1018,00:18:E7:FF:8C:98,dlink,39,1257.513426542282,B2-01,1,5
1019,00:21:91:70:9D:EC,LAB-DIDATICO,27,1257.513426542282,B2-01,1,5
1020,02:24:A5:BA:CF:02,MyWiFi1600,29,1257.513426542282,B2-01,1,5
1021,2A:56:5A:49:06:54,DIRECT-54-HP M132f LaserJet,15,1257.513426542282,B2-01,1,5
1022,30:85:A9:69:F2:E4,PCS-Wireless-C2-22,49,1257.513426542282,B2-01,1,5
1023,34:60:F9:A3:D9:13,GASWIFI-5G_C2,15,1257.513426542282,B2-01,1,5
1024,34:60:F9:A3:D9:14,GASWIFI-2G_C2,42,1257.513426542282,B2-01,1,5
1025,34:CE:00:51:3E:6F,Lab,45,1257.513426542282,B2-01,1,5
1026,34:CE:00:51:3E:70,Lab_5G,12,1257.513426542282,B2-01,1,5
1027,3A:60:F9:A3:D9:13,,15,1257.513426542282,B2-01,1,5
1028,3A:60:F9:A3:D9:14,,34,1257.513426542282,B2-01,1,5
1029,54:B8:0A:AA:2C:8C,LAB_DIGITAL,40,1257.513426542282,B2-01,1,5
1030,54:B8:0A:AA:2C:8D,PCS-Wireless,44,1257.513426542282,B2-01,1,5
1031,54:B8:0A:AA:2C:8E,LAB_DIGITAL-5GHz,15,1257.513426542282,B2-01,1,5
1032,54:B8:0A:AA:2C:8F,PCS-Wireless-5GHz,15,1257.513426542282,B2-01,1,5
1033,54:F0:B1:A1:18:C0,eduroam,44,1257.513426542282,B2-01,1,5
1034,54:F0:B1:A1:18:C1,PoliSemFio,44,1257.513426542282,B2-01,1,5
1035,54:F0:B1:A1:18:C3,MEZANINO,44,1257.513426542282,B2-01,1,5
1036,54:F0:B1:A1:18:C4,GDLAB,44,1257.513426542282,B2-01,1,5
1037,54:F0:B1:A1:18:C5,LABPAD,44,1257.513426542282,B2-01,1,5
1038,54:F0:B1:A1:18:D0,eduroam,50,1257.513426542282,B2-01,1,5
1039,54:F0:B1:A1:18:D1,PoliSemFio,54,1257.513426542282,B2-01,1,5
1040,54:F0:B1:A1:18:D2,,54,1257.513426542282,B2-01,1,5
1041,54:F0:B1:A1:18:D3,MEZANINO,50,1257.513426542282,B2-01,1,5
1042,54:F0:B1:A1:18:D4,GDLAB,54,1257.513426542282,B2-01,1,5
1043,54:F0:B1:A1:18:D5,LABPAD,54,1257.513426542282,B2-01,1,5
1044,54:F0:B1:A1:57:F0,eduroam,17,1257.513426542282,B2-01,1,5
1045,54:F0:B1:A1:57:F1,PoliSemFio,17,1257.513426542282,B2-01,1,5
1046,54:F0:B1:A1:57:F2,,19,1257.513426542282,B2-01,1,5
1047,54:F0:B1:A1:58:00,eduroam,32,1257.513426542282,B2-01,1,5
1048,54:F0:B1:A1:58:01,PoliSemFio,29,1257.513426542282,B2-01,1,5
1049,54:F0:B1:A1:58:02,,27,1257.513426542282,B2-01,1,5
1050,54:F0:B1:A1:E4:F0,eduroam,24,1257.513426542282,B2-01,1,5
1051,54:F0:B1:A1:E4:F1,PoliSemFio,22,1257.513426542282,B2-01,1,5
1052,54:F0:B1:A1:E5:00,eduroam,37,1257.513426542282,B2-01,1,5
1053,54:F0:B1:A1:E5:01,PoliSemFio,35,1257.513426542282,B2-01,1,5
1054,54:F0:B1:A1:E5:02,,35,1257.513426542282,B2-01,1,5
1055,54:F0:B1:A2:37:E0,eduroam,22,1257.513426542282,B2-01,1,5
1056,54:F0:B1:A2:37:E1,PoliSemFio,25,1257.513426542282,B2-01,1,5
1057,54:F0:B1:A2:37:E2,,20,1257.513426542282,B2-01,1,5
1058,54:F0:B1:A2:57:20,eduroam,24,1257.513426542282,B2-01,1,5
1059,54:F0:B1:A2:57:21,PoliSemFio,24,1257.513426542282,B2-01,1,5
1060,54:F0:B1:A2:57:22,,25,1257.513426542282,B2-01,1,5
1061,54:F0:B1:A2:57:23,LCA,24,1257.513426542282,B2-01,1,5
1062,54:F0:B1:A2:57:30,eduroam,39,1257.513426542282,B2-01,1,5
1063,54:F0:B1:A2:57:31,PoliSemFio,40,1257.513426542282,B2-01,1,5
1064,54:F0:B1:A2:57:32,,39,1257.513426542282,B2-01,1,5
1065,54:F0:B1:A2:57:33,LCA,34,1257.513426542282,B2-01,1,5
1066,54:F0:B1:BB:5A:82,HACKER,27,1257.513426542282,B2-01,1,5
1067,54:F0:B1:BB:5A:83,LEP,20,1257.513426542282,B2-01,1,5
1068,54:F0:B1:BB:7E:E0,eduroam,19,1257.513426542282,B2-01,1,5
1069,54:F0:B1:BB:84:B0,eduroam,34,1257.513426542282,B2-01,1,5
1070,54:F0:B1:BB:84:D0,eduroam,14,1257.513426542282,B2-01,1,5
1071,54:F0:B1:BB:84:D1,PoliSemFio,12,1257.513426542282,B2-01,1,5
1072,54:F0:B1:BB:92:E0,eduroam,22,1257.513426542282,B2-01,1,5
1073,54:F0:B1:BB:92:E1,PoliSemFio,22,1257.513426542282,B2-01,1,5
1074,54:F0:B1:BB:BE:12,,22,1257.513426542282,B2-01,1,5
1075,54:F0:B1:BB:BE:13,CAEEL,15,1257.513426542282,B2-01,1,5
1076,54:F0:B1:BB:C4:D0,eduroam,55,1257.513426542282,B2-01,1,5
1077,54:F0:B1:BB:C4:D1,PoliSemFio,44,1257.513426542282,B2-01,1,5
1078,54:F0:B1:BB:C4:D2,,29,1257.513426542282,B2-01,1,5
1079,54:F0:B1:BB:C4:F0,eduroam,32,1257.513426542282,B2-01,1,5
1080,54:F0:B1:BB:C4:F1,PoliSemFio,30,1257.513426542282,B2-01,1,5
1081,54:F0:B1:BB:C4:F2,,17,1257.513426542282,B2-01,1,5
1082,54:F0:B1:BB:C5:C0,eduroam,25,1257.513426542282,B2-01,1,5
1083,54:F0:B1:BB:C5:C3,MEZANINO,34,1257.513426542282,B2-01,1,5
1084,54:F0:B1:BB:C5:E3,MEZANINO,9,1257.513426542282,B2-01,1,5
1085,54:F0:B1:BB:CC:E0,B209,19,1257.513426542282,B2-01,1,5
1086,54:F0:B1:BB:F3:20,eduroam,24,1257.513426542282,B2-01,1,5
1087,54:F0:B1:BB:F3:21,PoliSemFio,25,1257.513426542282,B2-01,1,5
1088,54:F0:B1:BB:F3:22,,25,1257.513426542282,B2-01,1,5
1089,54:F0:B1:BB:F3:40,eduroam,9,1257.513426542282,B2-01,1,5
1090,54:F0:B1:BB:FD:D0,eduroam,7,1257.513426542282,B2-01,1,5
1091,54:F0:B1:BB:FD:D1,PoliSemFio,27,1257.513426542282,B2-01,1,5
1092,54:F0:B1:BB:FD:D2,,29,1257.513426542282,B2-01,1,5
1093,54:F0:B1:BC:09:40,eduroam,69,1257.513426542282,B2-01,1,5
1094,54:F0:B1:BC:09:41,PoliSemFio,89,1257.513426542282,B2-01,1,5
1095,54:F0:B1:BC:09:42,,74,1257.513426542282,B2-01,1,5
1096,54:F0:B1:BC:09:60,eduroam,58,1257.513426542282,B2-01,1,5
1097,54:F0:B1:BC:09:61,PoliSemFio,45,1257.513426542282,B2-01,1,5
1098,54:F0:B1:BC:0F:D2,,25,1257.513426542282,B2-01,1,5
1099,54:F0:B1:BC:1B:D2,,44,1257.513426542282,B2-01,1,5
1100,54:F0:B1:BC:2E:90,eduroam,70,1257.513426542282,B2-01,1,5
1101,54:F0:B1:BC:2E:91,PoliSemFio,55,1257.513426542282,B2-01,1,5
1102,54:F0:B1:BC:2E:92,,54,1257.513426542282,B2-01,1,5
1103,54:F0:B1:BC:2E:B0,eduroam,15,1257.513426542282,B2-01,1,5
1104,54:F0:B1:BC:2E:B1,PoliSemFio,15,1257.513426542282,B2-01,1,5
1105,54:F0:B1:BC:36:10,PoliSemFio,34,1257.513426542282,B2-01,1,5
1106,54:F0:B1:BC:36:11,eduroam,32,1257.513426542282,B2-01,1,5
1107,54:F0:B1:BC:65:B0,eduroam,25,1257.513426542282,B2-01,1,5
1108,54:F0:B1:BC:65:B2,,32,1257.513426542282,B2-01,1,5
1109,54:F0:B1:BC:65:D0,eduroam,15,1257.513426542282,B2-01,1,5
1110,54:F0:B1:BC:65:D1,PoliSemFio,15,1257.513426542282,B2-01,1,5
1111,54:F0:B1:BC:65:D2,,17,1257.513426542282,B2-01,1,5
1112,54:F0:B1:BC:6B:50,eduroam,27,1257.513426542282,B2-01,1,5
1113,54:F0:B1:BC:6B:51,PoliSemFio,27,1257.513426542282,B2-01,1,5
1114,54:F0:B1:BC:6B:52,,27,1257.513426542282,B2-01,1,5
1115,54:F0:B1:BC:6F:70,eduroam,19,1257.513426542282,B2-01,1,5
1116,54:F0:B1:BC:6F:71,PoliSemFio,20,1257.513426542282,B2-01,1,5
1117,54:F0:B1:BC:6F:72,,24,1257.513426542282,B2-01,1,5
1118,54:F0:B1:BC:70:00,eduroam,27,1257.513426542282,B2-01,1,5
1119,54:F0:B1:BC:70:01,PoliSemFio,40,1257.513426542282,B2-01,1,5
1120,54:F0:B1:BC:70:02,,29,1257.513426542282,B2-01,1,5
1121,54:F0:B1:BC:70:20,eduroam,14,1257.513426542282,B2-01,1,5
1122,54:F0:B1:BC:70:21,PoliSemFio,15,1257.513426542282,B2-01,1,5
1123,54:F0:B1:BC:76:C0,eduroam,20,1257.513426542282,B2-01,1,5
1124,54:F0:B1:BC:77:80,eduroam,50,1257.513426542282,B2-01,1,5
1125,54:F0:B1:BC:77:81,PoliSemFio,59,1257.513426542282,B2-01,1,5
1126,54:F0:B1:BC:77:82,,59,1257.513426542282,B2-01,1,5
1127,54:F0:B1:BC:77:A0,eduroam,47,1257.513426542282,B2-01,1,5
1128,54:F0:B1:BC:77:A1,PoliSemFio,47,1257.513426542282,B2-01,1,5
1129,54:F0:B1:BC:77:A2,,32,1257.513426542282,B2-01,1,5
1130,54:F0:B1:BC:7C:B0,eduroam,15,1257.513426542282,B2-01,1,5
1131,54:F0:B1:BC:7C:B1,PoliSemFio,17,1257.513426542282,B2-01,1,5
1132,54:F0:B1:BC:8F:20,eduroam,24,1257.513426542282,B2-01,1,5
1133,54:F0:B1:BC:8F:21,PoliSemFio,25,1257.513426542282,B2-01,1,5
1134,54:F0:B1:BC:8F:22,,25,1257.513426542282,B2-01,1,5
1135,68:FF:7B:47:78:BD,C1-22M-5G,22,1257.513426542282,B2-01,1,5
1136,68:FF:7B:47:78:BE,C1-22M,54,1257.513426542282,B2-01,1,5
1137,70:62:B8:6E:72:A0,PCS-wireless-C1-13,54,1257.513426542282,B2-01,1,5
1138,70:62:B8:6E:72:A1,PPGEE,57,1257.513426542282,B2-01,1,5
1139,84:D4:7E:06:4F:E0,eduroam,42,1257.513426542282,B2-01,1,5
1140,84:D4:7E:06:4F:E1,PoliSemFio,80,1257.513426542282,B2-01,1,5
1141,84:D4:7E:06:4F:E2,,82,1257.513426542282,B2-01,1,5
1142,84:D4:7E:06:4F:F0,eduroam,54,1257.513426542282,B2-01,1,5
1143,84:D4:7E:06:4F:F1,PoliSemFio,52,1257.513426542282,B2-01,1,5
1144,C8:D7:19:D4:36:7E,lcs,20,1257.513426542282,B2-01,1,5
1145,DC:9F:DB:1C:1F:E0,LWN-3,25,1257.513426542282,B2-01,1,5
1146,DE:9F:DB:1C:1F:E0,LARC Guest,25,1257.513426542282,B2-01,1,5
1147,F8:1A:67:99:55:8E,NUCLEAR_CHF,37,1257.513426542282,B2-01,1,5
1148,FE:9F:DB:1C:1F:D7,,19,1257.513426542282,B2-01,1,5
1149,FE:9F:DB:1C:1F:E0,,25,1257.513426542282,B2-01,1,5
1150,00:18:E7:FF:8C:98,dlink,27,1260.153617143631,B2-01,1,5
1151,00:21:91:70:9D:EC,LAB-DIDATICO,27,1260.153617143631,B2-01,1,5
1152,02:24:A5:BA:CF:02,MyWiFi1600,29,1260.153617143631,B2-01,1,5
1153,2A:56:5A:49:06:54,DIRECT-54-HP M132f LaserJet,15,1260.153617143631,B2-01,1,5
1154,30:85:A9:69:F2:E4,PCS-Wireless-C2-22,49,1260.153617143631,B2-01,1,5
1155,34:60:F9:A3:D9:13,GASWIFI-5G_C2,15,1260.153617143631,B2-01,1,5
1156,34:60:F9:A3:D9:14,GASWIFI-2G_C2,25,1260.153617143631,B2-01,1,5
1157,34:CE:00:51:3E:6F,Lab,42,1260.153617143631,B2-01,1,5
1158,34:CE:00:51:3E:70,Lab_5G,7,1260.153617143631,B2-01,1,5
1159,3A:60:F9:A3:D9:13,,15,1260.153617143631,B2-01,1,5
1160,3A:60:F9:A3:D9:14,,34,1260.153617143631,B2-01,1,5
1161,54:B8:0A:AA:2C:8C,LAB_DIGITAL,30,1260.153617143631,B2-01,1,5
1162,54:B8:0A:AA:2C:8D,PCS-Wireless,29,1260.153617143631,B2-01,1,5
1163,54:B8:0A:AA:2C:8E,LAB_DIGITAL-5GHz,15,1260.153617143631,B2-01,1,5
1164,54:B8:0A:AA:2C:8F,PCS-Wireless-5GHz,15,1260.153617143631,B2-01,1,5
1165,54:F0:B1:A1:18:C0,eduroam,34,1260.153617143631,B2-01,1,5
1166,54:F0:B1:A1:18:C1,PoliSemFio,35,1260.153617143631,B2-01,1,5
1167,54:F0:B1:A1:18:C3,MEZANINO,34,1260.153617143631,B2-01,1,5
1168,54:F0:B1:A1:18:C4,GDLAB,34,1260.153617143631,B2-01,1,5
1169,54:F0:B1:A1:18:C5,LABPAD,34,1260.153617143631,B2-01,1,5
1170,54:F0:B1:A1:18:D0,eduroam,50,1260.153617143631,B2-01,1,5
1171,54:F0:B1:A1:18:D1,PoliSemFio,54,1260.153617143631,B2-01,1,5
1172,54:F0:B1:A1:18:D2,,44,1260.153617143631,B2-01,1,5
1173,54:F0:B1:A1:18:D3,MEZANINO,47,1260.153617143631,B2-01,1,5
1174,54:F0:B1:A1:18:D4,GDLAB,49,1260.153617143631,B2-01,1,5
1175,54:F0:B1:A1:18:D5,LABPAD,54,1260.153617143631,B2-01,1,5
1176,54:F0:B1:A1:57:F0,eduroam,17,1260.153617143631,B2-01,1,5
1177,54:F0:B1:A1:57:F1,PoliSemFio,17,1260.153617143631,B2-01,1,5
1178,54:F0:B1:A1:57:F2,,19,1260.153617143631,B2-01,1,5
1179,54:F0:B1:A1:58:00,eduroam,25,1260.153617143631,B2-01,1,5
1180,54:F0:B1:A1:58:01,PoliSemFio,27,1260.153617143631,B2-01,1,5
1181,54:F0:B1:A1:58:02,,27,1260.153617143631,B2-01,1,5
1182,54:F0:B1:A1:E4:F0,eduroam,24,1260.153617143631,B2-01,1,5
1183,54:F0:B1:A1:E4:F1,PoliSemFio,22,1260.153617143631,B2-01,1,5
1184,54:F0:B1:A1:E5:00,eduroam,22,1260.153617143631,B2-01,1,5
1185,54:F0:B1:A1:E5:01,PoliSemFio,35,1260.153617143631,B2-01,1,5
1186,54:F0:B1:A1:E5:02,,35,1260.153617143631,B2-01,1,5
1187,54:F0:B1:A2:37:E0,eduroam,22,1260.153617143631,B2-01,1,5
1188,54:F0:B1:A2:37:E1,PoliSemFio,25,1260.153617143631,B2-01,1,5
1189,54:F0:B1:A2:37:E2,,20,1260.153617143631,B2-01,1,5
1190,54:F0:B1:A2:57:20,eduroam,19,1260.153617143631,B2-01,1,5
1191,54:F0:B1:A2:57:21,PoliSemFio,12,1260.153617143631,B2-01,1,5
1192,54:F0:B1:A2:57:22,,25,1260.153617143631,B2-01,1,5
1193,54:F0:B1:A2:57:23,LCA,15,1260.153617143631,B2-01,1,5
1194,54:F0:B1:A2:57:30,eduroam,39,1260.153617143631,B2-01,1,5
1195,54:F0:B1:A2:57:31,PoliSemFio,40,1260.153617143631,B2-01,1,5
1196,54:F0:B1:A2:57:32,,40,1260.153617143631,B2-01,1,5
1197,54:F0:B1:A2:57:33,LCA,34,1260.153617143631,B2-01,1,5
1198,54:F0:B1:BB:5A:82,HACKER,27,1260.153617143631,B2-01,1,5
1199,54:F0:B1:BB:5A:83,LEP,20,1260.153617143631,B2-01,1,5
1200,54:F0:B1:BB:7E:E0,eduroam,19,1260.153617143631,B2-01,1,5
1201,54:F0:B1:BB:84:B0,eduroam,34,1260.153617143631,B2-01,1,5
1202,54:F0:B1:BB:84:D0,eduroam,14,1260.153617143631,B2-01,1,5
1203,54:F0:B1:BB:84:D1,PoliSemFio,12,1260.153617143631,B2-01,1,5
1204,54:F0:B1:BB:92:E0,eduroam,22,1260.153617143631,B2-01,1,5
1205,54:F0:B1:BB:92:E1,PoliSemFio,22,1260.153617143631,B2-01,1,5
1206,54:F0:B1:BB:BE:12,,22,1260.153617143631,B2-01,1,5
1207,54:F0:B1:BB:BE:13,CAEEL,15,1260.153617143631,B2-01,1,5
1208,54:F0:B1:BB:C4:D0,eduroam,37,1260.153617143631,B2-01,1,5
1209,54:F0:B1:BB:C4:D1,PoliSemFio,52,1260.153617143631,B2-01,1,5
1210,54:F0:B1:BB:C4:D2,,29,1260.153617143631,B2-01,1,5
1211,54:F0:B1:BB:C4:F0,eduroam,24,1260.153617143631,B2-01,1,5
1212,54:F0:B1:BB:C4:F1,PoliSemFio,25,1260.153617143631,B2-01,1,5
1213,54:F0:B1:BB:C4:F2,,17,1260.153617143631,B2-01,1,5
1214,54:F0:B1:BB:C5:C0,eduroam,25,1260.153617143631,B2-01,1,5
1215,54:F0:B1:BB:C5:C3,MEZANINO,34,1260.153617143631,B2-01,1,5
1216,54:F0:B1:BB:C5:E3,MEZANINO,9,1260.153617143631,B2-01,1,5
1217,54:F0:B1:BB:CC:E0,B209,27,1260.153617143631,B2-01,1,5
1218,54:F0:B1:BB:F3:20,eduroam,25,1260.153617143631,B2-01,1,5
1219,54:F0:B1:BB:F3:21,PoliSemFio,25,1260.153617143631,B2-01,1,5
1220,54:F0:B1:BB:F3:22,,25,1260.153617143631,B2-01,1,5
1221,54:F0:B1:BB:F3:40,eduroam,9,1260.153617143631,B2-01,1,5
1222,54:F0:B1:BB:FD:D0,eduroam,7,1260.153617143631,B2-01,1,5
1223,54:F0:B1:BB:FD:D1,PoliSemFio,27,1260.153617143631,B2-01,1,5
1224,54:F0:B1:BB:FD:D2,,29,1260.153617143631,B2-01,1,5
1225,54:F0:B1:BC:09:40,eduroam,77,1260.153617143631,B2-01,1,5
1226,54:F0:B1:BC:09:41,PoliSemFio,80,1260.153617143631,B2-01,1,5
1227,54:F0:B1:BC:09:42,,80,1260.153617143631,B2-01,1,5
1228,54:F0:B1:BC:09:60,eduroam,52,1260.153617143631,B2-01,1,5
1229,54:F0:B1:BC:09:61,PoliSemFio,52,1260.153617143631,B2-01,1,5
1230,54:F0:B1:BC:0F:D2,,25,1260.153617143631,B2-01,1,5
1231,54:F0:B1:BC:1B:D2,,42,1260.153617143631,B2-01,1,5
1232,54:F0:B1:BC:2E:90,eduroam,70,1260.153617143631,B2-01,1,5
1233,54:F0:B1:BC:2E:91,PoliSemFio,55,1260.153617143631,B2-01,1,5
1234,54:F0:B1:BC:2E:92,,49,1260.153617143631,B2-01,1,5
1235,54:F0:B1:BC:2E:B0,eduroam,17,1260.153617143631,B2-01,1,5
1236,54:F0:B1:BC:2E:B1,PoliSemFio,17,1260.153617143631,B2-01,1,5
1237,54:F0:B1:BC:36:10,PoliSemFio,34,1260.153617143631,B2-01,1,5
1238,54:F0:B1:BC:36:11,eduroam,32,1260.153617143631,B2-01,1,5
1239,54:F0:B1:BC:65:B0,eduroam,25,1260.153617143631,B2-01,1,5
1240,54:F0:B1:BC:65:B2,,32,1260.153617143631,B2-01,1,5
1241,54:F0:B1:BC:65:D0,eduroam,15,1260.153617143631,B2-01,1,5
1242,54:F0:B1:BC:65:D1,PoliSemFio,15,1260.153617143631,B2-01,1,5
1243,54:F0:B1:BC:65:D2,,17,1260.153617143631,B2-01,1,5
1244,54:F0:B1:BC:6B:50,eduroam,27,1260.153617143631,B2-01,1,5
1245,54:F0:B1:BC:6B:51,PoliSemFio,27,1260.153617143631,B2-01,1,5
1246,54:F0:B1:BC:6B:52,,27,1260.153617143631,B2-01,1,5
1247,54:F0:B1:BC:6F:70,eduroam,19,1260.153617143631,B2-01,1,5
1248,54:F0:B1:BC:6F:71,PoliSemFio,20,1260.153617143631,B2-01,1,5
1249,54:F0:B1:BC:6F:72,,24,1260.153617143631,B2-01,1,5
1250,54:F0:B1:BC:70:00,eduroam,40,1260.153617143631,B2-01,1,5
1251,54:F0:B1:BC:70:01,PoliSemFio,37,1260.153617143631,B2-01,1,5
1252,54:F0:B1:BC:70:02,,37,1260.153617143631,B2-01,1,5
1253,54:F0:B1:BC:70:20,eduroam,12,1260.153617143631,B2-01,1,5
1254,54:F0:B1:BC:70:21,PoliSemFio,14,1260.153617143631,B2-01,1,5
1255,54:F0:B1:BC:76:C0,eduroam,20,1260.153617143631,B2-01,1,5
1256,54:F0:B1:BC:77:80,eduroam,50,1260.153617143631,B2-01,1,5
1257,54:F0:B1:BC:77:81,PoliSemFio,54,1260.153617143631,B2-01,1,5
1258,54:F0:B1:BC:77:82,,54,1260.153617143631,B2-01,1,5
1259,54:F0:B1:BC:77:A0,eduroam,39,1260.153617143631,B2-01,1,5
1260,54:F0:B1:BC:77:A1,PoliSemFio,37,1260.153617143631,B2-01,1,5
1261,54:F0:B1:BC:77:A2,,32,1260.153617143631,B2-01,1,5
1262,54:F0:B1:BC:7C:B0,eduroam,15,1260.153617143631,B2-01,1,5
1263,54:F0:B1:BC:7C:B1,PoliSemFio,17,1260.153617143631,B2-01,1,5
1264,54:F0:B1:BC:8F:20,eduroam,24,1260.153617143631,B2-01,1,5
1265,54:F0:B1:BC:8F:21,PoliSemFio,25,1260.153617143631,B2-01,1,5
1266,54:F0:B1:BC:8F:22,,25,1260.153617143631,B2-01,1,5
1267,68:FF:7B:47:78:BD,C1-22M-5G,27,1260.153617143631,B2-01,1,5
1268,68:FF:7B:47:78:BE,C1-22M,57,1260.153617143631,B2-01,1,5
1269,70:62:B8:6E:72:A0,PCS-wireless-C1-13,42,1260.153617143631,B2-01,1,5
1270,70:62:B8:6E:72:A1,PPGEE,37,1260.153617143631,B2-01,1,5
1271,84:D4:7E:06:4F:E0,eduroam,60,1260.153617143631,B2-01,1,5
1272,84:D4:7E:06:4F:E1,PoliSemFio,64,1260.153617143631,B2-01,1,5
1273,84:D4:7E:06:4F:E2,,64,1260.153617143631,B2-01,1,5
1274,84:D4:7E:06:4F:F0,eduroam,40,1260.153617143631,B2-01,1,5
1275,84:D4:7E:06:4F:F1,PoliSemFio,40,1260.153617143631,B2-01,1,5
1276,C8:D7:19:D4:36:7E,lcs,20,1260.153617143631,B2-01,1,5
1277,DC:9F:DB:1C:1F:E0,LWN-3,25,1260.153617143631,B2-01,1,5
1278,DE:9F:DB:1C:1F:E0,LARC Guest,25,1260.153617143631,B2-01,1,5
1279,F8:1A:67:99:55:8E,NUCLEAR_CHF,29,1260.153617143631,B2-01,1,5
1280,FE:9F:DB:1C:1F:D7,,19,1260.153617143631,B2-01,1,5
1281,FE:9F:DB:1C:1F:E0,,25,1260.153617143631,B2-01,1,5
1282,00:18:E7:FF:8C:98,dlink,27,1262.791927099228,B2-01,1,5
1283,00:21:91:70:9D:EC,LAB-DIDATICO,27,1262.791927099228,B2-01,1,5
1284,02:24:A5:BA:CF:02,MyWiFi1600,29,1262.791927099228,B2-01,1,5
1285,2A:56:5A:49:06:54,DIRECT-54-HP M132f LaserJet,15,1262.791927099228,B2-01,1,5
1286,30:85:A9:69:F2:E4,PCS-Wireless-C2-22,49,1262.791927099228,B2-01,1,5
1287,34:60:F9:A3:D9:13,GASWIFI-5G_C2,15,1262.791927099228,B2-01,1,5
1288,34:60:F9:A3:D9:14,GASWIFI-2G_C2,25,1262.791927099228,B2-01,1,5
1289,34:CE:00:51:3E:6F,Lab,42,1262.791927099228,B2-01,1,5
1290,34:CE:00:51:3E:70,Lab_5G,7,1262.791927099228,B2-01,1,5
1291,3A:60:F9:A3:D9:13,,15,1262.791927099228,B2-01,1,5
1292,3A:60:F9:A3:D9:14,,34,1262.791927099228,B2-01,1,5
1293,54:B8:0A:AA:2C:8C,LAB_DIGITAL,30,1262.791927099228,B2-01,1,5
1294,54:B8:0A:AA:2C:8D,PCS-Wireless,29,1262.791927099228,B2-01,1,5
1295,54:B8:0A:AA:2C:8E,LAB_DIGITAL-5GHz,15,1262.791927099228,B2-01,1,5
1296,54:B8:0A:AA:2C:8F,PCS-Wireless-5GHz,15,1262.791927099228,B2-01,1,5
1297,54:F0:B1:A1:18:C0,eduroam,34,1262.791927099228,B2-01,1,5
1298,54:F0:B1:A1:18:C1,PoliSemFio,35,1262.791927099228,B2-01,1,5
1299,54:F0:B1:A1:18:C3,MEZANINO,34,1262.791927099228,B2-01,1,5
1300,54:F0:B1:A1:18:C4,GDLAB,34,1262.791927099228,B2-01,1,5
1301,54:F0:B1:A1:18:C5,LABPAD,34,1262.791927099228,B2-01,1,5
1302,54:F0:B1:A1:18:D0,eduroam,50,1262.791927099228,B2-01,1,5
1303,54:F0:B1:A1:18:D1,PoliSemFio,54,1262.791927099228,B2-01,1,5
1304,54:F0:B1:A1:18:D2,,44,1262.791927099228,B2-01,1,5
1305,54:F0:B1:A1:18:D3,MEZANINO,47,1262.791927099228,B2-01,1,5
1306,54:F0:B1:A1:18:D4,GDLAB,49,1262.791927099228,B2-01,1,5
1307,54:F0:B1:A1:18:D5,LABPAD,54,1262.791927099228,B2-01,1,5
1308,54:F0:B1:A1:57:F0,eduroam,17,1262.791927099228,B2-01,1,5
1309,54:F0:B1:A1:57:F1,PoliSemFio,17,1262.791927099228,B2-01,1,5
1310,54:F0:B1:A1:57:F2,,19,1262.791927099228,B2-01,1,5
1311,54:F0:B1:A1:58:00,eduroam,25,1262.791927099228,B2-01,1,5
1312,54:F0:B1:A1:58:01,PoliSemFio,27,1262.791927099228,B2-01,1,5
1313,54:F0:B1:A1:58:02,,27,1262.791927099228,B2-01,1,5
1314,54:F0:B1:A1:E4:F0,eduroam,24,1262.791927099228,B2-01,1,5
1315,54:F0:B1:A1:E4:F1,PoliSemFio,22,1262.791927099228,B2-01,1,5
1316,54:F0:B1:A1:E5:00,eduroam,22,1262.791927099228,B2-01,1,5
1317,54:F0:B1:A1:E5:01,PoliSemFio,35,1262.791927099228,B2-01,1,5
1318,54:F0:B1:A1:E5:02,,35,1262.791927099228,B2-01,1,5
1319,54:F0:B1:A2:37:E0,eduroam,22,1262.791927099228,B2-01,1,5
1320,54:F0:B1:A2:37:E1,PoliSemFio,25,1262.791927099228,B2-01,1,5
1321,54:F0:B1:A2:37:E2,,20,1262.791927099228,B2-01,1,5
1322,54:F0:B1:A2:57:20,eduroam,19,1262.791927099228,B2-01,1,5
1323,54:F0:B1:A2:57:21,PoliSemFio,12,1262.791927099228,B2-01,1,5
1324,54:F0:B1:A2:57:22,,25,1262.791927099228,B2-01,1,5
1325,54:F0:B1:A2:57:23,LCA,15,1262.791927099228,B2-01,1,5
1326,54:F0:B1:A2:57:30,eduroam,39,1262.791927099228,B2-01,1,5
1327,54:F0:B1:A2:57:31,PoliSemFio,40,1262.791927099228,B2-01,1,5
1328,54:F0:B1:A2:57:32,,40,1262.791927099228,B2-01,1,5
1329,54:F0:B1:A2:57:33,LCA,34,1262.791927099228,B2-01,1,5
1330,54:F0:B1:BB:5A:82,HACKER,27,1262.791927099228,B2-01,1,5
1331,54:F0:B1:BB:5A:83,LEP,20,1262.791927099228,B2-01,1,5
1332,54:F0:B1:BB:7E:E0,eduroam,19,1262.791927099228,B2-01,1,5
1333,54:F0:B1:BB:84:B0,eduroam,34,1262.791927099228,B2-01,1,5
1334,54:F0:B1:BB:84:D0,eduroam,14,1262.791927099228,B2-01,1,5
1335,54:F0:B1:BB:84:D1,PoliSemFio,12,1262.791927099228,B2-01,1,5
1336,54:F0:B1:BB:92:E0,eduroam,22,1262.791927099228,B2-01,1,5
1337,54:F0:B1:BB:92:E1,PoliSemFio,22,1262.791927099228,B2-01,1,5
1338,54:F0:B1:BB:BE:12,,22,1262.791927099228,B2-01,1,5
1339,54:F0:B1:BB:BE:13,CAEEL,15,1262.791927099228,B2-01,1,5
1340,54:F0:B1:BB:C4:D0,eduroam,37,1262.791927099228,B2-01,1,5
1341,54:F0:B1:BB:C4:D1,PoliSemFio,52,1262.791927099228,B2-01,1,5
1342,54:F0:B1:BB:C4:D2,,29,1262.791927099228,B2-01,1,5
1343,54:F0:B1:BB:C4:F0,eduroam,24,1262.791927099228,B2-01,1,5
1344,54:F0:B1:BB:C4:F1,PoliSemFio,25,1262.791927099228,B2-01,1,5
1345,54:F0:B1:BB:C4:F2,,17,1262.791927099228,B2-01,1,5
1346,54:F0:B1:BB:C5:C0,eduroam,25,1262.791927099228,B2-01,1,5
1347,54:F0:B1:BB:C5:C3,MEZANINO,34,1262.791927099228,B2-01,1,5
1348,54:F0:B1:BB:C5:E3,MEZANINO,9,1262.791927099228,B2-01,1,5
1349,54:F0:B1:BB:CC:E0,B209,27,1262.791927099228,B2-01,1,5
1350,54:F0:B1:BB:F3:20,eduroam,25,1262.791927099228,B2-01,1,5
1351,54:F0:B1:BB:F3:21,PoliSemFio,25,1262.791927099228,B2-01,1,5
1352,54:F0:B1:BB:F3:22,,25,1262.791927099228,B2-01,1,5
1353,54:F0:B1:BB:F3:40,eduroam,9,1262.791927099228,B2-01,1,5
1354,54:F0:B1:BB:FD:D0,eduroam,7,1262.791927099228,B2-01,1,5
1355,54:F0:B1:BB:FD:D1,PoliSemFio,27,1262.791927099228,B2-01,1,5
1356,54:F0:B1:BB:FD:D2,,29,1262.791927099228,B2-01,1,5
1357,54:F0:B1:BC:09:40,eduroam,77,1262.791927099228,B2-01,1,5
1358,54:F0:B1:BC:09:41,PoliSemFio,80,1262.791927099228,B2-01,1,5
1359,54:F0:B1:BC:09:42,,80,1262.791927099228,B2-01,1,5
1360,54:F0:B1:BC:09:60,eduroam,51,1262.791927099228,B2-01,1,5
1361,54:F0:B1:BC:09:61,PoliSemFio,52,1262.791927099228,B2-01,1,5
1362,54:F0:B1:BC:0F:D2,,25,1262.791927099228,B2-01,1,5
1363,54:F0:B1:BC:1B:D2,,42,1262.791927099228,B2-01,1,5
1364,54:F0:B1:BC:2E:90,eduroam,70,1262.791927099228,B2-01,1,5
1365,54:F0:B1:BC:2E:91,PoliSemFio,55,1262.791927099228,B2-01,1,5
1366,54:F0:B1:BC:2E:92,,49,1262.791927099228,B2-01,1,5
1367,54:F0:B1:BC:2E:B0,eduroam,17,1262.791927099228,B2-01,1,5
1368,54:F0:B1:BC:2E:B1,PoliSemFio,17,1262.791927099228,B2-01,1,5
1369,54:F0:B1:BC:36:10,PoliSemFio,34,1262.791927099228,B2-01,1,5
1370,54:F0:B1:BC:36:11,eduroam,32,1262.791927099228,B2-01,1,5
1371,54:F0:B1:BC:65:B0,eduroam,25,1262.791927099228,B2-01,1,5
1372,54:F0:B1:BC:65:B2,,32,1262.791927099228,B2-01,1,5
1373,54:F0:B1:BC:65:D0,eduroam,15,1262.791927099228,B2-01,1,5
1374,54:F0:B1:BC:65:D1,PoliSemFio,15,1262.791927099228,B2-01,1,5
1375,54:F0:B1:BC:65:D2,,17,1262.791927099228,B2-01,1,5
1376,54:F0:B1:BC:6B:50,eduroam,27,1262.791927099228,B2-01,1,5
1377,54:F0:B1:BC:6B:51,PoliSemFio,27,1262.791927099228,B2-01,1,5
1378,54:F0:B1:BC:6B:52,,27,1262.791927099228,B2-01,1,5
1379,54:F0:B1:BC:6F:70,eduroam,19,1262.791927099228,B2-01,1,5
1380,54:F0:B1:BC:6F:71,PoliSemFio,20,1262.791927099228,B2-01,1,5
1381,54:F0:B1:BC:6F:72,,24,1262.791927099228,B2-01,1,5
1382,54:F0:B1:BC:70:00,eduroam,40,1262.791927099228,B2-01,1,5
1383,54:F0:B1:BC:70:01,PoliSemFio,37,1262.791927099228,B2-01,1,5
1384,54:F0:B1:BC:70:02,,37,1262.791927099228,B2-01,1,5
1385,54:F0:B1:BC:70:20,eduroam,12,1262.791927099228,B2-01,1,5
1386,54:F0:B1:BC:70:21,PoliSemFio,14,1262.791927099228,B2-01,1,5
1387,54:F0:B1:BC:76:C0,eduroam,20,1262.791927099228,B2-01,1,5
1388,54:F0:B1:BC:77:80,eduroam,50,1262.791927099228,B2-01,1,5
1389,54:F0:B1:BC:77:81,PoliSemFio,54,1262.791927099228,B2-01,1,5
1390,54:F0:B1:BC:77:82,,54,1262.791927099228,B2-01,1,5
1391,54:F0:B1:BC:77:A0,eduroam,39,1262.791927099228,B2-01,1,5
1392,54:F0:B1:BC:77:A1,PoliSemFio,37,1262.791927099228,B2-01,1,5
1393,54:F0:B1:BC:77:A2,,32,1262.791927099228,B2-01,1,5
1394,54:F0:B1:BC:7C:B0,eduroam,15,1262.791927099228,B2-01,1,5
1395,54:F0:B1:BC:7C:B1,PoliSemFio,17,1262.791927099228,B2-01,1,5
1396,54:F0:B1:BC:8F:20,eduroam,24,1262.791927099228,B2-01,1,5
1397,54:F0:B1:BC:8F:21,PoliSemFio,25,1262.791927099228,B2-01,1,5
1398,54:F0:B1:BC:8F:22,,25,1262.791927099228,B2-01,1,5
1399,68:FF:7B:47:78:BD,C1-22M-5G,27,1262.791927099228,B2-01,1,5
1400,68:FF:7B:47:78:BE,C1-22M,57,1262.791927099228,B2-01,1,5
1401,70:62:B8:6E:72:A0,PCS-wireless-C1-13,42,1262.791927099228,B2-01,1,5
1402,70:62:B8:6E:72:A1,PPGEE,37,1262.791927099228,B2-01,1,5
1403,84:D4:7E:06:4F:E0,eduroam,60,1262.791927099228,B2-01,1,5
1404,84:D4:7E:06:4F:E1,PoliSemFio,64,1262.791927099228,B2-01,1,5
1405,84:D4:7E:06:4F:E2,,64,1262.791927099228,B2-01,1,5
1406,84:D4:7E:06:4F:F0,eduroam,40,1262.791927099228,B2-01,1,5
1407,84:D4:7E:06:4F:F1,PoliSemFio,40,1262.791927099228,B2-01,1,5
1408,C8:D7:19:D4:36:7E,lcs,20,1262.791927099228,B2-01,1,5
1409,DC:9F:DB:1C:1F:E0,LWN-3,25,1262.791927099228,B2-01,1,5
1410,DE:9F:DB:1C:1F:E0,LARC Guest,25,1262.791927099228,B2-01,1,5
1411,F8:1A:67:99:55:8E,NUCLEAR_CHF,29,1262.791927099228,B2-01,1,5
1412,FE:9F:DB:1C:1F:D7,,19,1262.791927099228,B2-01,1,5
1413,FE:9F:DB:1C:1F:E0,,25,1262.791927099228,B2-01,1,5
1414,00:18:E7:FF:8C:98,dlink,24,1269.115770816803,B2-01,1,5
1415,00:21:91:70:9D:EC,LAB-DIDATICO,45,1269.115770816803,B2-01,1,5
1416,02:24:A5:BA:CF:02,MyWiFi1600,29,1269.115770816803,B2-01,1,5
1417,2A:56:5A:49:06:54,DIRECT-54-HP M132f LaserJet,15,1269.115770816803,B2-01,1,5
1418,34:60:F9:A3:D9:13,GASWIFI-5G_C2,20,1269.115770816803,B2-01,1,5
1419,34:60:F9:A3:D9:14,GASWIFI-2G_C2,29,1269.115770816803,B2-01,1,5
1420,34:CE:00:51:3E:6F,Lab,40,1269.115770816803,B2-01,1,5
1421,34:CE:00:51:3E:70,Lab_5G,7,1269.115770816803,B2-01,1,5
1422,3A:60:F9:A3:D9:13,,15,1269.115770816803,B2-01,1,5
1423,3A:60:F9:A3:D9:14,,34,1269.115770816803,B2-01,1,5
1424,54:B8:0A:AA:2C:8C,LAB_DIGITAL,54,1269.115770816803,B2-01,1,5
1425,54:B8:0A:AA:2C:8D,PCS-Wireless,54,1269.115770816803,B2-01,1,5
1426,54:B8:0A:AA:2C:8E,LAB_DIGITAL-5GHz,15,1269.115770816803,B2-01,1,5
1427,54:B8:0A:AA:2C:8F,PCS-Wireless-5GHz,15,1269.115770816803,B2-01,1,5
1428,54:F0:B1:A1:18:C0,eduroam,37,1269.115770816803,B2-01,1,5
1429,54:F0:B1:A1:18:C1,PoliSemFio,37,1269.115770816803,B2-01,1,5
1430,54:F0:B1:A1:18:C3,MEZANINO,37,1269.115770816803,B2-01,1,5
1431,54:F0:B1:A1:18:C4,GDLAB,37,1269.115770816803,B2-01,1,5
1432,54:F0:B1:A1:18:C5,LABPAD,39,1269.115770816803,B2-01,1,5
1433,54:F0:B1:A1:18:D0,eduroam,50,1269.115770816803,B2-01,1,5
1434,54:F0:B1:A1:18:D1,PoliSemFio,54,1269.115770816803,B2-01,1,5
1435,54:F0:B1:A1:18:D2,,44,1269.115770816803,B2-01,1,5
1436,54:F0:B1:A1:18:D3,MEZANINO,47,1269.115770816803,B2-01,1,5
1437,54:F0:B1:A1:18:D4,GDLAB,40,1269.115770816803,B2-01,1,5
1438,54:F0:B1:A1:18:D5,LABPAD,40,1269.115770816803,B2-01,1,5
1439,54:F0:B1:A1:57:F0,eduroam,14,1269.115770816803,B2-01,1,5
1440,54:F0:B1:A1:57:F1,PoliSemFio,14,1269.115770816803,B2-01,1,5
1441,54:F0:B1:A1:57:F2,,19,1269.115770816803,B2-01,1,5
1442,54:F0:B1:A1:58:00,eduroam,34,1269.115770816803,B2-01,1,5
1443,54:F0:B1:A1:58:01,PoliSemFio,27,1269.115770816803,B2-01,1,5
1444,54:F0:B1:A1:58:02,,27,1269.115770816803,B2-01,1,5
1445,54:F0:B1:A1:E4:F0,eduroam,15,1269.115770816803,B2-01,1,5
1446,54:F0:B1:A1:E4:F1,PoliSemFio,15,1269.115770816803,B2-01,1,5
1447,54:F0:B1:A1:E5:00,eduroam,22,1269.115770816803,B2-01,1,5
1448,54:F0:B1:A1:E5:01,PoliSemFio,35,1269.115770816803,B2-01,1,5
1449,54:F0:B1:A1:E5:02,,35,1269.115770816803,B2-01,1,5
1450,54:F0:B1:A2:37:E0,eduroam,35,1269.115770816803,B2-01,1,5
1451,54:F0:B1:A2:37:E1,PoliSemFio,25,1269.115770816803,B2-01,1,5
1452,54:F0:B1:A2:37:E2,,20,1269.115770816803,B2-01,1,5
1453,54:F0:B1:A2:57:20,eduroam,24,1269.115770816803,B2-01,1,5
1454,54:F0:B1:A2:57:21,PoliSemFio,24,1269.115770816803,B2-01,1,5
1455,54:F0:B1:A2:57:22,,25,1269.115770816803,B2-01,1,5
1456,54:F0:B1:A2:57:23,LCA,24,1269.115770816803,B2-01,1,5
1457,54:F0:B1:A2:57:30,eduroam,39,1269.115770816803,B2-01,1,5
1458,54:F0:B1:A2:57:31,PoliSemFio,40,1269.115770816803,B2-01,1,5
1459,54:F0:B1:A2:57:32,,37,1269.115770816803,B2-01,1,5
1460,54:F0:B1:A2:57:33,LCA,34,1269.115770816803,B2-01,1,5
1461,54:F0:B1:BB:58:A3,CAEEL,10,1269.115770816803,B2-01,1,5
1462,54:F0:B1:BB:5A:80,eduroam,27,1269.115770816803,B2-01,1,5
1463,54:F0:B1:BB:5A:83,LEP,24,1269.115770816803,B2-01,1,5
1464,54:F0:B1:BB:7E:E0,eduroam,19,1269.115770816803,B2-01,1,5
1465,54:F0:B1:BB:84:B0,eduroam,34,1269.115770816803,B2-01,1,5
1466,54:F0:B1:BB:84:B2,,39,1269.115770816803,B2-01,1,5
1467,54:F0:B1:BB:84:D0,eduroam,14,1269.115770816803,B2-01,1,5
1468,54:F0:B1:BB:84:D1,PoliSemFio,12,1269.115770816803,B2-01,1,5
1469,54:F0:B1:BB:92:E0,eduroam,22,1269.115770816803,B2-01,1,5
1470,54:F0:B1:BB:92:E1,PoliSemFio,22,1269.115770816803,B2-01,1,5
1471,54:F0:B1:BB:BE:12,,22,1269.115770816803,B2-01,1,5
1472,54:F0:B1:BB:BE:13,CAEEL,24,1269.115770816803,B2-01,1,5
1473,54:F0:B1:BB:C4:D0,eduroam,37,1269.115770816803,B2-01,1,5
1474,54:F0:B1:BB:C4:D1,PoliSemFio,52,1269.115770816803,B2-01,1,5
1475,54:F0:B1:BB:C4:D2,,29,1269.115770816803,B2-01,1,5
1476,54:F0:B1:BB:C4:F0,eduroam,25,1269.115770816803,B2-01,1,5
1477,54:F0:B1:BB:C4:F1,PoliSemFio,25,1269.115770816803,B2-01,1,5
1478,54:F0:B1:BB:C4:F2,,17,1269.115770816803,B2-01,1,5
1479,54:F0:B1:BB:C5:C0,eduroam,20,1269.115770816803,B2-01,1,5
1480,54:F0:B1:BB:C5:E3,MEZANINO,9,1269.115770816803,B2-01,1,5
1481,54:F0:B1:BB:CC:E0,B209,14,1269.115770816803,B2-01,1,5
1482,54:F0:B1:BB:D1:90,eduroam,32,1269.115770816803,B2-01,1,5
1483,54:F0:B1:BB:F3:20,eduroam,25,1269.115770816803,B2-01,1,5
1484,54:F0:B1:BB:F3:21,PoliSemFio,25,1269.115770816803,B2-01,1,5
1485,54:F0:B1:BB:F3:22,,25,1269.115770816803,B2-01,1,5
1486,54:F0:B1:BB:F3:40,eduroam,9,1269.115770816803,B2-01,1,5
1487,54:F0:B1:BB:FD:D0,eduroam,7,1269.115770816803,B2-01,1,5
1488,54:F0:B1:BB:FD:D1,PoliSemFio,27,1269.115770816803,B2-01,1,5
1489,54:F0:B1:BB:FD:D2,,29,1269.115770816803,B2-01,1,5
1490,54:F0:B1:BC:09:40,eduroam,95,1269.115770816803,B2-01,1,5
1491,54:F0:B1:BC:09:41,PoliSemFio,92,1269.115770816803,B2-01,1,5
1492,54:F0:B1:BC:09:42,,80,1269.115770816803,B2-01,1,5
1493,54:F0:B1:BC:09:60,eduroam,52,1269.115770816803,B2-01,1,5
1494,54:F0:B1:BC:09:61,PoliSemFio,52,1269.115770816803,B2-01,1,5
1495,54:F0:B1:BC:0F:D2,,25,1269.115770816803,B2-01,1,5
1496,54:F0:B1:BC:1B:D2,,42,1269.115770816803,B2-01,1,5
1497,54:F0:B1:BC:2E:90,eduroam,67,1269.115770816803,B2-01,1,5
1498,54:F0:B1:BC:2E:91,PoliSemFio,59,1269.115770816803,B2-01,1,5
1499,54:F0:B1:BC:2E:92,,49,1269.115770816803,B2-01,1,5
1500,54:F0:B1:BC:2E:B0,eduroam,17,1269.115770816803,B2-01,1,5
1501,54:F0:B1:BC:2E:B1,PoliSemFio,17,1269.115770816803,B2-01,1,5
1502,54:F0:B1:BC:36:10,PoliSemFio,32,1269.115770816803,B2-01,1,5
1503,54:F0:B1:BC:36:11,eduroam,27,1269.115770816803,B2-01,1,5
1504,54:F0:B1:BC:36:12,,32,1269.115770816803,B2-01,1,5
1505,54:F0:B1:BC:65:B0,eduroam,25,1269.115770816803,B2-01,1,5
1506,54:F0:B1:BC:65:B2,,32,1269.115770816803,B2-01,1,5
1507,54:F0:B1:BC:65:D0,eduroam,15,1269.115770816803,B2-01,1,5
1508,54:F0:B1:BC:65:D1,PoliSemFio,15,1269.115770816803,B2-01,1,5
1509,54:F0:B1:BC:65:D2,,17,1269.115770816803,B2-01,1,5
1510,54:F0:B1:BC:6B:50,eduroam,27,1269.115770816803,B2-01,1,5
1511,54:F0:B1:BC:6B:51,PoliSemFio,27,1269.115770816803,B2-01,1,5
1512,54:F0:B1:BC:6B:52,,27,1269.115770816803,B2-01,1,5
1513,54:F0:B1:BC:6F:70,eduroam,19,1269.115770816803,B2-01,1,5
1514,54:F0:B1:BC:6F:71,PoliSemFio,24,1269.115770816803,B2-01,1,5
1515,54:F0:B1:BC:6F:72,,22,1269.115770816803,B2-01,1,5
1516,54:F0:B1:BC:70:00,eduroam,40,1269.115770816803,B2-01,1,5
1517,54:F0:B1:BC:70:01,PoliSemFio,37,1269.115770816803,B2-01,1,5
1518,54:F0:B1:BC:70:02,,37,1269.115770816803,B2-01,1,5
1519,54:F0:B1:BC:70:20,eduroam,14,1269.115770816803,B2-01,1,5
1520,54:F0:B1:BC:70:21,PoliSemFio,14,1269.115770816803,B2-01,1,5
1521,54:F0:B1:BC:77:80,eduroam,50,1269.115770816803,B2-01,1,5
1522,54:F0:B1:BC:77:81,PoliSemFio,52,1269.115770816803,B2-01,1,5
1523,54:F0:B1:BC:77:82,,54,1269.115770816803,B2-01,1,5
1524,54:F0:B1:BC:77:A0,eduroam,59,1269.115770816803,B2-01,1,5
1525,54:F0:B1:BC:77:A1,PoliSemFio,59,1269.115770816803,B2-01,1,5
1526,54:F0:B1:BC:77:A2,,32,1269.115770816803,B2-01,1,5
1527,54:F0:B1:BC:7C:B0,eduroam,15,1269.115770816803,B2-01,1,5
1528,54:F0:B1:BC:7C:B1,PoliSemFio,17,1269.115770816803,B2-01,1,5
1529,54:F0:B1:BC:8F:20,eduroam,30,1269.115770816803,B2-01,1,5
1530,54:F0:B1:BC:8F:21,PoliSemFio,25,1269.115770816803,B2-01,1,5
1531,54:F0:B1:BC:8F:22,,27,1269.115770816803,B2-01,1,5
1532,68:FF:7B:47:78:BD,C1-22M-5G,27,1269.115770816803,B2-01,1,5
1533,68:FF:7B:47:78:BE,C1-22M,57,1269.115770816803,B2-01,1,5
1534,70:62:B8:6E:72:A0,PCS-wireless-C1-13,62,1269.115770816803,B2-01,1,5
1535,70:62:B8:6E:72:A1,PPGEE,62,1269.115770816803,B2-01,1,5
1536,70:62:B8:6E:72:A2,PCS-wireless-C1-13-5GHz,9,1269.115770816803,B2-01,1,5
1537,70:62:B8:6E:72:A3,PPGEE-5GHz,9,1269.115770816803,B2-01,1,5
1538,84:D4:7E:06:4F:E0,eduroam,67,1269.115770816803,B2-01,1,5
1539,84:D4:7E:06:4F:E1,PoliSemFio,75,1269.115770816803,B2-01,1,5
1540,84:D4:7E:06:4F:E2,,75,1269.115770816803,B2-01,1,5
1541,84:D4:7E:06:4F:F0,eduroam,40,1269.115770816803,B2-01,1,5
1542,84:D4:7E:06:4F:F1,PoliSemFio,40,1269.115770816803,B2-01,1,5
1543,B0:4E:26:4B:84:C2,C2-01,22,1269.115770816803,B2-01,1,5
1544,C0:06:C3:29:D5:B2,,19,1269.115770816803,B2-01,1,5
1545,F8:1A:67:99:55:8E,NUCLEAR_CHF,55,1269.115770816803,B2-01,1,5
1546,FE:9F:DB:1C:1F:D7,,19,1269.115770816803,B2-01,1,5
1547,FE:9F:DB:1C:1F:E0,,25,1269.115770816803,B2-01,1,5
1548,00:18:E7:FF:8C:98,dlink,24,1275.4207832813263,B2-01,1,5
1549,00:21:91:70:9D:EC,LAB-DIDATICO,45,1275.4207832813263,B2-01,1,5
1550,02:24:A5:BA:CF:02,MyWiFi1600,29,1275.4207832813263,B2-01,1,5
1551,2A:56:5A:49:06:54,DIRECT-54-HP M132f LaserJet,15,1275.4207832813263,B2-01,1,5
1552,34:60:F9:A3:D9:13,GASWIFI-5G_C2,20,1275.4207832813263,B2-01,1,5
1553,34:60:F9:A3:D9:14,GASWIFI-2G_C2,29,1275.4207832813263,B2-01,1,5
1554,34:CE:00:51:3E:6F,Lab,40,1275.4207832813263,B2-01,1,5
1555,34:CE:00:51:3E:70,Lab_5G,7,1275.4207832813263,B2-01,1,5
1556,3A:60:F9:A3:D9:13,,15,1275.4207832813263,B2-01,1,5
1557,3A:60:F9:A3:D9:14,,34,1275.4207832813263,B2-01,1,5
1558,54:B8:0A:AA:2C:8C,LAB_DIGITAL,54,1275.4207832813263,B2-01,1,5
1559,54:B8:0A:AA:2C:8D,PCS-Wireless,39,1275.4207832813263,B2-01,1,5
1560,54:B8:0A:AA:2C:8E,LAB_DIGITAL-5GHz,15,1275.4207832813263,B2-01,1,5
1561,54:B8:0A:AA:2C:8F,PCS-Wireless-5GHz,15,1275.4207832813263,B2-01,1,5
1562,54:F0:B1:A1:18:C0,eduroam,32,1275.4207832813263,B2-01,1,5
1563,54:F0:B1:A1:18:C1,PoliSemFio,32,1275.4207832813263,B2-01,1,5
1564,54:F0:B1:A1:18:C3,MEZANINO,32,1275.4207832813263,B2-01,1,5
1565,54:F0:B1:A1:18:C4,GDLAB,32,1275.4207832813263,B2-01,1,5
1566,54:F0:B1:A1:18:C5,LABPAD,32,1275.4207832813263,B2-01,1,5
1567,54:F0:B1:A1:18:D0,eduroam,34,1275.4207832813263,B2-01,1,5
1568,54:F0:B1:A1:18:D1,PoliSemFio,30,1275.4207832813263,B2-01,1,5
1569,54:F0:B1:A1:18:D2,,27,1275.4207832813263,B2-01,1,5
1570,54:F0:B1:A1:18:D3,MEZANINO,47,1275.4207832813263,B2-01,1,5
1571,54:F0:B1:A1:18:D4,GDLAB,34,1275.4207832813263,B2-01,1,5
1572,54:F0:B1:A1:18:D5,LABPAD,40,1275.4207832813263,B2-01,1,5
1573,54:F0:B1:A1:57:F0,eduroam,14,1275.4207832813263,B2-01,1,5
1574,54:F0:B1:A1:57:F1,PoliSemFio,14,1275.4207832813263,B2-01,1,5
1575,54:F0:B1:A1:57:F2,,19,1275.4207832813263,B2-01,1,5
1576,54:F0:B1:A1:58:00,eduroam,34,1275.4207832813263,B2-01,1,5
1577,54:F0:B1:A1:58:01,PoliSemFio,27,1275.4207832813263,B2-01,1,5
1578,54:F0:B1:A1:58:02,,27,1275.4207832813263,B2-01,1,5
1579,54:F0:B1:A1:E4:F0,eduroam,15,1275.4207832813263,B2-01,1,5
1580,54:F0:B1:A1:E4:F1,PoliSemFio,15,1275.4207832813263,B2-01,1,5
1581,54:F0:B1:A1:E5:00,eduroam,22,1275.4207832813263,B2-01,1,5
1582,54:F0:B1:A1:E5:01,PoliSemFio,35,1275.4207832813263,B2-01,1,5
1583,54:F0:B1:A1:E5:02,,35,1275.4207832813263,B2-01,1,5
1584,54:F0:B1:A2:37:E0,eduroam,35,1275.4207832813263,B2-01,1,5
1585,54:F0:B1:A2:37:E1,PoliSemFio,25,1275.4207832813263,B2-01,1,5
1586,54:F0:B1:A2:37:E2,,20,1275.4207832813263,B2-01,1,5
1587,54:F0:B1:A2:57:20,eduroam,17,1275.4207832813263,B2-01,1,5
1588,54:F0:B1:A2:57:21,PoliSemFio,14,1275.4207832813263,B2-01,1,5
1589,54:F0:B1:A2:57:22,,14,1275.4207832813263,B2-01,1,5
1590,54:F0:B1:A2:57:23,LCA,17,1275.4207832813263,B2-01,1,5
1591,54:F0:B1:A2:57:30,eduroam,32,1275.4207832813263,B2-01,1,5
1592,54:F0:B1:A2:57:31,PoliSemFio,40,1275.4207832813263,B2-01,1,5
1593,54:F0:B1:A2:57:32,,37,1275.4207832813263,B2-01,1,5
1594,54:F0:B1:A2:57:33,LCA,30,1275.4207832813263,B2-01,1,5
1595,54:F0:B1:BB:58:A3,CAEEL,10,1275.4207832813263,B2-01,1,5
1596,54:F0:B1:BB:5A:80,eduroam,27,1275.4207832813263,B2-01,1,5
1597,54:F0:B1:BB:5A:83,LEP,24,1275.4207832813263,B2-01,1,5
1598,54:F0:B1:BB:80:C0,eduroam,22,1275.4207832813263,B2-01,1,5
1599,54:F0:B1:BB:80:C3,LABPROG,22,1275.4207832813263,B2-01,1,5
1600,54:F0:B1:BB:84:B0,eduroam,34,1275.4207832813263,B2-01,1,5
1601,54:F0:B1:BB:84:B1,PoliSemFio,30,1275.4207832813263,B2-01,1,5
1602,54:F0:B1:BB:84:B2,,29,1275.4207832813263,B2-01,1,5
1603,54:F0:B1:BB:84:D0,eduroam,12,1275.4207832813263,B2-01,1,5
1604,54:F0:B1:BB:84:D1,PoliSemFio,14,1275.4207832813263,B2-01,1,5
1605,54:F0:B1:BB:92:C0,eduroam,32,1275.4207832813263,B2-01,1,5
1606,54:F0:B1:BB:92:E0,eduroam,22,1275.4207832813263,B2-01,1,5
1607,54:F0:B1:BB:92:E1,PoliSemFio,22,1275.4207832813263,B2-01,1,5
1608,54:F0:B1:BB:BE:12,,22,1275.4207832813263,B2-01,1,5
1609,54:F0:B1:BB:BE:13,CAEEL,24,1275.4207832813263,B2-01,1,5
1610,54:F0:B1:BB:C4:D0,eduroam,47,1275.4207832813263,B2-01,1,5
1611,54:F0:B1:BB:C4:D1,PoliSemFio,52,1275.4207832813263,B2-01,1,5
1612,54:F0:B1:BB:C4:D2,,44,1275.4207832813263,B2-01,1,5
1613,54:F0:B1:BB:C4:F0,eduroam,27,1275.4207832813263,B2-01,1,5
1614,54:F0:B1:BB:C4:F1,PoliSemFio,29,1275.4207832813263,B2-01,1,5
1615,54:F0:B1:BB:C4:F2,,17,1275.4207832813263,B2-01,1,5
1616,54:F0:B1:BB:C5:C0,eduroam,20,1275.4207832813263,B2-01,1,5
1617,54:F0:B1:BB:C5:E3,MEZANINO,9,1275.4207832813263,B2-01,1,5
1618,54:F0:B1:BB:CC:E0,B209,14,1275.4207832813263,B2-01,1,5
1619,54:F0:B1:BB:D1:90,eduroam,32,1275.4207832813263,B2-01,1,5
1620,54:F0:B1:BB:F3:20,eduroam,25,1275.4207832813263,B2-01,1,5
1621,54:F0:B1:BB:F3:21,PoliSemFio,25,1275.4207832813263,B2-01,1,5
1622,54:F0:B1:BB:F3:22,,25,1275.4207832813263,B2-01,1,5
1623,54:F0:B1:BB:F3:40,eduroam,9,1275.4207832813263,B2-01,1,5
1624,54:F0:B1:BB:FD:D0,eduroam,7,1275.4207832813263,B2-01,1,5
1625,54:F0:B1:BB:FD:D1,PoliSemFio,27,1275.4207832813263,B2-01,1,5
1626,54:F0:B1:BB:FD:D2,,29,1275.4207832813263,B2-01,1,5
1627,54:F0:B1:BC:09:40,eduroam,10,1275.4207832813263,B2-01,1,5
1628,54:F0:B1:BC:09:41,PoliSemFio,69,1275.4207832813263,B2-01,1,5
1629,54:F0:B1:BC:09:42,,80,1275.4207832813263,B2-01,1,5
1630,54:F0:B1:BC:09:60,eduroam,56,1275.4207832813263,B2-01,1,5
1631,54:F0:B1:BC:09:61,PoliSemFio,52,1275.4207832813263,B2-01,1,5
1632,54:F0:B1:BC:0F:D2,,25,1275.4207832813263,B2-01,1,5
1633,54:F0:B1:BC:1B:D2,,42,1275.4207832813263,B2-01,1,5
1634,54:F0:B1:BC:2E:90,eduroam,67,1275.4207832813263,B2-01,1,5
1635,54:F0:B1:BC:2E:91,PoliSemFio,59,1275.4207832813263,B2-01,1,5
1636,54:F0:B1:BC:2E:92,,49,1275.4207832813263,B2-01,1,5
1637,54:F0:B1:BC:2E:B0,eduroam,20,1275.4207832813263,B2-01,1,5
1638,54:F0:B1:BC:2E:B1,PoliSemFio,19,1275.4207832813263,B2-01,1,5
1639,54:F0:B1:BC:36:10,PoliSemFio,32,1275.4207832813263,B2-01,1,5
1640,54:F0:B1:BC:36:11,eduroam,27,1275.4207832813263,B2-01,1,5
1641,54:F0:B1:BC:36:12,,32,1275.4207832813263,B2-01,1,5
1642,54:F0:B1:BC:65:B0,eduroam,25,1275.4207832813263,B2-01,1,5
1643,54:F0:B1:BC:65:B2,,32,1275.4207832813263,B2-01,1,5
1644,54:F0:B1:BC:65:D0,eduroam,17,1275.4207832813263,B2-01,1,5
1645,54:F0:B1:BC:65:D1,PoliSemFio,19,1275.4207832813263,B2-01,1,5
1646,54:F0:B1:BC:65:D2,,19,1275.4207832813263,B2-01,1,5
1647,54:F0:B1:BC:6B:50,eduroam,27,1275.4207832813263,B2-01,1,5
1648,54:F0:B1:BC:6B:51,PoliSemFio,27,1275.4207832813263,B2-01,1,5
1649,54:F0:B1:BC:6B:52,,27,1275.4207832813263,B2-01,1,5
1650,54:F0:B1:BC:6F:71,PoliSemFio,24,1275.4207832813263,B2-01,1,5
1651,54:F0:B1:BC:6F:72,,22,1275.4207832813263,B2-01,1,5
1652,54:F0:B1:BC:70:00,eduroam,40,1275.4207832813263,B2-01,1,5
1653,54:F0:B1:BC:70:01,PoliSemFio,27,1275.4207832813263,B2-01,1,5
1654,54:F0:B1:BC:70:02,,27,1275.4207832813263,B2-01,1,5
1655,54:F0:B1:BC:70:20,eduroam,9,1275.4207832813263,B2-01,1,5
1656,54:F0:B1:BC:70:21,PoliSemFio,10,1275.4207832813263,B2-01,1,5
1657,54:F0:B1:BC:77:80,eduroam,52,1275.4207832813263,B2-01,1,5
1658,54:F0:B1:BC:77:81,PoliSemFio,52,1275.4207832813263,B2-01,1,5
1659,54:F0:B1:BC:77:82,,52,1275.4207832813263,B2-01,1,5
1660,54:F0:B1:BC:77:A0,eduroam,37,1275.4207832813263,B2-01,1,5
1661,54:F0:B1:BC:77:A1,PoliSemFio,37,1275.4207832813263,B2-01,1,5
1662,54:F0:B1:BC:77:A2,,37,1275.4207832813263,B2-01,1,5
1663,54:F0:B1:BC:7C:B0,eduroam,15,1275.4207832813263,B2-01,1,5
1664,54:F0:B1:BC:7C:B1,PoliSemFio,17,1275.4207832813263,B2-01,1,5
1665,54:F0:B1:BC:8F:20,eduroam,30,1275.4207832813263,B2-01,1,5
1666,54:F0:B1:BC:8F:21,PoliSemFio,25,1275.4207832813263,B2-01,1,5
1667,54:F0:B1:BC:8F:22,,27,1275.4207832813263,B2-01,1,5
1668,68:FF:7B:47:78:BD,C1-22M-5G,27,1275.4207832813263,B2-01,1,5
1669,68:FF:7B:47:78:BE,C1-22M,57,1275.4207832813263,B2-01,1,5
1670,70:62:B8:6E:72:A0,PCS-wireless-C1-13,62,1275.4207832813263,B2-01,1,5
1671,70:62:B8:6E:72:A1,PPGEE,62,1275.4207832813263,B2-01,1,5
1672,70:62:B8:6E:72:A2,PCS-wireless-C1-13-5GHz,9,1275.4207832813263,B2-01,1,5
1673,70:62:B8:6E:72:A3,PPGEE-5GHz,9,1275.4207832813263,B2-01,1,5
1674,84:D4:7E:06:4F:E0,eduroam,54,1275.4207832813263,B2-01,1,5
1675,84:D4:7E:06:4F:E1,PoliSemFio,75,1275.4207832813263,B2-01,1,5
1676,84:D4:7E:06:4F:E2,,50,1275.4207832813263,B2-01,1,5
1677,84:D4:7E:06:4F:F0,eduroam,37,1275.4207832813263,B2-01,1,5
1678,84:D4:7E:06:4F:F1,PoliSemFio,40,1275.4207832813263,B2-01,1,5
1679,B0:4E:26:4B:84:C2,C2-01,22,1275.4207832813263,B2-01,1,5
1680,C0:06:C3:29:D5:B2,,19,1275.4207832813263,B2-01,1,5
1681,F8:1A:67:99:55:8E,NUCLEAR_CHF,55,1275.4207832813263,B2-01,1,5
1682,FE:9F:DB:1C:1F:D7,,19,1275.4207832813263,B2-01,1,5
1683,FE:9F:DB:1C:1F:E0,,25,1275.4207832813263,B2-01,1,5
1684,00:18:E7:FF:8C:98,dlink,24,1281.718565940857,B2-01,1,5
1685,00:21:91:70:9D:EC,LAB-DIDATICO,45,1281.718565940857,B2-01,1,5
1686,02:24:A5:BA:CF:02,MyWiFi1600,29,1281.718565940857,B2-01,1,5
1687,2A:56:5A:49:06:54,DIRECT-54-HP M132f LaserJet,15,1281.718565940857,B2-01,1,5
1688,34:60:F9:A3:D9:13,GASWIFI-5G_C2,20,1281.718565940857,B2-01,1,5
1689,34:60:F9:A3:D9:14,GASWIFI-2G_C2,29,1281.718565940857,B2-01,1,5
1690,34:CE:00:51:3E:6F,Lab,40,1281.718565940857,B2-01,1,5
1691,34:CE:00:51:3E:70,Lab_5G,7,1281.718565940857,B2-01,1,5
1692,3A:60:F9:A3:D9:13,,15,1281.718565940857,B2-01,1,5
1693,3A:60:F9:A3:D9:14,,34,1281.718565940857,B2-01,1,5
1694,48:00:20:34:D2:40,eduroam,40,1281.718565940857,B2-01,1,5
1695,54:B8:0A:AA:2C:8C,LAB_DIGITAL,44,1281.718565940857,B2-01,1,5
1696,54:B8:0A:AA:2C:8D,PCS-Wireless,44,1281.718565940857,B2-01,1,5
1697,54:B8:0A:AA:2C:8E,LAB_DIGITAL-5GHz,15,1281.718565940857,B2-01,1,5
1698,54:B8:0A:AA:2C:8F,PCS-Wireless-5GHz,15,1281.718565940857,B2-01,1,5
1699,54:F0:B1:A1:18:C0,eduroam,40,1281.718565940857,B2-01,1,5
1700,54:F0:B1:A1:18:C1,PoliSemFio,40,1281.718565940857,B2-01,1,5
1701,54:F0:B1:A1:18:C3,MEZANINO,40,1281.718565940857,B2-01,1,5
1702,54:F0:B1:A1:18:C4,GDLAB,40,1281.718565940857,B2-01,1,5
1703,54:F0:B1:A1:18:C5,LABPAD,40,1281.718565940857,B2-01,1,5
1704,54:F0:B1:A1:18:D0,eduroam,49,1281.718565940857,B2-01,1,5
1705,54:F0:B1:A1:18:D1,PoliSemFio,50,1281.718565940857,B2-01,1,5
1706,54:F0:B1:A1:18:D2,,50,1281.718565940857,B2-01,1,5
1707,54:F0:B1:A1:18:D3,MEZANINO,45,1281.718565940857,B2-01,1,5
1708,54:F0:B1:A1:18:D4,GDLAB,34,1281.718565940857,B2-01,1,5
1709,54:F0:B1:A1:18:D5,LABPAD,45,1281.718565940857,B2-01,1,5
1710,54:F0:B1:A1:57:F0,eduroam,25,1281.718565940857,B2-01,1,5
1711,54:F0:B1:A1:57:F1,PoliSemFio,24,1281.718565940857,B2-01,1,5
1712,54:F0:B1:A1:57:F2,,19,1281.718565940857,B2-01,1,5
1713,54:F0:B1:A1:58:00,eduroam,34,1281.718565940857,B2-01,1,5
1714,54:F0:B1:A1:58:01,PoliSemFio,27,1281.718565940857,B2-01,1,5
1715,54:F0:B1:A1:58:02,,27,1281.718565940857,B2-01,1,5
1716,54:F0:B1:A1:E4:F0,eduroam,29,1281.718565940857,B2-01,1,5
1717,54:F0:B1:A1:E4:F1,PoliSemFio,30,1281.718565940857,B2-01,1,5
1718,54:F0:B1:A1:E5:00,eduroam,39,1281.718565940857,B2-01,1,5
1719,54:F0:B1:A1:E5:01,PoliSemFio,35,1281.718565940857,B2-01,1,5
1720,54:F0:B1:A1:E5:02,,35,1281.718565940857,B2-01,1,5
1721,54:F0:B1:A2:37:E0,eduroam,12,1281.718565940857,B2-01,1,5
1722,54:F0:B1:A2:37:E1,PoliSemFio,27,1281.718565940857,B2-01,1,5
1723,54:F0:B1:A2:37:E2,,20,1281.718565940857,B2-01,1,5
1724,54:F0:B1:A2:57:20,eduroam,24,1281.718565940857,B2-01,1,5
1725,54:F0:B1:A2:57:21,PoliSemFio,22,1281.718565940857,B2-01,1,5
1726,54:F0:B1:A2:57:22,,14,1281.718565940857,B2-01,1,5
1727,54:F0:B1:A2:57:23,LCA,22,1281.718565940857,B2-01,1,5
1728,54:F0:B1:A2:57:30,eduroam,32,1281.718565940857,B2-01,1,5
1729,54:F0:B1:A2:57:31,PoliSemFio,40,1281.718565940857,B2-01,1,5
1730,54:F0:B1:A2:57:32,,37,1281.718565940857,B2-01,1,5
1731,54:F0:B1:A2:57:33,LCA,32,1281.718565940857,B2-01,1,5
1732,54:F0:B1:BB:58:A3,CAEEL,10,1281.718565940857,B2-01,1,5
1733,54:F0:B1:BB:5A:80,eduroam,27,1281.718565940857,B2-01,1,5
1734,54:F0:B1:BB:5A:83,LEP,24,1281.718565940857,B2-01,1,5
1735,54:F0:B1:BB:80:C0,eduroam,22,1281.718565940857,B2-01,1,5
1736,54:F0:B1:BB:80:C3,LABPROG,22,1281.718565940857,B2-01,1,5
1737,54:F0:B1:BB:84:B0,eduroam,20,1281.718565940857,B2-01,1,5
1738,54:F0:B1:BB:84:B1,PoliSemFio,29,1281.718565940857,B2-01,1,5
1739,54:F0:B1:BB:84:B2,,25,1281.718565940857,B2-01,1,5
1740,54:F0:B1:BB:84:D0,eduroam,12,1281.718565940857,B2-01,1,5
1741,54:F0:B1:BB:84:D1,PoliSemFio,14,1281.718565940857,B2-01,1,5
1742,54:F0:B1:BB:92:C0,eduroam,32,1281.718565940857,B2-01,1,5
1743,54:F0:B1:BB:92:E0,eduroam,22,1281.718565940857,B2-01,1,5
1744,54:F0:B1:BB:92:E1,PoliSemFio,22,1281.718565940857,B2-01,1,5
1745,54:F0:B1:BB:BC:03,CAEEL,9,1281.718565940857,B2-01,1,5
1746,54:F0:B1:BB:BE:12,,22,1281.718565940857,B2-01,1,5
1747,54:F0:B1:BB:BE:13,CAEEL,17,1281.718565940857,B2-01,1,5
1748,54:F0:B1:BB:C4:D0,eduroam,47,1281.718565940857,B2-01,1,5
1749,54:F0:B1:BB:C4:D1,PoliSemFio,52,1281.718565940857,B2-01,1,5
1750,54:F0:B1:BB:C4:D2,,54,1281.718565940857,B2-01,1,5
1751,54:F0:B1:BB:C4:F0,eduroam,29,1281.718565940857,B2-01,1,5
1752,54:F0:B1:BB:C4:F1,PoliSemFio,29,1281.718565940857,B2-01,1,5
1753,54:F0:B1:BB:C4:F2,,17,1281.718565940857,B2-01,1,5
1754,54:F0:B1:BB:C5:C0,eduroam,20,1281.718565940857,B2-01,1,5
1755,54:F0:B1:BB:C5:C5,LABPAD,29,1281.718565940857,B2-01,1,5
1756,54:F0:B1:BB:C5:E3,MEZANINO,9,1281.718565940857,B2-01,1,5
1757,54:F0:B1:BB:CC:E0,B209,14,1281.718565940857,B2-01,1,5
1758,54:F0:B1:BB:D1:90,eduroam,32,1281.718565940857,B2-01,1,5
1759,54:F0:B1:BB:F3:20,eduroam,35,1281.718565940857,B2-01,1,5
1760,54:F0:B1:BB:F3:21,PoliSemFio,25,1281.718565940857,B2-01,1,5
1761,54:F0:B1:BB:F3:22,,25,1281.718565940857,B2-01,1,5
1762,54:F0:B1:BB:F3:40,eduroam,9,1281.718565940857,B2-01,1,5
1763,54:F0:B1:BB:FD:D1,PoliSemFio,27,1281.718565940857,B2-01,1,5
1764,54:F0:B1:BB:FD:D2,,22,1281.718565940857,B2-01,1,5
1765,54:F0:B1:BC:09:40,eduroam,10,1281.718565940857,B2-01,1,5
1766,54:F0:B1:BC:09:41,PoliSemFio,69,1281.718565940857,B2-01,1,5
1767,54:F0:B1:BC:09:42,,80,1281.718565940857,B2-01,1,5
1768,54:F0:B1:BC:09:60,eduroam,47,1281.718565940857,B2-01,1,5
1769,54:F0:B1:BC:09:61,PoliSemFio,47,1281.718565940857,B2-01,1,5
1770,54:F0:B1:BC:0F:D2,,25,1281.718565940857,B2-01,1,5
1771,54:F0:B1:BC:1B:D2,,42,1281.718565940857,B2-01,1,5
1772,54:F0:B1:BC:2E:90,eduroam,60,1281.718565940857,B2-01,1,5
1773,54:F0:B1:BC:2E:91,PoliSemFio,59,1281.718565940857,B2-01,1,5
1774,54:F0:B1:BC:2E:92,,55,1281.718565940857,B2-01,1,5
1775,54:F0:B1:BC:2E:B0,eduroam,20,1281.718565940857,B2-01,1,5
1776,54:F0:B1:BC:2E:B1,PoliSemFio,19,1281.718565940857,B2-01,1,5
1777,54:F0:B1:BC:36:10,PoliSemFio,29,1281.718565940857,B2-01,1,5
1778,54:F0:B1:BC:36:11,eduroam,27,1281.718565940857,B2-01,1,5
1779,54:F0:B1:BC:36:12,,32,1281.718565940857,B2-01,1,5
1780,54:F0:B1:BC:65:B0,eduroam,25,1281.718565940857,B2-01,1,5
1781,54:F0:B1:BC:65:B2,,32,1281.718565940857,B2-01,1,5
1782,54:F0:B1:BC:65:D0,eduroam,17,1281.718565940857,B2-01,1,5
1783,54:F0:B1:BC:65:D1,PoliSemFio,19,1281.718565940857,B2-01,1,5
1784,54:F0:B1:BC:65:D2,,19,1281.718565940857,B2-01,1,5
1785,54:F0:B1:BC:6B:50,eduroam,27,1281.718565940857,B2-01,1,5
1786,54:F0:B1:BC:6B:51,PoliSemFio,27,1281.718565940857,B2-01,1,5
1787,54:F0:B1:BC:6B:52,,27,1281.718565940857,B2-01,1,5
1788,54:F0:B1:BC:6F:71,PoliSemFio,17,1281.718565940857,B2-01,1,5
1789,54:F0:B1:BC:6F:72,,17,1281.718565940857,B2-01,1,5
1790,54:F0:B1:BC:70:00,eduroam,40,1281.718565940857,B2-01,1,5
1791,54:F0:B1:BC:70:01,PoliSemFio,27,1281.718565940857,B2-01,1,5
1792,54:F0:B1:BC:70:02,,27,1281.718565940857,B2-01,1,5
1793,54:F0:B1:BC:70:20,eduroam,20,1281.718565940857,B2-01,1,5
1794,54:F0:B1:BC:70:21,PoliSemFio,19,1281.718565940857,B2-01,1,5
1795,54:F0:B1:BC:77:80,eduroam,52,1281.718565940857,B2-01,1,5
1796,54:F0:B1:BC:77:81,PoliSemFio,62,1281.718565940857,B2-01,1,5
1797,54:F0:B1:BC:77:82,,52,1281.718565940857,B2-01,1,5
1798,54:F0:B1:BC:77:A0,eduroam,55,1281.718565940857,B2-01,1,5
1799,54:F0:B1:BC:77:A1,PoliSemFio,55,1281.718565940857,B2-01,1,5
1800,54:F0:B1:BC:77:A2,,37,1281.718565940857,B2-01,1,5
1801,54:F0:B1:BC:7C:B0,eduroam,15,1281.718565940857,B2-01,1,5
1802,54:F0:B1:BC:7C:B1,PoliSemFio,17,1281.718565940857,B2-01,1,5
1803,54:F0:B1:BC:8F:20,eduroam,29,1281.718565940857,B2-01,1,5
1804,54:F0:B1:BC:8F:21,PoliSemFio,27,1281.718565940857,B2-01,1,5
1805,54:F0:B1:BC:8F:22,,27,1281.718565940857,B2-01,1,5
1806,68:FF:7B:47:78:BD,C1-22M-5G,27,1281.718565940857,B2-01,1,5
1807,68:FF:7B:47:78:BE,C1-22M,64,1281.718565940857,B2-01,1,5
1808,70:62:B8:6E:72:A0,PCS-wireless-C1-13,54,1281.718565940857,B2-01,1,5
1809,70:62:B8:6E:72:A1,PPGEE,52,1281.718565940857,B2-01,1,5
1810,70:62:B8:6E:72:A2,PCS-wireless-C1-13-5GHz,9,1281.718565940857,B2-01,1,5
1811,70:62:B8:6E:72:A3,PPGEE-5GHz,9,1281.718565940857,B2-01,1,5
1812,84:D4:7E:06:4F:E0,eduroam,89,1281.718565940857,B2-01,1,5
1813,84:D4:7E:06:4F:E1,PoliSemFio,85,1281.718565940857,B2-01,1,5
1814,84:D4:7E:06:4F:E2,,85,1281.718565940857,B2-01,1,5
1815,84:D4:7E:06:4F:F0,eduroam,47,1281.718565940857,B2-01,1,5
1816,84:D4:7E:06:4F:F1,PoliSemFio,40,1281.718565940857,B2-01,1,5
1817,B0:4E:26:4B:84:C2,C2-01,22,1281.718565940857,B2-01,1,5
1818,C0:06:C3:29:D5:B2,,19,1281.718565940857,B2-01,1,5
1819,F8:1A:67:99:55:8E,NUCLEAR_CHF,55,1281.718565940857,B2-01,1,5
1820,FE:9F:DB:1C:1F:D7,,19,1281.718565940857,B2-01,1,5
1821,FE:9F:DB:1C:1F:E0,,25,1281.718565940857,B2-01,1,5
1822,00:18:E7:FF:8C:98,dlink,37,1284.3597362041473,B2-01,1,5
1823,00:21:91:70:9D:EC,LAB-DIDATICO,19,1284.3597362041473,B2-01,1,5
1824,02:24:A5:BA:CF:02,MyWiFi1600,29,1284.3597362041473,B2-01,1,5
1825,2A:56:5A:49:06:54,DIRECT-54-HP M132f LaserJet,15,1284.3597362041473,B2-01,1,5
1826,34:60:F9:A3:D9:13,GASWIFI-5G_C2,22,1284.3597362041473,B2-01,1,5
1827,34:60:F9:A3:D9:14,GASWIFI-2G_C2,39,1284.3597362041473,B2-01,1,5
1828,34:CE:00:51:3E:6F,Lab,29,1284.3597362041473,B2-01,1,5
1829,34:CE:00:51:3E:70,Lab_5G,7,1284.3597362041473,B2-01,1,5
1830,3A:60:F9:A3:D9:13,,15,1284.3597362041473,B2-01,1,5
1831,48:00:20:34:D2:40,eduroam,40,1284.3597362041473,B2-01,1,5
1832,54:B8:0A:AA:2C:8C,LAB_DIGITAL,49,1284.3597362041473,B2-01,1,5
1833,54:B8:0A:AA:2C:8D,PCS-Wireless,50,1284.3597362041473,B2-01,1,5
1834,54:B8:0A:AA:2C:8E,LAB_DIGITAL-5GHz,12,1284.3597362041473,B2-01,1,5
1835,54:B8:0A:AA:2C:8F,PCS-Wireless-5GHz,14,1284.3597362041473,B2-01,1,5
1836,54:F0:B1:A1:18:C0,eduroam,34,1284.3597362041473,B2-01,1,5
1837,54:F0:B1:A1:18:C1,PoliSemFio,34,1284.3597362041473,B2-01,1,5
1838,54:F0:B1:A1:18:C3,MEZANINO,34,1284.3597362041473,B2-01,1,5
1839,54:F0:B1:A1:18:C4,GDLAB,34,1284.3597362041473,B2-01,1,5
1840,54:F0:B1:A1:18:C5,LABPAD,34,1284.3597362041473,B2-01,1,5
1841,54:F0:B1:A1:18:D0,eduroam,40,1284.3597362041473,B2-01,1,5
1842,54:F0:B1:A1:18:D1,PoliSemFio,40,1284.3597362041473,B2-01,1,5
1843,54:F0:B1:A1:18:D2,,50,1284.3597362041473,B2-01,1,5
1844,54:F0:B1:A1:18:D3,MEZANINO,45,1284.3597362041473,B2-01,1,5
1845,54:F0:B1:A1:18:D4,GDLAB,40,1284.3597362041473,B2-01,1,5
1846,54:F0:B1:A1:18:D5,LABPAD,45,1284.3597362041473,B2-01,1,5
1847,54:F0:B1:A1:57:F0,eduroam,25,1284.3597362041473,B2-01,1,5
1848,54:F0:B1:A1:57:F1,PoliSemFio,24,1284.3597362041473,B2-01,1,5
1849,54:F0:B1:A1:57:F2,,19,1284.3597362041473,B2-01,1,5
1850,54:F0:B1:A1:58:00,eduroam,30,1284.3597362041473,B2-01,1,5
1851,54:F0:B1:A1:58:01,PoliSemFio,27,1284.3597362041473,B2-01,1,5
1852,54:F0:B1:A1:58:02,,27,1284.3597362041473,B2-01,1,5
1853,54:F0:B1:A1:E4:F0,eduroam,22,1284.3597362041473,B2-01,1,5
1854,54:F0:B1:A1:E4:F1,PoliSemFio,22,1284.3597362041473,B2-01,1,5
1855,54:F0:B1:A1:E5:00,eduroam,39,1284.3597362041473,B2-01,1,5
1856,54:F0:B1:A1:E5:01,PoliSemFio,35,1284.3597362041473,B2-01,1,5
1857,54:F0:B1:A1:E5:02,,34,1284.3597362041473,B2-01,1,5
1858,54:F0:B1:A2:37:E0,eduroam,29,1284.3597362041473,B2-01,1,5
1859,54:F0:B1:A2:37:E1,PoliSemFio,27,1284.3597362041473,B2-01,1,5
1860,54:F0:B1:A2:37:E2,,24,1284.3597362041473,B2-01,1,5
1861,54:F0:B1:A2:57:20,eduroam,20,1284.3597362041473,B2-01,1,5
1862,54:F0:B1:A2:57:21,PoliSemFio,20,1284.3597362041473,B2-01,1,5
1863,54:F0:B1:A2:57:22,,14,1284.3597362041473,B2-01,1,5
1864,54:F0:B1:A2:57:23,LCA,22,1284.3597362041473,B2-01,1,5
1865,54:F0:B1:A2:57:30,eduroam,32,1284.3597362041473,B2-01,1,5
1866,54:F0:B1:A2:57:31,PoliSemFio,40,1284.3597362041473,B2-01,1,5
1867,54:F0:B1:A2:57:32,,37,1284.3597362041473,B2-01,1,5
1868,54:F0:B1:A2:57:33,LCA,27,1284.3597362041473,B2-01,1,5
1869,54:F0:B1:BB:58:A3,CAEEL,10,1284.3597362041473,B2-01,1,5
1870,54:F0:B1:BB:5A:80,eduroam,27,1284.3597362041473,B2-01,1,5
1871,54:F0:B1:BB:5A:83,LEP,24,1284.3597362041473,B2-01,1,5
1872,54:F0:B1:BB:80:C0,eduroam,17,1284.3597362041473,B2-01,1,5
1873,54:F0:B1:BB:80:C3,LABPROG,22,1284.3597362041473,B2-01,1,5
1874,54:F0:B1:BB:84:B0,eduroam,20,1284.3597362041473,B2-01,1,5
1875,54:F0:B1:BB:84:B1,PoliSemFio,29,1284.3597362041473,B2-01,1,5
1876,54:F0:B1:BB:84:B2,,25,1284.3597362041473,B2-01,1,5
1877,54:F0:B1:BB:84:D0,eduroam,12,1284.3597362041473,B2-01,1,5
1878,54:F0:B1:BB:84:D1,PoliSemFio,12,1284.3597362041473,B2-01,1,5
1879,54:F0:B1:BB:92:C0,eduroam,27,1284.3597362041473,B2-01,1,5
1880,54:F0:B1:BB:92:E0,eduroam,15,1284.3597362041473,B2-01,1,5
1881,54:F0:B1:BB:92:E1,PoliSemFio,15,1284.3597362041473,B2-01,1,5
1882,54:F0:B1:BB:BC:03,CAEEL,9,1284.3597362041473,B2-01,1,5
1883,54:F0:B1:BB:BE:12,,22,1284.3597362041473,B2-01,1,5
1884,54:F0:B1:BB:BE:13,CAEEL,17,1284.3597362041473,B2-01,1,5
1885,54:F0:B1:BB:C4:D0,eduroam,52,1284.3597362041473,B2-01,1,5
1886,54:F0:B1:BB:C4:D1,PoliSemFio,52,1284.3597362041473,B2-01,1,5
1887,54:F0:B1:BB:C4:D2,,54,1284.3597362041473,B2-01,1,5
1888,54:F0:B1:BB:C4:F0,eduroam,22,1284.3597362041473,B2-01,1,5
1889,54:F0:B1:BB:C4:F1,PoliSemFio,24,1284.3597362041473,B2-01,1,5
1890,54:F0:B1:BB:C5:C0,eduroam,20,1284.3597362041473,B2-01,1,5
1891,54:F0:B1:BB:C5:C5,LABPAD,29,1284.3597362041473,B2-01,1,5
1892,54:F0:B1:BB:C5:E3,MEZANINO,9,1284.3597362041473,B2-01,1,5
1893,54:F0:B1:BB:CC:E0,B209,14,1284.3597362041473,B2-01,1,5
1894,54:F0:B1:BB:D1:90,eduroam,32,1284.3597362041473,B2-01,1,5
1895,54:F0:B1:BB:D1:92,LTE,22,1284.3597362041473,B2-01,1,5
1896,54:F0:B1:BB:F3:20,eduroam,35,1284.3597362041473,B2-01,1,5
1897,54:F0:B1:BB:F3:21,PoliSemFio,25,1284.3597362041473,B2-01,1,5
1898,54:F0:B1:BB:F3:22,,25,1284.3597362041473,B2-01,1,5
1899,54:F0:B1:BB:F3:40,eduroam,9,1284.3597362041473,B2-01,1,5
1900,54:F0:B1:BB:FD:D0,eduroam,15,1284.3597362041473,B2-01,1,5
1901,54:F0:B1:BB:FD:D1,PoliSemFio,25,1284.3597362041473,B2-01,1,5
1902,54:F0:B1:BB:FD:D2,,22,1284.3597362041473,B2-01,1,5
1903,54:F0:B1:BC:09:40,eduroam,10,1284.3597362041473,B2-01,1,5
1904,54:F0:B1:BC:09:41,PoliSemFio,69,1284.3597362041473,B2-01,1,5
1905,54:F0:B1:BC:09:42,,80,1284.3597362041473,B2-01,1,5
1906,54:F0:B1:BC:09:60,eduroam,60,1284.3597362041473,B2-01,1,5
1907,54:F0:B1:BC:09:61,PoliSemFio,45,1284.3597362041473,B2-01,1,5
1908,54:F0:B1:BC:0F:D2,,25,1284.3597362041473,B2-01,1,5
1909,54:F0:B1:BC:1B:D2,,42,1284.3597362041473,B2-01,1,5
1910,54:F0:B1:BC:2E:90,eduroam,60,1284.3597362041473,B2-01,1,5
1911,54:F0:B1:BC:2E:91,PoliSemFio,59,1284.3597362041473,B2-01,1,5
1912,54:F0:B1:BC:2E:92,,55,1284.3597362041473,B2-01,1,5
1913,54:F0:B1:BC:2E:B0,eduroam,20,1284.3597362041473,B2-01,1,5
1914,54:F0:B1:BC:2E:B1,PoliSemFio,19,1284.3597362041473,B2-01,1,5
1915,54:F0:B1:BC:36:10,PoliSemFio,29,1284.3597362041473,B2-01,1,5
1916,54:F0:B1:BC:36:11,eduroam,27,1284.3597362041473,B2-01,1,5
1917,54:F0:B1:BC:36:12,,32,1284.3597362041473,B2-01,1,5
1918,54:F0:B1:BC:65:B0,eduroam,25,1284.3597362041473,B2-01,1,5
1919,54:F0:B1:BC:65:B2,,32,1284.3597362041473,B2-01,1,5
1920,54:F0:B1:BC:65:D0,eduroam,17,1284.3597362041473,B2-01,1,5
1921,54:F0:B1:BC:65:D1,PoliSemFio,19,1284.3597362041473,B2-01,1,5
1922,54:F0:B1:BC:65:D2,,19,1284.3597362041473,B2-01,1,5
1923,54:F0:B1:BC:6B:50,eduroam,22,1284.3597362041473,B2-01,1,5
1924,54:F0:B1:BC:6B:51,PoliSemFio,27,1284.3597362041473,B2-01,1,5
1925,54:F0:B1:BC:6B:52,,27,1284.3597362041473,B2-01,1,5
1926,54:F0:B1:BC:6F:71,PoliSemFio,17,1284.3597362041473,B2-01,1,5
1927,54:F0:B1:BC:6F:72,,17,1284.3597362041473,B2-01,1,5
1928,54:F0:B1:BC:70:00,eduroam,40,1284.3597362041473,B2-01,1,5
1929,54:F0:B1:BC:70:01,PoliSemFio,35,1284.3597362041473,B2-01,1,5
1930,54:F0:B1:BC:70:02,,32,1284.3597362041473,B2-01,1,5
1931,54:F0:B1:BC:70:20,eduroam,14,1284.3597362041473,B2-01,1,5
1932,54:F0:B1:BC:70:21,PoliSemFio,17,1284.3597362041473,B2-01,1,5
1933,54:F0:B1:BC:77:80,eduroam,44,1284.3597362041473,B2-01,1,5
1934,54:F0:B1:BC:77:81,PoliSemFio,50,1284.3597362041473,B2-01,1,5
1935,54:F0:B1:BC:77:82,,52,1284.3597362041473,B2-01,1,5
1936,54:F0:B1:BC:77:A0,eduroam,47,1284.3597362041473,B2-01,1,5
1937,54:F0:B1:BC:77:A1,PoliSemFio,47,1284.3597362041473,B2-01,1,5
1938,54:F0:B1:BC:77:A2,,37,1284.3597362041473,B2-01,1,5
1939,54:F0:B1:BC:7C:B0,eduroam,15,1284.3597362041473,B2-01,1,5
1940,54:F0:B1:BC:7C:B1,PoliSemFio,17,1284.3597362041473,B2-01,1,5
1941,54:F0:B1:BC:8F:20,eduroam,27,1284.3597362041473,B2-01,1,5
1942,54:F0:B1:BC:8F:21,PoliSemFio,27,1284.3597362041473,B2-01,1,5
1943,54:F0:B1:BC:8F:22,,27,1284.3597362041473,B2-01,1,5
1944,68:FF:7B:47:78:BD,C1-22M-5G,34,1284.3597362041473,B2-01,1,5
1945,68:FF:7B:47:78:BE,C1-22M,77,1284.3597362041473,B2-01,1,5
1946,70:62:B8:6E:72:A0,PCS-wireless-C1-13,55,1284.3597362041473,B2-01,1,5
1947,70:62:B8:6E:72:A1,PPGEE,57,1284.3597362041473,B2-01,1,5
1948,70:62:B8:6E:72:A2,PCS-wireless-C1-13-5GHz,9,1284.3597362041473,B2-01,1,5
1949,70:62:B8:6E:72:A3,PPGEE-5GHz,9,1284.3597362041473,B2-01,1,5
1950,84:D4:7E:06:4F:E0,eduroam,89,1284.3597362041473,B2-01,1,5
1951,84:D4:7E:06:4F:E1,PoliSemFio,85,1284.3597362041473,B2-01,1,5
1952,84:D4:7E:06:4F:E2,,85,1284.3597362041473,B2-01,1,5
1953,84:D4:7E:06:4F:F0,eduroam,39,1284.3597362041473,B2-01,1,5
1954,84:D4:7E:06:4F:F1,PoliSemFio,39,1284.3597362041473,B2-01,1,5
1955,B0:4E:26:4B:84:C2,C2-01,15,1284.3597362041473,B2-01,1,5
1956,C0:06:C3:29:D5:B2,,19,1284.3597362041473,B2-01,1,5
1957,F8:1A:67:99:55:8E,NUCLEAR_CHF,30,1284.3597362041473,B2-01,1,5
1958,FA:D0:27:3E:69:92,DIRECT-273EE992,19,1284.3597362041473,B2-01,1,5
1959,FE:9F:DB:1C:1F:D7,,19,1284.3597362041473,B2-01,1,5
1960,FE:9F:DB:1C:1F:E0,,25,1284.3597362041473,B2-01,1,5
1961,00:18:E7:FF:8C:98,dlink,37,1287.0040755271912,B2-01,1,5
1962,00:21:91:70:9D:EC,LAB-DIDATICO,19,1287.0040755271912,B2-01,1,5
1963,02:24:A5:BA:CF:02,MyWiFi1600,29,1287.0040755271912,B2-01,1,5
1964,2A:56:5A:49:06:54,DIRECT-54-HP M132f LaserJet,15,1287.0040755271912,B2-01,1,5
1965,34:60:F9:A3:D9:13,GASWIFI-5G_C2,22,1287.0040755271912,B2-01,1,5
1966,34:60:F9:A3:D9:14,GASWIFI-2G_C2,39,1287.0040755271912,B2-01,1,5
1967,34:CE:00:51:3E:6F,Lab,29,1287.0040755271912,B2-01,1,5
1968,34:CE:00:51:3E:70,Lab_5G,7,1287.0040755271912,B2-01,1,5
1969,3A:60:F9:A3:D9:13,,15,1287.0040755271912,B2-01,1,5
1970,48:00:20:34:D2:40,eduroam,40,1287.0040755271912,B2-01,1,5
1971,54:B8:0A:AA:2C:8C,LAB_DIGITAL,49,1287.0040755271912,B2-01,1,5
1972,54:B8:0A:AA:2C:8D,PCS-Wireless,50,1287.0040755271912,B2-01,1,5
1973,54:B8:0A:AA:2C:8E,LAB_DIGITAL-5GHz,12,1287.0040755271912,B2-01,1,5
1974,54:B8:0A:AA:2C:8F,PCS-Wireless-5GHz,14,1287.0040755271912,B2-01,1,5
1975,54:F0:B1:A1:18:C0,eduroam,34,1287.0040755271912,B2-01,1,5
1976,54:F0:B1:A1:18:C1,PoliSemFio,34,1287.0040755271912,B2-01,1,5
1977,54:F0:B1:A1:18:C3,MEZANINO,34,1287.0040755271912,B2-01,1,5
1978,54:F0:B1:A1:18:C4,GDLAB,34,1287.0040755271912,B2-01,1,5
1979,54:F0:B1:A1:18:C5,LABPAD,34,1287.0040755271912,B2-01,1,5
1980,54:F0:B1:A1:18:D0,eduroam,40,1287.0040755271912,B2-01,1,5
1981,54:F0:B1:A1:18:D1,PoliSemFio,40,1287.0040755271912,B2-01,1,5
1982,54:F0:B1:A1:18:D2,,50,1287.0040755271912,B2-01,1,5
1983,54:F0:B1:A1:18:D3,MEZANINO,45,1287.0040755271912,B2-01,1,5
1984,54:F0:B1:A1:18:D4,GDLAB,40,1287.0040755271912,B2-01,1,5
1985,54:F0:B1:A1:18:D5,LABPAD,45,1287.0040755271912,B2-01,1,5
1986,54:F0:B1:A1:57:F0,eduroam,25,1287.0040755271912,B2-01,1,5
1987,54:F0:B1:A1:57:F1,PoliSemFio,24,1287.0040755271912,B2-01,1,5
1988,54:F0:B1:A1:57:F2,,19,1287.0040755271912,B2-01,1,5
1989,54:F0:B1:A1:58:00,eduroam,30,1287.0040755271912,B2-01,1,5
1990,54:F0:B1:A1:58:01,PoliSemFio,27,1287.0040755271912,B2-01,1,5
1991,54:F0:B1:A1:58:02,,27,1287.0040755271912,B2-01,1,5
1992,54:F0:B1:A1:E4:F0,eduroam,22,1287.0040755271912,B2-01,1,5
1993,54:F0:B1:A1:E4:F1,PoliSemFio,22,1287.0040755271912,B2-01,1,5
1994,54:F0:B1:A1:E5:00,eduroam,39,1287.0040755271912,B2-01,1,5
1995,54:F0:B1:A1:E5:01,PoliSemFio,35,1287.0040755271912,B2-01,1,5
1996,54:F0:B1:A1:E5:02,,34,1287.0040755271912,B2-01,1,5
1997,54:F0:B1:A2:37:E0,eduroam,29,1287.0040755271912,B2-01,1,5
1998,54:F0:B1:A2:37:E1,PoliSemFio,27,1287.0040755271912,B2-01,1,5
1999,54:F0:B1:A2:37:E2,,24,1287.0040755271912,B2-01,1,5
2000,54:F0:B1:A2:57:20,eduroam,20,1287.0040755271912,B2-01,1,5
2001,54:F0:B1:A2:57:21,PoliSemFio,20,1287.0040755271912,B2-01,1,5
2002,54:F0:B1:A2:57:22,,14,1287.0040755271912,B2-01,1,5
2003,54:F0:B1:A2:57:23,LCA,22,1287.0040755271912,B2-01,1,5
2004,54:F0:B1:A2:57:30,eduroam,32,1287.0040755271912,B2-01,1,5
2005,54:F0:B1:A2:57:31,PoliSemFio,40,1287.0040755271912,B2-01,1,5
2006,54:F0:B1:A2:57:32,,37,1287.0040755271912,B2-01,1,5
2007,54:F0:B1:A2:57:33,LCA,27,1287.0040755271912,B2-01,1,5
2008,54:F0:B1:BB:58:A3,CAEEL,10,1287.0040755271912,B2-01,1,5
2009,54:F0:B1:BB:5A:80,eduroam,27,1287.0040755271912,B2-01,1,5
2010,54:F0:B1:BB:5A:83,LEP,24,1287.0040755271912,B2-01,1,5
2011,54:F0:B1:BB:80:C0,eduroam,17,1287.0040755271912,B2-01,1,5
2012,54:F0:B1:BB:80:C3,LABPROG,22,1287.0040755271912,B2-01,1,5
2013,54:F0:B1:BB:84:B0,eduroam,20,1287.0040755271912,B2-01,1,5
2014,54:F0:B1:BB:84:B1,PoliSemFio,29,1287.0040755271912,B2-01,1,5
2015,54:F0:B1:BB:84:B2,,25,1287.0040755271912,B2-01,1,5
2016,54:F0:B1:BB:84:D0,eduroam,12,1287.0040755271912,B2-01,1,5
2017,54:F0:B1:BB:84:D1,PoliSemFio,12,1287.0040755271912,B2-01,1,5
2018,54:F0:B1:BB:92:C0,eduroam,27,1287.0040755271912,B2-01,1,5
2019,54:F0:B1:BB:92:E0,eduroam,15,1287.0040755271912,B2-01,1,5
2020,54:F0:B1:BB:92:E1,PoliSemFio,15,1287.0040755271912,B2-01,1,5
2021,54:F0:B1:BB:BC:03,CAEEL,9,1287.0040755271912,B2-01,1,5
2022,54:F0:B1:BB:BE:12,,22,1287.0040755271912,B2-01,1,5
2023,54:F0:B1:BB:BE:13,CAEEL,17,1287.0040755271912,B2-01,1,5
2024,54:F0:B1:BB:C4:D0,eduroam,52,1287.0040755271912,B2-01,1,5
2025,54:F0:B1:BB:C4:D1,PoliSemFio,52,1287.0040755271912,B2-01,1,5
2026,54:F0:B1:BB:C4:D2,,54,1287.0040755271912,B2-01,1,5
2027,54:F0:B1:BB:C4:F0,eduroam,22,1287.0040755271912,B2-01,1,5
2028,54:F0:B1:BB:C4:F1,PoliSemFio,24,1287.0040755271912,B2-01,1,5
2029,54:F0:B1:BB:C5:C0,eduroam,20,1287.0040755271912,B2-01,1,5
2030,54:F0:B1:BB:C5:C5,LABPAD,29,1287.0040755271912,B2-01,1,5
2031,54:F0:B1:BB:C5:E3,MEZANINO,9,1287.0040755271912,B2-01,1,5
2032,54:F0:B1:BB:CC:E0,B209,14,1287.0040755271912,B2-01,1,5
2033,54:F0:B1:BB:D1:90,eduroam,32,1287.0040755271912,B2-01,1,5
2034,54:F0:B1:BB:D1:92,LTE,22,1287.0040755271912,B2-01,1,5
2035,54:F0:B1:BB:F3:20,eduroam,35,1287.0040755271912,B2-01,1,5
2036,54:F0:B1:BB:F3:21,PoliSemFio,25,1287.0040755271912,B2-01,1,5
2037,54:F0:B1:BB:F3:22,,25,1287.0040755271912,B2-01,1,5
2038,54:F0:B1:BB:F3:40,eduroam,9,1287.0040755271912,B2-01,1,5
2039,54:F0:B1:BB:FD:D0,eduroam,15,1287.0040755271912,B2-01,1,5
2040,54:F0:B1:BB:FD:D1,PoliSemFio,25,1287.0040755271912,B2-01,1,5
2041,54:F0:B1:BB:FD:D2,,22,1287.0040755271912,B2-01,1,5
2042,54:F0:B1:BC:09:40,eduroam,10,1287.0040755271912,B2-01,1,5
2043,54:F0:B1:BC:09:41,PoliSemFio,69,1287.0040755271912,B2-01,1,5
2044,54:F0:B1:BC:09:42,,80,1287.0040755271912,B2-01,1,5
2045,54:F0:B1:BC:09:60,eduroam,58,1287.0040755271912,B2-01,1,5
2046,54:F0:B1:BC:09:61,PoliSemFio,45,1287.0040755271912,B2-01,1,5
2047,54:F0:B1:BC:0F:D2,,25,1287.0040755271912,B2-01,1,5
2048,54:F0:B1:BC:1B:D2,,42,1287.0040755271912,B2-01,1,5
2049,54:F0:B1:BC:2E:90,eduroam,60,1287.0040755271912,B2-01,1,5
2050,54:F0:B1:BC:2E:91,PoliSemFio,59,1287.0040755271912,B2-01,1,5
2051,54:F0:B1:BC:2E:92,,55,1287.0040755271912,B2-01,1,5
2052,54:F0:B1:BC:2E:B0,eduroam,20,1287.0040755271912,B2-01,1,5
2053,54:F0:B1:BC:2E:B1,PoliSemFio,19,1287.0040755271912,B2-01,1,5
2054,54:F0:B1:BC:36:10,PoliSemFio,29,1287.0040755271912,B2-01,1,5
2055,54:F0:B1:BC:36:11,eduroam,27,1287.0040755271912,B2-01,1,5
2056,54:F0:B1:BC:36:12,,32,1287.0040755271912,B2-01,1,5
2057,54:F0:B1:BC:65:B0,eduroam,25,1287.0040755271912,B2-01,1,5
2058,54:F0:B1:BC:65:B2,,32,1287.0040755271912,B2-01,1,5
2059,54:F0:B1:BC:65:D0,eduroam,17,1287.0040755271912,B2-01,1,5
2060,54:F0:B1:BC:65:D1,PoliSemFio,19,1287.0040755271912,B2-01,1,5
2061,54:F0:B1:BC:65:D2,,19,1287.0040755271912,B2-01,1,5
2062,54:F0:B1:BC:6B:50,eduroam,22,1287.0040755271912,B2-01,1,5
2063,54:F0:B1:BC:6B:51,PoliSemFio,27,1287.0040755271912,B2-01,1,5
2064,54:F0:B1:BC:6B:52,,27,1287.0040755271912,B2-01,1,5
2065,54:F0:B1:BC:6F:71,PoliSemFio,17,1287.0040755271912,B2-01,1,5
2066,54:F0:B1:BC:6F:72,,17,1287.0040755271912,B2-01,1,5
2067,54:F0:B1:BC:70:00,eduroam,40,1287.0040755271912,B2-01,1,5
2068,54:F0:B1:BC:70:01,PoliSemFio,35,1287.0040755271912,B2-01,1,5
2069,54:F0:B1:BC:70:02,,32,1287.0040755271912,B2-01,1,5
2070,54:F0:B1:BC:70:20,eduroam,14,1287.0040755271912,B2-01,1,5
2071,54:F0:B1:BC:70:21,PoliSemFio,17,1287.0040755271912,B2-01,1,5
2072,54:F0:B1:BC:77:80,eduroam,44,1287.0040755271912,B2-01,1,5
2073,54:F0:B1:BC:77:81,PoliSemFio,50,1287.0040755271912,B2-01,1,5
2074,54:F0:B1:BC:77:82,,52,1287.0040755271912,B2-01,1,5
2075,54:F0:B1:BC:77:A0,eduroam,47,1287.0040755271912,B2-01,1,5
2076,54:F0:B1:BC:77:A1,PoliSemFio,47,1287.0040755271912,B2-01,1,5
2077,54:F0:B1:BC:77:A2,,37,1287.0040755271912,B2-01,1,5
2078,54:F0:B1:BC:7C:B0,eduroam,15,1287.0040755271912,B2-01,1,5
2079,54:F0:B1:BC:7C:B1,PoliSemFio,17,1287.0040755271912,B2-01,1,5
2080,54:F0:B1:BC:8F:20,eduroam,27,1287.0040755271912,B2-01,1,5
2081,54:F0:B1:BC:8F:21,PoliSemFio,27,1287.0040755271912,B2-01,1,5
2082,54:F0:B1:BC:8F:22,,27,1287.0040755271912,B2-01,1,5
2083,68:FF:7B:47:78:BD,C1-22M-5G,34,1287.0040755271912,B2-01,1,5
2084,68:FF:7B:47:78:BE,C1-22M,77,1287.0040755271912,B2-01,1,5
2085,70:62:B8:6E:72:A0,PCS-wireless-C1-13,55,1287.0040755271912,B2-01,1,5
2086,70:62:B8:6E:72:A1,PPGEE,57,1287.0040755271912,B2-01,1,5
2087,70:62:B8:6E:72:A2,PCS-wireless-C1-13-5GHz,9,1287.0040755271912,B2-01,1,5
2088,70:62:B8:6E:72:A3,PPGEE-5GHz,9,1287.0040755271912,B2-01,1,5
2089,84:D4:7E:06:4F:E0,eduroam,89,1287.0040755271912,B2-01,1,5
2090,84:D4:7E:06:4F:E1,PoliSemFio,85,1287.0040755271912,B2-01,1,5
2091,84:D4:7E:06:4F:E2,,85,1287.0040755271912,B2-01,1,5
2092,84:D4:7E:06:4F:F0,eduroam,39,1287.0040755271912,B2-01,1,5
2093,84:D4:7E:06:4F:F1,PoliSemFio,39,1287.0040755271912,B2-01,1,5
2094,B0:4E:26:4B:84:C2,C2-01,15,1287.0040755271912,B2-01,1,5
2095,C0:06:C3:29:D5:B2,,19,1287.0040755271912,B2-01,1,5
2096,F8:1A:67:99:55:8E,NUCLEAR_CHF,30,1287.0040755271912,B2-01,1,5
2097,FA:D0:27:3E:69:92,DIRECT-273EE992,19,1287.0040755271912,B2-01,1,5
2098,FE:9F:DB:1C:1F:D7,,19,1287.0040755271912,B2-01,1,5
2099,FE:9F:DB:1C:1F:E0,,25,1287.0040755271912,B2-01,1,5
2100,00:18:E7:FF:8C:98,dlink,37,1293.3346121311188,B2-01,1,5
2101,00:21:91:70:9D:EC,LAB-DIDATICO,27,1293.3346121311188,B2-01,1,5
2102,34:60:F9:A3:D9:13,GASWIFI-5G_C2,22,1293.3346121311188,B2-01,1,5
2103,34:60:F9:A3:D9:14,GASWIFI-2G_C2,39,1293.3346121311188,B2-01,1,5
2104,34:CE:00:51:3E:6F,Lab,29,1293.3346121311188,B2-01,1,5
2105,34:CE:00:51:3E:70,Lab_5G,15,1293.3346121311188,B2-01,1,5
2106,48:00:20:34:D2:40,eduroam,40,1293.3346121311188,B2-01,1,5
2107,54:B8:0A:AA:2C:8C,LAB_DIGITAL,42,1293.3346121311188,B2-01,1,5
2108,54:B8:0A:AA:2C:8D,PCS-Wireless,42,1293.3346121311188,B2-01,1,5
2109,54:B8:0A:AA:2C:8E,LAB_DIGITAL-5GHz,12,1293.3346121311188,B2-01,1,5
2110,54:B8:0A:AA:2C:8F,PCS-Wireless-5GHz,14,1293.3346121311188,B2-01,1,5
2111,54:F0:B1:A1:18:C0,eduroam,42,1293.3346121311188,B2-01,1,5
2112,54:F0:B1:A1:18:C1,PoliSemFio,42,1293.3346121311188,B2-01,1,5
2113,54:F0:B1:A1:18:C2,,44,1293.3346121311188,B2-01,1,5
2114,54:F0:B1:A1:18:C3,MEZANINO,42,1293.3346121311188,B2-01,1,5
2115,54:F0:B1:A1:18:C4,GDLAB,42,1293.3346121311188,B2-01,1,5
2116,54:F0:B1:A1:18:C5,LABPAD,42,1293.3346121311188,B2-01,1,5
2117,54:F0:B1:A1:18:D0,eduroam,62,1293.3346121311188,B2-01,1,5
2118,54:F0:B1:A1:18:D1,PoliSemFio,64,1293.3346121311188,B2-01,1,5
2119,54:F0:B1:A1:18:D2,,62,1293.3346121311188,B2-01,1,5
2120,54:F0:B1:A1:18:D3,MEZANINO,64,1293.3346121311188,B2-01,1,5
2121,54:F0:B1:A1:18:D4,GDLAB,64,1293.3346121311188,B2-01,1,5
2122,54:F0:B1:A1:18:D5,LABPAD,45,1293.3346121311188,B2-01,1,5
2123,54:F0:B1:A1:57:F0,eduroam,24,1293.3346121311188,B2-01,1,5
2124,54:F0:B1:A1:57:F1,PoliSemFio,22,1293.3346121311188,B2-01,1,5
2125,54:F0:B1:A1:58:00,eduroam,30,1293.3346121311188,B2-01,1,5
2126,54:F0:B1:A1:58:01,PoliSemFio,27,1293.3346121311188,B2-01,1,5
2127,54:F0:B1:A1:E4:F0,eduroam,22,1293.3346121311188,B2-01,1,5
2128,54:F0:B1:A1:E4:F1,PoliSemFio,22,1293.3346121311188,B2-01,1,5
2129,54:F0:B1:A1:E5:00,eduroam,39,1293.3346121311188,B2-01,1,5
2130,54:F0:B1:A1:E5:02,,34,1293.3346121311188,B2-01,1,5
2131,54:F0:B1:A2:37:E0,eduroam,29,1293.3346121311188,B2-01,1,5
2132,54:F0:B1:A2:37:E1,PoliSemFio,32,1293.3346121311188,B2-01,1,5
2133,54:F0:B1:A2:37:E2,,24,1293.3346121311188,B2-01,1,5
2134,54:F0:B1:A2:57:20,eduroam,24,1293.3346121311188,B2-01,1,5
2135,54:F0:B1:A2:57:21,PoliSemFio,24,1293.3346121311188,B2-01,1,5
2136,54:F0:B1:A2:57:22,,14,1293.3346121311188,B2-01,1,5
2137,54:F0:B1:A2:57:23,LCA,24,1293.3346121311188,B2-01,1,5
2138,54:F0:B1:A2:57:30,eduroam,40,1293.3346121311188,B2-01,1,5
2139,54:F0:B1:A2:57:31,PoliSemFio,35,1293.3346121311188,B2-01,1,5
2140,54:F0:B1:A2:57:32,,34,1293.3346121311188,B2-01,1,5
2141,54:F0:B1:A2:57:33,LCA,32,1293.3346121311188,B2-01,1,5
2142,54:F0:B1:BB:58:A3,CAEEL,10,1293.3346121311188,B2-01,1,5
2143,54:F0:B1:BB:58:C1,PoliSemFio,14,1293.3346121311188,B2-01,1,5
2144,54:F0:B1:BB:58:C3,CAEEL,14,1293.3346121311188,B2-01,1,5
2145,54:F0:B1:BB:5A:80,eduroam,27,1293.3346121311188,B2-01,1,5
2146,54:F0:B1:BB:5A:81,PoliSemFio,25,1293.3346121311188,B2-01,1,5
2147,54:F0:B1:BB:5A:82,HACKER,27,1293.3346121311188,B2-01,1,5
2148,54:F0:B1:BB:5A:83,LEP,24,1293.3346121311188,B2-01,1,5
2149,54:F0:B1:BB:80:C0,eduroam,17,1293.3346121311188,B2-01,1,5
2150,54:F0:B1:BB:80:C1,PoliSemFio,29,1293.3346121311188,B2-01,1,5
2151,54:F0:B1:BB:80:C3,LABPROG,22,1293.3346121311188,B2-01,1,5
2152,54:F0:B1:BB:84:B0,eduroam,20,1293.3346121311188,B2-01,1,5
2153,54:F0:B1:BB:84:B1,PoliSemFio,29,1293.3346121311188,B2-01,1,5
2154,54:F0:B1:BB:84:B2,,25,1293.3346121311188,B2-01,1,5
2155,54:F0:B1:BB:84:D0,eduroam,12,1293.3346121311188,B2-01,1,5
2156,54:F0:B1:BB:84:D1,PoliSemFio,12,1293.3346121311188,B2-01,1,5
2157,54:F0:B1:BB:92:C0,eduroam,27,1293.3346121311188,B2-01,1,5
2158,54:F0:B1:BB:92:E0,eduroam,15,1293.3346121311188,B2-01,1,5
2159,54:F0:B1:BB:92:E1,PoliSemFio,15,1293.3346121311188,B2-01,1,5
2160,54:F0:B1:BB:92:E2,,17,1293.3346121311188,B2-01,1,5
2161,54:F0:B1:BB:BC:03,CAEEL,9,1293.3346121311188,B2-01,1,5
2162,54:F0:B1:BB:BE:10,eduroam,17,1293.3346121311188,B2-01,1,5
2163,54:F0:B1:BB:BE:11,PoliSemFio,22,1293.3346121311188,B2-01,1,5
2164,54:F0:B1:BB:BE:12,,22,1293.3346121311188,B2-01,1,5
2165,54:F0:B1:BB:BE:13,CAEEL,17,1293.3346121311188,B2-01,1,5
2166,54:F0:B1:BB:C4:D0,eduroam,52,1293.3346121311188,B2-01,1,5
2167,54:F0:B1:BB:C4:D1,PoliSemFio,52,1293.3346121311188,B2-01,1,5
2168,54:F0:B1:BB:C4:D2,,50,1293.3346121311188,B2-01,1,5
2169,54:F0:B1:BB:C4:F0,eduroam,32,1293.3346121311188,B2-01,1,5
2170,54:F0:B1:BB:C4:F1,PoliSemFio,24,1293.3346121311188,B2-01,1,5
2171,54:F0:B1:BB:C5:C0,eduroam,19,1293.3346121311188,B2-01,1,5
2172,54:F0:B1:BB:C5:C5,LABPAD,29,1293.3346121311188,B2-01,1,5
2173,54:F0:B1:BB:CC:E0,B209,14,1293.3346121311188,B2-01,1,5
2174,54:F0:B1:BB:D1:90,eduroam,32,1293.3346121311188,B2-01,1,5
2175,54:F0:B1:BB:D1:92,LTE,22,1293.3346121311188,B2-01,1,5
2176,54:F0:B1:BB:F3:20,eduroam,35,1293.3346121311188,B2-01,1,5
2177,54:F0:B1:BB:F3:21,PoliSemFio,25,1293.3346121311188,B2-01,1,5
2178,54:F0:B1:BB:F3:22,,24,1293.3346121311188,B2-01,1,5
2179,54:F0:B1:BB:FD:D0,eduroam,25,1293.3346121311188,B2-01,1,5
2180,54:F0:B1:BB:FD:D1,PoliSemFio,25,1293.3346121311188,B2-01,1,5
2181,54:F0:B1:BB:FD:D2,,29,1293.3346121311188,B2-01,1,5
2182,54:F0:B1:BC:09:40,eduroam,84,1293.3346121311188,B2-01,1,5
2183,54:F0:B1:BC:09:41,PoliSemFio,80,1293.3346121311188,B2-01,1,5
2184,54:F0:B1:BC:09:42,,80,1293.3346121311188,B2-01,1,5
2185,54:F0:B1:BC:09:60,eduroam,57,1293.3346121311188,B2-01,1,5
2186,54:F0:B1:BC:09:61,PoliSemFio,62,1293.3346121311188,B2-01,1,5
2187,54:F0:B1:BC:1B:D2,,42,1293.3346121311188,B2-01,1,5
2188,54:F0:B1:BC:2E:90,eduroam,55,1293.3346121311188,B2-01,1,5
2189,54:F0:B1:BC:2E:91,PoliSemFio,59,1293.3346121311188,B2-01,1,5
2190,54:F0:B1:BC:2E:92,,40,1293.3346121311188,B2-01,1,5
2191,54:F0:B1:BC:2E:B0,eduroam,20,1293.3346121311188,B2-01,1,5
2192,54:F0:B1:BC:2E:B1,PoliSemFio,19,1293.3346121311188,B2-01,1,5
2193,54:F0:B1:BC:36:10,PoliSemFio,29,1293.3346121311188,B2-01,1,5
2194,54:F0:B1:BC:36:11,eduroam,25,1293.3346121311188,B2-01,1,5
2195,54:F0:B1:BC:36:12,,30,1293.3346121311188,B2-01,1,5
2196,54:F0:B1:BC:3F:12,,27,1293.3346121311188,B2-01,1,5
2197,54:F0:B1:BC:65:B0,eduroam,25,1293.3346121311188,B2-01,1,5
2198,54:F0:B1:BC:65:D0,eduroam,17,1293.3346121311188,B2-01,1,5
2199,54:F0:B1:BC:65:D1,PoliSemFio,19,1293.3346121311188,B2-01,1,5
2200,54:F0:B1:BC:65:D2,,19,1293.3346121311188,B2-01,1,5
2201,54:F0:B1:BC:6B:50,eduroam,22,1293.3346121311188,B2-01,1,5
2202,54:F0:B1:BC:6B:51,PoliSemFio,24,1293.3346121311188,B2-01,1,5
2203,54:F0:B1:BC:6B:52,,24,1293.3346121311188,B2-01,1,5
2204,54:F0:B1:BC:6F:71,PoliSemFio,17,1293.3346121311188,B2-01,1,5
2205,54:F0:B1:BC:6F:72,,24,1293.3346121311188,B2-01,1,5
2206,54:F0:B1:BC:70:00,eduroam,40,1293.3346121311188,B2-01,1,5
2207,54:F0:B1:BC:70:01,PoliSemFio,35,1293.3346121311188,B2-01,1,5
2208,54:F0:B1:BC:70:02,,32,1293.3346121311188,B2-01,1,5
2209,54:F0:B1:BC:70:20,eduroam,14,1293.3346121311188,B2-01,1,5
2210,54:F0:B1:BC:70:21,PoliSemFio,14,1293.3346121311188,B2-01,1,5
2211,54:F0:B1:BC:77:80,eduroam,59,1293.3346121311188,B2-01,1,5
2212,54:F0:B1:BC:77:81,PoliSemFio,62,1293.3346121311188,B2-01,1,5
2213,54:F0:B1:BC:77:82,,52,1293.3346121311188,B2-01,1,5
2214,54:F0:B1:BC:77:A0,eduroam,37,1293.3346121311188,B2-01,1,5
2215,54:F0:B1:BC:77:A1,PoliSemFio,37,1293.3346121311188,B2-01,1,5
2216,54:F0:B1:BC:77:A2,,37,1293.3346121311188,B2-01,1,5
2217,54:F0:B1:BC:8F:20,eduroam,27,1293.3346121311188,B2-01,1,5
2218,54:F0:B1:BC:8F:21,PoliSemFio,29,1293.3346121311188,B2-01,1,5
2219,54:F0:B1:BC:8F:22,,27,1293.3346121311188,B2-01,1,5
2220,54:F0:B1:BC:8F:40,eduroam,14,1293.3346121311188,B2-01,1,5
2221,54:F0:B1:BC:8F:41,PoliSemFio,14,1293.3346121311188,B2-01,1,5
2222,54:F0:B1:BC:8F:42,,10,1293.3346121311188,B2-01,1,5
2223,68:FF:7B:47:78:BD,C1-22M-5G,22,1293.3346121311188,B2-01,1,5
2224,68:FF:7B:47:78:BE,C1-22M,77,1293.3346121311188,B2-01,1,5
2225,70:62:B8:6E:72:A0,PCS-wireless-C1-13,52,1293.3346121311188,B2-01,1,5
2226,70:62:B8:6E:72:A1,PPGEE,52,1293.3346121311188,B2-01,1,5
2227,70:62:B8:6E:72:A2,PCS-wireless-C1-13-5GHz,9,1293.3346121311188,B2-01,1,5
2228,70:62:B8:6E:72:A3,PPGEE-5GHz,9,1293.3346121311188,B2-01,1,5
2229,84:D4:7E:06:4F:E0,eduroam,67,1293.3346121311188,B2-01,1,5
2230,84:D4:7E:06:4F:E1,PoliSemFio,72,1293.3346121311188,B2-01,1,5
2231,84:D4:7E:06:4F:E2,,72,1293.3346121311188,B2-01,1,5
2232,84:D4:7E:06:4F:F0,eduroam,50,1293.3346121311188,B2-01,1,5
2233,84:D4:7E:06:4F:F1,PoliSemFio,49,1293.3346121311188,B2-01,1,5
2234,B0:4E:26:4B:84:C2,C2-01,15,1293.3346121311188,B2-01,1,5
2235,C0:06:C3:29:D5:B2,,19,1293.3346121311188,B2-01,1,5
2236,F8:1A:67:99:55:8E,NUCLEAR_CHF,30,1293.3346121311188,B2-01,1,5
2237,FA:D0:27:3E:69:92,DIRECT-273EE992,19,1293.3346121311188,B2-01,1,5
2238,00:18:E7:FF:8C:98,dlink,27,1303.2874445915222,B2-01,1,5
2239,00:21:91:70:9D:EC,LAB-DIDATICO,27,1303.2874445915222,B2-01,1,5
2240,34:60:F9:A3:D9:13,GASWIFI-5G_C2,15,1303.2874445915222,B2-01,1,5
2241,34:60:F9:A3:D9:14,GASWIFI-2G_C2,29,1303.2874445915222,B2-01,1,5
2242,34:CE:00:51:3E:6F,Lab,32,1303.2874445915222,B2-01,1,5
2243,34:CE:00:51:3E:70,Lab_5G,15,1303.2874445915222,B2-01,1,5
2244,48:00:20:34:D2:40,eduroam,40,1303.2874445915222,B2-01,1,5
2245,54:B8:0A:AA:2C:8C,LAB_DIGITAL,44,1303.2874445915222,B2-01,1,5
2246,54:B8:0A:AA:2C:8D,PCS-Wireless,39,1303.2874445915222,B2-01,1,5
2247,54:B8:0A:AA:2C:8E,LAB_DIGITAL-5GHz,12,1303.2874445915222,B2-01,1,5
2248,54:B8:0A:AA:2C:8F,PCS-Wireless-5GHz,14,1303.2874445915222,B2-01,1,5
2249,54:F0:B1:A1:18:C0,eduroam,32,1303.2874445915222,B2-01,1,5
2250,54:F0:B1:A1:18:C1,PoliSemFio,32,1303.2874445915222,B2-01,1,5
2251,54:F0:B1:A1:18:C2,,44,1303.2874445915222,B2-01,1,5
2252,54:F0:B1:A1:18:C3,MEZANINO,32,1303.2874445915222,B2-01,1,5
2253,54:F0:B1:A1:18:C4,GDLAB,32,1303.2874445915222,B2-01,1,5
2254,54:F0:B1:A1:18:C5,LABPAD,32,1303.2874445915222,B2-01,1,5
2255,54:F0:B1:A1:18:D0,eduroam,62,1303.2874445915222,B2-01,1,5
2256,54:F0:B1:A1:18:D1,PoliSemFio,32,1303.2874445915222,B2-01,1,5
2257,54:F0:B1:A1:18:D2,,62,1303.2874445915222,B2-01,1,5
2258,54:F0:B1:A1:18:D3,MEZANINO,35,1303.2874445915222,B2-01,1,5
2259,54:F0:B1:A1:18:D4,GDLAB,34,1303.2874445915222,B2-01,1,5
2260,54:F0:B1:A1:18:D5,LABPAD,35,1303.2874445915222,B2-01,1,5
2261,54:F0:B1:A1:57:F0,eduroam,24,1303.2874445915222,B2-01,1,5
2262,54:F0:B1:A1:57:F1,PoliSemFio,22,1303.2874445915222,B2-01,1,5
2263,54:F0:B1:A1:58:00,eduroam,30,1303.2874445915222,B2-01,1,5
2264,54:F0:B1:A1:58:01,PoliSemFio,27,1303.2874445915222,B2-01,1,5
2265,54:F0:B1:A1:E4:F0,eduroam,15,1303.2874445915222,B2-01,1,5
2266,54:F0:B1:A1:E4:F1,PoliSemFio,17,1303.2874445915222,B2-01,1,5
2267,54:F0:B1:A1:E5:00,eduroam,29,1303.2874445915222,B2-01,1,5
2268,54:F0:B1:A1:E5:02,,34,1303.2874445915222,B2-01,1,5
2269,54:F0:B1:A2:37:E0,eduroam,29,1303.2874445915222,B2-01,1,5
2270,54:F0:B1:A2:37:E1,PoliSemFio,32,1303.2874445915222,B2-01,1,5
2271,54:F0:B1:A2:37:E2,,24,1303.2874445915222,B2-01,1,5
2272,54:F0:B1:A2:57:20,eduroam,19,1303.2874445915222,B2-01,1,5
2273,54:F0:B1:A2:57:21,PoliSemFio,19,1303.2874445915222,B2-01,1,5
2274,54:F0:B1:A2:57:22,,19,1303.2874445915222,B2-01,1,5
2275,54:F0:B1:A2:57:23,LCA,20,1303.2874445915222,B2-01,1,5
2276,54:F0:B1:A2:57:30,eduroam,40,1303.2874445915222,B2-01,1,5
2277,54:F0:B1:A2:57:31,PoliSemFio,35,1303.2874445915222,B2-01,1,5
2278,54:F0:B1:A2:57:32,,34,1303.2874445915222,B2-01,1,5
2279,54:F0:B1:A2:57:33,LCA,30,1303.2874445915222,B2-01,1,5
2280,54:F0:B1:BB:58:A3,CAEEL,10,1303.2874445915222,B2-01,1,5
2281,54:F0:B1:BB:58:C1,PoliSemFio,14,1303.2874445915222,B2-01,1,5
2282,54:F0:B1:BB:58:C3,CAEEL,14,1303.2874445915222,B2-01,1,5
2283,54:F0:B1:BB:5A:80,eduroam,27,1303.2874445915222,B2-01,1,5
2284,54:F0:B1:BB:5A:81,PoliSemFio,25,1303.2874445915222,B2-01,1,5
2285,54:F0:B1:BB:5A:82,HACKER,27,1303.2874445915222,B2-01,1,5
2286,54:F0:B1:BB:5A:83,LEP,24,1303.2874445915222,B2-01,1,5
2287,54:F0:B1:BB:7E:E0,eduroam,15,1303.2874445915222,B2-01,1,5
2288,54:F0:B1:BB:80:C0,eduroam,17,1303.2874445915222,B2-01,1,5
2289,54:F0:B1:BB:80:C1,PoliSemFio,29,1303.2874445915222,B2-01,1,5
2290,54:F0:B1:BB:80:C3,LABPROG,22,1303.2874445915222,B2-01,1,5
2291,54:F0:B1:BB:84:B0,eduroam,34,1303.2874445915222,B2-01,1,5
2292,54:F0:B1:BB:84:B1,PoliSemFio,42,1303.2874445915222,B2-01,1,5
2293,54:F0:B1:BB:84:B2,,40,1303.2874445915222,B2-01,1,5
2294,54:F0:B1:BB:84:D0,eduroam,14,1303.2874445915222,B2-01,1,5
2295,54:F0:B1:BB:84:D1,PoliSemFio,15,1303.2874445915222,B2-01,1,5
2296,54:F0:B1:BB:92:C0,eduroam,27,1303.2874445915222,B2-01,1,5
2297,54:F0:B1:BB:92:E0,eduroam,15,1303.2874445915222,B2-01,1,5
2298,54:F0:B1:BB:92:E1,PoliSemFio,15,1303.2874445915222,B2-01,1,5
2299,54:F0:B1:BB:92:E2,,17,1303.2874445915222,B2-01,1,5
2300,54:F0:B1:BB:BC:03,CAEEL,9,1303.2874445915222,B2-01,1,5
2301,54:F0:B1:BB:BE:10,eduroam,17,1303.2874445915222,B2-01,1,5
2302,54:F0:B1:BB:BE:11,PoliSemFio,22,1303.2874445915222,B2-01,1,5
2303,54:F0:B1:BB:BE:12,,22,1303.2874445915222,B2-01,1,5
2304,54:F0:B1:BB:BE:13,CAEEL,17,1303.2874445915222,B2-01,1,5
2305,54:F0:B1:BB:C4:D0,eduroam,40,1303.2874445915222,B2-01,1,5
2306,54:F0:B1:BB:C4:D1,PoliSemFio,42,1303.2874445915222,B2-01,1,5
2307,54:F0:B1:BB:C4:D2,,44,1303.2874445915222,B2-01,1,5
2308,54:F0:B1:BB:C4:F0,eduroam,15,1303.2874445915222,B2-01,1,5
2309,54:F0:B1:BB:C4:F1,PoliSemFio,24,1303.2874445915222,B2-01,1,5
2310,54:F0:B1:BB:C5:C0,eduroam,19,1303.2874445915222,B2-01,1,5
2311,54:F0:B1:BB:C5:C5,LABPAD,29,1303.2874445915222,B2-01,1,5
2312,54:F0:B1:BB:CC:E0,B209,14,1303.2874445915222,B2-01,1,5
2313,54:F0:B1:BB:D1:90,eduroam,32,1303.2874445915222,B2-01,1,5
2314,54:F0:B1:BB:D1:92,LTE,22,1303.2874445915222,B2-01,1,5
2315,54:F0:B1:BB:F3:20,eduroam,35,1303.2874445915222,B2-01,1,5
2316,54:F0:B1:BB:F3:21,PoliSemFio,25,1303.2874445915222,B2-01,1,5
2317,54:F0:B1:BB:F3:22,,24,1303.2874445915222,B2-01,1,5
2318,54:F0:B1:BB:FD:D0,eduroam,25,1303.2874445915222,B2-01,1,5
2319,54:F0:B1:BB:FD:D1,PoliSemFio,25,1303.2874445915222,B2-01,1,5
2320,54:F0:B1:BB:FD:D2,,29,1303.2874445915222,B2-01,1,5
2321,54:F0:B1:BC:09:40,eduroam,67,1303.2874445915222,B2-01,1,5
2322,54:F0:B1:BC:09:41,PoliSemFio,65,1303.2874445915222,B2-01,1,5
2323,54:F0:B1:BC:09:42,,80,1303.2874445915222,B2-01,1,5
2324,54:F0:B1:BC:09:60,eduroam,65,1303.2874445915222,B2-01,1,5
2325,54:F0:B1:BC:09:61,PoliSemFio,65,1303.2874445915222,B2-01,1,5
2326,54:F0:B1:BC:2E:90,eduroam,50,1303.2874445915222,B2-01,1,5
2327,54:F0:B1:BC:2E:91,PoliSemFio,59,1303.2874445915222,B2-01,1,5
2328,54:F0:B1:BC:2E:92,,40,1303.2874445915222,B2-01,1,5
2329,54:F0:B1:BC:2E:B0,eduroam,15,1303.2874445915222,B2-01,1,5
2330,54:F0:B1:BC:2E:B1,PoliSemFio,17,1303.2874445915222,B2-01,1,5
2331,54:F0:B1:BC:36:10,PoliSemFio,29,1303.2874445915222,B2-01,1,5
2332,54:F0:B1:BC:36:11,eduroam,17,1303.2874445915222,B2-01,1,5
2333,54:F0:B1:BC:36:12,,30,1303.2874445915222,B2-01,1,5
2334,54:F0:B1:BC:36:30,PoliSemFio,10,1303.2874445915222,B2-01,1,5
2335,54:F0:B1:BC:36:31,eduroam,12,1303.2874445915222,B2-01,1,5
2336,54:F0:B1:BC:3F:12,,27,1303.2874445915222,B2-01,1,5
2337,54:F0:B1:BC:65:B0,eduroam,25,1303.2874445915222,B2-01,1,5
2338,54:F0:B1:BC:65:D0,eduroam,17,1303.2874445915222,B2-01,1,5
2339,54:F0:B1:BC:65:D1,PoliSemFio,19,1303.2874445915222,B2-01,1,5
2340,54:F0:B1:BC:65:D2,,19,1303.2874445915222,B2-01,1,5
2341,54:F0:B1:BC:6B:50,eduroam,22,1303.2874445915222,B2-01,1,5
2342,54:F0:B1:BC:6B:51,PoliSemFio,24,1303.2874445915222,B2-01,1,5
2343,54:F0:B1:BC:6B:52,,24,1303.2874445915222,B2-01,1,5
2344,54:F0:B1:BC:6F:70,eduroam,25,1303.2874445915222,B2-01,1,5
2345,54:F0:B1:BC:6F:71,PoliSemFio,24,1303.2874445915222,B2-01,1,5
2346,54:F0:B1:BC:6F:72,,22,1303.2874445915222,B2-01,1,5
2347,54:F0:B1:BC:70:01,PoliSemFio,35,1303.2874445915222,B2-01,1,5
2348,54:F0:B1:BC:70:02,,32,1303.2874445915222,B2-01,1,5
2349,54:F0:B1:BC:70:20,eduroam,14,1303.2874445915222,B2-01,1,5
2350,54:F0:B1:BC:70:21,PoliSemFio,14,1303.2874445915222,B2-01,1,5
2351,54:F0:B1:BC:77:80,eduroam,57,1303.2874445915222,B2-01,1,5
2352,54:F0:B1:BC:77:81,PoliSemFio,55,1303.2874445915222,B2-01,1,5
2353,54:F0:B1:BC:77:82,,55,1303.2874445915222,B2-01,1,5
2354,54:F0:B1:BC:77:A0,eduroam,44,1303.2874445915222,B2-01,1,5
2355,54:F0:B1:BC:77:A1,PoliSemFio,42,1303.2874445915222,B2-01,1,5
2356,54:F0:B1:BC:77:A2,,44,1303.2874445915222,B2-01,1,5
2357,54:F0:B1:BC:8F:20,eduroam,27,1303.2874445915222,B2-01,1,5
2358,54:F0:B1:BC:8F:21,PoliSemFio,29,1303.2874445915222,B2-01,1,5
2359,54:F0:B1:BC:8F:22,,27,1303.2874445915222,B2-01,1,5
2360,54:F0:B1:BC:8F:40,eduroam,14,1303.2874445915222,B2-01,1,5
2361,54:F0:B1:BC:8F:41,PoliSemFio,14,1303.2874445915222,B2-01,1,5
2362,54:F0:B1:BC:8F:42,,10,1303.2874445915222,B2-01,1,5
2363,68:FF:7B:47:78:BD,C1-22M-5G,34,1303.2874445915222,B2-01,1,5
2364,68:FF:7B:47:78:BE,C1-22M,54,1303.2874445915222,B2-01,1,5
2365,70:62:B8:6E:72:A0,PCS-wireless-C1-13,34,1303.2874445915222,B2-01,1,5
2366,70:62:B8:6E:72:A1,PPGEE,34,1303.2874445915222,B2-01,1,5
2367,70:62:B8:6E:72:A2,PCS-wireless-C1-13-5GHz,9,1303.2874445915222,B2-01,1,5
2368,70:62:B8:6E:72:A3,PPGEE-5GHz,9,1303.2874445915222,B2-01,1,5
2369,84:D4:7E:06:4F:E0,eduroam,69,1303.2874445915222,B2-01,1,5
2370,84:D4:7E:06:4F:E1,PoliSemFio,69,1303.2874445915222,B2-01,1,5
2371,84:D4:7E:06:4F:E2,,69,1303.2874445915222,B2-01,1,5
2372,84:D4:7E:06:4F:F0,eduroam,50,1303.2874445915222,B2-01,1,5
2373,84:D4:7E:06:4F:F1,PoliSemFio,49,1303.2874445915222,B2-01,1,5
2374,B0:4E:26:4B:84:C2,C2-01,15,1303.2874445915222,B2-01,1,5
2375,C0:06:C3:29:D5:B2,,19,1303.2874445915222,B2-01,1,5
2376,F8:1A:67:99:55:8E,NUCLEAR_CHF,32,1303.2874445915222,B2-01,1,5
2377,FA:D0:27:3E:69:92,DIRECT-273EE992,19,1303.2874445915222,B2-01,1,5
2378,00:18:E7:FF:8C:98,dlink,27,1305.9142565727234,B2-01,1,5
2379,00:21:91:70:9D:EC,LAB-DIDATICO,27,1305.9142565727234,B2-01,1,5
2380,34:60:F9:A3:D9:13,GASWIFI-5G_C2,15,1305.9142565727234,B2-01,1,5
2381,34:60:F9:A3:D9:14,GASWIFI-2G_C2,29,1305.9142565727234,B2-01,1,5
2382,34:CE:00:51:3E:6F,Lab,32,1305.9142565727234,B2-01,1,5
2383,34:CE:00:51:3E:70,Lab_5G,15,1305.9142565727234,B2-01,1,5
2384,48:00:20:34:D2:40,eduroam,40,1305.9142565727234,B2-01,1,5
2385,54:B8:0A:AA:2C:8C,LAB_DIGITAL,44,1305.9142565727234,B2-01,1,5
2386,54:B8:0A:AA:2C:8D,PCS-Wireless,39,1305.9142565727234,B2-01,1,5
2387,54:B8:0A:AA:2C:8E,LAB_DIGITAL-5GHz,12,1305.9142565727234,B2-01,1,5
2388,54:B8:0A:AA:2C:8F,PCS-Wireless-5GHz,14,1305.9142565727234,B2-01,1,5
2389,54:F0:B1:A1:18:C0,eduroam,32,1305.9142565727234,B2-01,1,5
2390,54:F0:B1:A1:18:C1,PoliSemFio,32,1305.9142565727234,B2-01,1,5
2391,54:F0:B1:A1:18:C2,,44,1305.9142565727234,B2-01,1,5
2392,54:F0:B1:A1:18:C3,MEZANINO,32,1305.9142565727234,B2-01,1,5
2393,54:F0:B1:A1:18:C4,GDLAB,32,1305.9142565727234,B2-01,1,5
2394,54:F0:B1:A1:18:C5,LABPAD,32,1305.9142565727234,B2-01,1,5
2395,54:F0:B1:A1:18:D0,eduroam,62,1305.9142565727234,B2-01,1,5
2396,54:F0:B1:A1:18:D1,PoliSemFio,32,1305.9142565727234,B2-01,1,5
2397,54:F0:B1:A1:18:D2,,62,1305.9142565727234,B2-01,1,5
2398,54:F0:B1:A1:18:D3,MEZANINO,35,1305.9142565727234,B2-01,1,5
2399,54:F0:B1:A1:18:D4,GDLAB,34,1305.9142565727234,B2-01,1,5
2400,54:F0:B1:A1:18:D5,LABPAD,35,1305.9142565727234,B2-01,1,5
2401,54:F0:B1:A1:57:F0,eduroam,24,1305.9142565727234,B2-01,1,5
2402,54:F0:B1:A1:57:F1,PoliSemFio,22,1305.9142565727234,B2-01,1,5
2403,54:F0:B1:A1:58:00,eduroam,30,1305.9142565727234,B2-01,1,5
2404,54:F0:B1:A1:58:01,PoliSemFio,27,1305.9142565727234,B2-01,1,5
2405,54:F0:B1:A1:E4:F0,eduroam,15,1305.9142565727234,B2-01,1,5
2406,54:F0:B1:A1:E4:F1,PoliSemFio,17,1305.9142565727234,B2-01,1,5
2407,54:F0:B1:A1:E5:00,eduroam,29,1305.9142565727234,B2-01,1,5
2408,54:F0:B1:A1:E5:02,,34,1305.9142565727234,B2-01,1,5
2409,54:F0:B1:A2:37:E0,eduroam,29,1305.9142565727234,B2-01,1,5
2410,54:F0:B1:A2:37:E1,PoliSemFio,32,1305.9142565727234,B2-01,1,5
2411,54:F0:B1:A2:37:E2,,24,1305.9142565727234,B2-01,1,5
2412,54:F0:B1:A2:57:20,eduroam,19,1305.9142565727234,B2-01,1,5
2413,54:F0:B1:A2:57:21,PoliSemFio,19,1305.9142565727234,B2-01,1,5
2414,54:F0:B1:A2:57:22,,19,1305.9142565727234,B2-01,1,5
2415,54:F0:B1:A2:57:23,LCA,20,1305.9142565727234,B2-01,1,5
2416,54:F0:B1:A2:57:30,eduroam,40,1305.9142565727234,B2-01,1,5
2417,54:F0:B1:A2:57:31,PoliSemFio,35,1305.9142565727234,B2-01,1,5
2418,54:F0:B1:A2:57:32,,34,1305.9142565727234,B2-01,1,5
2419,54:F0:B1:A2:57:33,LCA,30,1305.9142565727234,B2-01,1,5
2420,54:F0:B1:BB:58:A3,CAEEL,10,1305.9142565727234,B2-01,1,5
2421,54:F0:B1:BB:58:C1,PoliSemFio,14,1305.9142565727234,B2-01,1,5
2422,54:F0:B1:BB:58:C3,CAEEL,14,1305.9142565727234,B2-01,1,5
2423,54:F0:B1:BB:5A:80,eduroam,27,1305.9142565727234,B2-01,1,5
2424,54:F0:B1:BB:5A:81,PoliSemFio,25,1305.9142565727234,B2-01,1,5
2425,54:F0:B1:BB:5A:82,HACKER,27,1305.9142565727234,B2-01,1,5
2426,54:F0:B1:BB:5A:83,LEP,24,1305.9142565727234,B2-01,1,5
2427,54:F0:B1:BB:7E:E0,eduroam,15,1305.9142565727234,B2-01,1,5
2428,54:F0:B1:BB:80:C0,eduroam,17,1305.9142565727234,B2-01,1,5
2429,54:F0:B1:BB:80:C1,PoliSemFio,29,1305.9142565727234,B2-01,1,5
2430,54:F0:B1:BB:80:C3,LABPROG,22,1305.9142565727234,B2-01,1,5
2431,54:F0:B1:BB:84:B0,eduroam,34,1305.9142565727234,B2-01,1,5
2432,54:F0:B1:BB:84:B1,PoliSemFio,42,1305.9142565727234,B2-01,1,5
2433,54:F0:B1:BB:84:B2,,40,1305.9142565727234,B2-01,1,5
2434,54:F0:B1:BB:84:D0,eduroam,14,1305.9142565727234,B2-01,1,5
2435,54:F0:B1:BB:84:D1,PoliSemFio,15,1305.9142565727234,B2-01,1,5
2436,54:F0:B1:BB:92:C0,eduroam,27,1305.9142565727234,B2-01,1,5
2437,54:F0:B1:BB:92:E0,eduroam,15,1305.9142565727234,B2-01,1,5
2438,54:F0:B1:BB:92:E1,PoliSemFio,15,1305.9142565727234,B2-01,1,5
2439,54:F0:B1:BB:92:E2,,17,1305.9142565727234,B2-01,1,5
2440,54:F0:B1:BB:BC:03,CAEEL,9,1305.9142565727234,B2-01,1,5
2441,54:F0:B1:BB:BE:10,eduroam,17,1305.9142565727234,B2-01,1,5
2442,54:F0:B1:BB:BE:11,PoliSemFio,22,1305.9142565727234,B2-01,1,5
2443,54:F0:B1:BB:BE:12,,22,1305.9142565727234,B2-01,1,5
2444,54:F0:B1:BB:BE:13,CAEEL,17,1305.9142565727234,B2-01,1,5
2445,54:F0:B1:BB:C4:D0,eduroam,40,1305.9142565727234,B2-01,1,5
2446,54:F0:B1:BB:C4:D1,PoliSemFio,42,1305.9142565727234,B2-01,1,5
2447,54:F0:B1:BB:C4:D2,,44,1305.9142565727234,B2-01,1,5
2448,54:F0:B1:BB:C4:F0,eduroam,15,1305.9142565727234,B2-01,1,5
2449,54:F0:B1:BB:C4:F1,PoliSemFio,24,1305.9142565727234,B2-01,1,5
2450,54:F0:B1:BB:C5:C0,eduroam,19,1305.9142565727234,B2-01,1,5
2451,54:F0:B1:BB:C5:C5,LABPAD,29,1305.9142565727234,B2-01,1,5
2452,54:F0:B1:BB:CC:E0,B209,14,1305.9142565727234,B2-01,1,5
2453,54:F0:B1:BB:D1:90,eduroam,32,1305.9142565727234,B2-01,1,5
2454,54:F0:B1:BB:D1:92,LTE,22,1305.9142565727234,B2-01,1,5
2455,54:F0:B1:BB:F3:20,eduroam,35,1305.9142565727234,B2-01,1,5
2456,54:F0:B1:BB:F3:21,PoliSemFio,25,1305.9142565727234,B2-01,1,5
2457,54:F0:B1:BB:F3:22,,24,1305.9142565727234,B2-01,1,5
2458,54:F0:B1:BB:FD:D0,eduroam,25,1305.9142565727234,B2-01,1,5
2459,54:F0:B1:BB:FD:D1,PoliSemFio,25,1305.9142565727234,B2-01,1,5
2460,54:F0:B1:BB:FD:D2,,29,1305.9142565727234,B2-01,1,5
2461,54:F0:B1:BC:09:40,eduroam,67,1305.9142565727234,B2-01,1,5
2462,54:F0:B1:BC:09:41,PoliSemFio,65,1305.9142565727234,B2-01,1,5
2463,54:F0:B1:BC:09:42,,80,1305.9142565727234,B2-01,1,5
2464,54:F0:B1:BC:09:60,eduroam,62,1305.9142565727234,B2-01,1,5
2465,54:F0:B1:BC:09:61,PoliSemFio,65,1305.9142565727234,B2-01,1,5
2466,54:F0:B1:BC:2E:90,eduroam,50,1305.9142565727234,B2-01,1,5
2467,54:F0:B1:BC:2E:91,PoliSemFio,59,1305.9142565727234,B2-01,1,5
2468,54:F0:B1:BC:2E:92,,40,1305.9142565727234,B2-01,1,5
2469,54:F0:B1:BC:2E:B0,eduroam,15,1305.9142565727234,B2-01,1,5
2470,54:F0:B1:BC:2E:B1,PoliSemFio,17,1305.9142565727234,B2-01,1,5
2471,54:F0:B1:BC:36:10,PoliSemFio,29,1305.9142565727234,B2-01,1,5
2472,54:F0:B1:BC:36:11,eduroam,17,1305.9142565727234,B2-01,1,5
2473,54:F0:B1:BC:36:12,,30,1305.9142565727234,B2-01,1,5
2474,54:F0:B1:BC:36:30,PoliSemFio,10,1305.9142565727234,B2-01,1,5
2475,54:F0:B1:BC:36:31,eduroam,12,1305.9142565727234,B2-01,1,5
2476,54:F0:B1:BC:3F:12,,27,1305.9142565727234,B2-01,1,5
2477,54:F0:B1:BC:65:B0,eduroam,25,1305.9142565727234,B2-01,1,5
2478,54:F0:B1:BC:65:D0,eduroam,17,1305.9142565727234,B2-01,1,5
2479,54:F0:B1:BC:65:D1,PoliSemFio,19,1305.9142565727234,B2-01,1,5
2480,54:F0:B1:BC:65:D2,,19,1305.9142565727234,B2-01,1,5
2481,54:F0:B1:BC:6B:50,eduroam,22,1305.9142565727234,B2-01,1,5
2482,54:F0:B1:BC:6B:51,PoliSemFio,24,1305.9142565727234,B2-01,1,5
2483,54:F0:B1:BC:6B:52,,24,1305.9142565727234,B2-01,1,5
2484,54:F0:B1:BC:6F:70,eduroam,25,1305.9142565727234,B2-01,1,5
2485,54:F0:B1:BC:6F:71,PoliSemFio,24,1305.9142565727234,B2-01,1,5
2486,54:F0:B1:BC:6F:72,,22,1305.9142565727234,B2-01,1,5
2487,54:F0:B1:BC:70:01,PoliSemFio,35,1305.9142565727234,B2-01,1,5
2488,54:F0:B1:BC:70:02,,32,1305.9142565727234,B2-01,1,5
2489,54:F0:B1:BC:70:20,eduroam,14,1305.9142565727234,B2-01,1,5
2490,54:F0:B1:BC:70:21,PoliSemFio,14,1305.9142565727234,B2-01,1,5
2491,54:F0:B1:BC:77:80,eduroam,57,1305.9142565727234,B2-01,1,5
2492,54:F0:B1:BC:77:81,PoliSemFio,55,1305.9142565727234,B2-01,1,5
2493,54:F0:B1:BC:77:82,,55,1305.9142565727234,B2-01,1,5
2494,54:F0:B1:BC:77:A0,eduroam,44,1305.9142565727234,B2-01,1,5
2495,54:F0:B1:BC:77:A1,PoliSemFio,42,1305.9142565727234,B2-01,1,5
2496,54:F0:B1:BC:77:A2,,44,1305.9142565727234,B2-01,1,5
2497,54:F0:B1:BC:8F:20,eduroam,27,1305.9142565727234,B2-01,1,5
2498,54:F0:B1:BC:8F:21,PoliSemFio,29,1305.9142565727234,B2-01,1,5
2499,54:F0:B1:BC:8F:22,,27,1305.9142565727234,B2-01,1,5
2500,54:F0:B1:BC:8F:40,eduroam,14,1305.9142565727234,B2-01,1,5
2501,54:F0:B1:BC:8F:41,PoliSemFio,14,1305.9142565727234,B2-01,1,5
2502,54:F0:B1:BC:8F:42,,10,1305.9142565727234,B2-01,1,5
2503,68:FF:7B:47:78:BD,C1-22M-5G,34,1305.9142565727234,B2-01,1,5
2504,68:FF:7B:47:78:BE,C1-22M,54,1305.9142565727234,B2-01,1,5
2505,70:62:B8:6E:72:A0,PCS-wireless-C1-13,34,1305.9142565727234,B2-01,1,5
2506,70:62:B8:6E:72:A1,PPGEE,34,1305.9142565727234,B2-01,1,5
2507,70:62:B8:6E:72:A2,PCS-wireless-C1-13-5GHz,9,1305.9142565727234,B2-01,1,5
2508,70:62:B8:6E:72:A3,PPGEE-5GHz,9,1305.9142565727234,B2-01,1,5
2509,84:D4:7E:06:4F:E0,eduroam,69,1305.9142565727234,B2-01,1,5
2510,84:D4:7E:06:4F:E1,PoliSemFio,69,1305.9142565727234,B2-01,1,5
2511,84:D4:7E:06:4F:E2,,69,1305.9142565727234,B2-01,1,5
2512,84:D4:7E:06:4F:F0,eduroam,50,1305.9142565727234,B2-01,1,5
2513,84:D4:7E:06:4F:F1,PoliSemFio,49,1305.9142565727234,B2-01,1,5
2514,B0:4E:26:4B:84:C2,C2-01,15,1305.9142565727234,B2-01,1,5
2515,C0:06:C3:29:D5:B2,,19,1305.9142565727234,B2-01,1,5
2516,F8:1A:67:99:55:8E,NUCLEAR_CHF,32,1305.9142565727234,B2-01,1,5
2517,FA:D0:27:3E:69:92,DIRECT-273EE992,19,1305.9142565727234,B2-01,1,5
