,ap_mac,ap_name,rssi,timestamp,room,door_status,room_part
0,30:85:A9:69:F2:E4,PCS-Wireless-C2-22,29,683.025194644928,B2-01,1,2
1,34:60:F9:A3:D9:13,GASWIFI-5G_C2,14,683.025194644928,B2-01,1,2
2,34:60:F9:A3:D9:14,GASWIFI-2G_C2,25,683.025194644928,B2-01,1,2
3,34:60:F9:A3:E7:3F,GASWIFI_C4,29,683.025194644928,B2-01,1,2
4,34:CE:00:51:3E:6F,Lab,45,683.025194644928,B2-01,1,2
5,34:CE:00:51:3E:70,Lab_5G,24,683.025194644928,B2-01,1,2
6,3A:60:F9:A3:D9:13,,15,683.025194644928,B2-01,1,2
7,3A:60:F9:A3:D9:14,,19,683.025194644928,B2-01,1,2
8,44:D2:44:DC:2E:01,PROJETOR_B2-06-EC89sIpciG1AUef,40,683.025194644928,B2-01,1,2
9,54:B8:0A:AA:2C:8C,LAB_DIGITAL,15,683.025194644928,B2-01,1,2
10,54:B8:0A:AA:2C:8D,PCS-Wireless,24,683.025194644928,B2-01,1,2
11,54:F0:B1:A1:18:C0,eduroam,17,683.025194644928,B2-01,1,2
12,54:F0:B1:A1:18:C1,PoliSemFio,15,683.025194644928,B2-01,1,2
13,54:F0:B1:A1:18:C3,MEZANINO,15,683.025194644928,B2-01,1,2
14,54:F0:B1:A1:18:C4,GDLAB,17,683.025194644928,B2-01,1,2
15,54:F0:B1:A1:18:C5,LABPAD,15,683.025194644928,B2-01,1,2
16,54:F0:B1:A1:18:D0,eduroam,42,683.025194644928,B2-01,1,2
17,54:F0:B1:A1:18:D1,PoliSemFio,37,683.025194644928,B2-01,1,2
18,54:F0:B1:A1:18:D2,,27,683.025194644928,B2-01,1,2
19,54:F0:B1:A1:18:D3,MEZANINO,27,683.025194644928,B2-01,1,2
20,54:F0:B1:A1:18:D4,GDLAB,40,683.025194644928,B2-01,1,2
21,54:F0:B1:A1:18:D5,LABPAD,42,683.025194644928,B2-01,1,2
22,54:F0:B1:A1:57:F0,eduroam,14,683.025194644928,B2-01,1,2
23,54:F0:B1:A1:57:F1,PoliSemFio,12,683.025194644928,B2-01,1,2
24,54:F0:B1:A1:58:00,eduroam,24,683.025194644928,B2-01,1,2
25,54:F0:B1:A1:58:01,PoliSemFio,25,683.025194644928,B2-01,1,2
26,54:F0:B1:A1:58:02,,25,683.025194644928,B2-01,1,2
27,54:F0:B1:A1:E5:00,eduroam,30,683.025194644928,B2-01,1,2
28,54:F0:B1:A2:56:71,PoliSemFio,27,683.025194644928,B2-01,1,2
29,54:F0:B1:A2:56:72,,34,683.025194644928,B2-01,1,2
30,54:F0:B1:A2:57:30,eduroam,34,683.025194644928,B2-01,1,2
31,54:F0:B1:A2:57:31,PoliSemFio,29,683.025194644928,B2-01,1,2
32,54:F0:B1:A2:57:33,LCA,32,683.025194644928,B2-01,1,2
33,54:F0:B1:BB:5A:80,eduroam,29,683.025194644928,B2-01,1,2
34,54:F0:B1:BB:5A:81,PoliSemFio,29,683.025194644928,B2-01,1,2
35,54:F0:B1:BB:5A:82,HACKER,34,683.025194644928,B2-01,1,2
36,54:F0:B1:BB:5A:83,LEP,42,683.025194644928,B2-01,1,2
37,54:F0:B1:BB:80:C3,LABPROG,20,683.025194644928,B2-01,1,2
38,54:F0:B1:BB:84:B0,eduroam,19,683.025194644928,B2-01,1,2
39,54:F0:B1:BB:84:B2,,25,683.025194644928,B2-01,1,2
40,54:F0:B1:BB:BE:13,CAEEL,17,683.025194644928,B2-01,1,2
41,54:F0:B1:BB:C4:D0,eduroam,55,683.025194644928,B2-01,1,2
42,54:F0:B1:BB:C4:D1,PoliSemFio,52,683.025194644928,B2-01,1,2
43,54:F0:B1:BB:C4:D2,,54,683.025194644928,B2-01,1,2
44,54:F0:B1:BB:C4:F0,eduroam,34,683.025194644928,B2-01,1,2
45,54:F0:B1:BB:C4:F1,PoliSemFio,34,683.025194644928,B2-01,1,2
46,54:F0:B1:BB:C4:F2,,35,683.025194644928,B2-01,1,2
47,54:F0:B1:BB:CD:A0,eduroam,12,683.025194644928,B2-01,1,2
48,54:F0:B1:BB:F3:20,eduroam,22,683.025194644928,B2-01,1,2
49,54:F0:B1:BB:F3:21,PoliSemFio,25,683.025194644928,B2-01,1,2
50,54:F0:B1:BB:F3:22,,25,683.025194644928,B2-01,1,2
51,54:F0:B1:BB:FD:D0,eduroam,17,683.025194644928,B2-01,1,2
52,54:F0:B1:BB:FD:D2,,25,683.025194644928,B2-01,1,2
53,54:F0:B1:BC:09:40,eduroam,87,683.025194644928,B2-01,1,2
54,54:F0:B1:BC:09:41,PoliSemFio,95,683.025194644928,B2-01,1,2
55,54:F0:B1:BC:09:42,,95,683.025194644928,B2-01,1,2
56,54:F0:B1:BC:09:60,eduroam,70,683.025194644928,B2-01,1,2
57,54:F0:B1:BC:09:61,PoliSemFio,80,683.025194644928,B2-01,1,2
58,54:F0:B1:BC:1B:D0,eduroam,34,683.025194644928,B2-01,1,2
59,54:F0:B1:BC:1B:D1,PoliSemFio,54,683.025194644928,B2-01,1,2
60,54:F0:B1:BC:1B:D2,,54,683.025194644928,B2-01,1,2
61,54:F0:B1:BC:1B:F0,eduroam,19,683.025194644928,B2-01,1,2
62,54:F0:B1:BC:1B:F1,PoliSemFio,19,683.025194644928,B2-01,1,2
63,54:F0:B1:BC:2E:90,eduroam,49,683.025194644928,B2-01,1,2
64,54:F0:B1:BC:2E:92,,49,683.025194644928,B2-01,1,2
65,54:F0:B1:BC:2E:B0,eduroam,42,683.025194644928,B2-01,1,2
66,54:F0:B1:BC:2E:B1,PoliSemFio,42,683.025194644928,B2-01,1,2
67,54:F0:B1:BC:2F:50,eduroam,15,683.025194644928,B2-01,1,2
68,54:F0:B1:BC:2F:52,,17,683.025194644928,B2-01,1,2
69,54:F0:B1:BC:36:10,PoliSemFio,30,683.025194644928,B2-01,1,2
70,54:F0:B1:BC:36:11,eduroam,30,683.025194644928,B2-01,1,2
71,54:F0:B1:BC:3F:10,eduroam,32,683.025194644928,B2-01,1,2
72,54:F0:B1:BC:3F:12,,34,683.025194644928,B2-01,1,2
73,54:F0:B1:BC:65:B0,eduroam,14,683.025194644928,B2-01,1,2
74,54:F0:B1:BC:6F:70,eduroam,14,683.025194644928,B2-01,1,2
75,54:F0:B1:BC:70:00,eduroam,37,683.025194644928,B2-01,1,2
76,54:F0:B1:BC:70:01,PoliSemFio,52,683.025194644928,B2-01,1,2
77,54:F0:B1:BC:70:02,,45,683.025194644928,B2-01,1,2
78,54:F0:B1:BC:70:20,eduroam,14,683.025194644928,B2-01,1,2
79,54:F0:B1:BC:70:21,PoliSemFio,15,683.025194644928,B2-01,1,2
80,54:F0:B1:BC:77:80,eduroam,49,683.025194644928,B2-01,1,2
81,54:F0:B1:BC:77:81,PoliSemFio,49,683.025194644928,B2-01,1,2
82,54:F0:B1:BC:77:82,,47,683.025194644928,B2-01,1,2
83,54:F0:B1:BC:77:A0,eduroam,19,683.025194644928,B2-01,1,2
84,54:F0:B1:BC:77:A1,PoliSemFio,20,683.025194644928,B2-01,1,2
85,54:F0:B1:BC:8F:20,eduroam,20,683.025194644928,B2-01,1,2
86,68:FF:7B:47:78:BE,C1-22M,32,683.025194644928,B2-01,1,2
87,70:62:B8:6E:72:A0,PCS-wireless-C1-13,25,683.025194644928,B2-01,1,2
88,70:62:B8:6E:72:A1,PPGEE,29,683.025194644928,B2-01,1,2
89,84:D4:7E:06:4F:E0,eduroam,57,683.025194644928,B2-01,1,2
90,84:D4:7E:06:4F:E1,PoliSemFio,60,683.025194644928,B2-01,1,2
91,84:D4:7E:06:4F:E2,,60,683.025194644928,B2-01,1,2
92,84:D4:7E:06:4F:F0,eduroam,17,683.025194644928,B2-01,1,2
93,84:D4:7E:06:4F:F1,PoliSemFio,22,683.025194644928,B2-01,1,2
94,84:D4:7E:06:4F:F2,,17,683.025194644928,B2-01,1,2
95,DC:9F:DB:1C:1F:D7,LWN-3,22,683.025194644928,B2-01,1,2
96,DE:9F:DB:1C:1F:E0,LARC Guest,42,683.025194644928,B2-01,1,2
97,F8:1A:67:99:55:8E,NUCLEAR_CHF,24,683.025194644928,B2-01,1,2
98,FE:9F:DB:1C:1F:E0,,42,683.025194644928,B2-01,1,2
99,00:21:91:70:9D:EC,LAB-DIDATICO,44,685.6504406929016,B2-01,1,2
100,30:85:A9:69:F2:E4,PCS-Wireless-C2-22,29,685.6504406929016,B2-01,1,2
101,34:60:F9:A3:D9:13,GASWIFI-5G_C2,14,685.6504406929016,B2-01,1,2
102,34:60:F9:A3:D9:14,GASWIFI-2G_C2,25,685.6504406929016,B2-01,1,2
103,34:60:F9:A3:E7:3F,GASWIFI_C4,29,685.6504406929016,B2-01,1,2
104,34:CE:00:51:3E:6F,Lab,49,685.6504406929016,B2-01,1,2
105,34:CE:00:51:3E:70,Lab_5G,14,685.6504406929016,B2-01,1,2
106,3A:60:F9:A3:D9:13,,15,685.6504406929016,B2-01,1,2
107,3A:60:F9:A3:D9:14,,19,685.6504406929016,B2-01,1,2
108,44:D2:44:DC:2E:01,PROJETOR_B2-06-EC89sIpciG1AUef,40,685.6504406929016,B2-01,1,2
109,54:B8:0A:AA:2C:8C,LAB_DIGITAL,37,685.6504406929016,B2-01,1,2
110,54:B8:0A:AA:2C:8D,PCS-Wireless,40,685.6504406929016,B2-01,1,2
111,54:F0:B1:A1:18:C0,eduroam,19,685.6504406929016,B2-01,1,2
112,54:F0:B1:A1:18:C1,PoliSemFio,14,685.6504406929016,B2-01,1,2
113,54:F0:B1:A1:18:C3,MEZANINO,15,685.6504406929016,B2-01,1,2
114,54:F0:B1:A1:18:C4,GDLAB,15,685.6504406929016,B2-01,1,2
115,54:F0:B1:A1:18:C5,LABPAD,15,685.6504406929016,B2-01,1,2
116,54:F0:B1:A1:18:D0,eduroam,42,685.6504406929016,B2-01,1,2
117,54:F0:B1:A1:18:D1,PoliSemFio,37,685.6504406929016,B2-01,1,2
118,54:F0:B1:A1:18:D2,,35,685.6504406929016,B2-01,1,2
119,54:F0:B1:A1:18:D3,MEZANINO,34,685.6504406929016,B2-01,1,2
120,54:F0:B1:A1:18:D4,GDLAB,37,685.6504406929016,B2-01,1,2
121,54:F0:B1:A1:18:D5,LABPAD,37,685.6504406929016,B2-01,1,2
122,54:F0:B1:A1:57:F0,eduroam,14,685.6504406929016,B2-01,1,2
123,54:F0:B1:A1:57:F1,PoliSemFio,15,685.6504406929016,B2-01,1,2
124,54:F0:B1:A1:58:00,eduroam,49,685.6504406929016,B2-01,1,2
125,54:F0:B1:A1:58:01,PoliSemFio,50,685.6504406929016,B2-01,1,2
126,54:F0:B1:A1:58:02,,49,685.6504406929016,B2-01,1,2
127,54:F0:B1:A1:E5:00,eduroam,30,685.6504406929016,B2-01,1,2
128,54:F0:B1:A1:E5:02,,35,685.6504406929016,B2-01,1,2
129,54:F0:B1:A2:56:71,PoliSemFio,27,685.6504406929016,B2-01,1,2
130,54:F0:B1:A2:56:72,,34,685.6504406929016,B2-01,1,2
131,54:F0:B1:A2:57:30,eduroam,35,685.6504406929016,B2-01,1,2
132,54:F0:B1:A2:57:31,PoliSemFio,34,685.6504406929016,B2-01,1,2
133,54:F0:B1:A2:57:33,LCA,35,685.6504406929016,B2-01,1,2
134,54:F0:B1:BB:5A:80,eduroam,34,685.6504406929016,B2-01,1,2
135,54:F0:B1:BB:5A:81,PoliSemFio,29,685.6504406929016,B2-01,1,2
136,54:F0:B1:BB:5A:82,HACKER,34,685.6504406929016,B2-01,1,2
137,54:F0:B1:BB:5A:83,LEP,42,685.6504406929016,B2-01,1,2
138,54:F0:B1:BB:80:C3,LABPROG,20,685.6504406929016,B2-01,1,2
139,54:F0:B1:BB:84:B0,eduroam,19,685.6504406929016,B2-01,1,2
140,54:F0:B1:BB:84:B2,,25,685.6504406929016,B2-01,1,2
141,54:F0:B1:BB:BE:13,CAEEL,19,685.6504406929016,B2-01,1,2
142,54:F0:B1:BB:C4:D0,eduroam,24,685.6504406929016,B2-01,1,2
143,54:F0:B1:BB:C4:D1,PoliSemFio,90,685.6504406929016,B2-01,1,2
144,54:F0:B1:BB:C4:D2,,54,685.6504406929016,B2-01,1,2
145,54:F0:B1:BB:C4:F0,eduroam,52,685.6504406929016,B2-01,1,2
146,54:F0:B1:BB:C4:F1,PoliSemFio,52,685.6504406929016,B2-01,1,2
147,54:F0:B1:BB:C4:F2,,35,685.6504406929016,B2-01,1,2
148,54:F0:B1:BB:CD:A0,eduroam,12,685.6504406929016,B2-01,1,2
149,54:F0:B1:BB:F3:21,PoliSemFio,25,685.6504406929016,B2-01,1,2
150,54:F0:B1:BB:F3:22,,25,685.6504406929016,B2-01,1,2
151,54:F0:B1:BB:FD:D0,eduroam,17,685.6504406929016,B2-01,1,2
152,54:F0:B1:BB:FD:D2,,25,685.6504406929016,B2-01,1,2
153,54:F0:B1:BC:09:40,eduroam,82,685.6504406929016,B2-01,1,2
154,54:F0:B1:BC:09:41,PoliSemFio,85,685.6504406929016,B2-01,1,2
155,54:F0:B1:BC:09:42,,95,685.6504406929016,B2-01,1,2
156,54:F0:B1:BC:09:60,eduroam,69,685.6504406929016,B2-01,1,2
157,54:F0:B1:BC:09:61,PoliSemFio,69,685.6504406929016,B2-01,1,2
158,54:F0:B1:BC:1B:D0,eduroam,54,685.6504406929016,B2-01,1,2
159,54:F0:B1:BC:1B:D1,PoliSemFio,54,685.6504406929016,B2-01,1,2
160,54:F0:B1:BC:1B:D2,,54,685.6504406929016,B2-01,1,2
161,54:F0:B1:BC:1B:F0,eduroam,17,685.6504406929016,B2-01,1,2
162,54:F0:B1:BC:1B:F1,PoliSemFio,12,685.6504406929016,B2-01,1,2
163,54:F0:B1:BC:2E:90,eduroam,69,685.6504406929016,B2-01,1,2
164,54:F0:B1:BC:2E:B0,eduroam,17,685.6504406929016,B2-01,1,2
165,54:F0:B1:BC:2E:B1,PoliSemFio,20,685.6504406929016,B2-01,1,2
166,54:F0:B1:BC:2F:50,eduroam,22,685.6504406929016,B2-01,1,2
167,54:F0:B1:BC:2F:52,,17,685.6504406929016,B2-01,1,2
168,54:F0:B1:BC:36:10,PoliSemFio,30,685.6504406929016,B2-01,1,2
169,54:F0:B1:BC:36:11,eduroam,10,685.6504406929016,B2-01,1,2
170,54:F0:B1:BC:3F:10,eduroam,32,685.6504406929016,B2-01,1,2
171,54:F0:B1:BC:3F:12,,34,685.6504406929016,B2-01,1,2
172,54:F0:B1:BC:65:B0,eduroam,14,685.6504406929016,B2-01,1,2
173,54:F0:B1:BC:6F:70,eduroam,14,685.6504406929016,B2-01,1,2
174,54:F0:B1:BC:70:00,eduroam,70,685.6504406929016,B2-01,1,2
175,54:F0:B1:BC:70:01,PoliSemFio,65,685.6504406929016,B2-01,1,2
176,54:F0:B1:BC:70:02,,72,685.6504406929016,B2-01,1,2
177,54:F0:B1:BC:70:20,eduroam,40,685.6504406929016,B2-01,1,2
178,54:F0:B1:BC:70:21,PoliSemFio,40,685.6504406929016,B2-01,1,2
179,54:F0:B1:BC:77:80,eduroam,40,685.6504406929016,B2-01,1,2
180,54:F0:B1:BC:77:81,PoliSemFio,49,685.6504406929016,B2-01,1,2
181,54:F0:B1:BC:77:82,,47,685.6504406929016,B2-01,1,2
182,54:F0:B1:BC:77:A0,eduroam,15,685.6504406929016,B2-01,1,2
183,54:F0:B1:BC:77:A1,PoliSemFio,17,685.6504406929016,B2-01,1,2
184,54:F0:B1:BC:8F:20,eduroam,20,685.6504406929016,B2-01,1,2
185,68:FF:7B:47:78:BE,C1-22M,47,685.6504406929016,B2-01,1,2
186,70:62:B8:6E:72:A0,PCS-wireless-C1-13,49,685.6504406929016,B2-01,1,2
187,70:62:B8:6E:72:A1,PPGEE,54,685.6504406929016,B2-01,1,2
188,84:D4:7E:06:4F:E0,eduroam,80,685.6504406929016,B2-01,1,2
189,84:D4:7E:06:4F:F0,eduroam,22,685.6504406929016,B2-01,1,2
190,84:D4:7E:06:4F:F1,PoliSemFio,22,685.6504406929016,B2-01,1,2
191,84:D4:7E:06:4F:F2,,17,685.6504406929016,B2-01,1,2
192,B6:4E:26:4B:84:C2,C2-01-Guest,30,685.6504406929016,B2-01,1,2
193,DC:9F:DB:1C:1F:D7,LWN-3,22,685.6504406929016,B2-01,1,2
194,DE:9F:DB:1C:1F:E0,LARC Guest,42,685.6504406929016,B2-01,1,2
195,EE:9F:DB:1C:1F:E0,,45,685.6504406929016,B2-01,1,2
196,F8:1A:67:99:55:8E,NUCLEAR_CHF,24,685.6504406929016,B2-01,1,2
197,FE:9F:DB:1C:1F:E0,,42,685.6504406929016,B2-01,1,2
198,00:21:91:70:9D:EC,LAB-DIDATICO,44,688.2734160423279,B2-01,1,2
199,30:85:A9:69:F2:E4,PCS-Wireless-C2-22,29,688.2734160423279,B2-01,1,2
200,34:60:F9:A3:D9:13,GASWIFI-5G_C2,14,688.2734160423279,B2-01,1,2
201,34:60:F9:A3:D9:14,GASWIFI-2G_C2,25,688.2734160423279,B2-01,1,2
202,34:60:F9:A3:E7:3F,GASWIFI_C4,29,688.2734160423279,B2-01,1,2
203,34:CE:00:51:3E:6F,Lab,49,688.2734160423279,B2-01,1,2
204,34:CE:00:51:3E:70,Lab_5G,14,688.2734160423279,B2-01,1,2
205,3A:60:F9:A3:D9:13,,15,688.2734160423279,B2-01,1,2
206,3A:60:F9:A3:D9:14,,19,688.2734160423279,B2-01,1,2
207,44:D2:44:DC:2E:01,PROJETOR_B2-06-EC89sIpciG1AUef,40,688.2734160423279,B2-01,1,2
208,54:B8:0A:AA:2C:8C,LAB_DIGITAL,37,688.2734160423279,B2-01,1,2
209,54:B8:0A:AA:2C:8D,PCS-Wireless,40,688.2734160423279,B2-01,1,2
210,54:F0:B1:A1:18:C0,eduroam,19,688.2734160423279,B2-01,1,2
211,54:F0:B1:A1:18:C1,PoliSemFio,14,688.2734160423279,B2-01,1,2
212,54:F0:B1:A1:18:C3,MEZANINO,15,688.2734160423279,B2-01,1,2
213,54:F0:B1:A1:18:C4,GDLAB,15,688.2734160423279,B2-01,1,2
214,54:F0:B1:A1:18:C5,LABPAD,15,688.2734160423279,B2-01,1,2
215,54:F0:B1:A1:18:D0,eduroam,42,688.2734160423279,B2-01,1,2
216,54:F0:B1:A1:18:D1,PoliSemFio,37,688.2734160423279,B2-01,1,2
217,54:F0:B1:A1:18:D2,,35,688.2734160423279,B2-01,1,2
218,54:F0:B1:A1:18:D3,MEZANINO,34,688.2734160423279,B2-01,1,2
219,54:F0:B1:A1:18:D4,GDLAB,37,688.2734160423279,B2-01,1,2
220,54:F0:B1:A1:18:D5,LABPAD,37,688.2734160423279,B2-01,1,2
221,54:F0:B1:A1:57:F0,eduroam,14,688.2734160423279,B2-01,1,2
222,54:F0:B1:A1:57:F1,PoliSemFio,15,688.2734160423279,B2-01,1,2
223,54:F0:B1:A1:58:00,eduroam,49,688.2734160423279,B2-01,1,2
224,54:F0:B1:A1:58:01,PoliSemFio,50,688.2734160423279,B2-01,1,2
225,54:F0:B1:A1:58:02,,49,688.2734160423279,B2-01,1,2
226,54:F0:B1:A1:E5:00,eduroam,30,688.2734160423279,B2-01,1,2
227,54:F0:B1:A1:E5:02,,35,688.2734160423279,B2-01,1,2
228,54:F0:B1:A2:56:71,PoliSemFio,27,688.2734160423279,B2-01,1,2
229,54:F0:B1:A2:56:72,,34,688.2734160423279,B2-01,1,2
230,54:F0:B1:A2:57:30,eduroam,35,688.2734160423279,B2-01,1,2
231,54:F0:B1:A2:57:31,PoliSemFio,34,688.2734160423279,B2-01,1,2
232,54:F0:B1:A2:57:33,LCA,35,688.2734160423279,B2-01,1,2
233,54:F0:B1:BB:5A:80,eduroam,34,688.2734160423279,B2-01,1,2
234,54:F0:B1:BB:5A:81,PoliSemFio,29,688.2734160423279,B2-01,1,2
235,54:F0:B1:BB:5A:82,HACKER,34,688.2734160423279,B2-01,1,2
236,54:F0:B1:BB:5A:83,LEP,42,688.2734160423279,B2-01,1,2
237,54:F0:B1:BB:80:C3,LABPROG,20,688.2734160423279,B2-01,1,2
238,54:F0:B1:BB:84:B0,eduroam,19,688.2734160423279,B2-01,1,2
239,54:F0:B1:BB:84:B2,,25,688.2734160423279,B2-01,1,2
240,54:F0:B1:BB:BE:13,CAEEL,19,688.2734160423279,B2-01,1,2
241,54:F0:B1:BB:C4:D0,eduroam,24,688.2734160423279,B2-01,1,2
242,54:F0:B1:BB:C4:D1,PoliSemFio,90,688.2734160423279,B2-01,1,2
243,54:F0:B1:BB:C4:D2,,54,688.2734160423279,B2-01,1,2
244,54:F0:B1:BB:C4:F0,eduroam,52,688.2734160423279,B2-01,1,2
245,54:F0:B1:BB:C4:F1,PoliSemFio,52,688.2734160423279,B2-01,1,2
246,54:F0:B1:BB:C4:F2,,35,688.2734160423279,B2-01,1,2
247,54:F0:B1:BB:CD:A0,eduroam,12,688.2734160423279,B2-01,1,2
248,54:F0:B1:BB:F3:21,PoliSemFio,25,688.2734160423279,B2-01,1,2
249,54:F0:B1:BB:F3:22,,25,688.2734160423279,B2-01,1,2
250,54:F0:B1:BB:FD:D0,eduroam,17,688.2734160423279,B2-01,1,2
251,54:F0:B1:BB:FD:D2,,25,688.2734160423279,B2-01,1,2
252,54:F0:B1:BC:09:40,eduroam,82,688.2734160423279,B2-01,1,2
253,54:F0:B1:BC:09:41,PoliSemFio,85,688.2734160423279,B2-01,1,2
254,54:F0:B1:BC:09:42,,95,688.2734160423279,B2-01,1,2
255,54:F0:B1:BC:09:60,eduroam,63,688.2734160423279,B2-01,1,2
256,54:F0:B1:BC:09:61,PoliSemFio,69,688.2734160423279,B2-01,1,2
257,54:F0:B1:BC:1B:D0,eduroam,54,688.2734160423279,B2-01,1,2
258,54:F0:B1:BC:1B:D1,PoliSemFio,54,688.2734160423279,B2-01,1,2
259,54:F0:B1:BC:1B:D2,,54,688.2734160423279,B2-01,1,2
260,54:F0:B1:BC:1B:F0,eduroam,17,688.2734160423279,B2-01,1,2
261,54:F0:B1:BC:1B:F1,PoliSemFio,12,688.2734160423279,B2-01,1,2
262,54:F0:B1:BC:2E:90,eduroam,69,688.2734160423279,B2-01,1,2
263,54:F0:B1:BC:2E:B0,eduroam,17,688.2734160423279,B2-01,1,2
264,54:F0:B1:BC:2E:B1,PoliSemFio,20,688.2734160423279,B2-01,1,2
265,54:F0:B1:BC:2F:50,eduroam,22,688.2734160423279,B2-01,1,2
266,54:F0:B1:BC:2F:52,,17,688.2734160423279,B2-01,1,2
267,54:F0:B1:BC:36:10,PoliSemFio,30,688.2734160423279,B2-01,1,2
268,54:F0:B1:BC:36:11,eduroam,10,688.2734160423279,B2-01,1,2
269,54:F0:B1:BC:3F:10,eduroam,32,688.2734160423279,B2-01,1,2
270,54:F0:B1:BC:3F:12,,34,688.2734160423279,B2-01,1,2
271,54:F0:B1:BC:65:B0,eduroam,14,688.2734160423279,B2-01,1,2
272,54:F0:B1:BC:6F:70,eduroam,14,688.2734160423279,B2-01,1,2
273,54:F0:B1:BC:70:00,eduroam,70,688.2734160423279,B2-01,1,2
274,54:F0:B1:BC:70:01,PoliSemFio,65,688.2734160423279,B2-01,1,2
275,54:F0:B1:BC:70:02,,72,688.2734160423279,B2-01,1,2
276,54:F0:B1:BC:70:20,eduroam,40,688.2734160423279,B2-01,1,2
277,54:F0:B1:BC:70:21,PoliSemFio,40,688.2734160423279,B2-01,1,2
278,54:F0:B1:BC:77:80,eduroam,40,688.2734160423279,B2-01,1,2
279,54:F0:B1:BC:77:81,PoliSemFio,49,688.2734160423279,B2-01,1,2
280,54:F0:B1:BC:77:82,,47,688.2734160423279,B2-01,1,2
281,54:F0:B1:BC:77:A0,eduroam,15,688.2734160423279,B2-01,1,2
282,54:F0:B1:BC:77:A1,PoliSemFio,17,688.2734160423279,B2-01,1,2
283,54:F0:B1:BC:8F:20,eduroam,20,688.2734160423279,B2-01,1,2
284,68:FF:7B:47:78:BE,C1-22M,47,688.2734160423279,B2-01,1,2
285,70:62:B8:6E:72:A0,PCS-wireless-C1-13,49,688.2734160423279,B2-01,1,2
286,70:62:B8:6E:72:A1,PPGEE,54,688.2734160423279,B2-01,1,2
287,84:D4:7E:06:4F:E0,eduroam,80,688.2734160423279,B2-01,1,2
288,84:D4:7E:06:4F:F0,eduroam,22,688.2734160423279,B2-01,1,2
289,84:D4:7E:06:4F:F1,PoliSemFio,22,688.2734160423279,B2-01,1,2
290,84:D4:7E:06:4F:F2,,17,688.2734160423279,B2-01,1,2
291,B6:4E:26:4B:84:C2,C2-01-Guest,30,688.2734160423279,B2-01,1,2
292,DC:9F:DB:1C:1F:D7,LWN-3,22,688.2734160423279,B2-01,1,2
293,DE:9F:DB:1C:1F:E0,LARC Guest,42,688.2734160423279,B2-01,1,2
294,EE:9F:DB:1C:1F:E0,,45,688.2734160423279,B2-01,1,2
295,F8:1A:67:99:55:8E,NUCLEAR_CHF,24,688.2734160423279,B2-01,1,2
296,FE:9F:DB:1C:1F:E0,,42,688.2734160423279,B2-01,1,2
297,00:21:91:70:9D:EC,LAB-DIDATICO,44,694.5757730007172,B2-01,1,2
298,34:60:F9:A3:D9:13,GASWIFI-5G_C2,14,694.5757730007172,B2-01,1,2
299,34:60:F9:A3:D9:14,GASWIFI-2G_C2,32,694.5757730007172,B2-01,1,2
300,34:60:F9:A3:E7:3F,GASWIFI_C4,29,694.5757730007172,B2-01,1,2
301,34:CE:00:51:3E:6F,Lab,52,694.5757730007172,B2-01,1,2
302,34:CE:00:51:3E:70,Lab_5G,12,694.5757730007172,B2-01,1,2
303,3A:60:F9:A3:D9:13,,15,694.5757730007172,B2-01,1,2
304,3A:60:F9:A3:D9:14,,19,694.5757730007172,B2-01,1,2
305,44:D2:44:DC:2E:01,PROJETOR_B2-06-EC89sIpciG1AUef,30,694.5757730007172,B2-01,1,2
306,54:B8:0A:AA:2C:8C,LAB_DIGITAL,30,694.5757730007172,B2-01,1,2
307,54:B8:0A:AA:2C:8D,PCS-Wireless,30,694.5757730007172,B2-01,1,2
308,54:B8:0A:AA:2C:8E,LAB_DIGITAL-5GHz,9,694.5757730007172,B2-01,1,2
309,54:B8:0A:AA:2C:8F,PCS-Wireless-5GHz,4,694.5757730007172,B2-01,1,2
310,54:F0:B1:A1:18:C0,eduroam,14,694.5757730007172,B2-01,1,2
311,54:F0:B1:A1:18:C1,PoliSemFio,14,694.5757730007172,B2-01,1,2
312,54:F0:B1:A1:18:C3,MEZANINO,12,694.5757730007172,B2-01,1,2
313,54:F0:B1:A1:18:C4,GDLAB,15,694.5757730007172,B2-01,1,2
314,54:F0:B1:A1:18:C5,LABPAD,14,694.5757730007172,B2-01,1,2
315,54:F0:B1:A1:18:D2,,29,694.5757730007172,B2-01,1,2
316,54:F0:B1:A1:18:D3,MEZANINO,29,694.5757730007172,B2-01,1,2
317,54:F0:B1:A1:18:D4,GDLAB,22,694.5757730007172,B2-01,1,2
318,54:F0:B1:A1:18:D5,LABPAD,29,694.5757730007172,B2-01,1,2
319,54:F0:B1:A1:57:F0,eduroam,19,694.5757730007172,B2-01,1,2
320,54:F0:B1:A1:57:F1,PoliSemFio,17,694.5757730007172,B2-01,1,2
321,54:F0:B1:A1:57:F2,,17,694.5757730007172,B2-01,1,2
322,54:F0:B1:A1:58:00,eduroam,39,694.5757730007172,B2-01,1,2
323,54:F0:B1:A1:58:01,PoliSemFio,37,694.5757730007172,B2-01,1,2
324,54:F0:B1:A1:58:02,,37,694.5757730007172,B2-01,1,2
325,54:F0:B1:A1:E5:00,eduroam,30,694.5757730007172,B2-01,1,2
326,54:F0:B1:A1:E5:02,,35,694.5757730007172,B2-01,1,2
327,54:F0:B1:A2:57:30,eduroam,35,694.5757730007172,B2-01,1,2
328,54:F0:B1:A2:57:31,PoliSemFio,34,694.5757730007172,B2-01,1,2
329,54:F0:B1:A2:57:33,LCA,35,694.5757730007172,B2-01,1,2
330,54:F0:B1:BB:5A:80,eduroam,34,694.5757730007172,B2-01,1,2
331,54:F0:B1:BB:5A:82,HACKER,34,694.5757730007172,B2-01,1,2
332,54:F0:B1:BB:5A:83,LEP,42,694.5757730007172,B2-01,1,2
333,54:F0:B1:BB:80:C3,LABPROG,20,694.5757730007172,B2-01,1,2
334,54:F0:B1:BB:84:B0,eduroam,20,694.5757730007172,B2-01,1,2
335,54:F0:B1:BB:92:E0,eduroam,9,694.5757730007172,B2-01,1,2
336,54:F0:B1:BB:92:E1,PoliSemFio,12,694.5757730007172,B2-01,1,2
337,54:F0:B1:BB:BE:13,CAEEL,19,694.5757730007172,B2-01,1,2
338,54:F0:B1:BB:C4:D0,eduroam,39,694.5757730007172,B2-01,1,2
339,54:F0:B1:BB:C4:D1,PoliSemFio,60,694.5757730007172,B2-01,1,2
340,54:F0:B1:BB:C4:D2,,60,694.5757730007172,B2-01,1,2
341,54:F0:B1:BB:C4:F0,eduroam,52,694.5757730007172,B2-01,1,2
342,54:F0:B1:BB:C4:F1,PoliSemFio,47,694.5757730007172,B2-01,1,2
343,54:F0:B1:BB:C5:E3,MEZANINO,12,694.5757730007172,B2-01,1,2
344,54:F0:B1:BB:C5:E4,GDLAB,10,694.5757730007172,B2-01,1,2
345,54:F0:B1:BB:C5:E5,LABPAD,10,694.5757730007172,B2-01,1,2
346,54:F0:B1:BC:09:40,eduroam,82,694.5757730007172,B2-01,1,2
347,54:F0:B1:BC:09:41,PoliSemFio,80,694.5757730007172,B2-01,1,2
348,54:F0:B1:BC:09:42,,80,694.5757730007172,B2-01,1,2
349,54:F0:B1:BC:09:60,eduroam,62,694.5757730007172,B2-01,1,2
350,54:F0:B1:BC:09:61,PoliSemFio,69,694.5757730007172,B2-01,1,2
351,54:F0:B1:BC:1B:D0,eduroam,54,694.5757730007172,B2-01,1,2
352,54:F0:B1:BC:1B:D1,PoliSemFio,45,694.5757730007172,B2-01,1,2
353,54:F0:B1:BC:1B:F0,eduroam,17,694.5757730007172,B2-01,1,2
354,54:F0:B1:BC:1B:F1,PoliSemFio,12,694.5757730007172,B2-01,1,2
355,54:F0:B1:BC:2E:90,eduroam,44,694.5757730007172,B2-01,1,2
356,54:F0:B1:BC:2E:91,PoliSemFio,54,694.5757730007172,B2-01,1,2
357,54:F0:B1:BC:2E:B0,eduroam,15,694.5757730007172,B2-01,1,2
358,54:F0:B1:BC:2E:B1,PoliSemFio,17,694.5757730007172,B2-01,1,2
359,54:F0:B1:BC:2F:50,eduroam,22,694.5757730007172,B2-01,1,2
360,54:F0:B1:BC:36:11,eduroam,19,694.5757730007172,B2-01,1,2
361,54:F0:B1:BC:70:00,eduroam,52,694.5757730007172,B2-01,1,2
362,54:F0:B1:BC:70:01,PoliSemFio,45,694.5757730007172,B2-01,1,2
363,54:F0:B1:BC:70:02,,72,694.5757730007172,B2-01,1,2
364,54:F0:B1:BC:70:20,eduroam,22,694.5757730007172,B2-01,1,2
365,54:F0:B1:BC:70:21,PoliSemFio,20,694.5757730007172,B2-01,1,2
366,54:F0:B1:BC:77:80,eduroam,40,694.5757730007172,B2-01,1,2
367,54:F0:B1:BC:77:81,PoliSemFio,49,694.5757730007172,B2-01,1,2
368,54:F0:B1:BC:77:82,,45,694.5757730007172,B2-01,1,2
369,54:F0:B1:BC:77:A0,eduroam,19,694.5757730007172,B2-01,1,2
370,54:F0:B1:BC:77:A1,PoliSemFio,19,694.5757730007172,B2-01,1,2
371,54:F0:B1:BC:8F:20,eduroam,20,694.5757730007172,B2-01,1,2
372,68:FF:7B:47:78:BE,C1-22M,34,694.5757730007172,B2-01,1,2
373,70:62:B8:6E:72:A0,PCS-wireless-C1-13,49,694.5757730007172,B2-01,1,2
374,70:62:B8:6E:72:A1,PPGEE,7,694.5757730007172,B2-01,1,2
375,84:D4:7E:06:4F:E0,eduroam,59,694.5757730007172,B2-01,1,2
376,84:D4:7E:06:4F:F0,eduroam,22,694.5757730007172,B2-01,1,2
377,84:D4:7E:06:4F:F1,PoliSemFio,22,694.5757730007172,B2-01,1,2
378,B6:4E:26:4B:84:C2,C2-01-Guest,30,694.5757730007172,B2-01,1,2
379,EE:9F:DB:1C:1F:E0,,40,694.5757730007172,B2-01,1,2
380,F8:1A:67:99:55:8E,NUCLEAR_CHF,22,694.5757730007172,B2-01,1,2
381,00:21:91:70:9D:EC,LAB-DIDATICO,49,700.8613874912262,B2-01,1,2
382,30:85:A9:69:F2:E4,PCS-Wireless-C2-22,35,700.8613874912262,B2-01,1,2
383,34:60:F9:A3:D9:13,GASWIFI-5G_C2,14,700.8613874912262,B2-01,1,2
384,34:60:F9:A3:D9:14,GASWIFI-2G_C2,25,700.8613874912262,B2-01,1,2
385,34:CE:00:51:3E:6F,Lab,27,700.8613874912262,B2-01,1,2
386,34:CE:00:51:3E:70,Lab_5G,14,700.8613874912262,B2-01,1,2
387,3A:60:F9:A3:D9:13,,15,700.8613874912262,B2-01,1,2
388,44:D2:44:DC:2E:01,PROJETOR_B2-06-EC89sIpciG1AUef,44,700.8613874912262,B2-01,1,2
389,54:B8:0A:AA:2C:8C,LAB_DIGITAL,55,700.8613874912262,B2-01,1,2
390,54:B8:0A:AA:2C:8D,PCS-Wireless,52,700.8613874912262,B2-01,1,2
391,54:B8:0A:AA:2C:8E,LAB_DIGITAL-5GHz,9,700.8613874912262,B2-01,1,2
392,54:B8:0A:AA:2C:8F,PCS-Wireless-5GHz,4,700.8613874912262,B2-01,1,2
393,54:F0:B1:A1:18:C0,eduroam,14,700.8613874912262,B2-01,1,2
394,54:F0:B1:A1:18:C1,PoliSemFio,14,700.8613874912262,B2-01,1,2
395,54:F0:B1:A1:18:C3,MEZANINO,12,700.8613874912262,B2-01,1,2
396,54:F0:B1:A1:18:C4,GDLAB,14,700.8613874912262,B2-01,1,2
397,54:F0:B1:A1:18:C5,LABPAD,14,700.8613874912262,B2-01,1,2
398,54:F0:B1:A1:18:D2,,30,700.8613874912262,B2-01,1,2
399,54:F0:B1:A1:18:D3,MEZANINO,32,700.8613874912262,B2-01,1,2
400,54:F0:B1:A1:18:D4,GDLAB,22,700.8613874912262,B2-01,1,2
401,54:F0:B1:A1:18:D5,LABPAD,29,700.8613874912262,B2-01,1,2
402,54:F0:B1:A1:57:F0,eduroam,19,700.8613874912262,B2-01,1,2
403,54:F0:B1:A1:57:F1,PoliSemFio,17,700.8613874912262,B2-01,1,2
404,54:F0:B1:A1:57:F2,,17,700.8613874912262,B2-01,1,2
405,54:F0:B1:A1:58:00,eduroam,42,700.8613874912262,B2-01,1,2
406,54:F0:B1:A1:58:01,PoliSemFio,50,700.8613874912262,B2-01,1,2
407,54:F0:B1:A1:58:02,,50,700.8613874912262,B2-01,1,2
408,54:F0:B1:A1:E5:00,eduroam,19,700.8613874912262,B2-01,1,2
409,54:F0:B1:A1:E5:02,,35,700.8613874912262,B2-01,1,2
410,54:F0:B1:A2:37:E0,eduroam,14,700.8613874912262,B2-01,1,2
411,54:F0:B1:A2:57:30,eduroam,25,700.8613874912262,B2-01,1,2
412,54:F0:B1:A2:57:31,PoliSemFio,34,700.8613874912262,B2-01,1,2
413,54:F0:B1:A2:57:32,,34,700.8613874912262,B2-01,1,2
414,54:F0:B1:A2:57:33,LCA,22,700.8613874912262,B2-01,1,2
415,54:F0:B1:BB:5A:80,eduroam,34,700.8613874912262,B2-01,1,2
416,54:F0:B1:BB:5A:82,HACKER,34,700.8613874912262,B2-01,1,2
417,54:F0:B1:BB:84:B0,eduroam,20,700.8613874912262,B2-01,1,2
418,54:F0:B1:BB:92:C2,,32,700.8613874912262,B2-01,1,2
419,54:F0:B1:BB:92:E0,eduroam,9,700.8613874912262,B2-01,1,2
420,54:F0:B1:BB:92:E1,PoliSemFio,12,700.8613874912262,B2-01,1,2
421,54:F0:B1:BB:BE:13,CAEEL,19,700.8613874912262,B2-01,1,2
422,54:F0:B1:BB:C4:D0,eduroam,75,700.8613874912262,B2-01,1,2
423,54:F0:B1:BB:C4:D1,PoliSemFio,80,700.8613874912262,B2-01,1,2
424,54:F0:B1:BB:C4:D2,,60,700.8613874912262,B2-01,1,2
425,54:F0:B1:BB:C4:F0,eduroam,54,700.8613874912262,B2-01,1,2
426,54:F0:B1:BB:C4:F1,PoliSemFio,54,700.8613874912262,B2-01,1,2
427,54:F0:B1:BB:C5:C4,GDLAB,9,700.8613874912262,B2-01,1,2
428,54:F0:B1:BB:C5:C5,LABPAD,29,700.8613874912262,B2-01,1,2
429,54:F0:B1:BB:C5:E3,MEZANINO,12,700.8613874912262,B2-01,1,2
430,54:F0:B1:BB:C5:E4,GDLAB,10,700.8613874912262,B2-01,1,2
431,54:F0:B1:BB:C5:E5,LABPAD,10,700.8613874912262,B2-01,1,2
432,54:F0:B1:BC:09:40,eduroam,84,700.8613874912262,B2-01,1,2
433,54:F0:B1:BC:09:41,PoliSemFio,80,700.8613874912262,B2-01,1,2
434,54:F0:B1:BC:09:42,,80,700.8613874912262,B2-01,1,2
435,54:F0:B1:BC:09:60,eduroam,64,700.8613874912262,B2-01,1,2
436,54:F0:B1:BC:09:61,PoliSemFio,64,700.8613874912262,B2-01,1,2
437,54:F0:B1:BC:1B:D0,eduroam,54,700.8613874912262,B2-01,1,2
438,54:F0:B1:BC:1B:D1,PoliSemFio,45,700.8613874912262,B2-01,1,2
439,54:F0:B1:BC:1B:F0,eduroam,17,700.8613874912262,B2-01,1,2
440,54:F0:B1:BC:1B:F1,PoliSemFio,15,700.8613874912262,B2-01,1,2
441,54:F0:B1:BC:2E:90,eduroam,44,700.8613874912262,B2-01,1,2
442,54:F0:B1:BC:2E:91,PoliSemFio,54,700.8613874912262,B2-01,1,2
443,54:F0:B1:BC:2E:B0,eduroam,24,700.8613874912262,B2-01,1,2
444,54:F0:B1:BC:2E:B1,PoliSemFio,22,700.8613874912262,B2-01,1,2
445,54:F0:B1:BC:2E:B2,,22,700.8613874912262,B2-01,1,2
446,54:F0:B1:BC:2F:50,eduroam,22,700.8613874912262,B2-01,1,2
447,54:F0:B1:BC:2F:51,PoliSemFio,24,700.8613874912262,B2-01,1,2
448,54:F0:B1:BC:36:11,eduroam,19,700.8613874912262,B2-01,1,2
449,54:F0:B1:BC:70:00,eduroam,52,700.8613874912262,B2-01,1,2
450,54:F0:B1:BC:70:01,PoliSemFio,45,700.8613874912262,B2-01,1,2
451,54:F0:B1:BC:70:02,,72,700.8613874912262,B2-01,1,2
452,54:F0:B1:BC:70:20,eduroam,22,700.8613874912262,B2-01,1,2
453,54:F0:B1:BC:70:21,PoliSemFio,20,700.8613874912262,B2-01,1,2
454,54:F0:B1:BC:77:80,eduroam,40,700.8613874912262,B2-01,1,2
455,54:F0:B1:BC:77:82,,45,700.8613874912262,B2-01,1,2
456,54:F0:B1:BC:77:A0,eduroam,24,700.8613874912262,B2-01,1,2
457,54:F0:B1:BC:77:A1,PoliSemFio,24,700.8613874912262,B2-01,1,2
458,54:F0:B1:BC:77:A2,,24,700.8613874912262,B2-01,1,2
459,54:F0:B1:BC:8F:20,eduroam,14,700.8613874912262,B2-01,1,2
460,68:FF:7B:47:78:BE,C1-22M,50,700.8613874912262,B2-01,1,2
461,70:62:B8:6E:72:A0,PCS-wireless-C1-13,39,700.8613874912262,B2-01,1,2
462,70:62:B8:6E:72:A1,PPGEE,44,700.8613874912262,B2-01,1,2
463,84:D4:7E:06:4F:E0,eduroam,55,700.8613874912262,B2-01,1,2
464,84:D4:7E:06:4F:F0,eduroam,22,700.8613874912262,B2-01,1,2
465,84:D4:7E:06:4F:F1,PoliSemFio,24,700.8613874912262,B2-01,1,2
466,B6:4E:26:4B:84:C2,C2-01-Guest,30,700.8613874912262,B2-01,1,2
467,EE:9F:DB:1C:1F:E0,,45,700.8613874912262,B2-01,1,2
468,F8:1A:67:99:55:8E,NUCLEAR_CHF,22,700.8613874912262,B2-01,1,2
469,FE:9F:DB:1C:1F:D7,,25,700.8613874912262,B2-01,1,2
470,00:21:91:70:9D:EC,LAB-DIDATICO,49,710.737247467041,B2-01,1,2
471,30:85:A9:69:F2:E4,PCS-Wireless-C2-22,35,710.737247467041,B2-01,1,2
472,34:60:F9:A3:D9:14,GASWIFI-2G_C2,17,710.737247467041,B2-01,1,2
473,34:60:F9:A3:E7:3F,GASWIFI_C4,35,710.737247467041,B2-01,1,2
474,34:CE:00:51:3E:6F,Lab,45,710.737247467041,B2-01,1,2
475,34:CE:00:51:3E:70,Lab_5G,10,710.737247467041,B2-01,1,2
476,44:D2:44:DC:2E:01,PROJETOR_B2-06-EC89sIpciG1AUef,37,710.737247467041,B2-01,1,2
477,54:B8:0A:AA:2C:8C,LAB_DIGITAL,24,710.737247467041,B2-01,1,2
478,54:B8:0A:AA:2C:8D,PCS-Wireless,27,710.737247467041,B2-01,1,2
479,54:B8:0A:AA:2C:8E,LAB_DIGITAL-5GHz,9,710.737247467041,B2-01,1,2
480,54:B8:0A:AA:2C:8F,PCS-Wireless-5GHz,4,710.737247467041,B2-01,1,2
481,54:F0:B1:A1:18:C0,eduroam,14,710.737247467041,B2-01,1,2
482,54:F0:B1:A1:18:C1,PoliSemFio,14,710.737247467041,B2-01,1,2
483,54:F0:B1:A1:18:C3,MEZANINO,12,710.737247467041,B2-01,1,2
484,54:F0:B1:A1:18:C4,GDLAB,14,710.737247467041,B2-01,1,2
485,54:F0:B1:A1:18:C5,LABPAD,14,710.737247467041,B2-01,1,2
486,54:F0:B1:A1:18:D2,,30,710.737247467041,B2-01,1,2
487,54:F0:B1:A1:18:D3,MEZANINO,19,710.737247467041,B2-01,1,2
488,54:F0:B1:A1:18:D4,GDLAB,22,710.737247467041,B2-01,1,2
489,54:F0:B1:A1:18:D5,LABPAD,22,710.737247467041,B2-01,1,2
490,54:F0:B1:A1:57:F0,eduroam,19,710.737247467041,B2-01,1,2
491,54:F0:B1:A1:57:F1,PoliSemFio,17,710.737247467041,B2-01,1,2
492,54:F0:B1:A1:57:F2,,17,710.737247467041,B2-01,1,2
493,54:F0:B1:A1:58:00,eduroam,42,710.737247467041,B2-01,1,2
494,54:F0:B1:A1:58:01,PoliSemFio,40,710.737247467041,B2-01,1,2
495,54:F0:B1:A1:58:02,,40,710.737247467041,B2-01,1,2
496,54:F0:B1:A1:E5:00,eduroam,19,710.737247467041,B2-01,1,2
497,54:F0:B1:A1:E5:02,,35,710.737247467041,B2-01,1,2
498,54:F0:B1:A2:37:E0,eduroam,14,710.737247467041,B2-01,1,2
499,54:F0:B1:A2:57:30,eduroam,34,710.737247467041,B2-01,1,2
500,54:F0:B1:A2:57:31,PoliSemFio,27,710.737247467041,B2-01,1,2
501,54:F0:B1:A2:57:32,,34,710.737247467041,B2-01,1,2
502,54:F0:B1:A2:57:33,LCA,32,710.737247467041,B2-01,1,2
503,54:F0:B1:BB:5A:80,eduroam,34,710.737247467041,B2-01,1,2
504,54:F0:B1:BB:5A:82,HACKER,34,710.737247467041,B2-01,1,2
505,54:F0:B1:BB:84:B0,eduroam,20,710.737247467041,B2-01,1,2
506,54:F0:B1:BB:92:C2,,32,710.737247467041,B2-01,1,2
507,54:F0:B1:BB:92:E0,eduroam,9,710.737247467041,B2-01,1,2
508,54:F0:B1:BB:92:E1,PoliSemFio,12,710.737247467041,B2-01,1,2
509,54:F0:B1:BB:BE:13,CAEEL,15,710.737247467041,B2-01,1,2
510,54:F0:B1:BB:C4:D0,eduroam,59,710.737247467041,B2-01,1,2
511,54:F0:B1:BB:C4:D1,PoliSemFio,62,710.737247467041,B2-01,1,2
512,54:F0:B1:BB:C4:D2,,60,710.737247467041,B2-01,1,2
513,54:F0:B1:BB:C4:F0,eduroam,45,710.737247467041,B2-01,1,2
514,54:F0:B1:BB:C4:F1,PoliSemFio,54,710.737247467041,B2-01,1,2
515,54:F0:B1:BB:C5:C4,GDLAB,9,710.737247467041,B2-01,1,2
516,54:F0:B1:BB:C5:C5,LABPAD,14,710.737247467041,B2-01,1,2
517,54:F0:B1:BB:C5:E3,MEZANINO,12,710.737247467041,B2-01,1,2
518,54:F0:B1:BB:C5:E4,GDLAB,10,710.737247467041,B2-01,1,2
519,54:F0:B1:BB:C5:E5,LABPAD,10,710.737247467041,B2-01,1,2
520,54:F0:B1:BB:F3:21,PoliSemFio,25,710.737247467041,B2-01,1,2
521,54:F0:B1:BC:09:40,eduroam,77,710.737247467041,B2-01,1,2
522,54:F0:B1:BC:09:41,PoliSemFio,72,710.737247467041,B2-01,1,2
523,54:F0:B1:BC:09:42,,80,710.737247467041,B2-01,1,2
524,54:F0:B1:BC:09:60,eduroam,57,710.737247467041,B2-01,1,2
525,54:F0:B1:BC:09:61,PoliSemFio,57,710.737247467041,B2-01,1,2
526,54:F0:B1:BC:1B:D0,eduroam,54,710.737247467041,B2-01,1,2
527,54:F0:B1:BC:1B:D1,PoliSemFio,45,710.737247467041,B2-01,1,2
528,54:F0:B1:BC:1B:D2,,55,710.737247467041,B2-01,1,2
529,54:F0:B1:BC:1B:F0,eduroam,17,710.737247467041,B2-01,1,2
530,54:F0:B1:BC:1B:F1,PoliSemFio,15,710.737247467041,B2-01,1,2
531,54:F0:B1:BC:2E:90,eduroam,44,710.737247467041,B2-01,1,2
532,54:F0:B1:BC:2E:91,PoliSemFio,54,710.737247467041,B2-01,1,2
533,54:F0:B1:BC:2E:B0,eduroam,22,710.737247467041,B2-01,1,2
534,54:F0:B1:BC:2E:B1,PoliSemFio,22,710.737247467041,B2-01,1,2
535,54:F0:B1:BC:2E:B2,,22,710.737247467041,B2-01,1,2
536,54:F0:B1:BC:2F:50,eduroam,22,710.737247467041,B2-01,1,2
537,54:F0:B1:BC:2F:51,PoliSemFio,24,710.737247467041,B2-01,1,2
538,54:F0:B1:BC:36:11,eduroam,19,710.737247467041,B2-01,1,2
539,54:F0:B1:BC:70:00,eduroam,40,710.737247467041,B2-01,1,2
540,54:F0:B1:BC:70:01,PoliSemFio,45,710.737247467041,B2-01,1,2
541,54:F0:B1:BC:70:02,,72,710.737247467041,B2-01,1,2
542,54:F0:B1:BC:70:20,eduroam,20,710.737247467041,B2-01,1,2
543,54:F0:B1:BC:70:21,PoliSemFio,20,710.737247467041,B2-01,1,2
544,54:F0:B1:BC:77:80,eduroam,35,710.737247467041,B2-01,1,2
545,54:F0:B1:BC:77:81,PoliSemFio,44,710.737247467041,B2-01,1,2
546,54:F0:B1:BC:77:82,,44,710.737247467041,B2-01,1,2
547,54:F0:B1:BC:77:A0,eduroam,24,710.737247467041,B2-01,1,2
548,54:F0:B1:BC:77:A1,PoliSemFio,24,710.737247467041,B2-01,1,2
549,54:F0:B1:BC:77:A2,,24,710.737247467041,B2-01,1,2
550,54:F0:B1:BC:8F:20,eduroam,14,710.737247467041,B2-01,1,2
551,68:FF:7B:47:78:BE,C1-22M,32,710.737247467041,B2-01,1,2
552,70:62:B8:6E:72:A0,PCS-wireless-C1-13,32,710.737247467041,B2-01,1,2
553,70:62:B8:6E:72:A1,PPGEE,34,710.737247467041,B2-01,1,2
554,84:D4:7E:06:4F:E0,eduroam,50,710.737247467041,B2-01,1,2
555,84:D4:7E:06:4F:E1,PoliSemFio,62,710.737247467041,B2-01,1,2
556,84:D4:7E:06:4F:E2,,62,710.737247467041,B2-01,1,2
557,84:D4:7E:06:4F:F0,eduroam,24,710.737247467041,B2-01,1,2
558,84:D4:7E:06:4F:F1,PoliSemFio,25,710.737247467041,B2-01,1,2
559,B6:4E:26:4B:84:C2,C2-01-Guest,30,710.737247467041,B2-01,1,2
560,DE:9F:DB:1C:1F:E0,LARC Guest,47,710.737247467041,B2-01,1,2
561,EE:9F:DB:1C:1F:E0,,47,710.737247467041,B2-01,1,2
562,F8:1A:67:99:55:8E,NUCLEAR_CHF,22,710.737247467041,B2-01,1,2
563,FE:9F:DB:1C:1F:D7,,25,710.737247467041,B2-01,1,2
564,FE:9F:DB:1C:1F:E0,,47,710.737247467041,B2-01,1,2
565,00:21:91:70:9D:EC,LAB-DIDATICO,49,713.365446805954,B2-01,1,2
566,30:85:A9:69:F2:E4,PCS-Wireless-C2-22,35,713.365446805954,B2-01,1,2
567,34:60:F9:A3:D9:14,GASWIFI-2G_C2,17,713.365446805954,B2-01,1,2
568,34:60:F9:A3:E7:3F,GASWIFI_C4,35,713.365446805954,B2-01,1,2
569,34:CE:00:51:3E:6F,Lab,45,713.365446805954,B2-01,1,2
570,34:CE:00:51:3E:70,Lab_5G,10,713.365446805954,B2-01,1,2
571,44:D2:44:DC:2E:01,PROJETOR_B2-06-EC89sIpciG1AUef,37,713.365446805954,B2-01,1,2
572,54:B8:0A:AA:2C:8C,LAB_DIGITAL,24,713.365446805954,B2-01,1,2
573,54:B8:0A:AA:2C:8D,PCS-Wireless,27,713.365446805954,B2-01,1,2
574,54:B8:0A:AA:2C:8E,LAB_DIGITAL-5GHz,9,713.365446805954,B2-01,1,2
575,54:B8:0A:AA:2C:8F,PCS-Wireless-5GHz,4,713.365446805954,B2-01,1,2
576,54:F0:B1:A1:18:C0,eduroam,14,713.365446805954,B2-01,1,2
577,54:F0:B1:A1:18:C1,PoliSemFio,14,713.365446805954,B2-01,1,2
578,54:F0:B1:A1:18:C3,MEZANINO,12,713.365446805954,B2-01,1,2
579,54:F0:B1:A1:18:C4,GDLAB,14,713.365446805954,B2-01,1,2
580,54:F0:B1:A1:18:C5,LABPAD,14,713.365446805954,B2-01,1,2
581,54:F0:B1:A1:18:D2,,30,713.365446805954,B2-01,1,2
582,54:F0:B1:A1:18:D3,MEZANINO,19,713.365446805954,B2-01,1,2
583,54:F0:B1:A1:18:D4,GDLAB,22,713.365446805954,B2-01,1,2
584,54:F0:B1:A1:18:D5,LABPAD,22,713.365446805954,B2-01,1,2
585,54:F0:B1:A1:57:F0,eduroam,19,713.365446805954,B2-01,1,2
586,54:F0:B1:A1:57:F1,PoliSemFio,17,713.365446805954,B2-01,1,2
587,54:F0:B1:A1:57:F2,,17,713.365446805954,B2-01,1,2
588,54:F0:B1:A1:58:00,eduroam,42,713.365446805954,B2-01,1,2
589,54:F0:B1:A1:58:01,PoliSemFio,40,713.365446805954,B2-01,1,2
590,54:F0:B1:A1:58:02,,40,713.365446805954,B2-01,1,2
591,54:F0:B1:A1:E5:00,eduroam,19,713.365446805954,B2-01,1,2
592,54:F0:B1:A1:E5:02,,35,713.365446805954,B2-01,1,2
593,54:F0:B1:A2:37:E0,eduroam,14,713.365446805954,B2-01,1,2
594,54:F0:B1:A2:57:30,eduroam,34,713.365446805954,B2-01,1,2
595,54:F0:B1:A2:57:31,PoliSemFio,27,713.365446805954,B2-01,1,2
596,54:F0:B1:A2:57:32,,34,713.365446805954,B2-01,1,2
597,54:F0:B1:A2:57:33,LCA,32,713.365446805954,B2-01,1,2
598,54:F0:B1:BB:5A:80,eduroam,34,713.365446805954,B2-01,1,2
599,54:F0:B1:BB:5A:82,HACKER,34,713.365446805954,B2-01,1,2
600,54:F0:B1:BB:84:B0,eduroam,20,713.365446805954,B2-01,1,2
601,54:F0:B1:BB:92:C2,,32,713.365446805954,B2-01,1,2
602,54:F0:B1:BB:92:E0,eduroam,9,713.365446805954,B2-01,1,2
603,54:F0:B1:BB:92:E1,PoliSemFio,12,713.365446805954,B2-01,1,2
604,54:F0:B1:BB:BE:13,CAEEL,15,713.365446805954,B2-01,1,2
605,54:F0:B1:BB:C4:D0,eduroam,59,713.365446805954,B2-01,1,2
606,54:F0:B1:BB:C4:D1,PoliSemFio,62,713.365446805954,B2-01,1,2
607,54:F0:B1:BB:C4:D2,,60,713.365446805954,B2-01,1,2
608,54:F0:B1:BB:C4:F0,eduroam,45,713.365446805954,B2-01,1,2
609,54:F0:B1:BB:C4:F1,PoliSemFio,54,713.365446805954,B2-01,1,2
610,54:F0:B1:BB:C5:C4,GDLAB,9,713.365446805954,B2-01,1,2
611,54:F0:B1:BB:C5:C5,LABPAD,14,713.365446805954,B2-01,1,2
612,54:F0:B1:BB:C5:E3,MEZANINO,12,713.365446805954,B2-01,1,2
613,54:F0:B1:BB:C5:E4,GDLAB,10,713.365446805954,B2-01,1,2
614,54:F0:B1:BB:C5:E5,LABPAD,10,713.365446805954,B2-01,1,2
615,54:F0:B1:BB:F3:21,PoliSemFio,25,713.365446805954,B2-01,1,2
616,54:F0:B1:BC:09:40,eduroam,77,713.365446805954,B2-01,1,2
617,54:F0:B1:BC:09:41,PoliSemFio,72,713.365446805954,B2-01,1,2
618,54:F0:B1:BC:09:42,,80,713.365446805954,B2-01,1,2
619,54:F0:B1:BC:09:60,eduroam,54,713.365446805954,B2-01,1,2
620,54:F0:B1:BC:09:61,PoliSemFio,57,713.365446805954,B2-01,1,2
621,54:F0:B1:BC:1B:D0,eduroam,54,713.365446805954,B2-01,1,2
622,54:F0:B1:BC:1B:D1,PoliSemFio,45,713.365446805954,B2-01,1,2
623,54:F0:B1:BC:1B:D2,,55,713.365446805954,B2-01,1,2
624,54:F0:B1:BC:1B:F0,eduroam,17,713.365446805954,B2-01,1,2
625,54:F0:B1:BC:1B:F1,PoliSemFio,15,713.365446805954,B2-01,1,2
626,54:F0:B1:BC:2E:90,eduroam,44,713.365446805954,B2-01,1,2
627,54:F0:B1:BC:2E:91,PoliSemFio,54,713.365446805954,B2-01,1,2
628,54:F0:B1:BC:2E:B0,eduroam,22,713.365446805954,B2-01,1,2
629,54:F0:B1:BC:2E:B1,PoliSemFio,22,713.365446805954,B2-01,1,2
630,54:F0:B1:BC:2E:B2,,22,713.365446805954,B2-01,1,2
631,54:F0:B1:BC:2F:50,eduroam,22,713.365446805954,B2-01,1,2
632,54:F0:B1:BC:2F:51,PoliSemFio,24,713.365446805954,B2-01,1,2
633,54:F0:B1:BC:36:11,eduroam,19,713.365446805954,B2-01,1,2
634,54:F0:B1:BC:70:00,eduroam,40,713.365446805954,B2-01,1,2
635,54:F0:B1:BC:70:01,PoliSemFio,45,713.365446805954,B2-01,1,2
636,54:F0:B1:BC:70:02,,72,713.365446805954,B2-01,1,2
637,54:F0:B1:BC:70:20,eduroam,20,713.365446805954,B2-01,1,2
638,54:F0:B1:BC:70:21,PoliSemFio,20,713.365446805954,B2-01,1,2
639,54:F0:B1:BC:77:80,eduroam,35,713.365446805954,B2-01,1,2
640,54:F0:B1:BC:77:81,PoliSemFio,44,713.365446805954,B2-01,1,2
641,54:F0:B1:BC:77:82,,44,713.365446805954,B2-01,1,2
642,54:F0:B1:BC:77:A0,eduroam,24,713.365446805954,B2-01,1,2
643,54:F0:B1:BC:77:A1,PoliSemFio,24,713.365446805954,B2-01,1,2
644,54:F0:B1:BC:77:A2,,24,713.365446805954,B2-01,1,2
645,54:F0:B1:BC:8F:20,eduroam,14,713.365446805954,B2-01,1,2
646,68:FF:7B:47:78:BE,C1-22M,32,713.365446805954,B2-01,1,2
647,70:62:B8:6E:72:A0,PCS-wireless-C1-13,32,713.365446805954,B2-01,1,2
648,70:62:B8:6E:72:A1,PPGEE,34,713.365446805954,B2-01,1,2
649,84:D4:7E:06:4F:E0,eduroam,50,713.365446805954,B2-01,1,2
650,84:D4:7E:06:4F:E1,PoliSemFio,62,713.365446805954,B2-01,1,2
651,84:D4:7E:06:4F:E2,,62,713.365446805954,B2-01,1,2
652,84:D4:7E:06:4F:F0,eduroam,24,713.365446805954,B2-01,1,2
653,84:D4:7E:06:4F:F1,PoliSemFio,25,713.365446805954,B2-01,1,2
654,B6:4E:26:4B:84:C2,C2-01-Guest,30,713.365446805954,B2-01,1,2
655,DE:9F:DB:1C:1F:E0,LARC Guest,47,713.365446805954,B2-01,1,2
656,EE:9F:DB:1C:1F:E0,,47,713.365446805954,B2-01,1,2
657,F8:1A:67:99:55:8E,NUCLEAR_CHF,22,713.365446805954,B2-01,1,2
658,FE:9F:DB:1C:1F:D7,,25,713.365446805954,B2-01,1,2
659,FE:9F:DB:1C:1F:E0,,47,713.365446805954,B2-01,1,2
660,00:21:91:70:9D:EC,LAB-DIDATICO,49,715.985148191452,B2-01,1,2
661,30:85:A9:69:F2:E4,PCS-Wireless-C2-22,35,715.985148191452,B2-01,1,2
662,34:60:F9:A3:D9:14,GASWIFI-2G_C2,25,715.985148191452,B2-01,1,2
663,34:60:F9:A3:E7:3F,GASWIFI_C4,35,715.985148191452,B2-01,1,2
664,34:CE:00:51:3E:6F,Lab,15,715.985148191452,B2-01,1,2
665,34:CE:00:51:3E:70,Lab_5G,12,715.985148191452,B2-01,1,2
666,44:D2:44:DC:2E:01,PROJETOR_B2-06-EC89sIpciG1AUef,49,715.985148191452,B2-01,1,2
667,54:B8:0A:AA:2C:8C,LAB_DIGITAL,50,715.985148191452,B2-01,1,2
668,54:B8:0A:AA:2C:8D,PCS-Wireless,50,715.985148191452,B2-01,1,2
669,54:B8:0A:AA:2C:8E,LAB_DIGITAL-5GHz,9,715.985148191452,B2-01,1,2
670,54:B8:0A:AA:2C:8F,PCS-Wireless-5GHz,4,715.985148191452,B2-01,1,2
671,54:F0:B1:A1:18:C0,eduroam,14,715.985148191452,B2-01,1,2
672,54:F0:B1:A1:18:C1,PoliSemFio,14,715.985148191452,B2-01,1,2
673,54:F0:B1:A1:18:C3,MEZANINO,12,715.985148191452,B2-01,1,2
674,54:F0:B1:A1:18:C4,GDLAB,14,715.985148191452,B2-01,1,2
675,54:F0:B1:A1:18:C5,LABPAD,14,715.985148191452,B2-01,1,2
676,54:F0:B1:A1:18:D0,eduroam,32,715.985148191452,B2-01,1,2
677,54:F0:B1:A1:18:D1,PoliSemFio,27,715.985148191452,B2-01,1,2
678,54:F0:B1:A1:18:D2,,27,715.985148191452,B2-01,1,2
679,54:F0:B1:A1:18:D3,MEZANINO,19,715.985148191452,B2-01,1,2
680,54:F0:B1:A1:18:D4,GDLAB,22,715.985148191452,B2-01,1,2
681,54:F0:B1:A1:18:D5,LABPAD,22,715.985148191452,B2-01,1,2
682,54:F0:B1:A1:57:F0,eduroam,19,715.985148191452,B2-01,1,2
683,54:F0:B1:A1:57:F1,PoliSemFio,17,715.985148191452,B2-01,1,2
684,54:F0:B1:A1:57:F2,,17,715.985148191452,B2-01,1,2
685,54:F0:B1:A1:58:00,eduroam,45,715.985148191452,B2-01,1,2
686,54:F0:B1:A1:58:01,PoliSemFio,42,715.985148191452,B2-01,1,2
687,54:F0:B1:A1:58:02,,40,715.985148191452,B2-01,1,2
688,54:F0:B1:A1:E5:00,eduroam,29,715.985148191452,B2-01,1,2
689,54:F0:B1:A1:E5:01,PoliSemFio,35,715.985148191452,B2-01,1,2
690,54:F0:B1:A1:E5:02,,35,715.985148191452,B2-01,1,2
691,54:F0:B1:A2:37:E0,eduroam,14,715.985148191452,B2-01,1,2
692,54:F0:B1:A2:56:71,PoliSemFio,30,715.985148191452,B2-01,1,2
693,54:F0:B1:A2:56:72,,27,715.985148191452,B2-01,1,2
694,54:F0:B1:A2:57:30,eduroam,34,715.985148191452,B2-01,1,2
695,54:F0:B1:A2:57:31,PoliSemFio,27,715.985148191452,B2-01,1,2
696,54:F0:B1:A2:57:32,,25,715.985148191452,B2-01,1,2
697,54:F0:B1:A2:57:33,LCA,25,715.985148191452,B2-01,1,2
698,54:F0:B1:BB:5A:80,eduroam,34,715.985148191452,B2-01,1,2
699,54:F0:B1:BB:5A:82,HACKER,34,715.985148191452,B2-01,1,2
700,54:F0:B1:BB:84:B0,eduroam,20,715.985148191452,B2-01,1,2
701,54:F0:B1:BB:92:C1,PoliSemFio,29,715.985148191452,B2-01,1,2
702,54:F0:B1:BB:92:C2,,30,715.985148191452,B2-01,1,2
703,54:F0:B1:BB:92:E0,eduroam,9,715.985148191452,B2-01,1,2
704,54:F0:B1:BB:92:E1,PoliSemFio,12,715.985148191452,B2-01,1,2
705,54:F0:B1:BB:BE:13,CAEEL,15,715.985148191452,B2-01,1,2
706,54:F0:B1:BB:C4:D0,eduroam,59,715.985148191452,B2-01,1,2
707,54:F0:B1:BB:C4:D1,PoliSemFio,62,715.985148191452,B2-01,1,2
708,54:F0:B1:BB:C4:D2,,60,715.985148191452,B2-01,1,2
709,54:F0:B1:BB:C4:F0,eduroam,64,715.985148191452,B2-01,1,2
710,54:F0:B1:BB:C4:F1,PoliSemFio,64,715.985148191452,B2-01,1,2
711,54:F0:B1:BB:C5:C4,GDLAB,9,715.985148191452,B2-01,1,2
712,54:F0:B1:BB:C5:C5,LABPAD,14,715.985148191452,B2-01,1,2
713,54:F0:B1:BB:C5:E3,MEZANINO,12,715.985148191452,B2-01,1,2
714,54:F0:B1:BB:C5:E4,GDLAB,10,715.985148191452,B2-01,1,2
715,54:F0:B1:BB:C5:E5,LABPAD,10,715.985148191452,B2-01,1,2
716,54:F0:B1:BB:F3:21,PoliSemFio,25,715.985148191452,B2-01,1,2
717,54:F0:B1:BC:09:40,eduroam,89,715.985148191452,B2-01,1,2
718,54:F0:B1:BC:09:41,PoliSemFio,85,715.985148191452,B2-01,1,2
719,54:F0:B1:BC:09:42,,80,715.985148191452,B2-01,1,2
720,54:F0:B1:BC:09:60,eduroam,77,715.985148191452,B2-01,1,2
721,54:F0:B1:BC:09:61,PoliSemFio,77,715.985148191452,B2-01,1,2
722,54:F0:B1:BC:1B:D0,eduroam,54,715.985148191452,B2-01,1,2
723,54:F0:B1:BC:1B:D1,PoliSemFio,54,715.985148191452,B2-01,1,2
724,54:F0:B1:BC:1B:D2,,55,715.985148191452,B2-01,1,2
725,54:F0:B1:BC:1B:F0,eduroam,17,715.985148191452,B2-01,1,2
726,54:F0:B1:BC:1B:F1,PoliSemFio,15,715.985148191452,B2-01,1,2
727,54:F0:B1:BC:2E:90,eduroam,44,715.985148191452,B2-01,1,2
728,54:F0:B1:BC:2E:91,PoliSemFio,54,715.985148191452,B2-01,1,2
729,54:F0:B1:BC:2E:B0,eduroam,20,715.985148191452,B2-01,1,2
730,54:F0:B1:BC:2E:B1,PoliSemFio,20,715.985148191452,B2-01,1,2
731,54:F0:B1:BC:2E:B2,,22,715.985148191452,B2-01,1,2
732,54:F0:B1:BC:2F:50,eduroam,22,715.985148191452,B2-01,1,2
733,54:F0:B1:BC:2F:51,PoliSemFio,24,715.985148191452,B2-01,1,2
734,54:F0:B1:BC:36:11,eduroam,19,715.985148191452,B2-01,1,2
735,54:F0:B1:BC:70:00,eduroam,77,715.985148191452,B2-01,1,2
736,54:F0:B1:BC:70:01,PoliSemFio,67,715.985148191452,B2-01,1,2
737,54:F0:B1:BC:70:02,,72,715.985148191452,B2-01,1,2
738,54:F0:B1:BC:70:20,eduroam,27,715.985148191452,B2-01,1,2
739,54:F0:B1:BC:70:21,PoliSemFio,27,715.985148191452,B2-01,1,2
740,54:F0:B1:BC:77:80,eduroam,45,715.985148191452,B2-01,1,2
741,54:F0:B1:BC:77:81,PoliSemFio,44,715.985148191452,B2-01,1,2
742,54:F0:B1:BC:77:82,,44,715.985148191452,B2-01,1,2
743,54:F0:B1:BC:77:A0,eduroam,25,715.985148191452,B2-01,1,2
744,54:F0:B1:BC:77:A1,PoliSemFio,27,715.985148191452,B2-01,1,2
745,54:F0:B1:BC:77:A2,,24,715.985148191452,B2-01,1,2
746,54:F0:B1:BC:8F:20,eduroam,14,715.985148191452,B2-01,1,2
747,68:FF:7B:47:78:BE,C1-22M,42,715.985148191452,B2-01,1,2
748,70:62:B8:6E:72:A0,PCS-wireless-C1-13,37,715.985148191452,B2-01,1,2
749,70:62:B8:6E:72:A1,PPGEE,35,715.985148191452,B2-01,1,2
750,84:D4:7E:06:4F:E0,eduroam,50,715.985148191452,B2-01,1,2
751,84:D4:7E:06:4F:E1,PoliSemFio,62,715.985148191452,B2-01,1,2
752,84:D4:7E:06:4F:E2,,62,715.985148191452,B2-01,1,2
753,84:D4:7E:06:4F:F0,eduroam,17,715.985148191452,B2-01,1,2
754,84:D4:7E:06:4F:F1,PoliSemFio,25,715.985148191452,B2-01,1,2
755,B6:4E:26:4B:84:C2,C2-01-Guest,30,715.985148191452,B2-01,1,2
756,DE:9F:DB:1C:1F:E0,LARC Guest,47,715.985148191452,B2-01,1,2
757,EE:9F:DB:1C:1F:E0,,47,715.985148191452,B2-01,1,2
758,F8:1A:67:99:55:8E,NUCLEAR_CHF,22,715.985148191452,B2-01,1,2
759,FE:9F:DB:1C:1F:D7,,25,715.985148191452,B2-01,1,2
760,FE:9F:DB:1C:1F:E0,,47,715.985148191452,B2-01,1,2
761,00:21:91:70:9D:EC,LAB-DIDATICO,49,718.6100766658783,B2-01,1,2
762,30:85:A9:69:F2:E4,PCS-Wireless-C2-22,35,718.6100766658783,B2-01,1,2
763,34:60:F9:A3:D9:14,GASWIFI-2G_C2,25,718.6100766658783,B2-01,1,2
764,34:60:F9:A3:E7:3F,GASWIFI_C4,35,718.6100766658783,B2-01,1,2
765,34:CE:00:51:3E:6F,Lab,15,718.6100766658783,B2-01,1,2
766,34:CE:00:51:3E:70,Lab_5G,12,718.6100766658783,B2-01,1,2
767,44:D2:44:DC:2E:01,PROJETOR_B2-06-EC89sIpciG1AUef,49,718.6100766658783,B2-01,1,2
768,54:B8:0A:AA:2C:8C,LAB_DIGITAL,50,718.6100766658783,B2-01,1,2
769,54:B8:0A:AA:2C:8D,PCS-Wireless,50,718.6100766658783,B2-01,1,2
770,54:B8:0A:AA:2C:8E,LAB_DIGITAL-5GHz,9,718.6100766658783,B2-01,1,2
771,54:B8:0A:AA:2C:8F,PCS-Wireless-5GHz,4,718.6100766658783,B2-01,1,2
772,54:F0:B1:A1:18:C0,eduroam,14,718.6100766658783,B2-01,1,2
773,54:F0:B1:A1:18:C1,PoliSemFio,14,718.6100766658783,B2-01,1,2
774,54:F0:B1:A1:18:C3,MEZANINO,12,718.6100766658783,B2-01,1,2
775,54:F0:B1:A1:18:C4,GDLAB,14,718.6100766658783,B2-01,1,2
776,54:F0:B1:A1:18:C5,LABPAD,14,718.6100766658783,B2-01,1,2
777,54:F0:B1:A1:18:D0,eduroam,32,718.6100766658783,B2-01,1,2
778,54:F0:B1:A1:18:D1,PoliSemFio,27,718.6100766658783,B2-01,1,2
779,54:F0:B1:A1:18:D2,,27,718.6100766658783,B2-01,1,2
780,54:F0:B1:A1:18:D3,MEZANINO,19,718.6100766658783,B2-01,1,2
781,54:F0:B1:A1:18:D4,GDLAB,22,718.6100766658783,B2-01,1,2
782,54:F0:B1:A1:18:D5,LABPAD,22,718.6100766658783,B2-01,1,2
783,54:F0:B1:A1:57:F0,eduroam,19,718.6100766658783,B2-01,1,2
784,54:F0:B1:A1:57:F1,PoliSemFio,17,718.6100766658783,B2-01,1,2
785,54:F0:B1:A1:57:F2,,17,718.6100766658783,B2-01,1,2
786,54:F0:B1:A1:58:00,eduroam,45,718.6100766658783,B2-01,1,2
787,54:F0:B1:A1:58:01,PoliSemFio,42,718.6100766658783,B2-01,1,2
788,54:F0:B1:A1:58:02,,40,718.6100766658783,B2-01,1,2
789,54:F0:B1:A1:E5:00,eduroam,29,718.6100766658783,B2-01,1,2
790,54:F0:B1:A1:E5:01,PoliSemFio,35,718.6100766658783,B2-01,1,2
791,54:F0:B1:A1:E5:02,,35,718.6100766658783,B2-01,1,2
792,54:F0:B1:A2:37:E0,eduroam,14,718.6100766658783,B2-01,1,2
793,54:F0:B1:A2:56:71,PoliSemFio,30,718.6100766658783,B2-01,1,2
794,54:F0:B1:A2:56:72,,27,718.6100766658783,B2-01,1,2
795,54:F0:B1:A2:57:30,eduroam,34,718.6100766658783,B2-01,1,2
796,54:F0:B1:A2:57:31,PoliSemFio,27,718.6100766658783,B2-01,1,2
797,54:F0:B1:A2:57:32,,25,718.6100766658783,B2-01,1,2
798,54:F0:B1:A2:57:33,LCA,25,718.6100766658783,B2-01,1,2
799,54:F0:B1:BB:5A:80,eduroam,34,718.6100766658783,B2-01,1,2
800,54:F0:B1:BB:5A:82,HACKER,34,718.6100766658783,B2-01,1,2
801,54:F0:B1:BB:84:B0,eduroam,20,718.6100766658783,B2-01,1,2
802,54:F0:B1:BB:92:C1,PoliSemFio,29,718.6100766658783,B2-01,1,2
803,54:F0:B1:BB:92:C2,,30,718.6100766658783,B2-01,1,2
804,54:F0:B1:BB:92:E0,eduroam,9,718.6100766658783,B2-01,1,2
805,54:F0:B1:BB:92:E1,PoliSemFio,12,718.6100766658783,B2-01,1,2
806,54:F0:B1:BB:BE:13,CAEEL,15,718.6100766658783,B2-01,1,2
807,54:F0:B1:BB:C4:D0,eduroam,59,718.6100766658783,B2-01,1,2
808,54:F0:B1:BB:C4:D1,PoliSemFio,62,718.6100766658783,B2-01,1,2
809,54:F0:B1:BB:C4:D2,,60,718.6100766658783,B2-01,1,2
810,54:F0:B1:BB:C4:F0,eduroam,64,718.6100766658783,B2-01,1,2
811,54:F0:B1:BB:C4:F1,PoliSemFio,64,718.6100766658783,B2-01,1,2
812,54:F0:B1:BB:C5:C4,GDLAB,9,718.6100766658783,B2-01,1,2
813,54:F0:B1:BB:C5:C5,LABPAD,14,718.6100766658783,B2-01,1,2
814,54:F0:B1:BB:C5:E3,MEZANINO,12,718.6100766658783,B2-01,1,2
815,54:F0:B1:BB:C5:E4,GDLAB,10,718.6100766658783,B2-01,1,2
816,54:F0:B1:BB:C5:E5,LABPAD,10,718.6100766658783,B2-01,1,2
817,54:F0:B1:BB:F3:21,PoliSemFio,25,718.6100766658783,B2-01,1,2
818,54:F0:B1:BC:09:40,eduroam,89,718.6100766658783,B2-01,1,2
819,54:F0:B1:BC:09:41,PoliSemFio,85,718.6100766658783,B2-01,1,2
820,54:F0:B1:BC:09:42,,80,718.6100766658783,B2-01,1,2
821,54:F0:B1:BC:09:60,eduroam,62,718.6100766658783,B2-01,1,2
822,54:F0:B1:BC:09:61,PoliSemFio,77,718.6100766658783,B2-01,1,2
823,54:F0:B1:BC:1B:D0,eduroam,54,718.6100766658783,B2-01,1,2
824,54:F0:B1:BC:1B:D1,PoliSemFio,54,718.6100766658783,B2-01,1,2
825,54:F0:B1:BC:1B:D2,,55,718.6100766658783,B2-01,1,2
826,54:F0:B1:BC:1B:F0,eduroam,17,718.6100766658783,B2-01,1,2
827,54:F0:B1:BC:1B:F1,PoliSemFio,15,718.6100766658783,B2-01,1,2
828,54:F0:B1:BC:2E:90,eduroam,44,718.6100766658783,B2-01,1,2
829,54:F0:B1:BC:2E:91,PoliSemFio,54,718.6100766658783,B2-01,1,2
830,54:F0:B1:BC:2E:B0,eduroam,20,718.6100766658783,B2-01,1,2
831,54:F0:B1:BC:2E:B1,PoliSemFio,20,718.6100766658783,B2-01,1,2
832,54:F0:B1:BC:2E:B2,,22,718.6100766658783,B2-01,1,2
833,54:F0:B1:BC:2F:50,eduroam,22,718.6100766658783,B2-01,1,2
834,54:F0:B1:BC:2F:51,PoliSemFio,24,718.6100766658783,B2-01,1,2
835,54:F0:B1:BC:36:11,eduroam,19,718.6100766658783,B2-01,1,2
836,54:F0:B1:BC:70:00,eduroam,77,718.6100766658783,B2-01,1,2
837,54:F0:B1:BC:70:01,PoliSemFio,67,718.6100766658783,B2-01,1,2
838,54:F0:B1:BC:70:02,,72,718.6100766658783,B2-01,1,2
839,54:F0:B1:BC:70:20,eduroam,27,718.6100766658783,B2-01,1,2
840,54:F0:B1:BC:70:21,PoliSemFio,27,718.6100766658783,B2-01,1,2
841,54:F0:B1:BC:77:80,eduroam,45,718.6100766658783,B2-01,1,2
842,54:F0:B1:BC:77:81,PoliSemFio,44,718.6100766658783,B2-01,1,2
843,54:F0:B1:BC:77:82,,44,718.6100766658783,B2-01,1,2
844,54:F0:B1:BC:77:A0,eduroam,25,718.6100766658783,B2-01,1,2
845,54:F0:B1:BC:77:A1,PoliSemFio,27,718.6100766658783,B2-01,1,2
846,54:F0:B1:BC:77:A2,,24,718.6100766658783,B2-01,1,2
847,54:F0:B1:BC:8F:20,eduroam,14,718.6100766658783,B2-01,1,2
848,68:FF:7B:47:78:BE,C1-22M,42,718.6100766658783,B2-01,1,2
849,70:62:B8:6E:72:A0,PCS-wireless-C1-13,37,718.6100766658783,B2-01,1,2
850,70:62:B8:6E:72:A1,PPGEE,35,718.6100766658783,B2-01,1,2
851,84:D4:7E:06:4F:E0,eduroam,50,718.6100766658783,B2-01,1,2
852,84:D4:7E:06:4F:E1,PoliSemFio,62,718.6100766658783,B2-01,1,2
853,84:D4:7E:06:4F:E2,,62,718.6100766658783,B2-01,1,2
854,84:D4:7E:06:4F:F0,eduroam,17,718.6100766658783,B2-01,1,2
855,84:D4:7E:06:4F:F1,PoliSemFio,25,718.6100766658783,B2-01,1,2
856,B6:4E:26:4B:84:C2,C2-01-Guest,30,718.6100766658783,B2-01,1,2
857,DE:9F:DB:1C:1F:E0,LARC Guest,47,718.6100766658783,B2-01,1,2
858,EE:9F:DB:1C:1F:E0,,47,718.6100766658783,B2-01,1,2
859,F8:1A:67:99:55:8E,NUCLEAR_CHF,22,718.6100766658783,B2-01,1,2
860,FE:9F:DB:1C:1F:D7,,25,718.6100766658783,B2-01,1,2
861,FE:9F:DB:1C:1F:E0,,47,718.6100766658783,B2-01,1,2
862,00:21:91:70:9D:EC,LAB-DIDATICO,49,724.8521873950958,B2-01,1,2
863,30:85:A9:69:F2:E4,PCS-Wireless-C2-22,35,724.8521873950958,B2-01,1,2
864,34:60:F9:A3:D9:14,GASWIFI-2G_C2,25,724.8521873950958,B2-01,1,2
865,34:60:F9:A3:E7:3F,GASWIFI_C4,35,724.8521873950958,B2-01,1,2
866,34:CE:00:51:3E:6F,Lab,15,724.8521873950958,B2-01,1,2
867,34:CE:00:51:3E:70,Lab_5G,14,724.8521873950958,B2-01,1,2
868,44:D2:44:DC:2E:01,PROJETOR_B2-06-EC89sIpciG1AUef,49,724.8521873950958,B2-01,1,2
869,54:B8:0A:AA:2C:8C,LAB_DIGITAL,50,724.8521873950958,B2-01,1,2
870,54:B8:0A:AA:2C:8D,PCS-Wireless,54,724.8521873950958,B2-01,1,2
871,54:B8:0A:AA:2C:8E,LAB_DIGITAL-5GHz,9,724.8521873950958,B2-01,1,2
872,54:B8:0A:AA:2C:8F,PCS-Wireless-5GHz,4,724.8521873950958,B2-01,1,2
873,54:F0:B1:A1:18:C0,eduroam,14,724.8521873950958,B2-01,1,2
874,54:F0:B1:A1:18:C1,PoliSemFio,14,724.8521873950958,B2-01,1,2
875,54:F0:B1:A1:18:C3,MEZANINO,12,724.8521873950958,B2-01,1,2
876,54:F0:B1:A1:18:C4,GDLAB,14,724.8521873950958,B2-01,1,2
877,54:F0:B1:A1:18:C5,LABPAD,14,724.8521873950958,B2-01,1,2
878,54:F0:B1:A1:18:D0,eduroam,32,724.8521873950958,B2-01,1,2
879,54:F0:B1:A1:18:D1,PoliSemFio,37,724.8521873950958,B2-01,1,2
880,54:F0:B1:A1:18:D2,,34,724.8521873950958,B2-01,1,2
881,54:F0:B1:A1:18:D3,MEZANINO,34,724.8521873950958,B2-01,1,2
882,54:F0:B1:A1:18:D4,GDLAB,39,724.8521873950958,B2-01,1,2
883,54:F0:B1:A1:18:D5,LABPAD,22,724.8521873950958,B2-01,1,2
884,54:F0:B1:A1:57:F0,eduroam,19,724.8521873950958,B2-01,1,2
885,54:F0:B1:A1:57:F1,PoliSemFio,17,724.8521873950958,B2-01,1,2
886,54:F0:B1:A1:57:F2,,17,724.8521873950958,B2-01,1,2
887,54:F0:B1:A1:58:00,eduroam,25,724.8521873950958,B2-01,1,2
888,54:F0:B1:A1:58:01,PoliSemFio,35,724.8521873950958,B2-01,1,2
889,54:F0:B1:A1:58:02,,35,724.8521873950958,B2-01,1,2
890,54:F0:B1:A1:E5:00,eduroam,29,724.8521873950958,B2-01,1,2
891,54:F0:B1:A1:E5:01,PoliSemFio,35,724.8521873950958,B2-01,1,2
892,54:F0:B1:A2:37:E0,eduroam,14,724.8521873950958,B2-01,1,2
893,54:F0:B1:A2:56:71,PoliSemFio,30,724.8521873950958,B2-01,1,2
894,54:F0:B1:A2:56:72,,27,724.8521873950958,B2-01,1,2
895,54:F0:B1:A2:57:30,eduroam,34,724.8521873950958,B2-01,1,2
896,54:F0:B1:A2:57:31,PoliSemFio,27,724.8521873950958,B2-01,1,2
897,54:F0:B1:A2:57:32,,25,724.8521873950958,B2-01,1,2
898,54:F0:B1:A2:57:33,LCA,25,724.8521873950958,B2-01,1,2
899,54:F0:B1:BB:84:B0,eduroam,20,724.8521873950958,B2-01,1,2
900,54:F0:B1:BB:92:C1,PoliSemFio,29,724.8521873950958,B2-01,1,2
901,54:F0:B1:BB:92:C2,,30,724.8521873950958,B2-01,1,2
902,54:F0:B1:BB:92:E0,eduroam,9,724.8521873950958,B2-01,1,2
903,54:F0:B1:BB:92:E1,PoliSemFio,12,724.8521873950958,B2-01,1,2
904,54:F0:B1:BB:BE:13,CAEEL,15,724.8521873950958,B2-01,1,2
905,54:F0:B1:BB:C4:D0,eduroam,59,724.8521873950958,B2-01,1,2
906,54:F0:B1:BB:C4:D1,PoliSemFio,55,724.8521873950958,B2-01,1,2
907,54:F0:B1:BB:C4:D2,,60,724.8521873950958,B2-01,1,2
908,54:F0:B1:BB:C4:F0,eduroam,64,724.8521873950958,B2-01,1,2
909,54:F0:B1:BB:C4:F1,PoliSemFio,54,724.8521873950958,B2-01,1,2
910,54:F0:B1:BB:C5:C4,GDLAB,9,724.8521873950958,B2-01,1,2
911,54:F0:B1:BB:C5:C5,LABPAD,14,724.8521873950958,B2-01,1,2
912,54:F0:B1:BB:C5:E3,MEZANINO,12,724.8521873950958,B2-01,1,2
913,54:F0:B1:BB:C5:E4,GDLAB,10,724.8521873950958,B2-01,1,2
914,54:F0:B1:BB:C5:E5,LABPAD,10,724.8521873950958,B2-01,1,2
915,54:F0:B1:BB:F3:20,eduroam,15,724.8521873950958,B2-01,1,2
916,54:F0:B1:BB:F3:21,PoliSemFio,25,724.8521873950958,B2-01,1,2
917,54:F0:B1:BC:09:40,eduroam,89,724.8521873950958,B2-01,1,2
918,54:F0:B1:BC:09:41,PoliSemFio,69,724.8521873950958,B2-01,1,2
919,54:F0:B1:BC:09:42,,80,724.8521873950958,B2-01,1,2
920,54:F0:B1:BC:09:60,eduroam,65,724.8521873950958,B2-01,1,2
921,54:F0:B1:BC:09:61,PoliSemFio,54,724.8521873950958,B2-01,1,2
922,54:F0:B1:BC:1B:D1,PoliSemFio,54,724.8521873950958,B2-01,1,2
923,54:F0:B1:BC:1B:D2,,55,724.8521873950958,B2-01,1,2
924,54:F0:B1:BC:1B:F0,eduroam,17,724.8521873950958,B2-01,1,2
925,54:F0:B1:BC:1B:F1,PoliSemFio,15,724.8521873950958,B2-01,1,2
926,54:F0:B1:BC:2E:90,eduroam,44,724.8521873950958,B2-01,1,2
927,54:F0:B1:BC:2E:91,PoliSemFio,54,724.8521873950958,B2-01,1,2
928,54:F0:B1:BC:2E:B0,eduroam,20,724.8521873950958,B2-01,1,2
929,54:F0:B1:BC:2E:B1,PoliSemFio,20,724.8521873950958,B2-01,1,2
930,54:F0:B1:BC:2E:B2,,22,724.8521873950958,B2-01,1,2
931,54:F0:B1:BC:2F:51,PoliSemFio,24,724.8521873950958,B2-01,1,2
932,54:F0:B1:BC:36:11,eduroam,19,724.8521873950958,B2-01,1,2
933,54:F0:B1:BC:70:00,eduroam,77,724.8521873950958,B2-01,1,2
934,54:F0:B1:BC:70:01,PoliSemFio,67,724.8521873950958,B2-01,1,2
935,54:F0:B1:BC:70:20,eduroam,17,724.8521873950958,B2-01,1,2
936,54:F0:B1:BC:70:21,PoliSemFio,15,724.8521873950958,B2-01,1,2
937,54:F0:B1:BC:77:80,eduroam,45,724.8521873950958,B2-01,1,2
938,54:F0:B1:BC:77:81,PoliSemFio,44,724.8521873950958,B2-01,1,2
939,54:F0:B1:BC:77:82,,42,724.8521873950958,B2-01,1,2
940,54:F0:B1:BC:77:A0,eduroam,17,724.8521873950958,B2-01,1,2
941,54:F0:B1:BC:77:A1,PoliSemFio,17,724.8521873950958,B2-01,1,2
942,54:F0:B1:BC:77:A2,,24,724.8521873950958,B2-01,1,2
943,54:F0:B1:BC:8F:20,eduroam,14,724.8521873950958,B2-01,1,2
944,68:FF:7B:47:78:BE,C1-22M,32,724.8521873950958,B2-01,1,2
945,70:62:B8:6E:72:A0,PCS-wireless-C1-13,37,724.8521873950958,B2-01,1,2
946,70:62:B8:6E:72:A1,PPGEE,35,724.8521873950958,B2-01,1,2
947,84:D4:7E:06:4F:E0,eduroam,65,724.8521873950958,B2-01,1,2
948,84:D4:7E:06:4F:E1,PoliSemFio,59,724.8521873950958,B2-01,1,2
949,84:D4:7E:06:4F:E2,,59,724.8521873950958,B2-01,1,2
950,84:D4:7E:06:4F:F0,eduroam,22,724.8521873950958,B2-01,1,2
951,84:D4:7E:06:4F:F1,PoliSemFio,20,724.8521873950958,B2-01,1,2
952,DE:9F:DB:1C:1F:E0,LARC Guest,47,724.8521873950958,B2-01,1,2
953,EE:9F:DB:1C:1F:E0,,35,724.8521873950958,B2-01,1,2
954,F8:1A:67:99:55:8E,NUCLEAR_CHF,19,724.8521873950958,B2-01,1,2
955,FE:9F:DB:1C:1F:D7,,25,724.8521873950958,B2-01,1,2
956,FE:9F:DB:1C:1F:E0,,47,724.8521873950958,B2-01,1,2
957,00:18:E7:FF:8C:98,dlink,24,734.7236289978027,B2-01,1,2
958,00:21:91:70:9D:EC,LAB-DIDATICO,49,734.7236289978027,B2-01,1,2
959,30:85:A9:69:F2:E4,PCS-Wireless-C2-22,35,734.7236289978027,B2-01,1,2
960,34:60:F9:A3:D9:14,GASWIFI-2G_C2,22,734.7236289978027,B2-01,1,2
961,34:60:F9:A3:E7:3F,GASWIFI_C4,35,734.7236289978027,B2-01,1,2
962,34:CE:00:51:3E:6F,Lab,44,734.7236289978027,B2-01,1,2
963,34:CE:00:51:3E:70,Lab_5G,17,734.7236289978027,B2-01,1,2
964,44:D2:44:DC:2E:01,PROJETOR_B2-06-EC89sIpciG1AUef,47,734.7236289978027,B2-01,1,2
965,54:B8:0A:AA:2C:8C,LAB_DIGITAL,44,734.7236289978027,B2-01,1,2
966,54:B8:0A:AA:2C:8D,PCS-Wireless,44,734.7236289978027,B2-01,1,2
967,54:F0:B1:A1:18:C3,MEZANINO,12,734.7236289978027,B2-01,1,2
968,54:F0:B1:A1:18:C4,GDLAB,14,734.7236289978027,B2-01,1,2
969,54:F0:B1:A1:18:C5,LABPAD,14,734.7236289978027,B2-01,1,2
970,54:F0:B1:A1:18:D0,eduroam,42,734.7236289978027,B2-01,1,2
971,54:F0:B1:A1:18:D1,PoliSemFio,37,734.7236289978027,B2-01,1,2
972,54:F0:B1:A1:18:D2,,37,734.7236289978027,B2-01,1,2
973,54:F0:B1:A1:18:D3,MEZANINO,39,734.7236289978027,B2-01,1,2
974,54:F0:B1:A1:18:D4,GDLAB,40,734.7236289978027,B2-01,1,2
975,54:F0:B1:A1:18:D5,LABPAD,22,734.7236289978027,B2-01,1,2
976,54:F0:B1:A1:58:00,eduroam,25,734.7236289978027,B2-01,1,2
977,54:F0:B1:A1:58:01,PoliSemFio,35,734.7236289978027,B2-01,1,2
978,54:F0:B1:A1:58:02,,35,734.7236289978027,B2-01,1,2
979,54:F0:B1:A1:E5:00,eduroam,29,734.7236289978027,B2-01,1,2
980,54:F0:B1:A1:E5:01,PoliSemFio,37,734.7236289978027,B2-01,1,2
981,54:F0:B1:A2:37:E0,eduroam,17,734.7236289978027,B2-01,1,2
982,54:F0:B1:A2:56:71,PoliSemFio,30,734.7236289978027,B2-01,1,2
983,54:F0:B1:A2:56:72,,27,734.7236289978027,B2-01,1,2
984,54:F0:B1:A2:57:30,eduroam,34,734.7236289978027,B2-01,1,2
985,54:F0:B1:A2:57:31,PoliSemFio,27,734.7236289978027,B2-01,1,2
986,54:F0:B1:A2:57:32,,24,734.7236289978027,B2-01,1,2
987,54:F0:B1:A2:57:33,LCA,17,734.7236289978027,B2-01,1,2
988,54:F0:B1:BB:92:C1,PoliSemFio,29,734.7236289978027,B2-01,1,2
989,54:F0:B1:BB:92:C2,,30,734.7236289978027,B2-01,1,2
990,54:F0:B1:BB:BE:11,PoliSemFio,24,734.7236289978027,B2-01,1,2
991,54:F0:B1:BB:BE:12,,25,734.7236289978027,B2-01,1,2
992,54:F0:B1:BB:BE:13,CAEEL,15,734.7236289978027,B2-01,1,2
993,54:F0:B1:BB:C4:D0,eduroam,64,734.7236289978027,B2-01,1,2
994,54:F0:B1:BB:C4:D1,PoliSemFio,85,734.7236289978027,B2-01,1,2
995,54:F0:B1:BB:C4:D2,,85,734.7236289978027,B2-01,1,2
996,54:F0:B1:BB:C4:F0,eduroam,64,734.7236289978027,B2-01,1,2
997,54:F0:B1:BB:C4:F1,PoliSemFio,54,734.7236289978027,B2-01,1,2
998,54:F0:B1:BB:C5:C4,GDLAB,17,734.7236289978027,B2-01,1,2
999,54:F0:B1:BB:C5:C5,LABPAD,7,734.7236289978027,B2-01,1,2
1000,54:F0:B1:BB:F3:20,eduroam,15,734.7236289978027,B2-01,1,2
1001,54:F0:B1:BB:F3:21,PoliSemFio,25,734.7236289978027,B2-01,1,2
1002,54:F0:B1:BC:09:40,eduroam,92,734.7236289978027,B2-01,1,2
1003,54:F0:B1:BC:09:41,PoliSemFio,92,734.7236289978027,B2-01,1,2
1004,54:F0:B1:BC:09:60,eduroam,64,734.7236289978027,B2-01,1,2
1005,54:F0:B1:BC:09:61,PoliSemFio,64,734.7236289978027,B2-01,1,2
1006,54:F0:B1:BC:1B:D1,PoliSemFio,54,734.7236289978027,B2-01,1,2
1007,54:F0:B1:BC:1B:D2,,55,734.7236289978027,B2-01,1,2
1008,54:F0:B1:BC:1B:F0,eduroam,14,734.7236289978027,B2-01,1,2
1009,54:F0:B1:BC:1B:F1,PoliSemFio,14,734.7236289978027,B2-01,1,2
1010,54:F0:B1:BC:2E:B0,eduroam,20,734.7236289978027,B2-01,1,2
1011,54:F0:B1:BC:2E:B1,PoliSemFio,19,734.7236289978027,B2-01,1,2
1012,54:F0:B1:BC:2E:B2,,22,734.7236289978027,B2-01,1,2
1013,54:F0:B1:BC:2F:51,PoliSemFio,24,734.7236289978027,B2-01,1,2
1014,54:F0:B1:BC:70:00,eduroam,55,734.7236289978027,B2-01,1,2
1015,54:F0:B1:BC:70:01,PoliSemFio,67,734.7236289978027,B2-01,1,2
1016,54:F0:B1:BC:70:20,eduroam,20,734.7236289978027,B2-01,1,2
1017,54:F0:B1:BC:70:21,PoliSemFio,22,734.7236289978027,B2-01,1,2
1018,54:F0:B1:BC:77:80,eduroam,50,734.7236289978027,B2-01,1,2
1019,54:F0:B1:BC:77:81,PoliSemFio,55,734.7236289978027,B2-01,1,2
1020,54:F0:B1:BC:77:82,,55,734.7236289978027,B2-01,1,2
1021,54:F0:B1:BC:77:A0,eduroam,17,734.7236289978027,B2-01,1,2
1022,54:F0:B1:BC:77:A1,PoliSemFio,17,734.7236289978027,B2-01,1,2
1023,54:F0:B1:BC:77:A2,,24,734.7236289978027,B2-01,1,2
1024,54:F0:B1:BC:8F:20,eduroam,14,734.7236289978027,B2-01,1,2
1025,68:FF:7B:47:78:BE,C1-22M,32,734.7236289978027,B2-01,1,2
1026,70:62:B8:6E:72:A0,PCS-wireless-C1-13,45,734.7236289978027,B2-01,1,2
1027,70:62:B8:6E:72:A1,PPGEE,44,734.7236289978027,B2-01,1,2
1028,84:D4:7E:06:4F:E0,eduroam,67,734.7236289978027,B2-01,1,2
1029,84:D4:7E:06:4F:E1,PoliSemFio,59,734.7236289978027,B2-01,1,2
1030,84:D4:7E:06:4F:E2,,59,734.7236289978027,B2-01,1,2
1031,84:D4:7E:06:4F:F0,eduroam,27,734.7236289978027,B2-01,1,2
1032,84:D4:7E:06:4F:F1,PoliSemFio,20,734.7236289978027,B2-01,1,2
1033,DE:9F:DB:1C:1F:E0,LARC Guest,34,734.7236289978027,B2-01,1,2
1034,EE:9F:DB:1C:1F:E0,,34,734.7236289978027,B2-01,1,2
1035,F8:1A:67:99:55:8E,NUCLEAR_CHF,19,734.7236289978027,B2-01,1,2
1036,FE:9F:DB:1C:1F:D7,,25,734.7236289978027,B2-01,1,2
1037,FE:9F:DB:1C:1F:E0,,34,734.7236289978027,B2-01,1,2
1038,00:18:E7:FF:8C:98,dlink,24,737.33940076828,B2-01,1,2
1039,00:21:91:70:9D:EC,LAB-DIDATICO,49,737.33940076828,B2-01,1,2
1040,30:85:A9:69:F2:E4,PCS-Wireless-C2-22,35,737.33940076828,B2-01,1,2
1041,34:60:F9:A3:D9:14,GASWIFI-2G_C2,22,737.33940076828,B2-01,1,2
1042,34:60:F9:A3:E7:3F,GASWIFI_C4,35,737.33940076828,B2-01,1,2
1043,34:CE:00:51:3E:6F,Lab,44,737.33940076828,B2-01,1,2
1044,34:CE:00:51:3E:70,Lab_5G,17,737.33940076828,B2-01,1,2
1045,44:D2:44:DC:2E:01,PROJETOR_B2-06-EC89sIpciG1AUef,47,737.33940076828,B2-01,1,2
1046,54:B8:0A:AA:2C:8C,LAB_DIGITAL,44,737.33940076828,B2-01,1,2
1047,54:B8:0A:AA:2C:8D,PCS-Wireless,44,737.33940076828,B2-01,1,2
1048,54:F0:B1:A1:18:C3,MEZANINO,12,737.33940076828,B2-01,1,2
1049,54:F0:B1:A1:18:C4,GDLAB,14,737.33940076828,B2-01,1,2
1050,54:F0:B1:A1:18:C5,LABPAD,14,737.33940076828,B2-01,1,2
1051,54:F0:B1:A1:18:D0,eduroam,42,737.33940076828,B2-01,1,2
1052,54:F0:B1:A1:18:D1,PoliSemFio,37,737.33940076828,B2-01,1,2
1053,54:F0:B1:A1:18:D2,,37,737.33940076828,B2-01,1,2
1054,54:F0:B1:A1:18:D3,MEZANINO,39,737.33940076828,B2-01,1,2
1055,54:F0:B1:A1:18:D4,GDLAB,40,737.33940076828,B2-01,1,2
1056,54:F0:B1:A1:18:D5,LABPAD,22,737.33940076828,B2-01,1,2
1057,54:F0:B1:A1:58:00,eduroam,25,737.33940076828,B2-01,1,2
1058,54:F0:B1:A1:58:01,PoliSemFio,35,737.33940076828,B2-01,1,2
1059,54:F0:B1:A1:58:02,,35,737.33940076828,B2-01,1,2
1060,54:F0:B1:A1:E5:00,eduroam,29,737.33940076828,B2-01,1,2
1061,54:F0:B1:A1:E5:01,PoliSemFio,37,737.33940076828,B2-01,1,2
1062,54:F0:B1:A2:37:E0,eduroam,17,737.33940076828,B2-01,1,2
1063,54:F0:B1:A2:56:71,PoliSemFio,30,737.33940076828,B2-01,1,2
1064,54:F0:B1:A2:56:72,,27,737.33940076828,B2-01,1,2
1065,54:F0:B1:A2:57:30,eduroam,34,737.33940076828,B2-01,1,2
1066,54:F0:B1:A2:57:31,PoliSemFio,27,737.33940076828,B2-01,1,2
1067,54:F0:B1:A2:57:32,,24,737.33940076828,B2-01,1,2
1068,54:F0:B1:A2:57:33,LCA,17,737.33940076828,B2-01,1,2
1069,54:F0:B1:BB:92:C1,PoliSemFio,29,737.33940076828,B2-01,1,2
1070,54:F0:B1:BB:92:C2,,30,737.33940076828,B2-01,1,2
1071,54:F0:B1:BB:BE:11,PoliSemFio,24,737.33940076828,B2-01,1,2
1072,54:F0:B1:BB:BE:12,,25,737.33940076828,B2-01,1,2
1073,54:F0:B1:BB:BE:13,CAEEL,15,737.33940076828,B2-01,1,2
1074,54:F0:B1:BB:C4:D0,eduroam,64,737.33940076828,B2-01,1,2
1075,54:F0:B1:BB:C4:D1,PoliSemFio,85,737.33940076828,B2-01,1,2
1076,54:F0:B1:BB:C4:D2,,85,737.33940076828,B2-01,1,2
1077,54:F0:B1:BB:C4:F0,eduroam,64,737.33940076828,B2-01,1,2
1078,54:F0:B1:BB:C4:F1,PoliSemFio,54,737.33940076828,B2-01,1,2
1079,54:F0:B1:BB:C5:C4,GDLAB,17,737.33940076828,B2-01,1,2
1080,54:F0:B1:BB:C5:C5,LABPAD,7,737.33940076828,B2-01,1,2
1081,54:F0:B1:BB:F3:20,eduroam,15,737.33940076828,B2-01,1,2
1082,54:F0:B1:BB:F3:21,PoliSemFio,25,737.33940076828,B2-01,1,2
1083,54:F0:B1:BC:09:40,eduroam,92,737.33940076828,B2-01,1,2
1084,54:F0:B1:BC:09:41,PoliSemFio,92,737.33940076828,B2-01,1,2
1085,54:F0:B1:BC:09:60,eduroam,60,737.33940076828,B2-01,1,2
1086,54:F0:B1:BC:09:61,PoliSemFio,64,737.33940076828,B2-01,1,2
1087,54:F0:B1:BC:1B:D1,PoliSemFio,54,737.33940076828,B2-01,1,2
1088,54:F0:B1:BC:1B:D2,,55,737.33940076828,B2-01,1,2
1089,54:F0:B1:BC:1B:F0,eduroam,14,737.33940076828,B2-01,1,2
1090,54:F0:B1:BC:1B:F1,PoliSemFio,14,737.33940076828,B2-01,1,2
1091,54:F0:B1:BC:2E:B0,eduroam,20,737.33940076828,B2-01,1,2
1092,54:F0:B1:BC:2E:B1,PoliSemFio,19,737.33940076828,B2-01,1,2
1093,54:F0:B1:BC:2E:B2,,22,737.33940076828,B2-01,1,2
1094,54:F0:B1:BC:2F:51,PoliSemFio,24,737.33940076828,B2-01,1,2
1095,54:F0:B1:BC:70:00,eduroam,55,737.33940076828,B2-01,1,2
1096,54:F0:B1:BC:70:01,PoliSemFio,67,737.33940076828,B2-01,1,2
1097,54:F0:B1:BC:70:20,eduroam,20,737.33940076828,B2-01,1,2
1098,54:F0:B1:BC:70:21,PoliSemFio,22,737.33940076828,B2-01,1,2
1099,54:F0:B1:BC:77:80,eduroam,50,737.33940076828,B2-01,1,2
1100,54:F0:B1:BC:77:81,PoliSemFio,55,737.33940076828,B2-01,1,2
1101,54:F0:B1:BC:77:82,,55,737.33940076828,B2-01,1,2
1102,54:F0:B1:BC:77:A0,eduroam,17,737.33940076828,B2-01,1,2
1103,54:F0:B1:BC:77:A1,PoliSemFio,17,737.33940076828,B2-01,1,2
1104,54:F0:B1:BC:77:A2,,24,737.33940076828,B2-01,1,2
1105,54:F0:B1:BC:8F:20,eduroam,14,737.33940076828,B2-01,1,2
1106,68:FF:7B:47:78:BE,C1-22M,32,737.33940076828,B2-01,1,2
1107,70:62:B8:6E:72:A0,PCS-wireless-C1-13,45,737.33940076828,B2-01,1,2
1108,70:62:B8:6E:72:A1,PPGEE,44,737.33940076828,B2-01,1,2
1109,84:D4:7E:06:4F:E0,eduroam,67,737.33940076828,B2-01,1,2
1110,84:D4:7E:06:4F:E1,PoliSemFio,59,737.33940076828,B2-01,1,2
1111,84:D4:7E:06:4F:E2,,59,737.33940076828,B2-01,1,2
1112,84:D4:7E:06:4F:F0,eduroam,27,737.33940076828,B2-01,1,2
1113,84:D4:7E:06:4F:F1,PoliSemFio,20,737.33940076828,B2-01,1,2
1114,DE:9F:DB:1C:1F:E0,LARC Guest,34,737.33940076828,B2-01,1,2
1115,EE:9F:DB:1C:1F:E0,,34,737.33940076828,B2-01,1,2
1116,F8:1A:67:99:55:8E,NUCLEAR_CHF,19,737.33940076828,B2-01,1,2
1117,FE:9F:DB:1C:1F:D7,,25,737.33940076828,B2-01,1,2
1118,FE:9F:DB:1C:1F:E0,,34,737.33940076828,B2-01,1,2
1119,00:18:E7:FF:8C:98,dlink,24,743.5936543941498,B2-01,1,2
1120,00:21:91:70:9D:EC,LAB-DIDATICO,27,743.5936543941498,B2-01,1,2
1121,30:85:A9:69:F2:E4,PCS-Wireless-C2-22,35,743.5936543941498,B2-01,1,2
1122,34:60:F9:A3:D9:14,GASWIFI-2G_C2,25,743.5936543941498,B2-01,1,2
1123,34:60:F9:A3:E7:3F,GASWIFI_C4,35,743.5936543941498,B2-01,1,2
1124,34:CE:00:51:3E:6F,Lab,47,743.5936543941498,B2-01,1,2
1125,34:CE:00:51:3E:70,Lab_5G,14,743.5936543941498,B2-01,1,2
1126,44:D2:44:DC:2E:01,PROJETOR_B2-06-EC89sIpciG1AUef,47,743.5936543941498,B2-01,1,2
1127,54:B8:0A:AA:2C:8C,LAB_DIGITAL,55,743.5936543941498,B2-01,1,2
1128,54:B8:0A:AA:2C:8D,PCS-Wireless,52,743.5936543941498,B2-01,1,2
1129,54:F0:B1:A1:18:C3,MEZANINO,9,743.5936543941498,B2-01,1,2
1130,54:F0:B1:A1:18:D0,eduroam,37,743.5936543941498,B2-01,1,2
1131,54:F0:B1:A1:18:D1,PoliSemFio,37,743.5936543941498,B2-01,1,2
1132,54:F0:B1:A1:18:D2,,37,743.5936543941498,B2-01,1,2
1133,54:F0:B1:A1:18:D3,MEZANINO,39,743.5936543941498,B2-01,1,2
1134,54:F0:B1:A1:18:D4,GDLAB,37,743.5936543941498,B2-01,1,2
1135,54:F0:B1:A1:18:D5,LABPAD,39,743.5936543941498,B2-01,1,2
1136,54:F0:B1:A1:58:00,eduroam,25,743.5936543941498,B2-01,1,2
1137,54:F0:B1:A1:58:01,PoliSemFio,35,743.5936543941498,B2-01,1,2
1138,54:F0:B1:A1:58:02,,35,743.5936543941498,B2-01,1,2
1139,54:F0:B1:A1:E5:00,eduroam,27,743.5936543941498,B2-01,1,2
1140,54:F0:B1:A1:E5:01,PoliSemFio,37,743.5936543941498,B2-01,1,2
1141,54:F0:B1:A2:37:E0,eduroam,17,743.5936543941498,B2-01,1,2
1142,54:F0:B1:A2:56:71,PoliSemFio,30,743.5936543941498,B2-01,1,2
1143,54:F0:B1:A2:56:72,,27,743.5936543941498,B2-01,1,2
1144,54:F0:B1:A2:57:30,eduroam,34,743.5936543941498,B2-01,1,2
1145,54:F0:B1:A2:57:31,PoliSemFio,27,743.5936543941498,B2-01,1,2
1146,54:F0:B1:A2:57:32,,24,743.5936543941498,B2-01,1,2
1147,54:F0:B1:A2:57:33,LCA,17,743.5936543941498,B2-01,1,2
1148,54:F0:B1:BB:92:C1,PoliSemFio,29,743.5936543941498,B2-01,1,2
1149,54:F0:B1:BB:92:C2,,30,743.5936543941498,B2-01,1,2
1150,54:F0:B1:BB:BE:11,PoliSemFio,24,743.5936543941498,B2-01,1,2
1151,54:F0:B1:BB:BE:12,,25,743.5936543941498,B2-01,1,2
1152,54:F0:B1:BB:BE:13,CAEEL,24,743.5936543941498,B2-01,1,2
1153,54:F0:B1:BB:C4:D0,eduroam,57,743.5936543941498,B2-01,1,2
1154,54:F0:B1:BB:C4:D1,PoliSemFio,54,743.5936543941498,B2-01,1,2
1155,54:F0:B1:BB:C4:D2,,54,743.5936543941498,B2-01,1,2
1156,54:F0:B1:BB:C4:F0,eduroam,54,743.5936543941498,B2-01,1,2
1157,54:F0:B1:BB:C4:F1,PoliSemFio,54,743.5936543941498,B2-01,1,2
1158,54:F0:B1:BB:C5:C4,GDLAB,17,743.5936543941498,B2-01,1,2
1159,54:F0:B1:BB:C5:C5,LABPAD,7,743.5936543941498,B2-01,1,2
1160,54:F0:B1:BB:F3:20,eduroam,15,743.5936543941498,B2-01,1,2
1161,54:F0:B1:BB:F3:21,PoliSemFio,25,743.5936543941498,B2-01,1,2
1162,54:F0:B1:BC:09:40,eduroam,64,743.5936543941498,B2-01,1,2
1163,54:F0:B1:BC:09:41,PoliSemFio,65,743.5936543941498,B2-01,1,2
1164,54:F0:B1:BC:09:42,,65,743.5936543941498,B2-01,1,2
1165,54:F0:B1:BC:09:60,eduroam,62,743.5936543941498,B2-01,1,2
1166,54:F0:B1:BC:09:61,PoliSemFio,54,743.5936543941498,B2-01,1,2
1167,54:F0:B1:BC:1B:D1,PoliSemFio,54,743.5936543941498,B2-01,1,2
1168,54:F0:B1:BC:1B:D2,,45,743.5936543941498,B2-01,1,2
1169,54:F0:B1:BC:1B:F0,eduroam,14,743.5936543941498,B2-01,1,2
1170,54:F0:B1:BC:1B:F1,PoliSemFio,14,743.5936543941498,B2-01,1,2
1171,54:F0:B1:BC:2E:90,eduroam,42,743.5936543941498,B2-01,1,2
1172,54:F0:B1:BC:2E:B0,eduroam,20,743.5936543941498,B2-01,1,2
1173,54:F0:B1:BC:2E:B1,PoliSemFio,19,743.5936543941498,B2-01,1,2
1174,54:F0:B1:BC:2F:50,eduroam,12,743.5936543941498,B2-01,1,2
1175,54:F0:B1:BC:70:00,eduroam,45,743.5936543941498,B2-01,1,2
1176,54:F0:B1:BC:70:01,PoliSemFio,67,743.5936543941498,B2-01,1,2
1177,54:F0:B1:BC:70:20,eduroam,12,743.5936543941498,B2-01,1,2
1178,54:F0:B1:BC:70:21,PoliSemFio,14,743.5936543941498,B2-01,1,2
1179,54:F0:B1:BC:77:80,eduroam,50,743.5936543941498,B2-01,1,2
1180,54:F0:B1:BC:77:81,PoliSemFio,55,743.5936543941498,B2-01,1,2
1181,54:F0:B1:BC:77:82,,42,743.5936543941498,B2-01,1,2
1182,54:F0:B1:BC:77:A0,eduroam,17,743.5936543941498,B2-01,1,2
1183,54:F0:B1:BC:77:A1,PoliSemFio,14,743.5936543941498,B2-01,1,2
1184,54:F0:B1:BC:77:A2,,15,743.5936543941498,B2-01,1,2
1185,56:60:F9:A3:E7:3F,,40,743.5936543941498,B2-01,1,2
1186,68:FF:7B:47:78:BE,C1-22M,32,743.5936543941498,B2-01,1,2
1187,70:62:B8:6E:72:A0,PCS-wireless-C1-13,45,743.5936543941498,B2-01,1,2
1188,70:62:B8:6E:72:A1,PPGEE,44,743.5936543941498,B2-01,1,2
1189,84:D4:7E:06:4F:E0,eduroam,64,743.5936543941498,B2-01,1,2
1190,84:D4:7E:06:4F:E1,PoliSemFio,57,743.5936543941498,B2-01,1,2
1191,84:D4:7E:06:4F:E2,,57,743.5936543941498,B2-01,1,2
1192,84:D4:7E:06:4F:F0,eduroam,22,743.5936543941498,B2-01,1,2
1193,84:D4:7E:06:4F:F1,PoliSemFio,20,743.5936543941498,B2-01,1,2
1194,DC:9F:DB:1C:1F:E0,LWN-3,39,743.5936543941498,B2-01,1,2
1195,DE:9F:DB:1C:1F:E0,LARC Guest,39,743.5936543941498,B2-01,1,2
1196,EE:9F:DB:1C:1F:E0,,34,743.5936543941498,B2-01,1,2
1197,F8:1A:67:99:55:8E,NUCLEAR_CHF,24,743.5936543941498,B2-01,1,2
1198,FA:D0:27:3E:69:92,DIRECT-273EE992,15,743.5936543941498,B2-01,1,2
1199,FE:9F:DB:1C:1F:E0,,39,743.5936543941498,B2-01,1,2
1200,00:18:E7:FF:8C:98,dlink,24,749.8339190483093,B2-01,1,2
1201,00:21:91:70:9D:EC,LAB-DIDATICO,27,749.8339190483093,B2-01,1,2
1202,30:85:A9:69:F2:E4,PCS-Wireless-C2-22,35,749.8339190483093,B2-01,1,2
1203,34:60:F9:A3:D9:14,GASWIFI-2G_C2,25,749.8339190483093,B2-01,1,2
1204,34:CE:00:51:3E:6F,Lab,47,749.8339190483093,B2-01,1,2
1205,34:CE:00:51:3E:70,Lab_5G,19,749.8339190483093,B2-01,1,2
1206,44:D2:44:DC:2E:01,PROJETOR_B2-06-EC89sIpciG1AUef,45,749.8339190483093,B2-01,1,2
1207,54:B8:0A:AA:2C:8C,LAB_DIGITAL,44,749.8339190483093,B2-01,1,2
1208,54:B8:0A:AA:2C:8D,PCS-Wireless,42,749.8339190483093,B2-01,1,2
1209,54:F0:B1:A1:18:C3,MEZANINO,9,749.8339190483093,B2-01,1,2
1210,54:F0:B1:A1:18:D0,eduroam,37,749.8339190483093,B2-01,1,2
1211,54:F0:B1:A1:18:D1,PoliSemFio,37,749.8339190483093,B2-01,1,2
1212,54:F0:B1:A1:18:D2,,35,749.8339190483093,B2-01,1,2
1213,54:F0:B1:A1:18:D3,MEZANINO,39,749.8339190483093,B2-01,1,2
1214,54:F0:B1:A1:18:D4,GDLAB,39,749.8339190483093,B2-01,1,2
1215,54:F0:B1:A1:18:D5,LABPAD,39,749.8339190483093,B2-01,1,2
1216,54:F0:B1:A1:58:00,eduroam,25,749.8339190483093,B2-01,1,2
1217,54:F0:B1:A1:58:01,PoliSemFio,35,749.8339190483093,B2-01,1,2
1218,54:F0:B1:A1:58:02,,45,749.8339190483093,B2-01,1,2
1219,54:F0:B1:A1:E5:00,eduroam,27,749.8339190483093,B2-01,1,2
1220,54:F0:B1:A1:E5:01,PoliSemFio,37,749.8339190483093,B2-01,1,2
1221,54:F0:B1:A1:E5:02,,37,749.8339190483093,B2-01,1,2
1222,54:F0:B1:A2:37:E0,eduroam,17,749.8339190483093,B2-01,1,2
1223,54:F0:B1:A2:56:71,PoliSemFio,30,749.8339190483093,B2-01,1,2
1224,54:F0:B1:A2:56:72,,27,749.8339190483093,B2-01,1,2
1225,54:F0:B1:A2:57:32,,27,749.8339190483093,B2-01,1,2
1226,54:F0:B1:A2:57:33,LCA,15,749.8339190483093,B2-01,1,2
1227,54:F0:B1:BB:5A:80,eduroam,19,749.8339190483093,B2-01,1,2
1228,54:F0:B1:BB:5A:81,PoliSemFio,37,749.8339190483093,B2-01,1,2
1229,54:F0:B1:BB:80:C3,LABPROG,10,749.8339190483093,B2-01,1,2
1230,54:F0:B1:BB:92:C1,PoliSemFio,29,749.8339190483093,B2-01,1,2
1231,54:F0:B1:BB:92:C2,,19,749.8339190483093,B2-01,1,2
1232,54:F0:B1:BB:BE:11,PoliSemFio,24,749.8339190483093,B2-01,1,2
1233,54:F0:B1:BB:BE:12,,20,749.8339190483093,B2-01,1,2
1234,54:F0:B1:BB:BE:13,CAEEL,24,749.8339190483093,B2-01,1,2
1235,54:F0:B1:BB:C4:D0,eduroam,62,749.8339190483093,B2-01,1,2
1236,54:F0:B1:BB:C4:D1,PoliSemFio,85,749.8339190483093,B2-01,1,2
1237,54:F0:B1:BB:C4:D2,,85,749.8339190483093,B2-01,1,2
1238,54:F0:B1:BB:C4:F0,eduroam,65,749.8339190483093,B2-01,1,2
1239,54:F0:B1:BB:C4:F1,PoliSemFio,65,749.8339190483093,B2-01,1,2
1240,54:F0:B1:BB:C5:C3,MEZANINO,14,749.8339190483093,B2-01,1,2
1241,54:F0:B1:BB:C5:C4,GDLAB,17,749.8339190483093,B2-01,1,2
1242,54:F0:B1:BB:C5:C5,LABPAD,7,749.8339190483093,B2-01,1,2
1243,54:F0:B1:BB:D1:92,LTE,15,749.8339190483093,B2-01,1,2
1244,54:F0:B1:BB:F3:20,eduroam,15,749.8339190483093,B2-01,1,2
1245,54:F0:B1:BC:09:40,eduroam,94,749.8339190483093,B2-01,1,2
1246,54:F0:B1:BC:09:41,PoliSemFio,92,749.8339190483093,B2-01,1,2
1247,54:F0:B1:BC:09:42,,65,749.8339190483093,B2-01,1,2
1248,54:F0:B1:BC:09:60,eduroam,64,749.8339190483093,B2-01,1,2
1249,54:F0:B1:BC:09:61,PoliSemFio,64,749.8339190483093,B2-01,1,2
1250,54:F0:B1:BC:1B:D1,PoliSemFio,54,749.8339190483093,B2-01,1,2
1251,54:F0:B1:BC:1B:D2,,60,749.8339190483093,B2-01,1,2
1252,54:F0:B1:BC:1B:F0,eduroam,14,749.8339190483093,B2-01,1,2
1253,54:F0:B1:BC:1B:F1,PoliSemFio,14,749.8339190483093,B2-01,1,2
1254,54:F0:B1:BC:2E:90,eduroam,37,749.8339190483093,B2-01,1,2
1255,54:F0:B1:BC:2E:B0,eduroam,20,749.8339190483093,B2-01,1,2
1256,54:F0:B1:BC:2E:B1,PoliSemFio,22,749.8339190483093,B2-01,1,2
1257,54:F0:B1:BC:2F:50,eduroam,12,749.8339190483093,B2-01,1,2
1258,54:F0:B1:BC:65:B0,eduroam,12,749.8339190483093,B2-01,1,2
1259,54:F0:B1:BC:6F:70,eduroam,15,749.8339190483093,B2-01,1,2
1260,54:F0:B1:BC:70:00,eduroam,52,749.8339190483093,B2-01,1,2
1261,54:F0:B1:BC:70:01,PoliSemFio,59,749.8339190483093,B2-01,1,2
1262,54:F0:B1:BC:70:20,eduroam,22,749.8339190483093,B2-01,1,2
1263,54:F0:B1:BC:70:21,PoliSemFio,22,749.8339190483093,B2-01,1,2
1264,54:F0:B1:BC:77:80,eduroam,49,749.8339190483093,B2-01,1,2
1265,54:F0:B1:BC:77:81,PoliSemFio,57,749.8339190483093,B2-01,1,2
1266,54:F0:B1:BC:77:82,,57,749.8339190483093,B2-01,1,2
1267,54:F0:B1:BC:77:A0,eduroam,14,749.8339190483093,B2-01,1,2
1268,54:F0:B1:BC:77:A1,PoliSemFio,15,749.8339190483093,B2-01,1,2
1269,54:F0:B1:BC:77:A2,,15,749.8339190483093,B2-01,1,2
1270,56:60:F9:A3:E7:3F,,40,749.8339190483093,B2-01,1,2
1271,68:FF:7B:47:78:BE,C1-22M,50,749.8339190483093,B2-01,1,2
1272,70:62:B8:6E:72:A0,PCS-wireless-C1-13,44,749.8339190483093,B2-01,1,2
1273,70:62:B8:6E:72:A1,PPGEE,44,749.8339190483093,B2-01,1,2
1274,84:D4:7E:06:4F:E0,eduroam,62,749.8339190483093,B2-01,1,2
1275,84:D4:7E:06:4F:E1,PoliSemFio,60,749.8339190483093,B2-01,1,2
1276,84:D4:7E:06:4F:E2,,60,749.8339190483093,B2-01,1,2
1277,84:D4:7E:06:4F:F0,eduroam,30,749.8339190483093,B2-01,1,2
1278,84:D4:7E:06:4F:F1,PoliSemFio,30,749.8339190483093,B2-01,1,2
1279,DC:9F:DB:1C:1F:E0,LWN-3,39,749.8339190483093,B2-01,1,2
1280,DE:9F:DB:1C:1F:E0,LARC Guest,27,749.8339190483093,B2-01,1,2
1281,EE:9F:DB:1C:1F:E0,,30,749.8339190483093,B2-01,1,2
1282,F8:1A:67:99:55:8E,NUCLEAR_CHF,29,749.8339190483093,B2-01,1,2
1283,FA:D0:27:3E:69:92,DIRECT-273EE992,15,749.8339190483093,B2-01,1,2
1284,FE:9F:DB:1C:1F:E0,,27,749.8339190483093,B2-01,1,2
1285,00:18:E7:FF:8C:98,dlink,24,756.071129322052,B2-01,1,2
1286,00:21:91:70:9D:EC,LAB-DIDATICO,25,756.071129322052,B2-01,1,2
1287,30:85:A9:69:F2:E4,PCS-Wireless-C2-22,35,756.071129322052,B2-01,1,2
1288,34:60:F9:A3:D9:14,GASWIFI-2G_C2,27,756.071129322052,B2-01,1,2
1289,34:CE:00:51:3E:6F,Lab,35,756.071129322052,B2-01,1,2
1290,34:CE:00:51:3E:70,Lab_5G,12,756.071129322052,B2-01,1,2
1291,3A:60:F9:A3:D9:14,,22,756.071129322052,B2-01,1,2
1292,44:D2:44:DC:2E:01,PROJETOR_B2-06-EC89sIpciG1AUef,29,756.071129322052,B2-01,1,2
1293,54:B8:0A:AA:2C:8C,LAB_DIGITAL,54,756.071129322052,B2-01,1,2
1294,54:B8:0A:AA:2C:8D,PCS-Wireless,54,756.071129322052,B2-01,1,2
1295,54:F0:B1:A1:18:C3,MEZANINO,9,756.071129322052,B2-01,1,2
1296,54:F0:B1:A1:18:C4,GDLAB,10,756.071129322052,B2-01,1,2
1297,54:F0:B1:A1:18:C5,LABPAD,10,756.071129322052,B2-01,1,2
1298,54:F0:B1:A1:18:D0,eduroam,37,756.071129322052,B2-01,1,2
1299,54:F0:B1:A1:18:D1,PoliSemFio,32,756.071129322052,B2-01,1,2
1300,54:F0:B1:A1:18:D2,,34,756.071129322052,B2-01,1,2
1301,54:F0:B1:A1:18:D3,MEZANINO,39,756.071129322052,B2-01,1,2
1302,54:F0:B1:A1:18:D4,GDLAB,35,756.071129322052,B2-01,1,2
1303,54:F0:B1:A1:18:D5,LABPAD,35,756.071129322052,B2-01,1,2
1304,54:F0:B1:A1:58:00,eduroam,34,756.071129322052,B2-01,1,2
1305,54:F0:B1:A1:58:01,PoliSemFio,39,756.071129322052,B2-01,1,2
1306,54:F0:B1:A1:58:02,,37,756.071129322052,B2-01,1,2
1307,54:F0:B1:A1:E5:00,eduroam,30,756.071129322052,B2-01,1,2
1308,54:F0:B1:A1:E5:01,PoliSemFio,37,756.071129322052,B2-01,1,2
1309,54:F0:B1:A1:E5:02,,37,756.071129322052,B2-01,1,2
1310,54:F0:B1:A2:37:E0,eduroam,17,756.071129322052,B2-01,1,2
1311,54:F0:B1:A2:57:32,,27,756.071129322052,B2-01,1,2
1312,54:F0:B1:A2:57:33,LCA,15,756.071129322052,B2-01,1,2
1313,54:F0:B1:BB:5A:80,eduroam,19,756.071129322052,B2-01,1,2
1314,54:F0:B1:BB:5A:81,PoliSemFio,37,756.071129322052,B2-01,1,2
1315,54:F0:B1:BB:80:C3,LABPROG,10,756.071129322052,B2-01,1,2
1316,54:F0:B1:BB:92:C2,,19,756.071129322052,B2-01,1,2
1317,54:F0:B1:BB:BE:11,PoliSemFio,24,756.071129322052,B2-01,1,2
1318,54:F0:B1:BB:BE:12,,20,756.071129322052,B2-01,1,2
1319,54:F0:B1:BB:BE:13,CAEEL,20,756.071129322052,B2-01,1,2
1320,54:F0:B1:BB:C4:D0,eduroam,55,756.071129322052,B2-01,1,2
1321,54:F0:B1:BB:C4:D1,PoliSemFio,52,756.071129322052,B2-01,1,2
1322,54:F0:B1:BB:C4:D2,,54,756.071129322052,B2-01,1,2
1323,54:F0:B1:BB:C4:F0,eduroam,54,756.071129322052,B2-01,1,2
1324,54:F0:B1:BB:C4:F1,PoliSemFio,54,756.071129322052,B2-01,1,2
1325,54:F0:B1:BB:C5:C3,MEZANINO,14,756.071129322052,B2-01,1,2
1326,54:F0:B1:BB:C5:C4,GDLAB,17,756.071129322052,B2-01,1,2
1327,54:F0:B1:BB:C5:C5,LABPAD,7,756.071129322052,B2-01,1,2
1328,54:F0:B1:BB:D1:92,LTE,15,756.071129322052,B2-01,1,2
1329,54:F0:B1:BB:F3:20,eduroam,15,756.071129322052,B2-01,1,2
1330,54:F0:B1:BC:09:40,eduroam,65,756.071129322052,B2-01,1,2
1331,54:F0:B1:BC:09:41,PoliSemFio,72,756.071129322052,B2-01,1,2
1332,54:F0:B1:BC:09:42,,74,756.071129322052,B2-01,1,2
1333,54:F0:B1:BC:09:60,eduroam,54,756.071129322052,B2-01,1,2
1334,54:F0:B1:BC:09:61,PoliSemFio,54,756.071129322052,B2-01,1,2
1335,54:F0:B1:BC:1B:D1,PoliSemFio,47,756.071129322052,B2-01,1,2
1336,54:F0:B1:BC:1B:D2,,47,756.071129322052,B2-01,1,2
1337,54:F0:B1:BC:1B:F0,eduroam,14,756.071129322052,B2-01,1,2
1338,54:F0:B1:BC:1B:F1,PoliSemFio,14,756.071129322052,B2-01,1,2
1339,54:F0:B1:BC:2E:90,eduroam,37,756.071129322052,B2-01,1,2
1340,54:F0:B1:BC:2E:92,,54,756.071129322052,B2-01,1,2
1341,54:F0:B1:BC:2E:B0,eduroam,20,756.071129322052,B2-01,1,2
1342,54:F0:B1:BC:2E:B1,PoliSemFio,10,756.071129322052,B2-01,1,2
1343,54:F0:B1:BC:2F:50,eduroam,19,756.071129322052,B2-01,1,2
1344,54:F0:B1:BC:3F:10,eduroam,27,756.071129322052,B2-01,1,2
1345,54:F0:B1:BC:65:B0,eduroam,12,756.071129322052,B2-01,1,2
1346,54:F0:B1:BC:6F:70,eduroam,15,756.071129322052,B2-01,1,2
1347,54:F0:B1:BC:70:00,eduroam,44,756.071129322052,B2-01,1,2
1348,54:F0:B1:BC:70:01,PoliSemFio,59,756.071129322052,B2-01,1,2
1349,54:F0:B1:BC:70:20,eduroam,19,756.071129322052,B2-01,1,2
1350,54:F0:B1:BC:70:21,PoliSemFio,19,756.071129322052,B2-01,1,2
1351,54:F0:B1:BC:77:80,eduroam,49,756.071129322052,B2-01,1,2
1352,54:F0:B1:BC:77:81,PoliSemFio,57,756.071129322052,B2-01,1,2
1353,54:F0:B1:BC:77:82,,40,756.071129322052,B2-01,1,2
1354,54:F0:B1:BC:77:A0,eduroam,17,756.071129322052,B2-01,1,2
1355,54:F0:B1:BC:77:A1,PoliSemFio,17,756.071129322052,B2-01,1,2
1356,54:F0:B1:BC:77:A2,,15,756.071129322052,B2-01,1,2
1357,56:60:F9:A3:E7:3F,,40,756.071129322052,B2-01,1,2
1358,68:FF:7B:47:78:BE,C1-22M,35,756.071129322052,B2-01,1,2
1359,70:62:B8:6E:72:A0,PCS-wireless-C1-13,44,756.071129322052,B2-01,1,2
1360,70:62:B8:6E:72:A1,PPGEE,35,756.071129322052,B2-01,1,2
1361,84:D4:7E:06:4F:E0,eduroam,67,756.071129322052,B2-01,1,2
1362,84:D4:7E:06:4F:E1,PoliSemFio,60,756.071129322052,B2-01,1,2
1363,84:D4:7E:06:4F:E2,,60,756.071129322052,B2-01,1,2
1364,84:D4:7E:06:4F:F0,eduroam,20,756.071129322052,B2-01,1,2
1365,84:D4:7E:06:4F:F1,PoliSemFio,22,756.071129322052,B2-01,1,2
1366,DC:9F:DB:1C:1F:E0,LWN-3,37,756.071129322052,B2-01,1,2
1367,DE:9F:DB:1C:1F:E0,LARC Guest,27,756.071129322052,B2-01,1,2
1368,EE:9F:DB:1C:1F:E0,,30,756.071129322052,B2-01,1,2
1369,F8:1A:67:99:55:8E,NUCLEAR_CHF,29,756.071129322052,B2-01,1,2
1370,FA:D0:27:3E:69:92,DIRECT-273EE992,15,756.071129322052,B2-01,1,2
1371,FE:9F:DB:1C:1F:E0,,37,756.071129322052,B2-01,1,2
1372,00:18:E7:FF:8C:98,dlink,24,762.339194059372,B2-01,1,2
1373,00:21:91:70:9D:EC,LAB-DIDATICO,25,762.339194059372,B2-01,1,2
1374,30:85:A9:69:F2:E4,PCS-Wireless-C2-22,35,762.339194059372,B2-01,1,2
1375,34:60:F9:A3:D9:14,GASWIFI-2G_C2,27,762.339194059372,B2-01,1,2
1376,34:CE:00:51:3E:6F,Lab,35,762.339194059372,B2-01,1,2
1377,34:CE:00:51:3E:70,Lab_5G,12,762.339194059372,B2-01,1,2
1378,3A:60:F9:A3:D9:14,,22,762.339194059372,B2-01,1,2
1379,44:D2:44:DC:2E:01,PROJETOR_B2-06-EC89sIpciG1AUef,29,762.339194059372,B2-01,1,2
1380,54:B8:0A:AA:2C:8C,LAB_DIGITAL,54,762.339194059372,B2-01,1,2
1381,54:B8:0A:AA:2C:8D,PCS-Wireless,54,762.339194059372,B2-01,1,2
1382,54:F0:B1:A1:18:C3,MEZANINO,9,762.339194059372,B2-01,1,2
1383,54:F0:B1:A1:18:C4,GDLAB,10,762.339194059372,B2-01,1,2
1384,54:F0:B1:A1:18:C5,LABPAD,10,762.339194059372,B2-01,1,2
1385,54:F0:B1:A1:18:D0,eduroam,37,762.339194059372,B2-01,1,2
1386,54:F0:B1:A1:18:D1,PoliSemFio,32,762.339194059372,B2-01,1,2
1387,54:F0:B1:A1:18:D2,,34,762.339194059372,B2-01,1,2
1388,54:F0:B1:A1:18:D3,MEZANINO,39,762.339194059372,B2-01,1,2
1389,54:F0:B1:A1:18:D4,GDLAB,35,762.339194059372,B2-01,1,2
1390,54:F0:B1:A1:18:D5,LABPAD,35,762.339194059372,B2-01,1,2
1391,54:F0:B1:A1:58:00,eduroam,34,762.339194059372,B2-01,1,2
1392,54:F0:B1:A1:58:01,PoliSemFio,39,762.339194059372,B2-01,1,2
1393,54:F0:B1:A1:58:02,,37,762.339194059372,B2-01,1,2
1394,54:F0:B1:A1:E5:00,eduroam,30,762.339194059372,B2-01,1,2
1395,54:F0:B1:A1:E5:01,PoliSemFio,37,762.339194059372,B2-01,1,2
1396,54:F0:B1:A1:E5:02,,37,762.339194059372,B2-01,1,2
1397,54:F0:B1:A2:37:E0,eduroam,17,762.339194059372,B2-01,1,2
1398,54:F0:B1:A2:57:32,,27,762.339194059372,B2-01,1,2
1399,54:F0:B1:A2:57:33,LCA,15,762.339194059372,B2-01,1,2
1400,54:F0:B1:BB:5A:80,eduroam,19,762.339194059372,B2-01,1,2
1401,54:F0:B1:BB:5A:81,PoliSemFio,37,762.339194059372,B2-01,1,2
1402,54:F0:B1:BB:80:C3,LABPROG,10,762.339194059372,B2-01,1,2
1403,54:F0:B1:BB:92:C2,,19,762.339194059372,B2-01,1,2
1404,54:F0:B1:BB:BE:11,PoliSemFio,24,762.339194059372,B2-01,1,2
1405,54:F0:B1:BB:BE:12,,20,762.339194059372,B2-01,1,2
1406,54:F0:B1:BB:BE:13,CAEEL,20,762.339194059372,B2-01,1,2
1407,54:F0:B1:BB:C4:D0,eduroam,55,762.339194059372,B2-01,1,2
1408,54:F0:B1:BB:C4:D1,PoliSemFio,52,762.339194059372,B2-01,1,2
1409,54:F0:B1:BB:C4:D2,,54,762.339194059372,B2-01,1,2
1410,54:F0:B1:BB:C4:F0,eduroam,54,762.339194059372,B2-01,1,2
1411,54:F0:B1:BB:C4:F1,PoliSemFio,54,762.339194059372,B2-01,1,2
1412,54:F0:B1:BB:C5:C3,MEZANINO,14,762.339194059372,B2-01,1,2
1413,54:F0:B1:BB:C5:C4,GDLAB,17,762.339194059372,B2-01,1,2
1414,54:F0:B1:BB:C5:C5,LABPAD,7,762.339194059372,B2-01,1,2
1415,54:F0:B1:BB:D1:92,LTE,15,762.339194059372,B2-01,1,2
1416,54:F0:B1:BB:F3:20,eduroam,15,762.339194059372,B2-01,1,2
1417,54:F0:B1:BC:09:40,eduroam,65,762.339194059372,B2-01,1,2
1418,54:F0:B1:BC:09:41,PoliSemFio,72,762.339194059372,B2-01,1,2
1419,54:F0:B1:BC:09:42,,74,762.339194059372,B2-01,1,2
1420,54:F0:B1:BC:09:60,eduroam,68,762.339194059372,B2-01,1,2
1421,54:F0:B1:BC:09:61,PoliSemFio,54,762.339194059372,B2-01,1,2
1422,54:F0:B1:BC:1B:D1,PoliSemFio,47,762.339194059372,B2-01,1,2
1423,54:F0:B1:BC:1B:D2,,47,762.339194059372,B2-01,1,2
1424,54:F0:B1:BC:1B:F0,eduroam,14,762.339194059372,B2-01,1,2
1425,54:F0:B1:BC:1B:F1,PoliSemFio,14,762.339194059372,B2-01,1,2
1426,54:F0:B1:BC:2E:90,eduroam,37,762.339194059372,B2-01,1,2
1427,54:F0:B1:BC:2E:92,,54,762.339194059372,B2-01,1,2
1428,54:F0:B1:BC:2E:B0,eduroam,20,762.339194059372,B2-01,1,2
1429,54:F0:B1:BC:2E:B1,PoliSemFio,10,762.339194059372,B2-01,1,2
1430,54:F0:B1:BC:2F:50,eduroam,19,762.339194059372,B2-01,1,2
1431,54:F0:B1:BC:3F:10,eduroam,27,762.339194059372,B2-01,1,2
1432,54:F0:B1:BC:65:B0,eduroam,12,762.339194059372,B2-01,1,2
1433,54:F0:B1:BC:6F:70,eduroam,15,762.339194059372,B2-01,1,2
1434,54:F0:B1:BC:70:00,eduroam,44,762.339194059372,B2-01,1,2
1435,54:F0:B1:BC:70:01,PoliSemFio,59,762.339194059372,B2-01,1,2
1436,54:F0:B1:BC:70:20,eduroam,19,762.339194059372,B2-01,1,2
1437,54:F0:B1:BC:70:21,PoliSemFio,19,762.339194059372,B2-01,1,2
1438,54:F0:B1:BC:77:80,eduroam,49,762.339194059372,B2-01,1,2
1439,54:F0:B1:BC:77:81,PoliSemFio,57,762.339194059372,B2-01,1,2
1440,54:F0:B1:BC:77:82,,40,762.339194059372,B2-01,1,2
1441,54:F0:B1:BC:77:A0,eduroam,17,762.339194059372,B2-01,1,2
1442,54:F0:B1:BC:77:A1,PoliSemFio,17,762.339194059372,B2-01,1,2
1443,54:F0:B1:BC:77:A2,,15,762.339194059372,B2-01,1,2
1444,56:60:F9:A3:E7:3F,,40,762.339194059372,B2-01,1,2
1445,68:FF:7B:47:78:BE,C1-22M,35,762.339194059372,B2-01,1,2
1446,70:62:B8:6E:72:A0,PCS-wireless-C1-13,44,762.339194059372,B2-01,1,2
1447,70:62:B8:6E:72:A1,PPGEE,35,762.339194059372,B2-01,1,2
1448,84:D4:7E:06:4F:E0,eduroam,67,762.339194059372,B2-01,1,2
1449,84:D4:7E:06:4F:E1,PoliSemFio,60,762.339194059372,B2-01,1,2
1450,84:D4:7E:06:4F:E2,,60,762.339194059372,B2-01,1,2
1451,84:D4:7E:06:4F:F0,eduroam,20,762.339194059372,B2-01,1,2
1452,84:D4:7E:06:4F:F1,PoliSemFio,22,762.339194059372,B2-01,1,2
1453,DC:9F:DB:1C:1F:E0,LWN-3,37,762.339194059372,B2-01,1,2
1454,DE:9F:DB:1C:1F:E0,LARC Guest,27,762.339194059372,B2-01,1,2
1455,EE:9F:DB:1C:1F:E0,,30,762.339194059372,B2-01,1,2
1456,F8:1A:67:99:55:8E,NUCLEAR_CHF,29,762.339194059372,B2-01,1,2
1457,FA:D0:27:3E:69:92,DIRECT-273EE992,15,762.339194059372,B2-01,1,2
1458,FE:9F:DB:1C:1F:E0,,37,762.339194059372,B2-01,1,2
1459,00:18:E7:FF:8C:98,dlink,17,764.9588680267334,B2-01,1,2
1460,00:21:91:70:9D:EC,LAB-DIDATICO,34,764.9588680267334,B2-01,1,2
1461,30:85:A9:69:F2:E4,PCS-Wireless-C2-22,35,764.9588680267334,B2-01,1,2
1462,34:60:F9:A3:D9:14,GASWIFI-2G_C2,20,764.9588680267334,B2-01,1,2
1463,34:CE:00:51:3E:6F,Lab,47,764.9588680267334,B2-01,1,2
1464,34:CE:00:51:3E:70,Lab_5G,9,764.9588680267334,B2-01,1,2
1465,3A:60:F9:A3:D9:14,,22,764.9588680267334,B2-01,1,2
1466,44:D2:44:DC:2E:01,PROJETOR_B2-06-EC89sIpciG1AUef,42,764.9588680267334,B2-01,1,2
1467,54:B8:0A:AA:2C:8C,LAB_DIGITAL,27,764.9588680267334,B2-01,1,2
1468,54:B8:0A:AA:2C:8D,PCS-Wireless,54,764.9588680267334,B2-01,1,2
1469,54:F0:B1:A1:18:C0,eduroam,15,764.9588680267334,B2-01,1,2
1470,54:F0:B1:A1:18:C1,PoliSemFio,17,764.9588680267334,B2-01,1,2
1471,54:F0:B1:A1:18:C3,MEZANINO,14,764.9588680267334,B2-01,1,2
1472,54:F0:B1:A1:18:C4,GDLAB,15,764.9588680267334,B2-01,1,2
1473,54:F0:B1:A1:18:C5,LABPAD,15,764.9588680267334,B2-01,1,2
1474,54:F0:B1:A1:18:D0,eduroam,45,764.9588680267334,B2-01,1,2
1475,54:F0:B1:A1:18:D1,PoliSemFio,32,764.9588680267334,B2-01,1,2
1476,54:F0:B1:A1:18:D2,,34,764.9588680267334,B2-01,1,2
1477,54:F0:B1:A1:18:D3,MEZANINO,39,764.9588680267334,B2-01,1,2
1478,54:F0:B1:A1:18:D4,GDLAB,35,764.9588680267334,B2-01,1,2
1479,54:F0:B1:A1:18:D5,LABPAD,15,764.9588680267334,B2-01,1,2
1480,54:F0:B1:A1:57:F0,eduroam,15,764.9588680267334,B2-01,1,2
1481,54:F0:B1:A1:57:F1,PoliSemFio,14,764.9588680267334,B2-01,1,2
1482,54:F0:B1:A1:57:F2,,15,764.9588680267334,B2-01,1,2
1483,54:F0:B1:A1:58:00,eduroam,40,764.9588680267334,B2-01,1,2
1484,54:F0:B1:A1:58:01,PoliSemFio,44,764.9588680267334,B2-01,1,2
1485,54:F0:B1:A1:58:02,,37,764.9588680267334,B2-01,1,2
1486,54:F0:B1:A1:E5:00,eduroam,30,764.9588680267334,B2-01,1,2
1487,54:F0:B1:A1:E5:01,PoliSemFio,37,764.9588680267334,B2-01,1,2
1488,54:F0:B1:A1:E5:02,,37,764.9588680267334,B2-01,1,2
1489,54:F0:B1:A2:37:E0,eduroam,17,764.9588680267334,B2-01,1,2
1490,54:F0:B1:A2:56:70,eduroam,20,764.9588680267334,B2-01,1,2
1491,54:F0:B1:A2:56:71,PoliSemFio,25,764.9588680267334,B2-01,1,2
1492,54:F0:B1:A2:56:72,,25,764.9588680267334,B2-01,1,2
1493,54:F0:B1:A2:57:30,eduroam,25,764.9588680267334,B2-01,1,2
1494,54:F0:B1:A2:57:31,PoliSemFio,27,764.9588680267334,B2-01,1,2
1495,54:F0:B1:A2:57:32,,27,764.9588680267334,B2-01,1,2
1496,54:F0:B1:A2:57:33,LCA,15,764.9588680267334,B2-01,1,2
1497,54:F0:B1:BB:5A:80,eduroam,34,764.9588680267334,B2-01,1,2
1498,54:F0:B1:BB:5A:81,PoliSemFio,42,764.9588680267334,B2-01,1,2
1499,54:F0:B1:BB:80:C3,LABPROG,12,764.9588680267334,B2-01,1,2
1500,54:F0:B1:BB:92:C2,,19,764.9588680267334,B2-01,1,2
1501,54:F0:B1:BB:BE:11,PoliSemFio,24,764.9588680267334,B2-01,1,2
1502,54:F0:B1:BB:BE:12,,20,764.9588680267334,B2-01,1,2
1503,54:F0:B1:BB:BE:13,CAEEL,20,764.9588680267334,B2-01,1,2
1504,54:F0:B1:BB:C4:D0,eduroam,67,764.9588680267334,B2-01,1,2
1505,54:F0:B1:BB:C4:D1,PoliSemFio,89,764.9588680267334,B2-01,1,2
1506,54:F0:B1:BB:C4:D2,,87,764.9588680267334,B2-01,1,2
1507,54:F0:B1:BB:C4:F0,eduroam,64,764.9588680267334,B2-01,1,2
1508,54:F0:B1:BB:C4:F1,PoliSemFio,64,764.9588680267334,B2-01,1,2
1509,54:F0:B1:BB:C5:C3,MEZANINO,14,764.9588680267334,B2-01,1,2
1510,54:F0:B1:BB:C5:C4,GDLAB,17,764.9588680267334,B2-01,1,2
1511,54:F0:B1:BB:C5:C5,LABPAD,7,764.9588680267334,B2-01,1,2
1512,54:F0:B1:BB:D1:92,LTE,15,764.9588680267334,B2-01,1,2
1513,54:F0:B1:BC:09:40,eduroam,90,764.9588680267334,B2-01,1,2
1514,54:F0:B1:BC:09:41,PoliSemFio,89,764.9588680267334,B2-01,1,2
1515,54:F0:B1:BC:09:42,,74,764.9588680267334,B2-01,1,2
1516,54:F0:B1:BC:09:60,eduroam,79,764.9588680267334,B2-01,1,2
1517,54:F0:B1:BC:09:61,PoliSemFio,79,764.9588680267334,B2-01,1,2
1518,54:F0:B1:BC:1B:D1,PoliSemFio,47,764.9588680267334,B2-01,1,2
1519,54:F0:B1:BC:1B:D2,,47,764.9588680267334,B2-01,1,2
1520,54:F0:B1:BC:1B:F0,eduroam,15,764.9588680267334,B2-01,1,2
1521,54:F0:B1:BC:1B:F1,PoliSemFio,15,764.9588680267334,B2-01,1,2
1522,54:F0:B1:BC:2E:90,eduroam,37,764.9588680267334,B2-01,1,2
1523,54:F0:B1:BC:2E:92,,62,764.9588680267334,B2-01,1,2
1524,54:F0:B1:BC:2E:B0,eduroam,14,764.9588680267334,B2-01,1,2
1525,54:F0:B1:BC:2E:B1,PoliSemFio,14,764.9588680267334,B2-01,1,2
1526,54:F0:B1:BC:2F:50,eduroam,19,764.9588680267334,B2-01,1,2
1527,54:F0:B1:BC:36:10,PoliSemFio,19,764.9588680267334,B2-01,1,2
1528,54:F0:B1:BC:36:11,eduroam,12,764.9588680267334,B2-01,1,2
1529,54:F0:B1:BC:36:12,,24,764.9588680267334,B2-01,1,2
1530,54:F0:B1:BC:3F:10,eduroam,27,764.9588680267334,B2-01,1,2
1531,54:F0:B1:BC:3F:11,PoliSemFio,42,764.9588680267334,B2-01,1,2
1532,54:F0:B1:BC:43:60,eduroam,7,764.9588680267334,B2-01,1,2
1533,54:F0:B1:BC:65:B0,eduroam,12,764.9588680267334,B2-01,1,2
1534,54:F0:B1:BC:6F:70,eduroam,15,764.9588680267334,B2-01,1,2
1535,54:F0:B1:BC:70:00,eduroam,54,764.9588680267334,B2-01,1,2
1536,54:F0:B1:BC:70:01,PoliSemFio,50,764.9588680267334,B2-01,1,2
1537,54:F0:B1:BC:70:20,eduroam,29,764.9588680267334,B2-01,1,2
1538,54:F0:B1:BC:70:21,PoliSemFio,30,764.9588680267334,B2-01,1,2
1539,54:F0:B1:BC:77:80,eduroam,55,764.9588680267334,B2-01,1,2
1540,54:F0:B1:BC:77:81,PoliSemFio,54,764.9588680267334,B2-01,1,2
1541,54:F0:B1:BC:77:82,,40,764.9588680267334,B2-01,1,2
1542,54:F0:B1:BC:77:A0,eduroam,17,764.9588680267334,B2-01,1,2
1543,54:F0:B1:BC:77:A1,PoliSemFio,17,764.9588680267334,B2-01,1,2
1544,54:F0:B1:BC:77:A2,,15,764.9588680267334,B2-01,1,2
1545,56:60:F9:A3:E7:3F,,40,764.9588680267334,B2-01,1,2
1546,68:FF:7B:47:78:BE,C1-22M,37,764.9588680267334,B2-01,1,2
1547,70:62:B8:6E:72:A0,PCS-wireless-C1-13,45,764.9588680267334,B2-01,1,2
1548,70:62:B8:6E:72:A1,PPGEE,25,764.9588680267334,B2-01,1,2
1549,84:D4:7E:06:4F:E0,eduroam,67,764.9588680267334,B2-01,1,2
1550,84:D4:7E:06:4F:E1,PoliSemFio,52,764.9588680267334,B2-01,1,2
1551,84:D4:7E:06:4F:E2,,54,764.9588680267334,B2-01,1,2
1552,84:D4:7E:06:4F:F0,eduroam,20,764.9588680267334,B2-01,1,2
1553,84:D4:7E:06:4F:F1,PoliSemFio,22,764.9588680267334,B2-01,1,2
1554,DC:9F:DB:1C:1F:E0,LWN-3,44,764.9588680267334,B2-01,1,2
1555,DE:9F:DB:1C:1F:E0,LARC Guest,27,764.9588680267334,B2-01,1,2
1556,EE:9F:DB:1C:1F:E0,,30,764.9588680267334,B2-01,1,2
1557,F8:1A:67:99:55:8E,NUCLEAR_CHF,22,764.9588680267334,B2-01,1,2
1558,FA:D0:27:3E:69:92,DIRECT-273EE992,15,764.9588680267334,B2-01,1,2
1559,FE:9F:DB:1C:1F:D7,,27,764.9588680267334,B2-01,1,2
1560,FE:9F:DB:1C:1F:E0,,44,764.9588680267334,B2-01,1,2
1561,00:18:E7:FF:8C:98,dlink,17,767.5798215866089,B2-01,1,2
1562,00:21:91:70:9D:EC,LAB-DIDATICO,34,767.5798215866089,B2-01,1,2
1563,30:85:A9:69:F2:E4,PCS-Wireless-C2-22,35,767.5798215866089,B2-01,1,2
1564,34:60:F9:A3:D9:14,GASWIFI-2G_C2,20,767.5798215866089,B2-01,1,2
1565,34:CE:00:51:3E:6F,Lab,47,767.5798215866089,B2-01,1,2
1566,34:CE:00:51:3E:70,Lab_5G,9,767.5798215866089,B2-01,1,2
1567,3A:60:F9:A3:D9:14,,22,767.5798215866089,B2-01,1,2
1568,44:D2:44:DC:2E:01,PROJETOR_B2-06-EC89sIpciG1AUef,42,767.5798215866089,B2-01,1,2
1569,54:B8:0A:AA:2C:8C,LAB_DIGITAL,27,767.5798215866089,B2-01,1,2
1570,54:B8:0A:AA:2C:8D,PCS-Wireless,54,767.5798215866089,B2-01,1,2
1571,54:F0:B1:A1:18:C0,eduroam,15,767.5798215866089,B2-01,1,2
1572,54:F0:B1:A1:18:C1,PoliSemFio,17,767.5798215866089,B2-01,1,2
1573,54:F0:B1:A1:18:C3,MEZANINO,14,767.5798215866089,B2-01,1,2
1574,54:F0:B1:A1:18:C4,GDLAB,15,767.5798215866089,B2-01,1,2
1575,54:F0:B1:A1:18:C5,LABPAD,15,767.5798215866089,B2-01,1,2
1576,54:F0:B1:A1:18:D0,eduroam,45,767.5798215866089,B2-01,1,2
1577,54:F0:B1:A1:18:D1,PoliSemFio,32,767.5798215866089,B2-01,1,2
1578,54:F0:B1:A1:18:D2,,34,767.5798215866089,B2-01,1,2
1579,54:F0:B1:A1:18:D3,MEZANINO,39,767.5798215866089,B2-01,1,2
1580,54:F0:B1:A1:18:D4,GDLAB,35,767.5798215866089,B2-01,1,2
1581,54:F0:B1:A1:18:D5,LABPAD,15,767.5798215866089,B2-01,1,2
1582,54:F0:B1:A1:57:F0,eduroam,15,767.5798215866089,B2-01,1,2
1583,54:F0:B1:A1:57:F1,PoliSemFio,14,767.5798215866089,B2-01,1,2
1584,54:F0:B1:A1:57:F2,,15,767.5798215866089,B2-01,1,2
1585,54:F0:B1:A1:58:00,eduroam,40,767.5798215866089,B2-01,1,2
1586,54:F0:B1:A1:58:01,PoliSemFio,44,767.5798215866089,B2-01,1,2
1587,54:F0:B1:A1:58:02,,37,767.5798215866089,B2-01,1,2
1588,54:F0:B1:A1:E5:00,eduroam,30,767.5798215866089,B2-01,1,2
1589,54:F0:B1:A1:E5:01,PoliSemFio,37,767.5798215866089,B2-01,1,2
1590,54:F0:B1:A1:E5:02,,37,767.5798215866089,B2-01,1,2
1591,54:F0:B1:A2:37:E0,eduroam,17,767.5798215866089,B2-01,1,2
1592,54:F0:B1:A2:56:70,eduroam,20,767.5798215866089,B2-01,1,2
1593,54:F0:B1:A2:56:71,PoliSemFio,25,767.5798215866089,B2-01,1,2
1594,54:F0:B1:A2:56:72,,25,767.5798215866089,B2-01,1,2
1595,54:F0:B1:A2:57:30,eduroam,25,767.5798215866089,B2-01,1,2
1596,54:F0:B1:A2:57:31,PoliSemFio,27,767.5798215866089,B2-01,1,2
1597,54:F0:B1:A2:57:32,,27,767.5798215866089,B2-01,1,2
1598,54:F0:B1:A2:57:33,LCA,15,767.5798215866089,B2-01,1,2
1599,54:F0:B1:BB:5A:80,eduroam,34,767.5798215866089,B2-01,1,2
1600,54:F0:B1:BB:5A:81,PoliSemFio,42,767.5798215866089,B2-01,1,2
1601,54:F0:B1:BB:80:C3,LABPROG,12,767.5798215866089,B2-01,1,2
1602,54:F0:B1:BB:92:C2,,19,767.5798215866089,B2-01,1,2
1603,54:F0:B1:BB:BE:11,PoliSemFio,24,767.5798215866089,B2-01,1,2
1604,54:F0:B1:BB:BE:12,,20,767.5798215866089,B2-01,1,2
1605,54:F0:B1:BB:BE:13,CAEEL,20,767.5798215866089,B2-01,1,2
1606,54:F0:B1:BB:C4:D0,eduroam,67,767.5798215866089,B2-01,1,2
1607,54:F0:B1:BB:C4:D1,PoliSemFio,89,767.5798215866089,B2-01,1,2
1608,54:F0:B1:BB:C4:D2,,87,767.5798215866089,B2-01,1,2
1609,54:F0:B1:BB:C4:F0,eduroam,64,767.5798215866089,B2-01,1,2
1610,54:F0:B1:BB:C4:F1,PoliSemFio,64,767.5798215866089,B2-01,1,2
1611,54:F0:B1:BB:C5:C3,MEZANINO,14,767.5798215866089,B2-01,1,2
1612,54:F0:B1:BB:C5:C4,GDLAB,17,767.5798215866089,B2-01,1,2
1613,54:F0:B1:BB:C5:C5,LABPAD,7,767.5798215866089,B2-01,1,2
1614,54:F0:B1:BB:D1:92,LTE,15,767.5798215866089,B2-01,1,2
1615,54:F0:B1:BC:09:40,eduroam,90,767.5798215866089,B2-01,1,2
1616,54:F0:B1:BC:09:41,PoliSemFio,89,767.5798215866089,B2-01,1,2
1617,54:F0:B1:BC:09:42,,74,767.5798215866089,B2-01,1,2
1618,54:F0:B1:BC:09:60,eduroam,59,767.5798215866089,B2-01,1,2
1619,54:F0:B1:BC:09:61,PoliSemFio,79,767.5798215866089,B2-01,1,2
1620,54:F0:B1:BC:1B:D1,PoliSemFio,47,767.5798215866089,B2-01,1,2
1621,54:F0:B1:BC:1B:D2,,47,767.5798215866089,B2-01,1,2
1622,54:F0:B1:BC:1B:F0,eduroam,15,767.5798215866089,B2-01,1,2
1623,54:F0:B1:BC:1B:F1,PoliSemFio,15,767.5798215866089,B2-01,1,2
1624,54:F0:B1:BC:2E:90,eduroam,37,767.5798215866089,B2-01,1,2
1625,54:F0:B1:BC:2E:92,,62,767.5798215866089,B2-01,1,2
1626,54:F0:B1:BC:2E:B0,eduroam,14,767.5798215866089,B2-01,1,2
1627,54:F0:B1:BC:2E:B1,PoliSemFio,14,767.5798215866089,B2-01,1,2
1628,54:F0:B1:BC:2F:50,eduroam,19,767.5798215866089,B2-01,1,2
1629,54:F0:B1:BC:36:10,PoliSemFio,19,767.5798215866089,B2-01,1,2
1630,54:F0:B1:BC:36:11,eduroam,12,767.5798215866089,B2-01,1,2
1631,54:F0:B1:BC:36:12,,24,767.5798215866089,B2-01,1,2
1632,54:F0:B1:BC:3F:10,eduroam,27,767.5798215866089,B2-01,1,2
1633,54:F0:B1:BC:3F:11,PoliSemFio,42,767.5798215866089,B2-01,1,2
1634,54:F0:B1:BC:43:60,eduroam,7,767.5798215866089,B2-01,1,2
1635,54:F0:B1:BC:65:B0,eduroam,12,767.5798215866089,B2-01,1,2
1636,54:F0:B1:BC:6F:70,eduroam,15,767.5798215866089,B2-01,1,2
1637,54:F0:B1:BC:70:00,eduroam,54,767.5798215866089,B2-01,1,2
1638,54:F0:B1:BC:70:01,PoliSemFio,50,767.5798215866089,B2-01,1,2
1639,54:F0:B1:BC:70:20,eduroam,29,767.5798215866089,B2-01,1,2
1640,54:F0:B1:BC:70:21,PoliSemFio,30,767.5798215866089,B2-01,1,2
1641,54:F0:B1:BC:77:80,eduroam,55,767.5798215866089,B2-01,1,2
1642,54:F0:B1:BC:77:81,PoliSemFio,54,767.5798215866089,B2-01,1,2
1643,54:F0:B1:BC:77:82,,40,767.5798215866089,B2-01,1,2
1644,54:F0:B1:BC:77:A0,eduroam,17,767.5798215866089,B2-01,1,2
1645,54:F0:B1:BC:77:A1,PoliSemFio,17,767.5798215866089,B2-01,1,2
1646,54:F0:B1:BC:77:A2,,15,767.5798215866089,B2-01,1,2
1647,56:60:F9:A3:E7:3F,,40,767.5798215866089,B2-01,1,2
1648,68:FF:7B:47:78:BE,C1-22M,37,767.5798215866089,B2-01,1,2
1649,70:62:B8:6E:72:A0,PCS-wireless-C1-13,45,767.5798215866089,B2-01,1,2
1650,70:62:B8:6E:72:A1,PPGEE,25,767.5798215866089,B2-01,1,2
1651,84:D4:7E:06:4F:E0,eduroam,67,767.5798215866089,B2-01,1,2
1652,84:D4:7E:06:4F:E1,PoliSemFio,52,767.5798215866089,B2-01,1,2
1653,84:D4:7E:06:4F:E2,,54,767.5798215866089,B2-01,1,2
1654,84:D4:7E:06:4F:F0,eduroam,20,767.5798215866089,B2-01,1,2
1655,84:D4:7E:06:4F:F1,PoliSemFio,22,767.5798215866089,B2-01,1,2
1656,DC:9F:DB:1C:1F:E0,LWN-3,44,767.5798215866089,B2-01,1,2
1657,DE:9F:DB:1C:1F:E0,LARC Guest,27,767.5798215866089,B2-01,1,2
1658,EE:9F:DB:1C:1F:E0,,30,767.5798215866089,B2-01,1,2
1659,F8:1A:67:99:55:8E,NUCLEAR_CHF,22,767.5798215866089,B2-01,1,2
1660,FA:D0:27:3E:69:92,DIRECT-273EE992,15,767.5798215866089,B2-01,1,2
1661,FE:9F:DB:1C:1F:D7,,27,767.5798215866089,B2-01,1,2
1662,FE:9F:DB:1C:1F:E0,,44,767.5798215866089,B2-01,1,2
1663,00:18:E7:FF:8C:98,dlink,17,773.8468749523163,B2-01,1,2
1664,00:21:91:70:9D:EC,LAB-DIDATICO,30,773.8468749523163,B2-01,1,2
1665,34:60:F9:A3:D9:14,GASWIFI-2G_C2,27,773.8468749523163,B2-01,1,2
1666,34:CE:00:51:3E:6F,Lab,22,773.8468749523163,B2-01,1,2
1667,34:CE:00:51:3E:70,Lab_5G,27,773.8468749523163,B2-01,1,2
1668,3A:60:F9:A3:D9:14,,22,773.8468749523163,B2-01,1,2
1669,44:D2:44:DC:2E:01,PROJETOR_B2-06-EC89sIpciG1AUef,35,773.8468749523163,B2-01,1,2
1670,54:B8:0A:AA:2C:8C,LAB_DIGITAL,39,773.8468749523163,B2-01,1,2
1671,54:B8:0A:AA:2C:8D,PCS-Wireless,54,773.8468749523163,B2-01,1,2
1672,54:F0:B1:A1:18:C0,eduroam,15,773.8468749523163,B2-01,1,2
1673,54:F0:B1:A1:18:C1,PoliSemFio,17,773.8468749523163,B2-01,1,2
1674,54:F0:B1:A1:18:C3,MEZANINO,9,773.8468749523163,B2-01,1,2
1675,54:F0:B1:A1:18:C4,GDLAB,12,773.8468749523163,B2-01,1,2
1676,54:F0:B1:A1:18:C5,LABPAD,15,773.8468749523163,B2-01,1,2
1677,54:F0:B1:A1:18:D0,eduroam,30,773.8468749523163,B2-01,1,2
1678,54:F0:B1:A1:18:D1,PoliSemFio,29,773.8468749523163,B2-01,1,2
1679,54:F0:B1:A1:18:D2,,29,773.8468749523163,B2-01,1,2
1680,54:F0:B1:A1:18:D3,MEZANINO,39,773.8468749523163,B2-01,1,2
1681,54:F0:B1:A1:18:D4,GDLAB,30,773.8468749523163,B2-01,1,2
1682,54:F0:B1:A1:18:D5,LABPAD,32,773.8468749523163,B2-01,1,2
1683,54:F0:B1:A1:57:F0,eduroam,15,773.8468749523163,B2-01,1,2
1684,54:F0:B1:A1:57:F1,PoliSemFio,14,773.8468749523163,B2-01,1,2
1685,54:F0:B1:A1:57:F2,,15,773.8468749523163,B2-01,1,2
1686,54:F0:B1:A1:58:00,eduroam,22,773.8468749523163,B2-01,1,2
1687,54:F0:B1:A1:58:01,PoliSemFio,32,773.8468749523163,B2-01,1,2
1688,54:F0:B1:A1:58:02,,32,773.8468749523163,B2-01,1,2
1689,54:F0:B1:A1:E4:F0,eduroam,12,773.8468749523163,B2-01,1,2
1690,54:F0:B1:A1:E4:F1,PoliSemFio,12,773.8468749523163,B2-01,1,2
1691,54:F0:B1:A1:E4:F2,,14,773.8468749523163,B2-01,1,2
1692,54:F0:B1:A1:E5:00,eduroam,30,773.8468749523163,B2-01,1,2
1693,54:F0:B1:A1:E5:02,,37,773.8468749523163,B2-01,1,2
1694,54:F0:B1:A2:56:70,eduroam,20,773.8468749523163,B2-01,1,2
1695,54:F0:B1:A2:56:71,PoliSemFio,25,773.8468749523163,B2-01,1,2
1696,54:F0:B1:A2:56:72,,25,773.8468749523163,B2-01,1,2
1697,54:F0:B1:A2:57:30,eduroam,29,773.8468749523163,B2-01,1,2
1698,54:F0:B1:A2:57:31,PoliSemFio,27,773.8468749523163,B2-01,1,2
1699,54:F0:B1:A2:57:32,,27,773.8468749523163,B2-01,1,2
1700,54:F0:B1:A2:57:33,LCA,15,773.8468749523163,B2-01,1,2
1701,54:F0:B1:BB:5A:80,eduroam,34,773.8468749523163,B2-01,1,2
1702,54:F0:B1:BB:5A:81,PoliSemFio,42,773.8468749523163,B2-01,1,2
1703,54:F0:B1:BB:80:C3,LABPROG,10,773.8468749523163,B2-01,1,2
1704,54:F0:B1:BB:92:C2,,19,773.8468749523163,B2-01,1,2
1705,54:F0:B1:BB:BE:12,,20,773.8468749523163,B2-01,1,2
1706,54:F0:B1:BB:BE:13,CAEEL,15,773.8468749523163,B2-01,1,2
1707,54:F0:B1:BB:C4:D0,eduroam,47,773.8468749523163,B2-01,1,2
1708,54:F0:B1:BB:C4:D1,PoliSemFio,54,773.8468749523163,B2-01,1,2
1709,54:F0:B1:BB:C4:D2,,54,773.8468749523163,B2-01,1,2
1710,54:F0:B1:BB:C4:F0,eduroam,64,773.8468749523163,B2-01,1,2
1711,54:F0:B1:BB:C4:F1,PoliSemFio,64,773.8468749523163,B2-01,1,2
1712,54:F0:B1:BB:C5:C3,MEZANINO,14,773.8468749523163,B2-01,1,2
1713,54:F0:B1:BB:D1:92,LTE,15,773.8468749523163,B2-01,1,2
1714,54:F0:B1:BC:09:40,eduroam,90,773.8468749523163,B2-01,1,2
1715,54:F0:B1:BC:09:41,PoliSemFio,89,773.8468749523163,B2-01,1,2
1716,54:F0:B1:BC:09:42,,74,773.8468749523163,B2-01,1,2
1717,54:F0:B1:BC:09:60,eduroam,65,773.8468749523163,B2-01,1,2
1718,54:F0:B1:BC:09:61,PoliSemFio,64,773.8468749523163,B2-01,1,2
1719,54:F0:B1:BC:1B:D1,PoliSemFio,47,773.8468749523163,B2-01,1,2
1720,54:F0:B1:BC:1B:D2,,42,773.8468749523163,B2-01,1,2
1721,54:F0:B1:BC:1B:F0,eduroam,15,773.8468749523163,B2-01,1,2
1722,54:F0:B1:BC:1B:F1,PoliSemFio,15,773.8468749523163,B2-01,1,2
1723,54:F0:B1:BC:2E:90,eduroam,32,773.8468749523163,B2-01,1,2
1724,54:F0:B1:BC:2E:92,,62,773.8468749523163,B2-01,1,2
1725,54:F0:B1:BC:2E:B0,eduroam,19,773.8468749523163,B2-01,1,2
1726,54:F0:B1:BC:2E:B1,PoliSemFio,19,773.8468749523163,B2-01,1,2
1727,54:F0:B1:BC:2F:50,eduroam,19,773.8468749523163,B2-01,1,2
1728,54:F0:B1:BC:36:10,PoliSemFio,19,773.8468749523163,B2-01,1,2
1729,54:F0:B1:BC:36:11,eduroam,20,773.8468749523163,B2-01,1,2
1730,54:F0:B1:BC:36:12,,24,773.8468749523163,B2-01,1,2
1731,54:F0:B1:BC:3F:10,eduroam,25,773.8468749523163,B2-01,1,2
1732,54:F0:B1:BC:3F:11,PoliSemFio,42,773.8468749523163,B2-01,1,2
1733,54:F0:B1:BC:43:60,eduroam,7,773.8468749523163,B2-01,1,2
1734,54:F0:B1:BC:65:B0,eduroam,12,773.8468749523163,B2-01,1,2
1735,54:F0:B1:BC:6F:70,eduroam,15,773.8468749523163,B2-01,1,2
1736,54:F0:B1:BC:70:00,eduroam,47,773.8468749523163,B2-01,1,2
1737,54:F0:B1:BC:70:01,PoliSemFio,47,773.8468749523163,B2-01,1,2
1738,54:F0:B1:BC:70:20,eduroam,15,773.8468749523163,B2-01,1,2
1739,54:F0:B1:BC:70:21,PoliSemFio,15,773.8468749523163,B2-01,1,2
1740,54:F0:B1:BC:77:80,eduroam,37,773.8468749523163,B2-01,1,2
1741,54:F0:B1:BC:77:81,PoliSemFio,44,773.8468749523163,B2-01,1,2
1742,54:F0:B1:BC:77:82,,42,773.8468749523163,B2-01,1,2
1743,54:F0:B1:BC:77:A0,eduroam,19,773.8468749523163,B2-01,1,2
1744,54:F0:B1:BC:77:A1,PoliSemFio,19,773.8468749523163,B2-01,1,2
1745,54:F0:B1:BC:77:A2,,15,773.8468749523163,B2-01,1,2
1746,56:60:F9:A3:E7:3F,,40,773.8468749523163,B2-01,1,2
1747,68:FF:7B:47:78:BE,C1-22M,39,773.8468749523163,B2-01,1,2
1748,70:62:B8:6E:72:A0,PCS-wireless-C1-13,39,773.8468749523163,B2-01,1,2
1749,70:62:B8:6E:72:A1,PPGEE,25,773.8468749523163,B2-01,1,2
1750,84:D4:7E:06:4F:E0,eduroam,55,773.8468749523163,B2-01,1,2
1751,84:D4:7E:06:4F:E1,PoliSemFio,52,773.8468749523163,B2-01,1,2
1752,84:D4:7E:06:4F:E2,,54,773.8468749523163,B2-01,1,2
1753,84:D4:7E:06:4F:F0,eduroam,20,773.8468749523163,B2-01,1,2
1754,84:D4:7E:06:4F:F1,PoliSemFio,22,773.8468749523163,B2-01,1,2
1755,DC:9F:DB:1C:1F:E0,LWN-3,34,773.8468749523163,B2-01,1,2
1756,DE:9F:DB:1C:1F:E0,LARC Guest,32,773.8468749523163,B2-01,1,2
1757,EE:9F:DB:1C:1F:E0,,30,773.8468749523163,B2-01,1,2
1758,F8:1A:67:99:55:8E,NUCLEAR_CHF,22,773.8468749523163,B2-01,1,2
1759,FA:D0:27:3E:69:92,DIRECT-273EE992,15,773.8468749523163,B2-01,1,2
1760,FE:9F:DB:1C:1F:D7,,27,773.8468749523163,B2-01,1,2
1761,FE:9F:DB:1C:1F:E0,,34,773.8468749523163,B2-01,1,2
1762,00:18:E7:FF:8C:98,dlink,17,783.7342801094055,B2-01,1,2
1763,00:21:91:70:9D:EC,LAB-DIDATICO,35,783.7342801094055,B2-01,1,2
1764,34:60:F9:A3:D9:14,GASWIFI-2G_C2,25,783.7342801094055,B2-01,1,2
1765,34:CE:00:51:3E:6F,Lab,47,783.7342801094055,B2-01,1,2
1766,34:CE:00:51:3E:70,Lab_5G,24,783.7342801094055,B2-01,1,2
1767,3A:60:F9:A3:D9:14,,22,783.7342801094055,B2-01,1,2
1768,44:D2:44:DC:2E:01,PROJETOR_B2-06-EC89sIpciG1AUef,52,783.7342801094055,B2-01,1,2
1769,54:B8:0A:AA:2C:8C,LAB_DIGITAL,47,783.7342801094055,B2-01,1,2
1770,54:B8:0A:AA:2C:8D,PCS-Wireless,47,783.7342801094055,B2-01,1,2
1771,54:B8:0A:AA:2C:8E,LAB_DIGITAL-5GHz,9,783.7342801094055,B2-01,1,2
1772,54:B8:0A:AA:2C:8F,PCS-Wireless-5GHz,10,783.7342801094055,B2-01,1,2
1773,54:F0:B1:A1:18:C0,eduroam,19,783.7342801094055,B2-01,1,2
1774,54:F0:B1:A1:18:C1,PoliSemFio,19,783.7342801094055,B2-01,1,2
1775,54:F0:B1:A1:18:C3,MEZANINO,19,783.7342801094055,B2-01,1,2
1776,54:F0:B1:A1:18:C4,GDLAB,17,783.7342801094055,B2-01,1,2
1777,54:F0:B1:A1:18:C5,LABPAD,17,783.7342801094055,B2-01,1,2
1778,54:F0:B1:A1:18:D0,eduroam,30,783.7342801094055,B2-01,1,2
1779,54:F0:B1:A1:18:D1,PoliSemFio,29,783.7342801094055,B2-01,1,2
1780,54:F0:B1:A1:18:D2,,29,783.7342801094055,B2-01,1,2
1781,54:F0:B1:A1:18:D3,MEZANINO,30,783.7342801094055,B2-01,1,2
1782,54:F0:B1:A1:18:D4,GDLAB,30,783.7342801094055,B2-01,1,2
1783,54:F0:B1:A1:18:D5,LABPAD,32,783.7342801094055,B2-01,1,2
1784,54:F0:B1:A1:57:F0,eduroam,15,783.7342801094055,B2-01,1,2
1785,54:F0:B1:A1:57:F1,PoliSemFio,14,783.7342801094055,B2-01,1,2
1786,54:F0:B1:A1:57:F2,,15,783.7342801094055,B2-01,1,2
1787,54:F0:B1:A1:58:00,eduroam,42,783.7342801094055,B2-01,1,2
1788,54:F0:B1:A1:58:01,PoliSemFio,32,783.7342801094055,B2-01,1,2
1789,54:F0:B1:A1:58:02,,32,783.7342801094055,B2-01,1,2
1790,54:F0:B1:A1:E4:F0,eduroam,12,783.7342801094055,B2-01,1,2
1791,54:F0:B1:A1:E4:F1,PoliSemFio,12,783.7342801094055,B2-01,1,2
1792,54:F0:B1:A1:E4:F2,,14,783.7342801094055,B2-01,1,2
1793,54:F0:B1:A1:E5:00,eduroam,32,783.7342801094055,B2-01,1,2
1794,54:F0:B1:A1:E5:01,PoliSemFio,30,783.7342801094055,B2-01,1,2
1795,54:F0:B1:A1:E5:02,,30,783.7342801094055,B2-01,1,2
1796,54:F0:B1:A2:56:70,eduroam,20,783.7342801094055,B2-01,1,2
1797,54:F0:B1:A2:56:71,PoliSemFio,25,783.7342801094055,B2-01,1,2
1798,54:F0:B1:A2:56:72,,25,783.7342801094055,B2-01,1,2
1799,54:F0:B1:A2:57:30,eduroam,29,783.7342801094055,B2-01,1,2
1800,54:F0:B1:A2:57:31,PoliSemFio,30,783.7342801094055,B2-01,1,2
1801,54:F0:B1:A2:57:32,,30,783.7342801094055,B2-01,1,2
1802,54:F0:B1:A2:57:33,LCA,20,783.7342801094055,B2-01,1,2
1803,54:F0:B1:BB:5A:80,eduroam,37,783.7342801094055,B2-01,1,2
1804,54:F0:B1:BB:5A:81,PoliSemFio,42,783.7342801094055,B2-01,1,2
1805,54:F0:B1:BB:5A:82,HACKER,37,783.7342801094055,B2-01,1,2
1806,54:F0:B1:BB:80:C3,LABPROG,10,783.7342801094055,B2-01,1,2
1807,54:F0:B1:BB:92:C2,,25,783.7342801094055,B2-01,1,2
1808,54:F0:B1:BB:BE:12,,25,783.7342801094055,B2-01,1,2
1809,54:F0:B1:BB:BE:13,CAEEL,15,783.7342801094055,B2-01,1,2
1810,54:F0:B1:BB:C4:D0,eduroam,70,783.7342801094055,B2-01,1,2
1811,54:F0:B1:BB:C4:D1,PoliSemFio,85,783.7342801094055,B2-01,1,2
1812,54:F0:B1:BB:C4:D2,,54,783.7342801094055,B2-01,1,2
1813,54:F0:B1:BB:C4:F0,eduroam,37,783.7342801094055,B2-01,1,2
1814,54:F0:B1:BB:C4:F1,PoliSemFio,37,783.7342801094055,B2-01,1,2
1815,54:F0:B1:BB:C4:F2,,37,783.7342801094055,B2-01,1,2
1816,54:F0:B1:BB:C5:C3,MEZANINO,14,783.7342801094055,B2-01,1,2
1817,54:F0:B1:BB:D1:92,LTE,15,783.7342801094055,B2-01,1,2
1818,54:F0:B1:BC:09:40,eduroam,89,783.7342801094055,B2-01,1,2
1819,54:F0:B1:BC:09:41,PoliSemFio,92,783.7342801094055,B2-01,1,2
1820,54:F0:B1:BC:09:42,,74,783.7342801094055,B2-01,1,2
1821,54:F0:B1:BC:09:60,eduroam,58,783.7342801094055,B2-01,1,2
1822,54:F0:B1:BC:09:61,PoliSemFio,80,783.7342801094055,B2-01,1,2
1823,54:F0:B1:BC:1B:D0,eduroam,49,783.7342801094055,B2-01,1,2
1824,54:F0:B1:BC:1B:D1,PoliSemFio,62,783.7342801094055,B2-01,1,2
1825,54:F0:B1:BC:1B:D2,,62,783.7342801094055,B2-01,1,2
1826,54:F0:B1:BC:1B:F0,eduroam,17,783.7342801094055,B2-01,1,2
1827,54:F0:B1:BC:1B:F1,PoliSemFio,15,783.7342801094055,B2-01,1,2
1828,54:F0:B1:BC:2E:90,eduroam,32,783.7342801094055,B2-01,1,2
1829,54:F0:B1:BC:2E:92,,62,783.7342801094055,B2-01,1,2
1830,54:F0:B1:BC:2E:B0,eduroam,29,783.7342801094055,B2-01,1,2
1831,54:F0:B1:BC:2E:B1,PoliSemFio,29,783.7342801094055,B2-01,1,2
1832,54:F0:B1:BC:2E:B2,,29,783.7342801094055,B2-01,1,2
1833,54:F0:B1:BC:2F:50,eduroam,19,783.7342801094055,B2-01,1,2
1834,54:F0:B1:BC:36:10,PoliSemFio,19,783.7342801094055,B2-01,1,2
1835,54:F0:B1:BC:36:11,eduroam,17,783.7342801094055,B2-01,1,2
1836,54:F0:B1:BC:36:12,,24,783.7342801094055,B2-01,1,2
1837,54:F0:B1:BC:3F:10,eduroam,25,783.7342801094055,B2-01,1,2
1838,54:F0:B1:BC:3F:11,PoliSemFio,42,783.7342801094055,B2-01,1,2
1839,54:F0:B1:BC:43:60,eduroam,7,783.7342801094055,B2-01,1,2
1840,54:F0:B1:BC:65:B0,eduroam,12,783.7342801094055,B2-01,1,2
1841,54:F0:B1:BC:6F:70,eduroam,15,783.7342801094055,B2-01,1,2
1842,54:F0:B1:BC:70:00,eduroam,60,783.7342801094055,B2-01,1,2
1843,54:F0:B1:BC:70:01,PoliSemFio,60,783.7342801094055,B2-01,1,2
1844,54:F0:B1:BC:70:20,eduroam,25,783.7342801094055,B2-01,1,2
1845,54:F0:B1:BC:70:21,PoliSemFio,25,783.7342801094055,B2-01,1,2
1846,54:F0:B1:BC:77:80,eduroam,50,783.7342801094055,B2-01,1,2
1847,54:F0:B1:BC:77:81,PoliSemFio,45,783.7342801094055,B2-01,1,2
1848,54:F0:B1:BC:77:82,,45,783.7342801094055,B2-01,1,2
1849,54:F0:B1:BC:77:A0,eduroam,20,783.7342801094055,B2-01,1,2
1850,54:F0:B1:BC:77:A1,PoliSemFio,19,783.7342801094055,B2-01,1,2
1851,54:F0:B1:BC:77:A2,,19,783.7342801094055,B2-01,1,2
1852,68:FF:7B:47:78:BE,C1-22M,44,783.7342801094055,B2-01,1,2
1853,70:62:B8:6E:72:A0,PCS-wireless-C1-13,39,783.7342801094055,B2-01,1,2
1854,70:62:B8:6E:72:A1,PPGEE,40,783.7342801094055,B2-01,1,2
1855,84:D4:7E:06:4F:E0,eduroam,55,783.7342801094055,B2-01,1,2
1856,84:D4:7E:06:4F:E1,PoliSemFio,52,783.7342801094055,B2-01,1,2
1857,84:D4:7E:06:4F:E2,,54,783.7342801094055,B2-01,1,2
1858,84:D4:7E:06:4F:F0,eduroam,17,783.7342801094055,B2-01,1,2
1859,84:D4:7E:06:4F:F1,PoliSemFio,17,783.7342801094055,B2-01,1,2
1860,DC:9F:DB:1C:1F:E0,LWN-3,47,783.7342801094055,B2-01,1,2
1861,DE:9F:DB:1C:1F:E0,LARC Guest,32,783.7342801094055,B2-01,1,2
1862,EE:9F:DB:1C:1F:E0,,30,783.7342801094055,B2-01,1,2
1863,F8:1A:67:99:55:8E,NUCLEAR_CHF,15,783.7342801094055,B2-01,1,2
1864,FE:9F:DB:1C:1F:D7,,27,783.7342801094055,B2-01,1,2
1865,FE:9F:DB:1C:1F:E0,,34,783.7342801094055,B2-01,1,2
