,ap_mac,ap_name,rssi,timestamp,room,door_status,room_part
0,00:18:E7:FF:8C:98,dlink,24,1046.3376336097717,B2-01,1,5
1,00:21:91:70:9D:EC,LAB-DIDATICO,22,1046.3376336097717,B2-01,1,5
2,2A:56:5A:49:06:54,DIRECT-54-HP M132f LaserJet,14,1046.3376336097717,B2-01,1,5
3,30:85:A9:69:F2:E4,PCS-Wireless-C2-22,34,1046.3376336097717,B2-01,1,5
4,34:60:F9:A3:D9:13,GASWIFI-5G_C2,17,1046.3376336097717,B2-01,1,5
5,34:60:F9:A3:D9:14,GASWIFI-2G_C2,47,1046.3376336097717,B2-01,1,5
6,34:CE:00:51:3E:6F,Lab,77,1046.3376336097717,B2-01,1,5
7,34:CE:00:51:3E:70,Lab_5G,32,1046.3376336097717,B2-01,1,5
8,48:00:20:34:D2:40,eduroam,24,1046.3376336097717,B2-01,1,5
9,54:B8:0A:AA:2C:8C,LAB_DIGITAL,29,1046.3376336097717,B2-01,1,5
10,54:B8:0A:AA:2C:8D,PCS-Wireless,37,1046.3376336097717,B2-01,1,5
11,54:F0:B1:A1:18:C0,eduroam,22,1046.3376336097717,B2-01,1,5
12,54:F0:B1:A1:18:C1,PoliSemFio,19,1046.3376336097717,B2-01,1,5
13,54:F0:B1:A1:18:C3,MEZANINO,22,1046.3376336097717,B2-01,1,5
14,54:F0:B1:A1:18:C4,GDLAB,20,1046.3376336097717,B2-01,1,5
15,54:F0:B1:A1:18:C5,LABPAD,20,1046.3376336097717,B2-01,1,5
16,54:F0:B1:A1:18:D0,eduroam,34,1046.3376336097717,B2-01,1,5
17,54:F0:B1:A1:18:D1,PoliSemFio,34,1046.3376336097717,B2-01,1,5
18,54:F0:B1:A1:18:D2,,32,1046.3376336097717,B2-01,1,5
19,54:F0:B1:A1:18:D3,MEZANINO,32,1046.3376336097717,B2-01,1,5
20,54:F0:B1:A1:18:D4,GDLAB,24,1046.3376336097717,B2-01,1,5
21,54:F0:B1:A1:18:D5,LABPAD,5,1046.3376336097717,B2-01,1,5
22,54:F0:B1:A1:58:00,eduroam,20,1046.3376336097717,B2-01,1,5
23,54:F0:B1:A1:58:01,PoliSemFio,27,1046.3376336097717,B2-01,1,5
24,54:F0:B1:A1:58:02,,27,1046.3376336097717,B2-01,1,5
25,54:F0:B1:A1:E5:00,eduroam,19,1046.3376336097717,B2-01,1,5
26,54:F0:B1:A2:56:70,eduroam,17,1046.3376336097717,B2-01,1,5
27,54:F0:B1:A2:56:71,PoliSemFio,25,1046.3376336097717,B2-01,1,5
28,54:F0:B1:A2:56:72,,27,1046.3376336097717,B2-01,1,5
29,54:F0:B1:A2:57:30,eduroam,19,1046.3376336097717,B2-01,1,5
30,54:F0:B1:A2:57:31,PoliSemFio,24,1046.3376336097717,B2-01,1,5
31,54:F0:B1:A2:57:33,LCA,24,1046.3376336097717,B2-01,1,5
32,54:F0:B1:BB:5A:80,eduroam,39,1046.3376336097717,B2-01,1,5
33,54:F0:B1:BB:5A:81,PoliSemFio,34,1046.3376336097717,B2-01,1,5
34,54:F0:B1:BB:5A:82,HACKER,30,1046.3376336097717,B2-01,1,5
35,54:F0:B1:BB:5A:83,LEP,39,1046.3376336097717,B2-01,1,5
36,54:F0:B1:BB:80:C0,eduroam,22,1046.3376336097717,B2-01,1,5
37,54:F0:B1:BB:80:C2,,22,1046.3376336097717,B2-01,1,5
38,54:F0:B1:BB:80:C3,LABPROG,14,1046.3376336097717,B2-01,1,5
39,54:F0:B1:BB:84:B0,eduroam,20,1046.3376336097717,B2-01,1,5
40,54:F0:B1:BB:BE:11,PoliSemFio,20,1046.3376336097717,B2-01,1,5
41,54:F0:B1:BB:BE:13,CAEEL,10,1046.3376336097717,B2-01,1,5
42,54:F0:B1:BB:C4:D0,eduroam,62,1046.3376336097717,B2-01,1,5
43,54:F0:B1:BB:C4:D1,PoliSemFio,49,1046.3376336097717,B2-01,1,5
44,54:F0:B1:BB:C4:D2,,49,1046.3376336097717,B2-01,1,5
45,54:F0:B1:BB:C4:F0,eduroam,32,1046.3376336097717,B2-01,1,5
46,54:F0:B1:BB:C4:F1,PoliSemFio,32,1046.3376336097717,B2-01,1,5
47,54:F0:B1:BB:C4:F2,,35,1046.3376336097717,B2-01,1,5
48,54:F0:B1:BB:F3:20,eduroam,24,1046.3376336097717,B2-01,1,5
49,54:F0:B1:BB:FD:D0,eduroam,10,1046.3376336097717,B2-01,1,5
50,54:F0:B1:BB:FD:D1,PoliSemFio,17,1046.3376336097717,B2-01,1,5
51,54:F0:B1:BB:FD:D2,,19,1046.3376336097717,B2-01,1,5
52,54:F0:B1:BC:09:40,eduroam,99,1046.3376336097717,B2-01,1,5
53,54:F0:B1:BC:09:41,PoliSemFio,99,1046.3376336097717,B2-01,1,5
54,54:F0:B1:BC:09:42,,82,1046.3376336097717,B2-01,1,5
55,54:F0:B1:BC:09:60,eduroam,58,1046.3376336097717,B2-01,1,5
56,54:F0:B1:BC:09:61,PoliSemFio,100,1046.3376336097717,B2-01,1,5
57,54:F0:B1:BC:1B:D0,eduroam,57,1046.3376336097717,B2-01,1,5
58,54:F0:B1:BC:1B:D2,,55,1046.3376336097717,B2-01,1,5
59,54:F0:B1:BC:1B:F0,eduroam,25,1046.3376336097717,B2-01,1,5
60,54:F0:B1:BC:1B:F1,PoliSemFio,25,1046.3376336097717,B2-01,1,5
61,54:F0:B1:BC:2E:90,eduroam,85,1046.3376336097717,B2-01,1,5
62,54:F0:B1:BC:2E:91,PoliSemFio,80,1046.3376336097717,B2-01,1,5
63,54:F0:B1:BC:2E:92,,57,1046.3376336097717,B2-01,1,5
64,54:F0:B1:BC:2E:B0,eduroam,40,1046.3376336097717,B2-01,1,5
65,54:F0:B1:BC:2E:B1,PoliSemFio,42,1046.3376336097717,B2-01,1,5
66,54:F0:B1:BC:36:10,PoliSemFio,20,1046.3376336097717,B2-01,1,5
67,54:F0:B1:BC:36:11,eduroam,30,1046.3376336097717,B2-01,1,5
68,54:F0:B1:BC:3F:10,eduroam,44,1046.3376336097717,B2-01,1,5
69,54:F0:B1:BC:3F:12,,40,1046.3376336097717,B2-01,1,5
70,54:F0:B1:BC:65:B0,eduroam,15,1046.3376336097717,B2-01,1,5
71,54:F0:B1:BC:70:00,eduroam,39,1046.3376336097717,B2-01,1,5
72,54:F0:B1:BC:70:01,PoliSemFio,52,1046.3376336097717,B2-01,1,5
73,54:F0:B1:BC:70:02,,50,1046.3376336097717,B2-01,1,5
74,54:F0:B1:BC:70:20,eduroam,17,1046.3376336097717,B2-01,1,5
75,54:F0:B1:BC:70:21,PoliSemFio,19,1046.3376336097717,B2-01,1,5
76,54:F0:B1:BC:77:80,eduroam,44,1046.3376336097717,B2-01,1,5
77,54:F0:B1:BC:77:81,PoliSemFio,39,1046.3376336097717,B2-01,1,5
78,54:F0:B1:BC:77:82,,37,1046.3376336097717,B2-01,1,5
79,54:F0:B1:BC:77:A0,eduroam,22,1046.3376336097717,B2-01,1,5
80,54:F0:B1:BC:77:A1,PoliSemFio,22,1046.3376336097717,B2-01,1,5
81,56:60:F9:A3:E7:3F,,27,1046.3376336097717,B2-01,1,5
82,68:FF:7B:47:78:BE,C1-22M,25,1046.3376336097717,B2-01,1,5
83,70:62:B8:6E:72:A0,PCS-wireless-C1-13,29,1046.3376336097717,B2-01,1,5
84,70:62:B8:6E:72:A1,PPGEE,24,1046.3376336097717,B2-01,1,5
85,84:D4:7E:06:4F:E0,eduroam,57,1046.3376336097717,B2-01,1,5
86,84:D4:7E:06:4F:E1,PoliSemFio,50,1046.3376336097717,B2-01,1,5
87,84:D4:7E:06:4F:E2,,50,1046.3376336097717,B2-01,1,5
88,84:D4:7E:06:4F:F0,eduroam,24,1046.3376336097717,B2-01,1,5
89,84:D4:7E:06:4F:F1,PoliSemFio,24,1046.3376336097717,B2-01,1,5
90,AA:6B:AD:82:46:CC,DIRECT-cc-HP M132f LaserJet,15,1046.3376336097717,B2-01,1,5
91,DC:9F:DB:1C:1F:D7,LWN-3,24,1046.3376336097717,B2-01,1,5
92,DC:9F:DB:1C:1F:E0,LWN-3,37,1046.3376336097717,B2-01,1,5
93,DE:9F:DB:1C:1F:D7,LARC Guest,25,1046.3376336097717,B2-01,1,5
94,DE:9F:DB:1C:1F:E0,LARC Guest,35,1046.3376336097717,B2-01,1,5
95,EE:9F:DB:1C:1F:D7,,22,1046.3376336097717,B2-01,1,5
96,EE:9F:DB:1C:1F:E0,,30,1046.3376336097717,B2-01,1,5
97,F8:1A:67:99:55:8E,NUCLEAR_CHF,27,1046.3376336097717,B2-01,1,5
98,FE:9F:DB:1C:1F:E0,,35,1046.3376336097717,B2-01,1,5
99,00:18:E7:FF:8C:98,dlink,24,1048.9738492965698,B2-01,1,5
100,00:21:91:70:9D:EC,LAB-DIDATICO,29,1048.9738492965698,B2-01,1,5
101,02:E0:DB:48:81:EE,DIRECT-Te-Polycom Pano,29,1048.9738492965698,B2-01,1,5
102,2A:56:5A:49:06:54,DIRECT-54-HP M132f LaserJet,14,1048.9738492965698,B2-01,1,5
103,30:85:A9:69:F2:E4,PCS-Wireless-C2-22,32,1048.9738492965698,B2-01,1,5
104,34:60:F9:A3:D9:13,GASWIFI-5G_C2,24,1048.9738492965698,B2-01,1,5
105,34:60:F9:A3:D9:14,GASWIFI-2G_C2,39,1048.9738492965698,B2-01,1,5
106,34:60:F9:A3:E7:3F,GASWIFI_C4,29,1048.9738492965698,B2-01,1,5
107,34:CE:00:51:3E:6F,Lab,37,1048.9738492965698,B2-01,1,5
108,34:CE:00:51:3E:70,Lab_5G,4,1048.9738492965698,B2-01,1,5
109,48:00:20:34:D2:40,eduroam,24,1048.9738492965698,B2-01,1,5
110,54:B8:0A:AA:2C:8C,LAB_DIGITAL,55,1048.9738492965698,B2-01,1,5
111,54:B8:0A:AA:2C:8D,PCS-Wireless,37,1048.9738492965698,B2-01,1,5
112,54:B8:0A:AA:2C:8E,LAB_DIGITAL-5GHz,14,1048.9738492965698,B2-01,1,5
113,54:B8:0A:AA:2C:8F,PCS-Wireless-5GHz,14,1048.9738492965698,B2-01,1,5
114,54:F0:B1:A1:18:C0,eduroam,25,1048.9738492965698,B2-01,1,5
115,54:F0:B1:A1:18:C1,PoliSemFio,24,1048.9738492965698,B2-01,1,5
116,54:F0:B1:A1:18:C3,MEZANINO,24,1048.9738492965698,B2-01,1,5
117,54:F0:B1:A1:18:C4,GDLAB,24,1048.9738492965698,B2-01,1,5
118,54:F0:B1:A1:18:C5,LABPAD,25,1048.9738492965698,B2-01,1,5
119,54:F0:B1:A1:18:D0,eduroam,34,1048.9738492965698,B2-01,1,5
120,54:F0:B1:A1:18:D1,PoliSemFio,34,1048.9738492965698,B2-01,1,5
121,54:F0:B1:A1:18:D2,,32,1048.9738492965698,B2-01,1,5
122,54:F0:B1:A1:18:D3,MEZANINO,45,1048.9738492965698,B2-01,1,5
123,54:F0:B1:A1:18:D4,GDLAB,45,1048.9738492965698,B2-01,1,5
124,54:F0:B1:A1:18:D5,LABPAD,5,1048.9738492965698,B2-01,1,5
125,54:F0:B1:A1:58:00,eduroam,27,1048.9738492965698,B2-01,1,5
126,54:F0:B1:A1:58:01,PoliSemFio,30,1048.9738492965698,B2-01,1,5
127,54:F0:B1:A1:58:02,,32,1048.9738492965698,B2-01,1,5
128,54:F0:B1:A1:E4:F0,eduroam,12,1048.9738492965698,B2-01,1,5
129,54:F0:B1:A1:E4:F1,PoliSemFio,12,1048.9738492965698,B2-01,1,5
130,54:F0:B1:A1:E4:F2,,12,1048.9738492965698,B2-01,1,5
131,54:F0:B1:A1:E5:00,eduroam,42,1048.9738492965698,B2-01,1,5
132,54:F0:B1:A1:E5:01,PoliSemFio,35,1048.9738492965698,B2-01,1,5
133,54:F0:B1:A1:E5:02,,37,1048.9738492965698,B2-01,1,5
134,54:F0:B1:A2:57:20,eduroam,20,1048.9738492965698,B2-01,1,5
135,54:F0:B1:A2:57:21,PoliSemFio,20,1048.9738492965698,B2-01,1,5
136,54:F0:B1:A2:57:23,LCA,20,1048.9738492965698,B2-01,1,5
137,54:F0:B1:A2:57:30,eduroam,19,1048.9738492965698,B2-01,1,5
138,54:F0:B1:A2:57:31,PoliSemFio,24,1048.9738492965698,B2-01,1,5
139,54:F0:B1:A2:57:33,LCA,24,1048.9738492965698,B2-01,1,5
140,54:F0:B1:BB:5A:80,eduroam,39,1048.9738492965698,B2-01,1,5
141,54:F0:B1:BB:5A:81,PoliSemFio,34,1048.9738492965698,B2-01,1,5
142,54:F0:B1:BB:5A:82,HACKER,30,1048.9738492965698,B2-01,1,5
143,54:F0:B1:BB:5A:83,LEP,39,1048.9738492965698,B2-01,1,5
144,54:F0:B1:BB:80:C0,eduroam,22,1048.9738492965698,B2-01,1,5
145,54:F0:B1:BB:80:C3,LABPROG,14,1048.9738492965698,B2-01,1,5
146,54:F0:B1:BB:84:B0,eduroam,29,1048.9738492965698,B2-01,1,5
147,54:F0:B1:BB:84:D0,eduroam,14,1048.9738492965698,B2-01,1,5
148,54:F0:B1:BB:BE:13,CAEEL,10,1048.9738492965698,B2-01,1,5
149,54:F0:B1:BB:C4:D0,eduroam,35,1048.9738492965698,B2-01,1,5
150,54:F0:B1:BB:C4:D1,PoliSemFio,49,1048.9738492965698,B2-01,1,5
151,54:F0:B1:BB:C4:D2,,49,1048.9738492965698,B2-01,1,5
152,54:F0:B1:BB:C4:F0,eduroam,19,1048.9738492965698,B2-01,1,5
153,54:F0:B1:BB:C4:F1,PoliSemFio,20,1048.9738492965698,B2-01,1,5
154,54:F0:B1:BB:C4:F2,,35,1048.9738492965698,B2-01,1,5
155,54:F0:B1:BB:F3:20,eduroam,24,1048.9738492965698,B2-01,1,5
156,54:F0:B1:BB:FD:D0,eduroam,10,1048.9738492965698,B2-01,1,5
157,54:F0:B1:BB:FD:D1,PoliSemFio,17,1048.9738492965698,B2-01,1,5
158,54:F0:B1:BB:FD:D2,,19,1048.9738492965698,B2-01,1,5
159,54:F0:B1:BC:09:40,eduroam,64,1048.9738492965698,B2-01,1,5
160,54:F0:B1:BC:09:41,PoliSemFio,62,1048.9738492965698,B2-01,1,5
161,54:F0:B1:BC:09:42,,62,1048.9738492965698,B2-01,1,5
162,54:F0:B1:BC:09:60,eduroam,50,1048.9738492965698,B2-01,1,5
163,54:F0:B1:BC:09:61,PoliSemFio,54,1048.9738492965698,B2-01,1,5
164,54:F0:B1:BC:1B:D0,eduroam,57,1048.9738492965698,B2-01,1,5
165,54:F0:B1:BC:1B:D2,,55,1048.9738492965698,B2-01,1,5
166,54:F0:B1:BC:1B:F0,eduroam,25,1048.9738492965698,B2-01,1,5
167,54:F0:B1:BC:1B:F1,PoliSemFio,25,1048.9738492965698,B2-01,1,5
168,54:F0:B1:BC:2E:90,eduroam,85,1048.9738492965698,B2-01,1,5
169,54:F0:B1:BC:2E:91,PoliSemFio,80,1048.9738492965698,B2-01,1,5
170,54:F0:B1:BC:2E:92,,57,1048.9738492965698,B2-01,1,5
171,54:F0:B1:BC:2E:B0,eduroam,40,1048.9738492965698,B2-01,1,5
172,54:F0:B1:BC:2E:B1,PoliSemFio,42,1048.9738492965698,B2-01,1,5
173,54:F0:B1:BC:36:10,PoliSemFio,20,1048.9738492965698,B2-01,1,5
174,54:F0:B1:BC:36:11,eduroam,30,1048.9738492965698,B2-01,1,5
175,54:F0:B1:BC:3F:10,eduroam,44,1048.9738492965698,B2-01,1,5
176,54:F0:B1:BC:3F:12,,40,1048.9738492965698,B2-01,1,5
177,54:F0:B1:BC:65:B0,eduroam,24,1048.9738492965698,B2-01,1,5
178,54:F0:B1:BC:65:B1,PoliSemFio,37,1048.9738492965698,B2-01,1,5
179,54:F0:B1:BC:65:B2,,35,1048.9738492965698,B2-01,1,5
180,54:F0:B1:BC:6F:70,eduroam,19,1048.9738492965698,B2-01,1,5
181,54:F0:B1:BC:70:00,eduroam,39,1048.9738492965698,B2-01,1,5
182,54:F0:B1:BC:70:01,PoliSemFio,52,1048.9738492965698,B2-01,1,5
183,54:F0:B1:BC:70:02,,50,1048.9738492965698,B2-01,1,5
184,54:F0:B1:BC:70:20,eduroam,17,1048.9738492965698,B2-01,1,5
185,54:F0:B1:BC:70:21,PoliSemFio,19,1048.9738492965698,B2-01,1,5
186,54:F0:B1:BC:77:80,eduroam,62,1048.9738492965698,B2-01,1,5
187,54:F0:B1:BC:77:81,PoliSemFio,64,1048.9738492965698,B2-01,1,5
188,54:F0:B1:BC:77:82,,64,1048.9738492965698,B2-01,1,5
189,54:F0:B1:BC:77:A0,eduroam,39,1048.9738492965698,B2-01,1,5
190,54:F0:B1:BC:77:A1,PoliSemFio,39,1048.9738492965698,B2-01,1,5
191,54:F0:B1:BC:8F:20,eduroam,32,1048.9738492965698,B2-01,1,5
192,56:60:F9:A3:E7:3F,,27,1048.9738492965698,B2-01,1,5
193,68:FF:7B:47:78:BD,C1-22M-5G,22,1048.9738492965698,B2-01,1,5
194,68:FF:7B:47:78:BE,C1-22M,65,1048.9738492965698,B2-01,1,5
195,70:62:B8:6E:72:A0,PCS-wireless-C1-13,29,1048.9738492965698,B2-01,1,5
196,70:62:B8:6E:72:A1,PPGEE,24,1048.9738492965698,B2-01,1,5
197,84:D4:7E:06:4F:E0,eduroam,67,1048.9738492965698,B2-01,1,5
198,84:D4:7E:06:4F:E1,PoliSemFio,74,1048.9738492965698,B2-01,1,5
199,84:D4:7E:06:4F:E2,,74,1048.9738492965698,B2-01,1,5
200,84:D4:7E:06:4F:F0,eduroam,30,1048.9738492965698,B2-01,1,5
201,84:D4:7E:06:4F:F1,PoliSemFio,30,1048.9738492965698,B2-01,1,5
202,AA:6B:AD:82:46:CC,DIRECT-cc-HP M132f LaserJet,15,1048.9738492965698,B2-01,1,5
203,DC:9F:DB:1C:1F:D7,LWN-3,24,1048.9738492965698,B2-01,1,5
204,DC:9F:DB:1C:1F:E0,LWN-3,37,1048.9738492965698,B2-01,1,5
205,DE:9F:DB:1C:1F:E0,LARC Guest,35,1048.9738492965698,B2-01,1,5
206,EE:9F:DB:1C:1F:D7,,22,1048.9738492965698,B2-01,1,5
207,EE:9F:DB:1C:1F:E0,,30,1048.9738492965698,B2-01,1,5
208,F8:1A:67:99:55:8E,NUCLEAR_CHF,42,1048.9738492965698,B2-01,1,5
209,FE:9F:DB:1C:1F:E0,,35,1048.9738492965698,B2-01,1,5
210,00:18:E7:FF:8C:98,dlink,35,1058.8567106723785,B2-01,1,5
211,00:21:91:70:9D:EC,LAB-DIDATICO,27,1058.8567106723785,B2-01,1,5
212,02:E0:DB:48:81:EE,DIRECT-Te-Polycom Pano,29,1058.8567106723785,B2-01,1,5
213,30:85:A9:69:F2:E4,PCS-Wireless-C2-22,42,1058.8567106723785,B2-01,1,5
214,34:60:F9:A3:D9:13,GASWIFI-5G_C2,25,1058.8567106723785,B2-01,1,5
215,34:60:F9:A3:D9:14,GASWIFI-2G_C2,39,1058.8567106723785,B2-01,1,5
216,34:60:F9:A3:E7:3F,GASWIFI_C4,29,1058.8567106723785,B2-01,1,5
217,34:CE:00:51:3E:6F,Lab,47,1058.8567106723785,B2-01,1,5
218,34:CE:00:51:3E:70,Lab_5G,14,1058.8567106723785,B2-01,1,5
219,48:00:20:34:D2:40,eduroam,29,1058.8567106723785,B2-01,1,5
220,54:B8:0A:AA:2C:8C,LAB_DIGITAL,62,1058.8567106723785,B2-01,1,5
221,54:B8:0A:AA:2C:8E,LAB_DIGITAL-5GHz,17,1058.8567106723785,B2-01,1,5
222,54:B8:0A:AA:2C:8F,PCS-Wireless-5GHz,15,1058.8567106723785,B2-01,1,5
223,54:F0:B1:A1:18:C0,eduroam,44,1058.8567106723785,B2-01,1,5
224,54:F0:B1:A1:18:C1,PoliSemFio,44,1058.8567106723785,B2-01,1,5
225,54:F0:B1:A1:18:C3,MEZANINO,44,1058.8567106723785,B2-01,1,5
226,54:F0:B1:A1:18:C4,GDLAB,44,1058.8567106723785,B2-01,1,5
227,54:F0:B1:A1:18:C5,LABPAD,44,1058.8567106723785,B2-01,1,5
228,54:F0:B1:A1:18:D2,,52,1058.8567106723785,B2-01,1,5
229,54:F0:B1:A1:18:D3,MEZANINO,54,1058.8567106723785,B2-01,1,5
230,54:F0:B1:A1:18:D4,GDLAB,59,1058.8567106723785,B2-01,1,5
231,54:F0:B1:A1:18:D5,LABPAD,62,1058.8567106723785,B2-01,1,5
232,54:F0:B1:A1:58:00,eduroam,22,1058.8567106723785,B2-01,1,5
233,54:F0:B1:A1:58:01,PoliSemFio,30,1058.8567106723785,B2-01,1,5
234,54:F0:B1:A1:58:02,,32,1058.8567106723785,B2-01,1,5
235,54:F0:B1:A1:E4:F0,eduroam,14,1058.8567106723785,B2-01,1,5
236,54:F0:B1:A1:E4:F1,PoliSemFio,14,1058.8567106723785,B2-01,1,5
237,54:F0:B1:A1:E4:F2,,12,1058.8567106723785,B2-01,1,5
238,54:F0:B1:A1:E5:00,eduroam,42,1058.8567106723785,B2-01,1,5
239,54:F0:B1:A1:E5:01,PoliSemFio,35,1058.8567106723785,B2-01,1,5
240,54:F0:B1:A1:E5:02,,40,1058.8567106723785,B2-01,1,5
241,54:F0:B1:A2:57:20,eduroam,25,1058.8567106723785,B2-01,1,5
242,54:F0:B1:A2:57:21,PoliSemFio,24,1058.8567106723785,B2-01,1,5
243,54:F0:B1:A2:57:23,LCA,24,1058.8567106723785,B2-01,1,5
244,54:F0:B1:A2:57:31,PoliSemFio,42,1058.8567106723785,B2-01,1,5
245,54:F0:B1:BB:58:A0,eduroam,10,1058.8567106723785,B2-01,1,5
246,54:F0:B1:BB:7E:E2,,27,1058.8567106723785,B2-01,1,5
247,54:F0:B1:BB:84:B0,eduroam,29,1058.8567106723785,B2-01,1,5
248,54:F0:B1:BB:84:D0,eduroam,14,1058.8567106723785,B2-01,1,5
249,54:F0:B1:BB:92:C2,,27,1058.8567106723785,B2-01,1,5
250,54:F0:B1:BB:92:E0,eduroam,15,1058.8567106723785,B2-01,1,5
251,54:F0:B1:BB:92:E1,PoliSemFio,12,1058.8567106723785,B2-01,1,5
252,54:F0:B1:BB:92:E2,,17,1058.8567106723785,B2-01,1,5
253,54:F0:B1:BB:C4:D0,eduroam,35,1058.8567106723785,B2-01,1,5
254,54:F0:B1:BB:C4:F0,eduroam,15,1058.8567106723785,B2-01,1,5
255,54:F0:B1:BB:C4:F1,PoliSemFio,15,1058.8567106723785,B2-01,1,5
256,54:F0:B1:BB:C4:F2,,14,1058.8567106723785,B2-01,1,5
257,54:F0:B1:BB:CC:E2,,25,1058.8567106723785,B2-01,1,5
258,54:F0:B1:BB:CC:E3,eduroam,20,1058.8567106723785,B2-01,1,5
259,54:F0:B1:BB:FD:D0,eduroam,20,1058.8567106723785,B2-01,1,5
260,54:F0:B1:BC:09:40,eduroam,65,1058.8567106723785,B2-01,1,5
261,54:F0:B1:BC:09:41,PoliSemFio,80,1058.8567106723785,B2-01,1,5
262,54:F0:B1:BC:09:42,,80,1058.8567106723785,B2-01,1,5
263,54:F0:B1:BC:09:60,eduroam,69,1058.8567106723785,B2-01,1,5
264,54:F0:B1:BC:09:61,PoliSemFio,69,1058.8567106723785,B2-01,1,5
265,54:F0:B1:BC:1B:D0,eduroam,35,1058.8567106723785,B2-01,1,5
266,54:F0:B1:BC:1B:F0,eduroam,25,1058.8567106723785,B2-01,1,5
267,54:F0:B1:BC:1B:F1,PoliSemFio,25,1058.8567106723785,B2-01,1,5
268,54:F0:B1:BC:2E:90,eduroam,35,1058.8567106723785,B2-01,1,5
269,54:F0:B1:BC:2E:B0,eduroam,9,1058.8567106723785,B2-01,1,5
270,54:F0:B1:BC:2E:B1,PoliSemFio,7,1058.8567106723785,B2-01,1,5
271,54:F0:B1:BC:36:11,eduroam,34,1058.8567106723785,B2-01,1,5
272,54:F0:B1:BC:36:30,PoliSemFio,25,1058.8567106723785,B2-01,1,5
273,54:F0:B1:BC:36:31,eduroam,25,1058.8567106723785,B2-01,1,5
274,54:F0:B1:BC:65:B0,eduroam,24,1058.8567106723785,B2-01,1,5
275,54:F0:B1:BC:65:B1,PoliSemFio,20,1058.8567106723785,B2-01,1,5
276,54:F0:B1:BC:65:B2,,19,1058.8567106723785,B2-01,1,5
277,54:F0:B1:BC:6F:70,eduroam,19,1058.8567106723785,B2-01,1,5
278,54:F0:B1:BC:6F:72,,24,1058.8567106723785,B2-01,1,5
279,54:F0:B1:BC:70:00,eduroam,32,1058.8567106723785,B2-01,1,5
280,54:F0:B1:BC:77:80,eduroam,60,1058.8567106723785,B2-01,1,5
281,54:F0:B1:BC:77:81,PoliSemFio,64,1058.8567106723785,B2-01,1,5
282,54:F0:B1:BC:77:82,,64,1058.8567106723785,B2-01,1,5
283,54:F0:B1:BC:77:A0,eduroam,57,1058.8567106723785,B2-01,1,5
284,54:F0:B1:BC:77:A1,PoliSemFio,57,1058.8567106723785,B2-01,1,5
285,54:F0:B1:BC:7C:90,eduroam,17,1058.8567106723785,B2-01,1,5
286,54:F0:B1:BC:7C:91,PoliSemFio,27,1058.8567106723785,B2-01,1,5
287,54:F0:B1:BC:8F:20,eduroam,30,1058.8567106723785,B2-01,1,5
288,54:F0:B1:BC:8F:21,PoliSemFio,25,1058.8567106723785,B2-01,1,5
289,54:F0:B1:BC:8F:22,,29,1058.8567106723785,B2-01,1,5
290,68:FF:7B:47:78:BD,C1-22M-5G,27,1058.8567106723785,B2-01,1,5
291,68:FF:7B:47:78:BE,C1-22M,69,1058.8567106723785,B2-01,1,5
292,70:62:B8:6E:72:A0,PCS-wireless-C1-13,40,1058.8567106723785,B2-01,1,5
293,70:62:B8:6E:72:A1,PPGEE,35,1058.8567106723785,B2-01,1,5
294,84:D4:7E:06:4F:E0,eduroam,64,1058.8567106723785,B2-01,1,5
295,84:D4:7E:06:4F:E1,PoliSemFio,64,1058.8567106723785,B2-01,1,5
296,84:D4:7E:06:4F:E2,,64,1058.8567106723785,B2-01,1,5
297,84:D4:7E:06:4F:F0,eduroam,30,1058.8567106723785,B2-01,1,5
298,84:D4:7E:06:4F:F1,PoliSemFio,30,1058.8567106723785,B2-01,1,5
299,C4:6E:1F:AF:1B:AA,LPROT_Devices,24,1058.8567106723785,B2-01,1,5
300,EE:9F:DB:1C:1F:E0,,32,1058.8567106723785,B2-01,1,5
301,F8:1A:67:99:55:8E,NUCLEAR_CHF,34,1058.8567106723785,B2-01,1,5
302,00:18:E7:FF:8C:98,dlink,35,1061.4862976074219,B2-01,1,5
303,00:21:91:70:9D:EC,LAB-DIDATICO,27,1061.4862976074219,B2-01,1,5
304,02:E0:DB:48:81:EE,DIRECT-Te-Polycom Pano,29,1061.4862976074219,B2-01,1,5
305,30:85:A9:69:F2:E4,PCS-Wireless-C2-22,42,1061.4862976074219,B2-01,1,5
306,34:60:F9:A3:D9:13,GASWIFI-5G_C2,25,1061.4862976074219,B2-01,1,5
307,34:60:F9:A3:D9:14,GASWIFI-2G_C2,39,1061.4862976074219,B2-01,1,5
308,34:60:F9:A3:E7:3F,GASWIFI_C4,29,1061.4862976074219,B2-01,1,5
309,34:CE:00:51:3E:6F,Lab,27,1061.4862976074219,B2-01,1,5
310,34:CE:00:51:3E:70,Lab_5G,14,1061.4862976074219,B2-01,1,5
311,48:00:20:34:D2:40,eduroam,29,1061.4862976074219,B2-01,1,5
312,54:B8:0A:AA:2C:8C,LAB_DIGITAL,37,1061.4862976074219,B2-01,1,5
313,54:B8:0A:AA:2C:8D,PCS-Wireless,39,1061.4862976074219,B2-01,1,5
314,54:B8:0A:AA:2C:8E,LAB_DIGITAL-5GHz,17,1061.4862976074219,B2-01,1,5
315,54:B8:0A:AA:2C:8F,PCS-Wireless-5GHz,15,1061.4862976074219,B2-01,1,5
316,54:F0:B1:A1:18:C0,eduroam,29,1061.4862976074219,B2-01,1,5
317,54:F0:B1:A1:18:C1,PoliSemFio,29,1061.4862976074219,B2-01,1,5
318,54:F0:B1:A1:18:C3,MEZANINO,29,1061.4862976074219,B2-01,1,5
319,54:F0:B1:A1:18:C4,GDLAB,29,1061.4862976074219,B2-01,1,5
320,54:F0:B1:A1:18:C5,LABPAD,29,1061.4862976074219,B2-01,1,5
321,54:F0:B1:A1:18:D1,PoliSemFio,39,1061.4862976074219,B2-01,1,5
322,54:F0:B1:A1:18:D2,,40,1061.4862976074219,B2-01,1,5
323,54:F0:B1:A1:18:D3,MEZANINO,37,1061.4862976074219,B2-01,1,5
324,54:F0:B1:A1:18:D4,GDLAB,42,1061.4862976074219,B2-01,1,5
325,54:F0:B1:A1:18:D5,LABPAD,40,1061.4862976074219,B2-01,1,5
326,54:F0:B1:A1:57:F2,,12,1061.4862976074219,B2-01,1,5
327,54:F0:B1:A1:58:00,eduroam,29,1061.4862976074219,B2-01,1,5
328,54:F0:B1:A1:58:01,PoliSemFio,30,1061.4862976074219,B2-01,1,5
329,54:F0:B1:A1:58:02,,32,1061.4862976074219,B2-01,1,5
330,54:F0:B1:A1:E4:F0,eduroam,14,1061.4862976074219,B2-01,1,5
331,54:F0:B1:A1:E4:F1,PoliSemFio,14,1061.4862976074219,B2-01,1,5
332,54:F0:B1:A1:E4:F2,,12,1061.4862976074219,B2-01,1,5
333,54:F0:B1:A1:E5:00,eduroam,42,1061.4862976074219,B2-01,1,5
334,54:F0:B1:A1:E5:01,PoliSemFio,35,1061.4862976074219,B2-01,1,5
335,54:F0:B1:A1:E5:02,,40,1061.4862976074219,B2-01,1,5
336,54:F0:B1:A2:57:20,eduroam,15,1061.4862976074219,B2-01,1,5
337,54:F0:B1:A2:57:21,PoliSemFio,24,1061.4862976074219,B2-01,1,5
338,54:F0:B1:A2:57:23,LCA,15,1061.4862976074219,B2-01,1,5
339,54:F0:B1:A2:57:31,PoliSemFio,35,1061.4862976074219,B2-01,1,5
340,54:F0:B1:A2:57:32,,35,1061.4862976074219,B2-01,1,5
341,54:F0:B1:A2:57:33,LCA,30,1061.4862976074219,B2-01,1,5
342,54:F0:B1:BB:58:A0,eduroam,10,1061.4862976074219,B2-01,1,5
343,54:F0:B1:BB:7E:E2,,27,1061.4862976074219,B2-01,1,5
344,54:F0:B1:BB:84:B0,eduroam,29,1061.4862976074219,B2-01,1,5
345,54:F0:B1:BB:84:D0,eduroam,14,1061.4862976074219,B2-01,1,5
346,54:F0:B1:BB:92:C2,,27,1061.4862976074219,B2-01,1,5
347,54:F0:B1:BB:92:E0,eduroam,15,1061.4862976074219,B2-01,1,5
348,54:F0:B1:BB:92:E1,PoliSemFio,12,1061.4862976074219,B2-01,1,5
349,54:F0:B1:BB:92:E2,,17,1061.4862976074219,B2-01,1,5
350,54:F0:B1:BB:C4:D0,eduroam,49,1061.4862976074219,B2-01,1,5
351,54:F0:B1:BB:C4:D1,PoliSemFio,49,1061.4862976074219,B2-01,1,5
352,54:F0:B1:BB:C4:F0,eduroam,19,1061.4862976074219,B2-01,1,5
353,54:F0:B1:BB:C4:F1,PoliSemFio,19,1061.4862976074219,B2-01,1,5
354,54:F0:B1:BB:C4:F2,,14,1061.4862976074219,B2-01,1,5
355,54:F0:B1:BB:C5:C4,GDLAB,29,1061.4862976074219,B2-01,1,5
356,54:F0:B1:BB:CC:E2,,25,1061.4862976074219,B2-01,1,5
357,54:F0:B1:BB:CC:E3,eduroam,20,1061.4862976074219,B2-01,1,5
358,54:F0:B1:BB:FD:D0,eduroam,20,1061.4862976074219,B2-01,1,5
359,54:F0:B1:BC:09:40,eduroam,74,1061.4862976074219,B2-01,1,5
360,54:F0:B1:BC:09:41,PoliSemFio,65,1061.4862976074219,B2-01,1,5
361,54:F0:B1:BC:09:42,,80,1061.4862976074219,B2-01,1,5
362,54:F0:B1:BC:09:60,eduroam,47,1061.4862976074219,B2-01,1,5
363,54:F0:B1:BC:09:61,PoliSemFio,47,1061.4862976074219,B2-01,1,5
364,54:F0:B1:BC:1B:D0,eduroam,35,1061.4862976074219,B2-01,1,5
365,54:F0:B1:BC:1B:F1,PoliSemFio,25,1061.4862976074219,B2-01,1,5
366,54:F0:B1:BC:2E:90,eduroam,35,1061.4862976074219,B2-01,1,5
367,54:F0:B1:BC:2E:B0,eduroam,19,1061.4862976074219,B2-01,1,5
368,54:F0:B1:BC:2E:B1,PoliSemFio,19,1061.4862976074219,B2-01,1,5
369,54:F0:B1:BC:36:11,eduroam,34,1061.4862976074219,B2-01,1,5
370,54:F0:B1:BC:36:30,PoliSemFio,25,1061.4862976074219,B2-01,1,5
371,54:F0:B1:BC:36:31,eduroam,25,1061.4862976074219,B2-01,1,5
372,54:F0:B1:BC:65:B0,eduroam,24,1061.4862976074219,B2-01,1,5
373,54:F0:B1:BC:65:B1,PoliSemFio,20,1061.4862976074219,B2-01,1,5
374,54:F0:B1:BC:65:B2,,19,1061.4862976074219,B2-01,1,5
375,54:F0:B1:BC:6B:50,eduroam,37,1061.4862976074219,B2-01,1,5
376,54:F0:B1:BC:6F:70,eduroam,19,1061.4862976074219,B2-01,1,5
377,54:F0:B1:BC:6F:72,,24,1061.4862976074219,B2-01,1,5
378,54:F0:B1:BC:70:00,eduroam,32,1061.4862976074219,B2-01,1,5
379,54:F0:B1:BC:70:20,eduroam,20,1061.4862976074219,B2-01,1,5
380,54:F0:B1:BC:70:21,PoliSemFio,20,1061.4862976074219,B2-01,1,5
381,54:F0:B1:BC:77:80,eduroam,44,1061.4862976074219,B2-01,1,5
382,54:F0:B1:BC:77:81,PoliSemFio,44,1061.4862976074219,B2-01,1,5
383,54:F0:B1:BC:77:82,,45,1061.4862976074219,B2-01,1,5
384,54:F0:B1:BC:77:A0,eduroam,30,1061.4862976074219,B2-01,1,5
385,54:F0:B1:BC:77:A1,PoliSemFio,30,1061.4862976074219,B2-01,1,5
386,54:F0:B1:BC:7C:90,eduroam,17,1061.4862976074219,B2-01,1,5
387,54:F0:B1:BC:7C:91,PoliSemFio,27,1061.4862976074219,B2-01,1,5
388,54:F0:B1:BC:8F:20,eduroam,32,1061.4862976074219,B2-01,1,5
389,54:F0:B1:BC:8F:21,PoliSemFio,25,1061.4862976074219,B2-01,1,5
390,54:F0:B1:BC:8F:22,,29,1061.4862976074219,B2-01,1,5
391,68:FF:7B:47:78:BD,C1-22M-5G,19,1061.4862976074219,B2-01,1,5
392,68:FF:7B:47:78:BE,C1-22M,40,1061.4862976074219,B2-01,1,5
393,70:62:B8:6E:72:A0,PCS-wireless-C1-13,57,1061.4862976074219,B2-01,1,5
394,70:62:B8:6E:72:A1,PPGEE,55,1061.4862976074219,B2-01,1,5
395,84:D4:7E:06:4F:E0,eduroam,72,1061.4862976074219,B2-01,1,5
396,84:D4:7E:06:4F:E1,PoliSemFio,77,1061.4862976074219,B2-01,1,5
397,84:D4:7E:06:4F:E2,,77,1061.4862976074219,B2-01,1,5
398,84:D4:7E:06:4F:F0,eduroam,29,1061.4862976074219,B2-01,1,5
399,84:D4:7E:06:4F:F1,PoliSemFio,30,1061.4862976074219,B2-01,1,5
400,C4:6E:1F:AF:1B:AA,LPROT_Devices,24,1061.4862976074219,B2-01,1,5
401,EE:9F:DB:1C:1F:E0,,32,1061.4862976074219,B2-01,1,5
402,F8:1A:67:99:55:8E,NUCLEAR_CHF,34,1061.4862976074219,B2-01,1,5
403,00:18:E7:FF:8C:98,dlink,35,1067.7627243995667,B2-01,1,5
404,00:21:91:70:9D:EC,LAB-DIDATICO,27,1067.7627243995667,B2-01,1,5
405,02:E0:DB:48:81:EE,DIRECT-Te-Polycom Pano,29,1067.7627243995667,B2-01,1,5
406,30:85:A9:69:F2:E4,PCS-Wireless-C2-22,42,1067.7627243995667,B2-01,1,5
407,34:60:F9:A3:D9:13,GASWIFI-5G_C2,25,1067.7627243995667,B2-01,1,5
408,34:60:F9:A3:D9:14,GASWIFI-2G_C2,39,1067.7627243995667,B2-01,1,5
409,34:60:F9:A3:E7:3F,GASWIFI_C4,29,1067.7627243995667,B2-01,1,5
410,34:CE:00:51:3E:6F,Lab,27,1067.7627243995667,B2-01,1,5
411,34:CE:00:51:3E:70,Lab_5G,14,1067.7627243995667,B2-01,1,5
412,48:00:20:34:D2:40,eduroam,29,1067.7627243995667,B2-01,1,5
413,54:B8:0A:AA:2C:8C,LAB_DIGITAL,37,1067.7627243995667,B2-01,1,5
414,54:B8:0A:AA:2C:8D,PCS-Wireless,39,1067.7627243995667,B2-01,1,5
415,54:B8:0A:AA:2C:8E,LAB_DIGITAL-5GHz,17,1067.7627243995667,B2-01,1,5
416,54:B8:0A:AA:2C:8F,PCS-Wireless-5GHz,15,1067.7627243995667,B2-01,1,5
417,54:F0:B1:A1:18:C0,eduroam,29,1067.7627243995667,B2-01,1,5
418,54:F0:B1:A1:18:C1,PoliSemFio,29,1067.7627243995667,B2-01,1,5
419,54:F0:B1:A1:18:C3,MEZANINO,29,1067.7627243995667,B2-01,1,5
420,54:F0:B1:A1:18:C4,GDLAB,29,1067.7627243995667,B2-01,1,5
421,54:F0:B1:A1:18:C5,LABPAD,29,1067.7627243995667,B2-01,1,5
422,54:F0:B1:A1:18:D1,PoliSemFio,39,1067.7627243995667,B2-01,1,5
423,54:F0:B1:A1:18:D2,,40,1067.7627243995667,B2-01,1,5
424,54:F0:B1:A1:18:D3,MEZANINO,37,1067.7627243995667,B2-01,1,5
425,54:F0:B1:A1:18:D4,GDLAB,42,1067.7627243995667,B2-01,1,5
426,54:F0:B1:A1:18:D5,LABPAD,40,1067.7627243995667,B2-01,1,5
427,54:F0:B1:A1:57:F2,,12,1067.7627243995667,B2-01,1,5
428,54:F0:B1:A1:58:00,eduroam,29,1067.7627243995667,B2-01,1,5
429,54:F0:B1:A1:58:01,PoliSemFio,30,1067.7627243995667,B2-01,1,5
430,54:F0:B1:A1:58:02,,32,1067.7627243995667,B2-01,1,5
431,54:F0:B1:A1:E4:F0,eduroam,14,1067.7627243995667,B2-01,1,5
432,54:F0:B1:A1:E4:F1,PoliSemFio,14,1067.7627243995667,B2-01,1,5
433,54:F0:B1:A1:E4:F2,,12,1067.7627243995667,B2-01,1,5
434,54:F0:B1:A1:E5:00,eduroam,42,1067.7627243995667,B2-01,1,5
435,54:F0:B1:A1:E5:01,PoliSemFio,35,1067.7627243995667,B2-01,1,5
436,54:F0:B1:A1:E5:02,,40,1067.7627243995667,B2-01,1,5
437,54:F0:B1:A2:57:20,eduroam,15,1067.7627243995667,B2-01,1,5
438,54:F0:B1:A2:57:21,PoliSemFio,24,1067.7627243995667,B2-01,1,5
439,54:F0:B1:A2:57:23,LCA,15,1067.7627243995667,B2-01,1,5
440,54:F0:B1:A2:57:31,PoliSemFio,35,1067.7627243995667,B2-01,1,5
441,54:F0:B1:A2:57:32,,35,1067.7627243995667,B2-01,1,5
442,54:F0:B1:A2:57:33,LCA,30,1067.7627243995667,B2-01,1,5
443,54:F0:B1:BB:58:A0,eduroam,10,1067.7627243995667,B2-01,1,5
444,54:F0:B1:BB:7E:E2,,27,1067.7627243995667,B2-01,1,5
445,54:F0:B1:BB:84:B0,eduroam,29,1067.7627243995667,B2-01,1,5
446,54:F0:B1:BB:84:D0,eduroam,14,1067.7627243995667,B2-01,1,5
447,54:F0:B1:BB:92:C2,,27,1067.7627243995667,B2-01,1,5
448,54:F0:B1:BB:92:E0,eduroam,15,1067.7627243995667,B2-01,1,5
449,54:F0:B1:BB:92:E1,PoliSemFio,12,1067.7627243995667,B2-01,1,5
450,54:F0:B1:BB:92:E2,,17,1067.7627243995667,B2-01,1,5
451,54:F0:B1:BB:C4:D0,eduroam,49,1067.7627243995667,B2-01,1,5
452,54:F0:B1:BB:C4:D1,PoliSemFio,49,1067.7627243995667,B2-01,1,5
453,54:F0:B1:BB:C4:F0,eduroam,19,1067.7627243995667,B2-01,1,5
454,54:F0:B1:BB:C4:F1,PoliSemFio,19,1067.7627243995667,B2-01,1,5
455,54:F0:B1:BB:C4:F2,,14,1067.7627243995667,B2-01,1,5
456,54:F0:B1:BB:C5:C4,GDLAB,29,1067.7627243995667,B2-01,1,5
457,54:F0:B1:BB:CC:E2,,25,1067.7627243995667,B2-01,1,5
458,54:F0:B1:BB:CC:E3,eduroam,20,1067.7627243995667,B2-01,1,5
459,54:F0:B1:BB:FD:D0,eduroam,20,1067.7627243995667,B2-01,1,5
460,54:F0:B1:BC:09:40,eduroam,74,1067.7627243995667,B2-01,1,5
461,54:F0:B1:BC:09:41,PoliSemFio,65,1067.7627243995667,B2-01,1,5
462,54:F0:B1:BC:09:42,,80,1067.7627243995667,B2-01,1,5
463,54:F0:B1:BC:09:60,eduroam,50,1067.7627243995667,B2-01,1,5
464,54:F0:B1:BC:09:61,PoliSemFio,47,1067.7627243995667,B2-01,1,5
465,54:F0:B1:BC:1B:D0,eduroam,35,1067.7627243995667,B2-01,1,5
466,54:F0:B1:BC:1B:F1,PoliSemFio,25,1067.7627243995667,B2-01,1,5
467,54:F0:B1:BC:2E:90,eduroam,35,1067.7627243995667,B2-01,1,5
468,54:F0:B1:BC:2E:B0,eduroam,19,1067.7627243995667,B2-01,1,5
469,54:F0:B1:BC:2E:B1,PoliSemFio,19,1067.7627243995667,B2-01,1,5
470,54:F0:B1:BC:36:11,eduroam,34,1067.7627243995667,B2-01,1,5
471,54:F0:B1:BC:36:30,PoliSemFio,25,1067.7627243995667,B2-01,1,5
472,54:F0:B1:BC:36:31,eduroam,25,1067.7627243995667,B2-01,1,5
473,54:F0:B1:BC:65:B0,eduroam,24,1067.7627243995667,B2-01,1,5
474,54:F0:B1:BC:65:B1,PoliSemFio,20,1067.7627243995667,B2-01,1,5
475,54:F0:B1:BC:65:B2,,19,1067.7627243995667,B2-01,1,5
476,54:F0:B1:BC:6B:50,eduroam,37,1067.7627243995667,B2-01,1,5
477,54:F0:B1:BC:6F:70,eduroam,19,1067.7627243995667,B2-01,1,5
478,54:F0:B1:BC:6F:72,,24,1067.7627243995667,B2-01,1,5
479,54:F0:B1:BC:70:00,eduroam,32,1067.7627243995667,B2-01,1,5
480,54:F0:B1:BC:70:20,eduroam,20,1067.7627243995667,B2-01,1,5
481,54:F0:B1:BC:70:21,PoliSemFio,20,1067.7627243995667,B2-01,1,5
482,54:F0:B1:BC:77:80,eduroam,44,1067.7627243995667,B2-01,1,5
483,54:F0:B1:BC:77:81,PoliSemFio,44,1067.7627243995667,B2-01,1,5
484,54:F0:B1:BC:77:82,,45,1067.7627243995667,B2-01,1,5
485,54:F0:B1:BC:77:A0,eduroam,30,1067.7627243995667,B2-01,1,5
486,54:F0:B1:BC:77:A1,PoliSemFio,30,1067.7627243995667,B2-01,1,5
487,54:F0:B1:BC:7C:90,eduroam,17,1067.7627243995667,B2-01,1,5
488,54:F0:B1:BC:7C:91,PoliSemFio,27,1067.7627243995667,B2-01,1,5
489,54:F0:B1:BC:8F:20,eduroam,32,1067.7627243995667,B2-01,1,5
490,54:F0:B1:BC:8F:21,PoliSemFio,25,1067.7627243995667,B2-01,1,5
491,54:F0:B1:BC:8F:22,,29,1067.7627243995667,B2-01,1,5
492,68:FF:7B:47:78:BD,C1-22M-5G,19,1067.7627243995667,B2-01,1,5
493,68:FF:7B:47:78:BE,C1-22M,40,1067.7627243995667,B2-01,1,5
494,70:62:B8:6E:72:A0,PCS-wireless-C1-13,57,1067.7627243995667,B2-01,1,5
495,70:62:B8:6E:72:A1,PPGEE,55,1067.7627243995667,B2-01,1,5
496,84:D4:7E:06:4F:E0,eduroam,72,1067.7627243995667,B2-01,1,5
497,84:D4:7E:06:4F:E1,PoliSemFio,77,1067.7627243995667,B2-01,1,5
498,84:D4:7E:06:4F:E2,,77,1067.7627243995667,B2-01,1,5
499,84:D4:7E:06:4F:F0,eduroam,29,1067.7627243995667,B2-01,1,5
500,84:D4:7E:06:4F:F1,PoliSemFio,30,1067.7627243995667,B2-01,1,5
501,C4:6E:1F:AF:1B:AA,LPROT_Devices,24,1067.7627243995667,B2-01,1,5
502,EE:9F:DB:1C:1F:E0,,32,1067.7627243995667,B2-01,1,5
503,F8:1A:67:99:55:8E,NUCLEAR_CHF,34,1067.7627243995667,B2-01,1,5
504,00:18:E7:FF:8C:98,dlink,35,1074.0312860012054,B2-01,1,5
505,00:21:91:70:9D:EC,LAB-DIDATICO,34,1074.0312860012054,B2-01,1,5
506,02:E0:DB:48:81:EE,DIRECT-Te-Polycom Pano,29,1074.0312860012054,B2-01,1,5
507,30:85:A9:69:F2:E4,PCS-Wireless-C2-22,42,1074.0312860012054,B2-01,1,5
508,34:60:F9:A3:D9:13,GASWIFI-5G_C2,25,1074.0312860012054,B2-01,1,5
509,34:60:F9:A3:D9:14,GASWIFI-2G_C2,30,1074.0312860012054,B2-01,1,5
510,34:60:F9:A3:E7:3F,GASWIFI_C4,29,1074.0312860012054,B2-01,1,5
511,34:CE:00:51:3E:6F,Lab,50,1074.0312860012054,B2-01,1,5
512,34:CE:00:51:3E:70,Lab_5G,12,1074.0312860012054,B2-01,1,5
513,48:00:20:34:D2:40,eduroam,34,1074.0312860012054,B2-01,1,5
514,54:B8:0A:AA:2C:8C,LAB_DIGITAL,44,1074.0312860012054,B2-01,1,5
515,54:B8:0A:AA:2C:8D,PCS-Wireless,35,1074.0312860012054,B2-01,1,5
516,54:B8:0A:AA:2C:8E,LAB_DIGITAL-5GHz,10,1074.0312860012054,B2-01,1,5
517,54:B8:0A:AA:2C:8F,PCS-Wireless-5GHz,12,1074.0312860012054,B2-01,1,5
518,54:F0:B1:A1:18:C0,eduroam,42,1074.0312860012054,B2-01,1,5
519,54:F0:B1:A1:18:C1,PoliSemFio,42,1074.0312860012054,B2-01,1,5
520,54:F0:B1:A1:18:C3,MEZANINO,42,1074.0312860012054,B2-01,1,5
521,54:F0:B1:A1:18:C4,GDLAB,42,1074.0312860012054,B2-01,1,5
522,54:F0:B1:A1:18:C5,LABPAD,42,1074.0312860012054,B2-01,1,5
523,54:F0:B1:A1:18:D1,PoliSemFio,50,1074.0312860012054,B2-01,1,5
524,54:F0:B1:A1:18:D2,,49,1074.0312860012054,B2-01,1,5
525,54:F0:B1:A1:18:D3,MEZANINO,49,1074.0312860012054,B2-01,1,5
526,54:F0:B1:A1:18:D4,GDLAB,52,1074.0312860012054,B2-01,1,5
527,54:F0:B1:A1:18:D5,LABPAD,40,1074.0312860012054,B2-01,1,5
528,54:F0:B1:A1:57:F2,,12,1074.0312860012054,B2-01,1,5
529,54:F0:B1:A1:58:00,eduroam,25,1074.0312860012054,B2-01,1,5
530,54:F0:B1:A1:58:01,PoliSemFio,27,1074.0312860012054,B2-01,1,5
531,54:F0:B1:A1:58:02,,32,1074.0312860012054,B2-01,1,5
532,54:F0:B1:A1:E4:F0,eduroam,14,1074.0312860012054,B2-01,1,5
533,54:F0:B1:A1:E4:F1,PoliSemFio,14,1074.0312860012054,B2-01,1,5
534,54:F0:B1:A1:E4:F2,,12,1074.0312860012054,B2-01,1,5
535,54:F0:B1:A1:E5:00,eduroam,35,1074.0312860012054,B2-01,1,5
536,54:F0:B1:A1:E5:01,PoliSemFio,45,1074.0312860012054,B2-01,1,5
537,54:F0:B1:A1:E5:02,,44,1074.0312860012054,B2-01,1,5
538,54:F0:B1:A2:57:20,eduroam,19,1074.0312860012054,B2-01,1,5
539,54:F0:B1:A2:57:21,PoliSemFio,20,1074.0312860012054,B2-01,1,5
540,54:F0:B1:A2:57:23,LCA,19,1074.0312860012054,B2-01,1,5
541,54:F0:B1:A2:57:31,PoliSemFio,35,1074.0312860012054,B2-01,1,5
542,54:F0:B1:A2:57:32,,35,1074.0312860012054,B2-01,1,5
543,54:F0:B1:A2:57:33,LCA,32,1074.0312860012054,B2-01,1,5
544,54:F0:B1:BB:58:A0,eduroam,10,1074.0312860012054,B2-01,1,5
545,54:F0:B1:BB:7E:E2,,27,1074.0312860012054,B2-01,1,5
546,54:F0:B1:BB:84:B0,eduroam,29,1074.0312860012054,B2-01,1,5
547,54:F0:B1:BB:84:D0,eduroam,14,1074.0312860012054,B2-01,1,5
548,54:F0:B1:BB:92:C0,eduroam,29,1074.0312860012054,B2-01,1,5
549,54:F0:B1:BB:92:C1,PoliSemFio,40,1074.0312860012054,B2-01,1,5
550,54:F0:B1:BB:92:C2,,40,1074.0312860012054,B2-01,1,5
551,54:F0:B1:BB:92:E0,eduroam,15,1074.0312860012054,B2-01,1,5
552,54:F0:B1:BB:92:E1,PoliSemFio,12,1074.0312860012054,B2-01,1,5
553,54:F0:B1:BB:92:E2,,17,1074.0312860012054,B2-01,1,5
554,54:F0:B1:BB:C4:D0,eduroam,62,1074.0312860012054,B2-01,1,5
555,54:F0:B1:BB:C4:D1,PoliSemFio,57,1074.0312860012054,B2-01,1,5
556,54:F0:B1:BB:C4:D2,,57,1074.0312860012054,B2-01,1,5
557,54:F0:B1:BB:C4:F0,eduroam,19,1074.0312860012054,B2-01,1,5
558,54:F0:B1:BB:C4:F1,PoliSemFio,32,1074.0312860012054,B2-01,1,5
559,54:F0:B1:BB:C4:F2,,14,1074.0312860012054,B2-01,1,5
560,54:F0:B1:BB:C5:C4,GDLAB,29,1074.0312860012054,B2-01,1,5
561,54:F0:B1:BB:CC:E2,,25,1074.0312860012054,B2-01,1,5
562,54:F0:B1:BB:CC:E3,eduroam,20,1074.0312860012054,B2-01,1,5
563,54:F0:B1:BB:FD:D0,eduroam,12,1074.0312860012054,B2-01,1,5
564,54:F0:B1:BC:09:40,eduroam,67,1074.0312860012054,B2-01,1,5
565,54:F0:B1:BC:09:41,PoliSemFio,85,1074.0312860012054,B2-01,1,5
566,54:F0:B1:BC:09:42,,80,1074.0312860012054,B2-01,1,5
567,54:F0:B1:BC:09:60,eduroam,54,1074.0312860012054,B2-01,1,5
568,54:F0:B1:BC:09:61,PoliSemFio,69,1074.0312860012054,B2-01,1,5
569,54:F0:B1:BC:1B:D0,eduroam,35,1074.0312860012054,B2-01,1,5
570,54:F0:B1:BC:1B:D2,,34,1074.0312860012054,B2-01,1,5
571,54:F0:B1:BC:2E:90,eduroam,35,1074.0312860012054,B2-01,1,5
572,54:F0:B1:BC:2E:B0,eduroam,19,1074.0312860012054,B2-01,1,5
573,54:F0:B1:BC:2E:B1,PoliSemFio,20,1074.0312860012054,B2-01,1,5
574,54:F0:B1:BC:36:11,eduroam,34,1074.0312860012054,B2-01,1,5
575,54:F0:B1:BC:36:30,PoliSemFio,25,1074.0312860012054,B2-01,1,5
576,54:F0:B1:BC:36:31,eduroam,25,1074.0312860012054,B2-01,1,5
577,54:F0:B1:BC:65:B0,eduroam,24,1074.0312860012054,B2-01,1,5
578,54:F0:B1:BC:65:B1,PoliSemFio,20,1074.0312860012054,B2-01,1,5
579,54:F0:B1:BC:65:B2,,19,1074.0312860012054,B2-01,1,5
580,54:F0:B1:BC:6B:50,eduroam,37,1074.0312860012054,B2-01,1,5
581,54:F0:B1:BC:6F:70,eduroam,19,1074.0312860012054,B2-01,1,5
582,54:F0:B1:BC:6F:72,,29,1074.0312860012054,B2-01,1,5
583,54:F0:B1:BC:70:00,eduroam,32,1074.0312860012054,B2-01,1,5
584,54:F0:B1:BC:70:20,eduroam,20,1074.0312860012054,B2-01,1,5
585,54:F0:B1:BC:70:21,PoliSemFio,20,1074.0312860012054,B2-01,1,5
586,54:F0:B1:BC:76:C0,eduroam,14,1074.0312860012054,B2-01,1,5
587,54:F0:B1:BC:77:80,eduroam,65,1074.0312860012054,B2-01,1,5
588,54:F0:B1:BC:77:81,PoliSemFio,74,1074.0312860012054,B2-01,1,5
589,54:F0:B1:BC:77:82,,74,1074.0312860012054,B2-01,1,5
590,54:F0:B1:BC:77:A0,eduroam,45,1074.0312860012054,B2-01,1,5
591,54:F0:B1:BC:77:A1,PoliSemFio,45,1074.0312860012054,B2-01,1,5
592,54:F0:B1:BC:7C:90,eduroam,17,1074.0312860012054,B2-01,1,5
593,54:F0:B1:BC:7C:91,PoliSemFio,27,1074.0312860012054,B2-01,1,5
594,54:F0:B1:BC:7C:B0,eduroam,15,1074.0312860012054,B2-01,1,5
595,54:F0:B1:BC:7C:B1,PoliSemFio,14,1074.0312860012054,B2-01,1,5
596,54:F0:B1:BC:7C:B2,,14,1074.0312860012054,B2-01,1,5
597,54:F0:B1:BC:8F:20,eduroam,30,1074.0312860012054,B2-01,1,5
598,54:F0:B1:BC:8F:21,PoliSemFio,25,1074.0312860012054,B2-01,1,5
599,54:F0:B1:BC:8F:22,,29,1074.0312860012054,B2-01,1,5
600,68:FF:7B:47:78:BD,C1-22M-5G,15,1074.0312860012054,B2-01,1,5
601,68:FF:7B:47:78:BE,C1-22M,54,1074.0312860012054,B2-01,1,5
602,70:62:B8:6E:72:A0,PCS-wireless-C1-13,57,1074.0312860012054,B2-01,1,5
603,70:62:B8:6E:72:A1,PPGEE,64,1074.0312860012054,B2-01,1,5
604,84:D4:7E:06:4F:E0,eduroam,62,1074.0312860012054,B2-01,1,5
605,84:D4:7E:06:4F:E1,PoliSemFio,65,1074.0312860012054,B2-01,1,5
606,84:D4:7E:06:4F:E2,,65,1074.0312860012054,B2-01,1,5
607,84:D4:7E:06:4F:F0,eduroam,52,1074.0312860012054,B2-01,1,5
608,84:D4:7E:06:4F:F1,PoliSemFio,52,1074.0312860012054,B2-01,1,5
609,C4:6E:1F:AF:1B:AA,LPROT_Devices,20,1074.0312860012054,B2-01,1,5
610,DE:9F:DB:1C:1F:E0,LARC Guest,30,1074.0312860012054,B2-01,1,5
611,EE:9F:DB:1C:1F:E0,,32,1074.0312860012054,B2-01,1,5
612,F8:1A:67:99:55:8E,NUCLEAR_CHF,34,1074.0312860012054,B2-01,1,5
613,FE:9F:DB:1C:1F:E0,,29,1074.0312860012054,B2-01,1,5
614,00:18:E7:FF:8C:98,dlink,35,1080.2801983356476,B2-01,1,5
615,00:21:91:70:9D:EC,LAB-DIDATICO,20,1080.2801983356476,B2-01,1,5
616,02:E0:DB:48:81:EE,DIRECT-Te-Polycom Pano,29,1080.2801983356476,B2-01,1,5
617,30:85:A9:69:F2:E4,PCS-Wireless-C2-22,42,1080.2801983356476,B2-01,1,5
618,34:60:F9:A3:D9:13,GASWIFI-5G_C2,25,1080.2801983356476,B2-01,1,5
619,34:60:F9:A3:D9:14,GASWIFI-2G_C2,30,1080.2801983356476,B2-01,1,5
620,34:60:F9:A3:E7:3F,GASWIFI_C4,29,1080.2801983356476,B2-01,1,5
621,34:CE:00:51:3E:6F,Lab,42,1080.2801983356476,B2-01,1,5
622,34:CE:00:51:3E:70,Lab_5G,12,1080.2801983356476,B2-01,1,5
623,48:00:20:34:D2:40,eduroam,34,1080.2801983356476,B2-01,1,5
624,54:B8:0A:AA:2C:8C,LAB_DIGITAL,42,1080.2801983356476,B2-01,1,5
625,54:B8:0A:AA:2C:8D,PCS-Wireless,40,1080.2801983356476,B2-01,1,5
626,54:B8:0A:AA:2C:8E,LAB_DIGITAL-5GHz,17,1080.2801983356476,B2-01,1,5
627,54:B8:0A:AA:2C:8F,PCS-Wireless-5GHz,17,1080.2801983356476,B2-01,1,5
628,54:F0:B1:A1:18:C0,eduroam,32,1080.2801983356476,B2-01,1,5
629,54:F0:B1:A1:18:C1,PoliSemFio,32,1080.2801983356476,B2-01,1,5
630,54:F0:B1:A1:18:C3,MEZANINO,32,1080.2801983356476,B2-01,1,5
631,54:F0:B1:A1:18:C4,GDLAB,32,1080.2801983356476,B2-01,1,5
632,54:F0:B1:A1:18:C5,LABPAD,32,1080.2801983356476,B2-01,1,5
633,54:F0:B1:A1:18:D1,PoliSemFio,37,1080.2801983356476,B2-01,1,5
634,54:F0:B1:A1:18:D2,,37,1080.2801983356476,B2-01,1,5
635,54:F0:B1:A1:18:D3,MEZANINO,39,1080.2801983356476,B2-01,1,5
636,54:F0:B1:A1:18:D4,GDLAB,42,1080.2801983356476,B2-01,1,5
637,54:F0:B1:A1:18:D5,LABPAD,39,1080.2801983356476,B2-01,1,5
638,54:F0:B1:A1:57:F0,eduroam,17,1080.2801983356476,B2-01,1,5
639,54:F0:B1:A1:57:F1,PoliSemFio,19,1080.2801983356476,B2-01,1,5
640,54:F0:B1:A1:57:F2,,12,1080.2801983356476,B2-01,1,5
641,54:F0:B1:A1:58:00,eduroam,34,1080.2801983356476,B2-01,1,5
642,54:F0:B1:A1:58:01,PoliSemFio,27,1080.2801983356476,B2-01,1,5
643,54:F0:B1:A1:58:02,,32,1080.2801983356476,B2-01,1,5
644,54:F0:B1:A1:E4:F0,eduroam,15,1080.2801983356476,B2-01,1,5
645,54:F0:B1:A1:E4:F1,PoliSemFio,17,1080.2801983356476,B2-01,1,5
646,54:F0:B1:A1:E4:F2,,12,1080.2801983356476,B2-01,1,5
647,54:F0:B1:A1:E5:00,eduroam,25,1080.2801983356476,B2-01,1,5
648,54:F0:B1:A1:E5:01,PoliSemFio,45,1080.2801983356476,B2-01,1,5
649,54:F0:B1:A1:E5:02,,44,1080.2801983356476,B2-01,1,5
650,54:F0:B1:A2:57:20,eduroam,19,1080.2801983356476,B2-01,1,5
651,54:F0:B1:A2:57:21,PoliSemFio,19,1080.2801983356476,B2-01,1,5
652,54:F0:B1:A2:57:23,LCA,19,1080.2801983356476,B2-01,1,5
653,54:F0:B1:A2:57:31,PoliSemFio,35,1080.2801983356476,B2-01,1,5
654,54:F0:B1:A2:57:32,,35,1080.2801983356476,B2-01,1,5
655,54:F0:B1:A2:57:33,LCA,37,1080.2801983356476,B2-01,1,5
656,54:F0:B1:BB:58:A0,eduroam,10,1080.2801983356476,B2-01,1,5
657,54:F0:B1:BB:7E:E2,,27,1080.2801983356476,B2-01,1,5
658,54:F0:B1:BB:84:B0,eduroam,29,1080.2801983356476,B2-01,1,5
659,54:F0:B1:BB:84:D0,eduroam,14,1080.2801983356476,B2-01,1,5
660,54:F0:B1:BB:92:C0,eduroam,29,1080.2801983356476,B2-01,1,5
661,54:F0:B1:BB:92:C1,PoliSemFio,40,1080.2801983356476,B2-01,1,5
662,54:F0:B1:BB:92:C2,,40,1080.2801983356476,B2-01,1,5
663,54:F0:B1:BB:92:E0,eduroam,15,1080.2801983356476,B2-01,1,5
664,54:F0:B1:BB:92:E1,PoliSemFio,12,1080.2801983356476,B2-01,1,5
665,54:F0:B1:BB:92:E2,,17,1080.2801983356476,B2-01,1,5
666,54:F0:B1:BB:C4:D0,eduroam,45,1080.2801983356476,B2-01,1,5
667,54:F0:B1:BB:C4:D1,PoliSemFio,54,1080.2801983356476,B2-01,1,5
668,54:F0:B1:BB:C4:D2,,54,1080.2801983356476,B2-01,1,5
669,54:F0:B1:BB:C4:F0,eduroam,17,1080.2801983356476,B2-01,1,5
670,54:F0:B1:BB:C4:F1,PoliSemFio,19,1080.2801983356476,B2-01,1,5
671,54:F0:B1:BB:C4:F2,,14,1080.2801983356476,B2-01,1,5
672,54:F0:B1:BB:C5:C4,GDLAB,29,1080.2801983356476,B2-01,1,5
673,54:F0:B1:BB:CC:E2,,25,1080.2801983356476,B2-01,1,5
674,54:F0:B1:BB:CC:E3,eduroam,20,1080.2801983356476,B2-01,1,5
675,54:F0:B1:BB:FD:D0,eduroam,12,1080.2801983356476,B2-01,1,5
676,54:F0:B1:BC:09:40,eduroam,72,1080.2801983356476,B2-01,1,5
677,54:F0:B1:BC:09:41,PoliSemFio,85,1080.2801983356476,B2-01,1,5
678,54:F0:B1:BC:09:42,,80,1080.2801983356476,B2-01,1,5
679,54:F0:B1:BC:09:60,eduroam,52,1080.2801983356476,B2-01,1,5
680,54:F0:B1:BC:09:61,PoliSemFio,52,1080.2801983356476,B2-01,1,5
681,54:F0:B1:BC:1B:D0,eduroam,35,1080.2801983356476,B2-01,1,5
682,54:F0:B1:BC:1B:D2,,40,1080.2801983356476,B2-01,1,5
683,54:F0:B1:BC:2E:90,eduroam,35,1080.2801983356476,B2-01,1,5
684,54:F0:B1:BC:2E:B0,eduroam,15,1080.2801983356476,B2-01,1,5
685,54:F0:B1:BC:2E:B1,PoliSemFio,17,1080.2801983356476,B2-01,1,5
686,54:F0:B1:BC:36:11,eduroam,34,1080.2801983356476,B2-01,1,5
687,54:F0:B1:BC:36:30,PoliSemFio,25,1080.2801983356476,B2-01,1,5
688,54:F0:B1:BC:36:31,eduroam,25,1080.2801983356476,B2-01,1,5
689,54:F0:B1:BC:65:B0,eduroam,24,1080.2801983356476,B2-01,1,5
690,54:F0:B1:BC:65:B1,PoliSemFio,20,1080.2801983356476,B2-01,1,5
691,54:F0:B1:BC:65:B2,,19,1080.2801983356476,B2-01,1,5
692,54:F0:B1:BC:6B:50,eduroam,30,1080.2801983356476,B2-01,1,5
693,54:F0:B1:BC:6F:70,eduroam,19,1080.2801983356476,B2-01,1,5
694,54:F0:B1:BC:6F:72,,29,1080.2801983356476,B2-01,1,5
695,54:F0:B1:BC:70:00,eduroam,34,1080.2801983356476,B2-01,1,5
696,54:F0:B1:BC:70:20,eduroam,17,1080.2801983356476,B2-01,1,5
697,54:F0:B1:BC:70:21,PoliSemFio,15,1080.2801983356476,B2-01,1,5
698,54:F0:B1:BC:76:C0,eduroam,20,1080.2801983356476,B2-01,1,5
699,54:F0:B1:BC:77:80,eduroam,40,1080.2801983356476,B2-01,1,5
700,54:F0:B1:BC:77:81,PoliSemFio,74,1080.2801983356476,B2-01,1,5
701,54:F0:B1:BC:77:82,,74,1080.2801983356476,B2-01,1,5
702,54:F0:B1:BC:77:A0,eduroam,39,1080.2801983356476,B2-01,1,5
703,54:F0:B1:BC:77:A1,PoliSemFio,39,1080.2801983356476,B2-01,1,5
704,54:F0:B1:BC:7C:90,eduroam,17,1080.2801983356476,B2-01,1,5
705,54:F0:B1:BC:7C:91,PoliSemFio,27,1080.2801983356476,B2-01,1,5
706,54:F0:B1:BC:7C:B0,eduroam,15,1080.2801983356476,B2-01,1,5
707,54:F0:B1:BC:7C:B1,PoliSemFio,14,1080.2801983356476,B2-01,1,5
708,54:F0:B1:BC:7C:B2,,14,1080.2801983356476,B2-01,1,5
709,54:F0:B1:BC:8F:20,eduroam,30,1080.2801983356476,B2-01,1,5
710,54:F0:B1:BC:8F:21,PoliSemFio,25,1080.2801983356476,B2-01,1,5
711,54:F0:B1:BC:8F:22,,29,1080.2801983356476,B2-01,1,5
712,68:FF:7B:47:78:BD,C1-22M-5G,24,1080.2801983356476,B2-01,1,5
713,68:FF:7B:47:78:BE,C1-22M,42,1080.2801983356476,B2-01,1,5
714,70:62:B8:6E:72:A0,PCS-wireless-C1-13,50,1080.2801983356476,B2-01,1,5
715,70:62:B8:6E:72:A1,PPGEE,39,1080.2801983356476,B2-01,1,5
716,84:D4:7E:06:4F:E0,eduroam,64,1080.2801983356476,B2-01,1,5
717,84:D4:7E:06:4F:E1,PoliSemFio,69,1080.2801983356476,B2-01,1,5
718,84:D4:7E:06:4F:E2,,69,1080.2801983356476,B2-01,1,5
719,84:D4:7E:06:4F:F0,eduroam,35,1080.2801983356476,B2-01,1,5
720,84:D4:7E:06:4F:F1,PoliSemFio,35,1080.2801983356476,B2-01,1,5
721,C4:6E:1F:AF:1B:AA,LPROT_Devices,15,1080.2801983356476,B2-01,1,5
722,DE:9F:DB:1C:1F:E0,LARC Guest,30,1080.2801983356476,B2-01,1,5
723,EE:9F:DB:1C:1F:E0,,32,1080.2801983356476,B2-01,1,5
724,F8:1A:67:99:55:8E,NUCLEAR_CHF,34,1080.2801983356476,B2-01,1,5
725,FE:9F:DB:1C:1F:E0,,29,1080.2801983356476,B2-01,1,5
726,00:18:E7:FF:8C:98,dlink,35,1086.5717573165894,B2-01,1,5
727,00:21:91:70:9D:EC,LAB-DIDATICO,37,1086.5717573165894,B2-01,1,5
728,0C:80:63:80:96:1B,C2D,10,1086.5717573165894,B2-01,1,5
729,30:85:A9:69:F2:E4,PCS-Wireless-C2-22,42,1086.5717573165894,B2-01,1,5
730,34:60:F9:A3:D9:13,GASWIFI-5G_C2,20,1086.5717573165894,B2-01,1,5
731,34:60:F9:A3:D9:14,GASWIFI-2G_C2,30,1086.5717573165894,B2-01,1,5
732,34:CE:00:51:3E:6F,Lab,34,1086.5717573165894,B2-01,1,5
733,34:CE:00:51:3E:70,Lab_5G,9,1086.5717573165894,B2-01,1,5
734,3A:60:F9:A3:D9:14,,29,1086.5717573165894,B2-01,1,5
735,48:00:20:34:D2:40,eduroam,32,1086.5717573165894,B2-01,1,5
736,54:B8:0A:AA:2C:8C,LAB_DIGITAL,44,1086.5717573165894,B2-01,1,5
737,54:B8:0A:AA:2C:8D,PCS-Wireless,37,1086.5717573165894,B2-01,1,5
738,54:B8:0A:AA:2C:8E,LAB_DIGITAL-5GHz,22,1086.5717573165894,B2-01,1,5
739,54:B8:0A:AA:2C:8F,PCS-Wireless-5GHz,22,1086.5717573165894,B2-01,1,5
740,54:F0:B1:A1:18:C0,eduroam,39,1086.5717573165894,B2-01,1,5
741,54:F0:B1:A1:18:C1,PoliSemFio,39,1086.5717573165894,B2-01,1,5
742,54:F0:B1:A1:18:C2,,39,1086.5717573165894,B2-01,1,5
743,54:F0:B1:A1:18:C3,MEZANINO,39,1086.5717573165894,B2-01,1,5
744,54:F0:B1:A1:18:C4,GDLAB,39,1086.5717573165894,B2-01,1,5
745,54:F0:B1:A1:18:C5,LABPAD,39,1086.5717573165894,B2-01,1,5
746,54:F0:B1:A1:18:D1,PoliSemFio,37,1086.5717573165894,B2-01,1,5
747,54:F0:B1:A1:18:D2,,37,1086.5717573165894,B2-01,1,5
748,54:F0:B1:A1:18:D3,MEZANINO,44,1086.5717573165894,B2-01,1,5
749,54:F0:B1:A1:18:D4,GDLAB,42,1086.5717573165894,B2-01,1,5
750,54:F0:B1:A1:18:D5,LABPAD,39,1086.5717573165894,B2-01,1,5
751,54:F0:B1:A1:57:F0,eduroam,17,1086.5717573165894,B2-01,1,5
752,54:F0:B1:A1:57:F1,PoliSemFio,15,1086.5717573165894,B2-01,1,5
753,54:F0:B1:A1:57:F2,,12,1086.5717573165894,B2-01,1,5
754,54:F0:B1:A1:58:00,eduroam,34,1086.5717573165894,B2-01,1,5
755,54:F0:B1:A1:58:01,PoliSemFio,27,1086.5717573165894,B2-01,1,5
756,54:F0:B1:A1:E4:F0,eduroam,24,1086.5717573165894,B2-01,1,5
757,54:F0:B1:A1:E4:F1,PoliSemFio,24,1086.5717573165894,B2-01,1,5
758,54:F0:B1:A1:E5:00,eduroam,37,1086.5717573165894,B2-01,1,5
759,54:F0:B1:A1:E5:01,PoliSemFio,40,1086.5717573165894,B2-01,1,5
760,54:F0:B1:A1:E5:02,,42,1086.5717573165894,B2-01,1,5
761,54:F0:B1:A2:57:20,eduroam,30,1086.5717573165894,B2-01,1,5
762,54:F0:B1:A2:57:21,PoliSemFio,30,1086.5717573165894,B2-01,1,5
763,54:F0:B1:A2:57:23,LCA,29,1086.5717573165894,B2-01,1,5
764,54:F0:B1:A2:57:31,PoliSemFio,35,1086.5717573165894,B2-01,1,5
765,54:F0:B1:A2:57:32,,35,1086.5717573165894,B2-01,1,5
766,54:F0:B1:A2:57:33,LCA,37,1086.5717573165894,B2-01,1,5
767,54:F0:B1:BB:58:A0,eduroam,15,1086.5717573165894,B2-01,1,5
768,54:F0:B1:BB:5A:82,HACKER,27,1086.5717573165894,B2-01,1,5
769,54:F0:B1:BB:5A:83,LEP,29,1086.5717573165894,B2-01,1,5
770,54:F0:B1:BB:63:80,LTE,5,1086.5717573165894,B2-01,1,5
771,54:F0:B1:BB:7E:E2,,27,1086.5717573165894,B2-01,1,5
772,54:F0:B1:BB:80:C2,,22,1086.5717573165894,B2-01,1,5
773,54:F0:B1:BB:80:C3,LABPROG,17,1086.5717573165894,B2-01,1,5
774,54:F0:B1:BB:84:B0,eduroam,19,1086.5717573165894,B2-01,1,5
775,54:F0:B1:BB:84:B1,PoliSemFio,32,1086.5717573165894,B2-01,1,5
776,54:F0:B1:BB:84:B2,,30,1086.5717573165894,B2-01,1,5
777,54:F0:B1:BB:84:D0,eduroam,20,1086.5717573165894,B2-01,1,5
778,54:F0:B1:BB:84:D1,PoliSemFio,20,1086.5717573165894,B2-01,1,5
779,54:F0:B1:BB:92:C0,eduroam,29,1086.5717573165894,B2-01,1,5
780,54:F0:B1:BB:92:C1,PoliSemFio,40,1086.5717573165894,B2-01,1,5
781,54:F0:B1:BB:92:C2,,40,1086.5717573165894,B2-01,1,5
782,54:F0:B1:BB:92:E0,eduroam,15,1086.5717573165894,B2-01,1,5
783,54:F0:B1:BB:92:E1,PoliSemFio,12,1086.5717573165894,B2-01,1,5
784,54:F0:B1:BB:92:E2,,17,1086.5717573165894,B2-01,1,5
785,54:F0:B1:BB:BC:00,eduroam,9,1086.5717573165894,B2-01,1,5
786,54:F0:B1:BB:C4:D0,eduroam,57,1086.5717573165894,B2-01,1,5
787,54:F0:B1:BB:C4:D1,PoliSemFio,57,1086.5717573165894,B2-01,1,5
788,54:F0:B1:BB:C4:D2,,54,1086.5717573165894,B2-01,1,5
789,54:F0:B1:BB:C4:F0,eduroam,24,1086.5717573165894,B2-01,1,5
790,54:F0:B1:BB:C4:F1,PoliSemFio,24,1086.5717573165894,B2-01,1,5
791,54:F0:B1:BB:C4:F2,,14,1086.5717573165894,B2-01,1,5
792,54:F0:B1:BB:C5:C4,GDLAB,17,1086.5717573165894,B2-01,1,5
793,54:F0:B1:BB:C5:E3,MEZANINO,9,1086.5717573165894,B2-01,1,5
794,54:F0:B1:BB:CC:E0,B209,12,1086.5717573165894,B2-01,1,5
795,54:F0:B1:BB:CC:E2,,25,1086.5717573165894,B2-01,1,5
796,54:F0:B1:BB:CC:E3,eduroam,20,1086.5717573165894,B2-01,1,5
797,54:F0:B1:BB:D1:92,LTE,19,1086.5717573165894,B2-01,1,5
798,54:F0:B1:BB:FD:D0,eduroam,20,1086.5717573165894,B2-01,1,5
799,54:F0:B1:BB:FD:D1,PoliSemFio,20,1086.5717573165894,B2-01,1,5
800,54:F0:B1:BB:FD:D2,,22,1086.5717573165894,B2-01,1,5
801,54:F0:B1:BC:09:40,eduroam,82,1086.5717573165894,B2-01,1,5
802,54:F0:B1:BC:09:41,PoliSemFio,85,1086.5717573165894,B2-01,1,5
803,54:F0:B1:BC:09:42,,80,1086.5717573165894,B2-01,1,5
804,54:F0:B1:BC:09:60,eduroam,52,1086.5717573165894,B2-01,1,5
805,54:F0:B1:BC:09:61,PoliSemFio,52,1086.5717573165894,B2-01,1,5
806,54:F0:B1:BC:1B:D0,eduroam,35,1086.5717573165894,B2-01,1,5
807,54:F0:B1:BC:1B:D2,,37,1086.5717573165894,B2-01,1,5
808,54:F0:B1:BC:2E:90,eduroam,35,1086.5717573165894,B2-01,1,5
809,54:F0:B1:BC:2E:B0,eduroam,15,1086.5717573165894,B2-01,1,5
810,54:F0:B1:BC:2E:B1,PoliSemFio,14,1086.5717573165894,B2-01,1,5
811,54:F0:B1:BC:36:11,eduroam,34,1086.5717573165894,B2-01,1,5
812,54:F0:B1:BC:36:30,PoliSemFio,25,1086.5717573165894,B2-01,1,5
813,54:F0:B1:BC:36:31,eduroam,25,1086.5717573165894,B2-01,1,5
814,54:F0:B1:BC:3F:12,,19,1086.5717573165894,B2-01,1,5
815,54:F0:B1:BC:65:B0,eduroam,24,1086.5717573165894,B2-01,1,5
816,54:F0:B1:BC:65:B1,PoliSemFio,20,1086.5717573165894,B2-01,1,5
817,54:F0:B1:BC:65:B2,,19,1086.5717573165894,B2-01,1,5
818,54:F0:B1:BC:65:D0,eduroam,15,1086.5717573165894,B2-01,1,5
819,54:F0:B1:BC:65:D1,PoliSemFio,15,1086.5717573165894,B2-01,1,5
820,54:F0:B1:BC:65:D2,,14,1086.5717573165894,B2-01,1,5
821,54:F0:B1:BC:6B:50,eduroam,30,1086.5717573165894,B2-01,1,5
822,54:F0:B1:BC:6F:70,eduroam,14,1086.5717573165894,B2-01,1,5
823,54:F0:B1:BC:6F:71,PoliSemFio,29,1086.5717573165894,B2-01,1,5
824,54:F0:B1:BC:6F:72,,29,1086.5717573165894,B2-01,1,5
825,54:F0:B1:BC:70:00,eduroam,24,1086.5717573165894,B2-01,1,5
826,54:F0:B1:BC:70:01,PoliSemFio,27,1086.5717573165894,B2-01,1,5
827,54:F0:B1:BC:70:20,eduroam,14,1086.5717573165894,B2-01,1,5
828,54:F0:B1:BC:70:21,PoliSemFio,14,1086.5717573165894,B2-01,1,5
829,54:F0:B1:BC:76:C0,eduroam,20,1086.5717573165894,B2-01,1,5
830,54:F0:B1:BC:77:80,eduroam,54,1086.5717573165894,B2-01,1,5
831,54:F0:B1:BC:77:81,PoliSemFio,54,1086.5717573165894,B2-01,1,5
832,54:F0:B1:BC:77:82,,54,1086.5717573165894,B2-01,1,5
833,54:F0:B1:BC:77:A0,eduroam,59,1086.5717573165894,B2-01,1,5
834,54:F0:B1:BC:77:A1,PoliSemFio,59,1086.5717573165894,B2-01,1,5
835,54:F0:B1:BC:7C:90,eduroam,10,1086.5717573165894,B2-01,1,5
836,54:F0:B1:BC:7C:91,PoliSemFio,27,1086.5717573165894,B2-01,1,5
837,54:F0:B1:BC:7C:B0,eduroam,22,1086.5717573165894,B2-01,1,5
838,54:F0:B1:BC:7C:B1,PoliSemFio,24,1086.5717573165894,B2-01,1,5
839,54:F0:B1:BC:7C:B2,,24,1086.5717573165894,B2-01,1,5
840,54:F0:B1:BC:8F:20,eduroam,27,1086.5717573165894,B2-01,1,5
841,54:F0:B1:BC:8F:21,PoliSemFio,25,1086.5717573165894,B2-01,1,5
842,54:F0:B1:BC:8F:22,,29,1086.5717573165894,B2-01,1,5
843,54:F0:B1:BC:8F:40,eduroam,15,1086.5717573165894,B2-01,1,5
844,54:F0:B1:BC:8F:41,PoliSemFio,14,1086.5717573165894,B2-01,1,5
845,54:F0:B1:BC:8F:42,,12,1086.5717573165894,B2-01,1,5
846,68:FF:7B:47:78:BD,C1-22M-5G,30,1086.5717573165894,B2-01,1,5
847,68:FF:7B:47:78:BE,C1-22M,64,1086.5717573165894,B2-01,1,5
848,70:62:B8:6E:72:A0,PCS-wireless-C1-13,54,1086.5717573165894,B2-01,1,5
849,70:62:B8:6E:72:A1,PPGEE,52,1086.5717573165894,B2-01,1,5
850,84:D4:7E:06:4F:E0,eduroam,60,1086.5717573165894,B2-01,1,5
851,84:D4:7E:06:4F:E1,PoliSemFio,72,1086.5717573165894,B2-01,1,5
852,84:D4:7E:06:4F:E2,,72,1086.5717573165894,B2-01,1,5
853,84:D4:7E:06:4F:F0,eduroam,20,1086.5717573165894,B2-01,1,5
854,84:D4:7E:06:4F:F1,PoliSemFio,22,1086.5717573165894,B2-01,1,5
855,C4:6E:1F:AF:1B:AA,LPROT_Devices,15,1086.5717573165894,B2-01,1,5
856,DC:9F:DB:1C:1F:D7,LWN-3,15,1086.5717573165894,B2-01,1,5
857,DE:9F:DB:1C:1F:E0,LARC Guest,30,1086.5717573165894,B2-01,1,5
858,EE:9F:DB:1C:1F:E0,,32,1086.5717573165894,B2-01,1,5
859,F8:1A:67:99:55:8E,NUCLEAR_CHF,42,1086.5717573165894,B2-01,1,5
860,FE:9F:DB:1C:1F:E0,,29,1086.5717573165894,B2-01,1,5
861,00:18:E7:FF:8C:98,dlink,35,1092.8587293624878,B2-01,1,5
862,00:21:91:70:9D:EC,LAB-DIDATICO,37,1092.8587293624878,B2-01,1,5
863,0C:80:63:80:96:1B,C2D,10,1092.8587293624878,B2-01,1,5
864,30:85:A9:69:F2:E4,PCS-Wireless-C2-22,42,1092.8587293624878,B2-01,1,5
865,34:60:F9:A3:D9:13,GASWIFI-5G_C2,20,1092.8587293624878,B2-01,1,5
866,34:60:F9:A3:D9:14,GASWIFI-2G_C2,30,1092.8587293624878,B2-01,1,5
867,34:CE:00:51:3E:6F,Lab,34,1092.8587293624878,B2-01,1,5
868,34:CE:00:51:3E:70,Lab_5G,9,1092.8587293624878,B2-01,1,5
869,3A:60:F9:A3:D9:14,,29,1092.8587293624878,B2-01,1,5
870,48:00:20:34:D2:40,eduroam,32,1092.8587293624878,B2-01,1,5
871,54:B8:0A:AA:2C:8C,LAB_DIGITAL,44,1092.8587293624878,B2-01,1,5
872,54:B8:0A:AA:2C:8D,PCS-Wireless,37,1092.8587293624878,B2-01,1,5
873,54:B8:0A:AA:2C:8E,LAB_DIGITAL-5GHz,22,1092.8587293624878,B2-01,1,5
874,54:B8:0A:AA:2C:8F,PCS-Wireless-5GHz,22,1092.8587293624878,B2-01,1,5
875,54:F0:B1:A1:18:C0,eduroam,39,1092.8587293624878,B2-01,1,5
876,54:F0:B1:A1:18:C1,PoliSemFio,39,1092.8587293624878,B2-01,1,5
877,54:F0:B1:A1:18:C2,,39,1092.8587293624878,B2-01,1,5
878,54:F0:B1:A1:18:C3,MEZANINO,39,1092.8587293624878,B2-01,1,5
879,54:F0:B1:A1:18:C4,GDLAB,39,1092.8587293624878,B2-01,1,5
880,54:F0:B1:A1:18:C5,LABPAD,39,1092.8587293624878,B2-01,1,5
881,54:F0:B1:A1:18:D1,PoliSemFio,37,1092.8587293624878,B2-01,1,5
882,54:F0:B1:A1:18:D2,,37,1092.8587293624878,B2-01,1,5
883,54:F0:B1:A1:18:D3,MEZANINO,44,1092.8587293624878,B2-01,1,5
884,54:F0:B1:A1:18:D4,GDLAB,42,1092.8587293624878,B2-01,1,5
885,54:F0:B1:A1:18:D5,LABPAD,39,1092.8587293624878,B2-01,1,5
886,54:F0:B1:A1:57:F0,eduroam,17,1092.8587293624878,B2-01,1,5
887,54:F0:B1:A1:57:F1,PoliSemFio,15,1092.8587293624878,B2-01,1,5
888,54:F0:B1:A1:57:F2,,12,1092.8587293624878,B2-01,1,5
889,54:F0:B1:A1:58:00,eduroam,34,1092.8587293624878,B2-01,1,5
890,54:F0:B1:A1:58:01,PoliSemFio,27,1092.8587293624878,B2-01,1,5
891,54:F0:B1:A1:E4:F0,eduroam,24,1092.8587293624878,B2-01,1,5
892,54:F0:B1:A1:E4:F1,PoliSemFio,24,1092.8587293624878,B2-01,1,5
893,54:F0:B1:A1:E5:00,eduroam,37,1092.8587293624878,B2-01,1,5
894,54:F0:B1:A1:E5:01,PoliSemFio,40,1092.8587293624878,B2-01,1,5
895,54:F0:B1:A1:E5:02,,42,1092.8587293624878,B2-01,1,5
896,54:F0:B1:A2:57:20,eduroam,30,1092.8587293624878,B2-01,1,5
897,54:F0:B1:A2:57:21,PoliSemFio,30,1092.8587293624878,B2-01,1,5
898,54:F0:B1:A2:57:23,LCA,29,1092.8587293624878,B2-01,1,5
899,54:F0:B1:A2:57:31,PoliSemFio,35,1092.8587293624878,B2-01,1,5
900,54:F0:B1:A2:57:32,,35,1092.8587293624878,B2-01,1,5
901,54:F0:B1:A2:57:33,LCA,37,1092.8587293624878,B2-01,1,5
902,54:F0:B1:BB:58:A0,eduroam,15,1092.8587293624878,B2-01,1,5
903,54:F0:B1:BB:5A:82,HACKER,27,1092.8587293624878,B2-01,1,5
904,54:F0:B1:BB:5A:83,LEP,29,1092.8587293624878,B2-01,1,5
905,54:F0:B1:BB:63:80,LTE,5,1092.8587293624878,B2-01,1,5
906,54:F0:B1:BB:7E:E2,,27,1092.8587293624878,B2-01,1,5
907,54:F0:B1:BB:80:C2,,22,1092.8587293624878,B2-01,1,5
908,54:F0:B1:BB:80:C3,LABPROG,17,1092.8587293624878,B2-01,1,5
909,54:F0:B1:BB:84:B0,eduroam,19,1092.8587293624878,B2-01,1,5
910,54:F0:B1:BB:84:B1,PoliSemFio,32,1092.8587293624878,B2-01,1,5
911,54:F0:B1:BB:84:B2,,30,1092.8587293624878,B2-01,1,5
912,54:F0:B1:BB:84:D0,eduroam,20,1092.8587293624878,B2-01,1,5
913,54:F0:B1:BB:84:D1,PoliSemFio,20,1092.8587293624878,B2-01,1,5
914,54:F0:B1:BB:92:C0,eduroam,29,1092.8587293624878,B2-01,1,5
915,54:F0:B1:BB:92:C1,PoliSemFio,40,1092.8587293624878,B2-01,1,5
916,54:F0:B1:BB:92:C2,,40,1092.8587293624878,B2-01,1,5
917,54:F0:B1:BB:92:E0,eduroam,15,1092.8587293624878,B2-01,1,5
918,54:F0:B1:BB:92:E1,PoliSemFio,12,1092.8587293624878,B2-01,1,5
919,54:F0:B1:BB:92:E2,,17,1092.8587293624878,B2-01,1,5
920,54:F0:B1:BB:BC:00,eduroam,9,1092.8587293624878,B2-01,1,5
921,54:F0:B1:BB:C4:D0,eduroam,57,1092.8587293624878,B2-01,1,5
922,54:F0:B1:BB:C4:D1,PoliSemFio,57,1092.8587293624878,B2-01,1,5
923,54:F0:B1:BB:C4:D2,,54,1092.8587293624878,B2-01,1,5
924,54:F0:B1:BB:C4:F0,eduroam,24,1092.8587293624878,B2-01,1,5
925,54:F0:B1:BB:C4:F1,PoliSemFio,24,1092.8587293624878,B2-01,1,5
926,54:F0:B1:BB:C4:F2,,14,1092.8587293624878,B2-01,1,5
927,54:F0:B1:BB:C5:C4,GDLAB,17,1092.8587293624878,B2-01,1,5
928,54:F0:B1:BB:C5:E3,MEZANINO,9,1092.8587293624878,B2-01,1,5
929,54:F0:B1:BB:CC:E0,B209,12,1092.8587293624878,B2-01,1,5
930,54:F0:B1:BB:CC:E2,,25,1092.8587293624878,B2-01,1,5
931,54:F0:B1:BB:CC:E3,eduroam,20,1092.8587293624878,B2-01,1,5
932,54:F0:B1:BB:D1:92,LTE,19,1092.8587293624878,B2-01,1,5
933,54:F0:B1:BB:FD:D0,eduroam,20,1092.8587293624878,B2-01,1,5
934,54:F0:B1:BB:FD:D1,PoliSemFio,20,1092.8587293624878,B2-01,1,5
935,54:F0:B1:BB:FD:D2,,22,1092.8587293624878,B2-01,1,5
936,54:F0:B1:BC:09:40,eduroam,82,1092.8587293624878,B2-01,1,5
937,54:F0:B1:BC:09:41,PoliSemFio,85,1092.8587293624878,B2-01,1,5
938,54:F0:B1:BC:09:42,,80,1092.8587293624878,B2-01,1,5
939,54:F0:B1:BC:09:60,eduroam,59,1092.8587293624878,B2-01,1,5
940,54:F0:B1:BC:09:61,PoliSemFio,52,1092.8587293624878,B2-01,1,5
941,54:F0:B1:BC:1B:D0,eduroam,35,1092.8587293624878,B2-01,1,5
942,54:F0:B1:BC:1B:D2,,37,1092.8587293624878,B2-01,1,5
943,54:F0:B1:BC:2E:90,eduroam,35,1092.8587293624878,B2-01,1,5
944,54:F0:B1:BC:2E:B0,eduroam,15,1092.8587293624878,B2-01,1,5
945,54:F0:B1:BC:2E:B1,PoliSemFio,14,1092.8587293624878,B2-01,1,5
946,54:F0:B1:BC:36:11,eduroam,34,1092.8587293624878,B2-01,1,5
947,54:F0:B1:BC:36:30,PoliSemFio,25,1092.8587293624878,B2-01,1,5
948,54:F0:B1:BC:36:31,eduroam,25,1092.8587293624878,B2-01,1,5
949,54:F0:B1:BC:3F:12,,19,1092.8587293624878,B2-01,1,5
950,54:F0:B1:BC:65:B0,eduroam,24,1092.8587293624878,B2-01,1,5
951,54:F0:B1:BC:65:B1,PoliSemFio,20,1092.8587293624878,B2-01,1,5
952,54:F0:B1:BC:65:B2,,19,1092.8587293624878,B2-01,1,5
953,54:F0:B1:BC:65:D0,eduroam,15,1092.8587293624878,B2-01,1,5
954,54:F0:B1:BC:65:D1,PoliSemFio,15,1092.8587293624878,B2-01,1,5
955,54:F0:B1:BC:65:D2,,14,1092.8587293624878,B2-01,1,5
956,54:F0:B1:BC:6B:50,eduroam,30,1092.8587293624878,B2-01,1,5
957,54:F0:B1:BC:6F:70,eduroam,14,1092.8587293624878,B2-01,1,5
958,54:F0:B1:BC:6F:71,PoliSemFio,29,1092.8587293624878,B2-01,1,5
959,54:F0:B1:BC:6F:72,,29,1092.8587293624878,B2-01,1,5
960,54:F0:B1:BC:70:00,eduroam,24,1092.8587293624878,B2-01,1,5
961,54:F0:B1:BC:70:01,PoliSemFio,27,1092.8587293624878,B2-01,1,5
962,54:F0:B1:BC:70:20,eduroam,14,1092.8587293624878,B2-01,1,5
963,54:F0:B1:BC:70:21,PoliSemFio,14,1092.8587293624878,B2-01,1,5
964,54:F0:B1:BC:76:C0,eduroam,20,1092.8587293624878,B2-01,1,5
965,54:F0:B1:BC:77:80,eduroam,54,1092.8587293624878,B2-01,1,5
966,54:F0:B1:BC:77:81,PoliSemFio,54,1092.8587293624878,B2-01,1,5
967,54:F0:B1:BC:77:82,,54,1092.8587293624878,B2-01,1,5
968,54:F0:B1:BC:77:A0,eduroam,59,1092.8587293624878,B2-01,1,5
969,54:F0:B1:BC:77:A1,PoliSemFio,59,1092.8587293624878,B2-01,1,5
970,54:F0:B1:BC:7C:90,eduroam,10,1092.8587293624878,B2-01,1,5
971,54:F0:B1:BC:7C:91,PoliSemFio,27,1092.8587293624878,B2-01,1,5
972,54:F0:B1:BC:7C:B0,eduroam,22,1092.8587293624878,B2-01,1,5
973,54:F0:B1:BC:7C:B1,PoliSemFio,24,1092.8587293624878,B2-01,1,5
974,54:F0:B1:BC:7C:B2,,24,1092.8587293624878,B2-01,1,5
975,54:F0:B1:BC:8F:20,eduroam,27,1092.8587293624878,B2-01,1,5
976,54:F0:B1:BC:8F:21,PoliSemFio,25,1092.8587293624878,B2-01,1,5
977,54:F0:B1:BC:8F:22,,29,1092.8587293624878,B2-01,1,5
978,54:F0:B1:BC:8F:40,eduroam,15,1092.8587293624878,B2-01,1,5
979,54:F0:B1:BC:8F:41,PoliSemFio,14,1092.8587293624878,B2-01,1,5
980,54:F0:B1:BC:8F:42,,12,1092.8587293624878,B2-01,1,5
981,68:FF:7B:47:78:BD,C1-22M-5G,30,1092.8587293624878,B2-01,1,5
982,68:FF:7B:47:78:BE,C1-22M,64,1092.8587293624878,B2-01,1,5
983,70:62:B8:6E:72:A0,PCS-wireless-C1-13,54,1092.8587293624878,B2-01,1,5
984,70:62:B8:6E:72:A1,PPGEE,52,1092.8587293624878,B2-01,1,5
985,84:D4:7E:06:4F:E0,eduroam,60,1092.8587293624878,B2-01,1,5
986,84:D4:7E:06:4F:E1,PoliSemFio,72,1092.8587293624878,B2-01,1,5
987,84:D4:7E:06:4F:E2,,72,1092.8587293624878,B2-01,1,5
988,84:D4:7E:06:4F:F0,eduroam,20,1092.8587293624878,B2-01,1,5
989,84:D4:7E:06:4F:F1,PoliSemFio,22,1092.8587293624878,B2-01,1,5
990,C4:6E:1F:AF:1B:AA,LPROT_Devices,15,1092.8587293624878,B2-01,1,5
991,DC:9F:DB:1C:1F:D7,LWN-3,15,1092.8587293624878,B2-01,1,5
992,DE:9F:DB:1C:1F:E0,LARC Guest,30,1092.8587293624878,B2-01,1,5
993,EE:9F:DB:1C:1F:E0,,32,1092.8587293624878,B2-01,1,5
994,F8:1A:67:99:55:8E,NUCLEAR_CHF,42,1092.8587293624878,B2-01,1,5
995,FE:9F:DB:1C:1F:E0,,29,1092.8587293624878,B2-01,1,5
996,00:18:E7:FF:8C:98,dlink,30,1095.4838736057281,B2-01,1,5
997,00:21:91:70:9D:EC,LAB-DIDATICO,37,1095.4838736057281,B2-01,1,5
998,0C:80:63:80:96:1B,C2D,10,1095.4838736057281,B2-01,1,5
999,34:60:F9:A3:D9:13,GASWIFI-5G_C2,20,1095.4838736057281,B2-01,1,5
1000,34:60:F9:A3:D9:14,GASWIFI-2G_C2,34,1095.4838736057281,B2-01,1,5
1001,34:CE:00:51:3E:6F,Lab,35,1095.4838736057281,B2-01,1,5
1002,34:CE:00:51:3E:70,Lab_5G,10,1095.4838736057281,B2-01,1,5
1003,3A:60:F9:A3:D9:14,,29,1095.4838736057281,B2-01,1,5
1004,48:00:20:34:D2:40,eduroam,27,1095.4838736057281,B2-01,1,5
1005,54:B8:0A:AA:2C:8C,LAB_DIGITAL,44,1095.4838736057281,B2-01,1,5
1006,54:B8:0A:AA:2C:8D,PCS-Wireless,37,1095.4838736057281,B2-01,1,5
1007,54:B8:0A:AA:2C:8E,LAB_DIGITAL-5GHz,14,1095.4838736057281,B2-01,1,5
1008,54:B8:0A:AA:2C:8F,PCS-Wireless-5GHz,10,1095.4838736057281,B2-01,1,5
1009,54:F0:B1:A1:18:C0,eduroam,37,1095.4838736057281,B2-01,1,5
1010,54:F0:B1:A1:18:C1,PoliSemFio,37,1095.4838736057281,B2-01,1,5
1011,54:F0:B1:A1:18:C2,,39,1095.4838736057281,B2-01,1,5
1012,54:F0:B1:A1:18:C3,MEZANINO,39,1095.4838736057281,B2-01,1,5
1013,54:F0:B1:A1:18:C4,GDLAB,37,1095.4838736057281,B2-01,1,5
1014,54:F0:B1:A1:18:C5,LABPAD,37,1095.4838736057281,B2-01,1,5
1015,54:F0:B1:A1:18:D1,PoliSemFio,37,1095.4838736057281,B2-01,1,5
1016,54:F0:B1:A1:18:D2,,39,1095.4838736057281,B2-01,1,5
1017,54:F0:B1:A1:18:D3,MEZANINO,34,1095.4838736057281,B2-01,1,5
1018,54:F0:B1:A1:18:D4,GDLAB,42,1095.4838736057281,B2-01,1,5
1019,54:F0:B1:A1:18:D5,LABPAD,39,1095.4838736057281,B2-01,1,5
1020,54:F0:B1:A1:57:F0,eduroam,17,1095.4838736057281,B2-01,1,5
1021,54:F0:B1:A1:57:F1,PoliSemFio,15,1095.4838736057281,B2-01,1,5
1022,54:F0:B1:A1:57:F2,,12,1095.4838736057281,B2-01,1,5
1023,54:F0:B1:A1:58:00,eduroam,34,1095.4838736057281,B2-01,1,5
1024,54:F0:B1:A1:58:01,PoliSemFio,27,1095.4838736057281,B2-01,1,5
1025,54:F0:B1:A1:58:02,,27,1095.4838736057281,B2-01,1,5
1026,54:F0:B1:A1:E4:F0,eduroam,22,1095.4838736057281,B2-01,1,5
1027,54:F0:B1:A1:E4:F1,PoliSemFio,22,1095.4838736057281,B2-01,1,5
1028,54:F0:B1:A1:E4:F2,,22,1095.4838736057281,B2-01,1,5
1029,54:F0:B1:A1:E5:00,eduroam,24,1095.4838736057281,B2-01,1,5
1030,54:F0:B1:A1:E5:01,PoliSemFio,40,1095.4838736057281,B2-01,1,5
1031,54:F0:B1:A1:E5:02,,32,1095.4838736057281,B2-01,1,5
1032,54:F0:B1:A2:57:20,eduroam,20,1095.4838736057281,B2-01,1,5
1033,54:F0:B1:A2:57:21,PoliSemFio,20,1095.4838736057281,B2-01,1,5
1034,54:F0:B1:A2:57:23,LCA,20,1095.4838736057281,B2-01,1,5
1035,54:F0:B1:A2:57:31,PoliSemFio,35,1095.4838736057281,B2-01,1,5
1036,54:F0:B1:A2:57:32,,30,1095.4838736057281,B2-01,1,5
1037,54:F0:B1:A2:57:33,LCA,24,1095.4838736057281,B2-01,1,5
1038,54:F0:B1:BB:58:A0,eduroam,15,1095.4838736057281,B2-01,1,5
1039,54:F0:B1:BB:5A:82,HACKER,27,1095.4838736057281,B2-01,1,5
1040,54:F0:B1:BB:5A:83,LEP,15,1095.4838736057281,B2-01,1,5
1041,54:F0:B1:BB:63:80,LTE,5,1095.4838736057281,B2-01,1,5
1042,54:F0:B1:BB:80:C2,,22,1095.4838736057281,B2-01,1,5
1043,54:F0:B1:BB:80:C3,LABPROG,17,1095.4838736057281,B2-01,1,5
1044,54:F0:B1:BB:84:B0,eduroam,20,1095.4838736057281,B2-01,1,5
1045,54:F0:B1:BB:84:B1,PoliSemFio,32,1095.4838736057281,B2-01,1,5
1046,54:F0:B1:BB:84:B2,,30,1095.4838736057281,B2-01,1,5
1047,54:F0:B1:BB:84:D0,eduroam,10,1095.4838736057281,B2-01,1,5
1048,54:F0:B1:BB:84:D1,PoliSemFio,20,1095.4838736057281,B2-01,1,5
1049,54:F0:B1:BB:92:C0,eduroam,29,1095.4838736057281,B2-01,1,5
1050,54:F0:B1:BB:92:C1,PoliSemFio,29,1095.4838736057281,B2-01,1,5
1051,54:F0:B1:BB:92:C2,,40,1095.4838736057281,B2-01,1,5
1052,54:F0:B1:BB:BC:00,eduroam,9,1095.4838736057281,B2-01,1,5
1053,54:F0:B1:BB:C4:D0,eduroam,37,1095.4838736057281,B2-01,1,5
1054,54:F0:B1:BB:C4:D1,PoliSemFio,57,1095.4838736057281,B2-01,1,5
1055,54:F0:B1:BB:C4:D2,,54,1095.4838736057281,B2-01,1,5
1056,54:F0:B1:BB:C4:F0,eduroam,24,1095.4838736057281,B2-01,1,5
1057,54:F0:B1:BB:C4:F1,PoliSemFio,24,1095.4838736057281,B2-01,1,5
1058,54:F0:B1:BB:C5:C4,GDLAB,17,1095.4838736057281,B2-01,1,5
1059,54:F0:B1:BB:C5:C5,LABPAD,17,1095.4838736057281,B2-01,1,5
1060,54:F0:B1:BB:C5:E3,MEZANINO,9,1095.4838736057281,B2-01,1,5
1061,54:F0:B1:BB:CC:E0,B209,12,1095.4838736057281,B2-01,1,5
1062,54:F0:B1:BB:D1:92,LTE,19,1095.4838736057281,B2-01,1,5
1063,54:F0:B1:BB:FD:D0,eduroam,20,1095.4838736057281,B2-01,1,5
1064,54:F0:B1:BB:FD:D1,PoliSemFio,20,1095.4838736057281,B2-01,1,5
1065,54:F0:B1:BB:FD:D2,,22,1095.4838736057281,B2-01,1,5
1066,54:F0:B1:BC:09:40,eduroam,89,1095.4838736057281,B2-01,1,5
1067,54:F0:B1:BC:09:41,PoliSemFio,84,1095.4838736057281,B2-01,1,5
1068,54:F0:B1:BC:09:42,,85,1095.4838736057281,B2-01,1,5
1069,54:F0:B1:BC:09:60,eduroam,57,1095.4838736057281,B2-01,1,5
1070,54:F0:B1:BC:09:61,PoliSemFio,57,1095.4838736057281,B2-01,1,5
1071,54:F0:B1:BC:1B:D2,,37,1095.4838736057281,B2-01,1,5
1072,54:F0:B1:BC:2E:B0,eduroam,39,1095.4838736057281,B2-01,1,5
1073,54:F0:B1:BC:2E:B1,PoliSemFio,39,1095.4838736057281,B2-01,1,5
1074,54:F0:B1:BC:3F:12,,19,1095.4838736057281,B2-01,1,5
1075,54:F0:B1:BC:65:B2,,19,1095.4838736057281,B2-01,1,5
1076,54:F0:B1:BC:65:D0,eduroam,15,1095.4838736057281,B2-01,1,5
1077,54:F0:B1:BC:65:D1,PoliSemFio,15,1095.4838736057281,B2-01,1,5
1078,54:F0:B1:BC:65:D2,,14,1095.4838736057281,B2-01,1,5
1079,54:F0:B1:BC:6B:50,eduroam,30,1095.4838736057281,B2-01,1,5
1080,54:F0:B1:BC:6F:70,eduroam,14,1095.4838736057281,B2-01,1,5
1081,54:F0:B1:BC:6F:71,PoliSemFio,29,1095.4838736057281,B2-01,1,5
1082,54:F0:B1:BC:6F:72,,29,1095.4838736057281,B2-01,1,5
1083,54:F0:B1:BC:70:00,eduroam,27,1095.4838736057281,B2-01,1,5
1084,54:F0:B1:BC:70:01,PoliSemFio,25,1095.4838736057281,B2-01,1,5
1085,54:F0:B1:BC:70:20,eduroam,14,1095.4838736057281,B2-01,1,5
1086,54:F0:B1:BC:70:21,PoliSemFio,14,1095.4838736057281,B2-01,1,5
1087,54:F0:B1:BC:76:C0,eduroam,20,1095.4838736057281,B2-01,1,5
1088,54:F0:B1:BC:77:80,eduroam,50,1095.4838736057281,B2-01,1,5
1089,54:F0:B1:BC:77:81,PoliSemFio,49,1095.4838736057281,B2-01,1,5
1090,54:F0:B1:BC:77:82,,47,1095.4838736057281,B2-01,1,5
1091,54:F0:B1:BC:77:A0,eduroam,47,1095.4838736057281,B2-01,1,5
1092,54:F0:B1:BC:77:A1,PoliSemFio,47,1095.4838736057281,B2-01,1,5
1093,54:F0:B1:BC:77:A2,,47,1095.4838736057281,B2-01,1,5
1094,54:F0:B1:BC:7C:90,eduroam,10,1095.4838736057281,B2-01,1,5
1095,54:F0:B1:BC:7C:B0,eduroam,22,1095.4838736057281,B2-01,1,5
1096,54:F0:B1:BC:7C:B1,PoliSemFio,24,1095.4838736057281,B2-01,1,5
1097,54:F0:B1:BC:7C:B2,,24,1095.4838736057281,B2-01,1,5
1098,54:F0:B1:BC:8F:20,eduroam,22,1095.4838736057281,B2-01,1,5
1099,54:F0:B1:BC:8F:40,eduroam,15,1095.4838736057281,B2-01,1,5
1100,54:F0:B1:BC:8F:41,PoliSemFio,14,1095.4838736057281,B2-01,1,5
1101,54:F0:B1:BC:8F:42,,12,1095.4838736057281,B2-01,1,5
1102,68:FF:7B:47:78:BD,C1-22M-5G,17,1095.4838736057281,B2-01,1,5
1103,68:FF:7B:47:78:BE,C1-22M,57,1095.4838736057281,B2-01,1,5
1104,70:62:B8:6E:72:A0,PCS-wireless-C1-13,27,1095.4838736057281,B2-01,1,5
1105,70:62:B8:6E:72:A1,PPGEE,22,1095.4838736057281,B2-01,1,5
1106,84:D4:7E:06:4F:E0,eduroam,57,1095.4838736057281,B2-01,1,5
1107,84:D4:7E:06:4F:E1,PoliSemFio,59,1095.4838736057281,B2-01,1,5
1108,84:D4:7E:06:4F:E2,,59,1095.4838736057281,B2-01,1,5
1109,84:D4:7E:06:4F:F0,eduroam,29,1095.4838736057281,B2-01,1,5
1110,84:D4:7E:06:4F:F1,PoliSemFio,22,1095.4838736057281,B2-01,1,5
1111,C4:6E:1F:AF:1B:AA,LPROT_Devices,15,1095.4838736057281,B2-01,1,5
1112,DC:9F:DB:1C:1F:D7,LWN-3,15,1095.4838736057281,B2-01,1,5
1113,DE:9F:DB:1C:1F:E0,LARC Guest,30,1095.4838736057281,B2-01,1,5
1114,F8:1A:67:99:55:8E,NUCLEAR_CHF,42,1095.4838736057281,B2-01,1,5
1115,FE:9F:DB:1C:1F:E0,,29,1095.4838736057281,B2-01,1,5
1116,00:18:E7:FF:8C:98,dlink,30,1098.1558322906494,B2-01,1,5
1117,00:21:91:70:9D:EC,LAB-DIDATICO,37,1098.1558322906494,B2-01,1,5
1118,0C:80:63:80:96:1B,C2D,10,1098.1558322906494,B2-01,1,5
1119,34:60:F9:A3:D9:13,GASWIFI-5G_C2,20,1098.1558322906494,B2-01,1,5
1120,34:60:F9:A3:D9:14,GASWIFI-2G_C2,34,1098.1558322906494,B2-01,1,5
1121,34:CE:00:51:3E:6F,Lab,35,1098.1558322906494,B2-01,1,5
1122,34:CE:00:51:3E:70,Lab_5G,10,1098.1558322906494,B2-01,1,5
1123,3A:60:F9:A3:D9:14,,29,1098.1558322906494,B2-01,1,5
1124,48:00:20:34:D2:40,eduroam,27,1098.1558322906494,B2-01,1,5
1125,54:B8:0A:AA:2C:8C,LAB_DIGITAL,44,1098.1558322906494,B2-01,1,5
1126,54:B8:0A:AA:2C:8D,PCS-Wireless,37,1098.1558322906494,B2-01,1,5
1127,54:B8:0A:AA:2C:8E,LAB_DIGITAL-5GHz,14,1098.1558322906494,B2-01,1,5
1128,54:B8:0A:AA:2C:8F,PCS-Wireless-5GHz,10,1098.1558322906494,B2-01,1,5
1129,54:F0:B1:A1:18:C0,eduroam,37,1098.1558322906494,B2-01,1,5
1130,54:F0:B1:A1:18:C1,PoliSemFio,37,1098.1558322906494,B2-01,1,5
1131,54:F0:B1:A1:18:C2,,39,1098.1558322906494,B2-01,1,5
1132,54:F0:B1:A1:18:C3,MEZANINO,39,1098.1558322906494,B2-01,1,5
1133,54:F0:B1:A1:18:C4,GDLAB,37,1098.1558322906494,B2-01,1,5
1134,54:F0:B1:A1:18:C5,LABPAD,37,1098.1558322906494,B2-01,1,5
1135,54:F0:B1:A1:18:D1,PoliSemFio,37,1098.1558322906494,B2-01,1,5
1136,54:F0:B1:A1:18:D2,,39,1098.1558322906494,B2-01,1,5
1137,54:F0:B1:A1:18:D3,MEZANINO,34,1098.1558322906494,B2-01,1,5
1138,54:F0:B1:A1:18:D4,GDLAB,42,1098.1558322906494,B2-01,1,5
1139,54:F0:B1:A1:18:D5,LABPAD,39,1098.1558322906494,B2-01,1,5
1140,54:F0:B1:A1:57:F0,eduroam,17,1098.1558322906494,B2-01,1,5
1141,54:F0:B1:A1:57:F1,PoliSemFio,15,1098.1558322906494,B2-01,1,5
1142,54:F0:B1:A1:57:F2,,12,1098.1558322906494,B2-01,1,5
1143,54:F0:B1:A1:58:00,eduroam,34,1098.1558322906494,B2-01,1,5
1144,54:F0:B1:A1:58:01,PoliSemFio,27,1098.1558322906494,B2-01,1,5
1145,54:F0:B1:A1:58:02,,27,1098.1558322906494,B2-01,1,5
1146,54:F0:B1:A1:E4:F0,eduroam,22,1098.1558322906494,B2-01,1,5
1147,54:F0:B1:A1:E4:F1,PoliSemFio,22,1098.1558322906494,B2-01,1,5
1148,54:F0:B1:A1:E4:F2,,22,1098.1558322906494,B2-01,1,5
1149,54:F0:B1:A1:E5:00,eduroam,24,1098.1558322906494,B2-01,1,5
1150,54:F0:B1:A1:E5:01,PoliSemFio,40,1098.1558322906494,B2-01,1,5
1151,54:F0:B1:A1:E5:02,,32,1098.1558322906494,B2-01,1,5
1152,54:F0:B1:A2:57:20,eduroam,20,1098.1558322906494,B2-01,1,5
1153,54:F0:B1:A2:57:21,PoliSemFio,20,1098.1558322906494,B2-01,1,5
1154,54:F0:B1:A2:57:23,LCA,20,1098.1558322906494,B2-01,1,5
1155,54:F0:B1:A2:57:31,PoliSemFio,35,1098.1558322906494,B2-01,1,5
1156,54:F0:B1:A2:57:32,,30,1098.1558322906494,B2-01,1,5
1157,54:F0:B1:A2:57:33,LCA,24,1098.1558322906494,B2-01,1,5
1158,54:F0:B1:BB:58:A0,eduroam,15,1098.1558322906494,B2-01,1,5
1159,54:F0:B1:BB:5A:82,HACKER,27,1098.1558322906494,B2-01,1,5
1160,54:F0:B1:BB:5A:83,LEP,15,1098.1558322906494,B2-01,1,5
1161,54:F0:B1:BB:63:80,LTE,5,1098.1558322906494,B2-01,1,5
1162,54:F0:B1:BB:80:C2,,22,1098.1558322906494,B2-01,1,5
1163,54:F0:B1:BB:80:C3,LABPROG,17,1098.1558322906494,B2-01,1,5
1164,54:F0:B1:BB:84:B0,eduroam,20,1098.1558322906494,B2-01,1,5
1165,54:F0:B1:BB:84:B1,PoliSemFio,32,1098.1558322906494,B2-01,1,5
1166,54:F0:B1:BB:84:B2,,30,1098.1558322906494,B2-01,1,5
1167,54:F0:B1:BB:84:D0,eduroam,10,1098.1558322906494,B2-01,1,5
1168,54:F0:B1:BB:84:D1,PoliSemFio,20,1098.1558322906494,B2-01,1,5
1169,54:F0:B1:BB:92:C0,eduroam,29,1098.1558322906494,B2-01,1,5
1170,54:F0:B1:BB:92:C1,PoliSemFio,29,1098.1558322906494,B2-01,1,5
1171,54:F0:B1:BB:92:C2,,40,1098.1558322906494,B2-01,1,5
1172,54:F0:B1:BB:BC:00,eduroam,9,1098.1558322906494,B2-01,1,5
1173,54:F0:B1:BB:C4:D0,eduroam,37,1098.1558322906494,B2-01,1,5
1174,54:F0:B1:BB:C4:D1,PoliSemFio,57,1098.1558322906494,B2-01,1,5
1175,54:F0:B1:BB:C4:D2,,54,1098.1558322906494,B2-01,1,5
1176,54:F0:B1:BB:C4:F0,eduroam,24,1098.1558322906494,B2-01,1,5
1177,54:F0:B1:BB:C4:F1,PoliSemFio,24,1098.1558322906494,B2-01,1,5
1178,54:F0:B1:BB:C5:C4,GDLAB,17,1098.1558322906494,B2-01,1,5
1179,54:F0:B1:BB:C5:C5,LABPAD,17,1098.1558322906494,B2-01,1,5
1180,54:F0:B1:BB:C5:E3,MEZANINO,9,1098.1558322906494,B2-01,1,5
1181,54:F0:B1:BB:CC:E0,B209,12,1098.1558322906494,B2-01,1,5
1182,54:F0:B1:BB:D1:92,LTE,19,1098.1558322906494,B2-01,1,5
1183,54:F0:B1:BB:FD:D0,eduroam,20,1098.1558322906494,B2-01,1,5
1184,54:F0:B1:BB:FD:D1,PoliSemFio,20,1098.1558322906494,B2-01,1,5
1185,54:F0:B1:BB:FD:D2,,22,1098.1558322906494,B2-01,1,5
1186,54:F0:B1:BC:09:40,eduroam,89,1098.1558322906494,B2-01,1,5
1187,54:F0:B1:BC:09:41,PoliSemFio,84,1098.1558322906494,B2-01,1,5
1188,54:F0:B1:BC:09:42,,85,1098.1558322906494,B2-01,1,5
1189,54:F0:B1:BC:09:60,eduroam,54,1098.1558322906494,B2-01,1,5
1190,54:F0:B1:BC:09:61,PoliSemFio,57,1098.1558322906494,B2-01,1,5
1191,54:F0:B1:BC:1B:D2,,37,1098.1558322906494,B2-01,1,5
1192,54:F0:B1:BC:2E:B0,eduroam,39,1098.1558322906494,B2-01,1,5
1193,54:F0:B1:BC:2E:B1,PoliSemFio,39,1098.1558322906494,B2-01,1,5
1194,54:F0:B1:BC:3F:12,,19,1098.1558322906494,B2-01,1,5
1195,54:F0:B1:BC:65:B2,,19,1098.1558322906494,B2-01,1,5
1196,54:F0:B1:BC:65:D0,eduroam,15,1098.1558322906494,B2-01,1,5
1197,54:F0:B1:BC:65:D1,PoliSemFio,15,1098.1558322906494,B2-01,1,5
1198,54:F0:B1:BC:65:D2,,14,1098.1558322906494,B2-01,1,5
1199,54:F0:B1:BC:6B:50,eduroam,30,1098.1558322906494,B2-01,1,5
1200,54:F0:B1:BC:6F:70,eduroam,14,1098.1558322906494,B2-01,1,5
1201,54:F0:B1:BC:6F:71,PoliSemFio,29,1098.1558322906494,B2-01,1,5
1202,54:F0:B1:BC:6F:72,,29,1098.1558322906494,B2-01,1,5
1203,54:F0:B1:BC:70:00,eduroam,27,1098.1558322906494,B2-01,1,5
1204,54:F0:B1:BC:70:01,PoliSemFio,25,1098.1558322906494,B2-01,1,5
1205,54:F0:B1:BC:70:20,eduroam,14,1098.1558322906494,B2-01,1,5
1206,54:F0:B1:BC:70:21,PoliSemFio,14,1098.1558322906494,B2-01,1,5
1207,54:F0:B1:BC:76:C0,eduroam,20,1098.1558322906494,B2-01,1,5
1208,54:F0:B1:BC:77:80,eduroam,50,1098.1558322906494,B2-01,1,5
1209,54:F0:B1:BC:77:81,PoliSemFio,49,1098.1558322906494,B2-01,1,5
1210,54:F0:B1:BC:77:82,,47,1098.1558322906494,B2-01,1,5
1211,54:F0:B1:BC:77:A0,eduroam,47,1098.1558322906494,B2-01,1,5
1212,54:F0:B1:BC:77:A1,PoliSemFio,47,1098.1558322906494,B2-01,1,5
1213,54:F0:B1:BC:77:A2,,47,1098.1558322906494,B2-01,1,5
1214,54:F0:B1:BC:7C:90,eduroam,10,1098.1558322906494,B2-01,1,5
1215,54:F0:B1:BC:7C:B0,eduroam,22,1098.1558322906494,B2-01,1,5
1216,54:F0:B1:BC:7C:B1,PoliSemFio,24,1098.1558322906494,B2-01,1,5
1217,54:F0:B1:BC:7C:B2,,24,1098.1558322906494,B2-01,1,5
1218,54:F0:B1:BC:8F:20,eduroam,22,1098.1558322906494,B2-01,1,5
1219,54:F0:B1:BC:8F:40,eduroam,15,1098.1558322906494,B2-01,1,5
1220,54:F0:B1:BC:8F:41,PoliSemFio,14,1098.1558322906494,B2-01,1,5
1221,54:F0:B1:BC:8F:42,,12,1098.1558322906494,B2-01,1,5
1222,68:FF:7B:47:78:BD,C1-22M-5G,17,1098.1558322906494,B2-01,1,5
1223,68:FF:7B:47:78:BE,C1-22M,57,1098.1558322906494,B2-01,1,5
1224,70:62:B8:6E:72:A0,PCS-wireless-C1-13,27,1098.1558322906494,B2-01,1,5
1225,70:62:B8:6E:72:A1,PPGEE,22,1098.1558322906494,B2-01,1,5
1226,84:D4:7E:06:4F:E0,eduroam,57,1098.1558322906494,B2-01,1,5
1227,84:D4:7E:06:4F:E1,PoliSemFio,59,1098.1558322906494,B2-01,1,5
1228,84:D4:7E:06:4F:E2,,59,1098.1558322906494,B2-01,1,5
1229,84:D4:7E:06:4F:F0,eduroam,29,1098.1558322906494,B2-01,1,5
1230,84:D4:7E:06:4F:F1,PoliSemFio,22,1098.1558322906494,B2-01,1,5
1231,C4:6E:1F:AF:1B:AA,LPROT_Devices,15,1098.1558322906494,B2-01,1,5
1232,DC:9F:DB:1C:1F:D7,LWN-3,15,1098.1558322906494,B2-01,1,5
1233,DE:9F:DB:1C:1F:E0,LARC Guest,30,1098.1558322906494,B2-01,1,5
1234,F8:1A:67:99:55:8E,NUCLEAR_CHF,42,1098.1558322906494,B2-01,1,5
1235,FE:9F:DB:1C:1F:E0,,29,1098.1558322906494,B2-01,1,5
1236,00:18:E7:FF:8C:98,dlink,30,1104.407121181488,B2-01,1,5
1237,00:18:E7:FF:8C:9A,dlink_media,10,1104.407121181488,B2-01,1,5
1238,00:21:91:70:9D:EC,LAB-DIDATICO,37,1104.407121181488,B2-01,1,5
1239,0C:80:63:80:96:1B,C2D,10,1104.407121181488,B2-01,1,5
1240,34:60:F9:A3:D9:13,GASWIFI-5G_C2,22,1104.407121181488,B2-01,1,5
1241,34:60:F9:A3:D9:14,GASWIFI-2G_C2,30,1104.407121181488,B2-01,1,5
1242,34:CE:00:51:3E:6F,Lab,42,1104.407121181488,B2-01,1,5
1243,34:CE:00:51:3E:70,Lab_5G,12,1104.407121181488,B2-01,1,5
1244,3A:60:F9:A3:D9:14,,29,1104.407121181488,B2-01,1,5
1245,48:00:20:34:D2:40,eduroam,27,1104.407121181488,B2-01,1,5
1246,54:B8:0A:AA:2C:8C,LAB_DIGITAL,47,1104.407121181488,B2-01,1,5
1247,54:B8:0A:AA:2C:8D,PCS-Wireless,49,1104.407121181488,B2-01,1,5
1248,54:B8:0A:AA:2C:8E,LAB_DIGITAL-5GHz,20,1104.407121181488,B2-01,1,5
1249,54:B8:0A:AA:2C:8F,PCS-Wireless-5GHz,20,1104.407121181488,B2-01,1,5
1250,54:F0:B1:A1:18:C0,eduroam,37,1104.407121181488,B2-01,1,5
1251,54:F0:B1:A1:18:C1,PoliSemFio,35,1104.407121181488,B2-01,1,5
1252,54:F0:B1:A1:18:C2,,39,1104.407121181488,B2-01,1,5
1253,54:F0:B1:A1:18:C3,MEZANINO,37,1104.407121181488,B2-01,1,5
1254,54:F0:B1:A1:18:C4,GDLAB,35,1104.407121181488,B2-01,1,5
1255,54:F0:B1:A1:18:C5,LABPAD,35,1104.407121181488,B2-01,1,5
1256,54:F0:B1:A1:18:D0,eduroam,57,1104.407121181488,B2-01,1,5
1257,54:F0:B1:A1:18:D1,PoliSemFio,37,1104.407121181488,B2-01,1,5
1258,54:F0:B1:A1:18:D2,,39,1104.407121181488,B2-01,1,5
1259,54:F0:B1:A1:18:D3,MEZANINO,57,1104.407121181488,B2-01,1,5
1260,54:F0:B1:A1:18:D4,GDLAB,60,1104.407121181488,B2-01,1,5
1261,54:F0:B1:A1:18:D5,LABPAD,57,1104.407121181488,B2-01,1,5
1262,54:F0:B1:A1:57:F0,eduroam,14,1104.407121181488,B2-01,1,5
1263,54:F0:B1:A1:57:F1,PoliSemFio,12,1104.407121181488,B2-01,1,5
1264,54:F0:B1:A1:58:00,eduroam,34,1104.407121181488,B2-01,1,5
1265,54:F0:B1:A1:58:01,PoliSemFio,27,1104.407121181488,B2-01,1,5
1266,54:F0:B1:A1:58:02,,29,1104.407121181488,B2-01,1,5
1267,54:F0:B1:A1:E4:F0,eduroam,22,1104.407121181488,B2-01,1,5
1268,54:F0:B1:A1:E4:F1,PoliSemFio,22,1104.407121181488,B2-01,1,5
1269,54:F0:B1:A1:E4:F2,,12,1104.407121181488,B2-01,1,5
1270,54:F0:B1:A1:E5:00,eduroam,24,1104.407121181488,B2-01,1,5
1271,54:F0:B1:A1:E5:01,PoliSemFio,40,1104.407121181488,B2-01,1,5
1272,54:F0:B1:A1:E5:02,,32,1104.407121181488,B2-01,1,5
1273,54:F0:B1:A2:57:20,eduroam,17,1104.407121181488,B2-01,1,5
1274,54:F0:B1:A2:57:21,PoliSemFio,17,1104.407121181488,B2-01,1,5
1275,54:F0:B1:A2:57:23,LCA,17,1104.407121181488,B2-01,1,5
1276,54:F0:B1:A2:57:31,PoliSemFio,42,1104.407121181488,B2-01,1,5
1277,54:F0:B1:A2:57:32,,42,1104.407121181488,B2-01,1,5
1278,54:F0:B1:A2:57:33,LCA,45,1104.407121181488,B2-01,1,5
1279,54:F0:B1:BB:58:A0,eduroam,15,1104.407121181488,B2-01,1,5
1280,54:F0:B1:BB:5A:82,HACKER,27,1104.407121181488,B2-01,1,5
1281,54:F0:B1:BB:5A:83,LEP,15,1104.407121181488,B2-01,1,5
1282,54:F0:B1:BB:63:80,LTE,5,1104.407121181488,B2-01,1,5
1283,54:F0:B1:BB:80:C2,,22,1104.407121181488,B2-01,1,5
1284,54:F0:B1:BB:80:C3,LABPROG,17,1104.407121181488,B2-01,1,5
1285,54:F0:B1:BB:84:B0,eduroam,20,1104.407121181488,B2-01,1,5
1286,54:F0:B1:BB:84:B1,PoliSemFio,32,1104.407121181488,B2-01,1,5
1287,54:F0:B1:BB:84:B2,,27,1104.407121181488,B2-01,1,5
1288,54:F0:B1:BB:84:D0,eduroam,10,1104.407121181488,B2-01,1,5
1289,54:F0:B1:BB:84:D1,PoliSemFio,20,1104.407121181488,B2-01,1,5
1290,54:F0:B1:BB:92:C0,eduroam,29,1104.407121181488,B2-01,1,5
1291,54:F0:B1:BB:92:C1,PoliSemFio,29,1104.407121181488,B2-01,1,5
1292,54:F0:B1:BB:92:C2,,37,1104.407121181488,B2-01,1,5
1293,54:F0:B1:BB:BC:00,eduroam,9,1104.407121181488,B2-01,1,5
1294,54:F0:B1:BB:C4:D0,eduroam,50,1104.407121181488,B2-01,1,5
1295,54:F0:B1:BB:C4:D1,PoliSemFio,49,1104.407121181488,B2-01,1,5
1296,54:F0:B1:BB:C4:D2,,49,1104.407121181488,B2-01,1,5
1297,54:F0:B1:BB:C4:F0,eduroam,19,1104.407121181488,B2-01,1,5
1298,54:F0:B1:BB:C4:F1,PoliSemFio,24,1104.407121181488,B2-01,1,5
1299,54:F0:B1:BB:C5:C4,GDLAB,17,1104.407121181488,B2-01,1,5
1300,54:F0:B1:BB:C5:C5,LABPAD,17,1104.407121181488,B2-01,1,5
1301,54:F0:B1:BB:C5:E3,MEZANINO,9,1104.407121181488,B2-01,1,5
1302,54:F0:B1:BB:CC:E0,B209,12,1104.407121181488,B2-01,1,5
1303,54:F0:B1:BB:CC:E2,,24,1104.407121181488,B2-01,1,5
1304,54:F0:B1:BB:CC:E3,eduroam,27,1104.407121181488,B2-01,1,5
1305,54:F0:B1:BB:D1:92,LTE,19,1104.407121181488,B2-01,1,5
1306,54:F0:B1:BB:FD:D0,eduroam,20,1104.407121181488,B2-01,1,5
1307,54:F0:B1:BB:FD:D1,PoliSemFio,20,1104.407121181488,B2-01,1,5
1308,54:F0:B1:BB:FD:D2,,25,1104.407121181488,B2-01,1,5
1309,54:F0:B1:BC:09:40,eduroam,87,1104.407121181488,B2-01,1,5
1310,54:F0:B1:BC:09:41,PoliSemFio,84,1104.407121181488,B2-01,1,5
1311,54:F0:B1:BC:09:42,,87,1104.407121181488,B2-01,1,5
1312,54:F0:B1:BC:09:60,eduroam,64,1104.407121181488,B2-01,1,5
1313,54:F0:B1:BC:09:61,PoliSemFio,64,1104.407121181488,B2-01,1,5
1314,54:F0:B1:BC:1B:D2,,37,1104.407121181488,B2-01,1,5
1315,54:F0:B1:BC:2E:B0,eduroam,27,1104.407121181488,B2-01,1,5
1316,54:F0:B1:BC:2E:B1,PoliSemFio,27,1104.407121181488,B2-01,1,5
1317,54:F0:B1:BC:3F:12,,19,1104.407121181488,B2-01,1,5
1318,54:F0:B1:BC:65:B2,,19,1104.407121181488,B2-01,1,5
1319,54:F0:B1:BC:65:D0,eduroam,15,1104.407121181488,B2-01,1,5
1320,54:F0:B1:BC:65:D1,PoliSemFio,15,1104.407121181488,B2-01,1,5
1321,54:F0:B1:BC:65:D2,,14,1104.407121181488,B2-01,1,5
1322,54:F0:B1:BC:6B:50,eduroam,30,1104.407121181488,B2-01,1,5
1323,54:F0:B1:BC:6F:70,eduroam,24,1104.407121181488,B2-01,1,5
1324,54:F0:B1:BC:6F:71,PoliSemFio,29,1104.407121181488,B2-01,1,5
1325,54:F0:B1:BC:6F:72,,25,1104.407121181488,B2-01,1,5
1326,54:F0:B1:BC:70:00,eduroam,42,1104.407121181488,B2-01,1,5
1327,54:F0:B1:BC:70:01,PoliSemFio,39,1104.407121181488,B2-01,1,5
1328,54:F0:B1:BC:70:20,eduroam,14,1104.407121181488,B2-01,1,5
1329,54:F0:B1:BC:70:21,PoliSemFio,14,1104.407121181488,B2-01,1,5
1330,54:F0:B1:BC:76:C0,eduroam,20,1104.407121181488,B2-01,1,5
1331,54:F0:B1:BC:77:80,eduroam,57,1104.407121181488,B2-01,1,5
1332,54:F0:B1:BC:77:81,PoliSemFio,49,1104.407121181488,B2-01,1,5
1333,54:F0:B1:BC:77:82,,47,1104.407121181488,B2-01,1,5
1334,54:F0:B1:BC:77:A0,eduroam,47,1104.407121181488,B2-01,1,5
1335,54:F0:B1:BC:77:A1,PoliSemFio,47,1104.407121181488,B2-01,1,5
1336,54:F0:B1:BC:77:A2,,47,1104.407121181488,B2-01,1,5
1337,54:F0:B1:BC:7C:90,eduroam,10,1104.407121181488,B2-01,1,5
1338,54:F0:B1:BC:7C:B0,eduroam,22,1104.407121181488,B2-01,1,5
1339,54:F0:B1:BC:7C:B1,PoliSemFio,24,1104.407121181488,B2-01,1,5
1340,54:F0:B1:BC:7C:B2,,24,1104.407121181488,B2-01,1,5
1341,54:F0:B1:BC:8F:20,eduroam,40,1104.407121181488,B2-01,1,5
1342,54:F0:B1:BC:8F:22,,35,1104.407121181488,B2-01,1,5
1343,54:F0:B1:BC:8F:40,eduroam,15,1104.407121181488,B2-01,1,5
1344,54:F0:B1:BC:8F:41,PoliSemFio,14,1104.407121181488,B2-01,1,5
1345,54:F0:B1:BC:8F:42,,12,1104.407121181488,B2-01,1,5
1346,68:FF:7B:47:78:BD,C1-22M-5G,27,1104.407121181488,B2-01,1,5
1347,68:FF:7B:47:78:BE,C1-22M,57,1104.407121181488,B2-01,1,5
1348,70:62:B8:6E:72:A0,PCS-wireless-C1-13,42,1104.407121181488,B2-01,1,5
1349,70:62:B8:6E:72:A1,PPGEE,42,1104.407121181488,B2-01,1,5
1350,84:D4:7E:06:4F:E0,eduroam,55,1104.407121181488,B2-01,1,5
1351,84:D4:7E:06:4F:E1,PoliSemFio,55,1104.407121181488,B2-01,1,5
1352,84:D4:7E:06:4F:E2,,54,1104.407121181488,B2-01,1,5
1353,84:D4:7E:06:4F:F0,eduroam,35,1104.407121181488,B2-01,1,5
1354,84:D4:7E:06:4F:F1,PoliSemFio,35,1104.407121181488,B2-01,1,5
1355,C4:6E:1F:AF:1B:AA,LPROT_Devices,15,1104.407121181488,B2-01,1,5
1356,DC:9F:DB:1C:1F:D7,LWN-3,15,1104.407121181488,B2-01,1,5
1357,DE:9F:DB:1C:1F:E0,LARC Guest,30,1104.407121181488,B2-01,1,5
1358,F8:1A:67:99:55:8E,NUCLEAR_CHF,45,1104.407121181488,B2-01,1,5
1359,FE:9F:DB:1C:1F:E0,,29,1104.407121181488,B2-01,1,5
1360,00:18:E7:FF:8C:98,dlink,30,1110.7126185894012,B2-01,1,5
1361,00:18:E7:FF:8C:9A,dlink_media,10,1110.7126185894012,B2-01,1,5
1362,00:21:91:70:9D:EC,LAB-DIDATICO,37,1110.7126185894012,B2-01,1,5
1363,0C:80:63:80:96:1B,C2D,10,1110.7126185894012,B2-01,1,5
1364,34:60:F9:A3:D9:13,GASWIFI-5G_C2,22,1110.7126185894012,B2-01,1,5
1365,34:60:F9:A3:D9:14,GASWIFI-2G_C2,30,1110.7126185894012,B2-01,1,5
1366,34:CE:00:51:3E:6F,Lab,42,1110.7126185894012,B2-01,1,5
1367,34:CE:00:51:3E:70,Lab_5G,10,1110.7126185894012,B2-01,1,5
1368,3A:60:F9:A3:D9:14,,29,1110.7126185894012,B2-01,1,5
1369,48:00:20:34:D2:40,eduroam,34,1110.7126185894012,B2-01,1,5
1370,54:B8:0A:AA:2C:8C,LAB_DIGITAL,45,1110.7126185894012,B2-01,1,5
1371,54:B8:0A:AA:2C:8D,PCS-Wireless,49,1110.7126185894012,B2-01,1,5
1372,54:B8:0A:AA:2C:8E,LAB_DIGITAL-5GHz,14,1110.7126185894012,B2-01,1,5
1373,54:B8:0A:AA:2C:8F,PCS-Wireless-5GHz,14,1110.7126185894012,B2-01,1,5
1374,54:F0:B1:A1:18:C0,eduroam,37,1110.7126185894012,B2-01,1,5
1375,54:F0:B1:A1:18:C1,PoliSemFio,35,1110.7126185894012,B2-01,1,5
1376,54:F0:B1:A1:18:C2,,39,1110.7126185894012,B2-01,1,5
1377,54:F0:B1:A1:18:C3,MEZANINO,37,1110.7126185894012,B2-01,1,5
1378,54:F0:B1:A1:18:C4,GDLAB,35,1110.7126185894012,B2-01,1,5
1379,54:F0:B1:A1:18:C5,LABPAD,35,1110.7126185894012,B2-01,1,5
1380,54:F0:B1:A1:18:D0,eduroam,49,1110.7126185894012,B2-01,1,5
1381,54:F0:B1:A1:18:D1,PoliSemFio,37,1110.7126185894012,B2-01,1,5
1382,54:F0:B1:A1:18:D2,,45,1110.7126185894012,B2-01,1,5
1383,54:F0:B1:A1:18:D3,MEZANINO,40,1110.7126185894012,B2-01,1,5
1384,54:F0:B1:A1:18:D4,GDLAB,42,1110.7126185894012,B2-01,1,5
1385,54:F0:B1:A1:18:D5,LABPAD,44,1110.7126185894012,B2-01,1,5
1386,54:F0:B1:A1:57:F0,eduroam,14,1110.7126185894012,B2-01,1,5
1387,54:F0:B1:A1:57:F1,PoliSemFio,12,1110.7126185894012,B2-01,1,5
1388,54:F0:B1:A1:58:00,eduroam,30,1110.7126185894012,B2-01,1,5
1389,54:F0:B1:A1:58:01,PoliSemFio,29,1110.7126185894012,B2-01,1,5
1390,54:F0:B1:A1:58:02,,29,1110.7126185894012,B2-01,1,5
1391,54:F0:B1:A1:E4:F0,eduroam,22,1110.7126185894012,B2-01,1,5
1392,54:F0:B1:A1:E4:F1,PoliSemFio,22,1110.7126185894012,B2-01,1,5
1393,54:F0:B1:A1:E4:F2,,12,1110.7126185894012,B2-01,1,5
1394,54:F0:B1:A1:E5:00,eduroam,24,1110.7126185894012,B2-01,1,5
1395,54:F0:B1:A1:E5:01,PoliSemFio,42,1110.7126185894012,B2-01,1,5
1396,54:F0:B1:A1:E5:02,,42,1110.7126185894012,B2-01,1,5
1397,54:F0:B1:A2:57:20,eduroam,19,1110.7126185894012,B2-01,1,5
1398,54:F0:B1:A2:57:21,PoliSemFio,17,1110.7126185894012,B2-01,1,5
1399,54:F0:B1:A2:57:22,,19,1110.7126185894012,B2-01,1,5
1400,54:F0:B1:A2:57:23,LCA,19,1110.7126185894012,B2-01,1,5
1401,54:F0:B1:A2:57:31,PoliSemFio,42,1110.7126185894012,B2-01,1,5
1402,54:F0:B1:A2:57:32,,42,1110.7126185894012,B2-01,1,5
1403,54:F0:B1:A2:57:33,LCA,32,1110.7126185894012,B2-01,1,5
1404,54:F0:B1:BB:58:A0,eduroam,14,1110.7126185894012,B2-01,1,5
1405,54:F0:B1:BB:58:A3,CAEEL,9,1110.7126185894012,B2-01,1,5
1406,54:F0:B1:BB:5A:82,HACKER,27,1110.7126185894012,B2-01,1,5
1407,54:F0:B1:BB:5A:83,LEP,10,1110.7126185894012,B2-01,1,5
1408,54:F0:B1:BB:63:80,LTE,5,1110.7126185894012,B2-01,1,5
1409,54:F0:B1:BB:80:C2,,22,1110.7126185894012,B2-01,1,5
1410,54:F0:B1:BB:80:C3,LABPROG,17,1110.7126185894012,B2-01,1,5
1411,54:F0:B1:BB:84:B0,eduroam,20,1110.7126185894012,B2-01,1,5
1412,54:F0:B1:BB:84:B1,PoliSemFio,32,1110.7126185894012,B2-01,1,5
1413,54:F0:B1:BB:84:B2,,27,1110.7126185894012,B2-01,1,5
1414,54:F0:B1:BB:84:D0,eduroam,10,1110.7126185894012,B2-01,1,5
1415,54:F0:B1:BB:84:D1,PoliSemFio,20,1110.7126185894012,B2-01,1,5
1416,54:F0:B1:BB:92:C0,eduroam,39,1110.7126185894012,B2-01,1,5
1417,54:F0:B1:BB:92:C1,PoliSemFio,29,1110.7126185894012,B2-01,1,5
1418,54:F0:B1:BB:92:C2,,37,1110.7126185894012,B2-01,1,5
1419,54:F0:B1:BB:92:E0,eduroam,15,1110.7126185894012,B2-01,1,5
1420,54:F0:B1:BB:92:E1,PoliSemFio,15,1110.7126185894012,B2-01,1,5
1421,54:F0:B1:BB:BC:00,eduroam,9,1110.7126185894012,B2-01,1,5
1422,54:F0:B1:BB:BE:13,CAEEL,19,1110.7126185894012,B2-01,1,5
1423,54:F0:B1:BB:C4:D0,eduroam,22,1110.7126185894012,B2-01,1,5
1424,54:F0:B1:BB:C4:D1,PoliSemFio,44,1110.7126185894012,B2-01,1,5
1425,54:F0:B1:BB:C4:D2,,44,1110.7126185894012,B2-01,1,5
1426,54:F0:B1:BB:C4:F0,eduroam,19,1110.7126185894012,B2-01,1,5
1427,54:F0:B1:BB:C4:F1,PoliSemFio,19,1110.7126185894012,B2-01,1,5
1428,54:F0:B1:BB:C5:C2,,27,1110.7126185894012,B2-01,1,5
1429,54:F0:B1:BB:C5:C3,MEZANINO,32,1110.7126185894012,B2-01,1,5
1430,54:F0:B1:BB:C5:C4,GDLAB,32,1110.7126185894012,B2-01,1,5
1431,54:F0:B1:BB:C5:C5,LABPAD,34,1110.7126185894012,B2-01,1,5
1432,54:F0:B1:BB:C5:E3,MEZANINO,9,1110.7126185894012,B2-01,1,5
1433,54:F0:B1:BB:CC:E0,B209,12,1110.7126185894012,B2-01,1,5
1434,54:F0:B1:BB:CC:E2,,24,1110.7126185894012,B2-01,1,5
1435,54:F0:B1:BB:CC:E3,eduroam,14,1110.7126185894012,B2-01,1,5
1436,54:F0:B1:BB:D1:92,LTE,19,1110.7126185894012,B2-01,1,5
1437,54:F0:B1:BB:FD:D0,eduroam,20,1110.7126185894012,B2-01,1,5
1438,54:F0:B1:BB:FD:D1,PoliSemFio,20,1110.7126185894012,B2-01,1,5
1439,54:F0:B1:BB:FD:D2,,25,1110.7126185894012,B2-01,1,5
1440,54:F0:B1:BC:09:40,eduroam,65,1110.7126185894012,B2-01,1,5
1441,54:F0:B1:BC:09:41,PoliSemFio,84,1110.7126185894012,B2-01,1,5
1442,54:F0:B1:BC:09:42,,87,1110.7126185894012,B2-01,1,5
1443,54:F0:B1:BC:09:60,eduroam,59,1110.7126185894012,B2-01,1,5
1444,54:F0:B1:BC:09:61,PoliSemFio,59,1110.7126185894012,B2-01,1,5
1445,54:F0:B1:BC:1B:D2,,37,1110.7126185894012,B2-01,1,5
1446,54:F0:B1:BC:2E:B0,eduroam,15,1110.7126185894012,B2-01,1,5
1447,54:F0:B1:BC:2E:B1,PoliSemFio,15,1110.7126185894012,B2-01,1,5
1448,54:F0:B1:BC:3F:12,,19,1110.7126185894012,B2-01,1,5
1449,54:F0:B1:BC:65:D0,eduroam,15,1110.7126185894012,B2-01,1,5
1450,54:F0:B1:BC:65:D1,PoliSemFio,15,1110.7126185894012,B2-01,1,5
1451,54:F0:B1:BC:65:D2,,14,1110.7126185894012,B2-01,1,5
1452,54:F0:B1:BC:6B:50,eduroam,30,1110.7126185894012,B2-01,1,5
1453,54:F0:B1:BC:6F:70,eduroam,25,1110.7126185894012,B2-01,1,5
1454,54:F0:B1:BC:6F:71,PoliSemFio,29,1110.7126185894012,B2-01,1,5
1455,54:F0:B1:BC:6F:72,,25,1110.7126185894012,B2-01,1,5
1456,54:F0:B1:BC:70:00,eduroam,27,1110.7126185894012,B2-01,1,5
1457,54:F0:B1:BC:70:01,PoliSemFio,39,1110.7126185894012,B2-01,1,5
1458,54:F0:B1:BC:70:20,eduroam,14,1110.7126185894012,B2-01,1,5
1459,54:F0:B1:BC:70:21,PoliSemFio,14,1110.7126185894012,B2-01,1,5
1460,54:F0:B1:BC:76:C0,eduroam,20,1110.7126185894012,B2-01,1,5
1461,54:F0:B1:BC:77:80,eduroam,57,1110.7126185894012,B2-01,1,5
1462,54:F0:B1:BC:77:81,PoliSemFio,52,1110.7126185894012,B2-01,1,5
1463,54:F0:B1:BC:77:82,,52,1110.7126185894012,B2-01,1,5
1464,54:F0:B1:BC:77:A0,eduroam,25,1110.7126185894012,B2-01,1,5
1465,54:F0:B1:BC:77:A1,PoliSemFio,27,1110.7126185894012,B2-01,1,5
1466,54:F0:B1:BC:77:A2,,47,1110.7126185894012,B2-01,1,5
1467,54:F0:B1:BC:7C:90,eduroam,24,1110.7126185894012,B2-01,1,5
1468,54:F0:B1:BC:7C:B0,eduroam,22,1110.7126185894012,B2-01,1,5
1469,54:F0:B1:BC:7C:B1,PoliSemFio,24,1110.7126185894012,B2-01,1,5
1470,54:F0:B1:BC:7C:B2,,24,1110.7126185894012,B2-01,1,5
1471,54:F0:B1:BC:8F:20,eduroam,40,1110.7126185894012,B2-01,1,5
1472,54:F0:B1:BC:8F:22,,35,1110.7126185894012,B2-01,1,5
1473,54:F0:B1:BC:8F:40,eduroam,15,1110.7126185894012,B2-01,1,5
1474,54:F0:B1:BC:8F:41,PoliSemFio,14,1110.7126185894012,B2-01,1,5
1475,54:F0:B1:BC:8F:42,,12,1110.7126185894012,B2-01,1,5
1476,68:FF:7B:47:78:BD,C1-22M-5G,17,1110.7126185894012,B2-01,1,5
1477,68:FF:7B:47:78:BE,C1-22M,52,1110.7126185894012,B2-01,1,5
1478,70:62:B8:6E:72:A0,PCS-wireless-C1-13,20,1110.7126185894012,B2-01,1,5
1479,70:62:B8:6E:72:A1,PPGEE,57,1110.7126185894012,B2-01,1,5
1480,84:D4:7E:06:4F:E0,eduroam,55,1110.7126185894012,B2-01,1,5
1481,84:D4:7E:06:4F:E1,PoliSemFio,77,1110.7126185894012,B2-01,1,5
1482,84:D4:7E:06:4F:E2,,77,1110.7126185894012,B2-01,1,5
1483,84:D4:7E:06:4F:F0,eduroam,30,1110.7126185894012,B2-01,1,5
1484,84:D4:7E:06:4F:F1,PoliSemFio,30,1110.7126185894012,B2-01,1,5
1485,B6:4E:26:4B:84:C2,C2-01-Guest,20,1110.7126185894012,B2-01,1,5
1486,C4:6E:1F:AF:1B:AA,LPROT_Devices,15,1110.7126185894012,B2-01,1,5
1487,DC:9F:DB:1C:1F:D7,LWN-3,15,1110.7126185894012,B2-01,1,5
1488,F8:1A:67:99:55:8E,NUCLEAR_CHF,45,1110.7126185894012,B2-01,1,5
1489,00:18:E7:FF:8C:98,dlink,30,1116.9982318878174,B2-01,1,5
1490,00:18:E7:FF:8C:9A,dlink_media,10,1116.9982318878174,B2-01,1,5
1491,00:21:91:70:9D:EC,LAB-DIDATICO,37,1116.9982318878174,B2-01,1,5
1492,0C:80:63:80:96:1B,C2D,10,1116.9982318878174,B2-01,1,5
1493,34:60:F9:A3:D9:13,GASWIFI-5G_C2,22,1116.9982318878174,B2-01,1,5
1494,34:60:F9:A3:D9:14,GASWIFI-2G_C2,30,1116.9982318878174,B2-01,1,5
1495,34:CE:00:51:3E:6F,Lab,42,1116.9982318878174,B2-01,1,5
1496,34:CE:00:51:3E:70,Lab_5G,10,1116.9982318878174,B2-01,1,5
1497,3A:60:F9:A3:D9:14,,29,1116.9982318878174,B2-01,1,5
1498,48:00:20:34:D2:40,eduroam,34,1116.9982318878174,B2-01,1,5
1499,54:B8:0A:AA:2C:8C,LAB_DIGITAL,45,1116.9982318878174,B2-01,1,5
1500,54:B8:0A:AA:2C:8D,PCS-Wireless,49,1116.9982318878174,B2-01,1,5
1501,54:B8:0A:AA:2C:8E,LAB_DIGITAL-5GHz,14,1116.9982318878174,B2-01,1,5
1502,54:B8:0A:AA:2C:8F,PCS-Wireless-5GHz,14,1116.9982318878174,B2-01,1,5
1503,54:F0:B1:A1:18:C0,eduroam,37,1116.9982318878174,B2-01,1,5
1504,54:F0:B1:A1:18:C1,PoliSemFio,35,1116.9982318878174,B2-01,1,5
1505,54:F0:B1:A1:18:C2,,39,1116.9982318878174,B2-01,1,5
1506,54:F0:B1:A1:18:C3,MEZANINO,37,1116.9982318878174,B2-01,1,5
1507,54:F0:B1:A1:18:C4,GDLAB,35,1116.9982318878174,B2-01,1,5
1508,54:F0:B1:A1:18:C5,LABPAD,35,1116.9982318878174,B2-01,1,5
1509,54:F0:B1:A1:18:D0,eduroam,49,1116.9982318878174,B2-01,1,5
1510,54:F0:B1:A1:18:D1,PoliSemFio,37,1116.9982318878174,B2-01,1,5
1511,54:F0:B1:A1:18:D2,,45,1116.9982318878174,B2-01,1,5
1512,54:F0:B1:A1:18:D3,MEZANINO,40,1116.9982318878174,B2-01,1,5
1513,54:F0:B1:A1:18:D4,GDLAB,42,1116.9982318878174,B2-01,1,5
1514,54:F0:B1:A1:18:D5,LABPAD,44,1116.9982318878174,B2-01,1,5
1515,54:F0:B1:A1:57:F0,eduroam,14,1116.9982318878174,B2-01,1,5
1516,54:F0:B1:A1:57:F1,PoliSemFio,12,1116.9982318878174,B2-01,1,5
1517,54:F0:B1:A1:58:00,eduroam,30,1116.9982318878174,B2-01,1,5
1518,54:F0:B1:A1:58:01,PoliSemFio,29,1116.9982318878174,B2-01,1,5
1519,54:F0:B1:A1:58:02,,29,1116.9982318878174,B2-01,1,5
1520,54:F0:B1:A1:E4:F0,eduroam,22,1116.9982318878174,B2-01,1,5
1521,54:F0:B1:A1:E4:F1,PoliSemFio,22,1116.9982318878174,B2-01,1,5
1522,54:F0:B1:A1:E4:F2,,12,1116.9982318878174,B2-01,1,5
1523,54:F0:B1:A1:E5:00,eduroam,24,1116.9982318878174,B2-01,1,5
1524,54:F0:B1:A1:E5:01,PoliSemFio,42,1116.9982318878174,B2-01,1,5
1525,54:F0:B1:A1:E5:02,,42,1116.9982318878174,B2-01,1,5
1526,54:F0:B1:A2:57:20,eduroam,19,1116.9982318878174,B2-01,1,5
1527,54:F0:B1:A2:57:21,PoliSemFio,17,1116.9982318878174,B2-01,1,5
1528,54:F0:B1:A2:57:22,,19,1116.9982318878174,B2-01,1,5
1529,54:F0:B1:A2:57:23,LCA,19,1116.9982318878174,B2-01,1,5
1530,54:F0:B1:A2:57:31,PoliSemFio,42,1116.9982318878174,B2-01,1,5
1531,54:F0:B1:A2:57:32,,42,1116.9982318878174,B2-01,1,5
1532,54:F0:B1:A2:57:33,LCA,32,1116.9982318878174,B2-01,1,5
1533,54:F0:B1:BB:58:A0,eduroam,14,1116.9982318878174,B2-01,1,5
1534,54:F0:B1:BB:58:A3,CAEEL,9,1116.9982318878174,B2-01,1,5
1535,54:F0:B1:BB:5A:82,HACKER,27,1116.9982318878174,B2-01,1,5
1536,54:F0:B1:BB:5A:83,LEP,10,1116.9982318878174,B2-01,1,5
1537,54:F0:B1:BB:63:80,LTE,5,1116.9982318878174,B2-01,1,5
1538,54:F0:B1:BB:80:C2,,22,1116.9982318878174,B2-01,1,5
1539,54:F0:B1:BB:80:C3,LABPROG,17,1116.9982318878174,B2-01,1,5
1540,54:F0:B1:BB:84:B0,eduroam,20,1116.9982318878174,B2-01,1,5
1541,54:F0:B1:BB:84:B1,PoliSemFio,32,1116.9982318878174,B2-01,1,5
1542,54:F0:B1:BB:84:B2,,27,1116.9982318878174,B2-01,1,5
1543,54:F0:B1:BB:84:D0,eduroam,10,1116.9982318878174,B2-01,1,5
1544,54:F0:B1:BB:84:D1,PoliSemFio,20,1116.9982318878174,B2-01,1,5
1545,54:F0:B1:BB:92:C0,eduroam,39,1116.9982318878174,B2-01,1,5
1546,54:F0:B1:BB:92:C1,PoliSemFio,29,1116.9982318878174,B2-01,1,5
1547,54:F0:B1:BB:92:C2,,37,1116.9982318878174,B2-01,1,5
1548,54:F0:B1:BB:92:E0,eduroam,15,1116.9982318878174,B2-01,1,5
1549,54:F0:B1:BB:92:E1,PoliSemFio,15,1116.9982318878174,B2-01,1,5
1550,54:F0:B1:BB:BC:00,eduroam,9,1116.9982318878174,B2-01,1,5
1551,54:F0:B1:BB:BE:13,CAEEL,19,1116.9982318878174,B2-01,1,5
1552,54:F0:B1:BB:C4:D0,eduroam,22,1116.9982318878174,B2-01,1,5
1553,54:F0:B1:BB:C4:D1,PoliSemFio,44,1116.9982318878174,B2-01,1,5
1554,54:F0:B1:BB:C4:D2,,44,1116.9982318878174,B2-01,1,5
1555,54:F0:B1:BB:C4:F0,eduroam,19,1116.9982318878174,B2-01,1,5
1556,54:F0:B1:BB:C4:F1,PoliSemFio,19,1116.9982318878174,B2-01,1,5
1557,54:F0:B1:BB:C5:C2,,27,1116.9982318878174,B2-01,1,5
1558,54:F0:B1:BB:C5:C3,MEZANINO,32,1116.9982318878174,B2-01,1,5
1559,54:F0:B1:BB:C5:C4,GDLAB,32,1116.9982318878174,B2-01,1,5
1560,54:F0:B1:BB:C5:C5,LABPAD,34,1116.9982318878174,B2-01,1,5
1561,54:F0:B1:BB:C5:E3,MEZANINO,9,1116.9982318878174,B2-01,1,5
1562,54:F0:B1:BB:CC:E0,B209,12,1116.9982318878174,B2-01,1,5
1563,54:F0:B1:BB:CC:E2,,24,1116.9982318878174,B2-01,1,5
1564,54:F0:B1:BB:CC:E3,eduroam,14,1116.9982318878174,B2-01,1,5
1565,54:F0:B1:BB:D1:92,LTE,19,1116.9982318878174,B2-01,1,5
1566,54:F0:B1:BB:FD:D0,eduroam,20,1116.9982318878174,B2-01,1,5
1567,54:F0:B1:BB:FD:D1,PoliSemFio,20,1116.9982318878174,B2-01,1,5
1568,54:F0:B1:BB:FD:D2,,25,1116.9982318878174,B2-01,1,5
1569,54:F0:B1:BC:09:40,eduroam,65,1116.9982318878174,B2-01,1,5
1570,54:F0:B1:BC:09:41,PoliSemFio,84,1116.9982318878174,B2-01,1,5
1571,54:F0:B1:BC:09:42,,87,1116.9982318878174,B2-01,1,5
1572,54:F0:B1:BC:09:60,eduroam,51,1116.9982318878174,B2-01,1,5
1573,54:F0:B1:BC:09:61,PoliSemFio,59,1116.9982318878174,B2-01,1,5
1574,54:F0:B1:BC:1B:D2,,37,1116.9982318878174,B2-01,1,5
1575,54:F0:B1:BC:2E:B0,eduroam,15,1116.9982318878174,B2-01,1,5
1576,54:F0:B1:BC:2E:B1,PoliSemFio,15,1116.9982318878174,B2-01,1,5
1577,54:F0:B1:BC:3F:12,,19,1116.9982318878174,B2-01,1,5
1578,54:F0:B1:BC:65:D0,eduroam,15,1116.9982318878174,B2-01,1,5
1579,54:F0:B1:BC:65:D1,PoliSemFio,15,1116.9982318878174,B2-01,1,5
1580,54:F0:B1:BC:65:D2,,14,1116.9982318878174,B2-01,1,5
1581,54:F0:B1:BC:6B:50,eduroam,30,1116.9982318878174,B2-01,1,5
1582,54:F0:B1:BC:6F:70,eduroam,25,1116.9982318878174,B2-01,1,5
1583,54:F0:B1:BC:6F:71,PoliSemFio,29,1116.9982318878174,B2-01,1,5
1584,54:F0:B1:BC:6F:72,,25,1116.9982318878174,B2-01,1,5
1585,54:F0:B1:BC:70:00,eduroam,27,1116.9982318878174,B2-01,1,5
1586,54:F0:B1:BC:70:01,PoliSemFio,39,1116.9982318878174,B2-01,1,5
1587,54:F0:B1:BC:70:20,eduroam,14,1116.9982318878174,B2-01,1,5
1588,54:F0:B1:BC:70:21,PoliSemFio,14,1116.9982318878174,B2-01,1,5
1589,54:F0:B1:BC:76:C0,eduroam,20,1116.9982318878174,B2-01,1,5
1590,54:F0:B1:BC:77:80,eduroam,57,1116.9982318878174,B2-01,1,5
1591,54:F0:B1:BC:77:81,PoliSemFio,52,1116.9982318878174,B2-01,1,5
1592,54:F0:B1:BC:77:82,,52,1116.9982318878174,B2-01,1,5
1593,54:F0:B1:BC:77:A0,eduroam,25,1116.9982318878174,B2-01,1,5
1594,54:F0:B1:BC:77:A1,PoliSemFio,27,1116.9982318878174,B2-01,1,5
1595,54:F0:B1:BC:77:A2,,47,1116.9982318878174,B2-01,1,5
1596,54:F0:B1:BC:7C:90,eduroam,24,1116.9982318878174,B2-01,1,5
1597,54:F0:B1:BC:7C:B0,eduroam,22,1116.9982318878174,B2-01,1,5
1598,54:F0:B1:BC:7C:B1,PoliSemFio,24,1116.9982318878174,B2-01,1,5
1599,54:F0:B1:BC:7C:B2,,24,1116.9982318878174,B2-01,1,5
1600,54:F0:B1:BC:8F:20,eduroam,40,1116.9982318878174,B2-01,1,5
1601,54:F0:B1:BC:8F:22,,35,1116.9982318878174,B2-01,1,5
1602,54:F0:B1:BC:8F:40,eduroam,15,1116.9982318878174,B2-01,1,5
1603,54:F0:B1:BC:8F:41,PoliSemFio,14,1116.9982318878174,B2-01,1,5
1604,54:F0:B1:BC:8F:42,,12,1116.9982318878174,B2-01,1,5
1605,68:FF:7B:47:78:BD,C1-22M-5G,17,1116.9982318878174,B2-01,1,5
1606,68:FF:7B:47:78:BE,C1-22M,52,1116.9982318878174,B2-01,1,5
1607,70:62:B8:6E:72:A0,PCS-wireless-C1-13,20,1116.9982318878174,B2-01,1,5
1608,70:62:B8:6E:72:A1,PPGEE,57,1116.9982318878174,B2-01,1,5
1609,84:D4:7E:06:4F:E0,eduroam,55,1116.9982318878174,B2-01,1,5
1610,84:D4:7E:06:4F:E1,PoliSemFio,77,1116.9982318878174,B2-01,1,5
1611,84:D4:7E:06:4F:E2,,77,1116.9982318878174,B2-01,1,5
1612,84:D4:7E:06:4F:F0,eduroam,30,1116.9982318878174,B2-01,1,5
1613,84:D4:7E:06:4F:F1,PoliSemFio,30,1116.9982318878174,B2-01,1,5
1614,B6:4E:26:4B:84:C2,C2-01-Guest,20,1116.9982318878174,B2-01,1,5
1615,C4:6E:1F:AF:1B:AA,LPROT_Devices,15,1116.9982318878174,B2-01,1,5
1616,DC:9F:DB:1C:1F:D7,LWN-3,15,1116.9982318878174,B2-01,1,5
1617,F8:1A:67:99:55:8E,NUCLEAR_CHF,45,1116.9982318878174,B2-01,1,5
1618,00:18:E7:FF:8C:98,dlink,30,1119.6333270072937,B2-01,1,5
1619,00:18:E7:FF:8C:9A,dlink_media,10,1119.6333270072937,B2-01,1,5
1620,00:21:91:70:9D:EC,LAB-DIDATICO,37,1119.6333270072937,B2-01,1,5
1621,0C:80:63:80:96:1B,C2D,10,1119.6333270072937,B2-01,1,5
1622,34:60:F9:A3:D9:13,GASWIFI-5G_C2,22,1119.6333270072937,B2-01,1,5
1623,34:60:F9:A3:D9:14,GASWIFI-2G_C2,12,1119.6333270072937,B2-01,1,5
1624,34:CE:00:51:3E:6F,Lab,44,1119.6333270072937,B2-01,1,5
1625,34:CE:00:51:3E:70,Lab_5G,10,1119.6333270072937,B2-01,1,5
1626,3A:60:F9:A3:D9:14,,29,1119.6333270072937,B2-01,1,5
1627,48:00:20:34:D2:40,eduroam,32,1119.6333270072937,B2-01,1,5
1628,54:B8:0A:AA:2C:8C,LAB_DIGITAL,45,1119.6333270072937,B2-01,1,5
1629,54:B8:0A:AA:2C:8D,PCS-Wireless,49,1119.6333270072937,B2-01,1,5
1630,54:B8:0A:AA:2C:8E,LAB_DIGITAL-5GHz,14,1119.6333270072937,B2-01,1,5
1631,54:B8:0A:AA:2C:8F,PCS-Wireless-5GHz,14,1119.6333270072937,B2-01,1,5
1632,54:F0:B1:A1:18:C0,eduroam,44,1119.6333270072937,B2-01,1,5
1633,54:F0:B1:A1:18:C1,PoliSemFio,44,1119.6333270072937,B2-01,1,5
1634,54:F0:B1:A1:18:C2,,39,1119.6333270072937,B2-01,1,5
1635,54:F0:B1:A1:18:C3,MEZANINO,44,1119.6333270072937,B2-01,1,5
1636,54:F0:B1:A1:18:C4,GDLAB,44,1119.6333270072937,B2-01,1,5
1637,54:F0:B1:A1:18:C5,LABPAD,44,1119.6333270072937,B2-01,1,5
1638,54:F0:B1:A1:18:D0,eduroam,55,1119.6333270072937,B2-01,1,5
1639,54:F0:B1:A1:18:D2,,54,1119.6333270072937,B2-01,1,5
1640,54:F0:B1:A1:18:D3,MEZANINO,50,1119.6333270072937,B2-01,1,5
1641,54:F0:B1:A1:18:D4,GDLAB,42,1119.6333270072937,B2-01,1,5
1642,54:F0:B1:A1:18:D5,LABPAD,52,1119.6333270072937,B2-01,1,5
1643,54:F0:B1:A1:57:F0,eduroam,19,1119.6333270072937,B2-01,1,5
1644,54:F0:B1:A1:57:F1,PoliSemFio,19,1119.6333270072937,B2-01,1,5
1645,54:F0:B1:A1:58:00,eduroam,30,1119.6333270072937,B2-01,1,5
1646,54:F0:B1:A1:58:01,PoliSemFio,29,1119.6333270072937,B2-01,1,5
1647,54:F0:B1:A1:58:02,,25,1119.6333270072937,B2-01,1,5
1648,54:F0:B1:A1:E4:F0,eduroam,22,1119.6333270072937,B2-01,1,5
1649,54:F0:B1:A1:E4:F1,PoliSemFio,22,1119.6333270072937,B2-01,1,5
1650,54:F0:B1:A1:E4:F2,,12,1119.6333270072937,B2-01,1,5
1651,54:F0:B1:A1:E5:00,eduroam,27,1119.6333270072937,B2-01,1,5
1652,54:F0:B1:A1:E5:01,PoliSemFio,37,1119.6333270072937,B2-01,1,5
1653,54:F0:B1:A1:E5:02,,37,1119.6333270072937,B2-01,1,5
1654,54:F0:B1:A2:57:20,eduroam,22,1119.6333270072937,B2-01,1,5
1655,54:F0:B1:A2:57:21,PoliSemFio,22,1119.6333270072937,B2-01,1,5
1656,54:F0:B1:A2:57:22,,19,1119.6333270072937,B2-01,1,5
1657,54:F0:B1:A2:57:23,LCA,20,1119.6333270072937,B2-01,1,5
1658,54:F0:B1:A2:57:30,eduroam,44,1119.6333270072937,B2-01,1,5
1659,54:F0:B1:A2:57:31,PoliSemFio,42,1119.6333270072937,B2-01,1,5
1660,54:F0:B1:A2:57:32,,44,1119.6333270072937,B2-01,1,5
1661,54:F0:B1:A2:57:33,LCA,44,1119.6333270072937,B2-01,1,5
1662,54:F0:B1:BB:58:A0,eduroam,14,1119.6333270072937,B2-01,1,5
1663,54:F0:B1:BB:58:A3,CAEEL,9,1119.6333270072937,B2-01,1,5
1664,54:F0:B1:BB:5A:82,HACKER,27,1119.6333270072937,B2-01,1,5
1665,54:F0:B1:BB:5A:83,LEP,10,1119.6333270072937,B2-01,1,5
1666,54:F0:B1:BB:63:80,LTE,5,1119.6333270072937,B2-01,1,5
1667,54:F0:B1:BB:63:81,eduroam,10,1119.6333270072937,B2-01,1,5
1668,54:F0:B1:BB:7E:E0,eduroam,19,1119.6333270072937,B2-01,1,5
1669,54:F0:B1:BB:80:C2,,22,1119.6333270072937,B2-01,1,5
1670,54:F0:B1:BB:80:C3,LABPROG,17,1119.6333270072937,B2-01,1,5
1671,54:F0:B1:BB:84:B0,eduroam,20,1119.6333270072937,B2-01,1,5
1672,54:F0:B1:BB:84:B1,PoliSemFio,25,1119.6333270072937,B2-01,1,5
1673,54:F0:B1:BB:84:B2,,27,1119.6333270072937,B2-01,1,5
1674,54:F0:B1:BB:84:D0,eduroam,10,1119.6333270072937,B2-01,1,5
1675,54:F0:B1:BB:84:D1,PoliSemFio,20,1119.6333270072937,B2-01,1,5
1676,54:F0:B1:BB:92:C0,eduroam,39,1119.6333270072937,B2-01,1,5
1677,54:F0:B1:BB:92:C1,PoliSemFio,42,1119.6333270072937,B2-01,1,5
1678,54:F0:B1:BB:92:C2,,42,1119.6333270072937,B2-01,1,5
1679,54:F0:B1:BB:92:E0,eduroam,15,1119.6333270072937,B2-01,1,5
1680,54:F0:B1:BB:92:E1,PoliSemFio,15,1119.6333270072937,B2-01,1,5
1681,54:F0:B1:BB:A1:60,eduroam,10,1119.6333270072937,B2-01,1,5
1682,54:F0:B1:BB:BC:00,eduroam,9,1119.6333270072937,B2-01,1,5
1683,54:F0:B1:BB:BC:03,CAEEL,14,1119.6333270072937,B2-01,1,5
1684,54:F0:B1:BB:BE:13,CAEEL,19,1119.6333270072937,B2-01,1,5
1685,54:F0:B1:BB:C4:D0,eduroam,45,1119.6333270072937,B2-01,1,5
1686,54:F0:B1:BB:C4:D1,PoliSemFio,44,1119.6333270072937,B2-01,1,5
1687,54:F0:B1:BB:C4:D2,,44,1119.6333270072937,B2-01,1,5
1688,54:F0:B1:BB:C4:F0,eduroam,27,1119.6333270072937,B2-01,1,5
1689,54:F0:B1:BB:C4:F1,PoliSemFio,29,1119.6333270072937,B2-01,1,5
1690,54:F0:B1:BB:C5:C2,,27,1119.6333270072937,B2-01,1,5
1691,54:F0:B1:BB:C5:C3,MEZANINO,32,1119.6333270072937,B2-01,1,5
1692,54:F0:B1:BB:C5:C4,GDLAB,40,1119.6333270072937,B2-01,1,5
1693,54:F0:B1:BB:C5:C5,LABPAD,40,1119.6333270072937,B2-01,1,5
1694,54:F0:B1:BB:C5:E3,MEZANINO,9,1119.6333270072937,B2-01,1,5
1695,54:F0:B1:BB:CC:E0,B209,15,1119.6333270072937,B2-01,1,5
1696,54:F0:B1:BB:CC:E1,PoliSemFio,20,1119.6333270072937,B2-01,1,5
1697,54:F0:B1:BB:CC:E2,,24,1119.6333270072937,B2-01,1,5
1698,54:F0:B1:BB:CC:E3,eduroam,17,1119.6333270072937,B2-01,1,5
1699,54:F0:B1:BB:D1:92,LTE,19,1119.6333270072937,B2-01,1,5
1700,54:F0:B1:BB:FD:D0,eduroam,12,1119.6333270072937,B2-01,1,5
1701,54:F0:B1:BB:FD:D1,PoliSemFio,20,1119.6333270072937,B2-01,1,5
1702,54:F0:B1:BB:FD:D2,,25,1119.6333270072937,B2-01,1,5
1703,54:F0:B1:BC:09:40,eduroam,65,1119.6333270072937,B2-01,1,5
1704,54:F0:B1:BC:09:41,PoliSemFio,94,1119.6333270072937,B2-01,1,5
1705,54:F0:B1:BC:09:42,,87,1119.6333270072937,B2-01,1,5
1706,54:F0:B1:BC:09:60,eduroam,61,1119.6333270072937,B2-01,1,5
1707,54:F0:B1:BC:09:61,PoliSemFio,52,1119.6333270072937,B2-01,1,5
1708,54:F0:B1:BC:1B:D1,PoliSemFio,39,1119.6333270072937,B2-01,1,5
1709,54:F0:B1:BC:1B:D2,,37,1119.6333270072937,B2-01,1,5
1710,54:F0:B1:BC:2E:B0,eduroam,25,1119.6333270072937,B2-01,1,5
1711,54:F0:B1:BC:2E:B1,PoliSemFio,27,1119.6333270072937,B2-01,1,5
1712,54:F0:B1:BC:36:10,PoliSemFio,24,1119.6333270072937,B2-01,1,5
1713,54:F0:B1:BC:36:11,eduroam,20,1119.6333270072937,B2-01,1,5
1714,54:F0:B1:BC:36:12,,22,1119.6333270072937,B2-01,1,5
1715,54:F0:B1:BC:3F:12,,19,1119.6333270072937,B2-01,1,5
1716,54:F0:B1:BC:65:D0,eduroam,15,1119.6333270072937,B2-01,1,5
1717,54:F0:B1:BC:65:D1,PoliSemFio,15,1119.6333270072937,B2-01,1,5
1718,54:F0:B1:BC:65:D2,,14,1119.6333270072937,B2-01,1,5
1719,54:F0:B1:BC:6F:70,eduroam,25,1119.6333270072937,B2-01,1,5
1720,54:F0:B1:BC:6F:71,PoliSemFio,29,1119.6333270072937,B2-01,1,5
1721,54:F0:B1:BC:6F:72,,25,1119.6333270072937,B2-01,1,5
1722,54:F0:B1:BC:70:00,eduroam,44,1119.6333270072937,B2-01,1,5
1723,54:F0:B1:BC:70:01,PoliSemFio,39,1119.6333270072937,B2-01,1,5
1724,54:F0:B1:BC:70:02,,40,1119.6333270072937,B2-01,1,5
1725,54:F0:B1:BC:70:20,eduroam,17,1119.6333270072937,B2-01,1,5
1726,54:F0:B1:BC:70:21,PoliSemFio,19,1119.6333270072937,B2-01,1,5
1727,54:F0:B1:BC:77:80,eduroam,59,1119.6333270072937,B2-01,1,5
1728,54:F0:B1:BC:77:81,PoliSemFio,52,1119.6333270072937,B2-01,1,5
1729,54:F0:B1:BC:77:82,,60,1119.6333270072937,B2-01,1,5
1730,54:F0:B1:BC:77:A0,eduroam,25,1119.6333270072937,B2-01,1,5
1731,54:F0:B1:BC:77:A1,PoliSemFio,30,1119.6333270072937,B2-01,1,5
1732,54:F0:B1:BC:77:A2,,47,1119.6333270072937,B2-01,1,5
1733,54:F0:B1:BC:7C:90,eduroam,19,1119.6333270072937,B2-01,1,5
1734,54:F0:B1:BC:7C:B0,eduroam,17,1119.6333270072937,B2-01,1,5
1735,54:F0:B1:BC:7C:B1,PoliSemFio,20,1119.6333270072937,B2-01,1,5
1736,54:F0:B1:BC:7C:B2,,24,1119.6333270072937,B2-01,1,5
1737,54:F0:B1:BC:8F:20,eduroam,40,1119.6333270072937,B2-01,1,5
1738,54:F0:B1:BC:8F:22,,27,1119.6333270072937,B2-01,1,5
1739,54:F0:B1:BC:8F:40,eduroam,15,1119.6333270072937,B2-01,1,5
1740,54:F0:B1:BC:8F:41,PoliSemFio,17,1119.6333270072937,B2-01,1,5
1741,54:F0:B1:BC:8F:42,,12,1119.6333270072937,B2-01,1,5
1742,68:FF:7B:47:78:BD,C1-22M-5G,14,1119.6333270072937,B2-01,1,5
1743,68:FF:7B:47:78:BE,C1-22M,52,1119.6333270072937,B2-01,1,5
1744,70:62:B8:6E:72:A0,PCS-wireless-C1-13,59,1119.6333270072937,B2-01,1,5
1745,70:62:B8:6E:72:A1,PPGEE,55,1119.6333270072937,B2-01,1,5
1746,84:D4:7E:06:4F:E0,eduroam,77,1119.6333270072937,B2-01,1,5
1747,84:D4:7E:06:4F:E1,PoliSemFio,79,1119.6333270072937,B2-01,1,5
1748,84:D4:7E:06:4F:E2,,79,1119.6333270072937,B2-01,1,5
1749,84:D4:7E:06:4F:F0,eduroam,55,1119.6333270072937,B2-01,1,5
1750,84:D4:7E:06:4F:F1,PoliSemFio,55,1119.6333270072937,B2-01,1,5
1751,B6:4E:26:4B:84:C2,C2-01-Guest,20,1119.6333270072937,B2-01,1,5
1752,DC:9F:DB:1C:1F:D7,LWN-3,15,1119.6333270072937,B2-01,1,5
1753,DE:9F:DB:1C:1F:E0,LARC Guest,34,1119.6333270072937,B2-01,1,5
1754,EE:9F:DB:1C:1F:E0,,34,1119.6333270072937,B2-01,1,5
1755,F8:1A:67:99:55:8E,NUCLEAR_CHF,32,1119.6333270072937,B2-01,1,5
1756,00:18:E7:FF:8C:98,dlink,30,1129.5893878936768,B2-01,1,5
1757,00:18:E7:FF:8C:9A,dlink_media,10,1129.5893878936768,B2-01,1,5
1758,34:60:F9:A3:D9:13,GASWIFI-5G_C2,19,1129.5893878936768,B2-01,1,5
1759,34:60:F9:A3:D9:14,GASWIFI-2G_C2,12,1129.5893878936768,B2-01,1,5
1760,34:CE:00:51:3E:6F,Lab,32,1129.5893878936768,B2-01,1,5
1761,34:CE:00:51:3E:70,Lab_5G,14,1129.5893878936768,B2-01,1,5
1762,48:00:20:34:D2:40,eduroam,32,1129.5893878936768,B2-01,1,5
1763,54:B8:0A:AA:2C:8C,LAB_DIGITAL,29,1129.5893878936768,B2-01,1,5
1764,54:B8:0A:AA:2C:8D,PCS-Wireless,34,1129.5893878936768,B2-01,1,5
1765,54:B8:0A:AA:2C:8E,LAB_DIGITAL-5GHz,14,1129.5893878936768,B2-01,1,5
1766,54:B8:0A:AA:2C:8F,PCS-Wireless-5GHz,14,1129.5893878936768,B2-01,1,5
1767,54:F0:B1:A1:18:C0,eduroam,32,1129.5893878936768,B2-01,1,5
1768,54:F0:B1:A1:18:C1,PoliSemFio,32,1129.5893878936768,B2-01,1,5
1769,54:F0:B1:A1:18:C3,MEZANINO,32,1129.5893878936768,B2-01,1,5
1770,54:F0:B1:A1:18:C4,GDLAB,34,1129.5893878936768,B2-01,1,5
1771,54:F0:B1:A1:18:C5,LABPAD,34,1129.5893878936768,B2-01,1,5
1772,54:F0:B1:A1:18:D0,eduroam,55,1129.5893878936768,B2-01,1,5
1773,54:F0:B1:A1:18:D2,,47,1129.5893878936768,B2-01,1,5
1774,54:F0:B1:A1:18:D3,MEZANINO,42,1129.5893878936768,B2-01,1,5
1775,54:F0:B1:A1:18:D4,GDLAB,45,1129.5893878936768,B2-01,1,5
1776,54:F0:B1:A1:18:D5,LABPAD,52,1129.5893878936768,B2-01,1,5
1777,54:F0:B1:A1:57:F0,eduroam,19,1129.5893878936768,B2-01,1,5
1778,54:F0:B1:A1:57:F1,PoliSemFio,19,1129.5893878936768,B2-01,1,5
1779,54:F0:B1:A1:58:00,eduroam,32,1129.5893878936768,B2-01,1,5
1780,54:F0:B1:A1:58:01,PoliSemFio,30,1129.5893878936768,B2-01,1,5
1781,54:F0:B1:A1:58:02,,30,1129.5893878936768,B2-01,1,5
1782,54:F0:B1:A1:E4:F0,eduroam,22,1129.5893878936768,B2-01,1,5
1783,54:F0:B1:A1:E4:F1,PoliSemFio,22,1129.5893878936768,B2-01,1,5
1784,54:F0:B1:A1:E4:F2,,12,1129.5893878936768,B2-01,1,5
1785,54:F0:B1:A1:E5:00,eduroam,27,1129.5893878936768,B2-01,1,5
1786,54:F0:B1:A1:E5:01,PoliSemFio,37,1129.5893878936768,B2-01,1,5
1787,54:F0:B1:A1:E5:02,,37,1129.5893878936768,B2-01,1,5
1788,54:F0:B1:A2:57:20,eduroam,17,1129.5893878936768,B2-01,1,5
1789,54:F0:B1:A2:57:21,PoliSemFio,19,1129.5893878936768,B2-01,1,5
1790,54:F0:B1:A2:57:22,,19,1129.5893878936768,B2-01,1,5
1791,54:F0:B1:A2:57:23,LCA,17,1129.5893878936768,B2-01,1,5
1792,54:F0:B1:A2:57:30,eduroam,44,1129.5893878936768,B2-01,1,5
1793,54:F0:B1:A2:57:31,PoliSemFio,42,1129.5893878936768,B2-01,1,5
1794,54:F0:B1:A2:57:32,,35,1129.5893878936768,B2-01,1,5
1795,54:F0:B1:A2:57:33,LCA,35,1129.5893878936768,B2-01,1,5
1796,54:F0:B1:BB:58:A0,eduroam,14,1129.5893878936768,B2-01,1,5
1797,54:F0:B1:BB:58:A3,CAEEL,9,1129.5893878936768,B2-01,1,5
1798,54:F0:B1:BB:5A:83,LEP,20,1129.5893878936768,B2-01,1,5
1799,54:F0:B1:BB:63:81,eduroam,10,1129.5893878936768,B2-01,1,5
1800,54:F0:B1:BB:7E:E0,eduroam,19,1129.5893878936768,B2-01,1,5
1801,54:F0:B1:BB:84:B0,eduroam,20,1129.5893878936768,B2-01,1,5
1802,54:F0:B1:BB:84:B1,PoliSemFio,25,1129.5893878936768,B2-01,1,5
1803,54:F0:B1:BB:84:B2,,27,1129.5893878936768,B2-01,1,5
1804,54:F0:B1:BB:84:D0,eduroam,17,1129.5893878936768,B2-01,1,5
1805,54:F0:B1:BB:84:D1,PoliSemFio,17,1129.5893878936768,B2-01,1,5
1806,54:F0:B1:BB:92:C0,eduroam,39,1129.5893878936768,B2-01,1,5
1807,54:F0:B1:BB:92:C1,PoliSemFio,42,1129.5893878936768,B2-01,1,5
1808,54:F0:B1:BB:92:C2,,42,1129.5893878936768,B2-01,1,5
1809,54:F0:B1:BB:92:E0,eduroam,15,1129.5893878936768,B2-01,1,5
1810,54:F0:B1:BB:92:E1,PoliSemFio,15,1129.5893878936768,B2-01,1,5
1811,54:F0:B1:BB:A1:60,eduroam,10,1129.5893878936768,B2-01,1,5
1812,54:F0:B1:BB:BC:03,CAEEL,14,1129.5893878936768,B2-01,1,5
1813,54:F0:B1:BB:BE:13,CAEEL,19,1129.5893878936768,B2-01,1,5
1814,54:F0:B1:BB:C4:D0,eduroam,55,1129.5893878936768,B2-01,1,5
1815,54:F0:B1:BB:C4:D1,PoliSemFio,45,1129.5893878936768,B2-01,1,5
1816,54:F0:B1:BB:C4:D2,,45,1129.5893878936768,B2-01,1,5
1817,54:F0:B1:BB:C4:F0,eduroam,24,1129.5893878936768,B2-01,1,5
1818,54:F0:B1:BB:C4:F1,PoliSemFio,29,1129.5893878936768,B2-01,1,5
1819,54:F0:B1:BB:C5:C2,,27,1129.5893878936768,B2-01,1,5
1820,54:F0:B1:BB:C5:C3,MEZANINO,32,1129.5893878936768,B2-01,1,5
1821,54:F0:B1:BB:C5:C4,GDLAB,40,1129.5893878936768,B2-01,1,5
1822,54:F0:B1:BB:C5:C5,LABPAD,40,1129.5893878936768,B2-01,1,5
1823,54:F0:B1:BB:CC:E0,B209,17,1129.5893878936768,B2-01,1,5
1824,54:F0:B1:BB:CC:E1,PoliSemFio,20,1129.5893878936768,B2-01,1,5
1825,54:F0:B1:BB:CC:E2,,24,1129.5893878936768,B2-01,1,5
1826,54:F0:B1:BB:CC:E3,eduroam,17,1129.5893878936768,B2-01,1,5
1827,54:F0:B1:BB:FD:D0,eduroam,12,1129.5893878936768,B2-01,1,5
1828,54:F0:B1:BB:FD:D2,,25,1129.5893878936768,B2-01,1,5
1829,54:F0:B1:BC:09:40,eduroam,29,1129.5893878936768,B2-01,1,5
1830,54:F0:B1:BC:09:41,PoliSemFio,77,1129.5893878936768,B2-01,1,5
1831,54:F0:B1:BC:09:42,,77,1129.5893878936768,B2-01,1,5
1832,54:F0:B1:BC:09:60,eduroam,60,1129.5893878936768,B2-01,1,5
1833,54:F0:B1:BC:09:61,PoliSemFio,60,1129.5893878936768,B2-01,1,5
1834,54:F0:B1:BC:1B:D1,PoliSemFio,39,1129.5893878936768,B2-01,1,5
1835,54:F0:B1:BC:2E:B0,eduroam,12,1129.5893878936768,B2-01,1,5
1836,54:F0:B1:BC:2E:B1,PoliSemFio,14,1129.5893878936768,B2-01,1,5
1837,54:F0:B1:BC:36:10,PoliSemFio,24,1129.5893878936768,B2-01,1,5
1838,54:F0:B1:BC:36:11,eduroam,20,1129.5893878936768,B2-01,1,5
1839,54:F0:B1:BC:36:12,,22,1129.5893878936768,B2-01,1,5
1840,54:F0:B1:BC:36:30,PoliSemFio,12,1129.5893878936768,B2-01,1,5
1841,54:F0:B1:BC:36:31,eduroam,12,1129.5893878936768,B2-01,1,5
1842,54:F0:B1:BC:3F:10,eduroam,30,1129.5893878936768,B2-01,1,5
1843,54:F0:B1:BC:6F:70,eduroam,25,1129.5893878936768,B2-01,1,5
1844,54:F0:B1:BC:6F:72,,25,1129.5893878936768,B2-01,1,5
1845,54:F0:B1:BC:70:00,eduroam,30,1129.5893878936768,B2-01,1,5
1846,54:F0:B1:BC:70:01,PoliSemFio,32,1129.5893878936768,B2-01,1,5
1847,54:F0:B1:BC:70:02,,34,1129.5893878936768,B2-01,1,5
1848,54:F0:B1:BC:70:20,eduroam,12,1129.5893878936768,B2-01,1,5
1849,54:F0:B1:BC:70:21,PoliSemFio,14,1129.5893878936768,B2-01,1,5
1850,54:F0:B1:BC:77:80,eduroam,59,1129.5893878936768,B2-01,1,5
1851,54:F0:B1:BC:77:81,PoliSemFio,52,1129.5893878936768,B2-01,1,5
1852,54:F0:B1:BC:77:82,,60,1129.5893878936768,B2-01,1,5
1853,54:F0:B1:BC:77:A0,eduroam,37,1129.5893878936768,B2-01,1,5
1854,54:F0:B1:BC:77:A1,PoliSemFio,39,1129.5893878936768,B2-01,1,5
1855,54:F0:B1:BC:77:A2,,47,1129.5893878936768,B2-01,1,5
1856,54:F0:B1:BC:7C:90,eduroam,24,1129.5893878936768,B2-01,1,5
1857,54:F0:B1:BC:7C:B0,eduroam,17,1129.5893878936768,B2-01,1,5
1858,54:F0:B1:BC:7C:B1,PoliSemFio,20,1129.5893878936768,B2-01,1,5
1859,54:F0:B1:BC:8F:20,eduroam,14,1129.5893878936768,B2-01,1,5
1860,54:F0:B1:BC:8F:22,,27,1129.5893878936768,B2-01,1,5
1861,54:F0:B1:BC:8F:40,eduroam,15,1129.5893878936768,B2-01,1,5
1862,54:F0:B1:BC:8F:41,PoliSemFio,17,1129.5893878936768,B2-01,1,5
1863,68:FF:7B:47:78:BD,C1-22M-5G,34,1129.5893878936768,B2-01,1,5
1864,68:FF:7B:47:78:BE,C1-22M,57,1129.5893878936768,B2-01,1,5
1865,70:62:B8:6E:72:A0,PCS-wireless-C1-13,37,1129.5893878936768,B2-01,1,5
1866,70:62:B8:6E:72:A1,PPGEE,19,1129.5893878936768,B2-01,1,5
1867,84:D4:7E:06:4F:E0,eduroam,64,1129.5893878936768,B2-01,1,5
1868,84:D4:7E:06:4F:E1,PoliSemFio,77,1129.5893878936768,B2-01,1,5
1869,84:D4:7E:06:4F:E2,,77,1129.5893878936768,B2-01,1,5
1870,84:D4:7E:06:4F:F0,eduroam,32,1129.5893878936768,B2-01,1,5
1871,84:D4:7E:06:4F:F1,PoliSemFio,30,1129.5893878936768,B2-01,1,5
1872,B6:4E:26:4B:84:C2,C2-01-Guest,20,1129.5893878936768,B2-01,1,5
1873,DE:9F:DB:1C:1F:E0,LARC Guest,25,1129.5893878936768,B2-01,1,5
1874,EE:9F:DB:1C:1F:E0,,34,1129.5893878936768,B2-01,1,5
1875,F8:1A:67:99:55:8E,NUCLEAR_CHF,32,1129.5893878936768,B2-01,1,5
1876,00:18:E7:FF:8C:98,dlink,30,1132.2171494960785,B2-01,1,5
1877,00:18:E7:FF:8C:9A,dlink_media,10,1132.2171494960785,B2-01,1,5
1878,34:60:F9:A3:D9:13,GASWIFI-5G_C2,19,1132.2171494960785,B2-01,1,5
1879,34:60:F9:A3:D9:14,GASWIFI-2G_C2,12,1132.2171494960785,B2-01,1,5
1880,34:CE:00:51:3E:6F,Lab,32,1132.2171494960785,B2-01,1,5
1881,34:CE:00:51:3E:70,Lab_5G,14,1132.2171494960785,B2-01,1,5
1882,48:00:20:34:D2:40,eduroam,32,1132.2171494960785,B2-01,1,5
1883,54:B8:0A:AA:2C:8C,LAB_DIGITAL,29,1132.2171494960785,B2-01,1,5
1884,54:B8:0A:AA:2C:8D,PCS-Wireless,34,1132.2171494960785,B2-01,1,5
1885,54:B8:0A:AA:2C:8E,LAB_DIGITAL-5GHz,14,1132.2171494960785,B2-01,1,5
1886,54:B8:0A:AA:2C:8F,PCS-Wireless-5GHz,14,1132.2171494960785,B2-01,1,5
1887,54:F0:B1:A1:18:C0,eduroam,32,1132.2171494960785,B2-01,1,5
1888,54:F0:B1:A1:18:C1,PoliSemFio,32,1132.2171494960785,B2-01,1,5
1889,54:F0:B1:A1:18:C3,MEZANINO,32,1132.2171494960785,B2-01,1,5
1890,54:F0:B1:A1:18:C4,GDLAB,34,1132.2171494960785,B2-01,1,5
1891,54:F0:B1:A1:18:C5,LABPAD,34,1132.2171494960785,B2-01,1,5
1892,54:F0:B1:A1:18:D0,eduroam,55,1132.2171494960785,B2-01,1,5
1893,54:F0:B1:A1:18:D2,,47,1132.2171494960785,B2-01,1,5
1894,54:F0:B1:A1:18:D3,MEZANINO,42,1132.2171494960785,B2-01,1,5
1895,54:F0:B1:A1:18:D4,GDLAB,45,1132.2171494960785,B2-01,1,5
1896,54:F0:B1:A1:18:D5,LABPAD,52,1132.2171494960785,B2-01,1,5
1897,54:F0:B1:A1:57:F0,eduroam,19,1132.2171494960785,B2-01,1,5
1898,54:F0:B1:A1:57:F1,PoliSemFio,19,1132.2171494960785,B2-01,1,5
1899,54:F0:B1:A1:58:00,eduroam,32,1132.2171494960785,B2-01,1,5
1900,54:F0:B1:A1:58:01,PoliSemFio,30,1132.2171494960785,B2-01,1,5
1901,54:F0:B1:A1:58:02,,30,1132.2171494960785,B2-01,1,5
1902,54:F0:B1:A1:E4:F0,eduroam,22,1132.2171494960785,B2-01,1,5
1903,54:F0:B1:A1:E4:F1,PoliSemFio,22,1132.2171494960785,B2-01,1,5
1904,54:F0:B1:A1:E4:F2,,12,1132.2171494960785,B2-01,1,5
1905,54:F0:B1:A1:E5:00,eduroam,27,1132.2171494960785,B2-01,1,5
1906,54:F0:B1:A1:E5:01,PoliSemFio,37,1132.2171494960785,B2-01,1,5
1907,54:F0:B1:A1:E5:02,,37,1132.2171494960785,B2-01,1,5
1908,54:F0:B1:A2:57:20,eduroam,17,1132.2171494960785,B2-01,1,5
1909,54:F0:B1:A2:57:21,PoliSemFio,19,1132.2171494960785,B2-01,1,5
1910,54:F0:B1:A2:57:22,,19,1132.2171494960785,B2-01,1,5
1911,54:F0:B1:A2:57:23,LCA,17,1132.2171494960785,B2-01,1,5
1912,54:F0:B1:A2:57:30,eduroam,44,1132.2171494960785,B2-01,1,5
1913,54:F0:B1:A2:57:31,PoliSemFio,42,1132.2171494960785,B2-01,1,5
1914,54:F0:B1:A2:57:32,,35,1132.2171494960785,B2-01,1,5
1915,54:F0:B1:A2:57:33,LCA,35,1132.2171494960785,B2-01,1,5
1916,54:F0:B1:BB:58:A0,eduroam,14,1132.2171494960785,B2-01,1,5
1917,54:F0:B1:BB:58:A3,CAEEL,9,1132.2171494960785,B2-01,1,5
1918,54:F0:B1:BB:5A:83,LEP,20,1132.2171494960785,B2-01,1,5
1919,54:F0:B1:BB:63:81,eduroam,10,1132.2171494960785,B2-01,1,5
1920,54:F0:B1:BB:7E:E0,eduroam,19,1132.2171494960785,B2-01,1,5
1921,54:F0:B1:BB:84:B0,eduroam,20,1132.2171494960785,B2-01,1,5
1922,54:F0:B1:BB:84:B1,PoliSemFio,25,1132.2171494960785,B2-01,1,5
1923,54:F0:B1:BB:84:B2,,27,1132.2171494960785,B2-01,1,5
1924,54:F0:B1:BB:84:D0,eduroam,17,1132.2171494960785,B2-01,1,5
1925,54:F0:B1:BB:84:D1,PoliSemFio,17,1132.2171494960785,B2-01,1,5
1926,54:F0:B1:BB:92:C0,eduroam,39,1132.2171494960785,B2-01,1,5
1927,54:F0:B1:BB:92:C1,PoliSemFio,42,1132.2171494960785,B2-01,1,5
1928,54:F0:B1:BB:92:C2,,42,1132.2171494960785,B2-01,1,5
1929,54:F0:B1:BB:92:E0,eduroam,15,1132.2171494960785,B2-01,1,5
1930,54:F0:B1:BB:92:E1,PoliSemFio,15,1132.2171494960785,B2-01,1,5
1931,54:F0:B1:BB:A1:60,eduroam,10,1132.2171494960785,B2-01,1,5
1932,54:F0:B1:BB:BC:03,CAEEL,14,1132.2171494960785,B2-01,1,5
1933,54:F0:B1:BB:BE:13,CAEEL,19,1132.2171494960785,B2-01,1,5
1934,54:F0:B1:BB:C4:D0,eduroam,55,1132.2171494960785,B2-01,1,5
1935,54:F0:B1:BB:C4:D1,PoliSemFio,45,1132.2171494960785,B2-01,1,5
1936,54:F0:B1:BB:C4:D2,,45,1132.2171494960785,B2-01,1,5
1937,54:F0:B1:BB:C4:F0,eduroam,24,1132.2171494960785,B2-01,1,5
1938,54:F0:B1:BB:C4:F1,PoliSemFio,29,1132.2171494960785,B2-01,1,5
1939,54:F0:B1:BB:C5:C2,,27,1132.2171494960785,B2-01,1,5
1940,54:F0:B1:BB:C5:C3,MEZANINO,32,1132.2171494960785,B2-01,1,5
1941,54:F0:B1:BB:C5:C4,GDLAB,40,1132.2171494960785,B2-01,1,5
1942,54:F0:B1:BB:C5:C5,LABPAD,40,1132.2171494960785,B2-01,1,5
1943,54:F0:B1:BB:CC:E0,B209,17,1132.2171494960785,B2-01,1,5
1944,54:F0:B1:BB:CC:E1,PoliSemFio,20,1132.2171494960785,B2-01,1,5
1945,54:F0:B1:BB:CC:E2,,24,1132.2171494960785,B2-01,1,5
1946,54:F0:B1:BB:CC:E3,eduroam,17,1132.2171494960785,B2-01,1,5
1947,54:F0:B1:BB:FD:D0,eduroam,12,1132.2171494960785,B2-01,1,5
1948,54:F0:B1:BB:FD:D2,,25,1132.2171494960785,B2-01,1,5
1949,54:F0:B1:BC:09:40,eduroam,29,1132.2171494960785,B2-01,1,5
1950,54:F0:B1:BC:09:41,PoliSemFio,77,1132.2171494960785,B2-01,1,5
1951,54:F0:B1:BC:09:42,,77,1132.2171494960785,B2-01,1,5
1952,54:F0:B1:BC:09:60,eduroam,62,1132.2171494960785,B2-01,1,5
1953,54:F0:B1:BC:09:61,PoliSemFio,60,1132.2171494960785,B2-01,1,5
1954,54:F0:B1:BC:1B:D1,PoliSemFio,39,1132.2171494960785,B2-01,1,5
1955,54:F0:B1:BC:2E:B0,eduroam,12,1132.2171494960785,B2-01,1,5
1956,54:F0:B1:BC:2E:B1,PoliSemFio,14,1132.2171494960785,B2-01,1,5
1957,54:F0:B1:BC:36:10,PoliSemFio,24,1132.2171494960785,B2-01,1,5
1958,54:F0:B1:BC:36:11,eduroam,20,1132.2171494960785,B2-01,1,5
1959,54:F0:B1:BC:36:12,,22,1132.2171494960785,B2-01,1,5
1960,54:F0:B1:BC:36:30,PoliSemFio,12,1132.2171494960785,B2-01,1,5
1961,54:F0:B1:BC:36:31,eduroam,12,1132.2171494960785,B2-01,1,5
1962,54:F0:B1:BC:3F:10,eduroam,30,1132.2171494960785,B2-01,1,5
1963,54:F0:B1:BC:6F:70,eduroam,25,1132.2171494960785,B2-01,1,5
1964,54:F0:B1:BC:6F:72,,25,1132.2171494960785,B2-01,1,5
1965,54:F0:B1:BC:70:00,eduroam,30,1132.2171494960785,B2-01,1,5
1966,54:F0:B1:BC:70:01,PoliSemFio,32,1132.2171494960785,B2-01,1,5
1967,54:F0:B1:BC:70:02,,34,1132.2171494960785,B2-01,1,5
1968,54:F0:B1:BC:70:20,eduroam,12,1132.2171494960785,B2-01,1,5
1969,54:F0:B1:BC:70:21,PoliSemFio,14,1132.2171494960785,B2-01,1,5
1970,54:F0:B1:BC:77:80,eduroam,59,1132.2171494960785,B2-01,1,5
1971,54:F0:B1:BC:77:81,PoliSemFio,52,1132.2171494960785,B2-01,1,5
1972,54:F0:B1:BC:77:82,,60,1132.2171494960785,B2-01,1,5
1973,54:F0:B1:BC:77:A0,eduroam,37,1132.2171494960785,B2-01,1,5
1974,54:F0:B1:BC:77:A1,PoliSemFio,39,1132.2171494960785,B2-01,1,5
1975,54:F0:B1:BC:77:A2,,47,1132.2171494960785,B2-01,1,5
1976,54:F0:B1:BC:7C:90,eduroam,24,1132.2171494960785,B2-01,1,5
1977,54:F0:B1:BC:7C:B0,eduroam,17,1132.2171494960785,B2-01,1,5
1978,54:F0:B1:BC:7C:B1,PoliSemFio,20,1132.2171494960785,B2-01,1,5
1979,54:F0:B1:BC:8F:20,eduroam,14,1132.2171494960785,B2-01,1,5
1980,54:F0:B1:BC:8F:22,,27,1132.2171494960785,B2-01,1,5
1981,54:F0:B1:BC:8F:40,eduroam,15,1132.2171494960785,B2-01,1,5
1982,54:F0:B1:BC:8F:41,PoliSemFio,17,1132.2171494960785,B2-01,1,5
1983,68:FF:7B:47:78:BD,C1-22M-5G,34,1132.2171494960785,B2-01,1,5
1984,68:FF:7B:47:78:BE,C1-22M,57,1132.2171494960785,B2-01,1,5
1985,70:62:B8:6E:72:A0,PCS-wireless-C1-13,37,1132.2171494960785,B2-01,1,5
1986,70:62:B8:6E:72:A1,PPGEE,19,1132.2171494960785,B2-01,1,5
1987,84:D4:7E:06:4F:E0,eduroam,64,1132.2171494960785,B2-01,1,5
1988,84:D4:7E:06:4F:E1,PoliSemFio,77,1132.2171494960785,B2-01,1,5
1989,84:D4:7E:06:4F:E2,,77,1132.2171494960785,B2-01,1,5
1990,84:D4:7E:06:4F:F0,eduroam,32,1132.2171494960785,B2-01,1,5
1991,84:D4:7E:06:4F:F1,PoliSemFio,30,1132.2171494960785,B2-01,1,5
1992,B6:4E:26:4B:84:C2,C2-01-Guest,20,1132.2171494960785,B2-01,1,5
1993,DE:9F:DB:1C:1F:E0,LARC Guest,25,1132.2171494960785,B2-01,1,5
1994,EE:9F:DB:1C:1F:E0,,34,1132.2171494960785,B2-01,1,5
1995,F8:1A:67:99:55:8E,NUCLEAR_CHF,32,1132.2171494960785,B2-01,1,5
1996,00:18:E7:FF:8C:9A,dlink_media,10,1138.4762823581696,B2-01,1,5
1997,02:E0:DB:48:81:EE,DIRECT-Te-Polycom Pano,22,1138.4762823581696,B2-01,1,5
1998,34:60:F9:A3:D9:13,GASWIFI-5G_C2,25,1138.4762823581696,B2-01,1,5
1999,34:60:F9:A3:D9:14,GASWIFI-2G_C2,27,1138.4762823581696,B2-01,1,5
2000,34:CE:00:51:3E:6F,Lab,39,1138.4762823581696,B2-01,1,5
2001,34:CE:00:51:3E:70,Lab_5G,9,1138.4762823581696,B2-01,1,5
2002,48:00:20:34:D2:40,eduroam,32,1138.4762823581696,B2-01,1,5
2003,54:B8:0A:AA:2C:8C,LAB_DIGITAL,54,1138.4762823581696,B2-01,1,5
2004,54:B8:0A:AA:2C:8D,PCS-Wireless,50,1138.4762823581696,B2-01,1,5
2005,54:B8:0A:AA:2C:8E,LAB_DIGITAL-5GHz,14,1138.4762823581696,B2-01,1,5
2006,54:B8:0A:AA:2C:8F,PCS-Wireless-5GHz,14,1138.4762823581696,B2-01,1,5
2007,54:F0:B1:A1:18:C0,eduroam,34,1138.4762823581696,B2-01,1,5
2008,54:F0:B1:A1:18:C1,PoliSemFio,34,1138.4762823581696,B2-01,1,5
2009,54:F0:B1:A1:18:C3,MEZANINO,34,1138.4762823581696,B2-01,1,5
2010,54:F0:B1:A1:18:C4,GDLAB,34,1138.4762823581696,B2-01,1,5
2011,54:F0:B1:A1:18:C5,LABPAD,34,1138.4762823581696,B2-01,1,5
2012,54:F0:B1:A1:18:D0,eduroam,59,1138.4762823581696,B2-01,1,5
2013,54:F0:B1:A1:18:D1,PoliSemFio,57,1138.4762823581696,B2-01,1,5
2014,54:F0:B1:A1:18:D2,,57,1138.4762823581696,B2-01,1,5
2015,54:F0:B1:A1:18:D3,MEZANINO,55,1138.4762823581696,B2-01,1,5
2016,54:F0:B1:A1:18:D4,GDLAB,45,1138.4762823581696,B2-01,1,5
2017,54:F0:B1:A1:18:D5,LABPAD,52,1138.4762823581696,B2-01,1,5
2018,54:F0:B1:A1:57:F0,eduroam,19,1138.4762823581696,B2-01,1,5
2019,54:F0:B1:A1:57:F1,PoliSemFio,19,1138.4762823581696,B2-01,1,5
2020,54:F0:B1:A1:58:00,eduroam,35,1138.4762823581696,B2-01,1,5
2021,54:F0:B1:A1:58:01,PoliSemFio,32,1138.4762823581696,B2-01,1,5
2022,54:F0:B1:A1:58:02,,32,1138.4762823581696,B2-01,1,5
2023,54:F0:B1:A1:E4:F0,eduroam,17,1138.4762823581696,B2-01,1,5
2024,54:F0:B1:A1:E4:F1,PoliSemFio,19,1138.4762823581696,B2-01,1,5
2025,54:F0:B1:A1:E4:F2,,12,1138.4762823581696,B2-01,1,5
2026,54:F0:B1:A1:E5:00,eduroam,34,1138.4762823581696,B2-01,1,5
2027,54:F0:B1:A1:E5:01,PoliSemFio,37,1138.4762823581696,B2-01,1,5
2028,54:F0:B1:A1:E5:02,,37,1138.4762823581696,B2-01,1,5
2029,54:F0:B1:A2:37:E0,eduroam,27,1138.4762823581696,B2-01,1,5
2030,54:F0:B1:A2:57:20,eduroam,19,1138.4762823581696,B2-01,1,5
2031,54:F0:B1:A2:57:21,PoliSemFio,20,1138.4762823581696,B2-01,1,5
2032,54:F0:B1:A2:57:22,,19,1138.4762823581696,B2-01,1,5
2033,54:F0:B1:A2:57:23,LCA,20,1138.4762823581696,B2-01,1,5
2034,54:F0:B1:A2:57:30,eduroam,42,1138.4762823581696,B2-01,1,5
2035,54:F0:B1:A2:57:31,PoliSemFio,42,1138.4762823581696,B2-01,1,5
2036,54:F0:B1:A2:57:32,,40,1138.4762823581696,B2-01,1,5
2037,54:F0:B1:A2:57:33,LCA,35,1138.4762823581696,B2-01,1,5
2038,54:F0:B1:BB:58:A0,eduroam,15,1138.4762823581696,B2-01,1,5
2039,54:F0:B1:BB:58:A3,CAEEL,9,1138.4762823581696,B2-01,1,5
2040,54:F0:B1:BB:5A:80,eduroam,27,1138.4762823581696,B2-01,1,5
2041,54:F0:B1:BB:5A:83,LEP,20,1138.4762823581696,B2-01,1,5
2042,54:F0:B1:BB:63:81,eduroam,10,1138.4762823581696,B2-01,1,5
2043,54:F0:B1:BB:7E:E0,eduroam,19,1138.4762823581696,B2-01,1,5
2044,54:F0:B1:BB:84:B0,eduroam,12,1138.4762823581696,B2-01,1,5
2045,54:F0:B1:BB:84:B1,PoliSemFio,30,1138.4762823581696,B2-01,1,5
2046,54:F0:B1:BB:84:B2,,30,1138.4762823581696,B2-01,1,5
2047,54:F0:B1:BB:84:D0,eduroam,17,1138.4762823581696,B2-01,1,5
2048,54:F0:B1:BB:84:D1,PoliSemFio,15,1138.4762823581696,B2-01,1,5
2049,54:F0:B1:BB:92:C0,eduroam,39,1138.4762823581696,B2-01,1,5
2050,54:F0:B1:BB:92:C1,PoliSemFio,42,1138.4762823581696,B2-01,1,5
2051,54:F0:B1:BB:92:C2,,42,1138.4762823581696,B2-01,1,5
2052,54:F0:B1:BB:92:E0,eduroam,15,1138.4762823581696,B2-01,1,5
2053,54:F0:B1:BB:92:E1,PoliSemFio,15,1138.4762823581696,B2-01,1,5
2054,54:F0:B1:BB:A1:60,eduroam,10,1138.4762823581696,B2-01,1,5
2055,54:F0:B1:BB:BC:03,CAEEL,14,1138.4762823581696,B2-01,1,5
2056,54:F0:B1:BB:BE:13,CAEEL,19,1138.4762823581696,B2-01,1,5
2057,54:F0:B1:BB:C4:D0,eduroam,52,1138.4762823581696,B2-01,1,5
2058,54:F0:B1:BB:C4:D1,PoliSemFio,45,1138.4762823581696,B2-01,1,5
2059,54:F0:B1:BB:C4:D2,,45,1138.4762823581696,B2-01,1,5
2060,54:F0:B1:BB:C4:F0,eduroam,27,1138.4762823581696,B2-01,1,5
2061,54:F0:B1:BB:C4:F1,PoliSemFio,29,1138.4762823581696,B2-01,1,5
2062,54:F0:B1:BB:C5:C2,,27,1138.4762823581696,B2-01,1,5
2063,54:F0:B1:BB:C5:C3,MEZANINO,32,1138.4762823581696,B2-01,1,5
2064,54:F0:B1:BB:C5:C4,GDLAB,40,1138.4762823581696,B2-01,1,5
2065,54:F0:B1:BB:C5:C5,LABPAD,30,1138.4762823581696,B2-01,1,5
2066,54:F0:B1:BB:CC:E0,B209,24,1138.4762823581696,B2-01,1,5
2067,54:F0:B1:BB:CC:E1,PoliSemFio,20,1138.4762823581696,B2-01,1,5
2068,54:F0:B1:BB:CC:E2,,24,1138.4762823581696,B2-01,1,5
2069,54:F0:B1:BB:CC:E3,eduroam,17,1138.4762823581696,B2-01,1,5
2070,54:F0:B1:BB:FD:D0,eduroam,15,1138.4762823581696,B2-01,1,5
2071,54:F0:B1:BB:FD:D1,PoliSemFio,19,1138.4762823581696,B2-01,1,5
2072,54:F0:B1:BB:FD:D2,,19,1138.4762823581696,B2-01,1,5
2073,54:F0:B1:BC:09:40,eduroam,95,1138.4762823581696,B2-01,1,5
2074,54:F0:B1:BC:09:41,PoliSemFio,77,1138.4762823581696,B2-01,1,5
2075,54:F0:B1:BC:09:42,,77,1138.4762823581696,B2-01,1,5
2076,54:F0:B1:BC:09:60,eduroam,56,1138.4762823581696,B2-01,1,5
2077,54:F0:B1:BC:09:61,PoliSemFio,72,1138.4762823581696,B2-01,1,5
2078,54:F0:B1:BC:0F:D1,PoliSemFio,24,1138.4762823581696,B2-01,1,5
2079,54:F0:B1:BC:1B:D1,PoliSemFio,39,1138.4762823581696,B2-01,1,5
2080,54:F0:B1:BC:2E:90,eduroam,59,1138.4762823581696,B2-01,1,5
2081,54:F0:B1:BC:2E:B0,eduroam,12,1138.4762823581696,B2-01,1,5
2082,54:F0:B1:BC:2E:B1,PoliSemFio,14,1138.4762823581696,B2-01,1,5
2083,54:F0:B1:BC:36:10,PoliSemFio,24,1138.4762823581696,B2-01,1,5
2084,54:F0:B1:BC:36:11,eduroam,15,1138.4762823581696,B2-01,1,5
2085,54:F0:B1:BC:36:12,,25,1138.4762823581696,B2-01,1,5
2086,54:F0:B1:BC:36:30,PoliSemFio,12,1138.4762823581696,B2-01,1,5
2087,54:F0:B1:BC:36:31,eduroam,14,1138.4762823581696,B2-01,1,5
2088,54:F0:B1:BC:3F:10,eduroam,30,1138.4762823581696,B2-01,1,5
2089,54:F0:B1:BC:6F:70,eduroam,12,1138.4762823581696,B2-01,1,5
2090,54:F0:B1:BC:6F:72,,25,1138.4762823581696,B2-01,1,5
2091,54:F0:B1:BC:70:00,eduroam,30,1138.4762823581696,B2-01,1,5
2092,54:F0:B1:BC:70:01,PoliSemFio,32,1138.4762823581696,B2-01,1,5
2093,54:F0:B1:BC:70:02,,34,1138.4762823581696,B2-01,1,5
2094,54:F0:B1:BC:70:20,eduroam,12,1138.4762823581696,B2-01,1,5
2095,54:F0:B1:BC:70:21,PoliSemFio,14,1138.4762823581696,B2-01,1,5
2096,54:F0:B1:BC:77:80,eduroam,52,1138.4762823581696,B2-01,1,5
2097,54:F0:B1:BC:77:81,PoliSemFio,54,1138.4762823581696,B2-01,1,5
2098,54:F0:B1:BC:77:82,,54,1138.4762823581696,B2-01,1,5
2099,54:F0:B1:BC:77:A0,eduroam,52,1138.4762823581696,B2-01,1,5
2100,54:F0:B1:BC:77:A1,PoliSemFio,52,1138.4762823581696,B2-01,1,5
2101,54:F0:B1:BC:77:A2,,50,1138.4762823581696,B2-01,1,5
2102,54:F0:B1:BC:7C:90,eduroam,15,1138.4762823581696,B2-01,1,5
2103,54:F0:B1:BC:7C:B0,eduroam,17,1138.4762823581696,B2-01,1,5
2104,54:F0:B1:BC:7C:B1,PoliSemFio,20,1138.4762823581696,B2-01,1,5
2105,54:F0:B1:BC:8F:20,eduroam,27,1138.4762823581696,B2-01,1,5
2106,54:F0:B1:BC:8F:21,PoliSemFio,30,1138.4762823581696,B2-01,1,5
2107,54:F0:B1:BC:8F:22,,27,1138.4762823581696,B2-01,1,5
2108,54:F0:B1:BC:8F:40,eduroam,14,1138.4762823581696,B2-01,1,5
2109,54:F0:B1:BC:8F:41,PoliSemFio,12,1138.4762823581696,B2-01,1,5
2110,68:FF:7B:47:78:BD,C1-22M-5G,32,1138.4762823581696,B2-01,1,5
2111,68:FF:7B:47:78:BE,C1-22M,65,1138.4762823581696,B2-01,1,5
2112,70:62:B8:6E:72:A0,PCS-wireless-C1-13,54,1138.4762823581696,B2-01,1,5
2113,70:62:B8:6E:72:A1,PPGEE,55,1138.4762823581696,B2-01,1,5
2114,84:D4:7E:06:4F:E0,eduroam,80,1138.4762823581696,B2-01,1,5
2115,84:D4:7E:06:4F:E1,PoliSemFio,85,1138.4762823581696,B2-01,1,5
2116,84:D4:7E:06:4F:E2,,85,1138.4762823581696,B2-01,1,5
2117,84:D4:7E:06:4F:F0,eduroam,32,1138.4762823581696,B2-01,1,5
2118,84:D4:7E:06:4F:F1,PoliSemFio,30,1138.4762823581696,B2-01,1,5
2119,B6:4E:26:4B:84:C2,C2-01-Guest,20,1138.4762823581696,B2-01,1,5
2120,DE:9F:DB:1C:1F:E0,LARC Guest,25,1138.4762823581696,B2-01,1,5
2121,EE:9F:DB:1C:1F:E0,,34,1138.4762823581696,B2-01,1,5
2122,F8:1A:67:99:55:8E,NUCLEAR_CHF,45,1138.4762823581696,B2-01,1,5
2123,00:18:E7:FF:8C:98,dlink,35,1144.748356103897,B2-01,1,5
2124,00:18:E7:FF:8C:9A,dlink_media,10,1144.748356103897,B2-01,1,5
2125,02:E0:DB:48:81:EE,DIRECT-Te-Polycom Pano,22,1144.748356103897,B2-01,1,5
2126,30:85:A9:69:F2:E4,PCS-Wireless-C2-22,39,1144.748356103897,B2-01,1,5
2127,34:60:F9:A3:D9:13,GASWIFI-5G_C2,20,1144.748356103897,B2-01,1,5
2128,34:60:F9:A3:D9:14,GASWIFI-2G_C2,32,1144.748356103897,B2-01,1,5
2129,34:CE:00:51:3E:6F,Lab,37,1144.748356103897,B2-01,1,5
2130,34:CE:00:51:3E:70,Lab_5G,9,1144.748356103897,B2-01,1,5
2131,48:00:20:34:D2:40,eduroam,29,1144.748356103897,B2-01,1,5
2132,54:B8:0A:AA:2C:8C,LAB_DIGITAL,44,1144.748356103897,B2-01,1,5
2133,54:B8:0A:AA:2C:8D,PCS-Wireless,45,1144.748356103897,B2-01,1,5
2134,54:B8:0A:AA:2C:8E,LAB_DIGITAL-5GHz,15,1144.748356103897,B2-01,1,5
2135,54:B8:0A:AA:2C:8F,PCS-Wireless-5GHz,14,1144.748356103897,B2-01,1,5
2136,54:F0:B1:A1:18:C0,eduroam,37,1144.748356103897,B2-01,1,5
2137,54:F0:B1:A1:18:C1,PoliSemFio,37,1144.748356103897,B2-01,1,5
2138,54:F0:B1:A1:18:C3,MEZANINO,37,1144.748356103897,B2-01,1,5
2139,54:F0:B1:A1:18:C4,GDLAB,37,1144.748356103897,B2-01,1,5
2140,54:F0:B1:A1:18:C5,LABPAD,37,1144.748356103897,B2-01,1,5
2141,54:F0:B1:A1:18:D0,eduroam,59,1144.748356103897,B2-01,1,5
2142,54:F0:B1:A1:18:D1,PoliSemFio,57,1144.748356103897,B2-01,1,5
2143,54:F0:B1:A1:18:D2,,44,1144.748356103897,B2-01,1,5
2144,54:F0:B1:A1:18:D3,MEZANINO,34,1144.748356103897,B2-01,1,5
2145,54:F0:B1:A1:18:D4,GDLAB,37,1144.748356103897,B2-01,1,5
2146,54:F0:B1:A1:18:D5,LABPAD,52,1144.748356103897,B2-01,1,5
2147,54:F0:B1:A1:57:F0,eduroam,19,1144.748356103897,B2-01,1,5
2148,54:F0:B1:A1:57:F1,PoliSemFio,19,1144.748356103897,B2-01,1,5
2149,54:F0:B1:A1:58:00,eduroam,35,1144.748356103897,B2-01,1,5
2150,54:F0:B1:A1:58:01,PoliSemFio,32,1144.748356103897,B2-01,1,5
2151,54:F0:B1:A1:58:02,,25,1144.748356103897,B2-01,1,5
2152,54:F0:B1:A1:E4:F0,eduroam,17,1144.748356103897,B2-01,1,5
2153,54:F0:B1:A1:E4:F1,PoliSemFio,19,1144.748356103897,B2-01,1,5
2154,54:F0:B1:A1:E5:00,eduroam,35,1144.748356103897,B2-01,1,5
2155,54:F0:B1:A1:E5:01,PoliSemFio,39,1144.748356103897,B2-01,1,5
2156,54:F0:B1:A1:E5:02,,39,1144.748356103897,B2-01,1,5
2157,54:F0:B1:A2:37:E0,eduroam,27,1144.748356103897,B2-01,1,5
2158,54:F0:B1:A2:57:20,eduroam,24,1144.748356103897,B2-01,1,5
2159,54:F0:B1:A2:57:21,PoliSemFio,24,1144.748356103897,B2-01,1,5
2160,54:F0:B1:A2:57:22,,19,1144.748356103897,B2-01,1,5
2161,54:F0:B1:A2:57:23,LCA,24,1144.748356103897,B2-01,1,5
2162,54:F0:B1:A2:57:30,eduroam,42,1144.748356103897,B2-01,1,5
2163,54:F0:B1:A2:57:31,PoliSemFio,39,1144.748356103897,B2-01,1,5
2164,54:F0:B1:A2:57:32,,37,1144.748356103897,B2-01,1,5
2165,54:F0:B1:A2:57:33,LCA,37,1144.748356103897,B2-01,1,5
2166,54:F0:B1:BB:58:A0,eduroam,15,1144.748356103897,B2-01,1,5
2167,54:F0:B1:BB:58:A3,CAEEL,9,1144.748356103897,B2-01,1,5
2168,54:F0:B1:BB:5A:80,eduroam,27,1144.748356103897,B2-01,1,5
2169,54:F0:B1:BB:5A:83,LEP,20,1144.748356103897,B2-01,1,5
2170,54:F0:B1:BB:63:81,eduroam,10,1144.748356103897,B2-01,1,5
2171,54:F0:B1:BB:7E:E0,eduroam,19,1144.748356103897,B2-01,1,5
2172,54:F0:B1:BB:84:B0,eduroam,27,1144.748356103897,B2-01,1,5
2173,54:F0:B1:BB:84:B1,PoliSemFio,35,1144.748356103897,B2-01,1,5
2174,54:F0:B1:BB:84:B2,,37,1144.748356103897,B2-01,1,5
2175,54:F0:B1:BB:84:D0,eduroam,17,1144.748356103897,B2-01,1,5
2176,54:F0:B1:BB:84:D1,PoliSemFio,15,1144.748356103897,B2-01,1,5
2177,54:F0:B1:BB:92:C0,eduroam,39,1144.748356103897,B2-01,1,5
2178,54:F0:B1:BB:92:C1,PoliSemFio,35,1144.748356103897,B2-01,1,5
2179,54:F0:B1:BB:92:C2,,34,1144.748356103897,B2-01,1,5
2180,54:F0:B1:BB:92:E0,eduroam,14,1144.748356103897,B2-01,1,5
2181,54:F0:B1:BB:92:E1,PoliSemFio,12,1144.748356103897,B2-01,1,5
2182,54:F0:B1:BB:A1:60,eduroam,10,1144.748356103897,B2-01,1,5
2183,54:F0:B1:BB:BC:03,CAEEL,14,1144.748356103897,B2-01,1,5
2184,54:F0:B1:BB:BE:13,CAEEL,19,1144.748356103897,B2-01,1,5
2185,54:F0:B1:BB:C4:D0,eduroam,42,1144.748356103897,B2-01,1,5
2186,54:F0:B1:BB:C4:D1,PoliSemFio,35,1144.748356103897,B2-01,1,5
2187,54:F0:B1:BB:C4:D2,,45,1144.748356103897,B2-01,1,5
2188,54:F0:B1:BB:C4:F0,eduroam,27,1144.748356103897,B2-01,1,5
2189,54:F0:B1:BB:C4:F1,PoliSemFio,22,1144.748356103897,B2-01,1,5
2190,54:F0:B1:BB:C5:C0,eduroam,27,1144.748356103897,B2-01,1,5
2191,54:F0:B1:BB:C5:C2,,27,1144.748356103897,B2-01,1,5
2192,54:F0:B1:BB:C5:C3,MEZANINO,32,1144.748356103897,B2-01,1,5
2193,54:F0:B1:BB:C5:C4,GDLAB,25,1144.748356103897,B2-01,1,5
2194,54:F0:B1:BB:C5:C5,LABPAD,24,1144.748356103897,B2-01,1,5
2195,54:F0:B1:BB:CC:E0,B209,17,1144.748356103897,B2-01,1,5
2196,54:F0:B1:BB:CC:E1,PoliSemFio,20,1144.748356103897,B2-01,1,5
2197,54:F0:B1:BB:CC:E2,,24,1144.748356103897,B2-01,1,5
2198,54:F0:B1:BB:CC:E3,eduroam,17,1144.748356103897,B2-01,1,5
2199,54:F0:B1:BB:D1:92,LTE,17,1144.748356103897,B2-01,1,5
2200,54:F0:B1:BB:FD:D0,eduroam,15,1144.748356103897,B2-01,1,5
2201,54:F0:B1:BB:FD:D1,PoliSemFio,19,1144.748356103897,B2-01,1,5
2202,54:F0:B1:BB:FD:D2,,19,1144.748356103897,B2-01,1,5
2203,54:F0:B1:BC:09:40,eduroam,72,1144.748356103897,B2-01,1,5
2204,54:F0:B1:BC:09:41,PoliSemFio,77,1144.748356103897,B2-01,1,5
2205,54:F0:B1:BC:09:42,,77,1144.748356103897,B2-01,1,5
2206,54:F0:B1:BC:09:60,eduroam,52,1144.748356103897,B2-01,1,5
2207,54:F0:B1:BC:09:61,PoliSemFio,47,1144.748356103897,B2-01,1,5
2208,54:F0:B1:BC:0F:D1,PoliSemFio,30,1144.748356103897,B2-01,1,5
2209,54:F0:B1:BC:0F:D2,,34,1144.748356103897,B2-01,1,5
2210,54:F0:B1:BC:1B:D1,PoliSemFio,39,1144.748356103897,B2-01,1,5
2211,54:F0:B1:BC:2E:90,eduroam,59,1144.748356103897,B2-01,1,5
2212,54:F0:B1:BC:2E:B0,eduroam,12,1144.748356103897,B2-01,1,5
2213,54:F0:B1:BC:2E:B1,PoliSemFio,14,1144.748356103897,B2-01,1,5
2214,54:F0:B1:BC:36:10,PoliSemFio,32,1144.748356103897,B2-01,1,5
2215,54:F0:B1:BC:36:11,eduroam,35,1144.748356103897,B2-01,1,5
2216,54:F0:B1:BC:36:12,,30,1144.748356103897,B2-01,1,5
2217,54:F0:B1:BC:36:30,PoliSemFio,12,1144.748356103897,B2-01,1,5
2218,54:F0:B1:BC:36:31,eduroam,14,1144.748356103897,B2-01,1,5
2219,54:F0:B1:BC:3F:10,eduroam,30,1144.748356103897,B2-01,1,5
2220,54:F0:B1:BC:6F:70,eduroam,24,1144.748356103897,B2-01,1,5
2221,54:F0:B1:BC:70:00,eduroam,30,1144.748356103897,B2-01,1,5
2222,54:F0:B1:BC:70:01,PoliSemFio,32,1144.748356103897,B2-01,1,5
2223,54:F0:B1:BC:70:02,,34,1144.748356103897,B2-01,1,5
2224,54:F0:B1:BC:70:20,eduroam,12,1144.748356103897,B2-01,1,5
2225,54:F0:B1:BC:70:21,PoliSemFio,14,1144.748356103897,B2-01,1,5
2226,54:F0:B1:BC:77:80,eduroam,39,1144.748356103897,B2-01,1,5
2227,54:F0:B1:BC:77:81,PoliSemFio,55,1144.748356103897,B2-01,1,5
2228,54:F0:B1:BC:77:82,,55,1144.748356103897,B2-01,1,5
2229,54:F0:B1:BC:77:A0,eduroam,50,1144.748356103897,B2-01,1,5
2230,54:F0:B1:BC:77:A1,PoliSemFio,49,1144.748356103897,B2-01,1,5
2231,54:F0:B1:BC:77:A2,,50,1144.748356103897,B2-01,1,5
2232,54:F0:B1:BC:7C:90,eduroam,15,1144.748356103897,B2-01,1,5
2233,54:F0:B1:BC:7C:B0,eduroam,17,1144.748356103897,B2-01,1,5
2234,54:F0:B1:BC:7C:B1,PoliSemFio,20,1144.748356103897,B2-01,1,5
2235,54:F0:B1:BC:8F:20,eduroam,22,1144.748356103897,B2-01,1,5
2236,54:F0:B1:BC:8F:21,PoliSemFio,30,1144.748356103897,B2-01,1,5
2237,54:F0:B1:BC:8F:22,,27,1144.748356103897,B2-01,1,5
2238,54:F0:B1:BC:8F:40,eduroam,14,1144.748356103897,B2-01,1,5
2239,54:F0:B1:BC:8F:41,PoliSemFio,12,1144.748356103897,B2-01,1,5
2240,68:FF:7B:47:78:BD,C1-22M-5G,25,1144.748356103897,B2-01,1,5
2241,68:FF:7B:47:78:BE,C1-22M,69,1144.748356103897,B2-01,1,5
2242,70:62:B8:6E:72:A0,PCS-wireless-C1-13,55,1144.748356103897,B2-01,1,5
2243,70:62:B8:6E:72:A1,PPGEE,57,1144.748356103897,B2-01,1,5
2244,84:D4:7E:06:4F:E0,eduroam,45,1144.748356103897,B2-01,1,5
2245,84:D4:7E:06:4F:E1,PoliSemFio,47,1144.748356103897,B2-01,1,5
2246,84:D4:7E:06:4F:E2,,49,1144.748356103897,B2-01,1,5
2247,84:D4:7E:06:4F:F0,eduroam,29,1144.748356103897,B2-01,1,5
2248,84:D4:7E:06:4F:F1,PoliSemFio,27,1144.748356103897,B2-01,1,5
2249,B6:4E:26:4B:84:C2,C2-01-Guest,20,1144.748356103897,B2-01,1,5
2250,DE:9F:DB:1C:1F:E0,LARC Guest,25,1144.748356103897,B2-01,1,5
2251,EE:9F:DB:1C:1F:E0,,34,1144.748356103897,B2-01,1,5
2252,F8:1A:67:99:55:8E,NUCLEAR_CHF,44,1144.748356103897,B2-01,1,5
2253,00:18:E7:FF:8C:98,dlink,35,1151.0341334342957,B2-01,1,5
2254,00:18:E7:FF:8C:9A,dlink_media,10,1151.0341334342957,B2-01,1,5
2255,02:E0:DB:48:81:EE,DIRECT-Te-Polycom Pano,22,1151.0341334342957,B2-01,1,5
2256,30:85:A9:69:F2:E4,PCS-Wireless-C2-22,45,1151.0341334342957,B2-01,1,5
2257,34:60:F9:A3:D9:13,GASWIFI-5G_C2,25,1151.0341334342957,B2-01,1,5
2258,34:60:F9:A3:D9:14,GASWIFI-2G_C2,34,1151.0341334342957,B2-01,1,5
2259,34:CE:00:51:3E:6F,Lab,37,1151.0341334342957,B2-01,1,5
2260,34:CE:00:51:3E:70,Lab_5G,9,1151.0341334342957,B2-01,1,5
2261,3A:60:F9:A3:D9:13,,27,1151.0341334342957,B2-01,1,5
2262,3A:60:F9:A3:D9:14,,34,1151.0341334342957,B2-01,1,5
2263,48:00:20:34:D2:40,eduroam,29,1151.0341334342957,B2-01,1,5
2264,54:B8:0A:AA:2C:8C,LAB_DIGITAL,44,1151.0341334342957,B2-01,1,5
2265,54:B8:0A:AA:2C:8D,PCS-Wireless,65,1151.0341334342957,B2-01,1,5
2266,54:B8:0A:AA:2C:8E,LAB_DIGITAL-5GHz,22,1151.0341334342957,B2-01,1,5
2267,54:B8:0A:AA:2C:8F,PCS-Wireless-5GHz,20,1151.0341334342957,B2-01,1,5
2268,54:F0:B1:A1:18:C0,eduroam,37,1151.0341334342957,B2-01,1,5
2269,54:F0:B1:A1:18:C1,PoliSemFio,37,1151.0341334342957,B2-01,1,5
2270,54:F0:B1:A1:18:C3,MEZANINO,37,1151.0341334342957,B2-01,1,5
2271,54:F0:B1:A1:18:C4,GDLAB,37,1151.0341334342957,B2-01,1,5
2272,54:F0:B1:A1:18:C5,LABPAD,37,1151.0341334342957,B2-01,1,5
2273,54:F0:B1:A1:18:D0,eduroam,45,1151.0341334342957,B2-01,1,5
2274,54:F0:B1:A1:18:D1,PoliSemFio,42,1151.0341334342957,B2-01,1,5
2275,54:F0:B1:A1:18:D2,,44,1151.0341334342957,B2-01,1,5
2276,54:F0:B1:A1:18:D3,MEZANINO,34,1151.0341334342957,B2-01,1,5
2277,54:F0:B1:A1:18:D4,GDLAB,47,1151.0341334342957,B2-01,1,5
2278,54:F0:B1:A1:18:D5,LABPAD,44,1151.0341334342957,B2-01,1,5
2279,54:F0:B1:A1:57:F0,eduroam,25,1151.0341334342957,B2-01,1,5
2280,54:F0:B1:A1:57:F1,PoliSemFio,25,1151.0341334342957,B2-01,1,5
2281,54:F0:B1:A1:58:00,eduroam,25,1151.0341334342957,B2-01,1,5
2282,54:F0:B1:A1:58:01,PoliSemFio,30,1151.0341334342957,B2-01,1,5
2283,54:F0:B1:A1:58:02,,30,1151.0341334342957,B2-01,1,5
2284,54:F0:B1:A1:E4:F0,eduroam,17,1151.0341334342957,B2-01,1,5
2285,54:F0:B1:A1:E4:F1,PoliSemFio,19,1151.0341334342957,B2-01,1,5
2286,54:F0:B1:A1:E5:00,eduroam,35,1151.0341334342957,B2-01,1,5
2287,54:F0:B1:A1:E5:01,PoliSemFio,39,1151.0341334342957,B2-01,1,5
2288,54:F0:B1:A1:E5:02,,39,1151.0341334342957,B2-01,1,5
2289,54:F0:B1:A2:37:E0,eduroam,27,1151.0341334342957,B2-01,1,5
2290,54:F0:B1:A2:37:E2,,30,1151.0341334342957,B2-01,1,5
2291,54:F0:B1:A2:57:20,eduroam,30,1151.0341334342957,B2-01,1,5
2292,54:F0:B1:A2:57:21,PoliSemFio,30,1151.0341334342957,B2-01,1,5
2293,54:F0:B1:A2:57:23,LCA,30,1151.0341334342957,B2-01,1,5
2294,54:F0:B1:A2:57:30,eduroam,42,1151.0341334342957,B2-01,1,5
2295,54:F0:B1:A2:57:31,PoliSemFio,39,1151.0341334342957,B2-01,1,5
2296,54:F0:B1:A2:57:32,,37,1151.0341334342957,B2-01,1,5
2297,54:F0:B1:A2:57:33,LCA,29,1151.0341334342957,B2-01,1,5
2298,54:F0:B1:BB:58:A0,eduroam,15,1151.0341334342957,B2-01,1,5
2299,54:F0:B1:BB:58:A3,CAEEL,9,1151.0341334342957,B2-01,1,5
2300,54:F0:B1:BB:5A:80,eduroam,27,1151.0341334342957,B2-01,1,5
2301,54:F0:B1:BB:5A:83,LEP,20,1151.0341334342957,B2-01,1,5
2302,54:F0:B1:BB:63:80,LTE,14,1151.0341334342957,B2-01,1,5
2303,54:F0:B1:BB:63:81,eduroam,10,1151.0341334342957,B2-01,1,5
2304,54:F0:B1:BB:7E:E0,eduroam,19,1151.0341334342957,B2-01,1,5
2305,54:F0:B1:BB:80:C3,LABPROG,24,1151.0341334342957,B2-01,1,5
2306,54:F0:B1:BB:84:B0,eduroam,27,1151.0341334342957,B2-01,1,5
2307,54:F0:B1:BB:84:B1,PoliSemFio,24,1151.0341334342957,B2-01,1,5
2308,54:F0:B1:BB:84:B2,,25,1151.0341334342957,B2-01,1,5
2309,54:F0:B1:BB:84:D0,eduroam,17,1151.0341334342957,B2-01,1,5
2310,54:F0:B1:BB:84:D1,PoliSemFio,15,1151.0341334342957,B2-01,1,5
2311,54:F0:B1:BB:92:C1,PoliSemFio,39,1151.0341334342957,B2-01,1,5
2312,54:F0:B1:BB:92:C2,,39,1151.0341334342957,B2-01,1,5
2313,54:F0:B1:BB:92:E0,eduroam,14,1151.0341334342957,B2-01,1,5
2314,54:F0:B1:BB:92:E1,PoliSemFio,12,1151.0341334342957,B2-01,1,5
2315,54:F0:B1:BB:A1:60,eduroam,10,1151.0341334342957,B2-01,1,5
2316,54:F0:B1:BB:BC:03,CAEEL,14,1151.0341334342957,B2-01,1,5
2317,54:F0:B1:BB:C4:D0,eduroam,45,1151.0341334342957,B2-01,1,5
2318,54:F0:B1:BB:C4:D1,PoliSemFio,35,1151.0341334342957,B2-01,1,5
2319,54:F0:B1:BB:C4:D2,,52,1151.0341334342957,B2-01,1,5
2320,54:F0:B1:BB:C4:F0,eduroam,19,1151.0341334342957,B2-01,1,5
2321,54:F0:B1:BB:C4:F1,PoliSemFio,20,1151.0341334342957,B2-01,1,5
2322,54:F0:B1:BB:C5:C0,eduroam,27,1151.0341334342957,B2-01,1,5
2323,54:F0:B1:BB:C5:C4,GDLAB,25,1151.0341334342957,B2-01,1,5
2324,54:F0:B1:BB:C5:C5,LABPAD,24,1151.0341334342957,B2-01,1,5
2325,54:F0:B1:BB:CC:E0,B209,12,1151.0341334342957,B2-01,1,5
2326,54:F0:B1:BB:CC:E1,PoliSemFio,20,1151.0341334342957,B2-01,1,5
2327,54:F0:B1:BB:CC:E2,,24,1151.0341334342957,B2-01,1,5
2328,54:F0:B1:BB:CC:E3,eduroam,17,1151.0341334342957,B2-01,1,5
2329,54:F0:B1:BB:D1:92,LTE,12,1151.0341334342957,B2-01,1,5
2330,54:F0:B1:BB:FD:D0,eduroam,15,1151.0341334342957,B2-01,1,5
2331,54:F0:B1:BB:FD:D1,PoliSemFio,19,1151.0341334342957,B2-01,1,5
2332,54:F0:B1:BB:FD:D2,,19,1151.0341334342957,B2-01,1,5
2333,54:F0:B1:BC:09:40,eduroam,89,1151.0341334342957,B2-01,1,5
2334,54:F0:B1:BC:09:41,PoliSemFio,85,1151.0341334342957,B2-01,1,5
2335,54:F0:B1:BC:09:42,,77,1151.0341334342957,B2-01,1,5
2336,54:F0:B1:BC:09:60,eduroam,55,1151.0341334342957,B2-01,1,5
2337,54:F0:B1:BC:09:61,PoliSemFio,47,1151.0341334342957,B2-01,1,5
2338,54:F0:B1:BC:0F:D1,PoliSemFio,30,1151.0341334342957,B2-01,1,5
2339,54:F0:B1:BC:0F:D2,,34,1151.0341334342957,B2-01,1,5
2340,54:F0:B1:BC:1B:D1,PoliSemFio,39,1151.0341334342957,B2-01,1,5
2341,54:F0:B1:BC:2E:90,eduroam,59,1151.0341334342957,B2-01,1,5
2342,54:F0:B1:BC:2E:B0,eduroam,12,1151.0341334342957,B2-01,1,5
2343,54:F0:B1:BC:2E:B1,PoliSemFio,12,1151.0341334342957,B2-01,1,5
2344,54:F0:B1:BC:36:10,PoliSemFio,27,1151.0341334342957,B2-01,1,5
2345,54:F0:B1:BC:36:11,eduroam,25,1151.0341334342957,B2-01,1,5
2346,54:F0:B1:BC:36:12,,27,1151.0341334342957,B2-01,1,5
2347,54:F0:B1:BC:36:30,PoliSemFio,12,1151.0341334342957,B2-01,1,5
2348,54:F0:B1:BC:36:31,eduroam,14,1151.0341334342957,B2-01,1,5
2349,54:F0:B1:BC:3F:10,eduroam,30,1151.0341334342957,B2-01,1,5
2350,54:F0:B1:BC:6F:70,eduroam,22,1151.0341334342957,B2-01,1,5
2351,54:F0:B1:BC:6F:71,PoliSemFio,27,1151.0341334342957,B2-01,1,5
2352,54:F0:B1:BC:70:00,eduroam,30,1151.0341334342957,B2-01,1,5
2353,54:F0:B1:BC:70:01,PoliSemFio,32,1151.0341334342957,B2-01,1,5
2354,54:F0:B1:BC:70:02,,34,1151.0341334342957,B2-01,1,5
2355,54:F0:B1:BC:70:20,eduroam,15,1151.0341334342957,B2-01,1,5
2356,54:F0:B1:BC:70:21,PoliSemFio,17,1151.0341334342957,B2-01,1,5
2357,54:F0:B1:BC:77:80,eduroam,72,1151.0341334342957,B2-01,1,5
2358,54:F0:B1:BC:77:81,PoliSemFio,69,1151.0341334342957,B2-01,1,5
2359,54:F0:B1:BC:77:82,,69,1151.0341334342957,B2-01,1,5
2360,54:F0:B1:BC:77:A0,eduroam,47,1151.0341334342957,B2-01,1,5
2361,54:F0:B1:BC:77:A1,PoliSemFio,47,1151.0341334342957,B2-01,1,5
2362,54:F0:B1:BC:77:A2,,50,1151.0341334342957,B2-01,1,5
2363,54:F0:B1:BC:7C:90,eduroam,15,1151.0341334342957,B2-01,1,5
2364,54:F0:B1:BC:7C:B0,eduroam,17,1151.0341334342957,B2-01,1,5
2365,54:F0:B1:BC:7C:B1,PoliSemFio,19,1151.0341334342957,B2-01,1,5
2366,54:F0:B1:BC:8F:20,eduroam,22,1151.0341334342957,B2-01,1,5
2367,54:F0:B1:BC:8F:21,PoliSemFio,30,1151.0341334342957,B2-01,1,5
2368,54:F0:B1:BC:8F:22,,30,1151.0341334342957,B2-01,1,5
2369,54:F0:B1:BC:8F:40,eduroam,14,1151.0341334342957,B2-01,1,5
2370,54:F0:B1:BC:8F:41,PoliSemFio,12,1151.0341334342957,B2-01,1,5
2371,68:FF:7B:47:78:BD,C1-22M-5G,34,1151.0341334342957,B2-01,1,5
2372,68:FF:7B:47:78:BE,C1-22M,69,1151.0341334342957,B2-01,1,5
2373,70:62:B8:6E:72:A0,PCS-wireless-C1-13,57,1151.0341334342957,B2-01,1,5
2374,70:62:B8:6E:72:A1,PPGEE,57,1151.0341334342957,B2-01,1,5
2375,84:D4:7E:06:4F:E0,eduroam,45,1151.0341334342957,B2-01,1,5
2376,84:D4:7E:06:4F:E1,PoliSemFio,47,1151.0341334342957,B2-01,1,5
2377,84:D4:7E:06:4F:E2,,49,1151.0341334342957,B2-01,1,5
2378,84:D4:7E:06:4F:F0,eduroam,39,1151.0341334342957,B2-01,1,5
2379,84:D4:7E:06:4F:F1,PoliSemFio,37,1151.0341334342957,B2-01,1,5
2380,B6:4E:26:4B:84:C2,C2-01-Guest,24,1151.0341334342957,B2-01,1,5
2381,DE:9F:DB:1C:1F:E0,LARC Guest,25,1151.0341334342957,B2-01,1,5
2382,EE:9F:DB:1C:1F:E0,,34,1151.0341334342957,B2-01,1,5
2383,F8:1A:67:99:55:8E,NUCLEAR_CHF,44,1151.0341334342957,B2-01,1,5
