,ap_mac,ap_name,rssi,timestamp,room,door_status,room_part
0,00:18:E7:FF:8C:98,dlink,27,108.16841721534729,B2-01,0,2
1,00:21:91:70:9D:EC,LAB-DIDATICO,14,108.16841721534729,B2-01,0,2
2,20:AA:4B:A7:19:74,LAA03,19,108.16841721534729,B2-01,0,2
3,30:85:A9:69:F2:E4,PCS-Wireless-C2-22,40,108.16841721534729,B2-01,0,2
4,34:60:F9:A3:D9:14,GASWIFI-2G_C2,29,108.16841721534729,B2-01,0,2
5,34:60:F9:A3:E7:3F,GASWIFI_C4,34,108.16841721534729,B2-01,0,2
6,34:CE:00:51:3E:6F,Lab,50,108.16841721534729,B2-01,0,2
7,34:CE:00:51:3E:70,Lab_5G,12,108.16841721534729,B2-01,0,2
8,3A:60:F9:A3:D9:14,,22,108.16841721534729,B2-01,0,2
9,54:B8:0A:AA:2C:8C,LAB_DIGITAL,44,108.16841721534729,B2-01,0,2
10,54:B8:0A:AA:2C:8D,PCS-Wireless,44,108.16841721534729,B2-01,0,2
11,54:F0:B1:A1:18:C0,eduroam,29,108.16841721534729,B2-01,0,2
12,54:F0:B1:A1:18:C1,PoliSemFio,29,108.16841721534729,B2-01,0,2
13,54:F0:B1:A1:18:C3,MEZANINO,29,108.16841721534729,B2-01,0,2
14,54:F0:B1:A1:18:C4,GDLAB,29,108.16841721534729,B2-01,0,2
15,54:F0:B1:A1:18:C5,LABPAD,29,108.16841721534729,B2-01,0,2
16,54:F0:B1:A1:18:D0,eduroam,12,108.16841721534729,B2-01,0,2
17,54:F0:B1:A1:18:D1,PoliSemFio,40,108.16841721534729,B2-01,0,2
18,54:F0:B1:A1:18:D2,,40,108.16841721534729,B2-01,0,2
19,54:F0:B1:A1:18:D3,MEZANINO,24,108.16841721534729,B2-01,0,2
20,54:F0:B1:A1:18:D4,GDLAB,42,108.16841721534729,B2-01,0,2
21,54:F0:B1:A1:18:D5,LABPAD,44,108.16841721534729,B2-01,0,2
22,54:F0:B1:A1:57:F0,eduroam,12,108.16841721534729,B2-01,0,2
23,54:F0:B1:A1:57:F1,PoliSemFio,9,108.16841721534729,B2-01,0,2
24,54:F0:B1:A1:57:F2,,12,108.16841721534729,B2-01,0,2
25,54:F0:B1:A1:58:00,eduroam,39,108.16841721534729,B2-01,0,2
26,54:F0:B1:A1:58:01,PoliSemFio,42,108.16841721534729,B2-01,0,2
27,54:F0:B1:A1:58:02,,42,108.16841721534729,B2-01,0,2
28,54:F0:B1:A1:E5:01,PoliSemFio,32,108.16841721534729,B2-01,0,2
29,54:F0:B1:A1:E5:02,,32,108.16841721534729,B2-01,0,2
30,54:F0:B1:A2:4A:70,eduroam,9,108.16841721534729,B2-01,0,2
31,54:F0:B1:A2:56:70,eduroam,15,108.16841721534729,B2-01,0,2
32,54:F0:B1:A2:56:71,PoliSemFio,27,108.16841721534729,B2-01,0,2
33,54:F0:B1:A2:56:72,,30,108.16841721534729,B2-01,0,2
34,54:F0:B1:A2:57:20,eduroam,12,108.16841721534729,B2-01,0,2
35,54:F0:B1:A2:57:21,PoliSemFio,12,108.16841721534729,B2-01,0,2
36,54:F0:B1:A2:57:23,LCA,12,108.16841721534729,B2-01,0,2
37,54:F0:B1:A2:57:30,eduroam,27,108.16841721534729,B2-01,0,2
38,54:F0:B1:A2:57:31,PoliSemFio,30,108.16841721534729,B2-01,0,2
39,54:F0:B1:A2:57:32,,29,108.16841721534729,B2-01,0,2
40,54:F0:B1:A2:57:33,LCA,30,108.16841721534729,B2-01,0,2
41,54:F0:B1:BB:5A:81,PoliSemFio,30,108.16841721534729,B2-01,0,2
42,54:F0:B1:BB:5A:82,HACKER,32,108.16841721534729,B2-01,0,2
43,54:F0:B1:BB:5A:83,LEP,34,108.16841721534729,B2-01,0,2
44,54:F0:B1:BB:5A:84,,29,108.16841721534729,B2-01,0,2
45,54:F0:B1:BB:84:B2,,22,108.16841721534729,B2-01,0,2
46,54:F0:B1:BB:92:C2,,27,108.16841721534729,B2-01,0,2
47,54:F0:B1:BB:BE:10,eduroam,10,108.16841721534729,B2-01,0,2
48,54:F0:B1:BB:C4:D0,eduroam,67,108.16841721534729,B2-01,0,2
49,54:F0:B1:BB:C4:D1,PoliSemFio,47,108.16841721534729,B2-01,0,2
50,54:F0:B1:BB:C4:D2,,49,108.16841721534729,B2-01,0,2
51,54:F0:B1:BB:C4:F0,eduroam,45,108.16841721534729,B2-01,0,2
52,54:F0:B1:BB:C4:F1,PoliSemFio,45,108.16841721534729,B2-01,0,2
53,54:F0:B1:BB:CD:A0,eduroam,12,108.16841721534729,B2-01,0,2
54,54:F0:B1:BB:F3:20,eduroam,20,108.16841721534729,B2-01,0,2
55,54:F0:B1:BB:F3:21,PoliSemFio,22,108.16841721534729,B2-01,0,2
56,54:F0:B1:BB:F3:22,,20,108.16841721534729,B2-01,0,2
57,54:F0:B1:BB:FD:D0,eduroam,15,108.16841721534729,B2-01,0,2
58,54:F0:B1:BB:FD:D1,PoliSemFio,25,108.16841721534729,B2-01,0,2
59,54:F0:B1:BB:FD:D2,,25,108.16841721534729,B2-01,0,2
60,54:F0:B1:BC:09:40,eduroam,87,108.16841721534729,B2-01,0,2
61,54:F0:B1:BC:09:41,PoliSemFio,100,108.16841721534729,B2-01,0,2
62,54:F0:B1:BC:09:42,,99,108.16841721534729,B2-01,0,2
63,54:F0:B1:BC:09:60,eduroam,61,108.16841721534729,B2-01,0,2
64,54:F0:B1:BC:09:61,PoliSemFio,79,108.16841721534729,B2-01,0,2
65,54:F0:B1:BC:1B:D0,eduroam,47,108.16841721534729,B2-01,0,2
66,54:F0:B1:BC:1B:D1,PoliSemFio,60,108.16841721534729,B2-01,0,2
67,54:F0:B1:BC:1B:D2,,59,108.16841721534729,B2-01,0,2
68,54:F0:B1:BC:1B:F0,eduroam,17,108.16841721534729,B2-01,0,2
69,54:F0:B1:BC:1B:F1,PoliSemFio,15,108.16841721534729,B2-01,0,2
70,54:F0:B1:BC:1B:F2,,27,108.16841721534729,B2-01,0,2
71,54:F0:B1:BC:2E:90,eduroam,67,108.16841721534729,B2-01,0,2
72,54:F0:B1:BC:2E:91,PoliSemFio,50,108.16841721534729,B2-01,0,2
73,54:F0:B1:BC:2E:92,,50,108.16841721534729,B2-01,0,2
74,54:F0:B1:BC:2E:B0,eduroam,34,108.16841721534729,B2-01,0,2
75,54:F0:B1:BC:2E:B1,PoliSemFio,35,108.16841721534729,B2-01,0,2
76,54:F0:B1:BC:36:10,PoliSemFio,19,108.16841721534729,B2-01,0,2
77,54:F0:B1:BC:36:11,eduroam,24,108.16841721534729,B2-01,0,2
78,54:F0:B1:BC:36:12,,25,108.16841721534729,B2-01,0,2
79,54:F0:B1:BC:3F:10,eduroam,25,108.16841721534729,B2-01,0,2
80,54:F0:B1:BC:3F:11,PoliSemFio,29,108.16841721534729,B2-01,0,2
81,54:F0:B1:BC:65:B0,eduroam,19,108.16841721534729,B2-01,0,2
82,54:F0:B1:BC:70:00,eduroam,45,108.16841721534729,B2-01,0,2
83,54:F0:B1:BC:70:01,PoliSemFio,39,108.16841721534729,B2-01,0,2
84,54:F0:B1:BC:70:02,,47,108.16841721534729,B2-01,0,2
85,54:F0:B1:BC:70:20,eduroam,15,108.16841721534729,B2-01,0,2
86,54:F0:B1:BC:70:21,PoliSemFio,15,108.16841721534729,B2-01,0,2
87,54:F0:B1:BC:77:80,eduroam,55,108.16841721534729,B2-01,0,2
88,54:F0:B1:BC:77:81,PoliSemFio,39,108.16841721534729,B2-01,0,2
89,54:F0:B1:BC:77:82,,55,108.16841721534729,B2-01,0,2
90,54:F0:B1:BC:77:A0,eduroam,20,108.16841721534729,B2-01,0,2
91,54:F0:B1:BC:77:A1,PoliSemFio,20,108.16841721534729,B2-01,0,2
92,54:F0:B1:BC:8F:20,eduroam,24,108.16841721534729,B2-01,0,2
93,54:F0:B1:BC:8F:21,PoliSemFio,27,108.16841721534729,B2-01,0,2
94,54:F0:B1:BC:8F:22,,25,108.16841721534729,B2-01,0,2
95,68:FF:7B:47:78:BE,C1-22M,30,108.16841721534729,B2-01,0,2
96,70:62:B8:6E:72:A0,PCS-wireless-C1-13,40,108.16841721534729,B2-01,0,2
97,70:62:B8:6E:72:A1,PPGEE,44,108.16841721534729,B2-01,0,2
98,84:D4:7E:06:4F:E0,eduroam,72,108.16841721534729,B2-01,0,2
99,84:D4:7E:06:4F:E1,PoliSemFio,67,108.16841721534729,B2-01,0,2
100,84:D4:7E:06:4F:E2,,67,108.16841721534729,B2-01,0,2
101,84:D4:7E:06:4F:F0,eduroam,35,108.16841721534729,B2-01,0,2
102,84:D4:7E:06:4F:F1,PoliSemFio,35,108.16841721534729,B2-01,0,2
103,84:D4:7E:06:4F:F2,,34,108.16841721534729,B2-01,0,2
104,DC:9F:DB:1C:1F:E0,LWN-3,29,108.16841721534729,B2-01,0,2
105,DE:9F:DB:1C:1F:E0,LARC Guest,24,108.16841721534729,B2-01,0,2
106,EE:9F:DB:1C:1F:E0,,32,108.16841721534729,B2-01,0,2
107,F8:1A:67:99:55:8E,NUCLEAR_CHF,32,108.16841721534729,B2-01,0,2
108,FE:9F:DB:1C:1F:D7,,25,108.16841721534729,B2-01,0,2
109,00:18:E7:FF:8C:98,dlink,27,110.79525971412659,B2-01,0,2
110,00:21:91:70:9D:EC,LAB-DIDATICO,14,110.79525971412659,B2-01,0,2
111,20:AA:4B:A7:19:74,LAA03,19,110.79525971412659,B2-01,0,2
112,34:60:F9:A3:D9:14,GASWIFI-2G_C2,29,110.79525971412659,B2-01,0,2
113,34:60:F9:A3:E7:3F,GASWIFI_C4,34,110.79525971412659,B2-01,0,2
114,34:CE:00:51:3E:6F,Lab,55,110.79525971412659,B2-01,0,2
115,34:CE:00:51:3E:70,Lab_5G,24,110.79525971412659,B2-01,0,2
116,3A:60:F9:A3:D9:14,,22,110.79525971412659,B2-01,0,2
117,54:B8:0A:AA:2C:8C,LAB_DIGITAL,44,110.79525971412659,B2-01,0,2
118,54:B8:0A:AA:2C:8D,PCS-Wireless,39,110.79525971412659,B2-01,0,2
119,54:F0:B1:A1:18:C0,eduroam,17,110.79525971412659,B2-01,0,2
120,54:F0:B1:A1:18:C1,PoliSemFio,29,110.79525971412659,B2-01,0,2
121,54:F0:B1:A1:18:C3,MEZANINO,17,110.79525971412659,B2-01,0,2
122,54:F0:B1:A1:18:C4,GDLAB,15,110.79525971412659,B2-01,0,2
123,54:F0:B1:A1:18:C5,LABPAD,19,110.79525971412659,B2-01,0,2
124,54:F0:B1:A1:18:D0,eduroam,12,110.79525971412659,B2-01,0,2
125,54:F0:B1:A1:18:D1,PoliSemFio,40,110.79525971412659,B2-01,0,2
126,54:F0:B1:A1:18:D2,,40,110.79525971412659,B2-01,0,2
127,54:F0:B1:A1:18:D3,MEZANINO,25,110.79525971412659,B2-01,0,2
128,54:F0:B1:A1:18:D4,GDLAB,42,110.79525971412659,B2-01,0,2
129,54:F0:B1:A1:18:D5,LABPAD,44,110.79525971412659,B2-01,0,2
130,54:F0:B1:A1:57:F0,eduroam,19,110.79525971412659,B2-01,0,2
131,54:F0:B1:A1:57:F1,PoliSemFio,19,110.79525971412659,B2-01,0,2
132,54:F0:B1:A1:57:F2,,12,110.79525971412659,B2-01,0,2
133,54:F0:B1:A1:58:00,eduroam,32,110.79525971412659,B2-01,0,2
134,54:F0:B1:A1:58:01,PoliSemFio,42,110.79525971412659,B2-01,0,2
135,54:F0:B1:A1:58:02,,42,110.79525971412659,B2-01,0,2
136,54:F0:B1:A1:E5:00,eduroam,32,110.79525971412659,B2-01,0,2
137,54:F0:B1:A1:E5:01,PoliSemFio,32,110.79525971412659,B2-01,0,2
138,54:F0:B1:A1:E5:02,,32,110.79525971412659,B2-01,0,2
139,54:F0:B1:A2:4A:70,eduroam,9,110.79525971412659,B2-01,0,2
140,54:F0:B1:A2:56:70,eduroam,15,110.79525971412659,B2-01,0,2
141,54:F0:B1:A2:56:71,PoliSemFio,27,110.79525971412659,B2-01,0,2
142,54:F0:B1:A2:56:72,,30,110.79525971412659,B2-01,0,2
143,54:F0:B1:A2:57:20,eduroam,12,110.79525971412659,B2-01,0,2
144,54:F0:B1:A2:57:21,PoliSemFio,12,110.79525971412659,B2-01,0,2
145,54:F0:B1:A2:57:23,LCA,12,110.79525971412659,B2-01,0,2
146,54:F0:B1:A2:57:30,eduroam,27,110.79525971412659,B2-01,0,2
147,54:F0:B1:A2:57:32,,29,110.79525971412659,B2-01,0,2
148,54:F0:B1:A2:57:33,LCA,27,110.79525971412659,B2-01,0,2
149,54:F0:B1:BB:5A:81,PoliSemFio,30,110.79525971412659,B2-01,0,2
150,54:F0:B1:BB:5A:82,HACKER,30,110.79525971412659,B2-01,0,2
151,54:F0:B1:BB:5A:83,LEP,29,110.79525971412659,B2-01,0,2
152,54:F0:B1:BB:5A:84,,29,110.79525971412659,B2-01,0,2
153,54:F0:B1:BB:84:B2,,22,110.79525971412659,B2-01,0,2
154,54:F0:B1:BB:BE:10,eduroam,10,110.79525971412659,B2-01,0,2
155,54:F0:B1:BB:C4:D0,eduroam,54,110.79525971412659,B2-01,0,2
156,54:F0:B1:BB:C4:D1,PoliSemFio,75,110.79525971412659,B2-01,0,2
157,54:F0:B1:BB:C4:D2,,75,110.79525971412659,B2-01,0,2
158,54:F0:B1:BB:C4:F0,eduroam,47,110.79525971412659,B2-01,0,2
159,54:F0:B1:BB:C4:F1,PoliSemFio,47,110.79525971412659,B2-01,0,2
160,54:F0:B1:BB:CD:A0,eduroam,12,110.79525971412659,B2-01,0,2
161,54:F0:B1:BB:F3:20,eduroam,30,110.79525971412659,B2-01,0,2
162,54:F0:B1:BB:F3:21,PoliSemFio,22,110.79525971412659,B2-01,0,2
163,54:F0:B1:BB:F3:22,,30,110.79525971412659,B2-01,0,2
164,54:F0:B1:BB:FD:D0,eduroam,15,110.79525971412659,B2-01,0,2
165,54:F0:B1:BB:FD:D1,PoliSemFio,25,110.79525971412659,B2-01,0,2
166,54:F0:B1:BB:FD:D2,,25,110.79525971412659,B2-01,0,2
167,54:F0:B1:BC:09:40,eduroam,82,110.79525971412659,B2-01,0,2
168,54:F0:B1:BC:09:41,PoliSemFio,80,110.79525971412659,B2-01,0,2
169,54:F0:B1:BC:09:42,,80,110.79525971412659,B2-01,0,2
170,54:F0:B1:BC:09:60,eduroam,47,110.79525971412659,B2-01,0,2
171,54:F0:B1:BC:09:61,PoliSemFio,47,110.79525971412659,B2-01,0,2
172,54:F0:B1:BC:1B:D0,eduroam,47,110.79525971412659,B2-01,0,2
173,54:F0:B1:BC:1B:D1,PoliSemFio,47,110.79525971412659,B2-01,0,2
174,54:F0:B1:BC:1B:D2,,47,110.79525971412659,B2-01,0,2
175,54:F0:B1:BC:1B:F0,eduroam,17,110.79525971412659,B2-01,0,2
176,54:F0:B1:BC:1B:F1,PoliSemFio,15,110.79525971412659,B2-01,0,2
177,54:F0:B1:BC:2E:90,eduroam,67,110.79525971412659,B2-01,0,2
178,54:F0:B1:BC:2E:91,PoliSemFio,50,110.79525971412659,B2-01,0,2
179,54:F0:B1:BC:2E:92,,50,110.79525971412659,B2-01,0,2
180,54:F0:B1:BC:2E:B0,eduroam,20,110.79525971412659,B2-01,0,2
181,54:F0:B1:BC:2E:B1,PoliSemFio,22,110.79525971412659,B2-01,0,2
182,54:F0:B1:BC:36:10,PoliSemFio,19,110.79525971412659,B2-01,0,2
183,54:F0:B1:BC:36:11,eduroam,24,110.79525971412659,B2-01,0,2
184,54:F0:B1:BC:36:12,,25,110.79525971412659,B2-01,0,2
185,54:F0:B1:BC:3F:10,eduroam,25,110.79525971412659,B2-01,0,2
186,54:F0:B1:BC:3F:11,PoliSemFio,29,110.79525971412659,B2-01,0,2
187,54:F0:B1:BC:65:B0,eduroam,19,110.79525971412659,B2-01,0,2
188,54:F0:B1:BC:70:00,eduroam,62,110.79525971412659,B2-01,0,2
189,54:F0:B1:BC:70:01,PoliSemFio,59,110.79525971412659,B2-01,0,2
190,54:F0:B1:BC:70:02,,59,110.79525971412659,B2-01,0,2
191,54:F0:B1:BC:70:20,eduroam,15,110.79525971412659,B2-01,0,2
192,54:F0:B1:BC:70:21,PoliSemFio,15,110.79525971412659,B2-01,0,2
193,54:F0:B1:BC:77:80,eduroam,40,110.79525971412659,B2-01,0,2
194,54:F0:B1:BC:77:81,PoliSemFio,49,110.79525971412659,B2-01,0,2
195,54:F0:B1:BC:77:82,,49,110.79525971412659,B2-01,0,2
196,54:F0:B1:BC:77:A0,eduroam,22,110.79525971412659,B2-01,0,2
197,54:F0:B1:BC:77:A1,PoliSemFio,22,110.79525971412659,B2-01,0,2
198,54:F0:B1:BC:8F:20,eduroam,24,110.79525971412659,B2-01,0,2
199,54:F0:B1:BC:8F:21,PoliSemFio,27,110.79525971412659,B2-01,0,2
200,54:F0:B1:BC:8F:22,,25,110.79525971412659,B2-01,0,2
201,68:FF:7B:47:78:BE,C1-22M,40,110.79525971412659,B2-01,0,2
202,70:62:B8:6E:72:A0,PCS-wireless-C1-13,45,110.79525971412659,B2-01,0,2
203,70:62:B8:6E:72:A1,PPGEE,42,110.79525971412659,B2-01,0,2
204,84:D4:7E:06:4F:E0,eduroam,54,110.79525971412659,B2-01,0,2
205,84:D4:7E:06:4F:E1,PoliSemFio,52,110.79525971412659,B2-01,0,2
206,84:D4:7E:06:4F:E2,,52,110.79525971412659,B2-01,0,2
207,84:D4:7E:06:4F:F0,eduroam,22,110.79525971412659,B2-01,0,2
208,84:D4:7E:06:4F:F1,PoliSemFio,22,110.79525971412659,B2-01,0,2
209,84:D4:7E:06:4F:F2,,34,110.79525971412659,B2-01,0,2
210,DC:9F:DB:1C:1F:E0,LWN-3,40,110.79525971412659,B2-01,0,2
211,DE:9F:DB:1C:1F:E0,LARC Guest,39,110.79525971412659,B2-01,0,2
212,EE:9F:DB:1C:1F:E0,,39,110.79525971412659,B2-01,0,2
213,F8:1A:67:99:55:8E,NUCLEAR_CHF,32,110.79525971412659,B2-01,0,2
214,FE:9F:DB:1C:1F:D7,,25,110.79525971412659,B2-01,0,2
215,00:18:E7:FF:8C:98,dlink,27,113.42866587638855,B2-01,0,2
216,00:21:91:70:9D:EC,LAB-DIDATICO,14,113.42866587638855,B2-01,0,2
217,20:AA:4B:A7:19:74,LAA03,19,113.42866587638855,B2-01,0,2
218,34:60:F9:A3:D9:14,GASWIFI-2G_C2,29,113.42866587638855,B2-01,0,2
219,34:60:F9:A3:E7:3F,GASWIFI_C4,34,113.42866587638855,B2-01,0,2
220,34:CE:00:51:3E:6F,Lab,55,113.42866587638855,B2-01,0,2
221,34:CE:00:51:3E:70,Lab_5G,24,113.42866587638855,B2-01,0,2
222,3A:60:F9:A3:D9:14,,22,113.42866587638855,B2-01,0,2
223,54:B8:0A:AA:2C:8C,LAB_DIGITAL,44,113.42866587638855,B2-01,0,2
224,54:B8:0A:AA:2C:8D,PCS-Wireless,39,113.42866587638855,B2-01,0,2
225,54:F0:B1:A1:18:C0,eduroam,17,113.42866587638855,B2-01,0,2
226,54:F0:B1:A1:18:C1,PoliSemFio,29,113.42866587638855,B2-01,0,2
227,54:F0:B1:A1:18:C3,MEZANINO,17,113.42866587638855,B2-01,0,2
228,54:F0:B1:A1:18:C4,GDLAB,15,113.42866587638855,B2-01,0,2
229,54:F0:B1:A1:18:C5,LABPAD,19,113.42866587638855,B2-01,0,2
230,54:F0:B1:A1:18:D0,eduroam,12,113.42866587638855,B2-01,0,2
231,54:F0:B1:A1:18:D1,PoliSemFio,40,113.42866587638855,B2-01,0,2
232,54:F0:B1:A1:18:D2,,40,113.42866587638855,B2-01,0,2
233,54:F0:B1:A1:18:D3,MEZANINO,25,113.42866587638855,B2-01,0,2
234,54:F0:B1:A1:18:D4,GDLAB,42,113.42866587638855,B2-01,0,2
235,54:F0:B1:A1:18:D5,LABPAD,44,113.42866587638855,B2-01,0,2
236,54:F0:B1:A1:57:F0,eduroam,19,113.42866587638855,B2-01,0,2
237,54:F0:B1:A1:57:F1,PoliSemFio,19,113.42866587638855,B2-01,0,2
238,54:F0:B1:A1:57:F2,,12,113.42866587638855,B2-01,0,2
239,54:F0:B1:A1:58:00,eduroam,32,113.42866587638855,B2-01,0,2
240,54:F0:B1:A1:58:01,PoliSemFio,42,113.42866587638855,B2-01,0,2
241,54:F0:B1:A1:58:02,,42,113.42866587638855,B2-01,0,2
242,54:F0:B1:A1:E5:00,eduroam,32,113.42866587638855,B2-01,0,2
243,54:F0:B1:A1:E5:01,PoliSemFio,32,113.42866587638855,B2-01,0,2
244,54:F0:B1:A1:E5:02,,32,113.42866587638855,B2-01,0,2
245,54:F0:B1:A2:4A:70,eduroam,9,113.42866587638855,B2-01,0,2
246,54:F0:B1:A2:56:70,eduroam,15,113.42866587638855,B2-01,0,2
247,54:F0:B1:A2:56:71,PoliSemFio,27,113.42866587638855,B2-01,0,2
248,54:F0:B1:A2:56:72,,30,113.42866587638855,B2-01,0,2
249,54:F0:B1:A2:57:20,eduroam,12,113.42866587638855,B2-01,0,2
250,54:F0:B1:A2:57:21,PoliSemFio,12,113.42866587638855,B2-01,0,2
251,54:F0:B1:A2:57:23,LCA,12,113.42866587638855,B2-01,0,2
252,54:F0:B1:A2:57:30,eduroam,27,113.42866587638855,B2-01,0,2
253,54:F0:B1:A2:57:32,,29,113.42866587638855,B2-01,0,2
254,54:F0:B1:A2:57:33,LCA,27,113.42866587638855,B2-01,0,2
255,54:F0:B1:BB:5A:81,PoliSemFio,30,113.42866587638855,B2-01,0,2
256,54:F0:B1:BB:5A:82,HACKER,30,113.42866587638855,B2-01,0,2
257,54:F0:B1:BB:5A:83,LEP,29,113.42866587638855,B2-01,0,2
258,54:F0:B1:BB:5A:84,,29,113.42866587638855,B2-01,0,2
259,54:F0:B1:BB:84:B2,,22,113.42866587638855,B2-01,0,2
260,54:F0:B1:BB:BE:10,eduroam,10,113.42866587638855,B2-01,0,2
261,54:F0:B1:BB:C4:D0,eduroam,54,113.42866587638855,B2-01,0,2
262,54:F0:B1:BB:C4:D1,PoliSemFio,75,113.42866587638855,B2-01,0,2
263,54:F0:B1:BB:C4:D2,,75,113.42866587638855,B2-01,0,2
264,54:F0:B1:BB:C4:F0,eduroam,47,113.42866587638855,B2-01,0,2
265,54:F0:B1:BB:C4:F1,PoliSemFio,47,113.42866587638855,B2-01,0,2
266,54:F0:B1:BB:CD:A0,eduroam,12,113.42866587638855,B2-01,0,2
267,54:F0:B1:BB:F3:20,eduroam,30,113.42866587638855,B2-01,0,2
268,54:F0:B1:BB:F3:21,PoliSemFio,22,113.42866587638855,B2-01,0,2
269,54:F0:B1:BB:F3:22,,30,113.42866587638855,B2-01,0,2
270,54:F0:B1:BB:FD:D0,eduroam,15,113.42866587638855,B2-01,0,2
271,54:F0:B1:BB:FD:D1,PoliSemFio,25,113.42866587638855,B2-01,0,2
272,54:F0:B1:BB:FD:D2,,25,113.42866587638855,B2-01,0,2
273,54:F0:B1:BC:09:40,eduroam,82,113.42866587638855,B2-01,0,2
274,54:F0:B1:BC:09:41,PoliSemFio,80,113.42866587638855,B2-01,0,2
275,54:F0:B1:BC:09:42,,80,113.42866587638855,B2-01,0,2
276,54:F0:B1:BC:09:60,eduroam,66,113.42866587638855,B2-01,0,2
277,54:F0:B1:BC:09:61,PoliSemFio,47,113.42866587638855,B2-01,0,2
278,54:F0:B1:BC:1B:D0,eduroam,47,113.42866587638855,B2-01,0,2
279,54:F0:B1:BC:1B:D1,PoliSemFio,47,113.42866587638855,B2-01,0,2
280,54:F0:B1:BC:1B:D2,,47,113.42866587638855,B2-01,0,2
281,54:F0:B1:BC:1B:F0,eduroam,17,113.42866587638855,B2-01,0,2
282,54:F0:B1:BC:1B:F1,PoliSemFio,15,113.42866587638855,B2-01,0,2
283,54:F0:B1:BC:2E:90,eduroam,67,113.42866587638855,B2-01,0,2
284,54:F0:B1:BC:2E:91,PoliSemFio,50,113.42866587638855,B2-01,0,2
285,54:F0:B1:BC:2E:92,,50,113.42866587638855,B2-01,0,2
286,54:F0:B1:BC:2E:B0,eduroam,20,113.42866587638855,B2-01,0,2
287,54:F0:B1:BC:2E:B1,PoliSemFio,22,113.42866587638855,B2-01,0,2
288,54:F0:B1:BC:36:10,PoliSemFio,19,113.42866587638855,B2-01,0,2
289,54:F0:B1:BC:36:11,eduroam,24,113.42866587638855,B2-01,0,2
290,54:F0:B1:BC:36:12,,25,113.42866587638855,B2-01,0,2
291,54:F0:B1:BC:3F:10,eduroam,25,113.42866587638855,B2-01,0,2
292,54:F0:B1:BC:3F:11,PoliSemFio,29,113.42866587638855,B2-01,0,2
293,54:F0:B1:BC:65:B0,eduroam,19,113.42866587638855,B2-01,0,2
294,54:F0:B1:BC:70:00,eduroam,62,113.42866587638855,B2-01,0,2
295,54:F0:B1:BC:70:01,PoliSemFio,59,113.42866587638855,B2-01,0,2
296,54:F0:B1:BC:70:02,,59,113.42866587638855,B2-01,0,2
297,54:F0:B1:BC:70:20,eduroam,15,113.42866587638855,B2-01,0,2
298,54:F0:B1:BC:70:21,PoliSemFio,15,113.42866587638855,B2-01,0,2
299,54:F0:B1:BC:77:80,eduroam,40,113.42866587638855,B2-01,0,2
300,54:F0:B1:BC:77:81,PoliSemFio,49,113.42866587638855,B2-01,0,2
301,54:F0:B1:BC:77:82,,49,113.42866587638855,B2-01,0,2
302,54:F0:B1:BC:77:A0,eduroam,22,113.42866587638855,B2-01,0,2
303,54:F0:B1:BC:77:A1,PoliSemFio,22,113.42866587638855,B2-01,0,2
304,54:F0:B1:BC:8F:20,eduroam,24,113.42866587638855,B2-01,0,2
305,54:F0:B1:BC:8F:21,PoliSemFio,27,113.42866587638855,B2-01,0,2
306,54:F0:B1:BC:8F:22,,25,113.42866587638855,B2-01,0,2
307,68:FF:7B:47:78:BE,C1-22M,40,113.42866587638855,B2-01,0,2
308,70:62:B8:6E:72:A0,PCS-wireless-C1-13,45,113.42866587638855,B2-01,0,2
309,70:62:B8:6E:72:A1,PPGEE,42,113.42866587638855,B2-01,0,2
310,84:D4:7E:06:4F:E0,eduroam,54,113.42866587638855,B2-01,0,2
311,84:D4:7E:06:4F:E1,PoliSemFio,52,113.42866587638855,B2-01,0,2
312,84:D4:7E:06:4F:E2,,52,113.42866587638855,B2-01,0,2
313,84:D4:7E:06:4F:F0,eduroam,22,113.42866587638855,B2-01,0,2
314,84:D4:7E:06:4F:F1,PoliSemFio,22,113.42866587638855,B2-01,0,2
315,84:D4:7E:06:4F:F2,,34,113.42866587638855,B2-01,0,2
316,DC:9F:DB:1C:1F:E0,LWN-3,40,113.42866587638855,B2-01,0,2
317,DE:9F:DB:1C:1F:E0,LARC Guest,39,113.42866587638855,B2-01,0,2
318,EE:9F:DB:1C:1F:E0,,39,113.42866587638855,B2-01,0,2
319,F8:1A:67:99:55:8E,NUCLEAR_CHF,32,113.42866587638855,B2-01,0,2
320,FE:9F:DB:1C:1F:D7,,25,113.42866587638855,B2-01,0,2
321,00:18:E7:FF:8C:98,dlink,27,119.69073963165283,B2-01,0,2
322,00:21:91:70:9D:EC,LAB-DIDATICO,29,119.69073963165283,B2-01,0,2
323,20:AA:4B:A7:19:74,LAA03,19,119.69073963165283,B2-01,0,2
324,34:60:F9:A3:D9:14,GASWIFI-2G_C2,29,119.69073963165283,B2-01,0,2
325,34:60:F9:A3:E7:3F,GASWIFI_C4,34,119.69073963165283,B2-01,0,2
326,34:CE:00:51:3E:6F,Lab,52,119.69073963165283,B2-01,0,2
327,34:CE:00:51:3E:70,Lab_5G,9,119.69073963165283,B2-01,0,2
328,3A:60:F9:A3:D9:14,,22,119.69073963165283,B2-01,0,2
329,54:B8:0A:AA:2C:8C,LAB_DIGITAL,44,119.69073963165283,B2-01,0,2
330,54:B8:0A:AA:2C:8D,PCS-Wireless,45,119.69073963165283,B2-01,0,2
331,54:F0:B1:A1:18:C0,eduroam,17,119.69073963165283,B2-01,0,2
332,54:F0:B1:A1:18:C1,PoliSemFio,29,119.69073963165283,B2-01,0,2
333,54:F0:B1:A1:18:C3,MEZANINO,17,119.69073963165283,B2-01,0,2
334,54:F0:B1:A1:18:C4,GDLAB,15,119.69073963165283,B2-01,0,2
335,54:F0:B1:A1:18:C5,LABPAD,19,119.69073963165283,B2-01,0,2
336,54:F0:B1:A1:18:D0,eduroam,29,119.69073963165283,B2-01,0,2
337,54:F0:B1:A1:18:D1,PoliSemFio,30,119.69073963165283,B2-01,0,2
338,54:F0:B1:A1:18:D2,,30,119.69073963165283,B2-01,0,2
339,54:F0:B1:A1:18:D3,MEZANINO,25,119.69073963165283,B2-01,0,2
340,54:F0:B1:A1:18:D4,GDLAB,2,119.69073963165283,B2-01,0,2
341,54:F0:B1:A1:18:D5,LABPAD,34,119.69073963165283,B2-01,0,2
342,54:F0:B1:A1:57:F0,eduroam,19,119.69073963165283,B2-01,0,2
343,54:F0:B1:A1:57:F1,PoliSemFio,19,119.69073963165283,B2-01,0,2
344,54:F0:B1:A1:57:F2,,12,119.69073963165283,B2-01,0,2
345,54:F0:B1:A1:58:00,eduroam,37,119.69073963165283,B2-01,0,2
346,54:F0:B1:A1:58:01,PoliSemFio,35,119.69073963165283,B2-01,0,2
347,54:F0:B1:A1:58:02,,42,119.69073963165283,B2-01,0,2
348,54:F0:B1:A1:E5:00,eduroam,32,119.69073963165283,B2-01,0,2
349,54:F0:B1:A1:E5:01,PoliSemFio,27,119.69073963165283,B2-01,0,2
350,54:F0:B1:A1:E5:02,,27,119.69073963165283,B2-01,0,2
351,54:F0:B1:A2:4A:70,eduroam,9,119.69073963165283,B2-01,0,2
352,54:F0:B1:A2:56:70,eduroam,19,119.69073963165283,B2-01,0,2
353,54:F0:B1:A2:56:71,PoliSemFio,27,119.69073963165283,B2-01,0,2
354,54:F0:B1:A2:56:72,,30,119.69073963165283,B2-01,0,2
355,54:F0:B1:A2:57:20,eduroam,12,119.69073963165283,B2-01,0,2
356,54:F0:B1:A2:57:21,PoliSemFio,12,119.69073963165283,B2-01,0,2
357,54:F0:B1:A2:57:23,LCA,12,119.69073963165283,B2-01,0,2
358,54:F0:B1:A2:57:30,eduroam,27,119.69073963165283,B2-01,0,2
359,54:F0:B1:A2:57:32,,29,119.69073963165283,B2-01,0,2
360,54:F0:B1:A2:57:33,LCA,25,119.69073963165283,B2-01,0,2
361,54:F0:B1:BB:5A:82,HACKER,32,119.69073963165283,B2-01,0,2
362,54:F0:B1:BB:5A:83,LEP,32,119.69073963165283,B2-01,0,2
363,54:F0:B1:BB:84:B2,,29,119.69073963165283,B2-01,0,2
364,54:F0:B1:BB:BE:10,eduroam,10,119.69073963165283,B2-01,0,2
365,54:F0:B1:BB:C4:D0,eduroam,65,119.69073963165283,B2-01,0,2
366,54:F0:B1:BB:C4:D1,PoliSemFio,75,119.69073963165283,B2-01,0,2
367,54:F0:B1:BB:C4:D2,,75,119.69073963165283,B2-01,0,2
368,54:F0:B1:BB:C4:F0,eduroam,47,119.69073963165283,B2-01,0,2
369,54:F0:B1:BB:C4:F1,PoliSemFio,45,119.69073963165283,B2-01,0,2
370,54:F0:B1:BB:CD:A0,eduroam,12,119.69073963165283,B2-01,0,2
371,54:F0:B1:BB:F3:20,eduroam,30,119.69073963165283,B2-01,0,2
372,54:F0:B1:BB:F3:21,PoliSemFio,22,119.69073963165283,B2-01,0,2
373,54:F0:B1:BB:F3:22,,30,119.69073963165283,B2-01,0,2
374,54:F0:B1:BB:FD:D0,eduroam,15,119.69073963165283,B2-01,0,2
375,54:F0:B1:BB:FD:D1,PoliSemFio,25,119.69073963165283,B2-01,0,2
376,54:F0:B1:BB:FD:D2,,25,119.69073963165283,B2-01,0,2
377,54:F0:B1:BC:09:40,eduroam,75,119.69073963165283,B2-01,0,2
378,54:F0:B1:BC:09:41,PoliSemFio,80,119.69073963165283,B2-01,0,2
379,54:F0:B1:BC:09:42,,80,119.69073963165283,B2-01,0,2
380,54:F0:B1:BC:09:60,eduroam,65,119.69073963165283,B2-01,0,2
381,54:F0:B1:BC:09:61,PoliSemFio,65,119.69073963165283,B2-01,0,2
382,54:F0:B1:BC:1B:D0,eduroam,47,119.69073963165283,B2-01,0,2
383,54:F0:B1:BC:1B:D1,PoliSemFio,50,119.69073963165283,B2-01,0,2
384,54:F0:B1:BC:1B:D2,,50,119.69073963165283,B2-01,0,2
385,54:F0:B1:BC:1B:F0,eduroam,17,119.69073963165283,B2-01,0,2
386,54:F0:B1:BC:1B:F1,PoliSemFio,19,119.69073963165283,B2-01,0,2
387,54:F0:B1:BC:2E:90,eduroam,64,119.69073963165283,B2-01,0,2
388,54:F0:B1:BC:2E:91,PoliSemFio,62,119.69073963165283,B2-01,0,2
389,54:F0:B1:BC:2E:92,,50,119.69073963165283,B2-01,0,2
390,54:F0:B1:BC:2E:B0,eduroam,25,119.69073963165283,B2-01,0,2
391,54:F0:B1:BC:2E:B1,PoliSemFio,25,119.69073963165283,B2-01,0,2
392,54:F0:B1:BC:2F:50,eduroam,22,119.69073963165283,B2-01,0,2
393,54:F0:B1:BC:36:10,PoliSemFio,19,119.69073963165283,B2-01,0,2
394,54:F0:B1:BC:36:11,eduroam,24,119.69073963165283,B2-01,0,2
395,54:F0:B1:BC:36:12,,25,119.69073963165283,B2-01,0,2
396,54:F0:B1:BC:3F:10,eduroam,25,119.69073963165283,B2-01,0,2
397,54:F0:B1:BC:3F:11,PoliSemFio,29,119.69073963165283,B2-01,0,2
398,54:F0:B1:BC:3F:12,,30,119.69073963165283,B2-01,0,2
399,54:F0:B1:BC:65:B0,eduroam,19,119.69073963165283,B2-01,0,2
400,54:F0:B1:BC:70:00,eduroam,50,119.69073963165283,B2-01,0,2
401,54:F0:B1:BC:70:01,PoliSemFio,59,119.69073963165283,B2-01,0,2
402,54:F0:B1:BC:70:02,,59,119.69073963165283,B2-01,0,2
403,54:F0:B1:BC:70:20,eduroam,20,119.69073963165283,B2-01,0,2
404,54:F0:B1:BC:70:21,PoliSemFio,17,119.69073963165283,B2-01,0,2
405,54:F0:B1:BC:77:80,eduroam,54,119.69073963165283,B2-01,0,2
406,54:F0:B1:BC:77:81,PoliSemFio,49,119.69073963165283,B2-01,0,2
407,54:F0:B1:BC:77:82,,49,119.69073963165283,B2-01,0,2
408,54:F0:B1:BC:77:A0,eduroam,24,119.69073963165283,B2-01,0,2
409,54:F0:B1:BC:77:A1,PoliSemFio,24,119.69073963165283,B2-01,0,2
410,54:F0:B1:BC:8F:20,eduroam,24,119.69073963165283,B2-01,0,2
411,54:F0:B1:BC:8F:21,PoliSemFio,27,119.69073963165283,B2-01,0,2
412,54:F0:B1:BC:8F:22,,25,119.69073963165283,B2-01,0,2
413,68:FF:7B:47:78:BE,C1-22M,47,119.69073963165283,B2-01,0,2
414,70:62:B8:6E:72:A0,PCS-wireless-C1-13,57,119.69073963165283,B2-01,0,2
415,70:62:B8:6E:72:A1,PPGEE,54,119.69073963165283,B2-01,0,2
416,84:D4:7E:06:4F:E0,eduroam,60,119.69073963165283,B2-01,0,2
417,84:D4:7E:06:4F:E1,PoliSemFio,52,119.69073963165283,B2-01,0,2
418,84:D4:7E:06:4F:E2,,52,119.69073963165283,B2-01,0,2
419,84:D4:7E:06:4F:F0,eduroam,20,119.69073963165283,B2-01,0,2
420,84:D4:7E:06:4F:F1,PoliSemFio,20,119.69073963165283,B2-01,0,2
421,84:D4:7E:06:4F:F2,,34,119.69073963165283,B2-01,0,2
422,DC:9F:DB:1C:1F:D7,LWN-3,24,119.69073963165283,B2-01,0,2
423,DC:9F:DB:1C:1F:E0,LWN-3,52,119.69073963165283,B2-01,0,2
424,DE:9F:DB:1C:1F:E0,LARC Guest,50,119.69073963165283,B2-01,0,2
425,EE:9F:DB:1C:1F:E0,,39,119.69073963165283,B2-01,0,2
426,F8:1A:67:99:55:8E,NUCLEAR_CHF,24,119.69073963165283,B2-01,0,2
427,FE:9F:DB:1C:1F:D7,,25,119.69073963165283,B2-01,0,2
428,00:21:91:70:9D:EC,LAB-DIDATICO,27,125.94669651985168,B2-01,0,2
429,20:AA:4B:A7:19:74,LAA03,19,125.94669651985168,B2-01,0,2
430,34:60:F9:A3:D9:14,GASWIFI-2G_C2,34,125.94669651985168,B2-01,0,2
431,34:60:F9:A3:E7:3F,GASWIFI_C4,34,125.94669651985168,B2-01,0,2
432,34:CE:00:51:3E:6F,Lab,49,125.94669651985168,B2-01,0,2
433,34:CE:00:51:3E:70,Lab_5G,15,125.94669651985168,B2-01,0,2
434,3A:60:F9:A3:D9:14,,27,125.94669651985168,B2-01,0,2
435,54:B8:0A:AA:2C:8C,LAB_DIGITAL,37,125.94669651985168,B2-01,0,2
436,54:B8:0A:AA:2C:8D,PCS-Wireless,37,125.94669651985168,B2-01,0,2
437,54:F0:B1:A1:18:C0,eduroam,17,125.94669651985168,B2-01,0,2
438,54:F0:B1:A1:18:C1,PoliSemFio,29,125.94669651985168,B2-01,0,2
439,54:F0:B1:A1:18:C3,MEZANINO,17,125.94669651985168,B2-01,0,2
440,54:F0:B1:A1:18:C4,GDLAB,9,125.94669651985168,B2-01,0,2
441,54:F0:B1:A1:18:C5,LABPAD,19,125.94669651985168,B2-01,0,2
442,54:F0:B1:A1:18:D0,eduroam,29,125.94669651985168,B2-01,0,2
443,54:F0:B1:A1:18:D1,PoliSemFio,30,125.94669651985168,B2-01,0,2
444,54:F0:B1:A1:18:D2,,30,125.94669651985168,B2-01,0,2
445,54:F0:B1:A1:18:D3,MEZANINO,25,125.94669651985168,B2-01,0,2
446,54:F0:B1:A1:18:D4,GDLAB,2,125.94669651985168,B2-01,0,2
447,54:F0:B1:A1:18:D5,LABPAD,37,125.94669651985168,B2-01,0,2
448,54:F0:B1:A1:57:F0,eduroam,19,125.94669651985168,B2-01,0,2
449,54:F0:B1:A1:57:F1,PoliSemFio,19,125.94669651985168,B2-01,0,2
450,54:F0:B1:A1:58:00,eduroam,40,125.94669651985168,B2-01,0,2
451,54:F0:B1:A1:58:01,PoliSemFio,35,125.94669651985168,B2-01,0,2
452,54:F0:B1:A1:58:02,,42,125.94669651985168,B2-01,0,2
453,54:F0:B1:A1:E5:00,eduroam,32,125.94669651985168,B2-01,0,2
454,54:F0:B1:A1:E5:01,PoliSemFio,27,125.94669651985168,B2-01,0,2
455,54:F0:B1:A1:E5:02,,27,125.94669651985168,B2-01,0,2
456,54:F0:B1:A2:56:70,eduroam,19,125.94669651985168,B2-01,0,2
457,54:F0:B1:A2:56:71,PoliSemFio,27,125.94669651985168,B2-01,0,2
458,54:F0:B1:A2:57:20,eduroam,12,125.94669651985168,B2-01,0,2
459,54:F0:B1:A2:57:21,PoliSemFio,12,125.94669651985168,B2-01,0,2
460,54:F0:B1:A2:57:23,LCA,12,125.94669651985168,B2-01,0,2
461,54:F0:B1:A2:57:32,,29,125.94669651985168,B2-01,0,2
462,54:F0:B1:A2:57:33,LCA,25,125.94669651985168,B2-01,0,2
463,54:F0:B1:BB:5A:82,HACKER,32,125.94669651985168,B2-01,0,2
464,54:F0:B1:BB:5A:83,LEP,32,125.94669651985168,B2-01,0,2
465,54:F0:B1:BB:84:B2,,29,125.94669651985168,B2-01,0,2
466,54:F0:B1:BB:C4:D0,eduroam,54,125.94669651985168,B2-01,0,2
467,54:F0:B1:BB:C4:D1,PoliSemFio,64,125.94669651985168,B2-01,0,2
468,54:F0:B1:BB:C4:D2,,64,125.94669651985168,B2-01,0,2
469,54:F0:B1:BB:C4:F0,eduroam,44,125.94669651985168,B2-01,0,2
470,54:F0:B1:BB:C4:F1,PoliSemFio,45,125.94669651985168,B2-01,0,2
471,54:F0:B1:BB:F3:20,eduroam,30,125.94669651985168,B2-01,0,2
472,54:F0:B1:BB:F3:21,PoliSemFio,22,125.94669651985168,B2-01,0,2
473,54:F0:B1:BB:F3:22,,30,125.94669651985168,B2-01,0,2
474,54:F0:B1:BB:FD:D0,eduroam,15,125.94669651985168,B2-01,0,2
475,54:F0:B1:BB:FD:D1,PoliSemFio,25,125.94669651985168,B2-01,0,2
476,54:F0:B1:BB:FD:D2,,25,125.94669651985168,B2-01,0,2
477,54:F0:B1:BC:09:40,eduroam,87,125.94669651985168,B2-01,0,2
478,54:F0:B1:BC:09:41,PoliSemFio,84,125.94669651985168,B2-01,0,2
479,54:F0:B1:BC:09:42,,84,125.94669651985168,B2-01,0,2
480,54:F0:B1:BC:09:60,eduroam,59,125.94669651985168,B2-01,0,2
481,54:F0:B1:BC:09:61,PoliSemFio,59,125.94669651985168,B2-01,0,2
482,54:F0:B1:BC:1B:D0,eduroam,47,125.94669651985168,B2-01,0,2
483,54:F0:B1:BC:1B:D1,PoliSemFio,50,125.94669651985168,B2-01,0,2
484,54:F0:B1:BC:1B:D2,,50,125.94669651985168,B2-01,0,2
485,54:F0:B1:BC:1B:F0,eduroam,14,125.94669651985168,B2-01,0,2
486,54:F0:B1:BC:1B:F1,PoliSemFio,10,125.94669651985168,B2-01,0,2
487,54:F0:B1:BC:2E:90,eduroam,45,125.94669651985168,B2-01,0,2
488,54:F0:B1:BC:2E:91,PoliSemFio,54,125.94669651985168,B2-01,0,2
489,54:F0:B1:BC:2E:92,,54,125.94669651985168,B2-01,0,2
490,54:F0:B1:BC:2E:B0,eduroam,22,125.94669651985168,B2-01,0,2
491,54:F0:B1:BC:2E:B1,PoliSemFio,20,125.94669651985168,B2-01,0,2
492,54:F0:B1:BC:2F:50,eduroam,22,125.94669651985168,B2-01,0,2
493,54:F0:B1:BC:36:11,eduroam,24,125.94669651985168,B2-01,0,2
494,54:F0:B1:BC:36:12,,25,125.94669651985168,B2-01,0,2
495,54:F0:B1:BC:3F:10,eduroam,25,125.94669651985168,B2-01,0,2
496,54:F0:B1:BC:3F:11,PoliSemFio,29,125.94669651985168,B2-01,0,2
497,54:F0:B1:BC:3F:12,,30,125.94669651985168,B2-01,0,2
498,54:F0:B1:BC:65:B0,eduroam,19,125.94669651985168,B2-01,0,2
499,54:F0:B1:BC:70:00,eduroam,37,125.94669651985168,B2-01,0,2
500,54:F0:B1:BC:70:01,PoliSemFio,47,125.94669651985168,B2-01,0,2
501,54:F0:B1:BC:70:02,,59,125.94669651985168,B2-01,0,2
502,54:F0:B1:BC:70:20,eduroam,20,125.94669651985168,B2-01,0,2
503,54:F0:B1:BC:70:21,PoliSemFio,17,125.94669651985168,B2-01,0,2
504,54:F0:B1:BC:77:80,eduroam,42,125.94669651985168,B2-01,0,2
505,54:F0:B1:BC:77:81,PoliSemFio,49,125.94669651985168,B2-01,0,2
506,54:F0:B1:BC:77:82,,49,125.94669651985168,B2-01,0,2
507,54:F0:B1:BC:77:A0,eduroam,24,125.94669651985168,B2-01,0,2
508,54:F0:B1:BC:77:A1,PoliSemFio,24,125.94669651985168,B2-01,0,2
509,68:FF:7B:47:78:BE,C1-22M,44,125.94669651985168,B2-01,0,2
510,70:62:B8:6E:72:A0,PCS-wireless-C1-13,57,125.94669651985168,B2-01,0,2
511,70:62:B8:6E:72:A1,PPGEE,54,125.94669651985168,B2-01,0,2
512,84:D4:7E:06:4F:E0,eduroam,72,125.94669651985168,B2-01,0,2
513,84:D4:7E:06:4F:E1,PoliSemFio,64,125.94669651985168,B2-01,0,2
514,84:D4:7E:06:4F:E2,,64,125.94669651985168,B2-01,0,2
515,84:D4:7E:06:4F:F0,eduroam,20,125.94669651985168,B2-01,0,2
516,84:D4:7E:06:4F:F1,PoliSemFio,20,125.94669651985168,B2-01,0,2
517,84:D4:7E:06:4F:F2,,34,125.94669651985168,B2-01,0,2
518,DC:9F:DB:1C:1F:D7,LWN-3,24,125.94669651985168,B2-01,0,2
519,DC:9F:DB:1C:1F:E0,LWN-3,52,125.94669651985168,B2-01,0,2
520,DE:9F:DB:1C:1F:E0,LARC Guest,50,125.94669651985168,B2-01,0,2
521,EE:9F:DB:1C:1F:E0,,39,125.94669651985168,B2-01,0,2
522,F8:1A:67:99:55:8E,NUCLEAR_CHF,24,125.94669651985168,B2-01,0,2
523,FE:9F:DB:1C:1F:D7,,25,125.94669651985168,B2-01,0,2
524,00:21:91:70:9D:EC,LAB-DIDATICO,27,132.2028865814209,B2-01,0,2
525,20:AA:4B:A7:19:74,LAA03,19,132.2028865814209,B2-01,0,2
526,34:60:F9:A3:D9:14,GASWIFI-2G_C2,34,132.2028865814209,B2-01,0,2
527,34:60:F9:A3:E7:3F,GASWIFI_C4,34,132.2028865814209,B2-01,0,2
528,34:CE:00:51:3E:6F,Lab,49,132.2028865814209,B2-01,0,2
529,34:CE:00:51:3E:70,Lab_5G,15,132.2028865814209,B2-01,0,2
530,3A:60:F9:A3:D9:14,,27,132.2028865814209,B2-01,0,2
531,54:B8:0A:AA:2C:8C,LAB_DIGITAL,37,132.2028865814209,B2-01,0,2
532,54:B8:0A:AA:2C:8D,PCS-Wireless,37,132.2028865814209,B2-01,0,2
533,54:F0:B1:A1:18:C0,eduroam,17,132.2028865814209,B2-01,0,2
534,54:F0:B1:A1:18:C1,PoliSemFio,29,132.2028865814209,B2-01,0,2
535,54:F0:B1:A1:18:C3,MEZANINO,17,132.2028865814209,B2-01,0,2
536,54:F0:B1:A1:18:C4,GDLAB,9,132.2028865814209,B2-01,0,2
537,54:F0:B1:A1:18:C5,LABPAD,19,132.2028865814209,B2-01,0,2
538,54:F0:B1:A1:18:D0,eduroam,29,132.2028865814209,B2-01,0,2
539,54:F0:B1:A1:18:D1,PoliSemFio,30,132.2028865814209,B2-01,0,2
540,54:F0:B1:A1:18:D2,,30,132.2028865814209,B2-01,0,2
541,54:F0:B1:A1:18:D3,MEZANINO,25,132.2028865814209,B2-01,0,2
542,54:F0:B1:A1:18:D4,GDLAB,2,132.2028865814209,B2-01,0,2
543,54:F0:B1:A1:18:D5,LABPAD,37,132.2028865814209,B2-01,0,2
544,54:F0:B1:A1:57:F0,eduroam,19,132.2028865814209,B2-01,0,2
545,54:F0:B1:A1:57:F1,PoliSemFio,19,132.2028865814209,B2-01,0,2
546,54:F0:B1:A1:58:00,eduroam,40,132.2028865814209,B2-01,0,2
547,54:F0:B1:A1:58:01,PoliSemFio,35,132.2028865814209,B2-01,0,2
548,54:F0:B1:A1:58:02,,42,132.2028865814209,B2-01,0,2
549,54:F0:B1:A1:E5:00,eduroam,32,132.2028865814209,B2-01,0,2
550,54:F0:B1:A1:E5:01,PoliSemFio,27,132.2028865814209,B2-01,0,2
551,54:F0:B1:A1:E5:02,,27,132.2028865814209,B2-01,0,2
552,54:F0:B1:A2:56:70,eduroam,19,132.2028865814209,B2-01,0,2
553,54:F0:B1:A2:56:71,PoliSemFio,27,132.2028865814209,B2-01,0,2
554,54:F0:B1:A2:57:20,eduroam,12,132.2028865814209,B2-01,0,2
555,54:F0:B1:A2:57:21,PoliSemFio,12,132.2028865814209,B2-01,0,2
556,54:F0:B1:A2:57:23,LCA,12,132.2028865814209,B2-01,0,2
557,54:F0:B1:A2:57:32,,29,132.2028865814209,B2-01,0,2
558,54:F0:B1:A2:57:33,LCA,25,132.2028865814209,B2-01,0,2
559,54:F0:B1:BB:5A:82,HACKER,32,132.2028865814209,B2-01,0,2
560,54:F0:B1:BB:5A:83,LEP,32,132.2028865814209,B2-01,0,2
561,54:F0:B1:BB:84:B2,,29,132.2028865814209,B2-01,0,2
562,54:F0:B1:BB:C4:D0,eduroam,54,132.2028865814209,B2-01,0,2
563,54:F0:B1:BB:C4:D1,PoliSemFio,64,132.2028865814209,B2-01,0,2
564,54:F0:B1:BB:C4:D2,,64,132.2028865814209,B2-01,0,2
565,54:F0:B1:BB:C4:F0,eduroam,44,132.2028865814209,B2-01,0,2
566,54:F0:B1:BB:C4:F1,PoliSemFio,45,132.2028865814209,B2-01,0,2
567,54:F0:B1:BB:F3:20,eduroam,30,132.2028865814209,B2-01,0,2
568,54:F0:B1:BB:F3:21,PoliSemFio,22,132.2028865814209,B2-01,0,2
569,54:F0:B1:BB:F3:22,,30,132.2028865814209,B2-01,0,2
570,54:F0:B1:BB:FD:D0,eduroam,15,132.2028865814209,B2-01,0,2
571,54:F0:B1:BB:FD:D1,PoliSemFio,25,132.2028865814209,B2-01,0,2
572,54:F0:B1:BB:FD:D2,,25,132.2028865814209,B2-01,0,2
573,54:F0:B1:BC:09:40,eduroam,87,132.2028865814209,B2-01,0,2
574,54:F0:B1:BC:09:41,PoliSemFio,84,132.2028865814209,B2-01,0,2
575,54:F0:B1:BC:09:42,,84,132.2028865814209,B2-01,0,2
576,54:F0:B1:BC:09:60,eduroam,69,132.2028865814209,B2-01,0,2
577,54:F0:B1:BC:09:61,PoliSemFio,59,132.2028865814209,B2-01,0,2
578,54:F0:B1:BC:1B:D0,eduroam,47,132.2028865814209,B2-01,0,2
579,54:F0:B1:BC:1B:D1,PoliSemFio,50,132.2028865814209,B2-01,0,2
580,54:F0:B1:BC:1B:D2,,50,132.2028865814209,B2-01,0,2
581,54:F0:B1:BC:1B:F0,eduroam,14,132.2028865814209,B2-01,0,2
582,54:F0:B1:BC:1B:F1,PoliSemFio,10,132.2028865814209,B2-01,0,2
583,54:F0:B1:BC:2E:90,eduroam,45,132.2028865814209,B2-01,0,2
584,54:F0:B1:BC:2E:91,PoliSemFio,54,132.2028865814209,B2-01,0,2
585,54:F0:B1:BC:2E:92,,54,132.2028865814209,B2-01,0,2
586,54:F0:B1:BC:2E:B0,eduroam,22,132.2028865814209,B2-01,0,2
587,54:F0:B1:BC:2E:B1,PoliSemFio,20,132.2028865814209,B2-01,0,2
588,54:F0:B1:BC:2F:50,eduroam,22,132.2028865814209,B2-01,0,2
589,54:F0:B1:BC:36:11,eduroam,24,132.2028865814209,B2-01,0,2
590,54:F0:B1:BC:36:12,,25,132.2028865814209,B2-01,0,2
591,54:F0:B1:BC:3F:10,eduroam,25,132.2028865814209,B2-01,0,2
592,54:F0:B1:BC:3F:11,PoliSemFio,29,132.2028865814209,B2-01,0,2
593,54:F0:B1:BC:3F:12,,30,132.2028865814209,B2-01,0,2
594,54:F0:B1:BC:65:B0,eduroam,19,132.2028865814209,B2-01,0,2
595,54:F0:B1:BC:70:00,eduroam,37,132.2028865814209,B2-01,0,2
596,54:F0:B1:BC:70:01,PoliSemFio,47,132.2028865814209,B2-01,0,2
597,54:F0:B1:BC:70:02,,59,132.2028865814209,B2-01,0,2
598,54:F0:B1:BC:70:20,eduroam,20,132.2028865814209,B2-01,0,2
599,54:F0:B1:BC:70:21,PoliSemFio,17,132.2028865814209,B2-01,0,2
600,54:F0:B1:BC:77:80,eduroam,42,132.2028865814209,B2-01,0,2
601,54:F0:B1:BC:77:81,PoliSemFio,49,132.2028865814209,B2-01,0,2
602,54:F0:B1:BC:77:82,,49,132.2028865814209,B2-01,0,2
603,54:F0:B1:BC:77:A0,eduroam,24,132.2028865814209,B2-01,0,2
604,54:F0:B1:BC:77:A1,PoliSemFio,24,132.2028865814209,B2-01,0,2
605,68:FF:7B:47:78:BE,C1-22M,44,132.2028865814209,B2-01,0,2
606,70:62:B8:6E:72:A0,PCS-wireless-C1-13,57,132.2028865814209,B2-01,0,2
607,70:62:B8:6E:72:A1,PPGEE,54,132.2028865814209,B2-01,0,2
608,84:D4:7E:06:4F:E0,eduroam,72,132.2028865814209,B2-01,0,2
609,84:D4:7E:06:4F:E1,PoliSemFio,64,132.2028865814209,B2-01,0,2
610,84:D4:7E:06:4F:E2,,64,132.2028865814209,B2-01,0,2
611,84:D4:7E:06:4F:F0,eduroam,20,132.2028865814209,B2-01,0,2
612,84:D4:7E:06:4F:F1,PoliSemFio,20,132.2028865814209,B2-01,0,2
613,84:D4:7E:06:4F:F2,,34,132.2028865814209,B2-01,0,2
614,DC:9F:DB:1C:1F:D7,LWN-3,24,132.2028865814209,B2-01,0,2
615,DC:9F:DB:1C:1F:E0,LWN-3,52,132.2028865814209,B2-01,0,2
616,DE:9F:DB:1C:1F:E0,LARC Guest,50,132.2028865814209,B2-01,0,2
617,EE:9F:DB:1C:1F:E0,,39,132.2028865814209,B2-01,0,2
618,F8:1A:67:99:55:8E,NUCLEAR_CHF,24,132.2028865814209,B2-01,0,2
619,FE:9F:DB:1C:1F:D7,,25,132.2028865814209,B2-01,0,2
620,00:21:91:70:9D:EC,LAB-DIDATICO,35,134.83479833602905,B2-01,0,2
621,20:AA:4B:A7:19:74,LAA03,14,134.83479833602905,B2-01,0,2
622,34:60:F9:A3:D9:14,GASWIFI-2G_C2,19,134.83479833602905,B2-01,0,2
623,34:CE:00:51:3E:6F,Lab,47,134.83479833602905,B2-01,0,2
624,34:CE:00:51:3E:70,Lab_5G,12,134.83479833602905,B2-01,0,2
625,3A:60:F9:A3:D9:14,,17,134.83479833602905,B2-01,0,2
626,54:B8:0A:AA:2C:8C,LAB_DIGITAL,27,134.83479833602905,B2-01,0,2
627,54:B8:0A:AA:2C:8D,PCS-Wireless,27,134.83479833602905,B2-01,0,2
628,54:B8:0A:AA:2C:8E,LAB_DIGITAL-5GHz,12,134.83479833602905,B2-01,0,2
629,54:B8:0A:AA:2C:8F,PCS-Wireless-5GHz,12,134.83479833602905,B2-01,0,2
630,54:F0:B1:A1:18:C0,eduroam,17,134.83479833602905,B2-01,0,2
631,54:F0:B1:A1:18:C1,PoliSemFio,29,134.83479833602905,B2-01,0,2
632,54:F0:B1:A1:18:C3,MEZANINO,17,134.83479833602905,B2-01,0,2
633,54:F0:B1:A1:18:C4,GDLAB,9,134.83479833602905,B2-01,0,2
634,54:F0:B1:A1:18:C5,LABPAD,19,134.83479833602905,B2-01,0,2
635,54:F0:B1:A1:18:D0,eduroam,44,134.83479833602905,B2-01,0,2
636,54:F0:B1:A1:18:D1,PoliSemFio,42,134.83479833602905,B2-01,0,2
637,54:F0:B1:A1:18:D2,,40,134.83479833602905,B2-01,0,2
638,54:F0:B1:A1:18:D3,MEZANINO,25,134.83479833602905,B2-01,0,2
639,54:F0:B1:A1:18:D4,GDLAB,45,134.83479833602905,B2-01,0,2
640,54:F0:B1:A1:18:D5,LABPAD,45,134.83479833602905,B2-01,0,2
641,54:F0:B1:A1:57:F0,eduroam,19,134.83479833602905,B2-01,0,2
642,54:F0:B1:A1:57:F1,PoliSemFio,19,134.83479833602905,B2-01,0,2
643,54:F0:B1:A1:58:00,eduroam,40,134.83479833602905,B2-01,0,2
644,54:F0:B1:A1:58:01,PoliSemFio,42,134.83479833602905,B2-01,0,2
645,54:F0:B1:A1:58:02,,44,134.83479833602905,B2-01,0,2
646,54:F0:B1:A1:E5:00,eduroam,32,134.83479833602905,B2-01,0,2
647,54:F0:B1:A1:E5:01,PoliSemFio,27,134.83479833602905,B2-01,0,2
648,54:F0:B1:A1:E5:02,,25,134.83479833602905,B2-01,0,2
649,54:F0:B1:A2:56:70,eduroam,14,134.83479833602905,B2-01,0,2
650,54:F0:B1:A2:56:71,PoliSemFio,27,134.83479833602905,B2-01,0,2
651,54:F0:B1:A2:57:20,eduroam,12,134.83479833602905,B2-01,0,2
652,54:F0:B1:A2:57:21,PoliSemFio,12,134.83479833602905,B2-01,0,2
653,54:F0:B1:A2:57:23,LCA,12,134.83479833602905,B2-01,0,2
654,54:F0:B1:A2:57:33,LCA,25,134.83479833602905,B2-01,0,2
655,54:F0:B1:BB:5A:82,HACKER,32,134.83479833602905,B2-01,0,2
656,54:F0:B1:BB:5A:83,LEP,32,134.83479833602905,B2-01,0,2
657,54:F0:B1:BB:84:B0,eduroam,17,134.83479833602905,B2-01,0,2
658,54:F0:B1:BB:84:B2,,29,134.83479833602905,B2-01,0,2
659,54:F0:B1:BB:BE:10,eduroam,19,134.83479833602905,B2-01,0,2
660,54:F0:B1:BB:C4:D0,eduroam,67,134.83479833602905,B2-01,0,2
661,54:F0:B1:BB:C4:D1,PoliSemFio,64,134.83479833602905,B2-01,0,2
662,54:F0:B1:BB:C4:D2,,64,134.83479833602905,B2-01,0,2
663,54:F0:B1:BB:C4:F0,eduroam,50,134.83479833602905,B2-01,0,2
664,54:F0:B1:BB:C4:F1,PoliSemFio,45,134.83479833602905,B2-01,0,2
665,54:F0:B1:BB:C5:C1,PoliSemFio,25,134.83479833602905,B2-01,0,2
666,54:F0:B1:BB:C5:C2,,24,134.83479833602905,B2-01,0,2
667,54:F0:B1:BB:C5:C4,GDLAB,25,134.83479833602905,B2-01,0,2
668,54:F0:B1:BB:CC:E3,eduroam,12,134.83479833602905,B2-01,0,2
669,54:F0:B1:BB:F3:20,eduroam,39,134.83479833602905,B2-01,0,2
670,54:F0:B1:BB:F3:21,PoliSemFio,35,134.83479833602905,B2-01,0,2
671,54:F0:B1:BB:F3:22,,37,134.83479833602905,B2-01,0,2
672,54:F0:B1:BB:FD:D0,eduroam,15,134.83479833602905,B2-01,0,2
673,54:F0:B1:BB:FD:D1,PoliSemFio,25,134.83479833602905,B2-01,0,2
674,54:F0:B1:BB:FD:D2,,25,134.83479833602905,B2-01,0,2
675,54:F0:B1:BC:09:40,eduroam,92,134.83479833602905,B2-01,0,2
676,54:F0:B1:BC:09:41,PoliSemFio,97,134.83479833602905,B2-01,0,2
677,54:F0:B1:BC:09:42,,84,134.83479833602905,B2-01,0,2
678,54:F0:B1:BC:09:60,eduroam,60,134.83479833602905,B2-01,0,2
679,54:F0:B1:BC:09:61,PoliSemFio,60,134.83479833602905,B2-01,0,2
680,54:F0:B1:BC:1B:D0,eduroam,47,134.83479833602905,B2-01,0,2
681,54:F0:B1:BC:1B:D1,PoliSemFio,50,134.83479833602905,B2-01,0,2
682,54:F0:B1:BC:1B:D2,,50,134.83479833602905,B2-01,0,2
683,54:F0:B1:BC:1B:F0,eduroam,17,134.83479833602905,B2-01,0,2
684,54:F0:B1:BC:1B:F1,PoliSemFio,17,134.83479833602905,B2-01,0,2
685,54:F0:B1:BC:2E:90,eduroam,52,134.83479833602905,B2-01,0,2
686,54:F0:B1:BC:2E:91,PoliSemFio,52,134.83479833602905,B2-01,0,2
687,54:F0:B1:BC:2E:92,,54,134.83479833602905,B2-01,0,2
688,54:F0:B1:BC:2E:B0,eduroam,32,134.83479833602905,B2-01,0,2
689,54:F0:B1:BC:2E:B1,PoliSemFio,34,134.83479833602905,B2-01,0,2
690,54:F0:B1:BC:2F:50,eduroam,22,134.83479833602905,B2-01,0,2
691,54:F0:B1:BC:36:10,PoliSemFio,19,134.83479833602905,B2-01,0,2
692,54:F0:B1:BC:36:11,eduroam,17,134.83479833602905,B2-01,0,2
693,54:F0:B1:BC:36:12,,22,134.83479833602905,B2-01,0,2
694,54:F0:B1:BC:3F:10,eduroam,25,134.83479833602905,B2-01,0,2
695,54:F0:B1:BC:3F:11,PoliSemFio,29,134.83479833602905,B2-01,0,2
696,54:F0:B1:BC:3F:12,,30,134.83479833602905,B2-01,0,2
697,54:F0:B1:BC:65:B0,eduroam,19,134.83479833602905,B2-01,0,2
698,54:F0:B1:BC:70:00,eduroam,55,134.83479833602905,B2-01,0,2
699,54:F0:B1:BC:70:01,PoliSemFio,52,134.83479833602905,B2-01,0,2
700,54:F0:B1:BC:70:02,,59,134.83479833602905,B2-01,0,2
701,54:F0:B1:BC:70:20,eduroam,14,134.83479833602905,B2-01,0,2
702,54:F0:B1:BC:70:21,PoliSemFio,14,134.83479833602905,B2-01,0,2
703,54:F0:B1:BC:77:80,eduroam,34,134.83479833602905,B2-01,0,2
704,54:F0:B1:BC:77:81,PoliSemFio,50,134.83479833602905,B2-01,0,2
705,54:F0:B1:BC:77:82,,49,134.83479833602905,B2-01,0,2
706,54:F0:B1:BC:77:A0,eduroam,30,134.83479833602905,B2-01,0,2
707,54:F0:B1:BC:77:A1,PoliSemFio,30,134.83479833602905,B2-01,0,2
708,68:FF:7B:47:78:BD,C1-22M-5G,14,134.83479833602905,B2-01,0,2
709,68:FF:7B:47:78:BE,C1-22M,44,134.83479833602905,B2-01,0,2
710,70:62:B8:6E:72:A0,PCS-wireless-C1-13,62,134.83479833602905,B2-01,0,2
711,70:62:B8:6E:72:A1,PPGEE,64,134.83479833602905,B2-01,0,2
712,84:D4:7E:06:4F:E0,eduroam,60,134.83479833602905,B2-01,0,2
713,84:D4:7E:06:4F:E1,PoliSemFio,57,134.83479833602905,B2-01,0,2
714,84:D4:7E:06:4F:E2,,55,134.83479833602905,B2-01,0,2
715,84:D4:7E:06:4F:F0,eduroam,19,134.83479833602905,B2-01,0,2
716,84:D4:7E:06:4F:F1,PoliSemFio,19,134.83479833602905,B2-01,0,2
717,84:D4:7E:06:4F:F2,,19,134.83479833602905,B2-01,0,2
718,B6:4E:26:4B:84:C2,C2-01-Guest,17,134.83479833602905,B2-01,0,2
719,DC:9F:DB:1C:1F:D7,LWN-3,37,134.83479833602905,B2-01,0,2
720,DC:9F:DB:1C:1F:E0,LWN-3,52,134.83479833602905,B2-01,0,2
721,DE:9F:DB:1C:1F:E0,LARC Guest,52,134.83479833602905,B2-01,0,2
722,EE:9F:DB:1C:1F:E0,,39,134.83479833602905,B2-01,0,2
723,F8:1A:67:99:55:8E,NUCLEAR_CHF,19,134.83479833602905,B2-01,0,2
724,FE:9F:DB:1C:1F:D7,,25,134.83479833602905,B2-01,0,2
725,FE:9F:DB:1C:1F:E0,,47,134.83479833602905,B2-01,0,2
726,00:21:91:70:9D:EC,LAB-DIDATICO,35,137.462819814682,B2-01,0,2
727,20:AA:4B:A7:19:74,LAA03,14,137.462819814682,B2-01,0,2
728,34:60:F9:A3:D9:14,GASWIFI-2G_C2,19,137.462819814682,B2-01,0,2
729,34:CE:00:51:3E:6F,Lab,47,137.462819814682,B2-01,0,2
730,34:CE:00:51:3E:70,Lab_5G,12,137.462819814682,B2-01,0,2
731,3A:60:F9:A3:D9:14,,17,137.462819814682,B2-01,0,2
732,54:B8:0A:AA:2C:8C,LAB_DIGITAL,27,137.462819814682,B2-01,0,2
733,54:B8:0A:AA:2C:8D,PCS-Wireless,27,137.462819814682,B2-01,0,2
734,54:B8:0A:AA:2C:8E,LAB_DIGITAL-5GHz,12,137.462819814682,B2-01,0,2
735,54:B8:0A:AA:2C:8F,PCS-Wireless-5GHz,12,137.462819814682,B2-01,0,2
736,54:F0:B1:A1:18:C0,eduroam,17,137.462819814682,B2-01,0,2
737,54:F0:B1:A1:18:C1,PoliSemFio,29,137.462819814682,B2-01,0,2
738,54:F0:B1:A1:18:C3,MEZANINO,17,137.462819814682,B2-01,0,2
739,54:F0:B1:A1:18:C4,GDLAB,9,137.462819814682,B2-01,0,2
740,54:F0:B1:A1:18:C5,LABPAD,19,137.462819814682,B2-01,0,2
741,54:F0:B1:A1:18:D0,eduroam,44,137.462819814682,B2-01,0,2
742,54:F0:B1:A1:18:D1,PoliSemFio,42,137.462819814682,B2-01,0,2
743,54:F0:B1:A1:18:D2,,40,137.462819814682,B2-01,0,2
744,54:F0:B1:A1:18:D3,MEZANINO,25,137.462819814682,B2-01,0,2
745,54:F0:B1:A1:18:D4,GDLAB,45,137.462819814682,B2-01,0,2
746,54:F0:B1:A1:18:D5,LABPAD,45,137.462819814682,B2-01,0,2
747,54:F0:B1:A1:57:F0,eduroam,19,137.462819814682,B2-01,0,2
748,54:F0:B1:A1:57:F1,PoliSemFio,19,137.462819814682,B2-01,0,2
749,54:F0:B1:A1:58:00,eduroam,40,137.462819814682,B2-01,0,2
750,54:F0:B1:A1:58:01,PoliSemFio,42,137.462819814682,B2-01,0,2
751,54:F0:B1:A1:58:02,,44,137.462819814682,B2-01,0,2
752,54:F0:B1:A1:E5:00,eduroam,32,137.462819814682,B2-01,0,2
753,54:F0:B1:A1:E5:01,PoliSemFio,27,137.462819814682,B2-01,0,2
754,54:F0:B1:A1:E5:02,,25,137.462819814682,B2-01,0,2
755,54:F0:B1:A2:56:70,eduroam,14,137.462819814682,B2-01,0,2
756,54:F0:B1:A2:56:71,PoliSemFio,27,137.462819814682,B2-01,0,2
757,54:F0:B1:A2:57:20,eduroam,12,137.462819814682,B2-01,0,2
758,54:F0:B1:A2:57:21,PoliSemFio,12,137.462819814682,B2-01,0,2
759,54:F0:B1:A2:57:23,LCA,12,137.462819814682,B2-01,0,2
760,54:F0:B1:A2:57:33,LCA,25,137.462819814682,B2-01,0,2
761,54:F0:B1:BB:5A:82,HACKER,32,137.462819814682,B2-01,0,2
762,54:F0:B1:BB:5A:83,LEP,32,137.462819814682,B2-01,0,2
763,54:F0:B1:BB:84:B0,eduroam,17,137.462819814682,B2-01,0,2
764,54:F0:B1:BB:84:B2,,29,137.462819814682,B2-01,0,2
765,54:F0:B1:BB:BE:10,eduroam,19,137.462819814682,B2-01,0,2
766,54:F0:B1:BB:C4:D0,eduroam,67,137.462819814682,B2-01,0,2
767,54:F0:B1:BB:C4:D1,PoliSemFio,64,137.462819814682,B2-01,0,2
768,54:F0:B1:BB:C4:D2,,64,137.462819814682,B2-01,0,2
769,54:F0:B1:BB:C4:F0,eduroam,50,137.462819814682,B2-01,0,2
770,54:F0:B1:BB:C4:F1,PoliSemFio,45,137.462819814682,B2-01,0,2
771,54:F0:B1:BB:C5:C1,PoliSemFio,25,137.462819814682,B2-01,0,2
772,54:F0:B1:BB:C5:C2,,24,137.462819814682,B2-01,0,2
773,54:F0:B1:BB:C5:C4,GDLAB,25,137.462819814682,B2-01,0,2
774,54:F0:B1:BB:CC:E3,eduroam,12,137.462819814682,B2-01,0,2
775,54:F0:B1:BB:F3:20,eduroam,39,137.462819814682,B2-01,0,2
776,54:F0:B1:BB:F3:21,PoliSemFio,35,137.462819814682,B2-01,0,2
777,54:F0:B1:BB:F3:22,,37,137.462819814682,B2-01,0,2
778,54:F0:B1:BB:FD:D0,eduroam,15,137.462819814682,B2-01,0,2
779,54:F0:B1:BB:FD:D1,PoliSemFio,25,137.462819814682,B2-01,0,2
780,54:F0:B1:BB:FD:D2,,25,137.462819814682,B2-01,0,2
781,54:F0:B1:BC:09:40,eduroam,92,137.462819814682,B2-01,0,2
782,54:F0:B1:BC:09:41,PoliSemFio,97,137.462819814682,B2-01,0,2
783,54:F0:B1:BC:09:42,,84,137.462819814682,B2-01,0,2
784,54:F0:B1:BC:09:60,eduroam,67,137.462819814682,B2-01,0,2
785,54:F0:B1:BC:09:61,PoliSemFio,60,137.462819814682,B2-01,0,2
786,54:F0:B1:BC:1B:D0,eduroam,47,137.462819814682,B2-01,0,2
787,54:F0:B1:BC:1B:D1,PoliSemFio,50,137.462819814682,B2-01,0,2
788,54:F0:B1:BC:1B:D2,,50,137.462819814682,B2-01,0,2
789,54:F0:B1:BC:1B:F0,eduroam,17,137.462819814682,B2-01,0,2
790,54:F0:B1:BC:1B:F1,PoliSemFio,17,137.462819814682,B2-01,0,2
791,54:F0:B1:BC:2E:90,eduroam,52,137.462819814682,B2-01,0,2
792,54:F0:B1:BC:2E:91,PoliSemFio,52,137.462819814682,B2-01,0,2
793,54:F0:B1:BC:2E:92,,54,137.462819814682,B2-01,0,2
794,54:F0:B1:BC:2E:B0,eduroam,32,137.462819814682,B2-01,0,2
795,54:F0:B1:BC:2E:B1,PoliSemFio,34,137.462819814682,B2-01,0,2
796,54:F0:B1:BC:2F:50,eduroam,22,137.462819814682,B2-01,0,2
797,54:F0:B1:BC:36:10,PoliSemFio,19,137.462819814682,B2-01,0,2
798,54:F0:B1:BC:36:11,eduroam,17,137.462819814682,B2-01,0,2
799,54:F0:B1:BC:36:12,,22,137.462819814682,B2-01,0,2
800,54:F0:B1:BC:3F:10,eduroam,25,137.462819814682,B2-01,0,2
801,54:F0:B1:BC:3F:11,PoliSemFio,29,137.462819814682,B2-01,0,2
802,54:F0:B1:BC:3F:12,,30,137.462819814682,B2-01,0,2
803,54:F0:B1:BC:65:B0,eduroam,19,137.462819814682,B2-01,0,2
804,54:F0:B1:BC:70:00,eduroam,55,137.462819814682,B2-01,0,2
805,54:F0:B1:BC:70:01,PoliSemFio,52,137.462819814682,B2-01,0,2
806,54:F0:B1:BC:70:02,,59,137.462819814682,B2-01,0,2
807,54:F0:B1:BC:70:20,eduroam,14,137.462819814682,B2-01,0,2
808,54:F0:B1:BC:70:21,PoliSemFio,14,137.462819814682,B2-01,0,2
809,54:F0:B1:BC:77:80,eduroam,34,137.462819814682,B2-01,0,2
810,54:F0:B1:BC:77:81,PoliSemFio,50,137.462819814682,B2-01,0,2
811,54:F0:B1:BC:77:82,,49,137.462819814682,B2-01,0,2
812,54:F0:B1:BC:77:A0,eduroam,30,137.462819814682,B2-01,0,2
813,54:F0:B1:BC:77:A1,PoliSemFio,30,137.462819814682,B2-01,0,2
814,68:FF:7B:47:78:BD,C1-22M-5G,14,137.462819814682,B2-01,0,2
815,68:FF:7B:47:78:BE,C1-22M,44,137.462819814682,B2-01,0,2
816,70:62:B8:6E:72:A0,PCS-wireless-C1-13,62,137.462819814682,B2-01,0,2
817,70:62:B8:6E:72:A1,PPGEE,64,137.462819814682,B2-01,0,2
818,84:D4:7E:06:4F:E0,eduroam,60,137.462819814682,B2-01,0,2
819,84:D4:7E:06:4F:E1,PoliSemFio,57,137.462819814682,B2-01,0,2
820,84:D4:7E:06:4F:E2,,55,137.462819814682,B2-01,0,2
821,84:D4:7E:06:4F:F0,eduroam,19,137.462819814682,B2-01,0,2
822,84:D4:7E:06:4F:F1,PoliSemFio,19,137.462819814682,B2-01,0,2
823,84:D4:7E:06:4F:F2,,19,137.462819814682,B2-01,0,2
824,B6:4E:26:4B:84:C2,C2-01-Guest,17,137.462819814682,B2-01,0,2
825,DC:9F:DB:1C:1F:D7,LWN-3,37,137.462819814682,B2-01,0,2
826,DC:9F:DB:1C:1F:E0,LWN-3,52,137.462819814682,B2-01,0,2
827,DE:9F:DB:1C:1F:E0,LARC Guest,52,137.462819814682,B2-01,0,2
828,EE:9F:DB:1C:1F:E0,,39,137.462819814682,B2-01,0,2
829,F8:1A:67:99:55:8E,NUCLEAR_CHF,19,137.462819814682,B2-01,0,2
830,FE:9F:DB:1C:1F:D7,,25,137.462819814682,B2-01,0,2
831,FE:9F:DB:1C:1F:E0,,47,137.462819814682,B2-01,0,2
832,00:21:91:70:9D:EC,LAB-DIDATICO,24,143.74775338172913,B2-01,0,2
833,20:AA:4B:A7:19:74,LAA03,14,143.74775338172913,B2-01,0,2
834,34:60:F9:A3:D9:14,GASWIFI-2G_C2,32,143.74775338172913,B2-01,0,2
835,34:60:F9:A3:E7:3F,GASWIFI_C4,34,143.74775338172913,B2-01,0,2
836,34:CE:00:51:3E:6F,Lab,49,143.74775338172913,B2-01,0,2
837,34:CE:00:51:3E:70,Lab_5G,24,143.74775338172913,B2-01,0,2
838,3A:60:F9:A3:D9:14,,17,143.74775338172913,B2-01,0,2
839,54:B8:0A:AA:2C:8C,LAB_DIGITAL,40,143.74775338172913,B2-01,0,2
840,54:B8:0A:AA:2C:8D,PCS-Wireless,40,143.74775338172913,B2-01,0,2
841,54:B8:0A:AA:2C:8E,LAB_DIGITAL-5GHz,12,143.74775338172913,B2-01,0,2
842,54:B8:0A:AA:2C:8F,PCS-Wireless-5GHz,12,143.74775338172913,B2-01,0,2
843,54:F0:B1:A1:18:C0,eduroam,15,143.74775338172913,B2-01,0,2
844,54:F0:B1:A1:18:C1,PoliSemFio,17,143.74775338172913,B2-01,0,2
845,54:F0:B1:A1:18:C3,MEZANINO,17,143.74775338172913,B2-01,0,2
846,54:F0:B1:A1:18:C4,GDLAB,17,143.74775338172913,B2-01,0,2
847,54:F0:B1:A1:18:C5,LABPAD,14,143.74775338172913,B2-01,0,2
848,54:F0:B1:A1:18:D0,eduroam,27,143.74775338172913,B2-01,0,2
849,54:F0:B1:A1:18:D1,PoliSemFio,29,143.74775338172913,B2-01,0,2
850,54:F0:B1:A1:18:D2,,27,143.74775338172913,B2-01,0,2
851,54:F0:B1:A1:18:D3,MEZANINO,25,143.74775338172913,B2-01,0,2
852,54:F0:B1:A1:18:D4,GDLAB,45,143.74775338172913,B2-01,0,2
853,54:F0:B1:A1:18:D5,LABPAD,45,143.74775338172913,B2-01,0,2
854,54:F0:B1:A1:57:F0,eduroam,19,143.74775338172913,B2-01,0,2
855,54:F0:B1:A1:57:F1,PoliSemFio,19,143.74775338172913,B2-01,0,2
856,54:F0:B1:A1:58:00,eduroam,19,143.74775338172913,B2-01,0,2
857,54:F0:B1:A1:58:01,PoliSemFio,37,143.74775338172913,B2-01,0,2
858,54:F0:B1:A1:58:02,,40,143.74775338172913,B2-01,0,2
859,54:F0:B1:A1:E5:00,eduroam,32,143.74775338172913,B2-01,0,2
860,54:F0:B1:A1:E5:01,PoliSemFio,27,143.74775338172913,B2-01,0,2
861,54:F0:B1:A1:E5:02,,27,143.74775338172913,B2-01,0,2
862,54:F0:B1:A2:56:70,eduroam,14,143.74775338172913,B2-01,0,2
863,54:F0:B1:A2:57:33,LCA,15,143.74775338172913,B2-01,0,2
864,54:F0:B1:BB:5A:80,eduroam,27,143.74775338172913,B2-01,0,2
865,54:F0:B1:BB:5A:81,PoliSemFio,34,143.74775338172913,B2-01,0,2
866,54:F0:B1:BB:5A:82,HACKER,25,143.74775338172913,B2-01,0,2
867,54:F0:B1:BB:5A:83,LEP,32,143.74775338172913,B2-01,0,2
868,54:F0:B1:BB:84:B0,eduroam,17,143.74775338172913,B2-01,0,2
869,54:F0:B1:BB:84:B2,,29,143.74775338172913,B2-01,0,2
870,54:F0:B1:BB:BE:10,eduroam,19,143.74775338172913,B2-01,0,2
871,54:F0:B1:BB:BE:13,CAEEL,20,143.74775338172913,B2-01,0,2
872,54:F0:B1:BB:C4:D0,eduroam,45,143.74775338172913,B2-01,0,2
873,54:F0:B1:BB:C4:D1,PoliSemFio,64,143.74775338172913,B2-01,0,2
874,54:F0:B1:BB:C4:D2,,64,143.74775338172913,B2-01,0,2
875,54:F0:B1:BB:C4:F0,eduroam,34,143.74775338172913,B2-01,0,2
876,54:F0:B1:BB:C4:F1,PoliSemFio,34,143.74775338172913,B2-01,0,2
877,54:F0:B1:BB:C5:C1,PoliSemFio,25,143.74775338172913,B2-01,0,2
878,54:F0:B1:BB:C5:C2,,24,143.74775338172913,B2-01,0,2
879,54:F0:B1:BB:C5:C4,GDLAB,25,143.74775338172913,B2-01,0,2
880,54:F0:B1:BB:CC:E3,eduroam,12,143.74775338172913,B2-01,0,2
881,54:F0:B1:BB:F3:20,eduroam,39,143.74775338172913,B2-01,0,2
882,54:F0:B1:BB:F3:21,PoliSemFio,35,143.74775338172913,B2-01,0,2
883,54:F0:B1:BB:F3:22,,37,143.74775338172913,B2-01,0,2
884,54:F0:B1:BC:09:40,eduroam,97,143.74775338172913,B2-01,0,2
885,54:F0:B1:BC:09:41,PoliSemFio,97,143.74775338172913,B2-01,0,2
886,54:F0:B1:BC:09:42,,97,143.74775338172913,B2-01,0,2
887,54:F0:B1:BC:09:60,eduroam,75,143.74775338172913,B2-01,0,2
888,54:F0:B1:BC:09:61,PoliSemFio,77,143.74775338172913,B2-01,0,2
889,54:F0:B1:BC:1B:D0,eduroam,47,143.74775338172913,B2-01,0,2
890,54:F0:B1:BC:1B:D1,PoliSemFio,50,143.74775338172913,B2-01,0,2
891,54:F0:B1:BC:1B:D2,,40,143.74775338172913,B2-01,0,2
892,54:F0:B1:BC:1B:F0,eduroam,10,143.74775338172913,B2-01,0,2
893,54:F0:B1:BC:1B:F1,PoliSemFio,17,143.74775338172913,B2-01,0,2
894,54:F0:B1:BC:2E:90,eduroam,47,143.74775338172913,B2-01,0,2
895,54:F0:B1:BC:2E:91,PoliSemFio,47,143.74775338172913,B2-01,0,2
896,54:F0:B1:BC:2E:92,,54,143.74775338172913,B2-01,0,2
897,54:F0:B1:BC:2E:B0,eduroam,20,143.74775338172913,B2-01,0,2
898,54:F0:B1:BC:2E:B1,PoliSemFio,19,143.74775338172913,B2-01,0,2
899,54:F0:B1:BC:2F:50,eduroam,22,143.74775338172913,B2-01,0,2
900,54:F0:B1:BC:36:10,PoliSemFio,19,143.74775338172913,B2-01,0,2
901,54:F0:B1:BC:36:11,eduroam,17,143.74775338172913,B2-01,0,2
902,54:F0:B1:BC:36:12,,22,143.74775338172913,B2-01,0,2
903,54:F0:B1:BC:3F:12,,30,143.74775338172913,B2-01,0,2
904,54:F0:B1:BC:70:00,eduroam,55,143.74775338172913,B2-01,0,2
905,54:F0:B1:BC:70:01,PoliSemFio,52,143.74775338172913,B2-01,0,2
906,54:F0:B1:BC:70:02,,45,143.74775338172913,B2-01,0,2
907,54:F0:B1:BC:70:20,eduroam,17,143.74775338172913,B2-01,0,2
908,54:F0:B1:BC:70:21,PoliSemFio,14,143.74775338172913,B2-01,0,2
909,54:F0:B1:BC:77:80,eduroam,29,143.74775338172913,B2-01,0,2
910,54:F0:B1:BC:77:81,PoliSemFio,37,143.74775338172913,B2-01,0,2
911,54:F0:B1:BC:77:82,,35,143.74775338172913,B2-01,0,2
912,54:F0:B1:BC:77:A0,eduroam,20,143.74775338172913,B2-01,0,2
913,54:F0:B1:BC:77:A1,PoliSemFio,22,143.74775338172913,B2-01,0,2
914,68:FF:7B:47:78:BD,C1-22M-5G,14,143.74775338172913,B2-01,0,2
915,68:FF:7B:47:78:BE,C1-22M,44,143.74775338172913,B2-01,0,2
916,70:62:B8:6E:72:A0,PCS-wireless-C1-13,40,143.74775338172913,B2-01,0,2
917,70:62:B8:6E:72:A1,PPGEE,42,143.74775338172913,B2-01,0,2
918,84:D4:7E:06:4F:E0,eduroam,54,143.74775338172913,B2-01,0,2
919,84:D4:7E:06:4F:E1,PoliSemFio,54,143.74775338172913,B2-01,0,2
920,84:D4:7E:06:4F:E2,,52,143.74775338172913,B2-01,0,2
921,84:D4:7E:06:4F:F0,eduroam,15,143.74775338172913,B2-01,0,2
922,84:D4:7E:06:4F:F1,PoliSemFio,14,143.74775338172913,B2-01,0,2
923,84:D4:7E:06:4F:F2,,14,143.74775338172913,B2-01,0,2
924,B6:4E:26:4B:84:C2,C2-01-Guest,17,143.74775338172913,B2-01,0,2
925,DC:9F:DB:1C:1F:D7,LWN-3,37,143.74775338172913,B2-01,0,2
926,DC:9F:DB:1C:1F:E0,LWN-3,52,143.74775338172913,B2-01,0,2
927,DE:9F:DB:1C:1F:E0,LARC Guest,25,143.74775338172913,B2-01,0,2
928,EE:9F:DB:1C:1F:E0,,25,143.74775338172913,B2-01,0,2
929,F8:1A:67:99:55:8E,NUCLEAR_CHF,20,143.74775338172913,B2-01,0,2
930,FE:9F:DB:1C:1F:E0,,29,143.74775338172913,B2-01,0,2
931,00:21:91:70:9D:EC,LAB-DIDATICO,24,149.98395586013794,B2-01,0,2
932,20:AA:4B:A7:19:74,LAA03,14,149.98395586013794,B2-01,0,2
933,34:60:F9:A3:D9:14,GASWIFI-2G_C2,24,149.98395586013794,B2-01,0,2
934,34:60:F9:A3:E7:3F,GASWIFI_C4,34,149.98395586013794,B2-01,0,2
935,34:CE:00:51:3E:6F,Lab,42,149.98395586013794,B2-01,0,2
936,34:CE:00:51:3E:70,Lab_5G,19,149.98395586013794,B2-01,0,2
937,3A:60:F9:A3:D9:14,,17,149.98395586013794,B2-01,0,2
938,54:B8:0A:AA:2C:8C,LAB_DIGITAL,40,149.98395586013794,B2-01,0,2
939,54:B8:0A:AA:2C:8D,PCS-Wireless,40,149.98395586013794,B2-01,0,2
940,54:B8:0A:AA:2C:8E,LAB_DIGITAL-5GHz,12,149.98395586013794,B2-01,0,2
941,54:B8:0A:AA:2C:8F,PCS-Wireless-5GHz,12,149.98395586013794,B2-01,0,2
942,54:F0:B1:A1:18:C0,eduroam,17,149.98395586013794,B2-01,0,2
943,54:F0:B1:A1:18:C1,PoliSemFio,17,149.98395586013794,B2-01,0,2
944,54:F0:B1:A1:18:C3,MEZANINO,17,149.98395586013794,B2-01,0,2
945,54:F0:B1:A1:18:C4,GDLAB,15,149.98395586013794,B2-01,0,2
946,54:F0:B1:A1:18:C5,LABPAD,17,149.98395586013794,B2-01,0,2
947,54:F0:B1:A1:18:D0,eduroam,39,149.98395586013794,B2-01,0,2
948,54:F0:B1:A1:18:D1,PoliSemFio,29,149.98395586013794,B2-01,0,2
949,54:F0:B1:A1:18:D2,,27,149.98395586013794,B2-01,0,2
950,54:F0:B1:A1:18:D3,MEZANINO,35,149.98395586013794,B2-01,0,2
951,54:F0:B1:A1:18:D4,GDLAB,42,149.98395586013794,B2-01,0,2
952,54:F0:B1:A1:18:D5,LABPAD,34,149.98395586013794,B2-01,0,2
953,54:F0:B1:A1:57:F1,PoliSemFio,12,149.98395586013794,B2-01,0,2
954,54:F0:B1:A1:57:F2,,12,149.98395586013794,B2-01,0,2
955,54:F0:B1:A1:58:00,eduroam,42,149.98395586013794,B2-01,0,2
956,54:F0:B1:A1:58:01,PoliSemFio,37,149.98395586013794,B2-01,0,2
957,54:F0:B1:A1:58:02,,37,149.98395586013794,B2-01,0,2
958,54:F0:B1:A1:E4:F0,eduroam,10,149.98395586013794,B2-01,0,2
959,54:F0:B1:A1:E5:01,PoliSemFio,27,149.98395586013794,B2-01,0,2
960,54:F0:B1:A1:E5:02,,27,149.98395586013794,B2-01,0,2
961,54:F0:B1:A2:56:70,eduroam,14,149.98395586013794,B2-01,0,2
962,54:F0:B1:A2:57:31,PoliSemFio,29,149.98395586013794,B2-01,0,2
963,54:F0:B1:A2:57:33,LCA,15,149.98395586013794,B2-01,0,2
964,54:F0:B1:BB:58:A3,CAEEL,9,149.98395586013794,B2-01,0,2
965,54:F0:B1:BB:5A:80,eduroam,27,149.98395586013794,B2-01,0,2
966,54:F0:B1:BB:5A:81,PoliSemFio,34,149.98395586013794,B2-01,0,2
967,54:F0:B1:BB:5A:82,HACKER,25,149.98395586013794,B2-01,0,2
968,54:F0:B1:BB:5A:83,LEP,32,149.98395586013794,B2-01,0,2
969,54:F0:B1:BB:84:B0,eduroam,17,149.98395586013794,B2-01,0,2
970,54:F0:B1:BB:84:B2,,29,149.98395586013794,B2-01,0,2
971,54:F0:B1:BB:92:E0,eduroam,14,149.98395586013794,B2-01,0,2
972,54:F0:B1:BB:92:E1,PoliSemFio,15,149.98395586013794,B2-01,0,2
973,54:F0:B1:BB:92:E2,,14,149.98395586013794,B2-01,0,2
974,54:F0:B1:BB:BE:10,eduroam,15,149.98395586013794,B2-01,0,2
975,54:F0:B1:BB:BE:13,CAEEL,20,149.98395586013794,B2-01,0,2
976,54:F0:B1:BB:C4:D0,eduroam,65,149.98395586013794,B2-01,0,2
977,54:F0:B1:BB:C4:D1,PoliSemFio,64,149.98395586013794,B2-01,0,2
978,54:F0:B1:BB:C4:D2,,64,149.98395586013794,B2-01,0,2
979,54:F0:B1:BB:C4:F0,eduroam,60,149.98395586013794,B2-01,0,2
980,54:F0:B1:BB:C4:F1,PoliSemFio,60,149.98395586013794,B2-01,0,2
981,54:F0:B1:BB:C5:C1,PoliSemFio,25,149.98395586013794,B2-01,0,2
982,54:F0:B1:BB:C5:C2,,24,149.98395586013794,B2-01,0,2
983,54:F0:B1:BB:C5:C4,GDLAB,25,149.98395586013794,B2-01,0,2
984,54:F0:B1:BB:CC:E3,eduroam,12,149.98395586013794,B2-01,0,2
985,54:F0:B1:BB:F3:20,eduroam,39,149.98395586013794,B2-01,0,2
986,54:F0:B1:BB:F3:21,PoliSemFio,35,149.98395586013794,B2-01,0,2
987,54:F0:B1:BB:F3:22,,37,149.98395586013794,B2-01,0,2
988,54:F0:B1:BC:09:40,eduroam,82,149.98395586013794,B2-01,0,2
989,54:F0:B1:BC:09:41,PoliSemFio,87,149.98395586013794,B2-01,0,2
990,54:F0:B1:BC:09:42,,97,149.98395586013794,B2-01,0,2
991,54:F0:B1:BC:09:60,eduroam,67,149.98395586013794,B2-01,0,2
992,54:F0:B1:BC:09:61,PoliSemFio,67,149.98395586013794,B2-01,0,2
993,54:F0:B1:BC:1B:D0,eduroam,47,149.98395586013794,B2-01,0,2
994,54:F0:B1:BC:1B:D1,PoliSemFio,50,149.98395586013794,B2-01,0,2
995,54:F0:B1:BC:1B:D2,,47,149.98395586013794,B2-01,0,2
996,54:F0:B1:BC:1B:F0,eduroam,14,149.98395586013794,B2-01,0,2
997,54:F0:B1:BC:1B:F1,PoliSemFio,15,149.98395586013794,B2-01,0,2
998,54:F0:B1:BC:2E:90,eduroam,52,149.98395586013794,B2-01,0,2
999,54:F0:B1:BC:2E:91,PoliSemFio,47,149.98395586013794,B2-01,0,2
1000,54:F0:B1:BC:2E:92,,54,149.98395586013794,B2-01,0,2
1001,54:F0:B1:BC:2E:B0,eduroam,29,149.98395586013794,B2-01,0,2
1002,54:F0:B1:BC:2E:B1,PoliSemFio,29,149.98395586013794,B2-01,0,2
1003,54:F0:B1:BC:2F:50,eduroam,22,149.98395586013794,B2-01,0,2
1004,54:F0:B1:BC:36:10,PoliSemFio,19,149.98395586013794,B2-01,0,2
1005,54:F0:B1:BC:36:11,eduroam,24,149.98395586013794,B2-01,0,2
1006,54:F0:B1:BC:36:12,,22,149.98395586013794,B2-01,0,2
1007,54:F0:B1:BC:3F:10,eduroam,40,149.98395586013794,B2-01,0,2
1008,54:F0:B1:BC:3F:11,PoliSemFio,44,149.98395586013794,B2-01,0,2
1009,54:F0:B1:BC:3F:12,,42,149.98395586013794,B2-01,0,2
1010,54:F0:B1:BC:65:B0,eduroam,12,149.98395586013794,B2-01,0,2
1011,54:F0:B1:BC:70:00,eduroam,44,149.98395586013794,B2-01,0,2
1012,54:F0:B1:BC:70:01,PoliSemFio,52,149.98395586013794,B2-01,0,2
1013,54:F0:B1:BC:70:02,,45,149.98395586013794,B2-01,0,2
1014,54:F0:B1:BC:70:20,eduroam,29,149.98395586013794,B2-01,0,2
1015,54:F0:B1:BC:70:21,PoliSemFio,29,149.98395586013794,B2-01,0,2
1016,54:F0:B1:BC:77:80,eduroam,47,149.98395586013794,B2-01,0,2
1017,54:F0:B1:BC:77:81,PoliSemFio,47,149.98395586013794,B2-01,0,2
1018,54:F0:B1:BC:77:82,,47,149.98395586013794,B2-01,0,2
1019,54:F0:B1:BC:77:A0,eduroam,20,149.98395586013794,B2-01,0,2
1020,54:F0:B1:BC:77:A1,PoliSemFio,22,149.98395586013794,B2-01,0,2
1021,68:FF:7B:47:78:BD,C1-22M-5G,14,149.98395586013794,B2-01,0,2
1022,68:FF:7B:47:78:BE,C1-22M,49,149.98395586013794,B2-01,0,2
1023,70:62:B8:6E:72:A0,PCS-wireless-C1-13,45,149.98395586013794,B2-01,0,2
1024,70:62:B8:6E:72:A1,PPGEE,47,149.98395586013794,B2-01,0,2
1025,84:D4:7E:06:4F:E0,eduroam,57,149.98395586013794,B2-01,0,2
1026,84:D4:7E:06:4F:E1,PoliSemFio,60,149.98395586013794,B2-01,0,2
1027,84:D4:7E:06:4F:E2,,60,149.98395586013794,B2-01,0,2
1028,84:D4:7E:06:4F:F0,eduroam,27,149.98395586013794,B2-01,0,2
1029,84:D4:7E:06:4F:F1,PoliSemFio,27,149.98395586013794,B2-01,0,2
1030,84:D4:7E:06:4F:F2,,14,149.98395586013794,B2-01,0,2
1031,B6:4E:26:4B:84:C2,C2-01-Guest,17,149.98395586013794,B2-01,0,2
1032,DC:9F:DB:1C:1F:D7,LWN-3,34,149.98395586013794,B2-01,0,2
1033,DC:9F:DB:1C:1F:E0,LWN-3,44,149.98395586013794,B2-01,0,2
1034,DE:9F:DB:1C:1F:E0,LARC Guest,25,149.98395586013794,B2-01,0,2
1035,EE:9F:DB:1C:1F:E0,,44,149.98395586013794,B2-01,0,2
1036,F8:1A:67:99:55:8E,NUCLEAR_CHF,20,149.98395586013794,B2-01,0,2
1037,FE:9F:DB:1C:1F:E0,,45,149.98395586013794,B2-01,0,2
1038,00:21:91:70:9D:EC,LAB-DIDATICO,24,156.24695706367493,B2-01,0,2
1039,20:AA:4B:A7:19:74,LAA03,14,156.24695706367493,B2-01,0,2
1040,34:60:F9:A3:D9:14,GASWIFI-2G_C2,24,156.24695706367493,B2-01,0,2
1041,34:60:F9:A3:E7:3F,GASWIFI_C4,34,156.24695706367493,B2-01,0,2
1042,34:CE:00:51:3E:6F,Lab,42,156.24695706367493,B2-01,0,2
1043,34:CE:00:51:3E:70,Lab_5G,19,156.24695706367493,B2-01,0,2
1044,3A:60:F9:A3:D9:14,,17,156.24695706367493,B2-01,0,2
1045,54:B8:0A:AA:2C:8C,LAB_DIGITAL,40,156.24695706367493,B2-01,0,2
1046,54:B8:0A:AA:2C:8D,PCS-Wireless,40,156.24695706367493,B2-01,0,2
1047,54:B8:0A:AA:2C:8E,LAB_DIGITAL-5GHz,12,156.24695706367493,B2-01,0,2
1048,54:B8:0A:AA:2C:8F,PCS-Wireless-5GHz,12,156.24695706367493,B2-01,0,2
1049,54:F0:B1:A1:18:C0,eduroam,17,156.24695706367493,B2-01,0,2
1050,54:F0:B1:A1:18:C1,PoliSemFio,17,156.24695706367493,B2-01,0,2
1051,54:F0:B1:A1:18:C3,MEZANINO,17,156.24695706367493,B2-01,0,2
1052,54:F0:B1:A1:18:C4,GDLAB,15,156.24695706367493,B2-01,0,2
1053,54:F0:B1:A1:18:C5,LABPAD,17,156.24695706367493,B2-01,0,2
1054,54:F0:B1:A1:18:D0,eduroam,39,156.24695706367493,B2-01,0,2
1055,54:F0:B1:A1:18:D1,PoliSemFio,29,156.24695706367493,B2-01,0,2
1056,54:F0:B1:A1:18:D2,,27,156.24695706367493,B2-01,0,2
1057,54:F0:B1:A1:18:D3,MEZANINO,35,156.24695706367493,B2-01,0,2
1058,54:F0:B1:A1:18:D4,GDLAB,42,156.24695706367493,B2-01,0,2
1059,54:F0:B1:A1:18:D5,LABPAD,34,156.24695706367493,B2-01,0,2
1060,54:F0:B1:A1:57:F1,PoliSemFio,12,156.24695706367493,B2-01,0,2
1061,54:F0:B1:A1:57:F2,,12,156.24695706367493,B2-01,0,2
1062,54:F0:B1:A1:58:00,eduroam,42,156.24695706367493,B2-01,0,2
1063,54:F0:B1:A1:58:01,PoliSemFio,37,156.24695706367493,B2-01,0,2
1064,54:F0:B1:A1:58:02,,37,156.24695706367493,B2-01,0,2
1065,54:F0:B1:A1:E4:F0,eduroam,10,156.24695706367493,B2-01,0,2
1066,54:F0:B1:A1:E5:01,PoliSemFio,27,156.24695706367493,B2-01,0,2
1067,54:F0:B1:A1:E5:02,,27,156.24695706367493,B2-01,0,2
1068,54:F0:B1:A2:56:70,eduroam,14,156.24695706367493,B2-01,0,2
1069,54:F0:B1:A2:57:31,PoliSemFio,29,156.24695706367493,B2-01,0,2
1070,54:F0:B1:A2:57:33,LCA,15,156.24695706367493,B2-01,0,2
1071,54:F0:B1:BB:58:A3,CAEEL,9,156.24695706367493,B2-01,0,2
1072,54:F0:B1:BB:5A:80,eduroam,27,156.24695706367493,B2-01,0,2
1073,54:F0:B1:BB:5A:81,PoliSemFio,34,156.24695706367493,B2-01,0,2
1074,54:F0:B1:BB:5A:82,HACKER,25,156.24695706367493,B2-01,0,2
1075,54:F0:B1:BB:5A:83,LEP,32,156.24695706367493,B2-01,0,2
1076,54:F0:B1:BB:84:B0,eduroam,17,156.24695706367493,B2-01,0,2
1077,54:F0:B1:BB:84:B2,,29,156.24695706367493,B2-01,0,2
1078,54:F0:B1:BB:92:E0,eduroam,14,156.24695706367493,B2-01,0,2
1079,54:F0:B1:BB:92:E1,PoliSemFio,15,156.24695706367493,B2-01,0,2
1080,54:F0:B1:BB:92:E2,,14,156.24695706367493,B2-01,0,2
1081,54:F0:B1:BB:BE:10,eduroam,15,156.24695706367493,B2-01,0,2
1082,54:F0:B1:BB:BE:13,CAEEL,20,156.24695706367493,B2-01,0,2
1083,54:F0:B1:BB:C4:D0,eduroam,65,156.24695706367493,B2-01,0,2
1084,54:F0:B1:BB:C4:D1,PoliSemFio,64,156.24695706367493,B2-01,0,2
1085,54:F0:B1:BB:C4:D2,,64,156.24695706367493,B2-01,0,2
1086,54:F0:B1:BB:C4:F0,eduroam,60,156.24695706367493,B2-01,0,2
1087,54:F0:B1:BB:C4:F1,PoliSemFio,60,156.24695706367493,B2-01,0,2
1088,54:F0:B1:BB:C5:C1,PoliSemFio,25,156.24695706367493,B2-01,0,2
1089,54:F0:B1:BB:C5:C2,,24,156.24695706367493,B2-01,0,2
1090,54:F0:B1:BB:C5:C4,GDLAB,25,156.24695706367493,B2-01,0,2
1091,54:F0:B1:BB:CC:E3,eduroam,12,156.24695706367493,B2-01,0,2
1092,54:F0:B1:BB:F3:20,eduroam,39,156.24695706367493,B2-01,0,2
1093,54:F0:B1:BB:F3:21,PoliSemFio,35,156.24695706367493,B2-01,0,2
1094,54:F0:B1:BB:F3:22,,37,156.24695706367493,B2-01,0,2
1095,54:F0:B1:BC:09:40,eduroam,82,156.24695706367493,B2-01,0,2
1096,54:F0:B1:BC:09:41,PoliSemFio,87,156.24695706367493,B2-01,0,2
1097,54:F0:B1:BC:09:42,,97,156.24695706367493,B2-01,0,2
1098,54:F0:B1:BC:09:60,eduroam,53,156.24695706367493,B2-01,0,2
1099,54:F0:B1:BC:09:61,PoliSemFio,67,156.24695706367493,B2-01,0,2
1100,54:F0:B1:BC:1B:D0,eduroam,47,156.24695706367493,B2-01,0,2
1101,54:F0:B1:BC:1B:D1,PoliSemFio,50,156.24695706367493,B2-01,0,2
1102,54:F0:B1:BC:1B:D2,,47,156.24695706367493,B2-01,0,2
1103,54:F0:B1:BC:1B:F0,eduroam,14,156.24695706367493,B2-01,0,2
1104,54:F0:B1:BC:1B:F1,PoliSemFio,15,156.24695706367493,B2-01,0,2
1105,54:F0:B1:BC:2E:90,eduroam,52,156.24695706367493,B2-01,0,2
1106,54:F0:B1:BC:2E:91,PoliSemFio,47,156.24695706367493,B2-01,0,2
1107,54:F0:B1:BC:2E:92,,54,156.24695706367493,B2-01,0,2
1108,54:F0:B1:BC:2E:B0,eduroam,29,156.24695706367493,B2-01,0,2
1109,54:F0:B1:BC:2E:B1,PoliSemFio,29,156.24695706367493,B2-01,0,2
1110,54:F0:B1:BC:2F:50,eduroam,22,156.24695706367493,B2-01,0,2
1111,54:F0:B1:BC:36:10,PoliSemFio,19,156.24695706367493,B2-01,0,2
1112,54:F0:B1:BC:36:11,eduroam,24,156.24695706367493,B2-01,0,2
1113,54:F0:B1:BC:36:12,,22,156.24695706367493,B2-01,0,2
1114,54:F0:B1:BC:3F:10,eduroam,40,156.24695706367493,B2-01,0,2
1115,54:F0:B1:BC:3F:11,PoliSemFio,44,156.24695706367493,B2-01,0,2
1116,54:F0:B1:BC:3F:12,,42,156.24695706367493,B2-01,0,2
1117,54:F0:B1:BC:65:B0,eduroam,12,156.24695706367493,B2-01,0,2
1118,54:F0:B1:BC:70:00,eduroam,44,156.24695706367493,B2-01,0,2
1119,54:F0:B1:BC:70:01,PoliSemFio,52,156.24695706367493,B2-01,0,2
1120,54:F0:B1:BC:70:02,,45,156.24695706367493,B2-01,0,2
1121,54:F0:B1:BC:70:20,eduroam,29,156.24695706367493,B2-01,0,2
1122,54:F0:B1:BC:70:21,PoliSemFio,29,156.24695706367493,B2-01,0,2
1123,54:F0:B1:BC:77:80,eduroam,47,156.24695706367493,B2-01,0,2
1124,54:F0:B1:BC:77:81,PoliSemFio,47,156.24695706367493,B2-01,0,2
1125,54:F0:B1:BC:77:82,,47,156.24695706367493,B2-01,0,2
1126,54:F0:B1:BC:77:A0,eduroam,20,156.24695706367493,B2-01,0,2
1127,54:F0:B1:BC:77:A1,PoliSemFio,22,156.24695706367493,B2-01,0,2
1128,68:FF:7B:47:78:BD,C1-22M-5G,14,156.24695706367493,B2-01,0,2
1129,68:FF:7B:47:78:BE,C1-22M,49,156.24695706367493,B2-01,0,2
1130,70:62:B8:6E:72:A0,PCS-wireless-C1-13,45,156.24695706367493,B2-01,0,2
1131,70:62:B8:6E:72:A1,PPGEE,47,156.24695706367493,B2-01,0,2
1132,84:D4:7E:06:4F:E0,eduroam,57,156.24695706367493,B2-01,0,2
1133,84:D4:7E:06:4F:E1,PoliSemFio,60,156.24695706367493,B2-01,0,2
1134,84:D4:7E:06:4F:E2,,60,156.24695706367493,B2-01,0,2
1135,84:D4:7E:06:4F:F0,eduroam,27,156.24695706367493,B2-01,0,2
1136,84:D4:7E:06:4F:F1,PoliSemFio,27,156.24695706367493,B2-01,0,2
1137,84:D4:7E:06:4F:F2,,14,156.24695706367493,B2-01,0,2
1138,B6:4E:26:4B:84:C2,C2-01-Guest,17,156.24695706367493,B2-01,0,2
1139,DC:9F:DB:1C:1F:D7,LWN-3,34,156.24695706367493,B2-01,0,2
1140,DC:9F:DB:1C:1F:E0,LWN-3,44,156.24695706367493,B2-01,0,2
1141,DE:9F:DB:1C:1F:E0,LARC Guest,25,156.24695706367493,B2-01,0,2
1142,EE:9F:DB:1C:1F:E0,,44,156.24695706367493,B2-01,0,2
1143,F8:1A:67:99:55:8E,NUCLEAR_CHF,20,156.24695706367493,B2-01,0,2
1144,FE:9F:DB:1C:1F:E0,,45,156.24695706367493,B2-01,0,2
1145,00:21:91:70:9D:EC,LAB-DIDATICO,27,158.8789074420929,B2-01,0,2
1146,20:AA:4B:A7:19:74,LAA03,14,158.8789074420929,B2-01,0,2
1147,34:60:F9:A3:D9:14,GASWIFI-2G_C2,24,158.8789074420929,B2-01,0,2
1148,34:60:F9:A3:E7:3F,GASWIFI_C4,35,158.8789074420929,B2-01,0,2
1149,34:60:F9:A3:E8:73,GASWIFI_C3,22,158.8789074420929,B2-01,0,2
1150,34:CE:00:51:3E:6F,Lab,39,158.8789074420929,B2-01,0,2
1151,34:CE:00:51:3E:70,Lab_5G,19,158.8789074420929,B2-01,0,2
1152,3A:60:F9:A3:D9:14,,17,158.8789074420929,B2-01,0,2
1153,54:B8:0A:AA:2C:8C,LAB_DIGITAL,42,158.8789074420929,B2-01,0,2
1154,54:B8:0A:AA:2C:8D,PCS-Wireless,42,158.8789074420929,B2-01,0,2
1155,54:B8:0A:AA:2C:8E,LAB_DIGITAL-5GHz,12,158.8789074420929,B2-01,0,2
1156,54:B8:0A:AA:2C:8F,PCS-Wireless-5GHz,12,158.8789074420929,B2-01,0,2
1157,54:F0:B1:A1:18:C0,eduroam,17,158.8789074420929,B2-01,0,2
1158,54:F0:B1:A1:18:C1,PoliSemFio,17,158.8789074420929,B2-01,0,2
1159,54:F0:B1:A1:18:C3,MEZANINO,17,158.8789074420929,B2-01,0,2
1160,54:F0:B1:A1:18:C4,GDLAB,15,158.8789074420929,B2-01,0,2
1161,54:F0:B1:A1:18:C5,LABPAD,17,158.8789074420929,B2-01,0,2
1162,54:F0:B1:A1:18:D0,eduroam,39,158.8789074420929,B2-01,0,2
1163,54:F0:B1:A1:18:D1,PoliSemFio,29,158.8789074420929,B2-01,0,2
1164,54:F0:B1:A1:18:D2,,27,158.8789074420929,B2-01,0,2
1165,54:F0:B1:A1:18:D3,MEZANINO,35,158.8789074420929,B2-01,0,2
1166,54:F0:B1:A1:18:D4,GDLAB,42,158.8789074420929,B2-01,0,2
1167,54:F0:B1:A1:18:D5,LABPAD,22,158.8789074420929,B2-01,0,2
1168,54:F0:B1:A1:57:F1,PoliSemFio,12,158.8789074420929,B2-01,0,2
1169,54:F0:B1:A1:57:F2,,12,158.8789074420929,B2-01,0,2
1170,54:F0:B1:A1:58:00,eduroam,30,158.8789074420929,B2-01,0,2
1171,54:F0:B1:A1:58:01,PoliSemFio,37,158.8789074420929,B2-01,0,2
1172,54:F0:B1:A1:58:02,,37,158.8789074420929,B2-01,0,2
1173,54:F0:B1:A1:E4:F0,eduroam,10,158.8789074420929,B2-01,0,2
1174,54:F0:B1:A1:E5:00,eduroam,32,158.8789074420929,B2-01,0,2
1175,54:F0:B1:A1:E5:01,PoliSemFio,30,158.8789074420929,B2-01,0,2
1176,54:F0:B1:A1:E5:02,,27,158.8789074420929,B2-01,0,2
1177,54:F0:B1:A2:56:70,eduroam,14,158.8789074420929,B2-01,0,2
1178,54:F0:B1:A2:57:31,PoliSemFio,29,158.8789074420929,B2-01,0,2
1179,54:F0:B1:A2:57:33,LCA,15,158.8789074420929,B2-01,0,2
1180,54:F0:B1:BB:58:A3,CAEEL,9,158.8789074420929,B2-01,0,2
1181,54:F0:B1:BB:5A:80,eduroam,25,158.8789074420929,B2-01,0,2
1182,54:F0:B1:BB:5A:81,PoliSemFio,34,158.8789074420929,B2-01,0,2
1183,54:F0:B1:BB:5A:82,HACKER,20,158.8789074420929,B2-01,0,2
1184,54:F0:B1:BB:84:B0,eduroam,17,158.8789074420929,B2-01,0,2
1185,54:F0:B1:BB:92:E0,eduroam,14,158.8789074420929,B2-01,0,2
1186,54:F0:B1:BB:92:E1,PoliSemFio,15,158.8789074420929,B2-01,0,2
1187,54:F0:B1:BB:92:E2,,14,158.8789074420929,B2-01,0,2
1188,54:F0:B1:BB:BE:10,eduroam,15,158.8789074420929,B2-01,0,2
1189,54:F0:B1:BB:BE:13,CAEEL,20,158.8789074420929,B2-01,0,2
1190,54:F0:B1:BB:C4:D0,eduroam,59,158.8789074420929,B2-01,0,2
1191,54:F0:B1:BB:C4:D1,PoliSemFio,80,158.8789074420929,B2-01,0,2
1192,54:F0:B1:BB:C4:D2,,64,158.8789074420929,B2-01,0,2
1193,54:F0:B1:BB:C4:F0,eduroam,55,158.8789074420929,B2-01,0,2
1194,54:F0:B1:BB:C4:F1,PoliSemFio,55,158.8789074420929,B2-01,0,2
1195,54:F0:B1:BB:C5:C1,PoliSemFio,25,158.8789074420929,B2-01,0,2
1196,54:F0:B1:BB:C5:C2,,24,158.8789074420929,B2-01,0,2
1197,54:F0:B1:BB:C5:C4,GDLAB,25,158.8789074420929,B2-01,0,2
1198,54:F0:B1:BB:CC:E3,eduroam,12,158.8789074420929,B2-01,0,2
1199,54:F0:B1:BB:F3:20,eduroam,24,158.8789074420929,B2-01,0,2
1200,54:F0:B1:BB:F3:21,PoliSemFio,24,158.8789074420929,B2-01,0,2
1201,54:F0:B1:BB:F3:22,,37,158.8789074420929,B2-01,0,2
1202,54:F0:B1:BC:09:40,eduroam,82,158.8789074420929,B2-01,0,2
1203,54:F0:B1:BC:09:41,PoliSemFio,85,158.8789074420929,B2-01,0,2
1204,54:F0:B1:BC:09:42,,97,158.8789074420929,B2-01,0,2
1205,54:F0:B1:BC:09:60,eduroam,57,158.8789074420929,B2-01,0,2
1206,54:F0:B1:BC:09:61,PoliSemFio,55,158.8789074420929,B2-01,0,2
1207,54:F0:B1:BC:1B:D0,eduroam,42,158.8789074420929,B2-01,0,2
1208,54:F0:B1:BC:1B:D1,PoliSemFio,50,158.8789074420929,B2-01,0,2
1209,54:F0:B1:BC:1B:D2,,47,158.8789074420929,B2-01,0,2
1210,54:F0:B1:BC:1B:F0,eduroam,17,158.8789074420929,B2-01,0,2
1211,54:F0:B1:BC:1B:F1,PoliSemFio,15,158.8789074420929,B2-01,0,2
1212,54:F0:B1:BC:1B:F2,,15,158.8789074420929,B2-01,0,2
1213,54:F0:B1:BC:2E:90,eduroam,52,158.8789074420929,B2-01,0,2
1214,54:F0:B1:BC:2E:91,PoliSemFio,47,158.8789074420929,B2-01,0,2
1215,54:F0:B1:BC:2E:92,,54,158.8789074420929,B2-01,0,2
1216,54:F0:B1:BC:2E:B0,eduroam,19,158.8789074420929,B2-01,0,2
1217,54:F0:B1:BC:2E:B1,PoliSemFio,19,158.8789074420929,B2-01,0,2
1218,54:F0:B1:BC:36:10,PoliSemFio,19,158.8789074420929,B2-01,0,2
1219,54:F0:B1:BC:36:11,eduroam,24,158.8789074420929,B2-01,0,2
1220,54:F0:B1:BC:36:12,,22,158.8789074420929,B2-01,0,2
1221,54:F0:B1:BC:3F:10,eduroam,40,158.8789074420929,B2-01,0,2
1222,54:F0:B1:BC:3F:11,PoliSemFio,44,158.8789074420929,B2-01,0,2
1223,54:F0:B1:BC:3F:12,,42,158.8789074420929,B2-01,0,2
1224,54:F0:B1:BC:65:B0,eduroam,12,158.8789074420929,B2-01,0,2
1225,54:F0:B1:BC:70:00,eduroam,55,158.8789074420929,B2-01,0,2
1226,54:F0:B1:BC:70:01,PoliSemFio,52,158.8789074420929,B2-01,0,2
1227,54:F0:B1:BC:70:02,,45,158.8789074420929,B2-01,0,2
1228,54:F0:B1:BC:70:20,eduroam,19,158.8789074420929,B2-01,0,2
1229,54:F0:B1:BC:70:21,PoliSemFio,19,158.8789074420929,B2-01,0,2
1230,54:F0:B1:BC:77:80,eduroam,49,158.8789074420929,B2-01,0,2
1231,54:F0:B1:BC:77:81,PoliSemFio,54,158.8789074420929,B2-01,0,2
1232,54:F0:B1:BC:77:82,,54,158.8789074420929,B2-01,0,2
1233,54:F0:B1:BC:77:A0,eduroam,25,158.8789074420929,B2-01,0,2
1234,54:F0:B1:BC:77:A1,PoliSemFio,25,158.8789074420929,B2-01,0,2
1235,68:FF:7B:47:78:BD,C1-22M-5G,14,158.8789074420929,B2-01,0,2
1236,68:FF:7B:47:78:BE,C1-22M,40,158.8789074420929,B2-01,0,2
1237,70:62:B8:6E:72:A0,PCS-wireless-C1-13,39,158.8789074420929,B2-01,0,2
1238,70:62:B8:6E:72:A1,PPGEE,40,158.8789074420929,B2-01,0,2
1239,84:D4:7E:06:4F:E0,eduroam,57,158.8789074420929,B2-01,0,2
1240,84:D4:7E:06:4F:E1,PoliSemFio,65,158.8789074420929,B2-01,0,2
1241,84:D4:7E:06:4F:E2,,65,158.8789074420929,B2-01,0,2
1242,84:D4:7E:06:4F:F0,eduroam,25,158.8789074420929,B2-01,0,2
1243,84:D4:7E:06:4F:F1,PoliSemFio,25,158.8789074420929,B2-01,0,2
1244,84:D4:7E:06:4F:F2,,14,158.8789074420929,B2-01,0,2
1245,B6:4E:26:4B:84:C2,C2-01-Guest,17,158.8789074420929,B2-01,0,2
1246,DC:9F:DB:1C:1F:D7,LWN-3,27,158.8789074420929,B2-01,0,2
1247,DC:9F:DB:1C:1F:E0,LWN-3,44,158.8789074420929,B2-01,0,2
1248,DE:9F:DB:1C:1F:E0,LARC Guest,25,158.8789074420929,B2-01,0,2
1249,EE:9F:DB:1C:1F:E0,,39,158.8789074420929,B2-01,0,2
1250,F8:1A:67:99:55:8E,NUCLEAR_CHF,20,158.8789074420929,B2-01,0,2
1251,FE:9F:DB:1C:1F:E0,,39,158.8789074420929,B2-01,0,2
1252,00:21:91:70:9D:EC,LAB-DIDATICO,27,161.50602316856384,B2-01,0,2
1253,20:AA:4B:A7:19:74,LAA03,14,161.50602316856384,B2-01,0,2
1254,34:60:F9:A3:D9:14,GASWIFI-2G_C2,24,161.50602316856384,B2-01,0,2
1255,34:60:F9:A3:E7:3F,GASWIFI_C4,35,161.50602316856384,B2-01,0,2
1256,34:60:F9:A3:E8:73,GASWIFI_C3,22,161.50602316856384,B2-01,0,2
1257,34:CE:00:51:3E:6F,Lab,39,161.50602316856384,B2-01,0,2
1258,34:CE:00:51:3E:70,Lab_5G,19,161.50602316856384,B2-01,0,2
1259,3A:60:F9:A3:D9:14,,17,161.50602316856384,B2-01,0,2
1260,54:B8:0A:AA:2C:8C,LAB_DIGITAL,42,161.50602316856384,B2-01,0,2
1261,54:B8:0A:AA:2C:8D,PCS-Wireless,42,161.50602316856384,B2-01,0,2
1262,54:B8:0A:AA:2C:8E,LAB_DIGITAL-5GHz,12,161.50602316856384,B2-01,0,2
1263,54:B8:0A:AA:2C:8F,PCS-Wireless-5GHz,12,161.50602316856384,B2-01,0,2
1264,54:F0:B1:A1:18:C0,eduroam,17,161.50602316856384,B2-01,0,2
1265,54:F0:B1:A1:18:C1,PoliSemFio,17,161.50602316856384,B2-01,0,2
1266,54:F0:B1:A1:18:C3,MEZANINO,17,161.50602316856384,B2-01,0,2
1267,54:F0:B1:A1:18:C4,GDLAB,15,161.50602316856384,B2-01,0,2
1268,54:F0:B1:A1:18:C5,LABPAD,17,161.50602316856384,B2-01,0,2
1269,54:F0:B1:A1:18:D0,eduroam,39,161.50602316856384,B2-01,0,2
1270,54:F0:B1:A1:18:D1,PoliSemFio,29,161.50602316856384,B2-01,0,2
1271,54:F0:B1:A1:18:D2,,27,161.50602316856384,B2-01,0,2
1272,54:F0:B1:A1:18:D3,MEZANINO,35,161.50602316856384,B2-01,0,2
1273,54:F0:B1:A1:18:D4,GDLAB,42,161.50602316856384,B2-01,0,2
1274,54:F0:B1:A1:18:D5,LABPAD,22,161.50602316856384,B2-01,0,2
1275,54:F0:B1:A1:57:F1,PoliSemFio,12,161.50602316856384,B2-01,0,2
1276,54:F0:B1:A1:57:F2,,12,161.50602316856384,B2-01,0,2
1277,54:F0:B1:A1:58:00,eduroam,30,161.50602316856384,B2-01,0,2
1278,54:F0:B1:A1:58:01,PoliSemFio,37,161.50602316856384,B2-01,0,2
1279,54:F0:B1:A1:58:02,,37,161.50602316856384,B2-01,0,2
1280,54:F0:B1:A1:E4:F0,eduroam,10,161.50602316856384,B2-01,0,2
1281,54:F0:B1:A1:E5:00,eduroam,32,161.50602316856384,B2-01,0,2
1282,54:F0:B1:A1:E5:01,PoliSemFio,30,161.50602316856384,B2-01,0,2
1283,54:F0:B1:A1:E5:02,,27,161.50602316856384,B2-01,0,2
1284,54:F0:B1:A2:56:70,eduroam,14,161.50602316856384,B2-01,0,2
1285,54:F0:B1:A2:57:31,PoliSemFio,29,161.50602316856384,B2-01,0,2
1286,54:F0:B1:A2:57:33,LCA,15,161.50602316856384,B2-01,0,2
1287,54:F0:B1:BB:58:A3,CAEEL,9,161.50602316856384,B2-01,0,2
1288,54:F0:B1:BB:5A:80,eduroam,25,161.50602316856384,B2-01,0,2
1289,54:F0:B1:BB:5A:81,PoliSemFio,34,161.50602316856384,B2-01,0,2
1290,54:F0:B1:BB:5A:82,HACKER,20,161.50602316856384,B2-01,0,2
1291,54:F0:B1:BB:84:B0,eduroam,17,161.50602316856384,B2-01,0,2
1292,54:F0:B1:BB:92:E0,eduroam,14,161.50602316856384,B2-01,0,2
1293,54:F0:B1:BB:92:E1,PoliSemFio,15,161.50602316856384,B2-01,0,2
1294,54:F0:B1:BB:92:E2,,14,161.50602316856384,B2-01,0,2
1295,54:F0:B1:BB:BE:10,eduroam,15,161.50602316856384,B2-01,0,2
1296,54:F0:B1:BB:BE:13,CAEEL,20,161.50602316856384,B2-01,0,2
1297,54:F0:B1:BB:C4:D0,eduroam,59,161.50602316856384,B2-01,0,2
1298,54:F0:B1:BB:C4:D1,PoliSemFio,80,161.50602316856384,B2-01,0,2
1299,54:F0:B1:BB:C4:D2,,64,161.50602316856384,B2-01,0,2
1300,54:F0:B1:BB:C4:F0,eduroam,55,161.50602316856384,B2-01,0,2
1301,54:F0:B1:BB:C4:F1,PoliSemFio,55,161.50602316856384,B2-01,0,2
1302,54:F0:B1:BB:C5:C1,PoliSemFio,25,161.50602316856384,B2-01,0,2
1303,54:F0:B1:BB:C5:C2,,24,161.50602316856384,B2-01,0,2
1304,54:F0:B1:BB:C5:C4,GDLAB,25,161.50602316856384,B2-01,0,2
1305,54:F0:B1:BB:CC:E3,eduroam,12,161.50602316856384,B2-01,0,2
1306,54:F0:B1:BB:F3:20,eduroam,24,161.50602316856384,B2-01,0,2
1307,54:F0:B1:BB:F3:21,PoliSemFio,24,161.50602316856384,B2-01,0,2
1308,54:F0:B1:BB:F3:22,,37,161.50602316856384,B2-01,0,2
1309,54:F0:B1:BC:09:40,eduroam,82,161.50602316856384,B2-01,0,2
1310,54:F0:B1:BC:09:41,PoliSemFio,85,161.50602316856384,B2-01,0,2
1311,54:F0:B1:BC:09:42,,97,161.50602316856384,B2-01,0,2
1312,54:F0:B1:BC:09:60,eduroam,54,161.50602316856384,B2-01,0,2
1313,54:F0:B1:BC:09:61,PoliSemFio,55,161.50602316856384,B2-01,0,2
1314,54:F0:B1:BC:1B:D0,eduroam,42,161.50602316856384,B2-01,0,2
1315,54:F0:B1:BC:1B:D1,PoliSemFio,50,161.50602316856384,B2-01,0,2
1316,54:F0:B1:BC:1B:D2,,47,161.50602316856384,B2-01,0,2
1317,54:F0:B1:BC:1B:F0,eduroam,17,161.50602316856384,B2-01,0,2
1318,54:F0:B1:BC:1B:F1,PoliSemFio,15,161.50602316856384,B2-01,0,2
1319,54:F0:B1:BC:1B:F2,,15,161.50602316856384,B2-01,0,2
1320,54:F0:B1:BC:2E:90,eduroam,52,161.50602316856384,B2-01,0,2
1321,54:F0:B1:BC:2E:91,PoliSemFio,47,161.50602316856384,B2-01,0,2
1322,54:F0:B1:BC:2E:92,,54,161.50602316856384,B2-01,0,2
1323,54:F0:B1:BC:2E:B0,eduroam,19,161.50602316856384,B2-01,0,2
1324,54:F0:B1:BC:2E:B1,PoliSemFio,19,161.50602316856384,B2-01,0,2
1325,54:F0:B1:BC:36:10,PoliSemFio,19,161.50602316856384,B2-01,0,2
1326,54:F0:B1:BC:36:11,eduroam,24,161.50602316856384,B2-01,0,2
1327,54:F0:B1:BC:36:12,,22,161.50602316856384,B2-01,0,2
1328,54:F0:B1:BC:3F:10,eduroam,40,161.50602316856384,B2-01,0,2
1329,54:F0:B1:BC:3F:11,PoliSemFio,44,161.50602316856384,B2-01,0,2
1330,54:F0:B1:BC:3F:12,,42,161.50602316856384,B2-01,0,2
1331,54:F0:B1:BC:65:B0,eduroam,12,161.50602316856384,B2-01,0,2
1332,54:F0:B1:BC:70:00,eduroam,55,161.50602316856384,B2-01,0,2
1333,54:F0:B1:BC:70:01,PoliSemFio,52,161.50602316856384,B2-01,0,2
1334,54:F0:B1:BC:70:02,,45,161.50602316856384,B2-01,0,2
1335,54:F0:B1:BC:70:20,eduroam,19,161.50602316856384,B2-01,0,2
1336,54:F0:B1:BC:70:21,PoliSemFio,19,161.50602316856384,B2-01,0,2
1337,54:F0:B1:BC:77:80,eduroam,49,161.50602316856384,B2-01,0,2
1338,54:F0:B1:BC:77:81,PoliSemFio,54,161.50602316856384,B2-01,0,2
1339,54:F0:B1:BC:77:82,,54,161.50602316856384,B2-01,0,2
1340,54:F0:B1:BC:77:A0,eduroam,25,161.50602316856384,B2-01,0,2
1341,54:F0:B1:BC:77:A1,PoliSemFio,25,161.50602316856384,B2-01,0,2
1342,68:FF:7B:47:78:BD,C1-22M-5G,14,161.50602316856384,B2-01,0,2
1343,68:FF:7B:47:78:BE,C1-22M,40,161.50602316856384,B2-01,0,2
1344,70:62:B8:6E:72:A0,PCS-wireless-C1-13,39,161.50602316856384,B2-01,0,2
1345,70:62:B8:6E:72:A1,PPGEE,40,161.50602316856384,B2-01,0,2
1346,84:D4:7E:06:4F:E0,eduroam,57,161.50602316856384,B2-01,0,2
1347,84:D4:7E:06:4F:E1,PoliSemFio,65,161.50602316856384,B2-01,0,2
1348,84:D4:7E:06:4F:E2,,65,161.50602316856384,B2-01,0,2
1349,84:D4:7E:06:4F:F0,eduroam,25,161.50602316856384,B2-01,0,2
1350,84:D4:7E:06:4F:F1,PoliSemFio,25,161.50602316856384,B2-01,0,2
1351,84:D4:7E:06:4F:F2,,14,161.50602316856384,B2-01,0,2
1352,B6:4E:26:4B:84:C2,C2-01-Guest,17,161.50602316856384,B2-01,0,2
1353,DC:9F:DB:1C:1F:D7,LWN-3,27,161.50602316856384,B2-01,0,2
1354,DC:9F:DB:1C:1F:E0,LWN-3,44,161.50602316856384,B2-01,0,2
1355,DE:9F:DB:1C:1F:E0,LARC Guest,25,161.50602316856384,B2-01,0,2
1356,EE:9F:DB:1C:1F:E0,,39,161.50602316856384,B2-01,0,2
1357,F8:1A:67:99:55:8E,NUCLEAR_CHF,20,161.50602316856384,B2-01,0,2
1358,FE:9F:DB:1C:1F:E0,,39,161.50602316856384,B2-01,0,2
1359,00:18:E7:FF:8C:98,dlink,32,167.743638753891,B2-01,0,2
1360,00:21:91:70:9D:EC,LAB-DIDATICO,44,167.743638753891,B2-01,0,2
1361,20:AA:4B:A7:19:74,LAA03,14,167.743638753891,B2-01,0,2
1362,34:60:F9:A3:D9:14,GASWIFI-2G_C2,30,167.743638753891,B2-01,0,2
1363,34:60:F9:A3:E7:3F,GASWIFI_C4,35,167.743638753891,B2-01,0,2
1364,34:60:F9:A3:E8:73,GASWIFI_C3,22,167.743638753891,B2-01,0,2
1365,34:CE:00:51:3E:6F,Lab,54,167.743638753891,B2-01,0,2
1366,34:CE:00:51:3E:70,Lab_5G,17,167.743638753891,B2-01,0,2
1367,3A:60:F9:A3:D9:14,,27,167.743638753891,B2-01,0,2
1368,54:B8:0A:AA:2C:8C,LAB_DIGITAL,35,167.743638753891,B2-01,0,2
1369,54:B8:0A:AA:2C:8D,PCS-Wireless,42,167.743638753891,B2-01,0,2
1370,54:B8:0A:AA:2C:8E,LAB_DIGITAL-5GHz,12,167.743638753891,B2-01,0,2
1371,54:B8:0A:AA:2C:8F,PCS-Wireless-5GHz,12,167.743638753891,B2-01,0,2
1372,54:F0:B1:A1:18:C0,eduroam,17,167.743638753891,B2-01,0,2
1373,54:F0:B1:A1:18:C1,PoliSemFio,17,167.743638753891,B2-01,0,2
1374,54:F0:B1:A1:18:C3,MEZANINO,17,167.743638753891,B2-01,0,2
1375,54:F0:B1:A1:18:C4,GDLAB,15,167.743638753891,B2-01,0,2
1376,54:F0:B1:A1:18:C5,LABPAD,17,167.743638753891,B2-01,0,2
1377,54:F0:B1:A1:18:D0,eduroam,39,167.743638753891,B2-01,0,2
1378,54:F0:B1:A1:18:D1,PoliSemFio,29,167.743638753891,B2-01,0,2
1379,54:F0:B1:A1:18:D2,,27,167.743638753891,B2-01,0,2
1380,54:F0:B1:A1:18:D3,MEZANINO,37,167.743638753891,B2-01,0,2
1381,54:F0:B1:A1:18:D4,GDLAB,40,167.743638753891,B2-01,0,2
1382,54:F0:B1:A1:18:D5,LABPAD,37,167.743638753891,B2-01,0,2
1383,54:F0:B1:A1:57:F1,PoliSemFio,12,167.743638753891,B2-01,0,2
1384,54:F0:B1:A1:57:F2,,12,167.743638753891,B2-01,0,2
1385,54:F0:B1:A1:58:00,eduroam,30,167.743638753891,B2-01,0,2
1386,54:F0:B1:A1:58:01,PoliSemFio,42,167.743638753891,B2-01,0,2
1387,54:F0:B1:A1:58:02,,42,167.743638753891,B2-01,0,2
1388,54:F0:B1:A1:E4:F0,eduroam,10,167.743638753891,B2-01,0,2
1389,54:F0:B1:A1:E5:00,eduroam,32,167.743638753891,B2-01,0,2
1390,54:F0:B1:A1:E5:01,PoliSemFio,30,167.743638753891,B2-01,0,2
1391,54:F0:B1:A1:E5:02,,25,167.743638753891,B2-01,0,2
1392,54:F0:B1:A2:56:70,eduroam,14,167.743638753891,B2-01,0,2
1393,54:F0:B1:A2:57:31,PoliSemFio,29,167.743638753891,B2-01,0,2
1394,54:F0:B1:A2:57:33,LCA,15,167.743638753891,B2-01,0,2
1395,54:F0:B1:BB:58:A3,CAEEL,9,167.743638753891,B2-01,0,2
1396,54:F0:B1:BB:5A:80,eduroam,25,167.743638753891,B2-01,0,2
1397,54:F0:B1:BB:5A:81,PoliSemFio,34,167.743638753891,B2-01,0,2
1398,54:F0:B1:BB:5A:82,HACKER,20,167.743638753891,B2-01,0,2
1399,54:F0:B1:BB:84:B0,eduroam,17,167.743638753891,B2-01,0,2
1400,54:F0:B1:BB:92:C1,PoliSemFio,29,167.743638753891,B2-01,0,2
1401,54:F0:B1:BB:92:C2,,30,167.743638753891,B2-01,0,2
1402,54:F0:B1:BB:92:E0,eduroam,14,167.743638753891,B2-01,0,2
1403,54:F0:B1:BB:92:E1,PoliSemFio,15,167.743638753891,B2-01,0,2
1404,54:F0:B1:BB:92:E2,,14,167.743638753891,B2-01,0,2
1405,54:F0:B1:BB:BE:10,eduroam,9,167.743638753891,B2-01,0,2
1406,54:F0:B1:BB:BE:13,CAEEL,20,167.743638753891,B2-01,0,2
1407,54:F0:B1:BB:C4:D0,eduroam,69,167.743638753891,B2-01,0,2
1408,54:F0:B1:BB:C4:D1,PoliSemFio,80,167.743638753891,B2-01,0,2
1409,54:F0:B1:BB:C4:F0,eduroam,64,167.743638753891,B2-01,0,2
1410,54:F0:B1:BB:C4:F1,PoliSemFio,64,167.743638753891,B2-01,0,2
1411,54:F0:B1:BB:C5:C1,PoliSemFio,25,167.743638753891,B2-01,0,2
1412,54:F0:B1:BB:C5:C2,,19,167.743638753891,B2-01,0,2
1413,54:F0:B1:BB:C5:C4,GDLAB,25,167.743638753891,B2-01,0,2
1414,54:F0:B1:BB:CC:E3,eduroam,12,167.743638753891,B2-01,0,2
1415,54:F0:B1:BB:F3:20,eduroam,34,167.743638753891,B2-01,0,2
1416,54:F0:B1:BB:F3:21,PoliSemFio,24,167.743638753891,B2-01,0,2
1417,54:F0:B1:BB:F3:22,,37,167.743638753891,B2-01,0,2
1418,54:F0:B1:BB:FD:D0,eduroam,10,167.743638753891,B2-01,0,2
1419,54:F0:B1:BC:09:40,eduroam,99,167.743638753891,B2-01,0,2
1420,54:F0:B1:BC:09:41,PoliSemFio,85,167.743638753891,B2-01,0,2
1421,54:F0:B1:BC:09:42,,90,167.743638753891,B2-01,0,2
1422,54:F0:B1:BC:09:60,eduroam,56,167.743638753891,B2-01,0,2
1423,54:F0:B1:BC:09:61,PoliSemFio,67,167.743638753891,B2-01,0,2
1424,54:F0:B1:BC:1B:D0,eduroam,35,167.743638753891,B2-01,0,2
1425,54:F0:B1:BC:1B:D1,PoliSemFio,45,167.743638753891,B2-01,0,2
1426,54:F0:B1:BC:1B:D2,,45,167.743638753891,B2-01,0,2
1427,54:F0:B1:BC:1B:F0,eduroam,12,167.743638753891,B2-01,0,2
1428,54:F0:B1:BC:1B:F1,PoliSemFio,14,167.743638753891,B2-01,0,2
1429,54:F0:B1:BC:1B:F2,,14,167.743638753891,B2-01,0,2
1430,54:F0:B1:BC:2E:90,eduroam,52,167.743638753891,B2-01,0,2
1431,54:F0:B1:BC:2E:91,PoliSemFio,54,167.743638753891,B2-01,0,2
1432,54:F0:B1:BC:2E:92,,54,167.743638753891,B2-01,0,2
1433,54:F0:B1:BC:2E:B0,eduroam,32,167.743638753891,B2-01,0,2
1434,54:F0:B1:BC:2E:B1,PoliSemFio,32,167.743638753891,B2-01,0,2
1435,54:F0:B1:BC:36:10,PoliSemFio,19,167.743638753891,B2-01,0,2
1436,54:F0:B1:BC:36:11,eduroam,24,167.743638753891,B2-01,0,2
1437,54:F0:B1:BC:36:12,,22,167.743638753891,B2-01,0,2
1438,54:F0:B1:BC:3F:10,eduroam,45,167.743638753891,B2-01,0,2
1439,54:F0:B1:BC:3F:11,PoliSemFio,44,167.743638753891,B2-01,0,2
1440,54:F0:B1:BC:3F:12,,42,167.743638753891,B2-01,0,2
1441,54:F0:B1:BC:65:B0,eduroam,15,167.743638753891,B2-01,0,2
1442,54:F0:B1:BC:6F:70,eduroam,15,167.743638753891,B2-01,0,2
1443,54:F0:B1:BC:70:00,eduroam,24,167.743638753891,B2-01,0,2
1444,54:F0:B1:BC:70:01,PoliSemFio,52,167.743638753891,B2-01,0,2
1445,54:F0:B1:BC:70:02,,45,167.743638753891,B2-01,0,2
1446,54:F0:B1:BC:70:20,eduroam,22,167.743638753891,B2-01,0,2
1447,54:F0:B1:BC:70:21,PoliSemFio,22,167.743638753891,B2-01,0,2
1448,54:F0:B1:BC:77:80,eduroam,42,167.743638753891,B2-01,0,2
1449,54:F0:B1:BC:77:81,PoliSemFio,52,167.743638753891,B2-01,0,2
1450,54:F0:B1:BC:77:82,,52,167.743638753891,B2-01,0,2
1451,54:F0:B1:BC:77:A0,eduroam,20,167.743638753891,B2-01,0,2
1452,54:F0:B1:BC:77:A1,PoliSemFio,22,167.743638753891,B2-01,0,2
1453,68:FF:7B:47:78:BD,C1-22M-5G,14,167.743638753891,B2-01,0,2
1454,68:FF:7B:47:78:BE,C1-22M,44,167.743638753891,B2-01,0,2
1455,70:62:B8:6E:72:A0,PCS-wireless-C1-13,54,167.743638753891,B2-01,0,2
1456,70:62:B8:6E:72:A1,PPGEE,52,167.743638753891,B2-01,0,2
1457,84:D4:7E:06:4F:E0,eduroam,55,167.743638753891,B2-01,0,2
1458,84:D4:7E:06:4F:E1,PoliSemFio,65,167.743638753891,B2-01,0,2
1459,84:D4:7E:06:4F:E2,,65,167.743638753891,B2-01,0,2
1460,84:D4:7E:06:4F:F0,eduroam,22,167.743638753891,B2-01,0,2
1461,84:D4:7E:06:4F:F1,PoliSemFio,20,167.743638753891,B2-01,0,2
1462,84:D4:7E:06:4F:F2,,14,167.743638753891,B2-01,0,2
1463,AA:6B:AD:82:46:CC,DIRECT-cc-HP M132f LaserJet,19,167.743638753891,B2-01,0,2
1464,B6:4E:26:4B:84:C2,C2-01-Guest,17,167.743638753891,B2-01,0,2
1465,DC:9F:DB:1C:1F:D7,LWN-3,27,167.743638753891,B2-01,0,2
1466,DC:9F:DB:1C:1F:E0,LWN-3,44,167.743638753891,B2-01,0,2
1467,DE:9F:DB:1C:1F:E0,LARC Guest,25,167.743638753891,B2-01,0,2
1468,EE:9F:DB:1C:1F:E0,,39,167.743638753891,B2-01,0,2
1469,F8:1A:67:99:55:8E,NUCLEAR_CHF,24,167.743638753891,B2-01,0,2
1470,FE:9F:DB:1C:1F:E0,,39,167.743638753891,B2-01,0,2
1471,00:18:E7:FF:8C:98,dlink,32,174.00501322746277,B2-01,0,2
1472,00:21:91:70:9D:EC,LAB-DIDATICO,17,174.00501322746277,B2-01,0,2
1473,34:60:F9:A3:D9:14,GASWIFI-2G_C2,30,174.00501322746277,B2-01,0,2
1474,34:60:F9:A3:E7:3F,GASWIFI_C4,32,174.00501322746277,B2-01,0,2
1475,34:60:F9:A3:E8:73,GASWIFI_C3,22,174.00501322746277,B2-01,0,2
1476,34:CE:00:51:3E:6F,Lab,40,174.00501322746277,B2-01,0,2
1477,34:CE:00:51:3E:70,Lab_5G,17,174.00501322746277,B2-01,0,2
1478,3A:60:F9:A3:D9:14,,27,174.00501322746277,B2-01,0,2
1479,54:B8:0A:AA:2C:8C,LAB_DIGITAL,35,174.00501322746277,B2-01,0,2
1480,54:B8:0A:AA:2C:8D,PCS-Wireless,42,174.00501322746277,B2-01,0,2
1481,54:F0:B1:A1:18:C0,eduroam,17,174.00501322746277,B2-01,0,2
1482,54:F0:B1:A1:18:C1,PoliSemFio,17,174.00501322746277,B2-01,0,2
1483,54:F0:B1:A1:18:C3,MEZANINO,10,174.00501322746277,B2-01,0,2
1484,54:F0:B1:A1:18:C4,GDLAB,14,174.00501322746277,B2-01,0,2
1485,54:F0:B1:A1:18:C5,LABPAD,14,174.00501322746277,B2-01,0,2
1486,54:F0:B1:A1:18:D0,eduroam,39,174.00501322746277,B2-01,0,2
1487,54:F0:B1:A1:18:D1,PoliSemFio,29,174.00501322746277,B2-01,0,2
1488,54:F0:B1:A1:18:D2,,30,174.00501322746277,B2-01,0,2
1489,54:F0:B1:A1:18:D3,MEZANINO,27,174.00501322746277,B2-01,0,2
1490,54:F0:B1:A1:18:D4,GDLAB,15,174.00501322746277,B2-01,0,2
1491,54:F0:B1:A1:18:D5,LABPAD,32,174.00501322746277,B2-01,0,2
1492,54:F0:B1:A1:57:F1,PoliSemFio,12,174.00501322746277,B2-01,0,2
1493,54:F0:B1:A1:57:F2,,12,174.00501322746277,B2-01,0,2
1494,54:F0:B1:A1:58:00,eduroam,47,174.00501322746277,B2-01,0,2
1495,54:F0:B1:A1:58:01,PoliSemFio,42,174.00501322746277,B2-01,0,2
1496,54:F0:B1:A1:58:02,,42,174.00501322746277,B2-01,0,2
1497,54:F0:B1:A1:E4:F0,eduroam,10,174.00501322746277,B2-01,0,2
1498,54:F0:B1:A1:E5:00,eduroam,32,174.00501322746277,B2-01,0,2
1499,54:F0:B1:A1:E5:01,PoliSemFio,30,174.00501322746277,B2-01,0,2
1500,54:F0:B1:A1:E5:02,,29,174.00501322746277,B2-01,0,2
1501,54:F0:B1:A2:57:30,eduroam,30,174.00501322746277,B2-01,0,2
1502,54:F0:B1:A2:57:31,PoliSemFio,24,174.00501322746277,B2-01,0,2
1503,54:F0:B1:A2:57:32,,22,174.00501322746277,B2-01,0,2
1504,54:F0:B1:A2:57:33,LCA,15,174.00501322746277,B2-01,0,2
1505,54:F0:B1:BB:58:A3,CAEEL,9,174.00501322746277,B2-01,0,2
1506,54:F0:B1:BB:5A:80,eduroam,25,174.00501322746277,B2-01,0,2
1507,54:F0:B1:BB:5A:81,PoliSemFio,34,174.00501322746277,B2-01,0,2
1508,54:F0:B1:BB:5A:82,HACKER,20,174.00501322746277,B2-01,0,2
1509,54:F0:B1:BB:92:C1,PoliSemFio,29,174.00501322746277,B2-01,0,2
1510,54:F0:B1:BB:92:C2,,30,174.00501322746277,B2-01,0,2
1511,54:F0:B1:BB:92:E0,eduroam,14,174.00501322746277,B2-01,0,2
1512,54:F0:B1:BB:92:E1,PoliSemFio,15,174.00501322746277,B2-01,0,2
1513,54:F0:B1:BB:92:E2,,14,174.00501322746277,B2-01,0,2
1514,54:F0:B1:BB:BE:10,eduroam,15,174.00501322746277,B2-01,0,2
1515,54:F0:B1:BB:BE:13,CAEEL,20,174.00501322746277,B2-01,0,2
1516,54:F0:B1:BB:C4:D0,eduroam,54,174.00501322746277,B2-01,0,2
1517,54:F0:B1:BB:C4:D1,PoliSemFio,80,174.00501322746277,B2-01,0,2
1518,54:F0:B1:BB:C4:D2,,82,174.00501322746277,B2-01,0,2
1519,54:F0:B1:BB:C4:F0,eduroam,60,174.00501322746277,B2-01,0,2
1520,54:F0:B1:BB:C4:F1,PoliSemFio,60,174.00501322746277,B2-01,0,2
1521,54:F0:B1:BB:C5:C0,eduroam,29,174.00501322746277,B2-01,0,2
1522,54:F0:B1:BB:C5:C2,,19,174.00501322746277,B2-01,0,2
1523,54:F0:B1:BB:F3:20,eduroam,34,174.00501322746277,B2-01,0,2
1524,54:F0:B1:BB:F3:21,PoliSemFio,24,174.00501322746277,B2-01,0,2
1525,54:F0:B1:BB:FD:D0,eduroam,10,174.00501322746277,B2-01,0,2
1526,54:F0:B1:BC:09:40,eduroam,89,174.00501322746277,B2-01,0,2
1527,54:F0:B1:BC:09:41,PoliSemFio,85,174.00501322746277,B2-01,0,2
1528,54:F0:B1:BC:09:42,,87,174.00501322746277,B2-01,0,2
1529,54:F0:B1:BC:09:60,eduroam,65,174.00501322746277,B2-01,0,2
1530,54:F0:B1:BC:09:61,PoliSemFio,65,174.00501322746277,B2-01,0,2
1531,54:F0:B1:BC:1B:D0,eduroam,29,174.00501322746277,B2-01,0,2
1532,54:F0:B1:BC:1B:D1,PoliSemFio,44,174.00501322746277,B2-01,0,2
1533,54:F0:B1:BC:1B:D2,,44,174.00501322746277,B2-01,0,2
1534,54:F0:B1:BC:1B:F0,eduroam,12,174.00501322746277,B2-01,0,2
1535,54:F0:B1:BC:1B:F1,PoliSemFio,14,174.00501322746277,B2-01,0,2
1536,54:F0:B1:BC:1B:F2,,14,174.00501322746277,B2-01,0,2
1537,54:F0:B1:BC:2E:90,eduroam,52,174.00501322746277,B2-01,0,2
1538,54:F0:B1:BC:2E:91,PoliSemFio,54,174.00501322746277,B2-01,0,2
1539,54:F0:B1:BC:2E:92,,54,174.00501322746277,B2-01,0,2
1540,54:F0:B1:BC:2E:B0,eduroam,29,174.00501322746277,B2-01,0,2
1541,54:F0:B1:BC:2E:B1,PoliSemFio,29,174.00501322746277,B2-01,0,2
1542,54:F0:B1:BC:36:11,eduroam,24,174.00501322746277,B2-01,0,2
1543,54:F0:B1:BC:3F:10,eduroam,45,174.00501322746277,B2-01,0,2
1544,54:F0:B1:BC:3F:11,PoliSemFio,44,174.00501322746277,B2-01,0,2
1545,54:F0:B1:BC:3F:12,,42,174.00501322746277,B2-01,0,2
1546,54:F0:B1:BC:65:B0,eduroam,15,174.00501322746277,B2-01,0,2
1547,54:F0:B1:BC:6F:70,eduroam,15,174.00501322746277,B2-01,0,2
1548,54:F0:B1:BC:70:00,eduroam,54,174.00501322746277,B2-01,0,2
1549,54:F0:B1:BC:70:01,PoliSemFio,60,174.00501322746277,B2-01,0,2
1550,54:F0:B1:BC:70:02,,50,174.00501322746277,B2-01,0,2
1551,54:F0:B1:BC:70:20,eduroam,10,174.00501322746277,B2-01,0,2
1552,54:F0:B1:BC:70:21,PoliSemFio,14,174.00501322746277,B2-01,0,2
1553,54:F0:B1:BC:77:80,eduroam,20,174.00501322746277,B2-01,0,2
1554,54:F0:B1:BC:77:81,PoliSemFio,47,174.00501322746277,B2-01,0,2
1555,54:F0:B1:BC:77:82,,47,174.00501322746277,B2-01,0,2
1556,54:F0:B1:BC:77:A0,eduroam,17,174.00501322746277,B2-01,0,2
1557,54:F0:B1:BC:77:A1,PoliSemFio,17,174.00501322746277,B2-01,0,2
1558,68:FF:7B:47:78:BD,C1-22M-5G,15,174.00501322746277,B2-01,0,2
1559,68:FF:7B:47:78:BE,C1-22M,35,174.00501322746277,B2-01,0,2
1560,70:62:B8:6E:72:A0,PCS-wireless-C1-13,35,174.00501322746277,B2-01,0,2
1561,70:62:B8:6E:72:A1,PPGEE,34,174.00501322746277,B2-01,0,2
1562,84:D4:7E:06:4F:E0,eduroam,77,174.00501322746277,B2-01,0,2
1563,84:D4:7E:06:4F:E1,PoliSemFio,65,174.00501322746277,B2-01,0,2
1564,84:D4:7E:06:4F:E2,,65,174.00501322746277,B2-01,0,2
1565,84:D4:7E:06:4F:F0,eduroam,22,174.00501322746277,B2-01,0,2
1566,84:D4:7E:06:4F:F1,PoliSemFio,20,174.00501322746277,B2-01,0,2
1567,84:D4:7E:06:4F:F2,,14,174.00501322746277,B2-01,0,2
1568,AA:6B:AD:82:46:CC,DIRECT-cc-HP M132f LaserJet,19,174.00501322746277,B2-01,0,2
1569,B6:4E:26:4B:84:C2,C2-01-Guest,17,174.00501322746277,B2-01,0,2
1570,DC:9F:DB:1C:1F:D7,LWN-3,27,174.00501322746277,B2-01,0,2
1571,DC:9F:DB:1C:1F:E0,LWN-3,40,174.00501322746277,B2-01,0,2
1572,DE:9F:DB:1C:1F:E0,LARC Guest,40,174.00501322746277,B2-01,0,2
1573,EE:9F:DB:1C:1F:E0,,39,174.00501322746277,B2-01,0,2
1574,F8:1A:67:99:55:8E,NUCLEAR_CHF,24,174.00501322746277,B2-01,0,2
1575,FE:9F:DB:1C:1F:E0,,40,174.00501322746277,B2-01,0,2
1576,00:18:E7:FF:8C:98,dlink,32,183.88048577308655,B2-01,0,2
1577,00:21:91:70:9D:EC,LAB-DIDATICO,39,183.88048577308655,B2-01,0,2
1578,34:60:F9:A3:D9:14,GASWIFI-2G_C2,27,183.88048577308655,B2-01,0,2
1579,34:60:F9:A3:E7:3F,GASWIFI_C4,32,183.88048577308655,B2-01,0,2
1580,34:60:F9:A3:E8:73,GASWIFI_C3,22,183.88048577308655,B2-01,0,2
1581,34:CE:00:51:3E:6F,Lab,45,183.88048577308655,B2-01,0,2
1582,34:CE:00:51:3E:70,Lab_5G,15,183.88048577308655,B2-01,0,2
1583,3A:60:F9:A3:D9:14,,27,183.88048577308655,B2-01,0,2
1584,54:B8:0A:AA:2C:8C,LAB_DIGITAL,40,183.88048577308655,B2-01,0,2
1585,54:B8:0A:AA:2C:8D,PCS-Wireless,40,183.88048577308655,B2-01,0,2
1586,54:F0:B1:A1:18:C0,eduroam,17,183.88048577308655,B2-01,0,2
1587,54:F0:B1:A1:18:C1,PoliSemFio,17,183.88048577308655,B2-01,0,2
1588,54:F0:B1:A1:18:C3,MEZANINO,10,183.88048577308655,B2-01,0,2
1589,54:F0:B1:A1:18:C4,GDLAB,14,183.88048577308655,B2-01,0,2
1590,54:F0:B1:A1:18:C5,LABPAD,14,183.88048577308655,B2-01,0,2
1591,54:F0:B1:A1:18:D0,eduroam,47,183.88048577308655,B2-01,0,2
1592,54:F0:B1:A1:18:D1,PoliSemFio,40,183.88048577308655,B2-01,0,2
1593,54:F0:B1:A1:18:D2,,30,183.88048577308655,B2-01,0,2
1594,54:F0:B1:A1:18:D3,MEZANINO,27,183.88048577308655,B2-01,0,2
1595,54:F0:B1:A1:18:D4,GDLAB,47,183.88048577308655,B2-01,0,2
1596,54:F0:B1:A1:18:D5,LABPAD,32,183.88048577308655,B2-01,0,2
1597,54:F0:B1:A1:57:F1,PoliSemFio,12,183.88048577308655,B2-01,0,2
1598,54:F0:B1:A1:57:F2,,12,183.88048577308655,B2-01,0,2
1599,54:F0:B1:A1:58:00,eduroam,47,183.88048577308655,B2-01,0,2
1600,54:F0:B1:A1:58:01,PoliSemFio,42,183.88048577308655,B2-01,0,2
1601,54:F0:B1:A1:58:02,,44,183.88048577308655,B2-01,0,2
1602,54:F0:B1:A1:E4:F0,eduroam,10,183.88048577308655,B2-01,0,2
1603,54:F0:B1:A1:E5:00,eduroam,32,183.88048577308655,B2-01,0,2
1604,54:F0:B1:A1:E5:01,PoliSemFio,30,183.88048577308655,B2-01,0,2
1605,54:F0:B1:A1:E5:02,,29,183.88048577308655,B2-01,0,2
1606,54:F0:B1:A2:56:70,eduroam,10,183.88048577308655,B2-01,0,2
1607,54:F0:B1:A2:56:71,PoliSemFio,19,183.88048577308655,B2-01,0,2
1608,54:F0:B1:A2:56:72,,24,183.88048577308655,B2-01,0,2
1609,54:F0:B1:A2:57:30,eduroam,30,183.88048577308655,B2-01,0,2
1610,54:F0:B1:A2:57:31,PoliSemFio,24,183.88048577308655,B2-01,0,2
1611,54:F0:B1:A2:57:32,,22,183.88048577308655,B2-01,0,2
1612,54:F0:B1:A2:57:33,LCA,30,183.88048577308655,B2-01,0,2
1613,54:F0:B1:BB:58:A3,CAEEL,9,183.88048577308655,B2-01,0,2
1614,54:F0:B1:BB:5A:80,eduroam,24,183.88048577308655,B2-01,0,2
1615,54:F0:B1:BB:5A:82,HACKER,22,183.88048577308655,B2-01,0,2
1616,54:F0:B1:BB:84:B1,PoliSemFio,24,183.88048577308655,B2-01,0,2
1617,54:F0:B1:BB:92:C1,PoliSemFio,29,183.88048577308655,B2-01,0,2
1618,54:F0:B1:BB:92:C2,,30,183.88048577308655,B2-01,0,2
1619,54:F0:B1:BB:92:E0,eduroam,14,183.88048577308655,B2-01,0,2
1620,54:F0:B1:BB:92:E1,PoliSemFio,15,183.88048577308655,B2-01,0,2
1621,54:F0:B1:BB:92:E2,,14,183.88048577308655,B2-01,0,2
1622,54:F0:B1:BB:BE:10,eduroam,15,183.88048577308655,B2-01,0,2
1623,54:F0:B1:BB:C4:D0,eduroam,67,183.88048577308655,B2-01,0,2
1624,54:F0:B1:BB:C4:D1,PoliSemFio,80,183.88048577308655,B2-01,0,2
1625,54:F0:B1:BB:C4:D2,,77,183.88048577308655,B2-01,0,2
1626,54:F0:B1:BB:C4:F0,eduroam,49,183.88048577308655,B2-01,0,2
1627,54:F0:B1:BB:C4:F1,PoliSemFio,49,183.88048577308655,B2-01,0,2
1628,54:F0:B1:BB:C5:C0,eduroam,29,183.88048577308655,B2-01,0,2
1629,54:F0:B1:BB:C5:C1,PoliSemFio,22,183.88048577308655,B2-01,0,2
1630,54:F0:B1:BB:C5:C2,,24,183.88048577308655,B2-01,0,2
1631,54:F0:B1:BB:C5:C3,MEZANINO,25,183.88048577308655,B2-01,0,2
1632,54:F0:B1:BB:C5:C4,GDLAB,29,183.88048577308655,B2-01,0,2
1633,54:F0:B1:BB:F3:20,eduroam,34,183.88048577308655,B2-01,0,2
1634,54:F0:B1:BB:F3:21,PoliSemFio,24,183.88048577308655,B2-01,0,2
1635,54:F0:B1:BB:FD:D0,eduroam,10,183.88048577308655,B2-01,0,2
1636,54:F0:B1:BC:09:40,eduroam,75,183.88048577308655,B2-01,0,2
1637,54:F0:B1:BC:09:41,PoliSemFio,85,183.88048577308655,B2-01,0,2
1638,54:F0:B1:BC:09:42,,87,183.88048577308655,B2-01,0,2
1639,54:F0:B1:BC:09:60,eduroam,60,183.88048577308655,B2-01,0,2
1640,54:F0:B1:BC:09:61,PoliSemFio,72,183.88048577308655,B2-01,0,2
1641,54:F0:B1:BC:1B:D0,eduroam,29,183.88048577308655,B2-01,0,2
1642,54:F0:B1:BC:1B:D1,PoliSemFio,44,183.88048577308655,B2-01,0,2
1643,54:F0:B1:BC:1B:D2,,44,183.88048577308655,B2-01,0,2
1644,54:F0:B1:BC:1B:F0,eduroam,14,183.88048577308655,B2-01,0,2
1645,54:F0:B1:BC:1B:F1,PoliSemFio,15,183.88048577308655,B2-01,0,2
1646,54:F0:B1:BC:1B:F2,,14,183.88048577308655,B2-01,0,2
1647,54:F0:B1:BC:2E:90,eduroam,55,183.88048577308655,B2-01,0,2
1648,54:F0:B1:BC:2E:91,PoliSemFio,57,183.88048577308655,B2-01,0,2
1649,54:F0:B1:BC:2E:92,,54,183.88048577308655,B2-01,0,2
1650,54:F0:B1:BC:2E:B0,eduroam,24,183.88048577308655,B2-01,0,2
1651,54:F0:B1:BC:2E:B1,PoliSemFio,24,183.88048577308655,B2-01,0,2
1652,54:F0:B1:BC:36:11,eduroam,24,183.88048577308655,B2-01,0,2
1653,54:F0:B1:BC:3F:10,eduroam,34,183.88048577308655,B2-01,0,2
1654,54:F0:B1:BC:3F:11,PoliSemFio,44,183.88048577308655,B2-01,0,2
1655,54:F0:B1:BC:3F:12,,37,183.88048577308655,B2-01,0,2
1656,54:F0:B1:BC:65:B0,eduroam,15,183.88048577308655,B2-01,0,2
1657,54:F0:B1:BC:6F:70,eduroam,15,183.88048577308655,B2-01,0,2
1658,54:F0:B1:BC:70:00,eduroam,54,183.88048577308655,B2-01,0,2
1659,54:F0:B1:BC:70:01,PoliSemFio,60,183.88048577308655,B2-01,0,2
1660,54:F0:B1:BC:70:02,,50,183.88048577308655,B2-01,0,2
1661,54:F0:B1:BC:70:20,eduroam,20,183.88048577308655,B2-01,0,2
1662,54:F0:B1:BC:70:21,PoliSemFio,20,183.88048577308655,B2-01,0,2
1663,54:F0:B1:BC:77:80,eduroam,20,183.88048577308655,B2-01,0,2
1664,54:F0:B1:BC:77:81,PoliSemFio,47,183.88048577308655,B2-01,0,2
1665,54:F0:B1:BC:77:82,,52,183.88048577308655,B2-01,0,2
1666,54:F0:B1:BC:77:A0,eduroam,24,183.88048577308655,B2-01,0,2
1667,54:F0:B1:BC:77:A1,PoliSemFio,22,183.88048577308655,B2-01,0,2
1668,68:FF:7B:47:78:BD,C1-22M-5G,15,183.88048577308655,B2-01,0,2
1669,68:FF:7B:47:78:BE,C1-22M,44,183.88048577308655,B2-01,0,2
1670,70:62:B8:6E:72:A0,PCS-wireless-C1-13,47,183.88048577308655,B2-01,0,2
1671,70:62:B8:6E:72:A1,PPGEE,49,183.88048577308655,B2-01,0,2
1672,84:D4:7E:06:4F:E0,eduroam,50,183.88048577308655,B2-01,0,2
1673,84:D4:7E:06:4F:E1,PoliSemFio,65,183.88048577308655,B2-01,0,2
1674,84:D4:7E:06:4F:E2,,65,183.88048577308655,B2-01,0,2
1675,84:D4:7E:06:4F:F0,eduroam,20,183.88048577308655,B2-01,0,2
1676,84:D4:7E:06:4F:F1,PoliSemFio,22,183.88048577308655,B2-01,0,2
1677,84:D4:7E:06:4F:F2,,20,183.88048577308655,B2-01,0,2
1678,AA:6B:AD:82:46:CC,DIRECT-cc-HP M132f LaserJet,19,183.88048577308655,B2-01,0,2
1679,B6:4E:26:4B:84:C2,C2-01-Guest,17,183.88048577308655,B2-01,0,2
1680,DC:9F:DB:1C:1F:D7,LWN-3,27,183.88048577308655,B2-01,0,2
1681,DC:9F:DB:1C:1F:E0,LWN-3,40,183.88048577308655,B2-01,0,2
1682,DE:9F:DB:1C:1F:E0,LARC Guest,40,183.88048577308655,B2-01,0,2
1683,EE:9F:DB:1C:1F:E0,,45,183.88048577308655,B2-01,0,2
1684,F8:1A:67:99:55:8E,NUCLEAR_CHF,24,183.88048577308655,B2-01,0,2
1685,FE:9F:DB:1C:1F:E0,,40,183.88048577308655,B2-01,0,2
1686,00:18:E7:FF:8C:98,dlink,32,190.14731812477112,B2-01,0,2
1687,00:21:91:70:9D:EC,LAB-DIDATICO,39,190.14731812477112,B2-01,0,2
1688,34:60:F9:A3:D9:14,GASWIFI-2G_C2,27,190.14731812477112,B2-01,0,2
1689,34:60:F9:A3:E7:3F,GASWIFI_C4,27,190.14731812477112,B2-01,0,2
1690,34:60:F9:A3:E8:73,GASWIFI_C3,22,190.14731812477112,B2-01,0,2
1691,34:CE:00:51:3E:6F,Lab,47,190.14731812477112,B2-01,0,2
1692,34:CE:00:51:3E:70,Lab_5G,15,190.14731812477112,B2-01,0,2
1693,3A:60:F9:A3:D9:14,,27,190.14731812477112,B2-01,0,2
1694,54:B8:0A:AA:2C:8C,LAB_DIGITAL,50,190.14731812477112,B2-01,0,2
1695,54:B8:0A:AA:2C:8D,PCS-Wireless,52,190.14731812477112,B2-01,0,2
1696,54:F0:B1:A1:18:C0,eduroam,17,190.14731812477112,B2-01,0,2
1697,54:F0:B1:A1:18:C1,PoliSemFio,15,190.14731812477112,B2-01,0,2
1698,54:F0:B1:A1:18:C3,MEZANINO,17,190.14731812477112,B2-01,0,2
1699,54:F0:B1:A1:18:C4,GDLAB,15,190.14731812477112,B2-01,0,2
1700,54:F0:B1:A1:18:C5,LABPAD,17,190.14731812477112,B2-01,0,2
1701,54:F0:B1:A1:18:D0,eduroam,47,190.14731812477112,B2-01,0,2
1702,54:F0:B1:A1:18:D1,PoliSemFio,40,190.14731812477112,B2-01,0,2
1703,54:F0:B1:A1:18:D2,,30,190.14731812477112,B2-01,0,2
1704,54:F0:B1:A1:18:D3,MEZANINO,27,190.14731812477112,B2-01,0,2
1705,54:F0:B1:A1:18:D4,GDLAB,27,190.14731812477112,B2-01,0,2
1706,54:F0:B1:A1:18:D5,LABPAD,32,190.14731812477112,B2-01,0,2
1707,54:F0:B1:A1:57:F0,eduroam,15,190.14731812477112,B2-01,0,2
1708,54:F0:B1:A1:57:F1,PoliSemFio,15,190.14731812477112,B2-01,0,2
1709,54:F0:B1:A1:58:00,eduroam,30,190.14731812477112,B2-01,0,2
1710,54:F0:B1:A1:58:01,PoliSemFio,42,190.14731812477112,B2-01,0,2
1711,54:F0:B1:A1:58:02,,44,190.14731812477112,B2-01,0,2
1712,54:F0:B1:A1:E5:00,eduroam,32,190.14731812477112,B2-01,0,2
1713,54:F0:B1:A1:E5:01,PoliSemFio,30,190.14731812477112,B2-01,0,2
1714,54:F0:B1:A1:E5:02,,29,190.14731812477112,B2-01,0,2
1715,54:F0:B1:A2:56:70,eduroam,10,190.14731812477112,B2-01,0,2
1716,54:F0:B1:A2:56:71,PoliSemFio,19,190.14731812477112,B2-01,0,2
1717,54:F0:B1:A2:56:72,,24,190.14731812477112,B2-01,0,2
1718,54:F0:B1:A2:57:30,eduroam,30,190.14731812477112,B2-01,0,2
1719,54:F0:B1:A2:57:31,PoliSemFio,24,190.14731812477112,B2-01,0,2
1720,54:F0:B1:A2:57:32,,25,190.14731812477112,B2-01,0,2
1721,54:F0:B1:A2:57:33,LCA,22,190.14731812477112,B2-01,0,2
1722,54:F0:B1:BB:5A:80,eduroam,24,190.14731812477112,B2-01,0,2
1723,54:F0:B1:BB:5A:82,HACKER,22,190.14731812477112,B2-01,0,2
1724,54:F0:B1:BB:84:B1,PoliSemFio,24,190.14731812477112,B2-01,0,2
1725,54:F0:B1:BB:92:C1,PoliSemFio,29,190.14731812477112,B2-01,0,2
1726,54:F0:B1:BB:92:C2,,30,190.14731812477112,B2-01,0,2
1727,54:F0:B1:BB:BE:10,eduroam,20,190.14731812477112,B2-01,0,2
1728,54:F0:B1:BB:C4:D0,eduroam,40,190.14731812477112,B2-01,0,2
1729,54:F0:B1:BB:C4:D1,PoliSemFio,65,190.14731812477112,B2-01,0,2
1730,54:F0:B1:BB:C4:D2,,77,190.14731812477112,B2-01,0,2
1731,54:F0:B1:BB:C4:F0,eduroam,52,190.14731812477112,B2-01,0,2
1732,54:F0:B1:BB:C4:F1,PoliSemFio,52,190.14731812477112,B2-01,0,2
1733,54:F0:B1:BB:C5:C0,eduroam,29,190.14731812477112,B2-01,0,2
1734,54:F0:B1:BB:C5:C1,PoliSemFio,22,190.14731812477112,B2-01,0,2
1735,54:F0:B1:BB:C5:C2,,24,190.14731812477112,B2-01,0,2
1736,54:F0:B1:BB:C5:C3,MEZANINO,25,190.14731812477112,B2-01,0,2
1737,54:F0:B1:BB:C5:C4,GDLAB,29,190.14731812477112,B2-01,0,2
1738,54:F0:B1:BB:F3:20,eduroam,34,190.14731812477112,B2-01,0,2
1739,54:F0:B1:BB:F3:21,PoliSemFio,24,190.14731812477112,B2-01,0,2
1740,54:F0:B1:BB:F3:22,,25,190.14731812477112,B2-01,0,2
1741,54:F0:B1:BB:FD:D0,eduroam,10,190.14731812477112,B2-01,0,2
1742,54:F0:B1:BC:09:40,eduroam,82,190.14731812477112,B2-01,0,2
1743,54:F0:B1:BC:09:41,PoliSemFio,75,190.14731812477112,B2-01,0,2
1744,54:F0:B1:BC:09:42,,75,190.14731812477112,B2-01,0,2
1745,54:F0:B1:BC:09:60,eduroam,61,190.14731812477112,B2-01,0,2
1746,54:F0:B1:BC:09:61,PoliSemFio,57,190.14731812477112,B2-01,0,2
1747,54:F0:B1:BC:1B:D0,eduroam,37,190.14731812477112,B2-01,0,2
1748,54:F0:B1:BC:1B:D1,PoliSemFio,52,190.14731812477112,B2-01,0,2
1749,54:F0:B1:BC:1B:D2,,52,190.14731812477112,B2-01,0,2
1750,54:F0:B1:BC:1B:F0,eduroam,14,190.14731812477112,B2-01,0,2
1751,54:F0:B1:BC:1B:F1,PoliSemFio,15,190.14731812477112,B2-01,0,2
1752,54:F0:B1:BC:1B:F2,,14,190.14731812477112,B2-01,0,2
1753,54:F0:B1:BC:2E:90,eduroam,29,190.14731812477112,B2-01,0,2
1754,54:F0:B1:BC:2E:91,PoliSemFio,47,190.14731812477112,B2-01,0,2
1755,54:F0:B1:BC:2E:92,,54,190.14731812477112,B2-01,0,2
1756,54:F0:B1:BC:2E:B0,eduroam,19,190.14731812477112,B2-01,0,2
1757,54:F0:B1:BC:2E:B1,PoliSemFio,19,190.14731812477112,B2-01,0,2
1758,54:F0:B1:BC:3F:10,eduroam,34,190.14731812477112,B2-01,0,2
1759,54:F0:B1:BC:3F:12,,37,190.14731812477112,B2-01,0,2
1760,54:F0:B1:BC:65:B0,eduroam,15,190.14731812477112,B2-01,0,2
1761,54:F0:B1:BC:6F:70,eduroam,15,190.14731812477112,B2-01,0,2
1762,54:F0:B1:BC:70:00,eduroam,37,190.14731812477112,B2-01,0,2
1763,54:F0:B1:BC:70:01,PoliSemFio,49,190.14731812477112,B2-01,0,2
1764,54:F0:B1:BC:70:02,,50,190.14731812477112,B2-01,0,2
1765,54:F0:B1:BC:70:20,eduroam,20,190.14731812477112,B2-01,0,2
1766,54:F0:B1:BC:70:21,PoliSemFio,20,190.14731812477112,B2-01,0,2
1767,54:F0:B1:BC:77:80,eduroam,40,190.14731812477112,B2-01,0,2
1768,54:F0:B1:BC:77:81,PoliSemFio,45,190.14731812477112,B2-01,0,2
1769,54:F0:B1:BC:77:82,,45,190.14731812477112,B2-01,0,2
1770,54:F0:B1:BC:77:A0,eduroam,27,190.14731812477112,B2-01,0,2
1771,54:F0:B1:BC:77:A1,PoliSemFio,25,190.14731812477112,B2-01,0,2
1772,68:FF:7B:47:78:BD,C1-22M-5G,15,190.14731812477112,B2-01,0,2
1773,68:FF:7B:47:78:BE,C1-22M,42,190.14731812477112,B2-01,0,2
1774,70:62:B8:6E:72:A0,PCS-wireless-C1-13,35,190.14731812477112,B2-01,0,2
1775,70:62:B8:6E:72:A1,PPGEE,49,190.14731812477112,B2-01,0,2
1776,84:D4:7E:06:4F:E0,eduroam,60,190.14731812477112,B2-01,0,2
1777,84:D4:7E:06:4F:E1,PoliSemFio,65,190.14731812477112,B2-01,0,2
1778,84:D4:7E:06:4F:E2,,65,190.14731812477112,B2-01,0,2
1779,84:D4:7E:06:4F:F0,eduroam,24,190.14731812477112,B2-01,0,2
1780,84:D4:7E:06:4F:F1,PoliSemFio,24,190.14731812477112,B2-01,0,2
1781,84:D4:7E:06:4F:F2,,20,190.14731812477112,B2-01,0,2
1782,AA:6B:AD:82:46:CC,DIRECT-cc-HP M132f LaserJet,19,190.14731812477112,B2-01,0,2
1783,DC:9F:DB:1C:1F:D7,LWN-3,27,190.14731812477112,B2-01,0,2
1784,DC:9F:DB:1C:1F:E0,LWN-3,30,190.14731812477112,B2-01,0,2
1785,DE:9F:DB:1C:1F:E0,LARC Guest,34,190.14731812477112,B2-01,0,2
1786,EE:9F:DB:1C:1F:E0,,45,190.14731812477112,B2-01,0,2
1787,F8:1A:67:99:55:8E,NUCLEAR_CHF,24,190.14731812477112,B2-01,0,2
1788,FE:9F:DB:1C:1F:E0,,40,190.14731812477112,B2-01,0,2
1789,00:18:E7:FF:8C:98,dlink,32,200.00083708763123,B2-01,0,2
1790,00:21:91:70:9D:EC,LAB-DIDATICO,39,200.00083708763123,B2-01,0,2
1791,20:AA:4B:A7:19:74,LAA03,19,200.00083708763123,B2-01,0,2
1792,34:60:F9:A3:D9:14,GASWIFI-2G_C2,27,200.00083708763123,B2-01,0,2
1793,34:60:F9:A3:E7:3F,GASWIFI_C4,27,200.00083708763123,B2-01,0,2
1794,34:60:F9:A3:E8:73,GASWIFI_C3,15,200.00083708763123,B2-01,0,2
1795,34:CE:00:51:3E:6F,Lab,54,200.00083708763123,B2-01,0,2
1796,34:CE:00:51:3E:70,Lab_5G,15,200.00083708763123,B2-01,0,2
1797,3A:60:F9:A3:D9:14,,27,200.00083708763123,B2-01,0,2
1798,54:B8:0A:AA:2C:8C,LAB_DIGITAL,45,200.00083708763123,B2-01,0,2
1799,54:B8:0A:AA:2C:8D,PCS-Wireless,47,200.00083708763123,B2-01,0,2
1800,54:F0:B1:A1:18:C0,eduroam,19,200.00083708763123,B2-01,0,2
1801,54:F0:B1:A1:18:C1,PoliSemFio,17,200.00083708763123,B2-01,0,2
1802,54:F0:B1:A1:18:C3,MEZANINO,17,200.00083708763123,B2-01,0,2
1803,54:F0:B1:A1:18:C4,GDLAB,19,200.00083708763123,B2-01,0,2
1804,54:F0:B1:A1:18:C5,LABPAD,17,200.00083708763123,B2-01,0,2
1805,54:F0:B1:A1:18:D0,eduroam,39,200.00083708763123,B2-01,0,2
1806,54:F0:B1:A1:18:D1,PoliSemFio,35,200.00083708763123,B2-01,0,2
1807,54:F0:B1:A1:18:D2,,35,200.00083708763123,B2-01,0,2
1808,54:F0:B1:A1:18:D3,MEZANINO,35,200.00083708763123,B2-01,0,2
1809,54:F0:B1:A1:18:D4,GDLAB,40,200.00083708763123,B2-01,0,2
1810,54:F0:B1:A1:18:D5,LABPAD,40,200.00083708763123,B2-01,0,2
1811,54:F0:B1:A1:57:F0,eduroam,15,200.00083708763123,B2-01,0,2
1812,54:F0:B1:A1:57:F1,PoliSemFio,15,200.00083708763123,B2-01,0,2
1813,54:F0:B1:A1:58:00,eduroam,30,200.00083708763123,B2-01,0,2
1814,54:F0:B1:A1:58:01,PoliSemFio,34,200.00083708763123,B2-01,0,2
1815,54:F0:B1:A1:58:02,,35,200.00083708763123,B2-01,0,2
1816,54:F0:B1:A1:E4:F0,eduroam,17,200.00083708763123,B2-01,0,2
1817,54:F0:B1:A1:E4:F1,PoliSemFio,19,200.00083708763123,B2-01,0,2
1818,54:F0:B1:A1:E5:01,PoliSemFio,30,200.00083708763123,B2-01,0,2
1819,54:F0:B1:A1:E5:02,,32,200.00083708763123,B2-01,0,2
1820,54:F0:B1:A2:56:70,eduroam,10,200.00083708763123,B2-01,0,2
1821,54:F0:B1:A2:56:71,PoliSemFio,19,200.00083708763123,B2-01,0,2
1822,54:F0:B1:A2:56:72,,24,200.00083708763123,B2-01,0,2
1823,54:F0:B1:A2:57:30,eduroam,30,200.00083708763123,B2-01,0,2
1824,54:F0:B1:A2:57:31,PoliSemFio,24,200.00083708763123,B2-01,0,2
1825,54:F0:B1:A2:57:32,,25,200.00083708763123,B2-01,0,2
1826,54:F0:B1:A2:57:33,LCA,34,200.00083708763123,B2-01,0,2
1827,54:F0:B1:BB:5A:80,eduroam,24,200.00083708763123,B2-01,0,2
1828,54:F0:B1:BB:5A:81,PoliSemFio,29,200.00083708763123,B2-01,0,2
1829,54:F0:B1:BB:5A:82,HACKER,24,200.00083708763123,B2-01,0,2
1830,54:F0:B1:BB:5A:84,,29,200.00083708763123,B2-01,0,2
1831,54:F0:B1:BB:84:B1,PoliSemFio,24,200.00083708763123,B2-01,0,2
1832,54:F0:B1:BB:92:C1,PoliSemFio,29,200.00083708763123,B2-01,0,2
1833,54:F0:B1:BB:92:C2,,29,200.00083708763123,B2-01,0,2
1834,54:F0:B1:BB:92:E0,eduroam,19,200.00083708763123,B2-01,0,2
1835,54:F0:B1:BB:92:E1,PoliSemFio,17,200.00083708763123,B2-01,0,2
1836,54:F0:B1:BB:BE:10,eduroam,22,200.00083708763123,B2-01,0,2
1837,54:F0:B1:BB:C4:D0,eduroam,59,200.00083708763123,B2-01,0,2
1838,54:F0:B1:BB:C4:D1,PoliSemFio,65,200.00083708763123,B2-01,0,2
1839,54:F0:B1:BB:C4:D2,,77,200.00083708763123,B2-01,0,2
1840,54:F0:B1:BB:C4:F0,eduroam,52,200.00083708763123,B2-01,0,2
1841,54:F0:B1:BB:C4:F1,PoliSemFio,62,200.00083708763123,B2-01,0,2
1842,54:F0:B1:BB:C5:C0,eduroam,29,200.00083708763123,B2-01,0,2
1843,54:F0:B1:BB:C5:C1,PoliSemFio,22,200.00083708763123,B2-01,0,2
1844,54:F0:B1:BB:C5:C2,,24,200.00083708763123,B2-01,0,2
1845,54:F0:B1:BB:C5:C3,MEZANINO,25,200.00083708763123,B2-01,0,2
1846,54:F0:B1:BB:C5:C4,GDLAB,29,200.00083708763123,B2-01,0,2
1847,54:F0:B1:BB:CC:E3,eduroam,12,200.00083708763123,B2-01,0,2
1848,54:F0:B1:BB:F3:20,eduroam,34,200.00083708763123,B2-01,0,2
1849,54:F0:B1:BB:F3:22,,25,200.00083708763123,B2-01,0,2
1850,54:F0:B1:BB:FD:D0,eduroam,10,200.00083708763123,B2-01,0,2
1851,54:F0:B1:BC:09:40,eduroam,95,200.00083708763123,B2-01,0,2
1852,54:F0:B1:BC:09:41,PoliSemFio,95,200.00083708763123,B2-01,0,2
1853,54:F0:B1:BC:09:42,,95,200.00083708763123,B2-01,0,2
1854,54:F0:B1:BC:09:60,eduroam,60,200.00083708763123,B2-01,0,2
1855,54:F0:B1:BC:09:61,PoliSemFio,60,200.00083708763123,B2-01,0,2
1856,54:F0:B1:BC:1B:D0,eduroam,47,200.00083708763123,B2-01,0,2
1857,54:F0:B1:BC:1B:D1,PoliSemFio,54,200.00083708763123,B2-01,0,2
1858,54:F0:B1:BC:1B:D2,,54,200.00083708763123,B2-01,0,2
1859,54:F0:B1:BC:1B:F0,eduroam,15,200.00083708763123,B2-01,0,2
1860,54:F0:B1:BC:1B:F1,PoliSemFio,15,200.00083708763123,B2-01,0,2
1861,54:F0:B1:BC:1B:F2,,14,200.00083708763123,B2-01,0,2
1862,54:F0:B1:BC:2E:90,eduroam,50,200.00083708763123,B2-01,0,2
1863,54:F0:B1:BC:2E:91,PoliSemFio,55,200.00083708763123,B2-01,0,2
1864,54:F0:B1:BC:2E:92,,54,200.00083708763123,B2-01,0,2
1865,54:F0:B1:BC:2E:B0,eduroam,14,200.00083708763123,B2-01,0,2
1866,54:F0:B1:BC:2E:B1,PoliSemFio,15,200.00083708763123,B2-01,0,2
1867,54:F0:B1:BC:36:11,eduroam,24,200.00083708763123,B2-01,0,2
1868,54:F0:B1:BC:3F:10,eduroam,34,200.00083708763123,B2-01,0,2
1869,54:F0:B1:BC:3F:12,,37,200.00083708763123,B2-01,0,2
1870,54:F0:B1:BC:65:B0,eduroam,15,200.00083708763123,B2-01,0,2
1871,54:F0:B1:BC:6F:70,eduroam,15,200.00083708763123,B2-01,0,2
1872,54:F0:B1:BC:70:00,eduroam,37,200.00083708763123,B2-01,0,2
1873,54:F0:B1:BC:70:01,PoliSemFio,50,200.00083708763123,B2-01,0,2
1874,54:F0:B1:BC:70:02,,50,200.00083708763123,B2-01,0,2
1875,54:F0:B1:BC:70:20,eduroam,29,200.00083708763123,B2-01,0,2
1876,54:F0:B1:BC:70:21,PoliSemFio,29,200.00083708763123,B2-01,0,2
1877,54:F0:B1:BC:77:80,eduroam,27,200.00083708763123,B2-01,0,2
1878,54:F0:B1:BC:77:81,PoliSemFio,45,200.00083708763123,B2-01,0,2
1879,54:F0:B1:BC:77:82,,45,200.00083708763123,B2-01,0,2
1880,54:F0:B1:BC:77:A0,eduroam,27,200.00083708763123,B2-01,0,2
1881,54:F0:B1:BC:77:A1,PoliSemFio,25,200.00083708763123,B2-01,0,2
1882,68:FF:7B:47:78:BD,C1-22M-5G,15,200.00083708763123,B2-01,0,2
1883,68:FF:7B:47:78:BE,C1-22M,32,200.00083708763123,B2-01,0,2
1884,70:62:B8:6E:72:A0,PCS-wireless-C1-13,40,200.00083708763123,B2-01,0,2
1885,70:62:B8:6E:72:A1,PPGEE,49,200.00083708763123,B2-01,0,2
1886,84:D4:7E:06:4F:E0,eduroam,52,200.00083708763123,B2-01,0,2
1887,84:D4:7E:06:4F:F0,eduroam,22,200.00083708763123,B2-01,0,2
1888,84:D4:7E:06:4F:F1,PoliSemFio,24,200.00083708763123,B2-01,0,2
1889,84:D4:7E:06:4F:F2,,20,200.00083708763123,B2-01,0,2
1890,AA:6B:AD:82:46:CC,DIRECT-cc-HP M132f LaserJet,19,200.00083708763123,B2-01,0,2
1891,DC:9F:DB:1C:1F:D7,LWN-3,27,200.00083708763123,B2-01,0,2
1892,DC:9F:DB:1C:1F:E0,LWN-3,30,200.00083708763123,B2-01,0,2
1893,DE:9F:DB:1C:1F:E0,LARC Guest,34,200.00083708763123,B2-01,0,2
1894,EE:9F:DB:1C:1F:E0,,45,200.00083708763123,B2-01,0,2
1895,F8:1A:67:99:55:8E,NUCLEAR_CHF,24,200.00083708763123,B2-01,0,2
1896,FE:9F:DB:1C:1F:D7,,34,200.00083708763123,B2-01,0,2
1897,FE:9F:DB:1C:1F:E0,,40,200.00083708763123,B2-01,0,2
1898,00:18:E7:FF:8C:98,dlink,32,202.6448175907135,B2-01,0,2
1899,00:21:91:70:9D:EC,LAB-DIDATICO,39,202.6448175907135,B2-01,0,2
1900,20:AA:4B:A7:19:74,LAA03,19,202.6448175907135,B2-01,0,2
1901,34:60:F9:A3:D9:14,GASWIFI-2G_C2,27,202.6448175907135,B2-01,0,2
1902,34:60:F9:A3:E7:3F,GASWIFI_C4,27,202.6448175907135,B2-01,0,2
1903,34:60:F9:A3:E8:73,GASWIFI_C3,15,202.6448175907135,B2-01,0,2
1904,34:CE:00:51:3E:6F,Lab,54,202.6448175907135,B2-01,0,2
1905,34:CE:00:51:3E:70,Lab_5G,15,202.6448175907135,B2-01,0,2
1906,3A:60:F9:A3:D9:14,,27,202.6448175907135,B2-01,0,2
1907,54:B8:0A:AA:2C:8C,LAB_DIGITAL,45,202.6448175907135,B2-01,0,2
1908,54:B8:0A:AA:2C:8D,PCS-Wireless,47,202.6448175907135,B2-01,0,2
1909,54:F0:B1:A1:18:C0,eduroam,19,202.6448175907135,B2-01,0,2
1910,54:F0:B1:A1:18:C1,PoliSemFio,17,202.6448175907135,B2-01,0,2
1911,54:F0:B1:A1:18:C3,MEZANINO,17,202.6448175907135,B2-01,0,2
1912,54:F0:B1:A1:18:C4,GDLAB,19,202.6448175907135,B2-01,0,2
1913,54:F0:B1:A1:18:C5,LABPAD,17,202.6448175907135,B2-01,0,2
1914,54:F0:B1:A1:18:D0,eduroam,39,202.6448175907135,B2-01,0,2
1915,54:F0:B1:A1:18:D1,PoliSemFio,35,202.6448175907135,B2-01,0,2
1916,54:F0:B1:A1:18:D2,,35,202.6448175907135,B2-01,0,2
1917,54:F0:B1:A1:18:D3,MEZANINO,35,202.6448175907135,B2-01,0,2
1918,54:F0:B1:A1:18:D4,GDLAB,40,202.6448175907135,B2-01,0,2
1919,54:F0:B1:A1:18:D5,LABPAD,40,202.6448175907135,B2-01,0,2
1920,54:F0:B1:A1:57:F0,eduroam,15,202.6448175907135,B2-01,0,2
1921,54:F0:B1:A1:57:F1,PoliSemFio,15,202.6448175907135,B2-01,0,2
1922,54:F0:B1:A1:58:00,eduroam,30,202.6448175907135,B2-01,0,2
1923,54:F0:B1:A1:58:01,PoliSemFio,34,202.6448175907135,B2-01,0,2
1924,54:F0:B1:A1:58:02,,35,202.6448175907135,B2-01,0,2
1925,54:F0:B1:A1:E4:F0,eduroam,17,202.6448175907135,B2-01,0,2
1926,54:F0:B1:A1:E4:F1,PoliSemFio,19,202.6448175907135,B2-01,0,2
1927,54:F0:B1:A1:E5:01,PoliSemFio,30,202.6448175907135,B2-01,0,2
1928,54:F0:B1:A1:E5:02,,32,202.6448175907135,B2-01,0,2
1929,54:F0:B1:A2:56:70,eduroam,10,202.6448175907135,B2-01,0,2
1930,54:F0:B1:A2:56:71,PoliSemFio,19,202.6448175907135,B2-01,0,2
1931,54:F0:B1:A2:56:72,,24,202.6448175907135,B2-01,0,2
1932,54:F0:B1:A2:57:30,eduroam,30,202.6448175907135,B2-01,0,2
1933,54:F0:B1:A2:57:31,PoliSemFio,24,202.6448175907135,B2-01,0,2
1934,54:F0:B1:A2:57:32,,25,202.6448175907135,B2-01,0,2
1935,54:F0:B1:A2:57:33,LCA,34,202.6448175907135,B2-01,0,2
1936,54:F0:B1:BB:5A:80,eduroam,24,202.6448175907135,B2-01,0,2
1937,54:F0:B1:BB:5A:81,PoliSemFio,29,202.6448175907135,B2-01,0,2
1938,54:F0:B1:BB:5A:82,HACKER,24,202.6448175907135,B2-01,0,2
1939,54:F0:B1:BB:5A:84,,29,202.6448175907135,B2-01,0,2
1940,54:F0:B1:BB:84:B1,PoliSemFio,24,202.6448175907135,B2-01,0,2
1941,54:F0:B1:BB:92:C1,PoliSemFio,29,202.6448175907135,B2-01,0,2
1942,54:F0:B1:BB:92:C2,,29,202.6448175907135,B2-01,0,2
1943,54:F0:B1:BB:92:E0,eduroam,19,202.6448175907135,B2-01,0,2
1944,54:F0:B1:BB:92:E1,PoliSemFio,17,202.6448175907135,B2-01,0,2
1945,54:F0:B1:BB:BE:10,eduroam,22,202.6448175907135,B2-01,0,2
1946,54:F0:B1:BB:C4:D0,eduroam,59,202.6448175907135,B2-01,0,2
1947,54:F0:B1:BB:C4:D1,PoliSemFio,65,202.6448175907135,B2-01,0,2
1948,54:F0:B1:BB:C4:D2,,77,202.6448175907135,B2-01,0,2
1949,54:F0:B1:BB:C4:F0,eduroam,52,202.6448175907135,B2-01,0,2
1950,54:F0:B1:BB:C4:F1,PoliSemFio,62,202.6448175907135,B2-01,0,2
1951,54:F0:B1:BB:C5:C0,eduroam,29,202.6448175907135,B2-01,0,2
1952,54:F0:B1:BB:C5:C1,PoliSemFio,22,202.6448175907135,B2-01,0,2
1953,54:F0:B1:BB:C5:C2,,24,202.6448175907135,B2-01,0,2
1954,54:F0:B1:BB:C5:C3,MEZANINO,25,202.6448175907135,B2-01,0,2
1955,54:F0:B1:BB:C5:C4,GDLAB,29,202.6448175907135,B2-01,0,2
1956,54:F0:B1:BB:CC:E3,eduroam,12,202.6448175907135,B2-01,0,2
1957,54:F0:B1:BB:F3:20,eduroam,34,202.6448175907135,B2-01,0,2
1958,54:F0:B1:BB:F3:22,,25,202.6448175907135,B2-01,0,2
1959,54:F0:B1:BB:FD:D0,eduroam,10,202.6448175907135,B2-01,0,2
1960,54:F0:B1:BC:09:40,eduroam,95,202.6448175907135,B2-01,0,2
1961,54:F0:B1:BC:09:41,PoliSemFio,95,202.6448175907135,B2-01,0,2
1962,54:F0:B1:BC:09:42,,95,202.6448175907135,B2-01,0,2
1963,54:F0:B1:BC:09:60,eduroam,62,202.6448175907135,B2-01,0,2
1964,54:F0:B1:BC:09:61,PoliSemFio,60,202.6448175907135,B2-01,0,2
1965,54:F0:B1:BC:1B:D0,eduroam,47,202.6448175907135,B2-01,0,2
1966,54:F0:B1:BC:1B:D1,PoliSemFio,54,202.6448175907135,B2-01,0,2
1967,54:F0:B1:BC:1B:D2,,54,202.6448175907135,B2-01,0,2
1968,54:F0:B1:BC:1B:F0,eduroam,15,202.6448175907135,B2-01,0,2
1969,54:F0:B1:BC:1B:F1,PoliSemFio,15,202.6448175907135,B2-01,0,2
1970,54:F0:B1:BC:1B:F2,,14,202.6448175907135,B2-01,0,2
1971,54:F0:B1:BC:2E:90,eduroam,50,202.6448175907135,B2-01,0,2
1972,54:F0:B1:BC:2E:91,PoliSemFio,55,202.6448175907135,B2-01,0,2
1973,54:F0:B1:BC:2E:92,,54,202.6448175907135,B2-01,0,2
1974,54:F0:B1:BC:2E:B0,eduroam,14,202.6448175907135,B2-01,0,2
1975,54:F0:B1:BC:2E:B1,PoliSemFio,15,202.6448175907135,B2-01,0,2
1976,54:F0:B1:BC:36:11,eduroam,24,202.6448175907135,B2-01,0,2
1977,54:F0:B1:BC:3F:10,eduroam,34,202.6448175907135,B2-01,0,2
1978,54:F0:B1:BC:3F:12,,37,202.6448175907135,B2-01,0,2
1979,54:F0:B1:BC:65:B0,eduroam,15,202.6448175907135,B2-01,0,2
1980,54:F0:B1:BC:6F:70,eduroam,15,202.6448175907135,B2-01,0,2
1981,54:F0:B1:BC:70:00,eduroam,37,202.6448175907135,B2-01,0,2
1982,54:F0:B1:BC:70:01,PoliSemFio,50,202.6448175907135,B2-01,0,2
1983,54:F0:B1:BC:70:02,,50,202.6448175907135,B2-01,0,2
1984,54:F0:B1:BC:70:20,eduroam,29,202.6448175907135,B2-01,0,2
1985,54:F0:B1:BC:70:21,PoliSemFio,29,202.6448175907135,B2-01,0,2
1986,54:F0:B1:BC:77:80,eduroam,27,202.6448175907135,B2-01,0,2
1987,54:F0:B1:BC:77:81,PoliSemFio,45,202.6448175907135,B2-01,0,2
1988,54:F0:B1:BC:77:82,,45,202.6448175907135,B2-01,0,2
1989,54:F0:B1:BC:77:A0,eduroam,27,202.6448175907135,B2-01,0,2
1990,54:F0:B1:BC:77:A1,PoliSemFio,25,202.6448175907135,B2-01,0,2
1991,68:FF:7B:47:78:BD,C1-22M-5G,15,202.6448175907135,B2-01,0,2
1992,68:FF:7B:47:78:BE,C1-22M,32,202.6448175907135,B2-01,0,2
1993,70:62:B8:6E:72:A0,PCS-wireless-C1-13,40,202.6448175907135,B2-01,0,2
1994,70:62:B8:6E:72:A1,PPGEE,49,202.6448175907135,B2-01,0,2
1995,84:D4:7E:06:4F:E0,eduroam,52,202.6448175907135,B2-01,0,2
1996,84:D4:7E:06:4F:F0,eduroam,22,202.6448175907135,B2-01,0,2
1997,84:D4:7E:06:4F:F1,PoliSemFio,24,202.6448175907135,B2-01,0,2
1998,84:D4:7E:06:4F:F2,,20,202.6448175907135,B2-01,0,2
1999,AA:6B:AD:82:46:CC,DIRECT-cc-HP M132f LaserJet,19,202.6448175907135,B2-01,0,2
2000,DC:9F:DB:1C:1F:D7,LWN-3,27,202.6448175907135,B2-01,0,2
2001,DC:9F:DB:1C:1F:E0,LWN-3,30,202.6448175907135,B2-01,0,2
2002,DE:9F:DB:1C:1F:E0,LARC Guest,34,202.6448175907135,B2-01,0,2
2003,EE:9F:DB:1C:1F:E0,,45,202.6448175907135,B2-01,0,2
2004,F8:1A:67:99:55:8E,NUCLEAR_CHF,24,202.6448175907135,B2-01,0,2
2005,FE:9F:DB:1C:1F:D7,,34,202.6448175907135,B2-01,0,2
2006,FE:9F:DB:1C:1F:E0,,40,202.6448175907135,B2-01,0,2
2007,00:21:91:70:9D:EC,LAB-DIDATICO,37,205.29428720474243,B2-01,0,2
2008,20:AA:4B:A7:19:74,LAA03,19,205.29428720474243,B2-01,0,2
2009,34:60:F9:A3:D9:14,GASWIFI-2G_C2,27,205.29428720474243,B2-01,0,2
2010,34:60:F9:A3:E7:3F,GASWIFI_C4,30,205.29428720474243,B2-01,0,2
2011,34:60:F9:A3:E8:73,GASWIFI_C3,15,205.29428720474243,B2-01,0,2
2012,34:CE:00:51:3E:6F,Lab,45,205.29428720474243,B2-01,0,2
2013,34:CE:00:51:3E:70,Lab_5G,17,205.29428720474243,B2-01,0,2
2014,54:B8:0A:AA:2C:8C,LAB_DIGITAL,44,205.29428720474243,B2-01,0,2
2015,54:B8:0A:AA:2C:8D,PCS-Wireless,44,205.29428720474243,B2-01,0,2
2016,54:F0:B1:A1:18:C0,eduroam,19,205.29428720474243,B2-01,0,2
2017,54:F0:B1:A1:18:C1,PoliSemFio,17,205.29428720474243,B2-01,0,2
2018,54:F0:B1:A1:18:C3,MEZANINO,17,205.29428720474243,B2-01,0,2
2019,54:F0:B1:A1:18:C4,GDLAB,19,205.29428720474243,B2-01,0,2
2020,54:F0:B1:A1:18:C5,LABPAD,17,205.29428720474243,B2-01,0,2
2021,54:F0:B1:A1:18:D0,eduroam,30,205.29428720474243,B2-01,0,2
2022,54:F0:B1:A1:18:D1,PoliSemFio,35,205.29428720474243,B2-01,0,2
2023,54:F0:B1:A1:18:D2,,35,205.29428720474243,B2-01,0,2
2024,54:F0:B1:A1:18:D3,MEZANINO,35,205.29428720474243,B2-01,0,2
2025,54:F0:B1:A1:18:D4,GDLAB,40,205.29428720474243,B2-01,0,2
2026,54:F0:B1:A1:18:D5,LABPAD,40,205.29428720474243,B2-01,0,2
2027,54:F0:B1:A1:57:F0,eduroam,22,205.29428720474243,B2-01,0,2
2028,54:F0:B1:A1:57:F1,PoliSemFio,24,205.29428720474243,B2-01,0,2
2029,54:F0:B1:A1:58:00,eduroam,40,205.29428720474243,B2-01,0,2
2030,54:F0:B1:A1:58:01,PoliSemFio,44,205.29428720474243,B2-01,0,2
2031,54:F0:B1:A1:58:02,,44,205.29428720474243,B2-01,0,2
2032,54:F0:B1:A1:E4:F0,eduroam,17,205.29428720474243,B2-01,0,2
2033,54:F0:B1:A1:E4:F1,PoliSemFio,19,205.29428720474243,B2-01,0,2
2034,54:F0:B1:A1:E5:00,eduroam,24,205.29428720474243,B2-01,0,2
2035,54:F0:B1:A1:E5:01,PoliSemFio,27,205.29428720474243,B2-01,0,2
2036,54:F0:B1:A1:E5:02,,25,205.29428720474243,B2-01,0,2
2037,54:F0:B1:A2:56:70,eduroam,10,205.29428720474243,B2-01,0,2
2038,54:F0:B1:A2:56:71,PoliSemFio,19,205.29428720474243,B2-01,0,2
2039,54:F0:B1:A2:56:72,,24,205.29428720474243,B2-01,0,2
2040,54:F0:B1:A2:57:30,eduroam,30,205.29428720474243,B2-01,0,2
2041,54:F0:B1:A2:57:31,PoliSemFio,24,205.29428720474243,B2-01,0,2
2042,54:F0:B1:A2:57:32,,25,205.29428720474243,B2-01,0,2
2043,54:F0:B1:A2:57:33,LCA,34,205.29428720474243,B2-01,0,2
2044,54:F0:B1:BB:5A:80,eduroam,24,205.29428720474243,B2-01,0,2
2045,54:F0:B1:BB:5A:81,PoliSemFio,29,205.29428720474243,B2-01,0,2
2046,54:F0:B1:BB:5A:82,HACKER,24,205.29428720474243,B2-01,0,2
2047,54:F0:B1:BB:5A:83,LEP,22,205.29428720474243,B2-01,0,2
2048,54:F0:B1:BB:5A:84,,29,205.29428720474243,B2-01,0,2
2049,54:F0:B1:BB:84:B1,PoliSemFio,24,205.29428720474243,B2-01,0,2
2050,54:F0:B1:BB:92:C2,,29,205.29428720474243,B2-01,0,2
2051,54:F0:B1:BB:92:E0,eduroam,19,205.29428720474243,B2-01,0,2
2052,54:F0:B1:BB:92:E1,PoliSemFio,17,205.29428720474243,B2-01,0,2
2053,54:F0:B1:BB:BE:10,eduroam,17,205.29428720474243,B2-01,0,2
2054,54:F0:B1:BB:C4:D0,eduroam,15,205.29428720474243,B2-01,0,2
2055,54:F0:B1:BB:C4:D1,PoliSemFio,75,205.29428720474243,B2-01,0,2
2056,54:F0:B1:BB:C4:D2,,74,205.29428720474243,B2-01,0,2
2057,54:F0:B1:BB:C4:F0,eduroam,55,205.29428720474243,B2-01,0,2
2058,54:F0:B1:BB:C4:F1,PoliSemFio,55,205.29428720474243,B2-01,0,2
2059,54:F0:B1:BB:C5:C0,eduroam,29,205.29428720474243,B2-01,0,2
2060,54:F0:B1:BB:C5:C1,PoliSemFio,22,205.29428720474243,B2-01,0,2
2061,54:F0:B1:BB:C5:C2,,24,205.29428720474243,B2-01,0,2
2062,54:F0:B1:BB:C5:C3,MEZANINO,25,205.29428720474243,B2-01,0,2
2063,54:F0:B1:BB:C5:C4,GDLAB,29,205.29428720474243,B2-01,0,2
2064,54:F0:B1:BB:CC:E3,eduroam,12,205.29428720474243,B2-01,0,2
2065,54:F0:B1:BB:F3:20,eduroam,32,205.29428720474243,B2-01,0,2
2066,54:F0:B1:BB:F3:21,PoliSemFio,25,205.29428720474243,B2-01,0,2
2067,54:F0:B1:BB:F3:22,,27,205.29428720474243,B2-01,0,2
2068,54:F0:B1:BC:09:40,eduroam,92,205.29428720474243,B2-01,0,2
2069,54:F0:B1:BC:09:41,PoliSemFio,87,205.29428720474243,B2-01,0,2
2070,54:F0:B1:BC:09:42,,87,205.29428720474243,B2-01,0,2
2071,54:F0:B1:BC:09:60,eduroam,62,205.29428720474243,B2-01,0,2
2072,54:F0:B1:BC:09:61,PoliSemFio,62,205.29428720474243,B2-01,0,2
2073,54:F0:B1:BC:1B:D0,eduroam,42,205.29428720474243,B2-01,0,2
2074,54:F0:B1:BC:1B:D1,PoliSemFio,57,205.29428720474243,B2-01,0,2
2075,54:F0:B1:BC:1B:D2,,54,205.29428720474243,B2-01,0,2
2076,54:F0:B1:BC:1B:F0,eduroam,14,205.29428720474243,B2-01,0,2
2077,54:F0:B1:BC:1B:F1,PoliSemFio,12,205.29428720474243,B2-01,0,2
2078,54:F0:B1:BC:2E:90,eduroam,39,205.29428720474243,B2-01,0,2
2079,54:F0:B1:BC:2E:91,PoliSemFio,47,205.29428720474243,B2-01,0,2
2080,54:F0:B1:BC:2E:B0,eduroam,20,205.29428720474243,B2-01,0,2
2081,54:F0:B1:BC:2E:B1,PoliSemFio,20,205.29428720474243,B2-01,0,2
2082,54:F0:B1:BC:36:11,eduroam,24,205.29428720474243,B2-01,0,2
2083,54:F0:B1:BC:3F:10,eduroam,29,205.29428720474243,B2-01,0,2
2084,54:F0:B1:BC:3F:12,,37,205.29428720474243,B2-01,0,2
2085,54:F0:B1:BC:70:00,eduroam,50,205.29428720474243,B2-01,0,2
2086,54:F0:B1:BC:70:01,PoliSemFio,50,205.29428720474243,B2-01,0,2
2087,54:F0:B1:BC:70:02,,50,205.29428720474243,B2-01,0,2
2088,54:F0:B1:BC:70:20,eduroam,20,205.29428720474243,B2-01,0,2
2089,54:F0:B1:BC:70:21,PoliSemFio,19,205.29428720474243,B2-01,0,2
2090,54:F0:B1:BC:77:80,eduroam,29,205.29428720474243,B2-01,0,2
2091,54:F0:B1:BC:77:81,PoliSemFio,45,205.29428720474243,B2-01,0,2
2092,54:F0:B1:BC:77:82,,45,205.29428720474243,B2-01,0,2
2093,54:F0:B1:BC:77:A0,eduroam,20,205.29428720474243,B2-01,0,2
2094,54:F0:B1:BC:77:A1,PoliSemFio,20,205.29428720474243,B2-01,0,2
2095,68:FF:7B:47:78:BD,C1-22M-5G,15,205.29428720474243,B2-01,0,2
2096,68:FF:7B:47:78:BE,C1-22M,35,205.29428720474243,B2-01,0,2
2097,70:62:B8:6E:72:A0,PCS-wireless-C1-13,37,205.29428720474243,B2-01,0,2
2098,70:62:B8:6E:72:A1,PPGEE,40,205.29428720474243,B2-01,0,2
2099,84:D4:7E:06:4F:E0,eduroam,60,205.29428720474243,B2-01,0,2
2100,84:D4:7E:06:4F:E1,PoliSemFio,55,205.29428720474243,B2-01,0,2
2101,84:D4:7E:06:4F:E2,,55,205.29428720474243,B2-01,0,2
2102,84:D4:7E:06:4F:F0,eduroam,27,205.29428720474243,B2-01,0,2
2103,84:D4:7E:06:4F:F1,PoliSemFio,27,205.29428720474243,B2-01,0,2
2104,84:D4:7E:06:4F:F2,,20,205.29428720474243,B2-01,0,2
2105,DC:9F:DB:1C:1F:D7,LWN-3,27,205.29428720474243,B2-01,0,2
2106,DC:9F:DB:1C:1F:E0,LWN-3,30,205.29428720474243,B2-01,0,2
2107,DE:9F:DB:1C:1F:E0,LARC Guest,34,205.29428720474243,B2-01,0,2
2108,EE:9F:DB:1C:1F:E0,,45,205.29428720474243,B2-01,0,2
2109,F8:1A:67:99:55:8E,NUCLEAR_CHF,19,205.29428720474243,B2-01,0,2
2110,FE:9F:DB:1C:1F:D7,,34,205.29428720474243,B2-01,0,2
2111,FE:9F:DB:1C:1F:E0,,44,205.29428720474243,B2-01,0,2
