,ap_mac,ap_name,rssi,timestamp,room,door_status,room_part
0,00:18:E7:FF:8C:98,dlink,32,360.8989791870117,B2-01,0,4
1,00:21:91:70:9D:EC,LAB-DIDATICO,25,360.8989791870117,B2-01,0,4
2,34:60:F9:A3:E7:3F,GASWIFI_C4,30,360.8989791870117,B2-01,0,4
3,34:CE:00:51:3E:6F,Lab,57,360.8989791870117,B2-01,0,4
4,34:CE:00:51:3E:70,Lab_5G,32,360.8989791870117,B2-01,0,4
5,44:D2:44:DC:2E:01,PROJETOR_B2-06-EC89sIpciG1AUef,40,360.8989791870117,B2-01,0,4
6,54:B8:0A:AA:2C:8C,LAB_DIGITAL,24,360.8989791870117,B2-01,0,4
7,54:B8:0A:AA:2C:8D,PCS-Wireless,27,360.8989791870117,B2-01,0,4
8,54:F0:B1:A1:18:C3,MEZANINO,5,360.8989791870117,B2-01,0,4
9,54:F0:B1:A1:18:C4,GDLAB,5,360.8989791870117,B2-01,0,4
10,54:F0:B1:A1:18:D0,eduroam,24,360.8989791870117,B2-01,0,4
11,54:F0:B1:A1:18:D1,PoliSemFio,27,360.8989791870117,B2-01,0,4
12,54:F0:B1:A1:18:D2,,27,360.8989791870117,B2-01,0,4
13,54:F0:B1:A1:18:D4,GDLAB,25,360.8989791870117,B2-01,0,4
14,54:F0:B1:A1:18:D5,LABPAD,22,360.8989791870117,B2-01,0,4
15,54:F0:B1:A1:57:F0,eduroam,12,360.8989791870117,B2-01,0,4
16,54:F0:B1:A1:57:F1,PoliSemFio,10,360.8989791870117,B2-01,0,4
17,54:F0:B1:A1:57:F2,,12,360.8989791870117,B2-01,0,4
18,54:F0:B1:A1:58:00,eduroam,35,360.8989791870117,B2-01,0,4
19,54:F0:B1:A1:58:01,PoliSemFio,44,360.8989791870117,B2-01,0,4
20,54:F0:B1:A1:58:02,,40,360.8989791870117,B2-01,0,4
21,54:F0:B1:A2:56:72,,24,360.8989791870117,B2-01,0,4
22,54:F0:B1:A2:57:30,eduroam,19,360.8989791870117,B2-01,0,4
23,54:F0:B1:A2:57:33,LCA,19,360.8989791870117,B2-01,0,4
24,54:F0:B1:BB:5A:80,eduroam,39,360.8989791870117,B2-01,0,4
25,54:F0:B1:BB:5A:81,PoliSemFio,29,360.8989791870117,B2-01,0,4
26,54:F0:B1:BB:5A:82,HACKER,39,360.8989791870117,B2-01,0,4
27,54:F0:B1:BB:5A:83,LEP,42,360.8989791870117,B2-01,0,4
28,54:F0:B1:BB:5A:84,,37,360.8989791870117,B2-01,0,4
29,54:F0:B1:BB:BE:10,eduroam,20,360.8989791870117,B2-01,0,4
30,54:F0:B1:BB:C4:D0,eduroam,57,360.8989791870117,B2-01,0,4
31,54:F0:B1:BB:C4:D1,PoliSemFio,79,360.8989791870117,B2-01,0,4
32,54:F0:B1:BB:C4:D2,,79,360.8989791870117,B2-01,0,4
33,54:F0:B1:BB:C4:F0,eduroam,40,360.8989791870117,B2-01,0,4
34,54:F0:B1:BB:C4:F1,PoliSemFio,40,360.8989791870117,B2-01,0,4
35,54:F0:B1:BB:C4:F2,,40,360.8989791870117,B2-01,0,4
36,54:F0:B1:BB:F3:20,eduroam,32,360.8989791870117,B2-01,0,4
37,54:F0:B1:BB:F3:21,PoliSemFio,30,360.8989791870117,B2-01,0,4
38,54:F0:B1:BB:F3:22,,30,360.8989791870117,B2-01,0,4
39,54:F0:B1:BC:09:40,eduroam,100,360.8989791870117,B2-01,0,4
40,54:F0:B1:BC:09:41,PoliSemFio,95,360.8989791870117,B2-01,0,4
41,54:F0:B1:BC:09:42,,87,360.8989791870117,B2-01,0,4
42,54:F0:B1:BC:09:60,eduroam,82,360.8989791870117,B2-01,0,4
43,54:F0:B1:BC:09:61,PoliSemFio,65,360.8989791870117,B2-01,0,4
44,54:F0:B1:BC:1B:D0,eduroam,69,360.8989791870117,B2-01,0,4
45,54:F0:B1:BC:1B:D1,PoliSemFio,67,360.8989791870117,B2-01,0,4
46,54:F0:B1:BC:1B:D2,,70,360.8989791870117,B2-01,0,4
47,54:F0:B1:BC:1B:F0,eduroam,35,360.8989791870117,B2-01,0,4
48,54:F0:B1:BC:1B:F1,PoliSemFio,35,360.8989791870117,B2-01,0,4
49,54:F0:B1:BC:1B:F2,,35,360.8989791870117,B2-01,0,4
50,54:F0:B1:BC:2E:90,eduroam,62,360.8989791870117,B2-01,0,4
51,54:F0:B1:BC:2E:91,PoliSemFio,54,360.8989791870117,B2-01,0,4
52,54:F0:B1:BC:2E:92,,59,360.8989791870117,B2-01,0,4
53,54:F0:B1:BC:2E:B0,eduroam,34,360.8989791870117,B2-01,0,4
54,54:F0:B1:BC:2E:B1,PoliSemFio,35,360.8989791870117,B2-01,0,4
55,54:F0:B1:BC:36:11,eduroam,15,360.8989791870117,B2-01,0,4
56,54:F0:B1:BC:3F:10,eduroam,25,360.8989791870117,B2-01,0,4
57,54:F0:B1:BC:70:00,eduroam,59,360.8989791870117,B2-01,0,4
58,54:F0:B1:BC:70:20,eduroam,17,360.8989791870117,B2-01,0,4
59,54:F0:B1:BC:70:21,PoliSemFio,14,360.8989791870117,B2-01,0,4
60,54:F0:B1:BC:77:80,eduroam,35,360.8989791870117,B2-01,0,4
61,54:F0:B1:BC:77:81,PoliSemFio,42,360.8989791870117,B2-01,0,4
62,54:F0:B1:BC:77:82,,44,360.8989791870117,B2-01,0,4
63,54:F0:B1:BC:77:A0,eduroam,22,360.8989791870117,B2-01,0,4
64,54:F0:B1:BC:77:A1,PoliSemFio,22,360.8989791870117,B2-01,0,4
65,68:FF:7B:47:78:BE,C1-22M,32,360.8989791870117,B2-01,0,4
66,70:62:B8:6E:72:A0,PCS-wireless-C1-13,17,360.8989791870117,B2-01,0,4
67,84:D4:7E:06:4F:E0,eduroam,57,360.8989791870117,B2-01,0,4
68,84:D4:7E:06:4F:E1,PoliSemFio,52,360.8989791870117,B2-01,0,4
69,84:D4:7E:06:4F:E2,,52,360.8989791870117,B2-01,0,4
70,84:D4:7E:06:4F:F0,eduroam,25,360.8989791870117,B2-01,0,4
71,84:D4:7E:06:4F:F1,PoliSemFio,25,360.8989791870117,B2-01,0,4
72,DC:9F:DB:1C:1F:D7,LWN-3,25,360.8989791870117,B2-01,0,4
73,DC:9F:DB:1C:1F:E0,LWN-3,40,360.8989791870117,B2-01,0,4
74,DE:9F:DB:1C:1F:E0,LARC Guest,39,360.8989791870117,B2-01,0,4
75,EE:9F:DB:1C:1F:D7,,17,360.8989791870117,B2-01,0,4
76,EE:9F:DB:1C:1F:E0,,39,360.8989791870117,B2-01,0,4
77,F8:1A:67:99:55:8E,NUCLEAR_CHF,30,360.8989791870117,B2-01,0,4
78,FE:9F:DB:1C:1F:D7,,19,360.8989791870117,B2-01,0,4
79,FE:9F:DB:1C:1F:E0,,39,360.8989791870117,B2-01,0,4
80,00:21:91:70:9D:EC,LAB-DIDATICO,25,363.5554976463318,B2-01,0,4
81,34:60:F9:A3:D9:13,GASWIFI-5G_C2,20,363.5554976463318,B2-01,0,4
82,34:60:F9:A3:E7:3F,GASWIFI_C4,30,363.5554976463318,B2-01,0,4
83,34:CE:00:51:3E:6F,Lab,64,363.5554976463318,B2-01,0,4
84,34:CE:00:51:3E:70,Lab_5G,20,363.5554976463318,B2-01,0,4
85,44:D2:44:DC:2E:01,PROJETOR_B2-06-EC89sIpciG1AUef,40,363.5554976463318,B2-01,0,4
86,54:B8:0A:AA:2C:8C,LAB_DIGITAL,32,363.5554976463318,B2-01,0,4
87,54:B8:0A:AA:2C:8D,PCS-Wireless,32,363.5554976463318,B2-01,0,4
88,54:F0:B1:A1:18:D0,eduroam,25,363.5554976463318,B2-01,0,4
89,54:F0:B1:A1:18:D1,PoliSemFio,27,363.5554976463318,B2-01,0,4
90,54:F0:B1:A1:18:D2,,27,363.5554976463318,B2-01,0,4
91,54:F0:B1:A1:18:D3,MEZANINO,22,363.5554976463318,B2-01,0,4
92,54:F0:B1:A1:18:D4,GDLAB,24,363.5554976463318,B2-01,0,4
93,54:F0:B1:A1:18:D5,LABPAD,25,363.5554976463318,B2-01,0,4
94,54:F0:B1:A1:58:00,eduroam,25,363.5554976463318,B2-01,0,4
95,54:F0:B1:A1:58:01,PoliSemFio,29,363.5554976463318,B2-01,0,4
96,54:F0:B1:A1:58:02,,40,363.5554976463318,B2-01,0,4
97,54:F0:B1:A2:56:72,,24,363.5554976463318,B2-01,0,4
98,54:F0:B1:A2:57:30,eduroam,19,363.5554976463318,B2-01,0,4
99,54:F0:B1:A2:57:33,LCA,19,363.5554976463318,B2-01,0,4
100,54:F0:B1:BB:5A:80,eduroam,39,363.5554976463318,B2-01,0,4
101,54:F0:B1:BB:5A:81,PoliSemFio,29,363.5554976463318,B2-01,0,4
102,54:F0:B1:BB:5A:82,HACKER,39,363.5554976463318,B2-01,0,4
103,54:F0:B1:BB:5A:83,LEP,30,363.5554976463318,B2-01,0,4
104,54:F0:B1:BB:5A:84,,37,363.5554976463318,B2-01,0,4
105,54:F0:B1:BB:BE:10,eduroam,20,363.5554976463318,B2-01,0,4
106,54:F0:B1:BB:C4:D0,eduroam,57,363.5554976463318,B2-01,0,4
107,54:F0:B1:BB:C4:D1,PoliSemFio,39,363.5554976463318,B2-01,0,4
108,54:F0:B1:BB:C4:D2,,79,363.5554976463318,B2-01,0,4
109,54:F0:B1:BB:C4:F0,eduroam,29,363.5554976463318,B2-01,0,4
110,54:F0:B1:BB:C4:F1,PoliSemFio,29,363.5554976463318,B2-01,0,4
111,54:F0:B1:BB:C4:F2,,40,363.5554976463318,B2-01,0,4
112,54:F0:B1:BB:F3:20,eduroam,32,363.5554976463318,B2-01,0,4
113,54:F0:B1:BB:F3:21,PoliSemFio,30,363.5554976463318,B2-01,0,4
114,54:F0:B1:BB:F3:22,,30,363.5554976463318,B2-01,0,4
115,54:F0:B1:BB:FD:D0,eduroam,22,363.5554976463318,B2-01,0,4
116,54:F0:B1:BB:FD:D1,PoliSemFio,27,363.5554976463318,B2-01,0,4
117,54:F0:B1:BB:FD:D2,,29,363.5554976463318,B2-01,0,4
118,54:F0:B1:BC:09:40,eduroam,82,363.5554976463318,B2-01,0,4
119,54:F0:B1:BC:09:41,PoliSemFio,94,363.5554976463318,B2-01,0,4
120,54:F0:B1:BC:09:42,,94,363.5554976463318,B2-01,0,4
121,54:F0:B1:BC:09:60,eduroam,82,363.5554976463318,B2-01,0,4
122,54:F0:B1:BC:09:61,PoliSemFio,82,363.5554976463318,B2-01,0,4
123,54:F0:B1:BC:1B:D0,eduroam,69,363.5554976463318,B2-01,0,4
124,54:F0:B1:BC:1B:D1,PoliSemFio,67,363.5554976463318,B2-01,0,4
125,54:F0:B1:BC:1B:D2,,70,363.5554976463318,B2-01,0,4
126,54:F0:B1:BC:1B:F0,eduroam,15,363.5554976463318,B2-01,0,4
127,54:F0:B1:BC:1B:F1,PoliSemFio,17,363.5554976463318,B2-01,0,4
128,54:F0:B1:BC:2E:90,eduroam,62,363.5554976463318,B2-01,0,4
129,54:F0:B1:BC:2E:91,PoliSemFio,54,363.5554976463318,B2-01,0,4
130,54:F0:B1:BC:2E:92,,59,363.5554976463318,B2-01,0,4
131,54:F0:B1:BC:2E:B0,eduroam,32,363.5554976463318,B2-01,0,4
132,54:F0:B1:BC:2E:B1,PoliSemFio,32,363.5554976463318,B2-01,0,4
133,54:F0:B1:BC:36:11,eduroam,24,363.5554976463318,B2-01,0,4
134,54:F0:B1:BC:3F:10,eduroam,25,363.5554976463318,B2-01,0,4
135,54:F0:B1:BC:65:B2,,30,363.5554976463318,B2-01,0,4
136,54:F0:B1:BC:70:00,eduroam,59,363.5554976463318,B2-01,0,4
137,54:F0:B1:BC:70:20,eduroam,17,363.5554976463318,B2-01,0,4
138,54:F0:B1:BC:70:21,PoliSemFio,14,363.5554976463318,B2-01,0,4
139,54:F0:B1:BC:77:80,eduroam,45,363.5554976463318,B2-01,0,4
140,54:F0:B1:BC:77:81,PoliSemFio,40,363.5554976463318,B2-01,0,4
141,54:F0:B1:BC:77:82,,40,363.5554976463318,B2-01,0,4
142,54:F0:B1:BC:77:A0,eduroam,20,363.5554976463318,B2-01,0,4
143,54:F0:B1:BC:77:A1,PoliSemFio,22,363.5554976463318,B2-01,0,4
144,68:FF:7B:47:78:BE,C1-22M,29,363.5554976463318,B2-01,0,4
145,70:62:B8:6E:72:A0,PCS-wireless-C1-13,24,363.5554976463318,B2-01,0,4
146,84:D4:7E:06:4F:E0,eduroam,54,363.5554976463318,B2-01,0,4
147,84:D4:7E:06:4F:E1,PoliSemFio,47,363.5554976463318,B2-01,0,4
148,84:D4:7E:06:4F:E2,,47,363.5554976463318,B2-01,0,4
149,84:D4:7E:06:4F:F0,eduroam,29,363.5554976463318,B2-01,0,4
150,84:D4:7E:06:4F:F1,PoliSemFio,29,363.5554976463318,B2-01,0,4
151,DC:9F:DB:1C:1F:D7,LWN-3,25,363.5554976463318,B2-01,0,4
152,DC:9F:DB:1C:1F:E0,LWN-3,40,363.5554976463318,B2-01,0,4
153,DE:9F:DB:1C:1F:E0,LARC Guest,39,363.5554976463318,B2-01,0,4
154,EE:9F:DB:1C:1F:E0,,39,363.5554976463318,B2-01,0,4
155,F8:1A:67:99:55:8E,NUCLEAR_CHF,30,363.5554976463318,B2-01,0,4
156,FE:9F:DB:1C:1F:D7,,19,363.5554976463318,B2-01,0,4
157,FE:9F:DB:1C:1F:E0,,39,363.5554976463318,B2-01,0,4
158,00:21:91:70:9D:EC,LAB-DIDATICO,25,366.1739270687103,B2-01,0,4
159,34:60:F9:A3:D9:13,GASWIFI-5G_C2,20,366.1739270687103,B2-01,0,4
160,34:60:F9:A3:E7:3F,GASWIFI_C4,30,366.1739270687103,B2-01,0,4
161,34:CE:00:51:3E:6F,Lab,64,366.1739270687103,B2-01,0,4
162,34:CE:00:51:3E:70,Lab_5G,20,366.1739270687103,B2-01,0,4
163,44:D2:44:DC:2E:01,PROJETOR_B2-06-EC89sIpciG1AUef,40,366.1739270687103,B2-01,0,4
164,54:B8:0A:AA:2C:8C,LAB_DIGITAL,32,366.1739270687103,B2-01,0,4
165,54:B8:0A:AA:2C:8D,PCS-Wireless,32,366.1739270687103,B2-01,0,4
166,54:F0:B1:A1:18:D0,eduroam,25,366.1739270687103,B2-01,0,4
167,54:F0:B1:A1:18:D1,PoliSemFio,27,366.1739270687103,B2-01,0,4
168,54:F0:B1:A1:18:D2,,27,366.1739270687103,B2-01,0,4
169,54:F0:B1:A1:18:D3,MEZANINO,22,366.1739270687103,B2-01,0,4
170,54:F0:B1:A1:18:D4,GDLAB,24,366.1739270687103,B2-01,0,4
171,54:F0:B1:A1:18:D5,LABPAD,25,366.1739270687103,B2-01,0,4
172,54:F0:B1:A1:58:00,eduroam,25,366.1739270687103,B2-01,0,4
173,54:F0:B1:A1:58:01,PoliSemFio,29,366.1739270687103,B2-01,0,4
174,54:F0:B1:A1:58:02,,40,366.1739270687103,B2-01,0,4
175,54:F0:B1:A2:56:72,,24,366.1739270687103,B2-01,0,4
176,54:F0:B1:A2:57:30,eduroam,19,366.1739270687103,B2-01,0,4
177,54:F0:B1:A2:57:33,LCA,19,366.1739270687103,B2-01,0,4
178,54:F0:B1:BB:5A:80,eduroam,39,366.1739270687103,B2-01,0,4
179,54:F0:B1:BB:5A:81,PoliSemFio,29,366.1739270687103,B2-01,0,4
180,54:F0:B1:BB:5A:82,HACKER,39,366.1739270687103,B2-01,0,4
181,54:F0:B1:BB:5A:83,LEP,30,366.1739270687103,B2-01,0,4
182,54:F0:B1:BB:5A:84,,37,366.1739270687103,B2-01,0,4
183,54:F0:B1:BB:BE:10,eduroam,20,366.1739270687103,B2-01,0,4
184,54:F0:B1:BB:C4:D0,eduroam,57,366.1739270687103,B2-01,0,4
185,54:F0:B1:BB:C4:D1,PoliSemFio,39,366.1739270687103,B2-01,0,4
186,54:F0:B1:BB:C4:D2,,79,366.1739270687103,B2-01,0,4
187,54:F0:B1:BB:C4:F0,eduroam,29,366.1739270687103,B2-01,0,4
188,54:F0:B1:BB:C4:F1,PoliSemFio,29,366.1739270687103,B2-01,0,4
189,54:F0:B1:BB:C4:F2,,40,366.1739270687103,B2-01,0,4
190,54:F0:B1:BB:F3:20,eduroam,32,366.1739270687103,B2-01,0,4
191,54:F0:B1:BB:F3:21,PoliSemFio,30,366.1739270687103,B2-01,0,4
192,54:F0:B1:BB:F3:22,,30,366.1739270687103,B2-01,0,4
193,54:F0:B1:BB:FD:D0,eduroam,22,366.1739270687103,B2-01,0,4
194,54:F0:B1:BB:FD:D1,PoliSemFio,27,366.1739270687103,B2-01,0,4
195,54:F0:B1:BB:FD:D2,,29,366.1739270687103,B2-01,0,4
196,54:F0:B1:BC:09:40,eduroam,82,366.1739270687103,B2-01,0,4
197,54:F0:B1:BC:09:41,PoliSemFio,94,366.1739270687103,B2-01,0,4
198,54:F0:B1:BC:09:42,,94,366.1739270687103,B2-01,0,4
199,54:F0:B1:BC:09:60,eduroam,72,366.1739270687103,B2-01,0,4
200,54:F0:B1:BC:09:61,PoliSemFio,82,366.1739270687103,B2-01,0,4
201,54:F0:B1:BC:1B:D0,eduroam,69,366.1739270687103,B2-01,0,4
202,54:F0:B1:BC:1B:D1,PoliSemFio,67,366.1739270687103,B2-01,0,4
203,54:F0:B1:BC:1B:D2,,70,366.1739270687103,B2-01,0,4
204,54:F0:B1:BC:1B:F0,eduroam,15,366.1739270687103,B2-01,0,4
205,54:F0:B1:BC:1B:F1,PoliSemFio,17,366.1739270687103,B2-01,0,4
206,54:F0:B1:BC:2E:90,eduroam,62,366.1739270687103,B2-01,0,4
207,54:F0:B1:BC:2E:91,PoliSemFio,54,366.1739270687103,B2-01,0,4
208,54:F0:B1:BC:2E:92,,59,366.1739270687103,B2-01,0,4
209,54:F0:B1:BC:2E:B0,eduroam,32,366.1739270687103,B2-01,0,4
210,54:F0:B1:BC:2E:B1,PoliSemFio,32,366.1739270687103,B2-01,0,4
211,54:F0:B1:BC:36:11,eduroam,24,366.1739270687103,B2-01,0,4
212,54:F0:B1:BC:3F:10,eduroam,25,366.1739270687103,B2-01,0,4
213,54:F0:B1:BC:65:B2,,30,366.1739270687103,B2-01,0,4
214,54:F0:B1:BC:70:00,eduroam,59,366.1739270687103,B2-01,0,4
215,54:F0:B1:BC:70:20,eduroam,17,366.1739270687103,B2-01,0,4
216,54:F0:B1:BC:70:21,PoliSemFio,14,366.1739270687103,B2-01,0,4
217,54:F0:B1:BC:77:80,eduroam,45,366.1739270687103,B2-01,0,4
218,54:F0:B1:BC:77:81,PoliSemFio,40,366.1739270687103,B2-01,0,4
219,54:F0:B1:BC:77:82,,40,366.1739270687103,B2-01,0,4
220,54:F0:B1:BC:77:A0,eduroam,20,366.1739270687103,B2-01,0,4
221,54:F0:B1:BC:77:A1,PoliSemFio,22,366.1739270687103,B2-01,0,4
222,68:FF:7B:47:78:BE,C1-22M,29,366.1739270687103,B2-01,0,4
223,70:62:B8:6E:72:A0,PCS-wireless-C1-13,24,366.1739270687103,B2-01,0,4
224,84:D4:7E:06:4F:E0,eduroam,54,366.1739270687103,B2-01,0,4
225,84:D4:7E:06:4F:E1,PoliSemFio,47,366.1739270687103,B2-01,0,4
226,84:D4:7E:06:4F:E2,,47,366.1739270687103,B2-01,0,4
227,84:D4:7E:06:4F:F0,eduroam,29,366.1739270687103,B2-01,0,4
228,84:D4:7E:06:4F:F1,PoliSemFio,29,366.1739270687103,B2-01,0,4
229,DC:9F:DB:1C:1F:D7,LWN-3,25,366.1739270687103,B2-01,0,4
230,DC:9F:DB:1C:1F:E0,LWN-3,40,366.1739270687103,B2-01,0,4
231,DE:9F:DB:1C:1F:E0,LARC Guest,39,366.1739270687103,B2-01,0,4
232,EE:9F:DB:1C:1F:E0,,39,366.1739270687103,B2-01,0,4
233,F8:1A:67:99:55:8E,NUCLEAR_CHF,30,366.1739270687103,B2-01,0,4
234,FE:9F:DB:1C:1F:D7,,19,366.1739270687103,B2-01,0,4
235,FE:9F:DB:1C:1F:E0,,39,366.1739270687103,B2-01,0,4
236,30:85:A9:69:F2:E4,PCS-Wireless-C2-22,27,372.4081988334656,B2-01,0,4
237,34:60:F9:A3:D9:13,GASWIFI-5G_C2,20,372.4081988334656,B2-01,0,4
238,34:CE:00:51:3E:6F,Lab,60,372.4081988334656,B2-01,0,4
239,34:CE:00:51:3E:70,Lab_5G,22,372.4081988334656,B2-01,0,4
240,44:D2:44:DC:2E:01,PROJETOR_B2-06-EC89sIpciG1AUef,29,372.4081988334656,B2-01,0,4
241,48:00:20:34:D2:40,eduroam,24,372.4081988334656,B2-01,0,4
242,54:B8:0A:AA:2C:8C,LAB_DIGITAL,29,372.4081988334656,B2-01,0,4
243,54:B8:0A:AA:2C:8D,PCS-Wireless,27,372.4081988334656,B2-01,0,4
244,54:F0:B1:A1:18:C0,eduroam,17,372.4081988334656,B2-01,0,4
245,54:F0:B1:A1:18:C1,PoliSemFio,19,372.4081988334656,B2-01,0,4
246,54:F0:B1:A1:18:C3,MEZANINO,19,372.4081988334656,B2-01,0,4
247,54:F0:B1:A1:18:C4,GDLAB,17,372.4081988334656,B2-01,0,4
248,54:F0:B1:A1:18:C5,LABPAD,17,372.4081988334656,B2-01,0,4
249,54:F0:B1:A1:18:D0,eduroam,25,372.4081988334656,B2-01,0,4
250,54:F0:B1:A1:18:D2,,24,372.4081988334656,B2-01,0,4
251,54:F0:B1:A1:18:D3,MEZANINO,17,372.4081988334656,B2-01,0,4
252,54:F0:B1:A1:18:D4,GDLAB,24,372.4081988334656,B2-01,0,4
253,54:F0:B1:A1:18:D5,LABPAD,25,372.4081988334656,B2-01,0,4
254,54:F0:B1:A1:57:F0,eduroam,14,372.4081988334656,B2-01,0,4
255,54:F0:B1:A1:57:F1,PoliSemFio,15,372.4081988334656,B2-01,0,4
256,54:F0:B1:A1:57:F2,,12,372.4081988334656,B2-01,0,4
257,54:F0:B1:A1:58:00,eduroam,32,372.4081988334656,B2-01,0,4
258,54:F0:B1:A1:58:01,PoliSemFio,30,372.4081988334656,B2-01,0,4
259,54:F0:B1:A1:58:02,,32,372.4081988334656,B2-01,0,4
260,54:F0:B1:A2:56:70,eduroam,12,372.4081988334656,B2-01,0,4
261,54:F0:B1:A2:56:72,,24,372.4081988334656,B2-01,0,4
262,54:F0:B1:A2:57:33,LCA,22,372.4081988334656,B2-01,0,4
263,54:F0:B1:BB:5A:80,eduroam,34,372.4081988334656,B2-01,0,4
264,54:F0:B1:BB:5A:82,HACKER,29,372.4081988334656,B2-01,0,4
265,54:F0:B1:BB:5A:83,LEP,30,372.4081988334656,B2-01,0,4
266,54:F0:B1:BB:BE:10,eduroam,15,372.4081988334656,B2-01,0,4
267,54:F0:B1:BB:C4:D1,PoliSemFio,39,372.4081988334656,B2-01,0,4
268,54:F0:B1:BB:C4:F0,eduroam,44,372.4081988334656,B2-01,0,4
269,54:F0:B1:BB:C4:F1,PoliSemFio,44,372.4081988334656,B2-01,0,4
270,54:F0:B1:BB:C4:F2,,40,372.4081988334656,B2-01,0,4
271,54:F0:B1:BB:CD:A0,eduroam,19,372.4081988334656,B2-01,0,4
272,54:F0:B1:BB:F3:22,,19,372.4081988334656,B2-01,0,4
273,54:F0:B1:BB:FD:D0,eduroam,12,372.4081988334656,B2-01,0,4
274,54:F0:B1:BB:FD:D1,PoliSemFio,25,372.4081988334656,B2-01,0,4
275,54:F0:B1:BB:FD:D2,,24,372.4081988334656,B2-01,0,4
276,54:F0:B1:BC:09:40,eduroam,95,372.4081988334656,B2-01,0,4
277,54:F0:B1:BC:09:41,PoliSemFio,89,372.4081988334656,B2-01,0,4
278,54:F0:B1:BC:09:42,,89,372.4081988334656,B2-01,0,4
279,54:F0:B1:BC:09:60,eduroam,87,372.4081988334656,B2-01,0,4
280,54:F0:B1:BC:09:61,PoliSemFio,85,372.4081988334656,B2-01,0,4
281,54:F0:B1:BC:1B:D2,,37,372.4081988334656,B2-01,0,4
282,54:F0:B1:BC:1B:F0,eduroam,25,372.4081988334656,B2-01,0,4
283,54:F0:B1:BC:1B:F1,PoliSemFio,25,372.4081988334656,B2-01,0,4
284,54:F0:B1:BC:1B:F2,,25,372.4081988334656,B2-01,0,4
285,54:F0:B1:BC:2E:90,eduroam,45,372.4081988334656,B2-01,0,4
286,54:F0:B1:BC:2E:91,PoliSemFio,57,372.4081988334656,B2-01,0,4
287,54:F0:B1:BC:2E:92,,57,372.4081988334656,B2-01,0,4
288,54:F0:B1:BC:2E:B0,eduroam,29,372.4081988334656,B2-01,0,4
289,54:F0:B1:BC:2E:B1,PoliSemFio,29,372.4081988334656,B2-01,0,4
290,54:F0:B1:BC:36:10,PoliSemFio,24,372.4081988334656,B2-01,0,4
291,54:F0:B1:BC:36:11,eduroam,24,372.4081988334656,B2-01,0,4
292,54:F0:B1:BC:65:B2,,30,372.4081988334656,B2-01,0,4
293,54:F0:B1:BC:70:00,eduroam,47,372.4081988334656,B2-01,0,4
294,54:F0:B1:BC:70:20,eduroam,17,372.4081988334656,B2-01,0,4
295,54:F0:B1:BC:70:21,PoliSemFio,14,372.4081988334656,B2-01,0,4
296,54:F0:B1:BC:77:80,eduroam,45,372.4081988334656,B2-01,0,4
297,54:F0:B1:BC:77:81,PoliSemFio,40,372.4081988334656,B2-01,0,4
298,54:F0:B1:BC:77:82,,42,372.4081988334656,B2-01,0,4
299,54:F0:B1:BC:77:A0,eduroam,19,372.4081988334656,B2-01,0,4
300,54:F0:B1:BC:77:A1,PoliSemFio,17,372.4081988334656,B2-01,0,4
301,68:FF:7B:47:78:BE,C1-22M,37,372.4081988334656,B2-01,0,4
302,70:62:B8:6E:72:A0,PCS-wireless-C1-13,39,372.4081988334656,B2-01,0,4
303,84:D4:7E:06:4F:E0,eduroam,54,372.4081988334656,B2-01,0,4
304,84:D4:7E:06:4F:E1,PoliSemFio,47,372.4081988334656,B2-01,0,4
305,84:D4:7E:06:4F:E2,,59,372.4081988334656,B2-01,0,4
306,84:D4:7E:06:4F:F0,eduroam,29,372.4081988334656,B2-01,0,4
307,84:D4:7E:06:4F:F1,PoliSemFio,29,372.4081988334656,B2-01,0,4
308,B0:4E:26:4B:84:C2,C2-01,14,372.4081988334656,B2-01,0,4
309,DE:9F:DB:1C:1F:E0,LARC Guest,29,372.4081988334656,B2-01,0,4
310,F8:1A:67:99:55:8E,NUCLEAR_CHF,29,372.4081988334656,B2-01,0,4
311,FE:9F:DB:1C:1F:D7,,22,372.4081988334656,B2-01,0,4
312,FE:9F:DB:1C:1F:E0,,27,372.4081988334656,B2-01,0,4
313,2A:56:5A:49:06:54,DIRECT-54-HP M132f LaserJet,20,378.63996982574463,B2-01,0,4
314,30:85:A9:69:F2:E4,PCS-Wireless-C2-22,27,378.63996982574463,B2-01,0,4
315,34:60:F9:A3:D9:13,GASWIFI-5G_C2,20,378.63996982574463,B2-01,0,4
316,34:60:F9:A3:D9:14,GASWIFI-2G_C2,42,378.63996982574463,B2-01,0,4
317,34:CE:00:51:3E:6F,Lab,50,378.63996982574463,B2-01,0,4
318,34:CE:00:51:3E:70,Lab_5G,27,378.63996982574463,B2-01,0,4
319,3A:60:F9:A3:D9:14,,37,378.63996982574463,B2-01,0,4
320,44:D2:44:DC:2E:01,PROJETOR_B2-06-EC89sIpciG1AUef,34,378.63996982574463,B2-01,0,4
321,48:00:20:34:D2:40,eduroam,24,378.63996982574463,B2-01,0,4
322,54:B8:0A:AA:2C:8C,LAB_DIGITAL,29,378.63996982574463,B2-01,0,4
323,54:B8:0A:AA:2C:8D,PCS-Wireless,30,378.63996982574463,B2-01,0,4
324,54:F0:B1:A1:18:C0,eduroam,17,378.63996982574463,B2-01,0,4
325,54:F0:B1:A1:18:C1,PoliSemFio,19,378.63996982574463,B2-01,0,4
326,54:F0:B1:A1:18:C3,MEZANINO,19,378.63996982574463,B2-01,0,4
327,54:F0:B1:A1:18:C4,GDLAB,17,378.63996982574463,B2-01,0,4
328,54:F0:B1:A1:18:C5,LABPAD,17,378.63996982574463,B2-01,0,4
329,54:F0:B1:A1:18:D0,eduroam,25,378.63996982574463,B2-01,0,4
330,54:F0:B1:A1:18:D2,,29,378.63996982574463,B2-01,0,4
331,54:F0:B1:A1:18:D3,MEZANINO,20,378.63996982574463,B2-01,0,4
332,54:F0:B1:A1:18:D4,GDLAB,27,378.63996982574463,B2-01,0,4
333,54:F0:B1:A1:18:D5,LABPAD,25,378.63996982574463,B2-01,0,4
334,54:F0:B1:A1:57:F0,eduroam,14,378.63996982574463,B2-01,0,4
335,54:F0:B1:A1:57:F1,PoliSemFio,15,378.63996982574463,B2-01,0,4
336,54:F0:B1:A1:57:F2,,12,378.63996982574463,B2-01,0,4
337,54:F0:B1:A1:58:00,eduroam,37,378.63996982574463,B2-01,0,4
338,54:F0:B1:A1:58:01,PoliSemFio,32,378.63996982574463,B2-01,0,4
339,54:F0:B1:A1:58:02,,32,378.63996982574463,B2-01,0,4
340,54:F0:B1:A2:56:70,eduroam,12,378.63996982574463,B2-01,0,4
341,54:F0:B1:A2:56:72,,24,378.63996982574463,B2-01,0,4
342,54:F0:B1:A2:57:33,LCA,22,378.63996982574463,B2-01,0,4
343,54:F0:B1:BB:5A:80,eduroam,34,378.63996982574463,B2-01,0,4
344,54:F0:B1:BB:5A:82,HACKER,29,378.63996982574463,B2-01,0,4
345,54:F0:B1:BB:5A:83,LEP,30,378.63996982574463,B2-01,0,4
346,54:F0:B1:BB:BE:10,eduroam,15,378.63996982574463,B2-01,0,4
347,54:F0:B1:BB:C4:D0,eduroam,50,378.63996982574463,B2-01,0,4
348,54:F0:B1:BB:C4:D1,PoliSemFio,54,378.63996982574463,B2-01,0,4
349,54:F0:B1:BB:C4:D2,,54,378.63996982574463,B2-01,0,4
350,54:F0:B1:BB:C4:F0,eduroam,34,378.63996982574463,B2-01,0,4
351,54:F0:B1:BB:C4:F1,PoliSemFio,34,378.63996982574463,B2-01,0,4
352,54:F0:B1:BB:C4:F2,,35,378.63996982574463,B2-01,0,4
353,54:F0:B1:BB:CD:A0,eduroam,19,378.63996982574463,B2-01,0,4
354,54:F0:B1:BB:F3:22,,19,378.63996982574463,B2-01,0,4
355,54:F0:B1:BB:FD:D0,eduroam,12,378.63996982574463,B2-01,0,4
356,54:F0:B1:BB:FD:D1,PoliSemFio,25,378.63996982574463,B2-01,0,4
357,54:F0:B1:BB:FD:D2,,24,378.63996982574463,B2-01,0,4
358,54:F0:B1:BC:09:40,eduroam,85,378.63996982574463,B2-01,0,4
359,54:F0:B1:BC:09:41,PoliSemFio,92,378.63996982574463,B2-01,0,4
360,54:F0:B1:BC:09:42,,90,378.63996982574463,B2-01,0,4
361,54:F0:B1:BC:09:60,eduroam,87,378.63996982574463,B2-01,0,4
362,54:F0:B1:BC:09:61,PoliSemFio,87,378.63996982574463,B2-01,0,4
363,54:F0:B1:BC:1B:D0,eduroam,50,378.63996982574463,B2-01,0,4
364,54:F0:B1:BC:1B:D1,PoliSemFio,50,378.63996982574463,B2-01,0,4
365,54:F0:B1:BC:1B:D2,,52,378.63996982574463,B2-01,0,4
366,54:F0:B1:BC:1B:F0,eduroam,14,378.63996982574463,B2-01,0,4
367,54:F0:B1:BC:1B:F1,PoliSemFio,15,378.63996982574463,B2-01,0,4
368,54:F0:B1:BC:1B:F2,,25,378.63996982574463,B2-01,0,4
369,54:F0:B1:BC:2E:90,eduroam,67,378.63996982574463,B2-01,0,4
370,54:F0:B1:BC:2E:91,PoliSemFio,65,378.63996982574463,B2-01,0,4
371,54:F0:B1:BC:2E:92,,57,378.63996982574463,B2-01,0,4
372,54:F0:B1:BC:2E:B0,eduroam,32,378.63996982574463,B2-01,0,4
373,54:F0:B1:BC:2E:B1,PoliSemFio,32,378.63996982574463,B2-01,0,4
374,54:F0:B1:BC:36:10,PoliSemFio,27,378.63996982574463,B2-01,0,4
375,54:F0:B1:BC:36:11,eduroam,25,378.63996982574463,B2-01,0,4
376,54:F0:B1:BC:3F:10,eduroam,27,378.63996982574463,B2-01,0,4
377,54:F0:B1:BC:65:B0,eduroam,34,378.63996982574463,B2-01,0,4
378,54:F0:B1:BC:65:B1,PoliSemFio,32,378.63996982574463,B2-01,0,4
379,54:F0:B1:BC:65:B2,,34,378.63996982574463,B2-01,0,4
380,54:F0:B1:BC:70:00,eduroam,27,378.63996982574463,B2-01,0,4
381,54:F0:B1:BC:70:01,PoliSemFio,27,378.63996982574463,B2-01,0,4
382,54:F0:B1:BC:70:02,,29,378.63996982574463,B2-01,0,4
383,54:F0:B1:BC:77:80,eduroam,52,378.63996982574463,B2-01,0,4
384,54:F0:B1:BC:77:81,PoliSemFio,45,378.63996982574463,B2-01,0,4
385,54:F0:B1:BC:77:82,,45,378.63996982574463,B2-01,0,4
386,54:F0:B1:BC:77:A0,eduroam,15,378.63996982574463,B2-01,0,4
387,54:F0:B1:BC:77:A1,PoliSemFio,17,378.63996982574463,B2-01,0,4
388,68:FF:7B:47:78:BE,C1-22M,32,378.63996982574463,B2-01,0,4
389,70:62:B8:6E:72:A0,PCS-wireless-C1-13,35,378.63996982574463,B2-01,0,4
390,84:D4:7E:06:4F:E0,eduroam,50,378.63996982574463,B2-01,0,4
391,84:D4:7E:06:4F:E1,PoliSemFio,47,378.63996982574463,B2-01,0,4
392,84:D4:7E:06:4F:E2,,59,378.63996982574463,B2-01,0,4
393,84:D4:7E:06:4F:F0,eduroam,25,378.63996982574463,B2-01,0,4
394,84:D4:7E:06:4F:F1,PoliSemFio,24,378.63996982574463,B2-01,0,4
395,AA:6B:AD:82:46:CC,DIRECT-cc-HP M132f LaserJet,20,378.63996982574463,B2-01,0,4
396,B0:4E:26:4B:84:C2,C2-01,14,378.63996982574463,B2-01,0,4
397,DE:9F:DB:1C:1F:E0,LARC Guest,29,378.63996982574463,B2-01,0,4
398,F8:1A:67:99:55:8E,NUCLEAR_CHF,29,378.63996982574463,B2-01,0,4
399,FE:9F:DB:1C:1F:D7,,22,378.63996982574463,B2-01,0,4
400,FE:9F:DB:1C:1F:E0,,24,378.63996982574463,B2-01,0,4
401,2A:56:5A:49:06:54,DIRECT-54-HP M132f LaserJet,20,384.9153060913086,B2-01,0,4
402,30:85:A9:69:F2:E4,PCS-Wireless-C2-22,27,384.9153060913086,B2-01,0,4
403,34:60:F9:A3:D9:13,GASWIFI-5G_C2,20,384.9153060913086,B2-01,0,4
404,34:60:F9:A3:D9:14,GASWIFI-2G_C2,42,384.9153060913086,B2-01,0,4
405,34:CE:00:51:3E:6F,Lab,50,384.9153060913086,B2-01,0,4
406,34:CE:00:51:3E:70,Lab_5G,27,384.9153060913086,B2-01,0,4
407,3A:60:F9:A3:D9:14,,37,384.9153060913086,B2-01,0,4
408,44:D2:44:DC:2E:01,PROJETOR_B2-06-EC89sIpciG1AUef,34,384.9153060913086,B2-01,0,4
409,48:00:20:34:D2:40,eduroam,24,384.9153060913086,B2-01,0,4
410,54:B8:0A:AA:2C:8C,LAB_DIGITAL,29,384.9153060913086,B2-01,0,4
411,54:B8:0A:AA:2C:8D,PCS-Wireless,30,384.9153060913086,B2-01,0,4
412,54:F0:B1:A1:18:C0,eduroam,17,384.9153060913086,B2-01,0,4
413,54:F0:B1:A1:18:C1,PoliSemFio,19,384.9153060913086,B2-01,0,4
414,54:F0:B1:A1:18:C3,MEZANINO,19,384.9153060913086,B2-01,0,4
415,54:F0:B1:A1:18:C4,GDLAB,17,384.9153060913086,B2-01,0,4
416,54:F0:B1:A1:18:C5,LABPAD,17,384.9153060913086,B2-01,0,4
417,54:F0:B1:A1:18:D0,eduroam,25,384.9153060913086,B2-01,0,4
418,54:F0:B1:A1:18:D2,,29,384.9153060913086,B2-01,0,4
419,54:F0:B1:A1:18:D3,MEZANINO,20,384.9153060913086,B2-01,0,4
420,54:F0:B1:A1:18:D4,GDLAB,27,384.9153060913086,B2-01,0,4
421,54:F0:B1:A1:18:D5,LABPAD,25,384.9153060913086,B2-01,0,4
422,54:F0:B1:A1:57:F0,eduroam,14,384.9153060913086,B2-01,0,4
423,54:F0:B1:A1:57:F1,PoliSemFio,15,384.9153060913086,B2-01,0,4
424,54:F0:B1:A1:57:F2,,12,384.9153060913086,B2-01,0,4
425,54:F0:B1:A1:58:00,eduroam,37,384.9153060913086,B2-01,0,4
426,54:F0:B1:A1:58:01,PoliSemFio,32,384.9153060913086,B2-01,0,4
427,54:F0:B1:A1:58:02,,32,384.9153060913086,B2-01,0,4
428,54:F0:B1:A2:56:70,eduroam,12,384.9153060913086,B2-01,0,4
429,54:F0:B1:A2:56:72,,24,384.9153060913086,B2-01,0,4
430,54:F0:B1:A2:57:33,LCA,22,384.9153060913086,B2-01,0,4
431,54:F0:B1:BB:5A:80,eduroam,34,384.9153060913086,B2-01,0,4
432,54:F0:B1:BB:5A:82,HACKER,29,384.9153060913086,B2-01,0,4
433,54:F0:B1:BB:5A:83,LEP,30,384.9153060913086,B2-01,0,4
434,54:F0:B1:BB:BE:10,eduroam,15,384.9153060913086,B2-01,0,4
435,54:F0:B1:BB:C4:D0,eduroam,50,384.9153060913086,B2-01,0,4
436,54:F0:B1:BB:C4:D1,PoliSemFio,54,384.9153060913086,B2-01,0,4
437,54:F0:B1:BB:C4:D2,,54,384.9153060913086,B2-01,0,4
438,54:F0:B1:BB:C4:F0,eduroam,34,384.9153060913086,B2-01,0,4
439,54:F0:B1:BB:C4:F1,PoliSemFio,34,384.9153060913086,B2-01,0,4
440,54:F0:B1:BB:C4:F2,,35,384.9153060913086,B2-01,0,4
441,54:F0:B1:BB:CD:A0,eduroam,19,384.9153060913086,B2-01,0,4
442,54:F0:B1:BB:F3:22,,19,384.9153060913086,B2-01,0,4
443,54:F0:B1:BB:FD:D0,eduroam,12,384.9153060913086,B2-01,0,4
444,54:F0:B1:BB:FD:D1,PoliSemFio,25,384.9153060913086,B2-01,0,4
445,54:F0:B1:BB:FD:D2,,24,384.9153060913086,B2-01,0,4
446,54:F0:B1:BC:09:40,eduroam,85,384.9153060913086,B2-01,0,4
447,54:F0:B1:BC:09:41,PoliSemFio,92,384.9153060913086,B2-01,0,4
448,54:F0:B1:BC:09:42,,90,384.9153060913086,B2-01,0,4
449,54:F0:B1:BC:09:60,eduroam,71,384.9153060913086,B2-01,0,4
450,54:F0:B1:BC:09:61,PoliSemFio,87,384.9153060913086,B2-01,0,4
451,54:F0:B1:BC:1B:D0,eduroam,50,384.9153060913086,B2-01,0,4
452,54:F0:B1:BC:1B:D1,PoliSemFio,50,384.9153060913086,B2-01,0,4
453,54:F0:B1:BC:1B:D2,,52,384.9153060913086,B2-01,0,4
454,54:F0:B1:BC:1B:F0,eduroam,14,384.9153060913086,B2-01,0,4
455,54:F0:B1:BC:1B:F1,PoliSemFio,15,384.9153060913086,B2-01,0,4
456,54:F0:B1:BC:1B:F2,,25,384.9153060913086,B2-01,0,4
457,54:F0:B1:BC:2E:90,eduroam,67,384.9153060913086,B2-01,0,4
458,54:F0:B1:BC:2E:91,PoliSemFio,65,384.9153060913086,B2-01,0,4
459,54:F0:B1:BC:2E:92,,57,384.9153060913086,B2-01,0,4
460,54:F0:B1:BC:2E:B0,eduroam,32,384.9153060913086,B2-01,0,4
461,54:F0:B1:BC:2E:B1,PoliSemFio,32,384.9153060913086,B2-01,0,4
462,54:F0:B1:BC:36:10,PoliSemFio,27,384.9153060913086,B2-01,0,4
463,54:F0:B1:BC:36:11,eduroam,25,384.9153060913086,B2-01,0,4
464,54:F0:B1:BC:3F:10,eduroam,27,384.9153060913086,B2-01,0,4
465,54:F0:B1:BC:65:B0,eduroam,34,384.9153060913086,B2-01,0,4
466,54:F0:B1:BC:65:B1,PoliSemFio,32,384.9153060913086,B2-01,0,4
467,54:F0:B1:BC:65:B2,,34,384.9153060913086,B2-01,0,4
468,54:F0:B1:BC:70:00,eduroam,27,384.9153060913086,B2-01,0,4
469,54:F0:B1:BC:70:01,PoliSemFio,27,384.9153060913086,B2-01,0,4
470,54:F0:B1:BC:70:02,,29,384.9153060913086,B2-01,0,4
471,54:F0:B1:BC:77:80,eduroam,52,384.9153060913086,B2-01,0,4
472,54:F0:B1:BC:77:81,PoliSemFio,45,384.9153060913086,B2-01,0,4
473,54:F0:B1:BC:77:82,,45,384.9153060913086,B2-01,0,4
474,54:F0:B1:BC:77:A0,eduroam,15,384.9153060913086,B2-01,0,4
475,54:F0:B1:BC:77:A1,PoliSemFio,17,384.9153060913086,B2-01,0,4
476,68:FF:7B:47:78:BE,C1-22M,32,384.9153060913086,B2-01,0,4
477,70:62:B8:6E:72:A0,PCS-wireless-C1-13,35,384.9153060913086,B2-01,0,4
478,84:D4:7E:06:4F:E0,eduroam,50,384.9153060913086,B2-01,0,4
479,84:D4:7E:06:4F:E1,PoliSemFio,47,384.9153060913086,B2-01,0,4
480,84:D4:7E:06:4F:E2,,59,384.9153060913086,B2-01,0,4
481,84:D4:7E:06:4F:F0,eduroam,25,384.9153060913086,B2-01,0,4
482,84:D4:7E:06:4F:F1,PoliSemFio,24,384.9153060913086,B2-01,0,4
483,AA:6B:AD:82:46:CC,DIRECT-cc-HP M132f LaserJet,20,384.9153060913086,B2-01,0,4
484,B0:4E:26:4B:84:C2,C2-01,14,384.9153060913086,B2-01,0,4
485,DE:9F:DB:1C:1F:E0,LARC Guest,29,384.9153060913086,B2-01,0,4
486,F8:1A:67:99:55:8E,NUCLEAR_CHF,29,384.9153060913086,B2-01,0,4
487,FE:9F:DB:1C:1F:D7,,22,384.9153060913086,B2-01,0,4
488,FE:9F:DB:1C:1F:E0,,24,384.9153060913086,B2-01,0,4
489,00:21:91:70:9D:EC,LAB-DIDATICO,29,387.55145621299744,B2-01,0,4
490,2A:56:5A:49:06:54,DIRECT-54-HP M132f LaserJet,20,387.55145621299744,B2-01,0,4
491,30:85:A9:69:F2:E4,PCS-Wireless-C2-22,27,387.55145621299744,B2-01,0,4
492,34:60:F9:A3:D9:13,GASWIFI-5G_C2,20,387.55145621299744,B2-01,0,4
493,34:60:F9:A3:D9:14,GASWIFI-2G_C2,32,387.55145621299744,B2-01,0,4
494,34:CE:00:51:3E:6F,Lab,65,387.55145621299744,B2-01,0,4
495,34:CE:00:51:3E:70,Lab_5G,27,387.55145621299744,B2-01,0,4
496,3A:60:F9:A3:D9:14,,30,387.55145621299744,B2-01,0,4
497,44:D2:44:DC:2E:01,PROJETOR_B2-06-EC89sIpciG1AUef,29,387.55145621299744,B2-01,0,4
498,48:00:20:34:D2:40,eduroam,25,387.55145621299744,B2-01,0,4
499,54:B8:0A:AA:2C:8C,LAB_DIGITAL,42,387.55145621299744,B2-01,0,4
500,54:B8:0A:AA:2C:8D,PCS-Wireless,42,387.55145621299744,B2-01,0,4
501,54:F0:B1:A1:18:C0,eduroam,17,387.55145621299744,B2-01,0,4
502,54:F0:B1:A1:18:C1,PoliSemFio,19,387.55145621299744,B2-01,0,4
503,54:F0:B1:A1:18:C3,MEZANINO,19,387.55145621299744,B2-01,0,4
504,54:F0:B1:A1:18:C4,GDLAB,17,387.55145621299744,B2-01,0,4
505,54:F0:B1:A1:18:C5,LABPAD,17,387.55145621299744,B2-01,0,4
506,54:F0:B1:A1:18:D0,eduroam,17,387.55145621299744,B2-01,0,4
507,54:F0:B1:A1:18:D1,PoliSemFio,25,387.55145621299744,B2-01,0,4
508,54:F0:B1:A1:18:D2,,29,387.55145621299744,B2-01,0,4
509,54:F0:B1:A1:18:D3,MEZANINO,20,387.55145621299744,B2-01,0,4
510,54:F0:B1:A1:18:D4,GDLAB,19,387.55145621299744,B2-01,0,4
511,54:F0:B1:A1:18:D5,LABPAD,25,387.55145621299744,B2-01,0,4
512,54:F0:B1:A1:57:F0,eduroam,14,387.55145621299744,B2-01,0,4
513,54:F0:B1:A1:57:F1,PoliSemFio,15,387.55145621299744,B2-01,0,4
514,54:F0:B1:A1:57:F2,,12,387.55145621299744,B2-01,0,4
515,54:F0:B1:A1:58:00,eduroam,30,387.55145621299744,B2-01,0,4
516,54:F0:B1:A1:58:01,PoliSemFio,27,387.55145621299744,B2-01,0,4
517,54:F0:B1:A1:58:02,,32,387.55145621299744,B2-01,0,4
518,54:F0:B1:A2:56:70,eduroam,12,387.55145621299744,B2-01,0,4
519,54:F0:B1:A2:56:72,,24,387.55145621299744,B2-01,0,4
520,54:F0:B1:A2:57:33,LCA,22,387.55145621299744,B2-01,0,4
521,54:F0:B1:BB:5A:80,eduroam,29,387.55145621299744,B2-01,0,4
522,54:F0:B1:BB:5A:82,HACKER,27,387.55145621299744,B2-01,0,4
523,54:F0:B1:BB:5A:83,LEP,37,387.55145621299744,B2-01,0,4
524,54:F0:B1:BB:92:C2,,25,387.55145621299744,B2-01,0,4
525,54:F0:B1:BB:BE:10,eduroam,15,387.55145621299744,B2-01,0,4
526,54:F0:B1:BB:C4:D0,eduroam,37,387.55145621299744,B2-01,0,4
527,54:F0:B1:BB:C4:D1,PoliSemFio,54,387.55145621299744,B2-01,0,4
528,54:F0:B1:BB:C4:D2,,54,387.55145621299744,B2-01,0,4
529,54:F0:B1:BB:C4:F0,eduroam,47,387.55145621299744,B2-01,0,4
530,54:F0:B1:BB:C4:F1,PoliSemFio,47,387.55145621299744,B2-01,0,4
531,54:F0:B1:BB:C4:F2,,47,387.55145621299744,B2-01,0,4
532,54:F0:B1:BB:CD:A0,eduroam,20,387.55145621299744,B2-01,0,4
533,54:F0:B1:BB:F3:22,,19,387.55145621299744,B2-01,0,4
534,54:F0:B1:BB:FD:D0,eduroam,15,387.55145621299744,B2-01,0,4
535,54:F0:B1:BB:FD:D1,PoliSemFio,22,387.55145621299744,B2-01,0,4
536,54:F0:B1:BB:FD:D2,,22,387.55145621299744,B2-01,0,4
537,54:F0:B1:BC:09:40,eduroam,89,387.55145621299744,B2-01,0,4
538,54:F0:B1:BC:09:41,PoliSemFio,95,387.55145621299744,B2-01,0,4
539,54:F0:B1:BC:09:42,,95,387.55145621299744,B2-01,0,4
540,54:F0:B1:BC:09:60,eduroam,87,387.55145621299744,B2-01,0,4
541,54:F0:B1:BC:09:61,PoliSemFio,87,387.55145621299744,B2-01,0,4
542,54:F0:B1:BC:1B:D0,eduroam,50,387.55145621299744,B2-01,0,4
543,54:F0:B1:BC:1B:D1,PoliSemFio,50,387.55145621299744,B2-01,0,4
544,54:F0:B1:BC:1B:D2,,52,387.55145621299744,B2-01,0,4
545,54:F0:B1:BC:1B:F0,eduroam,24,387.55145621299744,B2-01,0,4
546,54:F0:B1:BC:1B:F1,PoliSemFio,22,387.55145621299744,B2-01,0,4
547,54:F0:B1:BC:1B:F2,,25,387.55145621299744,B2-01,0,4
548,54:F0:B1:BC:2E:90,eduroam,67,387.55145621299744,B2-01,0,4
549,54:F0:B1:BC:2E:91,PoliSemFio,65,387.55145621299744,B2-01,0,4
550,54:F0:B1:BC:2E:92,,57,387.55145621299744,B2-01,0,4
551,54:F0:B1:BC:2E:B0,eduroam,24,387.55145621299744,B2-01,0,4
552,54:F0:B1:BC:2E:B1,PoliSemFio,24,387.55145621299744,B2-01,0,4
553,54:F0:B1:BC:2F:50,eduroam,9,387.55145621299744,B2-01,0,4
554,54:F0:B1:BC:36:10,PoliSemFio,27,387.55145621299744,B2-01,0,4
555,54:F0:B1:BC:36:11,eduroam,17,387.55145621299744,B2-01,0,4
556,54:F0:B1:BC:36:12,,22,387.55145621299744,B2-01,0,4
557,54:F0:B1:BC:3F:10,eduroam,35,387.55145621299744,B2-01,0,4
558,54:F0:B1:BC:65:B0,eduroam,34,387.55145621299744,B2-01,0,4
559,54:F0:B1:BC:65:B1,PoliSemFio,32,387.55145621299744,B2-01,0,4
560,54:F0:B1:BC:65:B2,,37,387.55145621299744,B2-01,0,4
561,54:F0:B1:BC:70:00,eduroam,52,387.55145621299744,B2-01,0,4
562,54:F0:B1:BC:70:01,PoliSemFio,47,387.55145621299744,B2-01,0,4
563,54:F0:B1:BC:70:02,,47,387.55145621299744,B2-01,0,4
564,54:F0:B1:BC:77:80,eduroam,52,387.55145621299744,B2-01,0,4
565,54:F0:B1:BC:77:81,PoliSemFio,45,387.55145621299744,B2-01,0,4
566,54:F0:B1:BC:77:82,,42,387.55145621299744,B2-01,0,4
567,54:F0:B1:BC:77:A0,eduroam,20,387.55145621299744,B2-01,0,4
568,54:F0:B1:BC:77:A1,PoliSemFio,20,387.55145621299744,B2-01,0,4
569,68:FF:7B:47:78:BE,C1-22M,44,387.55145621299744,B2-01,0,4
570,70:62:B8:6E:72:A0,PCS-wireless-C1-13,35,387.55145621299744,B2-01,0,4
571,84:D4:7E:06:4F:E0,eduroam,57,387.55145621299744,B2-01,0,4
572,84:D4:7E:06:4F:E1,PoliSemFio,55,387.55145621299744,B2-01,0,4
573,84:D4:7E:06:4F:E2,,55,387.55145621299744,B2-01,0,4
574,84:D4:7E:06:4F:F0,eduroam,29,387.55145621299744,B2-01,0,4
575,84:D4:7E:06:4F:F1,PoliSemFio,29,387.55145621299744,B2-01,0,4
576,AA:6B:AD:82:46:CC,DIRECT-cc-HP M132f LaserJet,20,387.55145621299744,B2-01,0,4
577,B0:4E:26:4B:84:C2,C2-01,14,387.55145621299744,B2-01,0,4
578,DE:9F:DB:1C:1F:E0,LARC Guest,29,387.55145621299744,B2-01,0,4
579,F8:1A:67:99:55:8E,NUCLEAR_CHF,19,387.55145621299744,B2-01,0,4
580,FE:9F:DB:1C:1F:D7,,22,387.55145621299744,B2-01,0,4
581,FE:9F:DB:1C:1F:E0,,29,387.55145621299744,B2-01,0,4
582,00:21:91:70:9D:EC,LAB-DIDATICO,29,390.1767406463623,B2-01,0,4
583,2A:56:5A:49:06:54,DIRECT-54-HP M132f LaserJet,20,390.1767406463623,B2-01,0,4
584,30:85:A9:69:F2:E4,PCS-Wireless-C2-22,27,390.1767406463623,B2-01,0,4
585,34:60:F9:A3:D9:13,GASWIFI-5G_C2,20,390.1767406463623,B2-01,0,4
586,34:60:F9:A3:D9:14,GASWIFI-2G_C2,32,390.1767406463623,B2-01,0,4
587,34:CE:00:51:3E:6F,Lab,65,390.1767406463623,B2-01,0,4
588,34:CE:00:51:3E:70,Lab_5G,27,390.1767406463623,B2-01,0,4
589,3A:60:F9:A3:D9:14,,30,390.1767406463623,B2-01,0,4
590,44:D2:44:DC:2E:01,PROJETOR_B2-06-EC89sIpciG1AUef,29,390.1767406463623,B2-01,0,4
591,48:00:20:34:D2:40,eduroam,25,390.1767406463623,B2-01,0,4
592,54:B8:0A:AA:2C:8C,LAB_DIGITAL,42,390.1767406463623,B2-01,0,4
593,54:B8:0A:AA:2C:8D,PCS-Wireless,42,390.1767406463623,B2-01,0,4
594,54:F0:B1:A1:18:C0,eduroam,17,390.1767406463623,B2-01,0,4
595,54:F0:B1:A1:18:C1,PoliSemFio,19,390.1767406463623,B2-01,0,4
596,54:F0:B1:A1:18:C3,MEZANINO,19,390.1767406463623,B2-01,0,4
597,54:F0:B1:A1:18:C4,GDLAB,17,390.1767406463623,B2-01,0,4
598,54:F0:B1:A1:18:C5,LABPAD,17,390.1767406463623,B2-01,0,4
599,54:F0:B1:A1:18:D0,eduroam,17,390.1767406463623,B2-01,0,4
600,54:F0:B1:A1:18:D1,PoliSemFio,25,390.1767406463623,B2-01,0,4
601,54:F0:B1:A1:18:D2,,29,390.1767406463623,B2-01,0,4
602,54:F0:B1:A1:18:D3,MEZANINO,20,390.1767406463623,B2-01,0,4
603,54:F0:B1:A1:18:D4,GDLAB,19,390.1767406463623,B2-01,0,4
604,54:F0:B1:A1:18:D5,LABPAD,25,390.1767406463623,B2-01,0,4
605,54:F0:B1:A1:57:F0,eduroam,14,390.1767406463623,B2-01,0,4
606,54:F0:B1:A1:57:F1,PoliSemFio,15,390.1767406463623,B2-01,0,4
607,54:F0:B1:A1:57:F2,,12,390.1767406463623,B2-01,0,4
608,54:F0:B1:A1:58:00,eduroam,30,390.1767406463623,B2-01,0,4
609,54:F0:B1:A1:58:01,PoliSemFio,27,390.1767406463623,B2-01,0,4
610,54:F0:B1:A1:58:02,,32,390.1767406463623,B2-01,0,4
611,54:F0:B1:A2:56:70,eduroam,12,390.1767406463623,B2-01,0,4
612,54:F0:B1:A2:56:72,,24,390.1767406463623,B2-01,0,4
613,54:F0:B1:A2:57:33,LCA,22,390.1767406463623,B2-01,0,4
614,54:F0:B1:BB:5A:80,eduroam,29,390.1767406463623,B2-01,0,4
615,54:F0:B1:BB:5A:82,HACKER,27,390.1767406463623,B2-01,0,4
616,54:F0:B1:BB:5A:83,LEP,37,390.1767406463623,B2-01,0,4
617,54:F0:B1:BB:92:C2,,25,390.1767406463623,B2-01,0,4
618,54:F0:B1:BB:BE:10,eduroam,15,390.1767406463623,B2-01,0,4
619,54:F0:B1:BB:C4:D0,eduroam,37,390.1767406463623,B2-01,0,4
620,54:F0:B1:BB:C4:D1,PoliSemFio,54,390.1767406463623,B2-01,0,4
621,54:F0:B1:BB:C4:D2,,54,390.1767406463623,B2-01,0,4
622,54:F0:B1:BB:C4:F0,eduroam,47,390.1767406463623,B2-01,0,4
623,54:F0:B1:BB:C4:F1,PoliSemFio,47,390.1767406463623,B2-01,0,4
624,54:F0:B1:BB:C4:F2,,47,390.1767406463623,B2-01,0,4
625,54:F0:B1:BB:CD:A0,eduroam,20,390.1767406463623,B2-01,0,4
626,54:F0:B1:BB:F3:22,,19,390.1767406463623,B2-01,0,4
627,54:F0:B1:BB:FD:D0,eduroam,15,390.1767406463623,B2-01,0,4
628,54:F0:B1:BB:FD:D1,PoliSemFio,22,390.1767406463623,B2-01,0,4
629,54:F0:B1:BB:FD:D2,,22,390.1767406463623,B2-01,0,4
630,54:F0:B1:BC:09:40,eduroam,89,390.1767406463623,B2-01,0,4
631,54:F0:B1:BC:09:41,PoliSemFio,95,390.1767406463623,B2-01,0,4
632,54:F0:B1:BC:09:42,,95,390.1767406463623,B2-01,0,4
633,54:F0:B1:BC:09:60,eduroam,72,390.1767406463623,B2-01,0,4
634,54:F0:B1:BC:09:61,PoliSemFio,87,390.1767406463623,B2-01,0,4
635,54:F0:B1:BC:1B:D0,eduroam,50,390.1767406463623,B2-01,0,4
636,54:F0:B1:BC:1B:D1,PoliSemFio,50,390.1767406463623,B2-01,0,4
637,54:F0:B1:BC:1B:D2,,52,390.1767406463623,B2-01,0,4
638,54:F0:B1:BC:1B:F0,eduroam,24,390.1767406463623,B2-01,0,4
639,54:F0:B1:BC:1B:F1,PoliSemFio,22,390.1767406463623,B2-01,0,4
640,54:F0:B1:BC:1B:F2,,25,390.1767406463623,B2-01,0,4
641,54:F0:B1:BC:2E:90,eduroam,67,390.1767406463623,B2-01,0,4
642,54:F0:B1:BC:2E:91,PoliSemFio,65,390.1767406463623,B2-01,0,4
643,54:F0:B1:BC:2E:92,,57,390.1767406463623,B2-01,0,4
644,54:F0:B1:BC:2E:B0,eduroam,24,390.1767406463623,B2-01,0,4
645,54:F0:B1:BC:2E:B1,PoliSemFio,24,390.1767406463623,B2-01,0,4
646,54:F0:B1:BC:2F:50,eduroam,9,390.1767406463623,B2-01,0,4
647,54:F0:B1:BC:36:10,PoliSemFio,27,390.1767406463623,B2-01,0,4
648,54:F0:B1:BC:36:11,eduroam,17,390.1767406463623,B2-01,0,4
649,54:F0:B1:BC:36:12,,22,390.1767406463623,B2-01,0,4
650,54:F0:B1:BC:3F:10,eduroam,35,390.1767406463623,B2-01,0,4
651,54:F0:B1:BC:65:B0,eduroam,34,390.1767406463623,B2-01,0,4
652,54:F0:B1:BC:65:B1,PoliSemFio,32,390.1767406463623,B2-01,0,4
653,54:F0:B1:BC:65:B2,,37,390.1767406463623,B2-01,0,4
654,54:F0:B1:BC:70:00,eduroam,52,390.1767406463623,B2-01,0,4
655,54:F0:B1:BC:70:01,PoliSemFio,47,390.1767406463623,B2-01,0,4
656,54:F0:B1:BC:70:02,,47,390.1767406463623,B2-01,0,4
657,54:F0:B1:BC:77:80,eduroam,52,390.1767406463623,B2-01,0,4
658,54:F0:B1:BC:77:81,PoliSemFio,45,390.1767406463623,B2-01,0,4
659,54:F0:B1:BC:77:82,,42,390.1767406463623,B2-01,0,4
660,54:F0:B1:BC:77:A0,eduroam,20,390.1767406463623,B2-01,0,4
661,54:F0:B1:BC:77:A1,PoliSemFio,20,390.1767406463623,B2-01,0,4
662,68:FF:7B:47:78:BE,C1-22M,44,390.1767406463623,B2-01,0,4
663,70:62:B8:6E:72:A0,PCS-wireless-C1-13,35,390.1767406463623,B2-01,0,4
664,84:D4:7E:06:4F:E0,eduroam,57,390.1767406463623,B2-01,0,4
665,84:D4:7E:06:4F:E1,PoliSemFio,55,390.1767406463623,B2-01,0,4
666,84:D4:7E:06:4F:E2,,55,390.1767406463623,B2-01,0,4
667,84:D4:7E:06:4F:F0,eduroam,29,390.1767406463623,B2-01,0,4
668,84:D4:7E:06:4F:F1,PoliSemFio,29,390.1767406463623,B2-01,0,4
669,AA:6B:AD:82:46:CC,DIRECT-cc-HP M132f LaserJet,20,390.1767406463623,B2-01,0,4
670,B0:4E:26:4B:84:C2,C2-01,14,390.1767406463623,B2-01,0,4
671,DE:9F:DB:1C:1F:E0,LARC Guest,29,390.1767406463623,B2-01,0,4
672,F8:1A:67:99:55:8E,NUCLEAR_CHF,19,390.1767406463623,B2-01,0,4
673,FE:9F:DB:1C:1F:D7,,22,390.1767406463623,B2-01,0,4
674,FE:9F:DB:1C:1F:E0,,29,390.1767406463623,B2-01,0,4
675,00:18:E7:FF:8C:98,dlink,19,396.4346401691437,B2-01,0,4
676,00:21:91:70:9D:EC,LAB-DIDATICO,29,396.4346401691437,B2-01,0,4
677,2A:56:5A:49:06:54,DIRECT-54-HP M132f LaserJet,22,396.4346401691437,B2-01,0,4
678,30:85:A9:69:F2:E4,PCS-Wireless-C2-22,27,396.4346401691437,B2-01,0,4
679,34:60:F9:A3:D9:13,GASWIFI-5G_C2,20,396.4346401691437,B2-01,0,4
680,34:60:F9:A3:D9:14,GASWIFI-2G_C2,40,396.4346401691437,B2-01,0,4
681,34:CE:00:51:3E:6F,Lab,54,396.4346401691437,B2-01,0,4
682,34:CE:00:51:3E:70,Lab_5G,25,396.4346401691437,B2-01,0,4
683,3A:60:F9:A3:D9:14,,30,396.4346401691437,B2-01,0,4
684,44:D2:44:DC:2E:01,PROJETOR_B2-06-EC89sIpciG1AUef,40,396.4346401691437,B2-01,0,4
685,48:00:20:34:D2:40,eduroam,25,396.4346401691437,B2-01,0,4
686,54:B8:0A:AA:2C:8C,LAB_DIGITAL,30,396.4346401691437,B2-01,0,4
687,54:B8:0A:AA:2C:8D,PCS-Wireless,29,396.4346401691437,B2-01,0,4
688,54:F0:B1:A1:18:C0,eduroam,17,396.4346401691437,B2-01,0,4
689,54:F0:B1:A1:18:C1,PoliSemFio,19,396.4346401691437,B2-01,0,4
690,54:F0:B1:A1:18:C3,MEZANINO,19,396.4346401691437,B2-01,0,4
691,54:F0:B1:A1:18:C4,GDLAB,17,396.4346401691437,B2-01,0,4
692,54:F0:B1:A1:18:C5,LABPAD,17,396.4346401691437,B2-01,0,4
693,54:F0:B1:A1:18:D0,eduroam,29,396.4346401691437,B2-01,0,4
694,54:F0:B1:A1:18:D1,PoliSemFio,30,396.4346401691437,B2-01,0,4
695,54:F0:B1:A1:18:D2,,29,396.4346401691437,B2-01,0,4
696,54:F0:B1:A1:18:D3,MEZANINO,20,396.4346401691437,B2-01,0,4
697,54:F0:B1:A1:18:D4,GDLAB,29,396.4346401691437,B2-01,0,4
698,54:F0:B1:A1:18:D5,LABPAD,27,396.4346401691437,B2-01,0,4
699,54:F0:B1:A1:57:F0,eduroam,14,396.4346401691437,B2-01,0,4
700,54:F0:B1:A1:57:F1,PoliSemFio,15,396.4346401691437,B2-01,0,4
701,54:F0:B1:A1:57:F2,,12,396.4346401691437,B2-01,0,4
702,54:F0:B1:A1:58:00,eduroam,34,396.4346401691437,B2-01,0,4
703,54:F0:B1:A1:58:01,PoliSemFio,32,396.4346401691437,B2-01,0,4
704,54:F0:B1:A1:58:02,,32,396.4346401691437,B2-01,0,4
705,54:F0:B1:A2:56:70,eduroam,12,396.4346401691437,B2-01,0,4
706,54:F0:B1:A2:56:72,,24,396.4346401691437,B2-01,0,4
707,54:F0:B1:A2:57:33,LCA,22,396.4346401691437,B2-01,0,4
708,54:F0:B1:BB:5A:80,eduroam,29,396.4346401691437,B2-01,0,4
709,54:F0:B1:BB:5A:82,HACKER,27,396.4346401691437,B2-01,0,4
710,54:F0:B1:BB:5A:83,LEP,22,396.4346401691437,B2-01,0,4
711,54:F0:B1:BB:92:C2,,25,396.4346401691437,B2-01,0,4
712,54:F0:B1:BB:BE:10,eduroam,15,396.4346401691437,B2-01,0,4
713,54:F0:B1:BB:C4:D0,eduroam,55,396.4346401691437,B2-01,0,4
714,54:F0:B1:BB:C4:D1,PoliSemFio,54,396.4346401691437,B2-01,0,4
715,54:F0:B1:BB:C4:D2,,54,396.4346401691437,B2-01,0,4
716,54:F0:B1:BB:C4:F0,eduroam,29,396.4346401691437,B2-01,0,4
717,54:F0:B1:BB:C4:F1,PoliSemFio,29,396.4346401691437,B2-01,0,4
718,54:F0:B1:BB:C4:F2,,29,396.4346401691437,B2-01,0,4
719,54:F0:B1:BB:CD:A0,eduroam,20,396.4346401691437,B2-01,0,4
720,54:F0:B1:BB:F3:22,,19,396.4346401691437,B2-01,0,4
721,54:F0:B1:BB:FD:D0,eduroam,17,396.4346401691437,B2-01,0,4
722,54:F0:B1:BB:FD:D1,PoliSemFio,22,396.4346401691437,B2-01,0,4
723,54:F0:B1:BB:FD:D2,,22,396.4346401691437,B2-01,0,4
724,54:F0:B1:BC:09:40,eduroam,84,396.4346401691437,B2-01,0,4
725,54:F0:B1:BC:09:41,PoliSemFio,90,396.4346401691437,B2-01,0,4
726,54:F0:B1:BC:09:42,,90,396.4346401691437,B2-01,0,4
727,54:F0:B1:BC:09:60,eduroam,75,396.4346401691437,B2-01,0,4
728,54:F0:B1:BC:09:61,PoliSemFio,85,396.4346401691437,B2-01,0,4
729,54:F0:B1:BC:1B:D0,eduroam,47,396.4346401691437,B2-01,0,4
730,54:F0:B1:BC:1B:D1,PoliSemFio,52,396.4346401691437,B2-01,0,4
731,54:F0:B1:BC:1B:D2,,52,396.4346401691437,B2-01,0,4
732,54:F0:B1:BC:1B:F0,eduroam,17,396.4346401691437,B2-01,0,4
733,54:F0:B1:BC:1B:F1,PoliSemFio,17,396.4346401691437,B2-01,0,4
734,54:F0:B1:BC:1B:F2,,25,396.4346401691437,B2-01,0,4
735,54:F0:B1:BC:2E:90,eduroam,60,396.4346401691437,B2-01,0,4
736,54:F0:B1:BC:2E:91,PoliSemFio,59,396.4346401691437,B2-01,0,4
737,54:F0:B1:BC:2E:92,,60,396.4346401691437,B2-01,0,4
738,54:F0:B1:BC:2E:B0,eduroam,22,396.4346401691437,B2-01,0,4
739,54:F0:B1:BC:2E:B1,PoliSemFio,20,396.4346401691437,B2-01,0,4
740,54:F0:B1:BC:2F:50,eduroam,9,396.4346401691437,B2-01,0,4
741,54:F0:B1:BC:36:10,PoliSemFio,25,396.4346401691437,B2-01,0,4
742,54:F0:B1:BC:36:11,eduroam,20,396.4346401691437,B2-01,0,4
743,54:F0:B1:BC:36:12,,22,396.4346401691437,B2-01,0,4
744,54:F0:B1:BC:3F:10,eduroam,35,396.4346401691437,B2-01,0,4
745,54:F0:B1:BC:65:B0,eduroam,30,396.4346401691437,B2-01,0,4
746,54:F0:B1:BC:65:B1,PoliSemFio,34,396.4346401691437,B2-01,0,4
747,54:F0:B1:BC:65:B2,,34,396.4346401691437,B2-01,0,4
748,54:F0:B1:BC:70:00,eduroam,34,396.4346401691437,B2-01,0,4
749,54:F0:B1:BC:70:01,PoliSemFio,27,396.4346401691437,B2-01,0,4
750,54:F0:B1:BC:70:02,,30,396.4346401691437,B2-01,0,4
751,54:F0:B1:BC:77:80,eduroam,49,396.4346401691437,B2-01,0,4
752,54:F0:B1:BC:77:81,PoliSemFio,49,396.4346401691437,B2-01,0,4
753,54:F0:B1:BC:77:82,,49,396.4346401691437,B2-01,0,4
754,54:F0:B1:BC:77:A0,eduroam,17,396.4346401691437,B2-01,0,4
755,54:F0:B1:BC:77:A1,PoliSemFio,17,396.4346401691437,B2-01,0,4
756,68:FF:7B:47:78:BE,C1-22M,40,396.4346401691437,B2-01,0,4
757,70:62:B8:6E:72:A0,PCS-wireless-C1-13,35,396.4346401691437,B2-01,0,4
758,84:D4:7E:06:4F:E0,eduroam,59,396.4346401691437,B2-01,0,4
759,84:D4:7E:06:4F:E1,PoliSemFio,52,396.4346401691437,B2-01,0,4
760,84:D4:7E:06:4F:E2,,52,396.4346401691437,B2-01,0,4
761,84:D4:7E:06:4F:F0,eduroam,29,396.4346401691437,B2-01,0,4
762,84:D4:7E:06:4F:F1,PoliSemFio,27,396.4346401691437,B2-01,0,4
763,AA:6B:AD:82:46:CC,DIRECT-cc-HP M132f LaserJet,20,396.4346401691437,B2-01,0,4
764,B0:4E:26:4B:84:C2,C2-01,14,396.4346401691437,B2-01,0,4
765,DE:9F:DB:1C:1F:E0,LARC Guest,29,396.4346401691437,B2-01,0,4
766,F8:1A:67:99:55:8E,NUCLEAR_CHF,20,396.4346401691437,B2-01,0,4
767,FE:9F:DB:1C:1F:D7,,22,396.4346401691437,B2-01,0,4
768,FE:9F:DB:1C:1F:E0,,29,396.4346401691437,B2-01,0,4
769,00:18:E7:FF:8C:98,dlink,19,402.6829855442047,B2-01,0,4
770,00:21:91:70:9D:EC,LAB-DIDATICO,29,402.6829855442047,B2-01,0,4
771,2A:56:5A:49:06:54,DIRECT-54-HP M132f LaserJet,22,402.6829855442047,B2-01,0,4
772,30:85:A9:69:F2:E4,PCS-Wireless-C2-22,27,402.6829855442047,B2-01,0,4
773,34:60:F9:A3:D9:14,GASWIFI-2G_C2,42,402.6829855442047,B2-01,0,4
774,34:CE:00:51:3E:6F,Lab,60,402.6829855442047,B2-01,0,4
775,34:CE:00:51:3E:70,Lab_5G,22,402.6829855442047,B2-01,0,4
776,3A:60:F9:A3:D9:14,,30,402.6829855442047,B2-01,0,4
777,44:D2:44:DC:2E:01,PROJETOR_B2-06-EC89sIpciG1AUef,37,402.6829855442047,B2-01,0,4
778,48:00:20:34:D2:40,eduroam,25,402.6829855442047,B2-01,0,4
779,54:B8:0A:AA:2C:8C,LAB_DIGITAL,39,402.6829855442047,B2-01,0,4
780,54:B8:0A:AA:2C:8D,PCS-Wireless,29,402.6829855442047,B2-01,0,4
781,54:F0:B1:A1:18:C0,eduroam,22,402.6829855442047,B2-01,0,4
782,54:F0:B1:A1:18:C1,PoliSemFio,22,402.6829855442047,B2-01,0,4
783,54:F0:B1:A1:18:C3,MEZANINO,20,402.6829855442047,B2-01,0,4
784,54:F0:B1:A1:18:C4,GDLAB,24,402.6829855442047,B2-01,0,4
785,54:F0:B1:A1:18:C5,LABPAD,22,402.6829855442047,B2-01,0,4
786,54:F0:B1:A1:18:D0,eduroam,29,402.6829855442047,B2-01,0,4
787,54:F0:B1:A1:18:D1,PoliSemFio,30,402.6829855442047,B2-01,0,4
788,54:F0:B1:A1:18:D2,,29,402.6829855442047,B2-01,0,4
789,54:F0:B1:A1:18:D3,MEZANINO,20,402.6829855442047,B2-01,0,4
790,54:F0:B1:A1:18:D4,GDLAB,29,402.6829855442047,B2-01,0,4
791,54:F0:B1:A1:18:D5,LABPAD,27,402.6829855442047,B2-01,0,4
792,54:F0:B1:A1:57:F0,eduroam,14,402.6829855442047,B2-01,0,4
793,54:F0:B1:A1:57:F1,PoliSemFio,15,402.6829855442047,B2-01,0,4
794,54:F0:B1:A1:57:F2,,12,402.6829855442047,B2-01,0,4
795,54:F0:B1:A1:58:00,eduroam,30,402.6829855442047,B2-01,0,4
796,54:F0:B1:A1:58:01,PoliSemFio,34,402.6829855442047,B2-01,0,4
797,54:F0:B1:A1:58:02,,34,402.6829855442047,B2-01,0,4
798,54:F0:B1:A2:56:70,eduroam,12,402.6829855442047,B2-01,0,4
799,54:F0:B1:A2:56:72,,24,402.6829855442047,B2-01,0,4
800,54:F0:B1:A2:57:32,,25,402.6829855442047,B2-01,0,4
801,54:F0:B1:A2:57:33,LCA,22,402.6829855442047,B2-01,0,4
802,54:F0:B1:BB:5A:80,eduroam,29,402.6829855442047,B2-01,0,4
803,54:F0:B1:BB:5A:82,HACKER,27,402.6829855442047,B2-01,0,4
804,54:F0:B1:BB:5A:83,LEP,22,402.6829855442047,B2-01,0,4
805,54:F0:B1:BB:92:C2,,25,402.6829855442047,B2-01,0,4
806,54:F0:B1:BB:BE:10,eduroam,15,402.6829855442047,B2-01,0,4
807,54:F0:B1:BB:C4:D0,eduroam,29,402.6829855442047,B2-01,0,4
808,54:F0:B1:BB:C4:D1,PoliSemFio,54,402.6829855442047,B2-01,0,4
809,54:F0:B1:BB:C4:D2,,54,402.6829855442047,B2-01,0,4
810,54:F0:B1:BB:C4:F0,eduroam,49,402.6829855442047,B2-01,0,4
811,54:F0:B1:BB:C4:F1,PoliSemFio,47,402.6829855442047,B2-01,0,4
812,54:F0:B1:BB:C4:F2,,47,402.6829855442047,B2-01,0,4
813,54:F0:B1:BB:CD:A0,eduroam,20,402.6829855442047,B2-01,0,4
814,54:F0:B1:BB:F3:22,,19,402.6829855442047,B2-01,0,4
815,54:F0:B1:BB:FD:D0,eduroam,25,402.6829855442047,B2-01,0,4
816,54:F0:B1:BB:FD:D1,PoliSemFio,20,402.6829855442047,B2-01,0,4
817,54:F0:B1:BB:FD:D2,,24,402.6829855442047,B2-01,0,4
818,54:F0:B1:BC:09:40,eduroam,89,402.6829855442047,B2-01,0,4
819,54:F0:B1:BC:09:41,PoliSemFio,90,402.6829855442047,B2-01,0,4
820,54:F0:B1:BC:09:42,,90,402.6829855442047,B2-01,0,4
821,54:F0:B1:BC:09:60,eduroam,89,402.6829855442047,B2-01,0,4
822,54:F0:B1:BC:09:61,PoliSemFio,89,402.6829855442047,B2-01,0,4
823,54:F0:B1:BC:1B:D0,eduroam,47,402.6829855442047,B2-01,0,4
824,54:F0:B1:BC:1B:D1,PoliSemFio,64,402.6829855442047,B2-01,0,4
825,54:F0:B1:BC:1B:D2,,64,402.6829855442047,B2-01,0,4
826,54:F0:B1:BC:1B:F0,eduroam,20,402.6829855442047,B2-01,0,4
827,54:F0:B1:BC:1B:F1,PoliSemFio,20,402.6829855442047,B2-01,0,4
828,54:F0:B1:BC:1B:F2,,25,402.6829855442047,B2-01,0,4
829,54:F0:B1:BC:2E:90,eduroam,60,402.6829855442047,B2-01,0,4
830,54:F0:B1:BC:2E:91,PoliSemFio,59,402.6829855442047,B2-01,0,4
831,54:F0:B1:BC:2E:92,,60,402.6829855442047,B2-01,0,4
832,54:F0:B1:BC:2E:B0,eduroam,29,402.6829855442047,B2-01,0,4
833,54:F0:B1:BC:2E:B1,PoliSemFio,27,402.6829855442047,B2-01,0,4
834,54:F0:B1:BC:2F:50,eduroam,9,402.6829855442047,B2-01,0,4
835,54:F0:B1:BC:36:10,PoliSemFio,25,402.6829855442047,B2-01,0,4
836,54:F0:B1:BC:36:11,eduroam,20,402.6829855442047,B2-01,0,4
837,54:F0:B1:BC:36:12,,22,402.6829855442047,B2-01,0,4
838,54:F0:B1:BC:3F:10,eduroam,35,402.6829855442047,B2-01,0,4
839,54:F0:B1:BC:65:B0,eduroam,30,402.6829855442047,B2-01,0,4
840,54:F0:B1:BC:65:B1,PoliSemFio,34,402.6829855442047,B2-01,0,4
841,54:F0:B1:BC:65:B2,,34,402.6829855442047,B2-01,0,4
842,54:F0:B1:BC:70:00,eduroam,52,402.6829855442047,B2-01,0,4
843,54:F0:B1:BC:70:01,PoliSemFio,27,402.6829855442047,B2-01,0,4
844,54:F0:B1:BC:70:02,,47,402.6829855442047,B2-01,0,4
845,54:F0:B1:BC:70:20,eduroam,14,402.6829855442047,B2-01,0,4
846,54:F0:B1:BC:77:80,eduroam,49,402.6829855442047,B2-01,0,4
847,54:F0:B1:BC:77:81,PoliSemFio,49,402.6829855442047,B2-01,0,4
848,54:F0:B1:BC:77:82,,45,402.6829855442047,B2-01,0,4
849,54:F0:B1:BC:77:A0,eduroam,19,402.6829855442047,B2-01,0,4
850,54:F0:B1:BC:77:A1,PoliSemFio,19,402.6829855442047,B2-01,0,4
851,68:FF:7B:47:78:BE,C1-22M,40,402.6829855442047,B2-01,0,4
852,70:62:B8:6E:72:A0,PCS-wireless-C1-13,35,402.6829855442047,B2-01,0,4
853,84:D4:7E:06:4F:E0,eduroam,37,402.6829855442047,B2-01,0,4
854,84:D4:7E:06:4F:E1,PoliSemFio,44,402.6829855442047,B2-01,0,4
855,84:D4:7E:06:4F:E2,,44,402.6829855442047,B2-01,0,4
856,84:D4:7E:06:4F:F0,eduroam,29,402.6829855442047,B2-01,0,4
857,84:D4:7E:06:4F:F1,PoliSemFio,29,402.6829855442047,B2-01,0,4
858,AA:6B:AD:82:46:CC,DIRECT-cc-HP M132f LaserJet,20,402.6829855442047,B2-01,0,4
859,B0:4E:26:4B:84:C2,C2-01,24,402.6829855442047,B2-01,0,4
860,DE:9F:DB:1C:1F:E0,LARC Guest,32,402.6829855442047,B2-01,0,4
861,F8:1A:67:99:55:8E,NUCLEAR_CHF,20,402.6829855442047,B2-01,0,4
862,FE:9F:DB:1C:1F:D7,,22,402.6829855442047,B2-01,0,4
863,FE:9F:DB:1C:1F:E0,,29,402.6829855442047,B2-01,0,4
864,00:18:E7:FF:8C:98,dlink,19,408.9357283115387,B2-01,0,4
865,00:21:91:70:9D:EC,LAB-DIDATICO,29,408.9357283115387,B2-01,0,4
866,2A:56:5A:49:06:54,DIRECT-54-HP M132f LaserJet,22,408.9357283115387,B2-01,0,4
867,30:85:A9:69:F2:E4,PCS-Wireless-C2-22,27,408.9357283115387,B2-01,0,4
868,34:60:F9:A3:D9:14,GASWIFI-2G_C2,42,408.9357283115387,B2-01,0,4
869,34:CE:00:51:3E:6F,Lab,60,408.9357283115387,B2-01,0,4
870,34:CE:00:51:3E:70,Lab_5G,22,408.9357283115387,B2-01,0,4
871,3A:60:F9:A3:D9:14,,30,408.9357283115387,B2-01,0,4
872,44:D2:44:DC:2E:01,PROJETOR_B2-06-EC89sIpciG1AUef,37,408.9357283115387,B2-01,0,4
873,48:00:20:34:D2:40,eduroam,25,408.9357283115387,B2-01,0,4
874,54:B8:0A:AA:2C:8C,LAB_DIGITAL,39,408.9357283115387,B2-01,0,4
875,54:B8:0A:AA:2C:8D,PCS-Wireless,29,408.9357283115387,B2-01,0,4
876,54:F0:B1:A1:18:C0,eduroam,22,408.9357283115387,B2-01,0,4
877,54:F0:B1:A1:18:C1,PoliSemFio,22,408.9357283115387,B2-01,0,4
878,54:F0:B1:A1:18:C3,MEZANINO,20,408.9357283115387,B2-01,0,4
879,54:F0:B1:A1:18:C4,GDLAB,24,408.9357283115387,B2-01,0,4
880,54:F0:B1:A1:18:C5,LABPAD,22,408.9357283115387,B2-01,0,4
881,54:F0:B1:A1:18:D0,eduroam,29,408.9357283115387,B2-01,0,4
882,54:F0:B1:A1:18:D1,PoliSemFio,30,408.9357283115387,B2-01,0,4
883,54:F0:B1:A1:18:D2,,29,408.9357283115387,B2-01,0,4
884,54:F0:B1:A1:18:D3,MEZANINO,20,408.9357283115387,B2-01,0,4
885,54:F0:B1:A1:18:D4,GDLAB,29,408.9357283115387,B2-01,0,4
886,54:F0:B1:A1:18:D5,LABPAD,27,408.9357283115387,B2-01,0,4
887,54:F0:B1:A1:57:F0,eduroam,14,408.9357283115387,B2-01,0,4
888,54:F0:B1:A1:57:F1,PoliSemFio,15,408.9357283115387,B2-01,0,4
889,54:F0:B1:A1:57:F2,,12,408.9357283115387,B2-01,0,4
890,54:F0:B1:A1:58:00,eduroam,30,408.9357283115387,B2-01,0,4
891,54:F0:B1:A1:58:01,PoliSemFio,34,408.9357283115387,B2-01,0,4
892,54:F0:B1:A1:58:02,,34,408.9357283115387,B2-01,0,4
893,54:F0:B1:A2:56:70,eduroam,12,408.9357283115387,B2-01,0,4
894,54:F0:B1:A2:56:72,,24,408.9357283115387,B2-01,0,4
895,54:F0:B1:A2:57:32,,25,408.9357283115387,B2-01,0,4
896,54:F0:B1:A2:57:33,LCA,22,408.9357283115387,B2-01,0,4
897,54:F0:B1:BB:5A:80,eduroam,29,408.9357283115387,B2-01,0,4
898,54:F0:B1:BB:5A:82,HACKER,27,408.9357283115387,B2-01,0,4
899,54:F0:B1:BB:5A:83,LEP,22,408.9357283115387,B2-01,0,4
900,54:F0:B1:BB:92:C2,,25,408.9357283115387,B2-01,0,4
901,54:F0:B1:BB:BE:10,eduroam,15,408.9357283115387,B2-01,0,4
902,54:F0:B1:BB:C4:D0,eduroam,29,408.9357283115387,B2-01,0,4
903,54:F0:B1:BB:C4:D1,PoliSemFio,54,408.9357283115387,B2-01,0,4
904,54:F0:B1:BB:C4:D2,,54,408.9357283115387,B2-01,0,4
905,54:F0:B1:BB:C4:F0,eduroam,49,408.9357283115387,B2-01,0,4
906,54:F0:B1:BB:C4:F1,PoliSemFio,47,408.9357283115387,B2-01,0,4
907,54:F0:B1:BB:C4:F2,,47,408.9357283115387,B2-01,0,4
908,54:F0:B1:BB:CD:A0,eduroam,20,408.9357283115387,B2-01,0,4
909,54:F0:B1:BB:F3:22,,19,408.9357283115387,B2-01,0,4
910,54:F0:B1:BB:FD:D0,eduroam,25,408.9357283115387,B2-01,0,4
911,54:F0:B1:BB:FD:D1,PoliSemFio,20,408.9357283115387,B2-01,0,4
912,54:F0:B1:BB:FD:D2,,24,408.9357283115387,B2-01,0,4
913,54:F0:B1:BC:09:40,eduroam,89,408.9357283115387,B2-01,0,4
914,54:F0:B1:BC:09:41,PoliSemFio,90,408.9357283115387,B2-01,0,4
915,54:F0:B1:BC:09:42,,90,408.9357283115387,B2-01,0,4
916,54:F0:B1:BC:09:60,eduroam,71,408.9357283115387,B2-01,0,4
917,54:F0:B1:BC:09:61,PoliSemFio,89,408.9357283115387,B2-01,0,4
918,54:F0:B1:BC:1B:D0,eduroam,47,408.9357283115387,B2-01,0,4
919,54:F0:B1:BC:1B:D1,PoliSemFio,64,408.9357283115387,B2-01,0,4
920,54:F0:B1:BC:1B:D2,,64,408.9357283115387,B2-01,0,4
921,54:F0:B1:BC:1B:F0,eduroam,20,408.9357283115387,B2-01,0,4
922,54:F0:B1:BC:1B:F1,PoliSemFio,20,408.9357283115387,B2-01,0,4
923,54:F0:B1:BC:1B:F2,,25,408.9357283115387,B2-01,0,4
924,54:F0:B1:BC:2E:90,eduroam,60,408.9357283115387,B2-01,0,4
925,54:F0:B1:BC:2E:91,PoliSemFio,59,408.9357283115387,B2-01,0,4
926,54:F0:B1:BC:2E:92,,60,408.9357283115387,B2-01,0,4
927,54:F0:B1:BC:2E:B0,eduroam,29,408.9357283115387,B2-01,0,4
928,54:F0:B1:BC:2E:B1,PoliSemFio,27,408.9357283115387,B2-01,0,4
929,54:F0:B1:BC:2F:50,eduroam,9,408.9357283115387,B2-01,0,4
930,54:F0:B1:BC:36:10,PoliSemFio,25,408.9357283115387,B2-01,0,4
931,54:F0:B1:BC:36:11,eduroam,20,408.9357283115387,B2-01,0,4
932,54:F0:B1:BC:36:12,,22,408.9357283115387,B2-01,0,4
933,54:F0:B1:BC:3F:10,eduroam,35,408.9357283115387,B2-01,0,4
934,54:F0:B1:BC:65:B0,eduroam,30,408.9357283115387,B2-01,0,4
935,54:F0:B1:BC:65:B1,PoliSemFio,34,408.9357283115387,B2-01,0,4
936,54:F0:B1:BC:65:B2,,34,408.9357283115387,B2-01,0,4
937,54:F0:B1:BC:70:00,eduroam,52,408.9357283115387,B2-01,0,4
938,54:F0:B1:BC:70:01,PoliSemFio,27,408.9357283115387,B2-01,0,4
939,54:F0:B1:BC:70:02,,47,408.9357283115387,B2-01,0,4
940,54:F0:B1:BC:70:20,eduroam,14,408.9357283115387,B2-01,0,4
941,54:F0:B1:BC:77:80,eduroam,49,408.9357283115387,B2-01,0,4
942,54:F0:B1:BC:77:81,PoliSemFio,49,408.9357283115387,B2-01,0,4
943,54:F0:B1:BC:77:82,,45,408.9357283115387,B2-01,0,4
944,54:F0:B1:BC:77:A0,eduroam,19,408.9357283115387,B2-01,0,4
945,54:F0:B1:BC:77:A1,PoliSemFio,19,408.9357283115387,B2-01,0,4
946,68:FF:7B:47:78:BE,C1-22M,40,408.9357283115387,B2-01,0,4
947,70:62:B8:6E:72:A0,PCS-wireless-C1-13,35,408.9357283115387,B2-01,0,4
948,84:D4:7E:06:4F:E0,eduroam,37,408.9357283115387,B2-01,0,4
949,84:D4:7E:06:4F:E1,PoliSemFio,44,408.9357283115387,B2-01,0,4
950,84:D4:7E:06:4F:E2,,44,408.9357283115387,B2-01,0,4
951,84:D4:7E:06:4F:F0,eduroam,29,408.9357283115387,B2-01,0,4
952,84:D4:7E:06:4F:F1,PoliSemFio,29,408.9357283115387,B2-01,0,4
953,AA:6B:AD:82:46:CC,DIRECT-cc-HP M132f LaserJet,20,408.9357283115387,B2-01,0,4
954,B0:4E:26:4B:84:C2,C2-01,24,408.9357283115387,B2-01,0,4
955,DE:9F:DB:1C:1F:E0,LARC Guest,32,408.9357283115387,B2-01,0,4
956,F8:1A:67:99:55:8E,NUCLEAR_CHF,20,408.9357283115387,B2-01,0,4
957,FE:9F:DB:1C:1F:D7,,22,408.9357283115387,B2-01,0,4
958,FE:9F:DB:1C:1F:E0,,29,408.9357283115387,B2-01,0,4
959,00:18:E7:FF:8C:98,dlink,19,411.5581250190735,B2-01,0,4
960,00:21:91:70:9D:EC,LAB-DIDATICO,29,411.5581250190735,B2-01,0,4
961,2A:56:5A:49:06:54,DIRECT-54-HP M132f LaserJet,22,411.5581250190735,B2-01,0,4
962,34:60:F9:A3:D9:13,GASWIFI-5G_C2,24,411.5581250190735,B2-01,0,4
963,34:60:F9:A3:D9:14,GASWIFI-2G_C2,27,411.5581250190735,B2-01,0,4
964,34:60:F9:A3:E7:3F,GASWIFI_C4,35,411.5581250190735,B2-01,0,4
965,34:CE:00:51:3E:6F,Lab,59,411.5581250190735,B2-01,0,4
966,34:CE:00:51:3E:70,Lab_5G,39,411.5581250190735,B2-01,0,4
967,3A:60:F9:A3:D9:13,,20,411.5581250190735,B2-01,0,4
968,3A:60:F9:A3:D9:14,,30,411.5581250190735,B2-01,0,4
969,44:D2:44:DC:2E:01,PROJETOR_B2-06-EC89sIpciG1AUef,32,411.5581250190735,B2-01,0,4
970,48:00:20:34:D2:40,eduroam,25,411.5581250190735,B2-01,0,4
971,54:B8:0A:AA:2C:8C,LAB_DIGITAL,39,411.5581250190735,B2-01,0,4
972,54:B8:0A:AA:2C:8D,PCS-Wireless,37,411.5581250190735,B2-01,0,4
973,54:F0:B1:A1:18:C0,eduroam,22,411.5581250190735,B2-01,0,4
974,54:F0:B1:A1:18:C1,PoliSemFio,22,411.5581250190735,B2-01,0,4
975,54:F0:B1:A1:18:C3,MEZANINO,12,411.5581250190735,B2-01,0,4
976,54:F0:B1:A1:18:C4,GDLAB,14,411.5581250190735,B2-01,0,4
977,54:F0:B1:A1:18:C5,LABPAD,14,411.5581250190735,B2-01,0,4
978,54:F0:B1:A1:18:D0,eduroam,35,411.5581250190735,B2-01,0,4
979,54:F0:B1:A1:18:D1,PoliSemFio,30,411.5581250190735,B2-01,0,4
980,54:F0:B1:A1:18:D2,,29,411.5581250190735,B2-01,0,4
981,54:F0:B1:A1:18:D3,MEZANINO,35,411.5581250190735,B2-01,0,4
982,54:F0:B1:A1:18:D4,GDLAB,29,411.5581250190735,B2-01,0,4
983,54:F0:B1:A1:18:D5,LABPAD,35,411.5581250190735,B2-01,0,4
984,54:F0:B1:A1:58:00,eduroam,39,411.5581250190735,B2-01,0,4
985,54:F0:B1:A1:58:01,PoliSemFio,35,411.5581250190735,B2-01,0,4
986,54:F0:B1:A1:58:02,,35,411.5581250190735,B2-01,0,4
987,54:F0:B1:A2:57:32,,25,411.5581250190735,B2-01,0,4
988,54:F0:B1:BB:5A:80,eduroam,29,411.5581250190735,B2-01,0,4
989,54:F0:B1:BB:5A:82,HACKER,27,411.5581250190735,B2-01,0,4
990,54:F0:B1:BB:5A:83,LEP,22,411.5581250190735,B2-01,0,4
991,54:F0:B1:BB:92:C2,,25,411.5581250190735,B2-01,0,4
992,54:F0:B1:BB:C4:D0,eduroam,29,411.5581250190735,B2-01,0,4
993,54:F0:B1:BB:C4:D1,PoliSemFio,54,411.5581250190735,B2-01,0,4
994,54:F0:B1:BB:C4:D2,,54,411.5581250190735,B2-01,0,4
995,54:F0:B1:BB:C4:F0,eduroam,35,411.5581250190735,B2-01,0,4
996,54:F0:B1:BB:C4:F1,PoliSemFio,35,411.5581250190735,B2-01,0,4
997,54:F0:B1:BB:C4:F2,,35,411.5581250190735,B2-01,0,4
998,54:F0:B1:BB:CD:A0,eduroam,20,411.5581250190735,B2-01,0,4
999,54:F0:B1:BB:FD:D0,eduroam,25,411.5581250190735,B2-01,0,4
1000,54:F0:B1:BB:FD:D1,PoliSemFio,20,411.5581250190735,B2-01,0,4
1001,54:F0:B1:BB:FD:D2,,24,411.5581250190735,B2-01,0,4
1002,54:F0:B1:BC:09:40,eduroam,89,411.5581250190735,B2-01,0,4
1003,54:F0:B1:BC:09:41,PoliSemFio,92,411.5581250190735,B2-01,0,4
1004,54:F0:B1:BC:09:42,,92,411.5581250190735,B2-01,0,4
1005,54:F0:B1:BC:09:60,eduroam,70,411.5581250190735,B2-01,0,4
1006,54:F0:B1:BC:09:61,PoliSemFio,70,411.5581250190735,B2-01,0,4
1007,54:F0:B1:BC:1B:D0,eduroam,50,411.5581250190735,B2-01,0,4
1008,54:F0:B1:BC:1B:D1,PoliSemFio,64,411.5581250190735,B2-01,0,4
1009,54:F0:B1:BC:1B:D2,,64,411.5581250190735,B2-01,0,4
1010,54:F0:B1:BC:1B:F0,eduroam,19,411.5581250190735,B2-01,0,4
1011,54:F0:B1:BC:1B:F1,PoliSemFio,19,411.5581250190735,B2-01,0,4
1012,54:F0:B1:BC:2E:90,eduroam,64,411.5581250190735,B2-01,0,4
1013,54:F0:B1:BC:2E:91,PoliSemFio,57,411.5581250190735,B2-01,0,4
1014,54:F0:B1:BC:2E:92,,57,411.5581250190735,B2-01,0,4
1015,54:F0:B1:BC:2E:B0,eduroam,27,411.5581250190735,B2-01,0,4
1016,54:F0:B1:BC:2E:B1,PoliSemFio,27,411.5581250190735,B2-01,0,4
1017,54:F0:B1:BC:2F:50,eduroam,9,411.5581250190735,B2-01,0,4
1018,54:F0:B1:BC:36:10,PoliSemFio,25,411.5581250190735,B2-01,0,4
1019,54:F0:B1:BC:36:11,eduroam,20,411.5581250190735,B2-01,0,4
1020,54:F0:B1:BC:36:12,,22,411.5581250190735,B2-01,0,4
1021,54:F0:B1:BC:3F:10,eduroam,35,411.5581250190735,B2-01,0,4
1022,54:F0:B1:BC:65:B0,eduroam,30,411.5581250190735,B2-01,0,4
1023,54:F0:B1:BC:65:B1,PoliSemFio,34,411.5581250190735,B2-01,0,4
1024,54:F0:B1:BC:65:B2,,34,411.5581250190735,B2-01,0,4
1025,54:F0:B1:BC:70:00,eduroam,52,411.5581250190735,B2-01,0,4
1026,54:F0:B1:BC:70:01,PoliSemFio,27,411.5581250190735,B2-01,0,4
1027,54:F0:B1:BC:70:02,,47,411.5581250190735,B2-01,0,4
1028,54:F0:B1:BC:70:20,eduroam,14,411.5581250190735,B2-01,0,4
1029,54:F0:B1:BC:77:80,eduroam,44,411.5581250190735,B2-01,0,4
1030,54:F0:B1:BC:77:81,PoliSemFio,49,411.5581250190735,B2-01,0,4
1031,54:F0:B1:BC:77:82,,45,411.5581250190735,B2-01,0,4
1032,54:F0:B1:BC:77:A0,eduroam,14,411.5581250190735,B2-01,0,4
1033,54:F0:B1:BC:77:A1,PoliSemFio,15,411.5581250190735,B2-01,0,4
1034,68:FF:7B:47:78:BE,C1-22M,45,411.5581250190735,B2-01,0,4
1035,70:62:B8:6E:72:A0,PCS-wireless-C1-13,34,411.5581250190735,B2-01,0,4
1036,84:D4:7E:06:4F:E0,eduroam,40,411.5581250190735,B2-01,0,4
1037,84:D4:7E:06:4F:E1,PoliSemFio,42,411.5581250190735,B2-01,0,4
1038,84:D4:7E:06:4F:E2,,44,411.5581250190735,B2-01,0,4
1039,84:D4:7E:06:4F:F0,eduroam,24,411.5581250190735,B2-01,0,4
1040,84:D4:7E:06:4F:F1,PoliSemFio,24,411.5581250190735,B2-01,0,4
1041,AA:6B:AD:82:46:CC,DIRECT-cc-HP M132f LaserJet,20,411.5581250190735,B2-01,0,4
1042,B0:4E:26:4B:84:C2,C2-01,24,411.5581250190735,B2-01,0,4
1043,DE:9F:DB:1C:1F:E0,LARC Guest,22,411.5581250190735,B2-01,0,4
1044,F8:1A:67:99:55:8E,NUCLEAR_CHF,20,411.5581250190735,B2-01,0,4
1045,FE:9F:DB:1C:1F:E0,,29,411.5581250190735,B2-01,0,4
1046,00:18:E7:FF:8C:98,dlink,19,414.1888372898102,B2-01,0,4
1047,00:21:91:70:9D:EC,LAB-DIDATICO,29,414.1888372898102,B2-01,0,4
1048,2A:56:5A:49:06:54,DIRECT-54-HP M132f LaserJet,22,414.1888372898102,B2-01,0,4
1049,34:60:F9:A3:D9:13,GASWIFI-5G_C2,24,414.1888372898102,B2-01,0,4
1050,34:60:F9:A3:D9:14,GASWIFI-2G_C2,27,414.1888372898102,B2-01,0,4
1051,34:60:F9:A3:E7:3F,GASWIFI_C4,35,414.1888372898102,B2-01,0,4
1052,34:CE:00:51:3E:6F,Lab,59,414.1888372898102,B2-01,0,4
1053,34:CE:00:51:3E:70,Lab_5G,39,414.1888372898102,B2-01,0,4
1054,3A:60:F9:A3:D9:13,,20,414.1888372898102,B2-01,0,4
1055,3A:60:F9:A3:D9:14,,30,414.1888372898102,B2-01,0,4
1056,44:D2:44:DC:2E:01,PROJETOR_B2-06-EC89sIpciG1AUef,32,414.1888372898102,B2-01,0,4
1057,48:00:20:34:D2:40,eduroam,25,414.1888372898102,B2-01,0,4
1058,54:B8:0A:AA:2C:8C,LAB_DIGITAL,39,414.1888372898102,B2-01,0,4
1059,54:B8:0A:AA:2C:8D,PCS-Wireless,37,414.1888372898102,B2-01,0,4
1060,54:F0:B1:A1:18:C0,eduroam,22,414.1888372898102,B2-01,0,4
1061,54:F0:B1:A1:18:C1,PoliSemFio,22,414.1888372898102,B2-01,0,4
1062,54:F0:B1:A1:18:C3,MEZANINO,12,414.1888372898102,B2-01,0,4
1063,54:F0:B1:A1:18:C4,GDLAB,14,414.1888372898102,B2-01,0,4
1064,54:F0:B1:A1:18:C5,LABPAD,14,414.1888372898102,B2-01,0,4
1065,54:F0:B1:A1:18:D0,eduroam,35,414.1888372898102,B2-01,0,4
1066,54:F0:B1:A1:18:D1,PoliSemFio,30,414.1888372898102,B2-01,0,4
1067,54:F0:B1:A1:18:D2,,29,414.1888372898102,B2-01,0,4
1068,54:F0:B1:A1:18:D3,MEZANINO,35,414.1888372898102,B2-01,0,4
1069,54:F0:B1:A1:18:D4,GDLAB,29,414.1888372898102,B2-01,0,4
1070,54:F0:B1:A1:18:D5,LABPAD,35,414.1888372898102,B2-01,0,4
1071,54:F0:B1:A1:58:00,eduroam,39,414.1888372898102,B2-01,0,4
1072,54:F0:B1:A1:58:01,PoliSemFio,35,414.1888372898102,B2-01,0,4
1073,54:F0:B1:A1:58:02,,35,414.1888372898102,B2-01,0,4
1074,54:F0:B1:A2:57:32,,25,414.1888372898102,B2-01,0,4
1075,54:F0:B1:BB:5A:80,eduroam,29,414.1888372898102,B2-01,0,4
1076,54:F0:B1:BB:5A:82,HACKER,27,414.1888372898102,B2-01,0,4
1077,54:F0:B1:BB:5A:83,LEP,22,414.1888372898102,B2-01,0,4
1078,54:F0:B1:BB:92:C2,,25,414.1888372898102,B2-01,0,4
1079,54:F0:B1:BB:C4:D0,eduroam,29,414.1888372898102,B2-01,0,4
1080,54:F0:B1:BB:C4:D1,PoliSemFio,54,414.1888372898102,B2-01,0,4
1081,54:F0:B1:BB:C4:D2,,54,414.1888372898102,B2-01,0,4
1082,54:F0:B1:BB:C4:F0,eduroam,35,414.1888372898102,B2-01,0,4
1083,54:F0:B1:BB:C4:F1,PoliSemFio,35,414.1888372898102,B2-01,0,4
1084,54:F0:B1:BB:C4:F2,,35,414.1888372898102,B2-01,0,4
1085,54:F0:B1:BB:CD:A0,eduroam,20,414.1888372898102,B2-01,0,4
1086,54:F0:B1:BB:FD:D0,eduroam,25,414.1888372898102,B2-01,0,4
1087,54:F0:B1:BB:FD:D1,PoliSemFio,20,414.1888372898102,B2-01,0,4
1088,54:F0:B1:BB:FD:D2,,24,414.1888372898102,B2-01,0,4
1089,54:F0:B1:BC:09:40,eduroam,89,414.1888372898102,B2-01,0,4
1090,54:F0:B1:BC:09:41,PoliSemFio,92,414.1888372898102,B2-01,0,4
1091,54:F0:B1:BC:09:42,,92,414.1888372898102,B2-01,0,4
1092,54:F0:B1:BC:09:60,eduroam,74,414.1888372898102,B2-01,0,4
1093,54:F0:B1:BC:09:61,PoliSemFio,70,414.1888372898102,B2-01,0,4
1094,54:F0:B1:BC:1B:D0,eduroam,50,414.1888372898102,B2-01,0,4
1095,54:F0:B1:BC:1B:D1,PoliSemFio,64,414.1888372898102,B2-01,0,4
1096,54:F0:B1:BC:1B:D2,,64,414.1888372898102,B2-01,0,4
1097,54:F0:B1:BC:1B:F0,eduroam,19,414.1888372898102,B2-01,0,4
1098,54:F0:B1:BC:1B:F1,PoliSemFio,19,414.1888372898102,B2-01,0,4
1099,54:F0:B1:BC:2E:90,eduroam,64,414.1888372898102,B2-01,0,4
1100,54:F0:B1:BC:2E:91,PoliSemFio,57,414.1888372898102,B2-01,0,4
1101,54:F0:B1:BC:2E:92,,57,414.1888372898102,B2-01,0,4
1102,54:F0:B1:BC:2E:B0,eduroam,27,414.1888372898102,B2-01,0,4
1103,54:F0:B1:BC:2E:B1,PoliSemFio,27,414.1888372898102,B2-01,0,4
1104,54:F0:B1:BC:2F:50,eduroam,9,414.1888372898102,B2-01,0,4
1105,54:F0:B1:BC:36:10,PoliSemFio,25,414.1888372898102,B2-01,0,4
1106,54:F0:B1:BC:36:11,eduroam,20,414.1888372898102,B2-01,0,4
1107,54:F0:B1:BC:36:12,,22,414.1888372898102,B2-01,0,4
1108,54:F0:B1:BC:3F:10,eduroam,35,414.1888372898102,B2-01,0,4
1109,54:F0:B1:BC:65:B0,eduroam,30,414.1888372898102,B2-01,0,4
1110,54:F0:B1:BC:65:B1,PoliSemFio,34,414.1888372898102,B2-01,0,4
1111,54:F0:B1:BC:65:B2,,34,414.1888372898102,B2-01,0,4
1112,54:F0:B1:BC:70:00,eduroam,52,414.1888372898102,B2-01,0,4
1113,54:F0:B1:BC:70:01,PoliSemFio,27,414.1888372898102,B2-01,0,4
1114,54:F0:B1:BC:70:02,,47,414.1888372898102,B2-01,0,4
1115,54:F0:B1:BC:70:20,eduroam,14,414.1888372898102,B2-01,0,4
1116,54:F0:B1:BC:77:80,eduroam,44,414.1888372898102,B2-01,0,4
1117,54:F0:B1:BC:77:81,PoliSemFio,49,414.1888372898102,B2-01,0,4
1118,54:F0:B1:BC:77:82,,45,414.1888372898102,B2-01,0,4
1119,54:F0:B1:BC:77:A0,eduroam,14,414.1888372898102,B2-01,0,4
1120,54:F0:B1:BC:77:A1,PoliSemFio,15,414.1888372898102,B2-01,0,4
1121,68:FF:7B:47:78:BE,C1-22M,45,414.1888372898102,B2-01,0,4
1122,70:62:B8:6E:72:A0,PCS-wireless-C1-13,34,414.1888372898102,B2-01,0,4
1123,84:D4:7E:06:4F:E0,eduroam,40,414.1888372898102,B2-01,0,4
1124,84:D4:7E:06:4F:E1,PoliSemFio,42,414.1888372898102,B2-01,0,4
1125,84:D4:7E:06:4F:E2,,44,414.1888372898102,B2-01,0,4
1126,84:D4:7E:06:4F:F0,eduroam,24,414.1888372898102,B2-01,0,4
1127,84:D4:7E:06:4F:F1,PoliSemFio,24,414.1888372898102,B2-01,0,4
1128,AA:6B:AD:82:46:CC,DIRECT-cc-HP M132f LaserJet,20,414.1888372898102,B2-01,0,4
1129,B0:4E:26:4B:84:C2,C2-01,24,414.1888372898102,B2-01,0,4
1130,DE:9F:DB:1C:1F:E0,LARC Guest,22,414.1888372898102,B2-01,0,4
1131,F8:1A:67:99:55:8E,NUCLEAR_CHF,20,414.1888372898102,B2-01,0,4
1132,FE:9F:DB:1C:1F:E0,,29,414.1888372898102,B2-01,0,4
1133,00:18:E7:FF:8C:98,dlink,19,420.4328694343567,B2-01,0,4
1134,00:21:91:70:9D:EC,LAB-DIDATICO,29,420.4328694343567,B2-01,0,4
1135,2A:56:5A:49:06:54,DIRECT-54-HP M132f LaserJet,22,420.4328694343567,B2-01,0,4
1136,34:60:F9:A3:D9:13,GASWIFI-5G_C2,15,420.4328694343567,B2-01,0,4
1137,34:60:F9:A3:D9:14,GASWIFI-2G_C2,42,420.4328694343567,B2-01,0,4
1138,34:60:F9:A3:E7:3F,GASWIFI_C4,30,420.4328694343567,B2-01,0,4
1139,34:CE:00:51:3E:6F,Lab,59,420.4328694343567,B2-01,0,4
1140,34:CE:00:51:3E:70,Lab_5G,29,420.4328694343567,B2-01,0,4
1141,3A:60:F9:A3:D9:13,,20,420.4328694343567,B2-01,0,4
1142,3A:60:F9:A3:D9:14,,40,420.4328694343567,B2-01,0,4
1143,44:D2:44:DC:2E:01,PROJETOR_B2-06-EC89sIpciG1AUef,54,420.4328694343567,B2-01,0,4
1144,48:00:20:34:D2:40,eduroam,25,420.4328694343567,B2-01,0,4
1145,54:B8:0A:AA:2C:8C,LAB_DIGITAL,27,420.4328694343567,B2-01,0,4
1146,54:B8:0A:AA:2C:8D,PCS-Wireless,30,420.4328694343567,B2-01,0,4
1147,54:F0:B1:A1:18:C0,eduroam,22,420.4328694343567,B2-01,0,4
1148,54:F0:B1:A1:18:C1,PoliSemFio,22,420.4328694343567,B2-01,0,4
1149,54:F0:B1:A1:18:C3,MEZANINO,12,420.4328694343567,B2-01,0,4
1150,54:F0:B1:A1:18:C4,GDLAB,14,420.4328694343567,B2-01,0,4
1151,54:F0:B1:A1:18:C5,LABPAD,14,420.4328694343567,B2-01,0,4
1152,54:F0:B1:A1:18:D0,eduroam,35,420.4328694343567,B2-01,0,4
1153,54:F0:B1:A1:18:D1,PoliSemFio,29,420.4328694343567,B2-01,0,4
1154,54:F0:B1:A1:18:D2,,27,420.4328694343567,B2-01,0,4
1155,54:F0:B1:A1:18:D3,MEZANINO,35,420.4328694343567,B2-01,0,4
1156,54:F0:B1:A1:18:D4,GDLAB,29,420.4328694343567,B2-01,0,4
1157,54:F0:B1:A1:18:D5,LABPAD,25,420.4328694343567,B2-01,0,4
1158,54:F0:B1:A1:58:00,eduroam,22,420.4328694343567,B2-01,0,4
1159,54:F0:B1:A1:58:01,PoliSemFio,35,420.4328694343567,B2-01,0,4
1160,54:F0:B1:A1:58:02,,30,420.4328694343567,B2-01,0,4
1161,54:F0:B1:A2:37:E0,eduroam,22,420.4328694343567,B2-01,0,4
1162,54:F0:B1:A2:56:72,,27,420.4328694343567,B2-01,0,4
1163,54:F0:B1:A2:57:32,,25,420.4328694343567,B2-01,0,4
1164,54:F0:B1:BB:5A:80,eduroam,29,420.4328694343567,B2-01,0,4
1165,54:F0:B1:BB:5A:82,HACKER,27,420.4328694343567,B2-01,0,4
1166,54:F0:B1:BB:5A:83,LEP,22,420.4328694343567,B2-01,0,4
1167,54:F0:B1:BB:80:C0,eduroam,24,420.4328694343567,B2-01,0,4
1168,54:F0:B1:BB:80:C3,LABPROG,27,420.4328694343567,B2-01,0,4
1169,54:F0:B1:BB:84:D0,eduroam,12,420.4328694343567,B2-01,0,4
1170,54:F0:B1:BB:84:D1,PoliSemFio,14,420.4328694343567,B2-01,0,4
1171,54:F0:B1:BB:92:C2,,25,420.4328694343567,B2-01,0,4
1172,54:F0:B1:BB:BE:13,CAEEL,14,420.4328694343567,B2-01,0,4
1173,54:F0:B1:BB:C4:D0,eduroam,29,420.4328694343567,B2-01,0,4
1174,54:F0:B1:BB:C4:F0,eduroam,30,420.4328694343567,B2-01,0,4
1175,54:F0:B1:BB:C4:F1,PoliSemFio,30,420.4328694343567,B2-01,0,4
1176,54:F0:B1:BB:C4:F2,,35,420.4328694343567,B2-01,0,4
1177,54:F0:B1:BB:CD:A0,eduroam,20,420.4328694343567,B2-01,0,4
1178,54:F0:B1:BB:FD:D0,eduroam,25,420.4328694343567,B2-01,0,4
1179,54:F0:B1:BB:FD:D1,PoliSemFio,20,420.4328694343567,B2-01,0,4
1180,54:F0:B1:BB:FD:D2,,19,420.4328694343567,B2-01,0,4
1181,54:F0:B1:BC:09:40,eduroam,80,420.4328694343567,B2-01,0,4
1182,54:F0:B1:BC:09:41,PoliSemFio,82,420.4328694343567,B2-01,0,4
1183,54:F0:B1:BC:09:42,,82,420.4328694343567,B2-01,0,4
1184,54:F0:B1:BC:09:60,eduroam,63,420.4328694343567,B2-01,0,4
1185,54:F0:B1:BC:09:61,PoliSemFio,72,420.4328694343567,B2-01,0,4
1186,54:F0:B1:BC:1B:D0,eduroam,50,420.4328694343567,B2-01,0,4
1187,54:F0:B1:BC:1B:D1,PoliSemFio,64,420.4328694343567,B2-01,0,4
1188,54:F0:B1:BC:1B:D2,,79,420.4328694343567,B2-01,0,4
1189,54:F0:B1:BC:1B:F0,eduroam,17,420.4328694343567,B2-01,0,4
1190,54:F0:B1:BC:1B:F1,PoliSemFio,19,420.4328694343567,B2-01,0,4
1191,54:F0:B1:BC:2E:90,eduroam,77,420.4328694343567,B2-01,0,4
1192,54:F0:B1:BC:2E:91,PoliSemFio,80,420.4328694343567,B2-01,0,4
1193,54:F0:B1:BC:2E:92,,57,420.4328694343567,B2-01,0,4
1194,54:F0:B1:BC:2E:B0,eduroam,34,420.4328694343567,B2-01,0,4
1195,54:F0:B1:BC:2E:B1,PoliSemFio,34,420.4328694343567,B2-01,0,4
1196,54:F0:B1:BC:2F:50,eduroam,14,420.4328694343567,B2-01,0,4
1197,54:F0:B1:BC:36:10,PoliSemFio,25,420.4328694343567,B2-01,0,4
1198,54:F0:B1:BC:36:11,eduroam,14,420.4328694343567,B2-01,0,4
1199,54:F0:B1:BC:36:12,,22,420.4328694343567,B2-01,0,4
1200,54:F0:B1:BC:3F:10,eduroam,44,420.4328694343567,B2-01,0,4
1201,54:F0:B1:BC:65:B0,eduroam,30,420.4328694343567,B2-01,0,4
1202,54:F0:B1:BC:65:B1,PoliSemFio,32,420.4328694343567,B2-01,0,4
1203,54:F0:B1:BC:65:B2,,34,420.4328694343567,B2-01,0,4
1204,54:F0:B1:BC:70:00,eduroam,52,420.4328694343567,B2-01,0,4
1205,54:F0:B1:BC:70:01,PoliSemFio,27,420.4328694343567,B2-01,0,4
1206,54:F0:B1:BC:70:02,,47,420.4328694343567,B2-01,0,4
1207,54:F0:B1:BC:70:20,eduroam,14,420.4328694343567,B2-01,0,4
1208,54:F0:B1:BC:77:80,eduroam,44,420.4328694343567,B2-01,0,4
1209,54:F0:B1:BC:77:81,PoliSemFio,49,420.4328694343567,B2-01,0,4
1210,54:F0:B1:BC:77:82,,44,420.4328694343567,B2-01,0,4
1211,54:F0:B1:BC:77:A0,eduroam,19,420.4328694343567,B2-01,0,4
1212,54:F0:B1:BC:77:A1,PoliSemFio,20,420.4328694343567,B2-01,0,4
1213,68:FF:7B:47:78:BE,C1-22M,39,420.4328694343567,B2-01,0,4
1214,70:62:B8:6E:72:A0,PCS-wireless-C1-13,37,420.4328694343567,B2-01,0,4
1215,70:62:B8:6E:72:A1,PPGEE,34,420.4328694343567,B2-01,0,4
1216,84:D4:7E:06:4F:E0,eduroam,70,420.4328694343567,B2-01,0,4
1217,84:D4:7E:06:4F:E1,PoliSemFio,62,420.4328694343567,B2-01,0,4
1218,84:D4:7E:06:4F:E2,,44,420.4328694343567,B2-01,0,4
1219,84:D4:7E:06:4F:F0,eduroam,30,420.4328694343567,B2-01,0,4
1220,84:D4:7E:06:4F:F1,PoliSemFio,30,420.4328694343567,B2-01,0,4
1221,AA:6B:AD:82:46:CC,DIRECT-cc-HP M132f LaserJet,25,420.4328694343567,B2-01,0,4
1222,B0:4E:26:4B:84:C2,C2-01,24,420.4328694343567,B2-01,0,4
1223,DC:9F:DB:1C:1F:D7,LWN-3,22,420.4328694343567,B2-01,0,4
1224,DC:9F:DB:1C:1F:E0,LWN-3,32,420.4328694343567,B2-01,0,4
1225,DE:9F:DB:1C:1F:E0,LARC Guest,32,420.4328694343567,B2-01,0,4
1226,F8:1A:67:99:55:8E,NUCLEAR_CHF,29,420.4328694343567,B2-01,0,4
1227,FE:9F:DB:1C:1F:D7,,22,420.4328694343567,B2-01,0,4
1228,FE:9F:DB:1C:1F:E0,,29,420.4328694343567,B2-01,0,4
1229,00:18:E7:FF:8C:98,dlink,19,426.66552734375,B2-01,0,4
1230,2A:56:5A:49:06:54,DIRECT-54-HP M132f LaserJet,22,426.66552734375,B2-01,0,4
1231,34:60:F9:A3:D9:13,GASWIFI-5G_C2,24,426.66552734375,B2-01,0,4
1232,34:60:F9:A3:D9:14,GASWIFI-2G_C2,42,426.66552734375,B2-01,0,4
1233,34:60:F9:A3:E7:3F,GASWIFI_C4,30,426.66552734375,B2-01,0,4
1234,34:CE:00:51:3E:6F,Lab,34,426.66552734375,B2-01,0,4
1235,34:CE:00:51:3E:70,Lab_5G,15,426.66552734375,B2-01,0,4
1236,3A:60:F9:A3:D9:13,,20,426.66552734375,B2-01,0,4
1237,3A:60:F9:A3:D9:14,,40,426.66552734375,B2-01,0,4
1238,44:D2:44:DC:2E:01,PROJETOR_B2-06-EC89sIpciG1AUef,32,426.66552734375,B2-01,0,4
1239,54:B8:0A:AA:2C:8C,LAB_DIGITAL,24,426.66552734375,B2-01,0,4
1240,54:B8:0A:AA:2C:8D,PCS-Wireless,24,426.66552734375,B2-01,0,4
1241,54:F0:B1:A1:18:C0,eduroam,22,426.66552734375,B2-01,0,4
1242,54:F0:B1:A1:18:C1,PoliSemFio,22,426.66552734375,B2-01,0,4
1243,54:F0:B1:A1:18:C3,MEZANINO,12,426.66552734375,B2-01,0,4
1244,54:F0:B1:A1:18:C4,GDLAB,14,426.66552734375,B2-01,0,4
1245,54:F0:B1:A1:18:C5,LABPAD,14,426.66552734375,B2-01,0,4
1246,54:F0:B1:A1:18:D0,eduroam,35,426.66552734375,B2-01,0,4
1247,54:F0:B1:A1:18:D1,PoliSemFio,29,426.66552734375,B2-01,0,4
1248,54:F0:B1:A1:18:D2,,27,426.66552734375,B2-01,0,4
1249,54:F0:B1:A1:18:D3,MEZANINO,20,426.66552734375,B2-01,0,4
1250,54:F0:B1:A1:18:D4,GDLAB,29,426.66552734375,B2-01,0,4
1251,54:F0:B1:A1:18:D5,LABPAD,25,426.66552734375,B2-01,0,4
1252,54:F0:B1:A1:58:00,eduroam,27,426.66552734375,B2-01,0,4
1253,54:F0:B1:A1:58:01,PoliSemFio,35,426.66552734375,B2-01,0,4
1254,54:F0:B1:A1:58:02,,30,426.66552734375,B2-01,0,4
1255,54:F0:B1:A2:37:E0,eduroam,22,426.66552734375,B2-01,0,4
1256,54:F0:B1:A2:56:72,,27,426.66552734375,B2-01,0,4
1257,54:F0:B1:A2:57:32,,25,426.66552734375,B2-01,0,4
1258,54:F0:B1:BB:5A:80,eduroam,27,426.66552734375,B2-01,0,4
1259,54:F0:B1:BB:5A:83,LEP,22,426.66552734375,B2-01,0,4
1260,54:F0:B1:BB:80:C0,eduroam,24,426.66552734375,B2-01,0,4
1261,54:F0:B1:BB:80:C3,LABPROG,27,426.66552734375,B2-01,0,4
1262,54:F0:B1:BB:84:D0,eduroam,12,426.66552734375,B2-01,0,4
1263,54:F0:B1:BB:84:D1,PoliSemFio,14,426.66552734375,B2-01,0,4
1264,54:F0:B1:BB:BE:13,CAEEL,14,426.66552734375,B2-01,0,4
1265,54:F0:B1:BB:C4:D0,eduroam,29,426.66552734375,B2-01,0,4
1266,54:F0:B1:BB:C4:F0,eduroam,30,426.66552734375,B2-01,0,4
1267,54:F0:B1:BB:C4:F1,PoliSemFio,30,426.66552734375,B2-01,0,4
1268,54:F0:B1:BB:C4:F2,,29,426.66552734375,B2-01,0,4
1269,54:F0:B1:BB:FD:D0,eduroam,22,426.66552734375,B2-01,0,4
1270,54:F0:B1:BB:FD:D1,PoliSemFio,20,426.66552734375,B2-01,0,4
1271,54:F0:B1:BB:FD:D2,,19,426.66552734375,B2-01,0,4
1272,54:F0:B1:BC:09:40,eduroam,82,426.66552734375,B2-01,0,4
1273,54:F0:B1:BC:09:41,PoliSemFio,77,426.66552734375,B2-01,0,4
1274,54:F0:B1:BC:09:42,,82,426.66552734375,B2-01,0,4
1275,54:F0:B1:BC:09:60,eduroam,85,426.66552734375,B2-01,0,4
1276,54:F0:B1:BC:09:61,PoliSemFio,85,426.66552734375,B2-01,0,4
1277,54:F0:B1:BC:1B:D0,eduroam,50,426.66552734375,B2-01,0,4
1278,54:F0:B1:BC:1B:D1,PoliSemFio,49,426.66552734375,B2-01,0,4
1279,54:F0:B1:BC:1B:D2,,47,426.66552734375,B2-01,0,4
1280,54:F0:B1:BC:1B:F0,eduroam,24,426.66552734375,B2-01,0,4
1281,54:F0:B1:BC:1B:F1,PoliSemFio,20,426.66552734375,B2-01,0,4
1282,54:F0:B1:BC:2E:90,eduroam,77,426.66552734375,B2-01,0,4
1283,54:F0:B1:BC:2E:91,PoliSemFio,80,426.66552734375,B2-01,0,4
1284,54:F0:B1:BC:2E:92,,57,426.66552734375,B2-01,0,4
1285,54:F0:B1:BC:2E:B0,eduroam,25,426.66552734375,B2-01,0,4
1286,54:F0:B1:BC:2E:B1,PoliSemFio,27,426.66552734375,B2-01,0,4
1287,54:F0:B1:BC:2F:50,eduroam,14,426.66552734375,B2-01,0,4
1288,54:F0:B1:BC:36:10,PoliSemFio,25,426.66552734375,B2-01,0,4
1289,54:F0:B1:BC:36:11,eduroam,14,426.66552734375,B2-01,0,4
1290,54:F0:B1:BC:3F:10,eduroam,27,426.66552734375,B2-01,0,4
1291,54:F0:B1:BC:65:B0,eduroam,19,426.66552734375,B2-01,0,4
1292,54:F0:B1:BC:65:B1,PoliSemFio,32,426.66552734375,B2-01,0,4
1293,54:F0:B1:BC:65:B2,,34,426.66552734375,B2-01,0,4
1294,54:F0:B1:BC:70:00,eduroam,25,426.66552734375,B2-01,0,4
1295,54:F0:B1:BC:70:01,PoliSemFio,27,426.66552734375,B2-01,0,4
1296,54:F0:B1:BC:70:02,,47,426.66552734375,B2-01,0,4
1297,54:F0:B1:BC:70:20,eduroam,14,426.66552734375,B2-01,0,4
1298,54:F0:B1:BC:77:80,eduroam,44,426.66552734375,B2-01,0,4
1299,54:F0:B1:BC:77:81,PoliSemFio,49,426.66552734375,B2-01,0,4
1300,54:F0:B1:BC:77:82,,44,426.66552734375,B2-01,0,4
1301,54:F0:B1:BC:77:A0,eduroam,17,426.66552734375,B2-01,0,4
1302,54:F0:B1:BC:77:A1,PoliSemFio,17,426.66552734375,B2-01,0,4
1303,68:FF:7B:47:78:BE,C1-22M,35,426.66552734375,B2-01,0,4
1304,70:62:B8:6E:72:A0,PCS-wireless-C1-13,24,426.66552734375,B2-01,0,4
1305,70:62:B8:6E:72:A1,PPGEE,34,426.66552734375,B2-01,0,4
1306,84:D4:7E:06:4F:E0,eduroam,44,426.66552734375,B2-01,0,4
1307,84:D4:7E:06:4F:E1,PoliSemFio,45,426.66552734375,B2-01,0,4
1308,84:D4:7E:06:4F:E2,,44,426.66552734375,B2-01,0,4
1309,84:D4:7E:06:4F:F0,eduroam,32,426.66552734375,B2-01,0,4
1310,84:D4:7E:06:4F:F1,PoliSemFio,32,426.66552734375,B2-01,0,4
1311,AA:6B:AD:82:46:CC,DIRECT-cc-HP M132f LaserJet,25,426.66552734375,B2-01,0,4
1312,B0:4E:26:4B:84:C2,C2-01,24,426.66552734375,B2-01,0,4
1313,DC:9F:DB:1C:1F:D7,LWN-3,22,426.66552734375,B2-01,0,4
1314,DC:9F:DB:1C:1F:E0,LWN-3,32,426.66552734375,B2-01,0,4
1315,DE:9F:DB:1C:1F:E0,LARC Guest,32,426.66552734375,B2-01,0,4
1316,F8:1A:67:99:55:8E,NUCLEAR_CHF,29,426.66552734375,B2-01,0,4
1317,FE:9F:DB:1C:1F:D7,,22,426.66552734375,B2-01,0,4
1318,00:18:E7:FF:8C:98,dlink,19,432.90257477760315,B2-01,0,4
1319,2A:56:5A:49:06:54,DIRECT-54-HP M132f LaserJet,22,432.90257477760315,B2-01,0,4
1320,34:60:F9:A3:D9:13,GASWIFI-5G_C2,24,432.90257477760315,B2-01,0,4
1321,34:60:F9:A3:D9:14,GASWIFI-2G_C2,42,432.90257477760315,B2-01,0,4
1322,34:60:F9:A3:E7:3F,GASWIFI_C4,30,432.90257477760315,B2-01,0,4
1323,34:CE:00:51:3E:6F,Lab,34,432.90257477760315,B2-01,0,4
1324,34:CE:00:51:3E:70,Lab_5G,15,432.90257477760315,B2-01,0,4
1325,3A:60:F9:A3:D9:13,,20,432.90257477760315,B2-01,0,4
1326,3A:60:F9:A3:D9:14,,40,432.90257477760315,B2-01,0,4
1327,44:D2:44:DC:2E:01,PROJETOR_B2-06-EC89sIpciG1AUef,32,432.90257477760315,B2-01,0,4
1328,54:B8:0A:AA:2C:8C,LAB_DIGITAL,24,432.90257477760315,B2-01,0,4
1329,54:B8:0A:AA:2C:8D,PCS-Wireless,24,432.90257477760315,B2-01,0,4
1330,54:F0:B1:A1:18:C0,eduroam,22,432.90257477760315,B2-01,0,4
1331,54:F0:B1:A1:18:C1,PoliSemFio,22,432.90257477760315,B2-01,0,4
1332,54:F0:B1:A1:18:C3,MEZANINO,12,432.90257477760315,B2-01,0,4
1333,54:F0:B1:A1:18:C4,GDLAB,14,432.90257477760315,B2-01,0,4
1334,54:F0:B1:A1:18:C5,LABPAD,14,432.90257477760315,B2-01,0,4
1335,54:F0:B1:A1:18:D0,eduroam,35,432.90257477760315,B2-01,0,4
1336,54:F0:B1:A1:18:D1,PoliSemFio,29,432.90257477760315,B2-01,0,4
1337,54:F0:B1:A1:18:D2,,27,432.90257477760315,B2-01,0,4
1338,54:F0:B1:A1:18:D3,MEZANINO,20,432.90257477760315,B2-01,0,4
1339,54:F0:B1:A1:18:D4,GDLAB,29,432.90257477760315,B2-01,0,4
1340,54:F0:B1:A1:18:D5,LABPAD,25,432.90257477760315,B2-01,0,4
1341,54:F0:B1:A1:58:00,eduroam,27,432.90257477760315,B2-01,0,4
1342,54:F0:B1:A1:58:01,PoliSemFio,35,432.90257477760315,B2-01,0,4
1343,54:F0:B1:A1:58:02,,30,432.90257477760315,B2-01,0,4
1344,54:F0:B1:A2:37:E0,eduroam,22,432.90257477760315,B2-01,0,4
1345,54:F0:B1:A2:56:72,,27,432.90257477760315,B2-01,0,4
1346,54:F0:B1:A2:57:32,,25,432.90257477760315,B2-01,0,4
1347,54:F0:B1:BB:5A:80,eduroam,27,432.90257477760315,B2-01,0,4
1348,54:F0:B1:BB:5A:83,LEP,22,432.90257477760315,B2-01,0,4
1349,54:F0:B1:BB:80:C0,eduroam,24,432.90257477760315,B2-01,0,4
1350,54:F0:B1:BB:80:C3,LABPROG,27,432.90257477760315,B2-01,0,4
1351,54:F0:B1:BB:84:D0,eduroam,12,432.90257477760315,B2-01,0,4
1352,54:F0:B1:BB:84:D1,PoliSemFio,14,432.90257477760315,B2-01,0,4
1353,54:F0:B1:BB:BE:13,CAEEL,14,432.90257477760315,B2-01,0,4
1354,54:F0:B1:BB:C4:D0,eduroam,29,432.90257477760315,B2-01,0,4
1355,54:F0:B1:BB:C4:F0,eduroam,30,432.90257477760315,B2-01,0,4
1356,54:F0:B1:BB:C4:F1,PoliSemFio,30,432.90257477760315,B2-01,0,4
1357,54:F0:B1:BB:C4:F2,,29,432.90257477760315,B2-01,0,4
1358,54:F0:B1:BB:FD:D0,eduroam,22,432.90257477760315,B2-01,0,4
1359,54:F0:B1:BB:FD:D1,PoliSemFio,20,432.90257477760315,B2-01,0,4
1360,54:F0:B1:BB:FD:D2,,19,432.90257477760315,B2-01,0,4
1361,54:F0:B1:BC:09:40,eduroam,82,432.90257477760315,B2-01,0,4
1362,54:F0:B1:BC:09:41,PoliSemFio,77,432.90257477760315,B2-01,0,4
1363,54:F0:B1:BC:09:42,,82,432.90257477760315,B2-01,0,4
1364,54:F0:B1:BC:09:60,eduroam,77,432.90257477760315,B2-01,0,4
1365,54:F0:B1:BC:09:61,PoliSemFio,85,432.90257477760315,B2-01,0,4
1366,54:F0:B1:BC:1B:D0,eduroam,50,432.90257477760315,B2-01,0,4
1367,54:F0:B1:BC:1B:D1,PoliSemFio,49,432.90257477760315,B2-01,0,4
1368,54:F0:B1:BC:1B:D2,,47,432.90257477760315,B2-01,0,4
1369,54:F0:B1:BC:1B:F0,eduroam,24,432.90257477760315,B2-01,0,4
1370,54:F0:B1:BC:1B:F1,PoliSemFio,20,432.90257477760315,B2-01,0,4
1371,54:F0:B1:BC:2E:90,eduroam,77,432.90257477760315,B2-01,0,4
1372,54:F0:B1:BC:2E:91,PoliSemFio,80,432.90257477760315,B2-01,0,4
1373,54:F0:B1:BC:2E:92,,57,432.90257477760315,B2-01,0,4
1374,54:F0:B1:BC:2E:B0,eduroam,25,432.90257477760315,B2-01,0,4
1375,54:F0:B1:BC:2E:B1,PoliSemFio,27,432.90257477760315,B2-01,0,4
1376,54:F0:B1:BC:2F:50,eduroam,14,432.90257477760315,B2-01,0,4
1377,54:F0:B1:BC:36:10,PoliSemFio,25,432.90257477760315,B2-01,0,4
1378,54:F0:B1:BC:36:11,eduroam,14,432.90257477760315,B2-01,0,4
1379,54:F0:B1:BC:3F:10,eduroam,27,432.90257477760315,B2-01,0,4
1380,54:F0:B1:BC:65:B0,eduroam,19,432.90257477760315,B2-01,0,4
1381,54:F0:B1:BC:65:B1,PoliSemFio,32,432.90257477760315,B2-01,0,4
1382,54:F0:B1:BC:65:B2,,34,432.90257477760315,B2-01,0,4
1383,54:F0:B1:BC:70:00,eduroam,25,432.90257477760315,B2-01,0,4
1384,54:F0:B1:BC:70:01,PoliSemFio,27,432.90257477760315,B2-01,0,4
1385,54:F0:B1:BC:70:02,,47,432.90257477760315,B2-01,0,4
1386,54:F0:B1:BC:70:20,eduroam,14,432.90257477760315,B2-01,0,4
1387,54:F0:B1:BC:77:80,eduroam,44,432.90257477760315,B2-01,0,4
1388,54:F0:B1:BC:77:81,PoliSemFio,49,432.90257477760315,B2-01,0,4
1389,54:F0:B1:BC:77:82,,44,432.90257477760315,B2-01,0,4
1390,54:F0:B1:BC:77:A0,eduroam,17,432.90257477760315,B2-01,0,4
1391,54:F0:B1:BC:77:A1,PoliSemFio,17,432.90257477760315,B2-01,0,4
1392,68:FF:7B:47:78:BE,C1-22M,35,432.90257477760315,B2-01,0,4
1393,70:62:B8:6E:72:A0,PCS-wireless-C1-13,24,432.90257477760315,B2-01,0,4
1394,70:62:B8:6E:72:A1,PPGEE,34,432.90257477760315,B2-01,0,4
1395,84:D4:7E:06:4F:E0,eduroam,44,432.90257477760315,B2-01,0,4
1396,84:D4:7E:06:4F:E1,PoliSemFio,45,432.90257477760315,B2-01,0,4
1397,84:D4:7E:06:4F:E2,,44,432.90257477760315,B2-01,0,4
1398,84:D4:7E:06:4F:F0,eduroam,32,432.90257477760315,B2-01,0,4
1399,84:D4:7E:06:4F:F1,PoliSemFio,32,432.90257477760315,B2-01,0,4
1400,AA:6B:AD:82:46:CC,DIRECT-cc-HP M132f LaserJet,25,432.90257477760315,B2-01,0,4
1401,B0:4E:26:4B:84:C2,C2-01,24,432.90257477760315,B2-01,0,4
1402,DC:9F:DB:1C:1F:D7,LWN-3,22,432.90257477760315,B2-01,0,4
1403,DC:9F:DB:1C:1F:E0,LWN-3,32,432.90257477760315,B2-01,0,4
1404,DE:9F:DB:1C:1F:E0,LARC Guest,32,432.90257477760315,B2-01,0,4
1405,F8:1A:67:99:55:8E,NUCLEAR_CHF,29,432.90257477760315,B2-01,0,4
1406,FE:9F:DB:1C:1F:D7,,22,432.90257477760315,B2-01,0,4
1407,30:85:A9:69:F2:E4,PCS-Wireless-C2-22,32,435.54764008522034,B2-01,0,4
1408,34:60:F9:A3:D9:13,GASWIFI-5G_C2,24,435.54764008522034,B2-01,0,4
1409,34:60:F9:A3:D9:14,GASWIFI-2G_C2,42,435.54764008522034,B2-01,0,4
1410,34:60:F9:A3:E7:3F,GASWIFI_C4,30,435.54764008522034,B2-01,0,4
1411,34:CE:00:51:3E:6F,Lab,59,435.54764008522034,B2-01,0,4
1412,34:CE:00:51:3E:70,Lab_5G,34,435.54764008522034,B2-01,0,4
1413,3A:60:F9:A3:D9:13,,20,435.54764008522034,B2-01,0,4
1414,3A:60:F9:A3:D9:14,,40,435.54764008522034,B2-01,0,4
1415,44:D2:44:DC:2E:01,PROJETOR_B2-06-EC89sIpciG1AUef,44,435.54764008522034,B2-01,0,4
1416,54:B8:0A:AA:2C:8C,LAB_DIGITAL,29,435.54764008522034,B2-01,0,4
1417,54:B8:0A:AA:2C:8D,PCS-Wireless,29,435.54764008522034,B2-01,0,4
1418,54:F0:B1:A1:18:C0,eduroam,22,435.54764008522034,B2-01,0,4
1419,54:F0:B1:A1:18:C1,PoliSemFio,22,435.54764008522034,B2-01,0,4
1420,54:F0:B1:A1:18:C3,MEZANINO,12,435.54764008522034,B2-01,0,4
1421,54:F0:B1:A1:18:C4,GDLAB,14,435.54764008522034,B2-01,0,4
1422,54:F0:B1:A1:18:C5,LABPAD,14,435.54764008522034,B2-01,0,4
1423,54:F0:B1:A1:18:D0,eduroam,24,435.54764008522034,B2-01,0,4
1424,54:F0:B1:A1:18:D1,PoliSemFio,24,435.54764008522034,B2-01,0,4
1425,54:F0:B1:A1:18:D2,,24,435.54764008522034,B2-01,0,4
1426,54:F0:B1:A1:18:D3,MEZANINO,20,435.54764008522034,B2-01,0,4
1427,54:F0:B1:A1:18:D4,GDLAB,22,435.54764008522034,B2-01,0,4
1428,54:F0:B1:A1:18:D5,LABPAD,20,435.54764008522034,B2-01,0,4
1429,54:F0:B1:A1:58:00,eduroam,27,435.54764008522034,B2-01,0,4
1430,54:F0:B1:A1:58:01,PoliSemFio,35,435.54764008522034,B2-01,0,4
1431,54:F0:B1:A1:58:02,,35,435.54764008522034,B2-01,0,4
1432,54:F0:B1:A2:37:E0,eduroam,15,435.54764008522034,B2-01,0,4
1433,54:F0:B1:A2:56:72,,27,435.54764008522034,B2-01,0,4
1434,54:F0:B1:A2:57:30,eduroam,27,435.54764008522034,B2-01,0,4
1435,54:F0:B1:A2:57:31,PoliSemFio,25,435.54764008522034,B2-01,0,4
1436,54:F0:B1:A2:57:32,,25,435.54764008522034,B2-01,0,4
1437,54:F0:B1:BB:5A:80,eduroam,27,435.54764008522034,B2-01,0,4
1438,54:F0:B1:BB:5A:83,LEP,25,435.54764008522034,B2-01,0,4
1439,54:F0:B1:BB:5A:84,,30,435.54764008522034,B2-01,0,4
1440,54:F0:B1:BB:80:C0,eduroam,24,435.54764008522034,B2-01,0,4
1441,54:F0:B1:BB:80:C3,LABPROG,27,435.54764008522034,B2-01,0,4
1442,54:F0:B1:BB:84:D0,eduroam,12,435.54764008522034,B2-01,0,4
1443,54:F0:B1:BB:84:D1,PoliSemFio,14,435.54764008522034,B2-01,0,4
1444,54:F0:B1:BB:BE:13,CAEEL,12,435.54764008522034,B2-01,0,4
1445,54:F0:B1:BB:C4:D0,eduroam,47,435.54764008522034,B2-01,0,4
1446,54:F0:B1:BB:C4:D1,PoliSemFio,62,435.54764008522034,B2-01,0,4
1447,54:F0:B1:BB:C4:F0,eduroam,44,435.54764008522034,B2-01,0,4
1448,54:F0:B1:BB:C4:F1,PoliSemFio,44,435.54764008522034,B2-01,0,4
1449,54:F0:B1:BB:C4:F2,,44,435.54764008522034,B2-01,0,4
1450,54:F0:B1:BB:F3:20,eduroam,22,435.54764008522034,B2-01,0,4
1451,54:F0:B1:BB:FD:D0,eduroam,22,435.54764008522034,B2-01,0,4
1452,54:F0:B1:BB:FD:D1,PoliSemFio,20,435.54764008522034,B2-01,0,4
1453,54:F0:B1:BB:FD:D2,,19,435.54764008522034,B2-01,0,4
1454,54:F0:B1:BC:09:40,eduroam,97,435.54764008522034,B2-01,0,4
1455,54:F0:B1:BC:09:41,PoliSemFio,77,435.54764008522034,B2-01,0,4
1456,54:F0:B1:BC:09:42,,97,435.54764008522034,B2-01,0,4
1457,54:F0:B1:BC:09:60,eduroam,85,435.54764008522034,B2-01,0,4
1458,54:F0:B1:BC:09:61,PoliSemFio,85,435.54764008522034,B2-01,0,4
1459,54:F0:B1:BC:1B:D0,eduroam,15,435.54764008522034,B2-01,0,4
1460,54:F0:B1:BC:1B:D1,PoliSemFio,49,435.54764008522034,B2-01,0,4
1461,54:F0:B1:BC:1B:D2,,67,435.54764008522034,B2-01,0,4
1462,54:F0:B1:BC:1B:F0,eduroam,37,435.54764008522034,B2-01,0,4
1463,54:F0:B1:BC:1B:F1,PoliSemFio,39,435.54764008522034,B2-01,0,4
1464,54:F0:B1:BC:1B:F2,,39,435.54764008522034,B2-01,0,4
1465,54:F0:B1:BC:2E:90,eduroam,77,435.54764008522034,B2-01,0,4
1466,54:F0:B1:BC:2E:91,PoliSemFio,80,435.54764008522034,B2-01,0,4
1467,54:F0:B1:BC:2E:92,,57,435.54764008522034,B2-01,0,4
1468,54:F0:B1:BC:2E:B0,eduroam,32,435.54764008522034,B2-01,0,4
1469,54:F0:B1:BC:2E:B1,PoliSemFio,34,435.54764008522034,B2-01,0,4
1470,54:F0:B1:BC:2F:50,eduroam,14,435.54764008522034,B2-01,0,4
1471,54:F0:B1:BC:36:11,eduroam,14,435.54764008522034,B2-01,0,4
1472,54:F0:B1:BC:3F:10,eduroam,27,435.54764008522034,B2-01,0,4
1473,54:F0:B1:BC:65:B0,eduroam,19,435.54764008522034,B2-01,0,4
1474,54:F0:B1:BC:65:B1,PoliSemFio,32,435.54764008522034,B2-01,0,4
1475,54:F0:B1:BC:65:B2,,20,435.54764008522034,B2-01,0,4
1476,54:F0:B1:BC:70:00,eduroam,25,435.54764008522034,B2-01,0,4
1477,54:F0:B1:BC:70:02,,45,435.54764008522034,B2-01,0,4
1478,54:F0:B1:BC:70:20,eduroam,14,435.54764008522034,B2-01,0,4
1479,54:F0:B1:BC:77:80,eduroam,44,435.54764008522034,B2-01,0,4
1480,54:F0:B1:BC:77:81,PoliSemFio,42,435.54764008522034,B2-01,0,4
1481,54:F0:B1:BC:77:82,,42,435.54764008522034,B2-01,0,4
1482,54:F0:B1:BC:77:A0,eduroam,24,435.54764008522034,B2-01,0,4
1483,54:F0:B1:BC:77:A1,PoliSemFio,24,435.54764008522034,B2-01,0,4
1484,54:F0:B1:BC:77:A2,,22,435.54764008522034,B2-01,0,4
1485,68:FF:7B:47:78:BE,C1-22M,9,435.54764008522034,B2-01,0,4
1486,70:62:B8:6E:72:A0,PCS-wireless-C1-13,24,435.54764008522034,B2-01,0,4
1487,70:62:B8:6E:72:A1,PPGEE,34,435.54764008522034,B2-01,0,4
1488,84:D4:7E:06:4F:E0,eduroam,49,435.54764008522034,B2-01,0,4
1489,84:D4:7E:06:4F:E1,PoliSemFio,45,435.54764008522034,B2-01,0,4
1490,84:D4:7E:06:4F:E2,,44,435.54764008522034,B2-01,0,4
1491,84:D4:7E:06:4F:F0,eduroam,32,435.54764008522034,B2-01,0,4
1492,84:D4:7E:06:4F:F1,PoliSemFio,32,435.54764008522034,B2-01,0,4
1493,AA:6B:AD:82:46:CC,DIRECT-cc-HP M132f LaserJet,25,435.54764008522034,B2-01,0,4
1494,B0:4E:26:4B:84:C2,C2-01,24,435.54764008522034,B2-01,0,4
1495,DC:9F:DB:1C:1F:D7,LWN-3,20,435.54764008522034,B2-01,0,4
1496,DC:9F:DB:1C:1F:E0,LWN-3,32,435.54764008522034,B2-01,0,4
1497,DE:9F:DB:1C:1F:E0,LARC Guest,32,435.54764008522034,B2-01,0,4
1498,F8:1A:67:99:55:8E,NUCLEAR_CHF,29,435.54764008522034,B2-01,0,4
1499,FE:9F:DB:1C:1F:D7,,22,435.54764008522034,B2-01,0,4
1500,30:85:A9:69:F2:E4,PCS-Wireless-C2-22,32,438.1790945529938,B2-01,0,4
1501,34:60:F9:A3:D9:13,GASWIFI-5G_C2,24,438.1790945529938,B2-01,0,4
1502,34:60:F9:A3:D9:14,GASWIFI-2G_C2,42,438.1790945529938,B2-01,0,4
1503,34:60:F9:A3:E7:3F,GASWIFI_C4,30,438.1790945529938,B2-01,0,4
1504,34:CE:00:51:3E:6F,Lab,59,438.1790945529938,B2-01,0,4
1505,34:CE:00:51:3E:70,Lab_5G,34,438.1790945529938,B2-01,0,4
1506,3A:60:F9:A3:D9:13,,20,438.1790945529938,B2-01,0,4
1507,3A:60:F9:A3:D9:14,,40,438.1790945529938,B2-01,0,4
1508,44:D2:44:DC:2E:01,PROJETOR_B2-06-EC89sIpciG1AUef,44,438.1790945529938,B2-01,0,4
1509,54:B8:0A:AA:2C:8C,LAB_DIGITAL,29,438.1790945529938,B2-01,0,4
1510,54:B8:0A:AA:2C:8D,PCS-Wireless,29,438.1790945529938,B2-01,0,4
1511,54:F0:B1:A1:18:C0,eduroam,22,438.1790945529938,B2-01,0,4
1512,54:F0:B1:A1:18:C1,PoliSemFio,22,438.1790945529938,B2-01,0,4
1513,54:F0:B1:A1:18:C3,MEZANINO,12,438.1790945529938,B2-01,0,4
1514,54:F0:B1:A1:18:C4,GDLAB,14,438.1790945529938,B2-01,0,4
1515,54:F0:B1:A1:18:C5,LABPAD,14,438.1790945529938,B2-01,0,4
1516,54:F0:B1:A1:18:D0,eduroam,24,438.1790945529938,B2-01,0,4
1517,54:F0:B1:A1:18:D1,PoliSemFio,24,438.1790945529938,B2-01,0,4
1518,54:F0:B1:A1:18:D2,,24,438.1790945529938,B2-01,0,4
1519,54:F0:B1:A1:18:D3,MEZANINO,20,438.1790945529938,B2-01,0,4
1520,54:F0:B1:A1:18:D4,GDLAB,22,438.1790945529938,B2-01,0,4
1521,54:F0:B1:A1:18:D5,LABPAD,20,438.1790945529938,B2-01,0,4
1522,54:F0:B1:A1:58:00,eduroam,27,438.1790945529938,B2-01,0,4
1523,54:F0:B1:A1:58:01,PoliSemFio,35,438.1790945529938,B2-01,0,4
1524,54:F0:B1:A1:58:02,,35,438.1790945529938,B2-01,0,4
1525,54:F0:B1:A2:37:E0,eduroam,15,438.1790945529938,B2-01,0,4
1526,54:F0:B1:A2:56:72,,27,438.1790945529938,B2-01,0,4
1527,54:F0:B1:A2:57:30,eduroam,27,438.1790945529938,B2-01,0,4
1528,54:F0:B1:A2:57:31,PoliSemFio,25,438.1790945529938,B2-01,0,4
1529,54:F0:B1:A2:57:32,,25,438.1790945529938,B2-01,0,4
1530,54:F0:B1:BB:5A:80,eduroam,27,438.1790945529938,B2-01,0,4
1531,54:F0:B1:BB:5A:83,LEP,25,438.1790945529938,B2-01,0,4
1532,54:F0:B1:BB:5A:84,,30,438.1790945529938,B2-01,0,4
1533,54:F0:B1:BB:80:C0,eduroam,24,438.1790945529938,B2-01,0,4
1534,54:F0:B1:BB:80:C3,LABPROG,27,438.1790945529938,B2-01,0,4
1535,54:F0:B1:BB:84:D0,eduroam,12,438.1790945529938,B2-01,0,4
1536,54:F0:B1:BB:84:D1,PoliSemFio,14,438.1790945529938,B2-01,0,4
1537,54:F0:B1:BB:BE:13,CAEEL,12,438.1790945529938,B2-01,0,4
1538,54:F0:B1:BB:C4:D0,eduroam,47,438.1790945529938,B2-01,0,4
1539,54:F0:B1:BB:C4:D1,PoliSemFio,62,438.1790945529938,B2-01,0,4
1540,54:F0:B1:BB:C4:F0,eduroam,44,438.1790945529938,B2-01,0,4
1541,54:F0:B1:BB:C4:F1,PoliSemFio,44,438.1790945529938,B2-01,0,4
1542,54:F0:B1:BB:C4:F2,,44,438.1790945529938,B2-01,0,4
1543,54:F0:B1:BB:F3:20,eduroam,22,438.1790945529938,B2-01,0,4
1544,54:F0:B1:BB:FD:D0,eduroam,22,438.1790945529938,B2-01,0,4
1545,54:F0:B1:BB:FD:D1,PoliSemFio,20,438.1790945529938,B2-01,0,4
1546,54:F0:B1:BB:FD:D2,,19,438.1790945529938,B2-01,0,4
1547,54:F0:B1:BC:09:40,eduroam,97,438.1790945529938,B2-01,0,4
1548,54:F0:B1:BC:09:41,PoliSemFio,77,438.1790945529938,B2-01,0,4
1549,54:F0:B1:BC:09:42,,97,438.1790945529938,B2-01,0,4
1550,54:F0:B1:BC:09:60,eduroam,69,438.1790945529938,B2-01,0,4
1551,54:F0:B1:BC:09:61,PoliSemFio,85,438.1790945529938,B2-01,0,4
1552,54:F0:B1:BC:1B:D0,eduroam,15,438.1790945529938,B2-01,0,4
1553,54:F0:B1:BC:1B:D1,PoliSemFio,49,438.1790945529938,B2-01,0,4
1554,54:F0:B1:BC:1B:D2,,67,438.1790945529938,B2-01,0,4
1555,54:F0:B1:BC:1B:F0,eduroam,37,438.1790945529938,B2-01,0,4
1556,54:F0:B1:BC:1B:F1,PoliSemFio,39,438.1790945529938,B2-01,0,4
1557,54:F0:B1:BC:1B:F2,,39,438.1790945529938,B2-01,0,4
1558,54:F0:B1:BC:2E:90,eduroam,77,438.1790945529938,B2-01,0,4
1559,54:F0:B1:BC:2E:91,PoliSemFio,80,438.1790945529938,B2-01,0,4
1560,54:F0:B1:BC:2E:92,,57,438.1790945529938,B2-01,0,4
1561,54:F0:B1:BC:2E:B0,eduroam,32,438.1790945529938,B2-01,0,4
1562,54:F0:B1:BC:2E:B1,PoliSemFio,34,438.1790945529938,B2-01,0,4
1563,54:F0:B1:BC:2F:50,eduroam,14,438.1790945529938,B2-01,0,4
1564,54:F0:B1:BC:36:11,eduroam,14,438.1790945529938,B2-01,0,4
1565,54:F0:B1:BC:3F:10,eduroam,27,438.1790945529938,B2-01,0,4
1566,54:F0:B1:BC:65:B0,eduroam,19,438.1790945529938,B2-01,0,4
1567,54:F0:B1:BC:65:B1,PoliSemFio,32,438.1790945529938,B2-01,0,4
1568,54:F0:B1:BC:65:B2,,20,438.1790945529938,B2-01,0,4
1569,54:F0:B1:BC:70:00,eduroam,25,438.1790945529938,B2-01,0,4
1570,54:F0:B1:BC:70:02,,45,438.1790945529938,B2-01,0,4
1571,54:F0:B1:BC:70:20,eduroam,14,438.1790945529938,B2-01,0,4
1572,54:F0:B1:BC:77:80,eduroam,44,438.1790945529938,B2-01,0,4
1573,54:F0:B1:BC:77:81,PoliSemFio,42,438.1790945529938,B2-01,0,4
1574,54:F0:B1:BC:77:82,,42,438.1790945529938,B2-01,0,4
1575,54:F0:B1:BC:77:A0,eduroam,24,438.1790945529938,B2-01,0,4
1576,54:F0:B1:BC:77:A1,PoliSemFio,24,438.1790945529938,B2-01,0,4
1577,54:F0:B1:BC:77:A2,,22,438.1790945529938,B2-01,0,4
1578,68:FF:7B:47:78:BE,C1-22M,9,438.1790945529938,B2-01,0,4
1579,70:62:B8:6E:72:A0,PCS-wireless-C1-13,24,438.1790945529938,B2-01,0,4
1580,70:62:B8:6E:72:A1,PPGEE,34,438.1790945529938,B2-01,0,4
1581,84:D4:7E:06:4F:E0,eduroam,49,438.1790945529938,B2-01,0,4
1582,84:D4:7E:06:4F:E1,PoliSemFio,45,438.1790945529938,B2-01,0,4
1583,84:D4:7E:06:4F:E2,,44,438.1790945529938,B2-01,0,4
1584,84:D4:7E:06:4F:F0,eduroam,32,438.1790945529938,B2-01,0,4
1585,84:D4:7E:06:4F:F1,PoliSemFio,32,438.1790945529938,B2-01,0,4
1586,AA:6B:AD:82:46:CC,DIRECT-cc-HP M132f LaserJet,25,438.1790945529938,B2-01,0,4
1587,B0:4E:26:4B:84:C2,C2-01,24,438.1790945529938,B2-01,0,4
1588,DC:9F:DB:1C:1F:D7,LWN-3,20,438.1790945529938,B2-01,0,4
1589,DC:9F:DB:1C:1F:E0,LWN-3,32,438.1790945529938,B2-01,0,4
1590,DE:9F:DB:1C:1F:E0,LARC Guest,32,438.1790945529938,B2-01,0,4
1591,F8:1A:67:99:55:8E,NUCLEAR_CHF,29,438.1790945529938,B2-01,0,4
1592,FE:9F:DB:1C:1F:D7,,22,438.1790945529938,B2-01,0,4
1593,30:85:A9:69:F2:E4,PCS-Wireless-C2-22,32,444.4286344051361,B2-01,0,4
1594,34:60:F9:A3:D9:13,GASWIFI-5G_C2,24,444.4286344051361,B2-01,0,4
1595,34:60:F9:A3:D9:14,GASWIFI-2G_C2,24,444.4286344051361,B2-01,0,4
1596,34:60:F9:A3:E7:3F,GASWIFI_C4,30,444.4286344051361,B2-01,0,4
1597,34:CE:00:51:3E:6F,Lab,69,444.4286344051361,B2-01,0,4
1598,34:CE:00:51:3E:70,Lab_5G,24,444.4286344051361,B2-01,0,4
1599,3A:60:F9:A3:D9:13,,20,444.4286344051361,B2-01,0,4
1600,3A:60:F9:A3:D9:14,,22,444.4286344051361,B2-01,0,4
1601,44:D2:44:DC:2E:01,PROJETOR_B2-06-EC89sIpciG1AUef,30,444.4286344051361,B2-01,0,4
1602,54:B8:0A:AA:2C:8C,LAB_DIGITAL,22,444.4286344051361,B2-01,0,4
1603,54:B8:0A:AA:2C:8D,PCS-Wireless,22,444.4286344051361,B2-01,0,4
1604,54:F0:B1:A1:18:C1,PoliSemFio,14,444.4286344051361,B2-01,0,4
1605,54:F0:B1:A1:18:C3,MEZANINO,12,444.4286344051361,B2-01,0,4
1606,54:F0:B1:A1:18:C4,GDLAB,12,444.4286344051361,B2-01,0,4
1607,54:F0:B1:A1:18:C5,LABPAD,12,444.4286344051361,B2-01,0,4
1608,54:F0:B1:A1:18:D0,eduroam,24,444.4286344051361,B2-01,0,4
1609,54:F0:B1:A1:18:D1,PoliSemFio,24,444.4286344051361,B2-01,0,4
1610,54:F0:B1:A1:18:D2,,24,444.4286344051361,B2-01,0,4
1611,54:F0:B1:A1:18:D3,MEZANINO,30,444.4286344051361,B2-01,0,4
1612,54:F0:B1:A1:18:D4,GDLAB,22,444.4286344051361,B2-01,0,4
1613,54:F0:B1:A1:18:D5,LABPAD,20,444.4286344051361,B2-01,0,4
1614,54:F0:B1:A1:58:00,eduroam,29,444.4286344051361,B2-01,0,4
1615,54:F0:B1:A1:58:01,PoliSemFio,30,444.4286344051361,B2-01,0,4
1616,54:F0:B1:A1:58:02,,30,444.4286344051361,B2-01,0,4
1617,54:F0:B1:A2:37:E0,eduroam,15,444.4286344051361,B2-01,0,4
1618,54:F0:B1:A2:56:72,,27,444.4286344051361,B2-01,0,4
1619,54:F0:B1:A2:57:30,eduroam,27,444.4286344051361,B2-01,0,4
1620,54:F0:B1:A2:57:31,PoliSemFio,25,444.4286344051361,B2-01,0,4
1621,54:F0:B1:A2:57:32,,25,444.4286344051361,B2-01,0,4
1622,54:F0:B1:BB:5A:80,eduroam,27,444.4286344051361,B2-01,0,4
1623,54:F0:B1:BB:5A:83,LEP,25,444.4286344051361,B2-01,0,4
1624,54:F0:B1:BB:5A:84,,30,444.4286344051361,B2-01,0,4
1625,54:F0:B1:BB:80:C0,eduroam,24,444.4286344051361,B2-01,0,4
1626,54:F0:B1:BB:80:C3,LABPROG,27,444.4286344051361,B2-01,0,4
1627,54:F0:B1:BB:84:D0,eduroam,12,444.4286344051361,B2-01,0,4
1628,54:F0:B1:BB:84:D1,PoliSemFio,14,444.4286344051361,B2-01,0,4
1629,54:F0:B1:BB:BE:13,CAEEL,12,444.4286344051361,B2-01,0,4
1630,54:F0:B1:BB:C4:D0,eduroam,50,444.4286344051361,B2-01,0,4
1631,54:F0:B1:BB:C4:D1,PoliSemFio,62,444.4286344051361,B2-01,0,4
1632,54:F0:B1:BB:C4:F0,eduroam,32,444.4286344051361,B2-01,0,4
1633,54:F0:B1:BB:C4:F1,PoliSemFio,32,444.4286344051361,B2-01,0,4
1634,54:F0:B1:BB:C4:F2,,32,444.4286344051361,B2-01,0,4
1635,54:F0:B1:BB:F3:20,eduroam,22,444.4286344051361,B2-01,0,4
1636,54:F0:B1:BB:FD:D0,eduroam,22,444.4286344051361,B2-01,0,4
1637,54:F0:B1:BB:FD:D2,,19,444.4286344051361,B2-01,0,4
1638,54:F0:B1:BC:09:40,eduroam,80,444.4286344051361,B2-01,0,4
1639,54:F0:B1:BC:09:41,PoliSemFio,77,444.4286344051361,B2-01,0,4
1640,54:F0:B1:BC:09:42,,97,444.4286344051361,B2-01,0,4
1641,54:F0:B1:BC:09:60,eduroam,92,444.4286344051361,B2-01,0,4
1642,54:F0:B1:BC:09:61,PoliSemFio,92,444.4286344051361,B2-01,0,4
1643,54:F0:B1:BC:1B:D0,eduroam,15,444.4286344051361,B2-01,0,4
1644,54:F0:B1:BC:1B:D1,PoliSemFio,49,444.4286344051361,B2-01,0,4
1645,54:F0:B1:BC:1B:D2,,67,444.4286344051361,B2-01,0,4
1646,54:F0:B1:BC:1B:F0,eduroam,15,444.4286344051361,B2-01,0,4
1647,54:F0:B1:BC:1B:F1,PoliSemFio,17,444.4286344051361,B2-01,0,4
1648,54:F0:B1:BC:1B:F2,,19,444.4286344051361,B2-01,0,4
1649,54:F0:B1:BC:2E:90,eduroam,77,444.4286344051361,B2-01,0,4
1650,54:F0:B1:BC:2E:91,PoliSemFio,80,444.4286344051361,B2-01,0,4
1651,54:F0:B1:BC:2E:92,,57,444.4286344051361,B2-01,0,4
1652,54:F0:B1:BC:2E:B0,eduroam,42,444.4286344051361,B2-01,0,4
1653,54:F0:B1:BC:2E:B1,PoliSemFio,42,444.4286344051361,B2-01,0,4
1654,54:F0:B1:BC:2F:50,eduroam,14,444.4286344051361,B2-01,0,4
1655,54:F0:B1:BC:36:11,eduroam,14,444.4286344051361,B2-01,0,4
1656,54:F0:B1:BC:3F:10,eduroam,27,444.4286344051361,B2-01,0,4
1657,54:F0:B1:BC:65:B0,eduroam,19,444.4286344051361,B2-01,0,4
1658,54:F0:B1:BC:65:B1,PoliSemFio,32,444.4286344051361,B2-01,0,4
1659,54:F0:B1:BC:65:B2,,20,444.4286344051361,B2-01,0,4
1660,54:F0:B1:BC:70:00,eduroam,25,444.4286344051361,B2-01,0,4
1661,54:F0:B1:BC:70:02,,45,444.4286344051361,B2-01,0,4
1662,54:F0:B1:BC:77:80,eduroam,44,444.4286344051361,B2-01,0,4
1663,54:F0:B1:BC:77:81,PoliSemFio,42,444.4286344051361,B2-01,0,4
1664,54:F0:B1:BC:77:82,,42,444.4286344051361,B2-01,0,4
1665,54:F0:B1:BC:77:A0,eduroam,20,444.4286344051361,B2-01,0,4
1666,54:F0:B1:BC:77:A1,PoliSemFio,20,444.4286344051361,B2-01,0,4
1667,54:F0:B1:BC:77:A2,,19,444.4286344051361,B2-01,0,4
1668,68:FF:7B:47:78:BE,C1-22M,9,444.4286344051361,B2-01,0,4
1669,70:62:B8:6E:72:A0,PCS-wireless-C1-13,34,444.4286344051361,B2-01,0,4
1670,70:62:B8:6E:72:A1,PPGEE,34,444.4286344051361,B2-01,0,4
1671,84:D4:7E:06:4F:E0,eduroam,49,444.4286344051361,B2-01,0,4
1672,84:D4:7E:06:4F:E1,PoliSemFio,45,444.4286344051361,B2-01,0,4
1673,84:D4:7E:06:4F:E2,,44,444.4286344051361,B2-01,0,4
1674,84:D4:7E:06:4F:F0,eduroam,32,444.4286344051361,B2-01,0,4
1675,84:D4:7E:06:4F:F1,PoliSemFio,32,444.4286344051361,B2-01,0,4
1676,AA:6B:AD:82:46:CC,DIRECT-cc-HP M132f LaserJet,25,444.4286344051361,B2-01,0,4
1677,DC:9F:DB:1C:1F:D7,LWN-3,20,444.4286344051361,B2-01,0,4
1678,DC:9F:DB:1C:1F:E0,LWN-3,30,444.4286344051361,B2-01,0,4
1679,DE:9F:DB:1C:1F:E0,LARC Guest,32,444.4286344051361,B2-01,0,4
1680,EE:9F:DB:1C:1F:E0,,30,444.4286344051361,B2-01,0,4
1681,F8:1A:67:99:55:8E,NUCLEAR_CHF,29,444.4286344051361,B2-01,0,4
1682,FE:9F:DB:1C:1F:D7,,22,444.4286344051361,B2-01,0,4
1683,FE:9F:DB:1C:1F:E0,,30,444.4286344051361,B2-01,0,4
1684,30:85:A9:69:F2:E4,PCS-Wireless-C2-22,32,450.69118547439575,B2-01,0,4
1685,34:60:F9:A3:D9:13,GASWIFI-5G_C2,19,450.69118547439575,B2-01,0,4
1686,34:60:F9:A3:D9:14,GASWIFI-2G_C2,29,450.69118547439575,B2-01,0,4
1687,34:60:F9:A3:E7:3F,GASWIFI_C4,30,450.69118547439575,B2-01,0,4
1688,34:CE:00:51:3E:6F,Lab,64,450.69118547439575,B2-01,0,4
1689,34:CE:00:51:3E:70,Lab_5G,14,450.69118547439575,B2-01,0,4
1690,3A:60:F9:A3:D9:13,,19,450.69118547439575,B2-01,0,4
1691,3A:60:F9:A3:D9:14,,22,450.69118547439575,B2-01,0,4
1692,44:D2:44:DC:2E:01,PROJETOR_B2-06-EC89sIpciG1AUef,45,450.69118547439575,B2-01,0,4
1693,54:B8:0A:AA:2C:8C,LAB_DIGITAL,27,450.69118547439575,B2-01,0,4
1694,54:B8:0A:AA:2C:8D,PCS-Wireless,29,450.69118547439575,B2-01,0,4
1695,54:F0:B1:A1:18:C1,PoliSemFio,14,450.69118547439575,B2-01,0,4
1696,54:F0:B1:A1:18:C4,GDLAB,12,450.69118547439575,B2-01,0,4
1697,54:F0:B1:A1:18:C5,LABPAD,12,450.69118547439575,B2-01,0,4
1698,54:F0:B1:A1:18:D0,eduroam,34,450.69118547439575,B2-01,0,4
1699,54:F0:B1:A1:18:D1,PoliSemFio,29,450.69118547439575,B2-01,0,4
1700,54:F0:B1:A1:18:D2,,29,450.69118547439575,B2-01,0,4
1701,54:F0:B1:A1:18:D3,MEZANINO,32,450.69118547439575,B2-01,0,4
1702,54:F0:B1:A1:18:D4,GDLAB,12,450.69118547439575,B2-01,0,4
1703,54:F0:B1:A1:18:D5,LABPAD,20,450.69118547439575,B2-01,0,4
1704,54:F0:B1:A1:58:00,eduroam,39,450.69118547439575,B2-01,0,4
1705,54:F0:B1:A1:58:01,PoliSemFio,34,450.69118547439575,B2-01,0,4
1706,54:F0:B1:A1:58:02,,34,450.69118547439575,B2-01,0,4
1707,54:F0:B1:A1:E5:00,eduroam,15,450.69118547439575,B2-01,0,4
1708,54:F0:B1:A2:37:E0,eduroam,15,450.69118547439575,B2-01,0,4
1709,54:F0:B1:A2:56:70,eduroam,19,450.69118547439575,B2-01,0,4
1710,54:F0:B1:A2:56:72,,27,450.69118547439575,B2-01,0,4
1711,54:F0:B1:A2:57:30,eduroam,27,450.69118547439575,B2-01,0,4
1712,54:F0:B1:A2:57:31,PoliSemFio,25,450.69118547439575,B2-01,0,4
1713,54:F0:B1:A2:57:32,,25,450.69118547439575,B2-01,0,4
1714,54:F0:B1:A2:57:33,LCA,22,450.69118547439575,B2-01,0,4
1715,54:F0:B1:BB:5A:80,eduroam,27,450.69118547439575,B2-01,0,4
1716,54:F0:B1:BB:5A:83,LEP,25,450.69118547439575,B2-01,0,4
1717,54:F0:B1:BB:5A:84,,30,450.69118547439575,B2-01,0,4
1718,54:F0:B1:BB:80:C0,eduroam,24,450.69118547439575,B2-01,0,4
1719,54:F0:B1:BB:80:C3,LABPROG,27,450.69118547439575,B2-01,0,4
1720,54:F0:B1:BB:84:D0,eduroam,12,450.69118547439575,B2-01,0,4
1721,54:F0:B1:BB:84:D1,PoliSemFio,14,450.69118547439575,B2-01,0,4
1722,54:F0:B1:BB:BE:13,CAEEL,12,450.69118547439575,B2-01,0,4
1723,54:F0:B1:BB:C4:D0,eduroam,42,450.69118547439575,B2-01,0,4
1724,54:F0:B1:BB:C4:D1,PoliSemFio,62,450.69118547439575,B2-01,0,4
1725,54:F0:B1:BB:C4:F0,eduroam,32,450.69118547439575,B2-01,0,4
1726,54:F0:B1:BB:C4:F1,PoliSemFio,32,450.69118547439575,B2-01,0,4
1727,54:F0:B1:BB:C4:F2,,32,450.69118547439575,B2-01,0,4
1728,54:F0:B1:BB:F3:20,eduroam,22,450.69118547439575,B2-01,0,4
1729,54:F0:B1:BB:FD:D0,eduroam,22,450.69118547439575,B2-01,0,4
1730,54:F0:B1:BB:FD:D2,,19,450.69118547439575,B2-01,0,4
1731,54:F0:B1:BC:09:40,eduroam,89,450.69118547439575,B2-01,0,4
1732,54:F0:B1:BC:09:41,PoliSemFio,100,450.69118547439575,B2-01,0,4
1733,54:F0:B1:BC:09:42,,97,450.69118547439575,B2-01,0,4
1734,54:F0:B1:BC:09:60,eduroam,77,450.69118547439575,B2-01,0,4
1735,54:F0:B1:BC:09:61,PoliSemFio,77,450.69118547439575,B2-01,0,4
1736,54:F0:B1:BC:1B:D0,eduroam,15,450.69118547439575,B2-01,0,4
1737,54:F0:B1:BC:1B:D1,PoliSemFio,49,450.69118547439575,B2-01,0,4
1738,54:F0:B1:BC:1B:D2,,67,450.69118547439575,B2-01,0,4
1739,54:F0:B1:BC:1B:F0,eduroam,34,450.69118547439575,B2-01,0,4
1740,54:F0:B1:BC:1B:F1,PoliSemFio,34,450.69118547439575,B2-01,0,4
1741,54:F0:B1:BC:1B:F2,,19,450.69118547439575,B2-01,0,4
1742,54:F0:B1:BC:2E:90,eduroam,74,450.69118547439575,B2-01,0,4
1743,54:F0:B1:BC:2E:91,PoliSemFio,80,450.69118547439575,B2-01,0,4
1744,54:F0:B1:BC:2E:B0,eduroam,34,450.69118547439575,B2-01,0,4
1745,54:F0:B1:BC:2E:B1,PoliSemFio,35,450.69118547439575,B2-01,0,4
1746,54:F0:B1:BC:2F:50,eduroam,14,450.69118547439575,B2-01,0,4
1747,54:F0:B1:BC:36:11,eduroam,22,450.69118547439575,B2-01,0,4
1748,54:F0:B1:BC:3F:10,eduroam,34,450.69118547439575,B2-01,0,4
1749,54:F0:B1:BC:65:B0,eduroam,19,450.69118547439575,B2-01,0,4
1750,54:F0:B1:BC:65:B1,PoliSemFio,32,450.69118547439575,B2-01,0,4
1751,54:F0:B1:BC:65:B2,,20,450.69118547439575,B2-01,0,4
1752,54:F0:B1:BC:70:00,eduroam,42,450.69118547439575,B2-01,0,4
1753,54:F0:B1:BC:70:02,,45,450.69118547439575,B2-01,0,4
1754,54:F0:B1:BC:77:80,eduroam,44,450.69118547439575,B2-01,0,4
1755,54:F0:B1:BC:77:81,PoliSemFio,42,450.69118547439575,B2-01,0,4
1756,54:F0:B1:BC:77:82,,39,450.69118547439575,B2-01,0,4
1757,54:F0:B1:BC:77:A0,eduroam,19,450.69118547439575,B2-01,0,4
1758,54:F0:B1:BC:77:A1,PoliSemFio,20,450.69118547439575,B2-01,0,4
1759,54:F0:B1:BC:77:A2,,19,450.69118547439575,B2-01,0,4
1760,68:FF:7B:47:78:BE,C1-22M,9,450.69118547439575,B2-01,0,4
1761,70:62:B8:6E:72:A0,PCS-wireless-C1-13,29,450.69118547439575,B2-01,0,4
1762,70:62:B8:6E:72:A1,PPGEE,34,450.69118547439575,B2-01,0,4
1763,84:D4:7E:06:4F:E0,eduroam,49,450.69118547439575,B2-01,0,4
1764,84:D4:7E:06:4F:E1,PoliSemFio,45,450.69118547439575,B2-01,0,4
1765,84:D4:7E:06:4F:E2,,55,450.69118547439575,B2-01,0,4
1766,84:D4:7E:06:4F:F0,eduroam,20,450.69118547439575,B2-01,0,4
1767,84:D4:7E:06:4F:F1,PoliSemFio,22,450.69118547439575,B2-01,0,4
1768,AA:6B:AD:82:46:CC,DIRECT-cc-HP M132f LaserJet,25,450.69118547439575,B2-01,0,4
1769,B0:4E:26:4B:84:C2,C2-01,19,450.69118547439575,B2-01,0,4
1770,DC:9F:DB:1C:1F:D7,LWN-3,20,450.69118547439575,B2-01,0,4
1771,DC:9F:DB:1C:1F:E0,LWN-3,30,450.69118547439575,B2-01,0,4
1772,DE:9F:DB:1C:1F:E0,LARC Guest,29,450.69118547439575,B2-01,0,4
1773,EE:9F:DB:1C:1F:D7,,20,450.69118547439575,B2-01,0,4
1774,EE:9F:DB:1C:1F:E0,,29,450.69118547439575,B2-01,0,4
1775,F8:1A:67:99:55:8E,NUCLEAR_CHF,19,450.69118547439575,B2-01,0,4
1776,FE:9F:DB:1C:1F:D7,,22,450.69118547439575,B2-01,0,4
1777,FE:9F:DB:1C:1F:E0,,27,450.69118547439575,B2-01,0,4
