,timestamp,room,device_id,door_status,room_part,00:18:E7:FF:8C:98,00:18:E7:FF:8C:9A,00:21:91:70:9D:EC,02:24:A5:BA:CF:02,02:E0:DB:48:81:EE,04:A1:51:85:27:B3,0C:80:63:80:96:1B,1C:5F:2B:FF:9B:B4,20:AA:4B:A7:19:74,2A:56:5A:49:06:54,2E:DE:5E:81:79:03,30:85:A9:69:F2:E4,30:DE:4B:EC:E2:FE,34:60:F9:A3:D9:13,34:60:F9:A3:D9:14,34:60:F9:A3:E7:3F,34:60:F9:A3:E8:73,34:CE:00:51:3E:6F,34:CE:00:51:3E:70,3A:60:F9:A3:D9:13,3A:60:F9:A3:D9:14,44:D2:44:DC:2E:01,48:00:20:34:D2:40,54:B8:0A:AA:2C:8C,54:B8:0A:AA:2C:8D,54:B8:0A:AA:2C:8E,54:B8:0A:AA:2C:8F,54:F0:B1:A1:18:C0,54:F0:B1:A1:18:C1,54:F0:B1:A1:18:C2,54:F0:B1:A1:18:C3,54:F0:B1:A1:18:C4,54:F0:B1:A1:18:C5,54:F0:B1:A1:18:D0,54:F0:B1:A1:18:D1,54:F0:B1:A1:18:D2,54:F0:B1:A1:18:D3,54:F0:B1:A1:18:D4,54:F0:B1:A1:18:D5,54:F0:B1:A1:57:F0,54:F0:B1:A1:57:F1,54:F0:B1:A1:57:F2,54:F0:B1:A1:58:00,54:F0:B1:A1:58:01,54:F0:B1:A1:58:02,54:F0:B1:A1:E4:F0,54:F0:B1:A1:E4:F1,54:F0:B1:A1:E4:F2,54:F0:B1:A1:E5:00,54:F0:B1:A1:E5:01,54:F0:B1:A1:E5:02,54:F0:B1:A2:37:E0,54:F0:B1:A2:37:E1,54:F0:B1:A2:37:E2,54:F0:B1:A2:4A:70,54:F0:B1:A2:56:60,54:F0:B1:A2:56:61,54:F0:B1:A2:56:70,54:F0:B1:A2:56:71,54:F0:B1:A2:56:72,54:F0:B1:A2:57:20,54:F0:B1:A2:57:21,54:F0:B1:A2:57:22,54:F0:B1:A2:57:23,54:F0:B1:A2:57:30,54:F0:B1:A2:57:31,54:F0:B1:A2:57:32,54:F0:B1:A2:57:33,54:F0:B1:BB:58:A0,54:F0:B1:BB:58:A3,54:F0:B1:BB:58:C1,54:F0:B1:BB:58:C3,54:F0:B1:BB:5A:80,54:F0:B1:BB:5A:81,54:F0:B1:BB:5A:82,54:F0:B1:BB:5A:83,54:F0:B1:BB:5A:84,54:F0:B1:BB:5A:A0,54:F0:B1:BB:5A:A1,54:F0:B1:BB:5A:A2,54:F0:B1:BB:5A:A3,54:F0:B1:BB:5A:A4,54:F0:B1:BB:5F:B0,54:F0:B1:BB:5F:B1,54:F0:B1:BB:5F:B2,54:F0:B1:BB:63:80,54:F0:B1:BB:63:81,54:F0:B1:BB:7E:E0,54:F0:B1:BB:7E:E1,54:F0:B1:BB:7E:E2,54:F0:B1:BB:80:C0,54:F0:B1:BB:80:C1,54:F0:B1:BB:80:C2,54:F0:B1:BB:80:C3,54:F0:B1:BB:84:B0,54:F0:B1:BB:84:B1,54:F0:B1:BB:84:B2,54:F0:B1:BB:84:D0,54:F0:B1:BB:84:D1,54:F0:B1:BB:84:D2,54:F0:B1:BB:92:C0,54:F0:B1:BB:92:C1,54:F0:B1:BB:92:C2,54:F0:B1:BB:92:E0,54:F0:B1:BB:92:E1,54:F0:B1:BB:92:E2,54:F0:B1:BB:A1:60,54:F0:B1:BB:A7:60,54:F0:B1:BB:A7:61,54:F0:B1:BB:A7:81,54:F0:B1:BB:A7:82,54:F0:B1:BB:BC:00,54:F0:B1:BB:BC:02,54:F0:B1:BB:BC:03,54:F0:B1:BB:BE:10,54:F0:B1:BB:BE:11,54:F0:B1:BB:BE:12,54:F0:B1:BB:BE:13,54:F0:B1:BB:BE:30,54:F0:B1:BB:BE:31,54:F0:B1:BB:BE:33,54:F0:B1:BB:C4:D0,54:F0:B1:BB:C4:D1,54:F0:B1:BB:C4:D2,54:F0:B1:BB:C4:F0,54:F0:B1:BB:C4:F1,54:F0:B1:BB:C4:F2,54:F0:B1:BB:C5:C0,54:F0:B1:BB:C5:C1,54:F0:B1:BB:C5:C2,54:F0:B1:BB:C5:C3,54:F0:B1:BB:C5:C4,54:F0:B1:BB:C5:C5,54:F0:B1:BB:C5:E3,54:F0:B1:BB:C5:E4,54:F0:B1:BB:C5:E5,54:F0:B1:BB:CC:E0,54:F0:B1:BB:CC:E1,54:F0:B1:BB:CC:E2,54:F0:B1:BB:CC:E3,54:F0:B1:BB:CD:A0,54:F0:B1:BB:CD:C0,54:F0:B1:BB:CD:C1,54:F0:B1:BB:CD:C2,54:F0:B1:BB:D1:90,54:F0:B1:BB:D1:92,54:F0:B1:BB:F3:20,54:F0:B1:BB:F3:21,54:F0:B1:BB:F3:22,54:F0:B1:BB:F3:40,54:F0:B1:BB:FD:D0,54:F0:B1:BB:FD:D1,54:F0:B1:BB:FD:D2,54:F0:B1:BC:09:40,54:F0:B1:BC:09:41,54:F0:B1:BC:09:42,54:F0:B1:BC:09:60,54:F0:B1:BC:09:61,54:F0:B1:BC:0F:D0,54:F0:B1:BC:0F:D1,54:F0:B1:BC:0F:D2,54:F0:B1:BC:1B:D0,54:F0:B1:BC:1B:D1,54:F0:B1:BC:1B:D2,54:F0:B1:BC:1B:F0,54:F0:B1:BC:1B:F1,54:F0:B1:BC:1B:F2,54:F0:B1:BC:27:40,54:F0:B1:BC:27:60,54:F0:B1:BC:27:61,54:F0:B1:BC:2E:90,54:F0:B1:BC:2E:91,54:F0:B1:BC:2E:92,54:F0:B1:BC:2E:B0,54:F0:B1:BC:2E:B1,54:F0:B1:BC:2E:B2,54:F0:B1:BC:2F:50,54:F0:B1:BC:2F:51,54:F0:B1:BC:2F:52,54:F0:B1:BC:36:10,54:F0:B1:BC:36:11,54:F0:B1:BC:36:12,54:F0:B1:BC:36:30,54:F0:B1:BC:36:31,54:F0:B1:BC:36:32,54:F0:B1:BC:3F:10,54:F0:B1:BC:3F:11,54:F0:B1:BC:3F:12,54:F0:B1:BC:3F:30,54:F0:B1:BC:43:60,54:F0:B1:BC:65:B0,54:F0:B1:BC:65:B1,54:F0:B1:BC:65:B2,54:F0:B1:BC:65:D0,54:F0:B1:BC:65:D1,54:F0:B1:BC:65:D2,54:F0:B1:BC:6B:50,54:F0:B1:BC:6B:51,54:F0:B1:BC:6B:52,54:F0:B1:BC:6F:70,54:F0:B1:BC:6F:71,54:F0:B1:BC:6F:72,54:F0:B1:BC:70:00,54:F0:B1:BC:70:01,54:F0:B1:BC:70:02,54:F0:B1:BC:70:20,54:F0:B1:BC:70:21,54:F0:B1:BC:70:22,54:F0:B1:BC:76:C0,54:F0:B1:BC:76:C1,54:F0:B1:BC:76:C2,54:F0:B1:BC:77:80,54:F0:B1:BC:77:81,54:F0:B1:BC:77:82,54:F0:B1:BC:77:A0,54:F0:B1:BC:77:A1,54:F0:B1:BC:77:A2,54:F0:B1:BC:7C:90,54:F0:B1:BC:7C:91,54:F0:B1:BC:7C:92,54:F0:B1:BC:7C:B0,54:F0:B1:BC:7C:B1,54:F0:B1:BC:7C:B2,54:F0:B1:BC:7C:F2,54:F0:B1:BC:8F:20,54:F0:B1:BC:8F:21,54:F0:B1:BC:8F:22,54:F0:B1:BC:8F:40,54:F0:B1:BC:8F:41,54:F0:B1:BC:8F:42,56:60:F9:A3:E7:3F,56:60:F9:A3:E8:73,68:FF:7B:47:78:BD,68:FF:7B:47:78:BE,6C:72:20:75:38:65,6C:D7:76:B2:5B:FA,70:62:B8:6E:72:A0,70:62:B8:6E:72:A1,70:62:B8:6E:72:A2,70:62:B8:6E:72:A3,70:D8:23:BC:B9:B3,84:D4:7E:06:4F:E0,84:D4:7E:06:4F:E1,84:D4:7E:06:4F:E2,84:D4:7E:06:4F:F0,84:D4:7E:06:4F:F1,84:D4:7E:06:4F:F2,84:D4:7E:9D:EE:C0,84:D4:7E:9D:EE:C1,AA:6B:AD:82:46:CC,B0:48:7A:C4:2F:B4,B0:4E:26:4B:84:C2,B0:95:75:6B:C6:DE,B6:4E:26:4B:84:C2,C0:06:C3:29:D5:B2,C4:6E:1F:AF:1B:AA,C8:D7:19:D4:36:7E,DC:9F:DB:1B:1F:D7,DC:9F:DB:1C:1F:D7,DC:9F:DB:1C:1F:E0,DE:9F:DB:1B:1F:D7,DE:9F:DB:1C:1F:D7,DE:9F:DB:1C:1F:E0,EE:9F:DB:1B:1F:D7,EE:9F:DB:1C:1F:D7,EE:9F:DB:1C:1F:E0,F8:1A:67:99:55:8E,FA:8F:CA:81:87:C7,FA:D0:27:3E:69:92,FE:9F:DB:1C:1F:D7,FE:9F:DB:1C:1F:E0
0,3.533376932144165,B2-01,R1,0,1,,,27.0,,,,,,,,,25.0,,,30.0,32.0,,50.0,20.0,,,,22.0,32.0,29.0,,,24.0,24.0,,24.0,25.0,25.0,24.0,29.0,30.0,27.0,29.0,29.0,15.0,14.0,,22.0,24.0,40.0,,,,34.0,,,,,,,,,,,,20.0,20.0,,20.0,20.0,,,22.0,,,,,29.0,32.0,25.0,25.0,,15.0,12.0,15.0,15.0,14.0,,,,,,,,,,,,,,,,,,,,,25.0,,,,,,,,,,,,,,,12.0,,,,55.0,74.0,74.0,49.0,49.0,29.0,,,,,,,,,,,,,,,,,,,,,,,,12.0,,,97.0,97.0,97.0,75.0,60.0,,,,45.0,44.0,55.0,17.0,17.0,,,,,35.0,47.0,45.0,12.0,12.0,,,,20.0,,35.0,,,,,24.0,,,,,15.0,22.0,22.0,,,,,,,,,,49.0,40.0,42.0,25.0,25.0,,,,,40.0,55.0,50.0,19.0,19.0,,,,,,,,,,,,,,,,24.0,,32.0,,,49.0,55.0,,,,55.0,55.0,54.0,30.0,30.0,,,,,,,,,,,,,,25.0,,25.0,40.0,,27.0,29.0,22.0,,,,35.0
1,5.910157203674316,B2-01,R1,0,1,34.0,,17.0,,,,,,30.0,,,39.0,,34.0,52.0,25.0,25.0,57.0,15.0,,52.0,,,50.0,34.0,,,27.0,27.0,27.0,27.0,27.0,25.0,27.0,,,37.0,30.0,,22.0,22.0,22.0,,,35.0,,,,17.0,,29.0,9.0,,,34.0,47.0,,,47.0,27.0,,,,10.0,25.0,,,25.0,,,,,44.0,40.0,49.0,,39.0,14.0,15.0,14.0,14.0,15.0,19.0,17.0,17.0,,,,,,,,,,,,39.0,17.0,17.0,15.0,,,,,,,,19.0,19.0,14.0,15.0,,25.0,,35.0,37.0,,40.0,15.0,17.0,19.0,67.0,60.0,,35.0,35.0,,,,,,,,,,,,,,,,17.0,15.0,15.0,,,29.0,,29.0,,,,37.0,89.0,92.0,65.0,72.0,74.0,32.0,,,55.0,60.0,62.0,22.0,22.0,22.0,40.0,17.0,14.0,45.0,55.0,59.0,30.0,29.0,30.0,,,,25.0,,,,,,,,,12.0,,27.0,,,,,,,,,,,,,,,17.0,17.0,19.0,,,,45.0,69.0,69.0,45.0,47.0,,,,,,,,32.0,,,,,,,25.0,,,42.0,34.0,,50.0,50.0,,,30.0,72.0,77.0,,44.0,44.0,,25.0,22.0,,,,,,,,,22.0,44.0,,24.0,,22.0,29.0,47.0,,40.0,,,,22.0
2,6.157281398773193,B2-01,R1,0,1,29.0,,27.0,,,,,,,,,,,,40.0,,,57.0,22.0,,,,,,29.0,,,19.0,19.0,,19.0,19.0,17.0,35.0,32.0,34.0,34.0,10.0,37.0,,,,40.0,24.0,,,,,,,22.0,,,,,,,,,,,,,,24.0,25.0,25.0,25.0,,,,,34.0,,34.0,,,,,,,,,,,,,,,,,,,,,,22.0,,,,,,,,,,,,,,,,,,,,,15.0,,,,55.0,74.0,74.0,24.0,49.0,,,,,,,,,,,12.0,,,,,,,,,,,,,,,,27.0,94.0,92.0,,84.0,84.0,,,,,,52.0,19.0,19.0,17.0,,,,49.0,47.0,45.0,32.0,32.0,,,,,22.0,24.0,,,,,24.0,,,,,9.0,20.0,22.0,,,,,,,10.0,,,42.0,44.0,42.0,25.0,25.0,,,,,60.0,,,27.0,27.0,,,,,,,,,,,,,,,,,,54.0,,,49.0,55.0,,,,54.0,50.0,54.0,30.0,30.0,,,,,,,,,,,,,14.0,40.0,,,,,,,22.0,,,,40.0
3,8.78385043144226,B2-01,R1,0,1,29.0,,27.0,,,,,,,,,,,,40.0,,,57.0,22.0,,,,,,29.0,,,19.0,19.0,,19.0,19.0,17.0,35.0,32.0,34.0,34.0,10.0,37.0,,,,40.0,24.0,,,,,,,22.0,,,,,,,,,,,,,,24.0,25.0,25.0,25.0,,,,,34.0,,34.0,,,,,,,,,,,,,,,,,,,,,,22.0,,,,,,,,,,,,,,,,,,,,,15.0,,,,55.0,74.0,74.0,24.0,49.0,,,,,,,,,,,12.0,,,,,,,,,,,,,,,,27.0,94.0,92.0,,77.0,84.0,,,,,,52.0,19.0,19.0,17.0,,,,49.0,47.0,45.0,32.0,32.0,,,,,22.0,24.0,,,,,24.0,,,,,9.0,20.0,22.0,,,,,,,10.0,,,42.0,44.0,42.0,25.0,25.0,,,,,60.0,,,27.0,27.0,,,,,,,,,,,,,,,,,,54.0,,,49.0,55.0,,,,54.0,50.0,54.0,30.0,30.0,,,,,,,,,,,,,14.0,40.0,,,,,,,22.0,,,,40.0
4,12.154919862747192,B2-01,R1,0,1,34.0,,17.0,,,,,,30.0,,,39.0,,34.0,52.0,25.0,25.0,57.0,15.0,,52.0,,,50.0,34.0,,,27.0,27.0,27.0,27.0,27.0,25.0,27.0,,,37.0,30.0,,22.0,22.0,22.0,,,35.0,,,,17.0,,29.0,9.0,,,34.0,47.0,,,47.0,27.0,,,,10.0,25.0,,,25.0,,,,,44.0,40.0,49.0,,39.0,14.0,15.0,14.0,14.0,15.0,19.0,17.0,17.0,,,,,,,,,,,,39.0,17.0,17.0,15.0,,,,,,,,19.0,19.0,14.0,15.0,,25.0,,35.0,37.0,,40.0,15.0,17.0,19.0,67.0,60.0,,35.0,35.0,,,,,,,,,,,,,,,,17.0,15.0,15.0,,,29.0,,29.0,,,,37.0,89.0,92.0,65.0,66.0,74.0,32.0,,,55.0,60.0,62.0,22.0,22.0,22.0,40.0,17.0,14.0,45.0,55.0,59.0,30.0,29.0,30.0,,,,25.0,,,,,,,,,12.0,,27.0,,,,,,,,,,,,,,,17.0,17.0,19.0,,,,45.0,69.0,69.0,45.0,47.0,,,,,,,,32.0,,,,,,,25.0,,,42.0,34.0,,50.0,50.0,,,30.0,72.0,77.0,,44.0,44.0,,25.0,22.0,,,,,,,,,22.0,44.0,,24.0,,22.0,29.0,47.0,,40.0,,,,22.0
5,14.785423040390016,B2-01,R1,0,1,,,20.0,,,,,,,,,,,,,,,45.0,20.0,,,,,27.0,29.0,,,27.0,27.0,27.0,27.0,27.0,25.0,,,30.0,30.0,29.0,27.0,,,,40.0,35.0,35.0,,,,,,29.0,,,,,,,,,27.0,,,,10.0,30.0,,,29.0,,,,,,,,,,,,,,,,,,,,,,,,,,,,,,,,,,,,,,,,,,,,,,,,,,,,,,67.0,60.0,,35.0,34.0,,,,,,,,,,,,,,,,,,,,,29.0,,29.0,,,,,67.0,75.0,75.0,85.0,85.0,,,,34.0,45.0,45.0,19.0,19.0,22.0,,,,57.0,55.0,,25.0,27.0,30.0,,,,,,,,,,,,,,,,,,,,,,,,,,,50.0,45.0,,15.0,15.0,19.0,,,,37.0,47.0,,22.0,22.0,,,,,,,,,,,,,,,,,,,,,50.0,49.0,,,,60.0,75.0,75.0,25.0,24.0,,,,,,,,,,,,,,,,,22.0,,,,29.0,,,,22.0
6,15.012096166610718,B2-01,R1,0,1,29.0,,27.0,,,,,,,,20.0,32.0,,,40.0,,,49.0,24.0,,,,27.0,32.0,29.0,,,15.0,15.0,,15.0,14.0,15.0,37.0,34.0,34.0,29.0,10.0,35.0,,,,32.0,37.0,37.0,,,,20.0,,22.0,,,,,,,,,,,,,,24.0,25.0,25.0,25.0,,,,,34.0,,24.0,22.0,,,,,,,,,,,,,,,,,,,,,22.0,,,,,,,,,,,,,,,,,,,,,15.0,,,,45.0,74.0,39.0,24.0,32.0,,,,,,,,,,,12.0,,,,,,,,,,,,,,,,27.0,69.0,90.0,90.0,82.0,84.0,,,,30.0,,47.0,19.0,19.0,17.0,,,,49.0,47.0,62.0,30.0,30.0,,,,,22.0,25.0,,,,,24.0,,,,,9.0,20.0,22.0,,,,,,,10.0,,,30.0,37.0,42.0,25.0,25.0,,,,,45.0,45.0,45.0,19.0,19.0,,,,,,,,,,,,,,,,,,37.0,,,40.0,47.0,,,,59.0,59.0,59.0,27.0,24.0,,,,,,,,,,,,,14.0,40.0,,,,,,,25.0,,,,40.0
7,17.40343475341797,B2-01,R1,0,1,,,20.0,,,,,,,,,,,,,,,45.0,20.0,,,,,27.0,29.0,,,27.0,27.0,27.0,27.0,27.0,25.0,,,30.0,30.0,29.0,27.0,,,,40.0,35.0,35.0,,,,,,29.0,,,,,,,,,27.0,,,,10.0,30.0,,,29.0,,,,,,,,,,,,,,,,,,,,,,,,,,,,,,,,,,,,,,,,,,,,,,,,,,,,,,67.0,60.0,,35.0,34.0,,,,,,,,,,,,,,,,,,,,,29.0,,29.0,,,,,67.0,75.0,75.0,77.0,85.0,,,,34.0,45.0,45.0,19.0,19.0,22.0,,,,57.0,55.0,,25.0,27.0,30.0,,,,,,,,,,,,,,,,,,,,,,,,,,,50.0,45.0,,15.0,15.0,19.0,,,,37.0,47.0,,22.0,22.0,,,,,,,,,,,,,,,,,,,,,50.0,49.0,,,,60.0,75.0,75.0,25.0,24.0,,,,,,,,,,,,,,,,,22.0,,,,29.0,,,,22.0
8,21.299864768981934,B2-01,R1,0,1,29.0,,27.0,,,,,,,,20.0,32.0,,,40.0,30.0,,47.0,12.0,,,,27.0,32.0,29.0,,,25.0,25.0,,25.0,25.0,25.0,37.0,34.0,34.0,44.0,10.0,35.0,15.0,15.0,15.0,39.0,34.0,37.0,,,,17.0,,22.0,,,,,,,,,,17.0,17.0,,15.0,24.0,25.0,25.0,25.0,,,,,34.0,,30.0,22.0,,,,,,,,,,,,,,,,,,,24.0,,22.0,,,,,,,,,,,,,,,,,,,,,15.0,,,,45.0,55.0,55.0,35.0,35.0,35.0,,,,,,,,,,12.0,,,,,,,,,,22.0,,,,,,27.0,74.0,84.0,85.0,90.0,90.0,,,,30.0,,47.0,22.0,22.0,17.0,,,,60.0,47.0,62.0,32.0,32.0,,,,,24.0,25.0,,,,,34.0,32.0,30.0,,,9.0,15.0,22.0,,,,,,,10.0,,,45.0,42.0,44.0,20.0,20.0,,,,,57.0,45.0,45.0,24.0,24.0,,,,,,,,,19.0,,,,,,,,,37.0,,,34.0,30.0,,,,70.0,59.0,59.0,52.0,52.0,,,,,,27.0,,,,,,,14.0,39.0,,,,,,39.0,39.0,,,,40.0
9,23.63164472579956,B2-01,R1,0,1,,,29.0,,,,,,,,,,,,,39.0,,45.0,22.0,,,,,39.0,37.0,,,17.0,15.0,27.0,17.0,17.0,15.0,14.0,35.0,30.0,34.0,32.0,27.0,14.0,14.0,12.0,34.0,35.0,35.0,,,,30.0,29.0,27.0,,,,,,,,,27.0,,,,10.0,30.0,,32.0,25.0,,,,,,,,40.0,34.0,,,,,,,,,,,,,,,,,,,,,,,,,,29.0,,,,,,,,,,,,,,,,,,,65.0,62.0,,40.0,34.0,,,,,,,,,,,,,,,,,,,,,29.0,,24.0,,,,20.0,85.0,87.0,87.0,97.0,97.0,,,,54.0,50.0,50.0,29.0,30.0,22.0,,,,57.0,55.0,,34.0,34.0,30.0,12.0,,,,20.0,,,,,,,,,,,,,,,,,,,,,,50.0,45.0,50.0,24.0,22.0,19.0,,,,57.0,62.0,62.0,22.0,22.0,,,,,,,,,,,,,,,,,,49.0,,,40.0,42.0,,,,50.0,57.0,75.0,24.0,24.0,,,,,,,,,,,,,24.0,,,,30.0,,,,29.0,,,,29.0
10,29.863455533981323,B2-01,R1,0,1,,,29.0,,,,,,,,,,,,30.0,40.0,,52.0,15.0,,,,22.0,24.0,37.0,,,27.0,27.0,27.0,27.0,27.0,27.0,30.0,35.0,30.0,32.0,34.0,30.0,14.0,14.0,12.0,29.0,24.0,35.0,,,,30.0,29.0,27.0,,,,,,,22.0,,27.0,,,,10.0,30.0,,32.0,25.0,,,,,,,,34.0,34.0,,,,,,,,,,,,,,,,,,,,,,,,,,29.0,,,,,,,,,,,,,,,,,,,57.0,57.0,,40.0,29.0,,,,,,,,,,,,,,,,,,,,,32.0,,24.0,,,,20.0,97.0,97.0,97.0,85.0,85.0,,,,44.0,50.0,49.0,22.0,20.0,22.0,,,,57.0,55.0,64.0,30.0,30.0,30.0,12.0,,,,20.0,,,,,37.0,,,,,,,,,,,,,,,,,40.0,42.0,50.0,15.0,14.0,19.0,,,,30.0,39.0,40.0,27.0,25.0,,,,,,,,,,,,,,,,,,49.0,,,39.0,37.0,,,,39.0,59.0,59.0,30.0,30.0,,,,,,,,,,,,,24.0,,,,30.0,,,,29.0,,,,29.0
11,31.177168130874637,B2-01,R1,0,1,29.0,,,,,,,,,,20.0,29.0,,,29.0,32.0,,47.0,17.0,,,,24.0,34.0,35.0,,,24.0,22.0,,24.0,22.0,20.0,27.0,29.0,27.0,44.0,10.0,35.0,15.0,15.0,15.0,39.0,34.0,37.0,,,,20.0,,22.0,,,,,,,,,,17.0,17.0,,15.0,24.0,25.0,25.0,25.0,,,,,34.0,,30.0,22.0,,,,,,,,,,,,,,,,,,,24.0,,22.0,,,,,,,,,,,,,,,,,,,,,15.0,,,,45.0,37.0,34.0,29.0,35.0,35.0,,,,,,,,,,12.0,,,,,,,,,,22.0,,,,,,27.0,85.0,84.0,84.0,60.0,60.0,,,,30.0,,47.0,22.0,22.0,17.0,,,,60.0,,62.0,32.0,12.0,,,,,24.0,25.0,,,,,34.0,32.0,30.0,,,9.0,15.0,22.0,,,,,,,10.0,,,24.0,42.0,44.0,12.0,12.0,,,,,42.0,44.0,44.0,14.0,15.0,,,,,,,,,19.0,,,,,,,,,45.0,,,32.0,34.0,,,,59.0,65.0,65.0,24.0,24.0,,,,,,27.0,,,,,,,14.0,39.0,,,,,,39.0,39.0,,,,40.0
12,33.80908703804016,B2-01,R1,0,1,29.0,,,,,,,,,,20.0,29.0,,,29.0,32.0,,47.0,17.0,,,,24.0,34.0,35.0,,,24.0,22.0,,24.0,22.0,20.0,27.0,29.0,27.0,44.0,10.0,35.0,15.0,15.0,15.0,39.0,34.0,37.0,,,,20.0,,22.0,,,,,,,,,,17.0,17.0,,15.0,24.0,25.0,25.0,25.0,,,,,34.0,,30.0,22.0,,,,,,,,,,,,,,,,,,,24.0,,22.0,,,,,,,,,,,,,,,,,,,,,15.0,,,,45.0,37.0,34.0,29.0,35.0,35.0,,,,,,,,,,12.0,,,,,,,,,,22.0,,,,,,27.0,85.0,84.0,84.0,80.0,60.0,,,,30.0,,47.0,22.0,22.0,17.0,,,,60.0,,62.0,32.0,12.0,,,,,24.0,25.0,,,,,34.0,32.0,30.0,,,9.0,15.0,22.0,,,,,,,10.0,,,24.0,42.0,44.0,12.0,12.0,,,,,42.0,44.0,44.0,14.0,15.0,,,,,,,,,19.0,,,,,,,,,45.0,,,32.0,34.0,,,,59.0,65.0,65.0,24.0,24.0,,,,,,27.0,,,,,,,14.0,39.0,,,,,,39.0,39.0,,,,40.0
13,36.10493612289429,B2-01,R1,0,1,,,29.0,,,,,,,,,,,,30.0,40.0,,52.0,15.0,,,,22.0,24.0,37.0,,,27.0,27.0,27.0,27.0,27.0,27.0,30.0,35.0,30.0,32.0,34.0,30.0,14.0,14.0,12.0,29.0,24.0,35.0,,,,30.0,29.0,27.0,,,,,,,22.0,,27.0,,,,10.0,30.0,,32.0,25.0,,,,,,,,34.0,34.0,,,,,,,,,,,,,,,,,,,,,,,,,,29.0,,,,,,,,,,,,,,,,,,,57.0,57.0,,40.0,29.0,,,,,,,,,,,,,,,,,,,,,32.0,,24.0,,,,20.0,97.0,97.0,97.0,74.0,85.0,,,,44.0,50.0,49.0,22.0,20.0,22.0,,,,57.0,55.0,64.0,30.0,30.0,30.0,12.0,,,,20.0,,,,,37.0,,,,,,,,,,,,,,,,,40.0,42.0,50.0,15.0,14.0,19.0,,,,30.0,39.0,40.0,27.0,25.0,,,,,,,,,,,,,,,,,,49.0,,,39.0,37.0,,,,39.0,59.0,59.0,30.0,30.0,,,,,,,,,,,,,24.0,,,,30.0,,,,29.0,,,,29.0
14,36.447211027145386,B2-01,R1,0,1,29.0,,25.0,,,,,,,,20.0,40.0,,,34.0,32.0,,45.0,17.0,,,,24.0,34.0,35.0,,,24.0,22.0,,10.0,9.0,9.0,27.0,29.0,34.0,35.0,10.0,37.0,15.0,15.0,15.0,39.0,34.0,39.0,,,,37.0,,22.0,,,,,,,,,,17.0,17.0,,15.0,24.0,25.0,25.0,25.0,,,,,34.0,,30.0,32.0,,,,,,,,,,,,,,,,,,,24.0,34.0,34.0,,,,,,,,,,,,,,,,,,,,,17.0,,,,57.0,55.0,34.0,29.0,29.0,35.0,,,,,15.0,14.0,,,,12.0,,,,,,,,,,22.0,,,,,,30.0,24.0,84.0,92.0,84.0,84.0,,,,30.0,,47.0,25.0,25.0,17.0,,,,72.0,,62.0,42.0,42.0,,,,,24.0,25.0,,,,,34.0,32.0,30.0,,,25.0,15.0,22.0,,,,,,,10.0,,,54.0,42.0,44.0,12.0,12.0,,,,,37.0,54.0,44.0,20.0,17.0,,,,,,,,,19.0,,,,,,,,,45.0,,,29.0,34.0,,,,50.0,65.0,49.0,39.0,40.0,,,,,,27.0,,,,,,,14.0,37.0,,,37.0,,,39.0,22.0,,,,37.0
15,38.72906184196472,B2-01,R1,0,1,30.0,,19.0,,,,,,,,,,,,24.0,40.0,,50.0,20.0,,,,22.0,34.0,32.0,,,32.0,32.0,27.0,32.0,32.0,32.0,29.0,34.0,32.0,32.0,34.0,34.0,14.0,14.0,12.0,39.0,42.0,40.0,,,,30.0,27.0,27.0,,,,,,,22.0,,27.0,,,,10.0,30.0,34.0,32.0,25.0,,,,,,,,32.0,32.0,,,,,,,,,,,,,,,,,,,,,,,,,,29.0,,,,,,,,,,,,,,,,,,,69.0,64.0,64.0,30.0,32.0,,,,,,,,,,,,,,,,,,,,,32.0,,25.0,,,,20.0,77.0,90.0,97.0,82.0,80.0,,,,44.0,50.0,52.0,19.0,19.0,22.0,,,,57.0,55.0,64.0,32.0,34.0,30.0,12.0,,,,20.0,,,,,40.0,,,,,,,,,,,,,,,,,55.0,50.0,50.0,15.0,14.0,19.0,,,,55.0,59.0,59.0,27.0,25.0,,,,,,,,,19.0,,,,,,,,,49.0,,,45.0,45.0,,,,52.0,59.0,59.0,30.0,30.0,,,,,,34.0,,,,,,,19.0,,,,30.0,,20.0,,32.0,,,,25.0
16,39.0710813999176,B2-01,R1,0,1,29.0,,25.0,,,,,,,,20.0,40.0,,,34.0,32.0,,45.0,17.0,,,,24.0,34.0,35.0,,,24.0,22.0,,10.0,9.0,9.0,27.0,29.0,34.0,35.0,10.0,37.0,15.0,15.0,15.0,39.0,34.0,39.0,,,,37.0,,22.0,,,,,,,,,,17.0,17.0,,15.0,24.0,25.0,25.0,25.0,,,,,34.0,,30.0,32.0,,,,,,,,,,,,,,,,,,,24.0,34.0,34.0,,,,,,,,,,,,,,,,,,,,,17.0,,,,57.0,55.0,34.0,29.0,29.0,35.0,,,,,15.0,14.0,,,,12.0,,,,,,,,,,22.0,,,,,,30.0,24.0,84.0,92.0,81.0,84.0,,,,30.0,,47.0,25.0,25.0,17.0,,,,72.0,,62.0,42.0,42.0,,,,,24.0,25.0,,,,,34.0,32.0,30.0,,,25.0,15.0,22.0,,,,,,,10.0,,,54.0,42.0,44.0,12.0,12.0,,,,,37.0,54.0,44.0,20.0,17.0,,,,,,,,,19.0,,,,,,,,,45.0,,,29.0,34.0,,,,50.0,65.0,49.0,39.0,40.0,,,,,,27.0,,,,,,,14.0,37.0,,,37.0,,,39.0,22.0,,,,37.0
17,41.36188626289368,B2-01,R1,0,1,30.0,,19.0,,,,,,,,,,,,24.0,40.0,,50.0,20.0,,,,22.0,34.0,32.0,,,32.0,32.0,27.0,32.0,32.0,32.0,29.0,34.0,32.0,32.0,34.0,34.0,14.0,14.0,12.0,39.0,42.0,40.0,,,,30.0,27.0,27.0,,,,,,,22.0,,27.0,,,,10.0,30.0,34.0,32.0,25.0,,,,,,,,32.0,32.0,,,,,,,,,,,,,,,,,,,,,,,,,,29.0,,,,,,,,,,,,,,,,,,,69.0,64.0,64.0,30.0,32.0,,,,,,,,,,,,,,,,,,,,,32.0,,25.0,,,,20.0,77.0,90.0,97.0,71.0,80.0,,,,44.0,50.0,52.0,19.0,19.0,22.0,,,,57.0,55.0,64.0,32.0,34.0,30.0,12.0,,,,20.0,,,,,40.0,,,,,,,,,,,,,,,,,55.0,50.0,50.0,15.0,14.0,19.0,,,,55.0,59.0,59.0,27.0,25.0,,,,,,,,,19.0,,,,,,,,,49.0,,,45.0,45.0,,,,52.0,59.0,59.0,30.0,30.0,,,,,,34.0,,,,,,,19.0,,,,30.0,,20.0,,32.0,,,,25.0
18,45.32451581954956,B2-01,R1,0,1,29.0,,20.0,,,,,,,,20.0,40.0,,,27.0,32.0,,42.0,17.0,,24.0,,24.0,34.0,35.0,,,20.0,20.0,,20.0,22.0,20.0,27.0,29.0,34.0,35.0,,37.0,15.0,15.0,15.0,25.0,22.0,39.0,,,,25.0,,,,,,,,,,,,17.0,17.0,,15.0,,,,,,,,,,,17.0,19.0,,,,,,,,,,,,,,,,,,,24.0,34.0,34.0,,,,,,,,,,,,,,,,,,,,,17.0,,,,50.0,47.0,47.0,29.0,30.0,35.0,,,,,15.0,14.0,,,,,,,,,,,,,,22.0,,,,,,30.0,79.0,89.0,89.0,80.0,94.0,,,,30.0,49.0,47.0,17.0,14.0,,,,,72.0,,62.0,25.0,25.0,,,,,24.0,25.0,,,,,34.0,32.0,30.0,,,25.0,15.0,,,,,,,,,,,39.0,37.0,39.0,12.0,12.0,,,,,37.0,44.0,44.0,15.0,17.0,,,,,,,,,19.0,,,,,,,,,45.0,,,29.0,34.0,,,,69.0,74.0,74.0,30.0,30.0,,,,,,27.0,,,,,,,,37.0,,,37.0,,,39.0,22.0,,,,37.0
19,47.5997359752655,B2-01,R1,0,1,30.0,,19.0,,,,,,,,,,,,24.0,40.0,,47.0,19.0,,,,22.0,34.0,32.0,,,20.0,20.0,,20.0,20.0,20.0,29.0,34.0,32.0,35.0,32.0,34.0,14.0,14.0,12.0,39.0,42.0,40.0,,,,30.0,27.0,27.0,,,,,,,22.0,,,,,,,30.0,34.0,32.0,25.0,,,,,,,,32.0,32.0,,,,,,,,,,,,,,,,,,,,,,,,,,29.0,,,,,,,,,,,,,,,,,,,47.0,50.0,50.0,30.0,32.0,,,,,,,,,,,,,,,,,,,,,32.0,,25.0,,,,20.0,94.0,95.0,95.0,68.0,77.0,,,,44.0,49.0,49.0,14.0,15.0,22.0,,,,57.0,54.0,64.0,22.0,24.0,,12.0,,,,20.0,,,,,29.0,,,,,,,,,,,,,,,,,49.0,42.0,44.0,14.0,14.0,,,,,55.0,59.0,39.0,22.0,22.0,,,,,,,,,19.0,,,,,,,,,40.0,,,42.0,39.0,,,,62.0,69.0,67.0,37.0,35.0,35.0,,,,,34.0,,,,,,,19.0,,,,30.0,,20.0,,32.0,,,,37.0
20,53.86564421653748,B2-01,R1,0,1,30.0,,19.0,,,,,14.0,,,,,,,22.0,40.0,,52.0,22.0,,,,22.0,39.0,39.0,,,20.0,20.0,,20.0,20.0,20.0,27.0,29.0,29.0,25.0,32.0,29.0,14.0,14.0,12.0,39.0,39.0,40.0,,,,30.0,27.0,30.0,,,,,,,22.0,,19.0,,,,,29.0,29.0,29.0,25.0,,,,,35.0,32.0,,35.0,32.0,,,,,,,,,,,,,,,,,,,,,,,,,,27.0,,,,,,,,,,,,15.0,,,,,,,69.0,50.0,50.0,30.0,32.0,,,,,,,,,,,,,,,,,,,,,24.0,25.0,25.0,,14.0,,20.0,90.0,95.0,95.0,82.0,82.0,,,,50.0,55.0,57.0,20.0,20.0,20.0,,,,57.0,54.0,64.0,34.0,34.0,,12.0,,,,20.0,,,,,40.0,,,,,,,,,,,,,,,,,55.0,49.0,44.0,15.0,14.0,,,,,47.0,59.0,59.0,22.0,24.0,,,,,,,,,19.0,,,,,,,,,40.0,,37.0,40.0,39.0,,,,60.0,69.0,67.0,34.0,34.0,35.0,,,,,34.0,,35.0,,,,,24.0,,,27.0,32.0,,29.0,,30.0,,,,37.0
21,55.21833872795105,B2-01,R1,0,1,29.0,,25.0,,,,,,,,,39.0,,,30.0,32.0,,54.0,17.0,,24.0,,20.0,34.0,42.0,,,12.0,12.0,,10.0,12.0,14.0,27.0,29.0,34.0,35.0,39.0,37.0,15.0,15.0,15.0,39.0,22.0,42.0,,,,25.0,,,,,,,,,,,,17.0,17.0,,15.0,,,,,,,,,,,29.0,32.0,,,,,,,,,,,,,,,,,,,24.0,34.0,32.0,,,,,,,,,,,,,,,,,,,,,17.0,,,,59.0,57.0,47.0,32.0,32.0,35.0,,,,,15.0,14.0,,,,,,,,,,,,,,22.0,,,,20.0,27.0,30.0,87.0,89.0,89.0,85.0,85.0,,,,,52.0,52.0,22.0,22.0,,,,,72.0,,,42.0,42.0,,,,,24.0,,27.0,,,,34.0,32.0,25.0,,,25.0,15.0,,,,,,,,,,,39.0,37.0,39.0,22.0,24.0,,,,,37.0,44.0,50.0,15.0,17.0,,10.0,,,,,,,19.0,,,,,,,,,49.0,,,27.0,27.0,,,,54.0,50.0,50.0,40.0,40.0,,,,22.0,,27.0,,,,,,,,34.0,,,34.0,,,35.0,24.0,,,15.0,34.0
22,57.84891700744629,B2-01,R1,0,1,29.0,,25.0,,,,,,,,,39.0,,,30.0,32.0,,54.0,17.0,,24.0,,20.0,34.0,42.0,,,12.0,12.0,,10.0,12.0,14.0,27.0,29.0,34.0,35.0,39.0,37.0,15.0,15.0,15.0,39.0,22.0,42.0,,,,25.0,,,,,,,,,,,,17.0,17.0,,15.0,,,,,,,,,,,29.0,32.0,,,,,,,,,,,,,,,,,,,24.0,34.0,32.0,,,,,,,,,,,,,,,,,,,,,17.0,,,,59.0,57.0,47.0,32.0,32.0,35.0,,,,,15.0,14.0,,,,,,,,,,,,,,22.0,,,,20.0,27.0,30.0,87.0,89.0,89.0,80.0,85.0,,,,,52.0,52.0,22.0,22.0,,,,,72.0,,,42.0,42.0,,,,,24.0,,27.0,,,,34.0,32.0,25.0,,,25.0,15.0,,,,,,,,,,,39.0,37.0,39.0,22.0,24.0,,,,,37.0,44.0,50.0,15.0,17.0,,10.0,,,,,,,19.0,,,,,,,,,49.0,,,27.0,27.0,,,,54.0,50.0,50.0,40.0,40.0,,,,22.0,,27.0,,,,,,,,34.0,,,34.0,,,35.0,24.0,,,15.0,34.0
23,60.11983776092529,B2-01,R1,0,1,30.0,,19.0,,,,,14.0,,,,,,,22.0,40.0,,52.0,22.0,,,,22.0,39.0,39.0,,,20.0,20.0,,20.0,20.0,20.0,27.0,29.0,29.0,25.0,32.0,29.0,14.0,14.0,12.0,39.0,39.0,40.0,,,,30.0,27.0,30.0,,,,,,,22.0,,19.0,,,,,29.0,29.0,29.0,25.0,,,,,35.0,32.0,,35.0,32.0,,,,,,,,,,,,,,,,,,,,,,,,,,27.0,,,,,,,,,,,,15.0,,,,,,,69.0,50.0,50.0,30.0,32.0,,,,,,,,,,,,,,,,,,,,,24.0,25.0,25.0,,14.0,,20.0,90.0,95.0,95.0,72.0,82.0,,,,50.0,55.0,57.0,20.0,20.0,20.0,,,,57.0,54.0,64.0,34.0,34.0,,12.0,,,,20.0,,,,,40.0,,,,,,,,,,,,,,,,,55.0,49.0,44.0,15.0,14.0,,,,,47.0,59.0,59.0,22.0,24.0,,,,,,,,,19.0,,,,,,,,,40.0,,37.0,40.0,39.0,,,,60.0,69.0,67.0,34.0,34.0,35.0,,,,,34.0,,35.0,,,,,24.0,,,27.0,32.0,,29.0,,30.0,,,,37.0
24,62.73763918876648,B2-01,R1,0,1,30.0,,19.0,,,,,14.0,,,,,,,22.0,40.0,,42.0,19.0,,,,22.0,22.0,25.0,,,20.0,20.0,,20.0,20.0,20.0,27.0,29.0,32.0,34.0,37.0,29.0,,,,40.0,35.0,37.0,,,,,27.0,30.0,,,,,,,22.0,,19.0,,,,,29.0,29.0,29.0,19.0,,,,,35.0,32.0,,35.0,32.0,,,,,,,,,,,,,,,,,,,,,,,,24.0,,27.0,,,,,,,,,,,,15.0,,,,,,,50.0,50.0,50.0,34.0,34.0,,,,,,,,,,,,,,,,,,,,,24.0,25.0,25.0,,14.0,,,85.0,89.0,87.0,80.0,80.0,,,,39.0,50.0,47.0,14.0,20.0,20.0,,,,62.0,54.0,64.0,27.0,29.0,,,,,,,,,,,29.0,,,,,,,,,,,,,,,,,49.0,44.0,44.0,15.0,14.0,,,,,37.0,37.0,34.0,22.0,22.0,,,,,,,,,19.0,,,,,,,,,40.0,,37.0,42.0,42.0,,,,60.0,69.0,67.0,42.0,42.0,40.0,,,,,34.0,,35.0,,,,,24.0,,,27.0,32.0,,29.0,,34.0,,,,37.0
25,64.12900757789612,B2-01,R1,0,1,29.0,,25.0,,,,,,,,,39.0,,,27.0,32.0,,45.0,17.0,,24.0,,20.0,34.0,42.0,,,22.0,20.0,,20.0,22.0,24.0,27.0,29.0,32.0,35.0,39.0,37.0,,,,39.0,22.0,42.0,,,,25.0,,,,,,,,,,,,,,,,,,,,,,,,,,29.0,32.0,,,,,,,,,,,,,,,,,,,19.0,34.0,32.0,,,,,,,,,,,,,,,,,,,,,17.0,,,,50.0,57.0,47.0,32.0,32.0,,,,,,15.0,14.0,,,,,,,,,,,,,,,,,,20.0,27.0,30.0,79.0,89.0,89.0,80.0,94.0,,,,,52.0,52.0,17.0,17.0,,,,,37.0,,,27.0,27.0,,,,,,,27.0,,,,,,25.0,,,25.0,,,,,,,,,,,,39.0,37.0,39.0,22.0,24.0,,,,,37.0,44.0,50.0,19.0,19.0,,10.0,,,,,,,,,,,,,,,,54.0,,,29.0,25.0,,,,54.0,50.0,74.0,25.0,25.0,,,,22.0,,,,,,,,,,34.0,,,34.0,,,35.0,32.0,,,15.0,34.0
26,65.37533926963806,B2-01,R1,0,1,30.0,,19.0,,,,,14.0,,,,,,,22.0,40.0,,42.0,19.0,,,,22.0,22.0,25.0,,,20.0,20.0,,20.0,20.0,20.0,27.0,29.0,32.0,34.0,37.0,29.0,,,,40.0,35.0,37.0,,,,,27.0,30.0,,,,,,,22.0,,19.0,,,,,29.0,29.0,29.0,19.0,,,,,35.0,32.0,,35.0,32.0,,,,,,,,,,,,,,,,,,,,,,,,24.0,,27.0,,,,,,,,,,,,15.0,,,,,,,50.0,50.0,50.0,34.0,34.0,,,,,,,,,,,,,,,,,,,,,24.0,25.0,25.0,,14.0,,,85.0,89.0,87.0,75.0,80.0,,,,39.0,50.0,47.0,14.0,20.0,20.0,,,,62.0,54.0,64.0,27.0,29.0,,,,,,,,,,,29.0,,,,,,,,,,,,,,,,,49.0,44.0,44.0,15.0,14.0,,,,,37.0,37.0,34.0,22.0,22.0,,,,,,,,,19.0,,,,,,,,,40.0,,37.0,42.0,42.0,,,,60.0,69.0,67.0,42.0,42.0,40.0,,,,,34.0,,35.0,,,,,24.0,,,27.0,32.0,,29.0,,34.0,,,,37.0
27,70.38853430747986,B2-01,R1,0,1,29.0,,25.0,,,,,,,,,39.0,,,25.0,,,49.0,9.0,,24.0,,22.0,34.0,45.0,,,12.0,20.0,,12.0,12.0,12.0,34.0,34.0,34.0,34.0,39.0,4.0,,,,37.0,40.0,42.0,,,,25.0,25.0,25.0,20.0,19.0,,,,,,,,,,,,22.0,34.0,29.0,,,,,,,,29.0,32.0,,,,,,,,,,,,,,,,,,,19.0,34.0,30.0,,,,,,,,,,,,,,,,,,,,19.0,15.0,,,,59.0,55.0,47.0,32.0,32.0,,,,,,4.0,14.0,,,,,,,,,,,,,,,,,,19.0,29.0,29.0,87.0,94.0,89.0,80.0,84.0,,,,,52.0,52.0,19.0,19.0,,,,,70.0,,,42.0,42.0,,,,,27.0,25.0,27.0,,,,,,25.0,,,25.0,,,,,,,,,,,,57.0,50.0,39.0,24.0,24.0,,,,,50.0,44.0,50.0,17.0,19.0,,10.0,,,,,,,,,,,,,,,,39.0,,,25.0,27.0,,,,34.0,50.0,74.0,39.0,39.0,,,,22.0,,,,,,,,,15.0,34.0,,,37.0,,,34.0,24.0,,,15.0,37.0
28,71.62129759788513,B2-01,R1,0,1,19.0,,19.0,,,,,14.0,,,,40.0,,,15.0,,,44.0,22.0,,,,,37.0,37.0,,,30.0,32.0,,32.0,32.0,32.0,27.0,29.0,29.0,27.0,32.0,32.0,,,,34.0,35.0,35.0,,,,,27.0,32.0,,,,,,,,,19.0,,,,,25.0,30.0,29.0,25.0,,,,,35.0,32.0,,35.0,32.0,,,,,,,,,,,,,,,,,,,,,,,,24.0,,27.0,,,,,,,,,,,,15.0,,,,,,,50.0,50.0,50.0,34.0,40.0,,,,,,,,,,,,,,,,,,,,,27.0,25.0,25.0,,14.0,,,92.0,87.0,87.0,74.0,80.0,,,,39.0,50.0,47.0,25.0,27.0,27.0,,,,62.0,54.0,,35.0,35.0,,,,,,,,,,,29.0,,,,,,,,,,,,,,,,,59.0,50.0,44.0,14.0,15.0,,,,,59.0,37.0,34.0,20.0,20.0,,,,,,,,,19.0,,,,,,,,,25.0,,37.0,35.0,35.0,,,,72.0,60.0,60.0,37.0,37.0,40.0,,,,,34.0,,35.0,,,,,24.0,29.0,,27.0,29.0,,29.0,32.0,32.0,,,,37.0
29,76.6301805973053,B2-01,R1,0,1,,,19.0,,,,,,,,,39.0,,,24.0,,,42.0,7.0,,24.0,,22.0,37.0,37.0,,,22.0,20.0,,24.0,20.0,22.0,30.0,30.0,34.0,32.0,27.0,34.0,,,,27.0,40.0,42.0,,,,25.0,25.0,25.0,20.0,19.0,,,,,,,,,,,,22.0,34.0,29.0,,,,,,,,29.0,32.0,,,,,,,,,,,,,,,,,,,19.0,,30.0,,,,,,,,,,,,,,,,,,,,19.0,15.0,,,,59.0,55.0,47.0,32.0,30.0,,,,,,4.0,14.0,,,,,,,,,,,,,,,,,,19.0,29.0,29.0,79.0,92.0,92.0,94.0,94.0,,,,35.0,52.0,52.0,19.0,17.0,,,,,52.0,50.0,50.0,29.0,30.0,,,,,27.0,25.0,27.0,,,,19.0,,25.0,,,,,,,,,,,,,,,34.0,34.0,34.0,24.0,24.0,,,,,37.0,40.0,42.0,17.0,15.0,,10.0,,,,,,,,,,,,,,,,49.0,,,27.0,27.0,,,,52.0,49.0,50.0,29.0,29.0,29.0,,,22.0,,,,,,,,,15.0,34.0,,,37.0,,,34.0,37.0,,,15.0,37.0
30,77.88062977790833,B2-01,R1,0,1,30.0,,,,,,,14.0,,,,40.0,,,25.0,,,40.0,12.0,,,,,25.0,29.0,,,30.0,32.0,,32.0,32.0,32.0,34.0,29.0,29.0,27.0,30.0,29.0,,,,24.0,30.0,30.0,,,,,,32.0,,,,,,,,,19.0,,,,,25.0,30.0,29.0,25.0,,,,,35.0,30.0,,24.0,29.0,,,,,,,,,,,,,,,,,,,,,,,,24.0,,27.0,,,,,,,,,,,,15.0,,,,,,,50.0,50.0,52.0,30.0,40.0,,,,,,,,,,,,,,,,,,,,,24.0,25.0,25.0,,14.0,,,82.0,92.0,92.0,89.0,89.0,,,,39.0,50.0,47.0,19.0,20.0,27.0,,,,62.0,54.0,,17.0,19.0,,,,,,,,,,,29.0,,,,,,,,,,,,,,,,,54.0,47.0,47.0,14.0,15.0,,,,,30.0,35.0,34.0,29.0,30.0,,,,,,,,,,,,,,,,,,34.0,,37.0,34.0,35.0,,,,69.0,69.0,67.0,34.0,34.0,40.0,,,,,,,35.0,,,,,24.0,29.0,,27.0,29.0,,29.0,32.0,32.0,,,,37.0
31,82.92928671836853,B2-01,R1,0,1,,,19.0,,,,,,,,,39.0,,,24.0,,,42.0,7.0,,24.0,,22.0,37.0,37.0,,,22.0,20.0,,24.0,20.0,22.0,30.0,30.0,34.0,32.0,27.0,34.0,,,,27.0,40.0,42.0,,,,25.0,25.0,25.0,20.0,19.0,,,,,,,,,,,,22.0,34.0,29.0,,,,,,,,29.0,32.0,,,,,,,,,,,,,,,,,,,19.0,,30.0,,,,,,,,,,,,,,,,,,,,19.0,15.0,,,,59.0,55.0,47.0,32.0,30.0,,,,,,4.0,14.0,,,,,,,,,,,,,,,,,,19.0,29.0,29.0,79.0,92.0,92.0,77.0,94.0,,,,35.0,52.0,52.0,19.0,17.0,,,,,52.0,50.0,50.0,29.0,30.0,,,,,27.0,25.0,27.0,,,,19.0,,25.0,,,,,,,,,,,,,,,34.0,34.0,34.0,24.0,24.0,,,,,37.0,40.0,42.0,17.0,15.0,,10.0,,,,,,,,,,,,,,,,49.0,,,27.0,27.0,,,,52.0,49.0,50.0,29.0,29.0,29.0,,,22.0,,,,,,,,,15.0,34.0,,,37.0,,,34.0,37.0,,,15.0,37.0
32,84.11931157112122,B2-01,R1,0,1,30.0,,,,,,,14.0,,,,40.0,,,25.0,,,40.0,12.0,,,,,25.0,29.0,,,30.0,32.0,,32.0,32.0,32.0,34.0,29.0,29.0,27.0,30.0,29.0,,,,24.0,30.0,30.0,,,,,,32.0,,,,,,,,,19.0,,,,,25.0,30.0,29.0,25.0,,,,,35.0,30.0,,24.0,29.0,,,,,,,,,,,,,,,,,,,,,,,,24.0,,27.0,,,,,,,,,,,,15.0,,,,,,,50.0,50.0,52.0,30.0,40.0,,,,,,,,,,,,,,,,,,,,,24.0,25.0,25.0,,14.0,,,82.0,92.0,92.0,76.0,89.0,,,,39.0,50.0,47.0,19.0,20.0,27.0,,,,62.0,54.0,,17.0,19.0,,,,,,,,,,,29.0,,,,,,,,,,,,,,,,,54.0,47.0,47.0,14.0,15.0,,,,,30.0,35.0,34.0,29.0,30.0,,,,,,,,,,,,,,,,,,34.0,,37.0,34.0,35.0,,,,69.0,69.0,67.0,34.0,34.0,40.0,,,,,,,35.0,,,,,24.0,29.0,,27.0,29.0,,29.0,32.0,32.0,,,,37.0
33,85.55175733566284,B2-01,R1,0,1,,,22.0,,,,,,,,,39.0,,,17.0,,,52.0,7.0,,,,22.0,37.0,45.0,,,12.0,20.0,,14.0,12.0,14.0,37.0,34.0,34.0,32.0,27.0,37.0,,,,39.0,39.0,39.0,,,,,25.0,25.0,22.0,19.0,19.0,,,,,,,,,,,22.0,34.0,29.0,19.0,,,,,,,29.0,29.0,,,,,,,,,,,,,,,,,,,19.0,,30.0,,,,15.0,,,,,,,,,,,,,,,,19.0,17.0,,,,59.0,57.0,57.0,30.0,30.0,,,,,,4.0,14.0,,,,,,,,,,,,,,,,,,19.0,29.0,29.0,84.0,94.0,92.0,82.0,82.0,,,,54.0,50.0,50.0,20.0,20.0,,,,,75.0,50.0,50.0,42.0,42.0,,,,,25.0,24.0,27.0,,,,19.0,,25.0,,,,,,,,,,,,,,,55.0,52.0,34.0,24.0,25.0,,,,,37.0,40.0,42.0,15.0,19.0,,10.0,,,,,,,,,,,,,,,,50.0,,,24.0,27.0,,,,52.0,49.0,50.0,40.0,40.0,29.0,,,22.0,,,,,,,,,15.0,37.0,,,37.0,,,35.0,22.0,,,15.0,37.0
34,86.74539709091187,B2-01,R1,0,1,27.0,,,,,,,14.0,,,,40.0,,,25.0,,,25.0,10.0,,,,,32.0,29.0,,,20.0,20.0,,20.0,20.0,20.0,34.0,29.0,40.0,42.0,39.0,29.0,12.0,9.0,12.0,30.0,40.0,40.0,,,,,,32.0,,,,9.0,,,,,30.0,,,,,27.0,30.0,29.0,25.0,,,,,35.0,30.0,19.0,24.0,29.0,,,,,,,,,,,,,,,,,,,,22.0,,,,24.0,,27.0,,,,,,,,,,,,10.0,,,,,,,50.0,50.0,52.0,40.0,40.0,,,,,,,,,,,,,,,12.0,,,,,,24.0,25.0,25.0,,14.0,,,97.0,100.0,100.0,85.0,85.0,,,,39.0,50.0,47.0,30.0,30.0,27.0,,,,62.0,54.0,74.0,40.0,40.0,,,,,19.0,,,,,,29.0,,,,,,,,,,,,,,,,,45.0,45.0,47.0,20.0,19.0,,,,,55.0,54.0,54.0,29.0,30.0,,,,,,,,,24.0,27.0,25.0,,,,,,,44.0,,37.0,39.0,35.0,,,,52.0,69.0,67.0,29.0,29.0,40.0,,,,,,,35.0,,,,,24.0,29.0,,27.0,24.0,,29.0,32.0,32.0,,,,
35,88.18629908561707,B2-01,R1,0,1,,,22.0,,,,,,,,,39.0,,,17.0,,,52.0,7.0,,,,22.0,37.0,45.0,,,12.0,20.0,,14.0,12.0,14.0,37.0,34.0,34.0,32.0,27.0,37.0,,,,39.0,39.0,39.0,,,,,25.0,25.0,22.0,19.0,19.0,,,,,,,,,,,22.0,34.0,29.0,19.0,,,,,,,29.0,29.0,,,,,,,,,,,,,,,,,,,19.0,,30.0,,,,15.0,,,,,,,,,,,,,,,,19.0,17.0,,,,59.0,57.0,57.0,30.0,30.0,,,,,,4.0,14.0,,,,,,,,,,,,,,,,,,19.0,29.0,29.0,84.0,94.0,92.0,79.0,82.0,,,,54.0,50.0,50.0,20.0,20.0,,,,,75.0,50.0,50.0,42.0,42.0,,,,,25.0,24.0,27.0,,,,19.0,,25.0,,,,,,,,,,,,,,,55.0,52.0,34.0,24.0,25.0,,,,,37.0,40.0,42.0,15.0,19.0,,10.0,,,,,,,,,,,,,,,,50.0,,,24.0,27.0,,,,52.0,49.0,50.0,40.0,40.0,29.0,,,22.0,,,,,,,,,15.0,37.0,,,37.0,,,35.0,22.0,,,15.0,37.0
36,89.38139128684998,B2-01,R1,0,1,27.0,,,,,,,14.0,,,,40.0,,,25.0,,,25.0,10.0,,,,,32.0,29.0,,,20.0,20.0,,20.0,20.0,20.0,34.0,29.0,40.0,42.0,39.0,29.0,12.0,9.0,12.0,30.0,40.0,40.0,,,,,,32.0,,,,9.0,,,,,30.0,,,,,27.0,30.0,29.0,25.0,,,,,35.0,30.0,19.0,24.0,29.0,,,,,,,,,,,,,,,,,,,,22.0,,,,24.0,,27.0,,,,,,,,,,,,10.0,,,,,,,50.0,50.0,52.0,40.0,40.0,,,,,,,,,,,,,,,12.0,,,,,,24.0,25.0,25.0,,14.0,,,97.0,100.0,100.0,82.0,85.0,,,,39.0,50.0,47.0,30.0,30.0,27.0,,,,62.0,54.0,74.0,40.0,40.0,,,,,19.0,,,,,,29.0,,,,,,,,,,,,,,,,,45.0,45.0,47.0,20.0,19.0,,,,,55.0,54.0,54.0,29.0,30.0,,,,,,,,,24.0,27.0,25.0,,,,,,,44.0,,37.0,39.0,35.0,,,,52.0,69.0,67.0,29.0,29.0,40.0,,,,,,,35.0,,,,,24.0,29.0,,27.0,24.0,,29.0,32.0,32.0,,,,
37,90.80284929275513,B2-01,R1,0,1,,,22.0,,,,,,,,,39.0,,,17.0,,,42.0,7.0,,,,22.0,37.0,37.0,,,24.0,24.0,,22.0,22.0,22.0,29.0,32.0,34.0,32.0,32.0,32.0,,,,27.0,39.0,39.0,,,,,25.0,25.0,22.0,19.0,19.0,,,,,,,,,,,22.0,34.0,29.0,19.0,,,,,,,29.0,29.0,,,,,,,,,,,,,,,,,,,15.0,,30.0,,,,15.0,,,,,,,,,,,,,,,,19.0,17.0,,,,50.0,47.0,47.0,29.0,29.0,,,,,,4.0,14.0,,,,,,,,,,,,,,,,,,19.0,29.0,29.0,77.0,92.0,92.0,95.0,95.0,,,,54.0,50.0,50.0,17.0,17.0,,,,,75.0,50.0,50.0,25.0,27.0,,,,,25.0,24.0,27.0,,,,19.0,,25.0,,,,,,,,,,,,,,,55.0,52.0,34.0,24.0,25.0,,,,,39.0,40.0,42.0,17.0,19.0,,,,,,,,,19.0,,,,,,,,,45.0,,,27.0,27.0,,,,49.0,49.0,50.0,27.0,40.0,29.0,,,22.0,,,,,,,,,15.0,37.0,,,37.0,,,35.0,22.0,,,15.0,37.0
38,93.42205595970154,B2-01,R1,0,1,,,22.0,,,,,,,,,39.0,,,17.0,,,42.0,7.0,,,,22.0,37.0,37.0,,,24.0,24.0,,22.0,22.0,22.0,29.0,32.0,34.0,32.0,32.0,32.0,,,,27.0,39.0,39.0,,,,,25.0,25.0,22.0,19.0,19.0,,,,,,,,,,,22.0,34.0,29.0,19.0,,,,,,,29.0,29.0,,,,,,,,,,,,,,,,,,,15.0,,30.0,,,,15.0,,,,,,,,,,,,,,,,19.0,17.0,,,,50.0,47.0,47.0,29.0,29.0,,,,,,4.0,14.0,,,,,,,,,,,,,,,,,,19.0,29.0,29.0,77.0,92.0,92.0,80.0,95.0,,,,54.0,50.0,50.0,17.0,17.0,,,,,75.0,50.0,50.0,25.0,27.0,,,,,25.0,24.0,27.0,,,,19.0,,25.0,,,,,,,,,,,,,,,55.0,52.0,34.0,24.0,25.0,,,,,39.0,40.0,42.0,17.0,19.0,,,,,,,,,19.0,,,,,,,,,45.0,,,27.0,27.0,,,,49.0,49.0,50.0,27.0,40.0,29.0,,,22.0,,,,,,,,,15.0,37.0,,,37.0,,,35.0,22.0,,,15.0,37.0
39,95.63351154327393,B2-01,R1,0,1,27.0,,,,,,,,,,,40.0,,,24.0,34.0,,59.0,24.0,,22.0,,,37.0,39.0,,,20.0,20.0,,20.0,20.0,20.0,34.0,,30.0,24.0,30.0,29.0,12.0,9.0,12.0,39.0,35.0,40.0,,,,,,32.0,,,,9.0,,,,,30.0,,,,,27.0,30.0,29.0,25.0,,,,,,30.0,19.0,24.0,29.0,,,,,,,,,,,,,,,,,,,,22.0,,,,24.0,,27.0,,,,,,,,,,,,10.0,,,,,,,54.0,47.0,49.0,40.0,40.0,,,,,,,,,,,,,,,12.0,,,,,,15.0,,,,,,,77.0,79.0,79.0,81.0,80.0,,,,47.0,50.0,52.0,25.0,25.0,27.0,,,,47.0,50.0,50.0,27.0,29.0,,,,,19.0,,,,,,39.0,,,,,,,,,,,,,,,,,32.0,50.0,47.0,15.0,15.0,,,,,55.0,39.0,37.0,24.0,24.0,,,,,,,,,24.0,27.0,25.0,,,,,,,30.0,,,32.0,37.0,,,,67.0,69.0,65.0,35.0,34.0,40.0,,,,,,,,,,,,,29.0,,,24.0,,,32.0,32.0,,,,
40,108.16841721534728,B2-01,R1,0,2,27.0,,14.0,,,,,,19.0,,,40.0,,,29.0,34.0,,50.0,12.0,,22.0,,,44.0,44.0,,,29.0,29.0,,29.0,29.0,29.0,12.0,40.0,40.0,24.0,42.0,44.0,12.0,9.0,12.0,39.0,42.0,42.0,,,,,32.0,32.0,,,,9.0,,,15.0,27.0,30.0,12.0,12.0,,12.0,27.0,30.0,29.0,30.0,,,,,,30.0,32.0,34.0,29.0,,,,,,,,,,,,,,,,,,,,22.0,,,,,,27.0,,,,,,,,,,,,10.0,,,,,,,67.0,47.0,49.0,45.0,45.0,,,,,,,,,,,,,,,12.0,,,,,,20.0,22.0,20.0,,15.0,25.0,25.0,87.0,100.0,99.0,61.0,79.0,,,,47.0,60.0,59.0,17.0,15.0,27.0,,,,67.0,50.0,50.0,34.0,35.0,,,,,19.0,24.0,25.0,,,,25.0,29.0,,,,19.0,,,,,,,,,,,,45.0,39.0,47.0,15.0,15.0,,,,,55.0,39.0,55.0,20.0,20.0,,,,,,,,,24.0,27.0,25.0,,,,,,,30.0,,,40.0,44.0,,,,72.0,67.0,67.0,35.0,35.0,34.0,,,,,,,,,,,,,29.0,,,24.0,,,32.0,32.0,,,25.0,
41,110.7952597141266,B2-01,R1,0,2,27.0,,14.0,,,,,,19.0,,,,,,29.0,34.0,,55.0,24.0,,22.0,,,44.0,39.0,,,17.0,29.0,,17.0,15.0,19.0,12.0,40.0,40.0,25.0,42.0,44.0,19.0,19.0,12.0,32.0,42.0,42.0,,,,32.0,32.0,32.0,,,,9.0,,,15.0,27.0,30.0,12.0,12.0,,12.0,27.0,,29.0,27.0,,,,,,30.0,30.0,29.0,29.0,,,,,,,,,,,,,,,,,,,,22.0,,,,,,,,,,,,,,,,,,10.0,,,,,,,54.0,75.0,75.0,47.0,47.0,,,,,,,,,,,,,,,12.0,,,,,,30.0,22.0,30.0,,15.0,25.0,25.0,82.0,80.0,80.0,47.0,47.0,,,,47.0,47.0,47.0,17.0,15.0,,,,,67.0,50.0,50.0,20.0,22.0,,,,,19.0,24.0,25.0,,,,25.0,29.0,,,,19.0,,,,,,,,,,,,62.0,59.0,59.0,15.0,15.0,,,,,40.0,49.0,49.0,22.0,22.0,,,,,,,,,24.0,27.0,25.0,,,,,,,40.0,,,45.0,42.0,,,,54.0,52.0,52.0,22.0,22.0,34.0,,,,,,,,,,,,,40.0,,,39.0,,,39.0,32.0,,,25.0,
42,113.42866587638856,B2-01,R1,0,2,27.0,,14.0,,,,,,19.0,,,,,,29.0,34.0,,55.0,24.0,,22.0,,,44.0,39.0,,,17.0,29.0,,17.0,15.0,19.0,12.0,40.0,40.0,25.0,42.0,44.0,19.0,19.0,12.0,32.0,42.0,42.0,,,,32.0,32.0,32.0,,,,9.0,,,15.0,27.0,30.0,12.0,12.0,,12.0,27.0,,29.0,27.0,,,,,,30.0,30.0,29.0,29.0,,,,,,,,,,,,,,,,,,,,22.0,,,,,,,,,,,,,,,,,,10.0,,,,,,,54.0,75.0,75.0,47.0,47.0,,,,,,,,,,,,,,,12.0,,,,,,30.0,22.0,30.0,,15.0,25.0,25.0,82.0,80.0,80.0,66.0,47.0,,,,47.0,47.0,47.0,17.0,15.0,,,,,67.0,50.0,50.0,20.0,22.0,,,,,19.0,24.0,25.0,,,,25.0,29.0,,,,19.0,,,,,,,,,,,,62.0,59.0,59.0,15.0,15.0,,,,,40.0,49.0,49.0,22.0,22.0,,,,,,,,,24.0,27.0,25.0,,,,,,,40.0,,,45.0,42.0,,,,54.0,52.0,52.0,22.0,22.0,34.0,,,,,,,,,,,,,40.0,,,39.0,,,39.0,32.0,,,25.0,
43,119.69073963165285,B2-01,R1,0,2,27.0,,29.0,,,,,,19.0,,,,,,29.0,34.0,,52.0,9.0,,22.0,,,44.0,45.0,,,17.0,29.0,,17.0,15.0,19.0,29.0,30.0,30.0,25.0,2.0,34.0,19.0,19.0,12.0,37.0,35.0,42.0,,,,32.0,27.0,27.0,,,,9.0,,,19.0,27.0,30.0,12.0,12.0,,12.0,27.0,,29.0,25.0,,,,,,,32.0,32.0,,,,,,,,,,,,,,,,,,,,,29.0,,,,,,,,,,,,,,,,,,10.0,,,,,,,65.0,75.0,75.0,47.0,45.0,,,,,,,,,,,,,,,12.0,,,,,,30.0,22.0,30.0,,15.0,25.0,25.0,75.0,80.0,80.0,65.0,65.0,,,,47.0,50.0,50.0,17.0,19.0,,,,,64.0,62.0,50.0,25.0,25.0,,22.0,,,19.0,24.0,25.0,,,,25.0,29.0,30.0,,,19.0,,,,,,,,,,,,50.0,59.0,59.0,20.0,17.0,,,,,54.0,49.0,49.0,24.0,24.0,,,,,,,,,24.0,27.0,25.0,,,,,,,47.0,,,57.0,54.0,,,,60.0,52.0,52.0,20.0,20.0,34.0,,,,,,,,,,,,24.0,52.0,,,50.0,,,39.0,24.0,,,25.0,
44,125.94669651985168,B2-01,R1,0,2,,,27.0,,,,,,19.0,,,,,,34.0,34.0,,49.0,15.0,,27.0,,,37.0,37.0,,,17.0,29.0,,17.0,9.0,19.0,29.0,30.0,30.0,25.0,2.0,37.0,19.0,19.0,,40.0,35.0,42.0,,,,32.0,27.0,27.0,,,,,,,19.0,27.0,,12.0,12.0,,12.0,,,29.0,25.0,,,,,,,32.0,32.0,,,,,,,,,,,,,,,,,,,,,29.0,,,,,,,,,,,,,,,,,,,,,,,,,54.0,64.0,64.0,44.0,45.0,,,,,,,,,,,,,,,,,,,,,30.0,22.0,30.0,,15.0,25.0,25.0,87.0,84.0,84.0,59.0,59.0,,,,47.0,50.0,50.0,14.0,10.0,,,,,45.0,54.0,54.0,22.0,20.0,,22.0,,,,24.0,25.0,,,,25.0,29.0,30.0,,,19.0,,,,,,,,,,,,37.0,47.0,59.0,20.0,17.0,,,,,42.0,49.0,49.0,24.0,24.0,,,,,,,,,,,,,,,,,,44.0,,,57.0,54.0,,,,72.0,64.0,64.0,20.0,20.0,34.0,,,,,,,,,,,,24.0,52.0,,,50.0,,,39.0,24.0,,,25.0,
45,132.2028865814209,B2-01,R1,0,2,,,27.0,,,,,,19.0,,,,,,34.0,34.0,,49.0,15.0,,27.0,,,37.0,37.0,,,17.0,29.0,,17.0,9.0,19.0,29.0,30.0,30.0,25.0,2.0,37.0,19.0,19.0,,40.0,35.0,42.0,,,,32.0,27.0,27.0,,,,,,,19.0,27.0,,12.0,12.0,,12.0,,,29.0,25.0,,,,,,,32.0,32.0,,,,,,,,,,,,,,,,,,,,,29.0,,,,,,,,,,,,,,,,,,,,,,,,,54.0,64.0,64.0,44.0,45.0,,,,,,,,,,,,,,,,,,,,,30.0,22.0,30.0,,15.0,25.0,25.0,87.0,84.0,84.0,69.0,59.0,,,,47.0,50.0,50.0,14.0,10.0,,,,,45.0,54.0,54.0,22.0,20.0,,22.0,,,,24.0,25.0,,,,25.0,29.0,30.0,,,19.0,,,,,,,,,,,,37.0,47.0,59.0,20.0,17.0,,,,,42.0,49.0,49.0,24.0,24.0,,,,,,,,,,,,,,,,,,44.0,,,57.0,54.0,,,,72.0,64.0,64.0,20.0,20.0,34.0,,,,,,,,,,,,24.0,52.0,,,50.0,,,39.0,24.0,,,25.0,
46,134.83479833602905,B2-01,R1,0,2,,,35.0,,,,,,14.0,,,,,,19.0,,,47.0,12.0,,17.0,,,27.0,27.0,12.0,12.0,17.0,29.0,,17.0,9.0,19.0,44.0,42.0,40.0,25.0,45.0,45.0,19.0,19.0,,40.0,42.0,44.0,,,,32.0,27.0,25.0,,,,,,,14.0,27.0,,12.0,12.0,,12.0,,,,25.0,,,,,,,32.0,32.0,,,,,,,,,,,,,,,,,,,17.0,,29.0,,,,,,,,,,,,,,,,,,19.0,,,,,,,67.0,64.0,64.0,50.0,45.0,,,25.0,24.0,,25.0,,,,,,,,12.0,,,,,,,39.0,35.0,37.0,,15.0,25.0,25.0,92.0,97.0,84.0,60.0,60.0,,,,47.0,50.0,50.0,17.0,17.0,,,,,52.0,52.0,54.0,32.0,34.0,,22.0,,,19.0,17.0,22.0,,,,25.0,29.0,30.0,,,19.0,,,,,,,,,,,,55.0,52.0,59.0,14.0,14.0,,,,,34.0,50.0,49.0,30.0,30.0,,,,,,,,,,,,,,,,,14.0,44.0,,,62.0,64.0,,,,60.0,57.0,55.0,19.0,19.0,19.0,,,,,,,17.0,,,,,37.0,52.0,,,52.0,,,39.0,19.0,,,25.0,47.0
47,136.4635570049286,B2-01,R1,0,2,,,27.0,,,,,,,,,,,,25.0,,,55.0,12.0,,,,,37.0,45.0,,,14.0,10.0,,10.0,14.0,12.0,40.0,32.0,37.0,34.0,39.0,39.0,,,,37.0,42.0,42.0,,,,,,,22.0,19.0,19.0,,,,,,,,,,,,,,19.0,,,,,32.0,,24.0,30.0,,,,,,,,,,,,,,,,,,,35.0,30.0,32.0,,,,15.0,,17.0,,,,,,,,,,,,,,,12.0,,,,64.0,75.0,74.0,45.0,45.0,,,,,,,15.0,,,,,,,,,,,,,,,,,,20.0,27.0,27.0,72.0,82.0,92.0,69.0,69.0,,,,55.0,50.0,50.0,22.0,22.0,,,,,44.0,52.0,54.0,10.0,14.0,,19.0,,,29.0,27.0,27.0,,,,19.0,24.0,,,,29.0,,,,,,,,,,,,52.0,49.0,49.0,25.0,25.0,,,,,39.0,40.0,39.0,19.0,19.0,,,,,,,,,12.0,,,,,,,,,47.0,,,47.0,50.0,,,,57.0,54.0,50.0,19.0,40.0,29.0,,,,,,,,,,,,,37.0,,,47.0,,,47.0,22.0,,,,47.0
48,137.462819814682,B2-01,R1,0,2,,,35.0,,,,,,14.0,,,,,,19.0,,,47.0,12.0,,17.0,,,27.0,27.0,12.0,12.0,17.0,29.0,,17.0,9.0,19.0,44.0,42.0,40.0,25.0,45.0,45.0,19.0,19.0,,40.0,42.0,44.0,,,,32.0,27.0,25.0,,,,,,,14.0,27.0,,12.0,12.0,,12.0,,,,25.0,,,,,,,32.0,32.0,,,,,,,,,,,,,,,,,,,17.0,,29.0,,,,,,,,,,,,,,,,,,19.0,,,,,,,67.0,64.0,64.0,50.0,45.0,,,25.0,24.0,,25.0,,,,,,,,12.0,,,,,,,39.0,35.0,37.0,,15.0,25.0,25.0,92.0,97.0,84.0,67.0,60.0,,,,47.0,50.0,50.0,17.0,17.0,,,,,52.0,52.0,54.0,32.0,34.0,,22.0,,,19.0,17.0,22.0,,,,25.0,29.0,30.0,,,19.0,,,,,,,,,,,,55.0,52.0,59.0,14.0,14.0,,,,,34.0,50.0,49.0,30.0,30.0,,,,,,,,,,,,,,,,,14.0,44.0,,,62.0,64.0,,,,60.0,57.0,55.0,19.0,19.0,19.0,,,,,,,17.0,,,,,37.0,52.0,,,52.0,,,39.0,19.0,,,25.0,47.0
49,142.71165084838867,B2-01,R1,0,2,,,27.0,,,,,,,,,,,,25.0,,,55.0,12.0,,,,,37.0,45.0,,,14.0,10.0,,10.0,14.0,12.0,40.0,32.0,37.0,34.0,39.0,39.0,,,,37.0,42.0,42.0,,,,,,,22.0,19.0,19.0,,,,,,,,,,,,,,19.0,,,,,32.0,,24.0,30.0,,,,,,,,,,,,,,,,,,,35.0,30.0,32.0,,,,15.0,,17.0,,,,,,,,,,,,,,,12.0,,,,64.0,75.0,74.0,45.0,45.0,,,,,,,15.0,,,,,,,,,,,,,,,,,,20.0,27.0,27.0,72.0,82.0,92.0,63.0,69.0,,,,55.0,50.0,50.0,22.0,22.0,,,,,44.0,52.0,54.0,10.0,14.0,,19.0,,,29.0,27.0,27.0,,,,19.0,24.0,,,,29.0,,,,,,,,,,,,52.0,49.0,49.0,25.0,25.0,,,,,39.0,40.0,39.0,19.0,19.0,,,,,,,,,12.0,,,,,,,,,47.0,,,47.0,50.0,,,,57.0,54.0,50.0,19.0,40.0,29.0,,,,,,,,,,,,,37.0,,,47.0,,,47.0,22.0,,,,47.0
50,143.74775338172913,B2-01,R1,0,2,,,24.0,,,,,,14.0,,,,,,32.0,34.0,,49.0,24.0,,17.0,,,40.0,40.0,12.0,12.0,15.0,17.0,,17.0,17.0,14.0,27.0,29.0,27.0,25.0,45.0,45.0,19.0,19.0,,19.0,37.0,40.0,,,,32.0,27.0,27.0,,,,,,,14.0,,,,,,,,,,15.0,,,,,27.0,34.0,25.0,32.0,,,,,,,,,,,,,,,,,,,17.0,,29.0,,,,,,,,,,,,,,,,,,19.0,,,20.0,,,,45.0,64.0,64.0,34.0,34.0,,,25.0,24.0,,25.0,,,,,,,,12.0,,,,,,,39.0,35.0,37.0,,,,,97.0,97.0,97.0,75.0,77.0,,,,47.0,50.0,40.0,10.0,17.0,,,,,47.0,47.0,54.0,20.0,19.0,,22.0,,,19.0,17.0,22.0,,,,,,30.0,,,,,,,,,,,,,,,55.0,52.0,45.0,17.0,14.0,,,,,29.0,37.0,35.0,20.0,22.0,,,,,,,,,,,,,,,,,14.0,44.0,,,40.0,42.0,,,,54.0,54.0,52.0,15.0,14.0,14.0,,,,,,,17.0,,,,,37.0,52.0,,,25.0,,,25.0,20.0,,,,29.0
51,145.34913325309753,B2-01,R1,0,2,,,42.0,,,,,,,,,,,,24.0,,,49.0,15.0,,,,,,50.0,,,,,,10.0,10.0,10.0,40.0,,29.0,,29.0,27.0,10.0,12.0,,34.0,42.0,42.0,15.0,15.0,15.0,,,,,,,,,,,,,,,,,37.0,30.0,30.0,,,,,,,,,,,,,,,,,,,,,,,,,,,,20.0,,,,,,,,35.0,,,,,,,,,,,,,,,15.0,,,,59.0,75.0,74.0,47.0,45.0,,,,,,27.0,30.0,,,,,,,,,,,,,,,,,,,,,72.0,82.0,,54.0,54.0,,,,,,,14.0,14.0,,,,,34.0,52.0,54.0,32.0,30.0,,19.0,,,,22.0,,,,,,24.0,,,,,,,,,,,,,,,,27.0,49.0,49.0,32.0,34.0,,,,,37.0,,39.0,24.0,22.0,,,,,,,,,,,,,,,,,,47.0,,,40.0,39.0,,,,57.0,54.0,59.0,22.0,,,,,,,,,,,,,,35.0,,,,47.0,,37.0,35.0,27.0,,,,34.0
52,148.00739192962646,B2-01,R1,0,2,,,42.0,,,,,,,,,,,,24.0,,,49.0,15.0,,,,,,50.0,,,,,,10.0,10.0,10.0,40.0,,29.0,,29.0,27.0,10.0,12.0,,34.0,42.0,42.0,15.0,15.0,15.0,,,,,,,,,,,,,,,,,37.0,30.0,30.0,,,,,,,,,,,,,,,,,,,,,,,,,,,,20.0,,,,,,,,35.0,,,,,,,,,,,,,,,15.0,,,,59.0,75.0,74.0,47.0,45.0,,,,,,27.0,30.0,,,,,,,,,,,,,,,,,,,,,72.0,82.0,,63.0,54.0,,,,,,,14.0,14.0,,,,,34.0,52.0,54.0,32.0,30.0,,19.0,,,,22.0,,,,,,24.0,,,,,,,,,,,,,,,,27.0,49.0,49.0,32.0,34.0,,,,,37.0,,39.0,24.0,22.0,,,,,,,,,,,,,,,,,,47.0,,,40.0,39.0,,,,57.0,54.0,59.0,22.0,,,,,,,,,,,,,,35.0,,,,47.0,,37.0,35.0,27.0,,,,34.0
53,149.98395586013794,B2-01,R1,0,2,,,24.0,,,,,,14.0,,,,,,24.0,34.0,,42.0,19.0,,17.0,,,40.0,40.0,12.0,12.0,17.0,17.0,,17.0,15.0,17.0,39.0,29.0,27.0,35.0,42.0,34.0,,12.0,12.0,42.0,37.0,37.0,10.0,,,,27.0,27.0,,,,,,,14.0,,,,,,,,29.0,,15.0,,9.0,,,27.0,34.0,25.0,32.0,,,,,,,,,,,,,,,,,,,17.0,,29.0,,,,,,,14.0,15.0,14.0,,,,,,,,,15.0,,,20.0,,,,65.0,64.0,64.0,60.0,60.0,,,25.0,24.0,,25.0,,,,,,,,12.0,,,,,,,39.0,35.0,37.0,,,,,82.0,87.0,97.0,67.0,67.0,,,,47.0,50.0,47.0,14.0,15.0,,,,,52.0,47.0,54.0,29.0,29.0,,22.0,,,19.0,24.0,22.0,,,,40.0,44.0,42.0,,,12.0,,,,,,,,,,,,44.0,52.0,45.0,29.0,29.0,,,,,47.0,47.0,47.0,20.0,22.0,,,,,,,,,,,,,,,,,14.0,49.0,,,45.0,47.0,,,,57.0,60.0,60.0,27.0,27.0,14.0,,,,,,,17.0,,,,,34.0,44.0,,,25.0,,,44.0,20.0,,,,45.0
54,154.24425506591797,B2-01,R1,0,2,,,29.0,,,,,,,,,,,,22.0,,,45.0,20.0,,,,,45.0,45.0,12.0,12.0,,,,10.0,10.0,10.0,25.0,,29.0,,29.0,22.0,10.0,12.0,,40.0,40.0,40.0,15.0,17.0,15.0,,,,,,,,,,,,,,,,,37.0,30.0,30.0,,,,,,,,,30.0,37.0,,,,,,,,,,,,,,,,,12.0,20.0,,,,,,,,35.0,,,,,,,,,,,,,,,15.0,,,,55.0,74.0,74.0,44.0,44.0,,,,,,27.0,30.0,,,,,,,,,,,,,,,,,,,,,92.0,89.0,89.0,61.0,69.0,,,,,44.0,45.0,14.0,14.0,,,,,49.0,55.0,54.0,27.0,27.0,,19.0,,,,24.0,,,,,,24.0,,,,,,,,,,,,,,,,27.0,49.0,44.0,20.0,20.0,,,,,37.0,,39.0,30.0,32.0,32.0,,,,,,,,,,,,,,,,15.0,30.0,,,54.0,52.0,,,,57.0,54.0,54.0,22.0,,,,,,,,,,,,,,35.0,,,,37.0,,37.0,35.0,27.0,,,,37.0
55,156.24695706367493,B2-01,R1,0,2,,,24.0,,,,,,14.0,,,,,,24.0,34.0,,42.0,19.0,,17.0,,,40.0,40.0,12.0,12.0,17.0,17.0,,17.0,15.0,17.0,39.0,29.0,27.0,35.0,42.0,34.0,,12.0,12.0,42.0,37.0,37.0,10.0,,,,27.0,27.0,,,,,,,14.0,,,,,,,,29.0,,15.0,,9.0,,,27.0,34.0,25.0,32.0,,,,,,,,,,,,,,,,,,,17.0,,29.0,,,,,,,14.0,15.0,14.0,,,,,,,,,15.0,,,20.0,,,,65.0,64.0,64.0,60.0,60.0,,,25.0,24.0,,25.0,,,,,,,,12.0,,,,,,,39.0,35.0,37.0,,,,,82.0,87.0,97.0,53.0,67.0,,,,47.0,50.0,47.0,14.0,15.0,,,,,52.0,47.0,54.0,29.0,29.0,,22.0,,,19.0,24.0,22.0,,,,40.0,44.0,42.0,,,12.0,,,,,,,,,,,,44.0,52.0,45.0,29.0,29.0,,,,,47.0,47.0,47.0,20.0,22.0,,,,,,,,,,,,,,,,,14.0,49.0,,,45.0,47.0,,,,57.0,60.0,60.0,27.0,27.0,14.0,,,,,,,17.0,,,,,34.0,44.0,,,25.0,,,44.0,20.0,,,,45.0
56,158.8789074420929,B2-01,R1,0,2,,,27.0,,,,,,14.0,,,,,,24.0,35.0,22.0,39.0,19.0,,17.0,,,42.0,42.0,12.0,12.0,17.0,17.0,,17.0,15.0,17.0,39.0,29.0,27.0,35.0,42.0,22.0,,12.0,12.0,30.0,37.0,37.0,10.0,,,32.0,30.0,27.0,,,,,,,14.0,,,,,,,,29.0,,15.0,,9.0,,,25.0,34.0,20.0,,,,,,,,,,,,,,,,,,,,17.0,,,,,,,,,14.0,15.0,14.0,,,,,,,,,15.0,,,20.0,,,,59.0,80.0,64.0,55.0,55.0,,,25.0,24.0,,25.0,,,,,,,,12.0,,,,,,,24.0,24.0,37.0,,,,,82.0,85.0,97.0,57.0,55.0,,,,42.0,50.0,47.0,17.0,15.0,15.0,,,,52.0,47.0,54.0,19.0,19.0,,,,,19.0,24.0,22.0,,,,40.0,44.0,42.0,,,12.0,,,,,,,,,,,,55.0,52.0,45.0,19.0,19.0,,,,,49.0,54.0,54.0,25.0,25.0,,,,,,,,,,,,,,,,,14.0,40.0,,,39.0,40.0,,,,57.0,65.0,65.0,25.0,25.0,14.0,,,,,,,17.0,,,,,27.0,44.0,,,25.0,,,39.0,20.0,,,,39.0
57,160.4967610836029,B2-01,R1,0,2,,,25.0,,,,,,,,,,,,29.0,29.0,,10.0,17.0,,,,,45.0,27.0,12.0,12.0,,,,12.0,12.0,10.0,27.0,30.0,29.0,24.0,29.0,22.0,10.0,12.0,,37.0,40.0,40.0,17.0,17.0,15.0,22.0,,,,,,,,,,,,,,,,37.0,30.0,30.0,,,,,,,,44.0,42.0,37.0,,,,,,,,,,,,,,,,,12.0,20.0,,,,,,,,35.0,14.0,14.0,,,,,,,,,,,,20.0,15.0,,,,55.0,74.0,74.0,42.0,42.0,,15.0,,,,27.0,30.0,,,,,,,,,,,,,,,,,,,,,80.0,89.0,89.0,62.0,62.0,,,,,44.0,45.0,12.0,10.0,,,,,44.0,55.0,54.0,30.0,29.0,,19.0,,,,24.0,,,,,,24.0,,,,,,,,,,,,,,,,49.0,49.0,44.0,24.0,25.0,,,,,37.0,,39.0,25.0,25.0,32.0,,,,,,,,,,,,,,,,15.0,50.0,,,34.0,35.0,,,,74.0,54.0,54.0,25.0,25.0,,,,,,,,,,,,,30.0,,,,30.0,,32.0,29.0,20.0,,,,27.0
58,161.50602316856384,B2-01,R1,0,2,,,27.0,,,,,,14.0,,,,,,24.0,35.0,22.0,39.0,19.0,,17.0,,,42.0,42.0,12.0,12.0,17.0,17.0,,17.0,15.0,17.0,39.0,29.0,27.0,35.0,42.0,22.0,,12.0,12.0,30.0,37.0,37.0,10.0,,,32.0,30.0,27.0,,,,,,,14.0,,,,,,,,29.0,,15.0,,9.0,,,25.0,34.0,20.0,,,,,,,,,,,,,,,,,,,,17.0,,,,,,,,,14.0,15.0,14.0,,,,,,,,,15.0,,,20.0,,,,59.0,80.0,64.0,55.0,55.0,,,25.0,24.0,,25.0,,,,,,,,12.0,,,,,,,24.0,24.0,37.0,,,,,82.0,85.0,97.0,54.0,55.0,,,,42.0,50.0,47.0,17.0,15.0,15.0,,,,52.0,47.0,54.0,19.0,19.0,,,,,19.0,24.0,22.0,,,,40.0,44.0,42.0,,,12.0,,,,,,,,,,,,55.0,52.0,45.0,19.0,19.0,,,,,49.0,54.0,54.0,25.0,25.0,,,,,,,,,,,,,,,,,14.0,40.0,,,39.0,40.0,,,,57.0,65.0,65.0,25.0,25.0,14.0,,,,,,,17.0,,,,,27.0,44.0,,,25.0,,,39.0,20.0,,,,39.0
59,167.743638753891,B2-01,R1,0,2,32.0,,44.0,,,,,,14.0,,,,,,30.0,35.0,22.0,54.0,17.0,,27.0,,,35.0,42.0,12.0,12.0,17.0,17.0,,17.0,15.0,17.0,39.0,29.0,27.0,37.0,40.0,37.0,,12.0,12.0,30.0,42.0,42.0,10.0,,,32.0,30.0,25.0,,,,,,,14.0,,,,,,,,29.0,,15.0,,9.0,,,25.0,34.0,20.0,,,,,,,,,,,,,,,,,,,,17.0,,,,,,,29.0,30.0,14.0,15.0,14.0,,,,,,,,,9.0,,,20.0,,,,69.0,80.0,,64.0,64.0,,,25.0,19.0,,25.0,,,,,,,,12.0,,,,,,,34.0,24.0,37.0,,10.0,,,99.0,85.0,90.0,56.0,67.0,,,,35.0,45.0,45.0,12.0,14.0,14.0,,,,52.0,54.0,54.0,32.0,32.0,,,,,19.0,24.0,22.0,,,,45.0,44.0,42.0,,,15.0,,,,,,,,,15.0,,,24.0,52.0,45.0,22.0,22.0,,,,,42.0,52.0,52.0,20.0,22.0,,,,,,,,,,,,,,,,,14.0,44.0,,,54.0,52.0,,,,55.0,65.0,65.0,22.0,20.0,14.0,,,19.0,,,,17.0,,,,,27.0,44.0,,,25.0,,,39.0,24.0,,,,39.0
60,170.40329337120056,B2-01,R1,0,2,,,25.0,,,,,,,,,,,,15.0,20.0,,22.0,15.0,,,,,45.0,27.0,12.0,12.0,,,,12.0,12.0,10.0,27.0,30.0,29.0,19.0,17.0,22.0,10.0,12.0,,30.0,35.0,35.0,17.0,17.0,15.0,17.0,,,,,,,,,,,,,,,,15.0,30.0,30.0,,,,,,,,44.0,42.0,37.0,,,,,,,,,,,,,,,,,12.0,20.0,,,,,,,,35.0,14.0,14.0,,,,,,,,,,,,20.0,15.0,,,,57.0,55.0,55.0,40.0,40.0,,15.0,,,,27.0,30.0,,,,,,,,,,,,,,17.0,,,,,,,67.0,69.0,70.0,70.0,70.0,,,,,44.0,44.0,14.0,15.0,,,,,44.0,55.0,54.0,30.0,30.0,,19.0,,,,24.0,,,,,,24.0,,,,,,,,,,,,,,,,44.0,42.0,44.0,24.0,10.0,,,,,37.0,,39.0,24.0,22.0,32.0,,,,,,,,,,,,,,19.0,,15.0,27.0,,,29.0,30.0,,,,74.0,54.0,54.0,25.0,12.0,,,,,,,,,,,,,30.0,,,,30.0,,32.0,29.0,20.0,,,,30.0
61,173.0277292728424,B2-01,R1,0,2,,,25.0,,,,,,,,,,,,15.0,20.0,,22.0,15.0,,,,,45.0,27.0,12.0,12.0,,,,12.0,12.0,10.0,27.0,30.0,29.0,19.0,17.0,22.0,10.0,12.0,,30.0,35.0,35.0,17.0,17.0,15.0,17.0,,,,,,,,,,,,,,,,15.0,30.0,30.0,,,,,,,,44.0,42.0,37.0,,,,,,,,,,,,,,,,,12.0,20.0,,,,,,,,35.0,14.0,14.0,,,,,,,,,,,,20.0,15.0,,,,57.0,55.0,55.0,40.0,40.0,,15.0,,,,27.0,30.0,,,,,,,,,,,,,,17.0,,,,,,,67.0,69.0,70.0,61.0,70.0,,,,,44.0,44.0,14.0,15.0,,,,,44.0,55.0,54.0,30.0,30.0,,19.0,,,,24.0,,,,,,24.0,,,,,,,,,,,,,,,,44.0,42.0,44.0,24.0,10.0,,,,,37.0,,39.0,24.0,22.0,32.0,,,,,,,,,,,,,,19.0,,15.0,27.0,,,29.0,30.0,,,,74.0,54.0,54.0,25.0,12.0,,,,,,,,,,,,,30.0,,,,30.0,,32.0,29.0,20.0,,,,30.0
62,174.00501322746277,B2-01,R1,0,2,32.0,,17.0,,,,,,,,,,,,30.0,32.0,22.0,40.0,17.0,,27.0,,,35.0,42.0,,,17.0,17.0,,10.0,14.0,14.0,39.0,29.0,30.0,27.0,15.0,32.0,,12.0,12.0,47.0,42.0,42.0,10.0,,,32.0,30.0,29.0,,,,,,,,,,,,,,30.0,24.0,22.0,15.0,,9.0,,,25.0,34.0,20.0,,,,,,,,,,,,,,,,,,,,,,,,,,,29.0,30.0,14.0,15.0,14.0,,,,,,,,,15.0,,,20.0,,,,54.0,80.0,82.0,60.0,60.0,,29.0,,19.0,,,,,,,,,,,,,,,,,34.0,24.0,,,10.0,,,89.0,85.0,87.0,65.0,65.0,,,,29.0,44.0,44.0,12.0,14.0,14.0,,,,52.0,54.0,54.0,29.0,29.0,,,,,,24.0,,,,,45.0,44.0,42.0,,,15.0,,,,,,,,,15.0,,,54.0,60.0,50.0,10.0,14.0,,,,,20.0,47.0,47.0,17.0,17.0,,,,,,,,,,,,,,,,,15.0,35.0,,,35.0,34.0,,,,77.0,65.0,65.0,22.0,20.0,14.0,,,19.0,,,,17.0,,,,,27.0,40.0,,,40.0,,,39.0,24.0,,,,40.0
63,179.29625844955444,B2-01,R1,0,2,,,40.0,,,,,,20.0,,,,,,15.0,20.0,,22.0,27.0,,,,,45.0,27.0,12.0,12.0,15.0,14.0,,15.0,15.0,15.0,25.0,30.0,27.0,19.0,17.0,22.0,10.0,12.0,,30.0,35.0,42.0,17.0,17.0,15.0,17.0,,,,,,,,,,,,,,,,15.0,29.0,30.0,,,,,,,,44.0,42.0,37.0,,,,,,,,,,,,,,,,,12.0,20.0,,,,,,,,35.0,14.0,14.0,,,,,,,,,,,,25.0,22.0,,,,60.0,65.0,65.0,40.0,40.0,,15.0,,,,27.0,30.0,,,,,,,,,,,,,,17.0,,,,,,,47.0,69.0,70.0,63.0,74.0,,,,,62.0,44.0,12.0,15.0,,,,,44.0,55.0,,17.0,19.0,,,,,,24.0,,,,,45.0,35.0,34.0,,,,,,,,,,,,,,,37.0,44.0,44.0,12.0,15.0,,,,,37.0,47.0,47.0,24.0,24.0,32.0,,,,,,,,,,,,,,19.0,,15.0,27.0,,,29.0,30.0,,,,72.0,54.0,69.0,22.0,20.0,,,,,,29.0,,,,,,,30.0,,,29.0,30.0,,32.0,35.0,20.0,,,,35.0
64,183.88048577308652,B2-01,R1,0,2,32.0,,39.0,,,,,,,,,,,,27.0,32.0,22.0,45.0,15.0,,27.0,,,40.0,40.0,,,17.0,17.0,,10.0,14.0,14.0,47.0,40.0,30.0,27.0,47.0,32.0,,12.0,12.0,47.0,42.0,44.0,10.0,,,32.0,30.0,29.0,,,,,,,10.0,19.0,24.0,,,,,30.0,24.0,22.0,30.0,,9.0,,,24.0,,22.0,,,,,,,,,,,,,,,,,,,,,24.0,,,,,,29.0,30.0,14.0,15.0,14.0,,,,,,,,,15.0,,,,,,,67.0,80.0,77.0,49.0,49.0,,29.0,22.0,24.0,25.0,29.0,,,,,,,,,,,,,,,34.0,24.0,,,10.0,,,75.0,85.0,87.0,60.0,72.0,,,,29.0,44.0,44.0,14.0,15.0,14.0,,,,55.0,57.0,54.0,24.0,24.0,,,,,,24.0,,,,,34.0,44.0,37.0,,,15.0,,,,,,,,,15.0,,,54.0,60.0,50.0,20.0,20.0,,,,,20.0,47.0,52.0,24.0,22.0,,,,,,,,,,,,,,,,,15.0,44.0,,,47.0,49.0,,,,50.0,65.0,65.0,20.0,22.0,20.0,,,19.0,,,,17.0,,,,,27.0,40.0,,,40.0,,,45.0,24.0,,,,40.0
65,185.54197311401367,B2-01,R1,0,2,,,20.0,,,,,,20.0,,,,,,15.0,32.0,,42.0,14.0,,,,,29.0,30.0,12.0,12.0,15.0,17.0,,15.0,10.0,17.0,25.0,30.0,27.0,19.0,17.0,27.0,,,,22.0,44.0,44.0,17.0,17.0,,17.0,,,,,,,,,,,,,,,,15.0,29.0,30.0,,,,,,,,35.0,30.0,37.0,,,,,,,,,,,,,,,,,12.0,,,,,,,,,,14.0,14.0,,,,,,,,,,,,25.0,22.0,,,,45.0,59.0,59.0,39.0,39.0,,15.0,,,,,,,,,,,,,,,,,,,17.0,,,,,,,84.0,80.0,80.0,69.0,69.0,,,,,47.0,44.0,12.0,15.0,,,,,49.0,60.0,60.0,19.0,19.0,,,,,,24.0,,,,,45.0,35.0,34.0,,,,,,,,,,,,,,,32.0,42.0,44.0,10.0,12.0,,,,,,47.0,44.0,19.0,17.0,32.0,,,,,,,,,,,,,,29.0,,15.0,27.0,,,30.0,29.0,,,,49.0,49.0,47.0,19.0,19.0,,,,,,29.0,,,,,,,30.0,32.0,,29.0,30.0,,32.0,34.0,20.0,,,,35.0
66,190.14731812477112,B2-01,R1,0,2,32.0,,39.0,,,,,,,,,,,,27.0,27.0,22.0,47.0,15.0,,27.0,,,50.0,52.0,,,17.0,15.0,,17.0,15.0,17.0,47.0,40.0,30.0,27.0,27.0,32.0,15.0,15.0,,30.0,42.0,44.0,,,,32.0,30.0,29.0,,,,,,,10.0,19.0,24.0,,,,,30.0,24.0,25.0,22.0,,,,,24.0,,22.0,,,,,,,,,,,,,,,,,,,,,24.0,,,,,,29.0,30.0,,,,,,,,,,,,20.0,,,,,,,40.0,65.0,77.0,52.0,52.0,,29.0,22.0,24.0,25.0,29.0,,,,,,,,,,,,,,,34.0,24.0,25.0,,10.0,,,82.0,75.0,75.0,61.0,57.0,,,,37.0,52.0,52.0,14.0,15.0,14.0,,,,29.0,47.0,54.0,19.0,19.0,,,,,,,,,,,34.0,,37.0,,,15.0,,,,,,,,,15.0,,,37.0,49.0,50.0,20.0,20.0,,,,,40.0,45.0,45.0,27.0,25.0,,,,,,,,,,,,,,,,,15.0,42.0,,,35.0,49.0,,,,60.0,65.0,65.0,24.0,24.0,20.0,,,19.0,,,,,,,,,27.0,30.0,,,34.0,,,45.0,24.0,,,,40.0
67,191.7993986606598,B2-01,R1,0,2,,,20.0,,,,,,20.0,,,,,,15.0,32.0,,42.0,14.0,,,,,29.0,30.0,12.0,12.0,15.0,17.0,,15.0,10.0,17.0,25.0,30.0,27.0,19.0,17.0,27.0,,,,22.0,44.0,44.0,17.0,17.0,,17.0,,,,,,,,,,,,,,,,15.0,29.0,30.0,,,,,,,,35.0,30.0,37.0,,,,,,,,,,,,,,,,,12.0,,,,,,,,,,14.0,14.0,,,,,,,,,,,,25.0,22.0,,,,45.0,59.0,59.0,39.0,39.0,,15.0,,,,,,,,,,,,,,,,,,,17.0,,,,,,,84.0,80.0,80.0,66.0,69.0,,,,,47.0,44.0,12.0,15.0,,,,,49.0,60.0,60.0,19.0,19.0,,,,,,24.0,,,,,45.0,35.0,34.0,,,,,,,,,,,,,,,32.0,42.0,44.0,10.0,12.0,,,,,,47.0,44.0,19.0,17.0,32.0,,,,,,,,,,,,,,29.0,,15.0,27.0,,,30.0,29.0,,,,49.0,49.0,47.0,19.0,19.0,,,,,,29.0,,,,,,,30.0,32.0,,29.0,30.0,,32.0,34.0,20.0,,,,35.0
68,194.41971588134768,B2-01,R1,0,2,,,42.0,,,,,,20.0,,,,,,15.0,32.0,,42.0,25.0,,,,,29.0,30.0,,,14.0,14.0,,12.0,14.0,14.0,25.0,30.0,27.0,24.0,17.0,27.0,,,,30.0,34.0,35.0,17.0,17.0,,17.0,,39.0,,,,,,,,,,,,,,15.0,29.0,34.0,,,,,,35.0,,35.0,35.0,42.0,,,,,,,,,,,,,,,,,14.0,,,,,,,,,,14.0,14.0,,,,,,,,,,,,25.0,17.0,,,,74.0,82.0,59.0,45.0,45.0,,15.0,,,,15.0,,,,,,,,,,,,,,,17.0,,,,,,,32.0,80.0,80.0,70.0,69.0,,,,,47.0,64.0,19.0,17.0,,,,,49.0,64.0,60.0,29.0,29.0,,,,,,,,,,,45.0,35.0,34.0,,,,,,,,,,,,,,,45.0,42.0,44.0,20.0,20.0,,,,,50.0,47.0,52.0,32.0,34.0,,,,,,,,,,,,,,,29.0,,,27.0,,,30.0,54.0,,,,67.0,49.0,47.0,22.0,22.0,,,,,,29.0,,24.0,,,,,34.0,32.0,,29.0,30.0,,32.0,34.0,20.0,,,,35.0
69,197.05003929138184,B2-01,R1,0,2,,,42.0,,,,,,20.0,,,,,,15.0,32.0,,42.0,25.0,,,,,29.0,30.0,,,14.0,14.0,,12.0,14.0,14.0,25.0,30.0,27.0,24.0,17.0,27.0,,,,30.0,34.0,35.0,17.0,17.0,,17.0,,39.0,,,,,,,,,,,,,,15.0,29.0,34.0,,,,,,35.0,,35.0,35.0,42.0,,,,,,,,,,,,,,,,,14.0,,,,,,,,,,14.0,14.0,,,,,,,,,,,,25.0,17.0,,,,74.0,82.0,59.0,45.0,45.0,,15.0,,,,15.0,,,,,,,,,,,,,,,17.0,,,,,,,32.0,80.0,80.0,59.0,69.0,,,,,47.0,64.0,19.0,17.0,,,,,49.0,64.0,60.0,29.0,29.0,,,,,,,,,,,45.0,35.0,34.0,,,,,,,,,,,,,,,45.0,42.0,44.0,20.0,20.0,,,,,50.0,47.0,52.0,32.0,34.0,,,,,,,,,,,,,,,29.0,,,27.0,,,30.0,54.0,,,,67.0,49.0,47.0,22.0,22.0,,,,,,29.0,,24.0,,,,,34.0,32.0,,29.0,30.0,,32.0,34.0,20.0,,,,35.0
70,200.00083708763125,B2-01,R1,0,2,32.0,,39.0,,,,,,19.0,,,,,,27.0,27.0,15.0,54.0,15.0,,27.0,,,45.0,47.0,,,19.0,17.0,,17.0,19.0,17.0,39.0,35.0,35.0,35.0,40.0,40.0,15.0,15.0,,30.0,34.0,35.0,17.0,19.0,,,30.0,32.0,,,,,,,10.0,19.0,24.0,,,,,30.0,24.0,25.0,34.0,,,,,24.0,29.0,24.0,,29.0,,,,,,,,,,,,,,,,,,,24.0,,,,,,29.0,29.0,19.0,17.0,,,,,,,,,,22.0,,,,,,,59.0,65.0,77.0,52.0,62.0,,29.0,22.0,24.0,25.0,29.0,,,,,,,,12.0,,,,,,,34.0,,25.0,,10.0,,,95.0,95.0,95.0,60.0,60.0,,,,47.0,54.0,54.0,15.0,15.0,14.0,,,,50.0,55.0,54.0,14.0,15.0,,,,,,24.0,,,,,34.0,,37.0,,,15.0,,,,,,,,,15.0,,,37.0,50.0,50.0,29.0,29.0,,,,,27.0,45.0,45.0,27.0,25.0,,,,,,,,,,,,,,,,,15.0,32.0,,,40.0,49.0,,,,52.0,,,22.0,24.0,20.0,,,19.0,,,,,,,,,27.0,30.0,,,34.0,,,45.0,24.0,,,34.0,40.0
71,202.6448175907135,B2-01,R1,0,2,32.0,,39.0,,,,,,19.0,,,,,,27.0,27.0,15.0,54.0,15.0,,27.0,,,45.0,47.0,,,19.0,17.0,,17.0,19.0,17.0,39.0,35.0,35.0,35.0,40.0,40.0,15.0,15.0,,30.0,34.0,35.0,17.0,19.0,,,30.0,32.0,,,,,,,10.0,19.0,24.0,,,,,30.0,24.0,25.0,34.0,,,,,24.0,29.0,24.0,,29.0,,,,,,,,,,,,,,,,,,,24.0,,,,,,29.0,29.0,19.0,17.0,,,,,,,,,,22.0,,,,,,,59.0,65.0,77.0,52.0,62.0,,29.0,22.0,24.0,25.0,29.0,,,,,,,,12.0,,,,,,,34.0,,25.0,,10.0,,,95.0,95.0,95.0,62.0,60.0,,,,47.0,54.0,54.0,15.0,15.0,14.0,,,,50.0,55.0,54.0,14.0,15.0,,,,,,24.0,,,,,34.0,,37.0,,,15.0,,,,,,,,,15.0,,,37.0,50.0,50.0,29.0,29.0,,,,,27.0,45.0,45.0,27.0,25.0,,,,,,,,,,,,,,,,,15.0,32.0,,,40.0,49.0,,,,52.0,,,22.0,24.0,20.0,,,19.0,,,,,,,,,27.0,30.0,,,34.0,,,45.0,24.0,,,34.0,40.0
72,203.39461088180545,B2-01,R1,0,2,24.0,,42.0,,,,,,20.0,,,,,,27.0,29.0,,52.0,20.0,,,,,29.0,37.0,,,14.0,14.0,,12.0,14.0,14.0,25.0,,27.0,25.0,24.0,22.0,,,,32.0,44.0,44.0,,,,17.0,,39.0,,,,,,,,,,,,,,15.0,29.0,34.0,,,,,,35.0,37.0,35.0,35.0,42.0,,,,,,,,,,,,,,,,,14.0,,,,,,,,,,,,,,,,,,,,,,,25.0,17.0,,,,60.0,60.0,60.0,34.0,34.0,,,,,,15.0,,,,,,,,,,,,,,,17.0,,,,,,,99.0,97.0,97.0,57.0,62.0,,,,49.0,55.0,55.0,19.0,17.0,,,,,50.0,64.0,45.0,25.0,25.0,,,,,,,,,,,45.0,35.0,34.0,,,,,,,,,,,,,,,45.0,42.0,44.0,12.0,9.0,,,,,50.0,47.0,35.0,22.0,22.0,,,,,,,,,,,,,,,29.0,,,35.0,,,30.0,35.0,,,,35.0,49.0,47.0,17.0,22.0,,,,,,29.0,,24.0,,,,,34.0,32.0,,29.0,32.0,,,34.0,,,,,32.0
73,205.29428720474243,B2-01,R1,0,2,,,37.0,,,,,,19.0,,,,,,27.0,30.0,15.0,45.0,17.0,,,,,44.0,44.0,,,19.0,17.0,,17.0,19.0,17.0,30.0,35.0,35.0,35.0,40.0,40.0,22.0,24.0,,40.0,44.0,44.0,17.0,19.0,,24.0,27.0,25.0,,,,,,,10.0,19.0,24.0,,,,,30.0,24.0,25.0,34.0,,,,,24.0,29.0,24.0,22.0,29.0,,,,,,,,,,,,,,,,,,,24.0,,,,,,,29.0,19.0,17.0,,,,,,,,,,17.0,,,,,,,15.0,75.0,74.0,55.0,55.0,,29.0,22.0,24.0,25.0,29.0,,,,,,,,12.0,,,,,,,32.0,25.0,27.0,,,,,92.0,87.0,87.0,62.0,62.0,,,,42.0,57.0,54.0,14.0,12.0,,,,,39.0,47.0,,20.0,20.0,,,,,,24.0,,,,,29.0,,37.0,,,,,,,,,,,,,,,50.0,50.0,50.0,20.0,19.0,,,,,29.0,45.0,45.0,20.0,20.0,,,,,,,,,,,,,,,,,15.0,35.0,,,37.0,40.0,,,,60.0,55.0,55.0,27.0,27.0,20.0,,,,,,,,,,,,27.0,30.0,,,34.0,,,45.0,19.0,,,34.0,44.0
74,209.6320607662201,B2-01,R1,0,2,24.0,,27.0,,,,,,20.0,,,,,,27.0,29.0,,47.0,15.0,,,,25.0,29.0,37.0,,,14.0,14.0,,12.0,14.0,14.0,29.0,32.0,30.0,25.0,24.0,22.0,,,,35.0,49.0,50.0,,14.0,,,,39.0,,,,,,,,,,,,,,34.0,30.0,30.0,29.0,,,,,35.0,37.0,35.0,32.0,42.0,,,,,,,,,,,,,,,,,14.0,,,,,,,25.0,35.0,,,,,,,,,,,,,,,25.0,17.0,,,,60.0,79.0,79.0,45.0,45.0,,,,,,15.0,,,,,,,,,,,,,,,,19.0,,,,,,10.0,85.0,97.0,82.0,82.0,,,,49.0,55.0,55.0,12.0,12.0,,,,,44.0,64.0,45.0,27.0,27.0,,,,,,,,,,,45.0,35.0,34.0,,,,,,,,,,,,,,,50.0,42.0,,27.0,27.0,,,,,57.0,52.0,52.0,22.0,22.0,,,,,,,,,,,,,,,29.0,,,35.0,,,40.0,42.0,,,,30.0,49.0,47.0,27.0,27.0,,,,,,20.0,,24.0,,,,,22.0,37.0,,29.0,32.0,,,37.0,,,,,32.0
75,215.9298632144928,B2-01,R1,0,2,24.0,,27.0,,,,,,20.0,,,,,,27.0,29.0,,47.0,15.0,,,,25.0,29.0,37.0,,,14.0,14.0,,12.0,14.0,14.0,29.0,32.0,30.0,25.0,24.0,22.0,,,,35.0,49.0,50.0,,14.0,,,,39.0,,,,,,,,,,,,,,34.0,30.0,30.0,29.0,,,,,35.0,37.0,35.0,32.0,42.0,,,,,,,,,,,,,,,,,14.0,,,,,,,25.0,35.0,,,,,,,,,,,,,,,25.0,17.0,,,,60.0,79.0,79.0,45.0,45.0,,,,,,15.0,,,,,,,,,,,,,,,,19.0,,,,,,10.0,85.0,97.0,58.0,82.0,,,,49.0,55.0,55.0,12.0,12.0,,,,,44.0,64.0,45.0,27.0,27.0,,,,,,,,,,,45.0,35.0,34.0,,,,,,,,,,,,,,,50.0,42.0,,27.0,27.0,,,,,57.0,52.0,52.0,22.0,22.0,,,,,,,,,,,,,,,29.0,,,35.0,,,40.0,42.0,,,,30.0,49.0,47.0,27.0,27.0,,,,,,20.0,,24.0,,,,,22.0,37.0,,29.0,32.0,,,37.0,,,,,32.0
76,218.54472756385803,B2-01,R1,0,2,24.0,,20.0,,,,,,,,,29.0,,,25.0,29.0,,54.0,9.0,,,,25.0,29.0,27.0,,,12.0,14.0,,10.0,12.0,12.0,20.0,32.0,30.0,25.0,22.0,22.0,17.0,19.0,19.0,45.0,49.0,49.0,,14.0,,,,39.0,,,,,,,,,,,,,,22.0,30.0,30.0,29.0,,,,,35.0,37.0,35.0,32.0,42.0,,,,,,,,,,,,,,,,,14.0,,,,,,,25.0,35.0,,,,,,,,,,,,,,,25.0,20.0,,,,45.0,50.0,50.0,45.0,45.0,,,,,,15.0,,,,,,,,,,,,,,,15.0,19.0,,,,,,75.0,82.0,82.0,67.0,64.0,,,,49.0,55.0,55.0,15.0,17.0,,,,,19.0,55.0,55.0,27.0,25.0,,,,,,,,,,,,,,,,,,,,,,,,,,,,50.0,42.0,,15.0,17.0,,,,,49.0,40.0,40.0,22.0,22.0,,,,,,,,,,,,,,,29.0,,15.0,42.0,,,34.0,42.0,,,,49.0,44.0,42.0,20.0,22.0,,,,,,20.0,,24.0,,,,,27.0,30.0,,,34.0,,29.0,37.0,,,,29.0,32.0
77,224.8676085472107,B2-01,R1,0,2,29.0,,37.0,,,,,,,,,29.0,,,25.0,29.0,,55.0,9.0,,,,25.0,32.0,45.0,14.0,12.0,15.0,15.0,,15.0,15.0,19.0,20.0,32.0,30.0,25.0,29.0,22.0,17.0,19.0,19.0,35.0,49.0,49.0,,14.0,,,,39.0,12.0,,,,,,,,,,,,,22.0,30.0,30.0,29.0,,,,,25.0,27.0,35.0,25.0,42.0,,,,,,,,,,,,,,,,,14.0,,,,,,,25.0,35.0,,,,,,,,,,,,,,,29.0,20.0,,,,77.0,79.0,50.0,39.0,39.0,,,,,,10.0,,,,,,,,,,,,,22.0,,15.0,19.0,,,,,,75.0,82.0,82.0,63.0,74.0,,,,49.0,55.0,55.0,15.0,17.0,,,,,59.0,55.0,55.0,25.0,24.0,,,,,,,,,,,35.0,30.0,29.0,,,,,,,,,,,,,,,55.0,50.0,,29.0,29.0,,,,,57.0,54.0,54.0,37.0,37.0,,,,,,,,,,,,,,,,,15.0,42.0,,,54.0,54.0,,,,49.0,44.0,42.0,30.0,32.0,,,,,,20.0,,24.0,,,,,34.0,30.0,,34.0,24.0,,29.0,37.0,,,,34.0,32.0
78,234.83927750587463,B2-01,R1,0,2,29.0,,37.0,,,,,,,,,25.0,,,25.0,27.0,22.0,57.0,19.0,,,,25.0,32.0,37.0,14.0,12.0,15.0,15.0,,15.0,15.0,19.0,20.0,32.0,30.0,25.0,24.0,22.0,17.0,19.0,19.0,40.0,40.0,40.0,,14.0,,,,,12.0,,,,,,,,,,,,,22.0,30.0,30.0,29.0,,,,,25.0,27.0,22.0,25.0,,,,,,,,,,,,,,,,,,,,,,,,,25.0,35.0,,,,,,,,,,,,,,,29.0,17.0,,,,67.0,62.0,62.0,57.0,57.0,,,,,,10.0,,,,,,,,,,,,,22.0,,15.0,19.0,,,,,,77.0,80.0,80.0,80.0,80.0,,,,49.0,55.0,55.0,15.0,17.0,,,,,52.0,55.0,55.0,24.0,22.0,,,,,,22.0,,,,,35.0,30.0,29.0,,,,,,,,,,,,,,,44.0,50.0,,29.0,29.0,,,,,29.0,35.0,35.0,24.0,27.0,,,,,,,,,,,,,,,,,15.0,35.0,,,35.0,39.0,,,,44.0,42.0,42.0,22.0,32.0,,,,,,20.0,,,,,,,34.0,30.0,,34.0,29.0,,29.0,37.0,,,,25.0,27.0
79,236.9433870315552,B2-01,R1,0,3,,,45.0,,,,,,19.0,,,40.0,,,22.0,30.0,15.0,70.0,14.0,,,,,34.0,30.0,,,19.0,17.0,,17.0,19.0,17.0,30.0,34.0,34.0,22.0,40.0,22.0,22.0,22.0,,35.0,40.0,44.0,17.0,19.0,,24.0,27.0,25.0,,,,,,,,19.0,24.0,,,,,27.0,32.0,25.0,34.0,,,,,,24.0,24.0,30.0,24.0,,,,,17.0,,,,,,,,,,,,,,24.0,19.0,,,,,,29.0,10.0,12.0,,,,,,,,,,20.0,,,27.0,,,,57.0,62.0,62.0,29.0,29.0,,,22.0,24.0,25.0,29.0,,,,,,,,12.0,,,,,,,29.0,34.0,32.0,,,,,30.0,100.0,87.0,94.0,94.0,,,,54.0,52.0,52.0,37.0,37.0,,,,,84.0,75.0,75.0,42.0,42.0,,,,,,24.0,,,,,24.0,,37.0,,,,,,,,,,,,,,,47.0,50.0,,24.0,25.0,,,,,39.0,54.0,54.0,25.0,25.0,25.0,,,,,,,,,,,,,,,,,35.0,,,42.0,44.0,,,,52.0,49.0,49.0,29.0,27.0,20.0,,,,,,,15.0,,,,,32.0,25.0,,34.0,40.0,,32.0,45.0,30.0,,,30.0,40.0
80,237.4701931476593,B2-01,R1,0,2,29.0,,37.0,,,,,,,,,25.0,,,25.0,27.0,22.0,57.0,19.0,,,,25.0,32.0,37.0,14.0,12.0,15.0,15.0,,15.0,15.0,19.0,20.0,32.0,30.0,25.0,24.0,22.0,17.0,19.0,19.0,40.0,40.0,40.0,,14.0,,,,,12.0,,,,,,,,,,,,,22.0,30.0,30.0,29.0,,,,,25.0,27.0,22.0,25.0,,,,,,,,,,,,,,,,,,,,,,,,,25.0,35.0,,,,,,,,,,,,,,,29.0,17.0,,,,67.0,62.0,62.0,57.0,57.0,,,,,,10.0,,,,,,,,,,,,,22.0,,15.0,19.0,,,,,,77.0,80.0,80.0,68.0,80.0,,,,49.0,55.0,55.0,15.0,17.0,,,,,52.0,55.0,55.0,24.0,22.0,,,,,,22.0,,,,,35.0,30.0,29.0,,,,,,,,,,,,,,,44.0,50.0,,29.0,29.0,,,,,29.0,35.0,35.0,24.0,27.0,,,,,,,,,,,,,,,,,15.0,35.0,,,35.0,39.0,,,,44.0,42.0,42.0,22.0,32.0,,,,,,20.0,,,,,,,34.0,30.0,,34.0,29.0,,29.0,37.0,,,,25.0,27.0
81,239.5825457572937,B2-01,R1,0,3,,,45.0,,,,,,19.0,,,40.0,,,25.0,30.0,15.0,67.0,19.0,,20.0,,,32.0,34.0,,,,17.0,,17.0,19.0,17.0,30.0,34.0,34.0,22.0,40.0,22.0,20.0,22.0,,45.0,49.0,47.0,,19.0,,24.0,27.0,25.0,,,,,,,,,,,,,,27.0,32.0,25.0,34.0,,,,,,40.0,24.0,24.0,24.0,,,,,17.0,,,,,,,,,,,,,,,19.0,,,,,,29.0,10.0,12.0,,,,,,,,,,20.0,29.0,27.0,30.0,,,,65.0,85.0,85.0,50.0,52.0,,,,,27.0,29.0,25.0,,,,,,,,,,,,,,27.0,24.0,32.0,,,,,97.0,97.0,97.0,73.0,62.0,,,,62.0,52.0,52.0,25.0,25.0,,,,,34.0,75.0,75.0,30.0,30.0,,,,,,,,,,,49.0,45.0,,,,,,,,,,,,,,,,47.0,50.0,,30.0,29.0,,,,,39.0,52.0,54.0,32.0,32.0,25.0,,,,,,,,,,,,,,,,,47.0,,,30.0,29.0,,,,62.0,54.0,49.0,19.0,27.0,,,,,,,,15.0,,,,,32.0,25.0,,34.0,40.0,,32.0,,25.0,,,30.0,35.0
82,245.85299634933472,B2-01,R1,0,3,,,45.0,,,,,,,,,40.0,,,22.0,29.0,,59.0,19.0,,20.0,,,32.0,22.0,,,,,,,,,30.0,34.0,34.0,25.0,,22.0,20.0,22.0,,39.0,49.0,47.0,,,,,,,,,,,,,34.0,32.0,32.0,,,,,27.0,32.0,,,,,,,,40.0,37.0,35.0,37.0,,,,,17.0,,,,,,,,,,,,,,,19.0,,,,,,29.0,10.0,12.0,,,,,,,,,,20.0,29.0,27.0,30.0,,,,80.0,79.0,79.0,52.0,52.0,,,,,27.0,,25.0,,,,,,,,,,,,,,30.0,24.0,24.0,,,,,84.0,77.0,77.0,69.0,69.0,,,,62.0,52.0,52.0,34.0,34.0,,,,,34.0,75.0,74.0,34.0,35.0,,,,,,,,,,,49.0,45.0,,,,,,,,,,,,,,,,50.0,49.0,47.0,24.0,25.0,,,,,44.0,44.0,44.0,27.0,27.0,25.0,,,,,,,,,,,,,,,,,42.0,,,30.0,29.0,,,,52.0,45.0,47.0,14.0,,,,,,,,,15.0,,,,,32.0,25.0,,34.0,40.0,,32.0,30.0,25.0,,,30.0,35.0
83,252.10168528556824,B2-01,R1,0,3,,,45.0,,,,,,,,,40.0,,,22.0,29.0,,59.0,19.0,,20.0,,,32.0,22.0,,,,,,,,,30.0,34.0,34.0,25.0,,22.0,20.0,22.0,,39.0,49.0,47.0,,,,,,,,,,,,,34.0,32.0,32.0,,,,,27.0,32.0,,,,,,,,40.0,37.0,35.0,37.0,,,,,17.0,,,,,,,,,,,,,,,19.0,,,,,,29.0,10.0,12.0,,,,,,,,,,20.0,29.0,27.0,30.0,,,,80.0,79.0,79.0,52.0,52.0,,,,,27.0,,25.0,,,,,,,,,,,,,,30.0,24.0,24.0,,,,,84.0,77.0,77.0,65.0,69.0,,,,62.0,52.0,52.0,34.0,34.0,,,,,34.0,75.0,74.0,34.0,35.0,,,,,,,,,,,49.0,45.0,,,,,,,,,,,,,,,,50.0,49.0,47.0,24.0,25.0,,,,,44.0,44.0,44.0,27.0,27.0,25.0,,,,,,,,,,,,,,,,,42.0,,,30.0,29.0,,,,52.0,45.0,47.0,14.0,,,,,,,,,15.0,,,,,32.0,25.0,,34.0,40.0,,32.0,30.0,25.0,,,30.0,35.0
84,254.7396240234375,B2-01,R1,0,3,14.0,,,,,,,,,,,,,,22.0,35.0,,47.0,27.0,,20.0,,,44.0,47.0,,,,,,,,,30.0,,25.0,24.0,,22.0,20.0,22.0,,39.0,49.0,47.0,,,,,,,,,,,,,34.0,32.0,32.0,,,,,12.0,,17.0,,,,,,,40.0,40.0,39.0,37.0,,,,,17.0,,,,,,,,,,,,,,,,,,,,,22.0,,,,,,,,,,,,22.0,29.0,27.0,30.0,,,,80.0,75.0,79.0,40.0,40.0,,,,,27.0,,25.0,,,,,,,,,,,,,,27.0,24.0,24.0,,,,,97.0,90.0,90.0,85.0,85.0,,,,60.0,64.0,64.0,34.0,35.0,,,,,52.0,74.0,74.0,27.0,27.0,,,,,,,,,,,49.0,45.0,,,,,,,,,,,,,,,,50.0,49.0,47.0,17.0,15.0,,,,,47.0,44.0,44.0,34.0,34.0,25.0,,,,,,,,,,,,,,35.0,,,42.0,,,35.0,35.0,,,,47.0,47.0,47.0,14.0,,,,,,,,,,,,,,29.0,25.0,,27.0,,,29.0,42.0,20.0,,,29.0,35.0
85,257.3596558570862,B2-01,R1,0,3,14.0,,,,,,,,,,,,,,22.0,35.0,,47.0,27.0,,20.0,,,44.0,47.0,,,,,,,,,30.0,,25.0,24.0,,22.0,20.0,22.0,,39.0,49.0,47.0,,,,,,,,,,,,,34.0,32.0,32.0,,,,,12.0,,17.0,,,,,,,40.0,40.0,39.0,37.0,,,,,17.0,,,,,,,,,,,,,,,,,,,,,22.0,,,,,,,,,,,,22.0,29.0,27.0,30.0,,,,80.0,75.0,79.0,40.0,40.0,,,,,27.0,,25.0,,,,,,,,,,,,,,27.0,24.0,24.0,,,,,97.0,90.0,90.0,73.0,85.0,,,,60.0,64.0,64.0,34.0,35.0,,,,,52.0,74.0,74.0,27.0,27.0,,,,,,,,,,,49.0,45.0,,,,,,,,,,,,,,,,50.0,49.0,47.0,17.0,15.0,,,,,47.0,44.0,44.0,34.0,34.0,25.0,,,,,,,,,,,,,,35.0,,,42.0,,,35.0,35.0,,,,47.0,47.0,47.0,14.0,,,,,,,,,,,,,,29.0,25.0,,27.0,,,29.0,42.0,20.0,,,29.0,35.0
86,263.62275314331055,B2-01,R1,0,3,14.0,,,,,,,,,,,,,,22.0,35.0,,57.0,29.0,,20.0,,,44.0,47.0,,,,,,,,,30.0,,25.0,24.0,,22.0,14.0,22.0,,37.0,49.0,47.0,,,,,,,,,,,,,34.0,32.0,32.0,,,,,12.0,,17.0,,,,,,,40.0,40.0,39.0,37.0,,,,,17.0,,,,,,,,,,,,,,,,,,,,,22.0,,,,,,,,,,,,22.0,29.0,27.0,30.0,,,,54.0,77.0,79.0,49.0,50.0,,,,,27.0,,25.0,,,,,,,,,,,,,,35.0,24.0,24.0,,,,,90.0,87.0,89.0,69.0,69.0,,,,55.0,55.0,64.0,30.0,29.0,,,,,59.0,65.0,74.0,34.0,32.0,,,,,,,,,,,42.0,45.0,,,,,,,,,,,,,,,,52.0,49.0,50.0,25.0,24.0,,,,,47.0,44.0,44.0,30.0,29.0,25.0,,,,,,,,,,,,,,35.0,,15.0,40.0,,,34.0,35.0,,,,55.0,49.0,50.0,14.0,,,,,,,,,,,,,,29.0,25.0,,27.0,,,29.0,40.0,20.0,,,29.0,40.0
87,273.5210494995117,B2-01,R1,0,3,14.0,,,,,,,,,,,39.0,,,29.0,35.0,,59.0,25.0,,20.0,49.0,,39.0,39.0,,,,,,7.0,12.0,10.0,30.0,32.0,32.0,30.0,32.0,32.0,14.0,22.0,,55.0,49.0,45.0,,,,20.0,25.0,,,,,,,,34.0,32.0,32.0,,,,,12.0,,17.0,22.0,,,,,,40.0,32.0,32.0,32.0,,,,,17.0,,,,,,,,,,,,,,,,,,,,,22.0,,,,,,,,,,,,22.0,29.0,27.0,22.0,,,,82.0,74.0,77.0,40.0,50.0,,,,,27.0,,25.0,,,,,,,,,,,,,,9.0,30.0,30.0,,,,,94.0,97.0,95.0,74.0,74.0,,,,40.0,55.0,64.0,39.0,39.0,,,,,44.0,74.0,74.0,22.0,20.0,,12.0,,,,,,,,,42.0,45.0,,,,,,,,,,,,,,,,52.0,49.0,50.0,25.0,14.0,,,,,47.0,44.0,42.0,34.0,34.0,25.0,,,,,,,,,,,,,,35.0,,15.0,40.0,,,29.0,27.0,,,,42.0,52.0,52.0,14.0,,,,,,,,,,,,,,29.0,37.0,,27.0,39.0,,29.0,37.0,22.0,,,22.0,37.0
88,276.15624237060547,B2-01,R1,0,3,14.0,,,,,,,,,,,39.0,,,29.0,35.0,,59.0,25.0,,20.0,49.0,,39.0,39.0,,,,,,7.0,12.0,10.0,30.0,32.0,32.0,30.0,32.0,32.0,14.0,22.0,,55.0,49.0,45.0,,,,20.0,25.0,,,,,,,,34.0,32.0,32.0,,,,,12.0,,17.0,22.0,,,,,,40.0,32.0,32.0,32.0,,,,,17.0,,,,,,,,,,,,,,,,,,,,,22.0,,,,,,,,,,,,22.0,29.0,27.0,22.0,,,,82.0,74.0,77.0,40.0,50.0,,,,,27.0,,25.0,,,,,,,,,,,,,,9.0,30.0,30.0,,,,,94.0,97.0,95.0,73.0,74.0,,,,40.0,55.0,64.0,39.0,39.0,,,,,44.0,74.0,74.0,22.0,20.0,,12.0,,,,,,,,,42.0,45.0,,,,,,,,,,,,,,,,52.0,49.0,50.0,25.0,14.0,,,,,47.0,44.0,42.0,34.0,34.0,25.0,,,,,,,,,,,,,,35.0,,15.0,40.0,,,29.0,27.0,,,,42.0,52.0,52.0,14.0,,,,,,,,,,,,,,29.0,37.0,,27.0,39.0,,29.0,37.0,22.0,,,22.0,37.0
89,276.63277792930603,B2-01,R1,0,3,30.0,,34.0,,,,,,,,,35.0,,,25.0,27.0,22.0,64.0,22.0,,,,27.0,39.0,25.0,10.0,10.0,15.0,15.0,,12.0,15.0,19.0,22.0,,,29.0,32.0,,20.0,20.0,19.0,44.0,42.0,40.0,12.0,14.0,,,,27.0,12.0,,,,,,,,,,,,,20.0,24.0,24.0,,,,,,44.0,39.0,40.0,45.0,,,,,,,,,,,,,,,,,,,,,,,,,,,,,,,,,,,,,,,,,29.0,22.0,,,,69.0,70.0,59.0,44.0,44.0,44.0,17.0,,,,14.0,,,,,,,,,,,,,22.0,,30.0,,,,,,,90.0,89.0,89.0,82.0,82.0,14.0,,,35.0,,,25.0,25.0,,,,,52.0,55.0,64.0,25.0,27.0,25.0,15.0,,,,17.0,,,,,44.0,37.0,40.0,,,,,,,,,,,,,,,45.0,45.0,47.0,22.0,20.0,,,,,35.0,42.0,40.0,22.0,22.0,20.0,,,,,,,,,,,,,,,,15.0,37.0,,,27.0,30.0,,,,35.0,59.0,42.0,14.0,15.0,,,,,,,,,,,,,34.0,30.0,,34.0,32.0,,29.0,35.0,20.0,,,22.0,45.0
90,278.80652141571045,B2-01,R1,0,3,14.0,,,,,,,,,,,27.0,,,22.0,32.0,,55.0,12.0,,,49.0,,39.0,25.0,,,,,,7.0,12.0,10.0,30.0,32.0,32.0,24.0,25.0,32.0,20.0,20.0,20.0,30.0,42.0,44.0,,,,20.0,25.0,,,,,,,,20.0,34.0,32.0,,,,,12.0,,17.0,22.0,,,,,,,32.0,29.0,32.0,,,,,,,,,,,,,,,,,,,,,,,,,,22.0,,,,,,,,,,,,22.0,,,22.0,,,,77.0,82.0,77.0,40.0,50.0,,,,,,,,,,,,,,,,,,,,,29.0,29.0,27.0,,,,,89.0,92.0,92.0,70.0,70.0,,,,45.0,55.0,55.0,29.0,29.0,30.0,,,,59.0,67.0,74.0,22.0,22.0,,12.0,,,,19.0,,,,,42.0,,,,,,,,,,,,,,,,,47.0,57.0,50.0,15.0,15.0,,,,,47.0,44.0,32.0,25.0,27.0,,,,,,,,,,,,,,,35.0,,15.0,40.0,,,29.0,27.0,,,,50.0,52.0,52.0,17.0,,,,,,,,,,,,,,29.0,37.0,,27.0,34.0,,29.0,35.0,22.0,,,22.0,34.0
91,279.2809519767761,B2-01,R1,0,3,30.0,,34.0,,,,,,,,,35.0,,,25.0,27.0,22.0,64.0,22.0,,,,27.0,39.0,25.0,10.0,10.0,15.0,15.0,,12.0,15.0,19.0,22.0,,,29.0,32.0,,20.0,20.0,19.0,44.0,42.0,40.0,12.0,14.0,,,,27.0,12.0,,,,,,,,,,,,,20.0,24.0,24.0,,,,,,44.0,39.0,40.0,45.0,,,,,,,,,,,,,,,,,,,,,,,,,,,,,,,,,,,,,,,,,29.0,22.0,,,,69.0,70.0,59.0,44.0,44.0,44.0,17.0,,,,14.0,,,,,,,,,,,,,22.0,,30.0,,,,,,,90.0,89.0,89.0,69.0,82.0,14.0,,,35.0,,,25.0,25.0,,,,,52.0,55.0,64.0,25.0,27.0,25.0,15.0,,,,17.0,,,,,44.0,37.0,40.0,,,,,,,,,,,,,,,45.0,45.0,47.0,22.0,20.0,,,,,35.0,42.0,40.0,22.0,22.0,20.0,,,,,,,,,,,,,,,,15.0,37.0,,,27.0,30.0,,,,35.0,59.0,42.0,14.0,15.0,,,,,,,,,,,,,34.0,30.0,,34.0,32.0,,29.0,35.0,20.0,,,22.0,45.0
92,281.44576716423035,B2-01,R1,0,3,14.0,,,,,,,,,,,27.0,,,22.0,32.0,,55.0,12.0,,,49.0,,39.0,25.0,,,,,,7.0,12.0,10.0,30.0,32.0,32.0,24.0,25.0,32.0,20.0,20.0,20.0,30.0,42.0,44.0,,,,20.0,25.0,,,,,,,,20.0,34.0,32.0,,,,,12.0,,17.0,22.0,,,,,,,32.0,29.0,32.0,,,,,,,,,,,,,,,,,,,,,,,,,,22.0,,,,,,,,,,,,22.0,,,22.0,,,,77.0,82.0,77.0,40.0,50.0,,,,,,,,,,,,,,,,,,,,,29.0,29.0,27.0,,,,,89.0,92.0,92.0,66.0,70.0,,,,45.0,55.0,55.0,29.0,29.0,30.0,,,,59.0,67.0,74.0,22.0,22.0,,12.0,,,,19.0,,,,,42.0,,,,,,,,,,,,,,,,,47.0,57.0,50.0,15.0,15.0,,,,,47.0,44.0,32.0,25.0,27.0,,,,,,,,,,,,,,,35.0,,15.0,40.0,,,29.0,27.0,,,,50.0,52.0,52.0,17.0,,,,,,,,,,,,,,29.0,37.0,,27.0,34.0,,29.0,35.0,22.0,,,22.0,34.0
93,285.5465524196625,B2-01,R1,0,3,,,,,,,,,,,,,,,,,,57.0,29.0,,,,,37.0,45.0,,,15.0,14.0,,12.0,15.0,14.0,22.0,,27.0,27.0,,35.0,14.0,14.0,,37.0,35.0,34.0,,,,,,,,,,,,,,19.0,22.0,,,,,,,,25.0,,,,,44.0,39.0,34.0,45.0,,,,,,,,,,,,,,,,,,,,,,,,,,,,,,,,,,,,,,,,30.0,,29.0,,,,69.0,70.0,67.0,44.0,34.0,44.0,12.0,,,,,17.0,,,,,,,,,,,,,,30.0,,,,,,,89.0,89.0,89.0,71.0,85.0,,,,42.0,62.0,62.0,32.0,34.0,,,,,,,64.0,29.0,29.0,25.0,15.0,,,,,,,,,44.0,37.0,40.0,,,,,,,,,,,,,,,64.0,59.0,,14.0,15.0,,,,,35.0,54.0,52.0,34.0,34.0,20.0,,,,,,,,,,,,,,,,,37.0,,,37.0,39.0,,,,45.0,,,17.0,15.0,,,,,,,,,,,,,24.0,,,,40.0,,24.0,39.0,20.0,,,,39.0
94,287.7019276618957,B2-01,R1,0,3,14.0,,,,,,,,,,,27.0,,,22.0,32.0,,59.0,39.0,,,42.0,,30.0,30.0,,,,,,7.0,12.0,10.0,30.0,32.0,32.0,29.0,29.0,32.0,20.0,20.0,20.0,35.0,35.0,44.0,,,,20.0,25.0,,,,,,,14.0,22.0,24.0,32.0,,,,,12.0,22.0,20.0,9.0,,,,,,39.0,32.0,29.0,32.0,,,,,,,,,,,,,,,,,,,,,,,,,20.0,22.0,,,,,,,,,,,,22.0,,,22.0,,,,77.0,74.0,77.0,44.0,50.0,,,,,,,,,,,,,,,,,,,,,27.0,29.0,27.0,,,,,97.0,92.0,97.0,70.0,90.0,,,,45.0,55.0,55.0,39.0,39.0,30.0,,,,19.0,59.0,59.0,34.0,34.0,,12.0,,,,19.0,,,,,42.0,,,,,,,,,,,,,,,,,50.0,57.0,50.0,10.0,15.0,,,,,49.0,47.0,47.0,30.0,30.0,,,,,,,,,,,,,,,35.0,,15.0,50.0,,,35.0,27.0,,,,35.0,52.0,52.0,17.0,,,,,,,,,,,,,,29.0,37.0,,27.0,37.0,,29.0,37.0,19.0,,,27.0,34.0
95,291.81941270828247,B2-01,R1,0,3,,,,,,,,,,,,,,,,37.0,,62.0,10.0,,,,,37.0,45.0,,,14.0,14.0,,17.0,14.0,15.0,22.0,,27.0,27.0,,35.0,20.0,22.0,,44.0,45.0,44.0,,,,,,,,,,,,,,19.0,30.0,,,,,,,,20.0,,,,,44.0,39.0,34.0,35.0,,,,,,,,,,,,,,,,,,,,,,,,,,,,,,,,,,,,,,,,30.0,,29.0,,,,62.0,64.0,64.0,47.0,47.0,44.0,12.0,,,,,17.0,,,,,,,,,,,,,,35.0,,,,,,,90.0,85.0,85.0,72.0,72.0,,,,50.0,55.0,55.0,40.0,40.0,,,,,,,65.0,24.0,24.0,25.0,15.0,,,,,,,,,42.0,37.0,40.0,,,,,,,,,,,,,,,44.0,59.0,,24.0,22.0,,,,,35.0,54.0,52.0,22.0,22.0,24.0,,,,,,,,,,,,,,34.0,,,30.0,,,37.0,39.0,,,,40.0,,,17.0,10.0,,,,,,,,,,,,,24.0,,,,30.0,,24.0,30.0,20.0,,,,30.0
96,293.946896314621,B2-01,R1,0,3,,,,,,,,,,,,27.0,,,19.0,32.0,,49.0,39.0,,,40.0,,29.0,27.0,,,,,,7.0,12.0,10.0,30.0,32.0,32.0,29.0,29.0,32.0,20.0,20.0,20.0,39.0,44.0,44.0,,,,20.0,25.0,,,,,,,14.0,22.0,24.0,27.0,,,,,,22.0,20.0,9.0,,,,,,39.0,32.0,29.0,32.0,,,,,,,,,,,,,,,,,,,,,,,,,20.0,22.0,,,,,,,,,,,,,,,22.0,,,,67.0,65.0,65.0,44.0,44.0,,,,,,,,,,,,,,,,,,,,,30.0,29.0,27.0,,,,,89.0,87.0,87.0,59.0,59.0,,,,67.0,69.0,55.0,30.0,29.0,30.0,,,,45.0,62.0,60.0,30.0,30.0,,12.0,,,,19.0,,,,,42.0,,,,,,,,,,,,,,,,,54.0,45.0,50.0,15.0,17.0,,,,,27.0,29.0,30.0,22.0,22.0,,,,,,,,,,,,,,,,,15.0,50.0,,,35.0,27.0,,,,45.0,42.0,42.0,15.0,17.0,,,,,,,,,,,,,,37.0,,,30.0,,,30.0,19.0,,,27.0,29.0
97,300.20477771759033,B2-01,R1,0,3,,,,,,,,,,,,27.0,,,19.0,32.0,,49.0,39.0,,,40.0,,29.0,27.0,,,,,,7.0,12.0,10.0,30.0,32.0,32.0,29.0,29.0,32.0,20.0,20.0,20.0,39.0,44.0,44.0,,,,20.0,25.0,,,,,,,14.0,22.0,24.0,27.0,,,,,,22.0,20.0,9.0,,,,,,39.0,32.0,29.0,32.0,,,,,,,,,,,,,,,,,,,,,,,,,20.0,22.0,,,,,,,,,,,,,,,22.0,,,,67.0,65.0,65.0,44.0,44.0,,,,,,,,,,,,,,,,,,,,,30.0,29.0,27.0,,,,,89.0,87.0,87.0,65.0,59.0,,,,67.0,69.0,55.0,30.0,29.0,30.0,,,,45.0,62.0,60.0,30.0,30.0,,12.0,,,,19.0,,,,,42.0,,,,,,,,,,,,,,,,,54.0,45.0,50.0,15.0,17.0,,,,,27.0,29.0,30.0,22.0,22.0,,,,,,,,,,,,,,,,,15.0,50.0,,,35.0,27.0,,,,45.0,42.0,42.0,15.0,17.0,,,,,,,,,,,,,,37.0,,,30.0,,,30.0,19.0,,,27.0,29.0
98,301.73887825012207,B2-01,R1,0,3,,,20.0,,,,,,,,,,,,27.0,37.0,,74.0,14.0,,,,,37.0,40.0,,,14.0,14.0,,12.0,12.0,12.0,22.0,,27.0,30.0,35.0,35.0,17.0,17.0,,42.0,40.0,39.0,,,,,,,,,,10.0,,,,19.0,27.0,,,,,19.0,29.0,29.0,20.0,,,,,44.0,39.0,34.0,15.0,,,,,,,,,,,,,,,,,,,,,,,,,,,,,,,,,,,,,,,,30.0,22.0,29.0,,,,64.0,65.0,65.0,47.0,47.0,44.0,12.0,,,,,17.0,,,,,,,,,,,,,,29.0,,,,,,,89.0,80.0,85.0,72.0,72.0,,,,50.0,55.0,55.0,25.0,27.0,,,,,,,65.0,32.0,34.0,25.0,15.0,,,,,,,,,24.0,37.0,40.0,,,,,,,,,,,,,,,57.0,50.0,,24.0,9.0,,,,,35.0,54.0,52.0,20.0,20.0,20.0,,,,,,,,,,,,,,34.0,,,50.0,,,30.0,32.0,,,,57.0,54.0,54.0,14.0,10.0,,,,,,,,,,,,,24.0,40.0,,39.0,39.0,,24.0,40.0,20.0,,,,30.0
99,302.8225476741791,B2-01,R1,0,3,32.0,,27.0,,,,,,,,,27.0,,,19.0,32.0,,49.0,32.0,,,40.0,,29.0,27.0,,,,,,5.0,5.0,10.0,30.0,24.0,32.0,29.0,29.0,32.0,12.0,10.0,12.0,39.0,44.0,44.0,,,,20.0,25.0,,,,,,,14.0,22.0,24.0,27.0,,,,,,22.0,20.0,12.0,,,,,,39.0,32.0,37.0,32.0,,,,,,,,,,,,,,,,,,,,,,,,,20.0,22.0,,,,,,,,,,,,,,,22.0,,,,49.0,77.0,77.0,42.0,42.0,,,,,,,,,,,,,,,,,,,,,34.0,29.0,27.0,,,,,100.0,95.0,95.0,69.0,69.0,,,,54.0,69.0,65.0,35.0,37.0,35.0,,,,45.0,62.0,62.0,32.0,32.0,,12.0,,,,19.0,,,,,,,,,,,,,,,,,,,,,,54.0,45.0,,17.0,17.0,,,,,27.0,29.0,30.0,25.0,25.0,,,,,,,,,,,,,,,,,15.0,34.0,,,35.0,27.0,,,,54.0,42.0,42.0,25.0,25.0,,,,,,,,,,,,,,37.0,,,37.0,,17.0,37.0,19.0,,,27.0,29.0
100,304.3971149921417,B2-01,R1,0,3,,,20.0,,,,,,,,,,,,27.0,37.0,,74.0,14.0,,,,,37.0,40.0,,,14.0,14.0,,12.0,12.0,12.0,22.0,,27.0,30.0,35.0,35.0,17.0,17.0,,42.0,40.0,39.0,,,,,,,,,,10.0,,,,19.0,27.0,,,,,19.0,29.0,29.0,20.0,,,,,44.0,39.0,34.0,15.0,,,,,,,,,,,,,,,,,,,,,,,,,,,,,,,,,,,,,,,,30.0,22.0,29.0,,,,64.0,65.0,65.0,47.0,47.0,44.0,12.0,,,,,17.0,,,,,,,,,,,,,,29.0,,,,,,,89.0,80.0,85.0,65.0,72.0,,,,50.0,55.0,55.0,25.0,27.0,,,,,,,65.0,32.0,34.0,25.0,15.0,,,,,,,,,24.0,37.0,40.0,,,,,,,,,,,,,,,57.0,50.0,,24.0,9.0,,,,,35.0,54.0,52.0,20.0,20.0,20.0,,,,,,,,,,,,,,34.0,,,50.0,,,30.0,32.0,,,,57.0,54.0,54.0,14.0,10.0,,,,,,,,,,,,,24.0,40.0,,39.0,39.0,,24.0,40.0,20.0,,,,30.0
101,305.45286202430725,B2-01,R1,0,3,32.0,,27.0,,,,,,,,,27.0,,,19.0,32.0,,49.0,32.0,,,40.0,,29.0,27.0,,,,,,5.0,5.0,10.0,30.0,24.0,32.0,29.0,29.0,32.0,12.0,10.0,12.0,39.0,44.0,44.0,,,,20.0,25.0,,,,,,,14.0,22.0,24.0,27.0,,,,,,22.0,20.0,12.0,,,,,,39.0,32.0,37.0,32.0,,,,,,,,,,,,,,,,,,,,,,,,,20.0,22.0,,,,,,,,,,,,,,,22.0,,,,49.0,77.0,77.0,42.0,42.0,,,,,,,,,,,,,,,,,,,,,34.0,29.0,27.0,,,,,100.0,95.0,95.0,65.0,69.0,,,,54.0,69.0,65.0,35.0,37.0,35.0,,,,45.0,62.0,62.0,32.0,32.0,,12.0,,,,19.0,,,,,,,,,,,,,,,,,,,,,,54.0,45.0,,17.0,17.0,,,,,27.0,29.0,30.0,25.0,25.0,,,,,,,,,,,,,,,,,15.0,34.0,,,35.0,27.0,,,,54.0,42.0,42.0,25.0,25.0,,,,,,,,,,,,,,37.0,,,37.0,,17.0,37.0,19.0,,,27.0,29.0
102,310.6588790416717,B2-01,R1,0,3,,,20.0,,,,,,,,,,,,27.0,37.0,,49.0,27.0,,,,,37.0,40.0,,,12.0,12.0,,12.0,12.0,12.0,22.0,,27.0,30.0,22.0,35.0,25.0,25.0,,42.0,47.0,47.0,,,,,,,,,,10.0,,,,19.0,29.0,,,,,19.0,29.0,29.0,20.0,,,,,44.0,39.0,34.0,15.0,,14.0,15.0,,,,,,,,,,,,,,,,,,,,,,,,,,,,,,,,,,,,34.0,30.0,22.0,29.0,,,,65.0,64.0,62.0,45.0,47.0,44.0,12.0,,,,,17.0,,,,,,,,,,,,,,29.0,,,,,,,82.0,84.0,84.0,76.0,84.0,,,,57.0,64.0,55.0,27.0,25.0,,,,,,75.0,77.0,32.0,32.0,25.0,15.0,,,,,,,,,24.0,37.0,40.0,,,,,,,,,,,,,,,55.0,50.0,,14.0,15.0,,,,,35.0,54.0,34.0,29.0,30.0,20.0,,,,,,,,,,,,,,34.0,,,50.0,,,30.0,12.0,,,,47.0,54.0,54.0,14.0,10.0,,,,,,,,,,,,,24.0,40.0,,39.0,29.0,,24.0,40.0,20.0,,,,30.0
103,311.7408425807953,B2-01,R1,0,3,32.0,,27.0,,,,,,,,,27.0,,,19.0,32.0,,49.0,24.0,,,40.0,,29.0,27.0,,,,,,5.0,5.0,,,24.0,,29.0,29.0,,12.0,10.0,12.0,39.0,44.0,44.0,,,,,,,,,,,,14.0,22.0,24.0,27.0,,,,,19.0,22.0,20.0,12.0,,,,,,29.0,32.0,37.0,,,,,,,,,,,,,,,,,,,,,,,,,,20.0,22.0,,,,,,,,,,,,,,,22.0,,,,49.0,77.0,70.0,42.0,42.0,,,,,,,,,,,,,,,,,,,,,34.0,29.0,27.0,,,,,100.0,95.0,95.0,55.0,55.0,,,,69.0,65.0,69.0,32.0,32.0,35.0,,,,45.0,54.0,54.0,32.0,32.0,,,,,,19.0,,,,,,,,,,,,,,,,,,,,,,54.0,45.0,,17.0,17.0,,,,,27.0,29.0,30.0,12.0,14.0,,,,,,,,,,,,,,,,,15.0,14.0,,,35.0,27.0,,,,54.0,40.0,42.0,14.0,25.0,,,,,,,,,,,,,20.0,,,,37.0,,17.0,37.0,19.0,,,27.0,29.0
104,316.9910283088684,B2-01,R1,0,3,,,20.0,,,,,,,,,,,,25.0,37.0,,64.0,22.0,,,,,37.0,49.0,,,9.0,10.0,,12.0,12.0,9.0,35.0,29.0,29.0,30.0,35.0,35.0,25.0,25.0,,29.0,29.0,47.0,,,,,,,,,,10.0,,,,19.0,29.0,,,,,19.0,29.0,29.0,15.0,,,,,,,34.0,15.0,,14.0,15.0,,,,,,,,,,,,,,,,,,,,,,,,,,,,,,,,,,,,34.0,30.0,22.0,17.0,,,,79.0,82.0,62.0,40.0,40.0,,12.0,,,,,17.0,,,,,,,,,,,,,,32.0,,,,,,,79.0,79.0,84.0,74.0,72.0,,,,57.0,64.0,55.0,39.0,40.0,,,,,79.0,84.0,77.0,25.0,25.0,,19.0,,,,,,,,,24.0,,,,,,,,,,,,,,,,,59.0,54.0,,10.0,12.0,,,,,,54.0,34.0,24.0,25.0,20.0,,,,,,,,,,,,,,34.0,,,7.0,,,37.0,35.0,,,,47.0,54.0,54.0,14.0,10.0,,,,,,,,,,,,,34.0,40.0,,39.0,29.0,,35.0,34.0,20.0,,,,30.0
105,318.0252377986908,B2-01,R1,0,3,32.0,,27.0,,,,,,,,,,,,19.0,,,54.0,29.0,,,57.0,,39.0,40.0,,,,,,5.0,5.0,,24.0,27.0,25.0,29.0,25.0,22.0,12.0,10.0,12.0,47.0,44.0,42.0,,,,,,,,,,,,14.0,22.0,24.0,27.0,,,,,19.0,22.0,20.0,12.0,,,,,,29.0,32.0,37.0,,,,,,,,,,,,,,,,,,,,,,,,,,20.0,22.0,,,,,,,,,,,,,,,,,,,55.0,79.0,77.0,42.0,42.0,,,,,,,,,,,,,,,,,,,,,34.0,30.0,30.0,,,,,100.0,95.0,95.0,67.0,67.0,,,,69.0,67.0,69.0,35.0,37.0,35.0,,,,62.0,54.0,54.0,34.0,34.0,,,,,,15.0,,,,,,,,,,,,,,,,,,,,,,55.0,45.0,,19.0,17.0,,,,,27.0,29.0,30.0,24.0,22.0,,,,,,,,,,,,,,,,,,30.0,,,35.0,27.0,,,,59.0,54.0,54.0,25.0,25.0,,,,,,,,,,,,,20.0,,,,39.0,,17.0,39.0,29.0,,,19.0,29.0
106,323.2864465713501,B2-01,R1,0,3,,,20.0,,,,,,,,,,,,25.0,37.0,,64.0,22.0,,,,,37.0,49.0,,,9.0,10.0,,12.0,12.0,9.0,35.0,29.0,29.0,30.0,35.0,35.0,25.0,25.0,,29.0,29.0,47.0,,,,,,,,,,10.0,,,,19.0,29.0,,,,,19.0,29.0,29.0,15.0,,,,,,,34.0,15.0,,14.0,15.0,,,,,,,,,,,,,,,,,,,,,,,,,,,,,,,,,,,,34.0,30.0,22.0,17.0,,,,79.0,82.0,62.0,40.0,40.0,,12.0,,,,,17.0,,,,,,,,,,,,,,32.0,,,,,,,79.0,79.0,84.0,72.0,72.0,,,,57.0,64.0,55.0,39.0,40.0,,,,,79.0,84.0,77.0,25.0,25.0,,19.0,,,,,,,,,24.0,,,,,,,,,,,,,,,,,59.0,54.0,,10.0,12.0,,,,,,54.0,34.0,24.0,25.0,20.0,,,,,,,,,,,,,,34.0,,,7.0,,,37.0,35.0,,,,47.0,54.0,54.0,14.0,10.0,,,,,,,,,,,,,34.0,40.0,,39.0,29.0,,35.0,34.0,20.0,,,,30.0
107,324.2943444252014,B2-01,R1,0,3,32.0,,27.0,,,,,,,,,,,,19.0,,,54.0,29.0,,,57.0,,39.0,40.0,,,,,,5.0,5.0,,24.0,27.0,25.0,29.0,25.0,22.0,12.0,10.0,12.0,47.0,44.0,42.0,,,,,,,,,,,,14.0,22.0,24.0,27.0,,,,,19.0,22.0,20.0,12.0,,,,,,29.0,32.0,37.0,,,,,,,,,,,,,,,,,,,,,,,,,,20.0,22.0,,,,,,,,,,,,,,,,,,,55.0,79.0,77.0,42.0,42.0,,,,,,,,,,,,,,,,,,,,,34.0,30.0,30.0,,,,,100.0,95.0,95.0,62.0,67.0,,,,69.0,67.0,69.0,35.0,37.0,35.0,,,,62.0,54.0,54.0,34.0,34.0,,,,,,15.0,,,,,,,,,,,,,,,,,,,,,,55.0,45.0,,19.0,17.0,,,,,27.0,29.0,30.0,24.0,22.0,,,,,,,,,,,,,,,,,,30.0,,,35.0,27.0,,,,59.0,54.0,54.0,25.0,25.0,,,,,,,,,,,,,20.0,,,,39.0,,17.0,39.0,29.0,,,19.0,29.0
108,325.9086899757385,B2-01,R1,0,3,,,22.0,,,,,,,,,,,,25.0,37.0,,47.0,32.0,,,,,,49.0,,,9.0,10.0,,12.0,12.0,9.0,35.0,29.0,29.0,30.0,35.0,,19.0,20.0,,42.0,40.0,40.0,,,,,,,,,,10.0,,,,,29.0,,,,,19.0,29.0,29.0,15.0,,,,,39.0,,39.0,40.0,,14.0,15.0,,,,,,,,,,,,,,,,,,,,,,,,,,,,,,,,,,,,34.0,,27.0,20.0,,,,59.0,59.0,57.0,39.0,39.0,,,,,,,,,,,,,,,,,,,,,32.0,,,,,,,95.0,89.0,84.0,69.0,69.0,,,,57.0,64.0,55.0,30.0,30.0,,,,,60.0,84.0,77.0,24.0,22.0,,19.0,,,,,,,,,45.0,,,,,,,,,,,,,,,,,59.0,54.0,,15.0,17.0,,,,,,37.0,35.0,29.0,29.0,20.0,,,,,,,,,,,,,,34.0,,,35.0,,,25.0,24.0,,,,47.0,54.0,54.0,14.0,10.0,,,,,,,,,,,,,34.0,40.0,,39.0,29.0,,35.0,34.0,20.0,,,,30.0
109,326.9296917915344,B2-01,R1,0,3,32.0,,27.0,,,,,,,,,,,,19.0,30.0,,49.0,24.0,,,40.0,,24.0,27.0,,,,,,5.0,5.0,,24.0,27.0,25.0,,25.0,22.0,12.0,10.0,12.0,35.0,44.0,42.0,,,,,,,,,,,,,,,29.0,,,,,19.0,,,12.0,,,,,,29.0,37.0,39.0,,,,,,,,,,,,,,,,,,,,,,,,,,,,,,,,,,,,,,,17.0,,,,,,,59.0,64.0,64.0,42.0,42.0,,,,,,,,,,,,,,,,,,,,,32.0,30.0,30.0,,,,,90.0,87.0,87.0,60.0,60.0,,,,69.0,67.0,70.0,32.0,32.0,35.0,,,,62.0,54.0,59.0,30.0,30.0,,,,,,15.0,,,,,25.0,,,,,,,,,,,,,,,,,42.0,45.0,,14.0,12.0,,,,,27.0,30.0,32.0,22.0,22.0,,,,,,,,,,,,,,,,,,30.0,,,17.0,,,,,42.0,35.0,35.0,25.0,25.0,,,,,,,,,,,,,25.0,,,,27.0,,17.0,39.0,29.0,,,19.0,27.0
110,328.5478587150574,B2-01,R1,0,3,,,22.0,,,,,,,,,,,,25.0,37.0,,47.0,32.0,,,,,,49.0,,,9.0,10.0,,12.0,12.0,9.0,35.0,29.0,29.0,30.0,35.0,,19.0,20.0,,42.0,40.0,40.0,,,,,,,,,,10.0,,,,,29.0,,,,,19.0,29.0,29.0,15.0,,,,,39.0,,39.0,40.0,,14.0,15.0,,,,,,,,,,,,,,,,,,,,,,,,,,,,,,,,,,,,34.0,,27.0,20.0,,,,59.0,59.0,57.0,39.0,39.0,,,,,,,,,,,,,,,,,,,,,32.0,,,,,,,95.0,89.0,84.0,73.0,69.0,,,,57.0,64.0,55.0,30.0,30.0,,,,,60.0,84.0,77.0,24.0,22.0,,19.0,,,,,,,,,45.0,,,,,,,,,,,,,,,,,59.0,54.0,,15.0,17.0,,,,,,37.0,35.0,29.0,29.0,20.0,,,,,,,,,,,,,,34.0,,,35.0,,,25.0,24.0,,,,47.0,54.0,54.0,14.0,10.0,,,,,,,,,,,,,34.0,40.0,,39.0,29.0,,35.0,34.0,20.0,,,,30.0
111,334.7907764911652,B2-01,R1,0,3,,,27.0,,,,,,,,,,,,25.0,,,64.0,30.0,,22.0,,,,35.0,,,9.0,10.0,,12.0,12.0,9.0,34.0,29.0,29.0,30.0,34.0,,19.0,20.0,,22.0,39.0,40.0,,,,22.0,,,,,,10.0,,,,,29.0,,,,,19.0,29.0,29.0,15.0,,,,,39.0,,39.0,35.0,,14.0,15.0,,,,,,,,,,,,,,,,,,,,,,,,,,,,,,,,,,,,34.0,,22.0,20.0,,,,82.0,84.0,84.0,42.0,42.0,,,,,,,,,,,,,,,,,,,,,30.0,,,,,,,95.0,89.0,84.0,67.0,79.0,,,,57.0,64.0,,25.0,25.0,,,,,60.0,84.0,77.0,24.0,25.0,,19.0,,,,,,,,,45.0,,,,,,,,,,,,,,,,,57.0,54.0,,9.0,17.0,,,,,30.0,37.0,35.0,29.0,27.0,20.0,,,,,,,,,,,,,,,,,42.0,,,40.0,40.0,,,,39.0,45.0,45.0,20.0,,,,,,,,,,,,,,35.0,40.0,,39.0,29.0,,34.0,30.0,15.0,,,,
112,341.0939619541168,B2-01,R1,0,3,,,27.0,,,,,,,,,,,,25.0,,,49.0,9.0,,22.0,,,,35.0,,,9.0,10.0,,12.0,12.0,9.0,22.0,29.0,29.0,,19.0,,19.0,20.0,,44.0,44.0,44.0,,,,22.0,,,,,,,,,,,29.0,,,,,17.0,,,15.0,,,,,39.0,37.0,34.0,30.0,39.0,14.0,15.0,,,,,,,,,,,,,,,,,,,,,,,,,,,,,,,,,,,,34.0,,29.0,22.0,,,,77.0,80.0,80.0,42.0,32.0,,,,,,,,,,,,,,,,,,,,,25.0,,,,,,,79.0,75.0,75.0,65.0,57.0,,,,57.0,62.0,,20.0,22.0,,,,,52.0,60.0,60.0,17.0,17.0,,19.0,,,,,,,,,45.0,,,,,,,,,,,,,,,,,60.0,54.0,,25.0,27.0,,,,,29.0,27.0,27.0,22.0,22.0,,,,,,,,,,,,,,,,,,30.0,,,24.0,25.0,,,,39.0,45.0,45.0,12.0,,,,,,,,,,,,,,35.0,,,,25.0,,22.0,30.0,15.0,,,,29.0
113,347.3919885158539,B2-01,R1,0,3,,,27.0,,,,,,,,,,,,24.0,,,64.0,24.0,,22.0,,,,34.0,,,14.0,10.0,,14.0,15.0,15.0,22.0,29.0,24.0,,19.0,,19.0,20.0,,29.0,44.0,42.0,,,,22.0,,,,,,,,,,,,,,,,27.0,,,22.0,,,,,30.0,37.0,34.0,30.0,47.0,,,,,,,,,,,,,,,,,,,,,,,,,,,,,,,,,,,,,,,,24.0,22.0,,,,79.0,82.0,82.0,45.0,32.0,,,,,,,,,,,,,,,,,,,,,25.0,,,,,,,79.0,75.0,75.0,85.0,57.0,,,,44.0,62.0,57.0,25.0,25.0,,,,,65.0,60.0,60.0,37.0,39.0,,19.0,,,,,,,,,45.0,,,,,,,,,,,,,,,,,65.0,60.0,,25.0,27.0,,,,,29.0,50.0,50.0,35.0,22.0,,,,,,,,,,,,,,,,,,32.0,,,45.0,45.0,,,,49.0,45.0,45.0,12.0,,,,,,,,,,,,,,35.0,,,,25.0,,29.0,35.0,27.0,,,,35.0
114,350.01217913627625,B2-01,R1,0,3,,,27.0,,,,,,,,,35.0,,,24.0,,,64.0,24.0,,22.0,,,32.0,34.0,,,14.0,15.0,,14.0,15.0,15.0,22.0,29.0,24.0,,14.0,,15.0,14.0,,29.0,44.0,42.0,,,,22.0,,,,,,,,,,,,,,,,27.0,20.0,22.0,22.0,,,,,30.0,47.0,34.0,30.0,47.0,,,,,,,,,,,,,,,,,,,,,,,,,,,,,,,,,,,,,,,,24.0,22.0,,,,79.0,82.0,82.0,45.0,45.0,,,,,,12.0,,,,,,,,,,,,,,,20.0,,,,,,,2.0,89.0,75.0,85.0,85.0,,,,44.0,62.0,57.0,25.0,25.0,,,,,65.0,82.0,60.0,37.0,39.0,,19.0,,17.0,,,,,,,45.0,,,,,,,,,,,,,,,,,65.0,60.0,,25.0,27.0,,,,,29.0,50.0,50.0,35.0,35.0,,,,,,,,,,,,,,,,,,32.0,,,45.0,45.0,,,,49.0,45.0,45.0,14.0,,,,,,,,,,,,,,35.0,35.0,,,25.0,,29.0,35.0,27.0,,,,35.0
115,352.63517022132874,B2-01,R1,0,3,,,27.0,,,,,,,,,35.0,,,24.0,,,64.0,24.0,,22.0,,,32.0,34.0,,,14.0,15.0,,14.0,15.0,15.0,22.0,29.0,24.0,,14.0,,15.0,14.0,,29.0,44.0,42.0,,,,22.0,,,,,,,,,,,,,,,,27.0,20.0,22.0,22.0,,,,,30.0,47.0,34.0,30.0,47.0,,,,,,,,,,,,,,,,,,,,,,,,,,,,,,,,,,,,,,,,24.0,22.0,,,,79.0,82.0,82.0,45.0,45.0,,,,,,12.0,,,,,,,,,,,,,,,20.0,,,,,,,2.0,89.0,75.0,76.0,85.0,,,,44.0,62.0,57.0,25.0,25.0,,,,,65.0,82.0,60.0,37.0,39.0,,19.0,,17.0,,,,,,,45.0,,,,,,,,,,,,,,,,,65.0,60.0,,25.0,27.0,,,,,29.0,50.0,50.0,35.0,35.0,,,,,,,,,,,,,,,,,,32.0,,,45.0,45.0,,,,49.0,45.0,45.0,14.0,,,,,,,,,,,,,,35.0,35.0,,,25.0,,29.0,35.0,27.0,,,,35.0
116,358.9004771709442,B2-01,R1,0,3,,,27.0,,,,,,,,,35.0,,,24.0,,,52.0,27.0,,22.0,,,27.0,29.0,,,14.0,15.0,,14.0,15.0,15.0,30.0,29.0,24.0,,27.0,25.0,15.0,14.0,,44.0,39.0,40.0,,,,22.0,,,,,,,,,,,,,,,,27.0,20.0,22.0,22.0,,,,,30.0,44.0,30.0,30.0,47.0,,,,,,,,,,,,,,,,,,,,,,,,,,,,,,,,,,,,,,,,24.0,22.0,,,,69.0,75.0,74.0,44.0,44.0,,,,,,12.0,,,,,,,,,,,,,,,20.0,,,,,,,80.0,89.0,75.0,67.0,67.0,,,,55.0,55.0,55.0,34.0,32.0,,,,,44.0,55.0,55.0,20.0,20.0,,19.0,,17.0,,,,,,,45.0,,,,,,,,,,,,,,,,,47.0,47.0,47.0,15.0,15.0,,,,,29.0,50.0,50.0,17.0,19.0,,,,,,,,,,,,,,,,,,32.0,,,19.0,22.0,,,,35.0,45.0,45.0,14.0,,,,,,,,,,,,,,35.0,29.0,,,29.0,,29.0,35.0,27.0,,,,25.0
117,360.8989791870117,B2-01,R1,0,4,32.0,,25.0,,,,,,,,,,,,,30.0,,57.0,32.0,,,40.0,,24.0,27.0,,,,,,5.0,5.0,,24.0,27.0,27.0,,25.0,22.0,12.0,10.0,12.0,35.0,44.0,40.0,,,,,,,,,,,,,,,24.0,,,,,19.0,,,19.0,,,,,39.0,29.0,39.0,42.0,37.0,,,,,,,,,,,,,,,,,,,,,,,,,,,,,,,,,,,,,,20.0,,,,,,,57.0,79.0,79.0,40.0,40.0,40.0,,,,,,,,,,,,,,,,,,,,32.0,30.0,30.0,,,,,100.0,95.0,87.0,82.0,65.0,,,,69.0,67.0,70.0,35.0,35.0,35.0,,,,62.0,54.0,59.0,34.0,35.0,,,,,,15.0,,,,,25.0,,,,,,,,,,,,,,,,,59.0,,,17.0,14.0,,,,,35.0,42.0,44.0,22.0,22.0,,,,,,,,,,,,,,,,,,32.0,,,17.0,,,,,57.0,52.0,52.0,25.0,25.0,,,,,,,,,,,,,25.0,40.0,,,39.0,,17.0,39.0,30.0,,,19.0,39.0
118,363.5554976463318,B2-01,R1,0,4,,,25.0,,,,,,,,,,,20.0,,30.0,,64.0,20.0,,,40.0,,32.0,32.0,,,,,,,,,25.0,27.0,27.0,22.0,24.0,25.0,,,,25.0,29.0,40.0,,,,,,,,,,,,,,,24.0,,,,,19.0,,,19.0,,,,,39.0,29.0,39.0,30.0,37.0,,,,,,,,,,,,,,,,,,,,,,,,,,,,,,,,,,,,,,20.0,,,,,,,57.0,39.0,79.0,29.0,29.0,40.0,,,,,,,,,,,,,,,,,,,,32.0,30.0,30.0,,22.0,27.0,29.0,82.0,94.0,94.0,82.0,82.0,,,,69.0,67.0,70.0,15.0,17.0,,,,,62.0,54.0,59.0,32.0,32.0,,,,,,24.0,,,,,25.0,,,,,,,30.0,,,,,,,,,,59.0,,,17.0,14.0,,,,,45.0,40.0,40.0,20.0,22.0,,,,,,,,,,,,,,,,,,29.0,,,24.0,,,,,54.0,47.0,47.0,29.0,29.0,,,,,,,,,,,,,25.0,40.0,,,39.0,,,39.0,30.0,,,19.0,39.0
119,365.1438119411469,B2-01,R1,0,3,,,27.0,,,,,,,,,35.0,,,24.0,,,67.0,27.0,,22.0,,,37.0,34.0,,,14.0,15.0,,12.0,14.0,14.0,30.0,29.0,24.0,,14.0,25.0,15.0,14.0,15.0,32.0,42.0,44.0,,,,22.0,,,,,,,,,,,,,,,,22.0,20.0,22.0,22.0,,,,,30.0,47.0,29.0,29.0,47.0,,,,,,,,,,,,,,,,,,,,,,,,,,,,,,,,,,,,,,,,24.0,10.0,,,,79.0,80.0,80.0,32.0,34.0,,12.0,,,,12.0,12.0,,,,,,,,,,,,,,20.0,,,,,,,80.0,87.0,75.0,80.0,82.0,,,,39.0,57.0,57.0,27.0,27.0,,,,,65.0,79.0,55.0,37.0,37.0,,10.0,,17.0,,,,,,,,,34.0,,,,,,,,,,,,,,,67.0,62.0,47.0,12.0,14.0,,,,,29.0,49.0,49.0,35.0,35.0,,,,,,,,,,,,,,,,,,42.0,,,47.0,45.0,,,,49.0,45.0,45.0,14.0,,,,,,,,,,,,,,25.0,35.0,,,29.0,,29.0,35.0,27.0,,,,37.0
120,366.1739270687103,B2-01,R1,0,4,,,25.0,,,,,,,,,,,20.0,,30.0,,64.0,20.0,,,40.0,,32.0,32.0,,,,,,,,,25.0,27.0,27.0,22.0,24.0,25.0,,,,25.0,29.0,40.0,,,,,,,,,,,,,,,24.0,,,,,19.0,,,19.0,,,,,39.0,29.0,39.0,30.0,37.0,,,,,,,,,,,,,,,,,,,,,,,,,,,,,,,,,,,,,,20.0,,,,,,,57.0,39.0,79.0,29.0,29.0,40.0,,,,,,,,,,,,,,,,,,,,32.0,30.0,30.0,,22.0,27.0,29.0,82.0,94.0,94.0,72.0,82.0,,,,69.0,67.0,70.0,15.0,17.0,,,,,62.0,54.0,59.0,32.0,32.0,,,,,,24.0,,,,,25.0,,,,,,,30.0,,,,,,,,,,59.0,,,17.0,14.0,,,,,45.0,40.0,40.0,20.0,22.0,,,,,,,,,,,,,,,,,,29.0,,,24.0,,,,,54.0,47.0,47.0,29.0,29.0,,,,,,,,,,,,,25.0,40.0,,,39.0,,,39.0,30.0,,,19.0,39.0
121,371.4331953525543,B2-01,R1,0,3,,,27.0,,,,,,,,,35.0,,,24.0,,,67.0,27.0,,22.0,,,37.0,34.0,,,14.0,15.0,,12.0,14.0,14.0,30.0,29.0,24.0,,14.0,25.0,15.0,14.0,15.0,32.0,42.0,44.0,,,,22.0,,,,,,,,,,,,,,,,22.0,20.0,22.0,22.0,,,,,30.0,47.0,29.0,29.0,47.0,,,,,,,,,,,,,,,,,,,,,,,,,,,,,,,,,,,,,,,,24.0,10.0,,,,79.0,80.0,80.0,32.0,34.0,,12.0,,,,12.0,12.0,,,,,,,,,,,,,,20.0,,,,,,,80.0,87.0,75.0,74.0,82.0,,,,39.0,57.0,57.0,27.0,27.0,,,,,65.0,79.0,55.0,37.0,37.0,,10.0,,17.0,,,,,,,,,34.0,,,,,,,,,,,,,,,67.0,62.0,47.0,12.0,14.0,,,,,29.0,49.0,49.0,35.0,35.0,,,,,,,,,,,,,,,,,,42.0,,,47.0,45.0,,,,49.0,45.0,45.0,14.0,,,,,,,,,,,,,,25.0,35.0,,,29.0,,29.0,35.0,27.0,,,,37.0
122,372.4081988334656,B2-01,R1,0,4,,,,,,,,,,,,27.0,,20.0,,,,60.0,22.0,,,29.0,24.0,29.0,27.0,,,17.0,19.0,,19.0,17.0,17.0,25.0,,24.0,17.0,24.0,25.0,14.0,15.0,12.0,32.0,30.0,32.0,,,,,,,,,,,,,12.0,,24.0,,,,,,,,22.0,,,,,34.0,,29.0,30.0,,,,,,,,,,,,,,,,,,,,,,,,,,,,,,,,,,,,,,,15.0,,,,,,,,39.0,,44.0,44.0,40.0,,,,,,,,,,,,,,19.0,,,,,,,,19.0,,12.0,25.0,24.0,95.0,89.0,89.0,87.0,85.0,,,,,,37.0,25.0,25.0,25.0,,,,45.0,57.0,57.0,29.0,29.0,,,,,24.0,24.0,,,,,,,,,,,,30.0,,,,,,,,,,47.0,,,17.0,14.0,,,,,45.0,40.0,42.0,19.0,17.0,,,,,,,,,,,,,,,,,,37.0,,,39.0,,,,,54.0,47.0,59.0,29.0,29.0,,,,,,14.0,,,,,,,,,,,29.0,,,,29.0,,,22.0,27.0
123,374.0802664756775,B2-01,R1,0,3,,,,,,,,,,,,35.0,,,24.0,,,49.0,22.0,,,,,37.0,30.0,,,14.0,15.0,,12.0,14.0,14.0,30.0,,24.0,20.0,25.0,25.0,10.0,14.0,15.0,44.0,42.0,42.0,,,,,,,,,,,,,,,,,,,,22.0,20.0,22.0,22.0,,,,,30.0,47.0,29.0,29.0,47.0,,,,,,,,,,,,,,,,,,,,,,,,,,,,,,,,,,,,,,,,24.0,15.0,,,,74.0,80.0,79.0,42.0,42.0,,12.0,,,,12.0,12.0,,,,,,,,,,,,,,20.0,,,,,,,84.0,82.0,82.0,65.0,65.0,,,,39.0,57.0,57.0,32.0,34.0,,,,,42.0,79.0,55.0,20.0,19.0,,10.0,,17.0,,,,,,,,,34.0,,,,,,,,,,,,,,,49.0,50.0,47.0,15.0,14.0,,,,,29.0,49.0,32.0,35.0,35.0,,,,,,,,,,,,,,,,,,32.0,,,47.0,45.0,,,,39.0,40.0,,14.0,,,,,,,,,,,,,,25.0,30.0,,,24.0,,29.0,29.0,27.0,,,,27.0
124,378.63996982574463,B2-01,R1,0,4,,,,,,,,,,20.0,,27.0,,20.0,42.0,,,50.0,27.0,,37.0,34.0,24.0,29.0,30.0,,,17.0,19.0,,19.0,17.0,17.0,25.0,,29.0,20.0,27.0,25.0,14.0,15.0,12.0,37.0,32.0,32.0,,,,,,,,,,,,,12.0,,24.0,,,,,,,,22.0,,,,,34.0,,29.0,30.0,,,,,,,,,,,,,,,,,,,,,,,,,,,,,,,,,,,,,,,15.0,,,,,,,50.0,54.0,54.0,34.0,34.0,35.0,,,,,,,,,,,,,,19.0,,,,,,,,19.0,,12.0,25.0,24.0,85.0,92.0,90.0,87.0,87.0,,,,50.0,50.0,52.0,14.0,15.0,25.0,,,,67.0,65.0,57.0,32.0,32.0,,,,,27.0,25.0,,,,,27.0,,,,,34.0,32.0,34.0,,,,,,,,,,27.0,27.0,29.0,,,,,,,52.0,45.0,45.0,15.0,17.0,,,,,,,,,,,,,,,,,,32.0,,,35.0,,,,,50.0,47.0,59.0,25.0,24.0,,,,20.0,,14.0,,,,,,,,,,,29.0,,,,29.0,,,22.0,24.0
125,384.9153060913086,B2-01,R1,0,4,,,,,,,,,,20.0,,27.0,,20.0,42.0,,,50.0,27.0,,37.0,34.0,24.0,29.0,30.0,,,17.0,19.0,,19.0,17.0,17.0,25.0,,29.0,20.0,27.0,25.0,14.0,15.0,12.0,37.0,32.0,32.0,,,,,,,,,,,,,12.0,,24.0,,,,,,,,22.0,,,,,34.0,,29.0,30.0,,,,,,,,,,,,,,,,,,,,,,,,,,,,,,,,,,,,,,,15.0,,,,,,,50.0,54.0,54.0,34.0,34.0,35.0,,,,,,,,,,,,,,19.0,,,,,,,,19.0,,12.0,25.0,24.0,85.0,92.0,90.0,71.0,87.0,,,,50.0,50.0,52.0,14.0,15.0,25.0,,,,67.0,65.0,57.0,32.0,32.0,,,,,27.0,25.0,,,,,27.0,,,,,34.0,32.0,34.0,,,,,,,,,,27.0,27.0,29.0,,,,,,,52.0,45.0,45.0,15.0,17.0,,,,,,,,,,,,,,,,,,32.0,,,35.0,,,,,50.0,47.0,59.0,25.0,24.0,,,,20.0,,14.0,,,,,,,,,,,29.0,,,,29.0,,,22.0,24.0
126,387.55145621299744,B2-01,R1,0,4,,,29.0,,,,,,,20.0,,27.0,,20.0,32.0,,,65.0,27.0,,30.0,29.0,25.0,42.0,42.0,,,17.0,19.0,,19.0,17.0,17.0,17.0,25.0,29.0,20.0,19.0,25.0,14.0,15.0,12.0,30.0,27.0,32.0,,,,,,,,,,,,,12.0,,24.0,,,,,,,,22.0,,,,,29.0,,27.0,37.0,,,,,,,,,,,,,,,,,,,,,,,,,,,25.0,,,,,,,,,,,,15.0,,,,,,,37.0,54.0,54.0,47.0,47.0,47.0,,,,,,,,,,,,,,20.0,,,,,,,,19.0,,15.0,22.0,22.0,89.0,95.0,95.0,87.0,87.0,,,,50.0,50.0,52.0,24.0,22.0,25.0,,,,67.0,65.0,57.0,24.0,24.0,,9.0,,,27.0,17.0,22.0,,,,35.0,,,,,34.0,32.0,37.0,,,,,,,,,,52.0,47.0,47.0,,,,,,,52.0,45.0,42.0,20.0,20.0,,,,,,,,,,,,,,,,,,44.0,,,35.0,,,,,57.0,55.0,55.0,29.0,29.0,,,,20.0,,14.0,,,,,,,,,,,29.0,,,,19.0,,,22.0,29.0
127,390.1767406463623,B2-01,R1,0,4,,,29.0,,,,,,,20.0,,27.0,,20.0,32.0,,,65.0,27.0,,30.0,29.0,25.0,42.0,42.0,,,17.0,19.0,,19.0,17.0,17.0,17.0,25.0,29.0,20.0,19.0,25.0,14.0,15.0,12.0,30.0,27.0,32.0,,,,,,,,,,,,,12.0,,24.0,,,,,,,,22.0,,,,,29.0,,27.0,37.0,,,,,,,,,,,,,,,,,,,,,,,,,,,25.0,,,,,,,,,,,,15.0,,,,,,,37.0,54.0,54.0,47.0,47.0,47.0,,,,,,,,,,,,,,20.0,,,,,,,,19.0,,15.0,22.0,22.0,89.0,95.0,95.0,72.0,87.0,,,,50.0,50.0,52.0,24.0,22.0,25.0,,,,67.0,65.0,57.0,24.0,24.0,,9.0,,,27.0,17.0,22.0,,,,35.0,,,,,34.0,32.0,37.0,,,,,,,,,,52.0,47.0,47.0,,,,,,,52.0,45.0,42.0,20.0,20.0,,,,,,,,,,,,,,,,,,44.0,,,35.0,,,,,57.0,55.0,55.0,29.0,29.0,,,,20.0,,14.0,,,,,,,,,,,29.0,,,,19.0,,,22.0,29.0
128,395.65078806877136,B2-01,R1,0,4,,,,,,,,,,24.0,,,,,34.0,,,57.0,27.0,,7.0,,,37.0,19.0,,,14.0,15.0,,14.0,12.0,12.0,29.0,30.0,30.0,15.0,30.0,30.0,12.0,14.0,15.0,30.0,24.0,42.0,,,,,,,,,,,,,,,,,,,,22.0,20.0,,19.0,,,,,30.0,47.0,30.0,30.0,,,,,,,,,,,,,,,,,,,15.0,,,,,,,,,,,,,,,,,,,,,,24.0,15.0,,,,79.0,80.0,45.0,25.0,25.0,,15.0,,,,9.0,9.0,,,,,,,,,,,,,,,,,,,,,69.0,75.0,75.0,62.0,62.0,,,,30.0,57.0,62.0,29.0,29.0,,,,,69.0,72.0,55.0,15.0,14.0,,10.0,17.0,17.0,,,,,,,25.0,34.0,34.0,,,25.0,,,,,,,,,,,,67.0,50.0,32.0,14.0,12.0,,,,,,49.0,32.0,35.0,35.0,,,,,,,,,,,,,,,,,,34.0,,,24.0,27.0,,,,54.0,44.0,45.0,24.0,24.0,,,,19.0,,,,,,,,,25.0,32.0,,,32.0,,,32.0,22.0,,,,32.0
129,396.4346401691437,B2-01,R1,0,4,19.0,,29.0,,,,,,,22.0,,27.0,,20.0,40.0,,,54.0,25.0,,30.0,40.0,25.0,30.0,29.0,,,17.0,19.0,,19.0,17.0,17.0,29.0,30.0,29.0,20.0,29.0,27.0,14.0,15.0,12.0,34.0,32.0,32.0,,,,,,,,,,,,,12.0,,24.0,,,,,,,,22.0,,,,,29.0,,27.0,22.0,,,,,,,,,,,,,,,,,,,,,,,,,,,25.0,,,,,,,,,,,,15.0,,,,,,,55.0,54.0,54.0,29.0,29.0,29.0,,,,,,,,,,,,,,20.0,,,,,,,,19.0,,17.0,22.0,22.0,84.0,90.0,90.0,75.0,85.0,,,,47.0,52.0,52.0,17.0,17.0,25.0,,,,60.0,59.0,60.0,22.0,20.0,,9.0,,,25.0,20.0,22.0,,,,35.0,,,,,30.0,34.0,34.0,,,,,,,,,,34.0,27.0,30.0,,,,,,,49.0,49.0,49.0,17.0,17.0,,,,,,,,,,,,,,,,,,40.0,,,35.0,,,,,59.0,52.0,52.0,29.0,27.0,,,,20.0,,14.0,,,,,,,,,,,29.0,,,,20.0,,,22.0,29.0
130,401.8948619365692,B2-01,R1,0,4,,,,,,,,,,24.0,,,,,34.0,,,57.0,27.0,,7.0,,,37.0,19.0,,,14.0,15.0,,14.0,12.0,12.0,29.0,30.0,30.0,15.0,30.0,30.0,12.0,14.0,15.0,30.0,24.0,42.0,,,,,,,,,,,,,,,,,,,,22.0,20.0,,19.0,,,,,30.0,47.0,30.0,30.0,,,,,,,,,,,,,,,,,,,15.0,,,,,,,,,,,,,,,,,,,,,,24.0,15.0,,,,79.0,80.0,45.0,25.0,25.0,,15.0,,,,9.0,9.0,,,,,,,,,,,,,,,,,,,,,69.0,75.0,75.0,73.0,62.0,,,,30.0,57.0,62.0,29.0,29.0,,,,,69.0,72.0,55.0,15.0,14.0,,10.0,17.0,17.0,,,,,,,25.0,34.0,34.0,,,25.0,,,,,,,,,,,,67.0,50.0,32.0,14.0,12.0,,,,,,49.0,32.0,35.0,35.0,,,,,,,,,,,,,,,,,,34.0,,,24.0,27.0,,,,54.0,44.0,45.0,24.0,24.0,,,,19.0,,,,,,,,,25.0,32.0,,,32.0,,,32.0,22.0,,,,32.0
131,402.6829855442047,B2-01,R1,0,4,19.0,,29.0,,,,,,,22.0,,27.0,,,42.0,,,60.0,22.0,,30.0,37.0,25.0,39.0,29.0,,,22.0,22.0,,20.0,24.0,22.0,29.0,30.0,29.0,20.0,29.0,27.0,14.0,15.0,12.0,30.0,34.0,34.0,,,,,,,,,,,,,12.0,,24.0,,,,,,,25.0,22.0,,,,,29.0,,27.0,22.0,,,,,,,,,,,,,,,,,,,,,,,,,,,25.0,,,,,,,,,,,,15.0,,,,,,,29.0,54.0,54.0,49.0,47.0,47.0,,,,,,,,,,,,,,20.0,,,,,,,,19.0,,25.0,20.0,24.0,89.0,90.0,90.0,89.0,89.0,,,,47.0,64.0,64.0,20.0,20.0,25.0,,,,60.0,59.0,60.0,29.0,27.0,,9.0,,,25.0,20.0,22.0,,,,35.0,,,,,30.0,34.0,34.0,,,,,,,,,,52.0,27.0,47.0,14.0,,,,,,49.0,49.0,45.0,19.0,19.0,,,,,,,,,,,,,,,,,,40.0,,,35.0,,,,,37.0,44.0,44.0,29.0,29.0,,,,20.0,,24.0,,,,,,,,,,,32.0,,,,20.0,,,22.0,29.0
132,408.174809217453,B2-01,R1,0,4,,,17.0,,,,,,,24.0,,,,,42.0,37.0,,50.0,12.0,,7.0,,25.0,34.0,37.0,,,10.0,14.0,,12.0,10.0,12.0,29.0,30.0,25.0,20.0,30.0,30.0,12.0,,,37.0,39.0,42.0,,,,,,,7.0,,,,,,,,,,,,,,,25.0,19.0,,,,,,,30.0,30.0,,,,,,,,,,,,,,,,,,,15.0,,25.0,,,,,,,,,,,,,,,,,,,,,15.0,,,,45.0,60.0,45.0,30.0,29.0,,15.0,,,,9.0,9.0,,,,,,,,,,,,,,,,,,,,20.0,94.0,90.0,75.0,84.0,84.0,,,,30.0,,62.0,17.0,17.0,,,,,89.0,82.0,,25.0,27.0,,10.0,15.0,17.0,25.0,,,,,,25.0,34.0,34.0,,,25.0,,,,,,,,,,,,45.0,40.0,32.0,14.0,12.0,,,,,44.0,40.0,39.0,,19.0,,,,,,,,,15.0,,,,,,,,,47.0,,,29.0,29.0,,,,54.0,44.0,45.0,14.0,12.0,,,,19.0,,,,,,,,,25.0,32.0,,,25.0,,,25.0,32.0,,,,32.0
133,408.9357283115387,B2-01,R1,0,4,19.0,,29.0,,,,,,,22.0,,27.0,,,42.0,,,60.0,22.0,,30.0,37.0,25.0,39.0,29.0,,,22.0,22.0,,20.0,24.0,22.0,29.0,30.0,29.0,20.0,29.0,27.0,14.0,15.0,12.0,30.0,34.0,34.0,,,,,,,,,,,,,12.0,,24.0,,,,,,,25.0,22.0,,,,,29.0,,27.0,22.0,,,,,,,,,,,,,,,,,,,,,,,,,,,25.0,,,,,,,,,,,,15.0,,,,,,,29.0,54.0,54.0,49.0,47.0,47.0,,,,,,,,,,,,,,20.0,,,,,,,,19.0,,25.0,20.0,24.0,89.0,90.0,90.0,71.0,89.0,,,,47.0,64.0,64.0,20.0,20.0,25.0,,,,60.0,59.0,60.0,29.0,27.0,,9.0,,,25.0,20.0,22.0,,,,35.0,,,,,30.0,34.0,34.0,,,,,,,,,,52.0,27.0,47.0,14.0,,,,,,49.0,49.0,45.0,19.0,19.0,,,,,,,,,,,,,,,,,,40.0,,,35.0,,,,,37.0,44.0,44.0,29.0,29.0,,,,20.0,,24.0,,,,,,,,,,,32.0,,,,20.0,,,22.0,29.0
134,411.5581250190735,B2-01,R1,0,4,19.0,,29.0,,,,,,,22.0,,,,24.0,27.0,35.0,,59.0,39.0,20.0,30.0,32.0,25.0,39.0,37.0,,,22.0,22.0,,12.0,14.0,14.0,35.0,30.0,29.0,35.0,29.0,35.0,,,,39.0,35.0,35.0,,,,,,,,,,,,,,,,,,,,,,25.0,,,,,,29.0,,27.0,22.0,,,,,,,,,,,,,,,,,,,,,,,,,,,25.0,,,,,,,,,,,,,,,,,,,29.0,54.0,54.0,35.0,35.0,35.0,,,,,,,,,,,,,,20.0,,,,,,,,,,25.0,20.0,24.0,89.0,92.0,92.0,70.0,70.0,,,,50.0,64.0,64.0,19.0,19.0,,,,,64.0,57.0,57.0,27.0,27.0,,9.0,,,25.0,20.0,22.0,,,,35.0,,,,,30.0,34.0,34.0,,,,,,,,,,52.0,27.0,47.0,14.0,,,,,,44.0,49.0,45.0,14.0,15.0,,,,,,,,,,,,,,,,,,45.0,,,34.0,,,,,40.0,42.0,44.0,24.0,24.0,,,,20.0,,24.0,,,,,,,,,,,22.0,,,,20.0,,,,29.0
135,414.1888372898102,B2-01,R1,0,4,19.0,,29.0,,,,,,,22.0,,,,24.0,27.0,35.0,,59.0,39.0,20.0,30.0,32.0,25.0,39.0,37.0,,,22.0,22.0,,12.0,14.0,14.0,35.0,30.0,29.0,35.0,29.0,35.0,,,,39.0,35.0,35.0,,,,,,,,,,,,,,,,,,,,,,25.0,,,,,,29.0,,27.0,22.0,,,,,,,,,,,,,,,,,,,,,,,,,,,25.0,,,,,,,,,,,,,,,,,,,29.0,54.0,54.0,35.0,35.0,35.0,,,,,,,,,,,,,,20.0,,,,,,,,,,25.0,20.0,24.0,89.0,92.0,92.0,74.0,70.0,,,,50.0,64.0,64.0,19.0,19.0,,,,,64.0,57.0,57.0,27.0,27.0,,9.0,,,25.0,20.0,22.0,,,,35.0,,,,,30.0,34.0,34.0,,,,,,,,,,52.0,27.0,47.0,14.0,,,,,,44.0,49.0,45.0,14.0,15.0,,,,,,,,,,,,,,,,,,45.0,,,34.0,,,,,40.0,42.0,44.0,24.0,24.0,,,,20.0,,24.0,,,,,,,,,,,22.0,,,,20.0,,,,29.0
136,414.48205947875977,B2-01,R1,0,4,,,17.0,,,,,,,24.0,,,,15.0,27.0,34.0,,49.0,15.0,,7.0,,25.0,30.0,37.0,,,15.0,15.0,,15.0,17.0,15.0,29.0,30.0,25.0,20.0,30.0,30.0,12.0,,,37.0,39.0,42.0,,,,,,,7.0,,,,,,,,,,,,,,,25.0,19.0,,,,,32.0,27.0,29.0,30.0,,,,,,,,,,,,,,,,,,,15.0,,25.0,,,,,,,,,,,,,,,,,,,,,15.0,,,,44.0,42.0,42.0,40.0,29.0,,15.0,,,,9.0,9.0,,,,,,,,,,,,,,,,,,15.0,,20.0,52.0,60.0,60.0,87.0,87.0,,,,30.0,,62.0,17.0,17.0,,,,,77.0,72.0,,35.0,35.0,,10.0,15.0,17.0,25.0,,,,,,25.0,34.0,34.0,,,25.0,,,,,,,,,,,,35.0,34.0,32.0,14.0,12.0,,,,,40.0,44.0,44.0,19.0,19.0,,,,,,,,,15.0,,,,,,,,,29.0,,,32.0,30.0,,,,54.0,44.0,45.0,22.0,20.0,,,,19.0,,,,,,,,,25.0,32.0,,,25.0,,,25.0,32.0,,,,32.0
137,417.0953569412232,B2-01,R1,0,4,,,17.0,,,,,,,24.0,,,,15.0,27.0,34.0,,49.0,15.0,,7.0,,25.0,30.0,37.0,,,15.0,15.0,,15.0,17.0,15.0,29.0,30.0,25.0,20.0,30.0,30.0,12.0,,,37.0,39.0,42.0,,,,,,,7.0,,,,,,,,,,,,,,,25.0,19.0,,,,,32.0,27.0,29.0,30.0,,,,,,,,,,,,,,,,,,,15.0,,25.0,,,,,,,,,,,,,,,,,,,,,15.0,,,,44.0,42.0,42.0,40.0,29.0,,15.0,,,,9.0,9.0,,,,,,,,,,,,,,,,,,15.0,,20.0,52.0,60.0,60.0,77.0,87.0,,,,30.0,,62.0,17.0,17.0,,,,,77.0,72.0,,35.0,35.0,,10.0,15.0,17.0,25.0,,,,,,25.0,34.0,34.0,,,25.0,,,,,,,,,,,,35.0,34.0,32.0,14.0,12.0,,,,,40.0,44.0,44.0,19.0,19.0,,,,,,,,,15.0,,,,,,,,,29.0,,,32.0,30.0,,,,54.0,44.0,45.0,22.0,20.0,,,,19.0,,,,,,,,,25.0,32.0,,,25.0,,,25.0,32.0,,,,32.0
138,419.7439377307892,B2-01,R1,0,4,,,19.0,,,,,,,20.0,,,,15.0,45.0,34.0,,54.0,24.0,15.0,,,29.0,30.0,25.0,,,14.0,14.0,,9.0,10.0,12.0,27.0,25.0,27.0,22.0,25.0,5.0,,,,22.0,30.0,,,,,,,,7.0,,,,,,,,,,,,,,,25.0,19.0,,,,,32.0,27.0,29.0,,,,,,,,,,,,,,,,,,,,15.0,,29.0,,,,,,,,,,,,,,,,,,,,,15.0,,,,44.0,42.0,55.0,25.0,27.0,,,,,,,,,,,,,,,,,,,,,,,,,15.0,,22.0,92.0,87.0,87.0,65.0,65.0,,,,,,64.0,32.0,32.0,,,,,69.0,65.0,,24.0,24.0,,,15.0,17.0,25.0,24.0,25.0,,,,,,,,,25.0,,,,,,,,,,,,35.0,34.0,32.0,,,,,,,40.0,44.0,44.0,12.0,15.0,,,,,,,,,15.0,,,,,,27.0,,,29.0,,,30.0,32.0,,,,57.0,,,29.0,29.0,,,,19.0,,,,,,,,,15.0,,,,25.0,,15.0,24.0,30.0,,,,
139,420.4328694343567,B2-01,R1,0,4,19.0,,29.0,,,,,,,22.0,,,,15.0,42.0,30.0,,59.0,29.0,20.0,40.0,54.0,25.0,27.0,30.0,,,22.0,22.0,,12.0,14.0,14.0,35.0,29.0,27.0,35.0,29.0,25.0,,,,22.0,35.0,30.0,,,,,,,22.0,,,,,,,,27.0,,,,,,,25.0,,,,,,29.0,,27.0,22.0,,,,,,,,,,,,,,,24.0,,,27.0,,,,12.0,14.0,,,,25.0,,,,,,,,,,,,,,,14.0,,,,29.0,,,30.0,30.0,35.0,,,,,,,,,,,,,,20.0,,,,,,,,,,25.0,20.0,19.0,80.0,82.0,82.0,63.0,72.0,,,,50.0,64.0,79.0,17.0,19.0,,,,,77.0,80.0,57.0,34.0,34.0,,14.0,,,25.0,14.0,22.0,,,,44.0,,,,,30.0,32.0,34.0,,,,,,,,,,52.0,27.0,47.0,14.0,,,,,,44.0,49.0,44.0,19.0,20.0,,,,,,,,,,,,,,,,,,39.0,,,37.0,34.0,,,,70.0,62.0,44.0,30.0,30.0,,,,25.0,,24.0,,,,,,,22.0,32.0,,,32.0,,,,29.0,,,22.0,29.0
140,426.0147757530213,B2-01,R1,0,4,,,19.0,,,,,,,20.0,,,,15.0,45.0,34.0,,54.0,24.0,15.0,,,29.0,30.0,25.0,,,14.0,14.0,,9.0,10.0,12.0,27.0,25.0,27.0,22.0,25.0,5.0,,,,22.0,30.0,,,,,,,,7.0,,,,,,,,,,,,,,,25.0,19.0,,,,,32.0,27.0,29.0,,,,,,,,,,,,,,,,,,,,15.0,,29.0,,,,,,,,,,,,,,,,,,,,,15.0,,,,44.0,42.0,55.0,25.0,27.0,,,,,,,,,,,,,,,,,,,,,,,,,15.0,,22.0,92.0,87.0,87.0,69.0,65.0,,,,,,64.0,32.0,32.0,,,,,69.0,65.0,,24.0,24.0,,,15.0,17.0,25.0,24.0,25.0,,,,,,,,,25.0,,,,,,,,,,,,35.0,34.0,32.0,,,,,,,40.0,44.0,44.0,12.0,15.0,,,,,,,,,15.0,,,,,,27.0,,,29.0,,,30.0,32.0,,,,57.0,,,29.0,29.0,,,,19.0,,,,,,,,,15.0,,,,25.0,,15.0,24.0,30.0,,,,
141,426.66552734375,B2-01,R1,0,4,19.0,,,,,,,,,22.0,,,,24.0,42.0,30.0,,34.0,15.0,20.0,40.0,32.0,,24.0,24.0,,,22.0,22.0,,12.0,14.0,14.0,35.0,29.0,27.0,20.0,29.0,25.0,,,,27.0,35.0,30.0,,,,,,,22.0,,,,,,,,27.0,,,,,,,25.0,,,,,,27.0,,,22.0,,,,,,,,,,,,,,,24.0,,,27.0,,,,12.0,14.0,,,,,,,,,,,,,,,,,,,14.0,,,,29.0,,,30.0,30.0,29.0,,,,,,,,,,,,,,,,,,,,,,,,22.0,20.0,19.0,82.0,77.0,82.0,85.0,85.0,,,,50.0,49.0,47.0,24.0,20.0,,,,,77.0,80.0,57.0,25.0,27.0,,14.0,,,25.0,14.0,,,,,27.0,,,,,19.0,32.0,34.0,,,,,,,,,,25.0,27.0,47.0,14.0,,,,,,44.0,49.0,44.0,17.0,17.0,,,,,,,,,,,,,,,,,,35.0,,,24.0,34.0,,,,44.0,45.0,44.0,32.0,32.0,,,,25.0,,24.0,,,,,,,22.0,32.0,,,32.0,,,,29.0,,,22.0,
142,428.6550943851471,B2-01,R1,0,4,,,19.0,,,,,,,20.0,,,,27.0,30.0,27.0,,55.0,30.0,15.0,,,29.0,30.0,22.0,,,14.0,14.0,,9.0,10.0,12.0,27.0,25.0,27.0,15.0,25.0,5.0,,,,37.0,30.0,,,,,,,,7.0,,,,,,,,,,,,,,,25.0,24.0,,,,,32.0,27.0,29.0,,,,,,,,,,,,,,,,,,,,15.0,,29.0,,,,,,,,,,,,,,,,,,,,,15.0,,,,44.0,45.0,55.0,20.0,17.0,,,,,,,,,,,,,,,,,,,,,15.0,,,,15.0,,22.0,80.0,87.0,87.0,68.0,80.0,,,,,,64.0,14.0,32.0,,,,,59.0,65.0,65.0,27.0,29.0,,,15.0,17.0,25.0,24.0,25.0,,,,45.0,40.0,40.0,,,25.0,,,,,,,,,,,,35.0,40.0,40.0,,,,,,,42.0,40.0,42.0,17.0,17.0,,,,,,,,,15.0,,,,,,29.0,,,32.0,,,14.0,12.0,,,,40.0,42.0,42.0,29.0,14.0,,,,19.0,,,,,,,,,15.0,,,,27.0,,15.0,29.0,30.0,,,,29.0
143,432.9025747776032,B2-01,R1,0,4,19.0,,,,,,,,,22.0,,,,24.0,42.0,30.0,,34.0,15.0,20.0,40.0,32.0,,24.0,24.0,,,22.0,22.0,,12.0,14.0,14.0,35.0,29.0,27.0,20.0,29.0,25.0,,,,27.0,35.0,30.0,,,,,,,22.0,,,,,,,,27.0,,,,,,,25.0,,,,,,27.0,,,22.0,,,,,,,,,,,,,,,24.0,,,27.0,,,,12.0,14.0,,,,,,,,,,,,,,,,,,,14.0,,,,29.0,,,30.0,30.0,29.0,,,,,,,,,,,,,,,,,,,,,,,,22.0,20.0,19.0,82.0,77.0,82.0,77.0,85.0,,,,50.0,49.0,47.0,24.0,20.0,,,,,77.0,80.0,57.0,25.0,27.0,,14.0,,,25.0,14.0,,,,,27.0,,,,,19.0,32.0,34.0,,,,,,,,,,25.0,27.0,47.0,14.0,,,,,,44.0,49.0,44.0,17.0,17.0,,,,,,,,,,,,,,,,,,35.0,,,24.0,34.0,,,,44.0,45.0,44.0,32.0,32.0,,,,25.0,,24.0,,,,,,,22.0,32.0,,,32.0,,,,29.0,,,22.0,
144,435.54764008522034,B2-01,R1,0,4,,,,,,,,,,,,32.0,,24.0,42.0,30.0,,59.0,34.0,20.0,40.0,44.0,,29.0,29.0,,,22.0,22.0,,12.0,14.0,14.0,24.0,24.0,24.0,20.0,22.0,20.0,,,,27.0,35.0,35.0,,,,,,,15.0,,,,,,,,27.0,,,,,27.0,25.0,25.0,,,,,,27.0,,,25.0,30.0,,,,,,,,,,,,,,24.0,,,27.0,,,,12.0,14.0,,,,,,,,,,,,,,,,,,,12.0,,,,47.0,62.0,,44.0,44.0,44.0,,,,,,,,,,,,,,,,,,,,22.0,,,,22.0,20.0,19.0,97.0,77.0,97.0,85.0,85.0,,,,15.0,49.0,67.0,37.0,39.0,39.0,,,,77.0,80.0,57.0,32.0,34.0,,14.0,,,,14.0,,,,,27.0,,,,,19.0,32.0,20.0,,,,,,,,,,25.0,,45.0,14.0,,,,,,44.0,42.0,42.0,24.0,24.0,22.0,,,,,,,,,,,,,,,,,9.0,,,24.0,34.0,,,,49.0,45.0,44.0,32.0,32.0,,,,25.0,,24.0,,,,,,,20.0,32.0,,,32.0,,,,29.0,,,22.0,
145,438.1790945529938,B2-01,R1,0,4,,,,,,,,,,,,32.0,,24.0,42.0,30.0,,59.0,34.0,20.0,40.0,44.0,,29.0,29.0,,,22.0,22.0,,12.0,14.0,14.0,24.0,24.0,24.0,20.0,22.0,20.0,,,,27.0,35.0,35.0,,,,,,,15.0,,,,,,,,27.0,,,,,27.0,25.0,25.0,,,,,,27.0,,,25.0,30.0,,,,,,,,,,,,,,24.0,,,27.0,,,,12.0,14.0,,,,,,,,,,,,,,,,,,,12.0,,,,47.0,62.0,,44.0,44.0,44.0,,,,,,,,,,,,,,,,,,,,22.0,,,,22.0,20.0,19.0,97.0,77.0,97.0,69.0,85.0,,,,15.0,49.0,67.0,37.0,39.0,39.0,,,,77.0,80.0,57.0,32.0,34.0,,14.0,,,,14.0,,,,,27.0,,,,,19.0,32.0,20.0,,,,,,,,,,25.0,,45.0,14.0,,,,,,44.0,42.0,42.0,24.0,24.0,22.0,,,,,,,,,,,,,,,,,9.0,,,24.0,34.0,,,,49.0,45.0,44.0,32.0,32.0,,,,25.0,,24.0,,,,,,,20.0,32.0,,,32.0,,,,29.0,,,22.0,
146,438.5447506904602,B2-01,R1,0,4,,,19.0,,,,,,,22.0,,,,27.0,25.0,27.0,,62.0,25.0,15.0,,,29.0,30.0,25.0,,,14.0,14.0,,9.0,10.0,12.0,37.0,32.0,30.0,32.0,25.0,5.0,,,,32.0,39.0,40.0,,,,,,19.0,12.0,,,,,,,,24.0,,,,,,,25.0,14.0,,,,,32.0,34.0,29.0,32.0,,,,,,,,,,,,,,,,,,,,,29.0,,,,,,,,,,,,,,,,,,,,,20.0,,,,44.0,45.0,55.0,20.0,17.0,,4.0,,,9.0,,,,,,,,,,,,,,,,15.0,,,,15.0,,22.0,74.0,100.0,87.0,100.0,99.0,,,,,,64.0,44.0,44.0,,,,,79.0,77.0,65.0,32.0,30.0,32.0,10.0,15.0,17.0,25.0,24.0,25.0,,,,52.0,40.0,40.0,,10.0,,,,,,,,,,,,,35.0,35.0,40.0,,,,,,,42.0,40.0,52.0,19.0,17.0,,,,,,,,,12.0,,,,,,25.0,,,34.0,,,22.0,22.0,,,,40.0,42.0,42.0,20.0,19.0,,,,,,,,,,,,,15.0,,,,30.0,,15.0,25.0,30.0,,,,29.0
147,441.1631200313568,B2-01,R1,0,4,,,19.0,,,,,,,22.0,,,,27.0,25.0,27.0,,62.0,25.0,15.0,,,29.0,30.0,25.0,,,14.0,14.0,,9.0,10.0,12.0,37.0,32.0,30.0,32.0,25.0,5.0,,,,32.0,39.0,40.0,,,,,,19.0,12.0,,,,,,,,24.0,,,,,,,25.0,14.0,,,,,32.0,34.0,29.0,32.0,,,,,,,,,,,,,,,,,,,,,29.0,,,,,,,,,,,,,,,,,,,,,20.0,,,,44.0,45.0,55.0,20.0,17.0,,4.0,,,9.0,,,,,,,,,,,,,,,,15.0,,,,15.0,,22.0,74.0,100.0,87.0,81.0,99.0,,,,,,64.0,44.0,44.0,,,,,79.0,77.0,65.0,32.0,30.0,32.0,10.0,15.0,17.0,25.0,24.0,25.0,,,,52.0,40.0,40.0,,10.0,,,,,,,,,,,,,35.0,35.0,40.0,,,,,,,42.0,40.0,52.0,19.0,17.0,,,,,,,,,12.0,,,,,,25.0,,,34.0,,,22.0,22.0,,,,40.0,42.0,42.0,20.0,19.0,,,,,,,,,,,,,15.0,,,,30.0,,15.0,25.0,30.0,,,,29.0
148,444.4286344051361,B2-01,R1,0,4,,,,,,,,,,,,32.0,,24.0,24.0,30.0,,69.0,24.0,20.0,22.0,30.0,,22.0,22.0,,,,14.0,,12.0,12.0,12.0,24.0,24.0,24.0,30.0,22.0,20.0,,,,29.0,30.0,30.0,,,,,,,15.0,,,,,,,,27.0,,,,,27.0,25.0,25.0,,,,,,27.0,,,25.0,30.0,,,,,,,,,,,,,,24.0,,,27.0,,,,12.0,14.0,,,,,,,,,,,,,,,,,,,12.0,,,,50.0,62.0,,32.0,32.0,32.0,,,,,,,,,,,,,,,,,,,,22.0,,,,22.0,,19.0,80.0,77.0,97.0,92.0,92.0,,,,15.0,49.0,67.0,15.0,17.0,19.0,,,,77.0,80.0,57.0,42.0,42.0,,14.0,,,,14.0,,,,,27.0,,,,,19.0,32.0,20.0,,,,,,,,,,25.0,,45.0,,,,,,,44.0,42.0,42.0,20.0,20.0,19.0,,,,,,,,,,,,,,,,,9.0,,,34.0,34.0,,,,49.0,45.0,44.0,32.0,32.0,,,,25.0,,,,,,,,,20.0,30.0,,,32.0,,,30.0,29.0,,,22.0,30.0
149,447.4626677036285,B2-01,R1,0,4,,,19.0,,,,,,,22.0,,,,27.0,29.0,27.0,,77.0,34.0,15.0,,,29.0,30.0,39.0,,,14.0,14.0,,9.0,10.0,12.0,37.0,29.0,30.0,30.0,30.0,5.0,10.0,12.0,10.0,47.0,44.0,45.0,,,,19.0,,19.0,12.0,,,,,,,,24.0,,,,,20.0,,,14.0,,,,,32.0,34.0,29.0,29.0,,,,,,,,,,,,,,,,,,,,,29.0,,,,,,,,,,,,,,,,,,,,,20.0,,,,44.0,42.0,55.0,20.0,17.0,,4.0,,,9.0,,,,,,,,,,,,,,,,15.0,,,,15.0,,22.0,89.0,85.0,85.0,75.0,87.0,,,,,,55.0,34.0,34.0,,,,,79.0,77.0,65.0,44.0,44.0,32.0,10.0,,,25.0,24.0,25.0,,,,52.0,32.0,32.0,,10.0,,,,,,,,,,,,,40.0,35.0,35.0,15.0,15.0,17.0,,,,42.0,40.0,52.0,19.0,17.0,,,,,,,,,12.0,,,,,,25.0,,,22.0,,,19.0,20.0,,,,45.0,42.0,42.0,29.0,29.0,,,,,,,,,,,,,15.0,,,,27.0,,15.0,29.0,30.0,,,,25.0
150,450.69118547439575,B2-01,R1,0,4,,,,,,,,,,,,32.0,,19.0,29.0,30.0,,64.0,14.0,19.0,22.0,45.0,,27.0,29.0,,,,14.0,,,12.0,12.0,34.0,29.0,29.0,32.0,12.0,20.0,,,,39.0,34.0,34.0,,,,15.0,,,15.0,,,,,,19.0,,27.0,,,,,27.0,25.0,25.0,22.0,,,,,27.0,,,25.0,30.0,,,,,,,,,,,,,,24.0,,,27.0,,,,12.0,14.0,,,,,,,,,,,,,,,,,,,12.0,,,,42.0,62.0,,32.0,32.0,32.0,,,,,,,,,,,,,,,,,,,,22.0,,,,22.0,,19.0,89.0,100.0,97.0,77.0,77.0,,,,15.0,49.0,67.0,34.0,34.0,19.0,,,,74.0,80.0,,34.0,35.0,,14.0,,,,22.0,,,,,34.0,,,,,19.0,32.0,20.0,,,,,,,,,,42.0,,45.0,,,,,,,44.0,42.0,39.0,19.0,20.0,19.0,,,,,,,,,,,,,,,,,9.0,,,29.0,34.0,,,,49.0,45.0,55.0,20.0,22.0,,,,25.0,,19.0,,,,,,,20.0,30.0,,,29.0,,20.0,29.0,19.0,,,22.0,27.0
151,453.7422420978546,B2-01,R1,0,4,,,19.0,,,,,,,19.0,,,,27.0,49.0,27.0,,57.0,32.0,15.0,,,20.0,,39.0,,,14.0,15.0,,12.0,14.0,14.0,37.0,29.0,24.0,20.0,30.0,27.0,10.0,12.0,10.0,40.0,39.0,45.0,,,,19.0,,19.0,17.0,,,,,,,,24.0,,,,,27.0,,,29.0,,,,,32.0,34.0,29.0,22.0,,,,,,,,,,,,,,,,,,,,,27.0,,,,,,,,,,,,,,,,,,,25.0,20.0,20.0,,,,59.0,54.0,55.0,20.0,17.0,,4.0,,,9.0,,,,,,,,,,,,,,,,15.0,,,,14.0,19.0,19.0,84.0,87.0,85.0,81.0,92.0,,,,44.0,44.0,44.0,20.0,19.0,,,,,49.0,59.0,65.0,35.0,37.0,32.0,10.0,,,32.0,24.0,25.0,,,,44.0,32.0,32.0,,10.0,,,,,,,,,,,,,19.0,40.0,40.0,17.0,15.0,17.0,,,,37.0,39.0,39.0,19.0,17.0,,,,,,,,,15.0,,,,,,25.0,,,40.0,,,19.0,24.0,,,,45.0,52.0,52.0,29.0,29.0,,,,,,,,,,,,,17.0,,,,37.0,,15.0,34.0,20.0,,,,34.0
152,460.00184059143066,B2-01,R1,0,4,,,,,,,,,,19.0,,,,27.0,49.0,27.0,,65.0,45.0,,,,25.0,34.0,42.0,,,17.0,19.0,,19.0,17.0,17.0,37.0,29.0,24.0,20.0,30.0,22.0,10.0,12.0,10.0,30.0,39.0,45.0,,,,24.0,,19.0,17.0,,,,,,,,24.0,,,,,17.0,,,29.0,,,,,,34.0,29.0,20.0,,,,,,,,,,,,,,,,,,,,,25.0,,,,,,,,,,,,,,,,,,,25.0,20.0,19.0,,,,55.0,54.0,49.0,35.0,35.0,,4.0,,,9.0,,,,,,,,,,,,,,,,15.0,,,,14.0,19.0,19.0,90.0,95.0,95.0,72.0,72.0,,,,50.0,44.0,45.0,30.0,30.0,,,,,49.0,45.0,65.0,34.0,34.0,32.0,10.0,,,32.0,,,,,,44.0,32.0,32.0,,10.0,15.0,,,,,,,,,,,,44.0,39.0,37.0,17.0,10.0,17.0,,,,37.0,49.0,49.0,17.0,17.0,,,,,,,,,15.0,,,,,,25.0,,,27.0,,,37.0,35.0,,,,45.0,52.0,47.0,20.0,20.0,,,,,,,,,,,,,17.0,25.0,,,37.0,,,24.0,20.0,,,,34.0
153,466.2622528076172,B2-01,R1,0,4,,,,,,,,,,19.0,,,,27.0,49.0,27.0,,65.0,45.0,,,,25.0,34.0,42.0,,,17.0,19.0,,19.0,17.0,17.0,37.0,29.0,24.0,20.0,30.0,22.0,10.0,12.0,10.0,30.0,39.0,45.0,,,,24.0,,19.0,17.0,,,,,,,,24.0,,,,,17.0,,,29.0,,,,,,34.0,29.0,20.0,,,,,,,,,,,,,,,,,,,,,25.0,,,,,,,,,,,,,,,,,,,25.0,20.0,19.0,,,,55.0,54.0,49.0,35.0,35.0,,4.0,,,9.0,,,,,,,,,,,,,,,,15.0,,,,14.0,19.0,19.0,90.0,95.0,95.0,80.0,72.0,,,,50.0,44.0,45.0,30.0,30.0,,,,,49.0,45.0,65.0,34.0,34.0,32.0,10.0,,,32.0,,,,,,44.0,32.0,32.0,,10.0,15.0,,,,,,,,,,,,44.0,39.0,37.0,17.0,10.0,17.0,,,,37.0,49.0,49.0,17.0,17.0,,,,,,,,,15.0,,,,,,25.0,,,27.0,,,37.0,35.0,,,,45.0,52.0,47.0,20.0,20.0,,,,,,,,,,,,,17.0,25.0,,,37.0,,,24.0,20.0,,,,34.0
154,467.09991121292114,B2-01,R1,0,5,,,,,,,,,,,,32.0,,19.0,42.0,,,62.0,30.0,19.0,22.0,39.0,,22.0,19.0,,,15.0,15.0,,15.0,15.0,15.0,15.0,29.0,29.0,32.0,12.0,20.0,12.0,,,29.0,25.0,34.0,,,,15.0,,,15.0,,,,,,19.0,,,,,,,27.0,25.0,25.0,22.0,,,,,27.0,,,25.0,30.0,,,,,,,,,,,,,,,,,,,,,,,,,,,,,,,,,,,,,,,,,12.0,,,,45.0,62.0,49.0,25.0,25.0,32.0,,,,,,,,,,,,,,,,,,,,22.0,,,,22.0,,,77.0,99.0,99.0,68.0,89.0,,,,49.0,47.0,47.0,24.0,24.0,19.0,,,,50.0,62.0,,35.0,35.0,,,,,,22.0,,,,,34.0,,,,,19.0,,20.0,,,,,,,,,,24.0,,32.0,,,,,,,44.0,40.0,37.0,19.0,20.0,19.0,,,,,,,,,,,,,,19.0,,,9.0,,,29.0,34.0,,,,49.0,57.0,52.0,20.0,22.0,,,,,,19.0,,,,,,,20.0,30.0,,,29.0,,20.0,27.0,19.0,,,,27.0
155,468.88618779182434,B2-01,R1,0,4,,,,,,,,,,14.0,,32.0,,,27.0,,,62.0,34.0,10.0,,,22.0,34.0,42.0,,,17.0,19.0,,19.0,9.0,17.0,42.0,37.0,24.0,40.0,40.0,22.0,10.0,12.0,10.0,44.0,42.0,42.0,,,,24.0,,19.0,17.0,,,,,,,,24.0,,,,,19.0,,,29.0,,,,,20.0,27.0,17.0,15.0,,,,,,,,,,,,,,,,,,20.0,19.0,,25.0,,,,,,,,,,,,,,,,,,,25.0,20.0,19.0,,,,55.0,54.0,49.0,27.0,35.0,,4.0,,,9.0,,,,,,,,,,,,,,,,,,,,14.0,19.0,22.0,84.0,92.0,95.0,84.0,84.0,,,,50.0,54.0,54.0,49.0,50.0,,,,,87.0,82.0,,45.0,45.0,32.0,10.0,,,32.0,29.0,,,,,34.0,32.0,32.0,,10.0,15.0,,,,,,,,,,,,44.0,39.0,37.0,17.0,14.0,17.0,,,,37.0,44.0,44.0,17.0,17.0,,,,,,,,,15.0,,,,,,25.0,,,22.0,,,37.0,35.0,,,,45.0,52.0,47.0,20.0,20.0,,,,,,,,,,,,,19.0,25.0,,19.0,25.0,,,24.0,27.0,,,,34.0
156,469.7297801971436,B2-01,R1,0,5,,,34.0,,,,,,,19.0,,44.0,,19.0,42.0,,,32.0,14.0,19.0,22.0,34.0,,47.0,50.0,12.0,10.0,42.0,42.0,,44.0,44.0,44.0,60.0,60.0,59.0,59.0,12.0,62.0,12.0,,,29.0,25.0,34.0,20.0,19.0,17.0,15.0,,,29.0,30.0,32.0,,,,19.0,,,20.0,17.0,,17.0,37.0,25.0,25.0,39.0,,,,,27.0,,,25.0,30.0,,,,,,,,,,,32.0,,,,,,,,,,,,,,,34.0,10.0,12.0,10.0,,,,,,,,,,,,12.0,,,,45.0,62.0,49.0,34.0,32.0,32.0,,,,,,,,,4.0,17.0,,,,,,,,,,22.0,,,,22.0,,,87.0,82.0,99.0,72.0,70.0,,,,49.0,47.0,47.0,24.0,24.0,19.0,,,,50.0,62.0,,19.0,19.0,,,,,,22.0,,,,,34.0,,,,,39.0,45.0,45.0,,,,,,,20.0,,,27.0,32.0,34.0,17.0,15.0,15.0,,,,69.0,40.0,37.0,35.0,35.0,19.0,,,,24.0,24.0,,,25.0,,,,,,19.0,,15.0,9.0,,,47.0,34.0,,,,49.0,75.0,75.0,37.0,35.0,,,,22.0,,19.0,,,,,,,20.0,30.0,,,29.0,,20.0,30.0,19.0,,,,30.0
157,471.53679895401,B2-01,R1,0,4,,,,,,,,,,14.0,,32.0,,,27.0,,,62.0,34.0,10.0,,,22.0,34.0,42.0,,,17.0,19.0,,19.0,9.0,17.0,42.0,37.0,24.0,40.0,40.0,22.0,10.0,12.0,10.0,44.0,42.0,42.0,,,,24.0,,19.0,17.0,,,,,,,,24.0,,,,,19.0,,,29.0,,,,,20.0,27.0,17.0,15.0,,,,,,,,,,,,,,,,,,20.0,19.0,,25.0,,,,,,,,,,,,,,,,,,,25.0,20.0,19.0,,,,55.0,54.0,49.0,27.0,35.0,,4.0,,,9.0,,,,,,,,,,,,,,,,,,,,14.0,19.0,22.0,84.0,92.0,95.0,72.0,84.0,,,,50.0,54.0,54.0,49.0,50.0,,,,,87.0,82.0,,45.0,45.0,32.0,10.0,,,32.0,29.0,,,,,34.0,32.0,32.0,,10.0,15.0,,,,,,,,,,,,44.0,39.0,37.0,17.0,14.0,17.0,,,,37.0,44.0,44.0,17.0,17.0,,,,,,,,,15.0,,,,,,25.0,,,22.0,,,37.0,35.0,,,,45.0,52.0,47.0,20.0,20.0,,,,,,,,,,,,,19.0,25.0,,19.0,25.0,,,24.0,27.0,,,,34.0
158,472.3495590686798,B2-01,R1,0,5,,,34.0,,,,,,,19.0,,44.0,,19.0,42.0,,,32.0,14.0,19.0,22.0,34.0,,47.0,50.0,12.0,10.0,42.0,42.0,,44.0,44.0,44.0,60.0,60.0,59.0,59.0,12.0,62.0,12.0,,,29.0,25.0,34.0,20.0,19.0,17.0,15.0,,,29.0,30.0,32.0,,,,19.0,,,20.0,17.0,,17.0,37.0,25.0,25.0,39.0,,,,,27.0,,,25.0,30.0,,,,,,,,,,,32.0,,,,,,,,,,,,,,,34.0,10.0,12.0,10.0,,,,,,,,,,,,12.0,,,,45.0,62.0,49.0,34.0,32.0,32.0,,,,,,,,,4.0,17.0,,,,,,,,,,22.0,,,,22.0,,,87.0,82.0,99.0,65.0,70.0,,,,49.0,47.0,47.0,24.0,24.0,19.0,,,,50.0,62.0,,19.0,19.0,,,,,,22.0,,,,,34.0,,,,,39.0,45.0,45.0,,,,,,,20.0,,,27.0,32.0,34.0,17.0,15.0,15.0,,,,69.0,40.0,37.0,35.0,35.0,19.0,,,,24.0,24.0,,,25.0,,,,,,19.0,,15.0,9.0,,,47.0,34.0,,,,49.0,75.0,75.0,37.0,35.0,,,,22.0,,19.0,,,,,,,20.0,30.0,,,29.0,,20.0,30.0,19.0,,,,30.0
159,477.81576323509216,B2-01,R1,0,4,,,,,,,,,,14.0,,32.0,,,37.0,29.0,,70.0,20.0,10.0,,,22.0,35.0,34.0,,,20.0,20.0,,19.0,19.0,19.0,42.0,37.0,24.0,40.0,40.0,22.0,10.0,12.0,10.0,27.0,42.0,42.0,,,,24.0,,,17.0,,,,,,,,,,,,,19.0,,,29.0,,,,,20.0,27.0,17.0,15.0,,,,,,,,,,,,,,,,,,20.0,19.0,,25.0,,,,,,,,,,,,,,,,,,,25.0,20.0,15.0,,,,44.0,54.0,49.0,29.0,29.0,,,,,,,,,,,,,,,,,,,,,,,,,14.0,19.0,22.0,95.0,99.0,99.0,81.0,95.0,,,,45.0,44.0,45.0,20.0,19.0,,,,,87.0,82.0,62.0,34.0,34.0,,,,,32.0,29.0,,,,,34.0,32.0,32.0,,,15.0,,,,,,,,,,,,44.0,39.0,37.0,17.0,14.0,17.0,,,,37.0,44.0,40.0,24.0,24.0,22.0,,,,,,,,15.0,,,,,,25.0,,,39.0,,,27.0,30.0,,,,45.0,52.0,47.0,22.0,20.0,,,,,,,,,,,,,19.0,25.0,,19.0,25.0,,,24.0,27.0,,,,34.0
160,478.60424852371216,B2-01,R1,0,5,40.0,,37.0,,,,,,,19.0,,44.0,,19.0,42.0,,,32.0,14.0,19.0,22.0,34.0,,47.0,50.0,12.0,14.0,39.0,39.0,39.0,39.0,39.0,39.0,60.0,60.0,59.0,62.0,65.0,62.0,12.0,,,29.0,29.0,29.0,20.0,19.0,17.0,29.0,,27.0,29.0,30.0,32.0,,,,19.0,,,20.0,17.0,,17.0,37.0,,,39.0,,,,,27.0,,,,,,,,,,,,,,,32.0,,,,,,,,,,,,,,,27.0,15.0,15.0,10.0,,,,,,,,,,,,,,,,45.0,,49.0,34.0,25.0,32.0,,,,,,,,,4.0,17.0,,,,,,,,,,22.0,,,,22.0,,,55.0,82.0,99.0,60.0,64.0,,,,49.0,47.0,47.0,24.0,24.0,19.0,,,,50.0,62.0,,20.0,22.0,,,,,,17.0,,,,,29.0,,,,,39.0,45.0,45.0,,,,,,,20.0,,,34.0,32.0,34.0,15.0,17.0,15.0,,,,57.0,55.0,55.0,34.0,34.0,19.0,,,,24.0,24.0,,,25.0,,,,,,19.0,,27.0,9.0,,,50.0,52.0,,,,70.0,69.0,69.0,35.0,35.0,,,,22.0,,19.0,,,,24.0,,,,30.0,,,29.0,,20.0,30.0,19.0,,,,30.0
161,484.8856856822968,B2-01,R1,0,5,40.0,,30.0,,,,,,,19.0,,42.0,,19.0,27.0,,,54.0,20.0,19.0,,29.0,,52.0,55.0,12.0,14.0,42.0,42.0,39.0,42.0,42.0,42.0,64.0,59.0,59.0,60.0,60.0,62.0,14.0,15.0,14.0,32.0,34.0,35.0,14.0,15.0,17.0,32.0,,27.0,29.0,27.0,29.0,,,,19.0,,,20.0,17.0,,20.0,37.0,,44.0,35.0,,,,,27.0,,,,,,,,,,,,,,,32.0,,,,,,,32.0,,,,,,,,27.0,15.0,15.0,10.0,,,,,,,,,,,,,,,,49.0,47.0,49.0,24.0,24.0,32.0,,,,25.0,,37.0,,,4.0,17.0,,,,,,,,,,,,,,22.0,,,94.0,89.0,99.0,67.0,64.0,,,,49.0,47.0,47.0,24.0,24.0,,,,,72.0,62.0,,19.0,20.0,,,,,,17.0,,,,,29.0,,,,,39.0,45.0,29.0,,20.0,,,,,20.0,,,34.0,32.0,34.0,19.0,20.0,15.0,,,,55.0,54.0,54.0,40.0,40.0,,,,,20.0,22.0,20.0,,27.0,29.0,27.0,,,,19.0,,27.0,9.0,,,64.0,65.0,,,,77.0,77.0,77.0,39.0,37.0,,,,22.0,,19.0,,,,24.0,,,19.0,,,,29.0,,20.0,27.0,19.0,,,,30.0
162,487.7382318973541,B2-01,R1,0,4,17.0,,,,,,,,,19.0,,32.0,,,32.0,29.0,,62.0,17.0,10.0,,,22.0,45.0,45.0,,,24.0,22.0,,22.0,22.0,22.0,42.0,37.0,24.0,40.0,27.0,22.0,,,,27.0,42.0,42.0,,,,24.0,,,14.0,,,,,,,,,,,,,19.0,,,10.0,,,,,20.0,35.0,17.0,34.0,,,,,,,,,,,,,,,,,,20.0,19.0,,25.0,,,,,,,,,,,,,,,,,,,25.0,27.0,17.0,,,,52.0,54.0,52.0,40.0,40.0,40.0,,,,,,,,,,,,,,,,,,,,,,,,14.0,19.0,22.0,95.0,100.0,99.0,97.0,97.0,,,17.0,45.0,44.0,69.0,25.0,24.0,,,,,82.0,77.0,77.0,34.0,34.0,,,,,22.0,20.0,20.0,,,,40.0,,,,,15.0,,,,,,,,,,,,44.0,37.0,37.0,17.0,14.0,,,,,37.0,44.0,40.0,27.0,29.0,22.0,,,,,,,,15.0,,,,,,,,,39.0,,,27.0,24.0,,,,62.0,52.0,47.0,24.0,24.0,,,,,,,,,,,,,19.0,25.0,,19.0,34.0,,,34.0,19.0,,,,34.0
163,490.3581163883209,B2-01,R1,0,4,17.0,,,,,,,,,19.0,,32.0,,,32.0,29.0,,62.0,17.0,10.0,,,22.0,45.0,45.0,,,24.0,22.0,,22.0,22.0,22.0,42.0,37.0,24.0,40.0,27.0,22.0,,,,27.0,42.0,42.0,,,,24.0,,,14.0,,,,,,,,,,,,,19.0,,,10.0,,,,,20.0,35.0,17.0,34.0,,,,,,,,,,,,,,,,,,20.0,19.0,,25.0,,,,,,,,,,,,,,,,,,,25.0,27.0,17.0,,,,52.0,54.0,52.0,40.0,40.0,40.0,,,,,,,,,,,,,,,,,,,,,,,,14.0,19.0,22.0,95.0,100.0,99.0,83.0,97.0,,,17.0,45.0,44.0,69.0,25.0,24.0,,,,,82.0,77.0,77.0,34.0,34.0,,,,,22.0,20.0,20.0,,,,40.0,,,,,15.0,,,,,,,,,,,,44.0,37.0,37.0,17.0,14.0,,,,,37.0,44.0,40.0,27.0,29.0,22.0,,,,,,,,15.0,,,,,,,,,39.0,,,27.0,24.0,,,,62.0,52.0,47.0,24.0,24.0,,,,,,,,,,,,,19.0,25.0,,19.0,34.0,,,34.0,19.0,,,,34.0
164,492.9802191257477,B2-01,R1,0,4,17.0,,,,,,,,,19.0,,32.0,,,32.0,29.0,,62.0,34.0,10.0,,,22.0,45.0,45.0,,,20.0,20.0,,20.0,20.0,20.0,42.0,37.0,,40.0,27.0,22.0,,,,29.0,42.0,42.0,,,,24.0,,,14.0,,,,,,,,,,,,,19.0,,,10.0,,,,,20.0,35.0,17.0,34.0,,,,,,,,,,,,,,,,,,20.0,19.0,,25.0,,,,,,,,,,,,,,,,,,,,27.0,17.0,,,,52.0,,49.0,34.0,40.0,40.0,,,,,,,,,,,,,,,,,,,,,,,,14.0,19.0,22.0,92.0,99.0,99.0,94.0,94.0,,,17.0,44.0,44.0,52.0,12.0,12.0,,,,,67.0,60.0,59.0,35.0,35.0,,,,,22.0,20.0,20.0,,,,40.0,,,,,15.0,,,,,,,,,,,,37.0,40.0,37.0,17.0,14.0,,,,,,44.0,40.0,25.0,27.0,22.0,,,,,,,,,,,,,,,,,45.0,,,27.0,34.0,,,,62.0,,47.0,27.0,25.0,,,,,,,,,,,,,19.0,27.0,,19.0,34.0,,,34.0,19.0,,,,
165,494.8440215587616,B2-01,R1,0,5,40.0,,30.0,,,,,,,19.0,,42.0,,,27.0,,,54.0,15.0,,,29.0,27.0,52.0,39.0,12.0,14.0,30.0,29.0,39.0,30.0,30.0,30.0,52.0,59.0,59.0,60.0,50.0,49.0,17.0,17.0,14.0,32.0,34.0,35.0,14.0,15.0,17.0,32.0,,27.0,29.0,27.0,29.0,,,,,,,14.0,14.0,,12.0,37.0,,44.0,35.0,,,,,27.0,,,,,,,,,,,,,,,32.0,,,,,,,32.0,,,17.0,17.0,17.0,34.0,,27.0,15.0,15.0,10.0,,,,,,,,,,,,,,,,45.0,47.0,49.0,25.0,24.0,32.0,,,,25.0,,37.0,,,4.0,17.0,,,,,,,,,,,,,,,,,57.0,55.0,55.0,65.0,65.0,,,,49.0,47.0,47.0,24.0,24.0,,,,,35.0,50.0,,27.0,27.0,,,,,,17.0,,,,,29.0,,,,,39.0,45.0,29.0,,20.0,,,,,20.0,,,34.0,32.0,34.0,15.0,17.0,15.0,,,,42.0,40.0,42.0,35.0,35.0,,,,,20.0,22.0,20.0,,27.0,29.0,27.0,,,,19.0,,19.0,9.0,,,35.0,39.0,,,,80.0,79.0,79.0,32.0,30.0,,,,22.0,,,,,,24.0,,,19.0,,,,29.0,,,27.0,,,,,30.0
166,497.4967668056488,B2-01,R1,0,5,40.0,,30.0,,,,,,,19.0,,42.0,,,27.0,,,54.0,15.0,,,29.0,27.0,52.0,39.0,12.0,14.0,30.0,29.0,39.0,30.0,30.0,30.0,52.0,59.0,59.0,60.0,50.0,49.0,17.0,17.0,14.0,32.0,34.0,35.0,14.0,15.0,17.0,32.0,,27.0,29.0,27.0,29.0,,,,,,,14.0,14.0,,12.0,37.0,,44.0,35.0,,,,,27.0,,,,,,,,,,,,,,,32.0,,,,,,,32.0,,,17.0,17.0,17.0,34.0,,27.0,15.0,15.0,10.0,,,,,,,,,,,,,,,,45.0,47.0,49.0,25.0,24.0,32.0,,,,25.0,,37.0,,,4.0,17.0,,,,,,,,,,,,,,,,,57.0,55.0,55.0,66.0,65.0,,,,49.0,47.0,47.0,24.0,24.0,,,,,35.0,50.0,,27.0,27.0,,,,,,17.0,,,,,29.0,,,,,39.0,45.0,29.0,,20.0,,,,,20.0,,,34.0,32.0,34.0,15.0,17.0,15.0,,,,42.0,40.0,42.0,35.0,35.0,,,,,20.0,22.0,20.0,,27.0,29.0,27.0,,,,19.0,,19.0,9.0,,,35.0,39.0,,,,80.0,79.0,79.0,32.0,30.0,,,,22.0,,,,,,24.0,,,19.0,,,,29.0,,,27.0,,,,,30.0
167,500.1370310783386,B2-01,R1,0,5,40.0,,45.0,,,,,,,19.0,,42.0,,27.0,22.0,,,50.0,19.0,,,29.0,27.0,59.0,57.0,12.0,14.0,25.0,27.0,39.0,25.0,27.0,27.0,59.0,60.0,59.0,60.0,57.0,54.0,17.0,17.0,14.0,37.0,37.0,35.0,20.0,20.0,19.0,37.0,40.0,40.0,29.0,27.0,30.0,,,,,,,15.0,15.0,,12.0,37.0,39.0,44.0,44.0,,,,,,,,,,,,,,,,,,,,32.0,,,,,,,32.0,,,17.0,17.0,17.0,34.0,,30.0,15.0,15.0,10.0,,,,,,,,,,,22.0,,,,,47.0,47.0,54.0,24.0,24.0,32.0,,,,25.0,,37.0,,,4.0,17.0,,,27.0,,,,,,,,,25.0,,,,,92.0,90.0,55.0,80.0,80.0,,,,,,,,,,,,,35.0,50.0,,30.0,30.0,30.0,,,,30.0,30.0,30.0,,,,29.0,30.0,,,,39.0,45.0,29.0,,20.0,,,,,22.0,,,34.0,32.0,34.0,15.0,17.0,15.0,,,,65.0,62.0,42.0,49.0,47.0,,,,,20.0,22.0,20.0,,27.0,35.0,34.0,,,,,,29.0,85.0,,,50.0,52.0,,,,80.0,67.0,67.0,30.0,30.0,,,,22.0,,,,,,24.0,,,19.0,,,,32.0,,,30.0,45.0,,22.0,,29.0
168,502.8116822242737,B2-01,R1,0,5,40.0,,45.0,,,,,,,19.0,,42.0,,27.0,22.0,,,50.0,19.0,,,29.0,27.0,59.0,57.0,12.0,14.0,25.0,27.0,39.0,25.0,27.0,27.0,59.0,60.0,59.0,60.0,57.0,54.0,17.0,17.0,14.0,37.0,37.0,35.0,20.0,20.0,19.0,37.0,40.0,40.0,29.0,27.0,30.0,,,,,,,15.0,15.0,,12.0,37.0,39.0,44.0,44.0,,,,,,,,,,,,,,,,,,,,32.0,,,,,,,32.0,,,17.0,17.0,17.0,34.0,,30.0,15.0,15.0,10.0,,,,,,,,,,,22.0,,,,,47.0,47.0,54.0,24.0,24.0,32.0,,,,25.0,,37.0,,,4.0,17.0,,,27.0,,,,,,,,,25.0,,,,,92.0,90.0,55.0,72.0,80.0,,,,,,,,,,,,,35.0,50.0,,30.0,30.0,30.0,,,,30.0,30.0,30.0,,,,29.0,30.0,,,,39.0,45.0,29.0,,20.0,,,,,22.0,,,34.0,32.0,34.0,15.0,17.0,15.0,,,,65.0,62.0,42.0,49.0,47.0,,,,,20.0,22.0,20.0,,27.0,35.0,34.0,,,,,,29.0,85.0,,,50.0,52.0,,,,80.0,67.0,67.0,30.0,30.0,,,,22.0,,,,,,24.0,,,19.0,,,,32.0,,,30.0,45.0,,22.0,,29.0
169,509.0717215538025,B2-01,R1,0,5,35.0,,29.0,,,,,,,,,42.0,,25.0,22.0,,,45.0,15.0,,,29.0,27.0,45.0,47.0,15.0,15.0,42.0,42.0,39.0,42.0,42.0,42.0,42.0,50.0,49.0,60.0,40.0,40.0,17.0,17.0,14.0,30.0,37.0,35.0,20.0,20.0,19.0,40.0,39.0,39.0,29.0,27.0,30.0,,,,,,,22.0,20.0,,22.0,37.0,39.0,37.0,44.0,,,,,,,,,,,,,,,,,,,,,,,,,,,32.0,,,17.0,17.0,17.0,34.0,,32.0,15.0,15.0,,,,,,,,,,,,22.0,,,,,39.0,34.0,37.0,24.0,24.0,,,,,25.0,,37.0,,,,,,,17.0,,,,,,,,,25.0,,19.0,,,89.0,85.0,85.0,47.0,54.0,,,,,,,,,,,,,35.0,47.0,,20.0,19.0,30.0,,,,30.0,29.0,30.0,,,,17.0,30.0,,,,,,29.0,,20.0,,,,,24.0,,,27.0,32.0,34.0,19.0,19.0,,,,,57.0,60.0,60.0,27.0,47.0,,,,,20.0,22.0,20.0,,27.0,35.0,29.0,,,,,,12.0,74.0,,,60.0,59.0,,,,59.0,67.0,67.0,37.0,37.0,,,,,,,,24.0,,24.0,,,19.0,,,,32.0,,,29.0,40.0,,22.0,,29.0
170,515.3256816864014,B2-01,R1,0,5,35.0,,29.0,,,,,,,,,40.0,,27.0,22.0,,,52.0,9.0,,24.0,20.0,27.0,47.0,49.0,19.0,20.0,27.0,27.0,,27.0,29.0,27.0,50.0,49.0,49.0,60.0,52.0,52.0,17.0,17.0,14.0,30.0,37.0,29.0,20.0,20.0,19.0,40.0,39.0,39.0,29.0,27.0,30.0,,,,,,,22.0,20.0,,22.0,37.0,39.0,37.0,44.0,,,,,27.0,25.0,24.0,,,,,,,,,,,,,27.0,,,,,,,25.0,,,24.0,22.0,17.0,34.0,,30.0,,,,,,,,,,,,,,22.0,,,,,39.0,34.0,54.0,19.0,17.0,,,,,25.0,,37.0,,,,,,,10.0,,,,,22.0,,27.0,,25.0,,17.0,22.0,,79.0,77.0,85.0,62.0,54.0,,,,,,,,,,,,,65.0,47.0,,25.0,25.0,25.0,10.0,,,30.0,29.0,27.0,,,,17.0,30.0,25.0,,,,,29.0,,20.0,,,,,20.0,20.0,20.0,27.0,32.0,34.0,12.0,14.0,,14.0,,,59.0,70.0,70.0,50.0,50.0,,,,,20.0,22.0,20.0,,27.0,35.0,29.0,,,,,,32.0,74.0,,,57.0,59.0,12.0,12.0,,59.0,77.0,77.0,37.0,37.0,,,,,,,,24.0,,,,,19.0,,,,29.0,,,29.0,40.0,,22.0,,29.0
171,521.5856666564941,B2-01,R1,0,5,35.0,,29.0,,,,,,,,,40.0,,27.0,22.0,,,52.0,9.0,,24.0,20.0,27.0,47.0,49.0,19.0,20.0,27.0,27.0,,27.0,29.0,27.0,50.0,49.0,49.0,60.0,52.0,52.0,17.0,17.0,14.0,30.0,37.0,29.0,20.0,20.0,19.0,40.0,39.0,39.0,29.0,27.0,30.0,,,,,,,22.0,20.0,,22.0,37.0,39.0,37.0,44.0,,,,,27.0,25.0,24.0,,,,,,,,,,,,,27.0,,,,,,,25.0,,,24.0,22.0,17.0,34.0,,30.0,,,,,,,,,,,,,,22.0,,,,,39.0,34.0,54.0,19.0,17.0,,,,,25.0,,37.0,,,,,,,10.0,,,,,22.0,,27.0,,25.0,,17.0,22.0,,79.0,77.0,85.0,59.0,54.0,,,,,,,,,,,,,65.0,47.0,,25.0,25.0,25.0,10.0,,,30.0,29.0,27.0,,,,17.0,30.0,25.0,,,,,29.0,,20.0,,,,,20.0,20.0,20.0,27.0,32.0,34.0,12.0,14.0,,14.0,,,59.0,70.0,70.0,50.0,50.0,,,,,20.0,22.0,20.0,,27.0,35.0,29.0,,,,,,32.0,74.0,,,57.0,59.0,12.0,12.0,,59.0,77.0,77.0,37.0,37.0,,,,,,,,24.0,,,,,19.0,,,,29.0,,,29.0,40.0,,22.0,,29.0
172,524.224292755127,B2-01,R1,0,5,35.0,,25.0,,,,,,,,,40.0,,25.0,20.0,29.0,,37.0,9.0,,24.0,24.0,27.0,47.0,47.0,15.0,17.0,42.0,42.0,,42.0,42.0,42.0,50.0,49.0,40.0,42.0,45.0,44.0,17.0,17.0,,30.0,37.0,25.0,19.0,20.0,19.0,42.0,39.0,39.0,,,30.0,,,,,,,20.0,19.0,,19.0,37.0,39.0,34.0,30.0,,,,,27.0,25.0,24.0,,,,,,,,,,,,,27.0,,,,,,,25.0,,,15.0,15.0,17.0,34.0,,30.0,,,,,,,,,,,,,,22.0,,,,,39.0,34.0,54.0,25.0,24.0,25.0,,,,25.0,,,,,,,,,10.0,,,,,22.0,,27.0,,25.0,,22.0,22.0,,65.0,74.0,85.0,52.0,52.0,,,,,,,,,,,,,65.0,47.0,,25.0,25.0,25.0,10.0,,,30.0,29.0,27.0,,,,17.0,30.0,25.0,,,25.0,30.0,,,,,,,,20.0,20.0,20.0,27.0,32.0,,12.0,14.0,,14.0,,,55.0,54.0,54.0,52.0,52.0,,,,,15.0,17.0,,,,35.0,29.0,,,,,,30.0,67.0,,,57.0,37.0,12.0,12.0,,69.0,67.0,67.0,32.0,30.0,,,,,,,,24.0,,,,,,,,,29.0,,,29.0,49.0,,22.0,,29.0
173,526.8643672466278,B2-01,R1,0,5,35.0,,25.0,,,,,,,,,40.0,,25.0,20.0,29.0,,37.0,9.0,,24.0,24.0,27.0,47.0,47.0,15.0,17.0,42.0,42.0,,42.0,42.0,42.0,50.0,49.0,40.0,42.0,45.0,44.0,17.0,17.0,,30.0,37.0,25.0,19.0,20.0,19.0,42.0,39.0,39.0,,,30.0,,,,,,,20.0,19.0,,19.0,37.0,39.0,34.0,30.0,,,,,27.0,25.0,24.0,,,,,,,,,,,,,27.0,,,,,,,25.0,,,15.0,15.0,17.0,34.0,,30.0,,,,,,,,,,,,,,22.0,,,,,39.0,34.0,54.0,25.0,24.0,25.0,,,,25.0,,,,,,,,,10.0,,,,,22.0,,27.0,,25.0,,22.0,22.0,,65.0,74.0,85.0,51.0,52.0,,,,,,,,,,,,,65.0,47.0,,25.0,25.0,25.0,10.0,,,30.0,29.0,27.0,,,,17.0,30.0,25.0,,,25.0,30.0,,,,,,,,20.0,20.0,20.0,27.0,32.0,,12.0,14.0,,14.0,,,55.0,54.0,54.0,52.0,52.0,,,,,15.0,17.0,,,,35.0,29.0,,,,,,30.0,67.0,,,57.0,37.0,12.0,12.0,,69.0,67.0,67.0,32.0,30.0,,,,,,,,24.0,,,,,,,,,29.0,,,29.0,49.0,,22.0,,29.0
174,533.1311845779419,B2-01,R1,0,5,40.0,,25.0,,,,,,,,,40.0,,25.0,37.0,29.0,,47.0,9.0,,24.0,24.0,,60.0,62.0,15.0,15.0,44.0,44.0,,44.0,44.0,44.0,47.0,49.0,40.0,42.0,45.0,44.0,15.0,15.0,,25.0,30.0,29.0,24.0,24.0,24.0,27.0,39.0,42.0,,,27.0,,,,14.0,,,22.0,24.0,,22.0,37.0,39.0,34.0,30.0,,,,,27.0,25.0,24.0,14.0,25.0,,,,,,,,,,,24.0,,25.0,,,,,25.0,,,14.0,15.0,,,,30.0,25.0,27.0,,,,,,,,,,,,22.0,,,,,39.0,34.0,54.0,20.0,24.0,25.0,,,,25.0,37.0,37.0,,9.0,10.0,35.0,,,10.0,,,,,22.0,,25.0,34.0,34.0,,14.0,27.0,25.0,87.0,85.0,85.0,52.0,52.0,,,,,,,,,,,,,64.0,47.0,,25.0,25.0,25.0,10.0,,,30.0,29.0,27.0,,,,17.0,30.0,25.0,,,25.0,30.0,,,,,,,,20.0,20.0,25.0,49.0,32.0,,12.0,14.0,,14.0,,,69.0,62.0,62.0,35.0,35.0,35.0,17.0,,,20.0,20.0,,,29.0,25.0,25.0,12.0,,,,,17.0,77.0,,,62.0,37.0,12.0,12.0,,69.0,67.0,65.0,47.0,47.0,,,,,,,,24.0,,,,,,,,,29.0,,,27.0,44.0,,17.0,,27.0
175,535.7663917541504,B2-01,R1,0,5,40.0,,25.0,,,,,,,,,40.0,,25.0,37.0,29.0,,47.0,9.0,,24.0,17.0,,54.0,57.0,10.0,7.0,29.0,30.0,30.0,30.0,30.0,30.0,55.0,45.0,45.0,42.0,55.0,54.0,15.0,15.0,,30.0,30.0,29.0,19.0,17.0,20.0,29.0,34.0,35.0,,,27.0,,,,14.0,,,12.0,24.0,,14.0,37.0,39.0,34.0,32.0,,,,,27.0,25.0,24.0,19.0,25.0,,,,,,,,,,,14.0,,25.0,,,,,25.0,,,17.0,15.0,,,,35.0,25.0,27.0,,,,,,,,,,,,22.0,,,,,39.0,34.0,54.0,20.0,24.0,25.0,,,,25.0,37.0,37.0,,9.0,10.0,35.0,,,10.0,,,,,22.0,19.0,25.0,34.0,34.0,,14.0,27.0,25.0,65.0,62.0,64.0,52.0,52.0,,,,,,,,,,,,,64.0,47.0,,27.0,27.0,25.0,10.0,,,30.0,17.0,27.0,,,,17.0,30.0,25.0,,,25.0,30.0,,,,,,,,20.0,20.0,25.0,49.0,32.0,,12.0,14.0,,14.0,,,54.0,62.0,62.0,39.0,39.0,35.0,17.0,,,20.0,20.0,,,25.0,32.0,25.0,12.0,,,,,25.0,60.0,,,47.0,49.0,12.0,12.0,,49.0,67.0,65.0,32.0,47.0,,,,,,,,29.0,,,,,,,,,27.0,,,27.0,40.0,,17.0,,27.0
176,542.0440082550049,B2-01,R1,0,5,44.0,,29.0,,,,,,,,,40.0,,15.0,37.0,29.0,,52.0,9.0,,24.0,17.0,,49.0,50.0,24.0,22.0,40.0,39.0,30.0,39.0,40.0,40.0,55.0,45.0,47.0,44.0,45.0,54.0,22.0,22.0,,39.0,34.0,35.0,29.0,29.0,20.0,29.0,34.0,35.0,,,27.0,,,,14.0,,,19.0,17.0,,17.0,37.0,32.0,34.0,34.0,,,,,27.0,24.0,19.0,19.0,25.0,,,,,,,,,,,24.0,,25.0,,,,,25.0,,,17.0,15.0,,,,35.0,24.0,25.0,,14.0,,,,,,,,,,,,,,,45.0,34.0,54.0,24.0,24.0,25.0,,,,25.0,37.0,29.0,,9.0,10.0,19.0,,,10.0,,,,,22.0,19.0,25.0,34.0,34.0,,20.0,25.0,25.0,85.0,85.0,64.0,52.0,60.0,,,,40.0,,,,,,,,,64.0,47.0,,20.0,19.0,25.0,10.0,,,,17.0,27.0,,,,30.0,,25.0,,,25.0,30.0,,,,,,,,20.0,25.0,25.0,35.0,34.0,,20.0,19.0,,14.0,,,65.0,59.0,62.0,44.0,39.0,35.0,10.0,,,19.0,17.0,17.0,,25.0,32.0,25.0,12.0,,,,,17.0,64.0,,,64.0,49.0,12.0,15.0,,82.0,84.0,82.0,50.0,50.0,50.0,,,,,,,29.0,,,,,17.0,,,,27.0,,,27.0,40.0,,17.0,,20.0
177,544.6805016994476,B2-01,R1,0,5,44.0,,29.0,,,,,,,,,40.0,,15.0,37.0,29.0,,52.0,9.0,,24.0,17.0,,49.0,50.0,24.0,22.0,40.0,39.0,30.0,39.0,40.0,40.0,55.0,45.0,47.0,44.0,45.0,54.0,22.0,22.0,,39.0,34.0,35.0,29.0,29.0,20.0,29.0,34.0,35.0,,,27.0,,,,14.0,,,19.0,17.0,,17.0,37.0,32.0,34.0,34.0,,,,,27.0,24.0,19.0,19.0,25.0,,,,,,,,,,,24.0,,25.0,,,,,25.0,,,17.0,15.0,,,,35.0,24.0,25.0,,14.0,,,,,,,,,,,,,,,45.0,34.0,54.0,24.0,24.0,25.0,,,,25.0,37.0,29.0,,9.0,10.0,19.0,,,10.0,,,,,22.0,19.0,25.0,34.0,34.0,,20.0,25.0,25.0,85.0,85.0,64.0,58.0,60.0,,,,40.0,,,,,,,,,64.0,47.0,,20.0,19.0,25.0,10.0,,,,17.0,27.0,,,,30.0,,25.0,,,25.0,30.0,,,,,,,,20.0,25.0,25.0,35.0,34.0,,20.0,19.0,,14.0,,,65.0,59.0,62.0,44.0,39.0,35.0,10.0,,,19.0,17.0,17.0,,25.0,32.0,25.0,12.0,,,,,17.0,64.0,,,64.0,49.0,12.0,15.0,,82.0,84.0,82.0,50.0,50.0,50.0,,,,,,,29.0,,,,,17.0,,,,27.0,,,27.0,40.0,,17.0,,20.0
178,547.3644850254059,B2-01,R1,0,5,29.0,,29.0,,,,,,,,,40.0,,19.0,30.0,29.0,,35.0,10.0,19.0,29.0,19.0,,40.0,39.0,12.0,12.0,40.0,39.0,30.0,39.0,40.0,40.0,55.0,40.0,37.0,37.0,37.0,54.0,22.0,22.0,,17.0,27.0,29.0,29.0,29.0,20.0,29.0,34.0,35.0,,,27.0,,,,14.0,,,22.0,20.0,,20.0,37.0,32.0,34.0,19.0,,,,,27.0,24.0,20.0,19.0,25.0,,,,,,,,,,,24.0,,25.0,,,,,25.0,,25.0,12.0,12.0,,,,35.0,24.0,25.0,,14.0,,,,,,,,,,,,,,,35.0,35.0,35.0,20.0,22.0,20.0,,,,25.0,37.0,29.0,,9.0,10.0,19.0,,,10.0,,,,,22.0,19.0,25.0,34.0,34.0,,20.0,20.0,25.0,89.0,85.0,64.0,67.0,67.0,,,,40.0,,,,,,,,,64.0,,,20.0,22.0,25.0,10.0,,,,19.0,27.0,,,,30.0,,22.0,,,25.0,30.0,,,24.0,,,,,20.0,25.0,25.0,29.0,34.0,,20.0,19.0,,14.0,,,65.0,59.0,59.0,44.0,44.0,35.0,10.0,,,19.0,17.0,17.0,,25.0,32.0,25.0,12.0,,,,,17.0,65.0,,,64.0,49.0,12.0,15.0,,49.0,84.0,82.0,27.0,25.0,50.0,,,,,,,29.0,,,,,17.0,,,,27.0,,,27.0,40.0,,17.0,,20.0
179,549.9961450099945,B2-01,R1,0,5,29.0,,29.0,,,,,,,,,40.0,,19.0,30.0,29.0,,35.0,10.0,19.0,29.0,19.0,,40.0,39.0,12.0,12.0,40.0,39.0,30.0,39.0,40.0,40.0,55.0,40.0,37.0,37.0,37.0,54.0,22.0,22.0,,17.0,27.0,29.0,29.0,29.0,20.0,29.0,34.0,35.0,,,27.0,,,,14.0,,,22.0,20.0,,20.0,37.0,32.0,34.0,19.0,,,,,27.0,24.0,20.0,19.0,25.0,,,,,,,,,,,24.0,,25.0,,,,,25.0,,25.0,12.0,12.0,,,,35.0,24.0,25.0,,14.0,,,,,,,,,,,,,,,35.0,35.0,35.0,20.0,22.0,20.0,,,,25.0,37.0,29.0,,9.0,10.0,19.0,,,10.0,,,,,22.0,19.0,25.0,34.0,34.0,,20.0,20.0,25.0,89.0,85.0,64.0,73.0,67.0,,,,40.0,,,,,,,,,64.0,,,20.0,22.0,25.0,10.0,,,,19.0,27.0,,,,30.0,,22.0,,,25.0,30.0,,,24.0,,,,,20.0,25.0,25.0,29.0,34.0,,20.0,19.0,,14.0,,,65.0,59.0,59.0,44.0,44.0,35.0,10.0,,,19.0,17.0,17.0,,25.0,32.0,25.0,12.0,,,,,17.0,65.0,,,64.0,49.0,12.0,15.0,,49.0,84.0,82.0,27.0,25.0,50.0,,,,,,,29.0,,,,,17.0,,,,27.0,,,27.0,40.0,,17.0,,20.0
180,558.2065906524658,B2-01,R1,0,5,17.0,,,,,,,,,19.0,,,,24.0,20.0,29.0,,45.0,12.0,,32.0,,27.0,45.0,45.0,10.0,12.0,32.0,32.0,,32.0,32.0,32.0,24.0,47.0,52.0,49.0,19.0,52.0,,,14.0,25.0,34.0,,15.0,15.0,17.0,24.0,,,17.0,,,,,,,,,17.0,17.0,,17.0,42.0,42.0,,40.0,,,,,34.0,35.0,20.0,25.0,,,,,,,,,,,,,,,,,,,,,,10.0,12.0,10.0,,,,,17.0,,,,,,,,,,,,27.0,20.0,,,,54.0,,49.0,29.0,27.0,40.0,,,,,,,,,,,,,,,,,,,,22.0,17.0,,,,,,59.0,74.0,74.0,54.0,54.0,,,17.0,32.0,44.0,67.0,30.0,29.0,,,,,60.0,54.0,59.0,27.0,27.0,,,,,22.0,20.0,20.0,12.0,12.0,10.0,44.0,39.0,39.0,,,,,,,,,,,,,,,45.0,40.0,39.0,19.0,17.0,,,,,50.0,50.0,50.0,32.0,32.0,22.0,20.0,25.0,,,,,,20.0,,,,,,,,32.0,59.0,,,47.0,42.0,,,,55.0,54.0,54.0,34.0,32.0,,,,,,,,,,,,,19.0,29.0,,24.0,27.0,,,29.0,29.0,,,,34.0
181,560.8630323410034,B2-01,R1,0,5,17.0,,,,,,,,,19.0,,,,24.0,20.0,29.0,,45.0,12.0,,32.0,,27.0,45.0,45.0,10.0,12.0,32.0,32.0,,32.0,32.0,32.0,24.0,47.0,52.0,49.0,19.0,52.0,,,14.0,25.0,34.0,,15.0,15.0,17.0,24.0,,,17.0,,,,,,,,,17.0,17.0,,17.0,42.0,42.0,,40.0,,,,,34.0,35.0,20.0,25.0,,,,,,,,,,,,,,,,,,,,,,10.0,12.0,10.0,,,,,17.0,,,,,,,,,,,,27.0,20.0,,,,54.0,,49.0,29.0,27.0,40.0,,,,,,,,,,,,,,,,,,,,22.0,17.0,,,,,,59.0,74.0,74.0,52.0,54.0,,,17.0,32.0,44.0,67.0,30.0,29.0,,,,,60.0,54.0,59.0,27.0,27.0,,,,,22.0,20.0,20.0,12.0,12.0,10.0,44.0,39.0,39.0,,,,,,,,,,,,,,,45.0,40.0,39.0,19.0,17.0,,,,,50.0,50.0,50.0,32.0,32.0,22.0,20.0,25.0,,,,,,20.0,,,,,,,,32.0,59.0,,,47.0,42.0,,,,55.0,54.0,54.0,34.0,32.0,,,,,,,,,,,,,19.0,29.0,,24.0,27.0,,,29.0,29.0,,,,34.0
182,566.4346919059753,B2-01,R1,1,1,29.0,,35.0,,,,,,,,,40.0,,19.0,30.0,29.0,,52.0,24.0,19.0,29.0,44.0,,39.0,39.0,12.0,12.0,20.0,19.0,30.0,20.0,20.0,19.0,55.0,40.0,37.0,37.0,37.0,54.0,22.0,22.0,,17.0,27.0,37.0,29.0,29.0,20.0,40.0,34.0,34.0,,,27.0,,,,14.0,24.0,24.0,22.0,20.0,,20.0,37.0,32.0,34.0,19.0,,,,,,24.0,24.0,19.0,25.0,,,,,,,,,,,24.0,,25.0,,,,,,,25.0,12.0,12.0,,,,27.0,24.0,25.0,,14.0,,,,,,,,,,,17.0,,,,35.0,35.0,35.0,29.0,27.0,27.0,,,,25.0,37.0,29.0,,9.0,10.0,19.0,,,,,,,,,19.0,25.0,34.0,34.0,,20.0,20.0,25.0,100.0,100.0,64.0,73.0,99.0,,,,40.0,,64.0,19.0,20.0,,,,,62.0,,,19.0,19.0,,,,,30.0,32.0,30.0,,,,30.0,,22.0,,,25.0,30.0,,,24.0,,,,,,25.0,25.0,60.0,55.0,,20.0,14.0,,,,,65.0,59.0,50.0,24.0,22.0,35.0,10.0,,,19.0,17.0,17.0,,25.0,32.0,25.0,12.0,,,,,17.0,59.0,,,50.0,49.0,,15.0,,49.0,57.0,55.0,27.0,25.0,50.0,,,,,,,29.0,,,,,17.0,,,,27.0,,,27.0,40.0,,17.0,,40.0
183,567.1113955974579,B2-01,R1,0,5,,,,,,,,,,,,,,24.0,24.0,,,20.0,7.0,,,,30.0,44.0,40.0,12.0,12.0,44.0,44.0,44.0,44.0,44.0,44.0,55.0,47.0,52.0,29.0,,50.0,19.0,19.0,14.0,25.0,34.0,,15.0,14.0,17.0,34.0,,,,,,,,,,,,19.0,17.0,,17.0,35.0,44.0,,40.0,,9.0,,,,,20.0,25.0,,,,,,,,,,,,,,,,25.0,27.0,,,,,10.0,14.0,10.0,,,,,17.0,,,,,,,,,,,,,,,,,55.0,,,20.0,22.0,,,,,25.0,,,,,,20.0,,,,,,,,,,22.0,25.0,,,20.0,,,72.0,89.0,74.0,52.0,54.0,,,,32.0,40.0,,,,,,,,60.0,54.0,,17.0,19.0,,,,,37.0,,,20.0,20.0,19.0,27.0,,,,,,,,,,,,,,,29.0,,,,39.0,19.0,15.0,,24.0,25.0,,59.0,54.0,55.0,59.0,59.0,,20.0,25.0,,17.0,14.0,15.0,,20.0,,22.0,19.0,19.0,15.0,,,34.0,67.0,,,60.0,60.0,9.0,9.0,,64.0,65.0,65.0,39.0,39.0,,,,,,,,,,,,,,29.0,,,37.0,,,37.0,44.0,,24.0,,
184,569.0840075016022,B2-01,R1,1,1,29.0,,24.0,,,,,,,,,40.0,,19.0,25.0,,,54.0,24.0,19.0,29.0,35.0,,34.0,35.0,12.0,12.0,19.0,17.0,30.0,19.0,19.0,19.0,55.0,40.0,29.0,22.0,27.0,54.0,22.0,22.0,,34.0,30.0,29.0,29.0,29.0,20.0,17.0,34.0,34.0,,,27.0,,,,14.0,24.0,24.0,22.0,20.0,,20.0,37.0,32.0,34.0,19.0,,,,,24.0,30.0,9.0,19.0,25.0,,,,,,,,,,,24.0,,25.0,,,,,,,25.0,12.0,12.0,,,,27.0,24.0,25.0,,14.0,,,,,,,,,,,17.0,,,,35.0,35.0,35.0,24.0,24.0,27.0,,,,,37.0,29.0,,9.0,10.0,19.0,,,,,,,,,19.0,25.0,34.0,34.0,,20.0,20.0,25.0,90.0,95.0,95.0,76.0,89.0,,,,52.0,52.0,50.0,9.0,14.0,,,,,65.0,,,27.0,25.0,,,,,30.0,32.0,30.0,,,,30.0,,22.0,,,25.0,,,,24.0,,,,,,25.0,25.0,49.0,55.0,,20.0,14.0,,,,,34.0,35.0,39.0,17.0,19.0,19.0,10.0,,,19.0,17.0,17.0,,25.0,32.0,25.0,12.0,,,,,17.0,30.0,,,37.0,35.0,,15.0,,79.0,77.0,77.0,30.0,30.0,50.0,,,,,20.0,,29.0,,,,,17.0,,,,27.0,,,27.0,40.0,,17.0,,40.0
185,575.371654510498,B2-01,R1,1,1,29.0,,24.0,,,,,,,,,40.0,,19.0,37.0,40.0,,47.0,12.0,19.0,29.0,37.0,,39.0,37.0,12.0,12.0,17.0,19.0,,15.0,15.0,15.0,47.0,39.0,29.0,22.0,47.0,45.0,22.0,22.0,,32.0,32.0,29.0,14.0,12.0,,17.0,34.0,29.0,,,,,,,14.0,24.0,24.0,22.0,20.0,,20.0,20.0,29.0,30.0,22.0,,,,,24.0,22.0,9.0,,,,,,,,,,,,,24.0,,,34.0,24.0,25.0,,,,25.0,12.0,12.0,,17.0,,27.0,24.0,25.0,,14.0,,,,,,,,,,,17.0,,,,62.0,60.0,35.0,29.0,24.0,27.0,,,,,,29.0,,,,19.0,,,,,,,,,,,,,,20.0,20.0,22.0,69.0,92.0,95.0,85.0,85.0,,,,52.0,52.0,57.0,24.0,24.0,,,,,75.0,,,22.0,20.0,,,,,30.0,25.0,30.0,,,,40.0,,22.0,,,,,,,24.0,,,,,,25.0,,49.0,42.0,,14.0,15.0,,,,,34.0,35.0,47.0,20.0,19.0,19.0,10.0,,,19.0,17.0,17.0,,25.0,,,,,,,,17.0,39.0,,,40.0,35.0,,15.0,,54.0,77.0,65.0,19.0,19.0,50.0,,,,,20.0,,,,,,,19.0,,,,32.0,,,,40.0,,,,34.0
186,577.0656590461731,B2-01,R1,0,5,,,,,,,,,,,,,,19.0,27.0,,,40.0,10.0,,,,30.0,44.0,37.0,12.0,12.0,44.0,44.0,44.0,44.0,44.0,44.0,50.0,49.0,52.0,50.0,50.0,50.0,19.0,19.0,14.0,25.0,34.0,35.0,15.0,14.0,17.0,29.0,,,,,,,,,,,,17.0,19.0,19.0,17.0,32.0,32.0,32.0,32.0,,9.0,,,,,20.0,25.0,,,,,,,,,,,,,,,,25.0,27.0,,,,,10.0,14.0,10.0,,,,,17.0,,,,,,,,,,,,,,,,,40.0,47.0,47.0,20.0,20.0,,,,,25.0,,,,,,20.0,,,,,,,,,,27.0,25.0,,,20.0,,,67.0,64.0,74.0,60.0,59.0,,,,32.0,40.0,44.0,,,,,,,35.0,54.0,,12.0,10.0,,,,,37.0,,,20.0,20.0,19.0,27.0,,,,,,,,,,,,,,,29.0,,35.0,32.0,39.0,14.0,14.0,,24.0,25.0,,59.0,54.0,55.0,35.0,35.0,35.0,20.0,25.0,,17.0,14.0,15.0,,40.0,34.0,35.0,19.0,19.0,15.0,,,40.0,49.0,,,50.0,52.0,9.0,9.0,,72.0,65.0,65.0,27.0,27.0,,,,,,,,30.0,,,,,,29.0,,,25.0,,,25.0,29.0,,24.0,,
187,579.701685667038,B2-01,R1,0,5,,,,,,,,,,,,,,19.0,27.0,,,40.0,10.0,,,,30.0,44.0,37.0,12.0,12.0,44.0,44.0,44.0,44.0,44.0,44.0,50.0,49.0,52.0,50.0,50.0,50.0,19.0,19.0,14.0,25.0,34.0,35.0,15.0,14.0,17.0,29.0,,,,,,,,,,,,17.0,19.0,19.0,17.0,32.0,32.0,32.0,32.0,,9.0,,,,,20.0,25.0,,,,,,,,,,,,,,,,25.0,27.0,,,,,10.0,14.0,10.0,,,,,17.0,,,,,,,,,,,,,,,,,40.0,47.0,47.0,20.0,20.0,,,,,25.0,,,,,,20.0,,,,,,,,,,27.0,25.0,,,20.0,,,67.0,64.0,74.0,71.0,59.0,,,,32.0,40.0,44.0,,,,,,,35.0,54.0,,12.0,10.0,,,,,37.0,,,20.0,20.0,19.0,27.0,,,,,,,,,,,,,,,29.0,,35.0,32.0,39.0,14.0,14.0,,24.0,25.0,,59.0,54.0,55.0,35.0,35.0,35.0,20.0,25.0,,17.0,14.0,15.0,,40.0,34.0,35.0,19.0,19.0,15.0,,,40.0,49.0,,,50.0,52.0,9.0,9.0,,72.0,65.0,65.0,27.0,27.0,,,,,,,,30.0,,,,,,29.0,,,25.0,,,25.0,29.0,,24.0,,
188,581.6228215694427,B2-01,R1,1,1,29.0,,24.0,,,,,,,,,40.0,,19.0,37.0,40.0,,47.0,12.0,19.0,29.0,37.0,,39.0,37.0,12.0,12.0,17.0,19.0,,15.0,15.0,15.0,47.0,39.0,29.0,22.0,47.0,45.0,22.0,22.0,,32.0,32.0,29.0,14.0,12.0,,17.0,34.0,29.0,,,,,,,14.0,24.0,24.0,22.0,20.0,,20.0,20.0,29.0,30.0,22.0,,,,,24.0,22.0,9.0,,,,,,,,,,,,,24.0,,,34.0,24.0,25.0,,,,25.0,12.0,12.0,,17.0,,27.0,24.0,25.0,,14.0,,,,,,,,,,,17.0,,,,62.0,60.0,35.0,29.0,24.0,27.0,,,,,,29.0,,,,19.0,,,,,,,,,,,,,,20.0,20.0,22.0,69.0,92.0,95.0,76.0,85.0,,,,52.0,52.0,57.0,24.0,24.0,,,,,75.0,,,22.0,20.0,,,,,30.0,25.0,30.0,,,,40.0,,22.0,,,,,,,24.0,,,,,,25.0,,49.0,42.0,,14.0,15.0,,,,,34.0,35.0,47.0,20.0,19.0,19.0,10.0,,,19.0,17.0,17.0,,25.0,,,,,,,,17.0,39.0,,,40.0,35.0,,15.0,,54.0,77.0,65.0,19.0,19.0,50.0,,,,,20.0,,,,,,,19.0,,,,32.0,,,,40.0,,,,34.0
189,582.3299038410187,B2-01,R1,0,5,,,,,25.0,,,,,,,,,20.0,39.0,,,50.0,9.0,,,,30.0,44.0,37.0,19.0,20.0,34.0,35.0,44.0,34.0,34.0,34.0,50.0,49.0,54.0,50.0,55.0,50.0,19.0,19.0,14.0,25.0,34.0,35.0,9.0,14.0,17.0,40.0,,,,,,,,,,,,25.0,24.0,19.0,25.0,45.0,42.0,42.0,32.0,,9.0,,,,,20.0,25.0,,,,,,,,,,,,,27.0,,,25.0,27.0,,27.0,39.0,39.0,15.0,17.0,10.0,,,32.0,,17.0,,,,,,,,,,,,,,,,,55.0,52.0,47.0,22.0,20.0,,,,,12.0,,,,,5.0,14.0,,,,,,,,,,27.0,25.0,,,14.0,,,84.0,80.0,74.0,55.0,55.0,,,,39.0,40.0,44.0,,,,,,,35.0,54.0,,12.0,10.0,,,,,37.0,15.0,,15.0,15.0,17.0,27.0,,,,,,,,,,,,,,,29.0,,35.0,39.0,39.0,17.0,17.0,,17.0,25.0,,59.0,54.0,64.0,50.0,50.0,35.0,20.0,25.0,,17.0,14.0,15.0,,17.0,25.0,25.0,19.0,19.0,15.0,,,14.0,49.0,,,59.0,57.0,9.0,9.0,,62.0,65.0,65.0,45.0,44.0,,,,,,,9.0,30.0,,,,,,29.0,,,29.0,,,30.0,32.0,,29.0,,
190,584.2529001235962,B2-01,R1,1,1,27.0,,17.0,,,,,,,,,35.0,,12.0,34.0,40.0,,52.0,17.0,19.0,32.0,39.0,,34.0,32.0,12.0,12.0,19.0,19.0,,17.0,19.0,19.0,47.0,39.0,34.0,22.0,34.0,30.0,,,,27.0,29.0,29.0,14.0,12.0,,29.0,34.0,29.0,,,,,,,14.0,24.0,24.0,22.0,20.0,,20.0,20.0,29.0,30.0,22.0,,,,,14.0,22.0,19.0,19.0,,,,,,,,,,,,,,,34.0,24.0,25.0,,,,25.0,12.0,12.0,,17.0,,27.0,,,,,,,,,,,,,,,17.0,,,,62.0,60.0,35.0,24.0,24.0,25.0,,,,,,,,,,,,,,,,,,,,,,,,17.0,20.0,22.0,84.0,90.0,90.0,85.0,85.0,,,,34.0,50.0,52.0,15.0,15.0,,,,,75.0,,,27.0,29.0,,,,,30.0,25.0,30.0,,,,40.0,,,,,,,,,24.0,,,,,,,,42.0,34.0,,15.0,15.0,,,,,52.0,47.0,47.0,20.0,19.0,19.0,,,,,,,,25.0,,,,,,,,,34.0,,,37.0,35.0,,,,54.0,45.0,45.0,32.0,32.0,,,,,,20.0,,,,,,,19.0,30.0,,,32.0,,,,32.0,,,,29.0
191,584.9778347015381,B2-01,R1,0,5,,,,,25.0,,,,,,,,,20.0,39.0,,,50.0,9.0,,,,30.0,44.0,37.0,19.0,20.0,34.0,35.0,44.0,34.0,34.0,34.0,50.0,49.0,54.0,50.0,55.0,50.0,19.0,19.0,14.0,25.0,34.0,35.0,9.0,14.0,17.0,40.0,,,,,,,,,,,,25.0,24.0,19.0,25.0,45.0,42.0,42.0,32.0,,9.0,,,,,20.0,25.0,,,,,,,,,,,,,27.0,,,25.0,27.0,,27.0,39.0,39.0,15.0,17.0,10.0,,,32.0,,17.0,,,,,,,,,,,,,,,,,55.0,52.0,47.0,22.0,20.0,,,,,12.0,,,,,5.0,14.0,,,,,,,,,,27.0,25.0,,,14.0,,,84.0,80.0,74.0,65.0,55.0,,,,39.0,40.0,44.0,,,,,,,35.0,54.0,,12.0,10.0,,,,,37.0,15.0,,15.0,15.0,17.0,27.0,,,,,,,,,,,,,,,29.0,,35.0,39.0,39.0,17.0,17.0,,17.0,25.0,,59.0,54.0,64.0,50.0,50.0,35.0,20.0,25.0,,17.0,14.0,15.0,,17.0,25.0,25.0,19.0,19.0,15.0,,,14.0,49.0,,,59.0,57.0,9.0,9.0,,62.0,65.0,65.0,45.0,44.0,,,,,,,9.0,30.0,,,,,,29.0,,,29.0,,,30.0,32.0,,29.0,,
192,586.88010430336,B2-01,R1,1,1,27.0,,17.0,,,,,,,,,35.0,,12.0,34.0,40.0,,52.0,17.0,19.0,32.0,39.0,,34.0,32.0,12.0,12.0,19.0,19.0,,17.0,19.0,19.0,47.0,39.0,34.0,22.0,34.0,30.0,,,,27.0,29.0,29.0,14.0,12.0,,29.0,34.0,29.0,,,,,,,14.0,24.0,24.0,22.0,20.0,,20.0,20.0,29.0,30.0,22.0,,,,,14.0,22.0,19.0,19.0,,,,,,,,,,,,,,,34.0,24.0,25.0,,,,25.0,12.0,12.0,,17.0,,27.0,,,,,,,,,,,,,,,17.0,,,,62.0,60.0,35.0,24.0,24.0,25.0,,,,,,,,,,,,,,,,,,,,,,,,17.0,20.0,22.0,84.0,90.0,90.0,69.0,85.0,,,,34.0,50.0,52.0,15.0,15.0,,,,,75.0,,,27.0,29.0,,,,,30.0,25.0,30.0,,,,40.0,,,,,,,,,24.0,,,,,,,,42.0,34.0,,15.0,15.0,,,,,52.0,47.0,47.0,20.0,19.0,19.0,,,,,,,,25.0,,,,,,,,,34.0,,,37.0,35.0,,,,54.0,45.0,45.0,32.0,32.0,,,,,,20.0,,,,,,,19.0,30.0,,,32.0,,,,32.0,,,,29.0
193,591.2849273681641,B2-01,R1,0,5,,,,,25.0,,,,,,,,,20.0,24.0,,,15.0,14.0,,,,30.0,44.0,37.0,10.0,12.0,34.0,34.0,44.0,34.0,34.0,35.0,50.0,49.0,45.0,42.0,45.0,42.0,19.0,19.0,14.0,25.0,32.0,35.0,9.0,14.0,17.0,24.0,32.0,32.0,,,,,,,,,,17.0,17.0,15.0,15.0,39.0,39.0,39.0,32.0,,9.0,,,,,20.0,25.0,,,,,,,,,,,,,27.0,,,25.0,27.0,,17.0,39.0,39.0,15.0,17.0,10.0,,,32.0,,17.0,,,,,,,,,,,,,,,,,59.0,59.0,60.0,20.0,20.0,,,,,19.0,,,,,5.0,14.0,,,,,,,,,,25.0,25.0,,,14.0,,,84.0,80.0,74.0,51.0,52.0,,,,25.0,40.0,44.0,,,,,,,35.0,54.0,,22.0,22.0,,,,,37.0,15.0,,15.0,15.0,17.0,27.0,,,,,,,,,,,,,,,29.0,,37.0,32.0,30.0,19.0,15.0,,24.0,25.0,,40.0,47.0,52.0,39.0,39.0,35.0,30.0,27.0,27.0,17.0,14.0,15.0,,29.0,25.0,25.0,19.0,19.0,15.0,,,19.0,55.0,,,55.0,57.0,9.0,9.0,,74.0,69.0,69.0,44.0,44.0,,,,,,,9.0,25.0,,,,,,29.0,,,29.0,,,30.0,29.0,,29.0,,
194,593.1350183486938,B2-01,R1,1,1,27.0,,27.0,,,,,,,,,27.0,,10.0,35.0,40.0,,54.0,10.0,,35.0,39.0,,45.0,45.0,,,27.0,25.0,,25.0,25.0,25.0,47.0,39.0,34.0,39.0,39.0,30.0,,,,32.0,29.0,29.0,14.0,12.0,,29.0,34.0,35.0,,,,,,,14.0,24.0,24.0,,,,,20.0,29.0,30.0,29.0,,,,,14.0,22.0,15.0,19.0,27.0,,,,,,,,,,,,,,34.0,24.0,25.0,,,,,,,,17.0,,27.0,,,,,,,,,,,,,,,17.0,,,,64.0,60.0,60.0,29.0,29.0,29.0,,,,,,,,,,,,,,,,,,,,14.0,,,,24.0,,22.0,72.0,89.0,90.0,65.0,80.0,,,,34.0,50.0,59.0,15.0,15.0,,,,,79.0,,,25.0,25.0,,,,,25.0,25.0,30.0,,,,35.0,,,,,,,,,,,,,,,,,40.0,34.0,,15.0,15.0,,,,,52.0,50.0,49.0,29.0,30.0,19.0,,,,,,,,,,,,,,,,,37.0,,,37.0,37.0,,,,54.0,57.0,57.0,25.0,32.0,,,,,,20.0,,,,,,,19.0,30.0,,14.0,40.0,,,,37.0,,,,40.0
195,597.596759557724,B2-01,R1,0,5,,,,,25.0,,,,,,,,,20.0,24.0,,,39.0,12.0,,,,29.0,55.0,54.0,10.0,12.0,44.0,44.0,44.0,44.0,44.0,44.0,62.0,49.0,45.0,60.0,62.0,42.0,15.0,17.0,,25.0,32.0,35.0,15.0,15.0,,40.0,44.0,44.0,,20.0,22.0,,,,,,,22.0,24.0,15.0,24.0,35.0,34.0,34.0,37.0,12.0,9.0,,,,,,,,,,,,,,,,12.0,,,27.0,,,25.0,27.0,,17.0,39.0,39.0,14.0,15.0,,,,34.0,,,,,,,,,,,,,,,,,,,59.0,57.0,60.0,39.0,39.0,,,,32.0,35.0,,,,,5.0,14.0,,,,,,,,,,25.0,25.0,,,19.0,22.0,25.0,72.0,80.0,,52.0,52.0,,,,34.0,40.0,44.0,,,,,,,42.0,,,25.0,25.0,,,,,25.0,24.0,27.0,14.0,14.0,14.0,27.0,,,,,,,,,,,,,20.0,,29.0,,29.0,32.0,30.0,22.0,22.0,,24.0,25.0,,30.0,55.0,55.0,29.0,29.0,27.0,20.0,25.0,25.0,17.0,14.0,15.0,,24.0,29.0,30.0,19.0,19.0,15.0,,,15.0,44.0,,,65.0,67.0,9.0,9.0,,74.0,84.0,82.0,37.0,37.0,,,,,,,9.0,25.0,,,,,,22.0,,,29.0,,,25.0,29.0,,29.0,,25.0
196,599.4285795688629,B2-01,R1,1,1,25.0,,27.0,,,,,,,,,27.0,,10.0,34.0,40.0,,54.0,17.0,,29.0,40.0,,20.0,45.0,,,19.0,22.0,,20.0,20.0,20.0,47.0,39.0,40.0,37.0,42.0,30.0,,,,22.0,34.0,35.0,14.0,12.0,,29.0,34.0,35.0,,,,,,,,,,,,,,20.0,29.0,30.0,15.0,,,,,14.0,22.0,20.0,19.0,27.0,,,,,,,,,,,,,,34.0,24.0,25.0,,,,,,,,17.0,,,,,,,,,,,,,,,,,,,,,55.0,54.0,60.0,24.0,24.0,24.0,,,,,,,,,,,,,,,,,,,,14.0,,,,24.0,,22.0,89.0,89.0,90.0,85.0,85.0,,,,30.0,50.0,59.0,15.0,15.0,,,,,79.0,,57.0,27.0,27.0,,,,,25.0,20.0,,,,,35.0,,,,,,,,,,,,,,15.0,,,40.0,34.0,,15.0,15.0,,,,,40.0,45.0,45.0,22.0,24.0,19.0,,,,,,,,,,,,,,,,,39.0,,,39.0,30.0,,,,62.0,55.0,55.0,30.0,32.0,,,,,17.0,20.0,,,,,,,19.0,30.0,,14.0,34.0,,,,37.0,,,,34.0
197,603.8930902481079,B2-01,R1,0,5,,,,,25.0,,,,,,,,,20.0,24.0,,,39.0,12.0,,,,29.0,55.0,54.0,10.0,12.0,44.0,44.0,44.0,44.0,44.0,44.0,62.0,49.0,45.0,60.0,62.0,42.0,15.0,17.0,,25.0,32.0,35.0,15.0,15.0,,40.0,44.0,44.0,,20.0,22.0,,,,,,,22.0,24.0,15.0,24.0,35.0,34.0,34.0,37.0,12.0,9.0,,,,,,,,,,,,,,,,12.0,,,27.0,,,25.0,27.0,,17.0,39.0,39.0,14.0,15.0,,,,34.0,,,,,,,,,,,,,,,,,,,59.0,57.0,60.0,39.0,39.0,,,,32.0,35.0,,,,,5.0,14.0,,,,,,,,,,25.0,25.0,,,19.0,22.0,25.0,72.0,80.0,,59.0,52.0,,,,34.0,40.0,44.0,,,,,,,42.0,,,25.0,25.0,,,,,25.0,24.0,27.0,14.0,14.0,14.0,27.0,,,,,,,,,,,,,20.0,,29.0,,29.0,32.0,30.0,22.0,22.0,,24.0,25.0,,30.0,55.0,55.0,29.0,29.0,27.0,20.0,25.0,25.0,17.0,14.0,15.0,,24.0,29.0,30.0,19.0,19.0,15.0,,,15.0,44.0,,,65.0,67.0,9.0,9.0,,74.0,84.0,82.0,37.0,37.0,,,,,,,9.0,25.0,,,,,,22.0,,,29.0,,,25.0,29.0,,29.0,,25.0
198,605.7061603069305,B2-01,R1,1,1,25.0,,27.0,,,,,,,,,27.0,,10.0,34.0,40.0,,54.0,17.0,,29.0,40.0,,20.0,45.0,,,19.0,22.0,,20.0,20.0,20.0,47.0,39.0,40.0,37.0,42.0,30.0,,,,22.0,34.0,35.0,14.0,12.0,,29.0,34.0,35.0,,,,,,,,,,,,,,20.0,29.0,30.0,15.0,,,,,14.0,22.0,20.0,19.0,27.0,,,,,,,,,,,,,,34.0,24.0,25.0,,,,,,,,17.0,,,,,,,,,,,,,,,,,,,,,55.0,54.0,60.0,24.0,24.0,24.0,,,,,,,,,,,,,,,,,,,,14.0,,,,24.0,,22.0,89.0,89.0,90.0,73.0,85.0,,,,30.0,50.0,59.0,15.0,15.0,,,,,79.0,,57.0,27.0,27.0,,,,,25.0,20.0,,,,,35.0,,,,,,,,,,,,,,15.0,,,40.0,34.0,,15.0,15.0,,,,,40.0,45.0,45.0,22.0,24.0,19.0,,,,,,,,,,,,,,,,,39.0,,,39.0,30.0,,,,62.0,55.0,55.0,30.0,32.0,,,,,17.0,20.0,,,,,,,19.0,30.0,,14.0,34.0,,,,37.0,,,,34.0
199,606.5219993591309,B2-01,R1,0,5,,,25.0,,25.0,,,,,,,29.0,27.0,15.0,24.0,,,32.0,7.0,17.0,,,30.0,39.0,35.0,10.0,12.0,35.0,35.0,,35.0,35.0,35.0,50.0,45.0,45.0,60.0,52.0,52.0,15.0,14.0,14.0,22.0,32.0,35.0,15.0,15.0,,40.0,44.0,44.0,,20.0,22.0,,,,,,,19.0,20.0,15.0,20.0,39.0,37.0,39.0,34.0,12.0,,,,,,,,,,,,,,,,,12.0,,,27.0,,,,,,17.0,39.0,39.0,14.0,15.0,,,,34.0,,,,,,,,,,,,,,,17.0,,,,37.0,47.0,49.0,27.0,27.0,,,,32.0,35.0,,,,,5.0,14.0,,,,,,,,,,25.0,,,,19.0,22.0,25.0,82.0,77.0,77.0,74.0,74.0,,,,34.0,,37.0,,,,,,,42.0,44.0,,20.0,20.0,,,,,25.0,24.0,27.0,14.0,14.0,14.0,20.0,,,,,,,,,,,,,20.0,,,,32.0,32.0,30.0,17.0,17.0,,24.0,,,37.0,39.0,39.0,40.0,40.0,27.0,20.0,25.0,25.0,14.0,15.0,,,24.0,29.0,30.0,,,,,,15.0,32.0,,,55.0,50.0,,,,70.0,67.0,69.0,39.0,39.0,39.0,,,,,24.0,9.0,25.0,,25.0,,,,25.0,,,29.0,,,25.0,29.0,,29.0,,27.0
200,608.327995300293,B2-01,R1,1,1,32.0,,27.0,,,,,,,,,27.0,,10.0,34.0,32.0,,45.0,19.0,,29.0,47.0,,20.0,44.0,,,35.0,35.0,,35.0,35.0,35.0,35.0,37.0,35.0,37.0,39.0,37.0,,,,22.0,34.0,29.0,14.0,12.0,,32.0,32.0,32.0,,,,,,,,,,,,,,14.0,22.0,22.0,15.0,,,,,14.0,22.0,20.0,29.0,27.0,,,,,,,,,,,,,,34.0,24.0,25.0,,,,,,,,17.0,,29.0,,,,,,,,,,,,,,,24.0,,,,57.0,55.0,60.0,34.0,34.0,24.0,,,,,19.0,,,,,,,,,,,,,,,14.0,,,,12.0,,22.0,94.0,89.0,90.0,70.0,70.0,,,,30.0,50.0,59.0,22.0,22.0,22.0,,,,59.0,,57.0,24.0,24.0,,,,,25.0,27.0,,,,,37.0,,32.0,,,,,,,,,,,,15.0,,,45.0,34.0,,15.0,15.0,,,,,40.0,45.0,45.0,17.0,17.0,,,,,,,,,,,,,,,34.0,,,39.0,,,39.0,30.0,,,,54.0,57.0,55.0,19.0,32.0,,,,,17.0,,,,,,,,19.0,34.0,,14.0,34.0,,,,34.0,,,,32.0
201,609.143524646759,B2-01,R1,0,5,,,25.0,,25.0,,,,,,,29.0,27.0,15.0,24.0,,,32.0,7.0,17.0,,,30.0,39.0,35.0,10.0,12.0,35.0,35.0,,35.0,35.0,35.0,50.0,45.0,45.0,60.0,52.0,52.0,15.0,14.0,14.0,22.0,32.0,35.0,15.0,15.0,,40.0,44.0,44.0,,20.0,22.0,,,,,,,19.0,20.0,15.0,20.0,39.0,37.0,39.0,34.0,12.0,,,,,,,,,,,,,,,,,12.0,,,27.0,,,,,,17.0,39.0,39.0,14.0,15.0,,,,34.0,,,,,,,,,,,,,,,17.0,,,,37.0,47.0,49.0,27.0,27.0,,,,32.0,35.0,,,,,5.0,14.0,,,,,,,,,,25.0,,,,19.0,22.0,25.0,82.0,77.0,77.0,68.0,74.0,,,,34.0,,37.0,,,,,,,42.0,44.0,,20.0,20.0,,,,,25.0,24.0,27.0,14.0,14.0,14.0,20.0,,,,,,,,,,,,,20.0,,,,32.0,32.0,30.0,17.0,17.0,,24.0,,,37.0,39.0,39.0,40.0,40.0,27.0,20.0,25.0,25.0,14.0,15.0,,,24.0,29.0,30.0,,,,,,15.0,32.0,,,55.0,50.0,,,,70.0,67.0,69.0,39.0,39.0,39.0,,,,,24.0,9.0,25.0,,25.0,,,,25.0,,,29.0,,,25.0,29.0,,29.0,,27.0
202,610.9877390861511,B2-01,R1,1,1,32.0,,27.0,,,,,,,,,27.0,,10.0,34.0,32.0,,45.0,19.0,,29.0,47.0,,20.0,44.0,,,35.0,35.0,,35.0,35.0,35.0,35.0,37.0,35.0,37.0,39.0,37.0,,,,22.0,34.0,29.0,14.0,12.0,,32.0,32.0,32.0,,,,,,,,,,,,,,14.0,22.0,22.0,15.0,,,,,14.0,22.0,20.0,29.0,27.0,,,,,,,,,,,,,,34.0,24.0,25.0,,,,,,,,17.0,,29.0,,,,,,,,,,,,,,,24.0,,,,57.0,55.0,60.0,34.0,34.0,24.0,,,,,19.0,,,,,,,,,,,,,,,14.0,,,,12.0,,22.0,94.0,89.0,90.0,63.0,70.0,,,,30.0,50.0,59.0,22.0,22.0,22.0,,,,59.0,,57.0,24.0,24.0,,,,,25.0,27.0,,,,,37.0,,32.0,,,,,,,,,,,,15.0,,,45.0,34.0,,15.0,15.0,,,,,40.0,45.0,45.0,17.0,17.0,,,,,,,,,,,,,,,34.0,,,39.0,,,39.0,30.0,,,,54.0,57.0,55.0,19.0,32.0,,,,,17.0,,,,,,,,19.0,34.0,,14.0,34.0,,,,34.0,,,,32.0
203,615.4313006401062,B2-01,R1,0,5,,10.0,25.0,,25.0,,,,,,,45.0,27.0,24.0,34.0,,,42.0,12.0,17.0,,,30.0,55.0,57.0,19.0,17.0,35.0,35.0,,35.0,35.0,35.0,59.0,45.0,45.0,59.0,59.0,52.0,19.0,19.0,14.0,22.0,32.0,,22.0,20.0,,35.0,45.0,45.0,27.0,27.0,25.0,,,,,,,25.0,25.0,25.0,25.0,39.0,37.0,39.0,34.0,12.0,,,9.0,,,,,,,,,,,,,,12.0,,,27.0,,,,,,17.0,39.0,32.0,14.0,15.0,,,,34.0,,,,,,,,,,,,,,,17.0,,,,37.0,47.0,49.0,29.0,27.0,,19.0,,32.0,35.0,22.0,,,,5.0,14.0,,,,,,,,,,25.0,,,,27.0,30.0,30.0,67.0,77.0,77.0,74.0,74.0,,,,34.0,,37.0,,,,,,,47.0,44.0,,20.0,10.0,,,,,25.0,24.0,27.0,14.0,14.0,14.0,30.0,27.0,27.0,,,24.0,32.0,32.0,,,,,,20.0,,,,32.0,32.0,30.0,15.0,14.0,,24.0,,20.0,65.0,64.0,64.0,57.0,57.0,57.0,20.0,25.0,25.0,17.0,17.0,,,37.0,35.0,35.0,,,,,,22.0,32.0,,,57.0,55.0,12.0,9.0,,70.0,64.0,64.0,39.0,39.0,39.0,,,,,24.0,9.0,25.0,,25.0,15.0,,,25.0,,,29.0,,,32.0,42.0,,29.0,,32.0
204,617.2721779346466,B2-01,R1,1,1,20.0,,27.0,,,,,,,,,27.0,,10.0,32.0,32.0,,57.0,14.0,,30.0,39.0,,45.0,45.0,,,35.0,35.0,,19.0,19.0,35.0,35.0,37.0,35.0,47.0,44.0,44.0,,,,22.0,37.0,37.0,,,,32.0,32.0,32.0,,,,,,,,,,,,,,14.0,22.0,22.0,20.0,,,,,20.0,,22.0,20.0,27.0,,,,,,,,,,,,,,,,,,,,,,,,,,29.0,,,,,,,,,,,,,,,24.0,,,,57.0,50.0,50.0,30.0,30.0,30.0,,,,,19.0,,,,,,,,,,,,,,,14.0,,,,12.0,,,82.0,89.0,89.0,59.0,64.0,,,,30.0,50.0,47.0,32.0,30.0,22.0,,,,59.0,47.0,57.0,24.0,22.0,,,,,25.0,22.0,,,,,37.0,,32.0,,,,,,,,,,,,15.0,,,45.0,34.0,32.0,14.0,15.0,,,,,40.0,45.0,39.0,20.0,24.0,,,,,,,,,24.0,,,,,,34.0,,,34.0,,,39.0,35.0,,,,77.0,57.0,65.0,29.0,29.0,,,,,17.0,,,,,,,,,29.0,,14.0,34.0,,,,34.0,,,,29.0
205,621.7097282409668,B2-01,R1,0,5,22.0,10.0,30.0,,,,,,,,,30.0,27.0,25.0,29.0,,,29.0,9.0,25.0,,,30.0,55.0,57.0,17.0,17.0,30.0,32.0,,32.0,30.0,32.0,42.0,39.0,35.0,39.0,59.0,40.0,19.0,19.0,14.0,22.0,32.0,,15.0,20.0,,25.0,45.0,45.0,27.0,27.0,25.0,,,,,,,22.0,22.0,25.0,20.0,39.0,37.0,39.0,19.0,12.0,,,9.0,,,,,,,,,,,,,,12.0,,,,,,,,,17.0,,34.0,14.0,14.0,,,,34.0,,,,,,,,,,,,,,,17.0,,,,44.0,42.0,49.0,29.0,27.0,,19.0,,32.0,35.0,22.0,,,,,,,,,,,,,,,25.0,,,,27.0,30.0,30.0,84.0,77.0,77.0,69.0,69.0,,,,34.0,,45.0,,,,,,,57.0,57.0,57.0,22.0,22.0,,,,,25.0,29.0,27.0,17.0,15.0,14.0,30.0,27.0,27.0,,,24.0,32.0,32.0,,,,,,20.0,,,,32.0,32.0,30.0,15.0,14.0,,24.0,,20.0,59.0,64.0,64.0,47.0,47.0,57.0,20.0,25.0,25.0,17.0,17.0,,,37.0,35.0,35.0,,,,,,24.0,50.0,,,44.0,44.0,12.0,9.0,,60.0,64.0,55.0,37.0,37.0,35.0,,,,,24.0,,25.0,,25.0,15.0,,,25.0,,,,,,32.0,30.0,,,,32.0
206,623.5491738319397,B2-01,R1,1,1,30.0,,25.0,,,,,,,,,27.0,,10.0,35.0,40.0,,45.0,15.0,,30.0,32.0,,34.0,37.0,,,12.0,12.0,,14.0,14.0,12.0,35.0,37.0,35.0,37.0,35.0,44.0,,,,22.0,35.0,37.0,,,,20.0,32.0,32.0,,,,,,,19.0,,,,,,,14.0,22.0,22.0,24.0,,,,,20.0,,32.0,20.0,27.0,,,,,,,,,,,,,,,,,,,,,,,,,,29.0,,,,,,,,,,,,,,22.0,15.0,,,,57.0,50.0,50.0,40.0,40.0,40.0,,,,,19.0,,,,,,,,,,,,,,,14.0,,,,12.0,,,89.0,92.0,92.0,95.0,95.0,,,,30.0,,54.0,35.0,35.0,22.0,,,,79.0,47.0,72.0,34.0,34.0,,,,,25.0,17.0,,,,,37.0,,32.0,,,,,24.0,,,,,,,15.0,,,50.0,,32.0,14.0,,,,,,40.0,45.0,44.0,24.0,24.0,,5.0,,,,,,,24.0,,,,,,34.0,,,35.0,,,39.0,35.0,,,,77.0,57.0,65.0,29.0,29.0,,,,,17.0,,,,,,,,,29.0,,14.0,34.0,,,,37.0,,,17.0,39.0
207,627.999443769455,B2-01,R1,0,5,22.0,10.0,30.0,,,,,,,,,30.0,27.0,25.0,29.0,,,29.0,9.0,25.0,,,30.0,55.0,57.0,17.0,17.0,30.0,32.0,,32.0,30.0,32.0,42.0,39.0,35.0,39.0,59.0,40.0,19.0,19.0,14.0,22.0,32.0,,15.0,20.0,,25.0,45.0,45.0,27.0,27.0,25.0,,,,,,,22.0,22.0,25.0,20.0,39.0,37.0,39.0,19.0,12.0,,,9.0,,,,,,,,,,,,,,12.0,,,,,,,,,17.0,,34.0,14.0,14.0,,,,34.0,,,,,,,,,,,,,,,17.0,,,,44.0,42.0,49.0,29.0,27.0,,19.0,,32.0,35.0,22.0,,,,,,,,,,,,,,,25.0,,,,27.0,30.0,30.0,84.0,77.0,77.0,52.0,69.0,,,,34.0,,45.0,,,,,,,57.0,57.0,57.0,22.0,22.0,,,,,25.0,29.0,27.0,17.0,15.0,14.0,30.0,27.0,27.0,,,24.0,32.0,32.0,,,,,,20.0,,,,32.0,32.0,30.0,15.0,14.0,,24.0,,20.0,59.0,64.0,64.0,47.0,47.0,57.0,20.0,25.0,25.0,17.0,17.0,,,37.0,35.0,35.0,,,,,,24.0,50.0,,,44.0,44.0,12.0,9.0,,60.0,64.0,55.0,37.0,37.0,35.0,,,,,24.0,,25.0,,25.0,15.0,,,25.0,,,,,,32.0,30.0,,,,32.0
208,629.8305079936981,B2-01,R1,1,1,30.0,,25.0,,,,,,,,,27.0,,10.0,35.0,40.0,,45.0,15.0,,30.0,32.0,,34.0,37.0,,,12.0,12.0,,14.0,14.0,12.0,35.0,37.0,35.0,37.0,35.0,44.0,,,,22.0,35.0,37.0,,,,20.0,32.0,32.0,,,,,,,19.0,,,,,,,14.0,22.0,22.0,24.0,,,,,20.0,,32.0,20.0,27.0,,,,,,,,,,,,,,,,,,,,,,,,,,29.0,,,,,,,,,,,,,,22.0,15.0,,,,57.0,50.0,50.0,40.0,40.0,40.0,,,,,19.0,,,,,,,,,,,,,,,14.0,,,,12.0,,,89.0,92.0,92.0,70.0,95.0,,,,30.0,,54.0,35.0,35.0,22.0,,,,79.0,47.0,72.0,34.0,34.0,,,,,25.0,17.0,,,,,37.0,,32.0,,,,,24.0,,,,,,,15.0,,,50.0,,32.0,14.0,,,,,,40.0,45.0,44.0,24.0,24.0,,5.0,,,,,,,24.0,,,,,,34.0,,,35.0,,,39.0,35.0,,,,77.0,57.0,65.0,29.0,29.0,,,,,17.0,,,,,,,,,29.0,,14.0,34.0,,,,37.0,,,17.0,39.0
209,630.6361799240112,B2-01,R1,0,5,22.0,10.0,30.0,,,,,,,15.0,,34.0,27.0,25.0,29.0,34.0,,52.0,10.0,25.0,,,35.0,55.0,34.0,12.0,10.0,30.0,42.0,,32.0,44.0,42.0,50.0,49.0,49.0,45.0,49.0,50.0,15.0,19.0,15.0,29.0,34.0,,15.0,14.0,,25.0,45.0,45.0,27.0,27.0,25.0,,,,,,,20.0,20.0,19.0,19.0,29.0,29.0,39.0,27.0,12.0,,,9.0,,,,,,,,,,,,,,12.0,,,,,,,,,,,35.0,14.0,14.0,,,,34.0,,,,,,,,,,,,,,25.0,15.0,,,,44.0,42.0,49.0,35.0,35.0,,19.0,,24.0,35.0,22.0,,,,,,,,,,,,,,,,,,,27.0,30.0,29.0,90.0,77.0,77.0,69.0,69.0,,,,34.0,,45.0,,,,,,,79.0,72.0,72.0,22.0,22.0,,,,,25.0,20.0,29.0,17.0,14.0,14.0,30.0,27.0,27.0,,,24.0,32.0,32.0,20.0,20.0,19.0,,,25.0,,24.0,,42.0,39.0,,20.0,22.0,,,,20.0,50.0,64.0,64.0,37.0,35.0,35.0,20.0,25.0,25.0,25.0,25.0,,,24.0,35.0,35.0,,,,,,19.0,42.0,,,59.0,60.0,12.0,9.0,,60.0,64.0,55.0,35.0,35.0,35.0,,,,,24.0,,,,25.0,15.0,,,25.0,,,34.0,,19.0,32.0,35.0,,,,30.0
210,632.4624691009521,B2-01,R1,1,1,30.0,,25.0,,,,,,,,,,,,25.0,32.0,,59.0,25.0,,25.0,34.0,,27.0,29.0,,,22.0,22.0,,22.0,22.0,24.0,35.0,37.0,35.0,37.0,35.0,35.0,,,,34.0,32.0,30.0,,,,20.0,32.0,32.0,,,,,,,19.0,,,,,,,14.0,22.0,22.0,24.0,,,,,20.0,,24.0,30.0,,,,,,,,,,,,,,,,,,,,,,,,,,,29.0,,,,,,,,,,,,,,22.0,15.0,,,,52.0,50.0,50.0,27.0,29.0,40.0,,,,,19.0,,,,,,,,,,,,,,,22.0,,,,12.0,,,89.0,99.0,92.0,90.0,90.0,,,,39.0,49.0,47.0,35.0,35.0,22.0,,,,79.0,47.0,49.0,24.0,25.0,,22.0,,,,17.0,,,,,37.0,,32.0,,,14.0,,24.0,,,,,,,15.0,,,49.0,42.0,32.0,14.0,,,,,,47.0,44.0,44.0,24.0,24.0,,5.0,,,,,,,24.0,,,,,,34.0,,,37.0,,,39.0,35.0,,,,64.0,60.0,60.0,20.0,20.0,,,,,17.0,,,,,,,,,29.0,,,27.0,,,,25.0,,,17.0,29.0
211,633.2675037384033,B2-01,R1,0,5,22.0,10.0,30.0,,,,,,,15.0,,34.0,27.0,25.0,29.0,34.0,,52.0,10.0,25.0,,,35.0,55.0,34.0,12.0,10.0,30.0,42.0,,32.0,44.0,42.0,50.0,49.0,49.0,45.0,49.0,50.0,15.0,19.0,15.0,29.0,34.0,,15.0,14.0,,25.0,45.0,45.0,27.0,27.0,25.0,,,,,,,20.0,20.0,19.0,19.0,29.0,29.0,39.0,27.0,12.0,,,9.0,,,,,,,,,,,,,,12.0,,,,,,,,,,,35.0,14.0,14.0,,,,34.0,,,,,,,,,,,,,,25.0,15.0,,,,44.0,42.0,49.0,35.0,35.0,,19.0,,24.0,35.0,22.0,,,,,,,,,,,,,,,,,,,27.0,30.0,29.0,90.0,77.0,77.0,52.0,69.0,,,,34.0,,45.0,,,,,,,79.0,72.0,72.0,22.0,22.0,,,,,25.0,20.0,29.0,17.0,14.0,14.0,30.0,27.0,27.0,,,24.0,32.0,32.0,20.0,20.0,19.0,,,25.0,,24.0,,42.0,39.0,,20.0,22.0,,,,20.0,50.0,64.0,64.0,37.0,35.0,35.0,20.0,25.0,25.0,25.0,25.0,,,24.0,35.0,35.0,,,,,,19.0,42.0,,,59.0,60.0,12.0,9.0,,60.0,64.0,55.0,35.0,35.0,35.0,,,,,24.0,,,,25.0,15.0,,,25.0,,,34.0,,19.0,32.0,35.0,,,,30.0
212,635.0916640758514,B2-01,R1,1,1,30.0,,25.0,,,,,,,,,,,,25.0,32.0,,59.0,25.0,,25.0,34.0,,27.0,29.0,,,22.0,22.0,,22.0,22.0,24.0,35.0,37.0,35.0,37.0,35.0,35.0,,,,34.0,32.0,30.0,,,,20.0,32.0,32.0,,,,,,,19.0,,,,,,,14.0,22.0,22.0,24.0,,,,,20.0,,24.0,30.0,,,,,,,,,,,,,,,,,,,,,,,,,,,29.0,,,,,,,,,,,,,,22.0,15.0,,,,52.0,50.0,50.0,27.0,29.0,40.0,,,,,19.0,,,,,,,,,,,,,,,22.0,,,,12.0,,,89.0,99.0,92.0,78.0,90.0,,,,39.0,49.0,47.0,35.0,35.0,22.0,,,,79.0,47.0,49.0,24.0,25.0,,22.0,,,,17.0,,,,,37.0,,32.0,,,14.0,,24.0,,,,,,,15.0,,,49.0,42.0,32.0,14.0,,,,,,47.0,44.0,44.0,24.0,24.0,,5.0,,,,,,,24.0,,,,,,34.0,,,37.0,,,39.0,35.0,,,,64.0,60.0,60.0,20.0,20.0,,,,,17.0,,,,,,,,,29.0,,,27.0,,,,25.0,,,17.0,29.0
213,639.5806403160095,B2-01,R1,0,5,22.0,10.0,30.0,,,,,,,15.0,,34.0,27.0,25.0,34.0,34.0,,44.0,7.0,25.0,30.0,,35.0,55.0,12.0,12.0,10.0,27.0,25.0,,25.0,27.0,27.0,50.0,45.0,49.0,45.0,49.0,47.0,15.0,19.0,15.0,24.0,29.0,,17.0,17.0,,25.0,45.0,45.0,27.0,27.0,25.0,,,,,,,15.0,17.0,14.0,15.0,29.0,29.0,39.0,27.0,,,,9.0,,,27.0,25.0,,,,,,,,,,,,,,,,,,25.0,25.0,,35.0,14.0,14.0,,,,,,,,,,,,,,,,,,25.0,15.0,,,,34.0,42.0,49.0,24.0,24.0,,19.0,,24.0,,22.0,,,,,,,,,,,,,,,,,,,22.0,30.0,29.0,94.0,90.0,90.0,74.0,67.0,,,,,40.0,45.0,,,,,,,24.0,55.0,72.0,25.0,25.0,,,,,,20.0,29.0,17.0,14.0,,30.0,27.0,27.0,,,24.0,32.0,32.0,20.0,20.0,20.0,,,25.0,,24.0,,42.0,39.0,30.0,20.0,22.0,,,,20.0,50.0,45.0,45.0,37.0,37.0,37.0,,,,25.0,25.0,,,24.0,35.0,35.0,,,,,,20.0,42.0,,,42.0,42.0,12.0,9.0,,17.0,64.0,55.0,40.0,39.0,35.0,,,,,24.0,,,,25.0,15.0,,,25.0,,,34.0,,19.0,32.0,35.0,,,,30.0
214,641.34454870224,B2-01,R1,1,1,30.0,,25.0,,,,,,,,,29.0,,,30.0,32.0,,60.0,17.0,,25.0,47.0,,19.0,20.0,,,17.0,17.0,,17.0,17.0,19.0,44.0,37.0,39.0,37.0,44.0,44.0,14.0,12.0,,34.0,32.0,30.0,,,,20.0,32.0,32.0,,,,,,,19.0,,34.0,,,,,15.0,22.0,22.0,24.0,,,,,25.0,,24.0,30.0,,,,,,,,,,,,,,,,,,,19.0,,,,,,,,29.0,,,,,,,,,,,,,,22.0,17.0,,,,59.0,50.0,50.0,39.0,37.0,39.0,,,,,19.0,,,,,,,,,,,,,,,22.0,,,,17.0,,,100.0,100.0,100.0,76.0,82.0,,,,39.0,49.0,55.0,17.0,17.0,22.0,,,,49.0,47.0,49.0,34.0,34.0,,15.0,,,,30.0,,,,,32.0,,37.0,,,14.0,,24.0,,,,,,,14.0,,,49.0,42.0,32.0,14.0,15.0,,,,,47.0,52.0,44.0,24.0,25.0,,5.0,,,,,,,24.0,,,,,,34.0,,,37.0,,,39.0,35.0,,,,62.0,60.0,60.0,47.0,47.0,,,,,,,,,,,,,22.0,29.0,,,25.0,,,,30.0,,,17.0,30.0
215,645.8843905925751,B2-01,R1,0,5,22.0,10.0,35.0,,25.0,17.0,,,,15.0,,34.0,,25.0,30.0,34.0,,25.0,14.0,25.0,30.0,,34.0,47.0,47.0,17.0,17.0,30.0,30.0,,30.0,29.0,30.0,42.0,40.0,40.0,42.0,50.0,44.0,14.0,10.0,12.0,24.0,29.0,,15.0,17.0,,25.0,45.0,45.0,35.0,30.0,25.0,,,,,,,25.0,25.0,24.0,25.0,29.0,29.0,,27.0,,,,9.0,,,22.0,25.0,,,,,,,,,,,,17.0,,,,,,27.0,37.0,,35.0,27.0,25.0,,,,,,19.0,,,,,,,,,,,,17.0,12.0,,,,34.0,55.0,,32.0,32.0,,29.0,27.0,25.0,27.0,22.0,,,,,,,,15.0,,,,,,,,,,,27.0,27.0,25.0,75.0,90.0,90.0,69.0,55.0,,,,,40.0,45.0,,,,,,,80.0,55.0,72.0,14.0,14.0,,,,,29.0,27.0,29.0,17.0,22.0,,30.0,27.0,27.0,,,24.0,32.0,27.0,24.0,22.0,22.0,,,25.0,27.0,24.0,,42.0,34.0,30.0,20.0,22.0,,,,20.0,57.0,60.0,60.0,45.0,47.0,47.0,,,,25.0,25.0,,,27.0,22.0,25.0,,,,,,32.0,85.0,,,52.0,50.0,12.0,9.0,,77.0,74.0,74.0,50.0,50.0,35.0,,,,,,,,,,15.0,,,27.0,,,34.0,,19.0,32.0,35.0,,,,25.0
216,647.6351182460785,B2-01,R1,1,1,30.0,,25.0,,,,,,,,,29.0,,,30.0,32.0,,50.0,25.0,12.0,25.0,25.0,,19.0,24.0,,,15.0,17.0,,19.0,17.0,17.0,44.0,,39.0,37.0,44.0,44.0,14.0,12.0,,34.0,35.0,37.0,,,,20.0,,,,,,,,,19.0,,34.0,,,,,15.0,,,24.0,,,,,29.0,29.0,30.0,27.0,,,,,,,,,,,,,,,,,,,19.0,,,,,,,,,,,,,,,,,,,,,,22.0,17.0,,,,59.0,52.0,54.0,34.0,35.0,35.0,,,,,,,,,,,,,,,,,,,,22.0,,,,17.0,,,84.0,84.0,84.0,65.0,65.0,,,,34.0,54.0,54.0,17.0,17.0,,,,,49.0,47.0,49.0,25.0,25.0,,15.0,,,,30.0,,,,,32.0,,34.0,,,14.0,,24.0,,,,,,,14.0,,,50.0,45.0,45.0,14.0,15.0,,,,,47.0,52.0,47.0,15.0,15.0,,5.0,,,,,,,24.0,,,,,,,,,37.0,,,,35.0,,,,62.0,60.0,60.0,19.0,17.0,17.0,,,,,,,,,,,,22.0,29.0,,,29.0,,,,24.0,,,17.0,30.0
217,652.157425403595,B2-01,R1,0,5,22.0,10.0,35.0,,25.0,17.0,,,,15.0,,34.0,,25.0,30.0,34.0,,25.0,14.0,25.0,30.0,,34.0,47.0,47.0,17.0,17.0,30.0,30.0,,30.0,29.0,30.0,42.0,40.0,40.0,42.0,50.0,44.0,14.0,10.0,12.0,24.0,29.0,,15.0,17.0,,25.0,45.0,45.0,35.0,30.0,25.0,,,,,,,25.0,25.0,24.0,25.0,29.0,29.0,,27.0,,,,9.0,,,22.0,25.0,,,,,,,,,,,,17.0,,,,,,27.0,37.0,,35.0,27.0,25.0,,,,,,19.0,,,,,,,,,,,,17.0,12.0,,,,34.0,55.0,,32.0,32.0,,29.0,27.0,25.0,27.0,22.0,,,,,,,,15.0,,,,,,,,,,,27.0,27.0,25.0,75.0,90.0,90.0,63.0,55.0,,,,,40.0,45.0,,,,,,,80.0,55.0,72.0,14.0,14.0,,,,,29.0,27.0,29.0,17.0,22.0,,30.0,27.0,27.0,,,24.0,32.0,27.0,24.0,22.0,22.0,,,25.0,27.0,24.0,,42.0,34.0,30.0,20.0,22.0,,,,20.0,57.0,60.0,60.0,45.0,47.0,47.0,,,,25.0,25.0,,,27.0,22.0,25.0,,,,,,32.0,85.0,,,52.0,50.0,12.0,9.0,,77.0,74.0,74.0,50.0,50.0,35.0,,,,,,,,,,15.0,,,27.0,,,34.0,,19.0,32.0,35.0,,,,25.0
218,653.897744178772,B2-01,R1,1,1,30.0,,25.0,,,,,,,,,29.0,,,30.0,32.0,,50.0,25.0,12.0,25.0,25.0,,19.0,24.0,,,15.0,17.0,,19.0,17.0,17.0,44.0,,39.0,37.0,44.0,44.0,14.0,12.0,,34.0,35.0,37.0,,,,20.0,,,,,,,,,19.0,,34.0,,,,,15.0,,,24.0,,,,,29.0,29.0,30.0,27.0,,,,,,,,,,,,,,,,,,,19.0,,,,,,,,,,,,,,,,,,,,,,22.0,17.0,,,,59.0,52.0,54.0,34.0,35.0,35.0,,,,,,,,,,,,,,,,,,,,22.0,,,,17.0,,,84.0,84.0,84.0,72.0,65.0,,,,34.0,54.0,54.0,17.0,17.0,,,,,49.0,47.0,49.0,25.0,25.0,,15.0,,,,30.0,,,,,32.0,,34.0,,,14.0,,24.0,,,,,,,14.0,,,50.0,45.0,45.0,14.0,15.0,,,,,47.0,52.0,47.0,15.0,15.0,,5.0,,,,,,,24.0,,,,,,,,,37.0,,,,35.0,,,,62.0,60.0,60.0,19.0,17.0,17.0,,,,,,,,,,,,22.0,29.0,,,29.0,,,,24.0,,,17.0,30.0
219,656.5214657783508,B2-01,R1,1,1,30.0,,25.0,,,,,,,,,29.0,,15.0,34.0,32.0,,54.0,14.0,15.0,25.0,25.0,,19.0,24.0,,,15.0,15.0,,17.0,14.0,15.0,42.0,37.0,39.0,44.0,40.0,42.0,14.0,12.0,,34.0,35.0,34.0,,,,30.0,,,,,,,,,19.0,27.0,34.0,,,,,34.0,29.0,,32.0,,,,,29.0,29.0,17.0,27.0,,,,,,,,,,,,,,,,,,,19.0,,25.0,,,,,,,,,,,,,,,,,,,,22.0,17.0,,,,59.0,52.0,54.0,22.0,20.0,35.0,,,,,,,,,,,,,,12.0,,,,,,22.0,25.0,25.0,,17.0,,25.0,82.0,84.0,84.0,64.0,64.0,,,,34.0,54.0,54.0,25.0,25.0,,,,,49.0,,49.0,45.0,45.0,,15.0,,17.0,30.0,30.0,,,,,32.0,,34.0,,,14.0,,24.0,,,,,,,14.0,,,59.0,52.0,45.0,14.0,15.0,,,,,49.0,52.0,52.0,19.0,20.0,,5.0,,,,,,,17.0,,,,,,,,,37.0,,,25.0,,,,,62.0,60.0,60.0,22.0,22.0,17.0,,,,,,,,,,,,22.0,,,,42.0,,,,24.0,,,17.0,42.0
220,670.0007948875427,B2-01,R1,1,1,37.0,,35.0,,27.0,17.0,,,,15.0,,34.0,,25.0,27.0,34.0,,57.0,15.0,,32.0,,27.0,45.0,44.0,14.0,14.0,22.0,22.0,,24.0,24.0,24.0,40.0,42.0,35.0,44.0,40.0,44.0,14.0,10.0,12.0,25.0,27.0,,15.0,17.0,,,,,19.0,17.0,20.0,,,,,,,14.0,25.0,24.0,12.0,29.0,29.0,,25.0,,,,,,,22.0,25.0,,,,,,,,,,,,17.0,,,,,,27.0,27.0,,19.0,27.0,25.0,,,,,12.0,12.0,,,,,,,,,,,,17.0,17.0,,,,62.0,34.0,,39.0,39.0,,29.0,27.0,25.0,30.0,,,,,,,,,15.0,,,,,,,,,,,27.0,27.0,25.0,65.0,87.0,87.0,80.0,80.0,,22.0,,,40.0,,20.0,20.0,,,,,84.0,75.0,37.0,12.0,14.0,,19.0,,,25.0,24.0,29.0,,22.0,,29.0,,,,,24.0,,27.0,25.0,27.0,27.0,,,25.0,27.0,24.0,,35.0,32.0,30.0,20.0,22.0,,,,,59.0,57.0,55.0,20.0,19.0,47.0,,,,25.0,25.0,,,25.0,22.0,25.0,,,,,,24.0,44.0,,,37.0,35.0,,,,59.0,75.0,62.0,29.0,29.0,,,,,,,,,,,,,,27.0,,,24.0,,19.0,24.0,37.0,,,,25.0
221,676.3054757118225,B2-01,R1,1,1,37.0,,35.0,,27.0,17.0,,,,15.0,,34.0,,25.0,27.0,34.0,,57.0,15.0,,32.0,,27.0,45.0,44.0,14.0,14.0,22.0,22.0,,24.0,24.0,24.0,40.0,42.0,35.0,44.0,40.0,44.0,14.0,10.0,12.0,25.0,27.0,,15.0,17.0,,,,,19.0,17.0,20.0,,,,,,,14.0,25.0,24.0,12.0,29.0,29.0,,25.0,,,,,,,22.0,25.0,,,,,,,,,,,,17.0,,,,,,27.0,27.0,,19.0,27.0,25.0,,,,,12.0,12.0,,,,,,,,,,,,17.0,17.0,,,,62.0,34.0,,39.0,39.0,,29.0,27.0,25.0,30.0,,,,,,,,,15.0,,,,,,,,,,,27.0,27.0,25.0,65.0,87.0,87.0,72.0,80.0,,22.0,,,40.0,,20.0,20.0,,,,,84.0,75.0,37.0,12.0,14.0,,19.0,,,25.0,24.0,29.0,,22.0,,29.0,,,,,24.0,,27.0,25.0,27.0,27.0,,,25.0,27.0,24.0,,35.0,32.0,30.0,20.0,22.0,,,,,59.0,57.0,55.0,20.0,19.0,47.0,,,,25.0,25.0,,,25.0,22.0,25.0,,,,,,24.0,44.0,,,37.0,35.0,,,,59.0,75.0,62.0,29.0,29.0,,,,,,,,,,,,,,27.0,,,24.0,,19.0,24.0,37.0,,,,25.0
222,678.9663345813751,B2-01,R1,1,1,37.0,,35.0,,27.0,17.0,,,,,,,,25.0,27.0,37.0,,59.0,5.0,,32.0,,27.0,45.0,44.0,14.0,14.0,14.0,15.0,,14.0,12.0,14.0,40.0,42.0,30.0,27.0,40.0,44.0,14.0,10.0,12.0,25.0,30.0,30.0,15.0,17.0,,,,,19.0,17.0,20.0,,,,,,,14.0,25.0,24.0,12.0,,,,25.0,,,,,32.0,,30.0,25.0,,,,,,,,,,,,17.0,,,,,,27.0,27.0,,19.0,27.0,25.0,,,,,12.0,12.0,,,,,,,,,,,,17.0,17.0,,,,45.0,42.0,,25.0,25.0,,29.0,27.0,25.0,30.0,,,,,,,,,15.0,,,,,,,,,,,27.0,27.0,32.0,14.0,82.0,84.0,79.0,79.0,,22.0,,,,27.0,14.0,20.0,,,,,84.0,75.0,59.0,15.0,19.0,,19.0,,,25.0,24.0,,,22.0,,29.0,,,,,24.0,,27.0,25.0,27.0,27.0,,,,27.0,,,35.0,42.0,,,9.0,,,,,40.0,57.0,55.0,20.0,19.0,47.0,,,,,,,,25.0,22.0,25.0,,,,35.0,,24.0,49.0,,,37.0,35.0,,,,47.0,75.0,62.0,22.0,20.0,,,,,,,,,,,,,,27.0,,,24.0,,,24.0,37.0,,,,25.0
223,681.5898394584656,B2-01,R1,1,1,37.0,,35.0,,27.0,17.0,,,,,,,,25.0,27.0,37.0,,59.0,5.0,,32.0,,27.0,45.0,44.0,14.0,14.0,14.0,15.0,,14.0,12.0,14.0,40.0,42.0,30.0,27.0,40.0,44.0,14.0,10.0,12.0,25.0,30.0,30.0,15.0,17.0,,,,,19.0,17.0,20.0,,,,,,,14.0,25.0,24.0,12.0,,,,25.0,,,,,32.0,,30.0,25.0,,,,,,,,,,,,17.0,,,,,,27.0,27.0,,19.0,27.0,25.0,,,,,12.0,12.0,,,,,,,,,,,,17.0,17.0,,,,45.0,42.0,,25.0,25.0,,29.0,27.0,25.0,30.0,,,,,,,,,15.0,,,,,,,,,,,27.0,27.0,32.0,14.0,82.0,84.0,59.0,79.0,,22.0,,,,27.0,14.0,20.0,,,,,84.0,75.0,59.0,15.0,19.0,,19.0,,,25.0,24.0,,,22.0,,29.0,,,,,24.0,,27.0,25.0,27.0,27.0,,,,27.0,,,35.0,42.0,,,9.0,,,,,40.0,57.0,55.0,20.0,19.0,47.0,,,,,,,,25.0,22.0,25.0,,,,35.0,,24.0,49.0,,,37.0,35.0,,,,47.0,75.0,62.0,22.0,20.0,,,,,,,,,,,,,,27.0,,,24.0,,,24.0,37.0,,,,25.0
224,683.025194644928,B2-01,R1,1,2,,,,,,,,,,,,29.0,,14.0,25.0,29.0,,45.0,24.0,15.0,19.0,40.0,,15.0,24.0,,,17.0,15.0,,15.0,17.0,15.0,42.0,37.0,27.0,27.0,40.0,42.0,14.0,12.0,,24.0,25.0,25.0,,,,30.0,,,,,,,,,,27.0,34.0,,,,,34.0,29.0,,32.0,,,,,29.0,29.0,34.0,42.0,,,,,,,,,,,,,,,,,,20.0,19.0,,25.0,,,,,,,,,,,,,,,,,,,,,17.0,,,,55.0,52.0,54.0,34.0,34.0,35.0,,,,,,,,,,,,,,12.0,,,,,,22.0,25.0,25.0,,17.0,,25.0,87.0,95.0,95.0,70.0,80.0,,,,34.0,54.0,54.0,19.0,19.0,,,,,49.0,,49.0,42.0,42.0,,15.0,,17.0,30.0,30.0,,,,,32.0,,34.0,,,14.0,,,,,,,,,14.0,,,37.0,52.0,45.0,14.0,15.0,,,,,49.0,49.0,47.0,19.0,20.0,,,,,,,,,20.0,,,,,,,,,32.0,,,25.0,29.0,,,,57.0,60.0,60.0,17.0,22.0,17.0,,,,,,,,,,,,22.0,,,,42.0,,,,24.0,,,,42.0
225,685.6504406929016,B2-01,R1,1,2,,,44.0,,,,,,,,,29.0,,14.0,25.0,29.0,,49.0,14.0,15.0,19.0,40.0,,37.0,40.0,,,19.0,14.0,,15.0,15.0,15.0,42.0,37.0,35.0,34.0,37.0,37.0,14.0,15.0,,49.0,50.0,49.0,,,,30.0,,35.0,,,,,,,,27.0,34.0,,,,,35.0,34.0,,35.0,,,,,34.0,29.0,34.0,42.0,,,,,,,,,,,,,,,,,,20.0,19.0,,25.0,,,,,,,,,,,,,,,,,,,,,19.0,,,,24.0,90.0,54.0,52.0,52.0,35.0,,,,,,,,,,,,,,12.0,,,,,,,25.0,25.0,,17.0,,25.0,82.0,85.0,95.0,69.0,69.0,,,,54.0,54.0,54.0,17.0,12.0,,,,,69.0,,,17.0,20.0,,22.0,,17.0,30.0,10.0,,,,,32.0,,34.0,,,14.0,,,,,,,,,14.0,,,70.0,65.0,72.0,40.0,40.0,,,,,40.0,49.0,47.0,15.0,17.0,,,,,,,,,20.0,,,,,,,,,47.0,,,49.0,54.0,,,,80.0,,,22.0,22.0,17.0,,,,,,,30.0,,,,,22.0,,,,42.0,,,45.0,24.0,,,,42.0
226,687.8793666362762,B2-01,R1,1,1,37.0,,,,27.0,,,,,,,,,,27.0,37.0,,52.0,15.0,,32.0,,24.0,45.0,44.0,14.0,14.0,14.0,15.0,,14.0,12.0,14.0,40.0,42.0,37.0,40.0,47.0,40.0,,,,25.0,30.0,30.0,,,,,,,19.0,17.0,20.0,,,,,,,14.0,,,12.0,,,30.0,25.0,,,,,32.0,,30.0,25.0,,,,,,,,,,,,,,,,,,,27.0,20.0,19.0,,,,,,,12.0,12.0,,,,,,,,,,,,,17.0,,,,45.0,62.0,,39.0,37.0,,,,,30.0,,,,,,,,,,,,,,,,,,,,,,19.0,14.0,92.0,92.0,56.0,60.0,,22.0,,,,27.0,20.0,20.0,20.0,,,,84.0,75.0,59.0,17.0,17.0,,19.0,,,25.0,24.0,,,,,27.0,,,,,,,,25.0,27.0,27.0,,,,,,,35.0,42.0,,15.0,14.0,,,,,40.0,57.0,55.0,17.0,19.0,,,,,,,,,25.0,,24.0,,,,35.0,,24.0,49.0,,,37.0,35.0,,,,59.0,74.0,74.0,29.0,29.0,,,,,,,,,,,,,,,,,24.0,,,29.0,37.0,,,,
227,688.2734160423279,B2-01,R1,1,2,,,44.0,,,,,,,,,29.0,,14.0,25.0,29.0,,49.0,14.0,15.0,19.0,40.0,,37.0,40.0,,,19.0,14.0,,15.0,15.0,15.0,42.0,37.0,35.0,34.0,37.0,37.0,14.0,15.0,,49.0,50.0,49.0,,,,30.0,,35.0,,,,,,,,27.0,34.0,,,,,35.0,34.0,,35.0,,,,,34.0,29.0,34.0,42.0,,,,,,,,,,,,,,,,,,20.0,19.0,,25.0,,,,,,,,,,,,,,,,,,,,,19.0,,,,24.0,90.0,54.0,52.0,52.0,35.0,,,,,,,,,,,,,,12.0,,,,,,,25.0,25.0,,17.0,,25.0,82.0,85.0,95.0,63.0,69.0,,,,54.0,54.0,54.0,17.0,12.0,,,,,69.0,,,17.0,20.0,,22.0,,17.0,30.0,10.0,,,,,32.0,,34.0,,,14.0,,,,,,,,,14.0,,,70.0,65.0,72.0,40.0,40.0,,,,,40.0,49.0,47.0,15.0,17.0,,,,,,,,,20.0,,,,,,,,,47.0,,,49.0,54.0,,,,80.0,,,22.0,22.0,17.0,,,,,,,30.0,,,,,22.0,,,,42.0,,,45.0,24.0,,,,42.0
228,694.1209547519684,B2-01,R1,1,1,,,,,,,,,,,,,,,27.0,37.0,,52.0,7.0,,,,24.0,,,,,14.0,12.0,,14.0,14.0,12.0,40.0,,29.0,27.0,47.0,29.0,,,,25.0,29.0,30.0,,,,,,,19.0,17.0,20.0,,,,,,,,,,,,,30.0,25.0,,,,,32.0,25.0,25.0,25.0,,,,,,,,,,,,,,,,,,,,20.0,19.0,,,,,,,,,,,,,,,,,,,,,17.0,,,,45.0,44.0,,29.0,29.0,,,,,,,,,,,,,,,,,,,,,,,,,,,19.0,87.0,85.0,85.0,69.0,69.0,,22.0,,35.0,35.0,35.0,15.0,17.0,20.0,,,,64.0,75.0,59.0,19.0,20.0,,19.0,,,25.0,,,,,,27.0,,,,,,,,,,,,,,,,,42.0,39.0,40.0,9.0,12.0,,,,,42.0,45.0,45.0,17.0,19.0,,,,,,,,,25.0,,24.0,,,,35.0,,,40.0,,,37.0,35.0,,,,62.0,59.0,60.0,25.0,25.0,,,,,,,,,,,,,,,,,24.0,,,29.0,22.0,,,,
229,694.5757730007172,B2-01,R1,1,2,,,44.0,,,,,,,,,,,14.0,32.0,29.0,,52.0,12.0,15.0,19.0,30.0,,30.0,30.0,9.0,4.0,14.0,14.0,,12.0,15.0,14.0,,,29.0,29.0,22.0,29.0,19.0,17.0,17.0,39.0,37.0,37.0,,,,30.0,,35.0,,,,,,,,,,,,,,35.0,34.0,,35.0,,,,,34.0,,34.0,42.0,,,,,,,,,,,,,,,,,,20.0,20.0,,,,,,,,,9.0,12.0,,,,,,,,,,,,,19.0,,,,39.0,60.0,60.0,52.0,47.0,,,,,,,,12.0,10.0,10.0,,,,,,,,,,,,,,,,,,82.0,80.0,80.0,62.0,69.0,,,,54.0,45.0,,17.0,12.0,,,,,44.0,54.0,,15.0,17.0,,22.0,,,,19.0,,,,,,,,,,,,,,,,,,,,,,52.0,45.0,72.0,22.0,20.0,,,,,40.0,49.0,45.0,19.0,19.0,,,,,,,,,20.0,,,,,,,,,34.0,,,49.0,7.0,,,,59.0,,,22.0,22.0,,,,,,,,30.0,,,,,,,,,,,,40.0,22.0,,,,
230,700.4273223876953,B2-01,R1,1,1,,,,,,,,,,,,,,,27.0,37.0,,52.0,7.0,,,,24.0,,,,,14.0,12.0,,14.0,14.0,12.0,40.0,,29.0,27.0,47.0,29.0,,,,25.0,29.0,30.0,,,,,,,19.0,17.0,20.0,,,,,,,,,,,,,30.0,25.0,,,,,32.0,25.0,25.0,25.0,,,,,,,,,,,,,,,,,,,,20.0,19.0,,,,,,,,,,,,,,,,,,,,,17.0,,,,45.0,44.0,,29.0,29.0,,,,,,,,,,,,,,,,,,,,,,,,,,,19.0,87.0,85.0,85.0,61.0,69.0,,22.0,,35.0,35.0,35.0,15.0,17.0,20.0,,,,64.0,75.0,59.0,19.0,20.0,,19.0,,,25.0,,,,,,27.0,,,,,,,,,,,,,,,,,42.0,39.0,40.0,9.0,12.0,,,,,42.0,45.0,45.0,17.0,19.0,,,,,,,,,25.0,,24.0,,,,35.0,,,40.0,,,37.0,35.0,,,,62.0,59.0,60.0,25.0,25.0,,,,,,,,,,,,,,,,,24.0,,,29.0,22.0,,,,
231,700.8613874912262,B2-01,R1,1,2,,,49.0,,,,,,,,,35.0,,14.0,25.0,,,27.0,14.0,15.0,,44.0,,55.0,52.0,9.0,4.0,14.0,14.0,,12.0,14.0,14.0,,,30.0,32.0,22.0,29.0,19.0,17.0,17.0,42.0,50.0,50.0,,,,19.0,,35.0,14.0,,,,,,,,,,,,,25.0,34.0,34.0,22.0,,,,,34.0,,34.0,,,,,,,,,,,,,,,,,,,,20.0,,,,,,,,32.0,9.0,12.0,,,,,,,,,,,,,19.0,,,,75.0,80.0,60.0,54.0,54.0,,,,,,9.0,29.0,12.0,10.0,10.0,,,,,,,,,,,,,,,,,,84.0,80.0,80.0,64.0,64.0,,,,54.0,45.0,,17.0,15.0,,,,,44.0,54.0,,24.0,22.0,22.0,22.0,24.0,,,19.0,,,,,,,,,,,,,,,,,,,,,,52.0,45.0,72.0,22.0,20.0,,,,,40.0,,45.0,24.0,24.0,24.0,,,,,,,,14.0,,,,,,,,,50.0,,,39.0,44.0,,,,55.0,,,22.0,24.0,,,,,,,,30.0,,,,,,,,,,,,45.0,22.0,,,25.0,
232,706.7226965427399,B2-01,R1,1,1,,,25.0,,,,,,,,,,,,29.0,37.0,,52.0,15.0,,,,24.0,,,,,24.0,24.0,,24.0,24.0,24.0,40.0,37.0,37.0,27.0,44.0,29.0,,,,22.0,29.0,30.0,,,,,,27.0,19.0,17.0,20.0,,,,,,,,,,,,,32.0,25.0,,,,,32.0,35.0,37.0,39.0,,,,,,,,,,,,,,,,,,,19.0,20.0,19.0,,,,,,,,,,,,,,,,,,,,,14.0,,,,64.0,64.0,,39.0,37.0,,,,,,,,,,,,,,,,,,,,,,,,,12.0,,19.0,72.0,85.0,85.0,68.0,80.0,,22.0,,35.0,35.0,57.0,19.0,19.0,20.0,,,,64.0,75.0,59.0,12.0,10.0,10.0,19.0,,,27.0,27.0,,,,,27.0,,35.0,,,20.0,22.0,24.0,,,,,,,,,,42.0,40.0,40.0,15.0,17.0,,,,,57.0,54.0,54.0,17.0,15.0,,,,,,,,,25.0,,24.0,,,,35.0,,,40.0,,,37.0,35.0,,,,62.0,77.0,60.0,27.0,27.0,,,,19.0,,,,,,,,,,,,,27.0,,,27.0,37.0,,,,27.0
233,710.737247467041,B2-01,R1,1,2,,,49.0,,,,,,,,,35.0,,,17.0,35.0,,45.0,10.0,,,37.0,,24.0,27.0,9.0,4.0,14.0,14.0,,12.0,14.0,14.0,,,30.0,19.0,22.0,22.0,19.0,17.0,17.0,42.0,40.0,40.0,,,,19.0,,35.0,14.0,,,,,,,,,,,,,34.0,27.0,34.0,32.0,,,,,34.0,,34.0,,,,,,,,,,,,,,,,,,,,20.0,,,,,,,,32.0,9.0,12.0,,,,,,,,,,,,,15.0,,,,59.0,62.0,60.0,45.0,54.0,,,,,,9.0,14.0,12.0,10.0,10.0,,,,,,,,,,,,25.0,,,,,,77.0,72.0,80.0,57.0,57.0,,,,54.0,45.0,55.0,17.0,15.0,,,,,44.0,54.0,,22.0,22.0,22.0,22.0,24.0,,,19.0,,,,,,,,,,,,,,,,,,,,,,40.0,45.0,72.0,20.0,20.0,,,,,35.0,44.0,44.0,24.0,24.0,24.0,,,,,,,,14.0,,,,,,,,,32.0,,,32.0,34.0,,,,50.0,62.0,62.0,24.0,25.0,,,,,,,,30.0,,,,,,,,,47.0,,,47.0,22.0,,,25.0,47.0
234,713.0043978691101,B2-01,R1,1,1,,,25.0,,,,,,,,,,,,29.0,37.0,,57.0,10.0,,,,24.0,,,,,24.0,24.0,,24.0,14.0,15.0,40.0,37.0,37.0,29.0,32.0,29.0,,,,12.0,30.0,30.0,,,,,,27.0,,,,,,,,,,,,,,,,32.0,25.0,,,,,32.0,24.0,27.0,39.0,,,,,,,,,,,,,,,,,,,19.0,20.0,,,,,,,,,,,,,,,,,,,,,,14.0,,,,64.0,64.0,44.0,25.0,25.0,,,,,,,,,,,,,,,,,,,,,,,,,22.0,32.0,30.0,89.0,84.0,84.0,60.0,67.0,,,,35.0,37.0,37.0,19.0,19.0,20.0,,,,60.0,60.0,62.0,19.0,19.0,19.0,,,,27.0,27.0,,,,,27.0,,35.0,,,20.0,22.0,24.0,,,,,,,,,,44.0,40.0,39.0,15.0,17.0,,,,,57.0,54.0,54.0,20.0,20.0,,,,,,,,,,,24.0,,,,35.0,,,45.0,,,32.0,35.0,,,,62.0,59.0,60.0,22.0,20.0,,,,19.0,,,,,,,,,,,,,27.0,,,27.0,25.0,,,,27.0
235,713.365446805954,B2-01,R1,1,2,,,49.0,,,,,,,,,35.0,,,17.0,35.0,,45.0,10.0,,,37.0,,24.0,27.0,9.0,4.0,14.0,14.0,,12.0,14.0,14.0,,,30.0,19.0,22.0,22.0,19.0,17.0,17.0,42.0,40.0,40.0,,,,19.0,,35.0,14.0,,,,,,,,,,,,,34.0,27.0,34.0,32.0,,,,,34.0,,34.0,,,,,,,,,,,,,,,,,,,,20.0,,,,,,,,32.0,9.0,12.0,,,,,,,,,,,,,15.0,,,,59.0,62.0,60.0,45.0,54.0,,,,,,9.0,14.0,12.0,10.0,10.0,,,,,,,,,,,,25.0,,,,,,77.0,72.0,80.0,54.0,57.0,,,,54.0,45.0,55.0,17.0,15.0,,,,,44.0,54.0,,22.0,22.0,22.0,22.0,24.0,,,19.0,,,,,,,,,,,,,,,,,,,,,,40.0,45.0,72.0,20.0,20.0,,,,,35.0,44.0,44.0,24.0,24.0,24.0,,,,,,,,14.0,,,,,,,,,32.0,,,32.0,34.0,,,,50.0,62.0,62.0,24.0,25.0,,,,,,,,30.0,,,,,,,,,47.0,,,47.0,22.0,,,25.0,47.0
236,715.985148191452,B2-01,R1,1,2,,,49.0,,,,,,,,,35.0,,,25.0,35.0,,15.0,12.0,,,49.0,,50.0,50.0,9.0,4.0,14.0,14.0,,12.0,14.0,14.0,32.0,27.0,27.0,19.0,22.0,22.0,19.0,17.0,17.0,45.0,42.0,40.0,,,,29.0,35.0,35.0,14.0,,,,,,,30.0,27.0,,,,,34.0,27.0,25.0,25.0,,,,,34.0,,34.0,,,,,,,,,,,,,,,,,,,,20.0,,,,,,,29.0,30.0,9.0,12.0,,,,,,,,,,,,,15.0,,,,59.0,62.0,60.0,64.0,64.0,,,,,,9.0,14.0,12.0,10.0,10.0,,,,,,,,,,,,25.0,,,,,,89.0,85.0,80.0,77.0,77.0,,,,54.0,54.0,55.0,17.0,15.0,,,,,44.0,54.0,,20.0,20.0,22.0,22.0,24.0,,,19.0,,,,,,,,,,,,,,,,,,,,,,77.0,67.0,72.0,27.0,27.0,,,,,45.0,44.0,44.0,25.0,27.0,24.0,,,,,,,,14.0,,,,,,,,,42.0,,,37.0,35.0,,,,50.0,62.0,62.0,17.0,25.0,,,,,,,,30.0,,,,,,,,,47.0,,,47.0,22.0,,,25.0,47.0
237,718.6100766658783,B2-01,R1,1,2,,,49.0,,,,,,,,,35.0,,,25.0,35.0,,15.0,12.0,,,49.0,,50.0,50.0,9.0,4.0,14.0,14.0,,12.0,14.0,14.0,32.0,27.0,27.0,19.0,22.0,22.0,19.0,17.0,17.0,45.0,42.0,40.0,,,,29.0,35.0,35.0,14.0,,,,,,,30.0,27.0,,,,,34.0,27.0,25.0,25.0,,,,,34.0,,34.0,,,,,,,,,,,,,,,,,,,,20.0,,,,,,,29.0,30.0,9.0,12.0,,,,,,,,,,,,,15.0,,,,59.0,62.0,60.0,64.0,64.0,,,,,,9.0,14.0,12.0,10.0,10.0,,,,,,,,,,,,25.0,,,,,,89.0,85.0,80.0,62.0,77.0,,,,54.0,54.0,55.0,17.0,15.0,,,,,44.0,54.0,,20.0,20.0,22.0,22.0,24.0,,,19.0,,,,,,,,,,,,,,,,,,,,,,77.0,67.0,72.0,27.0,27.0,,,,,45.0,44.0,44.0,25.0,27.0,24.0,,,,,,,,14.0,,,,,,,,,42.0,,,37.0,35.0,,,,50.0,62.0,62.0,17.0,25.0,,,,,,,,30.0,,,,,,,,,47.0,,,47.0,22.0,,,25.0,47.0
238,719.2759737968445,B2-01,R1,1,1,,,25.0,,,,,,,,,,,,27.0,,,54.0,15.0,,,,24.0,,40.0,,,24.0,25.0,,24.0,25.0,24.0,40.0,37.0,34.0,37.0,40.0,29.0,,,,27.0,27.0,30.0,,,,20.0,,27.0,,,19.0,,,,,,,,,,,,,32.0,25.0,,,,,32.0,24.0,27.0,39.0,,,,,,,,,,,,,,,,,,,30.0,20.0,,,,,,,,,,,,,,,,,,,,,,14.0,,,,65.0,64.0,44.0,39.0,39.0,,,,,,,,,,,,,,,,,,,,,,,,,10.0,32.0,30.0,72.0,90.0,90.0,80.0,80.0,,,,35.0,54.0,54.0,19.0,20.0,20.0,,,,70.0,60.0,62.0,10.0,19.0,19.0,,,,27.0,25.0,25.0,,,,27.0,,35.0,,,20.0,22.0,24.0,,,,,,,,,,44.0,39.0,39.0,10.0,12.0,,,,,57.0,55.0,54.0,20.0,20.0,,,,,,,,,19.0,,24.0,,,,35.0,,,40.0,,,39.0,40.0,,,,65.0,59.0,75.0,27.0,29.0,,,,19.0,,,,,,,,,,,,,27.0,,,27.0,39.0,,,,27.0
239,724.8521873950958,B2-01,R1,1,2,,,49.0,,,,,,,,,35.0,,,25.0,35.0,,15.0,14.0,,,49.0,,50.0,54.0,9.0,4.0,14.0,14.0,,12.0,14.0,14.0,32.0,37.0,34.0,34.0,39.0,22.0,19.0,17.0,17.0,25.0,35.0,35.0,,,,29.0,35.0,,14.0,,,,,,,30.0,27.0,,,,,34.0,27.0,25.0,25.0,,,,,,,,,,,,,,,,,,,,,,,,,,,20.0,,,,,,,29.0,30.0,9.0,12.0,,,,,,,,,,,,,15.0,,,,59.0,55.0,60.0,64.0,54.0,,,,,,9.0,14.0,12.0,10.0,10.0,,,,,,,,,,,15.0,25.0,,,,,,89.0,69.0,80.0,65.0,54.0,,,,,54.0,55.0,17.0,15.0,,,,,44.0,54.0,,20.0,20.0,22.0,,24.0,,,19.0,,,,,,,,,,,,,,,,,,,,,,77.0,67.0,,17.0,15.0,,,,,45.0,44.0,42.0,17.0,17.0,24.0,,,,,,,,14.0,,,,,,,,,32.0,,,37.0,35.0,,,,65.0,59.0,59.0,22.0,20.0,,,,,,,,,,,,,,,,,47.0,,,35.0,19.0,,,25.0,47.0
240,725.5795607566833,B2-01,R1,1,1,,,25.0,,,,,,,,,,,,27.0,,,54.0,15.0,,,,24.0,,40.0,,,24.0,25.0,,24.0,25.0,24.0,40.0,37.0,34.0,37.0,40.0,29.0,,,,27.0,27.0,30.0,,,,20.0,,27.0,,,19.0,,,,,,,,,,,,,32.0,25.0,,,,,32.0,24.0,27.0,39.0,,,,,,,,,,,,,,,,,,,30.0,20.0,,,,,,,,,,,,,,,,,,,,,,14.0,,,,65.0,64.0,44.0,39.0,39.0,,,,,,,,,,,,,,,,,,,,,,,,,10.0,32.0,30.0,72.0,90.0,90.0,65.0,80.0,,,,35.0,54.0,54.0,19.0,20.0,20.0,,,,70.0,60.0,62.0,10.0,19.0,19.0,,,,27.0,25.0,25.0,,,,27.0,,35.0,,,20.0,22.0,24.0,,,,,,,,,,44.0,39.0,39.0,10.0,12.0,,,,,57.0,55.0,54.0,20.0,20.0,,,,,,,,,19.0,,24.0,,,,35.0,,,40.0,,,39.0,40.0,,,,65.0,59.0,75.0,27.0,29.0,,,,19.0,,,,,,,,,,,,,27.0,,,27.0,39.0,,,,27.0
241,728.2093684673309,B2-01,R1,1,1,,,25.0,,,,,,,,,32.0,,,25.0,37.0,,50.0,9.0,,,,,30.0,32.0,,,15.0,15.0,,17.0,15.0,17.0,40.0,37.0,32.0,25.0,30.0,29.0,,,,20.0,30.0,30.0,,,,20.0,,27.0,,,19.0,,,,,,,,,,,,,32.0,,,,,,,24.0,42.0,27.0,,,,,,,,,,,,,,,,,,,15.0,,,,,,,,,,,,,,,,,,,,,,,14.0,,,,42.0,42.0,42.0,25.0,25.0,,,,,,,,,,,,,,,,,,,,,,,,,22.0,32.0,30.0,82.0,79.0,79.0,57.0,57.0,,,,35.0,54.0,34.0,19.0,20.0,,,,,64.0,60.0,62.0,12.0,12.0,19.0,,,,27.0,25.0,25.0,,,,,,35.0,,,14.0,22.0,24.0,,,,,,,,,,42.0,40.0,40.0,10.0,12.0,,,,,44.0,45.0,54.0,19.0,19.0,,,,,,,,,19.0,,,,,,34.0,,,42.0,,,32.0,30.0,,,,10.0,59.0,62.0,22.0,29.0,,,,19.0,,,,,,,,,,,,,27.0,,,27.0,25.0,,,,27.0
242,730.859365940094,B2-01,R1,1,1,,,25.0,,,,,,,,,32.0,,,25.0,37.0,,50.0,9.0,,,,,30.0,32.0,,,15.0,15.0,,17.0,15.0,17.0,40.0,37.0,32.0,25.0,30.0,29.0,,,,20.0,30.0,30.0,,,,20.0,,27.0,,,19.0,,,,,,,,,,,,,32.0,,,,,,,24.0,42.0,27.0,,,,,,,,,,,,,,,,,,,15.0,,,,,,,,,,,,,,,,,,,,,,,14.0,,,,42.0,42.0,42.0,25.0,25.0,,,,,,,,,,,,,,,,,,,,,,,,,22.0,32.0,30.0,82.0,79.0,79.0,72.0,57.0,,,,35.0,54.0,34.0,19.0,20.0,,,,,64.0,60.0,62.0,12.0,12.0,19.0,,,,27.0,25.0,25.0,,,,,,35.0,,,14.0,22.0,24.0,,,,,,,,,,42.0,40.0,40.0,10.0,12.0,,,,,44.0,45.0,54.0,19.0,19.0,,,,,,,,,19.0,,,,,,34.0,,,42.0,,,32.0,30.0,,,,10.0,59.0,62.0,22.0,29.0,,,,19.0,,,,,,,,,,,,,27.0,,,27.0,25.0,,,,27.0
243,734.7236289978027,B2-01,R1,1,2,24.0,,49.0,,,,,,,,,35.0,,,22.0,35.0,,44.0,17.0,,,47.0,,44.0,44.0,,,,,,12.0,14.0,14.0,42.0,37.0,37.0,39.0,40.0,22.0,,,,25.0,35.0,35.0,,,,29.0,37.0,,17.0,,,,,,,30.0,27.0,,,,,34.0,27.0,24.0,17.0,,,,,,,,,,,,,,,,,,,,,,,,,,,,,,,,,,29.0,30.0,,,,,,,,,,,,,24.0,25.0,15.0,,,,64.0,85.0,85.0,64.0,54.0,,,,,,17.0,7.0,,,,,,,,,,,,,,15.0,25.0,,,,,,92.0,92.0,,64.0,64.0,,,,,54.0,55.0,14.0,14.0,,,,,,,,20.0,19.0,22.0,,24.0,,,,,,,,,,,,,,,,,,,,,,,,,55.0,67.0,,20.0,22.0,,,,,50.0,55.0,55.0,17.0,17.0,24.0,,,,,,,,14.0,,,,,,,,,32.0,,,45.0,44.0,,,,67.0,59.0,59.0,27.0,20.0,,,,,,,,,,,,,,,,,34.0,,,34.0,19.0,,,25.0,34.0
244,737.1357142925262,B2-01,R1,1,1,,,19.0,,,,,,,,,32.0,,,29.0,37.0,,54.0,9.0,,25.0,,,35.0,37.0,,,24.0,24.0,,24.0,24.0,22.0,40.0,34.0,34.0,25.0,39.0,39.0,,,,20.0,30.0,30.0,,,,20.0,,27.0,15.0,19.0,19.0,,,,,,,,,,,27.0,34.0,34.0,25.0,,,,,,24.0,42.0,19.0,,,,,,,,,,,,,,,,,,,15.0,,,,,,,,,,,,,,,,,,,,,,,14.0,,,,65.0,42.0,42.0,35.0,37.0,,,,,,,,,,,,,,,,,,,,,,,,,14.0,32.0,20.0,80.0,79.0,79.0,61.0,69.0,25.0,17.0,,,54.0,34.0,20.0,22.0,,,,,64.0,60.0,64.0,12.0,10.0,19.0,12.0,,,27.0,25.0,25.0,,,,,,35.0,,,14.0,22.0,24.0,,,,,,,,,,42.0,40.0,40.0,17.0,17.0,,,,,65.0,59.0,54.0,19.0,19.0,,,,,,,,,19.0,,,,,,34.0,,,49.0,,,35.0,37.0,,,,60.0,59.0,77.0,29.0,29.0,,,,19.0,,,,,,,,,,29.0,,,27.0,,,27.0,39.0,,,,27.0
245,737.33940076828,B2-01,R1,1,2,24.0,,49.0,,,,,,,,,35.0,,,22.0,35.0,,44.0,17.0,,,47.0,,44.0,44.0,,,,,,12.0,14.0,14.0,42.0,37.0,37.0,39.0,40.0,22.0,,,,25.0,35.0,35.0,,,,29.0,37.0,,17.0,,,,,,,30.0,27.0,,,,,34.0,27.0,24.0,17.0,,,,,,,,,,,,,,,,,,,,,,,,,,,,,,,,,,29.0,30.0,,,,,,,,,,,,,24.0,25.0,15.0,,,,64.0,85.0,85.0,64.0,54.0,,,,,,17.0,7.0,,,,,,,,,,,,,,15.0,25.0,,,,,,92.0,92.0,,60.0,64.0,,,,,54.0,55.0,14.0,14.0,,,,,,,,20.0,19.0,22.0,,24.0,,,,,,,,,,,,,,,,,,,,,,,,,55.0,67.0,,20.0,22.0,,,,,50.0,55.0,55.0,17.0,17.0,24.0,,,,,,,,14.0,,,,,,,,,32.0,,,45.0,44.0,,,,67.0,59.0,59.0,27.0,20.0,,,,,,,,,,,,,,,,,34.0,,,34.0,19.0,,,25.0,34.0
246,743.4416010379791,B2-01,R1,1,1,,,19.0,,,,,,,,,32.0,,,39.0,37.0,,54.0,24.0,,39.0,,,29.0,30.0,,,27.0,27.0,,27.0,27.0,29.0,40.0,34.0,34.0,25.0,37.0,37.0,,,,25.0,30.0,32.0,,,,20.0,,,15.0,19.0,19.0,,,,,,,,,,,27.0,34.0,34.0,25.0,,,,,20.0,24.0,22.0,19.0,,,,,,,,,,,,,,,,,,,29.0,,,,,,,,,,,,,,,,,,,,,,,,,,,52.0,42.0,50.0,29.0,37.0,,,,,,,,,,,,,,,,,,,,,,,,,14.0,32.0,20.0,80.0,79.0,79.0,89.0,89.0,25.0,17.0,,,35.0,35.0,19.0,20.0,,,,,54.0,47.0,49.0,27.0,27.0,19.0,12.0,,,27.0,25.0,25.0,,,,25.0,,,,,14.0,,,,,,,,,,,,42.0,40.0,40.0,17.0,17.0,,,,,59.0,59.0,,19.0,15.0,,,,,,,,,19.0,,,,,,34.0,,,57.0,,,34.0,34.0,,,,52.0,59.0,77.0,25.0,25.0,,,,,,,,,,,,,,29.0,,,27.0,,,27.0,24.0,,,,27.0
247,743.5936543941498,B2-01,R1,1,2,24.0,,27.0,,,,,,,,,35.0,,,25.0,35.0,,47.0,14.0,,,47.0,,55.0,52.0,,,,,,9.0,,,37.0,37.0,37.0,39.0,37.0,39.0,,,,25.0,35.0,35.0,,,,27.0,37.0,,17.0,,,,,,,30.0,27.0,,,,,34.0,27.0,24.0,17.0,,,,,,,,,,,,,,,,,,,,,,,,,,,,,,,,,,29.0,30.0,,,,,,,,,,,,,24.0,25.0,24.0,,,,57.0,54.0,54.0,54.0,54.0,,,,,,17.0,7.0,,,,,,,,,,,,,,15.0,25.0,,,,,,64.0,65.0,65.0,62.0,54.0,,,,,54.0,45.0,14.0,14.0,,,,,42.0,,,20.0,19.0,,12.0,,,,,,,,,,,,,,,,,,,,,,,,,,45.0,67.0,,12.0,14.0,,,,,50.0,55.0,42.0,17.0,14.0,15.0,,,,,,,,,,,,,,40.0,,,32.0,,,45.0,44.0,,,,64.0,57.0,57.0,22.0,20.0,,,,,,,,,,,,,,39.0,,,39.0,,,34.0,24.0,,15.0,,39.0
248,749.7241079807281,B2-01,R1,1,1,,,19.0,,,,,,,,,32.0,,,39.0,37.0,,54.0,24.0,,39.0,,,29.0,30.0,,,27.0,27.0,,27.0,27.0,29.0,40.0,34.0,34.0,25.0,37.0,37.0,,,,25.0,30.0,32.0,,,,20.0,,,15.0,19.0,19.0,,,,,,,,,,,27.0,34.0,34.0,25.0,,,,,20.0,24.0,22.0,19.0,,,,,,,,,,,,,,,,,,,29.0,,,,,,,,,,,,,,,,,,,,,,,,,,,52.0,42.0,50.0,29.0,37.0,,,,,,,,,,,,,,,,,,,,,,,,,14.0,32.0,20.0,80.0,79.0,79.0,74.0,89.0,25.0,17.0,,,35.0,35.0,19.0,20.0,,,,,54.0,47.0,49.0,27.0,27.0,19.0,12.0,,,27.0,25.0,25.0,,,,25.0,,,,,14.0,,,,,,,,,,,,42.0,40.0,40.0,17.0,17.0,,,,,59.0,59.0,,19.0,15.0,,,,,,,,,19.0,,,,,,34.0,,,57.0,,,34.0,34.0,,,,52.0,59.0,77.0,25.0,25.0,,,,,,,,,,,,,,29.0,,,27.0,,,27.0,24.0,,,,27.0
249,749.8339190483093,B2-01,R1,1,2,24.0,,27.0,,,,,,,,,35.0,,,25.0,,,47.0,19.0,,,45.0,,44.0,42.0,,,,,,9.0,,,37.0,37.0,35.0,39.0,39.0,39.0,,,,25.0,35.0,45.0,,,,27.0,37.0,37.0,17.0,,,,,,,30.0,27.0,,,,,,,27.0,15.0,,,,,19.0,37.0,,,,,,,,,,,,,,,,,,,,10.0,,,,,,,,29.0,19.0,,,,,,,,,,,,,24.0,20.0,24.0,,,,62.0,85.0,85.0,65.0,65.0,,,,,14.0,17.0,7.0,,,,,,,,,,,,,15.0,15.0,,,,,,,94.0,92.0,65.0,64.0,64.0,,,,,54.0,60.0,14.0,14.0,,,,,37.0,,,20.0,22.0,,12.0,,,,,,,,,,,,,,12.0,,,,,,,,,15.0,,,52.0,59.0,,22.0,22.0,,,,,49.0,57.0,57.0,14.0,15.0,15.0,,,,,,,,,,,,,,40.0,,,50.0,,,44.0,44.0,,,,62.0,60.0,60.0,30.0,30.0,,,,,,,,,,,,,,39.0,,,27.0,,,30.0,29.0,,15.0,,27.0
250,752.3487930297852,B2-01,R1,1,1,,,19.0,,,,,,14.0,,,32.0,,,35.0,32.0,,60.0,22.0,,39.0,,,29.0,35.0,,,24.0,24.0,,22.0,24.0,24.0,30.0,29.0,29.0,25.0,29.0,27.0,,,,24.0,30.0,32.0,,,,20.0,,,15.0,19.0,19.0,,,,,,,,,,,34.0,25.0,34.0,29.0,10.0,,,,20.0,,22.0,19.0,,,,,,,,,,,,,,,,,,,25.0,,29.0,,,,,,,,,,,,,,,,,,,,,15.0,,,,52.0,47.0,50.0,25.0,24.0,,,,,,,,,,,,,,,,,,,,,,,,,14.0,32.0,20.0,90.0,79.0,79.0,89.0,89.0,25.0,17.0,,,35.0,54.0,19.0,20.0,,,,,69.0,47.0,49.0,30.0,30.0,,12.0,,,20.0,25.0,25.0,,,,25.0,,,,,15.0,24.0,24.0,,,,,,,,,,47.0,42.0,40.0,12.0,14.0,,,,,30.0,59.0,,20.0,22.0,,,,,,,,,19.0,,,,,,34.0,,,42.0,,,34.0,34.0,,,,65.0,,64.0,20.0,20.0,,,,,,,,,,,,,,29.0,,,25.0,,,27.0,19.0,,,,27.0
251,755.0081958770752,B2-01,R1,1,1,,,19.0,,,,,,14.0,,,32.0,,,35.0,32.0,,60.0,22.0,,39.0,,,29.0,35.0,,,24.0,24.0,,22.0,24.0,24.0,30.0,29.0,29.0,25.0,29.0,27.0,,,,24.0,30.0,32.0,,,,20.0,,,15.0,19.0,19.0,,,,,,,,,,,34.0,25.0,34.0,29.0,10.0,,,,20.0,,22.0,19.0,,,,,,,,,,,,,,,,,,,25.0,,29.0,,,,,,,,,,,,,,,,,,,,,15.0,,,,52.0,47.0,50.0,25.0,24.0,,,,,,,,,,,,,,,,,,,,,,,,,14.0,32.0,20.0,90.0,79.0,79.0,82.0,89.0,25.0,17.0,,,35.0,54.0,19.0,20.0,,,,,69.0,47.0,49.0,30.0,30.0,,12.0,,,20.0,25.0,25.0,,,,25.0,,,,,15.0,24.0,24.0,,,,,,,,,,47.0,42.0,40.0,12.0,14.0,,,,,30.0,59.0,,20.0,22.0,,,,,,,,,19.0,,,,,,34.0,,,42.0,,,34.0,34.0,,,,65.0,,64.0,20.0,20.0,,,,,,,,,,,,,,29.0,,,25.0,,,27.0,19.0,,,,27.0
252,756.071129322052,B2-01,R1,1,2,24.0,,25.0,,,,,,,,,35.0,,,27.0,,,35.0,12.0,,22.0,29.0,,54.0,54.0,,,,,,9.0,10.0,10.0,37.0,32.0,34.0,39.0,35.0,35.0,,,,34.0,39.0,37.0,,,,30.0,37.0,37.0,17.0,,,,,,,,,,,,,,,27.0,15.0,,,,,19.0,37.0,,,,,,,,,,,,,,,,,,,,10.0,,,,,,,,,19.0,,,,,,,,,,,,,24.0,20.0,20.0,,,,55.0,52.0,54.0,54.0,54.0,,,,,14.0,17.0,7.0,,,,,,,,,,,,,15.0,15.0,,,,,,,65.0,72.0,74.0,54.0,54.0,,,,,47.0,47.0,14.0,14.0,,,,,37.0,,54.0,20.0,10.0,,19.0,,,,,,,,,27.0,,,,,12.0,,,,,,,,,15.0,,,44.0,59.0,,19.0,19.0,,,,,49.0,57.0,40.0,17.0,17.0,15.0,,,,,,,,,,,,,,40.0,,,35.0,,,44.0,35.0,,,,67.0,60.0,60.0,20.0,22.0,,,,,,,,,,,,,,37.0,,,27.0,,,30.0,29.0,,15.0,,37.0
253,761.2551376819611,B2-01,R1,1,1,,,19.0,,,,,,14.0,,,34.0,,,32.0,32.0,,47.0,14.0,,27.0,,,29.0,35.0,,,14.0,24.0,,12.0,12.0,14.0,25.0,29.0,29.0,22.0,25.0,27.0,,,,29.0,37.0,35.0,,,,,,,22.0,19.0,19.0,,,,,,,,,,,34.0,25.0,34.0,29.0,10.0,,,,19.0,,22.0,19.0,,,,,,,,,,,,,,,,,,,25.0,,29.0,,,,,,,,,,,,,,,,,,,,,15.0,,,,39.0,50.0,50.0,25.0,24.0,,,,,,,,,,,,,,,,,,,,,,27.0,,,14.0,32.0,20.0,87.0,99.0,99.0,84.0,60.0,25.0,17.0,,,54.0,54.0,22.0,20.0,,,,,55.0,54.0,52.0,25.0,25.0,,12.0,,,20.0,,,,,,25.0,,,,,15.0,24.0,24.0,,,,,,,,,,19.0,44.0,44.0,12.0,14.0,,,,,50.0,39.0,42.0,20.0,22.0,,,,,,,,,,,,,,,34.0,,,42.0,,,25.0,24.0,,,,29.0,,64.0,20.0,20.0,,,,,,,,,,,,,,30.0,,,30.0,,,29.0,19.0,,,,29.0
254,762.339194059372,B2-01,R1,1,2,24.0,,25.0,,,,,,,,,35.0,,,27.0,,,35.0,12.0,,22.0,29.0,,54.0,54.0,,,,,,9.0,10.0,10.0,37.0,32.0,34.0,39.0,35.0,35.0,,,,34.0,39.0,37.0,,,,30.0,37.0,37.0,17.0,,,,,,,,,,,,,,,27.0,15.0,,,,,19.0,37.0,,,,,,,,,,,,,,,,,,,,10.0,,,,,,,,,19.0,,,,,,,,,,,,,24.0,20.0,20.0,,,,55.0,52.0,54.0,54.0,54.0,,,,,14.0,17.0,7.0,,,,,,,,,,,,,15.0,15.0,,,,,,,65.0,72.0,74.0,68.0,54.0,,,,,47.0,47.0,14.0,14.0,,,,,37.0,,54.0,20.0,10.0,,19.0,,,,,,,,,27.0,,,,,12.0,,,,,,,,,15.0,,,44.0,59.0,,19.0,19.0,,,,,49.0,57.0,40.0,17.0,17.0,15.0,,,,,,,,,,,,,,40.0,,,35.0,,,44.0,35.0,,,,67.0,60.0,60.0,20.0,22.0,,,,,,,,,,,,,,37.0,,,27.0,,,30.0,29.0,,15.0,,37.0
255,764.9588680267334,B2-01,R1,1,2,17.0,,34.0,,,,,,,,,35.0,,,20.0,,,47.0,9.0,,22.0,42.0,,27.0,54.0,,,15.0,17.0,,14.0,15.0,15.0,45.0,32.0,34.0,39.0,35.0,15.0,15.0,14.0,15.0,40.0,44.0,37.0,,,,30.0,37.0,37.0,17.0,,,,,,20.0,25.0,25.0,,,,,25.0,27.0,27.0,15.0,,,,,34.0,42.0,,,,,,,,,,,,,,,,,,,,12.0,,,,,,,,,19.0,,,,,,,,,,,,,24.0,20.0,20.0,,,,67.0,89.0,87.0,64.0,64.0,,,,,14.0,17.0,7.0,,,,,,,,,,,,,15.0,,,,,,,,90.0,89.0,74.0,79.0,79.0,,,,,47.0,47.0,15.0,15.0,,,,,37.0,,62.0,14.0,14.0,,19.0,,,19.0,12.0,24.0,,,,27.0,42.0,,,7.0,12.0,,,,,,,,,15.0,,,54.0,50.0,,29.0,30.0,,,,,55.0,54.0,40.0,17.0,17.0,15.0,,,,,,,,,,,,,,40.0,,,37.0,,,45.0,25.0,,,,67.0,52.0,54.0,20.0,22.0,,,,,,,,,,,,,,44.0,,,27.0,,,30.0,22.0,,15.0,27.0,44.0
256,767.5171146392822,B2-01,R1,1,1,,,30.0,,,,,,14.0,,,37.0,,,32.0,32.0,,47.0,20.0,,27.0,,,44.0,44.0,,,12.0,24.0,,10.0,12.0,12.0,35.0,35.0,35.0,22.0,25.0,27.0,,,,29.0,37.0,35.0,,,,,,,22.0,19.0,19.0,,,,,,,,,,,24.0,29.0,29.0,29.0,10.0,,,,37.0,,40.0,37.0,,,,,,,,,,,,,,,,,,,25.0,,30.0,,,,,,,,,,,,,,,,,,,,22.0,14.0,,,,54.0,50.0,50.0,30.0,24.0,,,,,,,,,,,,,,,,,,,,,,27.0,,,14.0,,25.0,9.0,100.0,100.0,97.0,95.0,25.0,17.0,,,49.0,54.0,35.0,35.0,,,,,67.0,54.0,52.0,34.0,34.0,,12.0,,,20.0,,,,,,25.0,,,,,25.0,24.0,24.0,,,,,,,,,,19.0,37.0,44.0,14.0,15.0,,,,,52.0,39.0,42.0,19.0,20.0,,,,,,,,,,,,,,,,,,45.0,,,25.0,35.0,,,,29.0,,75.0,19.0,20.0,,,,,,,,,,,,,,29.0,,,30.0,,20.0,27.0,19.0,,,,27.0
257,767.5798215866089,B2-01,R1,1,2,17.0,,34.0,,,,,,,,,35.0,,,20.0,,,47.0,9.0,,22.0,42.0,,27.0,54.0,,,15.0,17.0,,14.0,15.0,15.0,45.0,32.0,34.0,39.0,35.0,15.0,15.0,14.0,15.0,40.0,44.0,37.0,,,,30.0,37.0,37.0,17.0,,,,,,20.0,25.0,25.0,,,,,25.0,27.0,27.0,15.0,,,,,34.0,42.0,,,,,,,,,,,,,,,,,,,,12.0,,,,,,,,,19.0,,,,,,,,,,,,,24.0,20.0,20.0,,,,67.0,89.0,87.0,64.0,64.0,,,,,14.0,17.0,7.0,,,,,,,,,,,,,15.0,,,,,,,,90.0,89.0,74.0,59.0,79.0,,,,,47.0,47.0,15.0,15.0,,,,,37.0,,62.0,14.0,14.0,,19.0,,,19.0,12.0,24.0,,,,27.0,42.0,,,7.0,12.0,,,,,,,,,15.0,,,54.0,50.0,,29.0,30.0,,,,,55.0,54.0,40.0,17.0,17.0,15.0,,,,,,,,,,,,,,40.0,,,37.0,,,45.0,25.0,,,,67.0,52.0,54.0,20.0,22.0,,,,,,,,,,,,,,44.0,,,27.0,,,30.0,22.0,,15.0,27.0,44.0
258,773.8468749523163,B2-01,R1,1,2,17.0,,30.0,,,,,,,,,,,,27.0,,,22.0,27.0,,22.0,35.0,,39.0,54.0,,,15.0,17.0,,9.0,12.0,15.0,30.0,29.0,29.0,39.0,30.0,32.0,15.0,14.0,15.0,22.0,32.0,32.0,12.0,12.0,14.0,30.0,,37.0,,,,,,,20.0,25.0,25.0,,,,,29.0,27.0,27.0,15.0,,,,,34.0,42.0,,,,,,,,,,,,,,,,,,,,10.0,,,,,,,,,19.0,,,,,,,,,,,,,,20.0,15.0,,,,47.0,54.0,54.0,64.0,64.0,,,,,14.0,,,,,,,,,,,,,,,15.0,,,,,,,,90.0,89.0,74.0,65.0,64.0,,,,,47.0,42.0,15.0,15.0,,,,,32.0,,62.0,19.0,19.0,,19.0,,,19.0,20.0,24.0,,,,25.0,42.0,,,7.0,12.0,,,,,,,,,15.0,,,47.0,47.0,,15.0,15.0,,,,,37.0,44.0,42.0,19.0,19.0,15.0,,,,,,,,,,,,,,40.0,,,39.0,,,39.0,25.0,,,,55.0,52.0,54.0,20.0,22.0,,,,,,,,,,,,,,34.0,,,32.0,,,30.0,22.0,,15.0,27.0,34.0
259,782.673347234726,B2-01,R1,1,2,,,30.0,,,,,,14.0,,,25.0,,,32.0,32.0,,50.0,9.0,,27.0,,,44.0,44.0,,,12.0,15.0,,14.0,14.0,14.0,35.0,37.0,37.0,22.0,25.0,27.0,,,,20.0,27.0,30.0,,,,,,,22.0,,,,,,,,,,,,,24.0,29.0,29.0,29.0,10.0,,,,37.0,,40.0,37.0,,,,,,,,,,,,,,,,,,,25.0,,30.0,,,,,,,,,,,,,,,,,,,,22.0,14.0,,,,55.0,55.0,50.0,39.0,37.0,,,,,,,,,,,,,,,,,,,,,,27.0,,,,,25.0,89.0,92.0,92.0,80.0,80.0,,,,,37.0,44.0,35.0,12.0,,,,,49.0,54.0,50.0,30.0,32.0,,,,,20.0,,,,,,25.0,,,,,25.0,24.0,24.0,,,,,,,,,,19.0,37.0,40.0,10.0,15.0,,,,,52.0,39.0,42.0,27.0,29.0,,,,,,,,,,,,,,,,,,22.0,,,25.0,35.0,,,,29.0,67.0,67.0,30.0,30.0,,,,,,,,,,,,,,29.0,,,30.0,,20.0,27.0,19.0,,,,27.0
260,783.7342801094055,B2-01,R1,1,2,17.0,,35.0,,,,,,,,,,,,25.0,,,47.0,24.0,,22.0,52.0,,47.0,47.0,9.0,10.0,19.0,19.0,,19.0,17.0,17.0,30.0,29.0,29.0,30.0,30.0,32.0,15.0,14.0,15.0,42.0,32.0,32.0,12.0,12.0,14.0,32.0,30.0,30.0,,,,,,,20.0,25.0,25.0,,,,,29.0,30.0,30.0,20.0,,,,,37.0,42.0,37.0,,,,,,,,,,,,,,,,,,,10.0,,,,,,,,,25.0,,,,,,,,,,,,,,25.0,15.0,,,,70.0,85.0,54.0,37.0,37.0,37.0,,,,14.0,,,,,,,,,,,,,,,15.0,,,,,,,,89.0,92.0,74.0,58.0,80.0,,,,49.0,62.0,62.0,17.0,15.0,,,,,32.0,,62.0,29.0,29.0,29.0,19.0,,,19.0,17.0,24.0,,,,25.0,42.0,,,7.0,12.0,,,,,,,,,15.0,,,60.0,60.0,,25.0,25.0,,,,,50.0,45.0,45.0,20.0,19.0,19.0,,,,,,,,,,,,,,,,,44.0,,,39.0,40.0,,,,55.0,52.0,54.0,17.0,17.0,,,,,,,,,,,,,,47.0,,,32.0,,,30.0,15.0,,,27.0,34.0
261,785.3109776973724,B2-01,R1,1,2,,,44.0,,,,,,14.0,,,25.0,,,32.0,32.0,,52.0,19.0,,27.0,,,44.0,17.0,,,12.0,10.0,,12.0,12.0,10.0,35.0,37.0,30.0,22.0,25.0,27.0,,,,30.0,44.0,44.0,22.0,22.0,24.0,,,,22.0,,,,,,,,,,,,,24.0,29.0,29.0,29.0,10.0,,,,37.0,,40.0,37.0,,,,,,,,,,,,,,,,,,,25.0,,30.0,,,,,,,10.0,,,,,,,,,,,,,22.0,14.0,,,,87.0,94.0,50.0,52.0,52.0,,,,22.0,,,,,,,,,,,,,,,,,,27.0,,,,,25.0,94.0,92.0,92.0,59.0,59.0,,,,,37.0,44.0,14.0,14.0,,,,,57.0,54.0,50.0,20.0,22.0,,,,,20.0,,,,,,40.0,,,,,25.0,24.0,24.0,,,,,,,,,,19.0,37.0,40.0,22.0,24.0,,,,,52.0,39.0,40.0,32.0,32.0,,,,,,,,,,,,,,,,,,22.0,,,25.0,57.0,,,,29.0,79.0,67.0,30.0,27.0,,,,,,,,,,,,,34.0,29.0,,34.0,34.0,,20.0,27.0,19.0,,,,34.0
262,791.6057164669037,B2-01,R1,1,2,22.0,,35.0,,,,,,,,,25.0,,,32.0,,,34.0,27.0,,27.0,,,44.0,17.0,10.0,7.0,19.0,17.0,,19.0,19.0,17.0,24.0,37.0,30.0,24.0,25.0,25.0,,,,42.0,45.0,45.0,22.0,22.0,24.0,,,,22.0,,,,,,,,,,,,,24.0,29.0,29.0,,,,,,25.0,34.0,27.0,25.0,30.0,,,,,,,,,,,,,,,,,,,,30.0,,,,,,,10.0,,,,,,,,,,,,,22.0,14.0,,,,55.0,94.0,50.0,50.0,49.0,,24.0,,22.0,,,24.0,,,,,,,,,,,,,,27.0,27.0,,,,,25.0,95.0,92.0,92.0,70.0,70.0,,,,,44.0,45.0,14.0,17.0,,,,,37.0,54.0,50.0,20.0,22.0,,,,,,,,,,,40.0,,,,,25.0,,,,,,,,,,,,52.0,37.0,40.0,12.0,10.0,,,,,40.0,39.0,40.0,22.0,22.0,22.0,,,,,,,,,,,,,,,,,40.0,,,49.0,52.0,,,,47.0,60.0,60.0,20.0,19.0,,,,,,,,,,,,,34.0,29.0,,34.0,29.0,,20.0,30.0,19.0,,,,34.0
263,797.8822298049927,B2-01,R1,1,2,22.0,,35.0,,,,,,,,,25.0,,,32.0,,,34.0,27.0,,27.0,,,44.0,17.0,10.0,7.0,19.0,17.0,,19.0,19.0,17.0,24.0,37.0,30.0,24.0,25.0,25.0,,,,42.0,45.0,45.0,22.0,22.0,24.0,,,,22.0,,,,,,,,,,,,,24.0,29.0,29.0,,,,,,25.0,34.0,27.0,25.0,30.0,,,,,,,,,,,,,,,,,,,,30.0,,,,,,,10.0,,,,,,,,,,,,,22.0,14.0,,,,55.0,94.0,50.0,50.0,49.0,,24.0,,22.0,,,24.0,,,,,,,,,,,,,,27.0,27.0,,,,,25.0,95.0,92.0,92.0,56.0,70.0,,,,,44.0,45.0,14.0,17.0,,,,,37.0,54.0,50.0,20.0,22.0,,,,,,,,,,,40.0,,,,,25.0,,,,,,,,,,,,52.0,37.0,40.0,12.0,10.0,,,,,40.0,39.0,40.0,22.0,22.0,22.0,,,,,,,,,,,,,,,,,40.0,,,49.0,52.0,,,,47.0,60.0,60.0,20.0,19.0,,,,,,,,,,,,,34.0,29.0,,34.0,29.0,,20.0,30.0,19.0,,,,34.0
264,800.5056521892548,B2-01,R1,1,2,22.0,,35.0,,,,,,,,,25.0,,,,,,34.0,17.0,,27.0,,,44.0,17.0,10.0,7.0,19.0,17.0,,17.0,19.0,19.0,37.0,37.0,30.0,37.0,39.0,25.0,20.0,20.0,19.0,42.0,39.0,45.0,17.0,17.0,24.0,,,,,,,,,,,,,,,,,37.0,29.0,29.0,,,,,,25.0,34.0,29.0,29.0,30.0,,,,,,,,,,,,,,,,,,,,17.0,,,,,,,10.0,,,,,,,,,,,,,22.0,14.0,,,,79.0,77.0,77.0,62.0,62.0,,24.0,22.0,22.0,,,24.0,,,,,,,,,,,,,,27.0,,,,,,25.0,77.0,92.0,95.0,54.0,54.0,,,,,44.0,45.0,14.0,14.0,,,,,37.0,,50.0,32.0,32.0,,,,,,,,,,,40.0,,24.0,,,25.0,,,,,,,,,,,,65.0,37.0,40.0,15.0,12.0,,,,,40.0,,45.0,29.0,29.0,22.0,,,,,,,,,,,,,,,,,55.0,,,54.0,52.0,,,,62.0,65.0,60.0,20.0,22.0,,,,,,,,12.0,,,10.0,,34.0,44.0,,34.0,29.0,,20.0,30.0,19.0,,,,44.0
265,803.1630749702454,B2-01,R1,1,2,22.0,,35.0,,,,,,,,,25.0,,,,,,34.0,17.0,,27.0,,,44.0,17.0,10.0,7.0,19.0,17.0,,17.0,19.0,19.0,37.0,37.0,30.0,37.0,39.0,25.0,20.0,20.0,19.0,42.0,39.0,45.0,17.0,17.0,24.0,,,,,,,,,,,,,,,,,37.0,29.0,29.0,,,,,,25.0,34.0,29.0,29.0,30.0,,,,,,,,,,,,,,,,,,,,17.0,,,,,,,10.0,,,,,,,,,,,,,22.0,14.0,,,,79.0,77.0,77.0,62.0,62.0,,24.0,22.0,22.0,,,24.0,,,,,,,,,,,,,,27.0,,,,,,25.0,77.0,92.0,95.0,56.0,54.0,,,,,44.0,45.0,14.0,14.0,,,,,37.0,,50.0,32.0,32.0,,,,,,,,,,,40.0,,24.0,,,25.0,,,,,,,,,,,,65.0,37.0,40.0,15.0,12.0,,,,,40.0,,45.0,29.0,29.0,22.0,,,,,,,,,,,,,,,,,55.0,,,54.0,52.0,,,,62.0,65.0,60.0,20.0,22.0,,,,,,,,12.0,,,10.0,,34.0,44.0,,34.0,29.0,,20.0,30.0,19.0,,,,44.0
266,806.3423929214478,B2-01,R1,1,3,24.0,,35.0,,,,,,,,,,,,27.0,,,49.0,25.0,,22.0,44.0,,29.0,47.0,9.0,10.0,19.0,24.0,,24.0,24.0,25.0,29.0,29.0,29.0,30.0,30.0,29.0,17.0,19.0,15.0,42.0,39.0,40.0,12.0,12.0,14.0,32.0,30.0,30.0,,,,,,,20.0,25.0,25.0,,,,,29.0,30.0,30.0,20.0,,,,,37.0,42.0,27.0,25.0,32.0,,,,,,,,,,,,,,,,,10.0,,,,,,,,,25.0,,,,,,,,,,,,,,25.0,15.0,,,,60.0,62.0,52.0,35.0,37.0,37.0,,,,,,,,,,,,,,,,,,,,,,,,,,,90.0,92.0,74.0,63.0,69.0,,,,49.0,62.0,44.0,17.0,15.0,,,,,47.0,55.0,62.0,29.0,29.0,29.0,19.0,,,19.0,24.0,24.0,,,,25.0,42.0,,,7.0,12.0,,,,,,,,,,,,37.0,34.0,,25.0,25.0,,,,,42.0,40.0,40.0,32.0,32.0,19.0,,,,,,,,,,,,,,,,17.0,42.0,,,39.0,40.0,,,,55.0,47.0,45.0,40.0,40.0,,,,,,,,,,,,,,47.0,,,32.0,,,,15.0,,,27.0,34.0
267,808.96404504776,B2-01,R1,1,3,24.0,,19.0,,,,,,,,,,,,24.0,,,62.0,22.0,,22.0,47.0,,32.0,30.0,9.0,10.0,19.0,24.0,,10.0,24.0,25.0,29.0,29.0,29.0,30.0,30.0,14.0,15.0,15.0,15.0,42.0,39.0,39.0,12.0,12.0,14.0,32.0,30.0,30.0,,,,,,17.0,20.0,25.0,25.0,,,,,29.0,30.0,30.0,20.0,,,,,19.0,42.0,27.0,25.0,32.0,,,,,,,,,,,,,,,,,10.0,,,,,,,,,25.0,,,,,,,,,,,,,27.0,27.0,15.0,,,,80.0,75.0,52.0,47.0,49.0,37.0,,,,,,,,,,,,,,,,,,,,,,,,,,,80.0,85.0,,74.0,82.0,,,,52.0,67.0,67.0,32.0,32.0,,,,,54.0,75.0,62.0,32.0,32.0,29.0,,,,19.0,24.0,24.0,,,,25.0,39.0,,,7.0,12.0,,,,,,,,,,,,60.0,34.0,,15.0,17.0,,,,,32.0,52.0,52.0,27.0,27.0,29.0,,,,,,,,,,,,,,,,17.0,54.0,,,44.0,42.0,,,,25.0,47.0,45.0,20.0,20.0,,,,,,,,,,,,,29.0,42.0,,,32.0,,27.0,42.0,15.0,,,27.0,34.0
268,809.4707028865814,B2-01,R1,1,2,22.0,,29.0,,,,,,,,,25.0,,,,,,45.0,17.0,,,,,,17.0,10.0,7.0,15.0,19.0,,15.0,15.0,15.0,37.0,32.0,35.0,35.0,39.0,40.0,14.0,14.0,19.0,37.0,42.0,42.0,17.0,17.0,24.0,,,,,,,,,,,,,,,,,34.0,,,,,,,,25.0,34.0,29.0,29.0,30.0,,,,,,,,,,,,,,,,,,,,17.0,,,,,,,10.0,,,,,,,,,,,,,,,,,,64.0,74.0,70.0,50.0,62.0,,24.0,22.0,22.0,,,24.0,,,,,,,,,,,,,,27.0,,,,,,,20.0,80.0,82.0,53.0,55.0,,,,52.0,44.0,64.0,14.0,14.0,,,,,40.0,,54.0,32.0,32.0,,17.0,,,,,,,,,35.0,,24.0,,,,,,,,,,,,,,,50.0,50.0,40.0,17.0,19.0,,,,,40.0,,30.0,22.0,22.0,22.0,,,,,,,,,,,,,,,,,42.0,,,34.0,32.0,,,,72.0,65.0,60.0,27.0,27.0,,,,,,,,12.0,,,10.0,,34.0,44.0,,34.0,29.0,,,40.0,19.0,,,,40.0
269,815.2113316059113,B2-01,R1,1,3,24.0,,19.0,,,,,,,,,,,,24.0,,,52.0,32.0,,,45.0,,35.0,34.0,9.0,10.0,19.0,24.0,,10.0,24.0,25.0,29.0,,,30.0,12.0,24.0,27.0,29.0,29.0,40.0,39.0,39.0,,,,32.0,30.0,30.0,,,,,,17.0,17.0,29.0,32.0,,,,,29.0,,,,,,,,19.0,42.0,27.0,25.0,32.0,,,,,,,,,,,,,,,,,,,,,,,,,,,,,,,,,,,,,,,27.0,27.0,,,,,72.0,79.0,79.0,45.0,45.0,37.0,,,,,,,,,,,,,,,,,,,,,,,,,,,12.0,82.0,82.0,77.0,75.0,,,,52.0,67.0,67.0,15.0,15.0,,,,,54.0,75.0,62.0,24.0,24.0,29.0,,,,,24.0,,,,,,39.0,,,,,,,,,,,,,,,,47.0,47.0,,15.0,14.0,,,,,32.0,52.0,39.0,22.0,22.0,22.0,,,,,,,,,,,,,,35.0,24.0,17.0,40.0,,,34.0,35.0,,,,50.0,47.0,47.0,15.0,19.0,,,,,,,,,,,,,29.0,40.0,,,39.0,,27.0,39.0,22.0,,,,
270,815.7857298851013,B2-01,R1,1,2,22.0,,29.0,,,,,,,,,,,,32.0,34.0,,12.0,17.0,,,,24.0,,17.0,10.0,7.0,15.0,19.0,,15.0,15.0,15.0,37.0,32.0,32.0,30.0,39.0,40.0,14.0,14.0,19.0,29.0,34.0,42.0,17.0,17.0,24.0,,,,,15.0,,,,,17.0,,,,,,,30.0,29.0,29.0,,,17.0,,,25.0,35.0,29.0,29.0,30.0,,,,,,,,,,,,,,,,,,,,17.0,,,,,,,10.0,,,,,,,,,,,,24.0,22.0,,,,,67.0,75.0,75.0,47.0,47.0,,24.0,24.0,25.0,29.0,,24.0,,,,,,,,,,,,,,27.0,,,,5.0,,,75.0,80.0,82.0,69.0,67.0,,,,44.0,57.0,57.0,19.0,20.0,,,,,49.0,,54.0,19.0,17.0,,12.0,,,,,,,,,35.0,,24.0,,,,,,,,,,,,,,,50.0,54.0,54.0,22.0,20.0,,,,,40.0,,60.0,22.0,22.0,22.0,,,,,,,,5.0,,,,,,,,,35.0,,,54.0,55.0,,,,50.0,65.0,60.0,19.0,20.0,,,,,,,,12.0,,,10.0,,34.0,44.0,,34.0,29.0,,,42.0,19.0,,,,42.0
271,821.4681520462036,B2-01,R1,1,3,24.0,,19.0,,,,,,,,,,,,24.0,,,52.0,32.0,,,45.0,,35.0,34.0,9.0,10.0,19.0,24.0,,10.0,24.0,25.0,29.0,,,30.0,12.0,24.0,27.0,29.0,29.0,40.0,39.0,39.0,,,,32.0,30.0,30.0,,,,,,17.0,17.0,29.0,32.0,,,,,29.0,,,,,,,,19.0,42.0,27.0,25.0,32.0,,,,,,,,,,,,,,,,,,,,,,,,,,,,,,,,,,,,,,,27.0,27.0,,,,,72.0,79.0,79.0,45.0,45.0,37.0,,,,,,,,,,,,,,,,,,,,,,,,,,,12.0,82.0,82.0,72.0,75.0,,,,52.0,67.0,67.0,15.0,15.0,,,,,54.0,75.0,62.0,24.0,24.0,29.0,,,,,24.0,,,,,,39.0,,,,,,,,,,,,,,,,47.0,47.0,,15.0,14.0,,,,,32.0,52.0,39.0,22.0,22.0,22.0,,,,,,,,,,,,,,35.0,24.0,17.0,40.0,,,34.0,35.0,,,,50.0,47.0,47.0,15.0,19.0,,,,,,,,,,,,,29.0,40.0,,,39.0,,27.0,39.0,22.0,,,,
272,822.075733423233,B2-01,R1,1,2,22.0,,29.0,,,,,,,,,,,,32.0,34.0,,12.0,17.0,,,,24.0,,17.0,10.0,7.0,15.0,19.0,,15.0,15.0,15.0,37.0,32.0,32.0,30.0,39.0,40.0,14.0,14.0,19.0,29.0,34.0,42.0,17.0,17.0,24.0,,,,,15.0,,,,,17.0,,,,,,,30.0,29.0,29.0,,,17.0,,,25.0,35.0,29.0,29.0,30.0,,,,,,,,,,,,,,,,,,,,17.0,,,,,,,10.0,,,,,,,,,,,,24.0,22.0,,,,,67.0,75.0,75.0,47.0,47.0,,24.0,24.0,25.0,29.0,,24.0,,,,,,,,,,,,,,27.0,,,,5.0,,,75.0,80.0,82.0,60.0,67.0,,,,44.0,57.0,57.0,19.0,20.0,,,,,49.0,,54.0,19.0,17.0,,12.0,,,,,,,,,35.0,,24.0,,,,,,,,,,,,,,,50.0,54.0,54.0,22.0,20.0,,,,,40.0,,60.0,22.0,22.0,22.0,,,,,,,,5.0,,,,,,,,,35.0,,,54.0,55.0,,,,50.0,65.0,60.0,19.0,20.0,,,,,,,,12.0,,,10.0,,34.0,44.0,,34.0,29.0,,,42.0,19.0,,,,42.0
273,824.090428352356,B2-01,R1,1,3,27.0,,19.0,,,,,,,,,,,,20.0,,,57.0,34.0,,,54.0,,34.0,34.0,,,12.0,14.0,,12.0,12.0,14.0,27.0,,,,12.0,10.0,15.0,15.0,29.0,52.0,49.0,49.0,,,,,,,,,,,,17.0,19.0,29.0,32.0,,,,,27.0,22.0,,,,,,,19.0,30.0,32.0,25.0,32.0,,,,,,,,,,,,,,,,,14.0,19.0,,,,,,,20.0,,,,,,,,,,,,,,30.0,30.0,29.0,,,,62.0,77.0,77.0,47.0,47.0,47.0,,,,,,,,,,,,,,,,,,,,,34.0,,,,,,100.0,95.0,95.0,84.0,84.0,,,,59.0,67.0,67.0,29.0,29.0,,,,,52.0,64.0,62.0,29.0,29.0,,,,,,22.0,22.0,,,,,39.0,,,,,,,,,,,,,,,,54.0,49.0,,15.0,19.0,,,,,32.0,52.0,50.0,29.0,29.0,27.0,,,,,,,,,,,,,,35.0,24.0,17.0,35.0,,,34.0,35.0,,,,50.0,37.0,37.0,24.0,24.0,,,,,,,,,,,,,37.0,39.0,,35.0,39.0,,27.0,39.0,22.0,,,35.0,39.0
274,824.7131540775299,B2-01,R1,1,2,22.0,,29.0,,,,,,,,,,,,22.0,34.0,,12.0,12.0,,,,24.0,,,10.0,7.0,15.0,19.0,,15.0,15.0,15.0,22.0,32.0,32.0,30.0,22.0,40.0,15.0,14.0,19.0,42.0,39.0,39.0,17.0,17.0,,,,,,15.0,,,,,17.0,,,,,,,32.0,29.0,29.0,27.0,,17.0,,,25.0,35.0,30.0,24.0,30.0,,,,,,,,,,,,,,,,,,,,17.0,,,,,,,,,,,,,,,,,,,24.0,22.0,,,,,35.0,75.0,52.0,47.0,54.0,,19.0,24.0,25.0,29.0,,24.0,,,,,,,,,,,,,,29.0,,,,5.0,,,69.0,80.0,82.0,68.0,65.0,,,,44.0,54.0,52.0,19.0,20.0,,,,,42.0,,54.0,22.0,22.0,,12.0,,,,,,,,,35.0,,30.0,,,,,,,,,,,,,,,50.0,54.0,44.0,15.0,15.0,,,,,40.0,,44.0,20.0,20.0,22.0,,,,,,,,5.0,,,,,,,,,40.0,,,49.0,47.0,,,,74.0,67.0,60.0,27.0,27.0,,,,,,,,12.0,,,10.0,,,44.0,,,29.0,,,40.0,,,,,42.0
275,826.7072288990021,B2-01,R1,1,3,27.0,,19.0,,,,,,,,,,,,20.0,,,57.0,34.0,,,54.0,,34.0,34.0,,,12.0,14.0,,12.0,12.0,14.0,27.0,,,,12.0,10.0,15.0,15.0,29.0,52.0,49.0,49.0,,,,,,,,,,,,17.0,19.0,29.0,32.0,,,,,27.0,22.0,,,,,,,19.0,30.0,32.0,25.0,32.0,,,,,,,,,,,,,,,,,14.0,19.0,,,,,,,20.0,,,,,,,,,,,,,,30.0,30.0,29.0,,,,62.0,77.0,77.0,47.0,47.0,47.0,,,,,,,,,,,,,,,,,,,,,34.0,,,,,,100.0,95.0,95.0,73.0,84.0,,,,59.0,67.0,67.0,29.0,29.0,,,,,52.0,64.0,62.0,29.0,29.0,,,,,,22.0,22.0,,,,,39.0,,,,,,,,,,,,,,,,54.0,49.0,,15.0,19.0,,,,,32.0,52.0,50.0,29.0,29.0,27.0,,,,,,,,,,,,,,35.0,24.0,17.0,35.0,,,34.0,35.0,,,,50.0,37.0,37.0,24.0,24.0,,,,,,,,,,,,,37.0,39.0,,35.0,39.0,,27.0,39.0,22.0,,,35.0,39.0
276,830.9869782924652,B2-01,R1,1,2,,,29.0,,,,,,,,,,,,35.0,34.0,,50.0,17.0,,,,22.0,54.0,,,,15.0,19.0,,15.0,15.0,15.0,22.0,32.0,34.0,30.0,30.0,40.0,15.0,14.0,19.0,32.0,37.0,37.0,17.0,17.0,,29.0,,,,15.0,,,,,17.0,,,,,,,29.0,25.0,25.0,27.0,15.0,17.0,,,25.0,35.0,30.0,24.0,,,,,,,,,,,,,,,,,,,,,17.0,,,,,,,,,,,,,,,,,,,24.0,25.0,,,,,75.0,75.0,75.0,45.0,45.0,,19.0,24.0,25.0,29.0,,,,,,,,,,,,,,,,29.0,,,,5.0,,,74.0,80.0,82.0,63.0,69.0,,,,44.0,59.0,55.0,15.0,19.0,,,,,42.0,,54.0,15.0,15.0,,12.0,,,,,,,,,35.0,,30.0,,,,,,,,,,,,,,,64.0,57.0,44.0,22.0,24.0,,,,,,,44.0,20.0,20.0,,,,,,,,,14.0,,,,,,,,,34.0,,,55.0,55.0,,,,52.0,67.0,,17.0,19.0,,,,,,,,12.0,,,10.0,,,44.0,,,,,,44.0,25.0,,,,44.0
277,832.9604299068451,B2-01,R1,1,3,27.0,,19.0,,,,,,,,,,,,22.0,,,59.0,22.0,,,55.0,,27.0,34.0,,,12.0,14.0,,12.0,12.0,14.0,27.0,,,,27.0,10.0,14.0,15.0,29.0,30.0,49.0,34.0,,,,,,,,,,,,17.0,19.0,29.0,30.0,,,,,27.0,22.0,,,,,,,39.0,39.0,42.0,44.0,,,,,,,,,,,,,,,,,,14.0,19.0,,,,,,,20.0,,,,,,,,,,,,,,30.0,30.0,29.0,,,,59.0,70.0,70.0,50.0,50.0,47.0,,,,,,,,,,,,,,,,,,,,30.0,34.0,,,,,,89.0,87.0,87.0,66.0,77.0,,,,59.0,67.0,70.0,30.0,29.0,,,,,52.0,64.0,65.0,29.0,29.0,,14.0,,,,22.0,22.0,,,,25.0,30.0,32.0,,,,,,,,,,,,,,,54.0,49.0,45.0,19.0,20.0,,,,,35.0,42.0,50.0,25.0,25.0,24.0,,,,,,,,,,,,,,35.0,24.0,,35.0,,,34.0,27.0,,,,42.0,37.0,40.0,24.0,24.0,,,,,,,,,,,,,37.0,39.0,,35.0,39.0,,25.0,27.0,22.0,,,35.0,27.0
278,839.2305128574371,B2-01,R1,1,3,27.0,,19.0,,,,,,,,,,,,22.0,,,55.0,22.0,,,37.0,,27.0,32.0,,,12.0,14.0,,12.0,12.0,14.0,27.0,,,34.0,27.0,10.0,15.0,14.0,29.0,39.0,37.0,37.0,,,,,,,,,,,,17.0,19.0,29.0,30.0,,,,,27.0,22.0,,15.0,,,,,39.0,39.0,34.0,44.0,,,,,,,,,,,,,,,,,,14.0,19.0,,,,,,,20.0,,,,,,,,,,,,,,30.0,30.0,29.0,,,,64.0,75.0,70.0,45.0,45.0,45.0,,,,,,,,,,,,,,,,,,,,25.0,34.0,,,,,,99.0,92.0,87.0,84.0,84.0,,,,67.0,62.0,62.0,27.0,29.0,,,,,52.0,65.0,65.0,27.0,27.0,,14.0,,,,22.0,22.0,,,,25.0,30.0,32.0,,,,,,,,,,,,,,,54.0,49.0,45.0,17.0,15.0,,,,,35.0,42.0,50.0,27.0,29.0,24.0,,,,,,,,,,,,,,35.0,24.0,,40.0,,,34.0,27.0,,,,42.0,37.0,45.0,17.0,24.0,,,,,,,,,,,,,37.0,39.0,,35.0,39.0,,32.0,35.0,22.0,,,35.0,27.0
279,840.8886435031891,B2-01,R1,1,2,,,29.0,,,,,,,,,,,,22.0,34.0,,40.0,7.0,,,,22.0,54.0,52.0,,,15.0,19.0,,15.0,15.0,15.0,22.0,32.0,34.0,30.0,20.0,19.0,15.0,14.0,,37.0,37.0,37.0,,,,29.0,,,,15.0,,,,,17.0,,,,,,,22.0,25.0,25.0,27.0,15.0,17.0,,,25.0,35.0,19.0,24.0,,,,,,,,,,,,,,,,,,,,,,,,,,,,,,,,,,,,,,,,24.0,25.0,,,,,52.0,52.0,75.0,45.0,45.0,,19.0,24.0,25.0,29.0,,,,,,,,,,,,,,,,29.0,,,,5.0,,,65.0,80.0,82.0,64.0,62.0,,,,44.0,59.0,49.0,15.0,19.0,,,,,42.0,,45.0,19.0,20.0,,12.0,,,,,,,,,35.0,,30.0,,,,,,,,,,,,,,,42.0,45.0,44.0,12.0,12.0,,,,,,,44.0,22.0,22.0,,,,,,,,,14.0,,,,,,,,,34.0,,,45.0,47.0,,,,52.0,69.0,,25.0,25.0,,,,,,,,,,,,,,,,,,,,32.0,22.0,,,,32.0
280,843.5092630386353,B2-01,R1,1,2,,,29.0,,,,,,,,,,,,22.0,34.0,,40.0,7.0,,,,22.0,54.0,52.0,,,15.0,19.0,,15.0,15.0,15.0,22.0,32.0,34.0,30.0,20.0,19.0,15.0,14.0,,37.0,37.0,37.0,,,,29.0,,,,15.0,,,,,17.0,,,,,,,22.0,25.0,25.0,27.0,15.0,17.0,,,25.0,35.0,19.0,24.0,,,,,,,,,,,,,,,,,,,,,,,,,,,,,,,,,,,,,,,,24.0,25.0,,,,,52.0,52.0,75.0,45.0,45.0,,19.0,24.0,25.0,29.0,,,,,,,,,,,,,,,,29.0,,,,5.0,,,65.0,80.0,82.0,65.0,62.0,,,,44.0,59.0,49.0,15.0,19.0,,,,,42.0,,45.0,19.0,20.0,,12.0,,,,,,,,,35.0,,30.0,,,,,,,,,,,,,,,42.0,45.0,44.0,12.0,12.0,,,,,,,44.0,22.0,22.0,,,,,,,,,14.0,,,,,,,,,34.0,,,45.0,47.0,,,,52.0,69.0,,25.0,25.0,,,,,,,,,,,,,,,,,,,,32.0,22.0,,,,32.0
281,845.5028467178345,B2-01,R1,1,3,27.0,,19.0,,,,,,,,,,,,22.0,,,55.0,22.0,,,37.0,,27.0,32.0,,,12.0,14.0,,12.0,12.0,14.0,27.0,,,34.0,27.0,10.0,15.0,14.0,29.0,39.0,37.0,37.0,,,,,,,,,,,,17.0,19.0,29.0,30.0,,,,,27.0,22.0,,15.0,,,,,39.0,39.0,34.0,44.0,,,,,,,,,,,,,,,,,,14.0,19.0,,,,,,,20.0,,,,,,,,,,,,,,30.0,30.0,29.0,,,,64.0,75.0,70.0,45.0,45.0,45.0,,,,,,,,,,,,,,,,,,,,25.0,34.0,,,,,,99.0,92.0,87.0,68.0,84.0,,,,67.0,62.0,62.0,27.0,29.0,,,,,52.0,65.0,65.0,27.0,27.0,,14.0,,,,22.0,22.0,,,,25.0,30.0,32.0,,,,,,,,,,,,,,,54.0,49.0,45.0,17.0,15.0,,,,,35.0,42.0,50.0,27.0,29.0,24.0,,,,,,,,,,,,,,35.0,24.0,,40.0,,,34.0,27.0,,,,42.0,37.0,45.0,17.0,24.0,,,,,,,,,,,,,37.0,39.0,,35.0,39.0,,32.0,35.0,22.0,,,35.0,27.0
282,848.1185772418976,B2-01,R1,1,3,27.0,,19.0,,,,,,,,,,,,22.0,37.0,,62.0,30.0,,20.0,37.0,,37.0,32.0,,,12.0,14.0,,12.0,12.0,14.0,20.0,,,24.0,27.0,22.0,15.0,14.0,29.0,45.0,45.0,37.0,,,,,,,,,,,,17.0,19.0,34.0,34.0,,,,,27.0,22.0,,15.0,,,,,39.0,34.0,34.0,44.0,,,,,,,,,,,,,,,,,,14.0,19.0,,,,,,,20.0,,,,,,,,,,,,,27.0,30.0,30.0,25.0,,,,77.0,77.0,70.0,45.0,45.0,45.0,,,,,,,,,,,,,,,,,,,,25.0,34.0,,,,,,99.0,92.0,87.0,60.0,60.0,,,,52.0,65.0,62.0,32.0,32.0,,,,,44.0,75.0,65.0,29.0,29.0,,14.0,,,,22.0,22.0,,,,25.0,37.0,37.0,,,,,,,,,,,,,,,45.0,45.0,45.0,17.0,19.0,,,,,37.0,40.0,39.0,22.0,22.0,24.0,,,,,,,,,,,,,,35.0,24.0,,25.0,,,32.0,32.0,,,,55.0,37.0,45.0,14.0,24.0,,,,,,,,,,,,,37.0,34.0,,30.0,30.0,,27.0,32.0,22.0,,,29.0,27.0
283,849.8249523639679,B2-01,R1,1,2,,,29.0,,,,,,,,,,,,35.0,35.0,,54.0,15.0,,,,24.0,50.0,50.0,,,,,,,,,22.0,32.0,34.0,32.0,32.0,30.0,15.0,14.0,,37.0,37.0,37.0,,,,29.0,,,,15.0,,,,,17.0,,,,,,,22.0,32.0,30.0,27.0,17.0,17.0,,,27.0,35.0,19.0,24.0,,,,,,,,,,,,,,,,,,,17.0,,,,,,,,,,,,,,,,,,,,,24.0,25.0,,,,,62.0,74.0,69.0,52.0,52.0,,19.0,24.0,25.0,29.0,,,,,,,,,,,,,,,,29.0,,,,5.0,,,74.0,,,63.0,67.0,,,,44.0,59.0,45.0,14.0,14.0,,,,,42.0,,45.0,15.0,12.0,,12.0,,,,,,,,,,,30.0,,,,,,,,,,,,,,,42.0,45.0,44.0,22.0,22.0,,,,,,60.0,60.0,22.0,22.0,,,,,,,,,14.0,,,,,,,,,37.0,,,55.0,52.0,,,,47.0,69.0,,20.0,20.0,,,,,,,,,,,,,,42.0,,,,,,40.0,22.0,,,,40.0
284,850.749666929245,B2-01,R1,1,3,27.0,,19.0,,,,,,,,,,,,22.0,37.0,,62.0,30.0,,20.0,37.0,,37.0,32.0,,,12.0,14.0,,12.0,12.0,14.0,20.0,,,24.0,27.0,22.0,15.0,14.0,29.0,45.0,45.0,37.0,,,,,,,,,,,,17.0,19.0,34.0,34.0,,,,,27.0,22.0,,15.0,,,,,39.0,34.0,34.0,44.0,,,,,,,,,,,,,,,,,,14.0,19.0,,,,,,,20.0,,,,,,,,,,,,,27.0,30.0,30.0,25.0,,,,77.0,77.0,70.0,45.0,45.0,45.0,,,,,,,,,,,,,,,,,,,,25.0,34.0,,,,,,99.0,92.0,87.0,74.0,60.0,,,,52.0,65.0,62.0,32.0,32.0,,,,,44.0,75.0,65.0,29.0,29.0,,14.0,,,,22.0,22.0,,,,25.0,37.0,37.0,,,,,,,,,,,,,,,45.0,45.0,45.0,17.0,19.0,,,,,37.0,40.0,39.0,22.0,22.0,24.0,,,,,,,,,,,,,,35.0,24.0,,25.0,,,32.0,32.0,,,,55.0,37.0,45.0,14.0,24.0,,,,,,,,,,,,,37.0,34.0,,30.0,30.0,,27.0,32.0,22.0,,,29.0,27.0
285,856.0676972866058,B2-01,R1,1,2,,,29.0,,,,,,,,,,,,25.0,24.0,,37.0,7.0,,,,24.0,50.0,50.0,,,,,,,,,20.0,32.0,34.0,25.0,19.0,30.0,15.0,14.0,,35.0,34.0,34.0,,,,29.0,32.0,34.0,,,,,,,,,,,,,,27.0,32.0,30.0,24.0,17.0,,,,27.0,,19.0,24.0,,,,,,,,,,,,,,,,,,,17.0,,,,,,,,,,,,,,,,,,,,,,25.0,,,,,39.0,50.0,52.0,52.0,54.0,,19.0,,,22.0,,,,,,,,,,,,,,,,29.0,,,,,,,54.0,,,62.0,60.0,,,,,59.0,45.0,14.0,14.0,,,,,42.0,,49.0,15.0,15.0,,,,,,,,,,,32.0,,30.0,,,,,,,,,,,,,,,42.0,45.0,44.0,19.0,17.0,,,,,37.0,42.0,42.0,19.0,19.0,19.0,,,,,,,,14.0,,,,,,,,,39.0,,,44.0,44.0,,,,77.0,69.0,69.0,29.0,27.0,,,,,,,,,,,,,,35.0,,,,,,35.0,22.0,,,,34.0
286,857.0027253627777,B2-01,R1,1,3,27.0,,22.0,,,,,,,,,,,,22.0,37.0,,62.0,25.0,,20.0,37.0,,37.0,32.0,,,12.0,14.0,,12.0,12.0,14.0,20.0,,24.0,24.0,27.0,22.0,15.0,14.0,,45.0,45.0,37.0,,,,,,,,,,,17.0,19.0,19.0,34.0,34.0,,,,,27.0,22.0,,15.0,,,,,29.0,40.0,34.0,24.0,,,,,,,,,,,,,,,,,,14.0,19.0,,,,,,,20.0,,,,,,,,,,,,,27.0,30.0,30.0,25.0,,,,77.0,75.0,70.0,47.0,47.0,47.0,,,,,,,,,,,,,,,,,,,,25.0,27.0,,,,,,75.0,92.0,87.0,63.0,74.0,,,,52.0,65.0,62.0,32.0,32.0,,,,,44.0,75.0,65.0,24.0,24.0,,14.0,,,,22.0,22.0,,,,25.0,37.0,37.0,,,,,,,,,,,,,,,45.0,45.0,45.0,32.0,30.0,,,,,37.0,45.0,45.0,27.0,27.0,24.0,,,,,,,,,,,,,,,,,25.0,,,32.0,32.0,,,,49.0,37.0,45.0,14.0,24.0,,,,,,,,,,,,,20.0,34.0,,30.0,30.0,,27.0,32.0,,,,29.0,47.0
287,863.2393476963043,B2-01,R1,1,3,,,22.0,,,,,,,,,,,,17.0,32.0,,49.0,10.0,,15.0,35.0,,37.0,15.0,,,,,,,,,20.0,,24.0,19.0,27.0,22.0,15.0,14.0,,39.0,45.0,45.0,,,,,,,,,,,17.0,19.0,19.0,34.0,34.0,,,,,,,,15.0,,,,,29.0,40.0,32.0,34.0,,,,,,,,,,,,,,,,,,,19.0,,,,,,,,,,,,,,,,,,,,27.0,,32.0,20.0,,,,72.0,72.0,74.0,37.0,37.0,47.0,,,,,,,,,,,,,,,,,,,,25.0,27.0,,,,,,89.0,87.0,87.0,62.0,62.0,,,,67.0,64.0,64.0,32.0,34.0,,,,,50.0,57.0,57.0,27.0,29.0,,14.0,,,,,,,,,37.0,37.0,37.0,,,,,,,,,,,,,,,45.0,45.0,45.0,17.0,17.0,,,,,22.0,45.0,45.0,14.0,14.0,24.0,,,,,,,,,,,,,,,,,25.0,,,19.0,32.0,,,,52.0,44.0,44.0,15.0,,,,,,,,,,,,,,20.0,24.0,,30.0,30.0,,27.0,24.0,,,,29.0,47.0
288,865.9418997764587,B2-01,R1,1,2,,,29.0,,,,,,,,,,,,35.0,24.0,,37.0,17.0,,,,24.0,50.0,54.0,,,,,,12.0,12.0,15.0,32.0,34.0,32.0,25.0,19.0,30.0,,,,37.0,37.0,37.0,,,,29.0,32.0,34.0,,,,,,,,,,,,,,27.0,32.0,30.0,30.0,17.0,15.0,,,24.0,,25.0,24.0,,,,,,,,,,,,,,,,,,,5.0,,,,,,,,,,,,,,,,,,,,,,27.0,,,,,39.0,50.0,75.0,45.0,54.0,,30.0,25.0,,29.0,,,,,,,,,,,,,,,,,,,,,,,75.0,,,69.0,69.0,,,,42.0,59.0,52.0,15.0,12.0,,,,,39.0,,49.0,17.0,17.0,,15.0,,,,19.0,,,,,32.0,,,,,,,,,,,,,,,,,57.0,57.0,,20.0,22.0,,,,,57.0,42.0,42.0,19.0,19.0,19.0,,,,,,,,14.0,,,,,,,,,39.0,,,52.0,52.0,,,,50.0,57.0,57.0,29.0,27.0,,,,,,,,17.0,,,,,,45.0,,,,,,45.0,25.0,,,,34.0
289,868.5567507743835,B2-01,R1,1,2,,,29.0,,,,,,,,,,,,35.0,24.0,,37.0,17.0,,,,24.0,50.0,54.0,,,,,,12.0,12.0,15.0,32.0,34.0,32.0,25.0,19.0,30.0,,,,37.0,37.0,37.0,,,,29.0,32.0,34.0,,,,,,,,,,,,,,27.0,32.0,30.0,30.0,17.0,15.0,,,24.0,,25.0,24.0,,,,,,,,,,,,,,,,,,,5.0,,,,,,,,,,,,,,,,,,,,,,27.0,,,,,39.0,50.0,75.0,45.0,54.0,,30.0,25.0,,29.0,,,,,,,,,,,,,,,,,,,,,,,75.0,,,66.0,69.0,,,,42.0,59.0,52.0,15.0,12.0,,,,,39.0,,49.0,17.0,17.0,,15.0,,,,19.0,,,,,32.0,,,,,,,,,,,,,,,,,57.0,57.0,,20.0,22.0,,,,,57.0,42.0,42.0,19.0,19.0,19.0,,,,,,,,14.0,,,,,,,,,39.0,,,52.0,52.0,,,,50.0,57.0,57.0,29.0,27.0,,,,,,,,17.0,,,,,,45.0,,,,,,45.0,25.0,,,,34.0
290,869.4956679344177,B2-01,R1,1,3,,,22.0,,,,,,,,,,,,17.0,32.0,,49.0,10.0,,15.0,35.0,,37.0,15.0,,,,,,,,,20.0,,24.0,19.0,27.0,22.0,15.0,14.0,,39.0,45.0,45.0,,,,,,,,,,,17.0,19.0,19.0,34.0,34.0,,,,,,,,15.0,,,,,29.0,40.0,32.0,34.0,,,,,,,,,,,,,,,,,,,19.0,,,,,,,,,,,,,,,,,,,,27.0,,32.0,20.0,,,,72.0,72.0,74.0,37.0,37.0,47.0,,,,,,,,,,,,,,,,,,,,25.0,27.0,,,,,,89.0,87.0,87.0,69.0,62.0,,,,67.0,64.0,64.0,32.0,34.0,,,,,50.0,57.0,57.0,27.0,29.0,,14.0,,,,,,,,,37.0,37.0,37.0,,,,,,,,,,,,,,,45.0,45.0,45.0,17.0,17.0,,,,,22.0,45.0,45.0,14.0,14.0,24.0,,,,,,,,,,,,,,,,,25.0,,,19.0,32.0,,,,52.0,44.0,44.0,15.0,,,,,,,,,,,,,,20.0,24.0,,30.0,30.0,,27.0,24.0,,,,29.0,47.0
291,871.208783864975,B2-01,R1,1,2,,,29.0,,,,,,,,,,,,35.0,24.0,,45.0,9.0,,,,24.0,50.0,54.0,,,,,,12.0,12.0,15.0,24.0,34.0,32.0,25.0,19.0,30.0,,,,37.0,37.0,37.0,,,,29.0,32.0,34.0,,,,,,,,,,,,,,25.0,32.0,30.0,30.0,17.0,15.0,,,24.0,,25.0,24.0,,,,,,,,,,,,,,,,,,,5.0,,,,,,,,,,,,,,,,,,,,,,27.0,,,,,39.0,50.0,54.0,52.0,52.0,,30.0,25.0,,29.0,,,,,,,,,,,,,,,,29.0,,,,,,,75.0,74.0,,65.0,65.0,,,,30.0,50.0,52.0,15.0,12.0,,,,,49.0,47.0,49.0,17.0,20.0,,15.0,,,,19.0,,,,,32.0,,,,,,,,,,,,,,,,,57.0,57.0,44.0,17.0,14.0,,,,,57.0,42.0,42.0,24.0,24.0,24.0,,,,,,,,,,,,,,,,,39.0,,,49.0,49.0,,,,67.0,57.0,57.0,27.0,25.0,,,,,,,,17.0,,,,,,45.0,,,,,,45.0,25.0,,,,34.0
292,872.1171231269836,B2-01,R1,1,3,,,22.0,,,,,,,,,,,,25.0,32.0,,49.0,35.0,,15.0,54.0,,37.0,15.0,,,,,,10.0,10.0,10.0,20.0,24.0,24.0,32.0,29.0,22.0,15.0,14.0,,39.0,45.0,30.0,,,,,,,,,,,17.0,19.0,19.0,34.0,34.0,,,,,,,,15.0,,,,,29.0,40.0,34.0,34.0,,,,,,,,,,,,,,,,,,,19.0,,,,,,,,,,,,,,,,,,,,27.0,,27.0,20.0,,,,64.0,82.0,82.0,39.0,39.0,39.0,,,,5.0,,,,,,,,,,,,,,,,25.0,27.0,,,,,,99.0,87.0,87.0,62.0,72.0,,,,67.0,67.0,64.0,34.0,34.0,,,,,62.0,57.0,57.0,29.0,29.0,,,,,,,,,,,44.0,37.0,35.0,,,,,,,,,,,,,,,59.0,54.0,,17.0,17.0,,,,,22.0,45.0,42.0,29.0,27.0,,,,,,,,,,,,,,,,,,39.0,,,19.0,32.0,,,,49.0,55.0,54.0,20.0,20.0,19.0,,,,,,,,,,,,17.0,37.0,,30.0,40.0,,27.0,24.0,24.0,,,29.0,37.0
293,873.8753144741058,B2-01,R1,1,2,,,29.0,,,,,,,,,,,,35.0,24.0,,45.0,9.0,,,,24.0,50.0,54.0,,,,,,12.0,12.0,15.0,24.0,34.0,32.0,25.0,19.0,30.0,,,,37.0,37.0,37.0,,,,29.0,32.0,34.0,,,,,,,,,,,,,,25.0,32.0,30.0,30.0,17.0,15.0,,,24.0,,25.0,24.0,,,,,,,,,,,,,,,,,,,5.0,,,,,,,,,,,,,,,,,,,,,,27.0,,,,,39.0,50.0,54.0,52.0,52.0,,30.0,25.0,,29.0,,,,,,,,,,,,,,,,29.0,,,,,,,75.0,74.0,,63.0,65.0,,,,30.0,50.0,52.0,15.0,12.0,,,,,49.0,47.0,49.0,17.0,20.0,,15.0,,,,19.0,,,,,32.0,,,,,,,,,,,,,,,,,57.0,57.0,44.0,17.0,14.0,,,,,57.0,42.0,42.0,24.0,24.0,24.0,,,,,,,,,,,,,,,,,39.0,,,49.0,49.0,,,,67.0,57.0,57.0,27.0,25.0,,,,,,,,17.0,,,,,,45.0,,,,,,45.0,25.0,,,,34.0
294,874.753723859787,B2-01,R1,1,3,,,22.0,,,,,,,,,,,,25.0,32.0,,49.0,35.0,,15.0,54.0,,37.0,15.0,,,,,,10.0,10.0,10.0,20.0,24.0,24.0,32.0,29.0,22.0,15.0,14.0,,39.0,45.0,30.0,,,,,,,,,,,17.0,19.0,19.0,34.0,34.0,,,,,,,,15.0,,,,,29.0,40.0,34.0,34.0,,,,,,,,,,,,,,,,,,,19.0,,,,,,,,,,,,,,,,,,,,27.0,,27.0,20.0,,,,64.0,82.0,82.0,39.0,39.0,39.0,,,,5.0,,,,,,,,,,,,,,,,25.0,27.0,,,,,,99.0,87.0,87.0,68.0,72.0,,,,67.0,67.0,64.0,34.0,34.0,,,,,62.0,57.0,57.0,29.0,29.0,,,,,,,,,,,44.0,37.0,35.0,,,,,,,,,,,,,,,59.0,54.0,,17.0,17.0,,,,,22.0,45.0,42.0,29.0,27.0,,,,,,,,,,,,,,,,,,39.0,,,19.0,32.0,,,,49.0,55.0,54.0,20.0,20.0,19.0,,,,,,,,,,,,17.0,37.0,,30.0,40.0,,27.0,24.0,24.0,,,29.0,37.0
295,880.1556713581085,B2-01,R1,1,2,,,24.0,,,,,,,,,,,,39.0,24.0,,50.0,19.0,,,,25.0,50.0,54.0,,,,,,12.0,12.0,15.0,25.0,34.0,34.0,27.0,19.0,30.0,,,,29.0,39.0,37.0,,,,29.0,32.0,34.0,,,,,,,10.0,,,,,,,25.0,32.0,30.0,27.0,17.0,14.0,,,24.0,,25.0,24.0,,,,,,,,,,,,,,,,,,,5.0,,,,,,,,,,,,,,,,,,,,,24.0,24.0,17.0,,,,67.0,74.0,74.0,52.0,47.0,,27.0,27.0,,29.0,,32.0,,,,,,,,,,,,,,29.0,,,,,,,87.0,74.0,,74.0,74.0,,,,30.0,50.0,52.0,14.0,12.0,,,,,49.0,47.0,49.0,14.0,14.0,,15.0,,,,19.0,,,,,32.0,,,,,,,19.0,,,,,,,,,,65.0,57.0,44.0,20.0,20.0,,,,,57.0,62.0,62.0,24.0,24.0,24.0,,,,,,,,,,,,,,,,,39.0,,,49.0,52.0,,,,50.0,57.0,57.0,20.0,20.0,,,,,,,,17.0,,,,,,42.0,,,44.0,,,45.0,27.0,,,,44.0
296,881.0093288421631,B2-01,R1,1,3,,,22.0,,,,,,,,,,,,22.0,37.0,,47.0,12.0,,15.0,30.0,,37.0,15.0,,,,,,10.0,10.0,10.0,20.0,24.0,24.0,32.0,29.0,22.0,,,,32.0,45.0,45.0,,,,,,,,,,,17.0,19.0,24.0,34.0,29.0,,,,,,,,,,,,,29.0,40.0,30.0,34.0,,,,,,,,,,,,,,,,,,,19.0,,,,,,,,,,,,,,,,,,,,27.0,,30.0,19.0,,,,70.0,65.0,65.0,32.0,39.0,39.0,,,,5.0,,,,,,,,,,,,,,,,25.0,27.0,,,,,,90.0,89.0,89.0,52.0,54.0,,,,64.0,65.0,65.0,34.0,34.0,,,,,62.0,57.0,55.0,24.0,24.0,,,,,,,,,,,44.0,37.0,35.0,,,,,,,,,,,,,,,50.0,42.0,,12.0,12.0,,,,,22.0,32.0,32.0,29.0,12.0,,,,,,,,,,,,,,,,,,22.0,,,29.0,32.0,,,,50.0,45.0,45.0,19.0,20.0,19.0,,,,,,,,,,,,17.0,37.0,,30.0,40.0,,27.0,24.0,24.0,,,29.0,37.0
297,887.2426285743713,B2-01,R1,1,3,,,24.0,,,,,,,,,,,,22.0,37.0,,60.0,34.0,,15.0,30.0,,34.0,35.0,,,,,,12.0,15.0,12.0,,24.0,20.0,32.0,29.0,,,,,32.0,29.0,45.0,,,,,,,,,,,17.0,19.0,24.0,24.0,29.0,,,,,,,,,,,,,29.0,40.0,39.0,42.0,,,,,,,,,,,,,,,,,,,19.0,,,,,,,,,,,,,,,,,,,,,,30.0,12.0,,,,55.0,80.0,80.0,40.0,40.0,39.0,,,,12.0,,14.0,,,,,,,,,,,,,,25.0,29.0,,,,,,99.0,90.0,92.0,72.0,54.0,,,,64.0,65.0,65.0,34.0,34.0,,,,,62.0,57.0,55.0,29.0,29.0,,,,,,,,,,,44.0,,35.0,,,,,,,,,,,,,,,55.0,50.0,50.0,15.0,15.0,,,,,39.0,42.0,42.0,25.0,27.0,,,,,,,,,,,,,,,,,,22.0,,,29.0,,,,,59.0,57.0,55.0,22.0,19.0,19.0,,,,,,,,,,,,17.0,37.0,,,37.0,,,24.0,24.0,,,,37.0
298,893.4683039188385,B2-01,R1,1,3,,,24.0,,,,,,,,,,,,22.0,37.0,,60.0,34.0,,15.0,30.0,,34.0,35.0,,,,,,12.0,15.0,12.0,,24.0,20.0,32.0,29.0,,,,,32.0,29.0,45.0,,,,,,,,,,,17.0,19.0,24.0,24.0,29.0,,,,,,,,,,,,,29.0,40.0,39.0,42.0,,,,,,,,,,,,,,,,,,,19.0,,,,,,,,,,,,,,,,,,,,,,30.0,12.0,,,,55.0,80.0,80.0,40.0,40.0,39.0,,,,12.0,,14.0,,,,,,,,,,,,,,25.0,29.0,,,,,,99.0,90.0,92.0,67.0,54.0,,,,64.0,65.0,65.0,34.0,34.0,,,,,62.0,57.0,55.0,29.0,29.0,,,,,,,,,,,44.0,,35.0,,,,,,,,,,,,,,,55.0,50.0,50.0,15.0,15.0,,,,,39.0,42.0,42.0,25.0,27.0,,,,,,,,,,,,,,,,,,22.0,,,29.0,,,,,59.0,57.0,55.0,22.0,19.0,19.0,,,,,,,,,,,,17.0,37.0,,,37.0,,,24.0,24.0,,,,37.0
299,896.0912945270538,B2-01,R1,1,3,,,24.0,,,,,,,,,,,,22.0,37.0,,47.0,14.0,,15.0,30.0,,34.0,35.0,,,,,,12.0,15.0,12.0,,24.0,20.0,32.0,29.0,,15.0,15.0,,30.0,44.0,44.0,,,,,,,,,,,,19.0,24.0,24.0,29.0,,,,,,,,15.0,,,,,37.0,35.0,34.0,40.0,,,,,,,,,,,,,,,,,,,,,,,,,,,,,,,,,,,,,,,,,29.0,12.0,,,,65.0,65.0,65.0,34.0,34.0,39.0,,,,12.0,,14.0,,,,,,,,,,,,,,27.0,29.0,,,,,,74.0,90.0,92.0,55.0,55.0,,,,64.0,64.0,65.0,30.0,32.0,,,,,50.0,55.0,55.0,27.0,27.0,,,,,,,,,,,44.0,,27.0,,,,,,,,,,,,,,,47.0,44.0,50.0,15.0,15.0,,,,,39.0,42.0,32.0,15.0,19.0,,,,,,,,,,,,,,,,,,25.0,,,29.0,24.0,,,,47.0,45.0,45.0,17.0,15.0,19.0,,,,,,,,,,,,17.0,37.0,,,37.0,,,24.0,24.0,,,,24.0
300,913.3454155921936,B2-01,R1,1,4,,,24.0,,,,,,,,,29.0,,,22.0,37.0,,62.0,35.0,,15.0,30.0,,37.0,37.0,,,,,,12.0,15.0,12.0,30.0,22.0,20.0,32.0,29.0,29.0,15.0,15.0,,30.0,44.0,44.0,,,,,,,,,,,,15.0,24.0,24.0,22.0,,,,,22.0,,,15.0,,,,,39.0,35.0,35.0,37.0,,,,,,,,,,,,,,,,,,,,,,,,,,,24.0,,,,,,,,,,,,,27.0,25.0,12.0,,,,62.0,82.0,80.0,39.0,40.0,39.0,,,,12.0,12.0,14.0,,,,,,,,,,,,,,27.0,27.0,,,,,,97.0,90.0,90.0,85.0,75.0,,,,64.0,64.0,65.0,24.0,22.0,,,,,59.0,55.0,55.0,32.0,32.0,,12.0,,,,22.0,,,,,29.0,,27.0,,,,,,,,,,,,,,,57.0,44.0,50.0,15.0,17.0,,,,,37.0,42.0,42.0,25.0,25.0,,,,,,,,,,,,,,,,,,25.0,,,32.0,44.0,,,,57.0,54.0,54.0,17.0,15.0,19.0,,,,,,,,,,,,17.0,37.0,,,37.0,,,37.0,24.0,,,,37.0
301,915.3647701740264,B2-01,R1,1,3,,,32.0,,,,,,,,,17.0,,,20.0,,,59.0,20.0,,,,25.0,29.0,54.0,,,,,,12.0,12.0,15.0,30.0,25.0,25.0,34.0,30.0,30.0,17.0,17.0,15.0,37.0,44.0,44.0,,,,,,,,,,,,,19.0,37.0,39.0,,,,,25.0,,,14.0,,14.0,,,30.0,39.0,34.0,32.0,,,,,,,,,,,,,,,,,,,5.0,,,,,,,,,,,,,,,,,,,,,24.0,27.0,22.0,,,,84.0,85.0,87.0,52.0,44.0,,19.0,27.0,,17.0,,32.0,,,,,,,,,,,,,,29.0,25.0,,,,,,97.0,90.0,,87.0,89.0,,,,34.0,65.0,50.0,34.0,35.0,,,,,59.0,62.0,,25.0,25.0,,15.0,,,,19.0,,,,,29.0,,30.0,,,,,19.0,,,,,,,,,,65.0,60.0,45.0,17.0,14.0,,,,,57.0,44.0,42.0,20.0,22.0,24.0,,,,,,,,,,,,,,,,,42.0,,,49.0,49.0,,,,77.0,57.0,57.0,25.0,29.0,,,,,,,,17.0,,,,,,32.0,,,30.0,,,45.0,27.0,,,,32.0
302,915.9648683071136,B2-01,R1,1,4,,,24.0,,,,,,,,,22.0,,,40.0,37.0,,30.0,7.0,,42.0,30.0,,24.0,30.0,,,22.0,24.0,,22.0,22.0,22.0,24.0,22.0,20.0,,24.0,34.0,15.0,15.0,,30.0,44.0,44.0,,,,,,,,,,,,15.0,24.0,24.0,22.0,,,,,22.0,,,15.0,,,,,39.0,35.0,30.0,37.0,,,,,,,,,,,,,,,,,,19.0,,,,,,,,,24.0,,,,,,,,,,,,,27.0,25.0,12.0,,,,35.0,32.0,80.0,25.0,25.0,25.0,,,,12.0,12.0,14.0,,,,,,,,,,,,,,27.0,27.0,,,17.0,,,84.0,90.0,82.0,72.0,82.0,,,,64.0,64.0,45.0,24.0,24.0,,,,,65.0,59.0,59.0,39.0,39.0,,12.0,,,,22.0,,,,,34.0,,27.0,,,12.0,29.0,,,,,,,,,,,37.0,35.0,35.0,15.0,17.0,,,,,42.0,35.0,42.0,25.0,25.0,,,,,,,,,,,,,,,,,,32.0,,,32.0,30.0,,,,57.0,54.0,42.0,15.0,17.0,15.0,,,,,,,,,,,,,37.0,,,37.0,,,37.0,,,,,37.0
303,921.6315593719482,B2-01,R1,1,3,,,32.0,,,,,,,,,17.0,,,20.0,,,59.0,20.0,,,,25.0,29.0,54.0,,,,,,12.0,12.0,15.0,30.0,25.0,25.0,34.0,30.0,30.0,17.0,17.0,15.0,37.0,44.0,44.0,,,,,,,,,,,,,19.0,37.0,39.0,,,,,25.0,,,14.0,,14.0,,,30.0,39.0,34.0,32.0,,,,,,,,,,,,,,,,,,,5.0,,,,,,,,,,,,,,,,,,,,,24.0,27.0,22.0,,,,84.0,85.0,87.0,52.0,44.0,,19.0,27.0,,17.0,,32.0,,,,,,,,,,,,,,29.0,25.0,,,,,,97.0,90.0,,62.0,89.0,,,,34.0,65.0,50.0,34.0,35.0,,,,,59.0,62.0,,25.0,25.0,,15.0,,,,19.0,,,,,29.0,,30.0,,,,,19.0,,,,,,,,,,65.0,60.0,45.0,17.0,14.0,,,,,57.0,44.0,42.0,20.0,22.0,24.0,,,,,,,,,,,,,,,,,42.0,,,49.0,49.0,,,,77.0,57.0,57.0,25.0,29.0,,,,,,,,17.0,,,,,,32.0,,,30.0,,,45.0,27.0,,,,32.0
304,922.2119348049164,B2-01,R1,1,4,,,24.0,,,,,,,,,25.0,,,40.0,,,69.0,27.0,,42.0,,,29.0,32.0,,,19.0,19.0,,17.0,19.0,19.0,32.0,22.0,,34.0,32.0,34.0,15.0,15.0,,42.0,37.0,37.0,,,,,,,,,,,14.0,15.0,,,22.0,,,,,22.0,,,22.0,,,,,39.0,35.0,30.0,37.0,,,,,,,,,,,,,,,,,25.0,19.0,19.0,,,,,,,,24.0,,,,,,,,,,,,,27.0,25.0,12.0,,,,52.0,37.0,80.0,32.0,25.0,25.0,,,,,12.0,,,,,,,,,,,,,,,25.0,27.0,,,17.0,20.0,,92.0,92.0,92.0,95.0,82.0,,,,49.0,64.0,45.0,17.0,19.0,,,,,19.0,59.0,59.0,25.0,24.0,,12.0,,,,15.0,,,,,34.0,,34.0,,,12.0,29.0,,,,,,,,,,,52.0,35.0,35.0,15.0,17.0,,,,,52.0,45.0,42.0,25.0,25.0,,,,,,,,,,,,,,,,,,32.0,,,32.0,19.0,,,,49.0,54.0,42.0,27.0,29.0,15.0,,,27.0,,,,,,,,,,24.0,,,29.0,,,37.0,,,,,24.0
305,927.9028952121736,B2-01,R1,1,3,,,,,,,,,,,,17.0,,,,24.0,,55.0,17.0,,,,,29.0,,,,,,,,,,30.0,25.0,25.0,34.0,30.0,,17.0,17.0,15.0,39.0,37.0,37.0,,,,,,,,,,,,,,37.0,39.0,,,,,,,,17.0,,,,,39.0,39.0,34.0,32.0,,,,,,,,,,,,,,,,,,,,,,,,,,,,,,,,,,,,,,,,,27.0,22.0,,,,64.0,85.0,87.0,40.0,44.0,,,,,,,,,,,,,,,,,,,,,29.0,,,,,,,87.0,82.0,,61.0,67.0,,,,20.0,64.0,64.0,22.0,22.0,,,,,52.0,49.0,50.0,29.0,29.0,,,,,,,,,,,44.0,,,,,,,,,,,,,,,,,65.0,60.0,,19.0,19.0,19.0,,,,,,,19.0,19.0,,,,,,,,,,,,,,,29.0,,,42.0,,,49.0,24.0,,,,44.0,,,25.0,29.0,,,,,,,,,,,,,,25.0,,,30.0,,,,,,,,32.0
306,932.1224479675292,B2-01,R1,1,4,,,24.0,,,,,,,,,25.0,,,27.0,,,74.0,27.0,,42.0,,,25.0,25.0,,,17.0,17.0,,19.0,17.0,17.0,30.0,22.0,,32.0,32.0,30.0,15.0,15.0,,29.0,27.0,25.0,,,,,,,,,,,14.0,15.0,,,22.0,,,,,22.0,,,22.0,,,,,39.0,35.0,30.0,20.0,,,,,,,,,,,,,,,,,25.0,19.0,19.0,,,,,,,,24.0,,,,,,,,,,,,,27.0,25.0,12.0,,,,59.0,50.0,50.0,22.0,22.0,25.0,,,,,12.0,,,,,,,,,,,,,,,25.0,27.0,,,17.0,20.0,,59.0,87.0,87.0,72.0,70.0,,,,50.0,64.0,35.0,29.0,30.0,,,,,52.0,59.0,59.0,29.0,30.0,,12.0,,,,15.0,,,,,25.0,,34.0,,,12.0,29.0,,,,,,,,,,,52.0,35.0,37.0,15.0,17.0,,,,,52.0,45.0,44.0,25.0,25.0,,,,,,,,,,,,,,,,,,44.0,,,24.0,19.0,,,,52.0,54.0,49.0,20.0,19.0,19.0,,,27.0,,,,,,,,,,24.0,,,29.0,,,37.0,,,,,24.0
307,934.1614980697632,B2-01,R1,1,3,,,,,,,,,,,,17.0,,,,24.0,,59.0,12.0,,,,,34.0,35.0,,,,,,,,,30.0,22.0,20.0,27.0,30.0,25.0,14.0,19.0,19.0,32.0,44.0,44.0,,,,,,,,,,,,,,37.0,39.0,,,,,,,,17.0,,,,,39.0,40.0,35.0,37.0,,,,,,,,,,,,,,,,,,,,,,,,,,,,,,,,,,,,,,,,24.0,27.0,22.0,,,,85.0,85.0,85.0,40.0,44.0,,,,,,,,,,,,,,,,,,,,,29.0,,,,,,,90.0,85.0,,71.0,85.0,,,,20.0,64.0,64.0,32.0,34.0,,,,,52.0,49.0,67.0,24.0,22.0,,,,,,,,,,,44.0,34.0,34.0,,,,,,,,,,,,,,,59.0,59.0,,22.0,20.0,19.0,,,,,,,17.0,19.0,,,,,,,,,,,,,,,29.0,,,34.0,,,49.0,37.0,,,,47.0,,,,,,,,,,,,,,,,,,32.0,,24.0,34.0,,,,,,,,32.0
308,934.785994529724,B2-01,R1,1,4,,,24.0,,,,,,,,,25.0,,,27.0,,,74.0,27.0,,42.0,,,25.0,25.0,,,17.0,17.0,,19.0,17.0,17.0,30.0,22.0,,32.0,32.0,30.0,15.0,15.0,,29.0,27.0,25.0,,,,,,,,,,,14.0,15.0,,,22.0,,,,,22.0,,,22.0,,,,,39.0,35.0,30.0,20.0,,,,,,,,,,,,,,,,,25.0,19.0,19.0,,,,,,,,24.0,,,,,,,,,,,,,27.0,25.0,12.0,,,,59.0,50.0,50.0,22.0,22.0,25.0,,,,,12.0,,,,,,,,,,,,,,,25.0,27.0,,,17.0,20.0,,59.0,87.0,87.0,76.0,70.0,,,,50.0,64.0,35.0,29.0,30.0,,,,,52.0,59.0,59.0,29.0,30.0,,12.0,,,,15.0,,,,,25.0,,34.0,,,12.0,29.0,,,,,,,,,,,52.0,35.0,37.0,15.0,17.0,,,,,52.0,45.0,44.0,25.0,25.0,,,,,,,,,,,,,,,,,,44.0,,,24.0,19.0,,,,52.0,54.0,49.0,20.0,19.0,19.0,,,27.0,,,,,,,,,,24.0,,,29.0,,,37.0,,,,,24.0
309,940.4049079418182,B2-01,R1,1,3,,,17.0,,,,,,,,,17.0,,,,32.0,,45.0,19.0,,,,,34.0,35.0,,,,,,,,,30.0,22.0,20.0,27.0,30.0,25.0,12.0,12.0,10.0,42.0,42.0,40.0,,,,,,,,,,,,,,37.0,39.0,,,,,,,,20.0,,,,,39.0,40.0,29.0,37.0,,,,,,,,,,,,,,,,,,,,,,,,,,,,,,,,,,,,,,,,24.0,27.0,15.0,,,,59.0,85.0,85.0,42.0,42.0,,,,,,,,,,,,,,,,,,,,,29.0,,,,,,,87.0,82.0,82.0,60.0,60.0,,,,40.0,64.0,64.0,24.0,24.0,,,,,52.0,49.0,47.0,22.0,22.0,,,,,,,,,,,44.0,35.0,34.0,,,,,,,,,,,,,,,59.0,59.0,,19.0,19.0,19.0,,,,,,27.0,17.0,19.0,,,,,,,,,,,,,,,29.0,,,25.0,,,49.0,24.0,,,,39.0,37.0,39.0,,,,,,,,,,,,,,,,32.0,,24.0,34.0,,,,,,,,32.0
310,941.0706267356873,B2-01,R1,1,4,,,24.0,,,,,,,,,25.0,,,35.0,,,60.0,30.0,,42.0,,,20.0,24.0,,,17.0,17.0,,19.0,10.0,9.0,30.0,22.0,27.0,32.0,12.0,30.0,,,,37.0,34.0,34.0,,,,,,,,,,,14.0,15.0,,,25.0,,,,,22.0,,,22.0,,,,,39.0,35.0,30.0,20.0,,,,,,,,,,,,,,,,,25.0,32.0,19.0,,,,,,,,24.0,,,,,,,,,,,,,27.0,25.0,19.0,,,,50.0,50.0,50.0,44.0,44.0,25.0,,,,,14.0,,,,,,,,,,,,,,,34.0,27.0,,,17.0,20.0,22.0,70.0,87.0,87.0,79.0,92.0,,,,50.0,54.0,54.0,22.0,24.0,,,,,52.0,59.0,59.0,25.0,24.0,,17.0,,,25.0,25.0,27.0,,,,39.0,,37.0,,,22.0,29.0,22.0,,,,,,,,,,52.0,35.0,37.0,14.0,15.0,,,,,52.0,37.0,39.0,19.0,19.0,,,,,,,,,,,,,,,,,,40.0,,,24.0,42.0,,,,59.0,54.0,52.0,25.0,24.0,19.0,,,27.0,,,,,,,,,19.0,29.0,,,29.0,,,37.0,24.0,,,,25.0
311,946.662210702896,B2-01,R1,1,3,,,17.0,,,,,,,,,17.0,,,,32.0,,45.0,19.0,,,,,34.0,35.0,,,,,,,,,30.0,22.0,20.0,27.0,30.0,25.0,12.0,12.0,10.0,42.0,42.0,40.0,,,,,,,,,,,,,,37.0,39.0,,,,,,,,20.0,,,,,39.0,40.0,29.0,37.0,,,,,,,,,,,,,,,,,,,,,,,,,,,,,,,,,,,,,,,,24.0,27.0,15.0,,,,59.0,85.0,85.0,42.0,42.0,,,,,,,,,,,,,,,,,,,,,29.0,,,,,,,87.0,82.0,82.0,62.0,60.0,,,,40.0,64.0,64.0,24.0,24.0,,,,,52.0,49.0,47.0,22.0,22.0,,,,,,,,,,,44.0,35.0,34.0,,,,,,,,,,,,,,,59.0,59.0,,19.0,19.0,19.0,,,,,,27.0,17.0,19.0,,,,,,,,,,,,,,,29.0,,,25.0,,,49.0,24.0,,,,39.0,37.0,39.0,,,,,,,,,,,,,,,,32.0,,24.0,34.0,,,,,,,,32.0
312,947.3442487716676,B2-01,R1,1,4,,,24.0,,,,,,,,,27.0,,24.0,35.0,,,60.0,15.0,,42.0,,,20.0,24.0,,,12.0,14.0,,14.0,14.0,14.0,30.0,,27.0,32.0,12.0,30.0,,,,37.0,29.0,34.0,,,,,,,,,,,14.0,,,,25.0,,,,,,,,22.0,,,,,22.0,,30.0,20.0,,,,,,,,,,,,,,,,,25.0,32.0,19.0,,,,,,,,,,,,,,,,,,,,,,,19.0,,,,35.0,42.0,50.0,35.0,34.0,25.0,,,,,14.0,,,,,,,,,,,,,,,34.0,,,,17.0,20.0,22.0,70.0,87.0,82.0,75.0,75.0,,,,50.0,54.0,54.0,22.0,24.0,,,,,52.0,59.0,59.0,34.0,34.0,,17.0,,,25.0,25.0,27.0,,,,39.0,,37.0,,,22.0,29.0,22.0,,,,,,,,,,52.0,35.0,37.0,14.0,15.0,,,,,39.0,39.0,37.0,19.0,19.0,,,,,,,,,,,,,,,,,,25.0,,,24.0,42.0,,,,49.0,,52.0,20.0,17.0,19.0,,,27.0,,,,,,,,,19.0,29.0,,,29.0,,,,24.0,,,,25.0
313,949.2974619865416,B2-01,R1,1,3,,,17.0,,,,,,,,,17.0,,,,32.0,,60.0,19.0,,,,,22.0,25.0,,,,,,,,,24.0,20.0,20.0,27.0,30.0,25.0,19.0,20.0,20.0,35.0,45.0,45.0,,,,,,,,,,9.0,,,,37.0,39.0,,,,,,,,20.0,,,,,39.0,40.0,29.0,29.0,40.0,,,,,,,,,,,,,,,,,,15.0,,,,,,,,,,,,,,,,,,,,,24.0,27.0,15.0,,,,59.0,85.0,85.0,39.0,39.0,,,,,,,,,,,,,,,,,,,,,29.0,,,,,,,5.0,89.0,82.0,85.0,85.0,,,,40.0,64.0,64.0,35.0,35.0,,,,,15.0,64.0,64.0,20.0,24.0,,,,,,,,,,,30.0,30.0,32.0,,,,,,,,,,,,,,,64.0,60.0,,19.0,17.0,19.0,,,,,,27.0,19.0,17.0,,,,,,,,,,,,,,,29.0,,,39.0,,,34.0,24.0,,,,55.0,50.0,39.0,,,,,,,,,,,,,,,,32.0,,24.0,34.0,,,32.0,14.0,,,,30.0
314,951.9198970794678,B2-01,R1,1,3,,,17.0,,,,,,,,,17.0,,,,32.0,,60.0,19.0,,,,,22.0,25.0,,,,,,,,,24.0,20.0,20.0,27.0,30.0,25.0,19.0,20.0,20.0,35.0,45.0,45.0,,,,,,,,,,9.0,,,,37.0,39.0,,,,,,,,20.0,,,,,39.0,40.0,29.0,29.0,40.0,,,,,,,,,,,,,,,,,,15.0,,,,,,,,,,,,,,,,,,,,,24.0,27.0,15.0,,,,59.0,85.0,85.0,39.0,39.0,,,,,,,,,,,,,,,,,,,,,29.0,,,,,,,5.0,89.0,82.0,72.0,85.0,,,,40.0,64.0,64.0,35.0,35.0,,,,,15.0,64.0,64.0,20.0,24.0,,,,,,,,,,,30.0,30.0,32.0,,,,,,,,,,,,,,,64.0,60.0,,19.0,17.0,19.0,,,,,,27.0,19.0,17.0,,,,,,,,,,,,,,,29.0,,,39.0,,,34.0,24.0,,,,55.0,50.0,39.0,,,,,,,,,,,,,,,,32.0,,24.0,34.0,,,32.0,14.0,,,,30.0
315,957.2304072380066,B2-01,R1,1,4,,,24.0,,,,,,,,,27.0,,20.0,35.0,,,47.0,24.0,20.0,42.0,,29.0,25.0,25.0,,,15.0,14.0,,15.0,15.0,12.0,30.0,,24.0,24.0,25.0,30.0,,,,27.0,32.0,34.0,,,,22.0,,,,,,,14.0,,,,25.0,,,,,,,,22.0,,,,,22.0,,30.0,20.0,,,,,,,,,,,,,,,,,25.0,32.0,19.0,,,,,,,,,,,,,,,,,,,,,,,19.0,,,,35.0,42.0,47.0,40.0,40.0,,,,,,14.0,,,,,,,,,,,,,,,34.0,,,,20.0,20.0,15.0,89.0,94.0,94.0,84.0,84.0,,,,50.0,54.0,54.0,20.0,22.0,,,,,52.0,,80.0,29.0,29.0,,17.0,,,25.0,25.0,27.0,,,,29.0,,37.0,,,22.0,,22.0,,,,,,,,,,35.0,37.0,37.0,14.0,15.0,,,,,42.0,39.0,37.0,19.0,19.0,,,,,,,,,,,,,,,,,,47.0,,,30.0,27.0,,,,77.0,,52.0,25.0,25.0,25.0,,,27.0,,,,,,,,,20.0,29.0,,,29.0,,,27.0,30.0,,,22.0,25.0
316,958.1769618988036,B2-01,R1,1,3,,,27.0,,,,,,,,,,,,,35.0,,67.0,30.0,,,,,22.0,32.0,,,,,,,,,24.0,20.0,20.0,27.0,30.0,19.0,30.0,29.0,30.0,50.0,47.0,47.0,,,,,,,,,,9.0,,,,,,,,,,,,,20.0,,,,,29.0,34.0,30.0,32.0,40.0,,,,,,,,,,,,,,,,,,15.0,,,,,,,,,,,,,,,,,,,,,29.0,30.0,15.0,,,,59.0,85.0,85.0,35.0,39.0,,,,,,,,,,,,,,,,,,,,,,,,,,,,89.0,84.0,84.0,66.0,72.0,,,,40.0,64.0,64.0,17.0,19.0,,,,,15.0,67.0,67.0,34.0,34.0,,,,,,,,,,,37.0,39.0,37.0,,,,,,,,,,,,,,,42.0,44.0,,19.0,17.0,19.0,,,,37.0,,27.0,17.0,17.0,17.0,,,,,,,,,,,,,,29.0,,,37.0,,,27.0,29.0,,,,40.0,45.0,39.0,15.0,,,,,,,,,,,,,,29.0,27.0,,29.0,30.0,,,32.0,14.0,,,,29.0
317,959.8545446395874,B2-01,R1,1,4,,,24.0,,,,,,,,,27.0,,20.0,35.0,,,47.0,24.0,20.0,42.0,,29.0,25.0,25.0,,,15.0,14.0,,15.0,15.0,12.0,30.0,,24.0,24.0,25.0,30.0,,,,27.0,32.0,34.0,,,,22.0,,,,,,,14.0,,,,25.0,,,,,,,,22.0,,,,,22.0,,30.0,20.0,,,,,,,,,,,,,,,,,25.0,32.0,19.0,,,,,,,,,,,,,,,,,,,,,,,19.0,,,,35.0,42.0,47.0,40.0,40.0,,,,,,14.0,,,,,,,,,,,,,,,34.0,,,,20.0,20.0,15.0,89.0,94.0,94.0,65.0,84.0,,,,50.0,54.0,54.0,20.0,22.0,,,,,52.0,,80.0,29.0,29.0,,17.0,,,25.0,25.0,27.0,,,,29.0,,37.0,,,22.0,,22.0,,,,,,,,,,35.0,37.0,37.0,14.0,15.0,,,,,42.0,39.0,37.0,19.0,19.0,,,,,,,,,,,,,,,,,,47.0,,,30.0,27.0,,,,77.0,,52.0,25.0,25.0,25.0,,,27.0,,,,,,,,,20.0,29.0,,,29.0,,,27.0,30.0,,,22.0,25.0
318,962.4791033267976,B2-01,R1,1,4,,,24.0,,,,,,,,,27.0,,24.0,35.0,,,57.0,27.0,20.0,,,29.0,25.0,25.0,,,17.0,14.0,,14.0,14.0,15.0,30.0,,24.0,24.0,25.0,30.0,,,,30.0,32.0,29.0,,,,22.0,,,,,,,,,,,25.0,,,,,,,,,,,,,19.0,,19.0,19.0,,,,,,,,,,,,,,,,,,32.0,,,,,,,,,,,,,,,,,,,,,,,,19.0,,,,37.0,42.0,42.0,32.0,30.0,,,,,,14.0,,,,,,,,,,,,,,,34.0,,,,20.0,20.0,15.0,85.0,99.0,99.0,90.0,90.0,,,,50.0,54.0,54.0,27.0,27.0,,,,,52.0,,75.0,29.0,29.0,,17.0,,,25.0,25.0,27.0,,,,29.0,,37.0,,,22.0,,22.0,,,,,,,,,,35.0,37.0,37.0,14.0,15.0,,,,,42.0,39.0,37.0,20.0,20.0,,,,,,,,,,,,,,,,,,29.0,,,29.0,27.0,,,,55.0,57.0,59.0,17.0,15.0,25.0,,,,,,,,,,,,20.0,29.0,,,29.0,,,27.0,30.0,,,22.0,25.0
319,965.1073353290558,B2-01,R1,1,4,,,24.0,,,,,,,,,27.0,,24.0,35.0,,,57.0,27.0,20.0,,,29.0,25.0,25.0,,,17.0,14.0,,14.0,14.0,15.0,30.0,,24.0,24.0,25.0,30.0,,,,30.0,32.0,29.0,,,,22.0,,,,,,,,,,,25.0,,,,,,,,,,,,,19.0,,19.0,19.0,,,,,,,,,,,,,,,,,,32.0,,,,,,,,,,,,,,,,,,,,,,,,19.0,,,,37.0,42.0,42.0,32.0,30.0,,,,,,14.0,,,,,,,,,,,,,,,34.0,,,,20.0,20.0,15.0,85.0,99.0,99.0,74.0,90.0,,,,50.0,54.0,54.0,27.0,27.0,,,,,52.0,,75.0,29.0,29.0,,17.0,,,25.0,25.0,27.0,,,,29.0,,37.0,,,22.0,,22.0,,,,,,,,,,35.0,37.0,37.0,14.0,15.0,,,,,42.0,39.0,37.0,20.0,20.0,,,,,,,,,,,,,,,,,,29.0,,,29.0,27.0,,,,55.0,57.0,59.0,17.0,15.0,25.0,,,,,,,,,,,,20.0,29.0,,,29.0,,,27.0,30.0,,,22.0,25.0
320,968.0708940029144,B2-01,R1,1,3,,,27.0,,,,,,,,,,,,,35.0,,50.0,29.0,,,,,44.0,44.0,,,,,,12.0,12.0,12.0,29.0,20.0,20.0,27.0,30.0,19.0,30.0,29.0,30.0,42.0,54.0,54.0,,,,,,27.0,,,,9.0,,,,29.0,,,,,,17.0,,,17.0,,,,,29.0,32.0,29.0,29.0,40.0,,,,,,,,,,,,,,,,,,15.0,,,,,,,,,,,,,,,,,,,,,29.0,30.0,15.0,,,,82.0,80.0,80.0,50.0,52.0,52.0,,,,,,,,,,,,,,,,,,,,15.0,22.0,,,,,,94.0,87.0,87.0,69.0,69.0,,,,60.0,,67.0,30.0,30.0,,,,,15.0,74.0,72.0,17.0,17.0,,15.0,,,,12.0,,,,,37.0,39.0,30.0,,,,,,,,,,,,,,,42.0,44.0,,27.0,27.0,,,,,37.0,,27.0,17.0,17.0,17.0,,,,,,,,,,,,,,,,,37.0,,,40.0,42.0,,,,57.0,52.0,50.0,17.0,,,,,,,,,,,,,,17.0,27.0,,29.0,30.0,,,40.0,19.0,,,,39.0
321,971.36265873909,B2-01,R1,1,4,,,24.0,,,,,,,,,37.0,,19.0,27.0,,,52.0,20.0,20.0,,,29.0,25.0,25.0,,,17.0,14.0,,14.0,14.0,15.0,,,24.0,35.0,32.0,,,,,22.0,29.0,29.0,,,,17.0,,,,,,,,,19.0,22.0,20.0,,,,,,,,24.0,,,,,19.0,,19.0,19.0,,,,,,,,,,,,,,,,,,32.0,,,,15.0,15.0,15.0,,,,,,,,,,,,,,,,,,15.0,,,,45.0,50.0,42.0,37.0,37.0,,,,,,14.0,,,,,,,,,,,,,,,34.0,,,,20.0,20.0,15.0,87.0,97.0,97.0,90.0,90.0,,,,,62.0,54.0,25.0,25.0,,,,,85.0,,75.0,27.0,27.0,,17.0,,,29.0,25.0,27.0,,,,29.0,27.0,29.0,,,22.0,,22.0,,,,,,,,,,52.0,45.0,37.0,14.0,15.0,,,,,59.0,47.0,47.0,20.0,22.0,,,,,,,,,,,,,,,,,,29.0,,,39.0,40.0,,,,55.0,55.0,55.0,20.0,22.0,25.0,,,20.0,,,,,,,,,20.0,29.0,,,29.0,,20.0,27.0,30.0,,,22.0,25.0
322,974.3169164657592,B2-01,R1,1,3,,,27.0,,,,,,,,,,,,22.0,27.0,,15.0,24.0,,,,,44.0,32.0,,,,,,14.0,12.0,15.0,29.0,20.0,20.0,27.0,30.0,19.0,25.0,25.0,30.0,60.0,52.0,52.0,,,,,,27.0,,,,9.0,,,,29.0,,,,,,17.0,,,17.0,,,,,29.0,32.0,29.0,29.0,40.0,,,,14.0,,,,,,,,,,,,,,15.0,,,,,,,,,,,,,,,,,,,,,29.0,30.0,15.0,,,,52.0,54.0,54.0,47.0,49.0,52.0,,,,,,,,,,,,,,,,,,,,20.0,22.0,,,,,,87.0,85.0,87.0,69.0,69.0,,,,45.0,,67.0,24.0,24.0,,,,,47.0,74.0,50.0,29.0,27.0,,15.0,,,,12.0,,,,,37.0,39.0,30.0,,,,,,,,,,,,,,,45.0,47.0,,22.0,22.0,,,,,32.0,39.0,37.0,27.0,27.0,17.0,,,,,,,,,,,,,,,,,37.0,,,37.0,37.0,,,,44.0,49.0,47.0,15.0,17.0,,,,,,,,,,,,,17.0,27.0,,29.0,30.0,,,30.0,19.0,,,,39.0
323,976.945821762085,B2-01,R1,1,3,,,27.0,,,,,,,,,,,,22.0,27.0,,15.0,24.0,,,,,44.0,32.0,,,,,,14.0,12.0,15.0,29.0,20.0,20.0,27.0,30.0,19.0,25.0,25.0,30.0,60.0,52.0,52.0,,,,,,27.0,,,,9.0,,,,29.0,,,,,,17.0,,,17.0,,,,,29.0,32.0,29.0,29.0,40.0,,,,14.0,,,,,,,,,,,,,,15.0,,,,,,,,,,,,,,,,,,,,,29.0,30.0,15.0,,,,52.0,54.0,54.0,47.0,49.0,52.0,,,,,,,,,,,,,,,,,,,,20.0,22.0,,,,,,87.0,85.0,87.0,65.0,69.0,,,,45.0,,67.0,24.0,24.0,,,,,47.0,74.0,50.0,29.0,27.0,,15.0,,,,12.0,,,,,37.0,39.0,30.0,,,,,,,,,,,,,,,45.0,47.0,,22.0,22.0,,,,,32.0,39.0,37.0,27.0,27.0,17.0,,,,,,,,,,,,,,,,,37.0,,,37.0,37.0,,,,44.0,49.0,47.0,15.0,17.0,,,,,,,,,,,,,17.0,27.0,,29.0,30.0,,,30.0,19.0,,,,39.0
324,979.5696442127228,B2-01,R1,1,3,12.0,,27.0,,,,,,,,,,,,22.0,27.0,,60.0,15.0,,,,,44.0,32.0,,,,,,14.0,12.0,15.0,29.0,27.0,20.0,29.0,32.0,19.0,19.0,19.0,30.0,44.0,44.0,44.0,,,,,,27.0,,,,9.0,,,24.0,30.0,30.0,,,,,15.0,,,17.0,,,,,24.0,32.0,29.0,20.0,40.0,,,,14.0,,,,,,,,,,,,,,15.0,,,,,,,,,,,,,,,,,,,,,24.0,24.0,15.0,,,,69.0,75.0,54.0,62.0,64.0,52.0,,,,,,,,,,,,,,,,,,,,20.0,25.0,,,,,,85.0,85.0,87.0,65.0,65.0,,,,45.0,60.0,67.0,30.0,30.0,,,,,47.0,55.0,55.0,32.0,34.0,,15.0,,,,12.0,,,,,34.0,35.0,30.0,,,,,,,,,,,,,,,45.0,50.0,,19.0,19.0,,,,,32.0,39.0,37.0,22.0,22.0,17.0,,,,,,,,,,,,,,,,,37.0,,,44.0,45.0,,,,47.0,49.0,47.0,15.0,17.0,,,,,,,,,,,,,20.0,27.0,,29.0,30.0,,20.0,35.0,24.0,,,,37.0
325,981.2231342792512,B2-01,R1,1,4,,,,,,,,,,,,37.0,,19.0,40.0,,,57.0,25.0,20.0,,,29.0,25.0,25.0,,,12.0,14.0,,12.0,10.0,14.0,,,24.0,35.0,32.0,,,,,35.0,37.0,37.0,,,,17.0,,,,,,,,,20.0,22.0,20.0,,,,,,,,24.0,,,,,19.0,,19.0,19.0,,,,,,,,,,,,,,,,,,,,,,15.0,15.0,15.0,,,,,,,,,,,,,,,,,,15.0,,,,45.0,40.0,42.0,25.0,25.0,,,,,,,,,,,,,,,,,,,,,19.0,,,,20.0,20.0,15.0,79.0,87.0,87.0,82.0,82.0,,,,,62.0,,24.0,24.0,,,,,85.0,,67.0,40.0,40.0,,,,,29.0,,,,,,29.0,27.0,29.0,,,22.0,,,,,,,,,,,,40.0,39.0,40.0,14.0,14.0,,,,,59.0,40.0,40.0,20.0,22.0,,,,,,,,,,,,,,,,,,35.0,,,39.0,22.0,,,,45.0,44.0,55.0,20.0,22.0,25.0,,,20.0,,,,,,,,,20.0,,,,24.0,,20.0,27.0,30.0,,,22.0,25.0
326,982.1978118419648,B2-01,R1,1,3,12.0,,27.0,,,,,,,,,,,,22.0,27.0,,60.0,15.0,,,,,44.0,32.0,,,,,,14.0,12.0,15.0,29.0,27.0,20.0,29.0,32.0,19.0,19.0,19.0,30.0,44.0,44.0,44.0,,,,,,27.0,,,,9.0,,,24.0,30.0,30.0,,,,,15.0,,,17.0,,,,,24.0,32.0,29.0,20.0,40.0,,,,14.0,,,,,,,,,,,,,,15.0,,,,,,,,,,,,,,,,,,,,,24.0,24.0,15.0,,,,69.0,75.0,54.0,62.0,64.0,52.0,,,,,,,,,,,,,,,,,,,,20.0,25.0,,,,,,85.0,85.0,87.0,59.0,65.0,,,,45.0,60.0,67.0,30.0,30.0,,,,,47.0,55.0,55.0,32.0,34.0,,15.0,,,,12.0,,,,,34.0,35.0,30.0,,,,,,,,,,,,,,,45.0,50.0,,19.0,19.0,,,,,32.0,39.0,37.0,22.0,22.0,17.0,,,,,,,,,,,,,,,,,37.0,,,44.0,45.0,,,,47.0,49.0,47.0,15.0,17.0,,,,,,,,,,,,,20.0,27.0,,29.0,30.0,,20.0,35.0,24.0,,,,37.0
327,983.8644304275512,B2-01,R1,1,4,,,,,,,,,,,,37.0,,19.0,40.0,,,57.0,25.0,20.0,,,29.0,25.0,25.0,,,12.0,14.0,,12.0,10.0,14.0,,,24.0,35.0,32.0,,,,,35.0,37.0,37.0,,,,17.0,,,,,,,,,20.0,22.0,20.0,,,,,,,,24.0,,,,,19.0,,19.0,19.0,,,,,,,,,,,,,,,,,,,,,,15.0,15.0,15.0,,,,,,,,,,,,,,,,,,15.0,,,,45.0,40.0,42.0,25.0,25.0,,,,,,,,,,,,,,,,,,,,,19.0,,,,20.0,20.0,15.0,79.0,87.0,87.0,73.0,82.0,,,,,62.0,,24.0,24.0,,,,,85.0,,67.0,40.0,40.0,,,,,29.0,,,,,,29.0,27.0,29.0,,,22.0,,,,,,,,,,,,40.0,39.0,40.0,14.0,14.0,,,,,59.0,40.0,40.0,20.0,22.0,,,,,,,,,,,,,,,,,,35.0,,,39.0,22.0,,,,45.0,44.0,55.0,20.0,22.0,25.0,,,20.0,,,,,,,,,20.0,,,,24.0,,20.0,27.0,30.0,,,22.0,25.0
328,986.4921839237212,B2-01,R1,1,4,,,,,,,,,,,,34.0,,19.0,39.0,,,60.0,29.0,20.0,,,22.0,40.0,39.0,,,15.0,15.0,,15.0,12.0,17.0,,,24.0,24.0,32.0,,,,,20.0,32.0,37.0,,,,19.0,,,,,,,,,17.0,25.0,27.0,,,,,,,,24.0,,,,,19.0,32.0,30.0,19.0,,,,,,,,,,,,,,,,,22.0,24.0,,,,15.0,15.0,15.0,,,,,,,,,,,,,,,,20.0,,19.0,,,,45.0,40.0,42.0,25.0,25.0,,,,,,,,,,,,,,,,,,,,,19.0,,,,20.0,20.0,15.0,92.0,95.0,97.0,85.0,85.0,,,,,62.0,,17.0,17.0,,,,,85.0,79.0,67.0,29.0,30.0,,,,,29.0,,,,,,29.0,27.0,29.0,,,22.0,,,,,,,,,,,,24.0,32.0,35.0,14.0,14.0,,,,,49.0,50.0,50.0,22.0,24.0,,,,,,,,,,,,,,,37.0,,,35.0,,,37.0,40.0,,,,45.0,44.0,60.0,25.0,25.0,25.0,,,20.0,,,,,,,,,25.0,,,25.0,24.0,,20.0,27.0,24.0,,,22.0,19.0
329,988.450989484787,B2-01,R1,1,3,12.0,,32.0,,,,,,,,,,,,22.0,27.0,,40.0,22.0,,,,,37.0,34.0,,,,,,14.0,12.0,15.0,29.0,27.0,,27.0,29.0,19.0,20.0,20.0,30.0,45.0,44.0,45.0,,,,,,27.0,,,,,,,24.0,30.0,30.0,,,,,15.0,,,17.0,,,,,24.0,32.0,29.0,30.0,,,,,14.0,,,,,,,,,,,,,,,,,,,,,,,,,,,,,,,,,,,24.0,24.0,15.0,,,,80.0,80.0,80.0,62.0,64.0,52.0,,,,,,,,,,,,,,,,,,,,20.0,25.0,,,,,,69.0,67.0,67.0,62.0,62.0,,,,45.0,60.0,67.0,32.0,32.0,,,,,34.0,55.0,55.0,29.0,29.0,,15.0,,,,12.0,,,,,34.0,35.0,30.0,,,,,,,,,,,,,,,37.0,50.0,,19.0,19.0,,,,,32.0,39.0,42.0,20.0,22.0,17.0,,,,,,,,,,,,,,,,,29.0,,,44.0,45.0,,,,59.0,49.0,47.0,15.0,17.0,,,,,,,,,,,,,20.0,27.0,,29.0,30.0,,20.0,35.0,24.0,,,,34.0
330,989.1100189685822,B2-01,R1,1,4,,,,,,,,,,,,34.0,,19.0,39.0,,,60.0,29.0,20.0,,,22.0,40.0,39.0,,,15.0,15.0,,15.0,12.0,17.0,,,24.0,24.0,32.0,,,,,20.0,32.0,37.0,,,,19.0,,,,,,,,,17.0,25.0,27.0,,,,,,,,24.0,,,,,19.0,32.0,30.0,19.0,,,,,,,,,,,,,,,,,22.0,24.0,,,,15.0,15.0,15.0,,,,,,,,,,,,,,,,20.0,,19.0,,,,45.0,40.0,42.0,25.0,25.0,,,,,,,,,,,,,,,,,,,,,19.0,,,,20.0,20.0,15.0,92.0,95.0,97.0,76.0,85.0,,,,,62.0,,17.0,17.0,,,,,85.0,79.0,67.0,29.0,30.0,,,,,29.0,,,,,,29.0,27.0,29.0,,,22.0,,,,,,,,,,,,24.0,32.0,35.0,14.0,14.0,,,,,49.0,50.0,50.0,22.0,24.0,,,,,,,,,,,,,,,37.0,,,35.0,,,37.0,40.0,,,,45.0,44.0,60.0,25.0,25.0,25.0,,,20.0,,,,,,,,,25.0,,,25.0,24.0,,20.0,27.0,24.0,,,22.0,19.0
331,994.6989936828612,B2-01,R1,1,3,12.0,,32.0,,,,,,,,,,,,22.0,27.0,,40.0,22.0,,,,,37.0,34.0,,,,,,14.0,12.0,15.0,29.0,27.0,,27.0,29.0,19.0,20.0,20.0,30.0,45.0,44.0,45.0,,,,,,27.0,,,,,,,24.0,30.0,30.0,,,,,15.0,,,17.0,,,,,24.0,32.0,29.0,30.0,,,,,14.0,,,,,,,,,,,,,,,,,,,,,,,,,,,,,,,,,,,24.0,24.0,15.0,,,,80.0,80.0,80.0,62.0,64.0,52.0,,,,,,,,,,,,,,,,,,,,20.0,25.0,,,,,,69.0,67.0,67.0,59.0,62.0,,,,45.0,60.0,67.0,32.0,32.0,,,,,34.0,55.0,55.0,29.0,29.0,,15.0,,,,12.0,,,,,34.0,35.0,30.0,,,,,,,,,,,,,,,37.0,50.0,,19.0,19.0,,,,,32.0,39.0,42.0,20.0,22.0,17.0,,,,,,,,,,,,,,,,,29.0,,,44.0,45.0,,,,59.0,49.0,47.0,15.0,17.0,,,,,,,,,,,,,20.0,27.0,,29.0,30.0,,20.0,35.0,24.0,,,,34.0
332,995.3918514251708,B2-01,R1,1,4,,,,,,,,,,14.0,,34.0,,17.0,30.0,,,52.0,17.0,,,,20.0,29.0,27.0,,,17.0,15.0,,19.0,17.0,17.0,,,,24.0,32.0,,,,,24.0,27.0,27.0,,,,19.0,,,,,,,,,17.0,25.0,27.0,,,,,,,,24.0,,,,,19.0,32.0,30.0,19.0,,,,,,,,,,,,,,,22.0,,22.0,24.0,,,,15.0,15.0,15.0,,,,,,,,,,,,,,,,20.0,,10.0,,,,40.0,40.0,45.0,35.0,35.0,35.0,,,,,,,,,,,,,,,,,,,,19.0,,,,9.0,,,89.0,85.0,85.0,72.0,72.0,,,,,62.0,,17.0,17.0,,,,,60.0,59.0,57.0,29.0,27.0,,,,,20.0,30.0,,,,,,27.0,29.0,,,17.0,,,,,,,,,,,,35.0,32.0,35.0,14.0,14.0,,,,,29.0,42.0,42.0,22.0,19.0,,,,,,,,,,,,,,,27.0,,,37.0,,,25.0,24.0,,,,35.0,42.0,42.0,22.0,22.0,,,,15.0,,,,,,,,,25.0,,,25.0,24.0,,20.0,25.0,24.0,,,,24.0
333,997.3273844718932,B2-01,R1,1,3,24.0,,32.0,,,,,,,,,,,,22.0,25.0,,57.0,29.0,,,,,37.0,34.0,,,,,,14.0,12.0,15.0,29.0,27.0,,27.0,29.0,,20.0,20.0,,47.0,55.0,55.0,,,,,27.0,27.0,,,,,,,24.0,30.0,32.0,,,,,19.0,19.0,22.0,17.0,,,,,37.0,42.0,29.0,30.0,44.0,,,,14.0,,,,,,,,,,,,,,10.0,,,,,,,,,,,,,,,,,,,,,25.0,24.0,,,,,52.0,67.0,80.0,52.0,52.0,52.0,10.0,,,,,,,,,,,,,,,,,,,15.0,25.0,,,,,,89.0,84.0,67.0,59.0,59.0,,,,59.0,60.0,67.0,29.0,29.0,,,,,54.0,55.0,55.0,15.0,19.0,,14.0,,,,14.0,,,,,24.0,35.0,30.0,,,,,,,,,,,,,,,47.0,50.0,,20.0,19.0,,,,,39.0,45.0,42.0,29.0,27.0,,,,,,,,,,,,,,,,,,45.0,,,42.0,42.0,,,,62.0,52.0,47.0,14.0,12.0,,,,,,,,,,,,,20.0,40.0,,,,,20.0,44.0,24.0,,,,42.0
334,999.9508142471312,B2-01,R1,1,3,24.0,,32.0,,,,,,,,,,,,22.0,25.0,,57.0,29.0,,,,,37.0,34.0,,,,,,14.0,12.0,15.0,29.0,27.0,,27.0,29.0,,20.0,20.0,,47.0,55.0,55.0,,,,,27.0,27.0,,,,,,,24.0,30.0,32.0,,,,,19.0,19.0,22.0,17.0,,,,,37.0,42.0,29.0,30.0,44.0,,,,14.0,,,,,,,,,,,,,,10.0,,,,,,,,,,,,,,,,,,,,,25.0,24.0,,,,,52.0,67.0,80.0,52.0,52.0,52.0,10.0,,,,,,,,,,,,,,,,,,,15.0,25.0,,,,,,89.0,84.0,67.0,72.0,59.0,,,,59.0,60.0,67.0,29.0,29.0,,,,,54.0,55.0,55.0,15.0,19.0,,14.0,,,,14.0,,,,,24.0,35.0,30.0,,,,,,,,,,,,,,,47.0,50.0,,20.0,19.0,,,,,39.0,45.0,42.0,29.0,27.0,,,,,,,,,,,,,,,,,,45.0,,,42.0,42.0,,,,62.0,52.0,47.0,14.0,12.0,,,,,,,,,,,,,20.0,40.0,,,,,20.0,44.0,24.0,,,,42.0
335,1005.2734744548798,B2-01,R1,1,4,,,,,,,,,,14.0,,34.0,,17.0,30.0,,,45.0,9.0,,,,24.0,22.0,27.0,,,14.0,14.0,,12.0,10.0,12.0,27.0,29.0,30.0,24.0,29.0,,,,,29.0,32.0,32.0,,,,19.0,,,,,,,,,17.0,25.0,27.0,,,,,,24.0,,24.0,,,,,19.0,34.0,30.0,19.0,,,,,,,,,,,,,,,22.0,,22.0,14.0,,,,15.0,15.0,15.0,,,,,,,,,,,,,,,,20.0,,10.0,,,,35.0,40.0,45.0,35.0,40.0,35.0,,,,,,,,,,,,,,,,,,,,19.0,,,,15.0,25.0,24.0,100.0,95.0,95.0,84.0,84.0,,,,,62.0,,25.0,25.0,,,,,60.0,59.0,57.0,25.0,25.0,,,,,20.0,37.0,,,,,,27.0,29.0,,,17.0,,,,,,,,,,,,49.0,42.0,35.0,14.0,14.0,,,,,52.0,49.0,49.0,20.0,20.0,,,,,,,,,,,,,,,27.0,,,55.0,,,25.0,24.0,,,,35.0,42.0,42.0,22.0,24.0,,,,15.0,,,,,,,,,24.0,,,25.0,29.0,,22.0,30.0,34.0,,,,29.0
336,1006.194352388382,B2-01,R1,1,3,24.0,,29.0,,,,,,,,,,,,22.0,25.0,,60.0,30.0,,,,,37.0,34.0,,,,,,10.0,12.0,10.0,30.0,27.0,,30.0,29.0,,20.0,20.0,,39.0,47.0,49.0,,,,,27.0,27.0,,,,,,,24.0,30.0,32.0,,,,,19.0,19.0,22.0,17.0,,,,,37.0,34.0,30.0,30.0,44.0,,,,14.0,,,,,,,,,,,,,,10.0,,,,,,,,,,,,,,,,,,,,,25.0,29.0,,,,,84.0,85.0,85.0,52.0,52.0,,10.0,,,,,,,,,,,,,,,,,,,29.0,25.0,,,,,,89.0,80.0,82.0,60.0,60.0,,,,59.0,60.0,,25.0,25.0,,,,,54.0,55.0,42.0,29.0,29.0,,14.0,,,,14.0,,,,,24.0,32.0,,,,,,,,,,,,,,,,44.0,47.0,,20.0,22.0,,,,,39.0,45.0,42.0,32.0,32.0,,,,,,,,,,,,,,,,,,19.0,,,44.0,42.0,,,,49.0,49.0,47.0,12.0,12.0,,,,,,,,,,,,,20.0,34.0,,,,,20.0,32.0,24.0,,,,34.0
337,1007.9180421829224,B2-01,R1,1,4,,,,,,,,,,14.0,,34.0,,17.0,30.0,,,45.0,9.0,,,,24.0,22.0,27.0,,,14.0,14.0,,12.0,10.0,12.0,27.0,29.0,30.0,24.0,29.0,,,,,29.0,32.0,32.0,,,,19.0,,,,,,,,,17.0,25.0,27.0,,,,,,24.0,,24.0,,,,,19.0,34.0,30.0,19.0,,,,,,,,,,,,,,,22.0,,22.0,14.0,,,,15.0,15.0,15.0,,,,,,,,,,,,,,,,20.0,,10.0,,,,35.0,40.0,45.0,35.0,40.0,35.0,,,,,,,,,,,,,,,,,,,,19.0,,,,15.0,25.0,24.0,100.0,95.0,95.0,76.0,84.0,,,,,62.0,,25.0,25.0,,,,,60.0,59.0,57.0,25.0,25.0,,,,,20.0,37.0,,,,,,27.0,29.0,,,17.0,,,,,,,,,,,,49.0,42.0,35.0,14.0,14.0,,,,,52.0,49.0,49.0,20.0,20.0,,,,,,,,,,,,,,,27.0,,,55.0,,,25.0,24.0,,,,35.0,42.0,42.0,22.0,24.0,,,,15.0,,,,,,,,,24.0,,,25.0,29.0,,22.0,30.0,34.0,,,,29.0
338,1010.535178899765,B2-01,R1,1,4,,,,,,,,,,14.0,,34.0,,17.0,20.0,,,60.0,44.0,,,,24.0,39.0,37.0,,,14.0,14.0,,12.0,10.0,12.0,24.0,29.0,30.0,24.0,24.0,24.0,,,,20.0,29.0,29.0,,,,19.0,,,,,,,,,17.0,25.0,27.0,,,,,,24.0,,,,,,,,34.0,30.0,34.0,,,,,,,,,,,,,,,22.0,,22.0,14.0,,,,,,,,,,,,,,,,,,,,,,20.0,,10.0,,,,47.0,49.0,49.0,29.0,29.0,35.0,,,,,,,,,,,,,,,,,,,,19.0,,,,19.0,25.0,24.0,84.0,82.0,82.0,79.0,79.0,,,,52.0,,50.0,24.0,25.0,,,,,69.0,59.0,57.0,29.0,27.0,,,,,20.0,37.0,,,,,,,,,,17.0,,,,,,,,,,,,39.0,42.0,32.0,14.0,14.0,,,,,37.0,39.0,37.0,20.0,20.0,,,,,,,,,,,,,,,27.0,,,25.0,,,29.0,34.0,,,,35.0,42.0,40.0,22.0,24.0,,,,15.0,,,,,,,,,24.0,,,25.0,29.0,,22.0,30.0,32.0,,,,29.0
339,1012.4559750556946,B2-01,R1,1,3,24.0,,29.0,,,,,,,,,,,,29.0,25.0,,64.0,12.0,,,,,34.0,34.0,,,,,,10.0,12.0,10.0,30.0,27.0,,30.0,29.0,32.0,17.0,17.0,,47.0,50.0,50.0,,,,,27.0,27.0,14.0,,,,,,25.0,30.0,32.0,,,,,27.0,19.0,22.0,17.0,,,,,37.0,34.0,30.0,30.0,44.0,,,,,,,,,,,,,,,,,,10.0,,,,,,,,,12.0,,,,,,,,,,,,25.0,27.0,15.0,,,,74.0,74.0,85.0,40.0,40.0,,10.0,,,,,,,,,,,,,,,,,,,29.0,25.0,27.0,,,,,99.0,92.0,92.0,80.0,80.0,,,,57.0,80.0,82.0,32.0,32.0,,,,,64.0,65.0,67.0,32.0,32.0,,14.0,19.0,,,14.0,,,,,24.0,32.0,40.0,,,,,,,,,,,,,,,54.0,50.0,,24.0,25.0,,,,,39.0,45.0,42.0,17.0,19.0,20.0,,,,,,,,,,,,,,25.0,,,42.0,,,30.0,30.0,,,,49.0,49.0,,15.0,12.0,,,,,,,,,,,,,20.0,34.0,,,,,20.0,30.0,34.0,,,,34.0
340,1046.3376336097715,B2-01,R1,1,5,24.0,,22.0,,,,,,,14.0,,34.0,,17.0,47.0,,,77.0,32.0,,,,24.0,29.0,37.0,,,22.0,19.0,,22.0,20.0,20.0,34.0,34.0,32.0,32.0,24.0,5.0,,,,20.0,27.0,27.0,,,,19.0,,,,,,,,,17.0,25.0,27.0,,,,,19.0,24.0,,24.0,,,,,39.0,34.0,30.0,39.0,,,,,,,,,,,,,,,22.0,,22.0,14.0,20.0,,,,,,,,,,,,,,,,,,,,,20.0,,10.0,,,,62.0,49.0,49.0,32.0,32.0,35.0,,,,,,,,,,,,,,,,,,,,24.0,,,,10.0,17.0,19.0,99.0,99.0,82.0,58.0,100.0,,,,57.0,,55.0,25.0,25.0,,,,,85.0,80.0,57.0,40.0,42.0,,,,,20.0,30.0,,,,,44.0,,40.0,,,15.0,,,,,,,,,,,,39.0,52.0,50.0,17.0,19.0,,,,,44.0,39.0,37.0,22.0,22.0,,,,,,,,,,,,,,,27.0,,,25.0,,,29.0,24.0,,,,57.0,50.0,50.0,24.0,24.0,,,,15.0,,,,,,,,,24.0,37.0,,25.0,35.0,,22.0,30.0,27.0,,,,35.0
341,1048.9738492965698,B2-01,R1,1,5,24.0,,29.0,,29.0,,,,,14.0,,32.0,,24.0,39.0,29.0,,37.0,4.0,,,,24.0,55.0,37.0,14.0,14.0,25.0,24.0,,24.0,24.0,25.0,34.0,34.0,32.0,45.0,45.0,5.0,,,,27.0,30.0,32.0,12.0,12.0,12.0,42.0,35.0,37.0,,,,,,,,,,20.0,20.0,,20.0,19.0,24.0,,24.0,,,,,39.0,34.0,30.0,39.0,,,,,,,,,,,,,,,22.0,,,14.0,29.0,,,14.0,,,,,,,,,,,,,,,,,,,,10.0,,,,35.0,49.0,49.0,19.0,20.0,35.0,,,,,,,,,,,,,,,,,,,,24.0,,,,10.0,17.0,19.0,64.0,62.0,62.0,50.0,54.0,,,,57.0,,55.0,25.0,25.0,,,,,85.0,80.0,57.0,40.0,42.0,,,,,20.0,30.0,,,,,44.0,,40.0,,,24.0,37.0,35.0,,,,,,,19.0,,,39.0,52.0,50.0,17.0,19.0,,,,,62.0,64.0,64.0,39.0,39.0,,,,,,,,,32.0,,,,,,27.0,,22.0,65.0,,,29.0,24.0,,,,67.0,74.0,74.0,30.0,30.0,,,,15.0,,,,,,,,,24.0,37.0,,,35.0,,22.0,30.0,42.0,,,,35.0
342,1058.8567106723783,B2-01,R1,1,5,35.0,,27.0,,29.0,,,,,,,42.0,,25.0,39.0,29.0,,47.0,14.0,,,,29.0,62.0,,17.0,15.0,44.0,44.0,,44.0,44.0,44.0,,,52.0,54.0,59.0,62.0,,,,22.0,30.0,32.0,14.0,14.0,12.0,42.0,35.0,40.0,,,,,,,,,,25.0,24.0,,24.0,,42.0,,,10.0,,,,,,,,,,,,,,,,,,,,,27.0,,,,,29.0,,,14.0,,,,,27.0,15.0,12.0,17.0,,,,,,,,,,,,,,,,35.0,,,15.0,15.0,14.0,,,,,,,,,,,,25.0,20.0,,,,,,,,,,,20.0,,,65.0,80.0,80.0,69.0,69.0,,,,35.0,,,25.0,25.0,,,,,35.0,,,9.0,7.0,,,,,,34.0,,25.0,25.0,,,,,,,24.0,20.0,19.0,,,,,,,19.0,,24.0,32.0,,,,,,,,,60.0,64.0,64.0,57.0,57.0,,17.0,27.0,,,,,,30.0,25.0,29.0,,,,,,27.0,69.0,,,40.0,35.0,,,,64.0,64.0,64.0,30.0,30.0,,,,,,,,,,24.0,,,,,,,,,,32.0,34.0,,,,
343,1059.7117412090302,B2-01,R1,1,4,24.0,,29.0,,,,,,,,,,,,29.0,25.0,,79.0,20.0,,,,19.0,35.0,35.0,,,20.0,20.0,,20.0,20.0,20.0,34.0,34.0,29.0,30.0,27.0,32.0,20.0,20.0,,34.0,32.0,34.0,,,,15.0,27.0,27.0,14.0,,,,,,25.0,20.0,32.0,,,,,20.0,19.0,22.0,20.0,,,,,37.0,39.0,30.0,19.0,44.0,,,,,,,,,,,,,,,,32.0,35.0,19.0,,,,,,,,,12.0,,,,,,,,,,,,22.0,19.0,7.0,,,,47.0,74.0,55.0,44.0,44.0,,10.0,,,,,,,,,,,,,,,,,,,22.0,,27.0,,,,29.0,89.0,97.0,97.0,82.0,82.0,,,,47.0,54.0,54.0,24.0,24.0,,,,,67.0,72.0,55.0,35.0,35.0,,14.0,19.0,,19.0,14.0,,,,,24.0,32.0,32.0,,,32.0,35.0,34.0,,,,,,,,,,40.0,55.0,,17.0,14.0,,,,,39.0,47.0,47.0,20.0,22.0,22.0,,,,,,,,,,,,,,25.0,,,35.0,,,24.0,20.0,,,,60.0,52.0,59.0,24.0,12.0,,,,,,,,,,,,,20.0,34.0,,,32.0,,20.0,32.0,19.0,,,,34.0
344,1061.486297607422,B2-01,R1,1,5,35.0,,27.0,,29.0,,,,,,,42.0,,25.0,39.0,29.0,,27.0,14.0,,,,29.0,37.0,39.0,17.0,15.0,29.0,29.0,,29.0,29.0,29.0,,39.0,40.0,37.0,42.0,40.0,,,12.0,29.0,30.0,32.0,14.0,14.0,12.0,42.0,35.0,40.0,,,,,,,,,,15.0,24.0,,15.0,,35.0,35.0,30.0,10.0,,,,,,,,,,,,,,,,,,,,,27.0,,,,,29.0,,,14.0,,,,,27.0,15.0,12.0,17.0,,,,,,,,,,,,,,,,49.0,49.0,,19.0,19.0,14.0,,,,,29.0,,,,,,,25.0,20.0,,,,,,,,,,,20.0,,,74.0,65.0,80.0,47.0,47.0,,,,35.0,,,,25.0,,,,,35.0,,,19.0,19.0,,,,,,34.0,,25.0,25.0,,,,,,,24.0,20.0,19.0,,,,37.0,,,19.0,,24.0,32.0,,,20.0,20.0,,,,,44.0,44.0,45.0,30.0,30.0,,17.0,27.0,,,,,,32.0,25.0,29.0,,,,,,19.0,40.0,,,57.0,55.0,,,,72.0,77.0,77.0,29.0,30.0,,,,,,,,,,24.0,,,,,,,,,,32.0,34.0,,,,
345,1065.9648406505585,B2-01,R1,1,4,24.0,,29.0,,,,,,,,,,,,29.0,25.0,,79.0,20.0,,,,19.0,35.0,35.0,,,20.0,20.0,,20.0,20.0,20.0,34.0,34.0,29.0,30.0,27.0,32.0,20.0,20.0,,34.0,32.0,34.0,,,,15.0,27.0,27.0,14.0,,,,,,25.0,20.0,32.0,,,,,20.0,19.0,22.0,20.0,,,,,37.0,39.0,30.0,19.0,44.0,,,,,,,,,,,,,,,,32.0,35.0,19.0,,,,,,,,,12.0,,,,,,,,,,,,22.0,19.0,7.0,,,,47.0,74.0,55.0,44.0,44.0,,10.0,,,,,,,,,,,,,,,,,,,22.0,,27.0,,,,29.0,89.0,97.0,97.0,78.0,82.0,,,,47.0,54.0,54.0,24.0,24.0,,,,,67.0,72.0,55.0,35.0,35.0,,14.0,19.0,,19.0,14.0,,,,,24.0,32.0,32.0,,,32.0,35.0,34.0,,,,,,,,,,40.0,55.0,,17.0,14.0,,,,,39.0,47.0,47.0,20.0,22.0,22.0,,,,,,,,,,,,,,25.0,,,35.0,,,24.0,20.0,,,,60.0,52.0,59.0,24.0,12.0,,,,,,,,,,,,,20.0,34.0,,,32.0,,20.0,32.0,19.0,,,,34.0
346,1067.7627243995669,B2-01,R1,1,5,35.0,,27.0,,29.0,,,,,,,42.0,,25.0,39.0,29.0,,27.0,14.0,,,,29.0,37.0,39.0,17.0,15.0,29.0,29.0,,29.0,29.0,29.0,,39.0,40.0,37.0,42.0,40.0,,,12.0,29.0,30.0,32.0,14.0,14.0,12.0,42.0,35.0,40.0,,,,,,,,,,15.0,24.0,,15.0,,35.0,35.0,30.0,10.0,,,,,,,,,,,,,,,,,,,,,27.0,,,,,29.0,,,14.0,,,,,27.0,15.0,12.0,17.0,,,,,,,,,,,,,,,,49.0,49.0,,19.0,19.0,14.0,,,,,29.0,,,,,,,25.0,20.0,,,,,,,,,,,20.0,,,74.0,65.0,80.0,50.0,47.0,,,,35.0,,,,25.0,,,,,35.0,,,19.0,19.0,,,,,,34.0,,25.0,25.0,,,,,,,24.0,20.0,19.0,,,,37.0,,,19.0,,24.0,32.0,,,20.0,20.0,,,,,44.0,44.0,45.0,30.0,30.0,,17.0,27.0,,,,,,32.0,25.0,29.0,,,,,,19.0,40.0,,,57.0,55.0,,,,72.0,77.0,77.0,29.0,30.0,,,,,,,,,,24.0,,,,,,,,,,32.0,34.0,,,,
347,1068.5844070911407,B2-01,R1,1,4,,,,,,,,,,,,,,,30.0,34.0,,60.0,19.0,,,,19.0,35.0,35.0,,,17.0,19.0,,17.0,17.0,19.0,34.0,34.0,29.0,35.0,32.0,32.0,,,,34.0,32.0,34.0,,,,17.0,,,,,,,,,10.0,20.0,,,,,,20.0,,,,,,,,,25.0,19.0,19.0,,,,,,,,,,,,,,,,,32.0,35.0,17.0,,,,,,,,,,,,,,,,,,,,,22.0,19.0,15.0,,,,52.0,,55.0,37.0,37.0,,,,,,,,,,,,,,,,,,,,,22.0,,,,,,29.0,82.0,90.0,90.0,84.0,84.0,,,,47.0,54.0,54.0,20.0,20.0,,,,,62.0,60.0,62.0,30.0,30.0,,,,,19.0,,,,,,32.0,30.0,32.0,,,32.0,35.0,34.0,,,,,,,,,,,55.0,,9.0,10.0,,,,,,47.0,47.0,22.0,22.0,24.0,,,,,,,,,,,,,,,,,29.0,,,24.0,20.0,,,,54.0,49.0,49.0,20.0,20.0,,,,,,,,,,,,,,29.0,,,29.0,,,,,,,,25.0
348,1071.2399487495422,B2-01,R1,1,4,,,,,,,,,,,,,,,30.0,34.0,,60.0,19.0,,,,19.0,35.0,35.0,,,17.0,19.0,,17.0,17.0,19.0,34.0,34.0,29.0,35.0,32.0,32.0,,,,34.0,32.0,34.0,,,,17.0,,,,,,,,,10.0,20.0,,,,,,20.0,,,,,,,,,25.0,19.0,19.0,,,,,,,,,,,,,,,,,32.0,35.0,17.0,,,,,,,,,,,,,,,,,,,,,22.0,19.0,15.0,,,,52.0,,55.0,37.0,37.0,,,,,,,,,,,,,,,,,,,,,22.0,,,,,,29.0,82.0,90.0,90.0,76.0,84.0,,,,47.0,54.0,54.0,20.0,20.0,,,,,62.0,60.0,62.0,30.0,30.0,,,,,19.0,,,,,,32.0,30.0,32.0,,,32.0,35.0,34.0,,,,,,,,,,,55.0,,9.0,10.0,,,,,,47.0,47.0,22.0,22.0,24.0,,,,,,,,,,,,,,,,,29.0,,,24.0,20.0,,,,54.0,49.0,49.0,20.0,20.0,,,,,,,,,,,,,,29.0,,,29.0,,,,,,,,25.0
349,1074.0312860012054,B2-01,R1,1,5,35.0,,34.0,,29.0,,,,,,,42.0,,25.0,30.0,29.0,,50.0,12.0,,,,34.0,44.0,35.0,10.0,12.0,42.0,42.0,,42.0,42.0,42.0,,50.0,49.0,49.0,52.0,40.0,,,12.0,25.0,27.0,32.0,14.0,14.0,12.0,35.0,45.0,44.0,,,,,,,,,,19.0,20.0,,19.0,,35.0,35.0,32.0,10.0,,,,,,,,,,,,,,,,,,,,,27.0,,,,,29.0,,,14.0,,,29.0,40.0,40.0,15.0,12.0,17.0,,,,,,,,,,,,,,,,62.0,57.0,57.0,19.0,32.0,14.0,,,,,29.0,,,,,,,25.0,20.0,,,,,,,,,,,12.0,,,67.0,85.0,80.0,54.0,69.0,,,,35.0,,34.0,,,,,,,35.0,,,19.0,20.0,,,,,,34.0,,25.0,25.0,,,,,,,24.0,20.0,19.0,,,,37.0,,,19.0,,29.0,32.0,,,20.0,20.0,,14.0,,,65.0,74.0,74.0,45.0,45.0,,17.0,27.0,,15.0,14.0,14.0,,30.0,25.0,29.0,,,,,,15.0,54.0,,,57.0,64.0,,,,62.0,65.0,65.0,52.0,52.0,,,,,,,,,,20.0,,,,,,,30.0,,,32.0,34.0,,,,29.0
350,1077.470338344574,B2-01,R1,1,4,,,,,,,,,,,,,,,30.0,34.0,,69.0,14.0,,,,19.0,35.0,35.0,,,19.0,17.0,,15.0,19.0,17.0,34.0,34.0,29.0,37.0,32.0,34.0,,,,34.0,44.0,34.0,,,,17.0,,24.0,,,,,,,10.0,20.0,,,,,,20.0,,,,,,,,37.0,25.0,39.0,39.0,37.0,,,,,,,,,,,,,,,,32.0,35.0,22.0,22.0,,,,,,,,,,,,,,,,,,,,22.0,19.0,15.0,,,,62.0,59.0,55.0,42.0,42.0,,,,,,,,,,,,,,,,,,,,,22.0,,22.0,,,,29.0,100.0,100.0,100.0,95.0,95.0,,,,54.0,54.0,54.0,22.0,22.0,,,,,62.0,60.0,62.0,27.0,27.0,,,,,27.0,,,,,,32.0,30.0,32.0,,,32.0,35.0,34.0,,,,,,,,,,45.0,45.0,,14.0,14.0,,,,,,47.0,47.0,20.0,22.0,24.0,,,,,,,,10.0,,,,,,,,,39.0,,,24.0,20.0,,,,54.0,55.0,55.0,25.0,27.0,,,,,,,,,,,,,24.0,29.0,,,29.0,,,30.0,,,,,32.0
351,1080.2801983356476,B2-01,R1,1,5,35.0,,20.0,,29.0,,,,,,,42.0,,25.0,30.0,29.0,,42.0,12.0,,,,34.0,42.0,40.0,17.0,17.0,32.0,32.0,,32.0,32.0,32.0,,37.0,37.0,39.0,42.0,39.0,17.0,19.0,12.0,34.0,27.0,32.0,15.0,17.0,12.0,25.0,45.0,44.0,,,,,,,,,,19.0,19.0,,19.0,,35.0,35.0,37.0,10.0,,,,,,,,,,,,,,,,,,,,,27.0,,,,,29.0,,,14.0,,,29.0,40.0,40.0,15.0,12.0,17.0,,,,,,,,,,,,,,,,45.0,54.0,54.0,17.0,19.0,14.0,,,,,29.0,,,,,,,25.0,20.0,,,,,,,,,,,12.0,,,72.0,85.0,80.0,52.0,52.0,,,,35.0,,40.0,,,,,,,35.0,,,15.0,17.0,,,,,,34.0,,25.0,25.0,,,,,,,24.0,20.0,19.0,,,,30.0,,,19.0,,29.0,34.0,,,17.0,15.0,,20.0,,,40.0,74.0,74.0,39.0,39.0,,17.0,27.0,,15.0,14.0,14.0,,30.0,25.0,29.0,,,,,,24.0,42.0,,,50.0,39.0,,,,64.0,69.0,69.0,35.0,35.0,,,,,,,,,,15.0,,,,,,,30.0,,,32.0,34.0,,,,29.0
352,1086.5717573165894,B2-01,R1,1,5,35.0,,37.0,,,,10.0,,,,,42.0,,20.0,30.0,,,34.0,9.0,,29.0,,32.0,44.0,37.0,22.0,22.0,39.0,39.0,39.0,39.0,39.0,39.0,,37.0,37.0,44.0,42.0,39.0,17.0,15.0,12.0,34.0,27.0,,24.0,24.0,,37.0,40.0,42.0,,,,,,,,,,30.0,30.0,,29.0,,35.0,35.0,37.0,15.0,,,,,,27.0,29.0,,,,,,,,,,5.0,,,,27.0,,,22.0,17.0,19.0,32.0,30.0,20.0,20.0,,29.0,40.0,40.0,15.0,12.0,17.0,,,,,,9.0,,,,,,,,,,57.0,57.0,54.0,24.0,24.0,14.0,,,,,17.0,,9.0,,,12.0,,25.0,20.0,,,,,,19.0,,,,,20.0,20.0,22.0,82.0,85.0,80.0,52.0,52.0,,,,35.0,,37.0,,,,,,,35.0,,,15.0,14.0,,,,,,34.0,,25.0,25.0,,,,19.0,,,24.0,20.0,19.0,15.0,15.0,14.0,30.0,,,14.0,29.0,29.0,24.0,27.0,,14.0,14.0,,20.0,,,54.0,54.0,54.0,59.0,59.0,,10.0,27.0,,22.0,24.0,24.0,,27.0,25.0,29.0,15.0,14.0,12.0,,,30.0,64.0,,,54.0,52.0,,,,60.0,72.0,72.0,20.0,22.0,,,,,,,,,,15.0,,,15.0,,,,30.0,,,32.0,42.0,,,,29.0
353,1087.3549942970276,B2-01,R1,1,4,17.0,,,,,,,,,,,,,,34.0,29.0,,54.0,24.0,,,,19.0,35.0,35.0,,,17.0,15.0,,15.0,15.0,17.0,34.0,34.0,35.0,37.0,32.0,34.0,,,12.0,45.0,37.0,39.0,,,,17.0,,24.0,,,,,,,10.0,20.0,,,,,,25.0,,,,,,,,37.0,25.0,39.0,39.0,37.0,,,,,,,,,,,,,,,,32.0,35.0,12.0,22.0,,,,,,,,,,,,,,,,,,,,22.0,22.0,15.0,,,,45.0,49.0,49.0,42.0,45.0,,,,,,,,,,,,,,,,,,,,,14.0,,22.0,,,,29.0,89.0,97.0,97.0,92.0,92.0,,,,54.0,54.0,54.0,15.0,15.0,,,,,44.0,35.0,62.0,32.0,30.0,,,,,27.0,,,,,,29.0,30.0,32.0,,,32.0,35.0,34.0,,,,,,,,,,45.0,40.0,,9.0,12.0,,,,,37.0,44.0,44.0,19.0,19.0,24.0,,,,,,,,10.0,,,,,,,,,32.0,,,24.0,32.0,,,,54.0,55.0,55.0,19.0,27.0,,,,,,,,,,,,,24.0,30.0,,,29.0,,,30.0,,,,,32.0
354,1089.998170375824,B2-01,R1,1,4,17.0,,,,,,,,,,,,,,34.0,29.0,,54.0,24.0,,,,19.0,35.0,35.0,,,17.0,15.0,,15.0,15.0,17.0,34.0,34.0,35.0,37.0,32.0,34.0,,,12.0,45.0,37.0,39.0,,,,17.0,,24.0,,,,,,,10.0,20.0,,,,,,25.0,,,,,,,,37.0,25.0,39.0,39.0,37.0,,,,,,,,,,,,,,,,32.0,35.0,12.0,22.0,,,,,,,,,,,,,,,,,,,,22.0,22.0,15.0,,,,45.0,49.0,49.0,42.0,45.0,,,,,,,,,,,,,,,,,,,,,14.0,,22.0,,,,29.0,89.0,97.0,97.0,80.0,92.0,,,,54.0,54.0,54.0,15.0,15.0,,,,,44.0,35.0,62.0,32.0,30.0,,,,,27.0,,,,,,29.0,30.0,32.0,,,32.0,35.0,34.0,,,,,,,,,,45.0,40.0,,9.0,12.0,,,,,37.0,44.0,44.0,19.0,19.0,24.0,,,,,,,,10.0,,,,,,,,,32.0,,,24.0,32.0,,,,54.0,55.0,55.0,19.0,27.0,,,,,,,,,,,,,24.0,30.0,,,29.0,,,30.0,,,,,32.0
355,1092.6220264434814,B2-01,R1,1,4,17.0,,,,,,,,,,,32.0,,,27.0,29.0,,55.0,37.0,,,,19.0,35.0,42.0,,,17.0,17.0,,15.0,15.0,17.0,34.0,34.0,25.0,24.0,32.0,34.0,14.0,10.0,14.0,42.0,42.0,39.0,,,,17.0,,24.0,,,,,,,29.0,34.0,35.0,,,,,32.0,29.0,27.0,,,,,,37.0,25.0,24.0,22.0,25.0,,,,,,,,,,,,,,,,32.0,35.0,22.0,22.0,24.0,,,,,,,,,,,,,,,,,,,27.0,24.0,15.0,,,,45.0,49.0,49.0,50.0,52.0,,,,,,,,,,,,,,,,,,,,,20.0,,22.0,,14.0,,29.0,100.0,94.0,97.0,99.0,99.0,,,,62.0,54.0,54.0,25.0,24.0,,,,,72.0,35.0,62.0,37.0,37.0,,,,14.0,20.0,,,,,,29.0,30.0,32.0,,,32.0,35.0,22.0,,,,,,,,,,45.0,40.0,,19.0,19.0,,,,,37.0,57.0,57.0,14.0,15.0,24.0,,,,,,,,10.0,,,,,,,,,39.0,,,24.0,32.0,,,,54.0,55.0,55.0,29.0,29.0,,,,,,,,,,,,,24.0,30.0,,,30.0,,,30.0,34.0,,,,30.0
356,1092.8587293624878,B2-01,R1,1,5,35.0,,37.0,,,,10.0,,,,,42.0,,20.0,30.0,,,34.0,9.0,,29.0,,32.0,44.0,37.0,22.0,22.0,39.0,39.0,39.0,39.0,39.0,39.0,,37.0,37.0,44.0,42.0,39.0,17.0,15.0,12.0,34.0,27.0,,24.0,24.0,,37.0,40.0,42.0,,,,,,,,,,30.0,30.0,,29.0,,35.0,35.0,37.0,15.0,,,,,,27.0,29.0,,,,,,,,,,5.0,,,,27.0,,,22.0,17.0,19.0,32.0,30.0,20.0,20.0,,29.0,40.0,40.0,15.0,12.0,17.0,,,,,,9.0,,,,,,,,,,57.0,57.0,54.0,24.0,24.0,14.0,,,,,17.0,,9.0,,,12.0,,25.0,20.0,,,,,,19.0,,,,,20.0,20.0,22.0,82.0,85.0,80.0,59.0,52.0,,,,35.0,,37.0,,,,,,,35.0,,,15.0,14.0,,,,,,34.0,,25.0,25.0,,,,19.0,,,24.0,20.0,19.0,15.0,15.0,14.0,30.0,,,14.0,29.0,29.0,24.0,27.0,,14.0,14.0,,20.0,,,54.0,54.0,54.0,59.0,59.0,,10.0,27.0,,22.0,24.0,24.0,,27.0,25.0,29.0,15.0,14.0,12.0,,,30.0,64.0,,,54.0,52.0,,,,60.0,72.0,72.0,20.0,22.0,,,,,,,,,,15.0,,,15.0,,,,30.0,,,32.0,42.0,,,,29.0
357,1095.27534198761,B2-01,R1,1,4,17.0,,,,,,,,,,,32.0,,,27.0,29.0,,55.0,37.0,,,,19.0,35.0,42.0,,,17.0,17.0,,15.0,15.0,17.0,34.0,34.0,25.0,24.0,32.0,34.0,14.0,10.0,14.0,42.0,42.0,39.0,,,,17.0,,24.0,,,,,,,29.0,34.0,35.0,,,,,32.0,29.0,27.0,,,,,,37.0,25.0,24.0,22.0,25.0,,,,,,,,,,,,,,,,32.0,35.0,22.0,22.0,24.0,,,,,,,,,,,,,,,,,,,27.0,24.0,15.0,,,,45.0,49.0,49.0,50.0,52.0,,,,,,,,,,,,,,,,,,,,,20.0,,22.0,,14.0,,29.0,100.0,94.0,97.0,77.0,99.0,,,,62.0,54.0,54.0,25.0,24.0,,,,,72.0,35.0,62.0,37.0,37.0,,,,14.0,20.0,,,,,,29.0,30.0,32.0,,,32.0,35.0,22.0,,,,,,,,,,45.0,40.0,,19.0,19.0,,,,,37.0,57.0,57.0,14.0,15.0,24.0,,,,,,,,10.0,,,,,,,,,39.0,,,24.0,32.0,,,,54.0,55.0,55.0,29.0,29.0,,,,,,,,,,,,,24.0,30.0,,,30.0,,,30.0,34.0,,,,30.0
358,1095.483873605728,B2-01,R1,1,5,30.0,,37.0,,,,10.0,,,,,,,20.0,34.0,,,35.0,10.0,,29.0,,27.0,44.0,37.0,14.0,10.0,37.0,37.0,39.0,39.0,37.0,37.0,,37.0,39.0,34.0,42.0,39.0,17.0,15.0,12.0,34.0,27.0,27.0,22.0,22.0,22.0,24.0,40.0,32.0,,,,,,,,,,20.0,20.0,,20.0,,35.0,30.0,24.0,15.0,,,,,,27.0,15.0,,,,,,,,,,5.0,,,,,,,22.0,17.0,20.0,32.0,30.0,10.0,20.0,,29.0,29.0,40.0,,,,,,,,,9.0,,,,,,,,,,37.0,57.0,54.0,24.0,24.0,,,,,,17.0,17.0,9.0,,,12.0,,,,,,,,,19.0,,,,,20.0,20.0,22.0,89.0,84.0,85.0,57.0,57.0,,,,,,37.0,,,,,,,,,,39.0,39.0,,,,,,,,,,,,,19.0,,,,,19.0,15.0,15.0,14.0,30.0,,,14.0,29.0,29.0,27.0,25.0,,14.0,14.0,,20.0,,,50.0,49.0,47.0,47.0,47.0,47.0,10.0,,,22.0,24.0,24.0,,22.0,,,15.0,14.0,12.0,,,17.0,57.0,,,27.0,22.0,,,,57.0,59.0,59.0,29.0,22.0,,,,,,,,,,15.0,,,15.0,,,,30.0,,,,42.0,,,,29.0
359,1098.1558322906494,B2-01,R1,1,5,30.0,,37.0,,,,10.0,,,,,,,20.0,34.0,,,35.0,10.0,,29.0,,27.0,44.0,37.0,14.0,10.0,37.0,37.0,39.0,39.0,37.0,37.0,,37.0,39.0,34.0,42.0,39.0,17.0,15.0,12.0,34.0,27.0,27.0,22.0,22.0,22.0,24.0,40.0,32.0,,,,,,,,,,20.0,20.0,,20.0,,35.0,30.0,24.0,15.0,,,,,,27.0,15.0,,,,,,,,,,5.0,,,,,,,22.0,17.0,20.0,32.0,30.0,10.0,20.0,,29.0,29.0,40.0,,,,,,,,,9.0,,,,,,,,,,37.0,57.0,54.0,24.0,24.0,,,,,,17.0,17.0,9.0,,,12.0,,,,,,,,,19.0,,,,,20.0,20.0,22.0,89.0,84.0,85.0,54.0,57.0,,,,,,37.0,,,,,,,,,,39.0,39.0,,,,,,,,,,,,,19.0,,,,,19.0,15.0,15.0,14.0,30.0,,,14.0,29.0,29.0,27.0,25.0,,14.0,14.0,,20.0,,,50.0,49.0,47.0,47.0,47.0,47.0,10.0,,,22.0,24.0,24.0,,22.0,,,15.0,14.0,12.0,,,17.0,57.0,,,27.0,22.0,,,,57.0,59.0,59.0,29.0,22.0,,,,,,,,,,15.0,,,15.0,,,,30.0,,,,42.0,,,,29.0
360,1101.5224313735962,B2-01,R1,1,4,17.0,,,,,,,,,,,32.0,,,35.0,29.0,,59.0,25.0,,32.0,,,14.0,42.0,,,17.0,17.0,,15.0,15.0,17.0,25.0,,25.0,27.0,27.0,29.0,14.0,10.0,14.0,40.0,34.0,34.0,,,,17.0,,24.0,,,,,,,29.0,34.0,35.0,,,,,17.0,29.0,27.0,,,,,,19.0,25.0,24.0,22.0,25.0,,,,,,,,,,,,,,,,,,20.0,22.0,24.0,,,,,,,,,,,,,,,,,,,27.0,24.0,15.0,,,,34.0,49.0,49.0,22.0,22.0,,,,,,,,,,,,,,,,,,,,,14.0,,22.0,,14.0,,,94.0,89.0,89.0,76.0,85.0,,,,62.0,47.0,,25.0,24.0,,,,,54.0,50.0,50.0,30.0,30.0,,,,14.0,20.0,,,,,,29.0,30.0,,,,32.0,,22.0,,,,,,,,,,45.0,30.0,29.0,19.0,19.0,,,,,34.0,35.0,37.0,17.0,15.0,24.0,,,,,,,,10.0,,,,,,,,,27.0,,,30.0,32.0,,,,47.0,55.0,55.0,22.0,20.0,,,,,,,,,,,,,24.0,19.0,,,20.0,,,30.0,20.0,,,,30.0
361,1104.407121181488,B2-01,R1,1,5,30.0,10.0,37.0,,,,10.0,,,,,,,22.0,30.0,,,42.0,12.0,,29.0,,27.0,47.0,49.0,20.0,20.0,37.0,35.0,39.0,37.0,35.0,35.0,57.0,37.0,39.0,57.0,60.0,57.0,14.0,12.0,,34.0,27.0,29.0,22.0,22.0,12.0,24.0,40.0,32.0,,,,,,,,,,17.0,17.0,,17.0,,42.0,42.0,45.0,15.0,,,,,,27.0,15.0,,,,,,,,,,5.0,,,,,,,22.0,17.0,20.0,32.0,27.0,10.0,20.0,,29.0,29.0,37.0,,,,,,,,,9.0,,,,,,,,,,50.0,49.0,49.0,19.0,24.0,,,,,,17.0,17.0,9.0,,,12.0,,24.0,27.0,,,,,,19.0,,,,,20.0,20.0,25.0,87.0,84.0,87.0,64.0,64.0,,,,,,37.0,,,,,,,,,,27.0,27.0,,,,,,,,,,,,,19.0,,,,,19.0,15.0,15.0,14.0,30.0,,,24.0,29.0,25.0,42.0,39.0,,14.0,14.0,,20.0,,,57.0,49.0,47.0,47.0,47.0,47.0,10.0,,,22.0,24.0,24.0,,40.0,,35.0,15.0,14.0,12.0,,,27.0,57.0,,,42.0,42.0,,,,55.0,55.0,54.0,35.0,35.0,,,,,,,,,,15.0,,,15.0,,,,30.0,,,,45.0,,,,29.0
362,1107.7625195980072,B2-01,R1,1,4,17.0,,19.0,,,,,,,15.0,,27.0,,,42.0,29.0,,57.0,22.0,,42.0,,,32.0,30.0,,,17.0,17.0,,12.0,14.0,12.0,25.0,,27.0,27.0,32.0,4.0,14.0,10.0,14.0,37.0,35.0,34.0,,,,,22.0,24.0,12.0,,,,,,29.0,34.0,35.0,,,,,17.0,29.0,27.0,,,,,,19.0,,24.0,22.0,25.0,,,,,,,,,,,,,,,,24.0,,20.0,20.0,24.0,,,,,,,,,,,,,,,,,,,27.0,22.0,,,,,60.0,49.0,49.0,29.0,29.0,,,,,5.0,,,,,,,,,,,,,,,,29.0,25.0,25.0,,14.0,,,75.0,100.0,89.0,85.0,85.0,,,,62.0,47.0,,19.0,19.0,,,,,54.0,59.0,50.0,24.0,22.0,,,,14.0,25.0,,,,,,42.0,,,,,32.0,,22.0,,,,,,,,,,45.0,30.0,29.0,19.0,19.0,,,,,34.0,44.0,44.0,24.0,22.0,,,,,,,,,10.0,,,,,,,,,37.0,,,32.0,32.0,,,,62.0,54.0,54.0,22.0,22.0,,,,17.0,,,,,,,,,24.0,37.0,,,20.0,,,30.0,19.0,,,,37.0
363,1110.7126185894012,B2-01,R1,1,5,30.0,10.0,37.0,,,,10.0,,,,,,,22.0,30.0,,,42.0,10.0,,29.0,,34.0,45.0,49.0,14.0,14.0,37.0,35.0,39.0,37.0,35.0,35.0,49.0,37.0,45.0,40.0,42.0,44.0,14.0,12.0,,30.0,29.0,29.0,22.0,22.0,12.0,24.0,42.0,42.0,,,,,,,,,,19.0,17.0,19.0,19.0,,42.0,42.0,32.0,14.0,9.0,,,,,27.0,10.0,,,,,,,,,,5.0,,,,,,,22.0,17.0,20.0,32.0,27.0,10.0,20.0,,39.0,29.0,37.0,15.0,15.0,,,,,,,9.0,,,,,,19.0,,,,22.0,44.0,44.0,19.0,19.0,,,,27.0,32.0,32.0,34.0,9.0,,,12.0,,24.0,14.0,,,,,,19.0,,,,,20.0,20.0,25.0,65.0,84.0,87.0,59.0,59.0,,,,,,37.0,,,,,,,,,,15.0,15.0,,,,,,,,,,,,,19.0,,,,,,15.0,15.0,14.0,30.0,,,25.0,29.0,25.0,27.0,39.0,,14.0,14.0,,20.0,,,57.0,52.0,52.0,25.0,27.0,47.0,24.0,,,22.0,24.0,24.0,,40.0,,35.0,15.0,14.0,12.0,,,17.0,52.0,,,20.0,57.0,,,,55.0,77.0,77.0,30.0,30.0,,,,,,,,20.0,,15.0,,,15.0,,,,,,,,45.0,,,,
364,1114.0092422962189,B2-01,R1,1,4,17.0,,19.0,,,,,,,15.0,,27.0,,,42.0,29.0,,57.0,22.0,,42.0,,,32.0,30.0,,,17.0,17.0,,12.0,14.0,12.0,25.0,,27.0,27.0,32.0,4.0,14.0,10.0,14.0,37.0,35.0,34.0,,,,,22.0,24.0,12.0,,,,,,29.0,34.0,35.0,,,,,17.0,29.0,27.0,,,,,,19.0,,24.0,22.0,25.0,,,,,,,,,,,,,,,,24.0,,20.0,20.0,24.0,,,,,,,,,,,,,,,,,,,27.0,22.0,,,,,60.0,49.0,49.0,29.0,29.0,,,,,5.0,,,,,,,,,,,,,,,,29.0,25.0,25.0,,14.0,,,75.0,100.0,89.0,80.0,85.0,,,,62.0,47.0,,19.0,19.0,,,,,54.0,59.0,50.0,24.0,22.0,,,,14.0,25.0,,,,,,42.0,,,,,32.0,,22.0,,,,,,,,,,45.0,30.0,29.0,19.0,19.0,,,,,34.0,44.0,44.0,24.0,22.0,,,,,,,,,10.0,,,,,,,,,37.0,,,32.0,32.0,,,,62.0,54.0,54.0,22.0,22.0,,,,17.0,,,,,,,,,24.0,37.0,,,20.0,,,30.0,19.0,,,,37.0
365,1116.9982318878174,B2-01,R1,1,5,30.0,10.0,37.0,,,,10.0,,,,,,,22.0,30.0,,,42.0,10.0,,29.0,,34.0,45.0,49.0,14.0,14.0,37.0,35.0,39.0,37.0,35.0,35.0,49.0,37.0,45.0,40.0,42.0,44.0,14.0,12.0,,30.0,29.0,29.0,22.0,22.0,12.0,24.0,42.0,42.0,,,,,,,,,,19.0,17.0,19.0,19.0,,42.0,42.0,32.0,14.0,9.0,,,,,27.0,10.0,,,,,,,,,,5.0,,,,,,,22.0,17.0,20.0,32.0,27.0,10.0,20.0,,39.0,29.0,37.0,15.0,15.0,,,,,,,9.0,,,,,,19.0,,,,22.0,44.0,44.0,19.0,19.0,,,,27.0,32.0,32.0,34.0,9.0,,,12.0,,24.0,14.0,,,,,,19.0,,,,,20.0,20.0,25.0,65.0,84.0,87.0,51.0,59.0,,,,,,37.0,,,,,,,,,,15.0,15.0,,,,,,,,,,,,,19.0,,,,,,15.0,15.0,14.0,30.0,,,25.0,29.0,25.0,27.0,39.0,,14.0,14.0,,20.0,,,57.0,52.0,52.0,25.0,27.0,47.0,24.0,,,22.0,24.0,24.0,,40.0,,35.0,15.0,14.0,12.0,,,17.0,52.0,,,20.0,57.0,,,,55.0,77.0,77.0,30.0,30.0,,,,,,,,20.0,,15.0,,,15.0,,,,,,,,45.0,,,,
366,1119.6333270072937,B2-01,R1,1,5,30.0,10.0,37.0,,,,10.0,,,,,,,22.0,12.0,,,44.0,10.0,,29.0,,32.0,45.0,49.0,14.0,14.0,44.0,44.0,39.0,44.0,44.0,44.0,55.0,,54.0,50.0,42.0,52.0,19.0,19.0,,30.0,29.0,25.0,22.0,22.0,12.0,27.0,37.0,37.0,,,,,,,,,,22.0,22.0,19.0,20.0,44.0,42.0,44.0,44.0,14.0,9.0,,,,,27.0,10.0,,,,,,,,,,5.0,10.0,19.0,,,,,22.0,17.0,20.0,25.0,27.0,10.0,20.0,,39.0,42.0,42.0,15.0,15.0,,10.0,,,,,9.0,,14.0,,,,19.0,,,,45.0,44.0,44.0,27.0,29.0,,,,27.0,32.0,40.0,40.0,9.0,,,15.0,20.0,24.0,17.0,,,,,,19.0,,,,,12.0,20.0,25.0,65.0,94.0,87.0,61.0,52.0,,,,,39.0,37.0,,,,,,,,,,25.0,27.0,,,,,24.0,20.0,22.0,,,,,,19.0,,,,,,15.0,15.0,14.0,,,,25.0,29.0,25.0,44.0,39.0,40.0,17.0,19.0,,,,,59.0,52.0,60.0,25.0,30.0,47.0,19.0,,,17.0,20.0,24.0,,40.0,,27.0,15.0,17.0,12.0,,,14.0,52.0,,,59.0,55.0,,,,77.0,79.0,79.0,55.0,55.0,,,,,,,,20.0,,,,,15.0,,,,34.0,,,34.0,32.0,,,,
367,1120.269406080246,B2-01,R1,1,4,14.0,,19.0,,,,,,,15.0,,27.0,,,34.0,29.0,,50.0,50.0,,27.0,,,24.0,24.0,,,17.0,17.0,,12.0,14.0,12.0,25.0,,27.0,27.0,32.0,4.0,14.0,10.0,14.0,35.0,30.0,32.0,,,,,22.0,,12.0,,,,,,29.0,34.0,35.0,,,,,17.0,29.0,27.0,,,,,,17.0,20.0,17.0,22.0,25.0,,,,,,,,,,,,,,,,24.0,,20.0,20.0,24.0,,,,,,,,,,,,,,,,,,,27.0,22.0,15.0,,,,45.0,39.0,39.0,20.0,20.0,19.0,,,,5.0,,,,,,,,,,,,,,,,19.0,25.0,25.0,,14.0,,,100.0,100.0,100.0,76.0,90.0,,,,62.0,42.0,,30.0,30.0,,,,,52.0,49.0,49.0,34.0,32.0,34.0,,,14.0,25.0,,,,,,25.0,24.0,24.0,,,32.0,,22.0,,,,,,,,,,34.0,30.0,29.0,19.0,19.0,,,,,19.0,35.0,44.0,15.0,14.0,15.0,,,,,,,,,,,,,,,,,19.0,,,30.0,30.0,,,,62.0,52.0,52.0,25.0,25.0,,,,17.0,,,,,,,,,,37.0,,,20.0,,,30.0,22.0,,,,37.0
368,1126.517066001892,B2-01,R1,1,4,27.0,,20.0,,,,,,,15.0,,27.0,,,40.0,29.0,,55.0,20.0,,39.0,,,32.0,34.0,,,17.0,17.0,,12.0,14.0,12.0,25.0,,27.0,27.0,32.0,24.0,14.0,10.0,14.0,25.0,29.0,29.0,,,,20.0,22.0,,10.0,,,,,,29.0,34.0,35.0,,,,,15.0,29.0,27.0,,,,,,19.0,20.0,17.0,19.0,20.0,,,,,,,,,,,,,,19.0,,24.0,,20.0,20.0,24.0,,,,,,,,,,,,,,,,,,,27.0,25.0,20.0,,,,42.0,57.0,57.0,37.0,37.0,19.0,,,,5.0,,,,,,,,,,,,,,,,30.0,25.0,25.0,,10.0,,,97.0,95.0,95.0,77.0,94.0,,,,54.0,42.0,64.0,20.0,20.0,,,,,55.0,49.0,49.0,20.0,22.0,34.0,,,14.0,25.0,,,,,,20.0,29.0,29.0,,,32.0,,22.0,,,,,,,,,,34.0,30.0,29.0,19.0,19.0,,,,,49.0,47.0,47.0,22.0,22.0,15.0,,,,,,,,,,,,,,,,,35.0,,,30.0,29.0,,,,52.0,47.0,47.0,30.0,30.0,,,,15.0,,,,,,,,,,35.0,,,20.0,,,37.0,22.0,,,,35.0
369,1129.5893878936768,B2-01,R1,1,5,30.0,10.0,,,,,,,,,,,,19.0,12.0,,,32.0,14.0,,,,32.0,29.0,34.0,14.0,14.0,32.0,32.0,,32.0,34.0,34.0,55.0,,47.0,42.0,45.0,52.0,19.0,19.0,,32.0,30.0,30.0,22.0,22.0,12.0,27.0,37.0,37.0,,,,,,,,,,17.0,19.0,19.0,17.0,44.0,42.0,35.0,35.0,14.0,9.0,,,,,,20.0,,,,,,,,,,,10.0,19.0,,,,,,,20.0,25.0,27.0,17.0,17.0,,39.0,42.0,42.0,15.0,15.0,,10.0,,,,,,,14.0,,,,19.0,,,,55.0,45.0,45.0,24.0,29.0,,,,27.0,32.0,40.0,40.0,,,,17.0,20.0,24.0,17.0,,,,,,,,,,,12.0,,25.0,29.0,77.0,77.0,60.0,60.0,,,,,39.0,,,,,,,,,,,12.0,14.0,,,,,24.0,20.0,22.0,12.0,12.0,,30.0,,,,,,,,,,,,,,25.0,,25.0,30.0,32.0,34.0,12.0,14.0,,,,,59.0,52.0,60.0,37.0,39.0,47.0,24.0,,,17.0,20.0,,,14.0,,27.0,15.0,17.0,,,,34.0,57.0,,,37.0,19.0,,,,64.0,77.0,77.0,32.0,30.0,,,,,,,,20.0,,,,,,,,,25.0,,,34.0,32.0,,,,
370,1132.2171494960785,B2-01,R1,1,5,30.0,10.0,,,,,,,,,,,,19.0,12.0,,,32.0,14.0,,,,32.0,29.0,34.0,14.0,14.0,32.0,32.0,,32.0,34.0,34.0,55.0,,47.0,42.0,45.0,52.0,19.0,19.0,,32.0,30.0,30.0,22.0,22.0,12.0,27.0,37.0,37.0,,,,,,,,,,17.0,19.0,19.0,17.0,44.0,42.0,35.0,35.0,14.0,9.0,,,,,,20.0,,,,,,,,,,,10.0,19.0,,,,,,,20.0,25.0,27.0,17.0,17.0,,39.0,42.0,42.0,15.0,15.0,,10.0,,,,,,,14.0,,,,19.0,,,,55.0,45.0,45.0,24.0,29.0,,,,27.0,32.0,40.0,40.0,,,,17.0,20.0,24.0,17.0,,,,,,,,,,,12.0,,25.0,29.0,77.0,77.0,62.0,60.0,,,,,39.0,,,,,,,,,,,12.0,14.0,,,,,24.0,20.0,22.0,12.0,12.0,,30.0,,,,,,,,,,,,,,25.0,,25.0,30.0,32.0,34.0,12.0,14.0,,,,,59.0,52.0,60.0,37.0,39.0,47.0,24.0,,,17.0,20.0,,,14.0,,27.0,15.0,17.0,,,,34.0,57.0,,,37.0,19.0,,,,64.0,77.0,77.0,32.0,30.0,,,,,,,,20.0,,,,,,,,,25.0,,,34.0,32.0,,,,
371,1132.850883245468,B2-01,R1,1,4,27.0,,20.0,,,,,,,15.0,,27.0,,,40.0,29.0,,39.0,50.0,,39.0,,,14.0,17.0,,,,,,12.0,14.0,12.0,25.0,,27.0,14.0,17.0,24.0,,,,32.0,29.0,29.0,,,,20.0,22.0,,10.0,,,,,,,,,,,,,15.0,,,,,,,,19.0,22.0,15.0,19.0,20.0,,,,,,,,,,,,,,19.0,,24.0,,22.0,20.0,,,,,12.0,,,,,,,,,,,,,,,,25.0,5.0,,,,47.0,42.0,42.0,17.0,17.0,19.0,,,,5.0,,,,,,,,,,,,,,,,17.0,25.0,25.0,,10.0,,,100.0,100.0,100.0,92.0,92.0,,,,19.0,42.0,64.0,29.0,29.0,,,,,57.0,49.0,49.0,35.0,35.0,34.0,,,,24.0,27.0,,,,,20.0,29.0,29.0,,,,,22.0,,,,,,,,,,29.0,32.0,29.0,,,,,,,49.0,47.0,34.0,22.0,22.0,15.0,,,,,,,,,,,,,,27.0,,,35.0,,,30.0,30.0,,,,44.0,47.0,52.0,27.0,27.0,,,,15.0,,,,,,,,,,35.0,,,20.0,,,37.0,22.0,,,,35.0
372,1138.4762823581696,B2-01,R1,1,5,,10.0,,,22.0,,,,,,,,,25.0,27.0,,,39.0,9.0,,,,32.0,54.0,50.0,14.0,14.0,34.0,34.0,,34.0,34.0,34.0,59.0,57.0,57.0,55.0,45.0,52.0,19.0,19.0,,35.0,32.0,32.0,17.0,19.0,12.0,34.0,37.0,37.0,27.0,,,,,,,,,19.0,20.0,19.0,20.0,42.0,42.0,40.0,35.0,15.0,9.0,,,27.0,,,20.0,,,,,,,,,,,10.0,19.0,,,,,,,12.0,30.0,30.0,17.0,15.0,,39.0,42.0,42.0,15.0,15.0,,10.0,,,,,,,14.0,,,,19.0,,,,52.0,45.0,45.0,27.0,29.0,,,,27.0,32.0,40.0,30.0,,,,24.0,20.0,24.0,17.0,,,,,,,,,,,15.0,19.0,19.0,95.0,77.0,77.0,56.0,72.0,,24.0,,,39.0,,,,,,,,59.0,,,12.0,14.0,,,,,24.0,15.0,25.0,12.0,14.0,,30.0,,,,,,,,,,,,,,12.0,,25.0,30.0,32.0,34.0,12.0,14.0,,,,,52.0,54.0,54.0,52.0,52.0,50.0,15.0,,,17.0,20.0,,,27.0,30.0,27.0,14.0,12.0,,,,32.0,65.0,,,54.0,55.0,,,,80.0,85.0,85.0,32.0,30.0,,,,,,,,20.0,,,,,,,,,25.0,,,34.0,45.0,,,,
373,1139.176814079285,B2-01,R1,1,4,27.0,,20.0,,,,,,,15.0,,27.0,,,40.0,29.0,,39.0,50.0,,39.0,,,14.0,17.0,,,,,,12.0,14.0,12.0,25.0,,27.0,14.0,17.0,24.0,,,,32.0,29.0,29.0,,,,20.0,22.0,,10.0,,,,,,,,,,,,,15.0,,,,,,,,19.0,22.0,15.0,19.0,20.0,,,,,,,,,,,,,,19.0,,24.0,,22.0,20.0,,,,,12.0,,,,,,,,,,,,,,,,25.0,5.0,,,,47.0,42.0,42.0,17.0,17.0,19.0,,,,5.0,,,,,,,,,,,,,,,,17.0,25.0,25.0,,10.0,,,100.0,100.0,100.0,75.0,92.0,,,,19.0,42.0,64.0,29.0,29.0,,,,,57.0,49.0,49.0,35.0,35.0,34.0,,,,24.0,27.0,,,,,20.0,29.0,29.0,,,,,22.0,,,,,,,,,,29.0,32.0,29.0,,,,,,,49.0,47.0,34.0,22.0,22.0,15.0,,,,,,,,,,,,,,27.0,,,35.0,,,30.0,30.0,,,,44.0,47.0,52.0,27.0,27.0,,,,15.0,,,,,,,,,,35.0,,,20.0,,,37.0,22.0,,,,35.0
374,1141.793399333954,B2-01,R1,1,4,27.0,,20.0,,,,,,,15.0,,27.0,,,40.0,29.0,,57.0,29.0,,39.0,,,30.0,17.0,,,12.0,,,10.0,12.0,14.0,,,27.0,30.0,17.0,24.0,,,,32.0,29.0,37.0,,,,20.0,22.0,,10.0,,,,,,,,,,,,,15.0,,,,,,,,19.0,22.0,15.0,19.0,20.0,,,,,,,,,,,,,,19.0,,24.0,,22.0,20.0,,,,,12.0,,,,,,,,,,,,,,,,25.0,5.0,,,,47.0,42.0,59.0,17.0,29.0,19.0,,,,5.0,,,,,,,,,,,,,,,,17.0,25.0,20.0,,10.0,,,100.0,100.0,100.0,90.0,90.0,,,,19.0,42.0,64.0,14.0,15.0,,,,,57.0,49.0,49.0,20.0,22.0,34.0,,,,24.0,27.0,,,,,20.0,29.0,29.0,,,,,22.0,,,,,,,,,,29.0,32.0,,,,,,,,49.0,47.0,34.0,25.0,25.0,15.0,,,,,,,,,,,,,,27.0,,,35.0,,,30.0,35.0,,,,55.0,47.0,50.0,25.0,24.0,,,,15.0,,,,,,,,,,35.0,,,,,,37.0,22.0,,,,35.0
375,1144.4536471366882,B2-01,R1,1,4,27.0,,20.0,,,,,,,15.0,,27.0,,,40.0,29.0,,57.0,29.0,,39.0,,,30.0,17.0,,,12.0,,,10.0,12.0,14.0,,,27.0,30.0,17.0,24.0,,,,32.0,29.0,37.0,,,,20.0,22.0,,10.0,,,,,,,,,,,,,15.0,,,,,,,,19.0,22.0,15.0,19.0,20.0,,,,,,,,,,,,,,19.0,,24.0,,22.0,20.0,,,,,12.0,,,,,,,,,,,,,,,,25.0,5.0,,,,47.0,42.0,59.0,17.0,29.0,19.0,,,,5.0,,,,,,,,,,,,,,,,17.0,25.0,20.0,,10.0,,,100.0,100.0,100.0,74.0,90.0,,,,19.0,42.0,64.0,14.0,15.0,,,,,57.0,49.0,49.0,20.0,22.0,34.0,,,,24.0,27.0,,,,,20.0,29.0,29.0,,,,,22.0,,,,,,,,,,29.0,32.0,,,,,,,,49.0,47.0,34.0,25.0,25.0,15.0,,,,,,,,,,,,,,27.0,,,35.0,,,30.0,35.0,,,,55.0,47.0,50.0,25.0,24.0,,,,15.0,,,,,,,,,,35.0,,,,,,37.0,22.0,,,,35.0
376,1144.748356103897,B2-01,R1,1,5,35.0,10.0,,,22.0,,,,,,,39.0,,20.0,32.0,,,37.0,9.0,,,,29.0,44.0,45.0,15.0,14.0,37.0,37.0,,37.0,37.0,37.0,59.0,57.0,44.0,34.0,37.0,52.0,19.0,19.0,,35.0,32.0,25.0,17.0,19.0,,35.0,39.0,39.0,27.0,,,,,,,,,24.0,24.0,19.0,24.0,42.0,39.0,37.0,37.0,15.0,9.0,,,27.0,,,20.0,,,,,,,,,,,10.0,19.0,,,,,,,27.0,35.0,37.0,17.0,15.0,,39.0,35.0,34.0,14.0,12.0,,10.0,,,,,,,14.0,,,,19.0,,,,42.0,35.0,45.0,27.0,22.0,,27.0,,27.0,32.0,25.0,24.0,,,,17.0,20.0,24.0,17.0,,,,,,17.0,,,,,15.0,19.0,19.0,72.0,77.0,77.0,52.0,47.0,,30.0,34.0,,39.0,,,,,,,,59.0,,,12.0,14.0,,,,,32.0,35.0,30.0,12.0,14.0,,30.0,,,,,,,,,,,,,,24.0,,,30.0,32.0,34.0,12.0,14.0,,,,,39.0,55.0,55.0,50.0,49.0,50.0,15.0,,,17.0,20.0,,,22.0,30.0,27.0,14.0,12.0,,,,25.0,69.0,,,55.0,57.0,,,,45.0,47.0,49.0,29.0,27.0,,,,,,,,20.0,,,,,,,,,25.0,,,34.0,44.0,,,,
377,1150.702773809433,B2-01,R1,1,4,27.0,,20.0,,,,,,,,,,,,37.0,30.0,,60.0,49.0,,39.0,,,20.0,22.0,,,12.0,,,10.0,12.0,14.0,,,,30.0,17.0,24.0,,,,22.0,29.0,37.0,,,,20.0,,,10.0,,,,,,,,,,,,,15.0,,,,,,,,19.0,22.0,19.0,19.0,20.0,,,,,,,,,,,,,,19.0,,,,22.0,,,,,,12.0,,,,,,,,,,,,,,,,25.0,5.0,,,,45.0,42.0,59.0,30.0,29.0,19.0,,,,,,,,,,,,,,,,,,,,22.0,25.0,20.0,,14.0,,,99.0,95.0,95.0,70.0,84.0,,,,19.0,39.0,64.0,24.0,24.0,,,,,52.0,55.0,55.0,29.0,29.0,34.0,,,,24.0,27.0,,,,,20.0,29.0,29.0,,,,,,,,,,,,,,,32.0,32.0,34.0,,,,,,,49.0,47.0,34.0,14.0,15.0,15.0,,,,,,,,,,,,,,29.0,,,29.0,,,30.0,30.0,,,,44.0,50.0,50.0,25.0,25.0,,,,15.0,,,,,,,,,,25.0,,,24.0,,,37.0,22.0,,,,35.0
378,1151.0341334342957,B2-01,R1,1,5,35.0,10.0,,,22.0,,,,,,,45.0,,25.0,34.0,,,37.0,9.0,27.0,34.0,,29.0,44.0,65.0,22.0,20.0,37.0,37.0,,37.0,37.0,37.0,45.0,42.0,44.0,34.0,47.0,44.0,25.0,25.0,,25.0,30.0,30.0,17.0,19.0,,35.0,39.0,39.0,27.0,,30.0,,,,,,,30.0,30.0,,30.0,42.0,39.0,37.0,29.0,15.0,9.0,,,27.0,,,20.0,,,,,,,,,,14.0,10.0,19.0,,,,,,24.0,27.0,24.0,25.0,17.0,15.0,,,39.0,39.0,14.0,12.0,,10.0,,,,,,,14.0,,,,,,,,45.0,35.0,52.0,19.0,20.0,,27.0,,,,25.0,24.0,,,,12.0,20.0,24.0,17.0,,,,,,12.0,,,,,15.0,19.0,19.0,89.0,85.0,77.0,55.0,47.0,,30.0,34.0,,39.0,,,,,,,,59.0,,,12.0,12.0,,,,,27.0,25.0,27.0,12.0,14.0,,30.0,,,,,,,,,,,,,,22.0,27.0,,30.0,32.0,34.0,15.0,17.0,,,,,72.0,69.0,69.0,47.0,47.0,50.0,15.0,,,17.0,19.0,,,22.0,30.0,30.0,14.0,12.0,,,,34.0,69.0,,,57.0,57.0,,,,45.0,47.0,49.0,39.0,37.0,,,,,,,,24.0,,,,,,,,,25.0,,,34.0,44.0,,,,
379,1160.627634525299,B2-01,R1,1,4,12.0,,20.0,,,,,,,,,,,,44.0,30.0,,54.0,17.0,,39.0,,,39.0,37.0,,,14.0,15.0,,15.0,14.0,14.0,30.0,27.0,,30.0,30.0,30.0,,,,37.0,39.0,37.0,,,,20.0,,,10.0,,,,,,,,,,,,,15.0,,,22.0,,,,,19.0,22.0,19.0,19.0,20.0,,,,,,,,,,,,,,19.0,22.0,22.0,,24.0,24.0,25.0,,,,12.0,,,,,,,,,,,,,,,,25.0,14.0,,,,45.0,54.0,54.0,24.0,25.0,,9.0,,,,,,,,,,,,,,,,,,,24.0,24.0,25.0,,19.0,17.0,,95.0,97.0,97.0,77.0,89.0,,,,19.0,57.0,59.0,19.0,19.0,,,,,52.0,55.0,55.0,22.0,22.0,,,,,24.0,15.0,,,,,20.0,29.0,29.0,,,,,,,,,,,,,,,32.0,44.0,34.0,,,,,,,45.0,40.0,40.0,14.0,15.0,,,,,,,,,,,,,,,29.0,,,29.0,,,39.0,37.0,,,,52.0,49.0,50.0,20.0,25.0,,,,15.0,,,,,,,,,,34.0,,,24.0,,,37.0,,,,,35.0
380,1211.871910572052,B2-01,R1,1,5,12.0,,,,,,,,,,,,,22.0,32.0,24.0,,35.0,9.0,,29.0,,,44.0,45.0,17.0,17.0,47.0,47.0,,47.0,47.0,47.0,54.0,49.0,49.0,54.0,30.0,57.0,20.0,20.0,22.0,29.0,25.0,37.0,24.0,24.0,24.0,30.0,,35.0,,,,,,,,,,22.0,22.0,22.0,22.0,,,,35.0,,,,9.0,17.0,,25.0,17.0,,,,,,,,,,,,,,,,22.0,22.0,,24.0,24.0,25.0,20.0,20.0,20.0,,,,17.0,15.0,17.0,,,,,,,,,,,,14.0,,,,37.0,35.0,54.0,25.0,25.0,,22.0,,,,,,,,,17.0,,,,,,,,,,30.0,30.0,30.0,,19.0,17.0,22.0,100.0,95.0,95.0,50.0,50.0,,,,,39.0,59.0,19.0,12.0,,,,,57.0,55.0,54.0,14.0,12.0,,,,,,15.0,,,,,20.0,,,,,,,,,,,,,,,,24.0,42.0,44.0,27.0,19.0,17.0,17.0,,,,45.0,40.0,29.0,45.0,45.0,45.0,,,,20.0,19.0,,,,,,,,,27.0,,30.0,20.0,,,57.0,60.0,,,,75.0,65.0,42.0,37.0,37.0,,,,,19.0,,,,,,,,,34.0,,,35.0,,,24.0,37.0,5.0,,,25.0
381,1218.1776235103607,B2-01,R1,1,5,12.0,,,,,,,,,,,,,22.0,32.0,24.0,,35.0,9.0,,29.0,,,44.0,45.0,17.0,17.0,47.0,47.0,,47.0,47.0,47.0,54.0,49.0,49.0,54.0,30.0,57.0,20.0,20.0,22.0,29.0,25.0,37.0,24.0,24.0,24.0,30.0,,35.0,,,,,,,,,,22.0,22.0,22.0,22.0,,,,35.0,,,,9.0,17.0,,25.0,17.0,,,,,,,,,,,,,,,,22.0,22.0,,24.0,24.0,25.0,20.0,20.0,20.0,,,,17.0,15.0,17.0,,,,,,,,,,,,14.0,,,,37.0,35.0,54.0,25.0,25.0,,22.0,,,,,,,,,17.0,,,,,,,,,,30.0,30.0,30.0,,19.0,17.0,22.0,100.0,95.0,95.0,49.0,50.0,,,,,39.0,59.0,19.0,12.0,,,,,57.0,55.0,54.0,14.0,12.0,,,,,,15.0,,,,,20.0,,,,,,,,,,,,,,,,24.0,42.0,44.0,27.0,19.0,17.0,17.0,,,,45.0,40.0,29.0,45.0,45.0,45.0,,,,20.0,19.0,,,,,,,,,27.0,,30.0,20.0,,,57.0,60.0,,,,75.0,65.0,42.0,37.0,37.0,,,,,19.0,,,,,,,,,34.0,,,35.0,,,24.0,37.0,5.0,,,25.0
382,1220.8116173744202,B2-01,R1,1,5,,,,,,,,,,,,,,22.0,22.0,,,35.0,9.0,,20.0,,,54.0,54.0,10.0,9.0,34.0,34.0,,34.0,34.0,34.0,27.0,35.0,37.0,54.0,,29.0,14.0,14.0,14.0,,,,10.0,14.0,24.0,17.0,30.0,29.0,,,,,,,,,,17.0,19.0,22.0,19.0,40.0,,,40.0,,,,9.0,,,25.0,,,,,,,,,,,,,,,,,,,,24.0,,,14.0,12.0,20.0,,,,17.0,15.0,17.0,,,,,,,,,,,,,,,,39.0,44.0,44.0,,,,19.0,,,19.0,,,,,,17.0,,,,,,,,,,30.0,30.0,30.0,,22.0,,22.0,70.0,74.0,74.0,58.0,57.0,,,,,,,,,,,,,59.0,,,19.0,19.0,,,,,,,,,,,,,,,,,,,,10.0,,,,,,,24.0,27.0,,,19.0,17.0,17.0,,,,45.0,52.0,52.0,44.0,44.0,44.0,,,,20.0,19.0,,,27.0,,,,,,,,39.0,45.0,,,44.0,47.0,,,,55.0,52.0,52.0,37.0,37.0,,,,,19.0,,,,,,,,,,,,35.0,,,,30.0,5.0,,,
383,1230.7160019874573,B2-01,R1,1,5,39.0,,37.0,,,,,,,,,49.0,,22.0,22.0,,,50.0,12.0,,20.0,,,52.0,52.0,10.0,10.0,42.0,42.0,,42.0,42.0,42.0,47.0,47.0,47.0,42.0,44.0,49.0,14.0,14.0,14.0,,,,12.0,12.0,24.0,17.0,30.0,29.0,25.0,29.0,29.0,,,,,,,17.0,15.0,17.0,17.0,42.0,,,40.0,,,,9.0,,,27.0,,,,,,,,,,,,,27.0,,,,,,,24.0,,,12.0,15.0,20.0,,,,17.0,15.0,17.0,,,,,,,,,,,,,,,,39.0,44.0,44.0,30.0,30.0,,34.0,,,34.0,,,,,,17.0,,,,,,,,,,30.0,30.0,30.0,,22.0,,17.0,72.0,74.0,74.0,55.0,55.0,,,,,,,,,,,,,59.0,,,15.0,15.0,,,,,,,,,,,,,,,,12.0,,,,10.0,,,,24.0,,,24.0,27.0,,,15.0,14.0,17.0,20.0,,,55.0,54.0,54.0,49.0,49.0,49.0,,,,15.0,17.0,,,27.0,,,,,,,,20.0,39.0,,,44.0,47.0,,,,72.0,74.0,70.0,39.0,37.0,,,,,19.0,,,,,,20.0,,,25.0,,,25.0,,,,30.0,5.0,,,
384,1233.3776462078094,B2-01,R1,1,5,39.0,,37.0,,,,,,,,,49.0,,22.0,22.0,,,50.0,12.0,,20.0,,,52.0,52.0,10.0,10.0,42.0,42.0,,42.0,42.0,42.0,47.0,47.0,47.0,42.0,44.0,49.0,14.0,14.0,14.0,,,,12.0,12.0,24.0,17.0,30.0,29.0,25.0,29.0,29.0,,,,,,,17.0,15.0,17.0,17.0,42.0,,,40.0,,,,9.0,,,27.0,,,,,,,,,,,,,27.0,,,,,,,24.0,,,12.0,15.0,20.0,,,,17.0,15.0,17.0,,,,,,,,,,,,,,,,39.0,44.0,44.0,30.0,30.0,,34.0,,,34.0,,,,,,17.0,,,,,,,,,,30.0,30.0,30.0,,22.0,,17.0,72.0,74.0,74.0,59.0,55.0,,,,,,,,,,,,,59.0,,,15.0,15.0,,,,,,,,,,,,,,,,12.0,,,,10.0,,,,24.0,,,24.0,27.0,,,15.0,14.0,17.0,20.0,,,55.0,54.0,54.0,49.0,49.0,49.0,,,,15.0,17.0,,,27.0,,,,,,,,20.0,39.0,,,44.0,47.0,,,,72.0,74.0,70.0,39.0,37.0,,,,,19.0,,,,,,20.0,,,25.0,,,25.0,,,,30.0,5.0,,,
385,1239.6331000328064,B2-01,R1,1,5,39.0,,27.0,,,,,,,,,49.0,,15.0,35.0,,,40.0,14.0,,34.0,,,49.0,49.0,12.0,10.0,24.0,42.0,,42.0,42.0,24.0,47.0,47.0,37.0,42.0,44.0,40.0,14.0,14.0,14.0,,,,15.0,17.0,24.0,17.0,30.0,29.0,25.0,29.0,29.0,,,,,,,24.0,22.0,17.0,24.0,42.0,,,29.0,,,,9.0,,,27.0,20.0,,,,,,,,,,,,19.0,,,,,,,24.0,,,12.0,15.0,20.0,,,,17.0,15.0,17.0,,,,,,,,,,,,,,,,34.0,44.0,44.0,17.0,17.0,17.0,34.0,,,34.0,,,,,,17.0,,,,,,,,,,24.0,30.0,30.0,,22.0,,17.0,89.0,85.0,74.0,74.0,69.0,,,,,,,,,,,,,40.0,45.0,,15.0,15.0,,,,,,,,,,,,,,,,12.0,,,,10.0,,,,24.0,19.0,,24.0,27.0,,,15.0,14.0,17.0,20.0,,,62.0,69.0,69.0,49.0,49.0,49.0,,,,15.0,17.0,,,27.0,,,,,,,,37.0,45.0,,,42.0,45.0,,,,47.0,47.0,47.0,39.0,37.0,,,,,19.0,,,,,,20.0,,,25.0,,,25.0,,,,30.0,5.0,,,
386,1242.274696111679,B2-01,R1,1,5,39.0,,27.0,,,,,,,,,49.0,,30.0,35.0,,,40.0,14.0,29.0,34.0,,,50.0,52.0,12.0,10.0,40.0,40.0,,40.0,40.0,40.0,47.0,47.0,52.0,54.0,57.0,40.0,19.0,19.0,14.0,29.0,30.0,,17.0,17.0,24.0,35.0,30.0,29.0,25.0,29.0,20.0,,,,,,,19.0,19.0,17.0,17.0,42.0,42.0,42.0,47.0,,,,9.0,,,27.0,20.0,,,,,,,,,,,,19.0,,,,,,,24.0,,,24.0,22.0,20.0,,,,17.0,19.0,17.0,,,,,,,,,,,,,,,,47.0,44.0,44.0,24.0,24.0,17.0,34.0,,,34.0,,,,,,17.0,,,,,,,,,,27.0,25.0,25.0,,7.0,25.0,25.0,90.0,89.0,74.0,45.0,45.0,,,,,,,,,,,,,70.0,45.0,,15.0,15.0,,,,,,,,,,,,,,,,25.0,,,,10.0,,24.0,22.0,25.0,19.0,,24.0,27.0,,29.0,17.0,17.0,17.0,20.0,,,57.0,70.0,70.0,54.0,54.0,49.0,,,,15.0,17.0,,,20.0,25.0,25.0,,,,,,37.0,62.0,,,67.0,67.0,,,,80.0,74.0,74.0,42.0,37.0,,,,,19.0,,,,,,20.0,,,25.0,,,25.0,,,,30.0,5.0,,19.0,25.0
387,1244.905993461609,B2-01,R1,1,5,39.0,,27.0,29.0,,,,,,,,49.0,,30.0,34.0,,,29.0,14.0,29.0,34.0,,,55.0,54.0,17.0,22.0,45.0,45.0,,45.0,45.0,45.0,47.0,47.0,52.0,42.0,57.0,47.0,17.0,17.0,19.0,32.0,30.0,,20.0,20.0,24.0,35.0,39.0,29.0,25.0,29.0,20.0,,,,,,,27.0,27.0,25.0,25.0,42.0,42.0,42.0,47.0,,,,9.0,,,27.0,20.0,,,,,,,,,,,,19.0,,,,,,,24.0,,,12.0,22.0,20.0,,,,12.0,14.0,17.0,,,,,,,,,,,,,,,,32.0,44.0,44.0,24.0,22.0,17.0,34.0,,,34.0,,,,,,17.0,,,,,,,,,,27.0,25.0,25.0,,7.0,25.0,25.0,60.0,89.0,74.0,47.0,47.0,,,,,,,,,,,,,70.0,45.0,,15.0,15.0,,,,,,,,,,,,,,,,25.0,,,15.0,15.0,17.0,24.0,22.0,25.0,19.0,,24.0,27.0,,29.0,17.0,17.0,17.0,20.0,,,50.0,59.0,70.0,32.0,32.0,49.0,,,,15.0,17.0,,,24.0,25.0,25.0,,,,,,17.0,82.0,,,40.0,39.0,,,,42.0,74.0,74.0,34.0,34.0,,,,,19.0,,,,,,20.0,,,25.0,,,25.0,,,,37.0,5.0,,19.0,25.0
388,1254.8826189041138,B2-01,R1,1,5,39.0,,27.0,29.0,,,,,,15.0,,49.0,,15.0,42.0,,,45.0,12.0,15.0,34.0,,,40.0,44.0,15.0,15.0,44.0,44.0,,44.0,44.0,44.0,50.0,54.0,54.0,50.0,54.0,54.0,17.0,17.0,19.0,32.0,29.0,27.0,24.0,22.0,,37.0,35.0,35.0,22.0,25.0,20.0,,,,,,,24.0,24.0,25.0,24.0,39.0,40.0,39.0,34.0,,,,,,,27.0,20.0,,,,,,,,,,,,19.0,,,,,,,34.0,,,14.0,12.0,,,,,22.0,22.0,,,,,,,,,,,,22.0,15.0,,,,55.0,44.0,29.0,32.0,30.0,17.0,25.0,,,34.0,,,9.0,,,19.0,,,,,,,,,,24.0,25.0,25.0,9.0,7.0,27.0,29.0,69.0,89.0,74.0,45.0,45.0,,,25.0,,,44.0,,,,,,,70.0,55.0,54.0,15.0,15.0,,,,,34.0,32.0,,,,,,,,,,25.0,,32.0,15.0,15.0,17.0,27.0,27.0,27.0,19.0,20.0,24.0,27.0,40.0,29.0,14.0,15.0,,20.0,,,50.0,59.0,59.0,47.0,47.0,32.0,,,,15.0,17.0,,,24.0,25.0,25.0,,,,,,22.0,54.0,,,54.0,57.0,,,,42.0,80.0,82.0,54.0,52.0,,,,,,,,,,,20.0,,,25.0,,,25.0,,,,37.0,,,19.0,25.0
389,1257.513426542282,B2-01,R1,1,5,39.0,,27.0,29.0,,,,,,15.0,,49.0,,15.0,42.0,,,45.0,12.0,15.0,34.0,,,40.0,44.0,15.0,15.0,44.0,44.0,,44.0,44.0,44.0,50.0,54.0,54.0,50.0,54.0,54.0,17.0,17.0,19.0,32.0,29.0,27.0,24.0,22.0,,37.0,35.0,35.0,22.0,25.0,20.0,,,,,,,24.0,24.0,25.0,24.0,39.0,40.0,39.0,34.0,,,,,,,27.0,20.0,,,,,,,,,,,,19.0,,,,,,,34.0,,,14.0,12.0,,,,,22.0,22.0,,,,,,,,,,,,22.0,15.0,,,,55.0,44.0,29.0,32.0,30.0,17.0,25.0,,,34.0,,,9.0,,,19.0,,,,,,,,,,24.0,25.0,25.0,9.0,7.0,27.0,29.0,69.0,89.0,74.0,58.0,45.0,,,25.0,,,44.0,,,,,,,70.0,55.0,54.0,15.0,15.0,,,,,34.0,32.0,,,,,,,,,,25.0,,32.0,15.0,15.0,17.0,27.0,27.0,27.0,19.0,20.0,24.0,27.0,40.0,29.0,14.0,15.0,,20.0,,,50.0,59.0,59.0,47.0,47.0,32.0,,,,15.0,17.0,,,24.0,25.0,25.0,,,,,,22.0,54.0,,,54.0,57.0,,,,42.0,80.0,82.0,54.0,52.0,,,,,,,,,,,20.0,,,25.0,,,25.0,,,,37.0,,,19.0,25.0
390,1260.153617143631,B2-01,R1,1,5,27.0,,27.0,29.0,,,,,,15.0,,49.0,,15.0,25.0,,,42.0,7.0,15.0,34.0,,,30.0,29.0,15.0,15.0,34.0,35.0,,34.0,34.0,34.0,50.0,54.0,44.0,47.0,49.0,54.0,17.0,17.0,19.0,25.0,27.0,27.0,24.0,22.0,,22.0,35.0,35.0,22.0,25.0,20.0,,,,,,,19.0,12.0,25.0,15.0,39.0,40.0,40.0,34.0,,,,,,,27.0,20.0,,,,,,,,,,,,19.0,,,,,,,34.0,,,14.0,12.0,,,,,22.0,22.0,,,,,,,,,,,,22.0,15.0,,,,37.0,52.0,29.0,24.0,25.0,17.0,25.0,,,34.0,,,9.0,,,27.0,,,,,,,,,,25.0,25.0,25.0,9.0,7.0,27.0,29.0,77.0,80.0,80.0,52.0,52.0,,,25.0,,,42.0,,,,,,,70.0,55.0,49.0,17.0,17.0,,,,,34.0,32.0,,,,,,,,,,25.0,,32.0,15.0,15.0,17.0,27.0,27.0,27.0,19.0,20.0,24.0,40.0,37.0,37.0,12.0,14.0,,20.0,,,50.0,54.0,54.0,39.0,37.0,32.0,,,,15.0,17.0,,,24.0,25.0,25.0,,,,,,27.0,57.0,,,42.0,37.0,,,,60.0,64.0,64.0,40.0,40.0,,,,,,,,,,,20.0,,,25.0,,,25.0,,,,29.0,,,19.0,25.0
391,1262.791927099228,B2-01,R1,1,5,27.0,,27.0,29.0,,,,,,15.0,,49.0,,15.0,25.0,,,42.0,7.0,15.0,34.0,,,30.0,29.0,15.0,15.0,34.0,35.0,,34.0,34.0,34.0,50.0,54.0,44.0,47.0,49.0,54.0,17.0,17.0,19.0,25.0,27.0,27.0,24.0,22.0,,22.0,35.0,35.0,22.0,25.0,20.0,,,,,,,19.0,12.0,25.0,15.0,39.0,40.0,40.0,34.0,,,,,,,27.0,20.0,,,,,,,,,,,,19.0,,,,,,,34.0,,,14.0,12.0,,,,,22.0,22.0,,,,,,,,,,,,22.0,15.0,,,,37.0,52.0,29.0,24.0,25.0,17.0,25.0,,,34.0,,,9.0,,,27.0,,,,,,,,,,25.0,25.0,25.0,9.0,7.0,27.0,29.0,77.0,80.0,80.0,51.0,52.0,,,25.0,,,42.0,,,,,,,70.0,55.0,49.0,17.0,17.0,,,,,34.0,32.0,,,,,,,,,,25.0,,32.0,15.0,15.0,17.0,27.0,27.0,27.0,19.0,20.0,24.0,40.0,37.0,37.0,12.0,14.0,,20.0,,,50.0,54.0,54.0,39.0,37.0,32.0,,,,15.0,17.0,,,24.0,25.0,25.0,,,,,,27.0,57.0,,,42.0,37.0,,,,60.0,64.0,64.0,40.0,40.0,,,,,,,,,,,20.0,,,25.0,,,25.0,,,,29.0,,,19.0,25.0
392,1269.115770816803,B2-01,R1,1,5,24.0,,45.0,29.0,,,,,,15.0,,,,20.0,29.0,,,40.0,7.0,15.0,34.0,,,54.0,54.0,15.0,15.0,37.0,37.0,,37.0,37.0,39.0,50.0,54.0,44.0,47.0,40.0,40.0,14.0,14.0,19.0,34.0,27.0,27.0,15.0,15.0,,22.0,35.0,35.0,35.0,25.0,20.0,,,,,,,24.0,24.0,25.0,24.0,39.0,40.0,37.0,34.0,,10.0,,,27.0,,,24.0,,,,,,,,,,,,19.0,,,,,,,34.0,,39.0,14.0,12.0,,,,,22.0,22.0,,,,,,,,,,,,22.0,24.0,,,,37.0,52.0,29.0,25.0,25.0,17.0,20.0,,,,,,9.0,,,14.0,,,,,,,,32.0,,25.0,25.0,25.0,9.0,7.0,27.0,29.0,95.0,92.0,80.0,52.0,52.0,,,25.0,,,42.0,,,,,,,67.0,59.0,49.0,17.0,17.0,,,,,32.0,27.0,32.0,,,,,,,,,25.0,,32.0,15.0,15.0,17.0,27.0,27.0,27.0,19.0,24.0,22.0,40.0,37.0,37.0,14.0,14.0,,,,,50.0,52.0,54.0,59.0,59.0,32.0,,,,15.0,17.0,,,30.0,25.0,27.0,,,,,,27.0,57.0,,,62.0,62.0,9.0,9.0,,67.0,75.0,75.0,40.0,40.0,,,,,,22.0,,,19.0,,,,,,,,,,,,55.0,,,19.0,25.0
393,1275.4207832813263,B2-01,R1,1,5,24.0,,45.0,29.0,,,,,,15.0,,,,20.0,29.0,,,40.0,7.0,15.0,34.0,,,54.0,39.0,15.0,15.0,32.0,32.0,,32.0,32.0,32.0,34.0,30.0,27.0,47.0,34.0,40.0,14.0,14.0,19.0,34.0,27.0,27.0,15.0,15.0,,22.0,35.0,35.0,35.0,25.0,20.0,,,,,,,17.0,14.0,14.0,17.0,32.0,40.0,37.0,30.0,,10.0,,,27.0,,,24.0,,,,,,,,,,,,,,,22.0,,,22.0,34.0,30.0,29.0,12.0,14.0,,32.0,,,22.0,22.0,,,,,,,,,,,,22.0,24.0,,,,47.0,52.0,44.0,27.0,29.0,17.0,20.0,,,,,,9.0,,,14.0,,,,,,,,32.0,,25.0,25.0,25.0,9.0,7.0,27.0,29.0,10.0,69.0,80.0,56.0,52.0,,,25.0,,,42.0,,,,,,,67.0,59.0,49.0,20.0,19.0,,,,,32.0,27.0,32.0,,,,,,,,,25.0,,32.0,17.0,19.0,19.0,27.0,27.0,27.0,,24.0,22.0,40.0,27.0,27.0,9.0,10.0,,,,,52.0,52.0,52.0,37.0,37.0,37.0,,,,15.0,17.0,,,30.0,25.0,27.0,,,,,,27.0,57.0,,,62.0,62.0,9.0,9.0,,54.0,75.0,50.0,37.0,40.0,,,,,,22.0,,,19.0,,,,,,,,,,,,55.0,,,19.0,25.0
394,1281.718565940857,B2-01,R1,1,5,24.0,,45.0,29.0,,,,,,15.0,,,,20.0,29.0,,,40.0,7.0,15.0,34.0,,40.0,44.0,44.0,15.0,15.0,40.0,40.0,,40.0,40.0,40.0,49.0,50.0,50.0,45.0,34.0,45.0,25.0,24.0,19.0,34.0,27.0,27.0,29.0,30.0,,39.0,35.0,35.0,12.0,27.0,20.0,,,,,,,24.0,22.0,14.0,22.0,32.0,40.0,37.0,32.0,,10.0,,,27.0,,,24.0,,,,,,,,,,,,,,,22.0,,,22.0,20.0,29.0,25.0,12.0,14.0,,32.0,,,22.0,22.0,,,,,,,,,9.0,,,22.0,17.0,,,,47.0,52.0,54.0,29.0,29.0,17.0,20.0,,,,,29.0,9.0,,,14.0,,,,,,,,32.0,,35.0,25.0,25.0,9.0,,27.0,22.0,10.0,69.0,80.0,47.0,47.0,,,25.0,,,42.0,,,,,,,60.0,59.0,55.0,20.0,19.0,,,,,29.0,27.0,32.0,,,,,,,,,25.0,,32.0,17.0,19.0,19.0,27.0,27.0,27.0,,17.0,17.0,40.0,27.0,27.0,20.0,19.0,,,,,52.0,62.0,52.0,55.0,55.0,37.0,,,,15.0,17.0,,,29.0,27.0,27.0,,,,,,27.0,64.0,,,54.0,52.0,9.0,9.0,,89.0,85.0,85.0,47.0,40.0,,,,,,22.0,,,19.0,,,,,,,,,,,,55.0,,,19.0,25.0
395,1284.359736204147,B2-01,R1,1,5,37.0,,19.0,29.0,,,,,,15.0,,,,22.0,39.0,,,29.0,7.0,15.0,,,40.0,49.0,50.0,12.0,14.0,34.0,34.0,,34.0,34.0,34.0,40.0,40.0,50.0,45.0,40.0,45.0,25.0,24.0,19.0,30.0,27.0,27.0,22.0,22.0,,39.0,35.0,34.0,29.0,27.0,24.0,,,,,,,20.0,20.0,14.0,22.0,32.0,40.0,37.0,27.0,,10.0,,,27.0,,,24.0,,,,,,,,,,,,,,,17.0,,,22.0,20.0,29.0,25.0,12.0,12.0,,27.0,,,15.0,15.0,,,,,,,,,9.0,,,22.0,17.0,,,,52.0,52.0,54.0,22.0,24.0,,20.0,,,,,29.0,9.0,,,14.0,,,,,,,,32.0,22.0,35.0,25.0,25.0,9.0,15.0,25.0,22.0,10.0,69.0,80.0,60.0,45.0,,,25.0,,,42.0,,,,,,,60.0,59.0,55.0,20.0,19.0,,,,,29.0,27.0,32.0,,,,,,,,,25.0,,32.0,17.0,19.0,19.0,22.0,27.0,27.0,,17.0,17.0,40.0,35.0,32.0,14.0,17.0,,,,,44.0,50.0,52.0,47.0,47.0,37.0,,,,15.0,17.0,,,27.0,27.0,27.0,,,,,,34.0,77.0,,,55.0,57.0,9.0,9.0,,89.0,85.0,85.0,39.0,39.0,,,,,,15.0,,,19.0,,,,,,,,,,,,30.0,,19.0,19.0,25.0
396,1287.0040755271912,B2-01,R1,1,5,37.0,,19.0,29.0,,,,,,15.0,,,,22.0,39.0,,,29.0,7.0,15.0,,,40.0,49.0,50.0,12.0,14.0,34.0,34.0,,34.0,34.0,34.0,40.0,40.0,50.0,45.0,40.0,45.0,25.0,24.0,19.0,30.0,27.0,27.0,22.0,22.0,,39.0,35.0,34.0,29.0,27.0,24.0,,,,,,,20.0,20.0,14.0,22.0,32.0,40.0,37.0,27.0,,10.0,,,27.0,,,24.0,,,,,,,,,,,,,,,17.0,,,22.0,20.0,29.0,25.0,12.0,12.0,,27.0,,,15.0,15.0,,,,,,,,,9.0,,,22.0,17.0,,,,52.0,52.0,54.0,22.0,24.0,,20.0,,,,,29.0,9.0,,,14.0,,,,,,,,32.0,22.0,35.0,25.0,25.0,9.0,15.0,25.0,22.0,10.0,69.0,80.0,58.0,45.0,,,25.0,,,42.0,,,,,,,60.0,59.0,55.0,20.0,19.0,,,,,29.0,27.0,32.0,,,,,,,,,25.0,,32.0,17.0,19.0,19.0,22.0,27.0,27.0,,17.0,17.0,40.0,35.0,32.0,14.0,17.0,,,,,44.0,50.0,52.0,47.0,47.0,37.0,,,,15.0,17.0,,,27.0,27.0,27.0,,,,,,34.0,77.0,,,55.0,57.0,9.0,9.0,,89.0,85.0,85.0,39.0,39.0,,,,,,15.0,,,19.0,,,,,,,,,,,,30.0,,19.0,19.0,25.0
397,1293.3346121311188,B2-01,R1,1,5,37.0,,27.0,,,,,,,,,,,22.0,39.0,,,29.0,15.0,,,,40.0,42.0,42.0,12.0,14.0,42.0,42.0,44.0,42.0,42.0,42.0,62.0,64.0,62.0,64.0,64.0,45.0,24.0,22.0,,30.0,27.0,,22.0,22.0,,39.0,,34.0,29.0,32.0,24.0,,,,,,,24.0,24.0,14.0,24.0,40.0,35.0,34.0,32.0,,10.0,14.0,14.0,27.0,25.0,27.0,24.0,,,,,,,,,,,,,,,17.0,29.0,,22.0,20.0,29.0,25.0,12.0,12.0,,27.0,,,15.0,15.0,17.0,,,,,,,,9.0,17.0,22.0,22.0,17.0,,,,52.0,52.0,50.0,32.0,24.0,,19.0,,,,,29.0,,,,14.0,,,,,,,,32.0,22.0,35.0,25.0,24.0,,25.0,25.0,29.0,84.0,80.0,80.0,57.0,62.0,,,,,,42.0,,,,,,,55.0,59.0,40.0,20.0,19.0,,,,,29.0,25.0,30.0,,,,,,27.0,,,25.0,,,17.0,19.0,19.0,22.0,24.0,24.0,,17.0,24.0,40.0,35.0,32.0,14.0,14.0,,,,,59.0,62.0,52.0,37.0,37.0,37.0,,,,,,,,27.0,29.0,27.0,14.0,14.0,10.0,,,22.0,77.0,,,52.0,52.0,9.0,9.0,,67.0,72.0,72.0,50.0,49.0,,,,,,15.0,,,19.0,,,,,,,,,,,,30.0,,19.0,,
398,1303.2874445915222,B2-01,R1,1,5,27.0,,27.0,,,,,,,,,,,15.0,29.0,,,32.0,15.0,,,,40.0,44.0,39.0,12.0,14.0,32.0,32.0,44.0,32.0,32.0,32.0,62.0,32.0,62.0,35.0,34.0,35.0,24.0,22.0,,30.0,27.0,,15.0,17.0,,29.0,,34.0,29.0,32.0,24.0,,,,,,,19.0,19.0,19.0,20.0,40.0,35.0,34.0,30.0,,10.0,14.0,14.0,27.0,25.0,27.0,24.0,,,,,,,,,,,,15.0,,,17.0,29.0,,22.0,34.0,42.0,40.0,14.0,15.0,,27.0,,,15.0,15.0,17.0,,,,,,,,9.0,17.0,22.0,22.0,17.0,,,,40.0,42.0,44.0,15.0,24.0,,19.0,,,,,29.0,,,,14.0,,,,,,,,32.0,22.0,35.0,25.0,24.0,,25.0,25.0,29.0,67.0,65.0,80.0,65.0,65.0,,,,,,,,,,,,,50.0,59.0,40.0,15.0,17.0,,,,,29.0,17.0,30.0,10.0,12.0,,,,27.0,,,25.0,,,17.0,19.0,19.0,22.0,24.0,24.0,25.0,24.0,22.0,,35.0,32.0,14.0,14.0,,,,,57.0,55.0,55.0,44.0,42.0,44.0,,,,,,,,27.0,29.0,27.0,14.0,14.0,10.0,,,34.0,54.0,,,34.0,34.0,9.0,9.0,,69.0,69.0,69.0,50.0,49.0,,,,,,15.0,,,19.0,,,,,,,,,,,,32.0,,19.0,,
399,1305.9142565727234,B2-01,R1,1,5,27.0,,27.0,,,,,,,,,,,15.0,29.0,,,32.0,15.0,,,,40.0,44.0,39.0,12.0,14.0,32.0,32.0,44.0,32.0,32.0,32.0,62.0,32.0,62.0,35.0,34.0,35.0,24.0,22.0,,30.0,27.0,,15.0,17.0,,29.0,,34.0,29.0,32.0,24.0,,,,,,,19.0,19.0,19.0,20.0,40.0,35.0,34.0,30.0,,10.0,14.0,14.0,27.0,25.0,27.0,24.0,,,,,,,,,,,,15.0,,,17.0,29.0,,22.0,34.0,42.0,40.0,14.0,15.0,,27.0,,,15.0,15.0,17.0,,,,,,,,9.0,17.0,22.0,22.0,17.0,,,,40.0,42.0,44.0,15.0,24.0,,19.0,,,,,29.0,,,,14.0,,,,,,,,32.0,22.0,35.0,25.0,24.0,,25.0,25.0,29.0,67.0,65.0,80.0,62.0,65.0,,,,,,,,,,,,,50.0,59.0,40.0,15.0,17.0,,,,,29.0,17.0,30.0,10.0,12.0,,,,27.0,,,25.0,,,17.0,19.0,19.0,22.0,24.0,24.0,25.0,24.0,22.0,,35.0,32.0,14.0,14.0,,,,,57.0,55.0,55.0,44.0,42.0,44.0,,,,,,,,27.0,29.0,27.0,14.0,14.0,10.0,,,34.0,54.0,,,34.0,34.0,9.0,9.0,,69.0,69.0,69.0,50.0,49.0,,,,,,15.0,,,19.0,,,,,,,,,,,,32.0,,19.0,,
