,ap_mac,ap_name,rssi,timestamp,room,door_status,room_part
0,02:E0:DB:48:81:EE,DIRECT-Te-Polycom Pano,22,5.170853614807129,C1,0,1
1,1C:5F:2B:FF:9B:B4,LSA,29,5.170853614807129,C1,0,1
2,20:AA:4B:A7:19:74,LAA03,40,5.170853614807129,C1,0,1
3,34:60:F9:A3:D9:13,GASWIFI-5G_C2,37,5.170853614807129,C1,0,1
4,34:60:F9:A3:D9:14,GASWIFI-2G_C2,32,5.170853614807129,C1,0,1
5,34:CE:00:51:3E:6F,Lab,32,5.170853614807129,C1,0,1
6,3A:60:F9:A3:D9:13,,37,5.170853614807129,C1,0,1
7,3A:60:F9:A3:D9:14,,32,5.170853614807129,C1,0,1
8,54:B8:0A:AA:2C:8C,LAB_DIGITAL,25,5.170853614807129,C1,0,1
9,54:B8:0A:AA:2C:8D,PCS-Wireless,27,5.170853614807129,C1,0,1
10,54:F0:B1:A1:18:D4,GDLAB,15,5.170853614807129,C1,0,1
11,54:F0:B1:A1:18:D5,LABPAD,22,5.170853614807129,C1,0,1
12,54:F0:B1:A1:1A:51,PoliSemFio,44,5.170853614807129,C1,0,1
13,54:F0:B1:A1:1A:53,CAEEL,39,5.170853614807129,C1,0,1
14,54:F0:B1:A1:57:F1,PoliSemFio,25,5.170853614807129,C1,0,1
15,54:F0:B1:A1:58:00,eduroam,27,5.170853614807129,C1,0,1
16,54:F0:B1:A1:58:01,PoliSemFio,27,5.170853614807129,C1,0,1
17,54:F0:B1:A1:58:02,_owetm_PoliSemFio_ac058410,32,5.170853614807129,C1,0,1
18,54:F0:B1:A1:E2:80,CEE,10,5.170853614807129,C1,0,1
19,54:F0:B1:A1:E4:F1,PoliSemFio,14,5.170853614807129,C1,0,1
20,54:F0:B1:A1:E5:00,eduroam,14,5.170853614807129,C1,0,1
21,54:F0:B1:A1:E5:01,PoliSemFio,20,5.170853614807129,C1,0,1
22,54:F0:B1:A2:4A:70,eduroam,37,5.170853614807129,C1,0,1
23,54:F0:B1:A2:4A:71,PoliSemFio,30,5.170853614807129,C1,0,1
24,54:F0:B1:A2:4A:72,,49,5.170853614807129,C1,0,1
25,54:F0:B1:A2:56:60,eduroam,39,5.170853614807129,C1,0,1
26,54:F0:B1:A2:56:61,PoliSemFio,32,5.170853614807129,C1,0,1
27,54:F0:B1:A2:56:62,_owetm_PoliSemFio_ac058410,55,5.170853614807129,C1,0,1
28,54:F0:B1:A2:56:70,eduroam,35,5.170853614807129,C1,0,1
29,54:F0:B1:A2:56:71,PoliSemFio,32,5.170853614807129,C1,0,1
30,54:F0:B1:A2:56:72,_owetm_PoliSemFio_ac058410,59,5.170853614807129,C1,0,1
31,54:F0:B1:A2:57:23,LCA,14,5.170853614807129,C1,0,1
32,54:F0:B1:A2:57:31,PoliSemFio,34,5.170853614807129,C1,0,1
33,54:F0:B1:A2:57:32,,32,5.170853614807129,C1,0,1
34,54:F0:B1:BB:58:C1,PoliSemFio,19,5.170853614807129,C1,0,1
35,54:F0:B1:BB:58:C2,_owetm_PoliSemFio_ac058410,19,5.170853614807129,C1,0,1
36,54:F0:B1:BB:58:C3,CAEEL,22,5.170853614807129,C1,0,1
37,54:F0:B1:BB:5A:81,PoliSemFio,37,5.170853614807129,C1,0,1
38,54:F0:B1:BB:5A:82,HACKER,35,5.170853614807129,C1,0,1
39,54:F0:B1:BB:5A:83,LEP,30,5.170853614807129,C1,0,1
40,54:F0:B1:BB:5A:84,,45,5.170853614807129,C1,0,1
41,54:F0:B1:BB:5A:A0,eduroam,15,5.170853614807129,C1,0,1
42,54:F0:B1:BB:5A:A1,PoliSemFio,15,5.170853614807129,C1,0,1
43,54:F0:B1:BB:5A:A2,HACKER,17,5.170853614807129,C1,0,1
44,54:F0:B1:BB:5A:A3,LEP,14,5.170853614807129,C1,0,1
45,54:F0:B1:BB:5F:B0,eduroam,12,5.170853614807129,C1,0,1
46,54:F0:B1:BB:5F:B1,PoliSemFio,14,5.170853614807129,C1,0,1
47,54:F0:B1:BB:5F:B2,_owetm_PoliSemFio_ac058410,12,5.170853614807129,C1,0,1
48,54:F0:B1:BB:80:C0,eduroam,39,5.170853614807129,C1,0,1
49,54:F0:B1:BB:80:C3,LABPROG,49,5.170853614807129,C1,0,1
50,54:F0:B1:BB:80:E3,LABPROG,12,5.170853614807129,C1,0,1
51,54:F0:B1:BB:84:B1,PoliSemFio,49,5.170853614807129,C1,0,1
52,54:F0:B1:BB:84:B2,_owetm_PoliSemFio_ac058410,49,5.170853614807129,C1,0,1
53,54:F0:B1:BB:84:D0,eduroam,15,5.170853614807129,C1,0,1
54,54:F0:B1:BB:84:D1,PoliSemFio,15,5.170853614807129,C1,0,1
55,54:F0:B1:BB:84:D2,,24,5.170853614807129,C1,0,1
56,54:F0:B1:BB:BC:02,_owetm_PoliSemFio_ac058410,47,5.170853614807129,C1,0,1
57,54:F0:B1:BB:BC:03,CAEEL,19,5.170853614807129,C1,0,1
58,54:F0:B1:BB:BC:20,eduroam,10,5.170853614807129,C1,0,1
59,54:F0:B1:BB:BC:21,PoliSemFio,37,5.170853614807129,C1,0,1
60,54:F0:B1:BB:BC:22,_owetm_PoliSemFio_ac058410,37,5.170853614807129,C1,0,1
61,54:F0:B1:BB:BC:23,CAEEL,37,5.170853614807129,C1,0,1
62,54:F0:B1:BB:BE:10,eduroam,32,5.170853614807129,C1,0,1
63,54:F0:B1:BB:BE:30,eduroam,17,5.170853614807129,C1,0,1
64,54:F0:B1:BB:BE:31,PoliSemFio,17,5.170853614807129,C1,0,1
65,54:F0:B1:BB:BE:32,_owetm_PoliSemFio_ac058410,24,5.170853614807129,C1,0,1
66,54:F0:B1:BB:BE:33,CAEEL,17,5.170853614807129,C1,0,1
67,54:F0:B1:BB:C4:D1,PoliSemFio,40,5.170853614807129,C1,0,1
68,54:F0:B1:BB:C4:F0,eduroam,30,5.170853614807129,C1,0,1
69,54:F0:B1:BB:C4:F1,PoliSemFio,30,5.170853614807129,C1,0,1
70,54:F0:B1:BB:CC:E0,B209,15,5.170853614807129,C1,0,1
71,54:F0:B1:BB:CC:E2,_owetm_PoliSemFio_ac058410,35,5.170853614807129,C1,0,1
72,54:F0:B1:BB:CD:A0,eduroam,30,5.170853614807129,C1,0,1
73,54:F0:B1:BB:F3:22,_owetm_PoliSemFio_ac058410,29,5.170853614807129,C1,0,1
74,54:F0:B1:BB:FD:D0,eduroam,37,5.170853614807129,C1,0,1
75,54:F0:B1:BB:FD:D1,PoliSemFio,35,5.170853614807129,C1,0,1
76,54:F0:B1:BB:FD:D2,,35,5.170853614807129,C1,0,1
77,54:F0:B1:BC:09:41,PoliSemFio,47,5.170853614807129,C1,0,1
78,54:F0:B1:BC:09:42,,49,5.170853614807129,C1,0,1
79,54:F0:B1:BC:09:60,eduroam,24,5.170853614807129,C1,0,1
80,54:F0:B1:BC:09:61,PoliSemFio,25,5.170853614807129,C1,0,1
81,54:F0:B1:BC:1B:D0,eduroam,62,5.170853614807129,C1,0,1
82,54:F0:B1:BC:1B:D1,PoliSemFio,60,5.170853614807129,C1,0,1
83,54:F0:B1:BC:1B:D2,_owetm_PoliSemFio_ac058410,62,5.170853614807129,C1,0,1
84,54:F0:B1:BC:1B:F0,eduroam,34,5.170853614807129,C1,0,1
85,54:F0:B1:BC:1B:F1,PoliSemFio,34,5.170853614807129,C1,0,1
86,54:F0:B1:BC:1B:F2,,35,5.170853614807129,C1,0,1
87,54:F0:B1:BC:27:40,eduroam,25,5.170853614807129,C1,0,1
88,54:F0:B1:BC:27:41,PoliSemFio,57,5.170853614807129,C1,0,1
89,54:F0:B1:BC:27:42,_owetm_PoliSemFio_ac058410,57,5.170853614807129,C1,0,1
90,54:F0:B1:BC:27:60,eduroam,24,5.170853614807129,C1,0,1
91,54:F0:B1:BC:27:61,PoliSemFio,25,5.170853614807129,C1,0,1
92,54:F0:B1:BC:27:62,_owetm_PoliSemFio_ac058410,45,5.170853614807129,C1,0,1
93,54:F0:B1:BC:2E:90,eduroam,52,5.170853614807129,C1,0,1
94,54:F0:B1:BC:2E:91,PoliSemFio,54,5.170853614807129,C1,0,1
95,54:F0:B1:BC:2E:92,_owetm_PoliSemFio_ac058410,72,5.170853614807129,C1,0,1
96,54:F0:B1:BC:2E:B0,eduroam,37,5.170853614807129,C1,0,1
97,54:F0:B1:BC:2E:B1,PoliSemFio,27,5.170853614807129,C1,0,1
98,54:F0:B1:BC:2F:51,PoliSemFio,79,5.170853614807129,C1,0,1
99,54:F0:B1:BC:2F:52,_owetm_PoliSemFio_ac058410,50,5.170853614807129,C1,0,1
100,54:F0:B1:BC:2F:71,PoliSemFio,19,5.170853614807129,C1,0,1
101,54:F0:B1:BC:2F:72,_owetm_PoliSemFio_ac058410,55,5.170853614807129,C1,0,1
102,54:F0:B1:BC:36:10,PoliSemFio,29,5.170853614807129,C1,0,1
103,54:F0:B1:BC:36:11,eduroam,20,5.170853614807129,C1,0,1
104,54:F0:B1:BC:36:12,_owetm_PoliSemFio_ac058410,32,5.170853614807129,C1,0,1
105,54:F0:B1:BC:36:30,PoliSemFio,19,5.170853614807129,C1,0,1
106,54:F0:B1:BC:36:31,eduroam,19,5.170853614807129,C1,0,1
107,54:F0:B1:BC:36:32,_owetm_PoliSemFio_ac058410,17,5.170853614807129,C1,0,1
108,54:F0:B1:BC:3F:10,eduroam,37,5.170853614807129,C1,0,1
109,54:F0:B1:BC:3F:30,eduroam,14,5.170853614807129,C1,0,1
110,54:F0:B1:BC:3F:31,PoliSemFio,17,5.170853614807129,C1,0,1
111,54:F0:B1:BC:3F:32,_owetm_PoliSemFio_ac058410,35,5.170853614807129,C1,0,1
112,54:F0:B1:BC:43:60,eduroam,12,5.170853614807129,C1,0,1
113,54:F0:B1:BC:43:80,eduroam,17,5.170853614807129,C1,0,1
114,54:F0:B1:BC:43:81,PoliSemFio,17,5.170853614807129,C1,0,1
115,54:F0:B1:BC:43:82,_owetm_PoliSemFio_ac058410,19,5.170853614807129,C1,0,1
116,54:F0:B1:BC:65:B0,eduroam,30,5.170853614807129,C1,0,1
117,54:F0:B1:BC:65:B1,PoliSemFio,30,5.170853614807129,C1,0,1
118,54:F0:B1:BC:65:B2,,42,5.170853614807129,C1,0,1
119,54:F0:B1:BC:70:00,eduroam,37,5.170853614807129,C1,0,1
120,54:F0:B1:BC:70:02,,29,5.170853614807129,C1,0,1
121,54:F0:B1:BC:77:80,eduroam,30,5.170853614807129,C1,0,1
122,54:F0:B1:BC:77:81,PoliSemFio,37,5.170853614807129,C1,0,1
123,54:F0:B1:BC:77:A0,eduroam,22,5.170853614807129,C1,0,1
124,54:F0:B1:BC:77:A1,PoliSemFio,20,5.170853614807129,C1,0,1
125,54:F0:B1:BC:77:A2,_owetm_PoliSemFio_ac058410,20,5.170853614807129,C1,0,1
126,68:FF:7B:47:78:BE,C1-22M,34,5.170853614807129,C1,0,1
127,70:62:B8:6E:72:A0,PCS-wireless-C1-13,32,5.170853614807129,C1,0,1
128,70:62:B8:6E:72:A1,PPGEE,32,5.170853614807129,C1,0,1
129,70:D8:23:BC:B9:B3,,17,5.170853614807129,C1,0,1
130,84:D4:7E:06:4F:E0,eduroam,22,5.170853614807129,C1,0,1
131,84:D4:7E:06:4F:E1,PoliSemFio,39,5.170853614807129,C1,0,1
132,84:D4:7E:06:4F:E2,,39,5.170853614807129,C1,0,1
133,84:D4:7E:9C:AD:40,PEAReEvolucao,19,5.170853614807129,C1,0,1
134,84:D4:7E:9D:EE:C0,eduroam,24,5.170853614807129,C1,0,1
135,84:D4:7E:9E:1A:61,FEAnet,7,5.170853614807129,C1,0,1
136,DC:9F:DB:1B:1F:D7,LWN-3,25,5.170853614807129,C1,0,1
137,DC:9F:DB:1C:1F:D7,LWN-3,42,5.170853614807129,C1,0,1
138,DC:9F:DB:1C:1F:E0,LWN-3,37,5.170853614807129,C1,0,1
139,DE:9F:DB:1B:1F:D7,LARC Guest,25,5.170853614807129,C1,0,1
140,DE:9F:DB:1B:1F:E0,LARC Guest,15,5.170853614807129,C1,0,1
141,DE:9F:DB:1C:1F:D7,LARC Guest,42,5.170853614807129,C1,0,1
142,DE:9F:DB:1C:1F:E0,LARC Guest,30,5.170853614807129,C1,0,1
143,EE:9F:DB:1B:1F:D7,,25,5.170853614807129,C1,0,1
144,EE:9F:DB:1C:1F:D7,,40,5.170853614807129,C1,0,1
145,F8:1A:67:99:55:8E,NUCLEAR_CHF,22,5.170853614807129,C1,0,1
146,FE:9F:DB:1B:1F:D7,,24,5.170853614807129,C1,0,1
147,FE:9F:DB:1C:1F:D7,,42,5.170853614807129,C1,0,1
148,1C:5F:2B:FF:9B:B4,LSA,29,15.136210918426514,C1,0,1
149,20:AA:4B:A7:19:74,LAA03,30,15.136210918426514,C1,0,1
150,30:85:A9:69:FB:0A,PCS-Wireless,20,15.136210918426514,C1,0,1
151,34:60:F9:A3:D9:13,GASWIFI-5G_C2,19,15.136210918426514,C1,0,1
152,34:60:F9:A3:D9:14,GASWIFI-2G_C2,37,15.136210918426514,C1,0,1
153,34:CE:00:51:3E:6F,Lab,27,15.136210918426514,C1,0,1
154,3A:60:F9:A3:D9:14,,32,15.136210918426514,C1,0,1
155,46:D2:44:04:08:05,DIRECT-44048805,20,15.136210918426514,C1,0,1
156,54:B8:0A:AA:2C:8C,LAB_DIGITAL,25,15.136210918426514,C1,0,1
157,54:B8:0A:AA:2C:8D,PCS-Wireless,24,15.136210918426514,C1,0,1
158,54:F0:B1:A1:18:D4,GDLAB,15,15.136210918426514,C1,0,1
159,54:F0:B1:A1:58:00,eduroam,27,15.136210918426514,C1,0,1
160,54:F0:B1:A1:58:01,PoliSemFio,27,15.136210918426514,C1,0,1
161,54:F0:B1:A1:58:02,,29,15.136210918426514,C1,0,1
162,54:F0:B1:A1:E2:80,CEE,10,15.136210918426514,C1,0,1
163,54:F0:B1:A1:E5:00,eduroam,14,15.136210918426514,C1,0,1
164,54:F0:B1:A1:E5:01,PoliSemFio,20,15.136210918426514,C1,0,1
165,54:F0:B1:A2:4A:70,eduroam,29,15.136210918426514,C1,0,1
166,54:F0:B1:A2:4A:71,PoliSemFio,30,15.136210918426514,C1,0,1
167,54:F0:B1:A2:56:60,eduroam,39,15.136210918426514,C1,0,1
168,54:F0:B1:A2:56:61,PoliSemFio,32,15.136210918426514,C1,0,1
169,54:F0:B1:A2:56:70,eduroam,52,15.136210918426514,C1,0,1
170,54:F0:B1:A2:56:71,PoliSemFio,32,15.136210918426514,C1,0,1
171,54:F0:B1:A2:56:72,,32,15.136210918426514,C1,0,1
172,54:F0:B1:A2:57:32,,20,15.136210918426514,C1,0,1
173,54:F0:B1:BB:5A:80,eduroam,45,15.136210918426514,C1,0,1
174,54:F0:B1:BB:5A:81,PoliSemFio,49,15.136210918426514,C1,0,1
175,54:F0:B1:BB:5A:82,HACKER,47,15.136210918426514,C1,0,1
176,54:F0:B1:BB:5A:83,LEP,49,15.136210918426514,C1,0,1
177,54:F0:B1:BB:5A:84,,50,15.136210918426514,C1,0,1
178,54:F0:B1:BB:5A:A0,eduroam,15,15.136210918426514,C1,0,1
179,54:F0:B1:BB:5A:A1,PoliSemFio,15,15.136210918426514,C1,0,1
180,54:F0:B1:BB:5A:A2,HACKER,17,15.136210918426514,C1,0,1
181,54:F0:B1:BB:5A:A3,LEP,14,15.136210918426514,C1,0,1
182,54:F0:B1:BB:5F:91,PoliSemFio,34,15.136210918426514,C1,0,1
183,54:F0:B1:BB:5F:92,,35,15.136210918426514,C1,0,1
184,54:F0:B1:BB:5F:B0,eduroam,12,15.136210918426514,C1,0,1
185,54:F0:B1:BB:5F:B1,PoliSemFio,14,15.136210918426514,C1,0,1
186,54:F0:B1:BB:80:C0,eduroam,39,15.136210918426514,C1,0,1
187,54:F0:B1:BB:80:C3,LABPROG,49,15.136210918426514,C1,0,1
188,54:F0:B1:BB:80:E3,LABPROG,12,15.136210918426514,C1,0,1
189,54:F0:B1:BB:84:B0,eduroam,19,15.136210918426514,C1,0,1
190,54:F0:B1:BB:84:B2,,27,15.136210918426514,C1,0,1
191,54:F0:B1:BB:84:D0,eduroam,15,15.136210918426514,C1,0,1
192,54:F0:B1:BB:84:D1,PoliSemFio,15,15.136210918426514,C1,0,1
193,54:F0:B1:BB:84:D2,,15,15.136210918426514,C1,0,1
194,54:F0:B1:BB:BC:02,,30,15.136210918426514,C1,0,1
195,54:F0:B1:BB:BC:03,CAEEL,19,15.136210918426514,C1,0,1
196,54:F0:B1:BB:BC:20,eduroam,10,15.136210918426514,C1,0,1
197,54:F0:B1:BB:BE:10,eduroam,32,15.136210918426514,C1,0,1
198,54:F0:B1:BB:BE:30,eduroam,17,15.136210918426514,C1,0,1
199,54:F0:B1:BB:BE:31,PoliSemFio,17,15.136210918426514,C1,0,1
200,54:F0:B1:BB:BE:33,CAEEL,14,15.136210918426514,C1,0,1
201,54:F0:B1:BB:C4:F0,eduroam,30,15.136210918426514,C1,0,1
202,54:F0:B1:BB:C4:F1,PoliSemFio,30,15.136210918426514,C1,0,1
203,54:F0:B1:BB:CD:A0,eduroam,30,15.136210918426514,C1,0,1
204,54:F0:B1:BB:FD:D0,eduroam,35,15.136210918426514,C1,0,1
205,54:F0:B1:BB:FD:D1,PoliSemFio,32,15.136210918426514,C1,0,1
206,54:F0:B1:BB:FD:D2,,30,15.136210918426514,C1,0,1
207,54:F0:B1:BC:09:40,eduroam,45,15.136210918426514,C1,0,1
208,54:F0:B1:BC:09:41,PoliSemFio,54,15.136210918426514,C1,0,1
209,54:F0:B1:BC:09:60,eduroam,24,15.136210918426514,C1,0,1
210,54:F0:B1:BC:09:61,PoliSemFio,30,15.136210918426514,C1,0,1
211,54:F0:B1:BC:1B:D0,eduroam,67,15.136210918426514,C1,0,1
212,54:F0:B1:BC:1B:D1,PoliSemFio,60,15.136210918426514,C1,0,1
213,54:F0:B1:BC:1B:D2,,60,15.136210918426514,C1,0,1
214,54:F0:B1:BC:1B:F0,eduroam,35,15.136210918426514,C1,0,1
215,54:F0:B1:BC:1B:F1,PoliSemFio,34,15.136210918426514,C1,0,1
216,54:F0:B1:BC:27:40,eduroam,25,15.136210918426514,C1,0,1
217,54:F0:B1:BC:27:41,PoliSemFio,57,15.136210918426514,C1,0,1
218,54:F0:B1:BC:27:42,,57,15.136210918426514,C1,0,1
219,54:F0:B1:BC:27:60,eduroam,32,15.136210918426514,C1,0,1
220,54:F0:B1:BC:27:61,PoliSemFio,32,15.136210918426514,C1,0,1
221,54:F0:B1:BC:2E:90,eduroam,52,15.136210918426514,C1,0,1
222,54:F0:B1:BC:2E:91,PoliSemFio,54,15.136210918426514,C1,0,1
223,54:F0:B1:BC:2E:92,,54,15.136210918426514,C1,0,1
224,54:F0:B1:BC:2E:B0,eduroam,49,15.136210918426514,C1,0,1
225,54:F0:B1:BC:2E:B1,PoliSemFio,49,15.136210918426514,C1,0,1
226,54:F0:B1:BC:36:10,PoliSemFio,39,15.136210918426514,C1,0,1
227,54:F0:B1:BC:36:11,eduroam,30,15.136210918426514,C1,0,1
228,54:F0:B1:BC:36:12,,32,15.136210918426514,C1,0,1
229,54:F0:B1:BC:36:30,PoliSemFio,19,15.136210918426514,C1,0,1
230,54:F0:B1:BC:36:31,eduroam,19,15.136210918426514,C1,0,1
231,54:F0:B1:BC:36:32,,17,15.136210918426514,C1,0,1
232,54:F0:B1:BC:3F:10,eduroam,37,15.136210918426514,C1,0,1
233,54:F0:B1:BC:3F:30,eduroam,14,15.136210918426514,C1,0,1
234,54:F0:B1:BC:3F:31,PoliSemFio,17,15.136210918426514,C1,0,1
235,54:F0:B1:BC:43:60,eduroam,12,15.136210918426514,C1,0,1
236,54:F0:B1:BC:43:80,eduroam,17,15.136210918426514,C1,0,1
237,54:F0:B1:BC:43:81,PoliSemFio,17,15.136210918426514,C1,0,1
238,54:F0:B1:BC:43:82,,19,15.136210918426514,C1,0,1
239,54:F0:B1:BC:65:B0,eduroam,30,15.136210918426514,C1,0,1
240,54:F0:B1:BC:65:B1,PoliSemFio,30,15.136210918426514,C1,0,1
241,54:F0:B1:BC:65:B2,,30,15.136210918426514,C1,0,1
242,54:F0:B1:BC:70:00,eduroam,37,15.136210918426514,C1,0,1
243,54:F0:B1:BC:70:20,eduroam,15,15.136210918426514,C1,0,1
244,54:F0:B1:BC:70:21,PoliSemFio,14,15.136210918426514,C1,0,1
245,54:F0:B1:BC:70:22,,14,15.136210918426514,C1,0,1
246,54:F0:B1:BC:77:80,eduroam,30,15.136210918426514,C1,0,1
247,54:F0:B1:BC:77:81,PoliSemFio,37,15.136210918426514,C1,0,1
248,54:F0:B1:BC:77:A0,eduroam,37,15.136210918426514,C1,0,1
249,54:F0:B1:BC:77:A1,PoliSemFio,37,15.136210918426514,C1,0,1
250,68:FF:7B:47:78:BE,C1-22M,34,15.136210918426514,C1,0,1
251,70:3A:0E:09:2E:B0,eduroam,9,15.136210918426514,C1,0,1
252,70:3A:0E:09:2E:B1,FEAnet,12,15.136210918426514,C1,0,1
253,70:62:B8:6E:72:A0,PCS-wireless-C1-13,25,15.136210918426514,C1,0,1
254,70:62:B8:6E:72:A1,PPGEE,22,15.136210918426514,C1,0,1
255,84:D4:7E:06:4F:E0,eduroam,22,15.136210918426514,C1,0,1
256,84:D4:7E:06:4F:E1,PoliSemFio,40,15.136210918426514,C1,0,1
257,84:D4:7E:06:4F:E2,,42,15.136210918426514,C1,0,1
258,84:D4:7E:9C:AD:40,PEAReEvolucao,19,15.136210918426514,C1,0,1
259,84:D4:7E:9D:EE:C0,eduroam,24,15.136210918426514,C1,0,1
260,84:D4:7E:9E:1A:61,FEAnet,7,15.136210918426514,C1,0,1
261,DC:9F:DB:1B:1F:D7,LWN-3,22,15.136210918426514,C1,0,1
262,DC:9F:DB:1C:1F:D7,LWN-3,50,15.136210918426514,C1,0,1
263,DE:9F:DB:1B:1F:D7,LARC Guest,24,15.136210918426514,C1,0,1
264,DE:9F:DB:1C:1F:D7,LARC Guest,55,15.136210918426514,C1,0,1
265,EE:9F:DB:1B:1F:D7,,25,15.136210918426514,C1,0,1
266,FE:9F:DB:1B:1F:D7,,24,15.136210918426514,C1,0,1
267,FE:9F:DB:1C:1F:D7,,42,15.136210918426514,C1,0,1
268,1C:5F:2B:FF:9B:B4,LSA,29,17.768421173095703,C1,0,1
269,20:AA:4B:A7:19:74,LAA03,30,17.768421173095703,C1,0,1
270,30:85:A9:69:FB:0A,PCS-Wireless,20,17.768421173095703,C1,0,1
271,34:60:F9:A3:D9:13,GASWIFI-5G_C2,19,17.768421173095703,C1,0,1
272,34:60:F9:A3:D9:14,GASWIFI-2G_C2,37,17.768421173095703,C1,0,1
273,34:CE:00:51:3E:6F,Lab,27,17.768421173095703,C1,0,1
274,3A:60:F9:A3:D9:14,,32,17.768421173095703,C1,0,1
275,46:D2:44:04:08:05,DIRECT-44048805,20,17.768421173095703,C1,0,1
276,54:B8:0A:AA:2C:8C,LAB_DIGITAL,25,17.768421173095703,C1,0,1
277,54:B8:0A:AA:2C:8D,PCS-Wireless,24,17.768421173095703,C1,0,1
278,54:F0:B1:A1:18:D4,GDLAB,15,17.768421173095703,C1,0,1
279,54:F0:B1:A1:58:00,eduroam,27,17.768421173095703,C1,0,1
280,54:F0:B1:A1:58:01,PoliSemFio,27,17.768421173095703,C1,0,1
281,54:F0:B1:A1:58:02,,29,17.768421173095703,C1,0,1
282,54:F0:B1:A1:E2:80,CEE,10,17.768421173095703,C1,0,1
283,54:F0:B1:A1:E5:00,eduroam,14,17.768421173095703,C1,0,1
284,54:F0:B1:A1:E5:01,PoliSemFio,20,17.768421173095703,C1,0,1
285,54:F0:B1:A2:4A:70,eduroam,29,17.768421173095703,C1,0,1
286,54:F0:B1:A2:4A:71,PoliSemFio,30,17.768421173095703,C1,0,1
287,54:F0:B1:A2:56:60,eduroam,39,17.768421173095703,C1,0,1
288,54:F0:B1:A2:56:61,PoliSemFio,32,17.768421173095703,C1,0,1
289,54:F0:B1:A2:56:70,eduroam,52,17.768421173095703,C1,0,1
290,54:F0:B1:A2:56:71,PoliSemFio,32,17.768421173095703,C1,0,1
291,54:F0:B1:A2:56:72,,32,17.768421173095703,C1,0,1
292,54:F0:B1:A2:57:32,,20,17.768421173095703,C1,0,1
293,54:F0:B1:BB:5A:80,eduroam,45,17.768421173095703,C1,0,1
294,54:F0:B1:BB:5A:81,PoliSemFio,49,17.768421173095703,C1,0,1
295,54:F0:B1:BB:5A:82,HACKER,47,17.768421173095703,C1,0,1
296,54:F0:B1:BB:5A:83,LEP,49,17.768421173095703,C1,0,1
297,54:F0:B1:BB:5A:84,,50,17.768421173095703,C1,0,1
298,54:F0:B1:BB:5A:A0,eduroam,15,17.768421173095703,C1,0,1
299,54:F0:B1:BB:5A:A1,PoliSemFio,15,17.768421173095703,C1,0,1
300,54:F0:B1:BB:5A:A2,HACKER,17,17.768421173095703,C1,0,1
301,54:F0:B1:BB:5A:A3,LEP,14,17.768421173095703,C1,0,1
302,54:F0:B1:BB:5F:91,PoliSemFio,34,17.768421173095703,C1,0,1
303,54:F0:B1:BB:5F:92,,35,17.768421173095703,C1,0,1
304,54:F0:B1:BB:5F:B0,eduroam,12,17.768421173095703,C1,0,1
305,54:F0:B1:BB:5F:B1,PoliSemFio,14,17.768421173095703,C1,0,1
306,54:F0:B1:BB:80:C0,eduroam,39,17.768421173095703,C1,0,1
307,54:F0:B1:BB:80:C3,LABPROG,49,17.768421173095703,C1,0,1
308,54:F0:B1:BB:80:E3,LABPROG,12,17.768421173095703,C1,0,1
309,54:F0:B1:BB:84:B0,eduroam,19,17.768421173095703,C1,0,1
310,54:F0:B1:BB:84:B2,,27,17.768421173095703,C1,0,1
311,54:F0:B1:BB:84:D0,eduroam,15,17.768421173095703,C1,0,1
312,54:F0:B1:BB:84:D1,PoliSemFio,15,17.768421173095703,C1,0,1
313,54:F0:B1:BB:84:D2,,15,17.768421173095703,C1,0,1
314,54:F0:B1:BB:BC:02,,30,17.768421173095703,C1,0,1
315,54:F0:B1:BB:BC:03,CAEEL,19,17.768421173095703,C1,0,1
316,54:F0:B1:BB:BC:20,eduroam,10,17.768421173095703,C1,0,1
317,54:F0:B1:BB:BE:10,eduroam,32,17.768421173095703,C1,0,1
318,54:F0:B1:BB:BE:30,eduroam,17,17.768421173095703,C1,0,1
319,54:F0:B1:BB:BE:31,PoliSemFio,17,17.768421173095703,C1,0,1
320,54:F0:B1:BB:BE:33,CAEEL,14,17.768421173095703,C1,0,1
321,54:F0:B1:BB:C4:F0,eduroam,30,17.768421173095703,C1,0,1
322,54:F0:B1:BB:C4:F1,PoliSemFio,30,17.768421173095703,C1,0,1
323,54:F0:B1:BB:CD:A0,eduroam,30,17.768421173095703,C1,0,1
324,54:F0:B1:BB:FD:D0,eduroam,35,17.768421173095703,C1,0,1
325,54:F0:B1:BB:FD:D1,PoliSemFio,32,17.768421173095703,C1,0,1
326,54:F0:B1:BB:FD:D2,,30,17.768421173095703,C1,0,1
327,54:F0:B1:BC:09:40,eduroam,45,17.768421173095703,C1,0,1
328,54:F0:B1:BC:09:41,PoliSemFio,54,17.768421173095703,C1,0,1
329,54:F0:B1:BC:09:60,eduroam,24,17.768421173095703,C1,0,1
330,54:F0:B1:BC:09:61,PoliSemFio,30,17.768421173095703,C1,0,1
331,54:F0:B1:BC:1B:D0,eduroam,67,17.768421173095703,C1,0,1
332,54:F0:B1:BC:1B:D1,PoliSemFio,60,17.768421173095703,C1,0,1
333,54:F0:B1:BC:1B:D2,,60,17.768421173095703,C1,0,1
334,54:F0:B1:BC:1B:F0,eduroam,35,17.768421173095703,C1,0,1
335,54:F0:B1:BC:1B:F1,PoliSemFio,34,17.768421173095703,C1,0,1
336,54:F0:B1:BC:27:40,eduroam,25,17.768421173095703,C1,0,1
337,54:F0:B1:BC:27:41,PoliSemFio,57,17.768421173095703,C1,0,1
338,54:F0:B1:BC:27:42,,57,17.768421173095703,C1,0,1
339,54:F0:B1:BC:27:60,eduroam,32,17.768421173095703,C1,0,1
340,54:F0:B1:BC:27:61,PoliSemFio,32,17.768421173095703,C1,0,1
341,54:F0:B1:BC:2E:90,eduroam,52,17.768421173095703,C1,0,1
342,54:F0:B1:BC:2E:91,PoliSemFio,54,17.768421173095703,C1,0,1
343,54:F0:B1:BC:2E:92,,54,17.768421173095703,C1,0,1
344,54:F0:B1:BC:2E:B0,eduroam,55,17.768421173095703,C1,0,1
345,54:F0:B1:BC:2E:B1,PoliSemFio,49,17.768421173095703,C1,0,1
346,54:F0:B1:BC:36:10,PoliSemFio,39,17.768421173095703,C1,0,1
347,54:F0:B1:BC:36:11,eduroam,30,17.768421173095703,C1,0,1
348,54:F0:B1:BC:36:12,,32,17.768421173095703,C1,0,1
349,54:F0:B1:BC:36:30,PoliSemFio,19,17.768421173095703,C1,0,1
350,54:F0:B1:BC:36:31,eduroam,19,17.768421173095703,C1,0,1
351,54:F0:B1:BC:36:32,,17,17.768421173095703,C1,0,1
352,54:F0:B1:BC:3F:10,eduroam,37,17.768421173095703,C1,0,1
353,54:F0:B1:BC:3F:30,eduroam,14,17.768421173095703,C1,0,1
354,54:F0:B1:BC:3F:31,PoliSemFio,17,17.768421173095703,C1,0,1
355,54:F0:B1:BC:43:60,eduroam,12,17.768421173095703,C1,0,1
356,54:F0:B1:BC:43:80,eduroam,17,17.768421173095703,C1,0,1
357,54:F0:B1:BC:43:81,PoliSemFio,17,17.768421173095703,C1,0,1
358,54:F0:B1:BC:43:82,,19,17.768421173095703,C1,0,1
359,54:F0:B1:BC:65:B0,eduroam,30,17.768421173095703,C1,0,1
360,54:F0:B1:BC:65:B1,PoliSemFio,30,17.768421173095703,C1,0,1
361,54:F0:B1:BC:65:B2,,30,17.768421173095703,C1,0,1
362,54:F0:B1:BC:70:00,eduroam,37,17.768421173095703,C1,0,1
363,54:F0:B1:BC:70:20,eduroam,15,17.768421173095703,C1,0,1
364,54:F0:B1:BC:70:21,PoliSemFio,14,17.768421173095703,C1,0,1
365,54:F0:B1:BC:70:22,,14,17.768421173095703,C1,0,1
366,54:F0:B1:BC:77:80,eduroam,30,17.768421173095703,C1,0,1
367,54:F0:B1:BC:77:81,PoliSemFio,37,17.768421173095703,C1,0,1
368,54:F0:B1:BC:77:A0,eduroam,37,17.768421173095703,C1,0,1
369,54:F0:B1:BC:77:A1,PoliSemFio,37,17.768421173095703,C1,0,1
370,68:FF:7B:47:78:BE,C1-22M,34,17.768421173095703,C1,0,1
371,70:3A:0E:09:2E:B0,eduroam,9,17.768421173095703,C1,0,1
372,70:3A:0E:09:2E:B1,FEAnet,12,17.768421173095703,C1,0,1
373,70:62:B8:6E:72:A0,PCS-wireless-C1-13,25,17.768421173095703,C1,0,1
374,70:62:B8:6E:72:A1,PPGEE,22,17.768421173095703,C1,0,1
375,84:D4:7E:06:4F:E0,eduroam,22,17.768421173095703,C1,0,1
376,84:D4:7E:06:4F:E1,PoliSemFio,40,17.768421173095703,C1,0,1
377,84:D4:7E:06:4F:E2,,42,17.768421173095703,C1,0,1
378,84:D4:7E:9C:AD:40,PEAReEvolucao,19,17.768421173095703,C1,0,1
379,84:D4:7E:9D:EE:C0,eduroam,24,17.768421173095703,C1,0,1
380,84:D4:7E:9E:1A:61,FEAnet,7,17.768421173095703,C1,0,1
381,DC:9F:DB:1B:1F:D7,LWN-3,22,17.768421173095703,C1,0,1
382,DC:9F:DB:1C:1F:D7,LWN-3,50,17.768421173095703,C1,0,1
383,DE:9F:DB:1B:1F:D7,LARC Guest,24,17.768421173095703,C1,0,1
384,DE:9F:DB:1C:1F:D7,LARC Guest,55,17.768421173095703,C1,0,1
385,EE:9F:DB:1B:1F:D7,,25,17.768421173095703,C1,0,1
386,FE:9F:DB:1B:1F:D7,,24,17.768421173095703,C1,0,1
387,FE:9F:DB:1C:1F:D7,,42,17.768421173095703,C1,0,1
388,20:AA:4B:A7:19:74,LAA03,19,24.031885862350464,C1,0,1
389,30:85:A9:69:FB:0A,PCS-Wireless,20,24.031885862350464,C1,0,1
390,34:60:F9:A3:D9:13,GASWIFI-5G_C2,12,24.031885862350464,C1,0,1
391,34:60:F9:A3:D9:14,GASWIFI-2G_C2,37,24.031885862350464,C1,0,1
392,34:CE:00:51:3E:6F,Lab,20,24.031885862350464,C1,0,1
393,3A:60:F9:A3:D9:14,,32,24.031885862350464,C1,0,1
394,46:D2:44:04:08:05,DIRECT-44048805,20,24.031885862350464,C1,0,1
395,54:B8:0A:AA:2C:8C,LAB_DIGITAL,20,24.031885862350464,C1,0,1
396,54:B8:0A:AA:2C:8D,PCS-Wireless,19,24.031885862350464,C1,0,1
397,54:F0:B1:A1:58:00,eduroam,29,24.031885862350464,C1,0,1
398,54:F0:B1:A1:58:01,PoliSemFio,22,24.031885862350464,C1,0,1
399,54:F0:B1:A1:58:02,,20,24.031885862350464,C1,0,1
400,54:F0:B1:A2:4A:70,eduroam,29,24.031885862350464,C1,0,1
401,54:F0:B1:A2:56:60,eduroam,39,24.031885862350464,C1,0,1
402,54:F0:B1:A2:56:61,PoliSemFio,29,24.031885862350464,C1,0,1
403,54:F0:B1:A2:56:70,eduroam,52,24.031885862350464,C1,0,1
404,54:F0:B1:A2:56:71,PoliSemFio,32,24.031885862350464,C1,0,1
405,54:F0:B1:A2:56:72,,32,24.031885862350464,C1,0,1
406,54:F0:B1:BB:5A:80,eduroam,30,24.031885862350464,C1,0,1
407,54:F0:B1:BB:5A:81,PoliSemFio,49,24.031885862350464,C1,0,1
408,54:F0:B1:BB:5A:82,HACKER,47,24.031885862350464,C1,0,1
409,54:F0:B1:BB:5A:83,LEP,32,24.031885862350464,C1,0,1
410,54:F0:B1:BB:5A:84,,50,24.031885862350464,C1,0,1
411,54:F0:B1:BB:5A:A3,LEP,15,24.031885862350464,C1,0,1
412,54:F0:B1:BB:5F:91,PoliSemFio,34,24.031885862350464,C1,0,1
413,54:F0:B1:BB:5F:92,,35,24.031885862350464,C1,0,1
414,54:F0:B1:BB:5F:B0,eduroam,10,24.031885862350464,C1,0,1
415,54:F0:B1:BB:5F:B1,PoliSemFio,14,24.031885862350464,C1,0,1
416,54:F0:B1:BB:80:C0,eduroam,39,24.031885862350464,C1,0,1
417,54:F0:B1:BB:80:C3,LABPROG,44,24.031885862350464,C1,0,1
418,54:F0:B1:BB:80:E3,LABPROG,14,24.031885862350464,C1,0,1
419,54:F0:B1:BB:84:B0,eduroam,19,24.031885862350464,C1,0,1
420,54:F0:B1:BB:84:B2,,27,24.031885862350464,C1,0,1
421,54:F0:B1:BB:BC:02,,30,24.031885862350464,C1,0,1
422,54:F0:B1:BB:BC:03,CAEEL,19,24.031885862350464,C1,0,1
423,54:F0:B1:BB:BE:10,eduroam,20,24.031885862350464,C1,0,1
424,54:F0:B1:BB:BE:33,CAEEL,14,24.031885862350464,C1,0,1
425,54:F0:B1:BB:C4:F0,eduroam,27,24.031885862350464,C1,0,1
426,54:F0:B1:BB:C4:F1,PoliSemFio,25,24.031885862350464,C1,0,1
427,54:F0:B1:BB:CD:A0,eduroam,30,24.031885862350464,C1,0,1
428,54:F0:B1:BB:FD:D0,eduroam,32,24.031885862350464,C1,0,1
429,54:F0:B1:BB:FD:D1,PoliSemFio,30,24.031885862350464,C1,0,1
430,54:F0:B1:BB:FD:D2,,29,24.031885862350464,C1,0,1
431,54:F0:B1:BC:09:40,eduroam,35,24.031885862350464,C1,0,1
432,54:F0:B1:BC:09:41,PoliSemFio,54,24.031885862350464,C1,0,1
433,54:F0:B1:BC:09:60,eduroam,20,24.031885862350464,C1,0,1
434,54:F0:B1:BC:09:61,PoliSemFio,30,24.031885862350464,C1,0,1
435,54:F0:B1:BC:1B:D0,eduroam,45,24.031885862350464,C1,0,1
436,54:F0:B1:BC:1B:D1,PoliSemFio,40,24.031885862350464,C1,0,1
437,54:F0:B1:BC:1B:D2,,60,24.031885862350464,C1,0,1
438,54:F0:B1:BC:1B:F0,eduroam,35,24.031885862350464,C1,0,1
439,54:F0:B1:BC:1B:F1,PoliSemFio,35,24.031885862350464,C1,0,1
440,54:F0:B1:BC:27:40,eduroam,37,24.031885862350464,C1,0,1
441,54:F0:B1:BC:27:41,PoliSemFio,34,24.031885862350464,C1,0,1
442,54:F0:B1:BC:27:60,eduroam,19,24.031885862350464,C1,0,1
443,54:F0:B1:BC:27:61,PoliSemFio,17,24.031885862350464,C1,0,1
444,54:F0:B1:BC:2E:90,eduroam,60,24.031885862350464,C1,0,1
445,54:F0:B1:BC:2E:91,PoliSemFio,55,24.031885862350464,C1,0,1
446,54:F0:B1:BC:2E:92,,55,24.031885862350464,C1,0,1
447,54:F0:B1:BC:2E:B0,eduroam,52,24.031885862350464,C1,0,1
448,54:F0:B1:BC:2E:B1,PoliSemFio,35,24.031885862350464,C1,0,1
449,54:F0:B1:BC:2F:52,,22,24.031885862350464,C1,0,1
450,54:F0:B1:BC:36:10,PoliSemFio,39,24.031885862350464,C1,0,1
451,54:F0:B1:BC:36:11,eduroam,22,24.031885862350464,C1,0,1
452,54:F0:B1:BC:3F:10,eduroam,37,24.031885862350464,C1,0,1
453,54:F0:B1:BC:43:60,eduroam,12,24.031885862350464,C1,0,1
454,54:F0:B1:BC:65:B0,eduroam,12,24.031885862350464,C1,0,1
455,54:F0:B1:BC:65:B1,PoliSemFio,19,24.031885862350464,C1,0,1
456,54:F0:B1:BC:65:B2,,22,24.031885862350464,C1,0,1
457,54:F0:B1:BC:70:00,eduroam,37,24.031885862350464,C1,0,1
458,54:F0:B1:BC:70:20,eduroam,15,24.031885862350464,C1,0,1
459,54:F0:B1:BC:70:21,PoliSemFio,14,24.031885862350464,C1,0,1
460,54:F0:B1:BC:70:22,,14,24.031885862350464,C1,0,1
461,54:F0:B1:BC:77:80,eduroam,34,24.031885862350464,C1,0,1
462,54:F0:B1:BC:77:81,PoliSemFio,37,24.031885862350464,C1,0,1
463,54:F0:B1:BC:77:A0,eduroam,22,24.031885862350464,C1,0,1
464,54:F0:B1:BC:77:A1,PoliSemFio,24,24.031885862350464,C1,0,1
465,54:F0:B1:BC:77:A2,,24,24.031885862350464,C1,0,1
466,68:FF:7B:47:78:BE,C1-22M,34,24.031885862350464,C1,0,1
467,70:3A:0E:09:2E:B0,eduroam,9,24.031885862350464,C1,0,1
468,70:3A:0E:09:2E:B1,FEAnet,12,24.031885862350464,C1,0,1
469,70:62:B8:6E:72:A0,PCS-wireless-C1-13,25,24.031885862350464,C1,0,1
470,70:62:B8:6E:72:A1,PPGEE,22,24.031885862350464,C1,0,1
471,84:D4:7E:06:4F:E1,PoliSemFio,40,24.031885862350464,C1,0,1
472,84:D4:7E:06:4F:E2,,42,24.031885862350464,C1,0,1
473,AA:6B:AD:82:46:CC,DIRECT-cc-HP M132f LaserJet,24,24.031885862350464,C1,0,1
474,DC:9F:DB:1B:1F:D7,LWN-3,24,24.031885862350464,C1,0,1
475,DC:9F:DB:1C:1F:D7,LWN-3,39,24.031885862350464,C1,0,1
476,DE:9F:DB:1B:1F:D7,LARC Guest,24,24.031885862350464,C1,0,1
477,DE:9F:DB:1C:1F:D7,LARC Guest,39,24.031885862350464,C1,0,1
478,EE:9F:DB:1B:1F:D7,,25,24.031885862350464,C1,0,1
479,EE:9F:DB:1C:1F:D7,,39,24.031885862350464,C1,0,1
480,F8:1A:67:99:55:8E,NUCLEAR_CHF,17,24.031885862350464,C1,0,1
481,FE:9F:DB:1C:1F:D7,,42,24.031885862350464,C1,0,1
482,20:AA:4B:A7:19:74,LAA03,32,30.293543815612793,C1,0,1
483,30:85:A9:69:FB:0A,PCS-Wireless,20,30.293543815612793,C1,0,1
484,34:60:F9:A3:D9:13,GASWIFI-5G_C2,12,30.293543815612793,C1,0,1
485,34:60:F9:A3:D9:14,GASWIFI-2G_C2,44,30.293543815612793,C1,0,1
486,34:CE:00:51:3E:6F,Lab,29,30.293543815612793,C1,0,1
487,3A:60:F9:A3:D9:14,,32,30.293543815612793,C1,0,1
488,46:D2:44:04:08:05,DIRECT-44048805,20,30.293543815612793,C1,0,1
489,54:B8:0A:AA:2C:8C,LAB_DIGITAL,24,30.293543815612793,C1,0,1
490,54:B8:0A:AA:2C:8D,PCS-Wireless,24,30.293543815612793,C1,0,1
491,54:F0:B1:A1:58:00,eduroam,20,30.293543815612793,C1,0,1
492,54:F0:B1:A1:58:01,PoliSemFio,22,30.293543815612793,C1,0,1
493,54:F0:B1:A1:58:02,,20,30.293543815612793,C1,0,1
494,54:F0:B1:A1:E2:80,CEE,14,30.293543815612793,C1,0,1
495,54:F0:B1:A1:E2:81,eduroam,15,30.293543815612793,C1,0,1
496,54:F0:B1:A1:E4:F0,eduroam,10,30.293543815612793,C1,0,1
497,54:F0:B1:A1:E4:F1,PoliSemFio,12,30.293543815612793,C1,0,1
498,54:F0:B1:A2:4A:70,eduroam,24,30.293543815612793,C1,0,1
499,54:F0:B1:A2:4A:71,PoliSemFio,25,30.293543815612793,C1,0,1
500,54:F0:B1:A2:4A:72,,25,30.293543815612793,C1,0,1
501,54:F0:B1:A2:56:60,eduroam,49,30.293543815612793,C1,0,1
502,54:F0:B1:A2:56:61,PoliSemFio,49,30.293543815612793,C1,0,1
503,54:F0:B1:A2:56:70,eduroam,52,30.293543815612793,C1,0,1
504,54:F0:B1:A2:56:71,PoliSemFio,32,30.293543815612793,C1,0,1
505,54:F0:B1:A2:56:72,,32,30.293543815612793,C1,0,1
506,54:F0:B1:BB:5A:80,eduroam,30,30.293543815612793,C1,0,1
507,54:F0:B1:BB:5A:81,PoliSemFio,49,30.293543815612793,C1,0,1
508,54:F0:B1:BB:5A:82,HACKER,50,30.293543815612793,C1,0,1
509,54:F0:B1:BB:5A:83,LEP,50,30.293543815612793,C1,0,1
510,54:F0:B1:BB:5A:84,,50,30.293543815612793,C1,0,1
511,54:F0:B1:BB:5A:A0,eduroam,12,30.293543815612793,C1,0,1
512,54:F0:B1:BB:5A:A1,PoliSemFio,12,30.293543815612793,C1,0,1
513,54:F0:B1:BB:5A:A2,HACKER,14,30.293543815612793,C1,0,1
514,54:F0:B1:BB:5A:A3,LEP,12,30.293543815612793,C1,0,1
515,54:F0:B1:BB:5F:91,PoliSemFio,34,30.293543815612793,C1,0,1
516,54:F0:B1:BB:5F:92,,35,30.293543815612793,C1,0,1
517,54:F0:B1:BB:5F:B0,eduroam,15,30.293543815612793,C1,0,1
518,54:F0:B1:BB:5F:B1,PoliSemFio,15,30.293543815612793,C1,0,1
519,54:F0:B1:BB:73:40,eduroam,27,30.293543815612793,C1,0,1
520,54:F0:B1:BB:80:C0,eduroam,39,30.293543815612793,C1,0,1
521,54:F0:B1:BB:80:C3,LABPROG,52,30.293543815612793,C1,0,1
522,54:F0:B1:BB:80:E3,LABPROG,14,30.293543815612793,C1,0,1
523,54:F0:B1:BB:84:B0,eduroam,19,30.293543815612793,C1,0,1
524,54:F0:B1:BB:84:B2,,27,30.293543815612793,C1,0,1
525,54:F0:B1:BB:BC:02,,30,30.293543815612793,C1,0,1
526,54:F0:B1:BB:BC:03,CAEEL,19,30.293543815612793,C1,0,1
527,54:F0:B1:BB:BE:10,eduroam,24,30.293543815612793,C1,0,1
528,54:F0:B1:BB:BE:30,eduroam,14,30.293543815612793,C1,0,1
529,54:F0:B1:BB:BE:33,CAEEL,12,30.293543815612793,C1,0,1
530,54:F0:B1:BB:C4:F0,eduroam,27,30.293543815612793,C1,0,1
531,54:F0:B1:BB:C4:F1,PoliSemFio,25,30.293543815612793,C1,0,1
532,54:F0:B1:BB:C6:E0,eduroam,22,30.293543815612793,C1,0,1
533,54:F0:B1:BB:C6:E1,PoliSemFio,19,30.293543815612793,C1,0,1
534,54:F0:B1:BB:CD:A0,eduroam,30,30.293543815612793,C1,0,1
535,54:F0:B1:BB:CD:A1,PoliSemFio,35,30.293543815612793,C1,0,1
536,54:F0:B1:BB:FD:D0,eduroam,32,30.293543815612793,C1,0,1
537,54:F0:B1:BB:FD:D1,PoliSemFio,30,30.293543815612793,C1,0,1
538,54:F0:B1:BB:FD:D2,,29,30.293543815612793,C1,0,1
539,54:F0:B1:BC:09:40,eduroam,35,30.293543815612793,C1,0,1
540,54:F0:B1:BC:09:41,PoliSemFio,54,30.293543815612793,C1,0,1
541,54:F0:B1:BC:09:60,eduroam,25,30.293543815612793,C1,0,1
542,54:F0:B1:BC:09:61,PoliSemFio,24,30.293543815612793,C1,0,1
543,54:F0:B1:BC:1B:D0,eduroam,59,30.293543815612793,C1,0,1
544,54:F0:B1:BC:1B:D1,PoliSemFio,54,30.293543815612793,C1,0,1
545,54:F0:B1:BC:1B:D2,,54,30.293543815612793,C1,0,1
546,54:F0:B1:BC:1B:F0,eduroam,29,30.293543815612793,C1,0,1
547,54:F0:B1:BC:1B:F1,PoliSemFio,29,30.293543815612793,C1,0,1
548,54:F0:B1:BC:27:40,eduroam,37,30.293543815612793,C1,0,1
549,54:F0:B1:BC:27:41,PoliSemFio,34,30.293543815612793,C1,0,1
550,54:F0:B1:BC:27:42,,42,30.293543815612793,C1,0,1
551,54:F0:B1:BC:27:60,eduroam,19,30.293543815612793,C1,0,1
552,54:F0:B1:BC:27:61,PoliSemFio,17,30.293543815612793,C1,0,1
553,54:F0:B1:BC:2E:90,eduroam,69,30.293543815612793,C1,0,1
554,54:F0:B1:BC:2E:91,PoliSemFio,70,30.293543815612793,C1,0,1
555,54:F0:B1:BC:2E:92,,70,30.293543815612793,C1,0,1
556,54:F0:B1:BC:2E:B0,eduroam,45,30.293543815612793,C1,0,1
557,54:F0:B1:BC:2E:B1,PoliSemFio,45,30.293543815612793,C1,0,1
558,54:F0:B1:BC:2F:51,PoliSemFio,25,30.293543815612793,C1,0,1
559,54:F0:B1:BC:2F:52,,22,30.293543815612793,C1,0,1
560,54:F0:B1:BC:36:10,PoliSemFio,39,30.293543815612793,C1,0,1
561,54:F0:B1:BC:36:11,eduroam,22,30.293543815612793,C1,0,1
562,54:F0:B1:BC:3F:10,eduroam,37,30.293543815612793,C1,0,1
563,54:F0:B1:BC:43:60,eduroam,20,30.293543815612793,C1,0,1
564,54:F0:B1:BC:65:B0,eduroam,12,30.293543815612793,C1,0,1
565,54:F0:B1:BC:65:B1,PoliSemFio,25,30.293543815612793,C1,0,1
566,54:F0:B1:BC:65:B2,,25,30.293543815612793,C1,0,1
567,54:F0:B1:BC:70:00,eduroam,37,30.293543815612793,C1,0,1
568,54:F0:B1:BC:70:20,eduroam,15,30.293543815612793,C1,0,1
569,54:F0:B1:BC:70:21,PoliSemFio,14,30.293543815612793,C1,0,1
570,54:F0:B1:BC:70:22,,14,30.293543815612793,C1,0,1
571,54:F0:B1:BC:77:80,eduroam,37,30.293543815612793,C1,0,1
572,54:F0:B1:BC:77:81,PoliSemFio,37,30.293543815612793,C1,0,1
573,54:F0:B1:BC:77:A0,eduroam,39,30.293543815612793,C1,0,1
574,54:F0:B1:BC:77:A1,PoliSemFio,39,30.293543815612793,C1,0,1
575,54:F0:B1:BC:77:A2,,39,30.293543815612793,C1,0,1
576,68:FF:7B:47:78:BE,C1-22M,34,30.293543815612793,C1,0,1
577,70:3A:0E:09:2E:B0,eduroam,9,30.293543815612793,C1,0,1
578,70:3A:0E:09:2E:B1,FEAnet,12,30.293543815612793,C1,0,1
579,70:62:B8:6E:72:A0,PCS-wireless-C1-13,25,30.293543815612793,C1,0,1
580,70:62:B8:6E:72:A1,PPGEE,22,30.293543815612793,C1,0,1
581,84:D4:7E:06:4F:E1,PoliSemFio,40,30.293543815612793,C1,0,1
582,84:D4:7E:06:4F:E2,,42,30.293543815612793,C1,0,1
583,AA:6B:AD:82:46:CC,DIRECT-cc-HP M132f LaserJet,24,30.293543815612793,C1,0,1
584,DC:9F:DB:1B:1F:D7,LWN-3,24,30.293543815612793,C1,0,1
585,DC:9F:DB:1C:1F:D7,LWN-3,39,30.293543815612793,C1,0,1
586,DE:9F:DB:1B:1F:D7,LARC Guest,24,30.293543815612793,C1,0,1
587,DE:9F:DB:1C:1F:D7,LARC Guest,62,30.293543815612793,C1,0,1
588,EE:9F:DB:1B:1F:D7,,25,30.293543815612793,C1,0,1
589,EE:9F:DB:1C:1F:D7,,39,30.293543815612793,C1,0,1
590,F8:1A:67:99:55:8E,NUCLEAR_CHF,25,30.293543815612793,C1,0,1
591,FE:9F:DB:1C:1F:D7,,42,30.293543815612793,C1,0,1
592,20:AA:4B:A7:19:74,LAA03,32,40.22962427139282,C1,0,1
593,30:85:A9:69:FB:0A,PCS-Wireless,22,40.22962427139282,C1,0,1
594,34:60:F9:A3:D9:13,GASWIFI-5G_C2,12,40.22962427139282,C1,0,1
595,34:60:F9:A3:D9:14,GASWIFI-2G_C2,47,40.22962427139282,C1,0,1
596,34:CE:00:51:3E:6F,Lab,20,40.22962427139282,C1,0,1
597,3A:60:F9:A3:D9:14,,32,40.22962427139282,C1,0,1
598,46:D2:44:04:08:05,DIRECT-44048805,20,40.22962427139282,C1,0,1
599,54:B8:0A:AA:2C:8C,LAB_DIGITAL,27,40.22962427139282,C1,0,1
600,54:B8:0A:AA:2C:8D,PCS-Wireless,24,40.22962427139282,C1,0,1
601,54:F0:B1:A1:58:00,eduroam,29,40.22962427139282,C1,0,1
602,54:F0:B1:A1:58:01,PoliSemFio,25,40.22962427139282,C1,0,1
603,54:F0:B1:A1:58:02,,25,40.22962427139282,C1,0,1
604,54:F0:B1:A1:E2:80,CEE,14,40.22962427139282,C1,0,1
605,54:F0:B1:A1:E2:81,eduroam,15,40.22962427139282,C1,0,1
606,54:F0:B1:A1:E4:F0,eduroam,10,40.22962427139282,C1,0,1
607,54:F0:B1:A1:E4:F1,PoliSemFio,12,40.22962427139282,C1,0,1
608,54:F0:B1:A2:37:E0,eduroam,24,40.22962427139282,C1,0,1
609,54:F0:B1:A2:4A:70,eduroam,24,40.22962427139282,C1,0,1
610,54:F0:B1:A2:4A:71,PoliSemFio,25,40.22962427139282,C1,0,1
611,54:F0:B1:A2:4A:72,,25,40.22962427139282,C1,0,1
612,54:F0:B1:A2:56:60,eduroam,49,40.22962427139282,C1,0,1
613,54:F0:B1:A2:56:61,PoliSemFio,29,40.22962427139282,C1,0,1
614,54:F0:B1:A2:56:70,eduroam,52,40.22962427139282,C1,0,1
615,54:F0:B1:A2:56:71,PoliSemFio,32,40.22962427139282,C1,0,1
616,54:F0:B1:A2:56:72,,32,40.22962427139282,C1,0,1
617,54:F0:B1:BB:5A:80,eduroam,30,40.22962427139282,C1,0,1
618,54:F0:B1:BB:5A:81,PoliSemFio,42,40.22962427139282,C1,0,1
619,54:F0:B1:BB:5A:82,HACKER,47,40.22962427139282,C1,0,1
620,54:F0:B1:BB:5A:83,LEP,45,40.22962427139282,C1,0,1
621,54:F0:B1:BB:5A:84,,40,40.22962427139282,C1,0,1
622,54:F0:B1:BB:5A:A0,eduroam,20,40.22962427139282,C1,0,1
623,54:F0:B1:BB:5A:A1,PoliSemFio,19,40.22962427139282,C1,0,1
624,54:F0:B1:BB:5A:A2,HACKER,19,40.22962427139282,C1,0,1
625,54:F0:B1:BB:5A:A3,LEP,19,40.22962427139282,C1,0,1
626,54:F0:B1:BB:5A:A4,,20,40.22962427139282,C1,0,1
627,54:F0:B1:BB:5F:91,PoliSemFio,34,40.22962427139282,C1,0,1
628,54:F0:B1:BB:5F:92,,35,40.22962427139282,C1,0,1
629,54:F0:B1:BB:5F:B0,eduroam,15,40.22962427139282,C1,0,1
630,54:F0:B1:BB:5F:B1,PoliSemFio,15,40.22962427139282,C1,0,1
631,54:F0:B1:BB:73:40,eduroam,27,40.22962427139282,C1,0,1
632,54:F0:B1:BB:80:C0,eduroam,35,40.22962427139282,C1,0,1
633,54:F0:B1:BB:80:C3,LABPROG,37,40.22962427139282,C1,0,1
634,54:F0:B1:BB:80:E3,LABPROG,9,40.22962427139282,C1,0,1
635,54:F0:B1:BB:84:B0,eduroam,19,40.22962427139282,C1,0,1
636,54:F0:B1:BB:84:B2,,27,40.22962427139282,C1,0,1
637,54:F0:B1:BB:BC:02,,30,40.22962427139282,C1,0,1
638,54:F0:B1:BB:BC:03,CAEEL,19,40.22962427139282,C1,0,1
639,54:F0:B1:BB:BE:10,eduroam,17,40.22962427139282,C1,0,1
640,54:F0:B1:BB:BE:30,eduroam,14,40.22962427139282,C1,0,1
641,54:F0:B1:BB:BE:33,CAEEL,12,40.22962427139282,C1,0,1
642,54:F0:B1:BB:C4:F0,eduroam,19,40.22962427139282,C1,0,1
643,54:F0:B1:BB:C4:F1,PoliSemFio,19,40.22962427139282,C1,0,1
644,54:F0:B1:BB:C6:E0,eduroam,22,40.22962427139282,C1,0,1
645,54:F0:B1:BB:C6:E1,PoliSemFio,19,40.22962427139282,C1,0,1
646,54:F0:B1:BB:CD:A0,eduroam,30,40.22962427139282,C1,0,1
647,54:F0:B1:BB:CD:A1,PoliSemFio,35,40.22962427139282,C1,0,1
648,54:F0:B1:BB:FD:D0,eduroam,39,40.22962427139282,C1,0,1
649,54:F0:B1:BB:FD:D1,PoliSemFio,35,40.22962427139282,C1,0,1
650,54:F0:B1:BB:FD:D2,,35,40.22962427139282,C1,0,1
651,54:F0:B1:BC:09:40,eduroam,35,40.22962427139282,C1,0,1
652,54:F0:B1:BC:09:41,PoliSemFio,44,40.22962427139282,C1,0,1
653,54:F0:B1:BC:09:42,,44,40.22962427139282,C1,0,1
654,54:F0:B1:BC:09:60,eduroam,25,40.22962427139282,C1,0,1
655,54:F0:B1:BC:09:61,PoliSemFio,20,40.22962427139282,C1,0,1
656,54:F0:B1:BC:1B:D0,eduroam,59,40.22962427139282,C1,0,1
657,54:F0:B1:BC:1B:D1,PoliSemFio,54,40.22962427139282,C1,0,1
658,54:F0:B1:BC:1B:D2,,45,40.22962427139282,C1,0,1
659,54:F0:B1:BC:1B:F0,eduroam,32,40.22962427139282,C1,0,1
660,54:F0:B1:BC:1B:F1,PoliSemFio,32,40.22962427139282,C1,0,1
661,54:F0:B1:BC:27:40,eduroam,35,40.22962427139282,C1,0,1
662,54:F0:B1:BC:27:41,PoliSemFio,39,40.22962427139282,C1,0,1
663,54:F0:B1:BC:27:42,,39,40.22962427139282,C1,0,1
664,54:F0:B1:BC:27:60,eduroam,24,40.22962427139282,C1,0,1
665,54:F0:B1:BC:27:61,PoliSemFio,24,40.22962427139282,C1,0,1
666,54:F0:B1:BC:2E:90,eduroam,74,40.22962427139282,C1,0,1
667,54:F0:B1:BC:2E:91,PoliSemFio,69,40.22962427139282,C1,0,1
668,54:F0:B1:BC:2E:92,,70,40.22962427139282,C1,0,1
669,54:F0:B1:BC:2E:B0,eduroam,37,40.22962427139282,C1,0,1
670,54:F0:B1:BC:2E:B1,PoliSemFio,37,40.22962427139282,C1,0,1
671,54:F0:B1:BC:2F:50,eduroam,29,40.22962427139282,C1,0,1
672,54:F0:B1:BC:2F:51,PoliSemFio,24,40.22962427139282,C1,0,1
673,54:F0:B1:BC:2F:52,,22,40.22962427139282,C1,0,1
674,54:F0:B1:BC:36:10,PoliSemFio,39,40.22962427139282,C1,0,1
675,54:F0:B1:BC:36:11,eduroam,22,40.22962427139282,C1,0,1
676,54:F0:B1:BC:3F:10,eduroam,37,40.22962427139282,C1,0,1
677,54:F0:B1:BC:3F:32,,14,40.22962427139282,C1,0,1
678,54:F0:B1:BC:43:60,eduroam,20,40.22962427139282,C1,0,1
679,54:F0:B1:BC:65:B0,eduroam,12,40.22962427139282,C1,0,1
680,54:F0:B1:BC:65:B1,PoliSemFio,25,40.22962427139282,C1,0,1
681,54:F0:B1:BC:65:B2,,25,40.22962427139282,C1,0,1
682,54:F0:B1:BC:70:00,eduroam,37,40.22962427139282,C1,0,1
683,54:F0:B1:BC:70:20,eduroam,15,40.22962427139282,C1,0,1
684,54:F0:B1:BC:70:21,PoliSemFio,14,40.22962427139282,C1,0,1
685,54:F0:B1:BC:70:22,,14,40.22962427139282,C1,0,1
686,54:F0:B1:BC:77:80,eduroam,39,40.22962427139282,C1,0,1
687,54:F0:B1:BC:77:81,PoliSemFio,37,40.22962427139282,C1,0,1
688,54:F0:B1:BC:77:A0,eduroam,27,40.22962427139282,C1,0,1
689,54:F0:B1:BC:77:A1,PoliSemFio,29,40.22962427139282,C1,0,1
690,54:F0:B1:BC:77:A2,,39,40.22962427139282,C1,0,1
691,68:FF:7B:47:78:BE,C1-22M,34,40.22962427139282,C1,0,1
692,70:3A:0E:09:2E:B0,eduroam,9,40.22962427139282,C1,0,1
693,70:3A:0E:09:2E:B1,FEAnet,12,40.22962427139282,C1,0,1
694,70:62:B8:6E:72:A0,PCS-wireless-C1-13,37,40.22962427139282,C1,0,1
695,70:62:B8:6E:72:A1,PPGEE,32,40.22962427139282,C1,0,1
696,84:D4:7E:06:4F:E1,PoliSemFio,40,40.22962427139282,C1,0,1
697,84:D4:7E:06:4F:E2,,42,40.22962427139282,C1,0,1
698,AA:6B:AD:82:46:CC,DIRECT-cc-HP M132f LaserJet,24,40.22962427139282,C1,0,1
699,DC:9F:DB:1B:1F:D7,LWN-3,19,40.22962427139282,C1,0,1
700,DC:9F:DB:1C:1F:D7,LWN-3,42,40.22962427139282,C1,0,1
701,DE:9F:DB:1B:1F:D7,LARC Guest,19,40.22962427139282,C1,0,1
702,DE:9F:DB:1C:1F:D7,LARC Guest,62,40.22962427139282,C1,0,1
703,EE:9F:DB:1B:1F:D7,,25,40.22962427139282,C1,0,1
704,EE:9F:DB:1C:1F:D7,,39,40.22962427139282,C1,0,1
705,F8:1A:67:99:55:8E,NUCLEAR_CHF,25,40.22962427139282,C1,0,1
706,FE:9F:DB:1C:1F:D7,,37,40.22962427139282,C1,0,1
707,20:AA:4B:A7:19:74,LAA03,32,42.87542176246643,C1,0,1
708,30:85:A9:69:FB:0A,PCS-Wireless,22,42.87542176246643,C1,0,1
709,34:60:F9:A3:D9:13,GASWIFI-5G_C2,12,42.87542176246643,C1,0,1
710,34:60:F9:A3:D9:14,GASWIFI-2G_C2,47,42.87542176246643,C1,0,1
711,34:CE:00:51:3E:6F,Lab,20,42.87542176246643,C1,0,1
712,3A:60:F9:A3:D9:14,,32,42.87542176246643,C1,0,1
713,46:D2:44:04:08:05,DIRECT-44048805,20,42.87542176246643,C1,0,1
714,54:B8:0A:AA:2C:8C,LAB_DIGITAL,27,42.87542176246643,C1,0,1
715,54:B8:0A:AA:2C:8D,PCS-Wireless,24,42.87542176246643,C1,0,1
716,54:F0:B1:A1:58:00,eduroam,29,42.87542176246643,C1,0,1
717,54:F0:B1:A1:58:01,PoliSemFio,25,42.87542176246643,C1,0,1
718,54:F0:B1:A1:58:02,,25,42.87542176246643,C1,0,1
719,54:F0:B1:A1:E2:80,CEE,14,42.87542176246643,C1,0,1
720,54:F0:B1:A1:E2:81,eduroam,15,42.87542176246643,C1,0,1
721,54:F0:B1:A1:E4:F0,eduroam,10,42.87542176246643,C1,0,1
722,54:F0:B1:A1:E4:F1,PoliSemFio,12,42.87542176246643,C1,0,1
723,54:F0:B1:A2:37:E0,eduroam,24,42.87542176246643,C1,0,1
724,54:F0:B1:A2:4A:70,eduroam,24,42.87542176246643,C1,0,1
725,54:F0:B1:A2:4A:71,PoliSemFio,25,42.87542176246643,C1,0,1
726,54:F0:B1:A2:4A:72,,25,42.87542176246643,C1,0,1
727,54:F0:B1:A2:56:60,eduroam,49,42.87542176246643,C1,0,1
728,54:F0:B1:A2:56:61,PoliSemFio,29,42.87542176246643,C1,0,1
729,54:F0:B1:A2:56:70,eduroam,52,42.87542176246643,C1,0,1
730,54:F0:B1:A2:56:71,PoliSemFio,32,42.87542176246643,C1,0,1
731,54:F0:B1:A2:56:72,,32,42.87542176246643,C1,0,1
732,54:F0:B1:BB:5A:80,eduroam,30,42.87542176246643,C1,0,1
733,54:F0:B1:BB:5A:81,PoliSemFio,42,42.87542176246643,C1,0,1
734,54:F0:B1:BB:5A:82,HACKER,47,42.87542176246643,C1,0,1
735,54:F0:B1:BB:5A:83,LEP,45,42.87542176246643,C1,0,1
736,54:F0:B1:BB:5A:84,,40,42.87542176246643,C1,0,1
737,54:F0:B1:BB:5A:A0,eduroam,20,42.87542176246643,C1,0,1
738,54:F0:B1:BB:5A:A1,PoliSemFio,19,42.87542176246643,C1,0,1
739,54:F0:B1:BB:5A:A2,HACKER,19,42.87542176246643,C1,0,1
740,54:F0:B1:BB:5A:A3,LEP,19,42.87542176246643,C1,0,1
741,54:F0:B1:BB:5A:A4,,20,42.87542176246643,C1,0,1
742,54:F0:B1:BB:5F:91,PoliSemFio,34,42.87542176246643,C1,0,1
743,54:F0:B1:BB:5F:92,,35,42.87542176246643,C1,0,1
744,54:F0:B1:BB:5F:B0,eduroam,15,42.87542176246643,C1,0,1
745,54:F0:B1:BB:5F:B1,PoliSemFio,15,42.87542176246643,C1,0,1
746,54:F0:B1:BB:73:40,eduroam,27,42.87542176246643,C1,0,1
747,54:F0:B1:BB:80:C0,eduroam,35,42.87542176246643,C1,0,1
748,54:F0:B1:BB:80:C3,LABPROG,37,42.87542176246643,C1,0,1
749,54:F0:B1:BB:80:E3,LABPROG,9,42.87542176246643,C1,0,1
750,54:F0:B1:BB:84:B0,eduroam,19,42.87542176246643,C1,0,1
751,54:F0:B1:BB:84:B2,,27,42.87542176246643,C1,0,1
752,54:F0:B1:BB:BC:02,,30,42.87542176246643,C1,0,1
753,54:F0:B1:BB:BC:03,CAEEL,19,42.87542176246643,C1,0,1
754,54:F0:B1:BB:BE:10,eduroam,17,42.87542176246643,C1,0,1
755,54:F0:B1:BB:BE:30,eduroam,14,42.87542176246643,C1,0,1
756,54:F0:B1:BB:BE:33,CAEEL,12,42.87542176246643,C1,0,1
757,54:F0:B1:BB:C4:F0,eduroam,19,42.87542176246643,C1,0,1
758,54:F0:B1:BB:C4:F1,PoliSemFio,19,42.87542176246643,C1,0,1
759,54:F0:B1:BB:C6:E0,eduroam,22,42.87542176246643,C1,0,1
760,54:F0:B1:BB:C6:E1,PoliSemFio,19,42.87542176246643,C1,0,1
761,54:F0:B1:BB:CD:A0,eduroam,30,42.87542176246643,C1,0,1
762,54:F0:B1:BB:CD:A1,PoliSemFio,35,42.87542176246643,C1,0,1
763,54:F0:B1:BB:FD:D0,eduroam,39,42.87542176246643,C1,0,1
764,54:F0:B1:BB:FD:D1,PoliSemFio,35,42.87542176246643,C1,0,1
765,54:F0:B1:BB:FD:D2,,35,42.87542176246643,C1,0,1
766,54:F0:B1:BC:09:40,eduroam,35,42.87542176246643,C1,0,1
767,54:F0:B1:BC:09:41,PoliSemFio,44,42.87542176246643,C1,0,1
768,54:F0:B1:BC:09:42,,44,42.87542176246643,C1,0,1
769,54:F0:B1:BC:09:60,eduroam,25,42.87542176246643,C1,0,1
770,54:F0:B1:BC:09:61,PoliSemFio,20,42.87542176246643,C1,0,1
771,54:F0:B1:BC:1B:D0,eduroam,59,42.87542176246643,C1,0,1
772,54:F0:B1:BC:1B:D1,PoliSemFio,54,42.87542176246643,C1,0,1
773,54:F0:B1:BC:1B:D2,,45,42.87542176246643,C1,0,1
774,54:F0:B1:BC:1B:F0,eduroam,32,42.87542176246643,C1,0,1
775,54:F0:B1:BC:1B:F1,PoliSemFio,32,42.87542176246643,C1,0,1
776,54:F0:B1:BC:27:40,eduroam,35,42.87542176246643,C1,0,1
777,54:F0:B1:BC:27:41,PoliSemFio,39,42.87542176246643,C1,0,1
778,54:F0:B1:BC:27:42,,39,42.87542176246643,C1,0,1
779,54:F0:B1:BC:27:60,eduroam,24,42.87542176246643,C1,0,1
780,54:F0:B1:BC:27:61,PoliSemFio,24,42.87542176246643,C1,0,1
781,54:F0:B1:BC:2E:90,eduroam,74,42.87542176246643,C1,0,1
782,54:F0:B1:BC:2E:91,PoliSemFio,69,42.87542176246643,C1,0,1
783,54:F0:B1:BC:2E:92,,70,42.87542176246643,C1,0,1
784,54:F0:B1:BC:2E:B0,eduroam,54,42.87542176246643,C1,0,1
785,54:F0:B1:BC:2E:B1,PoliSemFio,37,42.87542176246643,C1,0,1
786,54:F0:B1:BC:2F:50,eduroam,29,42.87542176246643,C1,0,1
787,54:F0:B1:BC:2F:51,PoliSemFio,24,42.87542176246643,C1,0,1
788,54:F0:B1:BC:2F:52,,22,42.87542176246643,C1,0,1
789,54:F0:B1:BC:36:10,PoliSemFio,39,42.87542176246643,C1,0,1
790,54:F0:B1:BC:36:11,eduroam,22,42.87542176246643,C1,0,1
791,54:F0:B1:BC:3F:10,eduroam,37,42.87542176246643,C1,0,1
792,54:F0:B1:BC:3F:32,,14,42.87542176246643,C1,0,1
793,54:F0:B1:BC:43:60,eduroam,20,42.87542176246643,C1,0,1
794,54:F0:B1:BC:65:B0,eduroam,12,42.87542176246643,C1,0,1
795,54:F0:B1:BC:65:B1,PoliSemFio,25,42.87542176246643,C1,0,1
796,54:F0:B1:BC:65:B2,,25,42.87542176246643,C1,0,1
797,54:F0:B1:BC:70:00,eduroam,37,42.87542176246643,C1,0,1
798,54:F0:B1:BC:70:20,eduroam,15,42.87542176246643,C1,0,1
799,54:F0:B1:BC:70:21,PoliSemFio,14,42.87542176246643,C1,0,1
800,54:F0:B1:BC:70:22,,14,42.87542176246643,C1,0,1
801,54:F0:B1:BC:77:80,eduroam,39,42.87542176246643,C1,0,1
802,54:F0:B1:BC:77:81,PoliSemFio,37,42.87542176246643,C1,0,1
803,54:F0:B1:BC:77:A0,eduroam,27,42.87542176246643,C1,0,1
804,54:F0:B1:BC:77:A1,PoliSemFio,29,42.87542176246643,C1,0,1
805,54:F0:B1:BC:77:A2,,39,42.87542176246643,C1,0,1
806,68:FF:7B:47:78:BE,C1-22M,34,42.87542176246643,C1,0,1
807,70:3A:0E:09:2E:B0,eduroam,9,42.87542176246643,C1,0,1
808,70:3A:0E:09:2E:B1,FEAnet,12,42.87542176246643,C1,0,1
809,70:62:B8:6E:72:A0,PCS-wireless-C1-13,37,42.87542176246643,C1,0,1
810,70:62:B8:6E:72:A1,PPGEE,32,42.87542176246643,C1,0,1
811,84:D4:7E:06:4F:E1,PoliSemFio,40,42.87542176246643,C1,0,1
812,84:D4:7E:06:4F:E2,,42,42.87542176246643,C1,0,1
813,AA:6B:AD:82:46:CC,DIRECT-cc-HP M132f LaserJet,24,42.87542176246643,C1,0,1
814,DC:9F:DB:1B:1F:D7,LWN-3,19,42.87542176246643,C1,0,1
815,DC:9F:DB:1C:1F:D7,LWN-3,42,42.87542176246643,C1,0,1
816,DE:9F:DB:1B:1F:D7,LARC Guest,19,42.87542176246643,C1,0,1
817,DE:9F:DB:1C:1F:D7,LARC Guest,62,42.87542176246643,C1,0,1
818,EE:9F:DB:1B:1F:D7,,25,42.87542176246643,C1,0,1
819,EE:9F:DB:1C:1F:D7,,39,42.87542176246643,C1,0,1
820,F8:1A:67:99:55:8E,NUCLEAR_CHF,25,42.87542176246643,C1,0,1
821,FE:9F:DB:1C:1F:D7,,37,42.87542176246643,C1,0,1
822,00:21:91:70:9D:EC,LAB-DIDATICO,20,45.51128959655762,C1,0,1
823,20:AA:4B:A7:19:74,LAA03,45,45.51128959655762,C1,0,1
824,30:85:A9:69:F2:E4,PCS-Wireless-C2-22,47,45.51128959655762,C1,0,1
825,30:85:A9:69:FB:0A,PCS-Wireless,27,45.51128959655762,C1,0,1
826,34:60:F9:A3:D9:13,GASWIFI-5G_C2,12,45.51128959655762,C1,0,1
827,34:60:F9:A3:D9:14,GASWIFI-2G_C2,52,45.51128959655762,C1,0,1
828,34:CE:00:51:3E:6F,Lab,20,45.51128959655762,C1,0,1
829,34:CE:00:51:3E:70,Lab_5G,5,45.51128959655762,C1,0,1
830,3A:60:F9:A3:D9:14,,32,45.51128959655762,C1,0,1
831,46:D2:44:04:08:05,DIRECT-44048805,30,45.51128959655762,C1,0,1
832,54:B8:0A:AA:2C:8C,LAB_DIGITAL,32,45.51128959655762,C1,0,1
833,54:B8:0A:AA:2C:8D,PCS-Wireless,32,45.51128959655762,C1,0,1
834,54:F0:B1:A1:57:F0,eduroam,14,45.51128959655762,C1,0,1
835,54:F0:B1:A1:57:F1,PoliSemFio,15,45.51128959655762,C1,0,1
836,54:F0:B1:A1:57:F2,,14,45.51128959655762,C1,0,1
837,54:F0:B1:A1:58:00,eduroam,20,45.51128959655762,C1,0,1
838,54:F0:B1:A1:58:01,PoliSemFio,30,45.51128959655762,C1,0,1
839,54:F0:B1:A1:58:02,,25,45.51128959655762,C1,0,1
840,54:F0:B1:A1:E2:80,CEE,9,45.51128959655762,C1,0,1
841,54:F0:B1:A1:E2:81,eduroam,15,45.51128959655762,C1,0,1
842,54:F0:B1:A1:E4:F0,eduroam,10,45.51128959655762,C1,0,1
843,54:F0:B1:A1:E4:F1,PoliSemFio,12,45.51128959655762,C1,0,1
844,54:F0:B1:A1:E5:02,,25,45.51128959655762,C1,0,1
845,54:F0:B1:A2:37:E0,eduroam,39,45.51128959655762,C1,0,1
846,54:F0:B1:A2:37:E1,PoliSemFio,35,45.51128959655762,C1,0,1
847,54:F0:B1:A2:37:E2,,35,45.51128959655762,C1,0,1
848,54:F0:B1:A2:4A:70,eduroam,29,45.51128959655762,C1,0,1
849,54:F0:B1:A2:4A:71,PoliSemFio,34,45.51128959655762,C1,0,1
850,54:F0:B1:A2:4A:72,,34,45.51128959655762,C1,0,1
851,54:F0:B1:A2:56:60,eduroam,49,45.51128959655762,C1,0,1
852,54:F0:B1:A2:56:61,PoliSemFio,29,45.51128959655762,C1,0,1
853,54:F0:B1:A2:56:70,eduroam,52,45.51128959655762,C1,0,1
854,54:F0:B1:BB:5A:80,eduroam,40,45.51128959655762,C1,0,1
855,54:F0:B1:BB:5A:81,PoliSemFio,42,45.51128959655762,C1,0,1
856,54:F0:B1:BB:5A:82,HACKER,47,45.51128959655762,C1,0,1
857,54:F0:B1:BB:5A:83,LEP,47,45.51128959655762,C1,0,1
858,54:F0:B1:BB:5A:84,,40,45.51128959655762,C1,0,1
859,54:F0:B1:BB:5A:A0,eduroam,15,45.51128959655762,C1,0,1
860,54:F0:B1:BB:5A:A1,PoliSemFio,14,45.51128959655762,C1,0,1
861,54:F0:B1:BB:5A:A2,HACKER,15,45.51128959655762,C1,0,1
862,54:F0:B1:BB:5A:A3,LEP,17,45.51128959655762,C1,0,1
863,54:F0:B1:BB:5A:A4,,15,45.51128959655762,C1,0,1
864,54:F0:B1:BB:5F:91,PoliSemFio,34,45.51128959655762,C1,0,1
865,54:F0:B1:BB:5F:92,,35,45.51128959655762,C1,0,1
866,54:F0:B1:BB:5F:B0,eduroam,15,45.51128959655762,C1,0,1
867,54:F0:B1:BB:5F:B1,PoliSemFio,15,45.51128959655762,C1,0,1
868,54:F0:B1:BB:73:40,eduroam,27,45.51128959655762,C1,0,1
869,54:F0:B1:BB:80:C0,eduroam,35,45.51128959655762,C1,0,1
870,54:F0:B1:BB:80:C3,LABPROG,45,45.51128959655762,C1,0,1
871,54:F0:B1:BB:80:E3,LABPROG,9,45.51128959655762,C1,0,1
872,54:F0:B1:BB:84:B0,eduroam,19,45.51128959655762,C1,0,1
873,54:F0:B1:BB:84:B2,,27,45.51128959655762,C1,0,1
874,54:F0:B1:BB:BC:02,,32,45.51128959655762,C1,0,1
875,54:F0:B1:BB:BC:20,eduroam,14,45.51128959655762,C1,0,1
876,54:F0:B1:BB:BC:21,PoliSemFio,12,45.51128959655762,C1,0,1
877,54:F0:B1:BB:BC:23,CAEEL,14,45.51128959655762,C1,0,1
878,54:F0:B1:BB:BE:10,eduroam,24,45.51128959655762,C1,0,1
879,54:F0:B1:BB:BE:30,eduroam,20,45.51128959655762,C1,0,1
880,54:F0:B1:BB:BE:31,PoliSemFio,17,45.51128959655762,C1,0,1
881,54:F0:B1:BB:BE:33,CAEEL,17,45.51128959655762,C1,0,1
882,54:F0:B1:BB:C4:F0,eduroam,45,45.51128959655762,C1,0,1
883,54:F0:B1:BB:C4:F1,PoliSemFio,45,45.51128959655762,C1,0,1
884,54:F0:B1:BB:C6:E0,eduroam,7,45.51128959655762,C1,0,1
885,54:F0:B1:BB:C6:E1,PoliSemFio,19,45.51128959655762,C1,0,1
886,54:F0:B1:BB:CD:A0,eduroam,39,45.51128959655762,C1,0,1
887,54:F0:B1:BB:CD:A1,PoliSemFio,35,45.51128959655762,C1,0,1
888,54:F0:B1:BB:FD:D0,eduroam,29,45.51128959655762,C1,0,1
889,54:F0:B1:BB:FD:D1,PoliSemFio,30,45.51128959655762,C1,0,1
890,54:F0:B1:BB:FD:D2,,35,45.51128959655762,C1,0,1
891,54:F0:B1:BC:09:40,eduroam,35,45.51128959655762,C1,0,1
892,54:F0:B1:BC:09:41,PoliSemFio,44,45.51128959655762,C1,0,1
893,54:F0:B1:BC:09:42,,55,45.51128959655762,C1,0,1
894,54:F0:B1:BC:09:60,eduroam,25,45.51128959655762,C1,0,1
895,54:F0:B1:BC:09:61,PoliSemFio,20,45.51128959655762,C1,0,1
896,54:F0:B1:BC:1B:D0,eduroam,59,45.51128959655762,C1,0,1
897,54:F0:B1:BC:1B:D1,PoliSemFio,54,45.51128959655762,C1,0,1
898,54:F0:B1:BC:1B:D2,,45,45.51128959655762,C1,0,1
899,54:F0:B1:BC:1B:F0,eduroam,39,45.51128959655762,C1,0,1
900,54:F0:B1:BC:1B:F1,PoliSemFio,39,45.51128959655762,C1,0,1
901,54:F0:B1:BC:27:40,eduroam,57,45.51128959655762,C1,0,1
902,54:F0:B1:BC:27:41,PoliSemFio,39,45.51128959655762,C1,0,1
903,54:F0:B1:BC:27:42,,39,45.51128959655762,C1,0,1
904,54:F0:B1:BC:27:60,eduroam,25,45.51128959655762,C1,0,1
905,54:F0:B1:BC:27:61,PoliSemFio,25,45.51128959655762,C1,0,1
906,54:F0:B1:BC:28:C0,eduroam,9,45.51128959655762,C1,0,1
907,54:F0:B1:BC:2E:90,eduroam,74,45.51128959655762,C1,0,1
908,54:F0:B1:BC:2E:91,PoliSemFio,55,45.51128959655762,C1,0,1
909,54:F0:B1:BC:2E:92,,64,45.51128959655762,C1,0,1
910,54:F0:B1:BC:2E:B0,eduroam,47,45.51128959655762,C1,0,1
911,54:F0:B1:BC:2E:B1,PoliSemFio,47,45.51128959655762,C1,0,1
912,54:F0:B1:BC:2F:50,eduroam,29,45.51128959655762,C1,0,1
913,54:F0:B1:BC:2F:51,PoliSemFio,22,45.51128959655762,C1,0,1
914,54:F0:B1:BC:2F:52,,22,45.51128959655762,C1,0,1
915,54:F0:B1:BC:36:10,PoliSemFio,37,45.51128959655762,C1,0,1
916,54:F0:B1:BC:36:11,eduroam,35,45.51128959655762,C1,0,1
917,54:F0:B1:BC:36:12,,35,45.51128959655762,C1,0,1
918,54:F0:B1:BC:3F:10,eduroam,40,45.51128959655762,C1,0,1
919,54:F0:B1:BC:3F:32,,15,45.51128959655762,C1,0,1
920,54:F0:B1:BC:43:60,eduroam,22,45.51128959655762,C1,0,1
921,54:F0:B1:BC:65:B0,eduroam,12,45.51128959655762,C1,0,1
922,54:F0:B1:BC:65:B1,PoliSemFio,25,45.51128959655762,C1,0,1
923,54:F0:B1:BC:65:B2,,29,45.51128959655762,C1,0,1
924,54:F0:B1:BC:70:00,eduroam,37,45.51128959655762,C1,0,1
925,54:F0:B1:BC:70:20,eduroam,15,45.51128959655762,C1,0,1
926,54:F0:B1:BC:70:21,PoliSemFio,14,45.51128959655762,C1,0,1
927,54:F0:B1:BC:70:22,,14,45.51128959655762,C1,0,1
928,54:F0:B1:BC:77:80,eduroam,55,45.51128959655762,C1,0,1
929,54:F0:B1:BC:77:A0,eduroam,22,45.51128959655762,C1,0,1
930,54:F0:B1:BC:77:A1,PoliSemFio,22,45.51128959655762,C1,0,1
931,54:F0:B1:BC:77:A2,,39,45.51128959655762,C1,0,1
932,54:F0:B1:BC:7C:F0,eduroam,22,45.51128959655762,C1,0,1
933,54:F0:B1:BC:7C:F1,PoliSemFio,20,45.51128959655762,C1,0,1
934,68:FF:7B:47:78:BE,C1-22M,37,45.51128959655762,C1,0,1
935,70:3A:0E:09:2E:B0,eduroam,9,45.51128959655762,C1,0,1
936,70:3A:0E:09:2E:B1,FEAnet,12,45.51128959655762,C1,0,1
937,70:62:B8:6E:72:A0,PCS-wireless-C1-13,37,45.51128959655762,C1,0,1
938,70:62:B8:6E:72:A1,PPGEE,27,45.51128959655762,C1,0,1
939,84:D4:7E:06:4F:E1,PoliSemFio,40,45.51128959655762,C1,0,1
940,84:D4:7E:06:4F:E2,,42,45.51128959655762,C1,0,1
941,84:D4:7E:9E:1A:61,FEAnet,12,45.51128959655762,C1,0,1
942,AA:6B:AD:82:46:CC,DIRECT-cc-HP M132f LaserJet,24,45.51128959655762,C1,0,1
943,DC:9F:DB:1B:1F:D7,LWN-3,29,45.51128959655762,C1,0,1
944,DC:9F:DB:1C:1F:D7,LWN-3,59,45.51128959655762,C1,0,1
945,DE:9F:DB:1B:1F:D7,LARC Guest,27,45.51128959655762,C1,0,1
946,DE:9F:DB:1C:1F:D7,LARC Guest,62,45.51128959655762,C1,0,1
947,EE:9F:DB:1C:1F:D7,,39,45.51128959655762,C1,0,1
948,F8:1A:67:99:55:8E,NUCLEAR_CHF,30,45.51128959655762,C1,0,1
949,FE:9F:DB:1C:1F:D7,,37,45.51128959655762,C1,0,1
950,00:21:91:70:9D:EC,LAB-DIDATICO,20,48.18143892288208,C1,0,1
951,20:AA:4B:A7:19:74,LAA03,45,48.18143892288208,C1,0,1
952,30:85:A9:69:F2:E4,PCS-Wireless-C2-22,47,48.18143892288208,C1,0,1
953,30:85:A9:69:FB:0A,PCS-Wireless,27,48.18143892288208,C1,0,1
954,34:60:F9:A3:D9:13,GASWIFI-5G_C2,12,48.18143892288208,C1,0,1
955,34:60:F9:A3:D9:14,GASWIFI-2G_C2,52,48.18143892288208,C1,0,1
956,34:CE:00:51:3E:6F,Lab,20,48.18143892288208,C1,0,1
957,34:CE:00:51:3E:70,Lab_5G,5,48.18143892288208,C1,0,1
958,3A:60:F9:A3:D9:14,,32,48.18143892288208,C1,0,1
959,46:D2:44:04:08:05,DIRECT-44048805,30,48.18143892288208,C1,0,1
960,54:B8:0A:AA:2C:8C,LAB_DIGITAL,32,48.18143892288208,C1,0,1
961,54:B8:0A:AA:2C:8D,PCS-Wireless,32,48.18143892288208,C1,0,1
962,54:F0:B1:A1:57:F0,eduroam,14,48.18143892288208,C1,0,1
963,54:F0:B1:A1:57:F1,PoliSemFio,15,48.18143892288208,C1,0,1
964,54:F0:B1:A1:57:F2,,14,48.18143892288208,C1,0,1
965,54:F0:B1:A1:58:00,eduroam,20,48.18143892288208,C1,0,1
966,54:F0:B1:A1:58:01,PoliSemFio,30,48.18143892288208,C1,0,1
967,54:F0:B1:A1:58:02,,25,48.18143892288208,C1,0,1
968,54:F0:B1:A1:E2:80,CEE,9,48.18143892288208,C1,0,1
969,54:F0:B1:A1:E2:81,eduroam,15,48.18143892288208,C1,0,1
970,54:F0:B1:A1:E4:F0,eduroam,10,48.18143892288208,C1,0,1
971,54:F0:B1:A1:E4:F1,PoliSemFio,12,48.18143892288208,C1,0,1
972,54:F0:B1:A1:E5:02,,25,48.18143892288208,C1,0,1
973,54:F0:B1:A2:37:E0,eduroam,39,48.18143892288208,C1,0,1
974,54:F0:B1:A2:37:E1,PoliSemFio,35,48.18143892288208,C1,0,1
975,54:F0:B1:A2:37:E2,,35,48.18143892288208,C1,0,1
976,54:F0:B1:A2:4A:70,eduroam,29,48.18143892288208,C1,0,1
977,54:F0:B1:A2:4A:71,PoliSemFio,34,48.18143892288208,C1,0,1
978,54:F0:B1:A2:4A:72,,34,48.18143892288208,C1,0,1
979,54:F0:B1:A2:56:60,eduroam,49,48.18143892288208,C1,0,1
980,54:F0:B1:A2:56:61,PoliSemFio,29,48.18143892288208,C1,0,1
981,54:F0:B1:A2:56:70,eduroam,52,48.18143892288208,C1,0,1
982,54:F0:B1:BB:5A:80,eduroam,40,48.18143892288208,C1,0,1
983,54:F0:B1:BB:5A:81,PoliSemFio,42,48.18143892288208,C1,0,1
984,54:F0:B1:BB:5A:82,HACKER,47,48.18143892288208,C1,0,1
985,54:F0:B1:BB:5A:83,LEP,47,48.18143892288208,C1,0,1
986,54:F0:B1:BB:5A:84,,40,48.18143892288208,C1,0,1
987,54:F0:B1:BB:5A:A0,eduroam,15,48.18143892288208,C1,0,1
988,54:F0:B1:BB:5A:A1,PoliSemFio,14,48.18143892288208,C1,0,1
989,54:F0:B1:BB:5A:A2,HACKER,15,48.18143892288208,C1,0,1
990,54:F0:B1:BB:5A:A3,LEP,17,48.18143892288208,C1,0,1
991,54:F0:B1:BB:5A:A4,,15,48.18143892288208,C1,0,1
992,54:F0:B1:BB:5F:91,PoliSemFio,34,48.18143892288208,C1,0,1
993,54:F0:B1:BB:5F:92,,35,48.18143892288208,C1,0,1
994,54:F0:B1:BB:5F:B0,eduroam,15,48.18143892288208,C1,0,1
995,54:F0:B1:BB:5F:B1,PoliSemFio,15,48.18143892288208,C1,0,1
996,54:F0:B1:BB:73:40,eduroam,27,48.18143892288208,C1,0,1
997,54:F0:B1:BB:80:C0,eduroam,35,48.18143892288208,C1,0,1
998,54:F0:B1:BB:80:C3,LABPROG,45,48.18143892288208,C1,0,1
999,54:F0:B1:BB:80:E3,LABPROG,9,48.18143892288208,C1,0,1
1000,54:F0:B1:BB:84:B0,eduroam,19,48.18143892288208,C1,0,1
1001,54:F0:B1:BB:84:B2,,27,48.18143892288208,C1,0,1
1002,54:F0:B1:BB:BC:02,,32,48.18143892288208,C1,0,1
1003,54:F0:B1:BB:BC:20,eduroam,14,48.18143892288208,C1,0,1
1004,54:F0:B1:BB:BC:21,PoliSemFio,12,48.18143892288208,C1,0,1
1005,54:F0:B1:BB:BC:23,CAEEL,14,48.18143892288208,C1,0,1
1006,54:F0:B1:BB:BE:10,eduroam,24,48.18143892288208,C1,0,1
1007,54:F0:B1:BB:BE:30,eduroam,20,48.18143892288208,C1,0,1
1008,54:F0:B1:BB:BE:31,PoliSemFio,17,48.18143892288208,C1,0,1
1009,54:F0:B1:BB:BE:33,CAEEL,17,48.18143892288208,C1,0,1
1010,54:F0:B1:BB:C4:F0,eduroam,45,48.18143892288208,C1,0,1
1011,54:F0:B1:BB:C4:F1,PoliSemFio,45,48.18143892288208,C1,0,1
1012,54:F0:B1:BB:C6:E0,eduroam,7,48.18143892288208,C1,0,1
1013,54:F0:B1:BB:C6:E1,PoliSemFio,19,48.18143892288208,C1,0,1
1014,54:F0:B1:BB:CD:A0,eduroam,39,48.18143892288208,C1,0,1
1015,54:F0:B1:BB:CD:A1,PoliSemFio,35,48.18143892288208,C1,0,1
1016,54:F0:B1:BB:FD:D0,eduroam,29,48.18143892288208,C1,0,1
1017,54:F0:B1:BB:FD:D1,PoliSemFio,30,48.18143892288208,C1,0,1
1018,54:F0:B1:BB:FD:D2,,35,48.18143892288208,C1,0,1
1019,54:F0:B1:BC:09:40,eduroam,35,48.18143892288208,C1,0,1
1020,54:F0:B1:BC:09:41,PoliSemFio,44,48.18143892288208,C1,0,1
1021,54:F0:B1:BC:09:42,,55,48.18143892288208,C1,0,1
1022,54:F0:B1:BC:09:60,eduroam,25,48.18143892288208,C1,0,1
1023,54:F0:B1:BC:09:61,PoliSemFio,20,48.18143892288208,C1,0,1
1024,54:F0:B1:BC:1B:D0,eduroam,59,48.18143892288208,C1,0,1
1025,54:F0:B1:BC:1B:D1,PoliSemFio,54,48.18143892288208,C1,0,1
1026,54:F0:B1:BC:1B:D2,,45,48.18143892288208,C1,0,1
1027,54:F0:B1:BC:1B:F0,eduroam,39,48.18143892288208,C1,0,1
1028,54:F0:B1:BC:1B:F1,PoliSemFio,39,48.18143892288208,C1,0,1
1029,54:F0:B1:BC:27:40,eduroam,57,48.18143892288208,C1,0,1
1030,54:F0:B1:BC:27:41,PoliSemFio,39,48.18143892288208,C1,0,1
1031,54:F0:B1:BC:27:42,,39,48.18143892288208,C1,0,1
1032,54:F0:B1:BC:27:60,eduroam,25,48.18143892288208,C1,0,1
1033,54:F0:B1:BC:27:61,PoliSemFio,25,48.18143892288208,C1,0,1
1034,54:F0:B1:BC:28:C0,eduroam,9,48.18143892288208,C1,0,1
1035,54:F0:B1:BC:2E:90,eduroam,74,48.18143892288208,C1,0,1
1036,54:F0:B1:BC:2E:91,PoliSemFio,55,48.18143892288208,C1,0,1
1037,54:F0:B1:BC:2E:92,,64,48.18143892288208,C1,0,1
1038,54:F0:B1:BC:2E:B0,eduroam,53,48.18143892288208,C1,0,1
1039,54:F0:B1:BC:2E:B1,PoliSemFio,47,48.18143892288208,C1,0,1
1040,54:F0:B1:BC:2F:50,eduroam,29,48.18143892288208,C1,0,1
1041,54:F0:B1:BC:2F:51,PoliSemFio,22,48.18143892288208,C1,0,1
1042,54:F0:B1:BC:2F:52,,22,48.18143892288208,C1,0,1
1043,54:F0:B1:BC:36:10,PoliSemFio,37,48.18143892288208,C1,0,1
1044,54:F0:B1:BC:36:11,eduroam,35,48.18143892288208,C1,0,1
1045,54:F0:B1:BC:36:12,,35,48.18143892288208,C1,0,1
1046,54:F0:B1:BC:3F:10,eduroam,40,48.18143892288208,C1,0,1
1047,54:F0:B1:BC:3F:32,,15,48.18143892288208,C1,0,1
1048,54:F0:B1:BC:43:60,eduroam,22,48.18143892288208,C1,0,1
1049,54:F0:B1:BC:65:B0,eduroam,12,48.18143892288208,C1,0,1
1050,54:F0:B1:BC:65:B1,PoliSemFio,25,48.18143892288208,C1,0,1
1051,54:F0:B1:BC:65:B2,,29,48.18143892288208,C1,0,1
1052,54:F0:B1:BC:70:00,eduroam,37,48.18143892288208,C1,0,1
1053,54:F0:B1:BC:70:20,eduroam,15,48.18143892288208,C1,0,1
1054,54:F0:B1:BC:70:21,PoliSemFio,14,48.18143892288208,C1,0,1
1055,54:F0:B1:BC:70:22,,14,48.18143892288208,C1,0,1
1056,54:F0:B1:BC:77:80,eduroam,55,48.18143892288208,C1,0,1
1057,54:F0:B1:BC:77:A0,eduroam,22,48.18143892288208,C1,0,1
1058,54:F0:B1:BC:77:A1,PoliSemFio,22,48.18143892288208,C1,0,1
1059,54:F0:B1:BC:77:A2,,39,48.18143892288208,C1,0,1
1060,54:F0:B1:BC:7C:F0,eduroam,22,48.18143892288208,C1,0,1
1061,54:F0:B1:BC:7C:F1,PoliSemFio,20,48.18143892288208,C1,0,1
1062,68:FF:7B:47:78:BE,C1-22M,37,48.18143892288208,C1,0,1
1063,70:3A:0E:09:2E:B0,eduroam,9,48.18143892288208,C1,0,1
1064,70:3A:0E:09:2E:B1,FEAnet,12,48.18143892288208,C1,0,1
1065,70:62:B8:6E:72:A0,PCS-wireless-C1-13,37,48.18143892288208,C1,0,1
1066,70:62:B8:6E:72:A1,PPGEE,27,48.18143892288208,C1,0,1
1067,84:D4:7E:06:4F:E1,PoliSemFio,40,48.18143892288208,C1,0,1
1068,84:D4:7E:06:4F:E2,,42,48.18143892288208,C1,0,1
1069,84:D4:7E:9E:1A:61,FEAnet,12,48.18143892288208,C1,0,1
1070,AA:6B:AD:82:46:CC,DIRECT-cc-HP M132f LaserJet,24,48.18143892288208,C1,0,1
1071,DC:9F:DB:1B:1F:D7,LWN-3,29,48.18143892288208,C1,0,1
1072,DC:9F:DB:1C:1F:D7,LWN-3,59,48.18143892288208,C1,0,1
1073,DE:9F:DB:1B:1F:D7,LARC Guest,27,48.18143892288208,C1,0,1
1074,DE:9F:DB:1C:1F:D7,LARC Guest,62,48.18143892288208,C1,0,1
1075,EE:9F:DB:1C:1F:D7,,39,48.18143892288208,C1,0,1
1076,F8:1A:67:99:55:8E,NUCLEAR_CHF,30,48.18143892288208,C1,0,1
1077,FE:9F:DB:1C:1F:D7,,37,48.18143892288208,C1,0,1
1078,00:21:91:70:9D:EC,LAB-DIDATICO,20,54.4851598739624,C1,0,1
1079,20:AA:4B:A7:19:74,LAA03,15,54.4851598739624,C1,0,1
1080,30:85:A9:69:F2:E4,PCS-Wireless-C2-22,27,54.4851598739624,C1,0,1
1081,30:85:A9:69:FB:0A,PCS-Wireless,19,54.4851598739624,C1,0,1
1082,34:60:F9:A3:D9:13,GASWIFI-5G_C2,19,54.4851598739624,C1,0,1
1083,34:60:F9:A3:D9:14,GASWIFI-2G_C2,29,54.4851598739624,C1,0,1
1084,34:CE:00:51:3E:6F,Lab,20,54.4851598739624,C1,0,1
1085,34:CE:00:51:3E:70,Lab_5G,5,54.4851598739624,C1,0,1
1086,3A:60:F9:A3:D9:14,,29,54.4851598739624,C1,0,1
1087,46:D2:44:04:08:05,DIRECT-44048805,30,54.4851598739624,C1,0,1
1088,54:B8:0A:AA:2C:8C,LAB_DIGITAL,32,54.4851598739624,C1,0,1
1089,54:B8:0A:AA:2C:8D,PCS-Wireless,32,54.4851598739624,C1,0,1
1090,54:F0:B1:A1:57:F0,eduroam,14,54.4851598739624,C1,0,1
1091,54:F0:B1:A1:57:F1,PoliSemFio,15,54.4851598739624,C1,0,1
1092,54:F0:B1:A1:57:F2,,14,54.4851598739624,C1,0,1
1093,54:F0:B1:A1:58:00,eduroam,22,54.4851598739624,C1,0,1
1094,54:F0:B1:A1:58:01,PoliSemFio,30,54.4851598739624,C1,0,1
1095,54:F0:B1:A1:58:02,,25,54.4851598739624,C1,0,1
1096,54:F0:B1:A1:E2:80,CEE,9,54.4851598739624,C1,0,1
1097,54:F0:B1:A1:E2:81,eduroam,15,54.4851598739624,C1,0,1
1098,54:F0:B1:A1:E4:F0,eduroam,10,54.4851598739624,C1,0,1
1099,54:F0:B1:A1:E4:F1,PoliSemFio,12,54.4851598739624,C1,0,1
1100,54:F0:B1:A1:E5:02,,25,54.4851598739624,C1,0,1
1101,54:F0:B1:A2:37:E0,eduroam,15,54.4851598739624,C1,0,1
1102,54:F0:B1:A2:37:E1,PoliSemFio,35,54.4851598739624,C1,0,1
1103,54:F0:B1:A2:37:E2,,35,54.4851598739624,C1,0,1
1104,54:F0:B1:A2:4A:70,eduroam,29,54.4851598739624,C1,0,1
1105,54:F0:B1:A2:4A:71,PoliSemFio,34,54.4851598739624,C1,0,1
1106,54:F0:B1:A2:4A:72,,24,54.4851598739624,C1,0,1
1107,54:F0:B1:A2:56:60,eduroam,49,54.4851598739624,C1,0,1
1108,54:F0:B1:A2:56:61,PoliSemFio,25,54.4851598739624,C1,0,1
1109,54:F0:B1:A2:56:70,eduroam,52,54.4851598739624,C1,0,1
1110,54:F0:B1:BB:5A:80,eduroam,40,54.4851598739624,C1,0,1
1111,54:F0:B1:BB:5A:81,PoliSemFio,42,54.4851598739624,C1,0,1
1112,54:F0:B1:BB:5A:82,HACKER,42,54.4851598739624,C1,0,1
1113,54:F0:B1:BB:5A:83,LEP,42,54.4851598739624,C1,0,1
1114,54:F0:B1:BB:5A:84,,39,54.4851598739624,C1,0,1
1115,54:F0:B1:BB:5A:A0,eduroam,15,54.4851598739624,C1,0,1
1116,54:F0:B1:BB:5A:A1,PoliSemFio,14,54.4851598739624,C1,0,1
1117,54:F0:B1:BB:5A:A2,HACKER,10,54.4851598739624,C1,0,1
1118,54:F0:B1:BB:5A:A3,LEP,17,54.4851598739624,C1,0,1
1119,54:F0:B1:BB:5A:A4,,15,54.4851598739624,C1,0,1
1120,54:F0:B1:BB:5F:B0,eduroam,15,54.4851598739624,C1,0,1
1121,54:F0:B1:BB:5F:B1,PoliSemFio,15,54.4851598739624,C1,0,1
1122,54:F0:B1:BB:5F:B2,,12,54.4851598739624,C1,0,1
1123,54:F0:B1:BB:73:40,eduroam,27,54.4851598739624,C1,0,1
1124,54:F0:B1:BB:80:C0,eduroam,35,54.4851598739624,C1,0,1
1125,54:F0:B1:BB:80:C3,LABPROG,35,54.4851598739624,C1,0,1
1126,54:F0:B1:BB:80:E3,LABPROG,9,54.4851598739624,C1,0,1
1127,54:F0:B1:BB:BC:02,,32,54.4851598739624,C1,0,1
1128,54:F0:B1:BB:BC:03,CAEEL,22,54.4851598739624,C1,0,1
1129,54:F0:B1:BB:BC:20,eduroam,14,54.4851598739624,C1,0,1
1130,54:F0:B1:BB:BC:21,PoliSemFio,12,54.4851598739624,C1,0,1
1131,54:F0:B1:BB:BC:23,CAEEL,14,54.4851598739624,C1,0,1
1132,54:F0:B1:BB:BE:10,eduroam,24,54.4851598739624,C1,0,1
1133,54:F0:B1:BB:BE:30,eduroam,20,54.4851598739624,C1,0,1
1134,54:F0:B1:BB:BE:31,PoliSemFio,17,54.4851598739624,C1,0,1
1135,54:F0:B1:BB:BE:33,CAEEL,17,54.4851598739624,C1,0,1
1136,54:F0:B1:BB:C4:F0,eduroam,45,54.4851598739624,C1,0,1
1137,54:F0:B1:BB:C4:F1,PoliSemFio,45,54.4851598739624,C1,0,1
1138,54:F0:B1:BB:C6:E0,eduroam,7,54.4851598739624,C1,0,1
1139,54:F0:B1:BB:C6:E1,PoliSemFio,19,54.4851598739624,C1,0,1
1140,54:F0:B1:BB:CD:A0,eduroam,39,54.4851598739624,C1,0,1
1141,54:F0:B1:BB:CD:A1,PoliSemFio,35,54.4851598739624,C1,0,1
1142,54:F0:B1:BB:FD:D0,eduroam,39,54.4851598739624,C1,0,1
1143,54:F0:B1:BB:FD:D1,PoliSemFio,34,54.4851598739624,C1,0,1
1144,54:F0:B1:BB:FD:D2,,35,54.4851598739624,C1,0,1
1145,54:F0:B1:BC:09:40,eduroam,35,54.4851598739624,C1,0,1
1146,54:F0:B1:BC:09:41,PoliSemFio,44,54.4851598739624,C1,0,1
1147,54:F0:B1:BC:09:42,,30,54.4851598739624,C1,0,1
1148,54:F0:B1:BC:09:60,eduroam,25,54.4851598739624,C1,0,1
1149,54:F0:B1:BC:09:61,PoliSemFio,27,54.4851598739624,C1,0,1
1150,54:F0:B1:BC:1B:D0,eduroam,47,54.4851598739624,C1,0,1
1151,54:F0:B1:BC:1B:D1,PoliSemFio,45,54.4851598739624,C1,0,1
1152,54:F0:B1:BC:1B:D2,,45,54.4851598739624,C1,0,1
1153,54:F0:B1:BC:1B:F0,eduroam,34,54.4851598739624,C1,0,1
1154,54:F0:B1:BC:1B:F1,PoliSemFio,34,54.4851598739624,C1,0,1
1155,54:F0:B1:BC:27:40,eduroam,45,54.4851598739624,C1,0,1
1156,54:F0:B1:BC:27:41,PoliSemFio,40,54.4851598739624,C1,0,1
1157,54:F0:B1:BC:27:42,,40,54.4851598739624,C1,0,1
1158,54:F0:B1:BC:27:60,eduroam,30,54.4851598739624,C1,0,1
1159,54:F0:B1:BC:27:61,PoliSemFio,30,54.4851598739624,C1,0,1
1160,54:F0:B1:BC:28:C0,eduroam,9,54.4851598739624,C1,0,1
1161,54:F0:B1:BC:2E:90,eduroam,35,54.4851598739624,C1,0,1
1162,54:F0:B1:BC:2E:91,PoliSemFio,47,54.4851598739624,C1,0,1
1163,54:F0:B1:BC:2E:92,,47,54.4851598739624,C1,0,1
1164,54:F0:B1:BC:2E:B0,eduroam,32,54.4851598739624,C1,0,1
1165,54:F0:B1:BC:2E:B1,PoliSemFio,32,54.4851598739624,C1,0,1
1166,54:F0:B1:BC:2F:50,eduroam,29,54.4851598739624,C1,0,1
1167,54:F0:B1:BC:2F:51,PoliSemFio,22,54.4851598739624,C1,0,1
1168,54:F0:B1:BC:2F:52,,22,54.4851598739624,C1,0,1
1169,54:F0:B1:BC:36:10,PoliSemFio,37,54.4851598739624,C1,0,1
1170,54:F0:B1:BC:36:11,eduroam,19,54.4851598739624,C1,0,1
1171,54:F0:B1:BC:36:12,,35,54.4851598739624,C1,0,1
1172,54:F0:B1:BC:3F:10,eduroam,40,54.4851598739624,C1,0,1
1173,54:F0:B1:BC:3F:32,,15,54.4851598739624,C1,0,1
1174,54:F0:B1:BC:43:60,eduroam,22,54.4851598739624,C1,0,1
1175,54:F0:B1:BC:65:B0,eduroam,12,54.4851598739624,C1,0,1
1176,54:F0:B1:BC:65:B1,PoliSemFio,25,54.4851598739624,C1,0,1
1177,54:F0:B1:BC:65:B2,,29,54.4851598739624,C1,0,1
1178,54:F0:B1:BC:77:80,eduroam,29,54.4851598739624,C1,0,1
1179,54:F0:B1:BC:77:A0,eduroam,19,54.4851598739624,C1,0,1
1180,54:F0:B1:BC:77:A1,PoliSemFio,19,54.4851598739624,C1,0,1
1181,54:F0:B1:BC:77:A2,,39,54.4851598739624,C1,0,1
1182,54:F0:B1:BC:7C:F0,eduroam,22,54.4851598739624,C1,0,1
1183,54:F0:B1:BC:7C:F1,PoliSemFio,20,54.4851598739624,C1,0,1
1184,68:FF:7B:47:78:BE,C1-22M,40,54.4851598739624,C1,0,1
1185,70:62:B8:6E:72:A0,PCS-wireless-C1-13,25,54.4851598739624,C1,0,1
1186,70:62:B8:6E:72:A1,PPGEE,27,54.4851598739624,C1,0,1
1187,84:D4:7E:06:4F:E0,eduroam,37,54.4851598739624,C1,0,1
1188,84:D4:7E:9E:1A:61,FEAnet,12,54.4851598739624,C1,0,1
1189,AA:6B:AD:82:46:CC,DIRECT-cc-HP M132f LaserJet,24,54.4851598739624,C1,0,1
1190,DC:9F:DB:1B:1F:D7,LWN-3,19,54.4851598739624,C1,0,1
1191,DC:9F:DB:1C:1F:D7,LWN-3,50,54.4851598739624,C1,0,1
1192,DE:9F:DB:1B:1F:D7,LARC Guest,20,54.4851598739624,C1,0,1
1193,DE:9F:DB:1C:1F:D7,LARC Guest,50,54.4851598739624,C1,0,1
1194,EE:9F:DB:1C:1F:D7,,39,54.4851598739624,C1,0,1
1195,F8:1A:67:99:55:8E,NUCLEAR_CHF,19,54.4851598739624,C1,0,1
1196,FE:9F:DB:1C:1F:D7,,37,54.4851598739624,C1,0,1
1197,00:21:91:70:9D:EC,LAB-DIDATICO,20,60.81001615524292,C1,0,1
1198,20:AA:4B:A7:19:74,LAA03,15,60.81001615524292,C1,0,1
1199,30:85:A9:69:F2:E4,PCS-Wireless-C2-22,44,60.81001615524292,C1,0,1
1200,30:85:A9:69:FB:0A,PCS-Wireless,19,60.81001615524292,C1,0,1
1201,34:60:F9:A3:D9:13,GASWIFI-5G_C2,19,60.81001615524292,C1,0,1
1202,34:60:F9:A3:D9:14,GASWIFI-2G_C2,29,60.81001615524292,C1,0,1
1203,34:CE:00:51:3E:6F,Lab,20,60.81001615524292,C1,0,1
1204,34:CE:00:51:3E:70,Lab_5G,5,60.81001615524292,C1,0,1
1205,3A:60:F9:A3:D9:14,,29,60.81001615524292,C1,0,1
1206,46:D2:44:04:08:05,DIRECT-44048805,30,60.81001615524292,C1,0,1
1207,54:B8:0A:AA:2C:8C,LAB_DIGITAL,32,60.81001615524292,C1,0,1
1208,54:B8:0A:AA:2C:8D,PCS-Wireless,32,60.81001615524292,C1,0,1
1209,54:F0:B1:A1:57:F0,eduroam,14,60.81001615524292,C1,0,1
1210,54:F0:B1:A1:57:F1,PoliSemFio,15,60.81001615524292,C1,0,1
1211,54:F0:B1:A1:57:F2,,14,60.81001615524292,C1,0,1
1212,54:F0:B1:A1:58:00,eduroam,22,60.81001615524292,C1,0,1
1213,54:F0:B1:A1:58:01,PoliSemFio,30,60.81001615524292,C1,0,1
1214,54:F0:B1:A1:58:02,,25,60.81001615524292,C1,0,1
1215,54:F0:B1:A1:E2:80,CEE,9,60.81001615524292,C1,0,1
1216,54:F0:B1:A1:E2:81,eduroam,15,60.81001615524292,C1,0,1
1217,54:F0:B1:A1:E4:F0,eduroam,10,60.81001615524292,C1,0,1
1218,54:F0:B1:A1:E4:F1,PoliSemFio,12,60.81001615524292,C1,0,1
1219,54:F0:B1:A1:E5:02,,25,60.81001615524292,C1,0,1
1220,54:F0:B1:A2:37:E0,eduroam,15,60.81001615524292,C1,0,1
1221,54:F0:B1:A2:37:E1,PoliSemFio,35,60.81001615524292,C1,0,1
1222,54:F0:B1:A2:37:E2,,35,60.81001615524292,C1,0,1
1223,54:F0:B1:A2:4A:70,eduroam,29,60.81001615524292,C1,0,1
1224,54:F0:B1:A2:4A:71,PoliSemFio,34,60.81001615524292,C1,0,1
1225,54:F0:B1:A2:4A:72,,24,60.81001615524292,C1,0,1
1226,54:F0:B1:A2:56:60,eduroam,49,60.81001615524292,C1,0,1
1227,54:F0:B1:A2:56:61,PoliSemFio,25,60.81001615524292,C1,0,1
1228,54:F0:B1:A2:56:70,eduroam,52,60.81001615524292,C1,0,1
1229,54:F0:B1:BB:5A:80,eduroam,40,60.81001615524292,C1,0,1
1230,54:F0:B1:BB:5A:81,PoliSemFio,42,60.81001615524292,C1,0,1
1231,54:F0:B1:BB:5A:82,HACKER,42,60.81001615524292,C1,0,1
1232,54:F0:B1:BB:5A:83,LEP,42,60.81001615524292,C1,0,1
1233,54:F0:B1:BB:5A:84,,39,60.81001615524292,C1,0,1
1234,54:F0:B1:BB:5A:A0,eduroam,15,60.81001615524292,C1,0,1
1235,54:F0:B1:BB:5A:A1,PoliSemFio,14,60.81001615524292,C1,0,1
1236,54:F0:B1:BB:5A:A2,HACKER,10,60.81001615524292,C1,0,1
1237,54:F0:B1:BB:5A:A3,LEP,17,60.81001615524292,C1,0,1
1238,54:F0:B1:BB:5A:A4,,15,60.81001615524292,C1,0,1
1239,54:F0:B1:BB:5F:B0,eduroam,15,60.81001615524292,C1,0,1
1240,54:F0:B1:BB:5F:B1,PoliSemFio,15,60.81001615524292,C1,0,1
1241,54:F0:B1:BB:5F:B2,,12,60.81001615524292,C1,0,1
1242,54:F0:B1:BB:73:40,eduroam,27,60.81001615524292,C1,0,1
1243,54:F0:B1:BB:80:C0,eduroam,35,60.81001615524292,C1,0,1
1244,54:F0:B1:BB:80:C3,LABPROG,35,60.81001615524292,C1,0,1
1245,54:F0:B1:BB:80:E3,LABPROG,9,60.81001615524292,C1,0,1
1246,54:F0:B1:BB:BC:02,,32,60.81001615524292,C1,0,1
1247,54:F0:B1:BB:BC:03,CAEEL,22,60.81001615524292,C1,0,1
1248,54:F0:B1:BB:BC:20,eduroam,14,60.81001615524292,C1,0,1
1249,54:F0:B1:BB:BC:21,PoliSemFio,12,60.81001615524292,C1,0,1
1250,54:F0:B1:BB:BC:23,CAEEL,14,60.81001615524292,C1,0,1
1251,54:F0:B1:BB:BE:10,eduroam,24,60.81001615524292,C1,0,1
1252,54:F0:B1:BB:BE:30,eduroam,20,60.81001615524292,C1,0,1
1253,54:F0:B1:BB:BE:31,PoliSemFio,17,60.81001615524292,C1,0,1
1254,54:F0:B1:BB:BE:33,CAEEL,17,60.81001615524292,C1,0,1
1255,54:F0:B1:BB:C4:F0,eduroam,42,60.81001615524292,C1,0,1
1256,54:F0:B1:BB:C4:F1,PoliSemFio,45,60.81001615524292,C1,0,1
1257,54:F0:B1:BB:C6:E0,eduroam,7,60.81001615524292,C1,0,1
1258,54:F0:B1:BB:C6:E1,PoliSemFio,19,60.81001615524292,C1,0,1
1259,54:F0:B1:BB:CD:A0,eduroam,39,60.81001615524292,C1,0,1
1260,54:F0:B1:BB:CD:A1,PoliSemFio,35,60.81001615524292,C1,0,1
1261,54:F0:B1:BB:FD:D0,eduroam,39,60.81001615524292,C1,0,1
1262,54:F0:B1:BB:FD:D1,PoliSemFio,34,60.81001615524292,C1,0,1
1263,54:F0:B1:BB:FD:D2,,35,60.81001615524292,C1,0,1
1264,54:F0:B1:BC:09:41,PoliSemFio,44,60.81001615524292,C1,0,1
1265,54:F0:B1:BC:09:42,,30,60.81001615524292,C1,0,1
1266,54:F0:B1:BC:09:60,eduroam,25,60.81001615524292,C1,0,1
1267,54:F0:B1:BC:09:61,PoliSemFio,27,60.81001615524292,C1,0,1
1268,54:F0:B1:BC:1B:D0,eduroam,47,60.81001615524292,C1,0,1
1269,54:F0:B1:BC:1B:D1,PoliSemFio,45,60.81001615524292,C1,0,1
1270,54:F0:B1:BC:1B:D2,,45,60.81001615524292,C1,0,1
1271,54:F0:B1:BC:1B:F0,eduroam,34,60.81001615524292,C1,0,1
1272,54:F0:B1:BC:1B:F1,PoliSemFio,34,60.81001615524292,C1,0,1
1273,54:F0:B1:BC:27:40,eduroam,62,60.81001615524292,C1,0,1
1274,54:F0:B1:BC:27:41,PoliSemFio,40,60.81001615524292,C1,0,1
1275,54:F0:B1:BC:27:42,,40,60.81001615524292,C1,0,1
1276,54:F0:B1:BC:27:60,eduroam,30,60.81001615524292,C1,0,1
1277,54:F0:B1:BC:27:61,PoliSemFio,30,60.81001615524292,C1,0,1
1278,54:F0:B1:BC:28:C0,eduroam,9,60.81001615524292,C1,0,1
1279,54:F0:B1:BC:2E:90,eduroam,35,60.81001615524292,C1,0,1
1280,54:F0:B1:BC:2E:91,PoliSemFio,47,60.81001615524292,C1,0,1
1281,54:F0:B1:BC:2E:92,,47,60.81001615524292,C1,0,1
1282,54:F0:B1:BC:2E:B0,eduroam,49,60.81001615524292,C1,0,1
1283,54:F0:B1:BC:2E:B1,PoliSemFio,32,60.81001615524292,C1,0,1
1284,54:F0:B1:BC:2F:50,eduroam,29,60.81001615524292,C1,0,1
1285,54:F0:B1:BC:2F:51,PoliSemFio,22,60.81001615524292,C1,0,1
1286,54:F0:B1:BC:36:10,PoliSemFio,37,60.81001615524292,C1,0,1
1287,54:F0:B1:BC:36:11,eduroam,19,60.81001615524292,C1,0,1
1288,54:F0:B1:BC:36:12,,35,60.81001615524292,C1,0,1
1289,54:F0:B1:BC:3F:10,eduroam,40,60.81001615524292,C1,0,1
1290,54:F0:B1:BC:3F:32,,15,60.81001615524292,C1,0,1
1291,54:F0:B1:BC:43:60,eduroam,22,60.81001615524292,C1,0,1
1292,54:F0:B1:BC:65:B1,PoliSemFio,25,60.81001615524292,C1,0,1
1293,54:F0:B1:BC:65:B2,,29,60.81001615524292,C1,0,1
1294,54:F0:B1:BC:77:80,eduroam,29,60.81001615524292,C1,0,1
1295,54:F0:B1:BC:77:A0,eduroam,19,60.81001615524292,C1,0,1
1296,54:F0:B1:BC:77:A1,PoliSemFio,19,60.81001615524292,C1,0,1
1297,54:F0:B1:BC:77:A2,,39,60.81001615524292,C1,0,1
1298,54:F0:B1:BC:7C:F0,eduroam,22,60.81001615524292,C1,0,1
1299,54:F0:B1:BC:7C:F1,PoliSemFio,20,60.81001615524292,C1,0,1
1300,68:FF:7B:47:78:BE,C1-22M,40,60.81001615524292,C1,0,1
1301,70:62:B8:6E:72:A0,PCS-wireless-C1-13,25,60.81001615524292,C1,0,1
1302,70:62:B8:6E:72:A1,PPGEE,27,60.81001615524292,C1,0,1
1303,84:D4:7E:06:4F:E0,eduroam,37,60.81001615524292,C1,0,1
1304,84:D4:7E:9E:1A:61,FEAnet,12,60.81001615524292,C1,0,1
1305,DC:9F:DB:1B:1F:D7,LWN-3,19,60.81001615524292,C1,0,1
1306,DC:9F:DB:1C:1F:D7,LWN-3,59,60.81001615524292,C1,0,1
1307,DE:9F:DB:1B:1F:D7,LARC Guest,20,60.81001615524292,C1,0,1
1308,DE:9F:DB:1C:1F:D7,LARC Guest,50,60.81001615524292,C1,0,1
1309,F8:1A:67:99:55:8E,NUCLEAR_CHF,19,60.81001615524292,C1,0,1
1310,FE:9F:DB:1C:1F:D7,,37,60.81001615524292,C1,0,1
1311,00:18:E7:FF:8C:98,dlink,17,63.45961856842041,C1,0,1
1312,00:21:91:70:9D:EC,LAB-DIDATICO,20,63.45961856842041,C1,0,1
1313,1C:5F:2B:FF:9B:B4,LSA,32,63.45961856842041,C1,0,1
1314,20:AA:4B:A7:19:74,LAA03,45,63.45961856842041,C1,0,1
1315,30:85:A9:69:F2:E4,PCS-Wireless-C2-22,44,63.45961856842041,C1,0,1
1316,30:85:A9:69:FB:0A,PCS-Wireless,29,63.45961856842041,C1,0,1
1317,34:60:F9:A3:D9:13,GASWIFI-5G_C2,19,63.45961856842041,C1,0,1
1318,34:60:F9:A3:D9:14,GASWIFI-2G_C2,50,63.45961856842041,C1,0,1
1319,34:CE:00:51:3E:6F,Lab,22,63.45961856842041,C1,0,1
1320,34:CE:00:51:3E:70,Lab_5G,5,63.45961856842041,C1,0,1
1321,3A:60:F9:A3:D9:14,,29,63.45961856842041,C1,0,1
1322,46:D2:44:04:08:05,DIRECT-44048805,27,63.45961856842041,C1,0,1
1323,54:B8:0A:AA:2C:8C,LAB_DIGITAL,34,63.45961856842041,C1,0,1
1324,54:B8:0A:AA:2C:8D,PCS-Wireless,34,63.45961856842041,C1,0,1
1325,54:F0:B1:A1:57:F0,eduroam,14,63.45961856842041,C1,0,1
1326,54:F0:B1:A1:57:F1,PoliSemFio,15,63.45961856842041,C1,0,1
1327,54:F0:B1:A1:57:F2,,14,63.45961856842041,C1,0,1
1328,54:F0:B1:A1:58:00,eduroam,24,63.45961856842041,C1,0,1
1329,54:F0:B1:A1:58:01,PoliSemFio,27,63.45961856842041,C1,0,1
1330,54:F0:B1:A1:58:02,,30,63.45961856842041,C1,0,1
1331,54:F0:B1:A1:E2:80,CEE,9,63.45961856842041,C1,0,1
1332,54:F0:B1:A1:E2:81,eduroam,15,63.45961856842041,C1,0,1
1333,54:F0:B1:A1:E4:F0,eduroam,10,63.45961856842041,C1,0,1
1334,54:F0:B1:A1:E4:F1,PoliSemFio,12,63.45961856842041,C1,0,1
1335,54:F0:B1:A1:E5:02,,25,63.45961856842041,C1,0,1
1336,54:F0:B1:A2:08:60,eduroam,9,63.45961856842041,C1,0,1
1337,54:F0:B1:A2:08:61,PoliSemFio,9,63.45961856842041,C1,0,1
1338,54:F0:B1:A2:37:E0,eduroam,15,63.45961856842041,C1,0,1
1339,54:F0:B1:A2:37:E1,PoliSemFio,35,63.45961856842041,C1,0,1
1340,54:F0:B1:A2:37:E2,,35,63.45961856842041,C1,0,1
1341,54:F0:B1:A2:4A:70,eduroam,29,63.45961856842041,C1,0,1
1342,54:F0:B1:A2:4A:71,PoliSemFio,34,63.45961856842041,C1,0,1
1343,54:F0:B1:A2:4A:72,,34,63.45961856842041,C1,0,1
1344,54:F0:B1:A2:56:60,eduroam,35,63.45961856842041,C1,0,1
1345,54:F0:B1:A2:56:61,PoliSemFio,35,63.45961856842041,C1,0,1
1346,54:F0:B1:A2:56:70,eduroam,45,63.45961856842041,C1,0,1
1347,54:F0:B1:BB:5A:80,eduroam,44,63.45961856842041,C1,0,1
1348,54:F0:B1:BB:5A:81,PoliSemFio,42,63.45961856842041,C1,0,1
1349,54:F0:B1:BB:5A:82,HACKER,42,63.45961856842041,C1,0,1
1350,54:F0:B1:BB:5A:83,LEP,42,63.45961856842041,C1,0,1
1351,54:F0:B1:BB:5A:84,,39,63.45961856842041,C1,0,1
1352,54:F0:B1:BB:5A:A0,eduroam,17,63.45961856842041,C1,0,1
1353,54:F0:B1:BB:5A:A1,PoliSemFio,17,63.45961856842041,C1,0,1
1354,54:F0:B1:BB:5A:A2,HACKER,15,63.45961856842041,C1,0,1
1355,54:F0:B1:BB:5A:A3,LEP,15,63.45961856842041,C1,0,1
1356,54:F0:B1:BB:5A:A4,,15,63.45961856842041,C1,0,1
1357,54:F0:B1:BB:5F:B0,eduroam,15,63.45961856842041,C1,0,1
1358,54:F0:B1:BB:5F:B1,PoliSemFio,22,63.45961856842041,C1,0,1
1359,54:F0:B1:BB:5F:B2,,12,63.45961856842041,C1,0,1
1360,54:F0:B1:BB:73:40,eduroam,27,63.45961856842041,C1,0,1
1361,54:F0:B1:BB:80:C0,eduroam,47,63.45961856842041,C1,0,1
1362,54:F0:B1:BB:80:C3,LABPROG,45,63.45961856842041,C1,0,1
1363,54:F0:B1:BB:80:E3,LABPROG,9,63.45961856842041,C1,0,1
1364,54:F0:B1:BB:A7:60,eduroam,19,63.45961856842041,C1,0,1
1365,54:F0:B1:BB:BC:02,,30,63.45961856842041,C1,0,1
1366,54:F0:B1:BB:BC:03,CAEEL,24,63.45961856842041,C1,0,1
1367,54:F0:B1:BB:BC:20,eduroam,14,63.45961856842041,C1,0,1
1368,54:F0:B1:BB:BC:21,PoliSemFio,15,63.45961856842041,C1,0,1
1369,54:F0:B1:BB:BC:22,,12,63.45961856842041,C1,0,1
1370,54:F0:B1:BB:BC:23,CAEEL,12,63.45961856842041,C1,0,1
1371,54:F0:B1:BB:BE:10,eduroam,24,63.45961856842041,C1,0,1
1372,54:F0:B1:BB:BE:30,eduroam,19,63.45961856842041,C1,0,1
1373,54:F0:B1:BB:BE:31,PoliSemFio,17,63.45961856842041,C1,0,1
1374,54:F0:B1:BB:BE:33,CAEEL,19,63.45961856842041,C1,0,1
1375,54:F0:B1:BB:C4:F0,eduroam,42,63.45961856842041,C1,0,1
1376,54:F0:B1:BB:C4:F1,PoliSemFio,42,63.45961856842041,C1,0,1
1377,54:F0:B1:BB:C6:E0,eduroam,7,63.45961856842041,C1,0,1
1378,54:F0:B1:BB:C6:E1,PoliSemFio,19,63.45961856842041,C1,0,1
1379,54:F0:B1:BB:CC:E0,B209,10,63.45961856842041,C1,0,1
1380,54:F0:B1:BB:CD:A0,eduroam,39,63.45961856842041,C1,0,1
1381,54:F0:B1:BB:CD:A1,PoliSemFio,35,63.45961856842041,C1,0,1
1382,54:F0:B1:BB:CD:C0,eduroam,14,63.45961856842041,C1,0,1
1383,54:F0:B1:BB:F3:20,eduroam,17,63.45961856842041,C1,0,1
1384,54:F0:B1:BB:FD:D0,eduroam,39,63.45961856842041,C1,0,1
1385,54:F0:B1:BB:FD:D1,PoliSemFio,34,63.45961856842041,C1,0,1
1386,54:F0:B1:BB:FD:D2,,30,63.45961856842041,C1,0,1
1387,54:F0:B1:BC:09:41,PoliSemFio,44,63.45961856842041,C1,0,1
1388,54:F0:B1:BC:09:42,,30,63.45961856842041,C1,0,1
1389,54:F0:B1:BC:09:60,eduroam,24,63.45961856842041,C1,0,1
1390,54:F0:B1:BC:09:61,PoliSemFio,22,63.45961856842041,C1,0,1
1391,54:F0:B1:BC:1B:D0,eduroam,47,63.45961856842041,C1,0,1
1392,54:F0:B1:BC:1B:D1,PoliSemFio,45,63.45961856842041,C1,0,1
1393,54:F0:B1:BC:1B:D2,,45,63.45961856842041,C1,0,1
1394,54:F0:B1:BC:1B:F0,eduroam,32,63.45961856842041,C1,0,1
1395,54:F0:B1:BC:1B:F1,PoliSemFio,32,63.45961856842041,C1,0,1
1396,54:F0:B1:BC:27:40,eduroam,62,63.45961856842041,C1,0,1
1397,54:F0:B1:BC:27:41,PoliSemFio,40,63.45961856842041,C1,0,1
1398,54:F0:B1:BC:27:42,,40,63.45961856842041,C1,0,1
1399,54:F0:B1:BC:27:60,eduroam,25,63.45961856842041,C1,0,1
1400,54:F0:B1:BC:27:61,PoliSemFio,25,63.45961856842041,C1,0,1
1401,54:F0:B1:BC:28:C0,eduroam,12,63.45961856842041,C1,0,1
1402,54:F0:B1:BC:2E:90,eduroam,35,63.45961856842041,C1,0,1
1403,54:F0:B1:BC:2E:91,PoliSemFio,47,63.45961856842041,C1,0,1
1404,54:F0:B1:BC:2E:92,,47,63.45961856842041,C1,0,1
1405,54:F0:B1:BC:2E:B0,eduroam,49,63.45961856842041,C1,0,1
1406,54:F0:B1:BC:2E:B1,PoliSemFio,49,63.45961856842041,C1,0,1
1407,54:F0:B1:BC:2E:B2,,49,63.45961856842041,C1,0,1
1408,54:F0:B1:BC:2F:50,eduroam,22,63.45961856842041,C1,0,1
1409,54:F0:B1:BC:2F:51,PoliSemFio,25,63.45961856842041,C1,0,1
1410,54:F0:B1:BC:2F:70,eduroam,19,63.45961856842041,C1,0,1
1411,54:F0:B1:BC:36:10,PoliSemFio,37,63.45961856842041,C1,0,1
1412,54:F0:B1:BC:36:11,eduroam,19,63.45961856842041,C1,0,1
1413,54:F0:B1:BC:36:12,,35,63.45961856842041,C1,0,1
1414,54:F0:B1:BC:3F:10,eduroam,40,63.45961856842041,C1,0,1
1415,54:F0:B1:BC:3F:32,,15,63.45961856842041,C1,0,1
1416,54:F0:B1:BC:43:60,eduroam,22,63.45961856842041,C1,0,1
1417,54:F0:B1:BC:65:B1,PoliSemFio,25,63.45961856842041,C1,0,1
1418,54:F0:B1:BC:65:B2,,27,63.45961856842041,C1,0,1
1419,54:F0:B1:BC:77:80,eduroam,52,63.45961856842041,C1,0,1
1420,54:F0:B1:BC:77:A0,eduroam,22,63.45961856842041,C1,0,1
1421,54:F0:B1:BC:77:A1,PoliSemFio,22,63.45961856842041,C1,0,1
1422,54:F0:B1:BC:77:A2,,39,63.45961856842041,C1,0,1
1423,54:F0:B1:BC:7C:F0,eduroam,25,63.45961856842041,C1,0,1
1424,54:F0:B1:BC:7C:F1,PoliSemFio,20,63.45961856842041,C1,0,1
1425,66:C6:D2:4B:85:70,DIRECT-epson-026d-0-001,14,63.45961856842041,C1,0,1
1426,68:FF:7B:47:78:BE,C1-22M,40,63.45961856842041,C1,0,1
1427,70:62:B8:6E:72:A0,PCS-wireless-C1-13,24,63.45961856842041,C1,0,1
1428,70:62:B8:6E:72:A1,PPGEE,27,63.45961856842041,C1,0,1
1429,70:D8:23:BC:B9:B3,,24,63.45961856842041,C1,0,1
1430,84:D4:7E:06:4F:E0,eduroam,37,63.45961856842041,C1,0,1
1431,84:D4:7E:9E:1A:60,eduroam,15,63.45961856842041,C1,0,1
1432,84:D4:7E:9E:1A:61,FEAnet,12,63.45961856842041,C1,0,1
1433,DC:9F:DB:1B:1F:D7,LWN-3,29,63.45961856842041,C1,0,1
1434,DC:9F:DB:1C:1F:D7,LWN-3,59,63.45961856842041,C1,0,1
1435,DE:9F:DB:1B:1F:D7,LARC Guest,27,63.45961856842041,C1,0,1
1436,DE:9F:DB:1C:1F:D7,LARC Guest,59,63.45961856842041,C1,0,1
1437,F8:1A:67:99:55:8E,NUCLEAR_CHF,19,63.45961856842041,C1,0,1
1438,FE:9F:DB:1C:1F:D7,,37,63.45961856842041,C1,0,1
1439,FE:9F:DB:1C:1F:E0,,19,63.45961856842041,C1,0,1
1440,00:18:E7:FF:8C:98,dlink,17,66.15604615211487,C1,0,1
1441,00:21:91:70:9D:EC,LAB-DIDATICO,20,66.15604615211487,C1,0,1
1442,1C:5F:2B:FF:9B:B4,LSA,32,66.15604615211487,C1,0,1
1443,20:AA:4B:A7:19:74,LAA03,45,66.15604615211487,C1,0,1
1444,30:85:A9:69:F2:E4,PCS-Wireless-C2-22,44,66.15604615211487,C1,0,1
1445,30:85:A9:69:FB:0A,PCS-Wireless,29,66.15604615211487,C1,0,1
1446,34:60:F9:A3:D9:13,GASWIFI-5G_C2,19,66.15604615211487,C1,0,1
1447,34:60:F9:A3:D9:14,GASWIFI-2G_C2,50,66.15604615211487,C1,0,1
1448,34:CE:00:51:3E:6F,Lab,22,66.15604615211487,C1,0,1
1449,34:CE:00:51:3E:70,Lab_5G,5,66.15604615211487,C1,0,1
1450,3A:60:F9:A3:D9:14,,29,66.15604615211487,C1,0,1
1451,46:D2:44:04:08:05,DIRECT-44048805,27,66.15604615211487,C1,0,1
1452,54:B8:0A:AA:2C:8C,LAB_DIGITAL,34,66.15604615211487,C1,0,1
1453,54:B8:0A:AA:2C:8D,PCS-Wireless,34,66.15604615211487,C1,0,1
1454,54:F0:B1:A1:57:F0,eduroam,14,66.15604615211487,C1,0,1
1455,54:F0:B1:A1:57:F1,PoliSemFio,15,66.15604615211487,C1,0,1
1456,54:F0:B1:A1:57:F2,,14,66.15604615211487,C1,0,1
1457,54:F0:B1:A1:58:00,eduroam,24,66.15604615211487,C1,0,1
1458,54:F0:B1:A1:58:01,PoliSemFio,27,66.15604615211487,C1,0,1
1459,54:F0:B1:A1:58:02,,30,66.15604615211487,C1,0,1
1460,54:F0:B1:A1:E2:80,CEE,9,66.15604615211487,C1,0,1
1461,54:F0:B1:A1:E2:81,eduroam,15,66.15604615211487,C1,0,1
1462,54:F0:B1:A1:E4:F0,eduroam,10,66.15604615211487,C1,0,1
1463,54:F0:B1:A1:E4:F1,PoliSemFio,12,66.15604615211487,C1,0,1
1464,54:F0:B1:A1:E5:02,,25,66.15604615211487,C1,0,1
1465,54:F0:B1:A2:08:60,eduroam,9,66.15604615211487,C1,0,1
1466,54:F0:B1:A2:08:61,PoliSemFio,9,66.15604615211487,C1,0,1
1467,54:F0:B1:A2:37:E0,eduroam,15,66.15604615211487,C1,0,1
1468,54:F0:B1:A2:37:E1,PoliSemFio,35,66.15604615211487,C1,0,1
1469,54:F0:B1:A2:37:E2,,35,66.15604615211487,C1,0,1
1470,54:F0:B1:A2:4A:70,eduroam,29,66.15604615211487,C1,0,1
1471,54:F0:B1:A2:4A:71,PoliSemFio,34,66.15604615211487,C1,0,1
1472,54:F0:B1:A2:4A:72,,34,66.15604615211487,C1,0,1
1473,54:F0:B1:A2:56:60,eduroam,35,66.15604615211487,C1,0,1
1474,54:F0:B1:A2:56:61,PoliSemFio,35,66.15604615211487,C1,0,1
1475,54:F0:B1:A2:56:70,eduroam,45,66.15604615211487,C1,0,1
1476,54:F0:B1:BB:5A:80,eduroam,44,66.15604615211487,C1,0,1
1477,54:F0:B1:BB:5A:81,PoliSemFio,42,66.15604615211487,C1,0,1
1478,54:F0:B1:BB:5A:82,HACKER,42,66.15604615211487,C1,0,1
1479,54:F0:B1:BB:5A:83,LEP,42,66.15604615211487,C1,0,1
1480,54:F0:B1:BB:5A:84,,39,66.15604615211487,C1,0,1
1481,54:F0:B1:BB:5A:A0,eduroam,17,66.15604615211487,C1,0,1
1482,54:F0:B1:BB:5A:A1,PoliSemFio,17,66.15604615211487,C1,0,1
1483,54:F0:B1:BB:5A:A2,HACKER,15,66.15604615211487,C1,0,1
1484,54:F0:B1:BB:5A:A3,LEP,15,66.15604615211487,C1,0,1
1485,54:F0:B1:BB:5A:A4,,15,66.15604615211487,C1,0,1
1486,54:F0:B1:BB:5F:B0,eduroam,15,66.15604615211487,C1,0,1
1487,54:F0:B1:BB:5F:B1,PoliSemFio,22,66.15604615211487,C1,0,1
1488,54:F0:B1:BB:5F:B2,,12,66.15604615211487,C1,0,1
1489,54:F0:B1:BB:73:40,eduroam,27,66.15604615211487,C1,0,1
1490,54:F0:B1:BB:80:C0,eduroam,47,66.15604615211487,C1,0,1
1491,54:F0:B1:BB:80:C3,LABPROG,45,66.15604615211487,C1,0,1
1492,54:F0:B1:BB:80:E3,LABPROG,9,66.15604615211487,C1,0,1
1493,54:F0:B1:BB:A7:60,eduroam,19,66.15604615211487,C1,0,1
1494,54:F0:B1:BB:BC:02,,30,66.15604615211487,C1,0,1
1495,54:F0:B1:BB:BC:03,CAEEL,24,66.15604615211487,C1,0,1
1496,54:F0:B1:BB:BC:20,eduroam,14,66.15604615211487,C1,0,1
1497,54:F0:B1:BB:BC:21,PoliSemFio,15,66.15604615211487,C1,0,1
1498,54:F0:B1:BB:BC:22,,12,66.15604615211487,C1,0,1
1499,54:F0:B1:BB:BC:23,CAEEL,12,66.15604615211487,C1,0,1
1500,54:F0:B1:BB:BE:10,eduroam,24,66.15604615211487,C1,0,1
1501,54:F0:B1:BB:BE:30,eduroam,19,66.15604615211487,C1,0,1
1502,54:F0:B1:BB:BE:31,PoliSemFio,17,66.15604615211487,C1,0,1
1503,54:F0:B1:BB:BE:33,CAEEL,19,66.15604615211487,C1,0,1
1504,54:F0:B1:BB:C4:F0,eduroam,42,66.15604615211487,C1,0,1
1505,54:F0:B1:BB:C4:F1,PoliSemFio,42,66.15604615211487,C1,0,1
1506,54:F0:B1:BB:C6:E0,eduroam,7,66.15604615211487,C1,0,1
1507,54:F0:B1:BB:C6:E1,PoliSemFio,19,66.15604615211487,C1,0,1
1508,54:F0:B1:BB:CC:E0,B209,10,66.15604615211487,C1,0,1
1509,54:F0:B1:BB:CD:A0,eduroam,39,66.15604615211487,C1,0,1
1510,54:F0:B1:BB:CD:A1,PoliSemFio,35,66.15604615211487,C1,0,1
1511,54:F0:B1:BB:CD:C0,eduroam,14,66.15604615211487,C1,0,1
1512,54:F0:B1:BB:F3:20,eduroam,17,66.15604615211487,C1,0,1
1513,54:F0:B1:BB:FD:D0,eduroam,39,66.15604615211487,C1,0,1
1514,54:F0:B1:BB:FD:D1,PoliSemFio,34,66.15604615211487,C1,0,1
1515,54:F0:B1:BB:FD:D2,,30,66.15604615211487,C1,0,1
1516,54:F0:B1:BC:09:41,PoliSemFio,44,66.15604615211487,C1,0,1
1517,54:F0:B1:BC:09:42,,30,66.15604615211487,C1,0,1
1518,54:F0:B1:BC:09:60,eduroam,24,66.15604615211487,C1,0,1
1519,54:F0:B1:BC:09:61,PoliSemFio,22,66.15604615211487,C1,0,1
1520,54:F0:B1:BC:1B:D0,eduroam,47,66.15604615211487,C1,0,1
1521,54:F0:B1:BC:1B:D1,PoliSemFio,45,66.15604615211487,C1,0,1
1522,54:F0:B1:BC:1B:D2,,45,66.15604615211487,C1,0,1
1523,54:F0:B1:BC:1B:F0,eduroam,32,66.15604615211487,C1,0,1
1524,54:F0:B1:BC:1B:F1,PoliSemFio,32,66.15604615211487,C1,0,1
1525,54:F0:B1:BC:27:40,eduroam,62,66.15604615211487,C1,0,1
1526,54:F0:B1:BC:27:41,PoliSemFio,40,66.15604615211487,C1,0,1
1527,54:F0:B1:BC:27:42,,40,66.15604615211487,C1,0,1
1528,54:F0:B1:BC:27:60,eduroam,25,66.15604615211487,C1,0,1
1529,54:F0:B1:BC:27:61,PoliSemFio,25,66.15604615211487,C1,0,1
1530,54:F0:B1:BC:28:C0,eduroam,12,66.15604615211487,C1,0,1
1531,54:F0:B1:BC:2E:90,eduroam,35,66.15604615211487,C1,0,1
1532,54:F0:B1:BC:2E:91,PoliSemFio,47,66.15604615211487,C1,0,1
1533,54:F0:B1:BC:2E:92,,47,66.15604615211487,C1,0,1
1534,54:F0:B1:BC:2E:B0,eduroam,54,66.15604615211487,C1,0,1
1535,54:F0:B1:BC:2E:B1,PoliSemFio,49,66.15604615211487,C1,0,1
1536,54:F0:B1:BC:2E:B2,,49,66.15604615211487,C1,0,1
1537,54:F0:B1:BC:2F:50,eduroam,22,66.15604615211487,C1,0,1
1538,54:F0:B1:BC:2F:51,PoliSemFio,25,66.15604615211487,C1,0,1
1539,54:F0:B1:BC:2F:70,eduroam,19,66.15604615211487,C1,0,1
1540,54:F0:B1:BC:36:10,PoliSemFio,37,66.15604615211487,C1,0,1
1541,54:F0:B1:BC:36:11,eduroam,19,66.15604615211487,C1,0,1
1542,54:F0:B1:BC:36:12,,35,66.15604615211487,C1,0,1
1543,54:F0:B1:BC:3F:10,eduroam,40,66.15604615211487,C1,0,1
1544,54:F0:B1:BC:3F:32,,15,66.15604615211487,C1,0,1
1545,54:F0:B1:BC:43:60,eduroam,22,66.15604615211487,C1,0,1
1546,54:F0:B1:BC:65:B1,PoliSemFio,25,66.15604615211487,C1,0,1
1547,54:F0:B1:BC:65:B2,,27,66.15604615211487,C1,0,1
1548,54:F0:B1:BC:77:80,eduroam,52,66.15604615211487,C1,0,1
1549,54:F0:B1:BC:77:A0,eduroam,22,66.15604615211487,C1,0,1
1550,54:F0:B1:BC:77:A1,PoliSemFio,22,66.15604615211487,C1,0,1
1551,54:F0:B1:BC:77:A2,,39,66.15604615211487,C1,0,1
1552,54:F0:B1:BC:7C:F0,eduroam,25,66.15604615211487,C1,0,1
1553,54:F0:B1:BC:7C:F1,PoliSemFio,20,66.15604615211487,C1,0,1
1554,66:C6:D2:4B:85:70,DIRECT-epson-026d-0-001,14,66.15604615211487,C1,0,1
1555,68:FF:7B:47:78:BE,C1-22M,40,66.15604615211487,C1,0,1
1556,70:62:B8:6E:72:A0,PCS-wireless-C1-13,24,66.15604615211487,C1,0,1
1557,70:62:B8:6E:72:A1,PPGEE,27,66.15604615211487,C1,0,1
1558,70:D8:23:BC:B9:B3,,24,66.15604615211487,C1,0,1
1559,84:D4:7E:06:4F:E0,eduroam,37,66.15604615211487,C1,0,1
1560,84:D4:7E:9E:1A:60,eduroam,15,66.15604615211487,C1,0,1
1561,84:D4:7E:9E:1A:61,FEAnet,12,66.15604615211487,C1,0,1
1562,DC:9F:DB:1B:1F:D7,LWN-3,29,66.15604615211487,C1,0,1
1563,DC:9F:DB:1C:1F:D7,LWN-3,59,66.15604615211487,C1,0,1
1564,DE:9F:DB:1B:1F:D7,LARC Guest,27,66.15604615211487,C1,0,1
1565,DE:9F:DB:1C:1F:D7,LARC Guest,59,66.15604615211487,C1,0,1
1566,F8:1A:67:99:55:8E,NUCLEAR_CHF,19,66.15604615211487,C1,0,1
1567,FE:9F:DB:1C:1F:D7,,37,66.15604615211487,C1,0,1
1568,FE:9F:DB:1C:1F:E0,,19,66.15604615211487,C1,0,1
1569,00:18:E7:FF:8C:98,dlink,17,68.82164406776428,C1,0,1
1570,00:21:91:70:9D:EC,LAB-DIDATICO,20,68.82164406776428,C1,0,1
1571,1C:5F:2B:FF:9B:B4,LSA,32,68.82164406776428,C1,0,1
1572,20:AA:4B:A7:19:74,LAA03,20,68.82164406776428,C1,0,1
1573,30:85:A9:69:F2:E4,PCS-Wireless-C2-22,44,68.82164406776428,C1,0,1
1574,30:85:A9:69:FB:0A,PCS-Wireless,29,68.82164406776428,C1,0,1
1575,34:60:F9:A3:D9:13,GASWIFI-5G_C2,19,68.82164406776428,C1,0,1
1576,34:60:F9:A3:D9:14,GASWIFI-2G_C2,50,68.82164406776428,C1,0,1
1577,34:CE:00:51:3E:6F,Lab,22,68.82164406776428,C1,0,1
1578,34:CE:00:51:3E:70,Lab_5G,5,68.82164406776428,C1,0,1
1579,3A:60:F9:A3:D9:13,,15,68.82164406776428,C1,0,1
1580,3A:60:F9:A3:D9:14,,29,68.82164406776428,C1,0,1
1581,46:D2:44:04:08:05,DIRECT-44048805,27,68.82164406776428,C1,0,1
1582,54:B8:0A:AA:2C:8C,LAB_DIGITAL,34,68.82164406776428,C1,0,1
1583,54:B8:0A:AA:2C:8D,PCS-Wireless,34,68.82164406776428,C1,0,1
1584,54:F0:B1:A1:57:F0,eduroam,14,68.82164406776428,C1,0,1
1585,54:F0:B1:A1:57:F1,PoliSemFio,15,68.82164406776428,C1,0,1
1586,54:F0:B1:A1:57:F2,,14,68.82164406776428,C1,0,1
1587,54:F0:B1:A1:58:00,eduroam,24,68.82164406776428,C1,0,1
1588,54:F0:B1:A1:58:01,PoliSemFio,27,68.82164406776428,C1,0,1
1589,54:F0:B1:A1:58:02,,30,68.82164406776428,C1,0,1
1590,54:F0:B1:A1:E2:80,CEE,9,68.82164406776428,C1,0,1
1591,54:F0:B1:A1:E5:02,,25,68.82164406776428,C1,0,1
1592,54:F0:B1:A2:08:60,eduroam,9,68.82164406776428,C1,0,1
1593,54:F0:B1:A2:08:61,PoliSemFio,9,68.82164406776428,C1,0,1
1594,54:F0:B1:A2:37:E0,eduroam,20,68.82164406776428,C1,0,1
1595,54:F0:B1:A2:37:E1,PoliSemFio,35,68.82164406776428,C1,0,1
1596,54:F0:B1:A2:37:E2,,35,68.82164406776428,C1,0,1
1597,54:F0:B1:A2:4A:70,eduroam,19,68.82164406776428,C1,0,1
1598,54:F0:B1:A2:4A:71,PoliSemFio,24,68.82164406776428,C1,0,1
1599,54:F0:B1:A2:4A:72,,22,68.82164406776428,C1,0,1
1600,54:F0:B1:A2:56:60,eduroam,35,68.82164406776428,C1,0,1
1601,54:F0:B1:A2:56:61,PoliSemFio,25,68.82164406776428,C1,0,1
1602,54:F0:B1:A2:56:70,eduroam,45,68.82164406776428,C1,0,1
1603,54:F0:B1:BB:5A:80,eduroam,40,68.82164406776428,C1,0,1
1604,54:F0:B1:BB:5A:81,PoliSemFio,42,68.82164406776428,C1,0,1
1605,54:F0:B1:BB:5A:82,HACKER,40,68.82164406776428,C1,0,1
1606,54:F0:B1:BB:5A:83,LEP,42,68.82164406776428,C1,0,1
1607,54:F0:B1:BB:5A:84,,39,68.82164406776428,C1,0,1
1608,54:F0:B1:BB:5A:A0,eduroam,17,68.82164406776428,C1,0,1
1609,54:F0:B1:BB:5A:A1,PoliSemFio,17,68.82164406776428,C1,0,1
1610,54:F0:B1:BB:5A:A2,HACKER,12,68.82164406776428,C1,0,1
1611,54:F0:B1:BB:5A:A3,LEP,12,68.82164406776428,C1,0,1
1612,54:F0:B1:BB:5A:A4,,15,68.82164406776428,C1,0,1
1613,54:F0:B1:BB:5F:B0,eduroam,12,68.82164406776428,C1,0,1
1614,54:F0:B1:BB:5F:B1,PoliSemFio,15,68.82164406776428,C1,0,1
1615,54:F0:B1:BB:5F:B2,,12,68.82164406776428,C1,0,1
1616,54:F0:B1:BB:80:C0,eduroam,47,68.82164406776428,C1,0,1
1617,54:F0:B1:BB:80:C3,LABPROG,27,68.82164406776428,C1,0,1
1618,54:F0:B1:BB:80:E3,LABPROG,9,68.82164406776428,C1,0,1
1619,54:F0:B1:BB:A7:60,eduroam,19,68.82164406776428,C1,0,1
1620,54:F0:B1:BB:BC:02,,30,68.82164406776428,C1,0,1
1621,54:F0:B1:BB:BC:03,CAEEL,17,68.82164406776428,C1,0,1
1622,54:F0:B1:BB:BC:20,eduroam,14,68.82164406776428,C1,0,1
1623,54:F0:B1:BB:BC:21,PoliSemFio,15,68.82164406776428,C1,0,1
1624,54:F0:B1:BB:BC:22,,12,68.82164406776428,C1,0,1
1625,54:F0:B1:BB:BC:23,CAEEL,12,68.82164406776428,C1,0,1
1626,54:F0:B1:BB:BE:10,eduroam,20,68.82164406776428,C1,0,1
1627,54:F0:B1:BB:BE:30,eduroam,19,68.82164406776428,C1,0,1
1628,54:F0:B1:BB:BE:31,PoliSemFio,17,68.82164406776428,C1,0,1
1629,54:F0:B1:BB:BE:33,CAEEL,19,68.82164406776428,C1,0,1
1630,54:F0:B1:BB:C4:F0,eduroam,42,68.82164406776428,C1,0,1
1631,54:F0:B1:BB:C4:F1,PoliSemFio,42,68.82164406776428,C1,0,1
1632,54:F0:B1:BB:C6:E0,eduroam,7,68.82164406776428,C1,0,1
1633,54:F0:B1:BB:CC:E0,B209,10,68.82164406776428,C1,0,1
1634,54:F0:B1:BB:CD:A0,eduroam,39,68.82164406776428,C1,0,1
1635,54:F0:B1:BB:CD:A1,PoliSemFio,35,68.82164406776428,C1,0,1
1636,54:F0:B1:BB:CD:C0,eduroam,14,68.82164406776428,C1,0,1
1637,54:F0:B1:BB:F3:20,eduroam,17,68.82164406776428,C1,0,1
1638,54:F0:B1:BB:FD:D0,eduroam,39,68.82164406776428,C1,0,1
1639,54:F0:B1:BB:FD:D1,PoliSemFio,34,68.82164406776428,C1,0,1
1640,54:F0:B1:BB:FD:D2,,32,68.82164406776428,C1,0,1
1641,54:F0:B1:BC:09:41,PoliSemFio,44,68.82164406776428,C1,0,1
1642,54:F0:B1:BC:09:42,,32,68.82164406776428,C1,0,1
1643,54:F0:B1:BC:09:60,eduroam,24,68.82164406776428,C1,0,1
1644,54:F0:B1:BC:09:61,PoliSemFio,27,68.82164406776428,C1,0,1
1645,54:F0:B1:BC:1B:D0,eduroam,54,68.82164406776428,C1,0,1
1646,54:F0:B1:BC:1B:D1,PoliSemFio,45,68.82164406776428,C1,0,1
1647,54:F0:B1:BC:1B:D2,,45,68.82164406776428,C1,0,1
1648,54:F0:B1:BC:1B:F0,eduroam,34,68.82164406776428,C1,0,1
1649,54:F0:B1:BC:1B:F1,PoliSemFio,34,68.82164406776428,C1,0,1
1650,54:F0:B1:BC:27:40,eduroam,45,68.82164406776428,C1,0,1
1651,54:F0:B1:BC:27:41,PoliSemFio,40,68.82164406776428,C1,0,1
1652,54:F0:B1:BC:27:42,,40,68.82164406776428,C1,0,1
1653,54:F0:B1:BC:27:60,eduroam,30,68.82164406776428,C1,0,1
1654,54:F0:B1:BC:27:61,PoliSemFio,30,68.82164406776428,C1,0,1
1655,54:F0:B1:BC:28:C0,eduroam,12,68.82164406776428,C1,0,1
1656,54:F0:B1:BC:2E:90,eduroam,47,68.82164406776428,C1,0,1
1657,54:F0:B1:BC:2E:91,PoliSemFio,45,68.82164406776428,C1,0,1
1658,54:F0:B1:BC:2E:92,,47,68.82164406776428,C1,0,1
1659,54:F0:B1:BC:2E:B0,eduroam,34,68.82164406776428,C1,0,1
1660,54:F0:B1:BC:2E:B1,PoliSemFio,34,68.82164406776428,C1,0,1
1661,54:F0:B1:BC:2E:B2,,49,68.82164406776428,C1,0,1
1662,54:F0:B1:BC:2F:50,eduroam,27,68.82164406776428,C1,0,1
1663,54:F0:B1:BC:2F:51,PoliSemFio,25,68.82164406776428,C1,0,1
1664,54:F0:B1:BC:2F:70,eduroam,19,68.82164406776428,C1,0,1
1665,54:F0:B1:BC:36:10,PoliSemFio,37,68.82164406776428,C1,0,1
1666,54:F0:B1:BC:36:11,eduroam,19,68.82164406776428,C1,0,1
1667,54:F0:B1:BC:36:12,,35,68.82164406776428,C1,0,1
1668,54:F0:B1:BC:3F:10,eduroam,40,68.82164406776428,C1,0,1
1669,54:F0:B1:BC:3F:30,eduroam,12,68.82164406776428,C1,0,1
1670,54:F0:B1:BC:3F:32,,15,68.82164406776428,C1,0,1
1671,54:F0:B1:BC:43:60,eduroam,22,68.82164406776428,C1,0,1
1672,54:F0:B1:BC:65:B0,eduroam,19,68.82164406776428,C1,0,1
1673,54:F0:B1:BC:65:B2,,27,68.82164406776428,C1,0,1
1674,54:F0:B1:BC:77:80,eduroam,52,68.82164406776428,C1,0,1
1675,54:F0:B1:BC:77:A0,eduroam,19,68.82164406776428,C1,0,1
1676,54:F0:B1:BC:77:A1,PoliSemFio,19,68.82164406776428,C1,0,1
1677,54:F0:B1:BC:77:A2,,19,68.82164406776428,C1,0,1
1678,54:F0:B1:BC:7C:F0,eduroam,25,68.82164406776428,C1,0,1
1679,54:F0:B1:BC:7C:F1,PoliSemFio,20,68.82164406776428,C1,0,1
1680,66:C6:D2:4B:85:70,DIRECT-epson-026d-0-001,14,68.82164406776428,C1,0,1
1681,68:FF:7B:47:78:BE,C1-22M,35,68.82164406776428,C1,0,1
1682,70:62:B8:6E:72:A0,PCS-wireless-C1-13,25,68.82164406776428,C1,0,1
1683,70:62:B8:6E:72:A1,PPGEE,29,68.82164406776428,C1,0,1
1684,70:D8:23:BC:B9:B3,,24,68.82164406776428,C1,0,1
1685,84:D4:7E:06:4F:E0,eduroam,30,68.82164406776428,C1,0,1
1686,84:D4:7E:9E:1A:60,eduroam,15,68.82164406776428,C1,0,1
1687,84:D4:7E:9E:1A:61,FEAnet,12,68.82164406776428,C1,0,1
1688,DC:9F:DB:1B:1F:D7,LWN-3,19,68.82164406776428,C1,0,1
1689,DC:9F:DB:1C:1F:D7,LWN-3,50,68.82164406776428,C1,0,1
1690,DE:9F:DB:1B:1F:D7,LARC Guest,19,68.82164406776428,C1,0,1
1691,DE:9F:DB:1C:1F:D7,LARC Guest,59,68.82164406776428,C1,0,1
1692,F8:1A:67:99:55:8E,NUCLEAR_CHF,19,68.82164406776428,C1,0,1
1693,FE:9F:DB:1C:1F:D7,,50,68.82164406776428,C1,0,1
1694,FE:9F:DB:1C:1F:E0,,19,68.82164406776428,C1,0,1
1695,00:18:E7:FF:8C:98,dlink,17,71.4509949684143,C1,0,1
1696,00:21:91:70:9D:EC,LAB-DIDATICO,20,71.4509949684143,C1,0,1
1697,1C:5F:2B:FF:9B:B4,LSA,32,71.4509949684143,C1,0,1
1698,20:AA:4B:A7:19:74,LAA03,20,71.4509949684143,C1,0,1
1699,30:85:A9:69:F2:E4,PCS-Wireless-C2-22,44,71.4509949684143,C1,0,1
1700,30:85:A9:69:FB:0A,PCS-Wireless,29,71.4509949684143,C1,0,1
1701,34:60:F9:A3:D9:13,GASWIFI-5G_C2,19,71.4509949684143,C1,0,1
1702,34:60:F9:A3:D9:14,GASWIFI-2G_C2,50,71.4509949684143,C1,0,1
1703,34:CE:00:51:3E:6F,Lab,22,71.4509949684143,C1,0,1
1704,34:CE:00:51:3E:70,Lab_5G,5,71.4509949684143,C1,0,1
1705,3A:60:F9:A3:D9:13,,15,71.4509949684143,C1,0,1
1706,3A:60:F9:A3:D9:14,,29,71.4509949684143,C1,0,1
1707,46:D2:44:04:08:05,DIRECT-44048805,27,71.4509949684143,C1,0,1
1708,54:B8:0A:AA:2C:8C,LAB_DIGITAL,34,71.4509949684143,C1,0,1
1709,54:B8:0A:AA:2C:8D,PCS-Wireless,34,71.4509949684143,C1,0,1
1710,54:F0:B1:A1:57:F0,eduroam,14,71.4509949684143,C1,0,1
1711,54:F0:B1:A1:57:F1,PoliSemFio,15,71.4509949684143,C1,0,1
1712,54:F0:B1:A1:57:F2,,14,71.4509949684143,C1,0,1
1713,54:F0:B1:A1:58:00,eduroam,24,71.4509949684143,C1,0,1
1714,54:F0:B1:A1:58:01,PoliSemFio,27,71.4509949684143,C1,0,1
1715,54:F0:B1:A1:58:02,,30,71.4509949684143,C1,0,1
1716,54:F0:B1:A1:E2:80,CEE,9,71.4509949684143,C1,0,1
1717,54:F0:B1:A1:E5:02,,25,71.4509949684143,C1,0,1
1718,54:F0:B1:A2:08:60,eduroam,9,71.4509949684143,C1,0,1
1719,54:F0:B1:A2:08:61,PoliSemFio,9,71.4509949684143,C1,0,1
1720,54:F0:B1:A2:37:E0,eduroam,20,71.4509949684143,C1,0,1
1721,54:F0:B1:A2:37:E1,PoliSemFio,35,71.4509949684143,C1,0,1
1722,54:F0:B1:A2:37:E2,,35,71.4509949684143,C1,0,1
1723,54:F0:B1:A2:4A:70,eduroam,19,71.4509949684143,C1,0,1
1724,54:F0:B1:A2:4A:71,PoliSemFio,24,71.4509949684143,C1,0,1
1725,54:F0:B1:A2:4A:72,,22,71.4509949684143,C1,0,1
1726,54:F0:B1:A2:56:60,eduroam,35,71.4509949684143,C1,0,1
1727,54:F0:B1:A2:56:61,PoliSemFio,25,71.4509949684143,C1,0,1
1728,54:F0:B1:A2:56:70,eduroam,45,71.4509949684143,C1,0,1
1729,54:F0:B1:BB:5A:80,eduroam,40,71.4509949684143,C1,0,1
1730,54:F0:B1:BB:5A:81,PoliSemFio,42,71.4509949684143,C1,0,1
1731,54:F0:B1:BB:5A:82,HACKER,40,71.4509949684143,C1,0,1
1732,54:F0:B1:BB:5A:83,LEP,42,71.4509949684143,C1,0,1
1733,54:F0:B1:BB:5A:84,,39,71.4509949684143,C1,0,1
1734,54:F0:B1:BB:5A:A0,eduroam,17,71.4509949684143,C1,0,1
1735,54:F0:B1:BB:5A:A1,PoliSemFio,17,71.4509949684143,C1,0,1
1736,54:F0:B1:BB:5A:A2,HACKER,12,71.4509949684143,C1,0,1
1737,54:F0:B1:BB:5A:A3,LEP,12,71.4509949684143,C1,0,1
1738,54:F0:B1:BB:5A:A4,,15,71.4509949684143,C1,0,1
1739,54:F0:B1:BB:5F:B0,eduroam,12,71.4509949684143,C1,0,1
1740,54:F0:B1:BB:5F:B1,PoliSemFio,15,71.4509949684143,C1,0,1
1741,54:F0:B1:BB:5F:B2,,12,71.4509949684143,C1,0,1
1742,54:F0:B1:BB:80:C0,eduroam,47,71.4509949684143,C1,0,1
1743,54:F0:B1:BB:80:C3,LABPROG,27,71.4509949684143,C1,0,1
1744,54:F0:B1:BB:80:E3,LABPROG,9,71.4509949684143,C1,0,1
1745,54:F0:B1:BB:A7:60,eduroam,19,71.4509949684143,C1,0,1
1746,54:F0:B1:BB:BC:02,,30,71.4509949684143,C1,0,1
1747,54:F0:B1:BB:BC:03,CAEEL,17,71.4509949684143,C1,0,1
1748,54:F0:B1:BB:BC:20,eduroam,14,71.4509949684143,C1,0,1
1749,54:F0:B1:BB:BC:21,PoliSemFio,15,71.4509949684143,C1,0,1
1750,54:F0:B1:BB:BC:22,,12,71.4509949684143,C1,0,1
1751,54:F0:B1:BB:BC:23,CAEEL,12,71.4509949684143,C1,0,1
1752,54:F0:B1:BB:BE:10,eduroam,20,71.4509949684143,C1,0,1
1753,54:F0:B1:BB:BE:30,eduroam,19,71.4509949684143,C1,0,1
1754,54:F0:B1:BB:BE:31,PoliSemFio,17,71.4509949684143,C1,0,1
1755,54:F0:B1:BB:BE:33,CAEEL,19,71.4509949684143,C1,0,1
1756,54:F0:B1:BB:C4:F0,eduroam,42,71.4509949684143,C1,0,1
1757,54:F0:B1:BB:C4:F1,PoliSemFio,42,71.4509949684143,C1,0,1
1758,54:F0:B1:BB:C6:E0,eduroam,7,71.4509949684143,C1,0,1
1759,54:F0:B1:BB:CC:E0,B209,10,71.4509949684143,C1,0,1
1760,54:F0:B1:BB:CD:A0,eduroam,39,71.4509949684143,C1,0,1
1761,54:F0:B1:BB:CD:A1,PoliSemFio,35,71.4509949684143,C1,0,1
1762,54:F0:B1:BB:CD:C0,eduroam,14,71.4509949684143,C1,0,1
1763,54:F0:B1:BB:F3:20,eduroam,17,71.4509949684143,C1,0,1
1764,54:F0:B1:BB:FD:D0,eduroam,39,71.4509949684143,C1,0,1
1765,54:F0:B1:BB:FD:D1,PoliSemFio,34,71.4509949684143,C1,0,1
1766,54:F0:B1:BB:FD:D2,,32,71.4509949684143,C1,0,1
1767,54:F0:B1:BC:09:41,PoliSemFio,44,71.4509949684143,C1,0,1
1768,54:F0:B1:BC:09:42,,32,71.4509949684143,C1,0,1
1769,54:F0:B1:BC:09:60,eduroam,24,71.4509949684143,C1,0,1
1770,54:F0:B1:BC:09:61,PoliSemFio,27,71.4509949684143,C1,0,1
1771,54:F0:B1:BC:1B:D0,eduroam,54,71.4509949684143,C1,0,1
1772,54:F0:B1:BC:1B:D1,PoliSemFio,45,71.4509949684143,C1,0,1
1773,54:F0:B1:BC:1B:D2,,45,71.4509949684143,C1,0,1
1774,54:F0:B1:BC:1B:F0,eduroam,34,71.4509949684143,C1,0,1
1775,54:F0:B1:BC:1B:F1,PoliSemFio,34,71.4509949684143,C1,0,1
1776,54:F0:B1:BC:27:40,eduroam,45,71.4509949684143,C1,0,1
1777,54:F0:B1:BC:27:41,PoliSemFio,40,71.4509949684143,C1,0,1
1778,54:F0:B1:BC:27:42,,40,71.4509949684143,C1,0,1
1779,54:F0:B1:BC:27:60,eduroam,30,71.4509949684143,C1,0,1
1780,54:F0:B1:BC:27:61,PoliSemFio,30,71.4509949684143,C1,0,1
1781,54:F0:B1:BC:28:C0,eduroam,12,71.4509949684143,C1,0,1
1782,54:F0:B1:BC:2E:90,eduroam,47,71.4509949684143,C1,0,1
1783,54:F0:B1:BC:2E:91,PoliSemFio,45,71.4509949684143,C1,0,1
1784,54:F0:B1:BC:2E:92,,47,71.4509949684143,C1,0,1
1785,54:F0:B1:BC:2E:B0,eduroam,40,71.4509949684143,C1,0,1
1786,54:F0:B1:BC:2E:B1,PoliSemFio,34,71.4509949684143,C1,0,1
1787,54:F0:B1:BC:2E:B2,,49,71.4509949684143,C1,0,1
1788,54:F0:B1:BC:2F:50,eduroam,27,71.4509949684143,C1,0,1
1789,54:F0:B1:BC:2F:51,PoliSemFio,25,71.4509949684143,C1,0,1
1790,54:F0:B1:BC:2F:70,eduroam,19,71.4509949684143,C1,0,1
1791,54:F0:B1:BC:36:10,PoliSemFio,37,71.4509949684143,C1,0,1
1792,54:F0:B1:BC:36:11,eduroam,19,71.4509949684143,C1,0,1
1793,54:F0:B1:BC:36:12,,35,71.4509949684143,C1,0,1
1794,54:F0:B1:BC:3F:10,eduroam,40,71.4509949684143,C1,0,1
1795,54:F0:B1:BC:3F:30,eduroam,12,71.4509949684143,C1,0,1
1796,54:F0:B1:BC:3F:32,,15,71.4509949684143,C1,0,1
1797,54:F0:B1:BC:43:60,eduroam,22,71.4509949684143,C1,0,1
1798,54:F0:B1:BC:65:B0,eduroam,19,71.4509949684143,C1,0,1
1799,54:F0:B1:BC:65:B2,,27,71.4509949684143,C1,0,1
1800,54:F0:B1:BC:77:80,eduroam,52,71.4509949684143,C1,0,1
1801,54:F0:B1:BC:77:A0,eduroam,19,71.4509949684143,C1,0,1
1802,54:F0:B1:BC:77:A1,PoliSemFio,19,71.4509949684143,C1,0,1
1803,54:F0:B1:BC:77:A2,,19,71.4509949684143,C1,0,1
1804,54:F0:B1:BC:7C:F0,eduroam,25,71.4509949684143,C1,0,1
1805,54:F0:B1:BC:7C:F1,PoliSemFio,20,71.4509949684143,C1,0,1
1806,66:C6:D2:4B:85:70,DIRECT-epson-026d-0-001,14,71.4509949684143,C1,0,1
1807,68:FF:7B:47:78:BE,C1-22M,35,71.4509949684143,C1,0,1
1808,70:62:B8:6E:72:A0,PCS-wireless-C1-13,25,71.4509949684143,C1,0,1
1809,70:62:B8:6E:72:A1,PPGEE,29,71.4509949684143,C1,0,1
1810,70:D8:23:BC:B9:B3,,24,71.4509949684143,C1,0,1
1811,84:D4:7E:06:4F:E0,eduroam,30,71.4509949684143,C1,0,1
1812,84:D4:7E:9E:1A:60,eduroam,15,71.4509949684143,C1,0,1
1813,84:D4:7E:9E:1A:61,FEAnet,12,71.4509949684143,C1,0,1
1814,DC:9F:DB:1B:1F:D7,LWN-3,19,71.4509949684143,C1,0,1
1815,DC:9F:DB:1C:1F:D7,LWN-3,50,71.4509949684143,C1,0,1
1816,DE:9F:DB:1B:1F:D7,LARC Guest,19,71.4509949684143,C1,0,1
1817,DE:9F:DB:1C:1F:D7,LARC Guest,59,71.4509949684143,C1,0,1
1818,F8:1A:67:99:55:8E,NUCLEAR_CHF,19,71.4509949684143,C1,0,1
1819,FE:9F:DB:1C:1F:D7,,50,71.4509949684143,C1,0,1
1820,FE:9F:DB:1C:1F:E0,,19,71.4509949684143,C1,0,1
1821,00:18:E7:FF:8C:98,dlink,19,77.75469303131104,C1,0,1
1822,00:21:91:70:9D:EC,LAB-DIDATICO,20,77.75469303131104,C1,0,1
1823,1C:5F:2B:FF:9B:B4,LSA,32,77.75469303131104,C1,0,1
1824,20:AA:4B:A7:19:74,LAA03,20,77.75469303131104,C1,0,1
1825,30:85:A9:69:F2:E4,PCS-Wireless-C2-22,44,77.75469303131104,C1,0,1
1826,30:85:A9:69:FB:0A,PCS-Wireless,25,77.75469303131104,C1,0,1
1827,34:60:F9:A3:D9:13,GASWIFI-5G_C2,19,77.75469303131104,C1,0,1
1828,34:60:F9:A3:D9:14,GASWIFI-2G_C2,50,77.75469303131104,C1,0,1
1829,34:60:F9:A3:E7:3F,GASWIFI_C4,27,77.75469303131104,C1,0,1
1830,34:CE:00:51:3E:6F,Lab,25,77.75469303131104,C1,0,1
1831,34:CE:00:51:3E:70,Lab_5G,5,77.75469303131104,C1,0,1
1832,3A:60:F9:A3:D9:13,,15,77.75469303131104,C1,0,1
1833,3A:60:F9:A3:D9:14,,29,77.75469303131104,C1,0,1
1834,46:D2:44:04:08:05,DIRECT-44048805,27,77.75469303131104,C1,0,1
1835,54:B8:0A:AA:2C:8C,LAB_DIGITAL,34,77.75469303131104,C1,0,1
1836,54:B8:0A:AA:2C:8D,PCS-Wireless,34,77.75469303131104,C1,0,1
1837,54:F0:B1:A1:57:F0,eduroam,14,77.75469303131104,C1,0,1
1838,54:F0:B1:A1:57:F1,PoliSemFio,15,77.75469303131104,C1,0,1
1839,54:F0:B1:A1:57:F2,,14,77.75469303131104,C1,0,1
1840,54:F0:B1:A1:58:00,eduroam,20,77.75469303131104,C1,0,1
1841,54:F0:B1:A1:58:01,PoliSemFio,30,77.75469303131104,C1,0,1
1842,54:F0:B1:A1:58:02,,30,77.75469303131104,C1,0,1
1843,54:F0:B1:A1:E2:80,CEE,9,77.75469303131104,C1,0,1
1844,54:F0:B1:A1:E5:02,,22,77.75469303131104,C1,0,1
1845,54:F0:B1:A2:08:60,eduroam,9,77.75469303131104,C1,0,1
1846,54:F0:B1:A2:08:61,PoliSemFio,9,77.75469303131104,C1,0,1
1847,54:F0:B1:A2:37:E0,eduroam,20,77.75469303131104,C1,0,1
1848,54:F0:B1:A2:37:E1,PoliSemFio,35,77.75469303131104,C1,0,1
1849,54:F0:B1:A2:37:E2,,35,77.75469303131104,C1,0,1
1850,54:F0:B1:A2:4A:70,eduroam,27,77.75469303131104,C1,0,1
1851,54:F0:B1:A2:4A:71,PoliSemFio,34,77.75469303131104,C1,0,1
1852,54:F0:B1:A2:4A:72,,34,77.75469303131104,C1,0,1
1853,54:F0:B1:A2:56:60,eduroam,35,77.75469303131104,C1,0,1
1854,54:F0:B1:A2:56:61,PoliSemFio,35,77.75469303131104,C1,0,1
1855,54:F0:B1:A2:56:70,eduroam,45,77.75469303131104,C1,0,1
1856,54:F0:B1:A2:57:30,eduroam,14,77.75469303131104,C1,0,1
1857,54:F0:B1:BB:5A:80,eduroam,49,77.75469303131104,C1,0,1
1858,54:F0:B1:BB:5A:81,PoliSemFio,39,77.75469303131104,C1,0,1
1859,54:F0:B1:BB:5A:82,HACKER,39,77.75469303131104,C1,0,1
1860,54:F0:B1:BB:5A:83,LEP,42,77.75469303131104,C1,0,1
1861,54:F0:B1:BB:5A:84,,39,77.75469303131104,C1,0,1
1862,54:F0:B1:BB:5A:A0,eduroam,17,77.75469303131104,C1,0,1
1863,54:F0:B1:BB:5A:A1,PoliSemFio,17,77.75469303131104,C1,0,1
1864,54:F0:B1:BB:5A:A2,HACKER,12,77.75469303131104,C1,0,1
1865,54:F0:B1:BB:5A:A3,LEP,15,77.75469303131104,C1,0,1
1866,54:F0:B1:BB:5A:A4,,15,77.75469303131104,C1,0,1
1867,54:F0:B1:BB:5F:B0,eduroam,12,77.75469303131104,C1,0,1
1868,54:F0:B1:BB:5F:B1,PoliSemFio,15,77.75469303131104,C1,0,1
1869,54:F0:B1:BB:5F:B2,,12,77.75469303131104,C1,0,1
1870,54:F0:B1:BB:73:40,eduroam,9,77.75469303131104,C1,0,1
1871,54:F0:B1:BB:80:C0,eduroam,47,77.75469303131104,C1,0,1
1872,54:F0:B1:BB:80:C3,LABPROG,45,77.75469303131104,C1,0,1
1873,54:F0:B1:BB:80:E3,LABPROG,9,77.75469303131104,C1,0,1
1874,54:F0:B1:BB:A7:60,eduroam,19,77.75469303131104,C1,0,1
1875,54:F0:B1:BB:BC:02,,32,77.75469303131104,C1,0,1
1876,54:F0:B1:BB:BC:03,CAEEL,17,77.75469303131104,C1,0,1
1877,54:F0:B1:BB:BC:20,eduroam,12,77.75469303131104,C1,0,1
1878,54:F0:B1:BB:BC:21,PoliSemFio,14,77.75469303131104,C1,0,1
1879,54:F0:B1:BB:BC:22,,12,77.75469303131104,C1,0,1
1880,54:F0:B1:BB:BC:23,CAEEL,12,77.75469303131104,C1,0,1
1881,54:F0:B1:BB:BE:10,eduroam,20,77.75469303131104,C1,0,1
1882,54:F0:B1:BB:BE:30,eduroam,17,77.75469303131104,C1,0,1
1883,54:F0:B1:BB:BE:31,PoliSemFio,17,77.75469303131104,C1,0,1
1884,54:F0:B1:BB:BE:33,CAEEL,17,77.75469303131104,C1,0,1
1885,54:F0:B1:BB:C4:F0,eduroam,44,77.75469303131104,C1,0,1
1886,54:F0:B1:BB:C4:F1,PoliSemFio,44,77.75469303131104,C1,0,1
1887,54:F0:B1:BB:C6:E0,eduroam,7,77.75469303131104,C1,0,1
1888,54:F0:B1:BB:CC:E0,B209,10,77.75469303131104,C1,0,1
1889,54:F0:B1:BB:CD:A0,eduroam,39,77.75469303131104,C1,0,1
1890,54:F0:B1:BB:CD:A1,PoliSemFio,35,77.75469303131104,C1,0,1
1891,54:F0:B1:BB:CD:C0,eduroam,10,77.75469303131104,C1,0,1
1892,54:F0:B1:BB:CD:C1,PoliSemFio,12,77.75469303131104,C1,0,1
1893,54:F0:B1:BB:CD:C2,,14,77.75469303131104,C1,0,1
1894,54:F0:B1:BB:F3:20,eduroam,15,77.75469303131104,C1,0,1
1895,54:F0:B1:BB:FD:D0,eduroam,30,77.75469303131104,C1,0,1
1896,54:F0:B1:BB:FD:D1,PoliSemFio,29,77.75469303131104,C1,0,1
1897,54:F0:B1:BB:FD:D2,,29,77.75469303131104,C1,0,1
1898,54:F0:B1:BC:09:40,eduroam,59,77.75469303131104,C1,0,1
1899,54:F0:B1:BC:09:41,PoliSemFio,59,77.75469303131104,C1,0,1
1900,54:F0:B1:BC:09:42,,59,77.75469303131104,C1,0,1
1901,54:F0:B1:BC:09:60,eduroam,24,77.75469303131104,C1,0,1
1902,54:F0:B1:BC:09:61,PoliSemFio,24,77.75469303131104,C1,0,1
1903,54:F0:B1:BC:1B:D0,eduroam,65,77.75469303131104,C1,0,1
1904,54:F0:B1:BC:1B:D1,PoliSemFio,62,77.75469303131104,C1,0,1
1905,54:F0:B1:BC:1B:D2,,45,77.75469303131104,C1,0,1
1906,54:F0:B1:BC:1B:F0,eduroam,32,77.75469303131104,C1,0,1
1907,54:F0:B1:BC:1B:F1,PoliSemFio,34,77.75469303131104,C1,0,1
1908,54:F0:B1:BC:27:40,eduroam,62,77.75469303131104,C1,0,1
1909,54:F0:B1:BC:27:41,PoliSemFio,59,77.75469303131104,C1,0,1
1910,54:F0:B1:BC:27:42,,59,77.75469303131104,C1,0,1
1911,54:F0:B1:BC:27:60,eduroam,25,77.75469303131104,C1,0,1
1912,54:F0:B1:BC:27:61,PoliSemFio,25,77.75469303131104,C1,0,1
1913,54:F0:B1:BC:28:C0,eduroam,14,77.75469303131104,C1,0,1
1914,54:F0:B1:BC:2E:90,eduroam,64,77.75469303131104,C1,0,1
1915,54:F0:B1:BC:2E:91,PoliSemFio,59,77.75469303131104,C1,0,1
1916,54:F0:B1:BC:2E:92,,47,77.75469303131104,C1,0,1
1917,54:F0:B1:BC:2E:B0,eduroam,49,77.75469303131104,C1,0,1
1918,54:F0:B1:BC:2E:B1,PoliSemFio,49,77.75469303131104,C1,0,1
1919,54:F0:B1:BC:2E:B2,,49,77.75469303131104,C1,0,1
1920,54:F0:B1:BC:2F:50,eduroam,27,77.75469303131104,C1,0,1
1921,54:F0:B1:BC:2F:51,PoliSemFio,25,77.75469303131104,C1,0,1
1922,54:F0:B1:BC:2F:52,,24,77.75469303131104,C1,0,1
1923,54:F0:B1:BC:2F:70,eduroam,19,77.75469303131104,C1,0,1
1924,54:F0:B1:BC:36:10,PoliSemFio,37,77.75469303131104,C1,0,1
1925,54:F0:B1:BC:36:11,eduroam,19,77.75469303131104,C1,0,1
1926,54:F0:B1:BC:36:12,,35,77.75469303131104,C1,0,1
1927,54:F0:B1:BC:3F:10,eduroam,40,77.75469303131104,C1,0,1
1928,54:F0:B1:BC:3F:30,eduroam,12,77.75469303131104,C1,0,1
1929,54:F0:B1:BC:3F:32,,15,77.75469303131104,C1,0,1
1930,54:F0:B1:BC:43:60,eduroam,22,77.75469303131104,C1,0,1
1931,54:F0:B1:BC:65:B0,eduroam,29,77.75469303131104,C1,0,1
1932,54:F0:B1:BC:65:B1,PoliSemFio,27,77.75469303131104,C1,0,1
1933,54:F0:B1:BC:65:B2,,27,77.75469303131104,C1,0,1
1934,54:F0:B1:BC:70:00,eduroam,20,77.75469303131104,C1,0,1
1935,54:F0:B1:BC:77:80,eduroam,52,77.75469303131104,C1,0,1
1936,54:F0:B1:BC:77:82,,54,77.75469303131104,C1,0,1
1937,54:F0:B1:BC:77:A0,eduroam,24,77.75469303131104,C1,0,1
1938,54:F0:B1:BC:77:A1,PoliSemFio,24,77.75469303131104,C1,0,1
1939,54:F0:B1:BC:77:A2,,19,77.75469303131104,C1,0,1
1940,54:F0:B1:BC:7C:F0,eduroam,25,77.75469303131104,C1,0,1
1941,54:F0:B1:BC:7C:F1,PoliSemFio,20,77.75469303131104,C1,0,1
1942,56:60:F9:A3:E7:3F,,29,77.75469303131104,C1,0,1
1943,66:C6:D2:4B:85:70,DIRECT-epson-026d-0-001,14,77.75469303131104,C1,0,1
1944,68:FF:7B:47:78:BE,C1-22M,35,77.75469303131104,C1,0,1
1945,70:62:B8:6E:72:A0,PCS-wireless-C1-13,29,77.75469303131104,C1,0,1
1946,70:62:B8:6E:72:A1,PPGEE,29,77.75469303131104,C1,0,1
1947,70:D8:23:BC:B9:B3,,24,77.75469303131104,C1,0,1
1948,84:C9:B2:A2:8E:40,Lab-Gem,27,77.75469303131104,C1,0,1
1949,84:D4:7E:06:4F:E0,eduroam,29,77.75469303131104,C1,0,1
1950,84:D4:7E:9D:EE:C1,FEAnet,5,77.75469303131104,C1,0,1
1951,84:D4:7E:9E:1A:60,eduroam,15,77.75469303131104,C1,0,1
1952,84:D4:7E:9E:1A:61,FEAnet,12,77.75469303131104,C1,0,1
1953,DC:9F:DB:1B:1F:D7,LWN-3,19,77.75469303131104,C1,0,1
1954,DC:9F:DB:1C:1F:D7,LWN-3,57,77.75469303131104,C1,0,1
1955,DE:9F:DB:1B:1F:D7,LARC Guest,19,77.75469303131104,C1,0,1
1956,DE:9F:DB:1C:1F:D7,LARC Guest,59,77.75469303131104,C1,0,1
1957,F8:1A:67:99:55:8E,NUCLEAR_CHF,27,77.75469303131104,C1,0,1
1958,FE:9F:DB:1C:1F:D7,,50,77.75469303131104,C1,0,1
1959,FE:9F:DB:1C:1F:E0,,17,77.75469303131104,C1,0,1
1960,00:18:E7:FF:8C:98,dlink,19,87.69678020477295,C1,0,1
1961,00:21:91:70:9D:EC,LAB-DIDATICO,20,87.69678020477295,C1,0,1
1962,1C:5F:2B:FF:9B:B4,LSA,32,87.69678020477295,C1,0,1
1963,20:AA:4B:A7:19:74,LAA03,20,87.69678020477295,C1,0,1
1964,30:85:A9:69:F2:E4,PCS-Wireless-C2-22,44,87.69678020477295,C1,0,1
1965,30:85:A9:69:FB:0A,PCS-Wireless,25,87.69678020477295,C1,0,1
1966,34:60:F9:A3:D9:13,GASWIFI-5G_C2,19,87.69678020477295,C1,0,1
1967,34:60:F9:A3:D9:14,GASWIFI-2G_C2,40,87.69678020477295,C1,0,1
1968,34:60:F9:A3:E7:3F,GASWIFI_C4,27,87.69678020477295,C1,0,1
1969,34:CE:00:51:3E:6F,Lab,25,87.69678020477295,C1,0,1
1970,34:CE:00:51:3E:70,Lab_5G,5,87.69678020477295,C1,0,1
1971,3A:60:F9:A3:D9:13,,15,87.69678020477295,C1,0,1
1972,3A:60:F9:A3:D9:14,,29,87.69678020477295,C1,0,1
1973,46:D2:44:04:08:05,DIRECT-44048805,27,87.69678020477295,C1,0,1
1974,54:B8:0A:AA:2C:8C,LAB_DIGITAL,24,87.69678020477295,C1,0,1
1975,54:B8:0A:AA:2C:8D,PCS-Wireless,20,87.69678020477295,C1,0,1
1976,54:F0:B1:A1:57:F1,PoliSemFio,15,87.69678020477295,C1,0,1
1977,54:F0:B1:A1:57:F2,,14,87.69678020477295,C1,0,1
1978,54:F0:B1:A1:58:00,eduroam,22,87.69678020477295,C1,0,1
1979,54:F0:B1:A1:58:01,PoliSemFio,30,87.69678020477295,C1,0,1
1980,54:F0:B1:A1:58:02,,30,87.69678020477295,C1,0,1
1981,54:F0:B1:A1:E2:80,CEE,9,87.69678020477295,C1,0,1
1982,54:F0:B1:A1:E5:02,,22,87.69678020477295,C1,0,1
1983,54:F0:B1:A2:08:60,eduroam,9,87.69678020477295,C1,0,1
1984,54:F0:B1:A2:08:61,PoliSemFio,9,87.69678020477295,C1,0,1
1985,54:F0:B1:A2:37:E0,eduroam,24,87.69678020477295,C1,0,1
1986,54:F0:B1:A2:37:E1,PoliSemFio,35,87.69678020477295,C1,0,1
1987,54:F0:B1:A2:37:E2,,35,87.69678020477295,C1,0,1
1988,54:F0:B1:A2:4A:70,eduroam,19,87.69678020477295,C1,0,1
1989,54:F0:B1:A2:4A:71,PoliSemFio,24,87.69678020477295,C1,0,1
1990,54:F0:B1:A2:4A:72,,24,87.69678020477295,C1,0,1
1991,54:F0:B1:A2:56:60,eduroam,27,87.69678020477295,C1,0,1
1992,54:F0:B1:A2:56:61,PoliSemFio,27,87.69678020477295,C1,0,1
1993,54:F0:B1:A2:56:70,eduroam,45,87.69678020477295,C1,0,1
1994,54:F0:B1:A2:56:72,,34,87.69678020477295,C1,0,1
1995,54:F0:B1:A2:57:30,eduroam,14,87.69678020477295,C1,0,1
1996,54:F0:B1:BB:5A:80,eduroam,40,87.69678020477295,C1,0,1
1997,54:F0:B1:BB:5A:81,PoliSemFio,39,87.69678020477295,C1,0,1
1998,54:F0:B1:BB:5A:82,HACKER,40,87.69678020477295,C1,0,1
1999,54:F0:B1:BB:5A:83,LEP,37,87.69678020477295,C1,0,1
2000,54:F0:B1:BB:5A:84,,42,87.69678020477295,C1,0,1
2001,54:F0:B1:BB:5A:A0,eduroam,17,87.69678020477295,C1,0,1
2002,54:F0:B1:BB:5A:A1,PoliSemFio,17,87.69678020477295,C1,0,1
2003,54:F0:B1:BB:5A:A2,HACKER,12,87.69678020477295,C1,0,1
2004,54:F0:B1:BB:5A:A3,LEP,15,87.69678020477295,C1,0,1
2005,54:F0:B1:BB:5A:A4,,15,87.69678020477295,C1,0,1
2006,54:F0:B1:BB:5F:B0,eduroam,12,87.69678020477295,C1,0,1
2007,54:F0:B1:BB:5F:B1,PoliSemFio,15,87.69678020477295,C1,0,1
2008,54:F0:B1:BB:5F:B2,,12,87.69678020477295,C1,0,1
2009,54:F0:B1:BB:73:40,eduroam,9,87.69678020477295,C1,0,1
2010,54:F0:B1:BB:80:C0,eduroam,47,87.69678020477295,C1,0,1
2011,54:F0:B1:BB:80:C1,PoliSemFio,25,87.69678020477295,C1,0,1
2012,54:F0:B1:BB:80:C2,,30,87.69678020477295,C1,0,1
2013,54:F0:B1:BB:80:C3,LABPROG,27,87.69678020477295,C1,0,1
2014,54:F0:B1:BB:A7:60,eduroam,19,87.69678020477295,C1,0,1
2015,54:F0:B1:BB:BC:02,,32,87.69678020477295,C1,0,1
2016,54:F0:B1:BB:BC:03,CAEEL,17,87.69678020477295,C1,0,1
2017,54:F0:B1:BB:BC:20,eduroam,12,87.69678020477295,C1,0,1
2018,54:F0:B1:BB:BC:21,PoliSemFio,14,87.69678020477295,C1,0,1
2019,54:F0:B1:BB:BC:22,,12,87.69678020477295,C1,0,1
2020,54:F0:B1:BB:BC:23,CAEEL,12,87.69678020477295,C1,0,1
2021,54:F0:B1:BB:BE:10,eduroam,20,87.69678020477295,C1,0,1
2022,54:F0:B1:BB:BE:13,CAEEL,19,87.69678020477295,C1,0,1
2023,54:F0:B1:BB:BE:30,eduroam,17,87.69678020477295,C1,0,1
2024,54:F0:B1:BB:BE:31,PoliSemFio,17,87.69678020477295,C1,0,1
2025,54:F0:B1:BB:BE:33,CAEEL,17,87.69678020477295,C1,0,1
2026,54:F0:B1:BB:C4:F0,eduroam,19,87.69678020477295,C1,0,1
2027,54:F0:B1:BB:C4:F1,PoliSemFio,20,87.69678020477295,C1,0,1
2028,54:F0:B1:BB:CC:E0,B209,10,87.69678020477295,C1,0,1
2029,54:F0:B1:BB:CD:A0,eduroam,39,87.69678020477295,C1,0,1
2030,54:F0:B1:BB:CD:A1,PoliSemFio,35,87.69678020477295,C1,0,1
2031,54:F0:B1:BB:CD:C0,eduroam,10,87.69678020477295,C1,0,1
2032,54:F0:B1:BB:CD:C1,PoliSemFio,12,87.69678020477295,C1,0,1
2033,54:F0:B1:BB:CD:C2,,14,87.69678020477295,C1,0,1
2034,54:F0:B1:BB:F3:20,eduroam,15,87.69678020477295,C1,0,1
2035,54:F0:B1:BB:FD:D0,eduroam,35,87.69678020477295,C1,0,1
2036,54:F0:B1:BB:FD:D1,PoliSemFio,34,87.69678020477295,C1,0,1
2037,54:F0:B1:BB:FD:D2,,34,87.69678020477295,C1,0,1
2038,54:F0:B1:BC:09:40,eduroam,59,87.69678020477295,C1,0,1
2039,54:F0:B1:BC:09:41,PoliSemFio,59,87.69678020477295,C1,0,1
2040,54:F0:B1:BC:09:42,,34,87.69678020477295,C1,0,1
2041,54:F0:B1:BC:09:60,eduroam,27,87.69678020477295,C1,0,1
2042,54:F0:B1:BC:09:61,PoliSemFio,25,87.69678020477295,C1,0,1
2043,54:F0:B1:BC:1B:D0,eduroam,47,87.69678020477295,C1,0,1
2044,54:F0:B1:BC:1B:D1,PoliSemFio,45,87.69678020477295,C1,0,1
2045,54:F0:B1:BC:1B:D2,,45,87.69678020477295,C1,0,1
2046,54:F0:B1:BC:1B:F0,eduroam,29,87.69678020477295,C1,0,1
2047,54:F0:B1:BC:1B:F1,PoliSemFio,29,87.69678020477295,C1,0,1
2048,54:F0:B1:BC:1B:F2,,29,87.69678020477295,C1,0,1
2049,54:F0:B1:BC:27:40,eduroam,44,87.69678020477295,C1,0,1
2050,54:F0:B1:BC:27:41,PoliSemFio,42,87.69678020477295,C1,0,1
2051,54:F0:B1:BC:27:42,,40,87.69678020477295,C1,0,1
2052,54:F0:B1:BC:27:60,eduroam,30,87.69678020477295,C1,0,1
2053,54:F0:B1:BC:27:61,PoliSemFio,30,87.69678020477295,C1,0,1
2054,54:F0:B1:BC:28:C0,eduroam,14,87.69678020477295,C1,0,1
2055,54:F0:B1:BC:2E:90,eduroam,39,87.69678020477295,C1,0,1
2056,54:F0:B1:BC:2E:91,PoliSemFio,45,87.69678020477295,C1,0,1
2057,54:F0:B1:BC:2E:92,,44,87.69678020477295,C1,0,1
2058,54:F0:B1:BC:2E:B0,eduroam,35,87.69678020477295,C1,0,1
2059,54:F0:B1:BC:2E:B1,PoliSemFio,35,87.69678020477295,C1,0,1
2060,54:F0:B1:BC:2E:B2,,49,87.69678020477295,C1,0,1
2061,54:F0:B1:BC:2F:50,eduroam,27,87.69678020477295,C1,0,1
2062,54:F0:B1:BC:2F:51,PoliSemFio,25,87.69678020477295,C1,0,1
2063,54:F0:B1:BC:2F:52,,29,87.69678020477295,C1,0,1
2064,54:F0:B1:BC:2F:70,eduroam,19,87.69678020477295,C1,0,1
2065,54:F0:B1:BC:36:10,PoliSemFio,37,87.69678020477295,C1,0,1
2066,54:F0:B1:BC:36:11,eduroam,19,87.69678020477295,C1,0,1
2067,54:F0:B1:BC:36:12,,35,87.69678020477295,C1,0,1
2068,54:F0:B1:BC:3F:30,eduroam,12,87.69678020477295,C1,0,1
2069,54:F0:B1:BC:3F:32,,15,87.69678020477295,C1,0,1
2070,54:F0:B1:BC:65:B0,eduroam,29,87.69678020477295,C1,0,1
2071,54:F0:B1:BC:65:B1,PoliSemFio,22,87.69678020477295,C1,0,1
2072,54:F0:B1:BC:65:B2,,24,87.69678020477295,C1,0,1
2073,54:F0:B1:BC:70:00,eduroam,20,87.69678020477295,C1,0,1
2074,54:F0:B1:BC:77:80,eduroam,52,87.69678020477295,C1,0,1
2075,54:F0:B1:BC:77:82,,54,87.69678020477295,C1,0,1
2076,54:F0:B1:BC:77:A0,eduroam,15,87.69678020477295,C1,0,1
2077,54:F0:B1:BC:77:A1,PoliSemFio,14,87.69678020477295,C1,0,1
2078,54:F0:B1:BC:77:A2,,19,87.69678020477295,C1,0,1
2079,54:F0:B1:BC:7C:F0,eduroam,25,87.69678020477295,C1,0,1
2080,54:F0:B1:BC:7C:F1,PoliSemFio,20,87.69678020477295,C1,0,1
2081,56:60:F9:A3:E7:3F,,29,87.69678020477295,C1,0,1
2082,66:C6:D2:4B:85:70,DIRECT-epson-026d-0-001,14,87.69678020477295,C1,0,1
2083,68:FF:7B:47:78:BE,C1-22M,42,87.69678020477295,C1,0,1
2084,70:62:B8:6E:72:A0,PCS-wireless-C1-13,32,87.69678020477295,C1,0,1
2085,70:62:B8:6E:72:A1,PPGEE,32,87.69678020477295,C1,0,1
2086,70:D8:23:BC:B9:B3,,24,87.69678020477295,C1,0,1
2087,84:C9:B2:A2:8E:40,Lab-Gem,27,87.69678020477295,C1,0,1
2088,84:D4:7E:06:4F:E0,eduroam,25,87.69678020477295,C1,0,1
2089,84:D4:7E:9D:EE:C1,FEAnet,5,87.69678020477295,C1,0,1
2090,84:D4:7E:9E:1A:60,eduroam,15,87.69678020477295,C1,0,1
2091,84:D4:7E:9E:1A:61,FEAnet,12,87.69678020477295,C1,0,1
2092,DC:9F:DB:1B:1F:D7,LWN-3,19,87.69678020477295,C1,0,1
2093,DC:9F:DB:1C:1F:D7,LWN-3,57,87.69678020477295,C1,0,1
2094,DE:9F:DB:1B:1F:D7,LARC Guest,20,87.69678020477295,C1,0,1
2095,DE:9F:DB:1C:1F:D7,LARC Guest,37,87.69678020477295,C1,0,1
2096,F8:1A:67:99:55:8E,NUCLEAR_CHF,20,87.69678020477295,C1,0,1
2097,FE:9F:DB:1B:1F:D7,,20,87.69678020477295,C1,0,1
2098,FE:9F:DB:1C:1F:D7,,35,87.69678020477295,C1,0,1
2099,FE:9F:DB:1C:1F:E0,,17,87.69678020477295,C1,0,1
2100,00:18:E7:FF:8C:98,dlink,19,90.34202766418457,C1,0,1
2101,00:21:91:70:9D:EC,LAB-DIDATICO,20,90.34202766418457,C1,0,1
2102,1C:5F:2B:FF:9B:B4,LSA,32,90.34202766418457,C1,0,1
2103,20:AA:4B:A7:19:74,LAA03,20,90.34202766418457,C1,0,1
2104,30:85:A9:69:F2:E4,PCS-Wireless-C2-22,44,90.34202766418457,C1,0,1
2105,30:85:A9:69:FB:0A,PCS-Wireless,25,90.34202766418457,C1,0,1
2106,34:60:F9:A3:D9:13,GASWIFI-5G_C2,19,90.34202766418457,C1,0,1
2107,34:60:F9:A3:D9:14,GASWIFI-2G_C2,40,90.34202766418457,C1,0,1
2108,34:60:F9:A3:E7:3F,GASWIFI_C4,27,90.34202766418457,C1,0,1
2109,34:CE:00:51:3E:6F,Lab,25,90.34202766418457,C1,0,1
2110,34:CE:00:51:3E:70,Lab_5G,5,90.34202766418457,C1,0,1
2111,3A:60:F9:A3:D9:13,,15,90.34202766418457,C1,0,1
2112,3A:60:F9:A3:D9:14,,29,90.34202766418457,C1,0,1
2113,46:D2:44:04:08:05,DIRECT-44048805,27,90.34202766418457,C1,0,1
2114,54:B8:0A:AA:2C:8C,LAB_DIGITAL,24,90.34202766418457,C1,0,1
2115,54:B8:0A:AA:2C:8D,PCS-Wireless,20,90.34202766418457,C1,0,1
2116,54:F0:B1:A1:57:F1,PoliSemFio,15,90.34202766418457,C1,0,1
2117,54:F0:B1:A1:57:F2,,14,90.34202766418457,C1,0,1
2118,54:F0:B1:A1:58:00,eduroam,22,90.34202766418457,C1,0,1
2119,54:F0:B1:A1:58:01,PoliSemFio,30,90.34202766418457,C1,0,1
2120,54:F0:B1:A1:58:02,,30,90.34202766418457,C1,0,1
2121,54:F0:B1:A1:E2:80,CEE,9,90.34202766418457,C1,0,1
2122,54:F0:B1:A1:E5:02,,22,90.34202766418457,C1,0,1
2123,54:F0:B1:A2:08:60,eduroam,9,90.34202766418457,C1,0,1
2124,54:F0:B1:A2:08:61,PoliSemFio,9,90.34202766418457,C1,0,1
2125,54:F0:B1:A2:37:E0,eduroam,24,90.34202766418457,C1,0,1
2126,54:F0:B1:A2:37:E1,PoliSemFio,35,90.34202766418457,C1,0,1
2127,54:F0:B1:A2:37:E2,,35,90.34202766418457,C1,0,1
2128,54:F0:B1:A2:4A:70,eduroam,19,90.34202766418457,C1,0,1
2129,54:F0:B1:A2:4A:71,PoliSemFio,24,90.34202766418457,C1,0,1
2130,54:F0:B1:A2:4A:72,,24,90.34202766418457,C1,0,1
2131,54:F0:B1:A2:56:60,eduroam,27,90.34202766418457,C1,0,1
2132,54:F0:B1:A2:56:61,PoliSemFio,27,90.34202766418457,C1,0,1
2133,54:F0:B1:A2:56:70,eduroam,45,90.34202766418457,C1,0,1
2134,54:F0:B1:A2:56:72,,34,90.34202766418457,C1,0,1
2135,54:F0:B1:A2:57:30,eduroam,14,90.34202766418457,C1,0,1
2136,54:F0:B1:BB:5A:80,eduroam,40,90.34202766418457,C1,0,1
2137,54:F0:B1:BB:5A:81,PoliSemFio,39,90.34202766418457,C1,0,1
2138,54:F0:B1:BB:5A:82,HACKER,40,90.34202766418457,C1,0,1
2139,54:F0:B1:BB:5A:83,LEP,37,90.34202766418457,C1,0,1
2140,54:F0:B1:BB:5A:84,,42,90.34202766418457,C1,0,1
2141,54:F0:B1:BB:5A:A0,eduroam,17,90.34202766418457,C1,0,1
2142,54:F0:B1:BB:5A:A1,PoliSemFio,17,90.34202766418457,C1,0,1
2143,54:F0:B1:BB:5A:A2,HACKER,12,90.34202766418457,C1,0,1
2144,54:F0:B1:BB:5A:A3,LEP,15,90.34202766418457,C1,0,1
2145,54:F0:B1:BB:5A:A4,,15,90.34202766418457,C1,0,1
2146,54:F0:B1:BB:5F:B0,eduroam,12,90.34202766418457,C1,0,1
2147,54:F0:B1:BB:5F:B1,PoliSemFio,15,90.34202766418457,C1,0,1
2148,54:F0:B1:BB:5F:B2,,12,90.34202766418457,C1,0,1
2149,54:F0:B1:BB:73:40,eduroam,9,90.34202766418457,C1,0,1
2150,54:F0:B1:BB:80:C0,eduroam,47,90.34202766418457,C1,0,1
2151,54:F0:B1:BB:80:C1,PoliSemFio,25,90.34202766418457,C1,0,1
2152,54:F0:B1:BB:80:C2,,30,90.34202766418457,C1,0,1
2153,54:F0:B1:BB:80:C3,LABPROG,27,90.34202766418457,C1,0,1
2154,54:F0:B1:BB:A7:60,eduroam,19,90.34202766418457,C1,0,1
2155,54:F0:B1:BB:BC:02,,32,90.34202766418457,C1,0,1
2156,54:F0:B1:BB:BC:03,CAEEL,17,90.34202766418457,C1,0,1
2157,54:F0:B1:BB:BC:20,eduroam,12,90.34202766418457,C1,0,1
2158,54:F0:B1:BB:BC:21,PoliSemFio,14,90.34202766418457,C1,0,1
2159,54:F0:B1:BB:BC:22,,12,90.34202766418457,C1,0,1
2160,54:F0:B1:BB:BC:23,CAEEL,12,90.34202766418457,C1,0,1
2161,54:F0:B1:BB:BE:10,eduroam,20,90.34202766418457,C1,0,1
2162,54:F0:B1:BB:BE:13,CAEEL,19,90.34202766418457,C1,0,1
2163,54:F0:B1:BB:BE:30,eduroam,17,90.34202766418457,C1,0,1
2164,54:F0:B1:BB:BE:31,PoliSemFio,17,90.34202766418457,C1,0,1
2165,54:F0:B1:BB:BE:33,CAEEL,17,90.34202766418457,C1,0,1
2166,54:F0:B1:BB:C4:F0,eduroam,19,90.34202766418457,C1,0,1
2167,54:F0:B1:BB:C4:F1,PoliSemFio,20,90.34202766418457,C1,0,1
2168,54:F0:B1:BB:CC:E0,B209,10,90.34202766418457,C1,0,1
2169,54:F0:B1:BB:CD:A0,eduroam,39,90.34202766418457,C1,0,1
2170,54:F0:B1:BB:CD:A1,PoliSemFio,35,90.34202766418457,C1,0,1
2171,54:F0:B1:BB:CD:C0,eduroam,10,90.34202766418457,C1,0,1
2172,54:F0:B1:BB:CD:C1,PoliSemFio,12,90.34202766418457,C1,0,1
2173,54:F0:B1:BB:CD:C2,,14,90.34202766418457,C1,0,1
2174,54:F0:B1:BB:F3:20,eduroam,15,90.34202766418457,C1,0,1
2175,54:F0:B1:BB:FD:D0,eduroam,35,90.34202766418457,C1,0,1
2176,54:F0:B1:BB:FD:D1,PoliSemFio,34,90.34202766418457,C1,0,1
2177,54:F0:B1:BB:FD:D2,,34,90.34202766418457,C1,0,1
2178,54:F0:B1:BC:09:40,eduroam,59,90.34202766418457,C1,0,1
2179,54:F0:B1:BC:09:41,PoliSemFio,59,90.34202766418457,C1,0,1
2180,54:F0:B1:BC:09:42,,34,90.34202766418457,C1,0,1
2181,54:F0:B1:BC:09:60,eduroam,27,90.34202766418457,C1,0,1
2182,54:F0:B1:BC:09:61,PoliSemFio,25,90.34202766418457,C1,0,1
2183,54:F0:B1:BC:1B:D0,eduroam,47,90.34202766418457,C1,0,1
2184,54:F0:B1:BC:1B:D1,PoliSemFio,45,90.34202766418457,C1,0,1
2185,54:F0:B1:BC:1B:D2,,45,90.34202766418457,C1,0,1
2186,54:F0:B1:BC:1B:F0,eduroam,29,90.34202766418457,C1,0,1
2187,54:F0:B1:BC:1B:F1,PoliSemFio,29,90.34202766418457,C1,0,1
2188,54:F0:B1:BC:1B:F2,,29,90.34202766418457,C1,0,1
2189,54:F0:B1:BC:27:40,eduroam,44,90.34202766418457,C1,0,1
2190,54:F0:B1:BC:27:41,PoliSemFio,42,90.34202766418457,C1,0,1
2191,54:F0:B1:BC:27:42,,40,90.34202766418457,C1,0,1
2192,54:F0:B1:BC:27:60,eduroam,30,90.34202766418457,C1,0,1
2193,54:F0:B1:BC:27:61,PoliSemFio,30,90.34202766418457,C1,0,1
2194,54:F0:B1:BC:28:C0,eduroam,14,90.34202766418457,C1,0,1
2195,54:F0:B1:BC:2E:90,eduroam,39,90.34202766418457,C1,0,1
2196,54:F0:B1:BC:2E:91,PoliSemFio,45,90.34202766418457,C1,0,1
2197,54:F0:B1:BC:2E:92,,44,90.34202766418457,C1,0,1
2198,54:F0:B1:BC:2E:B0,eduroam,41,90.34202766418457,C1,0,1
2199,54:F0:B1:BC:2E:B1,PoliSemFio,35,90.34202766418457,C1,0,1
2200,54:F0:B1:BC:2E:B2,,49,90.34202766418457,C1,0,1
2201,54:F0:B1:BC:2F:50,eduroam,27,90.34202766418457,C1,0,1
2202,54:F0:B1:BC:2F:51,PoliSemFio,25,90.34202766418457,C1,0,1
2203,54:F0:B1:BC:2F:52,,29,90.34202766418457,C1,0,1
2204,54:F0:B1:BC:2F:70,eduroam,19,90.34202766418457,C1,0,1
2205,54:F0:B1:BC:36:10,PoliSemFio,37,90.34202766418457,C1,0,1
2206,54:F0:B1:BC:36:11,eduroam,19,90.34202766418457,C1,0,1
2207,54:F0:B1:BC:36:12,,35,90.34202766418457,C1,0,1
2208,54:F0:B1:BC:3F:30,eduroam,12,90.34202766418457,C1,0,1
2209,54:F0:B1:BC:3F:32,,15,90.34202766418457,C1,0,1
2210,54:F0:B1:BC:65:B0,eduroam,29,90.34202766418457,C1,0,1
2211,54:F0:B1:BC:65:B1,PoliSemFio,22,90.34202766418457,C1,0,1
2212,54:F0:B1:BC:65:B2,,24,90.34202766418457,C1,0,1
2213,54:F0:B1:BC:70:00,eduroam,20,90.34202766418457,C1,0,1
2214,54:F0:B1:BC:77:80,eduroam,52,90.34202766418457,C1,0,1
2215,54:F0:B1:BC:77:82,,54,90.34202766418457,C1,0,1
2216,54:F0:B1:BC:77:A0,eduroam,15,90.34202766418457,C1,0,1
2217,54:F0:B1:BC:77:A1,PoliSemFio,14,90.34202766418457,C1,0,1
2218,54:F0:B1:BC:77:A2,,19,90.34202766418457,C1,0,1
2219,54:F0:B1:BC:7C:F0,eduroam,25,90.34202766418457,C1,0,1
2220,54:F0:B1:BC:7C:F1,PoliSemFio,20,90.34202766418457,C1,0,1
2221,56:60:F9:A3:E7:3F,,29,90.34202766418457,C1,0,1
2222,66:C6:D2:4B:85:70,DIRECT-epson-026d-0-001,14,90.34202766418457,C1,0,1
2223,68:FF:7B:47:78:BE,C1-22M,42,90.34202766418457,C1,0,1
2224,70:62:B8:6E:72:A0,PCS-wireless-C1-13,32,90.34202766418457,C1,0,1
2225,70:62:B8:6E:72:A1,PPGEE,32,90.34202766418457,C1,0,1
2226,70:D8:23:BC:B9:B3,,24,90.34202766418457,C1,0,1
2227,84:C9:B2:A2:8E:40,Lab-Gem,27,90.34202766418457,C1,0,1
2228,84:D4:7E:06:4F:E0,eduroam,25,90.34202766418457,C1,0,1
2229,84:D4:7E:9D:EE:C1,FEAnet,5,90.34202766418457,C1,0,1
2230,84:D4:7E:9E:1A:60,eduroam,15,90.34202766418457,C1,0,1
2231,84:D4:7E:9E:1A:61,FEAnet,12,90.34202766418457,C1,0,1
2232,DC:9F:DB:1B:1F:D7,LWN-3,19,90.34202766418457,C1,0,1
2233,DC:9F:DB:1C:1F:D7,LWN-3,57,90.34202766418457,C1,0,1
2234,DE:9F:DB:1B:1F:D7,LARC Guest,20,90.34202766418457,C1,0,1
2235,DE:9F:DB:1C:1F:D7,LARC Guest,37,90.34202766418457,C1,0,1
2236,F8:1A:67:99:55:8E,NUCLEAR_CHF,20,90.34202766418457,C1,0,1
2237,FE:9F:DB:1B:1F:D7,,20,90.34202766418457,C1,0,1
2238,FE:9F:DB:1C:1F:D7,,35,90.34202766418457,C1,0,1
2239,FE:9F:DB:1C:1F:E0,,17,90.34202766418457,C1,0,1
2240,00:18:E7:FF:8C:98,dlink,19,96.68448972702026,C1,0,1
2241,1C:5F:2B:FF:9B:B4,LSA,32,96.68448972702026,C1,0,1
2242,20:AA:4B:A7:19:74,LAA03,44,96.68448972702026,C1,0,1
2243,30:85:A9:69:F2:E4,PCS-Wireless-C2-22,44,96.68448972702026,C1,0,1
2244,30:85:A9:69:FB:0A,PCS-Wireless,25,96.68448972702026,C1,0,1
2245,34:60:F9:A3:D9:13,GASWIFI-5G_C2,19,96.68448972702026,C1,0,1
2246,34:60:F9:A3:D9:14,GASWIFI-2G_C2,47,96.68448972702026,C1,0,1
2247,34:60:F9:A3:E7:3F,GASWIFI_C4,27,96.68448972702026,C1,0,1
2248,34:CE:00:51:3E:6F,Lab,27,96.68448972702026,C1,0,1
2249,3A:60:F9:A3:D9:13,,15,96.68448972702026,C1,0,1
2250,3A:60:F9:A3:D9:14,,45,96.68448972702026,C1,0,1
2251,46:D2:44:04:08:05,DIRECT-44048805,27,96.68448972702026,C1,0,1
2252,54:B8:0A:AA:2C:8C,LAB_DIGITAL,35,96.68448972702026,C1,0,1
2253,54:B8:0A:AA:2C:8D,PCS-Wireless,20,96.68448972702026,C1,0,1
2254,54:F0:B1:A1:58:00,eduroam,19,96.68448972702026,C1,0,1
2255,54:F0:B1:A1:58:01,PoliSemFio,29,96.68448972702026,C1,0,1
2256,54:F0:B1:A1:58:02,,29,96.68448972702026,C1,0,1
2257,54:F0:B1:A1:E2:80,CEE,9,96.68448972702026,C1,0,1
2258,54:F0:B1:A1:E2:90,CEE,17,96.68448972702026,C1,0,1
2259,54:F0:B1:A1:E5:02,,22,96.68448972702026,C1,0,1
2260,54:F0:B1:A2:08:60,eduroam,9,96.68448972702026,C1,0,1
2261,54:F0:B1:A2:08:61,PoliSemFio,9,96.68448972702026,C1,0,1
2262,54:F0:B1:A2:37:E0,eduroam,24,96.68448972702026,C1,0,1
2263,54:F0:B1:A2:37:E1,PoliSemFio,37,96.68448972702026,C1,0,1
2264,54:F0:B1:A2:37:E2,,37,96.68448972702026,C1,0,1
2265,54:F0:B1:A2:4A:70,eduroam,30,96.68448972702026,C1,0,1
2266,54:F0:B1:A2:4A:71,PoliSemFio,34,96.68448972702026,C1,0,1
2267,54:F0:B1:A2:4A:72,,24,96.68448972702026,C1,0,1
2268,54:F0:B1:A2:56:60,eduroam,27,96.68448972702026,C1,0,1
2269,54:F0:B1:A2:56:61,PoliSemFio,34,96.68448972702026,C1,0,1
2270,54:F0:B1:A2:56:70,eduroam,44,96.68448972702026,C1,0,1
2271,54:F0:B1:A2:56:72,,34,96.68448972702026,C1,0,1
2272,54:F0:B1:A2:57:30,eduroam,14,96.68448972702026,C1,0,1
2273,54:F0:B1:BB:5A:80,eduroam,40,96.68448972702026,C1,0,1
2274,54:F0:B1:BB:5A:81,PoliSemFio,39,96.68448972702026,C1,0,1
2275,54:F0:B1:BB:5A:82,HACKER,42,96.68448972702026,C1,0,1
2276,54:F0:B1:BB:5A:83,LEP,40,96.68448972702026,C1,0,1
2277,54:F0:B1:BB:5A:84,,42,96.68448972702026,C1,0,1
2278,54:F0:B1:BB:5A:A0,eduroam,17,96.68448972702026,C1,0,1
2279,54:F0:B1:BB:5A:A1,PoliSemFio,15,96.68448972702026,C1,0,1
2280,54:F0:B1:BB:5A:A2,HACKER,17,96.68448972702026,C1,0,1
2281,54:F0:B1:BB:5A:A3,LEP,14,96.68448972702026,C1,0,1
2282,54:F0:B1:BB:5F:B0,eduroam,22,96.68448972702026,C1,0,1
2283,54:F0:B1:BB:5F:B1,PoliSemFio,20,96.68448972702026,C1,0,1
2284,54:F0:B1:BB:5F:B2,,22,96.68448972702026,C1,0,1
2285,54:F0:B1:BB:73:40,eduroam,9,96.68448972702026,C1,0,1
2286,54:F0:B1:BB:80:C0,eduroam,47,96.68448972702026,C1,0,1
2287,54:F0:B1:BB:80:C1,PoliSemFio,25,96.68448972702026,C1,0,1
2288,54:F0:B1:BB:80:C2,,30,96.68448972702026,C1,0,1
2289,54:F0:B1:BB:80:C3,LABPROG,47,96.68448972702026,C1,0,1
2290,54:F0:B1:BB:84:B2,,37,96.68448972702026,C1,0,1
2291,54:F0:B1:BB:A7:60,eduroam,19,96.68448972702026,C1,0,1
2292,54:F0:B1:BB:BC:02,,32,96.68448972702026,C1,0,1
2293,54:F0:B1:BB:BC:03,CAEEL,17,96.68448972702026,C1,0,1
2294,54:F0:B1:BB:BC:20,eduroam,10,96.68448972702026,C1,0,1
2295,54:F0:B1:BB:BC:21,PoliSemFio,15,96.68448972702026,C1,0,1
2296,54:F0:B1:BB:BC:22,,12,96.68448972702026,C1,0,1
2297,54:F0:B1:BB:BC:23,CAEEL,10,96.68448972702026,C1,0,1
2298,54:F0:B1:BB:BE:10,eduroam,20,96.68448972702026,C1,0,1
2299,54:F0:B1:BB:BE:13,CAEEL,19,96.68448972702026,C1,0,1
2300,54:F0:B1:BB:BE:30,eduroam,17,96.68448972702026,C1,0,1
2301,54:F0:B1:BB:BE:31,PoliSemFio,20,96.68448972702026,C1,0,1
2302,54:F0:B1:BB:BE:33,CAEEL,17,96.68448972702026,C1,0,1
2303,54:F0:B1:BB:C4:F0,eduroam,45,96.68448972702026,C1,0,1
2304,54:F0:B1:BB:C4:F1,PoliSemFio,20,96.68448972702026,C1,0,1
2305,54:F0:B1:BB:C6:E0,eduroam,10,96.68448972702026,C1,0,1
2306,54:F0:B1:BB:CC:E0,B209,10,96.68448972702026,C1,0,1
2307,54:F0:B1:BB:CD:A0,eduroam,39,96.68448972702026,C1,0,1
2308,54:F0:B1:BB:CD:C0,eduroam,10,96.68448972702026,C1,0,1
2309,54:F0:B1:BB:CD:C1,PoliSemFio,12,96.68448972702026,C1,0,1
2310,54:F0:B1:BB:CD:C2,,14,96.68448972702026,C1,0,1
2311,54:F0:B1:BB:F3:20,eduroam,15,96.68448972702026,C1,0,1
2312,54:F0:B1:BB:FD:D0,eduroam,30,96.68448972702026,C1,0,1
2313,54:F0:B1:BB:FD:D1,PoliSemFio,34,96.68448972702026,C1,0,1
2314,54:F0:B1:BB:FD:D2,,34,96.68448972702026,C1,0,1
2315,54:F0:B1:BC:09:40,eduroam,62,96.68448972702026,C1,0,1
2316,54:F0:B1:BC:09:41,PoliSemFio,55,96.68448972702026,C1,0,1
2317,54:F0:B1:BC:09:42,,57,96.68448972702026,C1,0,1
2318,54:F0:B1:BC:09:60,eduroam,27,96.68448972702026,C1,0,1
2319,54:F0:B1:BC:09:61,PoliSemFio,20,96.68448972702026,C1,0,1
2320,54:F0:B1:BC:1B:D0,eduroam,65,96.68448972702026,C1,0,1
2321,54:F0:B1:BC:1B:D1,PoliSemFio,45,96.68448972702026,C1,0,1
2322,54:F0:B1:BC:1B:D2,,45,96.68448972702026,C1,0,1
2323,54:F0:B1:BC:1B:F0,eduroam,40,96.68448972702026,C1,0,1
2324,54:F0:B1:BC:1B:F1,PoliSemFio,40,96.68448972702026,C1,0,1
2325,54:F0:B1:BC:1B:F2,,29,96.68448972702026,C1,0,1
2326,54:F0:B1:BC:27:40,eduroam,44,96.68448972702026,C1,0,1
2327,54:F0:B1:BC:27:41,PoliSemFio,42,96.68448972702026,C1,0,1
2328,54:F0:B1:BC:27:42,,40,96.68448972702026,C1,0,1
2329,54:F0:B1:BC:27:60,eduroam,27,96.68448972702026,C1,0,1
2330,54:F0:B1:BC:27:61,PoliSemFio,27,96.68448972702026,C1,0,1
2331,54:F0:B1:BC:28:C0,eduroam,14,96.68448972702026,C1,0,1
2332,54:F0:B1:BC:2E:90,eduroam,60,96.68448972702026,C1,0,1
2333,54:F0:B1:BC:2E:91,PoliSemFio,45,96.68448972702026,C1,0,1
2334,54:F0:B1:BC:2E:92,,44,96.68448972702026,C1,0,1
2335,54:F0:B1:BC:2E:B0,eduroam,48,96.68448972702026,C1,0,1
2336,54:F0:B1:BC:2E:B1,PoliSemFio,47,96.68448972702026,C1,0,1
2337,54:F0:B1:BC:2E:B2,,49,96.68448972702026,C1,0,1
2338,54:F0:B1:BC:2F:50,eduroam,27,96.68448972702026,C1,0,1
2339,54:F0:B1:BC:2F:51,PoliSemFio,25,96.68448972702026,C1,0,1
2340,54:F0:B1:BC:2F:52,,24,96.68448972702026,C1,0,1
2341,54:F0:B1:BC:2F:70,eduroam,19,96.68448972702026,C1,0,1
2342,54:F0:B1:BC:2F:71,PoliSemFio,19,96.68448972702026,C1,0,1
2343,54:F0:B1:BC:36:10,PoliSemFio,34,96.68448972702026,C1,0,1
2344,54:F0:B1:BC:36:11,eduroam,42,96.68448972702026,C1,0,1
2345,54:F0:B1:BC:36:12,,35,96.68448972702026,C1,0,1
2346,54:F0:B1:BC:3F:30,eduroam,12,96.68448972702026,C1,0,1
2347,54:F0:B1:BC:65:B0,eduroam,29,96.68448972702026,C1,0,1
2348,54:F0:B1:BC:65:B1,PoliSemFio,27,96.68448972702026,C1,0,1
2349,54:F0:B1:BC:65:B2,,27,96.68448972702026,C1,0,1
2350,54:F0:B1:BC:70:00,eduroam,20,96.68448972702026,C1,0,1
2351,54:F0:B1:BC:77:80,eduroam,57,96.68448972702026,C1,0,1
2352,54:F0:B1:BC:77:82,,54,96.68448972702026,C1,0,1
2353,54:F0:B1:BC:77:A0,eduroam,25,96.68448972702026,C1,0,1
2354,54:F0:B1:BC:77:A1,PoliSemFio,24,96.68448972702026,C1,0,1
2355,54:F0:B1:BC:77:A2,,19,96.68448972702026,C1,0,1
2356,54:F0:B1:BC:7C:F0,eduroam,25,96.68448972702026,C1,0,1
2357,56:60:F9:A3:E7:3F,,29,96.68448972702026,C1,0,1
2358,66:C6:D2:4B:85:70,DIRECT-epson-026d-0-001,14,96.68448972702026,C1,0,1
2359,68:FF:7B:47:78:BE,C1-22M,42,96.68448972702026,C1,0,1
2360,70:62:B8:6E:72:A0,PCS-wireless-C1-13,30,96.68448972702026,C1,0,1
2361,70:62:B8:6E:72:A1,PPGEE,29,96.68448972702026,C1,0,1
2362,70:D8:23:BC:B9:B3,,24,96.68448972702026,C1,0,1
2363,84:C9:B2:A2:8E:40,Lab-Gem,27,96.68448972702026,C1,0,1
2364,84:D4:7E:06:4F:E0,eduroam,25,96.68448972702026,C1,0,1
2365,84:D4:7E:9D:EE:C1,FEAnet,5,96.68448972702026,C1,0,1
2366,84:D4:7E:9E:1A:60,eduroam,15,96.68448972702026,C1,0,1
2367,DC:9F:DB:1B:1F:D7,LWN-3,29,96.68448972702026,C1,0,1
2368,DC:9F:DB:1C:1F:D7,LWN-3,57,96.68448972702026,C1,0,1
2369,DE:9F:DB:1B:1F:D7,LARC Guest,29,96.68448972702026,C1,0,1
2370,DE:9F:DB:1C:1F:D7,LARC Guest,37,96.68448972702026,C1,0,1
2371,EE:9F:DB:1B:1F:D7,,29,96.68448972702026,C1,0,1
2372,F8:1A:67:99:55:8E,NUCLEAR_CHF,30,96.68448972702026,C1,0,1
2373,FE:9F:DB:1B:1F:D7,,20,96.68448972702026,C1,0,1
2374,FE:9F:DB:1C:1F:D7,,35,96.68448972702026,C1,0,1
2375,FE:9F:DB:1C:1F:E0,,19,96.68448972702026,C1,0,1
2376,00:18:E7:FF:8C:98,dlink,19,102.998220205307,C1,0,1
2377,20:AA:4B:A7:19:74,LAA03,22,102.998220205307,C1,0,1
2378,30:85:A9:69:F2:E4,PCS-Wireless-C2-22,24,102.998220205307,C1,0,1
2379,30:85:A9:69:FB:0A,PCS-Wireless,25,102.998220205307,C1,0,1
2380,34:60:F9:A3:D9:13,GASWIFI-5G_C2,17,102.998220205307,C1,0,1
2381,34:60:F9:A3:D9:14,GASWIFI-2G_C2,27,102.998220205307,C1,0,1
2382,34:60:F9:A3:E7:3F,GASWIFI_C4,27,102.998220205307,C1,0,1
2383,34:CE:00:51:3E:6F,Lab,27,102.998220205307,C1,0,1
2384,3A:60:F9:A3:D9:13,,15,102.998220205307,C1,0,1
2385,3A:60:F9:A3:D9:14,,45,102.998220205307,C1,0,1
2386,46:D2:44:04:08:05,DIRECT-44048805,27,102.998220205307,C1,0,1
2387,54:B8:0A:AA:2C:8C,LAB_DIGITAL,22,102.998220205307,C1,0,1
2388,54:B8:0A:AA:2C:8D,PCS-Wireless,25,102.998220205307,C1,0,1
2389,54:F0:B1:A1:58:00,eduroam,24,102.998220205307,C1,0,1
2390,54:F0:B1:A1:58:01,PoliSemFio,29,102.998220205307,C1,0,1
2391,54:F0:B1:A1:58:02,,29,102.998220205307,C1,0,1
2392,54:F0:B1:A1:E2:80,CEE,9,102.998220205307,C1,0,1
2393,54:F0:B1:A1:E2:90,CEE,17,102.998220205307,C1,0,1
2394,54:F0:B1:A1:E5:02,,22,102.998220205307,C1,0,1
2395,54:F0:B1:A2:08:60,eduroam,9,102.998220205307,C1,0,1
2396,54:F0:B1:A2:08:61,PoliSemFio,9,102.998220205307,C1,0,1
2397,54:F0:B1:A2:37:E0,eduroam,24,102.998220205307,C1,0,1
2398,54:F0:B1:A2:37:E1,PoliSemFio,37,102.998220205307,C1,0,1
2399,54:F0:B1:A2:37:E2,,37,102.998220205307,C1,0,1
2400,54:F0:B1:A2:4A:70,eduroam,17,102.998220205307,C1,0,1
2401,54:F0:B1:A2:4A:71,PoliSemFio,24,102.998220205307,C1,0,1
2402,54:F0:B1:A2:4A:72,,24,102.998220205307,C1,0,1
2403,54:F0:B1:A2:56:60,eduroam,27,102.998220205307,C1,0,1
2404,54:F0:B1:A2:56:61,PoliSemFio,34,102.998220205307,C1,0,1
2405,54:F0:B1:A2:56:70,eduroam,44,102.998220205307,C1,0,1
2406,54:F0:B1:A2:56:72,,34,102.998220205307,C1,0,1
2407,54:F0:B1:A2:57:30,eduroam,14,102.998220205307,C1,0,1
2408,54:F0:B1:BB:5A:80,eduroam,42,102.998220205307,C1,0,1
2409,54:F0:B1:BB:5A:81,PoliSemFio,39,102.998220205307,C1,0,1
2410,54:F0:B1:BB:5A:82,HACKER,45,102.998220205307,C1,0,1
2411,54:F0:B1:BB:5A:83,LEP,40,102.998220205307,C1,0,1
2412,54:F0:B1:BB:5A:84,,42,102.998220205307,C1,0,1
2413,54:F0:B1:BB:5A:A1,PoliSemFio,15,102.998220205307,C1,0,1
2414,54:F0:B1:BB:5A:A2,HACKER,17,102.998220205307,C1,0,1
2415,54:F0:B1:BB:5A:A3,LEP,14,102.998220205307,C1,0,1
2416,54:F0:B1:BB:5F:B0,eduroam,14,102.998220205307,C1,0,1
2417,54:F0:B1:BB:5F:B1,PoliSemFio,14,102.998220205307,C1,0,1
2418,54:F0:B1:BB:5F:B2,,22,102.998220205307,C1,0,1
2419,54:F0:B1:BB:73:40,eduroam,9,102.998220205307,C1,0,1
2420,54:F0:B1:BB:80:C0,eduroam,47,102.998220205307,C1,0,1
2421,54:F0:B1:BB:80:C1,PoliSemFio,25,102.998220205307,C1,0,1
2422,54:F0:B1:BB:80:C2,,30,102.998220205307,C1,0,1
2423,54:F0:B1:BB:80:C3,LABPROG,27,102.998220205307,C1,0,1
2424,54:F0:B1:BB:84:B2,,37,102.998220205307,C1,0,1
2425,54:F0:B1:BB:BC:02,,32,102.998220205307,C1,0,1
2426,54:F0:B1:BB:BC:03,CAEEL,17,102.998220205307,C1,0,1
2427,54:F0:B1:BB:BC:20,eduroam,10,102.998220205307,C1,0,1
2428,54:F0:B1:BB:BC:21,PoliSemFio,10,102.998220205307,C1,0,1
2429,54:F0:B1:BB:BC:23,CAEEL,12,102.998220205307,C1,0,1
2430,54:F0:B1:BB:BE:10,eduroam,20,102.998220205307,C1,0,1
2431,54:F0:B1:BB:BE:13,CAEEL,19,102.998220205307,C1,0,1
2432,54:F0:B1:BB:BE:30,eduroam,17,102.998220205307,C1,0,1
2433,54:F0:B1:BB:BE:31,PoliSemFio,20,102.998220205307,C1,0,1
2434,54:F0:B1:BB:BE:33,CAEEL,17,102.998220205307,C1,0,1
2435,54:F0:B1:BB:C4:F0,eduroam,45,102.998220205307,C1,0,1
2436,54:F0:B1:BB:C4:F1,PoliSemFio,20,102.998220205307,C1,0,1
2437,54:F0:B1:BB:C6:E0,eduroam,10,102.998220205307,C1,0,1
2438,54:F0:B1:BB:CD:C0,eduroam,10,102.998220205307,C1,0,1
2439,54:F0:B1:BB:CD:C1,PoliSemFio,12,102.998220205307,C1,0,1
2440,54:F0:B1:BB:CD:C2,,14,102.998220205307,C1,0,1
2441,54:F0:B1:BB:F3:20,eduroam,15,102.998220205307,C1,0,1
2442,54:F0:B1:BB:FD:D0,eduroam,30,102.998220205307,C1,0,1
2443,54:F0:B1:BB:FD:D1,PoliSemFio,32,102.998220205307,C1,0,1
2444,54:F0:B1:BB:FD:D2,,34,102.998220205307,C1,0,1
2445,54:F0:B1:BC:09:40,eduroam,62,102.998220205307,C1,0,1
2446,54:F0:B1:BC:09:41,PoliSemFio,55,102.998220205307,C1,0,1
2447,54:F0:B1:BC:09:42,,57,102.998220205307,C1,0,1
2448,54:F0:B1:BC:09:60,eduroam,27,102.998220205307,C1,0,1
2449,54:F0:B1:BC:09:61,PoliSemFio,20,102.998220205307,C1,0,1
2450,54:F0:B1:BC:1B:D0,eduroam,45,102.998220205307,C1,0,1
2451,54:F0:B1:BC:1B:D1,PoliSemFio,45,102.998220205307,C1,0,1
2452,54:F0:B1:BC:1B:D2,,47,102.998220205307,C1,0,1
2453,54:F0:B1:BC:1B:F0,eduroam,32,102.998220205307,C1,0,1
2454,54:F0:B1:BC:1B:F1,PoliSemFio,32,102.998220205307,C1,0,1
2455,54:F0:B1:BC:1B:F2,,29,102.998220205307,C1,0,1
2456,54:F0:B1:BC:27:40,eduroam,47,102.998220205307,C1,0,1
2457,54:F0:B1:BC:27:41,PoliSemFio,40,102.998220205307,C1,0,1
2458,54:F0:B1:BC:27:42,,40,102.998220205307,C1,0,1
2459,54:F0:B1:BC:27:60,eduroam,30,102.998220205307,C1,0,1
2460,54:F0:B1:BC:27:61,PoliSemFio,30,102.998220205307,C1,0,1
2461,54:F0:B1:BC:28:C0,eduroam,14,102.998220205307,C1,0,1
2462,54:F0:B1:BC:2E:90,eduroam,44,102.998220205307,C1,0,1
2463,54:F0:B1:BC:2E:91,PoliSemFio,45,102.998220205307,C1,0,1
2464,54:F0:B1:BC:2E:92,,45,102.998220205307,C1,0,1
2465,54:F0:B1:BC:2E:B0,eduroam,34,102.998220205307,C1,0,1
2466,54:F0:B1:BC:2E:B1,PoliSemFio,34,102.998220205307,C1,0,1
2467,54:F0:B1:BC:2F:50,eduroam,27,102.998220205307,C1,0,1
2468,54:F0:B1:BC:2F:51,PoliSemFio,25,102.998220205307,C1,0,1
2469,54:F0:B1:BC:2F:52,,24,102.998220205307,C1,0,1
2470,54:F0:B1:BC:2F:71,PoliSemFio,19,102.998220205307,C1,0,1
2471,54:F0:B1:BC:36:10,PoliSemFio,34,102.998220205307,C1,0,1
2472,54:F0:B1:BC:36:11,eduroam,42,102.998220205307,C1,0,1
2473,54:F0:B1:BC:36:12,,35,102.998220205307,C1,0,1
2474,54:F0:B1:BC:3F:30,eduroam,12,102.998220205307,C1,0,1
2475,54:F0:B1:BC:65:B0,eduroam,20,102.998220205307,C1,0,1
2476,54:F0:B1:BC:65:B1,PoliSemFio,27,102.998220205307,C1,0,1
2477,54:F0:B1:BC:65:B2,,27,102.998220205307,C1,0,1
2478,54:F0:B1:BC:70:00,eduroam,20,102.998220205307,C1,0,1
2479,54:F0:B1:BC:77:80,eduroam,57,102.998220205307,C1,0,1
2480,54:F0:B1:BC:77:82,,54,102.998220205307,C1,0,1
2481,54:F0:B1:BC:77:A0,eduroam,19,102.998220205307,C1,0,1
2482,54:F0:B1:BC:77:A1,PoliSemFio,19,102.998220205307,C1,0,1
2483,54:F0:B1:BC:77:A2,,19,102.998220205307,C1,0,1
2484,56:60:F9:A3:E7:3F,,29,102.998220205307,C1,0,1
2485,68:FF:7B:47:78:BE,C1-22M,37,102.998220205307,C1,0,1
2486,70:62:B8:6E:72:A0,PCS-wireless-C1-13,32,102.998220205307,C1,0,1
2487,70:62:B8:6E:72:A1,PPGEE,29,102.998220205307,C1,0,1
2488,84:C9:B2:A2:8E:40,Lab-Gem,27,102.998220205307,C1,0,1
2489,84:D4:7E:06:4F:E0,eduroam,30,102.998220205307,C1,0,1
2490,84:D4:7E:9D:EE:C1,FEAnet,5,102.998220205307,C1,0,1
2491,DC:9F:DB:1B:1F:D7,LWN-3,20,102.998220205307,C1,0,1
2492,DC:9F:DB:1C:1F:D7,LWN-3,57,102.998220205307,C1,0,1
2493,DE:9F:DB:1B:1F:D7,LARC Guest,19,102.998220205307,C1,0,1
2494,DE:9F:DB:1C:1F:D7,LARC Guest,37,102.998220205307,C1,0,1
2495,EE:9F:DB:1B:1F:D7,,29,102.998220205307,C1,0,1
2496,F8:1A:67:99:55:8E,NUCLEAR_CHF,30,102.998220205307,C1,0,1
2497,FE:9F:DB:1B:1F:D7,,20,102.998220205307,C1,0,1
2498,FE:9F:DB:1C:1F:D7,,49,102.998220205307,C1,0,1
2499,FE:9F:DB:1C:1F:E0,,19,102.998220205307,C1,0,1
2500,00:18:E7:FF:8C:98,dlink,19,109.3020133972168,C1,0,1
2501,20:AA:4B:A7:19:74,LAA03,47,109.3020133972168,C1,0,1
2502,30:85:A9:69:F2:E4,PCS-Wireless-C2-22,24,109.3020133972168,C1,0,1
2503,30:85:A9:69:FB:0A,PCS-Wireless,25,109.3020133972168,C1,0,1
2504,34:60:F9:A3:D9:13,GASWIFI-5G_C2,17,109.3020133972168,C1,0,1
2505,34:60:F9:A3:D9:14,GASWIFI-2G_C2,54,109.3020133972168,C1,0,1
2506,34:60:F9:A3:E7:3F,GASWIFI_C4,27,109.3020133972168,C1,0,1
2507,34:CE:00:51:3E:6F,Lab,27,109.3020133972168,C1,0,1
2508,34:CE:00:51:3E:70,Lab_5G,5,109.3020133972168,C1,0,1
2509,3A:60:F9:A3:D9:14,,45,109.3020133972168,C1,0,1
2510,46:D2:44:04:08:05,DIRECT-44048805,27,109.3020133972168,C1,0,1
2511,54:B8:0A:AA:2C:8C,LAB_DIGITAL,32,109.3020133972168,C1,0,1
2512,54:B8:0A:AA:2C:8D,PCS-Wireless,34,109.3020133972168,C1,0,1
2513,54:F0:B1:A1:18:D3,MEZANINO,24,109.3020133972168,C1,0,1
2514,54:F0:B1:A1:18:D4,GDLAB,17,109.3020133972168,C1,0,1
2515,54:F0:B1:A1:57:F0,eduroam,15,109.3020133972168,C1,0,1
2516,54:F0:B1:A1:57:F1,PoliSemFio,14,109.3020133972168,C1,0,1
2517,54:F0:B1:A1:57:F2,,10,109.3020133972168,C1,0,1
2518,54:F0:B1:A1:58:00,eduroam,24,109.3020133972168,C1,0,1
2519,54:F0:B1:A1:58:01,PoliSemFio,30,109.3020133972168,C1,0,1
2520,54:F0:B1:A1:58:02,,29,109.3020133972168,C1,0,1
2521,54:F0:B1:A1:E2:80,CEE,10,109.3020133972168,C1,0,1
2522,54:F0:B1:A1:E2:90,CEE,17,109.3020133972168,C1,0,1
2523,54:F0:B1:A1:E5:00,eduroam,19,109.3020133972168,C1,0,1
2524,54:F0:B1:A1:E5:01,PoliSemFio,22,109.3020133972168,C1,0,1
2525,54:F0:B1:A1:E5:02,,22,109.3020133972168,C1,0,1
2526,54:F0:B1:A2:08:60,eduroam,9,109.3020133972168,C1,0,1
2527,54:F0:B1:A2:08:61,PoliSemFio,9,109.3020133972168,C1,0,1
2528,54:F0:B1:A2:37:E0,eduroam,42,109.3020133972168,C1,0,1
2529,54:F0:B1:A2:37:E1,PoliSemFio,37,109.3020133972168,C1,0,1
2530,54:F0:B1:A2:37:E2,,37,109.3020133972168,C1,0,1
2531,54:F0:B1:A2:4A:60,eduroam,15,109.3020133972168,C1,0,1
2532,54:F0:B1:A2:4A:61,PoliSemFio,14,109.3020133972168,C1,0,1
2533,54:F0:B1:A2:4A:62,,15,109.3020133972168,C1,0,1
2534,54:F0:B1:A2:4A:70,eduroam,29,109.3020133972168,C1,0,1
2535,54:F0:B1:A2:4A:71,PoliSemFio,32,109.3020133972168,C1,0,1
2536,54:F0:B1:A2:4A:72,,34,109.3020133972168,C1,0,1
2537,54:F0:B1:A2:56:60,eduroam,34,109.3020133972168,C1,0,1
2538,54:F0:B1:A2:56:61,PoliSemFio,34,109.3020133972168,C1,0,1
2539,54:F0:B1:A2:56:62,,34,109.3020133972168,C1,0,1
2540,54:F0:B1:A2:56:70,eduroam,44,109.3020133972168,C1,0,1
2541,54:F0:B1:A2:56:72,,34,109.3020133972168,C1,0,1
2542,54:F0:B1:A2:57:30,eduroam,14,109.3020133972168,C1,0,1
2543,54:F0:B1:BB:58:A3,CAEEL,20,109.3020133972168,C1,0,1
2544,54:F0:B1:BB:5A:80,eduroam,42,109.3020133972168,C1,0,1
2545,54:F0:B1:BB:5A:81,PoliSemFio,39,109.3020133972168,C1,0,1
2546,54:F0:B1:BB:5A:82,HACKER,44,109.3020133972168,C1,0,1
2547,54:F0:B1:BB:5A:83,LEP,47,109.3020133972168,C1,0,1
2548,54:F0:B1:BB:5A:84,,42,109.3020133972168,C1,0,1
2549,54:F0:B1:BB:5A:A1,PoliSemFio,14,109.3020133972168,C1,0,1
2550,54:F0:B1:BB:5A:A2,HACKER,17,109.3020133972168,C1,0,1
2551,54:F0:B1:BB:5A:A3,LEP,12,109.3020133972168,C1,0,1
2552,54:F0:B1:BB:5F:B0,eduroam,22,109.3020133972168,C1,0,1
2553,54:F0:B1:BB:5F:B1,PoliSemFio,22,109.3020133972168,C1,0,1
2554,54:F0:B1:BB:5F:B2,,20,109.3020133972168,C1,0,1
2555,54:F0:B1:BB:73:40,eduroam,14,109.3020133972168,C1,0,1
2556,54:F0:B1:BB:80:C0,eduroam,47,109.3020133972168,C1,0,1
2557,54:F0:B1:BB:80:C1,PoliSemFio,25,109.3020133972168,C1,0,1
2558,54:F0:B1:BB:80:C2,,44,109.3020133972168,C1,0,1
2559,54:F0:B1:BB:80:C3,LABPROG,44,109.3020133972168,C1,0,1
2560,54:F0:B1:BB:84:B2,,37,109.3020133972168,C1,0,1
2561,54:F0:B1:BB:BC:02,,32,109.3020133972168,C1,0,1
2562,54:F0:B1:BB:BC:03,CAEEL,22,109.3020133972168,C1,0,1
2563,54:F0:B1:BB:BC:20,eduroam,12,109.3020133972168,C1,0,1
2564,54:F0:B1:BB:BC:21,PoliSemFio,12,109.3020133972168,C1,0,1
2565,54:F0:B1:BB:BC:23,CAEEL,12,109.3020133972168,C1,0,1
2566,54:F0:B1:BB:BE:13,CAEEL,19,109.3020133972168,C1,0,1
2567,54:F0:B1:BB:BE:30,eduroam,17,109.3020133972168,C1,0,1
2568,54:F0:B1:BB:BE:31,PoliSemFio,17,109.3020133972168,C1,0,1
2569,54:F0:B1:BB:BE:33,CAEEL,19,109.3020133972168,C1,0,1
2570,54:F0:B1:BB:C4:F0,eduroam,45,109.3020133972168,C1,0,1
2571,54:F0:B1:BB:C4:F1,PoliSemFio,45,109.3020133972168,C1,0,1
2572,54:F0:B1:BB:C6:E0,eduroam,10,109.3020133972168,C1,0,1
2573,54:F0:B1:BB:CD:C0,eduroam,10,109.3020133972168,C1,0,1
2574,54:F0:B1:BB:CD:C1,PoliSemFio,12,109.3020133972168,C1,0,1
2575,54:F0:B1:BB:CD:C2,,14,109.3020133972168,C1,0,1
2576,54:F0:B1:BB:F3:20,eduroam,15,109.3020133972168,C1,0,1
2577,54:F0:B1:BB:FD:D0,eduroam,30,109.3020133972168,C1,0,1
2578,54:F0:B1:BB:FD:D1,PoliSemFio,32,109.3020133972168,C1,0,1
2579,54:F0:B1:BB:FD:D2,,34,109.3020133972168,C1,0,1
2580,54:F0:B1:BC:09:40,eduroam,60,109.3020133972168,C1,0,1
2581,54:F0:B1:BC:09:41,PoliSemFio,55,109.3020133972168,C1,0,1
2582,54:F0:B1:BC:09:42,,57,109.3020133972168,C1,0,1
2583,54:F0:B1:BC:09:60,eduroam,27,109.3020133972168,C1,0,1
2584,54:F0:B1:BC:09:61,PoliSemFio,20,109.3020133972168,C1,0,1
2585,54:F0:B1:BC:1B:D0,eduroam,65,109.3020133972168,C1,0,1
2586,54:F0:B1:BC:1B:D1,PoliSemFio,64,109.3020133972168,C1,0,1
2587,54:F0:B1:BC:1B:D2,,64,109.3020133972168,C1,0,1
2588,54:F0:B1:BC:1B:F0,eduroam,40,109.3020133972168,C1,0,1
2589,54:F0:B1:BC:1B:F1,PoliSemFio,40,109.3020133972168,C1,0,1
2590,54:F0:B1:BC:1B:F2,,29,109.3020133972168,C1,0,1
2591,54:F0:B1:BC:27:40,eduroam,60,109.3020133972168,C1,0,1
2592,54:F0:B1:BC:27:41,PoliSemFio,59,109.3020133972168,C1,0,1
2593,54:F0:B1:BC:27:42,,59,109.3020133972168,C1,0,1
2594,54:F0:B1:BC:27:60,eduroam,25,109.3020133972168,C1,0,1
2595,54:F0:B1:BC:27:61,PoliSemFio,27,109.3020133972168,C1,0,1
2596,54:F0:B1:BC:27:62,,25,109.3020133972168,C1,0,1
2597,54:F0:B1:BC:28:C0,eduroam,14,109.3020133972168,C1,0,1
2598,54:F0:B1:BC:2E:90,eduroam,64,109.3020133972168,C1,0,1
2599,54:F0:B1:BC:2E:91,PoliSemFio,60,109.3020133972168,C1,0,1
2600,54:F0:B1:BC:2E:92,,60,109.3020133972168,C1,0,1
2601,54:F0:B1:BC:2E:B0,eduroam,49,109.3020133972168,C1,0,1
2602,54:F0:B1:BC:2E:B1,PoliSemFio,49,109.3020133972168,C1,0,1
2603,54:F0:B1:BC:2F:50,eduroam,17,109.3020133972168,C1,0,1
2604,54:F0:B1:BC:2F:51,PoliSemFio,25,109.3020133972168,C1,0,1
2605,54:F0:B1:BC:2F:52,,24,109.3020133972168,C1,0,1
2606,54:F0:B1:BC:2F:71,PoliSemFio,19,109.3020133972168,C1,0,1
2607,54:F0:B1:BC:36:10,PoliSemFio,37,109.3020133972168,C1,0,1
2608,54:F0:B1:BC:36:11,eduroam,35,109.3020133972168,C1,0,1
2609,54:F0:B1:BC:36:12,,35,109.3020133972168,C1,0,1
2610,54:F0:B1:BC:3A:F0,eduroam,17,109.3020133972168,C1,0,1
2611,54:F0:B1:BC:3F:10,eduroam,42,109.3020133972168,C1,0,1
2612,54:F0:B1:BC:65:B0,eduroam,20,109.3020133972168,C1,0,1
2613,54:F0:B1:BC:65:B1,PoliSemFio,27,109.3020133972168,C1,0,1
2614,54:F0:B1:BC:65:B2,,27,109.3020133972168,C1,0,1
2615,54:F0:B1:BC:70:00,eduroam,20,109.3020133972168,C1,0,1
2616,54:F0:B1:BC:77:80,eduroam,57,109.3020133972168,C1,0,1
2617,54:F0:B1:BC:77:82,,54,109.3020133972168,C1,0,1
2618,54:F0:B1:BC:77:A0,eduroam,19,109.3020133972168,C1,0,1
2619,54:F0:B1:BC:77:A1,PoliSemFio,25,109.3020133972168,C1,0,1
2620,54:F0:B1:BC:7C:F2,,24,109.3020133972168,C1,0,1
2621,56:60:F9:A3:E7:3F,,27,109.3020133972168,C1,0,1
2622,68:FF:7B:47:78:BE,C1-22M,22,109.3020133972168,C1,0,1
2623,70:62:B8:6E:72:A0,PCS-wireless-C1-13,24,109.3020133972168,C1,0,1
2624,70:62:B8:6E:72:A1,PPGEE,25,109.3020133972168,C1,0,1
2625,84:C9:B2:A2:8E:40,Lab-Gem,27,109.3020133972168,C1,0,1
2626,84:D4:7E:06:4F:E0,eduroam,29,109.3020133972168,C1,0,1
2627,84:D4:7E:06:4F:E1,PoliSemFio,40,109.3020133972168,C1,0,1
2628,84:D4:7E:9D:EE:C1,FEAnet,5,109.3020133972168,C1,0,1
2629,84:D4:7E:9E:1A:61,FEAnet,15,109.3020133972168,C1,0,1
2630,AA:6B:AD:82:46:CC,DIRECT-cc-HP M132f LaserJet,22,109.3020133972168,C1,0,1
2631,DC:9F:DB:1B:1F:D7,LWN-3,29,109.3020133972168,C1,0,1
2632,DC:9F:DB:1C:1F:D7,LWN-3,57,109.3020133972168,C1,0,1
2633,DE:9F:DB:1B:1F:D7,LARC Guest,29,109.3020133972168,C1,0,1
2634,DE:9F:DB:1C:1F:D7,LARC Guest,37,109.3020133972168,C1,0,1
2635,EE:9F:DB:1B:1F:D7,,29,109.3020133972168,C1,0,1
2636,F8:1A:67:99:55:8E,NUCLEAR_CHF,27,109.3020133972168,C1,0,1
2637,FE:9F:DB:1B:1F:D7,,20,109.3020133972168,C1,0,1
2638,FE:9F:DB:1C:1F:D7,,57,109.3020133972168,C1,0,1
2639,FE:9F:DB:1C:1F:E0,,19,109.3020133972168,C1,0,1
2640,00:18:E7:FF:8C:98,dlink,19,115.61834001541138,C1,0,1
2641,20:AA:4B:A7:19:74,LAA03,47,115.61834001541138,C1,0,1
2642,30:85:A9:69:F2:E4,PCS-Wireless-C2-22,24,115.61834001541138,C1,0,1
2643,30:85:A9:69:FB:0A,PCS-Wireless,25,115.61834001541138,C1,0,1
2644,34:60:F9:A3:D9:13,GASWIFI-5G_C2,17,115.61834001541138,C1,0,1
2645,34:60:F9:A3:D9:14,GASWIFI-2G_C2,54,115.61834001541138,C1,0,1
2646,34:60:F9:A3:E7:3F,GASWIFI_C4,27,115.61834001541138,C1,0,1
2647,34:CE:00:51:3E:6F,Lab,27,115.61834001541138,C1,0,1
2648,34:CE:00:51:3E:70,Lab_5G,5,115.61834001541138,C1,0,1
2649,3A:60:F9:A3:D9:14,,45,115.61834001541138,C1,0,1
2650,46:D2:44:04:08:05,DIRECT-44048805,27,115.61834001541138,C1,0,1
2651,54:B8:0A:AA:2C:8C,LAB_DIGITAL,32,115.61834001541138,C1,0,1
2652,54:B8:0A:AA:2C:8D,PCS-Wireless,34,115.61834001541138,C1,0,1
2653,54:F0:B1:A1:18:D3,MEZANINO,24,115.61834001541138,C1,0,1
2654,54:F0:B1:A1:18:D4,GDLAB,17,115.61834001541138,C1,0,1
2655,54:F0:B1:A1:57:F0,eduroam,15,115.61834001541138,C1,0,1
2656,54:F0:B1:A1:57:F1,PoliSemFio,14,115.61834001541138,C1,0,1
2657,54:F0:B1:A1:57:F2,,10,115.61834001541138,C1,0,1
2658,54:F0:B1:A1:58:00,eduroam,24,115.61834001541138,C1,0,1
2659,54:F0:B1:A1:58:01,PoliSemFio,30,115.61834001541138,C1,0,1
2660,54:F0:B1:A1:58:02,,29,115.61834001541138,C1,0,1
2661,54:F0:B1:A1:E2:80,CEE,10,115.61834001541138,C1,0,1
2662,54:F0:B1:A1:E2:90,CEE,17,115.61834001541138,C1,0,1
2663,54:F0:B1:A1:E5:00,eduroam,19,115.61834001541138,C1,0,1
2664,54:F0:B1:A1:E5:01,PoliSemFio,22,115.61834001541138,C1,0,1
2665,54:F0:B1:A1:E5:02,,22,115.61834001541138,C1,0,1
2666,54:F0:B1:A2:08:60,eduroam,9,115.61834001541138,C1,0,1
2667,54:F0:B1:A2:08:61,PoliSemFio,9,115.61834001541138,C1,0,1
2668,54:F0:B1:A2:37:E0,eduroam,42,115.61834001541138,C1,0,1
2669,54:F0:B1:A2:37:E1,PoliSemFio,37,115.61834001541138,C1,0,1
2670,54:F0:B1:A2:37:E2,,37,115.61834001541138,C1,0,1
2671,54:F0:B1:A2:4A:60,eduroam,15,115.61834001541138,C1,0,1
2672,54:F0:B1:A2:4A:61,PoliSemFio,14,115.61834001541138,C1,0,1
2673,54:F0:B1:A2:4A:62,,15,115.61834001541138,C1,0,1
2674,54:F0:B1:A2:4A:70,eduroam,29,115.61834001541138,C1,0,1
2675,54:F0:B1:A2:4A:71,PoliSemFio,32,115.61834001541138,C1,0,1
2676,54:F0:B1:A2:4A:72,,34,115.61834001541138,C1,0,1
2677,54:F0:B1:A2:56:60,eduroam,34,115.61834001541138,C1,0,1
2678,54:F0:B1:A2:56:61,PoliSemFio,34,115.61834001541138,C1,0,1
2679,54:F0:B1:A2:56:62,,34,115.61834001541138,C1,0,1
2680,54:F0:B1:A2:56:70,eduroam,44,115.61834001541138,C1,0,1
2681,54:F0:B1:A2:56:72,,34,115.61834001541138,C1,0,1
2682,54:F0:B1:A2:57:30,eduroam,14,115.61834001541138,C1,0,1
2683,54:F0:B1:BB:58:A3,CAEEL,20,115.61834001541138,C1,0,1
2684,54:F0:B1:BB:5A:80,eduroam,42,115.61834001541138,C1,0,1
2685,54:F0:B1:BB:5A:81,PoliSemFio,39,115.61834001541138,C1,0,1
2686,54:F0:B1:BB:5A:82,HACKER,44,115.61834001541138,C1,0,1
2687,54:F0:B1:BB:5A:83,LEP,47,115.61834001541138,C1,0,1
2688,54:F0:B1:BB:5A:84,,42,115.61834001541138,C1,0,1
2689,54:F0:B1:BB:5A:A1,PoliSemFio,14,115.61834001541138,C1,0,1
2690,54:F0:B1:BB:5A:A2,HACKER,17,115.61834001541138,C1,0,1
2691,54:F0:B1:BB:5A:A3,LEP,12,115.61834001541138,C1,0,1
2692,54:F0:B1:BB:5F:B0,eduroam,22,115.61834001541138,C1,0,1
2693,54:F0:B1:BB:5F:B1,PoliSemFio,22,115.61834001541138,C1,0,1
2694,54:F0:B1:BB:5F:B2,,20,115.61834001541138,C1,0,1
2695,54:F0:B1:BB:73:40,eduroam,14,115.61834001541138,C1,0,1
2696,54:F0:B1:BB:80:C0,eduroam,47,115.61834001541138,C1,0,1
2697,54:F0:B1:BB:80:C1,PoliSemFio,25,115.61834001541138,C1,0,1
2698,54:F0:B1:BB:80:C2,,44,115.61834001541138,C1,0,1
2699,54:F0:B1:BB:80:C3,LABPROG,44,115.61834001541138,C1,0,1
2700,54:F0:B1:BB:84:B2,,37,115.61834001541138,C1,0,1
2701,54:F0:B1:BB:BC:02,,32,115.61834001541138,C1,0,1
2702,54:F0:B1:BB:BC:03,CAEEL,22,115.61834001541138,C1,0,1
2703,54:F0:B1:BB:BC:20,eduroam,12,115.61834001541138,C1,0,1
2704,54:F0:B1:BB:BC:21,PoliSemFio,12,115.61834001541138,C1,0,1
2705,54:F0:B1:BB:BC:23,CAEEL,12,115.61834001541138,C1,0,1
2706,54:F0:B1:BB:BE:13,CAEEL,19,115.61834001541138,C1,0,1
2707,54:F0:B1:BB:BE:30,eduroam,17,115.61834001541138,C1,0,1
2708,54:F0:B1:BB:BE:31,PoliSemFio,17,115.61834001541138,C1,0,1
2709,54:F0:B1:BB:BE:33,CAEEL,19,115.61834001541138,C1,0,1
2710,54:F0:B1:BB:C4:F0,eduroam,45,115.61834001541138,C1,0,1
2711,54:F0:B1:BB:C4:F1,PoliSemFio,45,115.61834001541138,C1,0,1
2712,54:F0:B1:BB:C6:E0,eduroam,10,115.61834001541138,C1,0,1
2713,54:F0:B1:BB:CD:C0,eduroam,10,115.61834001541138,C1,0,1
2714,54:F0:B1:BB:CD:C1,PoliSemFio,12,115.61834001541138,C1,0,1
2715,54:F0:B1:BB:CD:C2,,14,115.61834001541138,C1,0,1
2716,54:F0:B1:BB:F3:20,eduroam,15,115.61834001541138,C1,0,1
2717,54:F0:B1:BB:FD:D0,eduroam,30,115.61834001541138,C1,0,1
2718,54:F0:B1:BB:FD:D1,PoliSemFio,32,115.61834001541138,C1,0,1
2719,54:F0:B1:BB:FD:D2,,34,115.61834001541138,C1,0,1
2720,54:F0:B1:BC:09:40,eduroam,60,115.61834001541138,C1,0,1
2721,54:F0:B1:BC:09:41,PoliSemFio,55,115.61834001541138,C1,0,1
2722,54:F0:B1:BC:09:42,,57,115.61834001541138,C1,0,1
2723,54:F0:B1:BC:09:60,eduroam,27,115.61834001541138,C1,0,1
2724,54:F0:B1:BC:09:61,PoliSemFio,20,115.61834001541138,C1,0,1
2725,54:F0:B1:BC:1B:D0,eduroam,65,115.61834001541138,C1,0,1
2726,54:F0:B1:BC:1B:D1,PoliSemFio,64,115.61834001541138,C1,0,1
2727,54:F0:B1:BC:1B:D2,,64,115.61834001541138,C1,0,1
2728,54:F0:B1:BC:1B:F0,eduroam,40,115.61834001541138,C1,0,1
2729,54:F0:B1:BC:1B:F1,PoliSemFio,40,115.61834001541138,C1,0,1
2730,54:F0:B1:BC:1B:F2,,29,115.61834001541138,C1,0,1
2731,54:F0:B1:BC:27:40,eduroam,60,115.61834001541138,C1,0,1
2732,54:F0:B1:BC:27:41,PoliSemFio,59,115.61834001541138,C1,0,1
2733,54:F0:B1:BC:27:42,,59,115.61834001541138,C1,0,1
2734,54:F0:B1:BC:27:60,eduroam,25,115.61834001541138,C1,0,1
2735,54:F0:B1:BC:27:61,PoliSemFio,27,115.61834001541138,C1,0,1
2736,54:F0:B1:BC:27:62,,25,115.61834001541138,C1,0,1
2737,54:F0:B1:BC:28:C0,eduroam,14,115.61834001541138,C1,0,1
2738,54:F0:B1:BC:2E:90,eduroam,64,115.61834001541138,C1,0,1
2739,54:F0:B1:BC:2E:91,PoliSemFio,60,115.61834001541138,C1,0,1
2740,54:F0:B1:BC:2E:92,,60,115.61834001541138,C1,0,1
2741,54:F0:B1:BC:2E:B0,eduroam,54,115.61834001541138,C1,0,1
2742,54:F0:B1:BC:2E:B1,PoliSemFio,49,115.61834001541138,C1,0,1
2743,54:F0:B1:BC:2F:50,eduroam,17,115.61834001541138,C1,0,1
2744,54:F0:B1:BC:2F:51,PoliSemFio,25,115.61834001541138,C1,0,1
2745,54:F0:B1:BC:2F:52,,24,115.61834001541138,C1,0,1
2746,54:F0:B1:BC:2F:71,PoliSemFio,19,115.61834001541138,C1,0,1
2747,54:F0:B1:BC:36:10,PoliSemFio,37,115.61834001541138,C1,0,1
2748,54:F0:B1:BC:36:11,eduroam,35,115.61834001541138,C1,0,1
2749,54:F0:B1:BC:36:12,,35,115.61834001541138,C1,0,1
2750,54:F0:B1:BC:3A:F0,eduroam,17,115.61834001541138,C1,0,1
2751,54:F0:B1:BC:3F:10,eduroam,42,115.61834001541138,C1,0,1
2752,54:F0:B1:BC:65:B0,eduroam,20,115.61834001541138,C1,0,1
2753,54:F0:B1:BC:65:B1,PoliSemFio,27,115.61834001541138,C1,0,1
2754,54:F0:B1:BC:65:B2,,27,115.61834001541138,C1,0,1
2755,54:F0:B1:BC:70:00,eduroam,20,115.61834001541138,C1,0,1
2756,54:F0:B1:BC:77:80,eduroam,57,115.61834001541138,C1,0,1
2757,54:F0:B1:BC:77:82,,54,115.61834001541138,C1,0,1
2758,54:F0:B1:BC:77:A0,eduroam,19,115.61834001541138,C1,0,1
2759,54:F0:B1:BC:77:A1,PoliSemFio,25,115.61834001541138,C1,0,1
2760,54:F0:B1:BC:7C:F2,,24,115.61834001541138,C1,0,1
2761,56:60:F9:A3:E7:3F,,27,115.61834001541138,C1,0,1
2762,68:FF:7B:47:78:BE,C1-22M,22,115.61834001541138,C1,0,1
2763,70:62:B8:6E:72:A0,PCS-wireless-C1-13,24,115.61834001541138,C1,0,1
2764,70:62:B8:6E:72:A1,PPGEE,25,115.61834001541138,C1,0,1
2765,84:C9:B2:A2:8E:40,Lab-Gem,27,115.61834001541138,C1,0,1
2766,84:D4:7E:06:4F:E0,eduroam,29,115.61834001541138,C1,0,1
2767,84:D4:7E:06:4F:E1,PoliSemFio,40,115.61834001541138,C1,0,1
2768,84:D4:7E:9D:EE:C1,FEAnet,5,115.61834001541138,C1,0,1
2769,84:D4:7E:9E:1A:61,FEAnet,15,115.61834001541138,C1,0,1
2770,AA:6B:AD:82:46:CC,DIRECT-cc-HP M132f LaserJet,22,115.61834001541138,C1,0,1
2771,DC:9F:DB:1B:1F:D7,LWN-3,29,115.61834001541138,C1,0,1
2772,DC:9F:DB:1C:1F:D7,LWN-3,57,115.61834001541138,C1,0,1
2773,DE:9F:DB:1B:1F:D7,LARC Guest,29,115.61834001541138,C1,0,1
2774,DE:9F:DB:1C:1F:D7,LARC Guest,37,115.61834001541138,C1,0,1
2775,EE:9F:DB:1B:1F:D7,,29,115.61834001541138,C1,0,1
2776,F8:1A:67:99:55:8E,NUCLEAR_CHF,27,115.61834001541138,C1,0,1
2777,FE:9F:DB:1B:1F:D7,,20,115.61834001541138,C1,0,1
2778,FE:9F:DB:1C:1F:D7,,57,115.61834001541138,C1,0,1
2779,FE:9F:DB:1C:1F:E0,,19,115.61834001541138,C1,0,1
2780,20:AA:4B:A7:19:74,LAA03,22,118.25616359710693,C1,0,1
2781,30:85:A9:69:F2:E4,PCS-Wireless-C2-22,24,118.25616359710693,C1,0,1
2782,34:60:F9:A3:D9:13,GASWIFI-5G_C2,19,118.25616359710693,C1,0,1
2783,34:60:F9:A3:D9:14,GASWIFI-2G_C2,34,118.25616359710693,C1,0,1
2784,34:60:F9:A3:E7:3F,GASWIFI_C4,27,118.25616359710693,C1,0,1
2785,34:60:F9:A3:E8:73,GASWIFI_C3,12,118.25616359710693,C1,0,1
2786,34:CE:00:51:3E:6F,Lab,27,118.25616359710693,C1,0,1
2787,34:CE:00:51:3E:70,Lab_5G,5,118.25616359710693,C1,0,1
2788,3A:60:F9:A3:D9:14,,45,118.25616359710693,C1,0,1
2789,46:D2:44:04:08:05,DIRECT-44048805,27,118.25616359710693,C1,0,1
2790,54:B8:0A:AA:2C:8C,LAB_DIGITAL,32,118.25616359710693,C1,0,1
2791,54:B8:0A:AA:2C:8D,PCS-Wireless,34,118.25616359710693,C1,0,1
2792,54:F0:B1:A1:18:D3,MEZANINO,24,118.25616359710693,C1,0,1
2793,54:F0:B1:A1:18:D4,GDLAB,17,118.25616359710693,C1,0,1
2794,54:F0:B1:A1:57:F0,eduroam,15,118.25616359710693,C1,0,1
2795,54:F0:B1:A1:57:F1,PoliSemFio,14,118.25616359710693,C1,0,1
2796,54:F0:B1:A1:57:F2,,10,118.25616359710693,C1,0,1
2797,54:F0:B1:A1:58:00,eduroam,22,118.25616359710693,C1,0,1
2798,54:F0:B1:A1:58:01,PoliSemFio,30,118.25616359710693,C1,0,1
2799,54:F0:B1:A1:58:02,,29,118.25616359710693,C1,0,1
2800,54:F0:B1:A1:E2:80,CEE,10,118.25616359710693,C1,0,1
2801,54:F0:B1:A1:E2:90,CEE,17,118.25616359710693,C1,0,1
2802,54:F0:B1:A1:E5:00,eduroam,19,118.25616359710693,C1,0,1
2803,54:F0:B1:A1:E5:01,PoliSemFio,22,118.25616359710693,C1,0,1
2804,54:F0:B1:A1:E5:02,,22,118.25616359710693,C1,0,1
2805,54:F0:B1:A2:08:60,eduroam,9,118.25616359710693,C1,0,1
2806,54:F0:B1:A2:08:61,PoliSemFio,9,118.25616359710693,C1,0,1
2807,54:F0:B1:A2:37:E0,eduroam,42,118.25616359710693,C1,0,1
2808,54:F0:B1:A2:37:E1,PoliSemFio,37,118.25616359710693,C1,0,1
2809,54:F0:B1:A2:37:E2,,37,118.25616359710693,C1,0,1
2810,54:F0:B1:A2:4A:60,eduroam,15,118.25616359710693,C1,0,1
2811,54:F0:B1:A2:4A:61,PoliSemFio,14,118.25616359710693,C1,0,1
2812,54:F0:B1:A2:4A:62,,15,118.25616359710693,C1,0,1
2813,54:F0:B1:A2:4A:70,eduroam,19,118.25616359710693,C1,0,1
2814,54:F0:B1:A2:4A:71,PoliSemFio,32,118.25616359710693,C1,0,1
2815,54:F0:B1:A2:4A:72,,34,118.25616359710693,C1,0,1
2816,54:F0:B1:A2:56:60,eduroam,34,118.25616359710693,C1,0,1
2817,54:F0:B1:A2:56:61,PoliSemFio,34,118.25616359710693,C1,0,1
2818,54:F0:B1:A2:56:62,,34,118.25616359710693,C1,0,1
2819,54:F0:B1:A2:56:70,eduroam,44,118.25616359710693,C1,0,1
2820,54:F0:B1:A2:56:72,,34,118.25616359710693,C1,0,1
2821,54:F0:B1:BB:58:A3,CAEEL,20,118.25616359710693,C1,0,1
2822,54:F0:B1:BB:5A:80,eduroam,42,118.25616359710693,C1,0,1
2823,54:F0:B1:BB:5A:82,HACKER,39,118.25616359710693,C1,0,1
2824,54:F0:B1:BB:5A:83,LEP,44,118.25616359710693,C1,0,1
2825,54:F0:B1:BB:5A:84,,42,118.25616359710693,C1,0,1
2826,54:F0:B1:BB:5A:A1,PoliSemFio,14,118.25616359710693,C1,0,1
2827,54:F0:B1:BB:5A:A2,HACKER,17,118.25616359710693,C1,0,1
2828,54:F0:B1:BB:5A:A3,LEP,12,118.25616359710693,C1,0,1
2829,54:F0:B1:BB:5F:B0,eduroam,12,118.25616359710693,C1,0,1
2830,54:F0:B1:BB:5F:B1,PoliSemFio,12,118.25616359710693,C1,0,1
2831,54:F0:B1:BB:5F:B2,,20,118.25616359710693,C1,0,1
2832,54:F0:B1:BB:73:40,eduroam,14,118.25616359710693,C1,0,1
2833,54:F0:B1:BB:80:C0,eduroam,47,118.25616359710693,C1,0,1
2834,54:F0:B1:BB:80:C1,PoliSemFio,25,118.25616359710693,C1,0,1
2835,54:F0:B1:BB:80:C2,,44,118.25616359710693,C1,0,1
2836,54:F0:B1:BB:80:C3,LABPROG,34,118.25616359710693,C1,0,1
2837,54:F0:B1:BB:84:B2,,37,118.25616359710693,C1,0,1
2838,54:F0:B1:BB:BC:02,,32,118.25616359710693,C1,0,1
2839,54:F0:B1:BB:BC:03,CAEEL,22,118.25616359710693,C1,0,1
2840,54:F0:B1:BB:BC:20,eduroam,12,118.25616359710693,C1,0,1
2841,54:F0:B1:BB:BC:21,PoliSemFio,12,118.25616359710693,C1,0,1
2842,54:F0:B1:BB:BC:23,CAEEL,9,118.25616359710693,C1,0,1
2843,54:F0:B1:BB:BE:13,CAEEL,19,118.25616359710693,C1,0,1
2844,54:F0:B1:BB:BE:30,eduroam,17,118.25616359710693,C1,0,1
2845,54:F0:B1:BB:BE:31,PoliSemFio,17,118.25616359710693,C1,0,1
2846,54:F0:B1:BB:BE:33,CAEEL,19,118.25616359710693,C1,0,1
2847,54:F0:B1:BB:C4:F0,eduroam,22,118.25616359710693,C1,0,1
2848,54:F0:B1:BB:C4:F1,PoliSemFio,22,118.25616359710693,C1,0,1
2849,54:F0:B1:BB:C6:E0,eduroam,10,118.25616359710693,C1,0,1
2850,54:F0:B1:BB:FD:D0,eduroam,35,118.25616359710693,C1,0,1
2851,54:F0:B1:BB:FD:D1,PoliSemFio,34,118.25616359710693,C1,0,1
2852,54:F0:B1:BB:FD:D2,,34,118.25616359710693,C1,0,1
2853,54:F0:B1:BC:09:40,eduroam,60,118.25616359710693,C1,0,1
2854,54:F0:B1:BC:09:41,PoliSemFio,55,118.25616359710693,C1,0,1
2855,54:F0:B1:BC:09:42,,27,118.25616359710693,C1,0,1
2856,54:F0:B1:BC:09:60,eduroam,27,118.25616359710693,C1,0,1
2857,54:F0:B1:BC:09:61,PoliSemFio,20,118.25616359710693,C1,0,1
2858,54:F0:B1:BC:1B:D0,eduroam,52,118.25616359710693,C1,0,1
2859,54:F0:B1:BC:1B:D1,PoliSemFio,47,118.25616359710693,C1,0,1
2860,54:F0:B1:BC:1B:D2,,47,118.25616359710693,C1,0,1
2861,54:F0:B1:BC:1B:F0,eduroam,32,118.25616359710693,C1,0,1
2862,54:F0:B1:BC:1B:F1,PoliSemFio,32,118.25616359710693,C1,0,1
2863,54:F0:B1:BC:1B:F2,,29,118.25616359710693,C1,0,1
2864,54:F0:B1:BC:27:40,eduroam,45,118.25616359710693,C1,0,1
2865,54:F0:B1:BC:27:41,PoliSemFio,40,118.25616359710693,C1,0,1
2866,54:F0:B1:BC:27:42,,42,118.25616359710693,C1,0,1
2867,54:F0:B1:BC:27:60,eduroam,32,118.25616359710693,C1,0,1
2868,54:F0:B1:BC:27:61,PoliSemFio,32,118.25616359710693,C1,0,1
2869,54:F0:B1:BC:27:62,,25,118.25616359710693,C1,0,1
2870,54:F0:B1:BC:2E:90,eduroam,37,118.25616359710693,C1,0,1
2871,54:F0:B1:BC:2E:91,PoliSemFio,47,118.25616359710693,C1,0,1
2872,54:F0:B1:BC:2E:92,,47,118.25616359710693,C1,0,1
2873,54:F0:B1:BC:2E:B0,eduroam,35,118.25616359710693,C1,0,1
2874,54:F0:B1:BC:2E:B1,PoliSemFio,35,118.25616359710693,C1,0,1
2875,54:F0:B1:BC:2F:50,eduroam,17,118.25616359710693,C1,0,1
2876,54:F0:B1:BC:2F:51,PoliSemFio,25,118.25616359710693,C1,0,1
2877,54:F0:B1:BC:2F:52,,24,118.25616359710693,C1,0,1
2878,54:F0:B1:BC:2F:71,PoliSemFio,19,118.25616359710693,C1,0,1
2879,54:F0:B1:BC:36:10,PoliSemFio,37,118.25616359710693,C1,0,1
2880,54:F0:B1:BC:36:11,eduroam,14,118.25616359710693,C1,0,1
2881,54:F0:B1:BC:36:12,,35,118.25616359710693,C1,0,1
2882,54:F0:B1:BC:3A:F0,eduroam,17,118.25616359710693,C1,0,1
2883,54:F0:B1:BC:3F:10,eduroam,42,118.25616359710693,C1,0,1
2884,54:F0:B1:BC:65:B0,eduroam,20,118.25616359710693,C1,0,1
2885,54:F0:B1:BC:65:B1,PoliSemFio,27,118.25616359710693,C1,0,1
2886,54:F0:B1:BC:65:B2,,27,118.25616359710693,C1,0,1
2887,54:F0:B1:BC:77:80,eduroam,20,118.25616359710693,C1,0,1
2888,54:F0:B1:BC:77:A0,eduroam,19,118.25616359710693,C1,0,1
2889,54:F0:B1:BC:77:A1,PoliSemFio,19,118.25616359710693,C1,0,1
2890,54:F0:B1:BC:7C:F2,,24,118.25616359710693,C1,0,1
2891,56:60:F9:A3:E7:3F,,27,118.25616359710693,C1,0,1
2892,68:FF:7B:47:78:BE,C1-22M,34,118.25616359710693,C1,0,1
2893,70:62:B8:6E:72:A0,PCS-wireless-C1-13,34,118.25616359710693,C1,0,1
2894,70:62:B8:6E:72:A1,PPGEE,32,118.25616359710693,C1,0,1
2895,84:D4:7E:06:4F:E0,eduroam,32,118.25616359710693,C1,0,1
2896,84:D4:7E:06:4F:E1,PoliSemFio,29,118.25616359710693,C1,0,1
2897,84:D4:7E:06:4F:E2,,29,118.25616359710693,C1,0,1
2898,84:D4:7E:9E:1A:61,FEAnet,15,118.25616359710693,C1,0,1
2899,AA:6B:AD:82:46:CC,DIRECT-cc-HP M132f LaserJet,22,118.25616359710693,C1,0,1
2900,DC:9F:DB:1B:1F:D7,LWN-3,19,118.25616359710693,C1,0,1
2901,DC:9F:DB:1C:1F:D7,LWN-3,57,118.25616359710693,C1,0,1
2902,DE:9F:DB:1B:1F:D7,LARC Guest,17,118.25616359710693,C1,0,1
2903,DE:9F:DB:1C:1F:D7,LARC Guest,47,118.25616359710693,C1,0,1
2904,EE:9F:DB:1B:1F:D7,,29,118.25616359710693,C1,0,1
2905,EE:9F:DB:1C:1F:D7,,47,118.25616359710693,C1,0,1
2906,F8:1A:67:99:55:8E,NUCLEAR_CHF,25,118.25616359710693,C1,0,1
2907,FE:9F:DB:1B:1F:D7,,20,118.25616359710693,C1,0,1
2908,FE:9F:DB:1C:1F:D7,,47,118.25616359710693,C1,0,1
2909,FE:9F:DB:1C:1F:E0,,19,118.25616359710693,C1,0,1
2910,20:AA:4B:A7:19:74,LAA03,22,120.92262268066406,C1,0,1
2911,30:85:A9:69:F2:E4,PCS-Wireless-C2-22,24,120.92262268066406,C1,0,1
2912,34:60:F9:A3:D9:13,GASWIFI-5G_C2,19,120.92262268066406,C1,0,1
2913,34:60:F9:A3:D9:14,GASWIFI-2G_C2,34,120.92262268066406,C1,0,1
2914,34:60:F9:A3:E7:3F,GASWIFI_C4,27,120.92262268066406,C1,0,1
2915,34:60:F9:A3:E8:73,GASWIFI_C3,12,120.92262268066406,C1,0,1
2916,34:CE:00:51:3E:6F,Lab,27,120.92262268066406,C1,0,1
2917,34:CE:00:51:3E:70,Lab_5G,5,120.92262268066406,C1,0,1
2918,3A:60:F9:A3:D9:14,,45,120.92262268066406,C1,0,1
2919,46:D2:44:04:08:05,DIRECT-44048805,27,120.92262268066406,C1,0,1
2920,54:B8:0A:AA:2C:8C,LAB_DIGITAL,32,120.92262268066406,C1,0,1
2921,54:B8:0A:AA:2C:8D,PCS-Wireless,34,120.92262268066406,C1,0,1
2922,54:F0:B1:A1:18:D3,MEZANINO,24,120.92262268066406,C1,0,1
2923,54:F0:B1:A1:18:D4,GDLAB,17,120.92262268066406,C1,0,1
2924,54:F0:B1:A1:57:F0,eduroam,15,120.92262268066406,C1,0,1
2925,54:F0:B1:A1:57:F1,PoliSemFio,14,120.92262268066406,C1,0,1
2926,54:F0:B1:A1:57:F2,,10,120.92262268066406,C1,0,1
2927,54:F0:B1:A1:58:00,eduroam,22,120.92262268066406,C1,0,1
2928,54:F0:B1:A1:58:01,PoliSemFio,30,120.92262268066406,C1,0,1
2929,54:F0:B1:A1:58:02,,29,120.92262268066406,C1,0,1
2930,54:F0:B1:A1:E2:80,CEE,10,120.92262268066406,C1,0,1
2931,54:F0:B1:A1:E2:90,CEE,17,120.92262268066406,C1,0,1
2932,54:F0:B1:A1:E5:00,eduroam,19,120.92262268066406,C1,0,1
2933,54:F0:B1:A1:E5:01,PoliSemFio,22,120.92262268066406,C1,0,1
2934,54:F0:B1:A1:E5:02,,22,120.92262268066406,C1,0,1
2935,54:F0:B1:A2:08:60,eduroam,9,120.92262268066406,C1,0,1
2936,54:F0:B1:A2:08:61,PoliSemFio,9,120.92262268066406,C1,0,1
2937,54:F0:B1:A2:37:E0,eduroam,42,120.92262268066406,C1,0,1
2938,54:F0:B1:A2:37:E1,PoliSemFio,37,120.92262268066406,C1,0,1
2939,54:F0:B1:A2:37:E2,,37,120.92262268066406,C1,0,1
2940,54:F0:B1:A2:4A:60,eduroam,15,120.92262268066406,C1,0,1
2941,54:F0:B1:A2:4A:61,PoliSemFio,14,120.92262268066406,C1,0,1
2942,54:F0:B1:A2:4A:62,,15,120.92262268066406,C1,0,1
2943,54:F0:B1:A2:4A:70,eduroam,19,120.92262268066406,C1,0,1
2944,54:F0:B1:A2:4A:71,PoliSemFio,32,120.92262268066406,C1,0,1
2945,54:F0:B1:A2:4A:72,,34,120.92262268066406,C1,0,1
2946,54:F0:B1:A2:56:60,eduroam,34,120.92262268066406,C1,0,1
2947,54:F0:B1:A2:56:61,PoliSemFio,34,120.92262268066406,C1,0,1
2948,54:F0:B1:A2:56:62,,34,120.92262268066406,C1,0,1
2949,54:F0:B1:A2:56:70,eduroam,44,120.92262268066406,C1,0,1
2950,54:F0:B1:A2:56:72,,34,120.92262268066406,C1,0,1
2951,54:F0:B1:BB:58:A3,CAEEL,20,120.92262268066406,C1,0,1
2952,54:F0:B1:BB:5A:80,eduroam,42,120.92262268066406,C1,0,1
2953,54:F0:B1:BB:5A:82,HACKER,39,120.92262268066406,C1,0,1
2954,54:F0:B1:BB:5A:83,LEP,44,120.92262268066406,C1,0,1
2955,54:F0:B1:BB:5A:84,,42,120.92262268066406,C1,0,1
2956,54:F0:B1:BB:5A:A1,PoliSemFio,14,120.92262268066406,C1,0,1
2957,54:F0:B1:BB:5A:A2,HACKER,17,120.92262268066406,C1,0,1
2958,54:F0:B1:BB:5A:A3,LEP,12,120.92262268066406,C1,0,1
2959,54:F0:B1:BB:5F:B0,eduroam,12,120.92262268066406,C1,0,1
2960,54:F0:B1:BB:5F:B1,PoliSemFio,12,120.92262268066406,C1,0,1
2961,54:F0:B1:BB:5F:B2,,20,120.92262268066406,C1,0,1
2962,54:F0:B1:BB:73:40,eduroam,14,120.92262268066406,C1,0,1
2963,54:F0:B1:BB:80:C0,eduroam,47,120.92262268066406,C1,0,1
2964,54:F0:B1:BB:80:C1,PoliSemFio,25,120.92262268066406,C1,0,1
2965,54:F0:B1:BB:80:C2,,44,120.92262268066406,C1,0,1
2966,54:F0:B1:BB:80:C3,LABPROG,34,120.92262268066406,C1,0,1
2967,54:F0:B1:BB:84:B2,,37,120.92262268066406,C1,0,1
2968,54:F0:B1:BB:BC:02,,32,120.92262268066406,C1,0,1
2969,54:F0:B1:BB:BC:03,CAEEL,22,120.92262268066406,C1,0,1
2970,54:F0:B1:BB:BC:20,eduroam,12,120.92262268066406,C1,0,1
2971,54:F0:B1:BB:BC:21,PoliSemFio,12,120.92262268066406,C1,0,1
2972,54:F0:B1:BB:BC:23,CAEEL,9,120.92262268066406,C1,0,1
2973,54:F0:B1:BB:BE:13,CAEEL,19,120.92262268066406,C1,0,1
2974,54:F0:B1:BB:BE:30,eduroam,17,120.92262268066406,C1,0,1
2975,54:F0:B1:BB:BE:31,PoliSemFio,17,120.92262268066406,C1,0,1
2976,54:F0:B1:BB:BE:33,CAEEL,19,120.92262268066406,C1,0,1
2977,54:F0:B1:BB:C4:F0,eduroam,22,120.92262268066406,C1,0,1
2978,54:F0:B1:BB:C4:F1,PoliSemFio,22,120.92262268066406,C1,0,1
2979,54:F0:B1:BB:C6:E0,eduroam,10,120.92262268066406,C1,0,1
2980,54:F0:B1:BB:FD:D0,eduroam,35,120.92262268066406,C1,0,1
2981,54:F0:B1:BB:FD:D1,PoliSemFio,34,120.92262268066406,C1,0,1
2982,54:F0:B1:BB:FD:D2,,34,120.92262268066406,C1,0,1
2983,54:F0:B1:BC:09:40,eduroam,60,120.92262268066406,C1,0,1
2984,54:F0:B1:BC:09:41,PoliSemFio,55,120.92262268066406,C1,0,1
2985,54:F0:B1:BC:09:42,,27,120.92262268066406,C1,0,1
2986,54:F0:B1:BC:09:60,eduroam,27,120.92262268066406,C1,0,1
2987,54:F0:B1:BC:09:61,PoliSemFio,20,120.92262268066406,C1,0,1
2988,54:F0:B1:BC:1B:D0,eduroam,52,120.92262268066406,C1,0,1
2989,54:F0:B1:BC:1B:D1,PoliSemFio,47,120.92262268066406,C1,0,1
2990,54:F0:B1:BC:1B:D2,,47,120.92262268066406,C1,0,1
2991,54:F0:B1:BC:1B:F0,eduroam,32,120.92262268066406,C1,0,1
2992,54:F0:B1:BC:1B:F1,PoliSemFio,32,120.92262268066406,C1,0,1
2993,54:F0:B1:BC:1B:F2,,29,120.92262268066406,C1,0,1
2994,54:F0:B1:BC:27:40,eduroam,45,120.92262268066406,C1,0,1
2995,54:F0:B1:BC:27:41,PoliSemFio,40,120.92262268066406,C1,0,1
2996,54:F0:B1:BC:27:42,,42,120.92262268066406,C1,0,1
2997,54:F0:B1:BC:27:60,eduroam,32,120.92262268066406,C1,0,1
2998,54:F0:B1:BC:27:61,PoliSemFio,32,120.92262268066406,C1,0,1
2999,54:F0:B1:BC:27:62,,25,120.92262268066406,C1,0,1
3000,54:F0:B1:BC:2E:90,eduroam,37,120.92262268066406,C1,0,1
3001,54:F0:B1:BC:2E:91,PoliSemFio,47,120.92262268066406,C1,0,1
3002,54:F0:B1:BC:2E:92,,47,120.92262268066406,C1,0,1
3003,54:F0:B1:BC:2E:B0,eduroam,54,120.92262268066406,C1,0,1
3004,54:F0:B1:BC:2E:B1,PoliSemFio,35,120.92262268066406,C1,0,1
3005,54:F0:B1:BC:2F:50,eduroam,17,120.92262268066406,C1,0,1
3006,54:F0:B1:BC:2F:51,PoliSemFio,25,120.92262268066406,C1,0,1
3007,54:F0:B1:BC:2F:52,,24,120.92262268066406,C1,0,1
3008,54:F0:B1:BC:2F:71,PoliSemFio,19,120.92262268066406,C1,0,1
3009,54:F0:B1:BC:36:10,PoliSemFio,37,120.92262268066406,C1,0,1
3010,54:F0:B1:BC:36:11,eduroam,14,120.92262268066406,C1,0,1
3011,54:F0:B1:BC:36:12,,35,120.92262268066406,C1,0,1
3012,54:F0:B1:BC:3A:F0,eduroam,17,120.92262268066406,C1,0,1
3013,54:F0:B1:BC:3F:10,eduroam,42,120.92262268066406,C1,0,1
3014,54:F0:B1:BC:65:B0,eduroam,20,120.92262268066406,C1,0,1
3015,54:F0:B1:BC:65:B1,PoliSemFio,27,120.92262268066406,C1,0,1
3016,54:F0:B1:BC:65:B2,,27,120.92262268066406,C1,0,1
3017,54:F0:B1:BC:77:80,eduroam,20,120.92262268066406,C1,0,1
3018,54:F0:B1:BC:77:A0,eduroam,19,120.92262268066406,C1,0,1
3019,54:F0:B1:BC:77:A1,PoliSemFio,19,120.92262268066406,C1,0,1
3020,54:F0:B1:BC:7C:F2,,24,120.92262268066406,C1,0,1
3021,56:60:F9:A3:E7:3F,,27,120.92262268066406,C1,0,1
3022,68:FF:7B:47:78:BE,C1-22M,34,120.92262268066406,C1,0,1
3023,70:62:B8:6E:72:A0,PCS-wireless-C1-13,34,120.92262268066406,C1,0,1
3024,70:62:B8:6E:72:A1,PPGEE,32,120.92262268066406,C1,0,1
3025,84:D4:7E:06:4F:E0,eduroam,32,120.92262268066406,C1,0,1
3026,84:D4:7E:06:4F:E1,PoliSemFio,29,120.92262268066406,C1,0,1
3027,84:D4:7E:06:4F:E2,,29,120.92262268066406,C1,0,1
3028,84:D4:7E:9E:1A:61,FEAnet,15,120.92262268066406,C1,0,1
3029,AA:6B:AD:82:46:CC,DIRECT-cc-HP M132f LaserJet,22,120.92262268066406,C1,0,1
3030,DC:9F:DB:1B:1F:D7,LWN-3,19,120.92262268066406,C1,0,1
3031,DC:9F:DB:1C:1F:D7,LWN-3,57,120.92262268066406,C1,0,1
3032,DE:9F:DB:1B:1F:D7,LARC Guest,17,120.92262268066406,C1,0,1
3033,DE:9F:DB:1C:1F:D7,LARC Guest,47,120.92262268066406,C1,0,1
3034,EE:9F:DB:1B:1F:D7,,29,120.92262268066406,C1,0,1
3035,EE:9F:DB:1C:1F:D7,,47,120.92262268066406,C1,0,1
3036,F8:1A:67:99:55:8E,NUCLEAR_CHF,25,120.92262268066406,C1,0,1
3037,FE:9F:DB:1B:1F:D7,,20,120.92262268066406,C1,0,1
3038,FE:9F:DB:1C:1F:D7,,47,120.92262268066406,C1,0,1
3039,FE:9F:DB:1C:1F:E0,,19,120.92262268066406,C1,0,1
3040,00:14:BF:B4:9D:38,lme-wifi-ml,14,127.23314881324768,C1,0,1
3041,20:AA:4B:A7:19:74,LAA03,45,127.23314881324768,C1,0,1
3042,2A:56:5A:49:06:54,DIRECT-54-HP M132f LaserJet,20,127.23314881324768,C1,0,1
3043,30:85:A9:69:F2:E4,PCS-Wireless-C2-22,24,127.23314881324768,C1,0,1
3044,34:60:F9:A3:D9:13,GASWIFI-5G_C2,19,127.23314881324768,C1,0,1
3045,34:60:F9:A3:D9:14,GASWIFI-2G_C2,52,127.23314881324768,C1,0,1
3046,34:60:F9:A3:E7:3F,GASWIFI_C4,27,127.23314881324768,C1,0,1
3047,34:60:F9:A3:E8:73,GASWIFI_C3,12,127.23314881324768,C1,0,1
3048,34:CE:00:51:3E:6F,Lab,20,127.23314881324768,C1,0,1
3049,34:CE:00:51:3E:70,Lab_5G,5,127.23314881324768,C1,0,1
3050,3A:60:F9:A3:D9:14,,45,127.23314881324768,C1,0,1
3051,46:D2:44:04:08:05,DIRECT-44048805,24,127.23314881324768,C1,0,1
3052,54:B8:0A:AA:2C:8C,LAB_DIGITAL,32,127.23314881324768,C1,0,1
3053,54:B8:0A:AA:2C:8D,PCS-Wireless,34,127.23314881324768,C1,0,1
3054,54:F0:B1:A1:18:D3,MEZANINO,24,127.23314881324768,C1,0,1
3055,54:F0:B1:A1:18:D4,GDLAB,17,127.23314881324768,C1,0,1
3056,54:F0:B1:A1:57:F0,eduroam,15,127.23314881324768,C1,0,1
3057,54:F0:B1:A1:57:F1,PoliSemFio,14,127.23314881324768,C1,0,1
3058,54:F0:B1:A1:57:F2,,10,127.23314881324768,C1,0,1
3059,54:F0:B1:A1:58:00,eduroam,22,127.23314881324768,C1,0,1
3060,54:F0:B1:A1:58:01,PoliSemFio,29,127.23314881324768,C1,0,1
3061,54:F0:B1:A1:58:02,,29,127.23314881324768,C1,0,1
3062,54:F0:B1:A1:E2:80,CEE,5,127.23314881324768,C1,0,1
3063,54:F0:B1:A1:E2:90,CEE,17,127.23314881324768,C1,0,1
3064,54:F0:B1:A1:E5:00,eduroam,19,127.23314881324768,C1,0,1
3065,54:F0:B1:A1:E5:01,PoliSemFio,22,127.23314881324768,C1,0,1
3066,54:F0:B1:A1:E5:02,,22,127.23314881324768,C1,0,1
3067,54:F0:B1:A2:08:60,eduroam,9,127.23314881324768,C1,0,1
3068,54:F0:B1:A2:08:61,PoliSemFio,9,127.23314881324768,C1,0,1
3069,54:F0:B1:A2:37:E0,eduroam,39,127.23314881324768,C1,0,1
3070,54:F0:B1:A2:37:E1,PoliSemFio,37,127.23314881324768,C1,0,1
3071,54:F0:B1:A2:37:E2,,37,127.23314881324768,C1,0,1
3072,54:F0:B1:A2:4A:60,eduroam,12,127.23314881324768,C1,0,1
3073,54:F0:B1:A2:4A:61,PoliSemFio,12,127.23314881324768,C1,0,1
3074,54:F0:B1:A2:4A:62,,10,127.23314881324768,C1,0,1
3075,54:F0:B1:A2:4A:70,eduroam,30,127.23314881324768,C1,0,1
3076,54:F0:B1:A2:4A:71,PoliSemFio,32,127.23314881324768,C1,0,1
3077,54:F0:B1:A2:4A:72,,30,127.23314881324768,C1,0,1
3078,54:F0:B1:A2:56:60,eduroam,32,127.23314881324768,C1,0,1
3079,54:F0:B1:A2:56:61,PoliSemFio,32,127.23314881324768,C1,0,1
3080,54:F0:B1:A2:56:62,,32,127.23314881324768,C1,0,1
3081,54:F0:B1:A2:56:70,eduroam,45,127.23314881324768,C1,0,1
3082,54:F0:B1:A2:56:71,PoliSemFio,50,127.23314881324768,C1,0,1
3083,54:F0:B1:A2:57:30,eduroam,19,127.23314881324768,C1,0,1
3084,54:F0:B1:BB:58:A3,CAEEL,20,127.23314881324768,C1,0,1
3085,54:F0:B1:BB:5A:80,eduroam,42,127.23314881324768,C1,0,1
3086,54:F0:B1:BB:5A:82,HACKER,39,127.23314881324768,C1,0,1
3087,54:F0:B1:BB:5A:83,LEP,44,127.23314881324768,C1,0,1
3088,54:F0:B1:BB:5A:A1,PoliSemFio,14,127.23314881324768,C1,0,1
3089,54:F0:B1:BB:5A:A2,HACKER,17,127.23314881324768,C1,0,1
3090,54:F0:B1:BB:5A:A3,LEP,17,127.23314881324768,C1,0,1
3091,54:F0:B1:BB:5F:B0,eduroam,12,127.23314881324768,C1,0,1
3092,54:F0:B1:BB:5F:B1,PoliSemFio,12,127.23314881324768,C1,0,1
3093,54:F0:B1:BB:5F:B2,,20,127.23314881324768,C1,0,1
3094,54:F0:B1:BB:73:40,eduroam,14,127.23314881324768,C1,0,1
3095,54:F0:B1:BB:80:C0,eduroam,47,127.23314881324768,C1,0,1
3096,54:F0:B1:BB:80:C2,,44,127.23314881324768,C1,0,1
3097,54:F0:B1:BB:80:C3,LABPROG,34,127.23314881324768,C1,0,1
3098,54:F0:B1:BB:84:B2,,35,127.23314881324768,C1,0,1
3099,54:F0:B1:BB:A7:60,eduroam,14,127.23314881324768,C1,0,1
3100,54:F0:B1:BB:BC:02,,32,127.23314881324768,C1,0,1
3101,54:F0:B1:BB:BC:03,CAEEL,22,127.23314881324768,C1,0,1
3102,54:F0:B1:BB:BC:20,eduroam,10,127.23314881324768,C1,0,1
3103,54:F0:B1:BB:BC:21,PoliSemFio,9,127.23314881324768,C1,0,1
3104,54:F0:B1:BB:BC:23,CAEEL,10,127.23314881324768,C1,0,1
3105,54:F0:B1:BB:BE:10,eduroam,22,127.23314881324768,C1,0,1
3106,54:F0:B1:BB:BE:30,eduroam,17,127.23314881324768,C1,0,1
3107,54:F0:B1:BB:BE:31,PoliSemFio,19,127.23314881324768,C1,0,1
3108,54:F0:B1:BB:BE:33,CAEEL,17,127.23314881324768,C1,0,1
3109,54:F0:B1:BB:C4:F0,eduroam,45,127.23314881324768,C1,0,1
3110,54:F0:B1:BB:C4:F1,PoliSemFio,45,127.23314881324768,C1,0,1
3111,54:F0:B1:BB:C6:E0,eduroam,10,127.23314881324768,C1,0,1
3112,54:F0:B1:BB:CD:A0,eduroam,42,127.23314881324768,C1,0,1
3113,54:F0:B1:BB:FD:D0,eduroam,35,127.23314881324768,C1,0,1
3114,54:F0:B1:BB:FD:D1,PoliSemFio,34,127.23314881324768,C1,0,1
3115,54:F0:B1:BB:FD:D2,,34,127.23314881324768,C1,0,1
3116,54:F0:B1:BC:09:40,eduroam,60,127.23314881324768,C1,0,1
3117,54:F0:B1:BC:09:41,PoliSemFio,55,127.23314881324768,C1,0,1
3118,54:F0:B1:BC:09:42,,55,127.23314881324768,C1,0,1
3119,54:F0:B1:BC:09:60,eduroam,27,127.23314881324768,C1,0,1
3120,54:F0:B1:BC:09:61,PoliSemFio,24,127.23314881324768,C1,0,1
3121,54:F0:B1:BC:1B:D0,eduroam,57,127.23314881324768,C1,0,1
3122,54:F0:B1:BC:1B:D1,PoliSemFio,57,127.23314881324768,C1,0,1
3123,54:F0:B1:BC:1B:D2,,57,127.23314881324768,C1,0,1
3124,54:F0:B1:BC:1B:F0,eduroam,37,127.23314881324768,C1,0,1
3125,54:F0:B1:BC:1B:F1,PoliSemFio,37,127.23314881324768,C1,0,1
3126,54:F0:B1:BC:1B:F2,,37,127.23314881324768,C1,0,1
3127,54:F0:B1:BC:27:40,eduroam,62,127.23314881324768,C1,0,1
3128,54:F0:B1:BC:27:41,PoliSemFio,40,127.23314881324768,C1,0,1
3129,54:F0:B1:BC:27:42,,42,127.23314881324768,C1,0,1
3130,54:F0:B1:BC:27:60,eduroam,27,127.23314881324768,C1,0,1
3131,54:F0:B1:BC:27:61,PoliSemFio,29,127.23314881324768,C1,0,1
3132,54:F0:B1:BC:27:62,,30,127.23314881324768,C1,0,1
3133,54:F0:B1:BC:2E:90,eduroam,60,127.23314881324768,C1,0,1
3134,54:F0:B1:BC:2E:91,PoliSemFio,57,127.23314881324768,C1,0,1
3135,54:F0:B1:BC:2E:92,,57,127.23314881324768,C1,0,1
3136,54:F0:B1:BC:2E:B0,eduroam,47,127.23314881324768,C1,0,1
3137,54:F0:B1:BC:2E:B1,PoliSemFio,47,127.23314881324768,C1,0,1
3138,54:F0:B1:BC:2F:50,eduroam,19,127.23314881324768,C1,0,1
3139,54:F0:B1:BC:2F:51,PoliSemFio,25,127.23314881324768,C1,0,1
3140,54:F0:B1:BC:2F:52,,24,127.23314881324768,C1,0,1
3141,54:F0:B1:BC:2F:71,PoliSemFio,19,127.23314881324768,C1,0,1
3142,54:F0:B1:BC:36:10,PoliSemFio,37,127.23314881324768,C1,0,1
3143,54:F0:B1:BC:36:11,eduroam,14,127.23314881324768,C1,0,1
3144,54:F0:B1:BC:36:12,,35,127.23314881324768,C1,0,1
3145,54:F0:B1:BC:3A:F0,eduroam,17,127.23314881324768,C1,0,1
3146,54:F0:B1:BC:3F:10,eduroam,42,127.23314881324768,C1,0,1
3147,54:F0:B1:BC:65:B0,eduroam,20,127.23314881324768,C1,0,1
3148,54:F0:B1:BC:65:B1,PoliSemFio,27,127.23314881324768,C1,0,1
3149,54:F0:B1:BC:65:B2,,27,127.23314881324768,C1,0,1
3150,54:F0:B1:BC:77:80,eduroam,52,127.23314881324768,C1,0,1
3151,54:F0:B1:BC:77:A0,eduroam,24,127.23314881324768,C1,0,1
3152,54:F0:B1:BC:77:A1,PoliSemFio,25,127.23314881324768,C1,0,1
3153,54:F0:B1:BC:7C:F2,,24,127.23314881324768,C1,0,1
3154,56:60:F9:A3:E7:3F,,27,127.23314881324768,C1,0,1
3155,68:FF:7B:47:78:BE,C1-22M,34,127.23314881324768,C1,0,1
3156,70:62:B8:6E:72:A0,PCS-wireless-C1-13,27,127.23314881324768,C1,0,1
3157,70:62:B8:6E:72:A1,PPGEE,25,127.23314881324768,C1,0,1
3158,70:D8:23:BC:B9:B3,,19,127.23314881324768,C1,0,1
3159,84:D4:7E:06:4F:E0,eduroam,32,127.23314881324768,C1,0,1
3160,84:D4:7E:06:4F:E1,PoliSemFio,30,127.23314881324768,C1,0,1
3161,84:D4:7E:06:4F:E2,,32,127.23314881324768,C1,0,1
3162,84:D4:7E:9D:EE:C1,FEAnet,10,127.23314881324768,C1,0,1
3163,84:D4:7E:9E:1A:61,FEAnet,15,127.23314881324768,C1,0,1
3164,AA:6B:AD:82:46:CC,DIRECT-cc-HP M132f LaserJet,22,127.23314881324768,C1,0,1
3165,DC:9F:DB:1B:1F:D7,LWN-3,29,127.23314881324768,C1,0,1
3166,DC:9F:DB:1C:1F:D7,LWN-3,57,127.23314881324768,C1,0,1
3167,DE:9F:DB:1B:1F:D7,LARC Guest,30,127.23314881324768,C1,0,1
3168,DE:9F:DB:1C:1F:D7,LARC Guest,47,127.23314881324768,C1,0,1
3169,EE:9F:DB:1B:1F:D7,,29,127.23314881324768,C1,0,1
3170,EE:9F:DB:1C:1F:D7,,47,127.23314881324768,C1,0,1
3171,F8:1A:67:99:55:8E,NUCLEAR_CHF,25,127.23314881324768,C1,0,1
3172,FE:9F:DB:1B:1F:D7,,29,127.23314881324768,C1,0,1
3173,FE:9F:DB:1C:1F:D7,,57,127.23314881324768,C1,0,1
3174,FE:9F:DB:1C:1F:E0,,17,127.23314881324768,C1,0,1
3175,00:14:BF:B4:9D:38,lme-wifi-ml,14,137.23775434494019,C1,0,1
3176,20:AA:4B:A7:19:74,LAA03,45,137.23775434494019,C1,0,1
3177,2A:56:5A:49:06:54,DIRECT-54-HP M132f LaserJet,20,137.23775434494019,C1,0,1
3178,30:85:A9:69:F2:E4,PCS-Wireless-C2-22,24,137.23775434494019,C1,0,1
3179,34:60:F9:A3:D9:13,GASWIFI-5G_C2,19,137.23775434494019,C1,0,1
3180,34:60:F9:A3:D9:14,GASWIFI-2G_C2,32,137.23775434494019,C1,0,1
3181,34:60:F9:A3:E7:3F,GASWIFI_C4,27,137.23775434494019,C1,0,1
3182,34:60:F9:A3:E8:73,GASWIFI_C3,12,137.23775434494019,C1,0,1
3183,34:CE:00:51:3E:6F,Lab,19,137.23775434494019,C1,0,1
3184,34:CE:00:51:3E:70,Lab_5G,5,137.23775434494019,C1,0,1
3185,3A:60:F9:A3:D9:14,,45,137.23775434494019,C1,0,1
3186,46:D2:44:04:08:05,DIRECT-44048805,24,137.23775434494019,C1,0,1
3187,54:B8:0A:AA:2C:8C,LAB_DIGITAL,32,137.23775434494019,C1,0,1
3188,54:B8:0A:AA:2C:8D,PCS-Wireless,34,137.23775434494019,C1,0,1
3189,54:F0:B1:A1:18:D3,MEZANINO,24,137.23775434494019,C1,0,1
3190,54:F0:B1:A1:18:D4,GDLAB,17,137.23775434494019,C1,0,1
3191,54:F0:B1:A1:57:F0,eduroam,15,137.23775434494019,C1,0,1
3192,54:F0:B1:A1:57:F1,PoliSemFio,14,137.23775434494019,C1,0,1
3193,54:F0:B1:A1:57:F2,,10,137.23775434494019,C1,0,1
3194,54:F0:B1:A1:58:00,eduroam,27,137.23775434494019,C1,0,1
3195,54:F0:B1:A1:58:01,PoliSemFio,29,137.23775434494019,C1,0,1
3196,54:F0:B1:A1:58:02,,29,137.23775434494019,C1,0,1
3197,54:F0:B1:A1:E2:80,CEE,5,137.23775434494019,C1,0,1
3198,54:F0:B1:A1:E5:00,eduroam,19,137.23775434494019,C1,0,1
3199,54:F0:B1:A1:E5:01,PoliSemFio,22,137.23775434494019,C1,0,1
3200,54:F0:B1:A1:E5:02,,22,137.23775434494019,C1,0,1
3201,54:F0:B1:A2:37:E0,eduroam,39,137.23775434494019,C1,0,1
3202,54:F0:B1:A2:4A:60,eduroam,12,137.23775434494019,C1,0,1
3203,54:F0:B1:A2:4A:61,PoliSemFio,12,137.23775434494019,C1,0,1
3204,54:F0:B1:A2:4A:62,,10,137.23775434494019,C1,0,1
3205,54:F0:B1:A2:4A:70,eduroam,30,137.23775434494019,C1,0,1
3206,54:F0:B1:A2:4A:71,PoliSemFio,32,137.23775434494019,C1,0,1
3207,54:F0:B1:A2:4A:72,,24,137.23775434494019,C1,0,1
3208,54:F0:B1:A2:56:60,eduroam,27,137.23775434494019,C1,0,1
3209,54:F0:B1:A2:56:61,PoliSemFio,32,137.23775434494019,C1,0,1
3210,54:F0:B1:A2:56:62,,32,137.23775434494019,C1,0,1
3211,54:F0:B1:A2:56:70,eduroam,45,137.23775434494019,C1,0,1
3212,54:F0:B1:A2:56:71,PoliSemFio,50,137.23775434494019,C1,0,1
3213,54:F0:B1:A2:57:30,eduroam,19,137.23775434494019,C1,0,1
3214,54:F0:B1:BB:58:A3,CAEEL,20,137.23775434494019,C1,0,1
3215,54:F0:B1:BB:5A:80,eduroam,42,137.23775434494019,C1,0,1
3216,54:F0:B1:BB:5A:82,HACKER,39,137.23775434494019,C1,0,1
3217,54:F0:B1:BB:5A:83,LEP,42,137.23775434494019,C1,0,1
3218,54:F0:B1:BB:5A:84,,39,137.23775434494019,C1,0,1
3219,54:F0:B1:BB:5A:A1,PoliSemFio,14,137.23775434494019,C1,0,1
3220,54:F0:B1:BB:5A:A3,LEP,17,137.23775434494019,C1,0,1
3221,54:F0:B1:BB:5F:B0,eduroam,12,137.23775434494019,C1,0,1
3222,54:F0:B1:BB:5F:B1,PoliSemFio,14,137.23775434494019,C1,0,1
3223,54:F0:B1:BB:5F:B2,,20,137.23775434494019,C1,0,1
3224,54:F0:B1:BB:73:40,eduroam,14,137.23775434494019,C1,0,1
3225,54:F0:B1:BB:80:C2,,30,137.23775434494019,C1,0,1
3226,54:F0:B1:BB:80:C3,LABPROG,34,137.23775434494019,C1,0,1
3227,54:F0:B1:BB:84:B2,,35,137.23775434494019,C1,0,1
3228,54:F0:B1:BB:A7:60,eduroam,14,137.23775434494019,C1,0,1
3229,54:F0:B1:BB:BC:02,,32,137.23775434494019,C1,0,1
3230,54:F0:B1:BB:BC:03,CAEEL,20,137.23775434494019,C1,0,1
3231,54:F0:B1:BB:BC:20,eduroam,10,137.23775434494019,C1,0,1
3232,54:F0:B1:BB:BC:21,PoliSemFio,9,137.23775434494019,C1,0,1
3233,54:F0:B1:BB:BC:23,CAEEL,10,137.23775434494019,C1,0,1
3234,54:F0:B1:BB:BE:10,eduroam,22,137.23775434494019,C1,0,1
3235,54:F0:B1:BB:BE:30,eduroam,17,137.23775434494019,C1,0,1
3236,54:F0:B1:BB:BE:31,PoliSemFio,19,137.23775434494019,C1,0,1
3237,54:F0:B1:BB:BE:33,CAEEL,17,137.23775434494019,C1,0,1
3238,54:F0:B1:BB:C4:F0,eduroam,20,137.23775434494019,C1,0,1
3239,54:F0:B1:BB:C4:F1,PoliSemFio,45,137.23775434494019,C1,0,1
3240,54:F0:B1:BB:CD:A0,eduroam,42,137.23775434494019,C1,0,1
3241,54:F0:B1:BB:FD:D0,eduroam,37,137.23775434494019,C1,0,1
3242,54:F0:B1:BB:FD:D1,PoliSemFio,34,137.23775434494019,C1,0,1
3243,54:F0:B1:BB:FD:D2,,34,137.23775434494019,C1,0,1
3244,54:F0:B1:BC:09:40,eduroam,35,137.23775434494019,C1,0,1
3245,54:F0:B1:BC:09:41,PoliSemFio,32,137.23775434494019,C1,0,1
3246,54:F0:B1:BC:09:42,,55,137.23775434494019,C1,0,1
3247,54:F0:B1:BC:09:60,eduroam,25,137.23775434494019,C1,0,1
3248,54:F0:B1:BC:09:61,PoliSemFio,24,137.23775434494019,C1,0,1
3249,54:F0:B1:BC:1B:D0,eduroam,50,137.23775434494019,C1,0,1
3250,54:F0:B1:BC:1B:D1,PoliSemFio,44,137.23775434494019,C1,0,1
3251,54:F0:B1:BC:1B:D2,,45,137.23775434494019,C1,0,1
3252,54:F0:B1:BC:1B:F0,eduroam,30,137.23775434494019,C1,0,1
3253,54:F0:B1:BC:1B:F1,PoliSemFio,30,137.23775434494019,C1,0,1
3254,54:F0:B1:BC:1B:F2,,37,137.23775434494019,C1,0,1
3255,54:F0:B1:BC:27:40,eduroam,44,137.23775434494019,C1,0,1
3256,54:F0:B1:BC:27:41,PoliSemFio,40,137.23775434494019,C1,0,1
3257,54:F0:B1:BC:27:42,,42,137.23775434494019,C1,0,1
3258,54:F0:B1:BC:27:60,eduroam,30,137.23775434494019,C1,0,1
3259,54:F0:B1:BC:27:61,PoliSemFio,30,137.23775434494019,C1,0,1
3260,54:F0:B1:BC:27:62,,30,137.23775434494019,C1,0,1
3261,54:F0:B1:BC:2E:90,eduroam,30,137.23775434494019,C1,0,1
3262,54:F0:B1:BC:2E:91,PoliSemFio,42,137.23775434494019,C1,0,1
3263,54:F0:B1:BC:2E:92,,42,137.23775434494019,C1,0,1
3264,54:F0:B1:BC:2E:B0,eduroam,54,137.23775434494019,C1,0,1
3265,54:F0:B1:BC:2E:B1,PoliSemFio,35,137.23775434494019,C1,0,1
3266,54:F0:B1:BC:2F:50,eduroam,24,137.23775434494019,C1,0,1
3267,54:F0:B1:BC:2F:51,PoliSemFio,20,137.23775434494019,C1,0,1
3268,54:F0:B1:BC:36:10,PoliSemFio,37,137.23775434494019,C1,0,1
3269,54:F0:B1:BC:36:11,eduroam,14,137.23775434494019,C1,0,1
3270,54:F0:B1:BC:36:12,,35,137.23775434494019,C1,0,1
3271,54:F0:B1:BC:3A:F0,eduroam,17,137.23775434494019,C1,0,1
3272,54:F0:B1:BC:3F:10,eduroam,42,137.23775434494019,C1,0,1
3273,54:F0:B1:BC:65:B0,eduroam,20,137.23775434494019,C1,0,1
3274,54:F0:B1:BC:65:B2,,27,137.23775434494019,C1,0,1
3275,54:F0:B1:BC:77:80,eduroam,52,137.23775434494019,C1,0,1
3276,54:F0:B1:BC:77:A0,eduroam,20,137.23775434494019,C1,0,1
3277,54:F0:B1:BC:77:A1,PoliSemFio,20,137.23775434494019,C1,0,1
3278,54:F0:B1:BC:7C:F2,,24,137.23775434494019,C1,0,1
3279,56:60:F9:A3:E7:3F,,27,137.23775434494019,C1,0,1
3280,68:FF:7B:47:78:BE,C1-22M,32,137.23775434494019,C1,0,1
3281,70:62:B8:6E:72:A0,PCS-wireless-C1-13,27,137.23775434494019,C1,0,1
3282,70:62:B8:6E:72:A1,PPGEE,7,137.23775434494019,C1,0,1
3283,70:D8:23:BC:B9:B3,,19,137.23775434494019,C1,0,1
3284,84:D4:7E:06:4F:E0,eduroam,32,137.23775434494019,C1,0,1
3285,84:D4:7E:06:4F:E1,PoliSemFio,30,137.23775434494019,C1,0,1
3286,84:D4:7E:06:4F:E2,,34,137.23775434494019,C1,0,1
3287,84:D4:7E:9D:EE:C1,FEAnet,10,137.23775434494019,C1,0,1
3288,84:D4:7E:9E:1A:61,FEAnet,15,137.23775434494019,C1,0,1
3289,AA:6B:AD:82:46:CC,DIRECT-cc-HP M132f LaserJet,22,137.23775434494019,C1,0,1
3290,DC:9F:DB:1B:1F:D7,LWN-3,20,137.23775434494019,C1,0,1
3291,DC:9F:DB:1C:1F:D7,LWN-3,49,137.23775434494019,C1,0,1
3292,DE:9F:DB:1B:1F:D7,LARC Guest,20,137.23775434494019,C1,0,1
3293,DE:9F:DB:1C:1F:D7,LARC Guest,47,137.23775434494019,C1,0,1
3294,EE:9F:DB:1C:1F:D7,,47,137.23775434494019,C1,0,1
3295,F8:1A:67:99:55:8E,NUCLEAR_CHF,15,137.23775434494019,C1,0,1
3296,FE:9F:DB:1B:1F:D7,,29,137.23775434494019,C1,0,1
3297,FE:9F:DB:1C:1F:D7,,49,137.23775434494019,C1,0,1
3298,FE:9F:DB:1C:1F:E0,,17,137.23775434494019,C1,0,1
3299,00:14:BF:B4:9D:38,lme-wifi-ml,14,143.5850465297699,C1,0,1
3300,1C:5F:2B:FF:9B:B4,LSA,32,143.5850465297699,C1,0,1
3301,20:AA:4B:A7:19:74,LAA03,42,143.5850465297699,C1,0,1
3302,2A:56:5A:49:06:54,DIRECT-54-HP M132f LaserJet,20,143.5850465297699,C1,0,1
3303,34:60:F9:A3:D9:13,GASWIFI-5G_C2,19,143.5850465297699,C1,0,1
3304,34:60:F9:A3:D9:14,GASWIFI-2G_C2,32,143.5850465297699,C1,0,1
3305,34:60:F9:A3:E7:3F,GASWIFI_C4,27,143.5850465297699,C1,0,1
3306,34:60:F9:A3:E8:73,GASWIFI_C3,12,143.5850465297699,C1,0,1
3307,34:CE:00:51:3E:6F,Lab,24,143.5850465297699,C1,0,1
3308,34:CE:00:51:3E:70,Lab_5G,5,143.5850465297699,C1,0,1
3309,3A:60:F9:A3:D9:14,,54,143.5850465297699,C1,0,1
3310,46:D2:44:04:08:05,DIRECT-44048805,20,143.5850465297699,C1,0,1
3311,54:B8:0A:AA:2C:8C,LAB_DIGITAL,34,143.5850465297699,C1,0,1
3312,54:B8:0A:AA:2C:8D,PCS-Wireless,35,143.5850465297699,C1,0,1
3313,54:F0:B1:A1:18:D3,MEZANINO,24,143.5850465297699,C1,0,1
3314,54:F0:B1:A1:18:D4,GDLAB,17,143.5850465297699,C1,0,1
3315,54:F0:B1:A1:57:F0,eduroam,15,143.5850465297699,C1,0,1
3316,54:F0:B1:A1:57:F1,PoliSemFio,14,143.5850465297699,C1,0,1
3317,54:F0:B1:A1:57:F2,,10,143.5850465297699,C1,0,1
3318,54:F0:B1:A1:58:00,eduroam,25,143.5850465297699,C1,0,1
3319,54:F0:B1:A1:58:01,PoliSemFio,29,143.5850465297699,C1,0,1
3320,54:F0:B1:A1:58:02,,29,143.5850465297699,C1,0,1
3321,54:F0:B1:A1:E2:80,CEE,5,143.5850465297699,C1,0,1
3322,54:F0:B1:A1:E2:90,CEE,14,143.5850465297699,C1,0,1
3323,54:F0:B1:A1:E2:91,eduroam,24,143.5850465297699,C1,0,1
3324,54:F0:B1:A1:E5:00,eduroam,19,143.5850465297699,C1,0,1
3325,54:F0:B1:A1:E5:01,PoliSemFio,22,143.5850465297699,C1,0,1
3326,54:F0:B1:A1:E5:02,,24,143.5850465297699,C1,0,1
3327,54:F0:B1:A2:37:E0,eduroam,42,143.5850465297699,C1,0,1
3328,54:F0:B1:A2:4A:60,eduroam,12,143.5850465297699,C1,0,1
3329,54:F0:B1:A2:4A:61,PoliSemFio,12,143.5850465297699,C1,0,1
3330,54:F0:B1:A2:4A:62,,10,143.5850465297699,C1,0,1
3331,54:F0:B1:A2:4A:70,eduroam,27,143.5850465297699,C1,0,1
3332,54:F0:B1:A2:4A:71,PoliSemFio,32,143.5850465297699,C1,0,1
3333,54:F0:B1:A2:4A:72,,34,143.5850465297699,C1,0,1
3334,54:F0:B1:A2:56:60,eduroam,34,143.5850465297699,C1,0,1
3335,54:F0:B1:A2:56:61,PoliSemFio,34,143.5850465297699,C1,0,1
3336,54:F0:B1:A2:56:62,,32,143.5850465297699,C1,0,1
3337,54:F0:B1:A2:56:70,eduroam,45,143.5850465297699,C1,0,1
3338,54:F0:B1:A2:56:71,PoliSemFio,50,143.5850465297699,C1,0,1
3339,54:F0:B1:A2:57:30,eduroam,17,143.5850465297699,C1,0,1
3340,54:F0:B1:BB:58:A3,CAEEL,14,143.5850465297699,C1,0,1
3341,54:F0:B1:BB:5A:80,eduroam,42,143.5850465297699,C1,0,1
3342,54:F0:B1:BB:5A:82,HACKER,39,143.5850465297699,C1,0,1
3343,54:F0:B1:BB:5A:83,LEP,42,143.5850465297699,C1,0,1
3344,54:F0:B1:BB:5A:84,,39,143.5850465297699,C1,0,1
3345,54:F0:B1:BB:5A:A0,eduroam,15,143.5850465297699,C1,0,1
3346,54:F0:B1:BB:5A:A1,PoliSemFio,14,143.5850465297699,C1,0,1
3347,54:F0:B1:BB:5A:A2,HACKER,14,143.5850465297699,C1,0,1
3348,54:F0:B1:BB:5A:A3,LEP,17,143.5850465297699,C1,0,1
3349,54:F0:B1:BB:5F:B0,eduroam,12,143.5850465297699,C1,0,1
3350,54:F0:B1:BB:5F:B1,PoliSemFio,14,143.5850465297699,C1,0,1
3351,54:F0:B1:BB:5F:B2,,20,143.5850465297699,C1,0,1
3352,54:F0:B1:BB:73:40,eduroam,14,143.5850465297699,C1,0,1
3353,54:F0:B1:BB:80:C2,,44,143.5850465297699,C1,0,1
3354,54:F0:B1:BB:80:C3,LABPROG,44,143.5850465297699,C1,0,1
3355,54:F0:B1:BB:84:B2,,35,143.5850465297699,C1,0,1
3356,54:F0:B1:BB:A7:60,eduroam,14,143.5850465297699,C1,0,1
3357,54:F0:B1:BB:BC:02,,32,143.5850465297699,C1,0,1
3358,54:F0:B1:BB:BC:03,CAEEL,20,143.5850465297699,C1,0,1
3359,54:F0:B1:BB:BC:20,eduroam,10,143.5850465297699,C1,0,1
3360,54:F0:B1:BB:BC:21,PoliSemFio,10,143.5850465297699,C1,0,1
3361,54:F0:B1:BB:BC:22,,12,143.5850465297699,C1,0,1
3362,54:F0:B1:BB:BC:23,CAEEL,14,143.5850465297699,C1,0,1
3363,54:F0:B1:BB:BE:10,eduroam,22,143.5850465297699,C1,0,1
3364,54:F0:B1:BB:BE:30,eduroam,17,143.5850465297699,C1,0,1
3365,54:F0:B1:BB:BE:31,PoliSemFio,19,143.5850465297699,C1,0,1
3366,54:F0:B1:BB:BE:33,CAEEL,17,143.5850465297699,C1,0,1
3367,54:F0:B1:BB:C4:F0,eduroam,45,143.5850465297699,C1,0,1
3368,54:F0:B1:BB:C4:F1,PoliSemFio,45,143.5850465297699,C1,0,1
3369,54:F0:B1:BB:C6:E0,eduroam,12,143.5850465297699,C1,0,1
3370,54:F0:B1:BB:CD:A0,eduroam,42,143.5850465297699,C1,0,1
3371,54:F0:B1:BB:CD:C0,eduroam,14,143.5850465297699,C1,0,1
3372,54:F0:B1:BB:CD:C1,PoliSemFio,12,143.5850465297699,C1,0,1
3373,54:F0:B1:BB:CD:C2,,10,143.5850465297699,C1,0,1
3374,54:F0:B1:BB:FD:D0,eduroam,37,143.5850465297699,C1,0,1
3375,54:F0:B1:BB:FD:D1,PoliSemFio,34,143.5850465297699,C1,0,1
3376,54:F0:B1:BB:FD:D2,,29,143.5850465297699,C1,0,1
3377,54:F0:B1:BC:09:40,eduroam,60,143.5850465297699,C1,0,1
3378,54:F0:B1:BC:09:41,PoliSemFio,57,143.5850465297699,C1,0,1
3379,54:F0:B1:BC:09:42,,57,143.5850465297699,C1,0,1
3380,54:F0:B1:BC:09:60,eduroam,20,143.5850465297699,C1,0,1
3381,54:F0:B1:BC:09:61,PoliSemFio,24,143.5850465297699,C1,0,1
3382,54:F0:B1:BC:1B:D0,eduroam,50,143.5850465297699,C1,0,1
3383,54:F0:B1:BC:1B:D1,PoliSemFio,44,143.5850465297699,C1,0,1
3384,54:F0:B1:BC:1B:D2,,45,143.5850465297699,C1,0,1
3385,54:F0:B1:BC:1B:F0,eduroam,42,143.5850465297699,C1,0,1
3386,54:F0:B1:BC:1B:F1,PoliSemFio,42,143.5850465297699,C1,0,1
3387,54:F0:B1:BC:1B:F2,,37,143.5850465297699,C1,0,1
3388,54:F0:B1:BC:27:40,eduroam,57,143.5850465297699,C1,0,1
3389,54:F0:B1:BC:27:41,PoliSemFio,40,143.5850465297699,C1,0,1
3390,54:F0:B1:BC:27:42,,42,143.5850465297699,C1,0,1
3391,54:F0:B1:BC:27:60,eduroam,22,143.5850465297699,C1,0,1
3392,54:F0:B1:BC:27:61,PoliSemFio,24,143.5850465297699,C1,0,1
3393,54:F0:B1:BC:27:62,,30,143.5850465297699,C1,0,1
3394,54:F0:B1:BC:2E:90,eduroam,70,143.5850465297699,C1,0,1
3395,54:F0:B1:BC:2E:91,PoliSemFio,42,143.5850465297699,C1,0,1
3396,54:F0:B1:BC:2E:92,,42,143.5850465297699,C1,0,1
3397,54:F0:B1:BC:2E:B0,eduroam,54,143.5850465297699,C1,0,1
3398,54:F0:B1:BC:2E:B1,PoliSemFio,45,143.5850465297699,C1,0,1
3399,54:F0:B1:BC:2E:B2,,44,143.5850465297699,C1,0,1
3400,54:F0:B1:BC:2F:50,eduroam,24,143.5850465297699,C1,0,1
3401,54:F0:B1:BC:2F:51,PoliSemFio,20,143.5850465297699,C1,0,1
3402,54:F0:B1:BC:36:10,PoliSemFio,37,143.5850465297699,C1,0,1
3403,54:F0:B1:BC:36:11,eduroam,14,143.5850465297699,C1,0,1
3404,54:F0:B1:BC:36:12,,35,143.5850465297699,C1,0,1
3405,54:F0:B1:BC:3A:F0,eduroam,17,143.5850465297699,C1,0,1
3406,54:F0:B1:BC:3F:10,eduroam,35,143.5850465297699,C1,0,1
3407,54:F0:B1:BC:65:B0,eduroam,12,143.5850465297699,C1,0,1
3408,54:F0:B1:BC:65:B2,,27,143.5850465297699,C1,0,1
3409,54:F0:B1:BC:70:00,eduroam,32,143.5850465297699,C1,0,1
3410,54:F0:B1:BC:77:80,eduroam,54,143.5850465297699,C1,0,1
3411,54:F0:B1:BC:77:81,PoliSemFio,54,143.5850465297699,C1,0,1
3412,54:F0:B1:BC:77:A0,eduroam,25,143.5850465297699,C1,0,1
3413,54:F0:B1:BC:77:A1,PoliSemFio,25,143.5850465297699,C1,0,1
3414,54:F0:B1:BC:7C:F2,,24,143.5850465297699,C1,0,1
3415,56:60:F9:A3:E7:3F,,27,143.5850465297699,C1,0,1
3416,68:FF:7B:47:78:BE,C1-22M,32,143.5850465297699,C1,0,1
3417,70:62:B8:6E:72:A0,PCS-wireless-C1-13,27,143.5850465297699,C1,0,1
3418,70:62:B8:6E:72:A1,PPGEE,25,143.5850465297699,C1,0,1
3419,70:D8:23:BC:B9:B3,,19,143.5850465297699,C1,0,1
3420,84:D4:7E:06:4F:E0,eduroam,32,143.5850465297699,C1,0,1
3421,84:D4:7E:06:4F:E1,PoliSemFio,30,143.5850465297699,C1,0,1
3422,84:D4:7E:06:4F:E2,,34,143.5850465297699,C1,0,1
3423,84:D4:7E:9D:EE:C1,FEAnet,10,143.5850465297699,C1,0,1
3424,84:D4:7E:9E:1A:61,FEAnet,15,143.5850465297699,C1,0,1
3425,AA:6B:AD:82:46:CC,DIRECT-cc-HP M132f LaserJet,22,143.5850465297699,C1,0,1
3426,DC:9F:DB:1B:1F:D7,LWN-3,27,143.5850465297699,C1,0,1
3427,DC:9F:DB:1C:1F:D7,LWN-3,49,143.5850465297699,C1,0,1
3428,DE:9F:DB:1B:1F:D7,LARC Guest,27,143.5850465297699,C1,0,1
3429,DE:9F:DB:1C:1F:D7,LARC Guest,59,143.5850465297699,C1,0,1
3430,EE:9F:DB:1C:1F:D7,,47,143.5850465297699,C1,0,1
3431,F8:1A:67:99:55:8E,NUCLEAR_CHF,15,143.5850465297699,C1,0,1
3432,FE:9F:DB:1B:1F:D7,,29,143.5850465297699,C1,0,1
3433,FE:9F:DB:1C:1F:D7,,49,143.5850465297699,C1,0,1
3434,FE:9F:DB:1C:1F:E0,,17,143.5850465297699,C1,0,1
3435,00:14:BF:B4:9D:38,lme-wifi-ml,14,149.88480496406555,C1,0,1
3436,00:21:91:70:9D:EC,LAB-DIDATICO,19,149.88480496406555,C1,0,1
3437,1C:5F:2B:FF:9B:B4,LSA,32,149.88480496406555,C1,0,1
3438,20:AA:4B:A7:19:74,LAA03,20,149.88480496406555,C1,0,1
3439,2A:56:5A:49:06:54,DIRECT-54-HP M132f LaserJet,20,149.88480496406555,C1,0,1
3440,34:60:F9:A3:D9:13,GASWIFI-5G_C2,19,149.88480496406555,C1,0,1
3441,34:60:F9:A3:D9:14,GASWIFI-2G_C2,40,149.88480496406555,C1,0,1
3442,34:60:F9:A3:E8:73,GASWIFI_C3,12,149.88480496406555,C1,0,1
3443,34:CE:00:51:3E:6F,Lab,25,149.88480496406555,C1,0,1
3444,3A:60:F9:A3:D9:14,,54,149.88480496406555,C1,0,1
3445,46:D2:44:04:08:05,DIRECT-44048805,20,149.88480496406555,C1,0,1
3446,54:B8:0A:AA:2C:8C,LAB_DIGITAL,34,149.88480496406555,C1,0,1
3447,54:B8:0A:AA:2C:8D,PCS-Wireless,35,149.88480496406555,C1,0,1
3448,54:F0:B1:A1:58:00,eduroam,25,149.88480496406555,C1,0,1
3449,54:F0:B1:A1:58:01,PoliSemFio,29,149.88480496406555,C1,0,1
3450,54:F0:B1:A1:58:02,,29,149.88480496406555,C1,0,1
3451,54:F0:B1:A1:E2:80,CEE,5,149.88480496406555,C1,0,1
3452,54:F0:B1:A1:E2:90,CEE,14,149.88480496406555,C1,0,1
3453,54:F0:B1:A1:E2:91,eduroam,24,149.88480496406555,C1,0,1
3454,54:F0:B1:A1:E5:02,,24,149.88480496406555,C1,0,1
3455,54:F0:B1:A2:37:E0,eduroam,42,149.88480496406555,C1,0,1
3456,54:F0:B1:A2:4A:60,eduroam,12,149.88480496406555,C1,0,1
3457,54:F0:B1:A2:4A:61,PoliSemFio,12,149.88480496406555,C1,0,1
3458,54:F0:B1:A2:4A:62,,10,149.88480496406555,C1,0,1
3459,54:F0:B1:A2:4A:70,eduroam,27,149.88480496406555,C1,0,1
3460,54:F0:B1:A2:4A:71,PoliSemFio,32,149.88480496406555,C1,0,1
3461,54:F0:B1:A2:4A:72,,34,149.88480496406555,C1,0,1
3462,54:F0:B1:A2:56:60,eduroam,34,149.88480496406555,C1,0,1
3463,54:F0:B1:A2:56:61,PoliSemFio,34,149.88480496406555,C1,0,1
3464,54:F0:B1:A2:56:62,,32,149.88480496406555,C1,0,1
3465,54:F0:B1:A2:56:70,eduroam,45,149.88480496406555,C1,0,1
3466,54:F0:B1:A2:56:71,PoliSemFio,50,149.88480496406555,C1,0,1
3467,54:F0:B1:A2:57:30,eduroam,17,149.88480496406555,C1,0,1
3468,54:F0:B1:BB:58:A3,CAEEL,14,149.88480496406555,C1,0,1
3469,54:F0:B1:BB:5A:80,eduroam,40,149.88480496406555,C1,0,1
3470,54:F0:B1:BB:5A:82,HACKER,42,149.88480496406555,C1,0,1
3471,54:F0:B1:BB:5A:83,LEP,44,149.88480496406555,C1,0,1
3472,54:F0:B1:BB:5A:84,,39,149.88480496406555,C1,0,1
3473,54:F0:B1:BB:5A:A0,eduroam,15,149.88480496406555,C1,0,1
3474,54:F0:B1:BB:5A:A1,PoliSemFio,14,149.88480496406555,C1,0,1
3475,54:F0:B1:BB:5A:A2,HACKER,14,149.88480496406555,C1,0,1
3476,54:F0:B1:BB:5A:A3,LEP,17,149.88480496406555,C1,0,1
3477,54:F0:B1:BB:5F:B0,eduroam,12,149.88480496406555,C1,0,1
3478,54:F0:B1:BB:5F:B1,PoliSemFio,14,149.88480496406555,C1,0,1
3479,54:F0:B1:BB:80:C2,,30,149.88480496406555,C1,0,1
3480,54:F0:B1:BB:80:C3,LABPROG,44,149.88480496406555,C1,0,1
3481,54:F0:B1:BB:84:B2,,35,149.88480496406555,C1,0,1
3482,54:F0:B1:BB:A7:60,eduroam,14,149.88480496406555,C1,0,1
3483,54:F0:B1:BB:BC:03,CAEEL,17,149.88480496406555,C1,0,1
3484,54:F0:B1:BB:BC:20,eduroam,10,149.88480496406555,C1,0,1
3485,54:F0:B1:BB:BC:21,PoliSemFio,10,149.88480496406555,C1,0,1
3486,54:F0:B1:BB:BC:22,,12,149.88480496406555,C1,0,1
3487,54:F0:B1:BB:BC:23,CAEEL,14,149.88480496406555,C1,0,1
3488,54:F0:B1:BB:BE:10,eduroam,22,149.88480496406555,C1,0,1
3489,54:F0:B1:BB:BE:30,eduroam,17,149.88480496406555,C1,0,1
3490,54:F0:B1:BB:BE:31,PoliSemFio,19,149.88480496406555,C1,0,1
3491,54:F0:B1:BB:BE:33,CAEEL,17,149.88480496406555,C1,0,1
3492,54:F0:B1:BB:C4:F0,eduroam,45,149.88480496406555,C1,0,1
3493,54:F0:B1:BB:C4:F1,PoliSemFio,45,149.88480496406555,C1,0,1
3494,54:F0:B1:BB:C6:E0,eduroam,12,149.88480496406555,C1,0,1
3495,54:F0:B1:BB:CD:A0,eduroam,42,149.88480496406555,C1,0,1
3496,54:F0:B1:BB:CD:C0,eduroam,14,149.88480496406555,C1,0,1
3497,54:F0:B1:BB:CD:C1,PoliSemFio,12,149.88480496406555,C1,0,1
3498,54:F0:B1:BB:CD:C2,,10,149.88480496406555,C1,0,1
3499,54:F0:B1:BB:FD:D0,eduroam,34,149.88480496406555,C1,0,1
3500,54:F0:B1:BB:FD:D1,PoliSemFio,34,149.88480496406555,C1,0,1
3501,54:F0:B1:BB:FD:D2,,34,149.88480496406555,C1,0,1
3502,54:F0:B1:BC:09:40,eduroam,60,149.88480496406555,C1,0,1
3503,54:F0:B1:BC:09:41,PoliSemFio,57,149.88480496406555,C1,0,1
3504,54:F0:B1:BC:09:42,,32,149.88480496406555,C1,0,1
3505,54:F0:B1:BC:09:60,eduroam,20,149.88480496406555,C1,0,1
3506,54:F0:B1:BC:09:61,PoliSemFio,24,149.88480496406555,C1,0,1
3507,54:F0:B1:BC:1B:D0,eduroam,50,149.88480496406555,C1,0,1
3508,54:F0:B1:BC:1B:D1,PoliSemFio,47,149.88480496406555,C1,0,1
3509,54:F0:B1:BC:1B:D2,,45,149.88480496406555,C1,0,1
3510,54:F0:B1:BC:1B:F0,eduroam,32,149.88480496406555,C1,0,1
3511,54:F0:B1:BC:1B:F1,PoliSemFio,30,149.88480496406555,C1,0,1
3512,54:F0:B1:BC:1B:F2,,32,149.88480496406555,C1,0,1
3513,54:F0:B1:BC:27:40,eduroam,47,149.88480496406555,C1,0,1
3514,54:F0:B1:BC:27:41,PoliSemFio,40,149.88480496406555,C1,0,1
3515,54:F0:B1:BC:27:42,,42,149.88480496406555,C1,0,1
3516,54:F0:B1:BC:27:60,eduroam,30,149.88480496406555,C1,0,1
3517,54:F0:B1:BC:27:61,PoliSemFio,30,149.88480496406555,C1,0,1
3518,54:F0:B1:BC:27:62,,30,149.88480496406555,C1,0,1
3519,54:F0:B1:BC:2E:90,eduroam,45,149.88480496406555,C1,0,1
3520,54:F0:B1:BC:2E:91,PoliSemFio,45,149.88480496406555,C1,0,1
3521,54:F0:B1:BC:2E:92,,45,149.88480496406555,C1,0,1
3522,54:F0:B1:BC:2E:B0,eduroam,34,149.88480496406555,C1,0,1
3523,54:F0:B1:BC:2E:B1,PoliSemFio,34,149.88480496406555,C1,0,1
3524,54:F0:B1:BC:2E:B2,,44,149.88480496406555,C1,0,1
3525,54:F0:B1:BC:2F:50,eduroam,22,149.88480496406555,C1,0,1
3526,54:F0:B1:BC:2F:51,PoliSemFio,25,149.88480496406555,C1,0,1
3527,54:F0:B1:BC:36:10,PoliSemFio,37,149.88480496406555,C1,0,1
3528,54:F0:B1:BC:36:11,eduroam,14,149.88480496406555,C1,0,1
3529,54:F0:B1:BC:3F:10,eduroam,35,149.88480496406555,C1,0,1
3530,54:F0:B1:BC:65:B0,eduroam,12,149.88480496406555,C1,0,1
3531,54:F0:B1:BC:70:00,eduroam,32,149.88480496406555,C1,0,1
3532,54:F0:B1:BC:77:80,eduroam,54,149.88480496406555,C1,0,1
3533,54:F0:B1:BC:77:81,PoliSemFio,54,149.88480496406555,C1,0,1
3534,54:F0:B1:BC:77:A0,eduroam,19,149.88480496406555,C1,0,1
3535,54:F0:B1:BC:77:A1,PoliSemFio,19,149.88480496406555,C1,0,1
3536,68:FF:7B:47:78:BE,C1-22M,32,149.88480496406555,C1,0,1
3537,70:62:B8:6E:72:A0,PCS-wireless-C1-13,27,149.88480496406555,C1,0,1
3538,70:62:B8:6E:72:A1,PPGEE,25,149.88480496406555,C1,0,1
3539,70:D8:23:BC:B9:B3,,19,149.88480496406555,C1,0,1
3540,84:D4:7E:06:4F:E0,eduroam,32,149.88480496406555,C1,0,1
3541,84:D4:7E:06:4F:E1,PoliSemFio,30,149.88480496406555,C1,0,1
3542,84:D4:7E:06:4F:E2,,34,149.88480496406555,C1,0,1
3543,84:D4:7E:9D:EE:C1,FEAnet,10,149.88480496406555,C1,0,1
3544,DC:9F:DB:1B:1F:D7,LWN-3,27,149.88480496406555,C1,0,1
3545,DC:9F:DB:1C:1F:D7,LWN-3,42,149.88480496406555,C1,0,1
3546,DE:9F:DB:1B:1F:D7,LARC Guest,27,149.88480496406555,C1,0,1
3547,DE:9F:DB:1C:1F:D7,LARC Guest,42,149.88480496406555,C1,0,1
3548,EE:9F:DB:1C:1F:D7,,42,149.88480496406555,C1,0,1
3549,F8:1A:67:99:55:8E,NUCLEAR_CHF,15,149.88480496406555,C1,0,1
3550,FE:9F:DB:1B:1F:D7,,14,149.88480496406555,C1,0,1
3551,FE:9F:DB:1C:1F:D7,,42,149.88480496406555,C1,0,1
3552,FE:9F:DB:1C:1F:E0,,17,149.88480496406555,C1,0,1
3553,00:14:BF:B4:9D:38,lme-wifi-ml,14,159.86057233810425,C1,0,1
3554,00:21:91:70:9D:EC,LAB-DIDATICO,19,159.86057233810425,C1,0,1
3555,1C:5F:2B:FF:9B:B4,LSA,30,159.86057233810425,C1,0,1
3556,20:AA:4B:A7:19:74,LAA03,40,159.86057233810425,C1,0,1
3557,2A:56:5A:49:06:54,DIRECT-54-HP M132f LaserJet,20,159.86057233810425,C1,0,1
3558,30:85:A9:69:F2:E4,PCS-Wireless-C2-22,47,159.86057233810425,C1,0,1
3559,30:85:A9:69:FB:0A,PCS-Wireless,24,159.86057233810425,C1,0,1
3560,34:60:F9:A3:D9:13,GASWIFI-5G_C2,22,159.86057233810425,C1,0,1
3561,34:60:F9:A3:D9:14,GASWIFI-2G_C2,44,159.86057233810425,C1,0,1
3562,34:CE:00:51:3E:6F,Lab,29,159.86057233810425,C1,0,1
3563,3A:60:F9:A3:D9:14,,54,159.86057233810425,C1,0,1
3564,46:D2:44:04:08:05,DIRECT-44048805,22,159.86057233810425,C1,0,1
3565,54:B8:0A:AA:2C:8C,LAB_DIGITAL,27,159.86057233810425,C1,0,1
3566,54:B8:0A:AA:2C:8D,PCS-Wireless,35,159.86057233810425,C1,0,1
3567,54:F0:B1:A1:58:00,eduroam,25,159.86057233810425,C1,0,1
3568,54:F0:B1:A1:58:01,PoliSemFio,29,159.86057233810425,C1,0,1
3569,54:F0:B1:A1:58:02,,29,159.86057233810425,C1,0,1
3570,54:F0:B1:A1:E2:80,CEE,5,159.86057233810425,C1,0,1
3571,54:F0:B1:A1:E2:90,CEE,14,159.86057233810425,C1,0,1
3572,54:F0:B1:A1:E2:91,eduroam,24,159.86057233810425,C1,0,1
3573,54:F0:B1:A1:E5:02,,24,159.86057233810425,C1,0,1
3574,54:F0:B1:A2:37:E0,eduroam,42,159.86057233810425,C1,0,1
3575,54:F0:B1:A2:37:E2,,35,159.86057233810425,C1,0,1
3576,54:F0:B1:A2:4A:60,eduroam,12,159.86057233810425,C1,0,1
3577,54:F0:B1:A2:4A:61,PoliSemFio,12,159.86057233810425,C1,0,1
3578,54:F0:B1:A2:4A:62,,10,159.86057233810425,C1,0,1
3579,54:F0:B1:A2:4A:70,eduroam,27,159.86057233810425,C1,0,1
3580,54:F0:B1:A2:4A:71,PoliSemFio,32,159.86057233810425,C1,0,1
3581,54:F0:B1:A2:4A:72,,34,159.86057233810425,C1,0,1
3582,54:F0:B1:A2:56:60,eduroam,34,159.86057233810425,C1,0,1
3583,54:F0:B1:A2:56:61,PoliSemFio,37,159.86057233810425,C1,0,1
3584,54:F0:B1:A2:56:62,,32,159.86057233810425,C1,0,1
3585,54:F0:B1:A2:56:70,eduroam,45,159.86057233810425,C1,0,1
3586,54:F0:B1:A2:56:71,PoliSemFio,50,159.86057233810425,C1,0,1
3587,54:F0:B1:A2:57:30,eduroam,17,159.86057233810425,C1,0,1
3588,54:F0:B1:BB:58:A3,CAEEL,14,159.86057233810425,C1,0,1
3589,54:F0:B1:BB:5A:80,eduroam,32,159.86057233810425,C1,0,1
3590,54:F0:B1:BB:5A:82,HACKER,42,159.86057233810425,C1,0,1
3591,54:F0:B1:BB:5A:83,LEP,44,159.86057233810425,C1,0,1
3592,54:F0:B1:BB:5A:84,,39,159.86057233810425,C1,0,1
3593,54:F0:B1:BB:5A:A0,eduroam,15,159.86057233810425,C1,0,1
3594,54:F0:B1:BB:5A:A1,PoliSemFio,14,159.86057233810425,C1,0,1
3595,54:F0:B1:BB:5A:A2,HACKER,14,159.86057233810425,C1,0,1
3596,54:F0:B1:BB:5A:A3,LEP,15,159.86057233810425,C1,0,1
3597,54:F0:B1:BB:5F:90,eduroam,37,159.86057233810425,C1,0,1
3598,54:F0:B1:BB:5F:B0,eduroam,20,159.86057233810425,C1,0,1
3599,54:F0:B1:BB:5F:B1,PoliSemFio,20,159.86057233810425,C1,0,1
3600,54:F0:B1:BB:80:C0,eduroam,42,159.86057233810425,C1,0,1
3601,54:F0:B1:BB:80:C2,,30,159.86057233810425,C1,0,1
3602,54:F0:B1:BB:80:C3,LABPROG,44,159.86057233810425,C1,0,1
3603,54:F0:B1:BB:80:E3,LABPROG,10,159.86057233810425,C1,0,1
3604,54:F0:B1:BB:84:B2,,35,159.86057233810425,C1,0,1
3605,54:F0:B1:BB:A7:60,eduroam,14,159.86057233810425,C1,0,1
3606,54:F0:B1:BB:BC:00,eduroam,25,159.86057233810425,C1,0,1
3607,54:F0:B1:BB:BC:01,PoliSemFio,32,159.86057233810425,C1,0,1
3608,54:F0:B1:BB:BC:03,CAEEL,17,159.86057233810425,C1,0,1
3609,54:F0:B1:BB:BC:20,eduroam,10,159.86057233810425,C1,0,1
3610,54:F0:B1:BB:BC:21,PoliSemFio,10,159.86057233810425,C1,0,1
3611,54:F0:B1:BB:BC:22,,12,159.86057233810425,C1,0,1
3612,54:F0:B1:BB:BC:23,CAEEL,14,159.86057233810425,C1,0,1
3613,54:F0:B1:BB:BE:10,eduroam,22,159.86057233810425,C1,0,1
3614,54:F0:B1:BB:BE:30,eduroam,17,159.86057233810425,C1,0,1
3615,54:F0:B1:BB:BE:31,PoliSemFio,19,159.86057233810425,C1,0,1
3616,54:F0:B1:BB:BE:33,CAEEL,17,159.86057233810425,C1,0,1
3617,54:F0:B1:BB:C4:F0,eduroam,45,159.86057233810425,C1,0,1
3618,54:F0:B1:BB:C4:F1,PoliSemFio,45,159.86057233810425,C1,0,1
3619,54:F0:B1:BB:C6:E0,eduroam,17,159.86057233810425,C1,0,1
3620,54:F0:B1:BB:CD:A0,eduroam,42,159.86057233810425,C1,0,1
3621,54:F0:B1:BB:CD:C0,eduroam,14,159.86057233810425,C1,0,1
3622,54:F0:B1:BB:CD:C1,PoliSemFio,12,159.86057233810425,C1,0,1
3623,54:F0:B1:BB:CD:C2,,10,159.86057233810425,C1,0,1
3624,54:F0:B1:BB:FD:D0,eduroam,34,159.86057233810425,C1,0,1
3625,54:F0:B1:BB:FD:D1,PoliSemFio,34,159.86057233810425,C1,0,1
3626,54:F0:B1:BB:FD:D2,,34,159.86057233810425,C1,0,1
3627,54:F0:B1:BC:09:40,eduroam,59,159.86057233810425,C1,0,1
3628,54:F0:B1:BC:09:41,PoliSemFio,47,159.86057233810425,C1,0,1
3629,54:F0:B1:BC:09:42,,32,159.86057233810425,C1,0,1
3630,54:F0:B1:BC:09:60,eduroam,20,159.86057233810425,C1,0,1
3631,54:F0:B1:BC:09:61,PoliSemFio,24,159.86057233810425,C1,0,1
3632,54:F0:B1:BC:1B:D0,eduroam,50,159.86057233810425,C1,0,1
3633,54:F0:B1:BC:1B:D1,PoliSemFio,47,159.86057233810425,C1,0,1
3634,54:F0:B1:BC:1B:D2,,45,159.86057233810425,C1,0,1
3635,54:F0:B1:BC:1B:F0,eduroam,37,159.86057233810425,C1,0,1
3636,54:F0:B1:BC:1B:F1,PoliSemFio,37,159.86057233810425,C1,0,1
3637,54:F0:B1:BC:1B:F2,,32,159.86057233810425,C1,0,1
3638,54:F0:B1:BC:27:40,eduroam,62,159.86057233810425,C1,0,1
3639,54:F0:B1:BC:27:41,PoliSemFio,57,159.86057233810425,C1,0,1
3640,54:F0:B1:BC:27:42,,57,159.86057233810425,C1,0,1
3641,54:F0:B1:BC:27:60,eduroam,35,159.86057233810425,C1,0,1
3642,54:F0:B1:BC:27:61,PoliSemFio,35,159.86057233810425,C1,0,1
3643,54:F0:B1:BC:27:62,,30,159.86057233810425,C1,0,1
3644,54:F0:B1:BC:28:C0,eduroam,10,159.86057233810425,C1,0,1
3645,54:F0:B1:BC:2E:90,eduroam,80,159.86057233810425,C1,0,1
3646,54:F0:B1:BC:2E:91,PoliSemFio,77,159.86057233810425,C1,0,1
3647,54:F0:B1:BC:2E:92,,77,159.86057233810425,C1,0,1
3648,54:F0:B1:BC:2E:B0,eduroam,52,159.86057233810425,C1,0,1
3649,54:F0:B1:BC:2E:B1,PoliSemFio,52,159.86057233810425,C1,0,1
3650,54:F0:B1:BC:2E:B2,,52,159.86057233810425,C1,0,1
3651,54:F0:B1:BC:2F:50,eduroam,20,159.86057233810425,C1,0,1
3652,54:F0:B1:BC:2F:51,PoliSemFio,25,159.86057233810425,C1,0,1
3653,54:F0:B1:BC:36:10,PoliSemFio,29,159.86057233810425,C1,0,1
3654,54:F0:B1:BC:3F:10,eduroam,42,159.86057233810425,C1,0,1
3655,54:F0:B1:BC:65:B0,eduroam,29,159.86057233810425,C1,0,1
3656,54:F0:B1:BC:65:B1,PoliSemFio,27,159.86057233810425,C1,0,1
3657,54:F0:B1:BC:65:B2,,29,159.86057233810425,C1,0,1
3658,54:F0:B1:BC:70:00,eduroam,39,159.86057233810425,C1,0,1
3659,54:F0:B1:BC:77:80,eduroam,47,159.86057233810425,C1,0,1
3660,54:F0:B1:BC:77:81,PoliSemFio,54,159.86057233810425,C1,0,1
3661,54:F0:B1:BC:77:A0,eduroam,29,159.86057233810425,C1,0,1
3662,54:F0:B1:BC:77:A1,PoliSemFio,27,159.86057233810425,C1,0,1
3663,54:F0:B1:BC:7C:F0,eduroam,17,159.86057233810425,C1,0,1
3664,54:F0:B1:BC:7C:F1,PoliSemFio,25,159.86057233810425,C1,0,1
3665,54:F0:B1:BC:7C:F2,,25,159.86057233810425,C1,0,1
3666,68:FF:7B:47:78:BE,C1-22M,32,159.86057233810425,C1,0,1
3667,70:62:B8:6E:72:A0,PCS-wireless-C1-13,29,159.86057233810425,C1,0,1
3668,70:62:B8:6E:72:A1,PPGEE,32,159.86057233810425,C1,0,1
3669,70:D8:23:BC:B9:B3,,19,159.86057233810425,C1,0,1
3670,84:C9:B2:A2:8E:40,Lab-Gem,27,159.86057233810425,C1,0,1
3671,84:D4:7E:06:4F:E1,PoliSemFio,30,159.86057233810425,C1,0,1
3672,84:D4:7E:06:4F:E2,,34,159.86057233810425,C1,0,1
3673,84:D4:7E:9D:EE:C0,eduroam,22,159.86057233810425,C1,0,1
3674,84:D4:7E:9D:EE:C1,FEAnet,19,159.86057233810425,C1,0,1
3675,84:D4:7E:9E:1A:61,FEAnet,20,159.86057233810425,C1,0,1
3676,DC:9F:DB:1B:1F:D7,LWN-3,29,159.86057233810425,C1,0,1
3677,DC:9F:DB:1C:1F:D7,LWN-3,54,159.86057233810425,C1,0,1
3678,DE:9F:DB:1B:1F:D7,LARC Guest,30,159.86057233810425,C1,0,1
3679,DE:9F:DB:1C:1F:D7,LARC Guest,55,159.86057233810425,C1,0,1
3680,EE:9F:DB:1C:1F:D7,,42,159.86057233810425,C1,0,1
3681,F8:1A:67:99:55:8E,NUCLEAR_CHF,15,159.86057233810425,C1,0,1
3682,FE:9F:DB:1B:1F:D7,,14,159.86057233810425,C1,0,1
3683,FE:9F:DB:1C:1F:D7,,42,159.86057233810425,C1,0,1
3684,FE:9F:DB:1C:1F:E0,,17,159.86057233810425,C1,0,1
3685,00:14:BF:B4:9D:38,lme-wifi-ml,14,162.52697205543518,C1,0,1
3686,00:21:91:70:9D:EC,LAB-DIDATICO,19,162.52697205543518,C1,0,1
3687,1C:5F:2B:FF:9B:B4,LSA,30,162.52697205543518,C1,0,1
3688,20:AA:4B:A7:19:74,LAA03,40,162.52697205543518,C1,0,1
3689,2A:56:5A:49:06:54,DIRECT-54-HP M132f LaserJet,20,162.52697205543518,C1,0,1
3690,30:85:A9:69:F2:E4,PCS-Wireless-C2-22,47,162.52697205543518,C1,0,1
3691,30:85:A9:69:FB:0A,PCS-Wireless,24,162.52697205543518,C1,0,1
3692,34:60:F9:A3:D9:13,GASWIFI-5G_C2,22,162.52697205543518,C1,0,1
3693,34:60:F9:A3:D9:14,GASWIFI-2G_C2,44,162.52697205543518,C1,0,1
3694,34:CE:00:51:3E:6F,Lab,29,162.52697205543518,C1,0,1
3695,3A:60:F9:A3:D9:14,,54,162.52697205543518,C1,0,1
3696,46:D2:44:04:08:05,DIRECT-44048805,22,162.52697205543518,C1,0,1
3697,54:B8:0A:AA:2C:8C,LAB_DIGITAL,27,162.52697205543518,C1,0,1
3698,54:B8:0A:AA:2C:8D,PCS-Wireless,35,162.52697205543518,C1,0,1
3699,54:F0:B1:A1:58:00,eduroam,25,162.52697205543518,C1,0,1
3700,54:F0:B1:A1:58:01,PoliSemFio,29,162.52697205543518,C1,0,1
3701,54:F0:B1:A1:58:02,,29,162.52697205543518,C1,0,1
3702,54:F0:B1:A1:E2:80,CEE,5,162.52697205543518,C1,0,1
3703,54:F0:B1:A1:E2:90,CEE,14,162.52697205543518,C1,0,1
3704,54:F0:B1:A1:E2:91,eduroam,24,162.52697205543518,C1,0,1
3705,54:F0:B1:A1:E5:02,,24,162.52697205543518,C1,0,1
3706,54:F0:B1:A2:37:E0,eduroam,42,162.52697205543518,C1,0,1
3707,54:F0:B1:A2:37:E2,,35,162.52697205543518,C1,0,1
3708,54:F0:B1:A2:4A:60,eduroam,12,162.52697205543518,C1,0,1
3709,54:F0:B1:A2:4A:61,PoliSemFio,12,162.52697205543518,C1,0,1
3710,54:F0:B1:A2:4A:62,,10,162.52697205543518,C1,0,1
3711,54:F0:B1:A2:4A:70,eduroam,27,162.52697205543518,C1,0,1
3712,54:F0:B1:A2:4A:71,PoliSemFio,32,162.52697205543518,C1,0,1
3713,54:F0:B1:A2:4A:72,,34,162.52697205543518,C1,0,1
3714,54:F0:B1:A2:56:60,eduroam,34,162.52697205543518,C1,0,1
3715,54:F0:B1:A2:56:61,PoliSemFio,37,162.52697205543518,C1,0,1
3716,54:F0:B1:A2:56:62,,32,162.52697205543518,C1,0,1
3717,54:F0:B1:A2:56:70,eduroam,45,162.52697205543518,C1,0,1
3718,54:F0:B1:A2:56:71,PoliSemFio,50,162.52697205543518,C1,0,1
3719,54:F0:B1:A2:57:30,eduroam,17,162.52697205543518,C1,0,1
3720,54:F0:B1:BB:58:A3,CAEEL,14,162.52697205543518,C1,0,1
3721,54:F0:B1:BB:5A:80,eduroam,32,162.52697205543518,C1,0,1
3722,54:F0:B1:BB:5A:82,HACKER,42,162.52697205543518,C1,0,1
3723,54:F0:B1:BB:5A:83,LEP,44,162.52697205543518,C1,0,1
3724,54:F0:B1:BB:5A:84,,39,162.52697205543518,C1,0,1
3725,54:F0:B1:BB:5A:A0,eduroam,15,162.52697205543518,C1,0,1
3726,54:F0:B1:BB:5A:A1,PoliSemFio,14,162.52697205543518,C1,0,1
3727,54:F0:B1:BB:5A:A2,HACKER,14,162.52697205543518,C1,0,1
3728,54:F0:B1:BB:5A:A3,LEP,15,162.52697205543518,C1,0,1
3729,54:F0:B1:BB:5F:90,eduroam,37,162.52697205543518,C1,0,1
3730,54:F0:B1:BB:5F:B0,eduroam,20,162.52697205543518,C1,0,1
3731,54:F0:B1:BB:5F:B1,PoliSemFio,20,162.52697205543518,C1,0,1
3732,54:F0:B1:BB:80:C0,eduroam,42,162.52697205543518,C1,0,1
3733,54:F0:B1:BB:80:C2,,30,162.52697205543518,C1,0,1
3734,54:F0:B1:BB:80:C3,LABPROG,44,162.52697205543518,C1,0,1
3735,54:F0:B1:BB:80:E3,LABPROG,10,162.52697205543518,C1,0,1
3736,54:F0:B1:BB:84:B2,,35,162.52697205543518,C1,0,1
3737,54:F0:B1:BB:A7:60,eduroam,14,162.52697205543518,C1,0,1
3738,54:F0:B1:BB:BC:00,eduroam,25,162.52697205543518,C1,0,1
3739,54:F0:B1:BB:BC:01,PoliSemFio,32,162.52697205543518,C1,0,1
3740,54:F0:B1:BB:BC:03,CAEEL,17,162.52697205543518,C1,0,1
3741,54:F0:B1:BB:BC:20,eduroam,10,162.52697205543518,C1,0,1
3742,54:F0:B1:BB:BC:21,PoliSemFio,10,162.52697205543518,C1,0,1
3743,54:F0:B1:BB:BC:22,,12,162.52697205543518,C1,0,1
3744,54:F0:B1:BB:BC:23,CAEEL,14,162.52697205543518,C1,0,1
3745,54:F0:B1:BB:BE:10,eduroam,22,162.52697205543518,C1,0,1
3746,54:F0:B1:BB:BE:30,eduroam,17,162.52697205543518,C1,0,1
3747,54:F0:B1:BB:BE:31,PoliSemFio,19,162.52697205543518,C1,0,1
3748,54:F0:B1:BB:BE:33,CAEEL,17,162.52697205543518,C1,0,1
3749,54:F0:B1:BB:C4:F0,eduroam,45,162.52697205543518,C1,0,1
3750,54:F0:B1:BB:C4:F1,PoliSemFio,45,162.52697205543518,C1,0,1
3751,54:F0:B1:BB:C6:E0,eduroam,17,162.52697205543518,C1,0,1
3752,54:F0:B1:BB:CD:A0,eduroam,42,162.52697205543518,C1,0,1
3753,54:F0:B1:BB:CD:C0,eduroam,14,162.52697205543518,C1,0,1
3754,54:F0:B1:BB:CD:C1,PoliSemFio,12,162.52697205543518,C1,0,1
3755,54:F0:B1:BB:CD:C2,,10,162.52697205543518,C1,0,1
3756,54:F0:B1:BB:FD:D0,eduroam,34,162.52697205543518,C1,0,1
3757,54:F0:B1:BB:FD:D1,PoliSemFio,34,162.52697205543518,C1,0,1
3758,54:F0:B1:BB:FD:D2,,34,162.52697205543518,C1,0,1
3759,54:F0:B1:BC:09:40,eduroam,59,162.52697205543518,C1,0,1
3760,54:F0:B1:BC:09:41,PoliSemFio,47,162.52697205543518,C1,0,1
3761,54:F0:B1:BC:09:42,,32,162.52697205543518,C1,0,1
3762,54:F0:B1:BC:09:60,eduroam,20,162.52697205543518,C1,0,1
3763,54:F0:B1:BC:09:61,PoliSemFio,24,162.52697205543518,C1,0,1
3764,54:F0:B1:BC:1B:D0,eduroam,50,162.52697205543518,C1,0,1
3765,54:F0:B1:BC:1B:D1,PoliSemFio,47,162.52697205543518,C1,0,1
3766,54:F0:B1:BC:1B:D2,,45,162.52697205543518,C1,0,1
3767,54:F0:B1:BC:1B:F0,eduroam,37,162.52697205543518,C1,0,1
3768,54:F0:B1:BC:1B:F1,PoliSemFio,37,162.52697205543518,C1,0,1
3769,54:F0:B1:BC:1B:F2,,32,162.52697205543518,C1,0,1
3770,54:F0:B1:BC:27:40,eduroam,62,162.52697205543518,C1,0,1
3771,54:F0:B1:BC:27:41,PoliSemFio,57,162.52697205543518,C1,0,1
3772,54:F0:B1:BC:27:42,,57,162.52697205543518,C1,0,1
3773,54:F0:B1:BC:27:60,eduroam,35,162.52697205543518,C1,0,1
3774,54:F0:B1:BC:27:61,PoliSemFio,35,162.52697205543518,C1,0,1
3775,54:F0:B1:BC:27:62,,30,162.52697205543518,C1,0,1
3776,54:F0:B1:BC:28:C0,eduroam,10,162.52697205543518,C1,0,1
3777,54:F0:B1:BC:2E:90,eduroam,80,162.52697205543518,C1,0,1
3778,54:F0:B1:BC:2E:91,PoliSemFio,77,162.52697205543518,C1,0,1
3779,54:F0:B1:BC:2E:92,,77,162.52697205543518,C1,0,1
3780,54:F0:B1:BC:2E:B0,eduroam,57,162.52697205543518,C1,0,1
3781,54:F0:B1:BC:2E:B1,PoliSemFio,52,162.52697205543518,C1,0,1
3782,54:F0:B1:BC:2E:B2,,52,162.52697205543518,C1,0,1
3783,54:F0:B1:BC:2F:50,eduroam,20,162.52697205543518,C1,0,1
3784,54:F0:B1:BC:2F:51,PoliSemFio,25,162.52697205543518,C1,0,1
3785,54:F0:B1:BC:36:10,PoliSemFio,29,162.52697205543518,C1,0,1
3786,54:F0:B1:BC:3F:10,eduroam,42,162.52697205543518,C1,0,1
3787,54:F0:B1:BC:65:B0,eduroam,29,162.52697205543518,C1,0,1
3788,54:F0:B1:BC:65:B1,PoliSemFio,27,162.52697205543518,C1,0,1
3789,54:F0:B1:BC:65:B2,,29,162.52697205543518,C1,0,1
3790,54:F0:B1:BC:70:00,eduroam,39,162.52697205543518,C1,0,1
3791,54:F0:B1:BC:77:80,eduroam,47,162.52697205543518,C1,0,1
3792,54:F0:B1:BC:77:81,PoliSemFio,54,162.52697205543518,C1,0,1
3793,54:F0:B1:BC:77:A0,eduroam,29,162.52697205543518,C1,0,1
3794,54:F0:B1:BC:77:A1,PoliSemFio,27,162.52697205543518,C1,0,1
3795,54:F0:B1:BC:7C:F0,eduroam,17,162.52697205543518,C1,0,1
3796,54:F0:B1:BC:7C:F1,PoliSemFio,25,162.52697205543518,C1,0,1
3797,54:F0:B1:BC:7C:F2,,25,162.52697205543518,C1,0,1
3798,68:FF:7B:47:78:BE,C1-22M,32,162.52697205543518,C1,0,1
3799,70:62:B8:6E:72:A0,PCS-wireless-C1-13,29,162.52697205543518,C1,0,1
3800,70:62:B8:6E:72:A1,PPGEE,32,162.52697205543518,C1,0,1
3801,70:D8:23:BC:B9:B3,,19,162.52697205543518,C1,0,1
3802,84:C9:B2:A2:8E:40,Lab-Gem,27,162.52697205543518,C1,0,1
3803,84:D4:7E:06:4F:E1,PoliSemFio,30,162.52697205543518,C1,0,1
3804,84:D4:7E:06:4F:E2,,34,162.52697205543518,C1,0,1
3805,84:D4:7E:9D:EE:C0,eduroam,22,162.52697205543518,C1,0,1
3806,84:D4:7E:9D:EE:C1,FEAnet,19,162.52697205543518,C1,0,1
3807,84:D4:7E:9E:1A:61,FEAnet,20,162.52697205543518,C1,0,1
3808,DC:9F:DB:1B:1F:D7,LWN-3,29,162.52697205543518,C1,0,1
3809,DC:9F:DB:1C:1F:D7,LWN-3,54,162.52697205543518,C1,0,1
3810,DE:9F:DB:1B:1F:D7,LARC Guest,30,162.52697205543518,C1,0,1
3811,DE:9F:DB:1C:1F:D7,LARC Guest,55,162.52697205543518,C1,0,1
3812,EE:9F:DB:1C:1F:D7,,42,162.52697205543518,C1,0,1
3813,F8:1A:67:99:55:8E,NUCLEAR_CHF,15,162.52697205543518,C1,0,1
3814,FE:9F:DB:1B:1F:D7,,14,162.52697205543518,C1,0,1
3815,FE:9F:DB:1C:1F:D7,,42,162.52697205543518,C1,0,1
3816,FE:9F:DB:1C:1F:E0,,17,162.52697205543518,C1,0,1
