,ap_mac,ap_name,rssi,timestamp,room,door_status,room_part
0,00:18:E7:FF:8C:98,dlink,22,4.540781021118164,C2,0,1
1,00:21:91:70:9D:EC,LAB-DIDATICO,25,4.540781021118164,C2,0,1
2,1C:5F:2B:FF:9B:B4,LSA,27,4.540781021118164,C2,0,1
3,20:AA:4B:A7:19:74,LAA03,25,4.540781021118164,C2,0,1
4,30:85:A9:69:F2:E4,PCS-Wireless-C2-22,49,4.540781021118164,C2,0,1
5,34:60:F9:A3:D9:14,GASWIFI-2G_C2,39,4.540781021118164,C2,0,1
6,34:CE:00:51:3E:6F,Lab,30,4.540781021118164,C2,0,1
7,3A:60:F9:A3:D9:13,,15,4.540781021118164,C2,0,1
8,3A:60:F9:A3:D9:14,,54,4.540781021118164,C2,0,1
9,3A:8D:BB:D0:1E:B3,Diego Galaxy S21 FE 5G,19,4.540781021118164,C2,0,1
10,46:D2:44:04:08:05,DIRECT-44048805,17,4.540781021118164,C2,0,1
11,54:B8:0A:AA:2C:8C,LAB_DIGITAL,19,4.540781021118164,C2,0,1
12,54:B8:0A:AA:2C:8D,PCS-Wireless,34,4.540781021118164,C2,0,1
13,54:F0:B1:A1:1A:43,CAEEL,5,4.540781021118164,C2,0,1
14,54:F0:B1:A1:58:00,eduroam,19,4.540781021118164,C2,0,1
15,54:F0:B1:A1:58:01,PoliSemFio,19,4.540781021118164,C2,0,1
16,54:F0:B1:A1:58:02,,20,4.540781021118164,C2,0,1
17,54:F0:B1:A1:E2:91,eduroam,17,4.540781021118164,C2,0,1
18,54:F0:B1:A1:E5:00,eduroam,19,4.540781021118164,C2,0,1
19,54:F0:B1:A2:37:E0,eduroam,22,4.540781021118164,C2,0,1
20,54:F0:B1:A2:37:E2,,37,4.540781021118164,C2,0,1
21,54:F0:B1:A2:4A:60,eduroam,12,4.540781021118164,C2,0,1
22,54:F0:B1:A2:4A:61,PoliSemFio,12,4.540781021118164,C2,0,1
23,54:F0:B1:A2:4A:70,eduroam,39,4.540781021118164,C2,0,1
24,54:F0:B1:A2:4A:71,PoliSemFio,30,4.540781021118164,C2,0,1
25,54:F0:B1:A2:4A:72,,32,4.540781021118164,C2,0,1
26,54:F0:B1:A2:56:60,eduroam,44,4.540781021118164,C2,0,1
27,54:F0:B1:A2:56:61,PoliSemFio,30,4.540781021118164,C2,0,1
28,54:F0:B1:A2:56:70,eduroam,37,4.540781021118164,C2,0,1
29,54:F0:B1:A2:57:30,eduroam,17,4.540781021118164,C2,0,1
30,54:F0:B1:A2:57:33,LCA,12,4.540781021118164,C2,0,1
31,54:F0:B1:BB:5A:80,eduroam,49,4.540781021118164,C2,0,1
32,54:F0:B1:BB:5A:81,PoliSemFio,45,4.540781021118164,C2,0,1
33,54:F0:B1:BB:5A:82,HACKER,49,4.540781021118164,C2,0,1
34,54:F0:B1:BB:5A:83,LEP,50,4.540781021118164,C2,0,1
35,54:F0:B1:BB:5A:84,,47,4.540781021118164,C2,0,1
36,54:F0:B1:BB:5A:A1,PoliSemFio,12,4.540781021118164,C2,0,1
37,54:F0:B1:BB:5A:A2,HACKER,15,4.540781021118164,C2,0,1
38,54:F0:B1:BB:5A:A3,LEP,14,4.540781021118164,C2,0,1
39,54:F0:B1:BB:5F:B0,eduroam,19,4.540781021118164,C2,0,1
40,54:F0:B1:BB:5F:B1,PoliSemFio,17,4.540781021118164,C2,0,1
41,54:F0:B1:BB:5F:B2,,17,4.540781021118164,C2,0,1
42,54:F0:B1:BB:73:40,eduroam,20,4.540781021118164,C2,0,1
43,54:F0:B1:BB:80:C0,eduroam,34,4.540781021118164,C2,0,1
44,54:F0:B1:BB:80:C2,,37,4.540781021118164,C2,0,1
45,54:F0:B1:BB:80:C3,LABPROG,35,4.540781021118164,C2,0,1
46,54:F0:B1:BB:90:E0,eduroam,24,4.540781021118164,C2,0,1
47,54:F0:B1:BB:A7:60,eduroam,12,4.540781021118164,C2,0,1
48,54:F0:B1:BB:BC:00,eduroam,24,4.540781021118164,C2,0,1
49,54:F0:B1:BB:BC:01,PoliSemFio,27,4.540781021118164,C2,0,1
50,54:F0:B1:BB:BC:02,,29,4.540781021118164,C2,0,1
51,54:F0:B1:BB:BC:20,eduroam,17,4.540781021118164,C2,0,1
52,54:F0:B1:BB:BC:21,PoliSemFio,17,4.540781021118164,C2,0,1
53,54:F0:B1:BB:BC:23,CAEEL,15,4.540781021118164,C2,0,1
54,54:F0:B1:BB:BE:10,eduroam,40,4.540781021118164,C2,0,1
55,54:F0:B1:BB:BE:30,eduroam,12,4.540781021118164,C2,0,1
56,54:F0:B1:BB:BE:31,PoliSemFio,15,4.540781021118164,C2,0,1
57,54:F0:B1:BB:BE:33,CAEEL,14,4.540781021118164,C2,0,1
58,54:F0:B1:BB:C4:D0,eduroam,45,4.540781021118164,C2,0,1
59,54:F0:B1:BB:C4:F0,eduroam,44,4.540781021118164,C2,0,1
60,54:F0:B1:BB:C4:F1,PoliSemFio,44,4.540781021118164,C2,0,1
61,54:F0:B1:BB:C6:E0,eduroam,5,4.540781021118164,C2,0,1
62,54:F0:B1:BB:F3:20,eduroam,27,4.540781021118164,C2,0,1
63,54:F0:B1:BB:F3:21,PoliSemFio,17,4.540781021118164,C2,0,1
64,54:F0:B1:BB:FD:D0,eduroam,30,4.540781021118164,C2,0,1
65,54:F0:B1:BB:FD:D1,PoliSemFio,35,4.540781021118164,C2,0,1
66,54:F0:B1:BB:FD:D2,,30,4.540781021118164,C2,0,1
67,54:F0:B1:BC:09:40,eduroam,55,4.540781021118164,C2,0,1
68,54:F0:B1:BC:09:41,PoliSemFio,37,4.540781021118164,C2,0,1
69,54:F0:B1:BC:09:42,,35,4.540781021118164,C2,0,1
70,54:F0:B1:BC:09:60,eduroam,24,4.540781021118164,C2,0,1
71,54:F0:B1:BC:09:61,PoliSemFio,17,4.540781021118164,C2,0,1
72,54:F0:B1:BC:1B:D0,eduroam,59,4.540781021118164,C2,0,1
73,54:F0:B1:BC:1B:D1,PoliSemFio,59,4.540781021118164,C2,0,1
74,54:F0:B1:BC:1B:D2,,59,4.540781021118164,C2,0,1
75,54:F0:B1:BC:1B:F0,eduroam,44,4.540781021118164,C2,0,1
76,54:F0:B1:BC:1B:F1,PoliSemFio,44,4.540781021118164,C2,0,1
77,54:F0:B1:BC:27:40,eduroam,39,4.540781021118164,C2,0,1
78,54:F0:B1:BC:27:41,PoliSemFio,35,4.540781021118164,C2,0,1
79,54:F0:B1:BC:27:42,,62,4.540781021118164,C2,0,1
80,54:F0:B1:BC:27:60,eduroam,40,4.540781021118164,C2,0,1
81,54:F0:B1:BC:27:61,PoliSemFio,40,4.540781021118164,C2,0,1
82,54:F0:B1:BC:2E:90,eduroam,69,4.540781021118164,C2,0,1
83,54:F0:B1:BC:2E:91,PoliSemFio,74,4.540781021118164,C2,0,1
84,54:F0:B1:BC:2E:92,,64,4.540781021118164,C2,0,1
85,54:F0:B1:BC:2E:B0,eduroam,52,4.540781021118164,C2,0,1
86,54:F0:B1:BC:2E:B1,PoliSemFio,45,4.540781021118164,C2,0,1
87,54:F0:B1:BC:2F:50,eduroam,30,4.540781021118164,C2,0,1
88,54:F0:B1:BC:2F:51,PoliSemFio,24,4.540781021118164,C2,0,1
89,54:F0:B1:BC:2F:52,,25,4.540781021118164,C2,0,1
90,54:F0:B1:BC:35:20,eduroam,5,4.540781021118164,C2,0,1
91,54:F0:B1:BC:36:10,PoliSemFio,29,4.540781021118164,C2,0,1
92,54:F0:B1:BC:36:11,eduroam,24,4.540781021118164,C2,0,1
93,54:F0:B1:BC:36:12,,29,4.540781021118164,C2,0,1
94,54:F0:B1:BC:3F:10,eduroam,35,4.540781021118164,C2,0,1
95,54:F0:B1:BC:43:60,eduroam,34,4.540781021118164,C2,0,1
96,54:F0:B1:BC:65:B1,PoliSemFio,22,4.540781021118164,C2,0,1
97,54:F0:B1:BC:65:B2,,22,4.540781021118164,C2,0,1
98,54:F0:B1:BC:70:00,eduroam,14,4.540781021118164,C2,0,1
99,54:F0:B1:BC:77:80,eduroam,27,4.540781021118164,C2,0,1
100,54:F0:B1:BC:77:82,,32,4.540781021118164,C2,0,1
101,54:F0:B1:BC:77:A0,eduroam,30,4.540781021118164,C2,0,1
102,54:F0:B1:BC:77:A1,PoliSemFio,30,4.540781021118164,C2,0,1
103,54:F0:B1:BC:77:A2,,30,4.540781021118164,C2,0,1
104,54:F0:B1:BC:7C:F0,eduroam,15,4.540781021118164,C2,0,1
105,56:60:F9:A3:E7:3F,,20,4.540781021118164,C2,0,1
106,68:FF:7B:47:78:BE,C1-22M,30,4.540781021118164,C2,0,1
107,6C:72:20:75:38:65,ASV-C262,30,4.540781021118164,C2,0,1
108,70:62:B8:6E:72:A0,PCS-wireless-C1-13,25,4.540781021118164,C2,0,1
109,70:62:B8:6E:72:A1,PPGEE,22,4.540781021118164,C2,0,1
110,70:D8:23:BC:B9:B3,,19,4.540781021118164,C2,0,1
111,84:D4:7E:06:4F:E0,eduroam,27,4.540781021118164,C2,0,1
112,84:D4:7E:06:4F:E1,PoliSemFio,37,4.540781021118164,C2,0,1
113,84:D4:7E:9D:EE:C0,eduroam,14,4.540781021118164,C2,0,1
114,84:D4:7E:9D:EE:C1,FEAnet,12,4.540781021118164,C2,0,1
115,84:D4:7E:9D:EE:D0,eduroam,12,4.540781021118164,C2,0,1
116,84:D4:7E:9D:EE:D1,FEAnet,14,4.540781021118164,C2,0,1
117,84:D4:7E:9E:1A:61,FEAnet,19,4.540781021118164,C2,0,1
118,A0:3E:1A:3A:A0:EC,op-router2G,7,4.540781021118164,C2,0,1
119,AA:6B:AD:82:46:CC,DIRECT-cc-HP M132f LaserJet,25,4.540781021118164,C2,0,1
120,DC:9F:DB:1B:1F:D7,LWN-3,25,4.540781021118164,C2,0,1
121,DC:9F:DB:1C:1F:D7,LWN-3,42,4.540781021118164,C2,0,1
122,DE:9F:DB:1B:1F:D7,LARC Guest,25,4.540781021118164,C2,0,1
123,DE:9F:DB:1C:1F:D7,LARC Guest,44,4.540781021118164,C2,0,1
124,EE:9F:DB:1B:1F:D7,,25,4.540781021118164,C2,0,1
125,EE:9F:DB:1C:1F:D7,,42,4.540781021118164,C2,0,1
126,F8:1A:67:99:55:8E,NUCLEAR_CHF,27,4.540781021118164,C2,0,1
127,FE:9F:DB:1C:1F:D7,,50,4.540781021118164,C2,0,1
128,00:18:E7:FF:8C:98,dlink,24,7.19429874420166,C2,0,1
129,00:21:91:70:9D:EC,LAB-DIDATICO,17,7.19429874420166,C2,0,1
130,1C:5F:2B:FF:9B:B4,LSA,27,7.19429874420166,C2,0,1
131,20:AA:4B:A7:19:74,LAA03,27,7.19429874420166,C2,0,1
132,30:85:A9:69:F2:E4,PCS-Wireless-C2-22,49,7.19429874420166,C2,0,1
133,34:60:F9:A3:D9:14,GASWIFI-2G_C2,35,7.19429874420166,C2,0,1
134,34:CE:00:51:3E:6F,Lab,27,7.19429874420166,C2,0,1
135,3A:60:F9:A3:D9:13,,15,7.19429874420166,C2,0,1
136,3A:60:F9:A3:D9:14,,54,7.19429874420166,C2,0,1
137,46:D2:44:04:08:05,DIRECT-44048805,17,7.19429874420166,C2,0,1
138,54:B8:0A:AA:2C:8C,LAB_DIGITAL,20,7.19429874420166,C2,0,1
139,54:B8:0A:AA:2C:8D,PCS-Wireless,34,7.19429874420166,C2,0,1
140,54:F0:B1:A1:1A:43,CAEEL,5,7.19429874420166,C2,0,1
141,54:F0:B1:A1:1A:50,eduroam,17,7.19429874420166,C2,0,1
142,54:F0:B1:A1:58:00,eduroam,20,7.19429874420166,C2,0,1
143,54:F0:B1:A1:E2:91,eduroam,17,7.19429874420166,C2,0,1
144,54:F0:B1:A1:E5:00,eduroam,19,7.19429874420166,C2,0,1
145,54:F0:B1:A2:37:E0,eduroam,22,7.19429874420166,C2,0,1
146,54:F0:B1:A2:4A:60,eduroam,12,7.19429874420166,C2,0,1
147,54:F0:B1:A2:4A:61,PoliSemFio,12,7.19429874420166,C2,0,1
148,54:F0:B1:A2:4A:70,eduroam,19,7.19429874420166,C2,0,1
149,54:F0:B1:A2:56:60,eduroam,44,7.19429874420166,C2,0,1
150,54:F0:B1:A2:56:61,PoliSemFio,30,7.19429874420166,C2,0,1
151,54:F0:B1:A2:56:70,eduroam,37,7.19429874420166,C2,0,1
152,54:F0:B1:A2:57:30,eduroam,17,7.19429874420166,C2,0,1
153,54:F0:B1:A2:57:33,LCA,12,7.19429874420166,C2,0,1
154,54:F0:B1:BB:5A:80,eduroam,40,7.19429874420166,C2,0,1
155,54:F0:B1:BB:5A:82,HACKER,44,7.19429874420166,C2,0,1
156,54:F0:B1:BB:5A:83,LEP,42,7.19429874420166,C2,0,1
157,54:F0:B1:BB:5A:84,,39,7.19429874420166,C2,0,1
158,54:F0:B1:BB:5A:A0,eduroam,12,7.19429874420166,C2,0,1
159,54:F0:B1:BB:5A:A1,PoliSemFio,12,7.19429874420166,C2,0,1
160,54:F0:B1:BB:5A:A2,HACKER,14,7.19429874420166,C2,0,1
161,54:F0:B1:BB:5A:A3,LEP,17,7.19429874420166,C2,0,1
162,54:F0:B1:BB:5F:B0,eduroam,12,7.19429874420166,C2,0,1
163,54:F0:B1:BB:5F:B1,PoliSemFio,12,7.19429874420166,C2,0,1
164,54:F0:B1:BB:73:40,eduroam,10,7.19429874420166,C2,0,1
165,54:F0:B1:BB:80:C0,eduroam,34,7.19429874420166,C2,0,1
166,54:F0:B1:BB:80:C2,,37,7.19429874420166,C2,0,1
167,54:F0:B1:BB:80:C3,LABPROG,35,7.19429874420166,C2,0,1
168,54:F0:B1:BB:A7:60,eduroam,12,7.19429874420166,C2,0,1
169,54:F0:B1:BB:BC:00,eduroam,24,7.19429874420166,C2,0,1
170,54:F0:B1:BB:BC:01,PoliSemFio,27,7.19429874420166,C2,0,1
171,54:F0:B1:BB:BC:02,,29,7.19429874420166,C2,0,1
172,54:F0:B1:BB:BC:20,eduroam,17,7.19429874420166,C2,0,1
173,54:F0:B1:BB:BC:21,PoliSemFio,17,7.19429874420166,C2,0,1
174,54:F0:B1:BB:BC:23,CAEEL,15,7.19429874420166,C2,0,1
175,54:F0:B1:BB:BE:10,eduroam,20,7.19429874420166,C2,0,1
176,54:F0:B1:BB:BE:13,CAEEL,15,7.19429874420166,C2,0,1
177,54:F0:B1:BB:BE:30,eduroam,12,7.19429874420166,C2,0,1
178,54:F0:B1:BB:BE:31,PoliSemFio,15,7.19429874420166,C2,0,1
179,54:F0:B1:BB:BE:33,CAEEL,14,7.19429874420166,C2,0,1
180,54:F0:B1:BB:C4:D0,eduroam,45,7.19429874420166,C2,0,1
181,54:F0:B1:BB:C4:F0,eduroam,44,7.19429874420166,C2,0,1
182,54:F0:B1:BB:C4:F1,PoliSemFio,44,7.19429874420166,C2,0,1
183,54:F0:B1:BB:C6:E0,eduroam,5,7.19429874420166,C2,0,1
184,54:F0:B1:BB:F3:20,eduroam,27,7.19429874420166,C2,0,1
185,54:F0:B1:BB:FD:D0,eduroam,22,7.19429874420166,C2,0,1
186,54:F0:B1:BB:FD:D1,PoliSemFio,30,7.19429874420166,C2,0,1
187,54:F0:B1:BB:FD:D2,,30,7.19429874420166,C2,0,1
188,54:F0:B1:BC:09:40,eduroam,55,7.19429874420166,C2,0,1
189,54:F0:B1:BC:09:41,PoliSemFio,39,7.19429874420166,C2,0,1
190,54:F0:B1:BC:09:42,,39,7.19429874420166,C2,0,1
191,54:F0:B1:BC:09:60,eduroam,24,7.19429874420166,C2,0,1
192,54:F0:B1:BC:09:61,PoliSemFio,19,7.19429874420166,C2,0,1
193,54:F0:B1:BC:1B:D0,eduroam,42,7.19429874420166,C2,0,1
194,54:F0:B1:BC:1B:D1,PoliSemFio,59,7.19429874420166,C2,0,1
195,54:F0:B1:BC:1B:D2,,59,7.19429874420166,C2,0,1
196,54:F0:B1:BC:1B:F0,eduroam,24,7.19429874420166,C2,0,1
197,54:F0:B1:BC:1B:F1,PoliSemFio,25,7.19429874420166,C2,0,1
198,54:F0:B1:BC:27:40,eduroam,39,7.19429874420166,C2,0,1
199,54:F0:B1:BC:27:41,PoliSemFio,34,7.19429874420166,C2,0,1
200,54:F0:B1:BC:27:42,,32,7.19429874420166,C2,0,1
201,54:F0:B1:BC:27:60,eduroam,40,7.19429874420166,C2,0,1
202,54:F0:B1:BC:27:61,PoliSemFio,40,7.19429874420166,C2,0,1
203,54:F0:B1:BC:2E:90,eduroam,62,7.19429874420166,C2,0,1
204,54:F0:B1:BC:2E:91,PoliSemFio,64,7.19429874420166,C2,0,1
205,54:F0:B1:BC:2E:92,,64,7.19429874420166,C2,0,1
206,54:F0:B1:BC:2E:B0,eduroam,37,7.19429874420166,C2,0,1
207,54:F0:B1:BC:2E:B1,PoliSemFio,37,7.19429874420166,C2,0,1
208,54:F0:B1:BC:2F:50,eduroam,22,7.19429874420166,C2,0,1
209,54:F0:B1:BC:2F:51,PoliSemFio,25,7.19429874420166,C2,0,1
210,54:F0:B1:BC:2F:52,,24,7.19429874420166,C2,0,1
211,54:F0:B1:BC:35:20,eduroam,5,7.19429874420166,C2,0,1
212,54:F0:B1:BC:36:10,PoliSemFio,29,7.19429874420166,C2,0,1
213,54:F0:B1:BC:36:11,eduroam,17,7.19429874420166,C2,0,1
214,54:F0:B1:BC:36:12,,29,7.19429874420166,C2,0,1
215,54:F0:B1:BC:3F:10,eduroam,35,7.19429874420166,C2,0,1
216,54:F0:B1:BC:43:60,eduroam,20,7.19429874420166,C2,0,1
217,54:F0:B1:BC:65:B1,PoliSemFio,24,7.19429874420166,C2,0,1
218,54:F0:B1:BC:65:B2,,22,7.19429874420166,C2,0,1
219,54:F0:B1:BC:70:00,eduroam,14,7.19429874420166,C2,0,1
220,54:F0:B1:BC:77:80,eduroam,27,7.19429874420166,C2,0,1
221,54:F0:B1:BC:77:82,,32,7.19429874420166,C2,0,1
222,54:F0:B1:BC:77:A0,eduroam,17,7.19429874420166,C2,0,1
223,54:F0:B1:BC:77:A1,PoliSemFio,19,7.19429874420166,C2,0,1
224,54:F0:B1:BC:77:A2,,30,7.19429874420166,C2,0,1
225,54:F0:B1:BC:7C:F0,eduroam,15,7.19429874420166,C2,0,1
226,68:FF:7B:47:78:BE,C1-22M,39,7.19429874420166,C2,0,1
227,6C:72:20:75:38:65,ASV-C262,30,7.19429874420166,C2,0,1
228,70:62:B8:6E:72:A0,PCS-wireless-C1-13,25,7.19429874420166,C2,0,1
229,70:62:B8:6E:72:A1,PPGEE,27,7.19429874420166,C2,0,1
230,70:D8:23:BC:B9:B3,,19,7.19429874420166,C2,0,1
231,84:D4:7E:06:4F:E0,eduroam,42,7.19429874420166,C2,0,1
232,84:D4:7E:06:4F:E1,PoliSemFio,42,7.19429874420166,C2,0,1
233,84:D4:7E:06:4F:E2,,40,7.19429874420166,C2,0,1
234,84:D4:7E:9D:EE:C1,FEAnet,12,7.19429874420166,C2,0,1
235,84:D4:7E:9E:1A:61,FEAnet,19,7.19429874420166,C2,0,1
236,AA:6B:AD:82:46:CC,DIRECT-cc-HP M132f LaserJet,22,7.19429874420166,C2,0,1
237,DC:9F:DB:1B:1F:D7,LWN-3,22,7.19429874420166,C2,0,1
238,DC:9F:DB:1C:1F:D7,LWN-3,42,7.19429874420166,C2,0,1
239,DE:9F:DB:1B:1F:D7,LARC Guest,20,7.19429874420166,C2,0,1
240,DE:9F:DB:1C:1F:D7,LARC Guest,44,7.19429874420166,C2,0,1
241,EE:9F:DB:1B:1F:D7,,22,7.19429874420166,C2,0,1
242,EE:9F:DB:1C:1F:D7,,42,7.19429874420166,C2,0,1
243,F8:1A:67:99:55:8E,NUCLEAR_CHF,27,7.19429874420166,C2,0,1
244,FE:9F:DB:1C:1F:D7,,44,7.19429874420166,C2,0,1
245,00:18:E7:FF:8C:98,dlink,24,9.827802896499634,C2,0,1
246,00:21:91:70:9D:EC,LAB-DIDATICO,17,9.827802896499634,C2,0,1
247,1C:5F:2B:FF:9B:B4,LSA,27,9.827802896499634,C2,0,1
248,20:AA:4B:A7:19:74,LAA03,27,9.827802896499634,C2,0,1
249,30:85:A9:69:F2:E4,PCS-Wireless-C2-22,49,9.827802896499634,C2,0,1
250,34:60:F9:A3:D9:14,GASWIFI-2G_C2,35,9.827802896499634,C2,0,1
251,34:CE:00:51:3E:6F,Lab,27,9.827802896499634,C2,0,1
252,3A:60:F9:A3:D9:13,,15,9.827802896499634,C2,0,1
253,3A:60:F9:A3:D9:14,,54,9.827802896499634,C2,0,1
254,46:D2:44:04:08:05,DIRECT-44048805,17,9.827802896499634,C2,0,1
255,54:B8:0A:AA:2C:8C,LAB_DIGITAL,20,9.827802896499634,C2,0,1
256,54:B8:0A:AA:2C:8D,PCS-Wireless,34,9.827802896499634,C2,0,1
257,54:F0:B1:A1:1A:43,CAEEL,5,9.827802896499634,C2,0,1
258,54:F0:B1:A1:1A:50,eduroam,17,9.827802896499634,C2,0,1
259,54:F0:B1:A1:58:00,eduroam,20,9.827802896499634,C2,0,1
260,54:F0:B1:A1:E2:91,eduroam,17,9.827802896499634,C2,0,1
261,54:F0:B1:A1:E5:00,eduroam,19,9.827802896499634,C2,0,1
262,54:F0:B1:A2:37:E0,eduroam,22,9.827802896499634,C2,0,1
263,54:F0:B1:A2:4A:60,eduroam,12,9.827802896499634,C2,0,1
264,54:F0:B1:A2:4A:61,PoliSemFio,12,9.827802896499634,C2,0,1
265,54:F0:B1:A2:4A:70,eduroam,19,9.827802896499634,C2,0,1
266,54:F0:B1:A2:56:60,eduroam,44,9.827802896499634,C2,0,1
267,54:F0:B1:A2:56:61,PoliSemFio,30,9.827802896499634,C2,0,1
268,54:F0:B1:A2:56:70,eduroam,37,9.827802896499634,C2,0,1
269,54:F0:B1:A2:57:30,eduroam,17,9.827802896499634,C2,0,1
270,54:F0:B1:A2:57:33,LCA,12,9.827802896499634,C2,0,1
271,54:F0:B1:BB:5A:80,eduroam,40,9.827802896499634,C2,0,1
272,54:F0:B1:BB:5A:82,HACKER,44,9.827802896499634,C2,0,1
273,54:F0:B1:BB:5A:83,LEP,42,9.827802896499634,C2,0,1
274,54:F0:B1:BB:5A:84,,39,9.827802896499634,C2,0,1
275,54:F0:B1:BB:5A:A0,eduroam,12,9.827802896499634,C2,0,1
276,54:F0:B1:BB:5A:A1,PoliSemFio,12,9.827802896499634,C2,0,1
277,54:F0:B1:BB:5A:A2,HACKER,14,9.827802896499634,C2,0,1
278,54:F0:B1:BB:5A:A3,LEP,17,9.827802896499634,C2,0,1
279,54:F0:B1:BB:5F:B0,eduroam,12,9.827802896499634,C2,0,1
280,54:F0:B1:BB:5F:B1,PoliSemFio,12,9.827802896499634,C2,0,1
281,54:F0:B1:BB:73:40,eduroam,10,9.827802896499634,C2,0,1
282,54:F0:B1:BB:80:C0,eduroam,34,9.827802896499634,C2,0,1
283,54:F0:B1:BB:80:C2,,37,9.827802896499634,C2,0,1
284,54:F0:B1:BB:80:C3,LABPROG,35,9.827802896499634,C2,0,1
285,54:F0:B1:BB:A7:60,eduroam,12,9.827802896499634,C2,0,1
286,54:F0:B1:BB:BC:00,eduroam,24,9.827802896499634,C2,0,1
287,54:F0:B1:BB:BC:01,PoliSemFio,27,9.827802896499634,C2,0,1
288,54:F0:B1:BB:BC:02,,29,9.827802896499634,C2,0,1
289,54:F0:B1:BB:BC:20,eduroam,17,9.827802896499634,C2,0,1
290,54:F0:B1:BB:BC:21,PoliSemFio,17,9.827802896499634,C2,0,1
291,54:F0:B1:BB:BC:23,CAEEL,15,9.827802896499634,C2,0,1
292,54:F0:B1:BB:BE:10,eduroam,20,9.827802896499634,C2,0,1
293,54:F0:B1:BB:BE:13,CAEEL,15,9.827802896499634,C2,0,1
294,54:F0:B1:BB:BE:30,eduroam,12,9.827802896499634,C2,0,1
295,54:F0:B1:BB:BE:31,PoliSemFio,15,9.827802896499634,C2,0,1
296,54:F0:B1:BB:BE:33,CAEEL,14,9.827802896499634,C2,0,1
297,54:F0:B1:BB:C4:D0,eduroam,45,9.827802896499634,C2,0,1
298,54:F0:B1:BB:C4:F0,eduroam,44,9.827802896499634,C2,0,1
299,54:F0:B1:BB:C4:F1,PoliSemFio,44,9.827802896499634,C2,0,1
300,54:F0:B1:BB:C6:E0,eduroam,5,9.827802896499634,C2,0,1
301,54:F0:B1:BB:F3:20,eduroam,27,9.827802896499634,C2,0,1
302,54:F0:B1:BB:FD:D0,eduroam,22,9.827802896499634,C2,0,1
303,54:F0:B1:BB:FD:D1,PoliSemFio,30,9.827802896499634,C2,0,1
304,54:F0:B1:BB:FD:D2,,30,9.827802896499634,C2,0,1
305,54:F0:B1:BC:09:40,eduroam,55,9.827802896499634,C2,0,1
306,54:F0:B1:BC:09:41,PoliSemFio,39,9.827802896499634,C2,0,1
307,54:F0:B1:BC:09:42,,39,9.827802896499634,C2,0,1
308,54:F0:B1:BC:09:60,eduroam,24,9.827802896499634,C2,0,1
309,54:F0:B1:BC:09:61,PoliSemFio,19,9.827802896499634,C2,0,1
310,54:F0:B1:BC:1B:D0,eduroam,42,9.827802896499634,C2,0,1
311,54:F0:B1:BC:1B:D1,PoliSemFio,59,9.827802896499634,C2,0,1
312,54:F0:B1:BC:1B:D2,,59,9.827802896499634,C2,0,1
313,54:F0:B1:BC:1B:F0,eduroam,24,9.827802896499634,C2,0,1
314,54:F0:B1:BC:1B:F1,PoliSemFio,25,9.827802896499634,C2,0,1
315,54:F0:B1:BC:27:40,eduroam,39,9.827802896499634,C2,0,1
316,54:F0:B1:BC:27:41,PoliSemFio,34,9.827802896499634,C2,0,1
317,54:F0:B1:BC:27:42,,32,9.827802896499634,C2,0,1
318,54:F0:B1:BC:27:60,eduroam,40,9.827802896499634,C2,0,1
319,54:F0:B1:BC:27:61,PoliSemFio,40,9.827802896499634,C2,0,1
320,54:F0:B1:BC:2E:90,eduroam,62,9.827802896499634,C2,0,1
321,54:F0:B1:BC:2E:91,PoliSemFio,64,9.827802896499634,C2,0,1
322,54:F0:B1:BC:2E:92,,64,9.827802896499634,C2,0,1
323,54:F0:B1:BC:2E:B0,eduroam,55,9.827802896499634,C2,0,1
324,54:F0:B1:BC:2E:B1,PoliSemFio,37,9.827802896499634,C2,0,1
325,54:F0:B1:BC:2F:50,eduroam,22,9.827802896499634,C2,0,1
326,54:F0:B1:BC:2F:51,PoliSemFio,25,9.827802896499634,C2,0,1
327,54:F0:B1:BC:2F:52,,24,9.827802896499634,C2,0,1
328,54:F0:B1:BC:35:20,eduroam,5,9.827802896499634,C2,0,1
329,54:F0:B1:BC:36:10,PoliSemFio,29,9.827802896499634,C2,0,1
330,54:F0:B1:BC:36:11,eduroam,17,9.827802896499634,C2,0,1
331,54:F0:B1:BC:36:12,,29,9.827802896499634,C2,0,1
332,54:F0:B1:BC:3F:10,eduroam,35,9.827802896499634,C2,0,1
333,54:F0:B1:BC:43:60,eduroam,20,9.827802896499634,C2,0,1
334,54:F0:B1:BC:65:B1,PoliSemFio,24,9.827802896499634,C2,0,1
335,54:F0:B1:BC:65:B2,,22,9.827802896499634,C2,0,1
336,54:F0:B1:BC:70:00,eduroam,14,9.827802896499634,C2,0,1
337,54:F0:B1:BC:77:80,eduroam,27,9.827802896499634,C2,0,1
338,54:F0:B1:BC:77:82,,32,9.827802896499634,C2,0,1
339,54:F0:B1:BC:77:A0,eduroam,17,9.827802896499634,C2,0,1
340,54:F0:B1:BC:77:A1,PoliSemFio,19,9.827802896499634,C2,0,1
341,54:F0:B1:BC:77:A2,,30,9.827802896499634,C2,0,1
342,54:F0:B1:BC:7C:F0,eduroam,15,9.827802896499634,C2,0,1
343,68:FF:7B:47:78:BE,C1-22M,39,9.827802896499634,C2,0,1
344,6C:72:20:75:38:65,ASV-C262,30,9.827802896499634,C2,0,1
345,70:62:B8:6E:72:A0,PCS-wireless-C1-13,25,9.827802896499634,C2,0,1
346,70:62:B8:6E:72:A1,PPGEE,27,9.827802896499634,C2,0,1
347,70:D8:23:BC:B9:B3,,19,9.827802896499634,C2,0,1
348,84:D4:7E:06:4F:E0,eduroam,42,9.827802896499634,C2,0,1
349,84:D4:7E:06:4F:E1,PoliSemFio,42,9.827802896499634,C2,0,1
350,84:D4:7E:06:4F:E2,,40,9.827802896499634,C2,0,1
351,84:D4:7E:9D:EE:C1,FEAnet,12,9.827802896499634,C2,0,1
352,84:D4:7E:9E:1A:61,FEAnet,19,9.827802896499634,C2,0,1
353,AA:6B:AD:82:46:CC,DIRECT-cc-HP M132f LaserJet,22,9.827802896499634,C2,0,1
354,DC:9F:DB:1B:1F:D7,LWN-3,22,9.827802896499634,C2,0,1
355,DC:9F:DB:1C:1F:D7,LWN-3,42,9.827802896499634,C2,0,1
356,DE:9F:DB:1B:1F:D7,LARC Guest,20,9.827802896499634,C2,0,1
357,DE:9F:DB:1C:1F:D7,LARC Guest,44,9.827802896499634,C2,0,1
358,EE:9F:DB:1B:1F:D7,,22,9.827802896499634,C2,0,1
359,EE:9F:DB:1C:1F:D7,,42,9.827802896499634,C2,0,1
360,F8:1A:67:99:55:8E,NUCLEAR_CHF,27,9.827802896499634,C2,0,1
361,FE:9F:DB:1C:1F:D7,,44,9.827802896499634,C2,0,1
362,00:18:E7:FF:8C:98,dlink,24,16.1379234790802,C2,0,1
363,00:21:91:70:9D:EC,LAB-DIDATICO,17,16.1379234790802,C2,0,1
364,1C:5F:2B:FF:9B:B4,LSA,27,16.1379234790802,C2,0,1
365,20:AA:4B:A7:19:74,LAA03,42,16.1379234790802,C2,0,1
366,2A:56:5A:49:06:54,DIRECT-54-HP M132f LaserJet,17,16.1379234790802,C2,0,1
367,30:85:A9:69:F2:E4,PCS-Wireless-C2-22,45,16.1379234790802,C2,0,1
368,34:60:F9:A3:D9:14,GASWIFI-2G_C2,40,16.1379234790802,C2,0,1
369,34:CE:00:51:3E:6F,Lab,25,16.1379234790802,C2,0,1
370,3A:60:F9:A3:D9:14,,54,16.1379234790802,C2,0,1
371,46:D2:44:04:08:05,DIRECT-44048805,17,16.1379234790802,C2,0,1
372,54:B8:0A:AA:2C:8C,LAB_DIGITAL,29,16.1379234790802,C2,0,1
373,54:B8:0A:AA:2C:8D,PCS-Wireless,32,16.1379234790802,C2,0,1
374,54:F0:B1:A1:1A:43,CAEEL,5,16.1379234790802,C2,0,1
375,54:F0:B1:A1:1A:50,eduroam,17,16.1379234790802,C2,0,1
376,54:F0:B1:A1:58:00,eduroam,25,16.1379234790802,C2,0,1
377,54:F0:B1:A1:E2:91,eduroam,17,16.1379234790802,C2,0,1
378,54:F0:B1:A1:E5:00,eduroam,19,16.1379234790802,C2,0,1
379,54:F0:B1:A2:37:E0,eduroam,40,16.1379234790802,C2,0,1
380,54:F0:B1:A2:37:E1,PoliSemFio,34,16.1379234790802,C2,0,1
381,54:F0:B1:A2:37:E2,,35,16.1379234790802,C2,0,1
382,54:F0:B1:A2:4A:60,eduroam,19,16.1379234790802,C2,0,1
383,54:F0:B1:A2:4A:61,PoliSemFio,17,16.1379234790802,C2,0,1
384,54:F0:B1:A2:4A:62,,17,16.1379234790802,C2,0,1
385,54:F0:B1:A2:4A:70,eduroam,30,16.1379234790802,C2,0,1
386,54:F0:B1:A2:56:60,eduroam,40,16.1379234790802,C2,0,1
387,54:F0:B1:A2:56:61,PoliSemFio,39,16.1379234790802,C2,0,1
388,54:F0:B1:A2:56:62,,40,16.1379234790802,C2,0,1
389,54:F0:B1:A2:56:70,eduroam,37,16.1379234790802,C2,0,1
390,54:F0:B1:A2:57:30,eduroam,17,16.1379234790802,C2,0,1
391,54:F0:B1:A2:57:33,LCA,12,16.1379234790802,C2,0,1
392,54:F0:B1:BB:5A:80,eduroam,40,16.1379234790802,C2,0,1
393,54:F0:B1:BB:5A:82,HACKER,32,16.1379234790802,C2,0,1
394,54:F0:B1:BB:5A:83,LEP,42,16.1379234790802,C2,0,1
395,54:F0:B1:BB:5A:84,,39,16.1379234790802,C2,0,1
396,54:F0:B1:BB:5A:A0,eduroam,12,16.1379234790802,C2,0,1
397,54:F0:B1:BB:5A:A1,PoliSemFio,12,16.1379234790802,C2,0,1
398,54:F0:B1:BB:5A:A2,HACKER,14,16.1379234790802,C2,0,1
399,54:F0:B1:BB:5A:A3,LEP,17,16.1379234790802,C2,0,1
400,54:F0:B1:BB:5F:B0,eduroam,12,16.1379234790802,C2,0,1
401,54:F0:B1:BB:5F:B1,PoliSemFio,12,16.1379234790802,C2,0,1
402,54:F0:B1:BB:73:40,eduroam,14,16.1379234790802,C2,0,1
403,54:F0:B1:BB:80:C0,eduroam,34,16.1379234790802,C2,0,1
404,54:F0:B1:BB:80:C2,,37,16.1379234790802,C2,0,1
405,54:F0:B1:BB:80:C3,LABPROG,35,16.1379234790802,C2,0,1
406,54:F0:B1:BB:A7:60,eduroam,12,16.1379234790802,C2,0,1
407,54:F0:B1:BB:A7:80,eduroam,15,16.1379234790802,C2,0,1
408,54:F0:B1:BB:A7:81,PoliSemFio,14,16.1379234790802,C2,0,1
409,54:F0:B1:BB:A7:82,LME,14,16.1379234790802,C2,0,1
410,54:F0:B1:BB:BC:00,eduroam,19,16.1379234790802,C2,0,1
411,54:F0:B1:BB:BC:01,PoliSemFio,30,16.1379234790802,C2,0,1
412,54:F0:B1:BB:BC:02,,29,16.1379234790802,C2,0,1
413,54:F0:B1:BB:BC:20,eduroam,17,16.1379234790802,C2,0,1
414,54:F0:B1:BB:BC:21,PoliSemFio,14,16.1379234790802,C2,0,1
415,54:F0:B1:BB:BC:23,CAEEL,14,16.1379234790802,C2,0,1
416,54:F0:B1:BB:BE:10,eduroam,20,16.1379234790802,C2,0,1
417,54:F0:B1:BB:BE:13,CAEEL,15,16.1379234790802,C2,0,1
418,54:F0:B1:BB:BE:30,eduroam,12,16.1379234790802,C2,0,1
419,54:F0:B1:BB:BE:31,PoliSemFio,14,16.1379234790802,C2,0,1
420,54:F0:B1:BB:BE:33,CAEEL,14,16.1379234790802,C2,0,1
421,54:F0:B1:BB:C4:D0,eduroam,45,16.1379234790802,C2,0,1
422,54:F0:B1:BB:C4:F0,eduroam,47,16.1379234790802,C2,0,1
423,54:F0:B1:BB:C4:F1,PoliSemFio,47,16.1379234790802,C2,0,1
424,54:F0:B1:BB:C6:E0,eduroam,5,16.1379234790802,C2,0,1
425,54:F0:B1:BB:CD:A0,eduroam,37,16.1379234790802,C2,0,1
426,54:F0:B1:BB:CD:A2,,34,16.1379234790802,C2,0,1
427,54:F0:B1:BB:F3:20,eduroam,27,16.1379234790802,C2,0,1
428,54:F0:B1:BB:FD:D0,eduroam,35,16.1379234790802,C2,0,1
429,54:F0:B1:BB:FD:D1,PoliSemFio,32,16.1379234790802,C2,0,1
430,54:F0:B1:BB:FD:D2,,34,16.1379234790802,C2,0,1
431,54:F0:B1:BC:09:40,eduroam,52,16.1379234790802,C2,0,1
432,54:F0:B1:BC:09:41,PoliSemFio,39,16.1379234790802,C2,0,1
433,54:F0:B1:BC:09:42,,39,16.1379234790802,C2,0,1
434,54:F0:B1:BC:09:60,eduroam,24,16.1379234790802,C2,0,1
435,54:F0:B1:BC:09:61,PoliSemFio,19,16.1379234790802,C2,0,1
436,54:F0:B1:BC:1B:D0,eduroam,64,16.1379234790802,C2,0,1
437,54:F0:B1:BC:1B:D1,PoliSemFio,60,16.1379234790802,C2,0,1
438,54:F0:B1:BC:1B:D2,,59,16.1379234790802,C2,0,1
439,54:F0:B1:BC:1B:F0,eduroam,44,16.1379234790802,C2,0,1
440,54:F0:B1:BC:1B:F1,PoliSemFio,44,16.1379234790802,C2,0,1
441,54:F0:B1:BC:27:40,eduroam,39,16.1379234790802,C2,0,1
442,54:F0:B1:BC:27:41,PoliSemFio,34,16.1379234790802,C2,0,1
443,54:F0:B1:BC:27:42,,59,16.1379234790802,C2,0,1
444,54:F0:B1:BC:27:60,eduroam,24,16.1379234790802,C2,0,1
445,54:F0:B1:BC:27:61,PoliSemFio,25,16.1379234790802,C2,0,1
446,54:F0:B1:BC:2E:90,eduroam,62,16.1379234790802,C2,0,1
447,54:F0:B1:BC:2E:91,PoliSemFio,72,16.1379234790802,C2,0,1
448,54:F0:B1:BC:2E:92,,64,16.1379234790802,C2,0,1
449,54:F0:B1:BC:2E:B0,eduroam,52,16.1379234790802,C2,0,1
450,54:F0:B1:BC:2E:B1,PoliSemFio,54,16.1379234790802,C2,0,1
451,54:F0:B1:BC:2F:50,eduroam,22,16.1379234790802,C2,0,1
452,54:F0:B1:BC:2F:51,PoliSemFio,25,16.1379234790802,C2,0,1
453,54:F0:B1:BC:2F:52,,24,16.1379234790802,C2,0,1
454,54:F0:B1:BC:35:20,eduroam,5,16.1379234790802,C2,0,1
455,54:F0:B1:BC:36:10,PoliSemFio,30,16.1379234790802,C2,0,1
456,54:F0:B1:BC:36:11,eduroam,17,16.1379234790802,C2,0,1
457,54:F0:B1:BC:36:12,,29,16.1379234790802,C2,0,1
458,54:F0:B1:BC:3F:10,eduroam,35,16.1379234790802,C2,0,1
459,54:F0:B1:BC:43:60,eduroam,20,16.1379234790802,C2,0,1
460,54:F0:B1:BC:65:B0,eduroam,32,16.1379234790802,C2,0,1
461,54:F0:B1:BC:65:B1,PoliSemFio,24,16.1379234790802,C2,0,1
462,54:F0:B1:BC:65:B2,,22,16.1379234790802,C2,0,1
463,54:F0:B1:BC:70:00,eduroam,44,16.1379234790802,C2,0,1
464,54:F0:B1:BC:77:80,eduroam,49,16.1379234790802,C2,0,1
465,54:F0:B1:BC:77:81,PoliSemFio,47,16.1379234790802,C2,0,1
466,54:F0:B1:BC:77:82,,47,16.1379234790802,C2,0,1
467,54:F0:B1:BC:77:A0,eduroam,22,16.1379234790802,C2,0,1
468,54:F0:B1:BC:77:A1,PoliSemFio,20,16.1379234790802,C2,0,1
469,54:F0:B1:BC:77:A2,,30,16.1379234790802,C2,0,1
470,54:F0:B1:BC:7C:F0,eduroam,15,16.1379234790802,C2,0,1
471,68:FF:7B:47:78:BE,C1-22M,19,16.1379234790802,C2,0,1
472,6C:72:20:75:38:65,ASV-C262,30,16.1379234790802,C2,0,1
473,70:62:B8:6E:72:A0,PCS-wireless-C1-13,25,16.1379234790802,C2,0,1
474,70:62:B8:6E:72:A1,PPGEE,29,16.1379234790802,C2,0,1
475,70:D8:23:BC:B9:B3,,19,16.1379234790802,C2,0,1
476,84:D4:7E:06:4F:E0,eduroam,30,16.1379234790802,C2,0,1
477,84:D4:7E:06:4F:E1,PoliSemFio,42,16.1379234790802,C2,0,1
478,84:D4:7E:06:4F:E2,,40,16.1379234790802,C2,0,1
479,84:D4:7E:9D:EE:C1,FEAnet,20,16.1379234790802,C2,0,1
480,84:D4:7E:9E:1A:61,FEAnet,19,16.1379234790802,C2,0,1
481,AA:6B:AD:82:46:CC,DIRECT-cc-HP M132f LaserJet,24,16.1379234790802,C2,0,1
482,DC:9F:DB:1B:1F:D7,LWN-3,29,16.1379234790802,C2,0,1
483,DC:9F:DB:1C:1F:D7,LWN-3,42,16.1379234790802,C2,0,1
484,DE:9F:DB:1B:1F:D7,LARC Guest,29,16.1379234790802,C2,0,1
485,DE:9F:DB:1C:1F:D7,LARC Guest,50,16.1379234790802,C2,0,1
486,EE:9F:DB:1B:1F:D7,,29,16.1379234790802,C2,0,1
487,EE:9F:DB:1C:1F:D7,,42,16.1379234790802,C2,0,1
488,F8:1A:67:99:55:8E,NUCLEAR_CHF,27,16.1379234790802,C2,0,1
489,FE:9F:DB:1C:1F:D7,,54,16.1379234790802,C2,0,1
490,00:18:E7:FF:8C:98,dlink,25,22.400981426239014,C2,0,1
491,00:21:91:70:9D:EC,LAB-DIDATICO,17,22.400981426239014,C2,0,1
492,1C:5F:2B:FF:9B:B4,LSA,20,22.400981426239014,C2,0,1
493,20:AA:4B:A7:19:74,LAA03,42,22.400981426239014,C2,0,1
494,2A:56:5A:49:06:54,DIRECT-54-HP M132f LaserJet,17,22.400981426239014,C2,0,1
495,30:85:A9:69:F2:E4,PCS-Wireless-C2-22,45,22.400981426239014,C2,0,1
496,34:60:F9:A3:D9:13,GASWIFI-5G_C2,17,22.400981426239014,C2,0,1
497,34:60:F9:A3:D9:14,GASWIFI-2G_C2,32,22.400981426239014,C2,0,1
498,34:CE:00:51:3E:6F,Lab,25,22.400981426239014,C2,0,1
499,3A:60:F9:A3:D9:14,,54,22.400981426239014,C2,0,1
500,46:D2:44:04:08:05,DIRECT-44048805,15,22.400981426239014,C2,0,1
501,54:B8:0A:AA:2C:8C,LAB_DIGITAL,27,22.400981426239014,C2,0,1
502,54:B8:0A:AA:2C:8D,PCS-Wireless,29,22.400981426239014,C2,0,1
503,54:F0:B1:A1:1A:43,CAEEL,5,22.400981426239014,C2,0,1
504,54:F0:B1:A1:1A:50,eduroam,17,22.400981426239014,C2,0,1
505,54:F0:B1:A1:58:00,eduroam,25,22.400981426239014,C2,0,1
506,54:F0:B1:A1:E5:00,eduroam,19,22.400981426239014,C2,0,1
507,54:F0:B1:A2:37:E0,eduroam,22,22.400981426239014,C2,0,1
508,54:F0:B1:A2:37:E1,PoliSemFio,34,22.400981426239014,C2,0,1
509,54:F0:B1:A2:37:E2,,35,22.400981426239014,C2,0,1
510,54:F0:B1:A2:4A:60,eduroam,19,22.400981426239014,C2,0,1
511,54:F0:B1:A2:4A:61,PoliSemFio,17,22.400981426239014,C2,0,1
512,54:F0:B1:A2:4A:62,,17,22.400981426239014,C2,0,1
513,54:F0:B1:A2:4A:70,eduroam,17,22.400981426239014,C2,0,1
514,54:F0:B1:A2:56:60,eduroam,30,22.400981426239014,C2,0,1
515,54:F0:B1:A2:56:61,PoliSemFio,32,22.400981426239014,C2,0,1
516,54:F0:B1:A2:56:62,,40,22.400981426239014,C2,0,1
517,54:F0:B1:A2:56:70,eduroam,17,22.400981426239014,C2,0,1
518,54:F0:B1:A2:57:30,eduroam,17,22.400981426239014,C2,0,1
519,54:F0:B1:A2:57:33,LCA,12,22.400981426239014,C2,0,1
520,54:F0:B1:BB:5A:80,eduroam,45,22.400981426239014,C2,0,1
521,54:F0:B1:BB:5A:81,PoliSemFio,44,22.400981426239014,C2,0,1
522,54:F0:B1:BB:5A:82,HACKER,47,22.400981426239014,C2,0,1
523,54:F0:B1:BB:5A:83,LEP,44,22.400981426239014,C2,0,1
524,54:F0:B1:BB:5A:84,,44,22.400981426239014,C2,0,1
525,54:F0:B1:BB:5A:A0,eduroam,14,22.400981426239014,C2,0,1
526,54:F0:B1:BB:5A:A1,PoliSemFio,15,22.400981426239014,C2,0,1
527,54:F0:B1:BB:5A:A2,HACKER,15,22.400981426239014,C2,0,1
528,54:F0:B1:BB:5A:A3,LEP,15,22.400981426239014,C2,0,1
529,54:F0:B1:BB:5F:B0,eduroam,15,22.400981426239014,C2,0,1
530,54:F0:B1:BB:5F:B1,PoliSemFio,14,22.400981426239014,C2,0,1
531,54:F0:B1:BB:73:40,eduroam,14,22.400981426239014,C2,0,1
532,54:F0:B1:BB:80:C0,eduroam,25,22.400981426239014,C2,0,1
533,54:F0:B1:BB:80:C2,,37,22.400981426239014,C2,0,1
534,54:F0:B1:BB:80:C3,LABPROG,35,22.400981426239014,C2,0,1
535,54:F0:B1:BB:A7:60,eduroam,12,22.400981426239014,C2,0,1
536,54:F0:B1:BB:A7:80,eduroam,15,22.400981426239014,C2,0,1
537,54:F0:B1:BB:A7:81,PoliSemFio,14,22.400981426239014,C2,0,1
538,54:F0:B1:BB:A7:82,LME,14,22.400981426239014,C2,0,1
539,54:F0:B1:BB:BC:00,eduroam,17,22.400981426239014,C2,0,1
540,54:F0:B1:BB:BC:01,PoliSemFio,30,22.400981426239014,C2,0,1
541,54:F0:B1:BB:BC:02,,29,22.400981426239014,C2,0,1
542,54:F0:B1:BB:BC:21,PoliSemFio,14,22.400981426239014,C2,0,1
543,54:F0:B1:BB:BC:23,CAEEL,14,22.400981426239014,C2,0,1
544,54:F0:B1:BB:BE:10,eduroam,22,22.400981426239014,C2,0,1
545,54:F0:B1:BB:BE:13,CAEEL,15,22.400981426239014,C2,0,1
546,54:F0:B1:BB:BE:31,PoliSemFio,14,22.400981426239014,C2,0,1
547,54:F0:B1:BB:BE:33,CAEEL,14,22.400981426239014,C2,0,1
548,54:F0:B1:BB:C4:D0,eduroam,45,22.400981426239014,C2,0,1
549,54:F0:B1:BB:C4:F0,eduroam,14,22.400981426239014,C2,0,1
550,54:F0:B1:BB:C4:F1,PoliSemFio,14,22.400981426239014,C2,0,1
551,54:F0:B1:BB:CD:A0,eduroam,37,22.400981426239014,C2,0,1
552,54:F0:B1:BB:CD:A2,,34,22.400981426239014,C2,0,1
553,54:F0:B1:BB:FD:D0,eduroam,39,22.400981426239014,C2,0,1
554,54:F0:B1:BB:FD:D1,PoliSemFio,29,22.400981426239014,C2,0,1
555,54:F0:B1:BB:FD:D2,,29,22.400981426239014,C2,0,1
556,54:F0:B1:BC:09:40,eduroam,37,22.400981426239014,C2,0,1
557,54:F0:B1:BC:09:41,PoliSemFio,30,22.400981426239014,C2,0,1
558,54:F0:B1:BC:09:42,,30,22.400981426239014,C2,0,1
559,54:F0:B1:BC:09:60,eduroam,24,22.400981426239014,C2,0,1
560,54:F0:B1:BC:09:61,PoliSemFio,22,22.400981426239014,C2,0,1
561,54:F0:B1:BC:1B:D0,eduroam,44,22.400981426239014,C2,0,1
562,54:F0:B1:BC:1B:D1,PoliSemFio,49,22.400981426239014,C2,0,1
563,54:F0:B1:BC:1B:D2,,47,22.400981426239014,C2,0,1
564,54:F0:B1:BC:1B:F0,eduroam,29,22.400981426239014,C2,0,1
565,54:F0:B1:BC:1B:F1,PoliSemFio,30,22.400981426239014,C2,0,1
566,54:F0:B1:BC:27:40,eduroam,35,22.400981426239014,C2,0,1
567,54:F0:B1:BC:27:41,PoliSemFio,32,22.400981426239014,C2,0,1
568,54:F0:B1:BC:27:42,,34,22.400981426239014,C2,0,1
569,54:F0:B1:BC:27:60,eduroam,24,22.400981426239014,C2,0,1
570,54:F0:B1:BC:27:61,PoliSemFio,24,22.400981426239014,C2,0,1
571,54:F0:B1:BC:2E:90,eduroam,59,22.400981426239014,C2,0,1
572,54:F0:B1:BC:2E:91,PoliSemFio,59,22.400981426239014,C2,0,1
573,54:F0:B1:BC:2E:92,,64,22.400981426239014,C2,0,1
574,54:F0:B1:BC:2E:B0,eduroam,32,22.400981426239014,C2,0,1
575,54:F0:B1:BC:2E:B1,PoliSemFio,32,22.400981426239014,C2,0,1
576,54:F0:B1:BC:2F:50,eduroam,24,22.400981426239014,C2,0,1
577,54:F0:B1:BC:2F:51,PoliSemFio,25,22.400981426239014,C2,0,1
578,54:F0:B1:BC:2F:52,,24,22.400981426239014,C2,0,1
579,54:F0:B1:BC:36:10,PoliSemFio,30,22.400981426239014,C2,0,1
580,54:F0:B1:BC:36:11,eduroam,17,22.400981426239014,C2,0,1
581,54:F0:B1:BC:36:12,,29,22.400981426239014,C2,0,1
582,54:F0:B1:BC:43:60,eduroam,19,22.400981426239014,C2,0,1
583,54:F0:B1:BC:65:B0,eduroam,32,22.400981426239014,C2,0,1
584,54:F0:B1:BC:65:B1,PoliSemFio,24,22.400981426239014,C2,0,1
585,54:F0:B1:BC:65:B2,,22,22.400981426239014,C2,0,1
586,54:F0:B1:BC:70:00,eduroam,44,22.400981426239014,C2,0,1
587,54:F0:B1:BC:77:80,eduroam,49,22.400981426239014,C2,0,1
588,54:F0:B1:BC:77:81,PoliSemFio,47,22.400981426239014,C2,0,1
589,54:F0:B1:BC:77:82,,35,22.400981426239014,C2,0,1
590,54:F0:B1:BC:77:A0,eduroam,17,22.400981426239014,C2,0,1
591,54:F0:B1:BC:77:A1,PoliSemFio,17,22.400981426239014,C2,0,1
592,54:F0:B1:BC:77:A2,,30,22.400981426239014,C2,0,1
593,68:FF:7B:47:78:BE,C1-22M,19,22.400981426239014,C2,0,1
594,6C:72:20:75:38:65,ASV-C262,30,22.400981426239014,C2,0,1
595,70:62:B8:6E:72:A0,PCS-wireless-C1-13,29,22.400981426239014,C2,0,1
596,70:62:B8:6E:72:A1,PPGEE,29,22.400981426239014,C2,0,1
597,70:D8:23:BC:B9:B3,,19,22.400981426239014,C2,0,1
598,84:D4:7E:06:4F:E0,eduroam,30,22.400981426239014,C2,0,1
599,84:D4:7E:06:4F:E1,PoliSemFio,42,22.400981426239014,C2,0,1
600,84:D4:7E:06:4F:E2,,40,22.400981426239014,C2,0,1
601,84:D4:7E:9D:EE:C1,FEAnet,20,22.400981426239014,C2,0,1
602,AA:6B:AD:82:46:CC,DIRECT-cc-HP M132f LaserJet,24,22.400981426239014,C2,0,1
603,DC:9F:DB:1B:1F:D7,LWN-3,22,22.400981426239014,C2,0,1
604,DC:9F:DB:1C:1F:D7,LWN-3,42,22.400981426239014,C2,0,1
605,DE:9F:DB:1B:1F:D7,LARC Guest,20,22.400981426239014,C2,0,1
606,DE:9F:DB:1C:1F:D7,LARC Guest,54,22.400981426239014,C2,0,1
607,EE:9F:DB:1B:1F:D7,,22,22.400981426239014,C2,0,1
608,EE:9F:DB:1C:1F:D7,,42,22.400981426239014,C2,0,1
609,F8:1A:67:99:55:8E,NUCLEAR_CHF,25,22.400981426239014,C2,0,1
610,FE:9F:DB:1C:1F:D7,,54,22.400981426239014,C2,0,1
611,00:18:E7:FF:8C:98,dlink,25,28.737176179885864,C2,0,1
612,00:21:91:70:9D:EC,LAB-DIDATICO,17,28.737176179885864,C2,0,1
613,1C:5F:2B:FF:9B:B4,LSA,20,28.737176179885864,C2,0,1
614,20:AA:4B:A7:19:74,LAA03,42,28.737176179885864,C2,0,1
615,2A:56:5A:49:06:54,DIRECT-54-HP M132f LaserJet,17,28.737176179885864,C2,0,1
616,30:85:A9:69:F2:E4,PCS-Wireless-C2-22,45,28.737176179885864,C2,0,1
617,34:60:F9:A3:D9:13,GASWIFI-5G_C2,17,28.737176179885864,C2,0,1
618,34:60:F9:A3:D9:14,GASWIFI-2G_C2,32,28.737176179885864,C2,0,1
619,34:CE:00:51:3E:6F,Lab,25,28.737176179885864,C2,0,1
620,3A:60:F9:A3:D9:14,,54,28.737176179885864,C2,0,1
621,46:D2:44:04:08:05,DIRECT-44048805,15,28.737176179885864,C2,0,1
622,54:B8:0A:AA:2C:8C,LAB_DIGITAL,27,28.737176179885864,C2,0,1
623,54:B8:0A:AA:2C:8D,PCS-Wireless,29,28.737176179885864,C2,0,1
624,54:F0:B1:A1:1A:43,CAEEL,5,28.737176179885864,C2,0,1
625,54:F0:B1:A1:1A:50,eduroam,17,28.737176179885864,C2,0,1
626,54:F0:B1:A1:58:00,eduroam,25,28.737176179885864,C2,0,1
627,54:F0:B1:A1:E5:00,eduroam,19,28.737176179885864,C2,0,1
628,54:F0:B1:A2:37:E0,eduroam,22,28.737176179885864,C2,0,1
629,54:F0:B1:A2:37:E1,PoliSemFio,34,28.737176179885864,C2,0,1
630,54:F0:B1:A2:37:E2,,35,28.737176179885864,C2,0,1
631,54:F0:B1:A2:4A:60,eduroam,19,28.737176179885864,C2,0,1
632,54:F0:B1:A2:4A:61,PoliSemFio,17,28.737176179885864,C2,0,1
633,54:F0:B1:A2:4A:62,,17,28.737176179885864,C2,0,1
634,54:F0:B1:A2:4A:70,eduroam,17,28.737176179885864,C2,0,1
635,54:F0:B1:A2:56:60,eduroam,30,28.737176179885864,C2,0,1
636,54:F0:B1:A2:56:61,PoliSemFio,32,28.737176179885864,C2,0,1
637,54:F0:B1:A2:56:62,,40,28.737176179885864,C2,0,1
638,54:F0:B1:A2:56:70,eduroam,17,28.737176179885864,C2,0,1
639,54:F0:B1:A2:57:30,eduroam,17,28.737176179885864,C2,0,1
640,54:F0:B1:A2:57:33,LCA,12,28.737176179885864,C2,0,1
641,54:F0:B1:BB:5A:80,eduroam,45,28.737176179885864,C2,0,1
642,54:F0:B1:BB:5A:81,PoliSemFio,44,28.737176179885864,C2,0,1
643,54:F0:B1:BB:5A:82,HACKER,47,28.737176179885864,C2,0,1
644,54:F0:B1:BB:5A:83,LEP,44,28.737176179885864,C2,0,1
645,54:F0:B1:BB:5A:84,,44,28.737176179885864,C2,0,1
646,54:F0:B1:BB:5A:A0,eduroam,14,28.737176179885864,C2,0,1
647,54:F0:B1:BB:5A:A1,PoliSemFio,15,28.737176179885864,C2,0,1
648,54:F0:B1:BB:5A:A2,HACKER,15,28.737176179885864,C2,0,1
649,54:F0:B1:BB:5A:A3,LEP,15,28.737176179885864,C2,0,1
650,54:F0:B1:BB:5F:B0,eduroam,15,28.737176179885864,C2,0,1
651,54:F0:B1:BB:5F:B1,PoliSemFio,14,28.737176179885864,C2,0,1
652,54:F0:B1:BB:73:40,eduroam,14,28.737176179885864,C2,0,1
653,54:F0:B1:BB:80:C0,eduroam,25,28.737176179885864,C2,0,1
654,54:F0:B1:BB:80:C2,,37,28.737176179885864,C2,0,1
655,54:F0:B1:BB:80:C3,LABPROG,35,28.737176179885864,C2,0,1
656,54:F0:B1:BB:A7:60,eduroam,12,28.737176179885864,C2,0,1
657,54:F0:B1:BB:A7:80,eduroam,15,28.737176179885864,C2,0,1
658,54:F0:B1:BB:A7:81,PoliSemFio,14,28.737176179885864,C2,0,1
659,54:F0:B1:BB:A7:82,LME,14,28.737176179885864,C2,0,1
660,54:F0:B1:BB:BC:00,eduroam,17,28.737176179885864,C2,0,1
661,54:F0:B1:BB:BC:01,PoliSemFio,30,28.737176179885864,C2,0,1
662,54:F0:B1:BB:BC:02,,29,28.737176179885864,C2,0,1
663,54:F0:B1:BB:BC:21,PoliSemFio,14,28.737176179885864,C2,0,1
664,54:F0:B1:BB:BC:23,CAEEL,14,28.737176179885864,C2,0,1
665,54:F0:B1:BB:BE:10,eduroam,22,28.737176179885864,C2,0,1
666,54:F0:B1:BB:BE:13,CAEEL,15,28.737176179885864,C2,0,1
667,54:F0:B1:BB:BE:31,PoliSemFio,14,28.737176179885864,C2,0,1
668,54:F0:B1:BB:BE:33,CAEEL,14,28.737176179885864,C2,0,1
669,54:F0:B1:BB:C4:D0,eduroam,45,28.737176179885864,C2,0,1
670,54:F0:B1:BB:C4:F0,eduroam,14,28.737176179885864,C2,0,1
671,54:F0:B1:BB:C4:F1,PoliSemFio,14,28.737176179885864,C2,0,1
672,54:F0:B1:BB:CD:A0,eduroam,37,28.737176179885864,C2,0,1
673,54:F0:B1:BB:CD:A2,,34,28.737176179885864,C2,0,1
674,54:F0:B1:BB:FD:D0,eduroam,39,28.737176179885864,C2,0,1
675,54:F0:B1:BB:FD:D1,PoliSemFio,29,28.737176179885864,C2,0,1
676,54:F0:B1:BB:FD:D2,,29,28.737176179885864,C2,0,1
677,54:F0:B1:BC:09:40,eduroam,37,28.737176179885864,C2,0,1
678,54:F0:B1:BC:09:41,PoliSemFio,30,28.737176179885864,C2,0,1
679,54:F0:B1:BC:09:42,,30,28.737176179885864,C2,0,1
680,54:F0:B1:BC:09:60,eduroam,24,28.737176179885864,C2,0,1
681,54:F0:B1:BC:09:61,PoliSemFio,22,28.737176179885864,C2,0,1
682,54:F0:B1:BC:1B:D0,eduroam,44,28.737176179885864,C2,0,1
683,54:F0:B1:BC:1B:D1,PoliSemFio,49,28.737176179885864,C2,0,1
684,54:F0:B1:BC:1B:D2,,47,28.737176179885864,C2,0,1
685,54:F0:B1:BC:1B:F0,eduroam,29,28.737176179885864,C2,0,1
686,54:F0:B1:BC:1B:F1,PoliSemFio,30,28.737176179885864,C2,0,1
687,54:F0:B1:BC:27:40,eduroam,35,28.737176179885864,C2,0,1
688,54:F0:B1:BC:27:41,PoliSemFio,32,28.737176179885864,C2,0,1
689,54:F0:B1:BC:27:42,,34,28.737176179885864,C2,0,1
690,54:F0:B1:BC:27:60,eduroam,24,28.737176179885864,C2,0,1
691,54:F0:B1:BC:27:61,PoliSemFio,24,28.737176179885864,C2,0,1
692,54:F0:B1:BC:2E:90,eduroam,59,28.737176179885864,C2,0,1
693,54:F0:B1:BC:2E:91,PoliSemFio,59,28.737176179885864,C2,0,1
694,54:F0:B1:BC:2E:92,,64,28.737176179885864,C2,0,1
695,54:F0:B1:BC:2E:B0,eduroam,55,28.737176179885864,C2,0,1
696,54:F0:B1:BC:2E:B1,PoliSemFio,32,28.737176179885864,C2,0,1
697,54:F0:B1:BC:2F:50,eduroam,24,28.737176179885864,C2,0,1
698,54:F0:B1:BC:2F:51,PoliSemFio,25,28.737176179885864,C2,0,1
699,54:F0:B1:BC:2F:52,,24,28.737176179885864,C2,0,1
700,54:F0:B1:BC:36:10,PoliSemFio,30,28.737176179885864,C2,0,1
701,54:F0:B1:BC:36:11,eduroam,17,28.737176179885864,C2,0,1
702,54:F0:B1:BC:36:12,,29,28.737176179885864,C2,0,1
703,54:F0:B1:BC:43:60,eduroam,19,28.737176179885864,C2,0,1
704,54:F0:B1:BC:65:B0,eduroam,32,28.737176179885864,C2,0,1
705,54:F0:B1:BC:65:B1,PoliSemFio,24,28.737176179885864,C2,0,1
706,54:F0:B1:BC:65:B2,,22,28.737176179885864,C2,0,1
707,54:F0:B1:BC:70:00,eduroam,44,28.737176179885864,C2,0,1
708,54:F0:B1:BC:77:80,eduroam,49,28.737176179885864,C2,0,1
709,54:F0:B1:BC:77:81,PoliSemFio,47,28.737176179885864,C2,0,1
710,54:F0:B1:BC:77:82,,35,28.737176179885864,C2,0,1
711,54:F0:B1:BC:77:A0,eduroam,17,28.737176179885864,C2,0,1
712,54:F0:B1:BC:77:A1,PoliSemFio,17,28.737176179885864,C2,0,1
713,54:F0:B1:BC:77:A2,,30,28.737176179885864,C2,0,1
714,68:FF:7B:47:78:BE,C1-22M,19,28.737176179885864,C2,0,1
715,6C:72:20:75:38:65,ASV-C262,30,28.737176179885864,C2,0,1
716,70:62:B8:6E:72:A0,PCS-wireless-C1-13,29,28.737176179885864,C2,0,1
717,70:62:B8:6E:72:A1,PPGEE,29,28.737176179885864,C2,0,1
718,70:D8:23:BC:B9:B3,,19,28.737176179885864,C2,0,1
719,84:D4:7E:06:4F:E0,eduroam,30,28.737176179885864,C2,0,1
720,84:D4:7E:06:4F:E1,PoliSemFio,42,28.737176179885864,C2,0,1
721,84:D4:7E:06:4F:E2,,40,28.737176179885864,C2,0,1
722,84:D4:7E:9D:EE:C1,FEAnet,20,28.737176179885864,C2,0,1
723,AA:6B:AD:82:46:CC,DIRECT-cc-HP M132f LaserJet,24,28.737176179885864,C2,0,1
724,DC:9F:DB:1B:1F:D7,LWN-3,22,28.737176179885864,C2,0,1
725,DC:9F:DB:1C:1F:D7,LWN-3,42,28.737176179885864,C2,0,1
726,DE:9F:DB:1B:1F:D7,LARC Guest,20,28.737176179885864,C2,0,1
727,DE:9F:DB:1C:1F:D7,LARC Guest,54,28.737176179885864,C2,0,1
728,EE:9F:DB:1B:1F:D7,,22,28.737176179885864,C2,0,1
729,EE:9F:DB:1C:1F:D7,,42,28.737176179885864,C2,0,1
730,F8:1A:67:99:55:8E,NUCLEAR_CHF,25,28.737176179885864,C2,0,1
731,FE:9F:DB:1C:1F:D7,,54,28.737176179885864,C2,0,1
732,00:18:E7:FF:8C:98,dlink,25,31.377719402313232,C2,0,1
733,00:21:91:70:9D:EC,LAB-DIDATICO,17,31.377719402313232,C2,0,1
734,1C:5F:2B:FF:9B:B4,LSA,20,31.377719402313232,C2,0,1
735,20:AA:4B:A7:19:74,LAA03,35,31.377719402313232,C2,0,1
736,2A:56:5A:49:06:54,DIRECT-54-HP M132f LaserJet,17,31.377719402313232,C2,0,1
737,30:85:A9:69:F2:E4,PCS-Wireless-C2-22,45,31.377719402313232,C2,0,1
738,34:60:F9:A3:D9:13,GASWIFI-5G_C2,17,31.377719402313232,C2,0,1
739,34:60:F9:A3:D9:14,GASWIFI-2G_C2,32,31.377719402313232,C2,0,1
740,34:CE:00:51:3E:6F,Lab,25,31.377719402313232,C2,0,1
741,3A:60:F9:A3:D9:14,,54,31.377719402313232,C2,0,1
742,46:D2:44:04:08:05,DIRECT-44048805,15,31.377719402313232,C2,0,1
743,54:B8:0A:AA:2C:8C,LAB_DIGITAL,27,31.377719402313232,C2,0,1
744,54:B8:0A:AA:2C:8D,PCS-Wireless,29,31.377719402313232,C2,0,1
745,54:F0:B1:A1:1A:43,CAEEL,5,31.377719402313232,C2,0,1
746,54:F0:B1:A1:1A:50,eduroam,17,31.377719402313232,C2,0,1
747,54:F0:B1:A1:58:00,eduroam,25,31.377719402313232,C2,0,1
748,54:F0:B1:A1:E2:90,CEE,17,31.377719402313232,C2,0,1
749,54:F0:B1:A2:37:E0,eduroam,22,31.377719402313232,C2,0,1
750,54:F0:B1:A2:37:E1,PoliSemFio,34,31.377719402313232,C2,0,1
751,54:F0:B1:A2:37:E2,,35,31.377719402313232,C2,0,1
752,54:F0:B1:A2:4A:60,eduroam,19,31.377719402313232,C2,0,1
753,54:F0:B1:A2:4A:61,PoliSemFio,17,31.377719402313232,C2,0,1
754,54:F0:B1:A2:4A:62,,17,31.377719402313232,C2,0,1
755,54:F0:B1:A2:4A:70,eduroam,17,31.377719402313232,C2,0,1
756,54:F0:B1:A2:56:60,eduroam,42,31.377719402313232,C2,0,1
757,54:F0:B1:A2:56:61,PoliSemFio,32,31.377719402313232,C2,0,1
758,54:F0:B1:A2:56:62,,40,31.377719402313232,C2,0,1
759,54:F0:B1:A2:56:70,eduroam,17,31.377719402313232,C2,0,1
760,54:F0:B1:A2:57:30,eduroam,17,31.377719402313232,C2,0,1
761,54:F0:B1:A2:57:33,LCA,12,31.377719402313232,C2,0,1
762,54:F0:B1:BB:5A:80,eduroam,45,31.377719402313232,C2,0,1
763,54:F0:B1:BB:5A:81,PoliSemFio,44,31.377719402313232,C2,0,1
764,54:F0:B1:BB:5A:82,HACKER,47,31.377719402313232,C2,0,1
765,54:F0:B1:BB:5A:83,LEP,44,31.377719402313232,C2,0,1
766,54:F0:B1:BB:5A:84,,44,31.377719402313232,C2,0,1
767,54:F0:B1:BB:5A:A0,eduroam,20,31.377719402313232,C2,0,1
768,54:F0:B1:BB:5A:A1,PoliSemFio,19,31.377719402313232,C2,0,1
769,54:F0:B1:BB:5A:A2,HACKER,15,31.377719402313232,C2,0,1
770,54:F0:B1:BB:5A:A3,LEP,20,31.377719402313232,C2,0,1
771,54:F0:B1:BB:5F:B0,eduroam,17,31.377719402313232,C2,0,1
772,54:F0:B1:BB:5F:B1,PoliSemFio,17,31.377719402313232,C2,0,1
773,54:F0:B1:BB:5F:B2,,15,31.377719402313232,C2,0,1
774,54:F0:B1:BB:73:40,eduroam,14,31.377719402313232,C2,0,1
775,54:F0:B1:BB:80:C0,eduroam,42,31.377719402313232,C2,0,1
776,54:F0:B1:BB:80:C2,,37,31.377719402313232,C2,0,1
777,54:F0:B1:BB:80:C3,LABPROG,42,31.377719402313232,C2,0,1
778,54:F0:B1:BB:84:B2,,34,31.377719402313232,C2,0,1
779,54:F0:B1:BB:A7:60,eduroam,12,31.377719402313232,C2,0,1
780,54:F0:B1:BB:A7:80,eduroam,15,31.377719402313232,C2,0,1
781,54:F0:B1:BB:A7:81,PoliSemFio,14,31.377719402313232,C2,0,1
782,54:F0:B1:BB:A7:82,LME,14,31.377719402313232,C2,0,1
783,54:F0:B1:BB:BC:00,eduroam,17,31.377719402313232,C2,0,1
784,54:F0:B1:BB:BC:01,PoliSemFio,30,31.377719402313232,C2,0,1
785,54:F0:B1:BB:BC:02,,29,31.377719402313232,C2,0,1
786,54:F0:B1:BB:BC:20,eduroam,10,31.377719402313232,C2,0,1
787,54:F0:B1:BB:BC:21,PoliSemFio,9,31.377719402313232,C2,0,1
788,54:F0:B1:BB:BC:23,CAEEL,10,31.377719402313232,C2,0,1
789,54:F0:B1:BB:BE:10,eduroam,22,31.377719402313232,C2,0,1
790,54:F0:B1:BB:BE:13,CAEEL,15,31.377719402313232,C2,0,1
791,54:F0:B1:BB:BE:30,eduroam,14,31.377719402313232,C2,0,1
792,54:F0:B1:BB:BE:31,PoliSemFio,14,31.377719402313232,C2,0,1
793,54:F0:B1:BB:BE:33,CAEEL,14,31.377719402313232,C2,0,1
794,54:F0:B1:BB:C4:D0,eduroam,45,31.377719402313232,C2,0,1
795,54:F0:B1:BB:C4:F0,eduroam,47,31.377719402313232,C2,0,1
796,54:F0:B1:BB:C4:F1,PoliSemFio,14,31.377719402313232,C2,0,1
797,54:F0:B1:BB:CD:A0,eduroam,30,31.377719402313232,C2,0,1
798,54:F0:B1:BB:CD:A2,,34,31.377719402313232,C2,0,1
799,54:F0:B1:BB:FD:D0,eduroam,39,31.377719402313232,C2,0,1
800,54:F0:B1:BB:FD:D1,PoliSemFio,29,31.377719402313232,C2,0,1
801,54:F0:B1:BB:FD:D2,,29,31.377719402313232,C2,0,1
802,54:F0:B1:BC:09:40,eduroam,37,31.377719402313232,C2,0,1
803,54:F0:B1:BC:09:41,PoliSemFio,30,31.377719402313232,C2,0,1
804,54:F0:B1:BC:09:42,,45,31.377719402313232,C2,0,1
805,54:F0:B1:BC:09:60,eduroam,22,31.377719402313232,C2,0,1
806,54:F0:B1:BC:09:61,PoliSemFio,22,31.377719402313232,C2,0,1
807,54:F0:B1:BC:1B:D0,eduroam,60,31.377719402313232,C2,0,1
808,54:F0:B1:BC:1B:D1,PoliSemFio,49,31.377719402313232,C2,0,1
809,54:F0:B1:BC:1B:D2,,47,31.377719402313232,C2,0,1
810,54:F0:B1:BC:1B:F0,eduroam,45,31.377719402313232,C2,0,1
811,54:F0:B1:BC:1B:F1,PoliSemFio,45,31.377719402313232,C2,0,1
812,54:F0:B1:BC:27:40,eduroam,64,31.377719402313232,C2,0,1
813,54:F0:B1:BC:27:41,PoliSemFio,57,31.377719402313232,C2,0,1
814,54:F0:B1:BC:27:42,,59,31.377719402313232,C2,0,1
815,54:F0:B1:BC:27:60,eduroam,30,31.377719402313232,C2,0,1
816,54:F0:B1:BC:27:61,PoliSemFio,30,31.377719402313232,C2,0,1
817,54:F0:B1:BC:2E:90,eduroam,72,31.377719402313232,C2,0,1
818,54:F0:B1:BC:2E:91,PoliSemFio,75,31.377719402313232,C2,0,1
819,54:F0:B1:BC:2E:92,,64,31.377719402313232,C2,0,1
820,54:F0:B1:BC:2E:B0,eduroam,52,31.377719402313232,C2,0,1
821,54:F0:B1:BC:2E:B1,PoliSemFio,54,31.377719402313232,C2,0,1
822,54:F0:B1:BC:2F:50,eduroam,24,31.377719402313232,C2,0,1
823,54:F0:B1:BC:2F:51,PoliSemFio,25,31.377719402313232,C2,0,1
824,54:F0:B1:BC:2F:52,,24,31.377719402313232,C2,0,1
825,54:F0:B1:BC:36:10,PoliSemFio,30,31.377719402313232,C2,0,1
826,54:F0:B1:BC:36:11,eduroam,34,31.377719402313232,C2,0,1
827,54:F0:B1:BC:36:12,,29,31.377719402313232,C2,0,1
828,54:F0:B1:BC:3F:10,eduroam,40,31.377719402313232,C2,0,1
829,54:F0:B1:BC:43:60,eduroam,19,31.377719402313232,C2,0,1
830,54:F0:B1:BC:43:80,eduroam,12,31.377719402313232,C2,0,1
831,54:F0:B1:BC:43:81,PoliSemFio,14,31.377719402313232,C2,0,1
832,54:F0:B1:BC:43:82,,12,31.377719402313232,C2,0,1
833,54:F0:B1:BC:65:B0,eduroam,32,31.377719402313232,C2,0,1
834,54:F0:B1:BC:65:B1,PoliSemFio,24,31.377719402313232,C2,0,1
835,54:F0:B1:BC:65:B2,,30,31.377719402313232,C2,0,1
836,54:F0:B1:BC:70:00,eduroam,49,31.377719402313232,C2,0,1
837,54:F0:B1:BC:77:80,eduroam,49,31.377719402313232,C2,0,1
838,54:F0:B1:BC:77:81,PoliSemFio,47,31.377719402313232,C2,0,1
839,54:F0:B1:BC:77:82,,35,31.377719402313232,C2,0,1
840,54:F0:B1:BC:77:A0,eduroam,24,31.377719402313232,C2,0,1
841,54:F0:B1:BC:77:A1,PoliSemFio,24,31.377719402313232,C2,0,1
842,54:F0:B1:BC:77:A2,,30,31.377719402313232,C2,0,1
843,68:FF:7B:47:78:BE,C1-22M,15,31.377719402313232,C2,0,1
844,6C:72:20:75:38:65,ASV-C262,30,31.377719402313232,C2,0,1
845,70:62:B8:6E:72:A0,PCS-wireless-C1-13,29,31.377719402313232,C2,0,1
846,70:62:B8:6E:72:A1,PPGEE,29,31.377719402313232,C2,0,1
847,84:D4:7E:06:4F:E0,eduroam,30,31.377719402313232,C2,0,1
848,84:D4:7E:06:4F:E1,PoliSemFio,42,31.377719402313232,C2,0,1
849,84:D4:7E:06:4F:E2,,40,31.377719402313232,C2,0,1
850,84:D4:7E:9D:EE:C1,FEAnet,20,31.377719402313232,C2,0,1
851,AA:6B:AD:82:46:CC,DIRECT-cc-HP M132f LaserJet,24,31.377719402313232,C2,0,1
852,DC:9F:DB:1B:1F:D7,LWN-3,24,31.377719402313232,C2,0,1
853,DC:9F:DB:1C:1F:D7,LWN-3,52,31.377719402313232,C2,0,1
854,DE:9F:DB:1B:1F:D7,LARC Guest,24,31.377719402313232,C2,0,1
855,DE:9F:DB:1C:1F:D7,LARC Guest,52,31.377719402313232,C2,0,1
856,EE:9F:DB:1B:1F:D7,,22,31.377719402313232,C2,0,1
857,F8:1A:67:99:55:8E,NUCLEAR_CHF,25,31.377719402313232,C2,0,1
858,FE:9F:DB:1C:1F:D7,,50,31.377719402313232,C2,0,1
859,FE:9F:DB:1C:1F:E0,,22,31.377719402313232,C2,0,1
860,00:18:E7:FF:8C:98,dlink,25,34.01557469367981,C2,0,1
861,00:21:91:70:9D:EC,LAB-DIDATICO,17,34.01557469367981,C2,0,1
862,1C:5F:2B:FF:9B:B4,LSA,20,34.01557469367981,C2,0,1
863,20:AA:4B:A7:19:74,LAA03,35,34.01557469367981,C2,0,1
864,2A:56:5A:49:06:54,DIRECT-54-HP M132f LaserJet,17,34.01557469367981,C2,0,1
865,30:85:A9:69:F2:E4,PCS-Wireless-C2-22,45,34.01557469367981,C2,0,1
866,34:60:F9:A3:D9:13,GASWIFI-5G_C2,17,34.01557469367981,C2,0,1
867,34:60:F9:A3:D9:14,GASWIFI-2G_C2,32,34.01557469367981,C2,0,1
868,34:CE:00:51:3E:6F,Lab,25,34.01557469367981,C2,0,1
869,3A:60:F9:A3:D9:14,,54,34.01557469367981,C2,0,1
870,46:D2:44:04:08:05,DIRECT-44048805,15,34.01557469367981,C2,0,1
871,54:B8:0A:AA:2C:8C,LAB_DIGITAL,27,34.01557469367981,C2,0,1
872,54:B8:0A:AA:2C:8D,PCS-Wireless,29,34.01557469367981,C2,0,1
873,54:F0:B1:A1:1A:43,CAEEL,5,34.01557469367981,C2,0,1
874,54:F0:B1:A1:1A:50,eduroam,17,34.01557469367981,C2,0,1
875,54:F0:B1:A1:58:00,eduroam,25,34.01557469367981,C2,0,1
876,54:F0:B1:A1:E2:90,CEE,17,34.01557469367981,C2,0,1
877,54:F0:B1:A2:37:E0,eduroam,22,34.01557469367981,C2,0,1
878,54:F0:B1:A2:37:E1,PoliSemFio,34,34.01557469367981,C2,0,1
879,54:F0:B1:A2:37:E2,,35,34.01557469367981,C2,0,1
880,54:F0:B1:A2:4A:60,eduroam,19,34.01557469367981,C2,0,1
881,54:F0:B1:A2:4A:61,PoliSemFio,17,34.01557469367981,C2,0,1
882,54:F0:B1:A2:4A:62,,17,34.01557469367981,C2,0,1
883,54:F0:B1:A2:4A:70,eduroam,17,34.01557469367981,C2,0,1
884,54:F0:B1:A2:56:60,eduroam,42,34.01557469367981,C2,0,1
885,54:F0:B1:A2:56:61,PoliSemFio,32,34.01557469367981,C2,0,1
886,54:F0:B1:A2:56:62,,40,34.01557469367981,C2,0,1
887,54:F0:B1:A2:56:70,eduroam,17,34.01557469367981,C2,0,1
888,54:F0:B1:A2:57:30,eduroam,17,34.01557469367981,C2,0,1
889,54:F0:B1:A2:57:33,LCA,12,34.01557469367981,C2,0,1
890,54:F0:B1:BB:5A:80,eduroam,45,34.01557469367981,C2,0,1
891,54:F0:B1:BB:5A:81,PoliSemFio,44,34.01557469367981,C2,0,1
892,54:F0:B1:BB:5A:82,HACKER,47,34.01557469367981,C2,0,1
893,54:F0:B1:BB:5A:83,LEP,44,34.01557469367981,C2,0,1
894,54:F0:B1:BB:5A:84,,44,34.01557469367981,C2,0,1
895,54:F0:B1:BB:5A:A0,eduroam,20,34.01557469367981,C2,0,1
896,54:F0:B1:BB:5A:A1,PoliSemFio,19,34.01557469367981,C2,0,1
897,54:F0:B1:BB:5A:A2,HACKER,15,34.01557469367981,C2,0,1
898,54:F0:B1:BB:5A:A3,LEP,20,34.01557469367981,C2,0,1
899,54:F0:B1:BB:5F:B0,eduroam,17,34.01557469367981,C2,0,1
900,54:F0:B1:BB:5F:B1,PoliSemFio,17,34.01557469367981,C2,0,1
901,54:F0:B1:BB:5F:B2,,15,34.01557469367981,C2,0,1
902,54:F0:B1:BB:73:40,eduroam,14,34.01557469367981,C2,0,1
903,54:F0:B1:BB:80:C0,eduroam,42,34.01557469367981,C2,0,1
904,54:F0:B1:BB:80:C2,,37,34.01557469367981,C2,0,1
905,54:F0:B1:BB:80:C3,LABPROG,42,34.01557469367981,C2,0,1
906,54:F0:B1:BB:84:B2,,34,34.01557469367981,C2,0,1
907,54:F0:B1:BB:A7:60,eduroam,12,34.01557469367981,C2,0,1
908,54:F0:B1:BB:A7:80,eduroam,15,34.01557469367981,C2,0,1
909,54:F0:B1:BB:A7:81,PoliSemFio,14,34.01557469367981,C2,0,1
910,54:F0:B1:BB:A7:82,LME,14,34.01557469367981,C2,0,1
911,54:F0:B1:BB:BC:00,eduroam,17,34.01557469367981,C2,0,1
912,54:F0:B1:BB:BC:01,PoliSemFio,30,34.01557469367981,C2,0,1
913,54:F0:B1:BB:BC:02,,29,34.01557469367981,C2,0,1
914,54:F0:B1:BB:BC:20,eduroam,10,34.01557469367981,C2,0,1
915,54:F0:B1:BB:BC:21,PoliSemFio,9,34.01557469367981,C2,0,1
916,54:F0:B1:BB:BC:23,CAEEL,10,34.01557469367981,C2,0,1
917,54:F0:B1:BB:BE:10,eduroam,22,34.01557469367981,C2,0,1
918,54:F0:B1:BB:BE:13,CAEEL,15,34.01557469367981,C2,0,1
919,54:F0:B1:BB:BE:30,eduroam,14,34.01557469367981,C2,0,1
920,54:F0:B1:BB:BE:31,PoliSemFio,14,34.01557469367981,C2,0,1
921,54:F0:B1:BB:BE:33,CAEEL,14,34.01557469367981,C2,0,1
922,54:F0:B1:BB:C4:D0,eduroam,45,34.01557469367981,C2,0,1
923,54:F0:B1:BB:C4:F0,eduroam,47,34.01557469367981,C2,0,1
924,54:F0:B1:BB:C4:F1,PoliSemFio,14,34.01557469367981,C2,0,1
925,54:F0:B1:BB:CD:A0,eduroam,30,34.01557469367981,C2,0,1
926,54:F0:B1:BB:CD:A2,,34,34.01557469367981,C2,0,1
927,54:F0:B1:BB:FD:D0,eduroam,39,34.01557469367981,C2,0,1
928,54:F0:B1:BB:FD:D1,PoliSemFio,29,34.01557469367981,C2,0,1
929,54:F0:B1:BB:FD:D2,,29,34.01557469367981,C2,0,1
930,54:F0:B1:BC:09:40,eduroam,37,34.01557469367981,C2,0,1
931,54:F0:B1:BC:09:41,PoliSemFio,30,34.01557469367981,C2,0,1
932,54:F0:B1:BC:09:42,,45,34.01557469367981,C2,0,1
933,54:F0:B1:BC:09:60,eduroam,22,34.01557469367981,C2,0,1
934,54:F0:B1:BC:09:61,PoliSemFio,22,34.01557469367981,C2,0,1
935,54:F0:B1:BC:1B:D0,eduroam,60,34.01557469367981,C2,0,1
936,54:F0:B1:BC:1B:D1,PoliSemFio,49,34.01557469367981,C2,0,1
937,54:F0:B1:BC:1B:D2,,47,34.01557469367981,C2,0,1
938,54:F0:B1:BC:1B:F0,eduroam,45,34.01557469367981,C2,0,1
939,54:F0:B1:BC:1B:F1,PoliSemFio,45,34.01557469367981,C2,0,1
940,54:F0:B1:BC:27:40,eduroam,64,34.01557469367981,C2,0,1
941,54:F0:B1:BC:27:41,PoliSemFio,57,34.01557469367981,C2,0,1
942,54:F0:B1:BC:27:42,,59,34.01557469367981,C2,0,1
943,54:F0:B1:BC:27:60,eduroam,30,34.01557469367981,C2,0,1
944,54:F0:B1:BC:27:61,PoliSemFio,30,34.01557469367981,C2,0,1
945,54:F0:B1:BC:2E:90,eduroam,72,34.01557469367981,C2,0,1
946,54:F0:B1:BC:2E:91,PoliSemFio,75,34.01557469367981,C2,0,1
947,54:F0:B1:BC:2E:92,,64,34.01557469367981,C2,0,1
948,54:F0:B1:BC:2E:B0,eduroam,55,34.01557469367981,C2,0,1
949,54:F0:B1:BC:2E:B1,PoliSemFio,54,34.01557469367981,C2,0,1
950,54:F0:B1:BC:2F:50,eduroam,24,34.01557469367981,C2,0,1
951,54:F0:B1:BC:2F:51,PoliSemFio,25,34.01557469367981,C2,0,1
952,54:F0:B1:BC:2F:52,,24,34.01557469367981,C2,0,1
953,54:F0:B1:BC:36:10,PoliSemFio,30,34.01557469367981,C2,0,1
954,54:F0:B1:BC:36:11,eduroam,34,34.01557469367981,C2,0,1
955,54:F0:B1:BC:36:12,,29,34.01557469367981,C2,0,1
956,54:F0:B1:BC:3F:10,eduroam,40,34.01557469367981,C2,0,1
957,54:F0:B1:BC:43:60,eduroam,19,34.01557469367981,C2,0,1
958,54:F0:B1:BC:43:80,eduroam,12,34.01557469367981,C2,0,1
959,54:F0:B1:BC:43:81,PoliSemFio,14,34.01557469367981,C2,0,1
960,54:F0:B1:BC:43:82,,12,34.01557469367981,C2,0,1
961,54:F0:B1:BC:65:B0,eduroam,32,34.01557469367981,C2,0,1
962,54:F0:B1:BC:65:B1,PoliSemFio,24,34.01557469367981,C2,0,1
963,54:F0:B1:BC:65:B2,,30,34.01557469367981,C2,0,1
964,54:F0:B1:BC:70:00,eduroam,49,34.01557469367981,C2,0,1
965,54:F0:B1:BC:77:80,eduroam,49,34.01557469367981,C2,0,1
966,54:F0:B1:BC:77:81,PoliSemFio,47,34.01557469367981,C2,0,1
967,54:F0:B1:BC:77:82,,35,34.01557469367981,C2,0,1
968,54:F0:B1:BC:77:A0,eduroam,24,34.01557469367981,C2,0,1
969,54:F0:B1:BC:77:A1,PoliSemFio,24,34.01557469367981,C2,0,1
970,54:F0:B1:BC:77:A2,,30,34.01557469367981,C2,0,1
971,68:FF:7B:47:78:BE,C1-22M,15,34.01557469367981,C2,0,1
972,6C:72:20:75:38:65,ASV-C262,30,34.01557469367981,C2,0,1
973,70:62:B8:6E:72:A0,PCS-wireless-C1-13,29,34.01557469367981,C2,0,1
974,70:62:B8:6E:72:A1,PPGEE,29,34.01557469367981,C2,0,1
975,84:D4:7E:06:4F:E0,eduroam,30,34.01557469367981,C2,0,1
976,84:D4:7E:06:4F:E1,PoliSemFio,42,34.01557469367981,C2,0,1
977,84:D4:7E:06:4F:E2,,40,34.01557469367981,C2,0,1
978,84:D4:7E:9D:EE:C1,FEAnet,20,34.01557469367981,C2,0,1
979,AA:6B:AD:82:46:CC,DIRECT-cc-HP M132f LaserJet,24,34.01557469367981,C2,0,1
980,DC:9F:DB:1B:1F:D7,LWN-3,24,34.01557469367981,C2,0,1
981,DC:9F:DB:1C:1F:D7,LWN-3,52,34.01557469367981,C2,0,1
982,DE:9F:DB:1B:1F:D7,LARC Guest,24,34.01557469367981,C2,0,1
983,DE:9F:DB:1C:1F:D7,LARC Guest,52,34.01557469367981,C2,0,1
984,EE:9F:DB:1B:1F:D7,,22,34.01557469367981,C2,0,1
985,F8:1A:67:99:55:8E,NUCLEAR_CHF,25,34.01557469367981,C2,0,1
986,FE:9F:DB:1C:1F:D7,,50,34.01557469367981,C2,0,1
987,FE:9F:DB:1C:1F:E0,,22,34.01557469367981,C2,0,1
988,00:18:E7:FF:8C:98,dlink,25,40.2763614654541,C2,0,1
989,00:21:91:70:9D:EC,LAB-DIDATICO,17,40.2763614654541,C2,0,1
990,1C:5F:2B:FF:9B:B4,LSA,20,40.2763614654541,C2,0,1
991,20:AA:4B:A7:19:74,LAA03,35,40.2763614654541,C2,0,1
992,2A:56:5A:49:06:54,DIRECT-54-HP M132f LaserJet,17,40.2763614654541,C2,0,1
993,30:85:A9:69:F2:E4,PCS-Wireless-C2-22,45,40.2763614654541,C2,0,1
994,34:60:F9:A3:D9:13,GASWIFI-5G_C2,17,40.2763614654541,C2,0,1
995,34:60:F9:A3:D9:14,GASWIFI-2G_C2,32,40.2763614654541,C2,0,1
996,34:CE:00:51:3E:6F,Lab,24,40.2763614654541,C2,0,1
997,3A:60:F9:A3:D9:14,,54,40.2763614654541,C2,0,1
998,46:D2:44:04:08:05,DIRECT-44048805,20,40.2763614654541,C2,0,1
999,54:B8:0A:AA:2C:8C,LAB_DIGITAL,24,40.2763614654541,C2,0,1
1000,54:B8:0A:AA:2C:8D,PCS-Wireless,29,40.2763614654541,C2,0,1
1001,54:F0:B1:A1:1A:50,eduroam,17,40.2763614654541,C2,0,1
1002,54:F0:B1:A1:58:00,eduroam,22,40.2763614654541,C2,0,1
1003,54:F0:B1:A1:E2:90,CEE,17,40.2763614654541,C2,0,1
1004,54:F0:B1:A2:37:E0,eduroam,27,40.2763614654541,C2,0,1
1005,54:F0:B1:A2:37:E1,PoliSemFio,34,40.2763614654541,C2,0,1
1006,54:F0:B1:A2:37:E2,,35,40.2763614654541,C2,0,1
1007,54:F0:B1:A2:4A:60,eduroam,19,40.2763614654541,C2,0,1
1008,54:F0:B1:A2:4A:61,PoliSemFio,17,40.2763614654541,C2,0,1
1009,54:F0:B1:A2:4A:62,,17,40.2763614654541,C2,0,1
1010,54:F0:B1:A2:4A:70,eduroam,17,40.2763614654541,C2,0,1
1011,54:F0:B1:A2:56:60,eduroam,30,40.2763614654541,C2,0,1
1012,54:F0:B1:A2:56:61,PoliSemFio,30,40.2763614654541,C2,0,1
1013,54:F0:B1:A2:56:62,,40,40.2763614654541,C2,0,1
1014,54:F0:B1:A2:56:70,eduroam,32,40.2763614654541,C2,0,1
1015,54:F0:B1:BB:5A:80,eduroam,49,40.2763614654541,C2,0,1
1016,54:F0:B1:BB:5A:81,PoliSemFio,45,40.2763614654541,C2,0,1
1017,54:F0:B1:BB:5A:82,HACKER,49,40.2763614654541,C2,0,1
1018,54:F0:B1:BB:5A:83,LEP,49,40.2763614654541,C2,0,1
1019,54:F0:B1:BB:5A:84,,44,40.2763614654541,C2,0,1
1020,54:F0:B1:BB:5A:A0,eduroam,20,40.2763614654541,C2,0,1
1021,54:F0:B1:BB:5A:A1,PoliSemFio,19,40.2763614654541,C2,0,1
1022,54:F0:B1:BB:5A:A2,HACKER,15,40.2763614654541,C2,0,1
1023,54:F0:B1:BB:5A:A3,LEP,14,40.2763614654541,C2,0,1
1024,54:F0:B1:BB:5F:B0,eduroam,17,40.2763614654541,C2,0,1
1025,54:F0:B1:BB:5F:B1,PoliSemFio,17,40.2763614654541,C2,0,1
1026,54:F0:B1:BB:5F:B2,,15,40.2763614654541,C2,0,1
1027,54:F0:B1:BB:73:40,eduroam,14,40.2763614654541,C2,0,1
1028,54:F0:B1:BB:80:C0,eduroam,42,40.2763614654541,C2,0,1
1029,54:F0:B1:BB:80:C3,LABPROG,42,40.2763614654541,C2,0,1
1030,54:F0:B1:BB:84:B2,,34,40.2763614654541,C2,0,1
1031,54:F0:B1:BB:A7:80,eduroam,15,40.2763614654541,C2,0,1
1032,54:F0:B1:BB:A7:81,PoliSemFio,14,40.2763614654541,C2,0,1
1033,54:F0:B1:BB:A7:82,LME,14,40.2763614654541,C2,0,1
1034,54:F0:B1:BB:BC:00,eduroam,17,40.2763614654541,C2,0,1
1035,54:F0:B1:BB:BC:01,PoliSemFio,30,40.2763614654541,C2,0,1
1036,54:F0:B1:BB:BC:02,,29,40.2763614654541,C2,0,1
1037,54:F0:B1:BB:BC:20,eduroam,10,40.2763614654541,C2,0,1
1038,54:F0:B1:BB:BC:21,PoliSemFio,9,40.2763614654541,C2,0,1
1039,54:F0:B1:BB:BC:23,CAEEL,10,40.2763614654541,C2,0,1
1040,54:F0:B1:BB:BE:10,eduroam,20,40.2763614654541,C2,0,1
1041,54:F0:B1:BB:BE:13,CAEEL,15,40.2763614654541,C2,0,1
1042,54:F0:B1:BB:BE:30,eduroam,14,40.2763614654541,C2,0,1
1043,54:F0:B1:BB:BE:31,PoliSemFio,14,40.2763614654541,C2,0,1
1044,54:F0:B1:BB:BE:33,CAEEL,14,40.2763614654541,C2,0,1
1045,54:F0:B1:BB:C4:F0,eduroam,47,40.2763614654541,C2,0,1
1046,54:F0:B1:BB:C4:F1,PoliSemFio,14,40.2763614654541,C2,0,1
1047,54:F0:B1:BB:CD:A0,eduroam,30,40.2763614654541,C2,0,1
1048,54:F0:B1:BB:CD:A2,,34,40.2763614654541,C2,0,1
1049,54:F0:B1:BB:FD:D0,eduroam,37,40.2763614654541,C2,0,1
1050,54:F0:B1:BB:FD:D1,PoliSemFio,29,40.2763614654541,C2,0,1
1051,54:F0:B1:BB:FD:D2,,30,40.2763614654541,C2,0,1
1052,54:F0:B1:BC:09:40,eduroam,37,40.2763614654541,C2,0,1
1053,54:F0:B1:BC:09:41,PoliSemFio,30,40.2763614654541,C2,0,1
1054,54:F0:B1:BC:09:42,,29,40.2763614654541,C2,0,1
1055,54:F0:B1:BC:09:60,eduroam,24,40.2763614654541,C2,0,1
1056,54:F0:B1:BC:09:61,PoliSemFio,22,40.2763614654541,C2,0,1
1057,54:F0:B1:BC:1B:D0,eduroam,42,40.2763614654541,C2,0,1
1058,54:F0:B1:BC:1B:D1,PoliSemFio,47,40.2763614654541,C2,0,1
1059,54:F0:B1:BC:1B:D2,,47,40.2763614654541,C2,0,1
1060,54:F0:B1:BC:1B:F0,eduroam,25,40.2763614654541,C2,0,1
1061,54:F0:B1:BC:1B:F1,PoliSemFio,25,40.2763614654541,C2,0,1
1062,54:F0:B1:BC:27:40,eduroam,39,40.2763614654541,C2,0,1
1063,54:F0:B1:BC:27:41,PoliSemFio,34,40.2763614654541,C2,0,1
1064,54:F0:B1:BC:27:42,,35,40.2763614654541,C2,0,1
1065,54:F0:B1:BC:27:60,eduroam,29,40.2763614654541,C2,0,1
1066,54:F0:B1:BC:27:61,PoliSemFio,29,40.2763614654541,C2,0,1
1067,54:F0:B1:BC:2E:90,eduroam,59,40.2763614654541,C2,0,1
1068,54:F0:B1:BC:2E:91,PoliSemFio,55,40.2763614654541,C2,0,1
1069,54:F0:B1:BC:2E:92,,55,40.2763614654541,C2,0,1
1070,54:F0:B1:BC:2E:B0,eduroam,39,40.2763614654541,C2,0,1
1071,54:F0:B1:BC:2E:B1,PoliSemFio,32,40.2763614654541,C2,0,1
1072,54:F0:B1:BC:2F:50,eduroam,24,40.2763614654541,C2,0,1
1073,54:F0:B1:BC:2F:51,PoliSemFio,25,40.2763614654541,C2,0,1
1074,54:F0:B1:BC:2F:52,,24,40.2763614654541,C2,0,1
1075,54:F0:B1:BC:36:10,PoliSemFio,30,40.2763614654541,C2,0,1
1076,54:F0:B1:BC:36:11,eduroam,19,40.2763614654541,C2,0,1
1077,54:F0:B1:BC:3F:10,eduroam,40,40.2763614654541,C2,0,1
1078,54:F0:B1:BC:3F:31,PoliSemFio,15,40.2763614654541,C2,0,1
1079,54:F0:B1:BC:43:60,eduroam,15,40.2763614654541,C2,0,1
1080,54:F0:B1:BC:43:80,eduroam,12,40.2763614654541,C2,0,1
1081,54:F0:B1:BC:43:81,PoliSemFio,14,40.2763614654541,C2,0,1
1082,54:F0:B1:BC:43:82,,12,40.2763614654541,C2,0,1
1083,54:F0:B1:BC:65:B0,eduroam,32,40.2763614654541,C2,0,1
1084,54:F0:B1:BC:65:B1,PoliSemFio,24,40.2763614654541,C2,0,1
1085,54:F0:B1:BC:65:B2,,30,40.2763614654541,C2,0,1
1086,54:F0:B1:BC:70:00,eduroam,25,40.2763614654541,C2,0,1
1087,54:F0:B1:BC:77:80,eduroam,49,40.2763614654541,C2,0,1
1088,54:F0:B1:BC:77:81,PoliSemFio,47,40.2763614654541,C2,0,1
1089,54:F0:B1:BC:77:82,,35,40.2763614654541,C2,0,1
1090,54:F0:B1:BC:77:A0,eduroam,19,40.2763614654541,C2,0,1
1091,54:F0:B1:BC:77:A1,PoliSemFio,17,40.2763614654541,C2,0,1
1092,68:FF:7B:47:78:BE,C1-22M,35,40.2763614654541,C2,0,1
1093,70:62:B8:6E:72:A0,PCS-wireless-C1-13,25,40.2763614654541,C2,0,1
1094,70:62:B8:6E:72:A1,PPGEE,25,40.2763614654541,C2,0,1
1095,84:D4:7E:06:4F:E0,eduroam,30,40.2763614654541,C2,0,1
1096,84:D4:7E:06:4F:E1,PoliSemFio,42,40.2763614654541,C2,0,1
1097,84:D4:7E:06:4F:E2,,40,40.2763614654541,C2,0,1
1098,84:D4:7E:9D:EE:C1,FEAnet,20,40.2763614654541,C2,0,1
1099,AA:6B:AD:82:46:CC,DIRECT-cc-HP M132f LaserJet,24,40.2763614654541,C2,0,1
1100,DC:9F:DB:1B:1F:D7,LWN-3,24,40.2763614654541,C2,0,1
1101,DC:9F:DB:1C:1F:D7,LWN-3,52,40.2763614654541,C2,0,1
1102,DE:9F:DB:1B:1F:D7,LARC Guest,24,40.2763614654541,C2,0,1
1103,DE:9F:DB:1C:1F:D7,LARC Guest,52,40.2763614654541,C2,0,1
1104,EE:9F:DB:1B:1F:D7,,14,40.2763614654541,C2,0,1
1105,F8:1A:67:99:55:8E,NUCLEAR_CHF,22,40.2763614654541,C2,0,1
1106,FE:9F:DB:1C:1F:D7,,50,40.2763614654541,C2,0,1
1107,FE:9F:DB:1C:1F:E0,,22,40.2763614654541,C2,0,1
1108,00:18:E7:FF:8C:98,dlink,25,46.52336049079895,C2,0,1
1109,1C:5F:2B:FF:9B:B4,LSA,20,46.52336049079895,C2,0,1
1110,20:AA:4B:A7:19:74,LAA03,39,46.52336049079895,C2,0,1
1111,2A:56:5A:49:06:54,DIRECT-54-HP M132f LaserJet,17,46.52336049079895,C2,0,1
1112,30:85:A9:69:F2:E4,PCS-Wireless-C2-22,45,46.52336049079895,C2,0,1
1113,34:60:F9:A3:D9:13,GASWIFI-5G_C2,17,46.52336049079895,C2,0,1
1114,34:60:F9:A3:D9:14,GASWIFI-2G_C2,40,46.52336049079895,C2,0,1
1115,34:60:F9:A3:E7:3F,GASWIFI_C4,25,46.52336049079895,C2,0,1
1116,34:CE:00:51:3E:6F,Lab,37,46.52336049079895,C2,0,1
1117,3A:60:F9:A3:D9:14,,54,46.52336049079895,C2,0,1
1118,46:D2:44:04:08:05,DIRECT-44048805,20,46.52336049079895,C2,0,1
1119,54:B8:0A:AA:2C:8C,LAB_DIGITAL,27,46.52336049079895,C2,0,1
1120,54:B8:0A:AA:2C:8D,PCS-Wireless,27,46.52336049079895,C2,0,1
1121,54:F0:B1:A1:1A:43,CAEEL,9,46.52336049079895,C2,0,1
1122,54:F0:B1:A1:58:00,eduroam,24,46.52336049079895,C2,0,1
1123,54:F0:B1:A1:E2:90,CEE,17,46.52336049079895,C2,0,1
1124,54:F0:B1:A1:E5:00,eduroam,14,46.52336049079895,C2,0,1
1125,54:F0:B1:A2:37:E0,eduroam,39,46.52336049079895,C2,0,1
1126,54:F0:B1:A2:37:E1,PoliSemFio,34,46.52336049079895,C2,0,1
1127,54:F0:B1:A2:37:E2,,35,46.52336049079895,C2,0,1
1128,54:F0:B1:A2:4A:60,eduroam,19,46.52336049079895,C2,0,1
1129,54:F0:B1:A2:4A:61,PoliSemFio,17,46.52336049079895,C2,0,1
1130,54:F0:B1:A2:4A:62,,17,46.52336049079895,C2,0,1
1131,54:F0:B1:A2:4A:70,eduroam,30,46.52336049079895,C2,0,1
1132,54:F0:B1:A2:4A:71,PoliSemFio,32,46.52336049079895,C2,0,1
1133,54:F0:B1:A2:4A:72,,34,46.52336049079895,C2,0,1
1134,54:F0:B1:A2:56:60,eduroam,40,46.52336049079895,C2,0,1
1135,54:F0:B1:A2:56:61,PoliSemFio,40,46.52336049079895,C2,0,1
1136,54:F0:B1:A2:56:62,,40,46.52336049079895,C2,0,1
1137,54:F0:B1:A2:56:70,eduroam,32,46.52336049079895,C2,0,1
1138,54:F0:B1:BB:5A:80,eduroam,49,46.52336049079895,C2,0,1
1139,54:F0:B1:BB:5A:81,PoliSemFio,45,46.52336049079895,C2,0,1
1140,54:F0:B1:BB:5A:82,HACKER,49,46.52336049079895,C2,0,1
1141,54:F0:B1:BB:5A:83,LEP,49,46.52336049079895,C2,0,1
1142,54:F0:B1:BB:5A:84,,44,46.52336049079895,C2,0,1
1143,54:F0:B1:BB:5A:A0,eduroam,20,46.52336049079895,C2,0,1
1144,54:F0:B1:BB:5A:A1,PoliSemFio,20,46.52336049079895,C2,0,1
1145,54:F0:B1:BB:5A:A2,HACKER,20,46.52336049079895,C2,0,1
1146,54:F0:B1:BB:5A:A3,LEP,20,46.52336049079895,C2,0,1
1147,54:F0:B1:BB:5F:B0,eduroam,17,46.52336049079895,C2,0,1
1148,54:F0:B1:BB:5F:B1,PoliSemFio,17,46.52336049079895,C2,0,1
1149,54:F0:B1:BB:5F:B2,,15,46.52336049079895,C2,0,1
1150,54:F0:B1:BB:73:40,eduroam,14,46.52336049079895,C2,0,1
1151,54:F0:B1:BB:80:C0,eduroam,42,46.52336049079895,C2,0,1
1152,54:F0:B1:BB:80:C3,LABPROG,42,46.52336049079895,C2,0,1
1153,54:F0:B1:BB:84:B2,,34,46.52336049079895,C2,0,1
1154,54:F0:B1:BB:A7:80,eduroam,14,46.52336049079895,C2,0,1
1155,54:F0:B1:BB:A7:81,PoliSemFio,14,46.52336049079895,C2,0,1
1156,54:F0:B1:BB:A7:82,LME,15,46.52336049079895,C2,0,1
1157,54:F0:B1:BB:BC:00,eduroam,17,46.52336049079895,C2,0,1
1158,54:F0:B1:BB:BC:01,PoliSemFio,30,46.52336049079895,C2,0,1
1159,54:F0:B1:BB:BC:02,,29,46.52336049079895,C2,0,1
1160,54:F0:B1:BB:BC:20,eduroam,12,46.52336049079895,C2,0,1
1161,54:F0:B1:BB:BC:21,PoliSemFio,9,46.52336049079895,C2,0,1
1162,54:F0:B1:BB:BC:23,CAEEL,12,46.52336049079895,C2,0,1
1163,54:F0:B1:BB:BE:10,eduroam,20,46.52336049079895,C2,0,1
1164,54:F0:B1:BB:BE:30,eduroam,17,46.52336049079895,C2,0,1
1165,54:F0:B1:BB:BE:31,PoliSemFio,14,46.52336049079895,C2,0,1
1166,54:F0:B1:BB:BE:33,CAEEL,14,46.52336049079895,C2,0,1
1167,54:F0:B1:BB:C4:F0,eduroam,47,46.52336049079895,C2,0,1
1168,54:F0:B1:BB:C4:F1,PoliSemFio,47,46.52336049079895,C2,0,1
1169,54:F0:B1:BB:C6:E0,eduroam,14,46.52336049079895,C2,0,1
1170,54:F0:B1:BB:CD:A0,eduroam,35,46.52336049079895,C2,0,1
1171,54:F0:B1:BB:CD:A2,,34,46.52336049079895,C2,0,1
1172,54:F0:B1:BB:FD:D0,eduroam,37,46.52336049079895,C2,0,1
1173,54:F0:B1:BB:FD:D1,PoliSemFio,34,46.52336049079895,C2,0,1
1174,54:F0:B1:BB:FD:D2,,34,46.52336049079895,C2,0,1
1175,54:F0:B1:BC:09:40,eduroam,37,46.52336049079895,C2,0,1
1176,54:F0:B1:BC:09:41,PoliSemFio,30,46.52336049079895,C2,0,1
1177,54:F0:B1:BC:09:42,,29,46.52336049079895,C2,0,1
1178,54:F0:B1:BC:09:60,eduroam,22,46.52336049079895,C2,0,1
1179,54:F0:B1:BC:09:61,PoliSemFio,24,46.52336049079895,C2,0,1
1180,54:F0:B1:BC:1B:D0,eduroam,62,46.52336049079895,C2,0,1
1181,54:F0:B1:BC:1B:D1,PoliSemFio,60,46.52336049079895,C2,0,1
1182,54:F0:B1:BC:1B:D2,,60,46.52336049079895,C2,0,1
1183,54:F0:B1:BC:1B:F0,eduroam,44,46.52336049079895,C2,0,1
1184,54:F0:B1:BC:1B:F1,PoliSemFio,44,46.52336049079895,C2,0,1
1185,54:F0:B1:BC:27:40,eduroam,62,46.52336049079895,C2,0,1
1186,54:F0:B1:BC:27:41,PoliSemFio,34,46.52336049079895,C2,0,1
1187,54:F0:B1:BC:27:42,,35,46.52336049079895,C2,0,1
1188,54:F0:B1:BC:27:60,eduroam,32,46.52336049079895,C2,0,1
1189,54:F0:B1:BC:27:61,PoliSemFio,32,46.52336049079895,C2,0,1
1190,54:F0:B1:BC:2E:90,eduroam,79,46.52336049079895,C2,0,1
1191,54:F0:B1:BC:2E:91,PoliSemFio,75,46.52336049079895,C2,0,1
1192,54:F0:B1:BC:2E:92,,75,46.52336049079895,C2,0,1
1193,54:F0:B1:BC:2E:B0,eduroam,52,46.52336049079895,C2,0,1
1194,54:F0:B1:BC:2E:B1,PoliSemFio,50,46.52336049079895,C2,0,1
1195,54:F0:B1:BC:2F:50,eduroam,22,46.52336049079895,C2,0,1
1196,54:F0:B1:BC:36:10,PoliSemFio,30,46.52336049079895,C2,0,1
1197,54:F0:B1:BC:36:11,eduroam,32,46.52336049079895,C2,0,1
1198,54:F0:B1:BC:36:12,,30,46.52336049079895,C2,0,1
1199,54:F0:B1:BC:3F:10,eduroam,15,46.52336049079895,C2,0,1
1200,54:F0:B1:BC:3F:31,PoliSemFio,15,46.52336049079895,C2,0,1
1201,54:F0:B1:BC:43:60,eduroam,15,46.52336049079895,C2,0,1
1202,54:F0:B1:BC:43:80,eduroam,12,46.52336049079895,C2,0,1
1203,54:F0:B1:BC:43:81,PoliSemFio,14,46.52336049079895,C2,0,1
1204,54:F0:B1:BC:43:82,,12,46.52336049079895,C2,0,1
1205,54:F0:B1:BC:65:B0,eduroam,32,46.52336049079895,C2,0,1
1206,54:F0:B1:BC:65:B2,,30,46.52336049079895,C2,0,1
1207,54:F0:B1:BC:70:00,eduroam,44,46.52336049079895,C2,0,1
1208,54:F0:B1:BC:77:80,eduroam,49,46.52336049079895,C2,0,1
1209,54:F0:B1:BC:77:81,PoliSemFio,47,46.52336049079895,C2,0,1
1210,54:F0:B1:BC:77:82,,35,46.52336049079895,C2,0,1
1211,54:F0:B1:BC:77:A0,eduroam,20,46.52336049079895,C2,0,1
1212,54:F0:B1:BC:77:A1,PoliSemFio,22,46.52336049079895,C2,0,1
1213,54:F0:B1:BC:7C:F2,,25,46.52336049079895,C2,0,1
1214,56:60:F9:A3:E7:3F,,30,46.52336049079895,C2,0,1
1215,68:FF:7B:47:78:BE,C1-22M,35,46.52336049079895,C2,0,1
1216,70:62:B8:6E:72:A0,PCS-wireless-C1-13,27,46.52336049079895,C2,0,1
1217,70:62:B8:6E:72:A1,PPGEE,27,46.52336049079895,C2,0,1
1218,84:D4:7E:06:4F:E0,eduroam,32,46.52336049079895,C2,0,1
1219,84:D4:7E:9D:EE:C0,eduroam,20,46.52336049079895,C2,0,1
1220,84:D4:7E:9D:EE:C1,FEAnet,20,46.52336049079895,C2,0,1
1221,84:D4:7E:9E:1A:60,eduroam,15,46.52336049079895,C2,0,1
1222,AA:6B:AD:82:46:CC,DIRECT-cc-HP M132f LaserJet,24,46.52336049079895,C2,0,1
1223,DC:9F:DB:1B:1F:D7,LWN-3,24,46.52336049079895,C2,0,1
1224,DC:9F:DB:1C:1F:D7,LWN-3,52,46.52336049079895,C2,0,1
1225,DE:9F:DB:1B:1F:D7,LARC Guest,25,46.52336049079895,C2,0,1
1226,DE:9F:DB:1C:1F:D7,LARC Guest,52,46.52336049079895,C2,0,1
1227,DE:9F:DB:1C:1F:E0,LARC Guest,19,46.52336049079895,C2,0,1
1228,EE:9F:DB:1B:1F:D7,,25,46.52336049079895,C2,0,1
1229,F8:1A:67:99:55:8E,NUCLEAR_CHF,20,46.52336049079895,C2,0,1
1230,FE:9F:DB:1C:1F:D7,,52,46.52336049079895,C2,0,1
1231,FE:9F:DB:1C:1F:E0,,22,46.52336049079895,C2,0,1
1232,00:18:E7:FF:8C:98,dlink,25,52.81442070007324,C2,0,1
1233,1C:5F:2B:FF:9B:B4,LSA,20,52.81442070007324,C2,0,1
1234,20:AA:4B:A7:19:74,LAA03,39,52.81442070007324,C2,0,1
1235,2A:56:5A:49:06:54,DIRECT-54-HP M132f LaserJet,17,52.81442070007324,C2,0,1
1236,30:85:A9:69:F2:E4,PCS-Wireless-C2-22,45,52.81442070007324,C2,0,1
1237,34:60:F9:A3:D9:13,GASWIFI-5G_C2,17,52.81442070007324,C2,0,1
1238,34:60:F9:A3:D9:14,GASWIFI-2G_C2,40,52.81442070007324,C2,0,1
1239,34:60:F9:A3:E7:3F,GASWIFI_C4,25,52.81442070007324,C2,0,1
1240,34:CE:00:51:3E:6F,Lab,37,52.81442070007324,C2,0,1
1241,3A:60:F9:A3:D9:14,,54,52.81442070007324,C2,0,1
1242,46:D2:44:04:08:05,DIRECT-44048805,20,52.81442070007324,C2,0,1
1243,54:B8:0A:AA:2C:8C,LAB_DIGITAL,27,52.81442070007324,C2,0,1
1244,54:B8:0A:AA:2C:8D,PCS-Wireless,27,52.81442070007324,C2,0,1
1245,54:F0:B1:A1:1A:43,CAEEL,9,52.81442070007324,C2,0,1
1246,54:F0:B1:A1:58:00,eduroam,24,52.81442070007324,C2,0,1
1247,54:F0:B1:A1:E2:90,CEE,17,52.81442070007324,C2,0,1
1248,54:F0:B1:A1:E5:00,eduroam,14,52.81442070007324,C2,0,1
1249,54:F0:B1:A2:37:E0,eduroam,39,52.81442070007324,C2,0,1
1250,54:F0:B1:A2:37:E1,PoliSemFio,34,52.81442070007324,C2,0,1
1251,54:F0:B1:A2:37:E2,,35,52.81442070007324,C2,0,1
1252,54:F0:B1:A2:4A:60,eduroam,19,52.81442070007324,C2,0,1
1253,54:F0:B1:A2:4A:61,PoliSemFio,17,52.81442070007324,C2,0,1
1254,54:F0:B1:A2:4A:62,,17,52.81442070007324,C2,0,1
1255,54:F0:B1:A2:4A:70,eduroam,30,52.81442070007324,C2,0,1
1256,54:F0:B1:A2:4A:71,PoliSemFio,32,52.81442070007324,C2,0,1
1257,54:F0:B1:A2:4A:72,,34,52.81442070007324,C2,0,1
1258,54:F0:B1:A2:56:60,eduroam,40,52.81442070007324,C2,0,1
1259,54:F0:B1:A2:56:61,PoliSemFio,40,52.81442070007324,C2,0,1
1260,54:F0:B1:A2:56:62,,40,52.81442070007324,C2,0,1
1261,54:F0:B1:A2:56:70,eduroam,32,52.81442070007324,C2,0,1
1262,54:F0:B1:BB:5A:80,eduroam,49,52.81442070007324,C2,0,1
1263,54:F0:B1:BB:5A:81,PoliSemFio,45,52.81442070007324,C2,0,1
1264,54:F0:B1:BB:5A:82,HACKER,49,52.81442070007324,C2,0,1
1265,54:F0:B1:BB:5A:83,LEP,49,52.81442070007324,C2,0,1
1266,54:F0:B1:BB:5A:84,,44,52.81442070007324,C2,0,1
1267,54:F0:B1:BB:5A:A0,eduroam,20,52.81442070007324,C2,0,1
1268,54:F0:B1:BB:5A:A1,PoliSemFio,20,52.81442070007324,C2,0,1
1269,54:F0:B1:BB:5A:A2,HACKER,20,52.81442070007324,C2,0,1
1270,54:F0:B1:BB:5A:A3,LEP,20,52.81442070007324,C2,0,1
1271,54:F0:B1:BB:5F:B0,eduroam,17,52.81442070007324,C2,0,1
1272,54:F0:B1:BB:5F:B1,PoliSemFio,17,52.81442070007324,C2,0,1
1273,54:F0:B1:BB:5F:B2,,15,52.81442070007324,C2,0,1
1274,54:F0:B1:BB:73:40,eduroam,14,52.81442070007324,C2,0,1
1275,54:F0:B1:BB:80:C0,eduroam,42,52.81442070007324,C2,0,1
1276,54:F0:B1:BB:80:C3,LABPROG,42,52.81442070007324,C2,0,1
1277,54:F0:B1:BB:84:B2,,34,52.81442070007324,C2,0,1
1278,54:F0:B1:BB:A7:80,eduroam,14,52.81442070007324,C2,0,1
1279,54:F0:B1:BB:A7:81,PoliSemFio,14,52.81442070007324,C2,0,1
1280,54:F0:B1:BB:A7:82,LME,15,52.81442070007324,C2,0,1
1281,54:F0:B1:BB:BC:00,eduroam,17,52.81442070007324,C2,0,1
1282,54:F0:B1:BB:BC:01,PoliSemFio,30,52.81442070007324,C2,0,1
1283,54:F0:B1:BB:BC:02,,29,52.81442070007324,C2,0,1
1284,54:F0:B1:BB:BC:20,eduroam,12,52.81442070007324,C2,0,1
1285,54:F0:B1:BB:BC:21,PoliSemFio,9,52.81442070007324,C2,0,1
1286,54:F0:B1:BB:BC:23,CAEEL,12,52.81442070007324,C2,0,1
1287,54:F0:B1:BB:BE:10,eduroam,20,52.81442070007324,C2,0,1
1288,54:F0:B1:BB:BE:30,eduroam,17,52.81442070007324,C2,0,1
1289,54:F0:B1:BB:BE:31,PoliSemFio,14,52.81442070007324,C2,0,1
1290,54:F0:B1:BB:BE:33,CAEEL,14,52.81442070007324,C2,0,1
1291,54:F0:B1:BB:C4:F0,eduroam,47,52.81442070007324,C2,0,1
1292,54:F0:B1:BB:C4:F1,PoliSemFio,47,52.81442070007324,C2,0,1
1293,54:F0:B1:BB:C6:E0,eduroam,14,52.81442070007324,C2,0,1
1294,54:F0:B1:BB:CD:A0,eduroam,35,52.81442070007324,C2,0,1
1295,54:F0:B1:BB:CD:A2,,34,52.81442070007324,C2,0,1
1296,54:F0:B1:BB:FD:D0,eduroam,37,52.81442070007324,C2,0,1
1297,54:F0:B1:BB:FD:D1,PoliSemFio,34,52.81442070007324,C2,0,1
1298,54:F0:B1:BB:FD:D2,,34,52.81442070007324,C2,0,1
1299,54:F0:B1:BC:09:40,eduroam,37,52.81442070007324,C2,0,1
1300,54:F0:B1:BC:09:41,PoliSemFio,30,52.81442070007324,C2,0,1
1301,54:F0:B1:BC:09:42,,29,52.81442070007324,C2,0,1
1302,54:F0:B1:BC:09:60,eduroam,22,52.81442070007324,C2,0,1
1303,54:F0:B1:BC:09:61,PoliSemFio,24,52.81442070007324,C2,0,1
1304,54:F0:B1:BC:1B:D0,eduroam,62,52.81442070007324,C2,0,1
1305,54:F0:B1:BC:1B:D1,PoliSemFio,60,52.81442070007324,C2,0,1
1306,54:F0:B1:BC:1B:D2,,60,52.81442070007324,C2,0,1
1307,54:F0:B1:BC:1B:F0,eduroam,44,52.81442070007324,C2,0,1
1308,54:F0:B1:BC:1B:F1,PoliSemFio,44,52.81442070007324,C2,0,1
1309,54:F0:B1:BC:27:40,eduroam,62,52.81442070007324,C2,0,1
1310,54:F0:B1:BC:27:41,PoliSemFio,34,52.81442070007324,C2,0,1
1311,54:F0:B1:BC:27:42,,35,52.81442070007324,C2,0,1
1312,54:F0:B1:BC:27:60,eduroam,32,52.81442070007324,C2,0,1
1313,54:F0:B1:BC:27:61,PoliSemFio,32,52.81442070007324,C2,0,1
1314,54:F0:B1:BC:2E:90,eduroam,79,52.81442070007324,C2,0,1
1315,54:F0:B1:BC:2E:91,PoliSemFio,75,52.81442070007324,C2,0,1
1316,54:F0:B1:BC:2E:92,,75,52.81442070007324,C2,0,1
1317,54:F0:B1:BC:2E:B0,eduroam,55,52.81442070007324,C2,0,1
1318,54:F0:B1:BC:2E:B1,PoliSemFio,50,52.81442070007324,C2,0,1
1319,54:F0:B1:BC:2F:50,eduroam,22,52.81442070007324,C2,0,1
1320,54:F0:B1:BC:36:10,PoliSemFio,30,52.81442070007324,C2,0,1
1321,54:F0:B1:BC:36:11,eduroam,32,52.81442070007324,C2,0,1
1322,54:F0:B1:BC:36:12,,30,52.81442070007324,C2,0,1
1323,54:F0:B1:BC:3F:10,eduroam,15,52.81442070007324,C2,0,1
1324,54:F0:B1:BC:3F:31,PoliSemFio,15,52.81442070007324,C2,0,1
1325,54:F0:B1:BC:43:60,eduroam,15,52.81442070007324,C2,0,1
1326,54:F0:B1:BC:43:80,eduroam,12,52.81442070007324,C2,0,1
1327,54:F0:B1:BC:43:81,PoliSemFio,14,52.81442070007324,C2,0,1
1328,54:F0:B1:BC:43:82,,12,52.81442070007324,C2,0,1
1329,54:F0:B1:BC:65:B0,eduroam,32,52.81442070007324,C2,0,1
1330,54:F0:B1:BC:65:B2,,30,52.81442070007324,C2,0,1
1331,54:F0:B1:BC:70:00,eduroam,44,52.81442070007324,C2,0,1
1332,54:F0:B1:BC:77:80,eduroam,49,52.81442070007324,C2,0,1
1333,54:F0:B1:BC:77:81,PoliSemFio,47,52.81442070007324,C2,0,1
1334,54:F0:B1:BC:77:82,,35,52.81442070007324,C2,0,1
1335,54:F0:B1:BC:77:A0,eduroam,20,52.81442070007324,C2,0,1
1336,54:F0:B1:BC:77:A1,PoliSemFio,22,52.81442070007324,C2,0,1
1337,54:F0:B1:BC:7C:F2,,25,52.81442070007324,C2,0,1
1338,56:60:F9:A3:E7:3F,,30,52.81442070007324,C2,0,1
1339,68:FF:7B:47:78:BE,C1-22M,35,52.81442070007324,C2,0,1
1340,70:62:B8:6E:72:A0,PCS-wireless-C1-13,27,52.81442070007324,C2,0,1
1341,70:62:B8:6E:72:A1,PPGEE,27,52.81442070007324,C2,0,1
1342,84:D4:7E:06:4F:E0,eduroam,32,52.81442070007324,C2,0,1
1343,84:D4:7E:9D:EE:C0,eduroam,20,52.81442070007324,C2,0,1
1344,84:D4:7E:9D:EE:C1,FEAnet,20,52.81442070007324,C2,0,1
1345,84:D4:7E:9E:1A:60,eduroam,15,52.81442070007324,C2,0,1
1346,AA:6B:AD:82:46:CC,DIRECT-cc-HP M132f LaserJet,24,52.81442070007324,C2,0,1
1347,DC:9F:DB:1B:1F:D7,LWN-3,24,52.81442070007324,C2,0,1
1348,DC:9F:DB:1C:1F:D7,LWN-3,52,52.81442070007324,C2,0,1
1349,DE:9F:DB:1B:1F:D7,LARC Guest,25,52.81442070007324,C2,0,1
1350,DE:9F:DB:1C:1F:D7,LARC Guest,52,52.81442070007324,C2,0,1
1351,DE:9F:DB:1C:1F:E0,LARC Guest,19,52.81442070007324,C2,0,1
1352,EE:9F:DB:1B:1F:D7,,25,52.81442070007324,C2,0,1
1353,F8:1A:67:99:55:8E,NUCLEAR_CHF,20,52.81442070007324,C2,0,1
1354,FE:9F:DB:1C:1F:D7,,52,52.81442070007324,C2,0,1
1355,FE:9F:DB:1C:1F:E0,,22,52.81442070007324,C2,0,1
1356,00:18:E7:FF:8C:98,dlink,25,55.46910858154297,C2,0,1
1357,1C:5F:2B:FF:9B:B4,LSA,20,55.46910858154297,C2,0,1
1358,20:AA:4B:A7:19:74,LAA03,19,55.46910858154297,C2,0,1
1359,30:85:A9:69:F2:E4,PCS-Wireless-C2-22,32,55.46910858154297,C2,0,1
1360,34:60:F9:A3:D9:13,GASWIFI-5G_C2,17,55.46910858154297,C2,0,1
1361,34:60:F9:A3:D9:14,GASWIFI-2G_C2,40,55.46910858154297,C2,0,1
1362,34:60:F9:A3:E7:3F,GASWIFI_C4,25,55.46910858154297,C2,0,1
1363,34:CE:00:51:3E:6F,Lab,29,55.46910858154297,C2,0,1
1364,46:D2:44:04:08:05,DIRECT-44048805,20,55.46910858154297,C2,0,1
1365,54:B8:0A:AA:2C:8C,LAB_DIGITAL,27,55.46910858154297,C2,0,1
1366,54:B8:0A:AA:2C:8D,PCS-Wireless,27,55.46910858154297,C2,0,1
1367,54:F0:B1:A1:1A:43,CAEEL,9,55.46910858154297,C2,0,1
1368,54:F0:B1:A1:58:00,eduroam,30,55.46910858154297,C2,0,1
1369,54:F0:B1:A1:E2:90,CEE,17,55.46910858154297,C2,0,1
1370,54:F0:B1:A1:E5:00,eduroam,14,55.46910858154297,C2,0,1
1371,54:F0:B1:A2:37:E0,eduroam,39,55.46910858154297,C2,0,1
1372,54:F0:B1:A2:4A:70,eduroam,30,55.46910858154297,C2,0,1
1373,54:F0:B1:A2:4A:71,PoliSemFio,32,55.46910858154297,C2,0,1
1374,54:F0:B1:A2:4A:72,,34,55.46910858154297,C2,0,1
1375,54:F0:B1:A2:56:60,eduroam,40,55.46910858154297,C2,0,1
1376,54:F0:B1:A2:56:61,PoliSemFio,32,55.46910858154297,C2,0,1
1377,54:F0:B1:A2:56:70,eduroam,32,55.46910858154297,C2,0,1
1378,54:F0:B1:BB:5A:80,eduroam,44,55.46910858154297,C2,0,1
1379,54:F0:B1:BB:5A:81,PoliSemFio,42,55.46910858154297,C2,0,1
1380,54:F0:B1:BB:5A:82,HACKER,47,55.46910858154297,C2,0,1
1381,54:F0:B1:BB:5A:83,LEP,47,55.46910858154297,C2,0,1
1382,54:F0:B1:BB:5A:84,,45,55.46910858154297,C2,0,1
1383,54:F0:B1:BB:5A:A0,eduroam,15,55.46910858154297,C2,0,1
1384,54:F0:B1:BB:5A:A1,PoliSemFio,15,55.46910858154297,C2,0,1
1385,54:F0:B1:BB:5A:A2,HACKER,12,55.46910858154297,C2,0,1
1386,54:F0:B1:BB:5A:A3,LEP,15,55.46910858154297,C2,0,1
1387,54:F0:B1:BB:5F:B0,eduroam,17,55.46910858154297,C2,0,1
1388,54:F0:B1:BB:5F:B1,PoliSemFio,17,55.46910858154297,C2,0,1
1389,54:F0:B1:BB:5F:B2,,15,55.46910858154297,C2,0,1
1390,54:F0:B1:BB:80:C0,eduroam,42,55.46910858154297,C2,0,1
1391,54:F0:B1:BB:80:C3,LABPROG,42,55.46910858154297,C2,0,1
1392,54:F0:B1:BB:84:B2,,34,55.46910858154297,C2,0,1
1393,54:F0:B1:BB:A7:80,eduroam,14,55.46910858154297,C2,0,1
1394,54:F0:B1:BB:A7:81,PoliSemFio,14,55.46910858154297,C2,0,1
1395,54:F0:B1:BB:A7:82,LME,15,55.46910858154297,C2,0,1
1396,54:F0:B1:BB:BC:00,eduroam,17,55.46910858154297,C2,0,1
1397,54:F0:B1:BB:BC:20,eduroam,12,55.46910858154297,C2,0,1
1398,54:F0:B1:BB:BC:21,PoliSemFio,9,55.46910858154297,C2,0,1
1399,54:F0:B1:BB:BC:23,CAEEL,12,55.46910858154297,C2,0,1
1400,54:F0:B1:BB:BE:10,eduroam,25,55.46910858154297,C2,0,1
1401,54:F0:B1:BB:BE:30,eduroam,17,55.46910858154297,C2,0,1
1402,54:F0:B1:BB:BE:31,PoliSemFio,14,55.46910858154297,C2,0,1
1403,54:F0:B1:BB:BE:33,CAEEL,14,55.46910858154297,C2,0,1
1404,54:F0:B1:BB:C4:F0,eduroam,47,55.46910858154297,C2,0,1
1405,54:F0:B1:BB:C4:F1,PoliSemFio,47,55.46910858154297,C2,0,1
1406,54:F0:B1:BB:C6:E0,eduroam,14,55.46910858154297,C2,0,1
1407,54:F0:B1:BB:CD:A0,eduroam,35,55.46910858154297,C2,0,1
1408,54:F0:B1:BB:FD:D0,eduroam,34,55.46910858154297,C2,0,1
1409,54:F0:B1:BB:FD:D1,PoliSemFio,34,55.46910858154297,C2,0,1
1410,54:F0:B1:BB:FD:D2,,34,55.46910858154297,C2,0,1
1411,54:F0:B1:BC:09:40,eduroam,30,55.46910858154297,C2,0,1
1412,54:F0:B1:BC:09:41,PoliSemFio,30,55.46910858154297,C2,0,1
1413,54:F0:B1:BC:09:42,,29,55.46910858154297,C2,0,1
1414,54:F0:B1:BC:09:60,eduroam,22,55.46910858154297,C2,0,1
1415,54:F0:B1:BC:09:61,PoliSemFio,27,55.46910858154297,C2,0,1
1416,54:F0:B1:BC:1B:D0,eduroam,44,55.46910858154297,C2,0,1
1417,54:F0:B1:BC:1B:D1,PoliSemFio,47,55.46910858154297,C2,0,1
1418,54:F0:B1:BC:1B:D2,,47,55.46910858154297,C2,0,1
1419,54:F0:B1:BC:1B:F0,eduroam,29,55.46910858154297,C2,0,1
1420,54:F0:B1:BC:1B:F1,PoliSemFio,29,55.46910858154297,C2,0,1
1421,54:F0:B1:BC:27:40,eduroam,62,55.46910858154297,C2,0,1
1422,54:F0:B1:BC:27:41,PoliSemFio,34,55.46910858154297,C2,0,1
1423,54:F0:B1:BC:27:42,,34,55.46910858154297,C2,0,1
1424,54:F0:B1:BC:27:60,eduroam,19,55.46910858154297,C2,0,1
1425,54:F0:B1:BC:27:61,PoliSemFio,20,55.46910858154297,C2,0,1
1426,54:F0:B1:BC:2E:90,eduroam,57,55.46910858154297,C2,0,1
1427,54:F0:B1:BC:2E:91,PoliSemFio,75,55.46910858154297,C2,0,1
1428,54:F0:B1:BC:2E:92,,75,55.46910858154297,C2,0,1
1429,54:F0:B1:BC:2E:B0,eduroam,29,55.46910858154297,C2,0,1
1430,54:F0:B1:BC:2E:B1,PoliSemFio,29,55.46910858154297,C2,0,1
1431,54:F0:B1:BC:2F:50,eduroam,22,55.46910858154297,C2,0,1
1432,54:F0:B1:BC:36:10,PoliSemFio,30,55.46910858154297,C2,0,1
1433,54:F0:B1:BC:36:11,eduroam,19,55.46910858154297,C2,0,1
1434,54:F0:B1:BC:36:12,,30,55.46910858154297,C2,0,1
1435,54:F0:B1:BC:3F:10,eduroam,15,55.46910858154297,C2,0,1
1436,54:F0:B1:BC:3F:31,PoliSemFio,15,55.46910858154297,C2,0,1
1437,54:F0:B1:BC:43:60,eduroam,15,55.46910858154297,C2,0,1
1438,54:F0:B1:BC:43:80,eduroam,12,55.46910858154297,C2,0,1
1439,54:F0:B1:BC:43:81,PoliSemFio,14,55.46910858154297,C2,0,1
1440,54:F0:B1:BC:43:82,,12,55.46910858154297,C2,0,1
1441,54:F0:B1:BC:65:B0,eduroam,32,55.46910858154297,C2,0,1
1442,54:F0:B1:BC:65:B2,,30,55.46910858154297,C2,0,1
1443,54:F0:B1:BC:70:00,eduroam,30,55.46910858154297,C2,0,1
1444,54:F0:B1:BC:77:81,PoliSemFio,47,55.46910858154297,C2,0,1
1445,54:F0:B1:BC:77:82,,35,55.46910858154297,C2,0,1
1446,54:F0:B1:BC:77:A0,eduroam,15,55.46910858154297,C2,0,1
1447,54:F0:B1:BC:77:A1,PoliSemFio,15,55.46910858154297,C2,0,1
1448,54:F0:B1:BC:7C:F2,,25,55.46910858154297,C2,0,1
1449,56:60:F9:A3:E7:3F,,19,55.46910858154297,C2,0,1
1450,68:FF:7B:47:78:BE,C1-22M,39,55.46910858154297,C2,0,1
1451,70:62:B8:6E:72:A0,PCS-wireless-C1-13,32,55.46910858154297,C2,0,1
1452,70:62:B8:6E:72:A1,PPGEE,30,55.46910858154297,C2,0,1
1453,84:D4:7E:06:4F:E0,eduroam,30,55.46910858154297,C2,0,1
1454,84:D4:7E:9D:EE:C0,eduroam,20,55.46910858154297,C2,0,1
1455,84:D4:7E:9D:EE:C1,FEAnet,20,55.46910858154297,C2,0,1
1456,84:D4:7E:9E:1A:60,eduroam,15,55.46910858154297,C2,0,1
1457,DC:9F:DB:1B:1F:D7,LWN-3,20,55.46910858154297,C2,0,1
1458,DC:9F:DB:1C:1F:D7,LWN-3,52,55.46910858154297,C2,0,1
1459,DE:9F:DB:1B:1F:D7,LARC Guest,20,55.46910858154297,C2,0,1
1460,DE:9F:DB:1C:1F:D7,LARC Guest,54,55.46910858154297,C2,0,1
1461,DE:9F:DB:1C:1F:E0,LARC Guest,19,55.46910858154297,C2,0,1
1462,EE:9F:DB:1B:1F:D7,,22,55.46910858154297,C2,0,1
1463,EE:9F:DB:1C:1F:D7,,52,55.46910858154297,C2,0,1
1464,F8:1A:67:99:55:8E,NUCLEAR_CHF,24,55.46910858154297,C2,0,1
1465,FE:9F:DB:1C:1F:D7,,52,55.46910858154297,C2,0,1
1466,FE:9F:DB:1C:1F:E0,,22,55.46910858154297,C2,0,1
1467,00:18:E7:FF:8C:98,dlink,25,58.117785930633545,C2,0,1
1468,1C:5F:2B:FF:9B:B4,LSA,20,58.117785930633545,C2,0,1
1469,20:AA:4B:A7:19:74,LAA03,19,58.117785930633545,C2,0,1
1470,30:85:A9:69:F2:E4,PCS-Wireless-C2-22,32,58.117785930633545,C2,0,1
1471,34:60:F9:A3:D9:13,GASWIFI-5G_C2,17,58.117785930633545,C2,0,1
1472,34:60:F9:A3:D9:14,GASWIFI-2G_C2,40,58.117785930633545,C2,0,1
1473,34:60:F9:A3:E7:3F,GASWIFI_C4,25,58.117785930633545,C2,0,1
1474,34:CE:00:51:3E:6F,Lab,29,58.117785930633545,C2,0,1
1475,46:D2:44:04:08:05,DIRECT-44048805,20,58.117785930633545,C2,0,1
1476,54:B8:0A:AA:2C:8C,LAB_DIGITAL,27,58.117785930633545,C2,0,1
1477,54:B8:0A:AA:2C:8D,PCS-Wireless,27,58.117785930633545,C2,0,1
1478,54:F0:B1:A1:1A:43,CAEEL,9,58.117785930633545,C2,0,1
1479,54:F0:B1:A1:58:00,eduroam,30,58.117785930633545,C2,0,1
1480,54:F0:B1:A1:E2:90,CEE,17,58.117785930633545,C2,0,1
1481,54:F0:B1:A1:E5:00,eduroam,14,58.117785930633545,C2,0,1
1482,54:F0:B1:A2:37:E0,eduroam,39,58.117785930633545,C2,0,1
1483,54:F0:B1:A2:4A:70,eduroam,30,58.117785930633545,C2,0,1
1484,54:F0:B1:A2:4A:71,PoliSemFio,32,58.117785930633545,C2,0,1
1485,54:F0:B1:A2:4A:72,,34,58.117785930633545,C2,0,1
1486,54:F0:B1:A2:56:60,eduroam,40,58.117785930633545,C2,0,1
1487,54:F0:B1:A2:56:61,PoliSemFio,32,58.117785930633545,C2,0,1
1488,54:F0:B1:A2:56:70,eduroam,32,58.117785930633545,C2,0,1
1489,54:F0:B1:BB:5A:80,eduroam,44,58.117785930633545,C2,0,1
1490,54:F0:B1:BB:5A:81,PoliSemFio,42,58.117785930633545,C2,0,1
1491,54:F0:B1:BB:5A:82,HACKER,47,58.117785930633545,C2,0,1
1492,54:F0:B1:BB:5A:83,LEP,47,58.117785930633545,C2,0,1
1493,54:F0:B1:BB:5A:84,,45,58.117785930633545,C2,0,1
1494,54:F0:B1:BB:5A:A0,eduroam,15,58.117785930633545,C2,0,1
1495,54:F0:B1:BB:5A:A1,PoliSemFio,15,58.117785930633545,C2,0,1
1496,54:F0:B1:BB:5A:A2,HACKER,12,58.117785930633545,C2,0,1
1497,54:F0:B1:BB:5A:A3,LEP,15,58.117785930633545,C2,0,1
1498,54:F0:B1:BB:5F:B0,eduroam,17,58.117785930633545,C2,0,1
1499,54:F0:B1:BB:5F:B1,PoliSemFio,17,58.117785930633545,C2,0,1
1500,54:F0:B1:BB:5F:B2,,15,58.117785930633545,C2,0,1
1501,54:F0:B1:BB:80:C0,eduroam,42,58.117785930633545,C2,0,1
1502,54:F0:B1:BB:80:C3,LABPROG,42,58.117785930633545,C2,0,1
1503,54:F0:B1:BB:84:B2,,34,58.117785930633545,C2,0,1
1504,54:F0:B1:BB:A7:80,eduroam,14,58.117785930633545,C2,0,1
1505,54:F0:B1:BB:A7:81,PoliSemFio,14,58.117785930633545,C2,0,1
1506,54:F0:B1:BB:A7:82,LME,15,58.117785930633545,C2,0,1
1507,54:F0:B1:BB:BC:00,eduroam,17,58.117785930633545,C2,0,1
1508,54:F0:B1:BB:BC:20,eduroam,12,58.117785930633545,C2,0,1
1509,54:F0:B1:BB:BC:21,PoliSemFio,9,58.117785930633545,C2,0,1
1510,54:F0:B1:BB:BC:23,CAEEL,12,58.117785930633545,C2,0,1
1511,54:F0:B1:BB:BE:10,eduroam,25,58.117785930633545,C2,0,1
1512,54:F0:B1:BB:BE:30,eduroam,17,58.117785930633545,C2,0,1
1513,54:F0:B1:BB:BE:31,PoliSemFio,14,58.117785930633545,C2,0,1
1514,54:F0:B1:BB:BE:33,CAEEL,14,58.117785930633545,C2,0,1
1515,54:F0:B1:BB:C4:F0,eduroam,47,58.117785930633545,C2,0,1
1516,54:F0:B1:BB:C4:F1,PoliSemFio,47,58.117785930633545,C2,0,1
1517,54:F0:B1:BB:C6:E0,eduroam,14,58.117785930633545,C2,0,1
1518,54:F0:B1:BB:CD:A0,eduroam,35,58.117785930633545,C2,0,1
1519,54:F0:B1:BB:FD:D0,eduroam,34,58.117785930633545,C2,0,1
1520,54:F0:B1:BB:FD:D1,PoliSemFio,34,58.117785930633545,C2,0,1
1521,54:F0:B1:BB:FD:D2,,34,58.117785930633545,C2,0,1
1522,54:F0:B1:BC:09:40,eduroam,30,58.117785930633545,C2,0,1
1523,54:F0:B1:BC:09:41,PoliSemFio,30,58.117785930633545,C2,0,1
1524,54:F0:B1:BC:09:42,,29,58.117785930633545,C2,0,1
1525,54:F0:B1:BC:09:60,eduroam,22,58.117785930633545,C2,0,1
1526,54:F0:B1:BC:09:61,PoliSemFio,27,58.117785930633545,C2,0,1
1527,54:F0:B1:BC:1B:D0,eduroam,44,58.117785930633545,C2,0,1
1528,54:F0:B1:BC:1B:D1,PoliSemFio,47,58.117785930633545,C2,0,1
1529,54:F0:B1:BC:1B:D2,,47,58.117785930633545,C2,0,1
1530,54:F0:B1:BC:1B:F0,eduroam,29,58.117785930633545,C2,0,1
1531,54:F0:B1:BC:1B:F1,PoliSemFio,29,58.117785930633545,C2,0,1
1532,54:F0:B1:BC:27:40,eduroam,62,58.117785930633545,C2,0,1
1533,54:F0:B1:BC:27:41,PoliSemFio,34,58.117785930633545,C2,0,1
1534,54:F0:B1:BC:27:42,,34,58.117785930633545,C2,0,1
1535,54:F0:B1:BC:27:60,eduroam,19,58.117785930633545,C2,0,1
1536,54:F0:B1:BC:27:61,PoliSemFio,20,58.117785930633545,C2,0,1
1537,54:F0:B1:BC:2E:90,eduroam,57,58.117785930633545,C2,0,1
1538,54:F0:B1:BC:2E:91,PoliSemFio,75,58.117785930633545,C2,0,1
1539,54:F0:B1:BC:2E:92,,75,58.117785930633545,C2,0,1
1540,54:F0:B1:BC:2E:B0,eduroam,56,58.117785930633545,C2,0,1
1541,54:F0:B1:BC:2E:B1,PoliSemFio,29,58.117785930633545,C2,0,1
1542,54:F0:B1:BC:2F:50,eduroam,22,58.117785930633545,C2,0,1
1543,54:F0:B1:BC:36:10,PoliSemFio,30,58.117785930633545,C2,0,1
1544,54:F0:B1:BC:36:11,eduroam,19,58.117785930633545,C2,0,1
1545,54:F0:B1:BC:36:12,,30,58.117785930633545,C2,0,1
1546,54:F0:B1:BC:3F:10,eduroam,15,58.117785930633545,C2,0,1
1547,54:F0:B1:BC:3F:31,PoliSemFio,15,58.117785930633545,C2,0,1
1548,54:F0:B1:BC:43:60,eduroam,15,58.117785930633545,C2,0,1
1549,54:F0:B1:BC:43:80,eduroam,12,58.117785930633545,C2,0,1
1550,54:F0:B1:BC:43:81,PoliSemFio,14,58.117785930633545,C2,0,1
1551,54:F0:B1:BC:43:82,,12,58.117785930633545,C2,0,1
1552,54:F0:B1:BC:65:B0,eduroam,32,58.117785930633545,C2,0,1
1553,54:F0:B1:BC:65:B2,,30,58.117785930633545,C2,0,1
1554,54:F0:B1:BC:70:00,eduroam,30,58.117785930633545,C2,0,1
1555,54:F0:B1:BC:77:81,PoliSemFio,47,58.117785930633545,C2,0,1
1556,54:F0:B1:BC:77:82,,35,58.117785930633545,C2,0,1
1557,54:F0:B1:BC:77:A0,eduroam,15,58.117785930633545,C2,0,1
1558,54:F0:B1:BC:77:A1,PoliSemFio,15,58.117785930633545,C2,0,1
1559,54:F0:B1:BC:7C:F2,,25,58.117785930633545,C2,0,1
1560,56:60:F9:A3:E7:3F,,19,58.117785930633545,C2,0,1
1561,68:FF:7B:47:78:BE,C1-22M,39,58.117785930633545,C2,0,1
1562,70:62:B8:6E:72:A0,PCS-wireless-C1-13,32,58.117785930633545,C2,0,1
1563,70:62:B8:6E:72:A1,PPGEE,30,58.117785930633545,C2,0,1
1564,84:D4:7E:06:4F:E0,eduroam,30,58.117785930633545,C2,0,1
1565,84:D4:7E:9D:EE:C0,eduroam,20,58.117785930633545,C2,0,1
1566,84:D4:7E:9D:EE:C1,FEAnet,20,58.117785930633545,C2,0,1
1567,84:D4:7E:9E:1A:60,eduroam,15,58.117785930633545,C2,0,1
1568,DC:9F:DB:1B:1F:D7,LWN-3,20,58.117785930633545,C2,0,1
1569,DC:9F:DB:1C:1F:D7,LWN-3,52,58.117785930633545,C2,0,1
1570,DE:9F:DB:1B:1F:D7,LARC Guest,20,58.117785930633545,C2,0,1
1571,DE:9F:DB:1C:1F:D7,LARC Guest,54,58.117785930633545,C2,0,1
1572,DE:9F:DB:1C:1F:E0,LARC Guest,19,58.117785930633545,C2,0,1
1573,EE:9F:DB:1B:1F:D7,,22,58.117785930633545,C2,0,1
1574,EE:9F:DB:1C:1F:D7,,52,58.117785930633545,C2,0,1
1575,F8:1A:67:99:55:8E,NUCLEAR_CHF,24,58.117785930633545,C2,0,1
1576,FE:9F:DB:1C:1F:D7,,52,58.117785930633545,C2,0,1
1577,FE:9F:DB:1C:1F:E0,,22,58.117785930633545,C2,0,1
1578,1C:5F:2B:FF:9B:B4,LSA,32,64.39222598075867,C2,0,1
1579,20:AA:4B:A7:19:74,LAA03,44,64.39222598075867,C2,0,1
1580,30:85:A9:69:F2:E4,PCS-Wireless-C2-22,52,64.39222598075867,C2,0,1
1581,30:85:A9:69:FB:0A,PCS-Wireless,22,64.39222598075867,C2,0,1
1582,34:60:F9:A3:D9:14,GASWIFI-2G_C2,40,64.39222598075867,C2,0,1
1583,34:60:F9:A3:E7:3F,GASWIFI_C4,25,64.39222598075867,C2,0,1
1584,34:CE:00:51:3E:6F,Lab,35,64.39222598075867,C2,0,1
1585,3A:60:F9:A3:D9:14,,40,64.39222598075867,C2,0,1
1586,46:D2:44:04:08:05,DIRECT-44048805,17,64.39222598075867,C2,0,1
1587,54:B8:0A:AA:2C:8C,LAB_DIGITAL,30,64.39222598075867,C2,0,1
1588,54:B8:0A:AA:2C:8D,PCS-Wireless,30,64.39222598075867,C2,0,1
1589,54:F0:B1:A1:1A:43,CAEEL,9,64.39222598075867,C2,0,1
1590,54:F0:B1:A1:58:00,eduroam,24,64.39222598075867,C2,0,1
1591,54:F0:B1:A1:E2:90,CEE,17,64.39222598075867,C2,0,1
1592,54:F0:B1:A1:E5:00,eduroam,14,64.39222598075867,C2,0,1
1593,54:F0:B1:A2:37:E0,eduroam,42,64.39222598075867,C2,0,1
1594,54:F0:B1:A2:37:E2,,35,64.39222598075867,C2,0,1
1595,54:F0:B1:A2:4A:70,eduroam,29,64.39222598075867,C2,0,1
1596,54:F0:B1:A2:4A:71,PoliSemFio,34,64.39222598075867,C2,0,1
1597,54:F0:B1:A2:4A:72,,32,64.39222598075867,C2,0,1
1598,54:F0:B1:A2:56:60,eduroam,40,64.39222598075867,C2,0,1
1599,54:F0:B1:A2:56:61,PoliSemFio,40,64.39222598075867,C2,0,1
1600,54:F0:B1:A2:56:62,,40,64.39222598075867,C2,0,1
1601,54:F0:B1:A2:56:70,eduroam,39,64.39222598075867,C2,0,1
1602,54:F0:B1:BB:58:A3,CAEEL,27,64.39222598075867,C2,0,1
1603,54:F0:B1:BB:5A:80,eduroam,44,64.39222598075867,C2,0,1
1604,54:F0:B1:BB:5A:81,PoliSemFio,42,64.39222598075867,C2,0,1
1605,54:F0:B1:BB:5A:82,HACKER,47,64.39222598075867,C2,0,1
1606,54:F0:B1:BB:5A:83,LEP,47,64.39222598075867,C2,0,1
1607,54:F0:B1:BB:5A:84,,45,64.39222598075867,C2,0,1
1608,54:F0:B1:BB:5A:A0,eduroam,15,64.39222598075867,C2,0,1
1609,54:F0:B1:BB:5A:A1,PoliSemFio,15,64.39222598075867,C2,0,1
1610,54:F0:B1:BB:5A:A2,HACKER,12,64.39222598075867,C2,0,1
1611,54:F0:B1:BB:5A:A3,LEP,15,64.39222598075867,C2,0,1
1612,54:F0:B1:BB:5F:B0,eduroam,17,64.39222598075867,C2,0,1
1613,54:F0:B1:BB:5F:B1,PoliSemFio,17,64.39222598075867,C2,0,1
1614,54:F0:B1:BB:5F:B2,,15,64.39222598075867,C2,0,1
1615,54:F0:B1:BB:80:C0,eduroam,42,64.39222598075867,C2,0,1
1616,54:F0:B1:BB:80:C3,LABPROG,42,64.39222598075867,C2,0,1
1617,54:F0:B1:BB:84:B2,,34,64.39222598075867,C2,0,1
1618,54:F0:B1:BB:A7:80,eduroam,14,64.39222598075867,C2,0,1
1619,54:F0:B1:BB:A7:81,PoliSemFio,14,64.39222598075867,C2,0,1
1620,54:F0:B1:BB:A7:82,LME,14,64.39222598075867,C2,0,1
1621,54:F0:B1:BB:BC:20,eduroam,12,64.39222598075867,C2,0,1
1622,54:F0:B1:BB:BC:21,PoliSemFio,9,64.39222598075867,C2,0,1
1623,54:F0:B1:BB:BC:23,CAEEL,12,64.39222598075867,C2,0,1
1624,54:F0:B1:BB:BE:10,eduroam,25,64.39222598075867,C2,0,1
1625,54:F0:B1:BB:BE:30,eduroam,17,64.39222598075867,C2,0,1
1626,54:F0:B1:BB:BE:31,PoliSemFio,14,64.39222598075867,C2,0,1
1627,54:F0:B1:BB:BE:33,CAEEL,14,64.39222598075867,C2,0,1
1628,54:F0:B1:BB:C4:D2,,52,64.39222598075867,C2,0,1
1629,54:F0:B1:BB:C4:F0,eduroam,44,64.39222598075867,C2,0,1
1630,54:F0:B1:BB:C4:F1,PoliSemFio,44,64.39222598075867,C2,0,1
1631,54:F0:B1:BB:C6:E0,eduroam,14,64.39222598075867,C2,0,1
1632,54:F0:B1:BB:CD:A0,eduroam,35,64.39222598075867,C2,0,1
1633,54:F0:B1:BB:FD:D0,eduroam,39,64.39222598075867,C2,0,1
1634,54:F0:B1:BB:FD:D1,PoliSemFio,34,64.39222598075867,C2,0,1
1635,54:F0:B1:BB:FD:D2,,34,64.39222598075867,C2,0,1
1636,54:F0:B1:BC:09:40,eduroam,54,64.39222598075867,C2,0,1
1637,54:F0:B1:BC:09:41,PoliSemFio,49,64.39222598075867,C2,0,1
1638,54:F0:B1:BC:09:42,,49,64.39222598075867,C2,0,1
1639,54:F0:B1:BC:09:60,eduroam,22,64.39222598075867,C2,0,1
1640,54:F0:B1:BC:09:61,PoliSemFio,27,64.39222598075867,C2,0,1
1641,54:F0:B1:BC:1B:D0,eduroam,59,64.39222598075867,C2,0,1
1642,54:F0:B1:BC:1B:D1,PoliSemFio,62,64.39222598075867,C2,0,1
1643,54:F0:B1:BC:1B:D2,,62,64.39222598075867,C2,0,1
1644,54:F0:B1:BC:1B:F0,eduroam,45,64.39222598075867,C2,0,1
1645,54:F0:B1:BC:1B:F1,PoliSemFio,45,64.39222598075867,C2,0,1
1646,54:F0:B1:BC:27:40,eduroam,59,64.39222598075867,C2,0,1
1647,54:F0:B1:BC:27:41,PoliSemFio,34,64.39222598075867,C2,0,1
1648,54:F0:B1:BC:27:42,,34,64.39222598075867,C2,0,1
1649,54:F0:B1:BC:27:60,eduroam,25,64.39222598075867,C2,0,1
1650,54:F0:B1:BC:27:61,PoliSemFio,25,64.39222598075867,C2,0,1
1651,54:F0:B1:BC:2E:90,eduroam,74,64.39222598075867,C2,0,1
1652,54:F0:B1:BC:2E:91,PoliSemFio,74,64.39222598075867,C2,0,1
1653,54:F0:B1:BC:2E:92,,74,64.39222598075867,C2,0,1
1654,54:F0:B1:BC:2E:B0,eduroam,51,64.39222598075867,C2,0,1
1655,54:F0:B1:BC:2E:B1,PoliSemFio,52,64.39222598075867,C2,0,1
1656,54:F0:B1:BC:2F:50,eduroam,22,64.39222598075867,C2,0,1
1657,54:F0:B1:BC:2F:52,,20,64.39222598075867,C2,0,1
1658,54:F0:B1:BC:36:10,PoliSemFio,32,64.39222598075867,C2,0,1
1659,54:F0:B1:BC:36:11,eduroam,32,64.39222598075867,C2,0,1
1660,54:F0:B1:BC:36:12,,30,64.39222598075867,C2,0,1
1661,54:F0:B1:BC:3F:10,eduroam,15,64.39222598075867,C2,0,1
1662,54:F0:B1:BC:3F:31,PoliSemFio,15,64.39222598075867,C2,0,1
1663,54:F0:B1:BC:43:60,eduroam,15,64.39222598075867,C2,0,1
1664,54:F0:B1:BC:43:80,eduroam,12,64.39222598075867,C2,0,1
1665,54:F0:B1:BC:43:81,PoliSemFio,14,64.39222598075867,C2,0,1
1666,54:F0:B1:BC:43:82,,12,64.39222598075867,C2,0,1
1667,54:F0:B1:BC:65:B0,eduroam,32,64.39222598075867,C2,0,1
1668,54:F0:B1:BC:65:B2,,30,64.39222598075867,C2,0,1
1669,54:F0:B1:BC:70:00,eduroam,44,64.39222598075867,C2,0,1
1670,54:F0:B1:BC:77:80,eduroam,47,64.39222598075867,C2,0,1
1671,54:F0:B1:BC:77:81,PoliSemFio,47,64.39222598075867,C2,0,1
1672,54:F0:B1:BC:77:82,,47,64.39222598075867,C2,0,1
1673,54:F0:B1:BC:77:A0,eduroam,20,64.39222598075867,C2,0,1
1674,54:F0:B1:BC:77:A1,PoliSemFio,22,64.39222598075867,C2,0,1
1675,54:F0:B1:BC:7C:F2,,25,64.39222598075867,C2,0,1
1676,56:60:F9:A3:E7:3F,,19,64.39222598075867,C2,0,1
1677,68:FF:7B:47:78:BE,C1-22M,39,64.39222598075867,C2,0,1
1678,70:62:B8:6E:72:A0,PCS-wireless-C1-13,25,64.39222598075867,C2,0,1
1679,70:62:B8:6E:72:A1,PPGEE,25,64.39222598075867,C2,0,1
1680,84:D4:7E:06:4F:E0,eduroam,30,64.39222598075867,C2,0,1
1681,84:D4:7E:9D:EE:C0,eduroam,20,64.39222598075867,C2,0,1
1682,84:D4:7E:9D:EE:C1,FEAnet,24,64.39222598075867,C2,0,1
1683,84:D4:7E:9E:1A:60,eduroam,15,64.39222598075867,C2,0,1
1684,DC:9F:DB:1B:1F:D7,LWN-3,30,64.39222598075867,C2,0,1
1685,DC:9F:DB:1C:1F:D7,LWN-3,52,64.39222598075867,C2,0,1
1686,DE:9F:DB:1B:1F:D7,LARC Guest,32,64.39222598075867,C2,0,1
1687,DE:9F:DB:1C:1F:D7,LARC Guest,52,64.39222598075867,C2,0,1
1688,DE:9F:DB:1C:1F:E0,LARC Guest,19,64.39222598075867,C2,0,1
1689,EE:9F:DB:1B:1F:D7,,29,64.39222598075867,C2,0,1
1690,EE:9F:DB:1C:1F:D7,,52,64.39222598075867,C2,0,1
1691,F8:1A:67:99:55:8E,NUCLEAR_CHF,24,64.39222598075867,C2,0,1
1692,FE:9F:DB:1C:1F:D7,,52,64.39222598075867,C2,0,1
1693,FE:9F:DB:1C:1F:E0,,22,64.39222598075867,C2,0,1
1694,1C:5F:2B:FF:9B:B4,LSA,32,70.64906764030457,C2,0,1
1695,20:AA:4B:A7:19:74,LAA03,44,70.64906764030457,C2,0,1
1696,30:85:A9:69:F2:E4,PCS-Wireless-C2-22,52,70.64906764030457,C2,0,1
1697,30:85:A9:69:FB:0A,PCS-Wireless,22,70.64906764030457,C2,0,1
1698,34:60:F9:A3:D9:14,GASWIFI-2G_C2,32,70.64906764030457,C2,0,1
1699,34:60:F9:A3:E7:3F,GASWIFI_C4,25,70.64906764030457,C2,0,1
1700,34:CE:00:51:3E:6F,Lab,25,70.64906764030457,C2,0,1
1701,3A:60:F9:A3:D9:14,,40,70.64906764030457,C2,0,1
1702,46:D2:44:04:08:05,DIRECT-44048805,22,70.64906764030457,C2,0,1
1703,54:B8:0A:AA:2C:8C,LAB_DIGITAL,27,70.64906764030457,C2,0,1
1704,54:B8:0A:AA:2C:8D,PCS-Wireless,25,70.64906764030457,C2,0,1
1705,54:F0:B1:A1:1A:43,CAEEL,9,70.64906764030457,C2,0,1
1706,54:F0:B1:A1:1A:50,eduroam,20,70.64906764030457,C2,0,1
1707,54:F0:B1:A1:58:00,eduroam,27,70.64906764030457,C2,0,1
1708,54:F0:B1:A1:E5:00,eduroam,14,70.64906764030457,C2,0,1
1709,54:F0:B1:A2:37:E0,eduroam,24,70.64906764030457,C2,0,1
1710,54:F0:B1:A2:37:E2,,35,70.64906764030457,C2,0,1
1711,54:F0:B1:A2:4A:70,eduroam,20,70.64906764030457,C2,0,1
1712,54:F0:B1:A2:4A:71,PoliSemFio,34,70.64906764030457,C2,0,1
1713,54:F0:B1:A2:4A:72,,32,70.64906764030457,C2,0,1
1714,54:F0:B1:A2:56:60,eduroam,29,70.64906764030457,C2,0,1
1715,54:F0:B1:A2:56:61,PoliSemFio,29,70.64906764030457,C2,0,1
1716,54:F0:B1:A2:56:62,,29,70.64906764030457,C2,0,1
1717,54:F0:B1:A2:56:70,eduroam,32,70.64906764030457,C2,0,1
1718,54:F0:B1:BB:58:A3,CAEEL,27,70.64906764030457,C2,0,1
1719,54:F0:B1:BB:5A:80,eduroam,47,70.64906764030457,C2,0,1
1720,54:F0:B1:BB:5A:81,PoliSemFio,42,70.64906764030457,C2,0,1
1721,54:F0:B1:BB:5A:82,HACKER,45,70.64906764030457,C2,0,1
1722,54:F0:B1:BB:5A:83,LEP,47,70.64906764030457,C2,0,1
1723,54:F0:B1:BB:5A:84,,45,70.64906764030457,C2,0,1
1724,54:F0:B1:BB:5A:A0,eduroam,15,70.64906764030457,C2,0,1
1725,54:F0:B1:BB:5A:A1,PoliSemFio,15,70.64906764030457,C2,0,1
1726,54:F0:B1:BB:5A:A2,HACKER,12,70.64906764030457,C2,0,1
1727,54:F0:B1:BB:5A:A3,LEP,12,70.64906764030457,C2,0,1
1728,54:F0:B1:BB:73:40,eduroam,17,70.64906764030457,C2,0,1
1729,54:F0:B1:BB:80:C3,LABPROG,29,70.64906764030457,C2,0,1
1730,54:F0:B1:BB:84:B2,,34,70.64906764030457,C2,0,1
1731,54:F0:B1:BB:A7:80,eduroam,14,70.64906764030457,C2,0,1
1732,54:F0:B1:BB:A7:81,PoliSemFio,14,70.64906764030457,C2,0,1
1733,54:F0:B1:BB:A7:82,LME,14,70.64906764030457,C2,0,1
1734,54:F0:B1:BB:BC:20,eduroam,12,70.64906764030457,C2,0,1
1735,54:F0:B1:BB:BC:21,PoliSemFio,9,70.64906764030457,C2,0,1
1736,54:F0:B1:BB:BC:23,CAEEL,12,70.64906764030457,C2,0,1
1737,54:F0:B1:BB:BE:10,eduroam,22,70.64906764030457,C2,0,1
1738,54:F0:B1:BB:BE:30,eduroam,17,70.64906764030457,C2,0,1
1739,54:F0:B1:BB:BE:31,PoliSemFio,14,70.64906764030457,C2,0,1
1740,54:F0:B1:BB:C4:D2,,52,70.64906764030457,C2,0,1
1741,54:F0:B1:BB:C4:F0,eduroam,44,70.64906764030457,C2,0,1
1742,54:F0:B1:BB:C4:F1,PoliSemFio,44,70.64906764030457,C2,0,1
1743,54:F0:B1:BB:C6:E0,eduroam,14,70.64906764030457,C2,0,1
1744,54:F0:B1:BB:CD:A0,eduroam,35,70.64906764030457,C2,0,1
1745,54:F0:B1:BB:FD:D0,eduroam,35,70.64906764030457,C2,0,1
1746,54:F0:B1:BB:FD:D1,PoliSemFio,29,70.64906764030457,C2,0,1
1747,54:F0:B1:BB:FD:D2,,29,70.64906764030457,C2,0,1
1748,54:F0:B1:BC:09:40,eduroam,34,70.64906764030457,C2,0,1
1749,54:F0:B1:BC:09:41,PoliSemFio,49,70.64906764030457,C2,0,1
1750,54:F0:B1:BC:09:42,,49,70.64906764030457,C2,0,1
1751,54:F0:B1:BC:09:60,eduroam,22,70.64906764030457,C2,0,1
1752,54:F0:B1:BC:09:61,PoliSemFio,25,70.64906764030457,C2,0,1
1753,54:F0:B1:BC:1B:D0,eduroam,59,70.64906764030457,C2,0,1
1754,54:F0:B1:BC:1B:D1,PoliSemFio,62,70.64906764030457,C2,0,1
1755,54:F0:B1:BC:1B:D2,,47,70.64906764030457,C2,0,1
1756,54:F0:B1:BC:1B:F0,eduroam,29,70.64906764030457,C2,0,1
1757,54:F0:B1:BC:1B:F1,PoliSemFio,27,70.64906764030457,C2,0,1
1758,54:F0:B1:BC:27:40,eduroam,37,70.64906764030457,C2,0,1
1759,54:F0:B1:BC:27:41,PoliSemFio,32,70.64906764030457,C2,0,1
1760,54:F0:B1:BC:27:42,,34,70.64906764030457,C2,0,1
1761,54:F0:B1:BC:27:60,eduroam,25,70.64906764030457,C2,0,1
1762,54:F0:B1:BC:27:61,PoliSemFio,25,70.64906764030457,C2,0,1
1763,54:F0:B1:BC:2E:90,eduroam,59,70.64906764030457,C2,0,1
1764,54:F0:B1:BC:2E:91,PoliSemFio,74,70.64906764030457,C2,0,1
1765,54:F0:B1:BC:2E:92,,74,70.64906764030457,C2,0,1
1766,54:F0:B1:BC:2E:B0,eduroam,34,70.64906764030457,C2,0,1
1767,54:F0:B1:BC:2E:B1,PoliSemFio,34,70.64906764030457,C2,0,1
1768,54:F0:B1:BC:2F:50,eduroam,22,70.64906764030457,C2,0,1
1769,54:F0:B1:BC:2F:52,,20,70.64906764030457,C2,0,1
1770,54:F0:B1:BC:36:10,PoliSemFio,32,70.64906764030457,C2,0,1
1771,54:F0:B1:BC:36:11,eduroam,32,70.64906764030457,C2,0,1
1772,54:F0:B1:BC:36:12,,30,70.64906764030457,C2,0,1
1773,54:F0:B1:BC:3F:10,eduroam,15,70.64906764030457,C2,0,1
1774,54:F0:B1:BC:3F:31,PoliSemFio,15,70.64906764030457,C2,0,1
1775,54:F0:B1:BC:43:60,eduroam,15,70.64906764030457,C2,0,1
1776,54:F0:B1:BC:65:B0,eduroam,32,70.64906764030457,C2,0,1
1777,54:F0:B1:BC:65:B2,,30,70.64906764030457,C2,0,1
1778,54:F0:B1:BC:70:00,eduroam,34,70.64906764030457,C2,0,1
1779,54:F0:B1:BC:77:80,eduroam,39,70.64906764030457,C2,0,1
1780,54:F0:B1:BC:77:81,PoliSemFio,34,70.64906764030457,C2,0,1
1781,54:F0:B1:BC:77:82,,47,70.64906764030457,C2,0,1
1782,54:F0:B1:BC:77:A0,eduroam,15,70.64906764030457,C2,0,1
1783,54:F0:B1:BC:77:A1,PoliSemFio,17,70.64906764030457,C2,0,1
1784,54:F0:B1:BC:7C:F2,,25,70.64906764030457,C2,0,1
1785,56:60:F9:A3:E7:3F,,19,70.64906764030457,C2,0,1
1786,68:FF:7B:47:78:BE,C1-22M,39,70.64906764030457,C2,0,1
1787,70:62:B8:6E:72:A0,PCS-wireless-C1-13,29,70.64906764030457,C2,0,1
1788,70:62:B8:6E:72:A1,PPGEE,30,70.64906764030457,C2,0,1
1789,84:D4:7E:06:4F:E0,eduroam,30,70.64906764030457,C2,0,1
1790,84:D4:7E:9D:EE:C0,eduroam,20,70.64906764030457,C2,0,1
1791,84:D4:7E:9D:EE:C1,FEAnet,24,70.64906764030457,C2,0,1
1792,84:D4:7E:9E:1A:60,eduroam,15,70.64906764030457,C2,0,1
1793,DC:9F:DB:1B:1F:D7,LWN-3,20,70.64906764030457,C2,0,1
1794,DC:9F:DB:1C:1F:D7,LWN-3,55,70.64906764030457,C2,0,1
1795,DE:9F:DB:1B:1F:D7,LARC Guest,20,70.64906764030457,C2,0,1
1796,DE:9F:DB:1C:1F:D7,LARC Guest,54,70.64906764030457,C2,0,1
1797,DE:9F:DB:1C:1F:E0,LARC Guest,19,70.64906764030457,C2,0,1
1798,EE:9F:DB:1B:1F:D7,,29,70.64906764030457,C2,0,1
1799,EE:9F:DB:1C:1F:D7,,52,70.64906764030457,C2,0,1
1800,F8:1A:67:99:55:8E,NUCLEAR_CHF,25,70.64906764030457,C2,0,1
1801,FE:9F:DB:1C:1F:D7,,52,70.64906764030457,C2,0,1
1802,1C:5F:2B:FF:9B:B4,LSA,32,76.90618419647217,C2,0,1
1803,20:AA:4B:A7:19:74,LAA03,35,76.90618419647217,C2,0,1
1804,30:85:A9:69:F2:E4,PCS-Wireless-C2-22,44,76.90618419647217,C2,0,1
1805,30:85:A9:69:FB:0A,PCS-Wireless,24,76.90618419647217,C2,0,1
1806,34:60:F9:A3:D9:13,GASWIFI-5G_C2,19,76.90618419647217,C2,0,1
1807,34:60:F9:A3:D9:14,GASWIFI-2G_C2,40,76.90618419647217,C2,0,1
1808,34:60:F9:A3:E7:3F,GASWIFI_C4,25,76.90618419647217,C2,0,1
1809,34:CE:00:51:3E:6F,Lab,32,76.90618419647217,C2,0,1
1810,3A:60:F9:A3:D9:14,,40,76.90618419647217,C2,0,1
1811,46:D2:44:04:08:05,DIRECT-44048805,17,76.90618419647217,C2,0,1
1812,54:B8:0A:AA:2C:8C,LAB_DIGITAL,32,76.90618419647217,C2,0,1
1813,54:B8:0A:AA:2C:8D,PCS-Wireless,25,76.90618419647217,C2,0,1
1814,54:F0:B1:A1:1A:43,CAEEL,9,76.90618419647217,C2,0,1
1815,54:F0:B1:A1:1A:50,eduroam,20,76.90618419647217,C2,0,1
1816,54:F0:B1:A1:58:00,eduroam,24,76.90618419647217,C2,0,1
1817,54:F0:B1:A1:58:01,PoliSemFio,27,76.90618419647217,C2,0,1
1818,54:F0:B1:A1:58:02,,25,76.90618419647217,C2,0,1
1819,54:F0:B1:A1:E2:91,eduroam,22,76.90618419647217,C2,0,1
1820,54:F0:B1:A1:E5:00,eduroam,14,76.90618419647217,C2,0,1
1821,54:F0:B1:A2:37:E0,eduroam,40,76.90618419647217,C2,0,1
1822,54:F0:B1:A2:37:E2,,35,76.90618419647217,C2,0,1
1823,54:F0:B1:A2:4A:70,eduroam,25,76.90618419647217,C2,0,1
1824,54:F0:B1:A2:4A:71,PoliSemFio,25,76.90618419647217,C2,0,1
1825,54:F0:B1:A2:4A:72,,32,76.90618419647217,C2,0,1
1826,54:F0:B1:A2:56:60,eduroam,40,76.90618419647217,C2,0,1
1827,54:F0:B1:A2:56:61,PoliSemFio,40,76.90618419647217,C2,0,1
1828,54:F0:B1:A2:56:62,,29,76.90618419647217,C2,0,1
1829,54:F0:B1:A2:56:70,eduroam,32,76.90618419647217,C2,0,1
1830,54:F0:B1:BB:58:A3,CAEEL,27,76.90618419647217,C2,0,1
1831,54:F0:B1:BB:5A:80,eduroam,47,76.90618419647217,C2,0,1
1832,54:F0:B1:BB:5A:81,PoliSemFio,42,76.90618419647217,C2,0,1
1833,54:F0:B1:BB:5A:82,HACKER,45,76.90618419647217,C2,0,1
1834,54:F0:B1:BB:5A:83,LEP,47,76.90618419647217,C2,0,1
1835,54:F0:B1:BB:5A:84,,45,76.90618419647217,C2,0,1
1836,54:F0:B1:BB:5A:A0,eduroam,15,76.90618419647217,C2,0,1
1837,54:F0:B1:BB:5A:A1,PoliSemFio,15,76.90618419647217,C2,0,1
1838,54:F0:B1:BB:5A:A2,HACKER,19,76.90618419647217,C2,0,1
1839,54:F0:B1:BB:5A:A3,LEP,12,76.90618419647217,C2,0,1
1840,54:F0:B1:BB:5F:B1,PoliSemFio,22,76.90618419647217,C2,0,1
1841,54:F0:B1:BB:73:40,eduroam,17,76.90618419647217,C2,0,1
1842,54:F0:B1:BB:80:C0,eduroam,44,76.90618419647217,C2,0,1
1843,54:F0:B1:BB:80:C3,LABPROG,29,76.90618419647217,C2,0,1
1844,54:F0:B1:BB:84:B0,eduroam,22,76.90618419647217,C2,0,1
1845,54:F0:B1:BB:84:B2,,34,76.90618419647217,C2,0,1
1846,54:F0:B1:BB:A7:80,eduroam,14,76.90618419647217,C2,0,1
1847,54:F0:B1:BB:A7:81,PoliSemFio,14,76.90618419647217,C2,0,1
1848,54:F0:B1:BB:A7:82,LME,14,76.90618419647217,C2,0,1
1849,54:F0:B1:BB:BC:00,eduroam,25,76.90618419647217,C2,0,1
1850,54:F0:B1:BB:BC:01,PoliSemFio,29,76.90618419647217,C2,0,1
1851,54:F0:B1:BB:BC:02,,32,76.90618419647217,C2,0,1
1852,54:F0:B1:BB:BC:20,eduroam,12,76.90618419647217,C2,0,1
1853,54:F0:B1:BB:BC:21,PoliSemFio,9,76.90618419647217,C2,0,1
1854,54:F0:B1:BB:BC:23,CAEEL,12,76.90618419647217,C2,0,1
1855,54:F0:B1:BB:BE:10,eduroam,34,76.90618419647217,C2,0,1
1856,54:F0:B1:BB:BE:30,eduroam,17,76.90618419647217,C2,0,1
1857,54:F0:B1:BB:BE:31,PoliSemFio,14,76.90618419647217,C2,0,1
1858,54:F0:B1:BB:C4:D2,,52,76.90618419647217,C2,0,1
1859,54:F0:B1:BB:C4:F0,eduroam,47,76.90618419647217,C2,0,1
1860,54:F0:B1:BB:C4:F1,PoliSemFio,47,76.90618419647217,C2,0,1
1861,54:F0:B1:BB:C6:E0,eduroam,14,76.90618419647217,C2,0,1
1862,54:F0:B1:BB:CD:A0,eduroam,37,76.90618419647217,C2,0,1
1863,54:F0:B1:BB:FD:D0,eduroam,37,76.90618419647217,C2,0,1
1864,54:F0:B1:BB:FD:D1,PoliSemFio,29,76.90618419647217,C2,0,1
1865,54:F0:B1:BB:FD:D2,,34,76.90618419647217,C2,0,1
1866,54:F0:B1:BC:09:40,eduroam,52,76.90618419647217,C2,0,1
1867,54:F0:B1:BC:09:41,PoliSemFio,45,76.90618419647217,C2,0,1
1868,54:F0:B1:BC:09:42,,45,76.90618419647217,C2,0,1
1869,54:F0:B1:BC:09:60,eduroam,22,76.90618419647217,C2,0,1
1870,54:F0:B1:BC:09:61,PoliSemFio,25,76.90618419647217,C2,0,1
1871,54:F0:B1:BC:1B:D0,eduroam,65,76.90618419647217,C2,0,1
1872,54:F0:B1:BC:1B:D1,PoliSemFio,64,76.90618419647217,C2,0,1
1873,54:F0:B1:BC:1B:D2,,62,76.90618419647217,C2,0,1
1874,54:F0:B1:BC:1B:F0,eduroam,44,76.90618419647217,C2,0,1
1875,54:F0:B1:BC:1B:F1,PoliSemFio,44,76.90618419647217,C2,0,1
1876,54:F0:B1:BC:27:40,eduroam,37,76.90618419647217,C2,0,1
1877,54:F0:B1:BC:27:41,PoliSemFio,32,76.90618419647217,C2,0,1
1878,54:F0:B1:BC:27:42,,34,76.90618419647217,C2,0,1
1879,54:F0:B1:BC:27:60,eduroam,29,76.90618419647217,C2,0,1
1880,54:F0:B1:BC:27:61,PoliSemFio,30,76.90618419647217,C2,0,1
1881,54:F0:B1:BC:2E:90,eduroam,75,76.90618419647217,C2,0,1
1882,54:F0:B1:BC:2E:91,PoliSemFio,74,76.90618419647217,C2,0,1
1883,54:F0:B1:BC:2E:92,,74,76.90618419647217,C2,0,1
1884,54:F0:B1:BC:2E:B0,eduroam,52,76.90618419647217,C2,0,1
1885,54:F0:B1:BC:2E:B1,PoliSemFio,52,76.90618419647217,C2,0,1
1886,54:F0:B1:BC:2F:50,eduroam,22,76.90618419647217,C2,0,1
1887,54:F0:B1:BC:2F:52,,24,76.90618419647217,C2,0,1
1888,54:F0:B1:BC:2F:70,eduroam,14,76.90618419647217,C2,0,1
1889,54:F0:B1:BC:36:10,PoliSemFio,32,76.90618419647217,C2,0,1
1890,54:F0:B1:BC:36:11,eduroam,29,76.90618419647217,C2,0,1
1891,54:F0:B1:BC:36:12,,30,76.90618419647217,C2,0,1
1892,54:F0:B1:BC:3F:10,eduroam,15,76.90618419647217,C2,0,1
1893,54:F0:B1:BC:43:60,eduroam,24,76.90618419647217,C2,0,1
1894,54:F0:B1:BC:65:B0,eduroam,32,76.90618419647217,C2,0,1
1895,54:F0:B1:BC:65:B2,,30,76.90618419647217,C2,0,1
1896,54:F0:B1:BC:70:00,eduroam,34,76.90618419647217,C2,0,1
1897,54:F0:B1:BC:77:80,eduroam,39,76.90618419647217,C2,0,1
1898,54:F0:B1:BC:77:81,PoliSemFio,34,76.90618419647217,C2,0,1
1899,54:F0:B1:BC:77:82,,47,76.90618419647217,C2,0,1
1900,54:F0:B1:BC:77:A0,eduroam,24,76.90618419647217,C2,0,1
1901,54:F0:B1:BC:77:A1,PoliSemFio,24,76.90618419647217,C2,0,1
1902,54:F0:B1:BC:7C:F0,eduroam,20,76.90618419647217,C2,0,1
1903,54:F0:B1:BC:7C:F1,PoliSemFio,30,76.90618419647217,C2,0,1
1904,54:F0:B1:BC:7C:F2,,30,76.90618419647217,C2,0,1
1905,56:60:F9:A3:E7:3F,,19,76.90618419647217,C2,0,1
1906,68:FF:7B:47:78:BE,C1-22M,22,76.90618419647217,C2,0,1
1907,70:62:B8:6E:72:A0,PCS-wireless-C1-13,30,76.90618419647217,C2,0,1
1908,70:62:B8:6E:72:A1,PPGEE,27,76.90618419647217,C2,0,1
1909,84:D4:7E:06:4F:E0,eduroam,30,76.90618419647217,C2,0,1
1910,84:D4:7E:9D:EE:C0,eduroam,20,76.90618419647217,C2,0,1
1911,84:D4:7E:9D:EE:C1,FEAnet,25,76.90618419647217,C2,0,1
1912,84:D4:7E:9E:1A:60,eduroam,15,76.90618419647217,C2,0,1
1913,A0:3E:1A:3A:A0:EC,op-router2G,19,76.90618419647217,C2,0,1
1914,DC:9F:DB:1B:1F:D7,LWN-3,29,76.90618419647217,C2,0,1
1915,DC:9F:DB:1C:1F:D7,LWN-3,55,76.90618419647217,C2,0,1
1916,DE:9F:DB:1B:1F:D7,LARC Guest,29,76.90618419647217,C2,0,1
1917,DE:9F:DB:1C:1F:D7,LARC Guest,54,76.90618419647217,C2,0,1
1918,DE:9F:DB:1C:1F:E0,LARC Guest,19,76.90618419647217,C2,0,1
1919,EE:9F:DB:1B:1F:D7,,29,76.90618419647217,C2,0,1
1920,EE:9F:DB:1C:1F:D7,,52,76.90618419647217,C2,0,1
1921,F8:1A:67:99:55:8E,NUCLEAR_CHF,25,76.90618419647217,C2,0,1
1922,FE:9F:DB:1C:1F:D7,,52,76.90618419647217,C2,0,1
1923,1C:5F:2B:FF:9B:B4,LSA,32,83.16764330863953,C2,0,1
1924,20:AA:4B:A7:19:74,LAA03,35,83.16764330863953,C2,0,1
1925,30:85:A9:69:F2:E4,PCS-Wireless-C2-22,44,83.16764330863953,C2,0,1
1926,30:85:A9:69:FB:0A,PCS-Wireless,24,83.16764330863953,C2,0,1
1927,34:60:F9:A3:D9:13,GASWIFI-5G_C2,19,83.16764330863953,C2,0,1
1928,34:60:F9:A3:D9:14,GASWIFI-2G_C2,40,83.16764330863953,C2,0,1
1929,34:60:F9:A3:E7:3F,GASWIFI_C4,25,83.16764330863953,C2,0,1
1930,34:CE:00:51:3E:6F,Lab,32,83.16764330863953,C2,0,1
1931,3A:60:F9:A3:D9:14,,40,83.16764330863953,C2,0,1
1932,46:D2:44:04:08:05,DIRECT-44048805,17,83.16764330863953,C2,0,1
1933,54:B8:0A:AA:2C:8C,LAB_DIGITAL,32,83.16764330863953,C2,0,1
1934,54:B8:0A:AA:2C:8D,PCS-Wireless,25,83.16764330863953,C2,0,1
1935,54:F0:B1:A1:1A:43,CAEEL,9,83.16764330863953,C2,0,1
1936,54:F0:B1:A1:1A:50,eduroam,20,83.16764330863953,C2,0,1
1937,54:F0:B1:A1:58:00,eduroam,24,83.16764330863953,C2,0,1
1938,54:F0:B1:A1:58:01,PoliSemFio,27,83.16764330863953,C2,0,1
1939,54:F0:B1:A1:58:02,,25,83.16764330863953,C2,0,1
1940,54:F0:B1:A1:E2:91,eduroam,22,83.16764330863953,C2,0,1
1941,54:F0:B1:A1:E5:00,eduroam,14,83.16764330863953,C2,0,1
1942,54:F0:B1:A2:37:E0,eduroam,40,83.16764330863953,C2,0,1
1943,54:F0:B1:A2:37:E2,,35,83.16764330863953,C2,0,1
1944,54:F0:B1:A2:4A:70,eduroam,25,83.16764330863953,C2,0,1
1945,54:F0:B1:A2:4A:71,PoliSemFio,25,83.16764330863953,C2,0,1
1946,54:F0:B1:A2:4A:72,,32,83.16764330863953,C2,0,1
1947,54:F0:B1:A2:56:60,eduroam,40,83.16764330863953,C2,0,1
1948,54:F0:B1:A2:56:61,PoliSemFio,40,83.16764330863953,C2,0,1
1949,54:F0:B1:A2:56:62,,29,83.16764330863953,C2,0,1
1950,54:F0:B1:A2:56:70,eduroam,32,83.16764330863953,C2,0,1
1951,54:F0:B1:BB:58:A3,CAEEL,27,83.16764330863953,C2,0,1
1952,54:F0:B1:BB:5A:80,eduroam,47,83.16764330863953,C2,0,1
1953,54:F0:B1:BB:5A:81,PoliSemFio,42,83.16764330863953,C2,0,1
1954,54:F0:B1:BB:5A:82,HACKER,45,83.16764330863953,C2,0,1
1955,54:F0:B1:BB:5A:83,LEP,47,83.16764330863953,C2,0,1
1956,54:F0:B1:BB:5A:84,,45,83.16764330863953,C2,0,1
1957,54:F0:B1:BB:5A:A0,eduroam,15,83.16764330863953,C2,0,1
1958,54:F0:B1:BB:5A:A1,PoliSemFio,15,83.16764330863953,C2,0,1
1959,54:F0:B1:BB:5A:A2,HACKER,19,83.16764330863953,C2,0,1
1960,54:F0:B1:BB:5A:A3,LEP,12,83.16764330863953,C2,0,1
1961,54:F0:B1:BB:5F:B1,PoliSemFio,22,83.16764330863953,C2,0,1
1962,54:F0:B1:BB:73:40,eduroam,17,83.16764330863953,C2,0,1
1963,54:F0:B1:BB:80:C0,eduroam,44,83.16764330863953,C2,0,1
1964,54:F0:B1:BB:80:C3,LABPROG,29,83.16764330863953,C2,0,1
1965,54:F0:B1:BB:84:B0,eduroam,22,83.16764330863953,C2,0,1
1966,54:F0:B1:BB:84:B2,,34,83.16764330863953,C2,0,1
1967,54:F0:B1:BB:A7:80,eduroam,14,83.16764330863953,C2,0,1
1968,54:F0:B1:BB:A7:81,PoliSemFio,14,83.16764330863953,C2,0,1
1969,54:F0:B1:BB:A7:82,LME,14,83.16764330863953,C2,0,1
1970,54:F0:B1:BB:BC:00,eduroam,25,83.16764330863953,C2,0,1
1971,54:F0:B1:BB:BC:01,PoliSemFio,29,83.16764330863953,C2,0,1
1972,54:F0:B1:BB:BC:02,,32,83.16764330863953,C2,0,1
1973,54:F0:B1:BB:BC:20,eduroam,12,83.16764330863953,C2,0,1
1974,54:F0:B1:BB:BC:21,PoliSemFio,9,83.16764330863953,C2,0,1
1975,54:F0:B1:BB:BC:23,CAEEL,12,83.16764330863953,C2,0,1
1976,54:F0:B1:BB:BE:10,eduroam,34,83.16764330863953,C2,0,1
1977,54:F0:B1:BB:BE:30,eduroam,17,83.16764330863953,C2,0,1
1978,54:F0:B1:BB:BE:31,PoliSemFio,14,83.16764330863953,C2,0,1
1979,54:F0:B1:BB:C4:D2,,52,83.16764330863953,C2,0,1
1980,54:F0:B1:BB:C4:F0,eduroam,47,83.16764330863953,C2,0,1
1981,54:F0:B1:BB:C4:F1,PoliSemFio,47,83.16764330863953,C2,0,1
1982,54:F0:B1:BB:C6:E0,eduroam,14,83.16764330863953,C2,0,1
1983,54:F0:B1:BB:CD:A0,eduroam,37,83.16764330863953,C2,0,1
1984,54:F0:B1:BB:FD:D0,eduroam,37,83.16764330863953,C2,0,1
1985,54:F0:B1:BB:FD:D1,PoliSemFio,29,83.16764330863953,C2,0,1
1986,54:F0:B1:BB:FD:D2,,34,83.16764330863953,C2,0,1
1987,54:F0:B1:BC:09:40,eduroam,52,83.16764330863953,C2,0,1
1988,54:F0:B1:BC:09:41,PoliSemFio,45,83.16764330863953,C2,0,1
1989,54:F0:B1:BC:09:42,,45,83.16764330863953,C2,0,1
1990,54:F0:B1:BC:09:60,eduroam,22,83.16764330863953,C2,0,1
1991,54:F0:B1:BC:09:61,PoliSemFio,25,83.16764330863953,C2,0,1
1992,54:F0:B1:BC:1B:D0,eduroam,65,83.16764330863953,C2,0,1
1993,54:F0:B1:BC:1B:D1,PoliSemFio,64,83.16764330863953,C2,0,1
1994,54:F0:B1:BC:1B:D2,,62,83.16764330863953,C2,0,1
1995,54:F0:B1:BC:1B:F0,eduroam,44,83.16764330863953,C2,0,1
1996,54:F0:B1:BC:1B:F1,PoliSemFio,44,83.16764330863953,C2,0,1
1997,54:F0:B1:BC:27:40,eduroam,37,83.16764330863953,C2,0,1
1998,54:F0:B1:BC:27:41,PoliSemFio,32,83.16764330863953,C2,0,1
1999,54:F0:B1:BC:27:42,,34,83.16764330863953,C2,0,1
2000,54:F0:B1:BC:27:60,eduroam,29,83.16764330863953,C2,0,1
2001,54:F0:B1:BC:27:61,PoliSemFio,30,83.16764330863953,C2,0,1
2002,54:F0:B1:BC:2E:90,eduroam,75,83.16764330863953,C2,0,1
2003,54:F0:B1:BC:2E:91,PoliSemFio,74,83.16764330863953,C2,0,1
2004,54:F0:B1:BC:2E:92,,74,83.16764330863953,C2,0,1
2005,54:F0:B1:BC:2E:B0,eduroam,56,83.16764330863953,C2,0,1
2006,54:F0:B1:BC:2E:B1,PoliSemFio,52,83.16764330863953,C2,0,1
2007,54:F0:B1:BC:2F:50,eduroam,22,83.16764330863953,C2,0,1
2008,54:F0:B1:BC:2F:52,,24,83.16764330863953,C2,0,1
2009,54:F0:B1:BC:2F:70,eduroam,14,83.16764330863953,C2,0,1
2010,54:F0:B1:BC:36:10,PoliSemFio,32,83.16764330863953,C2,0,1
2011,54:F0:B1:BC:36:11,eduroam,29,83.16764330863953,C2,0,1
2012,54:F0:B1:BC:36:12,,30,83.16764330863953,C2,0,1
2013,54:F0:B1:BC:3F:10,eduroam,15,83.16764330863953,C2,0,1
2014,54:F0:B1:BC:43:60,eduroam,24,83.16764330863953,C2,0,1
2015,54:F0:B1:BC:65:B0,eduroam,32,83.16764330863953,C2,0,1
2016,54:F0:B1:BC:65:B2,,30,83.16764330863953,C2,0,1
2017,54:F0:B1:BC:70:00,eduroam,34,83.16764330863953,C2,0,1
2018,54:F0:B1:BC:77:80,eduroam,39,83.16764330863953,C2,0,1
2019,54:F0:B1:BC:77:81,PoliSemFio,34,83.16764330863953,C2,0,1
2020,54:F0:B1:BC:77:82,,47,83.16764330863953,C2,0,1
2021,54:F0:B1:BC:77:A0,eduroam,24,83.16764330863953,C2,0,1
2022,54:F0:B1:BC:77:A1,PoliSemFio,24,83.16764330863953,C2,0,1
2023,54:F0:B1:BC:7C:F0,eduroam,20,83.16764330863953,C2,0,1
2024,54:F0:B1:BC:7C:F1,PoliSemFio,30,83.16764330863953,C2,0,1
2025,54:F0:B1:BC:7C:F2,,30,83.16764330863953,C2,0,1
2026,56:60:F9:A3:E7:3F,,19,83.16764330863953,C2,0,1
2027,68:FF:7B:47:78:BE,C1-22M,22,83.16764330863953,C2,0,1
2028,70:62:B8:6E:72:A0,PCS-wireless-C1-13,30,83.16764330863953,C2,0,1
2029,70:62:B8:6E:72:A1,PPGEE,27,83.16764330863953,C2,0,1
2030,84:D4:7E:06:4F:E0,eduroam,30,83.16764330863953,C2,0,1
2031,84:D4:7E:9D:EE:C0,eduroam,20,83.16764330863953,C2,0,1
2032,84:D4:7E:9D:EE:C1,FEAnet,25,83.16764330863953,C2,0,1
2033,84:D4:7E:9E:1A:60,eduroam,15,83.16764330863953,C2,0,1
2034,A0:3E:1A:3A:A0:EC,op-router2G,19,83.16764330863953,C2,0,1
2035,DC:9F:DB:1B:1F:D7,LWN-3,29,83.16764330863953,C2,0,1
2036,DC:9F:DB:1C:1F:D7,LWN-3,55,83.16764330863953,C2,0,1
2037,DE:9F:DB:1B:1F:D7,LARC Guest,29,83.16764330863953,C2,0,1
2038,DE:9F:DB:1C:1F:D7,LARC Guest,54,83.16764330863953,C2,0,1
2039,DE:9F:DB:1C:1F:E0,LARC Guest,19,83.16764330863953,C2,0,1
2040,EE:9F:DB:1B:1F:D7,,29,83.16764330863953,C2,0,1
2041,EE:9F:DB:1C:1F:D7,,52,83.16764330863953,C2,0,1
2042,F8:1A:67:99:55:8E,NUCLEAR_CHF,25,83.16764330863953,C2,0,1
2043,FE:9F:DB:1C:1F:D7,,52,83.16764330863953,C2,0,1
2044,1C:5F:2B:FF:9B:B4,LSA,32,85.79274415969849,C2,0,1
2045,20:AA:4B:A7:19:74,LAA03,35,85.79274415969849,C2,0,1
2046,30:85:A9:69:F2:E4,PCS-Wireless-C2-22,30,85.79274415969849,C2,0,1
2047,30:85:A9:69:FB:0A,PCS-Wireless,24,85.79274415969849,C2,0,1
2048,34:60:F9:A3:D9:13,GASWIFI-5G_C2,15,85.79274415969849,C2,0,1
2049,34:60:F9:A3:D9:14,GASWIFI-2G_C2,40,85.79274415969849,C2,0,1
2050,34:60:F9:A3:E7:3F,GASWIFI_C4,25,85.79274415969849,C2,0,1
2051,34:CE:00:51:3E:6F,Lab,32,85.79274415969849,C2,0,1
2052,3A:60:F9:A3:D9:14,,40,85.79274415969849,C2,0,1
2053,46:D2:44:04:08:05,DIRECT-44048805,17,85.79274415969849,C2,0,1
2054,54:B8:0A:AA:2C:8C,LAB_DIGITAL,24,85.79274415969849,C2,0,1
2055,54:B8:0A:AA:2C:8D,PCS-Wireless,29,85.79274415969849,C2,0,1
2056,54:F0:B1:A1:1A:50,eduroam,20,85.79274415969849,C2,0,1
2057,54:F0:B1:A1:58:00,eduroam,24,85.79274415969849,C2,0,1
2058,54:F0:B1:A1:58:01,PoliSemFio,27,85.79274415969849,C2,0,1
2059,54:F0:B1:A1:58:02,,25,85.79274415969849,C2,0,1
2060,54:F0:B1:A1:E2:91,eduroam,22,85.79274415969849,C2,0,1
2061,54:F0:B1:A2:37:E0,eduroam,40,85.79274415969849,C2,0,1
2062,54:F0:B1:A2:37:E2,,35,85.79274415969849,C2,0,1
2063,54:F0:B1:A2:4A:70,eduroam,15,85.79274415969849,C2,0,1
2064,54:F0:B1:A2:4A:71,PoliSemFio,25,85.79274415969849,C2,0,1
2065,54:F0:B1:A2:4A:72,,32,85.79274415969849,C2,0,1
2066,54:F0:B1:A2:56:60,eduroam,40,85.79274415969849,C2,0,1
2067,54:F0:B1:A2:56:61,PoliSemFio,32,85.79274415969849,C2,0,1
2068,54:F0:B1:A2:56:62,,29,85.79274415969849,C2,0,1
2069,54:F0:B1:A2:56:70,eduroam,32,85.79274415969849,C2,0,1
2070,54:F0:B1:BB:58:A3,CAEEL,27,85.79274415969849,C2,0,1
2071,54:F0:B1:BB:5A:80,eduroam,45,85.79274415969849,C2,0,1
2072,54:F0:B1:BB:5A:81,PoliSemFio,44,85.79274415969849,C2,0,1
2073,54:F0:B1:BB:5A:82,HACKER,45,85.79274415969849,C2,0,1
2074,54:F0:B1:BB:5A:83,LEP,47,85.79274415969849,C2,0,1
2075,54:F0:B1:BB:5A:84,,44,85.79274415969849,C2,0,1
2076,54:F0:B1:BB:5A:A0,eduroam,15,85.79274415969849,C2,0,1
2077,54:F0:B1:BB:5A:A1,PoliSemFio,15,85.79274415969849,C2,0,1
2078,54:F0:B1:BB:5A:A2,HACKER,15,85.79274415969849,C2,0,1
2079,54:F0:B1:BB:5A:A3,LEP,15,85.79274415969849,C2,0,1
2080,54:F0:B1:BB:5F:B1,PoliSemFio,14,85.79274415969849,C2,0,1
2081,54:F0:B1:BB:73:40,eduroam,14,85.79274415969849,C2,0,1
2082,54:F0:B1:BB:80:C0,eduroam,44,85.79274415969849,C2,0,1
2083,54:F0:B1:BB:80:C3,LABPROG,29,85.79274415969849,C2,0,1
2084,54:F0:B1:BB:84:B0,eduroam,22,85.79274415969849,C2,0,1
2085,54:F0:B1:BB:84:B2,,34,85.79274415969849,C2,0,1
2086,54:F0:B1:BB:A7:82,LME,14,85.79274415969849,C2,0,1
2087,54:F0:B1:BB:BC:00,eduroam,19,85.79274415969849,C2,0,1
2088,54:F0:B1:BB:BC:01,PoliSemFio,29,85.79274415969849,C2,0,1
2089,54:F0:B1:BB:BC:02,,32,85.79274415969849,C2,0,1
2090,54:F0:B1:BB:BC:23,CAEEL,12,85.79274415969849,C2,0,1
2091,54:F0:B1:BB:BE:10,eduroam,22,85.79274415969849,C2,0,1
2092,54:F0:B1:BB:C4:D0,eduroam,35,85.79274415969849,C2,0,1
2093,54:F0:B1:BB:C4:D2,,52,85.79274415969849,C2,0,1
2094,54:F0:B1:BB:C4:F0,eduroam,47,85.79274415969849,C2,0,1
2095,54:F0:B1:BB:C4:F1,PoliSemFio,47,85.79274415969849,C2,0,1
2096,54:F0:B1:BB:CD:A0,eduroam,37,85.79274415969849,C2,0,1
2097,54:F0:B1:BB:FD:D0,eduroam,37,85.79274415969849,C2,0,1
2098,54:F0:B1:BB:FD:D1,PoliSemFio,29,85.79274415969849,C2,0,1
2099,54:F0:B1:BB:FD:D2,,30,85.79274415969849,C2,0,1
2100,54:F0:B1:BC:09:40,eduroam,42,85.79274415969849,C2,0,1
2101,54:F0:B1:BC:09:41,PoliSemFio,45,85.79274415969849,C2,0,1
2102,54:F0:B1:BC:09:42,,45,85.79274415969849,C2,0,1
2103,54:F0:B1:BC:09:61,PoliSemFio,24,85.79274415969849,C2,0,1
2104,54:F0:B1:BC:1B:D0,eduroam,65,85.79274415969849,C2,0,1
2105,54:F0:B1:BC:1B:D1,PoliSemFio,49,85.79274415969849,C2,0,1
2106,54:F0:B1:BC:1B:D2,,49,85.79274415969849,C2,0,1
2107,54:F0:B1:BC:1B:F0,eduroam,25,85.79274415969849,C2,0,1
2108,54:F0:B1:BC:1B:F1,PoliSemFio,24,85.79274415969849,C2,0,1
2109,54:F0:B1:BC:27:40,eduroam,37,85.79274415969849,C2,0,1
2110,54:F0:B1:BC:27:41,PoliSemFio,32,85.79274415969849,C2,0,1
2111,54:F0:B1:BC:27:42,,32,85.79274415969849,C2,0,1
2112,54:F0:B1:BC:27:60,eduroam,24,85.79274415969849,C2,0,1
2113,54:F0:B1:BC:27:61,PoliSemFio,24,85.79274415969849,C2,0,1
2114,54:F0:B1:BC:2E:90,eduroam,75,85.79274415969849,C2,0,1
2115,54:F0:B1:BC:2E:91,PoliSemFio,54,85.79274415969849,C2,0,1
2116,54:F0:B1:BC:2E:92,,54,85.79274415969849,C2,0,1
2117,54:F0:B1:BC:2E:B0,eduroam,41,85.79274415969849,C2,0,1
2118,54:F0:B1:BC:2E:B1,PoliSemFio,37,85.79274415969849,C2,0,1
2119,54:F0:B1:BC:2F:52,,24,85.79274415969849,C2,0,1
2120,54:F0:B1:BC:2F:70,eduroam,14,85.79274415969849,C2,0,1
2121,54:F0:B1:BC:36:10,PoliSemFio,32,85.79274415969849,C2,0,1
2122,54:F0:B1:BC:36:11,eduroam,29,85.79274415969849,C2,0,1
2123,54:F0:B1:BC:43:60,eduroam,24,85.79274415969849,C2,0,1
2124,54:F0:B1:BC:70:00,eduroam,34,85.79274415969849,C2,0,1
2125,54:F0:B1:BC:77:80,eduroam,39,85.79274415969849,C2,0,1
2126,54:F0:B1:BC:77:81,PoliSemFio,34,85.79274415969849,C2,0,1
2127,54:F0:B1:BC:77:82,,47,85.79274415969849,C2,0,1
2128,54:F0:B1:BC:77:A0,eduroam,15,85.79274415969849,C2,0,1
2129,54:F0:B1:BC:77:A1,PoliSemFio,15,85.79274415969849,C2,0,1
2130,54:F0:B1:BC:7C:F0,eduroam,20,85.79274415969849,C2,0,1
2131,54:F0:B1:BC:7C:F1,PoliSemFio,30,85.79274415969849,C2,0,1
2132,54:F0:B1:BC:7C:F2,,30,85.79274415969849,C2,0,1
2133,56:60:F9:A3:E7:3F,,19,85.79274415969849,C2,0,1
2134,68:FF:7B:47:78:BE,C1-22M,22,85.79274415969849,C2,0,1
2135,70:62:B8:6E:72:A0,PCS-wireless-C1-13,30,85.79274415969849,C2,0,1
2136,70:62:B8:6E:72:A1,PPGEE,27,85.79274415969849,C2,0,1
2137,84:D4:7E:06:4F:E0,eduroam,30,85.79274415969849,C2,0,1
2138,84:D4:7E:9D:EE:C1,FEAnet,25,85.79274415969849,C2,0,1
2139,A0:3E:1A:3A:A0:EC,op-router2G,19,85.79274415969849,C2,0,1
2140,DC:9F:DB:1B:1F:D7,LWN-3,22,85.79274415969849,C2,0,1
2141,DC:9F:DB:1C:1F:D7,LWN-3,54,85.79274415969849,C2,0,1
2142,DE:9F:DB:1B:1F:D7,LARC Guest,22,85.79274415969849,C2,0,1
2143,DE:9F:DB:1C:1F:D7,LARC Guest,54,85.79274415969849,C2,0,1
2144,EE:9F:DB:1B:1F:D7,,20,85.79274415969849,C2,0,1
2145,EE:9F:DB:1C:1F:D7,,52,85.79274415969849,C2,0,1
2146,F8:1A:67:99:55:8E,NUCLEAR_CHF,20,85.79274415969849,C2,0,1
2147,FE:9F:DB:1C:1F:D7,,54,85.79274415969849,C2,0,1
2148,1C:5F:2B:FF:9B:B4,LSA,32,95.7010657787323,C2,0,1
2149,20:AA:4B:A7:19:74,LAA03,44,95.7010657787323,C2,0,1
2150,30:85:A9:69:F2:E4,PCS-Wireless-C2-22,30,95.7010657787323,C2,0,1
2151,30:85:A9:69:FB:0A,PCS-Wireless,24,95.7010657787323,C2,0,1
2152,34:60:F9:A3:D9:13,GASWIFI-5G_C2,17,95.7010657787323,C2,0,1
2153,34:60:F9:A3:D9:14,GASWIFI-2G_C2,42,95.7010657787323,C2,0,1
2154,34:60:F9:A3:E7:3F,GASWIFI_C4,25,95.7010657787323,C2,0,1
2155,34:CE:00:51:3E:6F,Lab,34,95.7010657787323,C2,0,1
2156,3A:60:F9:A3:D9:14,,40,95.7010657787323,C2,0,1
2157,46:D2:44:04:08:05,DIRECT-44048805,17,95.7010657787323,C2,0,1
2158,54:B8:0A:AA:2C:8C,LAB_DIGITAL,30,95.7010657787323,C2,0,1
2159,54:B8:0A:AA:2C:8D,PCS-Wireless,30,95.7010657787323,C2,0,1
2160,54:F0:B1:A1:1A:50,eduroam,20,95.7010657787323,C2,0,1
2161,54:F0:B1:A1:58:00,eduroam,29,95.7010657787323,C2,0,1
2162,54:F0:B1:A1:58:01,PoliSemFio,27,95.7010657787323,C2,0,1
2163,54:F0:B1:A1:58:02,,25,95.7010657787323,C2,0,1
2164,54:F0:B1:A1:E2:91,eduroam,19,95.7010657787323,C2,0,1
2165,54:F0:B1:A2:37:E0,eduroam,37,95.7010657787323,C2,0,1
2166,54:F0:B1:A2:37:E1,PoliSemFio,37,95.7010657787323,C2,0,1
2167,54:F0:B1:A2:37:E2,,35,95.7010657787323,C2,0,1
2168,54:F0:B1:A2:4A:70,eduroam,29,95.7010657787323,C2,0,1
2169,54:F0:B1:A2:4A:71,PoliSemFio,25,95.7010657787323,C2,0,1
2170,54:F0:B1:A2:4A:72,,32,95.7010657787323,C2,0,1
2171,54:F0:B1:A2:56:60,eduroam,40,95.7010657787323,C2,0,1
2172,54:F0:B1:A2:56:61,PoliSemFio,40,95.7010657787323,C2,0,1
2173,54:F0:B1:A2:56:62,,29,95.7010657787323,C2,0,1
2174,54:F0:B1:A2:56:70,eduroam,47,95.7010657787323,C2,0,1
2175,54:F0:B1:BB:58:A3,CAEEL,27,95.7010657787323,C2,0,1
2176,54:F0:B1:BB:5A:80,eduroam,32,95.7010657787323,C2,0,1
2177,54:F0:B1:BB:5A:81,PoliSemFio,44,95.7010657787323,C2,0,1
2178,54:F0:B1:BB:5A:82,HACKER,45,95.7010657787323,C2,0,1
2179,54:F0:B1:BB:5A:83,LEP,47,95.7010657787323,C2,0,1
2180,54:F0:B1:BB:5A:84,,44,95.7010657787323,C2,0,1
2181,54:F0:B1:BB:5A:A0,eduroam,19,95.7010657787323,C2,0,1
2182,54:F0:B1:BB:5A:A1,PoliSemFio,19,95.7010657787323,C2,0,1
2183,54:F0:B1:BB:5A:A2,HACKER,19,95.7010657787323,C2,0,1
2184,54:F0:B1:BB:5A:A3,LEP,17,95.7010657787323,C2,0,1
2185,54:F0:B1:BB:5F:B1,PoliSemFio,14,95.7010657787323,C2,0,1
2186,54:F0:B1:BB:73:40,eduroam,15,95.7010657787323,C2,0,1
2187,54:F0:B1:BB:80:C0,eduroam,37,95.7010657787323,C2,0,1
2188,54:F0:B1:BB:80:C1,PoliSemFio,37,95.7010657787323,C2,0,1
2189,54:F0:B1:BB:80:C3,LABPROG,29,95.7010657787323,C2,0,1
2190,54:F0:B1:BB:84:B0,eduroam,22,95.7010657787323,C2,0,1
2191,54:F0:B1:BB:84:B2,,34,95.7010657787323,C2,0,1
2192,54:F0:B1:BB:A7:80,eduroam,14,95.7010657787323,C2,0,1
2193,54:F0:B1:BB:A7:81,PoliSemFio,17,95.7010657787323,C2,0,1
2194,54:F0:B1:BB:A7:82,LME,15,95.7010657787323,C2,0,1
2195,54:F0:B1:BB:BC:00,eduroam,29,95.7010657787323,C2,0,1
2196,54:F0:B1:BB:BC:01,PoliSemFio,32,95.7010657787323,C2,0,1
2197,54:F0:B1:BB:BC:02,,32,95.7010657787323,C2,0,1
2198,54:F0:B1:BB:BC:23,CAEEL,12,95.7010657787323,C2,0,1
2199,54:F0:B1:BB:BE:10,eduroam,24,95.7010657787323,C2,0,1
2200,54:F0:B1:BB:BE:30,eduroam,14,95.7010657787323,C2,0,1
2201,54:F0:B1:BB:C4:D0,eduroam,35,95.7010657787323,C2,0,1
2202,54:F0:B1:BB:C4:D2,,52,95.7010657787323,C2,0,1
2203,54:F0:B1:BB:C4:F0,eduroam,44,95.7010657787323,C2,0,1
2204,54:F0:B1:BB:C4:F1,PoliSemFio,45,95.7010657787323,C2,0,1
2205,54:F0:B1:BB:CD:A0,eduroam,37,95.7010657787323,C2,0,1
2206,54:F0:B1:BB:FD:D0,eduroam,37,95.7010657787323,C2,0,1
2207,54:F0:B1:BB:FD:D1,PoliSemFio,34,95.7010657787323,C2,0,1
2208,54:F0:B1:BB:FD:D2,,34,95.7010657787323,C2,0,1
2209,54:F0:B1:BC:09:40,eduroam,27,95.7010657787323,C2,0,1
2210,54:F0:B1:BC:09:41,PoliSemFio,45,95.7010657787323,C2,0,1
2211,54:F0:B1:BC:09:42,,45,95.7010657787323,C2,0,1
2212,54:F0:B1:BC:09:61,PoliSemFio,24,95.7010657787323,C2,0,1
2213,54:F0:B1:BC:1B:D0,eduroam,64,95.7010657787323,C2,0,1
2214,54:F0:B1:BC:1B:D1,PoliSemFio,62,95.7010657787323,C2,0,1
2215,54:F0:B1:BC:1B:D2,,62,95.7010657787323,C2,0,1
2216,54:F0:B1:BC:1B:F0,eduroam,44,95.7010657787323,C2,0,1
2217,54:F0:B1:BC:1B:F1,PoliSemFio,44,95.7010657787323,C2,0,1
2218,54:F0:B1:BC:27:40,eduroam,62,95.7010657787323,C2,0,1
2219,54:F0:B1:BC:27:41,PoliSemFio,59,95.7010657787323,C2,0,1
2220,54:F0:B1:BC:27:42,,59,95.7010657787323,C2,0,1
2221,54:F0:B1:BC:27:60,eduroam,25,95.7010657787323,C2,0,1
2222,54:F0:B1:BC:27:61,PoliSemFio,25,95.7010657787323,C2,0,1
2223,54:F0:B1:BC:2E:90,eduroam,79,95.7010657787323,C2,0,1
2224,54:F0:B1:BC:2E:91,PoliSemFio,74,95.7010657787323,C2,0,1
2225,54:F0:B1:BC:2E:92,,54,95.7010657787323,C2,0,1
2226,54:F0:B1:BC:2E:B0,eduroam,54,95.7010657787323,C2,0,1
2227,54:F0:B1:BC:2E:B1,PoliSemFio,54,95.7010657787323,C2,0,1
2228,54:F0:B1:BC:2F:50,eduroam,25,95.7010657787323,C2,0,1
2229,54:F0:B1:BC:2F:52,,24,95.7010657787323,C2,0,1
2230,54:F0:B1:BC:2F:70,eduroam,14,95.7010657787323,C2,0,1
2231,54:F0:B1:BC:36:10,PoliSemFio,32,95.7010657787323,C2,0,1
2232,54:F0:B1:BC:36:11,eduroam,29,95.7010657787323,C2,0,1
2233,54:F0:B1:BC:43:60,eduroam,24,95.7010657787323,C2,0,1
2234,54:F0:B1:BC:70:00,eduroam,34,95.7010657787323,C2,0,1
2235,54:F0:B1:BC:77:80,eduroam,39,95.7010657787323,C2,0,1
2236,54:F0:B1:BC:77:81,PoliSemFio,47,95.7010657787323,C2,0,1
2237,54:F0:B1:BC:77:82,,47,95.7010657787323,C2,0,1
2238,54:F0:B1:BC:77:A0,eduroam,20,95.7010657787323,C2,0,1
2239,54:F0:B1:BC:77:A1,PoliSemFio,15,95.7010657787323,C2,0,1
2240,54:F0:B1:BC:7C:F0,eduroam,20,95.7010657787323,C2,0,1
2241,54:F0:B1:BC:7C:F1,PoliSemFio,30,95.7010657787323,C2,0,1
2242,54:F0:B1:BC:7C:F2,,25,95.7010657787323,C2,0,1
2243,68:FF:7B:47:78:BE,C1-22M,22,95.7010657787323,C2,0,1
2244,70:62:B8:6E:72:A0,PCS-wireless-C1-13,25,95.7010657787323,C2,0,1
2245,70:62:B8:6E:72:A1,PPGEE,24,95.7010657787323,C2,0,1
2246,84:D4:7E:06:4F:E0,eduroam,30,95.7010657787323,C2,0,1
2247,84:D4:7E:9D:EE:C1,FEAnet,25,95.7010657787323,C2,0,1
2248,A0:3E:1A:3A:A0:EC,op-router2G,19,95.7010657787323,C2,0,1
2249,B8:62:1F:52:29:00,FEAJUNIOR,17,95.7010657787323,C2,0,1
2250,DC:9F:DB:1B:1F:D7,LWN-3,29,95.7010657787323,C2,0,1
2251,DC:9F:DB:1C:1F:D7,LWN-3,54,95.7010657787323,C2,0,1
2252,DE:9F:DB:1B:1F:D7,LARC Guest,30,95.7010657787323,C2,0,1
2253,DE:9F:DB:1C:1F:D7,LARC Guest,54,95.7010657787323,C2,0,1
2254,EE:9F:DB:1B:1F:D7,,29,95.7010657787323,C2,0,1
2255,F8:1A:67:99:55:8E,NUCLEAR_CHF,22,95.7010657787323,C2,0,1
2256,FE:9F:DB:1C:1F:D7,,54,95.7010657787323,C2,0,1
2257,1C:5F:2B:FF:9B:B4,LSA,32,98.33191394805908,C2,0,1
2258,20:AA:4B:A7:19:74,LAA03,44,98.33191394805908,C2,0,1
2259,30:85:A9:69:F2:E4,PCS-Wireless-C2-22,30,98.33191394805908,C2,0,1
2260,30:85:A9:69:FB:0A,PCS-Wireless,24,98.33191394805908,C2,0,1
2261,34:60:F9:A3:D9:13,GASWIFI-5G_C2,17,98.33191394805908,C2,0,1
2262,34:60:F9:A3:D9:14,GASWIFI-2G_C2,42,98.33191394805908,C2,0,1
2263,34:60:F9:A3:E7:3F,GASWIFI_C4,25,98.33191394805908,C2,0,1
2264,34:CE:00:51:3E:6F,Lab,34,98.33191394805908,C2,0,1
2265,3A:60:F9:A3:D9:14,,40,98.33191394805908,C2,0,1
2266,46:D2:44:04:08:05,DIRECT-44048805,17,98.33191394805908,C2,0,1
2267,54:B8:0A:AA:2C:8C,LAB_DIGITAL,30,98.33191394805908,C2,0,1
2268,54:B8:0A:AA:2C:8D,PCS-Wireless,30,98.33191394805908,C2,0,1
2269,54:F0:B1:A1:1A:50,eduroam,20,98.33191394805908,C2,0,1
2270,54:F0:B1:A1:58:00,eduroam,29,98.33191394805908,C2,0,1
2271,54:F0:B1:A1:58:01,PoliSemFio,27,98.33191394805908,C2,0,1
2272,54:F0:B1:A1:58:02,,25,98.33191394805908,C2,0,1
2273,54:F0:B1:A1:E2:91,eduroam,19,98.33191394805908,C2,0,1
2274,54:F0:B1:A2:37:E0,eduroam,37,98.33191394805908,C2,0,1
2275,54:F0:B1:A2:37:E1,PoliSemFio,37,98.33191394805908,C2,0,1
2276,54:F0:B1:A2:37:E2,,35,98.33191394805908,C2,0,1
2277,54:F0:B1:A2:4A:70,eduroam,29,98.33191394805908,C2,0,1
2278,54:F0:B1:A2:4A:71,PoliSemFio,25,98.33191394805908,C2,0,1
2279,54:F0:B1:A2:4A:72,,32,98.33191394805908,C2,0,1
2280,54:F0:B1:A2:56:60,eduroam,40,98.33191394805908,C2,0,1
2281,54:F0:B1:A2:56:61,PoliSemFio,40,98.33191394805908,C2,0,1
2282,54:F0:B1:A2:56:62,,29,98.33191394805908,C2,0,1
2283,54:F0:B1:A2:56:70,eduroam,47,98.33191394805908,C2,0,1
2284,54:F0:B1:BB:58:A3,CAEEL,27,98.33191394805908,C2,0,1
2285,54:F0:B1:BB:5A:80,eduroam,32,98.33191394805908,C2,0,1
2286,54:F0:B1:BB:5A:81,PoliSemFio,44,98.33191394805908,C2,0,1
2287,54:F0:B1:BB:5A:82,HACKER,45,98.33191394805908,C2,0,1
2288,54:F0:B1:BB:5A:83,LEP,47,98.33191394805908,C2,0,1
2289,54:F0:B1:BB:5A:84,,44,98.33191394805908,C2,0,1
2290,54:F0:B1:BB:5A:A0,eduroam,19,98.33191394805908,C2,0,1
2291,54:F0:B1:BB:5A:A1,PoliSemFio,19,98.33191394805908,C2,0,1
2292,54:F0:B1:BB:5A:A2,HACKER,19,98.33191394805908,C2,0,1
2293,54:F0:B1:BB:5A:A3,LEP,17,98.33191394805908,C2,0,1
2294,54:F0:B1:BB:5F:B1,PoliSemFio,14,98.33191394805908,C2,0,1
2295,54:F0:B1:BB:73:40,eduroam,15,98.33191394805908,C2,0,1
2296,54:F0:B1:BB:80:C0,eduroam,37,98.33191394805908,C2,0,1
2297,54:F0:B1:BB:80:C1,PoliSemFio,37,98.33191394805908,C2,0,1
2298,54:F0:B1:BB:80:C3,LABPROG,29,98.33191394805908,C2,0,1
2299,54:F0:B1:BB:84:B0,eduroam,22,98.33191394805908,C2,0,1
2300,54:F0:B1:BB:84:B2,,34,98.33191394805908,C2,0,1
2301,54:F0:B1:BB:A7:80,eduroam,14,98.33191394805908,C2,0,1
2302,54:F0:B1:BB:A7:81,PoliSemFio,17,98.33191394805908,C2,0,1
2303,54:F0:B1:BB:A7:82,LME,15,98.33191394805908,C2,0,1
2304,54:F0:B1:BB:BC:00,eduroam,29,98.33191394805908,C2,0,1
2305,54:F0:B1:BB:BC:01,PoliSemFio,32,98.33191394805908,C2,0,1
2306,54:F0:B1:BB:BC:02,,32,98.33191394805908,C2,0,1
2307,54:F0:B1:BB:BC:23,CAEEL,12,98.33191394805908,C2,0,1
2308,54:F0:B1:BB:BE:10,eduroam,24,98.33191394805908,C2,0,1
2309,54:F0:B1:BB:BE:30,eduroam,14,98.33191394805908,C2,0,1
2310,54:F0:B1:BB:C4:D0,eduroam,35,98.33191394805908,C2,0,1
2311,54:F0:B1:BB:C4:D2,,52,98.33191394805908,C2,0,1
2312,54:F0:B1:BB:C4:F0,eduroam,44,98.33191394805908,C2,0,1
2313,54:F0:B1:BB:C4:F1,PoliSemFio,45,98.33191394805908,C2,0,1
2314,54:F0:B1:BB:CD:A0,eduroam,37,98.33191394805908,C2,0,1
2315,54:F0:B1:BB:FD:D0,eduroam,37,98.33191394805908,C2,0,1
2316,54:F0:B1:BB:FD:D1,PoliSemFio,34,98.33191394805908,C2,0,1
2317,54:F0:B1:BB:FD:D2,,34,98.33191394805908,C2,0,1
2318,54:F0:B1:BC:09:40,eduroam,27,98.33191394805908,C2,0,1
2319,54:F0:B1:BC:09:41,PoliSemFio,45,98.33191394805908,C2,0,1
2320,54:F0:B1:BC:09:42,,45,98.33191394805908,C2,0,1
2321,54:F0:B1:BC:09:61,PoliSemFio,24,98.33191394805908,C2,0,1
2322,54:F0:B1:BC:1B:D0,eduroam,64,98.33191394805908,C2,0,1
2323,54:F0:B1:BC:1B:D1,PoliSemFio,62,98.33191394805908,C2,0,1
2324,54:F0:B1:BC:1B:D2,,62,98.33191394805908,C2,0,1
2325,54:F0:B1:BC:1B:F0,eduroam,44,98.33191394805908,C2,0,1
2326,54:F0:B1:BC:1B:F1,PoliSemFio,44,98.33191394805908,C2,0,1
2327,54:F0:B1:BC:27:40,eduroam,62,98.33191394805908,C2,0,1
2328,54:F0:B1:BC:27:41,PoliSemFio,59,98.33191394805908,C2,0,1
2329,54:F0:B1:BC:27:42,,59,98.33191394805908,C2,0,1
2330,54:F0:B1:BC:27:60,eduroam,25,98.33191394805908,C2,0,1
2331,54:F0:B1:BC:27:61,PoliSemFio,25,98.33191394805908,C2,0,1
2332,54:F0:B1:BC:2E:90,eduroam,79,98.33191394805908,C2,0,1
2333,54:F0:B1:BC:2E:91,PoliSemFio,74,98.33191394805908,C2,0,1
2334,54:F0:B1:BC:2E:92,,54,98.33191394805908,C2,0,1
2335,54:F0:B1:BC:2E:B0,eduroam,56,98.33191394805908,C2,0,1
2336,54:F0:B1:BC:2E:B1,PoliSemFio,54,98.33191394805908,C2,0,1
2337,54:F0:B1:BC:2F:50,eduroam,25,98.33191394805908,C2,0,1
2338,54:F0:B1:BC:2F:52,,24,98.33191394805908,C2,0,1
2339,54:F0:B1:BC:2F:70,eduroam,14,98.33191394805908,C2,0,1
2340,54:F0:B1:BC:36:10,PoliSemFio,32,98.33191394805908,C2,0,1
2341,54:F0:B1:BC:36:11,eduroam,29,98.33191394805908,C2,0,1
2342,54:F0:B1:BC:43:60,eduroam,24,98.33191394805908,C2,0,1
2343,54:F0:B1:BC:70:00,eduroam,34,98.33191394805908,C2,0,1
2344,54:F0:B1:BC:77:80,eduroam,39,98.33191394805908,C2,0,1
2345,54:F0:B1:BC:77:81,PoliSemFio,47,98.33191394805908,C2,0,1
2346,54:F0:B1:BC:77:82,,47,98.33191394805908,C2,0,1
2347,54:F0:B1:BC:77:A0,eduroam,20,98.33191394805908,C2,0,1
2348,54:F0:B1:BC:77:A1,PoliSemFio,15,98.33191394805908,C2,0,1
2349,54:F0:B1:BC:7C:F0,eduroam,20,98.33191394805908,C2,0,1
2350,54:F0:B1:BC:7C:F1,PoliSemFio,30,98.33191394805908,C2,0,1
2351,54:F0:B1:BC:7C:F2,,25,98.33191394805908,C2,0,1
2352,68:FF:7B:47:78:BE,C1-22M,22,98.33191394805908,C2,0,1
2353,70:62:B8:6E:72:A0,PCS-wireless-C1-13,25,98.33191394805908,C2,0,1
2354,70:62:B8:6E:72:A1,PPGEE,24,98.33191394805908,C2,0,1
2355,84:D4:7E:06:4F:E0,eduroam,30,98.33191394805908,C2,0,1
2356,84:D4:7E:9D:EE:C1,FEAnet,25,98.33191394805908,C2,0,1
2357,A0:3E:1A:3A:A0:EC,op-router2G,19,98.33191394805908,C2,0,1
2358,B8:62:1F:52:29:00,FEAJUNIOR,17,98.33191394805908,C2,0,1
2359,DC:9F:DB:1B:1F:D7,LWN-3,29,98.33191394805908,C2,0,1
2360,DC:9F:DB:1C:1F:D7,LWN-3,54,98.33191394805908,C2,0,1
2361,DE:9F:DB:1B:1F:D7,LARC Guest,30,98.33191394805908,C2,0,1
2362,DE:9F:DB:1C:1F:D7,LARC Guest,54,98.33191394805908,C2,0,1
2363,EE:9F:DB:1B:1F:D7,,29,98.33191394805908,C2,0,1
2364,F8:1A:67:99:55:8E,NUCLEAR_CHF,22,98.33191394805908,C2,0,1
2365,FE:9F:DB:1C:1F:D7,,54,98.33191394805908,C2,0,1
2366,00:18:E7:FF:8C:98,dlink,25,100.95423626899719,C2,0,1
2367,20:AA:4B:A7:19:74,LAA03,44,100.95423626899719,C2,0,1
2368,30:85:A9:69:F2:E4,PCS-Wireless-C2-22,30,100.95423626899719,C2,0,1
2369,30:85:A9:69:FB:0A,PCS-Wireless,24,100.95423626899719,C2,0,1
2370,34:60:F9:A3:D9:13,GASWIFI-5G_C2,17,100.95423626899719,C2,0,1
2371,34:60:F9:A3:D9:14,GASWIFI-2G_C2,35,100.95423626899719,C2,0,1
2372,34:60:F9:A3:E7:3F,GASWIFI_C4,25,100.95423626899719,C2,0,1
2373,34:CE:00:51:3E:6F,Lab,25,100.95423626899719,C2,0,1
2374,3A:60:F9:A3:D9:14,,40,100.95423626899719,C2,0,1
2375,46:D2:44:04:08:05,DIRECT-44048805,17,100.95423626899719,C2,0,1
2376,54:B8:0A:AA:2C:8C,LAB_DIGITAL,30,100.95423626899719,C2,0,1
2377,54:B8:0A:AA:2C:8D,PCS-Wireless,30,100.95423626899719,C2,0,1
2378,54:F0:B1:A1:1A:50,eduroam,20,100.95423626899719,C2,0,1
2379,54:F0:B1:A1:58:00,eduroam,17,100.95423626899719,C2,0,1
2380,54:F0:B1:A1:58:01,PoliSemFio,27,100.95423626899719,C2,0,1
2381,54:F0:B1:A1:58:02,,25,100.95423626899719,C2,0,1
2382,54:F0:B1:A1:E2:91,eduroam,19,100.95423626899719,C2,0,1
2383,54:F0:B1:A2:37:E0,eduroam,20,100.95423626899719,C2,0,1
2384,54:F0:B1:A2:37:E1,PoliSemFio,37,100.95423626899719,C2,0,1
2385,54:F0:B1:A2:4A:70,eduroam,29,100.95423626899719,C2,0,1
2386,54:F0:B1:A2:4A:71,PoliSemFio,25,100.95423626899719,C2,0,1
2387,54:F0:B1:A2:56:60,eduroam,40,100.95423626899719,C2,0,1
2388,54:F0:B1:A2:56:61,PoliSemFio,32,100.95423626899719,C2,0,1
2389,54:F0:B1:A2:56:62,,29,100.95423626899719,C2,0,1
2390,54:F0:B1:A2:56:70,eduroam,34,100.95423626899719,C2,0,1
2391,54:F0:B1:BB:5A:80,eduroam,47,100.95423626899719,C2,0,1
2392,54:F0:B1:BB:5A:81,PoliSemFio,42,100.95423626899719,C2,0,1
2393,54:F0:B1:BB:5A:82,HACKER,47,100.95423626899719,C2,0,1
2394,54:F0:B1:BB:5A:83,LEP,45,100.95423626899719,C2,0,1
2395,54:F0:B1:BB:5A:84,,42,100.95423626899719,C2,0,1
2396,54:F0:B1:BB:5A:A0,eduroam,19,100.95423626899719,C2,0,1
2397,54:F0:B1:BB:5A:A1,PoliSemFio,19,100.95423626899719,C2,0,1
2398,54:F0:B1:BB:5A:A2,HACKER,12,100.95423626899719,C2,0,1
2399,54:F0:B1:BB:5A:A3,LEP,14,100.95423626899719,C2,0,1
2400,54:F0:B1:BB:5F:B1,PoliSemFio,14,100.95423626899719,C2,0,1
2401,54:F0:B1:BB:73:40,eduroam,15,100.95423626899719,C2,0,1
2402,54:F0:B1:BB:80:C0,eduroam,34,100.95423626899719,C2,0,1
2403,54:F0:B1:BB:80:C1,PoliSemFio,37,100.95423626899719,C2,0,1
2404,54:F0:B1:BB:80:C3,LABPROG,29,100.95423626899719,C2,0,1
2405,54:F0:B1:BB:84:B0,eduroam,22,100.95423626899719,C2,0,1
2406,54:F0:B1:BB:A7:80,eduroam,14,100.95423626899719,C2,0,1
2407,54:F0:B1:BB:A7:81,PoliSemFio,17,100.95423626899719,C2,0,1
2408,54:F0:B1:BB:A7:82,LME,15,100.95423626899719,C2,0,1
2409,54:F0:B1:BB:BC:00,eduroam,29,100.95423626899719,C2,0,1
2410,54:F0:B1:BB:BC:01,PoliSemFio,32,100.95423626899719,C2,0,1
2411,54:F0:B1:BB:BC:02,,32,100.95423626899719,C2,0,1
2412,54:F0:B1:BB:BE:10,eduroam,25,100.95423626899719,C2,0,1
2413,54:F0:B1:BB:BE:30,eduroam,14,100.95423626899719,C2,0,1
2414,54:F0:B1:BB:C4:D0,eduroam,35,100.95423626899719,C2,0,1
2415,54:F0:B1:BB:C4:F0,eduroam,44,100.95423626899719,C2,0,1
2416,54:F0:B1:BB:C4:F1,PoliSemFio,45,100.95423626899719,C2,0,1
2417,54:F0:B1:BB:CD:A0,eduroam,37,100.95423626899719,C2,0,1
2418,54:F0:B1:BB:FD:D0,eduroam,34,100.95423626899719,C2,0,1
2419,54:F0:B1:BB:FD:D1,PoliSemFio,34,100.95423626899719,C2,0,1
2420,54:F0:B1:BB:FD:D2,,34,100.95423626899719,C2,0,1
2421,54:F0:B1:BC:09:40,eduroam,34,100.95423626899719,C2,0,1
2422,54:F0:B1:BC:09:41,PoliSemFio,45,100.95423626899719,C2,0,1
2423,54:F0:B1:BC:09:42,,45,100.95423626899719,C2,0,1
2424,54:F0:B1:BC:09:61,PoliSemFio,25,100.95423626899719,C2,0,1
2425,54:F0:B1:BC:1B:D0,eduroam,64,100.95423626899719,C2,0,1
2426,54:F0:B1:BC:1B:D1,PoliSemFio,62,100.95423626899719,C2,0,1
2427,54:F0:B1:BC:1B:D2,,62,100.95423626899719,C2,0,1
2428,54:F0:B1:BC:1B:F0,eduroam,30,100.95423626899719,C2,0,1
2429,54:F0:B1:BC:1B:F1,PoliSemFio,30,100.95423626899719,C2,0,1
2430,54:F0:B1:BC:1B:F2,,30,100.95423626899719,C2,0,1
2431,54:F0:B1:BC:27:40,eduroam,39,100.95423626899719,C2,0,1
2432,54:F0:B1:BC:27:41,PoliSemFio,59,100.95423626899719,C2,0,1
2433,54:F0:B1:BC:27:42,,59,100.95423626899719,C2,0,1
2434,54:F0:B1:BC:27:60,eduroam,27,100.95423626899719,C2,0,1
2435,54:F0:B1:BC:27:61,PoliSemFio,25,100.95423626899719,C2,0,1
2436,54:F0:B1:BC:2E:90,eduroam,59,100.95423626899719,C2,0,1
2437,54:F0:B1:BC:2E:91,PoliSemFio,55,100.95423626899719,C2,0,1
2438,54:F0:B1:BC:2E:92,,55,100.95423626899719,C2,0,1
2439,54:F0:B1:BC:2E:B0,eduroam,34,100.95423626899719,C2,0,1
2440,54:F0:B1:BC:2E:B1,PoliSemFio,34,100.95423626899719,C2,0,1
2441,54:F0:B1:BC:2F:50,eduroam,25,100.95423626899719,C2,0,1
2442,54:F0:B1:BC:2F:52,,24,100.95423626899719,C2,0,1
2443,54:F0:B1:BC:2F:70,eduroam,14,100.95423626899719,C2,0,1
2444,54:F0:B1:BC:36:10,PoliSemFio,32,100.95423626899719,C2,0,1
2445,54:F0:B1:BC:36:11,eduroam,29,100.95423626899719,C2,0,1
2446,54:F0:B1:BC:3F:32,,14,100.95423626899719,C2,0,1
2447,54:F0:B1:BC:43:60,eduroam,24,100.95423626899719,C2,0,1
2448,54:F0:B1:BC:70:00,eduroam,34,100.95423626899719,C2,0,1
2449,54:F0:B1:BC:77:80,eduroam,39,100.95423626899719,C2,0,1
2450,54:F0:B1:BC:77:81,PoliSemFio,47,100.95423626899719,C2,0,1
2451,54:F0:B1:BC:77:A0,eduroam,17,100.95423626899719,C2,0,1
2452,54:F0:B1:BC:77:A1,PoliSemFio,19,100.95423626899719,C2,0,1
2453,54:F0:B1:BC:7C:F0,eduroam,20,100.95423626899719,C2,0,1
2454,54:F0:B1:BC:7C:F1,PoliSemFio,30,100.95423626899719,C2,0,1
2455,54:F0:B1:BC:7C:F2,,25,100.95423626899719,C2,0,1
2456,68:FF:7B:47:78:BE,C1-22M,37,100.95423626899719,C2,0,1
2457,70:62:B8:6E:72:A0,PCS-wireless-C1-13,25,100.95423626899719,C2,0,1
2458,70:62:B8:6E:72:A1,PPGEE,24,100.95423626899719,C2,0,1
2459,84:D4:7E:06:4F:E0,eduroam,30,100.95423626899719,C2,0,1
2460,84:D4:7E:9D:EE:C1,FEAnet,25,100.95423626899719,C2,0,1
2461,A0:3E:1A:3A:A0:EC,op-router2G,19,100.95423626899719,C2,0,1
2462,B8:62:1F:52:29:00,FEAJUNIOR,17,100.95423626899719,C2,0,1
2463,DC:9F:DB:1B:1F:D7,LWN-3,15,100.95423626899719,C2,0,1
2464,DC:9F:DB:1C:1F:D7,LWN-3,50,100.95423626899719,C2,0,1
2465,DE:9F:DB:1B:1F:D7,LARC Guest,15,100.95423626899719,C2,0,1
2466,DE:9F:DB:1C:1F:D7,LARC Guest,50,100.95423626899719,C2,0,1
2467,EE:9F:DB:1B:1F:D7,,29,100.95423626899719,C2,0,1
2468,F8:1A:67:99:55:8E,NUCLEAR_CHF,22,100.95423626899719,C2,0,1
2469,FE:9F:DB:1C:1F:D7,,54,100.95423626899719,C2,0,1
2470,00:18:E7:FF:8C:98,dlink,25,107.21258187294006,C2,0,1
2471,20:AA:4B:A7:19:74,LAA03,44,107.21258187294006,C2,0,1
2472,30:85:A9:69:F2:E4,PCS-Wireless-C2-22,30,107.21258187294006,C2,0,1
2473,30:85:A9:69:FB:0A,PCS-Wireless,24,107.21258187294006,C2,0,1
2474,34:60:F9:A3:D9:13,GASWIFI-5G_C2,17,107.21258187294006,C2,0,1
2475,34:60:F9:A3:D9:14,GASWIFI-2G_C2,35,107.21258187294006,C2,0,1
2476,34:60:F9:A3:E7:3F,GASWIFI_C4,25,107.21258187294006,C2,0,1
2477,34:CE:00:51:3E:6F,Lab,25,107.21258187294006,C2,0,1
2478,3A:60:F9:A3:D9:14,,40,107.21258187294006,C2,0,1
2479,46:D2:44:04:08:05,DIRECT-44048805,17,107.21258187294006,C2,0,1
2480,54:B8:0A:AA:2C:8C,LAB_DIGITAL,30,107.21258187294006,C2,0,1
2481,54:B8:0A:AA:2C:8D,PCS-Wireless,30,107.21258187294006,C2,0,1
2482,54:F0:B1:A1:1A:50,eduroam,20,107.21258187294006,C2,0,1
2483,54:F0:B1:A1:58:00,eduroam,17,107.21258187294006,C2,0,1
2484,54:F0:B1:A1:58:01,PoliSemFio,27,107.21258187294006,C2,0,1
2485,54:F0:B1:A1:58:02,,25,107.21258187294006,C2,0,1
2486,54:F0:B1:A1:E2:91,eduroam,19,107.21258187294006,C2,0,1
2487,54:F0:B1:A2:37:E0,eduroam,20,107.21258187294006,C2,0,1
2488,54:F0:B1:A2:37:E1,PoliSemFio,37,107.21258187294006,C2,0,1
2489,54:F0:B1:A2:4A:70,eduroam,29,107.21258187294006,C2,0,1
2490,54:F0:B1:A2:4A:71,PoliSemFio,25,107.21258187294006,C2,0,1
2491,54:F0:B1:A2:56:60,eduroam,40,107.21258187294006,C2,0,1
2492,54:F0:B1:A2:56:61,PoliSemFio,32,107.21258187294006,C2,0,1
2493,54:F0:B1:A2:56:62,,29,107.21258187294006,C2,0,1
2494,54:F0:B1:A2:56:70,eduroam,34,107.21258187294006,C2,0,1
2495,54:F0:B1:BB:5A:80,eduroam,47,107.21258187294006,C2,0,1
2496,54:F0:B1:BB:5A:81,PoliSemFio,42,107.21258187294006,C2,0,1
2497,54:F0:B1:BB:5A:82,HACKER,47,107.21258187294006,C2,0,1
2498,54:F0:B1:BB:5A:83,LEP,45,107.21258187294006,C2,0,1
2499,54:F0:B1:BB:5A:84,,42,107.21258187294006,C2,0,1
2500,54:F0:B1:BB:5A:A0,eduroam,19,107.21258187294006,C2,0,1
2501,54:F0:B1:BB:5A:A1,PoliSemFio,19,107.21258187294006,C2,0,1
2502,54:F0:B1:BB:5A:A2,HACKER,12,107.21258187294006,C2,0,1
2503,54:F0:B1:BB:5A:A3,LEP,14,107.21258187294006,C2,0,1
2504,54:F0:B1:BB:5F:B1,PoliSemFio,14,107.21258187294006,C2,0,1
2505,54:F0:B1:BB:73:40,eduroam,15,107.21258187294006,C2,0,1
2506,54:F0:B1:BB:80:C0,eduroam,34,107.21258187294006,C2,0,1
2507,54:F0:B1:BB:80:C1,PoliSemFio,37,107.21258187294006,C2,0,1
2508,54:F0:B1:BB:80:C3,LABPROG,29,107.21258187294006,C2,0,1
2509,54:F0:B1:BB:84:B0,eduroam,22,107.21258187294006,C2,0,1
2510,54:F0:B1:BB:A7:80,eduroam,14,107.21258187294006,C2,0,1
2511,54:F0:B1:BB:A7:81,PoliSemFio,17,107.21258187294006,C2,0,1
2512,54:F0:B1:BB:A7:82,LME,15,107.21258187294006,C2,0,1
2513,54:F0:B1:BB:BC:00,eduroam,29,107.21258187294006,C2,0,1
2514,54:F0:B1:BB:BC:01,PoliSemFio,32,107.21258187294006,C2,0,1
2515,54:F0:B1:BB:BC:02,,32,107.21258187294006,C2,0,1
2516,54:F0:B1:BB:BE:10,eduroam,25,107.21258187294006,C2,0,1
2517,54:F0:B1:BB:BE:30,eduroam,14,107.21258187294006,C2,0,1
2518,54:F0:B1:BB:C4:D0,eduroam,35,107.21258187294006,C2,0,1
2519,54:F0:B1:BB:C4:F0,eduroam,44,107.21258187294006,C2,0,1
2520,54:F0:B1:BB:C4:F1,PoliSemFio,45,107.21258187294006,C2,0,1
2521,54:F0:B1:BB:CD:A0,eduroam,37,107.21258187294006,C2,0,1
2522,54:F0:B1:BB:FD:D0,eduroam,34,107.21258187294006,C2,0,1
2523,54:F0:B1:BB:FD:D1,PoliSemFio,34,107.21258187294006,C2,0,1
2524,54:F0:B1:BB:FD:D2,,34,107.21258187294006,C2,0,1
2525,54:F0:B1:BC:09:40,eduroam,34,107.21258187294006,C2,0,1
2526,54:F0:B1:BC:09:41,PoliSemFio,45,107.21258187294006,C2,0,1
2527,54:F0:B1:BC:09:42,,45,107.21258187294006,C2,0,1
2528,54:F0:B1:BC:09:61,PoliSemFio,25,107.21258187294006,C2,0,1
2529,54:F0:B1:BC:1B:D0,eduroam,64,107.21258187294006,C2,0,1
2530,54:F0:B1:BC:1B:D1,PoliSemFio,62,107.21258187294006,C2,0,1
2531,54:F0:B1:BC:1B:D2,,62,107.21258187294006,C2,0,1
2532,54:F0:B1:BC:1B:F0,eduroam,30,107.21258187294006,C2,0,1
2533,54:F0:B1:BC:1B:F1,PoliSemFio,30,107.21258187294006,C2,0,1
2534,54:F0:B1:BC:1B:F2,,30,107.21258187294006,C2,0,1
2535,54:F0:B1:BC:27:40,eduroam,39,107.21258187294006,C2,0,1
2536,54:F0:B1:BC:27:41,PoliSemFio,59,107.21258187294006,C2,0,1
2537,54:F0:B1:BC:27:42,,59,107.21258187294006,C2,0,1
2538,54:F0:B1:BC:27:60,eduroam,27,107.21258187294006,C2,0,1
2539,54:F0:B1:BC:27:61,PoliSemFio,25,107.21258187294006,C2,0,1
2540,54:F0:B1:BC:2E:90,eduroam,59,107.21258187294006,C2,0,1
2541,54:F0:B1:BC:2E:91,PoliSemFio,55,107.21258187294006,C2,0,1
2542,54:F0:B1:BC:2E:92,,55,107.21258187294006,C2,0,1
2543,54:F0:B1:BC:2E:B0,eduroam,55,107.21258187294006,C2,0,1
2544,54:F0:B1:BC:2E:B1,PoliSemFio,34,107.21258187294006,C2,0,1
2545,54:F0:B1:BC:2F:50,eduroam,25,107.21258187294006,C2,0,1
2546,54:F0:B1:BC:2F:52,,24,107.21258187294006,C2,0,1
2547,54:F0:B1:BC:2F:70,eduroam,14,107.21258187294006,C2,0,1
2548,54:F0:B1:BC:36:10,PoliSemFio,32,107.21258187294006,C2,0,1
2549,54:F0:B1:BC:36:11,eduroam,29,107.21258187294006,C2,0,1
2550,54:F0:B1:BC:3F:32,,14,107.21258187294006,C2,0,1
2551,54:F0:B1:BC:43:60,eduroam,24,107.21258187294006,C2,0,1
2552,54:F0:B1:BC:70:00,eduroam,34,107.21258187294006,C2,0,1
2553,54:F0:B1:BC:77:80,eduroam,39,107.21258187294006,C2,0,1
2554,54:F0:B1:BC:77:81,PoliSemFio,47,107.21258187294006,C2,0,1
2555,54:F0:B1:BC:77:A0,eduroam,17,107.21258187294006,C2,0,1
2556,54:F0:B1:BC:77:A1,PoliSemFio,19,107.21258187294006,C2,0,1
2557,54:F0:B1:BC:7C:F0,eduroam,20,107.21258187294006,C2,0,1
2558,54:F0:B1:BC:7C:F1,PoliSemFio,30,107.21258187294006,C2,0,1
2559,54:F0:B1:BC:7C:F2,,25,107.21258187294006,C2,0,1
2560,68:FF:7B:47:78:BE,C1-22M,37,107.21258187294006,C2,0,1
2561,70:62:B8:6E:72:A0,PCS-wireless-C1-13,25,107.21258187294006,C2,0,1
2562,70:62:B8:6E:72:A1,PPGEE,24,107.21258187294006,C2,0,1
2563,84:D4:7E:06:4F:E0,eduroam,30,107.21258187294006,C2,0,1
2564,84:D4:7E:9D:EE:C1,FEAnet,25,107.21258187294006,C2,0,1
2565,A0:3E:1A:3A:A0:EC,op-router2G,19,107.21258187294006,C2,0,1
2566,B8:62:1F:52:29:00,FEAJUNIOR,17,107.21258187294006,C2,0,1
2567,DC:9F:DB:1B:1F:D7,LWN-3,15,107.21258187294006,C2,0,1
2568,DC:9F:DB:1C:1F:D7,LWN-3,50,107.21258187294006,C2,0,1
2569,DE:9F:DB:1B:1F:D7,LARC Guest,15,107.21258187294006,C2,0,1
2570,DE:9F:DB:1C:1F:D7,LARC Guest,50,107.21258187294006,C2,0,1
2571,EE:9F:DB:1B:1F:D7,,29,107.21258187294006,C2,0,1
2572,F8:1A:67:99:55:8E,NUCLEAR_CHF,22,107.21258187294006,C2,0,1
2573,FE:9F:DB:1C:1F:D7,,54,107.21258187294006,C2,0,1
2574,00:18:E7:FF:8C:98,dlink,25,109.85979318618774,C2,0,1
2575,20:AA:4B:A7:19:74,LAA03,32,109.85979318618774,C2,0,1
2576,30:85:A9:69:F2:E4,PCS-Wireless-C2-22,30,109.85979318618774,C2,0,1
2577,30:85:A9:69:FB:0A,PCS-Wireless,12,109.85979318618774,C2,0,1
2578,34:60:F9:A3:D9:13,GASWIFI-5G_C2,17,109.85979318618774,C2,0,1
2579,34:60:F9:A3:D9:14,GASWIFI-2G_C2,42,109.85979318618774,C2,0,1
2580,34:60:F9:A3:E7:3F,GASWIFI_C4,25,109.85979318618774,C2,0,1
2581,34:CE:00:51:3E:6F,Lab,25,109.85979318618774,C2,0,1
2582,3A:60:F9:A3:D9:14,,40,109.85979318618774,C2,0,1
2583,46:D2:44:04:08:05,DIRECT-44048805,17,109.85979318618774,C2,0,1
2584,54:B8:0A:AA:2C:8C,LAB_DIGITAL,30,109.85979318618774,C2,0,1
2585,54:B8:0A:AA:2C:8D,PCS-Wireless,30,109.85979318618774,C2,0,1
2586,54:F0:B1:A1:1A:43,CAEEL,9,109.85979318618774,C2,0,1
2587,54:F0:B1:A1:1A:50,eduroam,20,109.85979318618774,C2,0,1
2588,54:F0:B1:A1:57:F2,,9,109.85979318618774,C2,0,1
2589,54:F0:B1:A1:58:00,eduroam,17,109.85979318618774,C2,0,1
2590,54:F0:B1:A1:58:01,PoliSemFio,24,109.85979318618774,C2,0,1
2591,54:F0:B1:A1:58:02,,25,109.85979318618774,C2,0,1
2592,54:F0:B1:A1:E2:91,eduroam,19,109.85979318618774,C2,0,1
2593,54:F0:B1:A2:37:E0,eduroam,42,109.85979318618774,C2,0,1
2594,54:F0:B1:A2:37:E1,PoliSemFio,37,109.85979318618774,C2,0,1
2595,54:F0:B1:A2:4A:70,eduroam,34,109.85979318618774,C2,0,1
2596,54:F0:B1:A2:4A:71,PoliSemFio,25,109.85979318618774,C2,0,1
2597,54:F0:B1:A2:4A:72,,32,109.85979318618774,C2,0,1
2598,54:F0:B1:A2:56:60,eduroam,42,109.85979318618774,C2,0,1
2599,54:F0:B1:A2:56:61,PoliSemFio,42,109.85979318618774,C2,0,1
2600,54:F0:B1:A2:56:70,eduroam,39,109.85979318618774,C2,0,1
2601,54:F0:B1:BB:5A:80,eduroam,47,109.85979318618774,C2,0,1
2602,54:F0:B1:BB:5A:81,PoliSemFio,42,109.85979318618774,C2,0,1
2603,54:F0:B1:BB:5A:82,HACKER,47,109.85979318618774,C2,0,1
2604,54:F0:B1:BB:5A:83,LEP,45,109.85979318618774,C2,0,1
2605,54:F0:B1:BB:5A:84,,42,109.85979318618774,C2,0,1
2606,54:F0:B1:BB:5A:A0,eduroam,19,109.85979318618774,C2,0,1
2607,54:F0:B1:BB:5A:A1,PoliSemFio,17,109.85979318618774,C2,0,1
2608,54:F0:B1:BB:5A:A2,HACKER,19,109.85979318618774,C2,0,1
2609,54:F0:B1:BB:5A:A3,LEP,17,109.85979318618774,C2,0,1
2610,54:F0:B1:BB:5F:B1,PoliSemFio,14,109.85979318618774,C2,0,1
2611,54:F0:B1:BB:73:40,eduroam,15,109.85979318618774,C2,0,1
2612,54:F0:B1:BB:80:C0,eduroam,34,109.85979318618774,C2,0,1
2613,54:F0:B1:BB:80:C1,PoliSemFio,37,109.85979318618774,C2,0,1
2614,54:F0:B1:BB:80:C3,LABPROG,45,109.85979318618774,C2,0,1
2615,54:F0:B1:BB:84:B0,eduroam,22,109.85979318618774,C2,0,1
2616,54:F0:B1:BB:A7:80,eduroam,14,109.85979318618774,C2,0,1
2617,54:F0:B1:BB:A7:81,PoliSemFio,17,109.85979318618774,C2,0,1
2618,54:F0:B1:BB:A7:82,LME,15,109.85979318618774,C2,0,1
2619,54:F0:B1:BB:BC:00,eduroam,29,109.85979318618774,C2,0,1
2620,54:F0:B1:BB:BC:01,PoliSemFio,32,109.85979318618774,C2,0,1
2621,54:F0:B1:BB:BC:02,,32,109.85979318618774,C2,0,1
2622,54:F0:B1:BB:BC:20,eduroam,12,109.85979318618774,C2,0,1
2623,54:F0:B1:BB:BC:21,PoliSemFio,12,109.85979318618774,C2,0,1
2624,54:F0:B1:BB:BC:23,CAEEL,12,109.85979318618774,C2,0,1
2625,54:F0:B1:BB:BE:10,eduroam,25,109.85979318618774,C2,0,1
2626,54:F0:B1:BB:BE:30,eduroam,14,109.85979318618774,C2,0,1
2627,54:F0:B1:BB:BE:33,CAEEL,12,109.85979318618774,C2,0,1
2628,54:F0:B1:BB:C4:D0,eduroam,35,109.85979318618774,C2,0,1
2629,54:F0:B1:BB:C4:F0,eduroam,45,109.85979318618774,C2,0,1
2630,54:F0:B1:BB:C4:F1,PoliSemFio,45,109.85979318618774,C2,0,1
2631,54:F0:B1:BB:CD:A0,eduroam,37,109.85979318618774,C2,0,1
2632,54:F0:B1:BB:FD:D0,eduroam,37,109.85979318618774,C2,0,1
2633,54:F0:B1:BB:FD:D1,PoliSemFio,34,109.85979318618774,C2,0,1
2634,54:F0:B1:BB:FD:D2,,34,109.85979318618774,C2,0,1
2635,54:F0:B1:BC:09:40,eduroam,50,109.85979318618774,C2,0,1
2636,54:F0:B1:BC:09:41,PoliSemFio,45,109.85979318618774,C2,0,1
2637,54:F0:B1:BC:09:42,,45,109.85979318618774,C2,0,1
2638,54:F0:B1:BC:09:61,PoliSemFio,24,109.85979318618774,C2,0,1
2639,54:F0:B1:BC:1B:D0,eduroam,57,109.85979318618774,C2,0,1
2640,54:F0:B1:BC:1B:D1,PoliSemFio,60,109.85979318618774,C2,0,1
2641,54:F0:B1:BC:1B:D2,,60,109.85979318618774,C2,0,1
2642,54:F0:B1:BC:1B:F0,eduroam,44,109.85979318618774,C2,0,1
2643,54:F0:B1:BC:1B:F1,PoliSemFio,44,109.85979318618774,C2,0,1
2644,54:F0:B1:BC:1B:F2,,30,109.85979318618774,C2,0,1
2645,54:F0:B1:BC:27:40,eduroam,39,109.85979318618774,C2,0,1
2646,54:F0:B1:BC:27:41,PoliSemFio,59,109.85979318618774,C2,0,1
2647,54:F0:B1:BC:27:42,,59,109.85979318618774,C2,0,1
2648,54:F0:B1:BC:27:60,eduroam,29,109.85979318618774,C2,0,1
2649,54:F0:B1:BC:27:61,PoliSemFio,29,109.85979318618774,C2,0,1
2650,54:F0:B1:BC:2E:90,eduroam,59,109.85979318618774,C2,0,1
2651,54:F0:B1:BC:2E:91,PoliSemFio,55,109.85979318618774,C2,0,1
2652,54:F0:B1:BC:2E:92,,55,109.85979318618774,C2,0,1
2653,54:F0:B1:BC:2E:B0,eduroam,51,109.85979318618774,C2,0,1
2654,54:F0:B1:BC:2E:B1,PoliSemFio,52,109.85979318618774,C2,0,1
2655,54:F0:B1:BC:2F:50,eduroam,25,109.85979318618774,C2,0,1
2656,54:F0:B1:BC:2F:52,,29,109.85979318618774,C2,0,1
2657,54:F0:B1:BC:2F:70,eduroam,14,109.85979318618774,C2,0,1
2658,54:F0:B1:BC:36:10,PoliSemFio,32,109.85979318618774,C2,0,1
2659,54:F0:B1:BC:36:11,eduroam,29,109.85979318618774,C2,0,1
2660,54:F0:B1:BC:36:12,,32,109.85979318618774,C2,0,1
2661,54:F0:B1:BC:3F:10,eduroam,45,109.85979318618774,C2,0,1
2662,54:F0:B1:BC:3F:32,,14,109.85979318618774,C2,0,1
2663,54:F0:B1:BC:43:60,eduroam,24,109.85979318618774,C2,0,1
2664,54:F0:B1:BC:70:01,PoliSemFio,44,109.85979318618774,C2,0,1
2665,54:F0:B1:BC:77:80,eduroam,45,109.85979318618774,C2,0,1
2666,54:F0:B1:BC:77:81,PoliSemFio,47,109.85979318618774,C2,0,1
2667,54:F0:B1:BC:77:A0,eduroam,22,109.85979318618774,C2,0,1
2668,54:F0:B1:BC:77:A1,PoliSemFio,22,109.85979318618774,C2,0,1
2669,54:F0:B1:BC:7C:F0,eduroam,20,109.85979318618774,C2,0,1
2670,54:F0:B1:BC:7C:F1,PoliSemFio,30,109.85979318618774,C2,0,1
2671,54:F0:B1:BC:7C:F2,,22,109.85979318618774,C2,0,1
2672,68:FF:7B:47:78:BE,C1-22M,30,109.85979318618774,C2,0,1
2673,70:3A:0E:09:2E:B0,eduroam,5,109.85979318618774,C2,0,1
2674,70:3A:0E:09:2E:B1,FEAnet,9,109.85979318618774,C2,0,1
2675,70:62:B8:6E:72:A0,PCS-wireless-C1-13,22,109.85979318618774,C2,0,1
2676,70:62:B8:6E:72:A1,PPGEE,32,109.85979318618774,C2,0,1
2677,84:D4:7E:06:4F:E0,eduroam,30,109.85979318618774,C2,0,1
2678,84:D4:7E:9D:EE:C1,FEAnet,25,109.85979318618774,C2,0,1
2679,A0:3E:1A:3A:A0:EC,op-router2G,19,109.85979318618774,C2,0,1
2680,AA:6B:AD:82:46:CC,DIRECT-cc-HP M132f LaserJet,22,109.85979318618774,C2,0,1
2681,B8:62:1F:52:29:00,FEAJUNIOR,17,109.85979318618774,C2,0,1
2682,DC:9F:DB:1B:1F:D7,LWN-3,27,109.85979318618774,C2,0,1
2683,DC:9F:DB:1C:1F:D7,LWN-3,52,109.85979318618774,C2,0,1
2684,DE:9F:DB:1B:1F:D7,LARC Guest,27,109.85979318618774,C2,0,1
2685,DE:9F:DB:1C:1F:D7,LARC Guest,50,109.85979318618774,C2,0,1
2686,EE:9F:DB:1B:1F:D7,,29,109.85979318618774,C2,0,1
2687,F8:1A:67:99:55:8E,NUCLEAR_CHF,20,109.85979318618774,C2,0,1
2688,FE:9F:DB:1C:1F:D7,,52,109.85979318618774,C2,0,1
2689,00:18:E7:FF:8C:98,dlink,25,119.73499965667725,C2,0,1
2690,20:AA:4B:A7:19:74,LAA03,32,119.73499965667725,C2,0,1
2691,30:85:A9:69:F2:E4,PCS-Wireless-C2-22,30,119.73499965667725,C2,0,1
2692,30:85:A9:69:FB:0A,PCS-Wireless,12,119.73499965667725,C2,0,1
2693,34:60:F9:A3:D9:13,GASWIFI-5G_C2,17,119.73499965667725,C2,0,1
2694,34:60:F9:A3:D9:14,GASWIFI-2G_C2,37,119.73499965667725,C2,0,1
2695,34:CE:00:51:3E:6F,Lab,30,119.73499965667725,C2,0,1
2696,54:B8:0A:AA:2C:8C,LAB_DIGITAL,30,119.73499965667725,C2,0,1
2697,54:B8:0A:AA:2C:8D,PCS-Wireless,30,119.73499965667725,C2,0,1
2698,54:F0:B1:A1:1A:43,CAEEL,9,119.73499965667725,C2,0,1
2699,54:F0:B1:A1:1A:50,eduroam,20,119.73499965667725,C2,0,1
2700,54:F0:B1:A1:57:F2,,9,119.73499965667725,C2,0,1
2701,54:F0:B1:A1:58:00,eduroam,17,119.73499965667725,C2,0,1
2702,54:F0:B1:A1:58:01,PoliSemFio,24,119.73499965667725,C2,0,1
2703,54:F0:B1:A1:58:02,,25,119.73499965667725,C2,0,1
2704,54:F0:B1:A1:E2:91,eduroam,19,119.73499965667725,C2,0,1
2705,54:F0:B1:A2:37:E0,eduroam,42,119.73499965667725,C2,0,1
2706,54:F0:B1:A2:37:E1,PoliSemFio,37,119.73499965667725,C2,0,1
2707,54:F0:B1:A2:4A:70,eduroam,34,119.73499965667725,C2,0,1
2708,54:F0:B1:A2:4A:72,,32,119.73499965667725,C2,0,1
2709,54:F0:B1:A2:56:60,eduroam,30,119.73499965667725,C2,0,1
2710,54:F0:B1:A2:56:61,PoliSemFio,30,119.73499965667725,C2,0,1
2711,54:F0:B1:A2:56:70,eduroam,39,119.73499965667725,C2,0,1
2712,54:F0:B1:BB:5A:80,eduroam,45,119.73499965667725,C2,0,1
2713,54:F0:B1:BB:5A:81,PoliSemFio,44,119.73499965667725,C2,0,1
2714,54:F0:B1:BB:5A:82,HACKER,47,119.73499965667725,C2,0,1
2715,54:F0:B1:BB:5A:83,LEP,47,119.73499965667725,C2,0,1
2716,54:F0:B1:BB:5A:84,,45,119.73499965667725,C2,0,1
2717,54:F0:B1:BB:5A:A0,eduroam,19,119.73499965667725,C2,0,1
2718,54:F0:B1:BB:5A:A1,PoliSemFio,17,119.73499965667725,C2,0,1
2719,54:F0:B1:BB:5A:A2,HACKER,15,119.73499965667725,C2,0,1
2720,54:F0:B1:BB:5A:A3,LEP,14,119.73499965667725,C2,0,1
2721,54:F0:B1:BB:5F:B1,PoliSemFio,14,119.73499965667725,C2,0,1
2722,54:F0:B1:BB:73:40,eduroam,15,119.73499965667725,C2,0,1
2723,54:F0:B1:BB:80:C0,eduroam,29,119.73499965667725,C2,0,1
2724,54:F0:B1:BB:80:C1,PoliSemFio,37,119.73499965667725,C2,0,1
2725,54:F0:B1:BB:80:C3,LABPROG,45,119.73499965667725,C2,0,1
2726,54:F0:B1:BB:84:B0,eduroam,22,119.73499965667725,C2,0,1
2727,54:F0:B1:BB:A7:80,eduroam,14,119.73499965667725,C2,0,1
2728,54:F0:B1:BB:A7:81,PoliSemFio,17,119.73499965667725,C2,0,1
2729,54:F0:B1:BB:A7:82,LME,15,119.73499965667725,C2,0,1
2730,54:F0:B1:BB:BC:00,eduroam,29,119.73499965667725,C2,0,1
2731,54:F0:B1:BB:BC:01,PoliSemFio,32,119.73499965667725,C2,0,1
2732,54:F0:B1:BB:BC:02,,32,119.73499965667725,C2,0,1
2733,54:F0:B1:BB:BC:20,eduroam,12,119.73499965667725,C2,0,1
2734,54:F0:B1:BB:BC:21,PoliSemFio,12,119.73499965667725,C2,0,1
2735,54:F0:B1:BB:BC:23,CAEEL,12,119.73499965667725,C2,0,1
2736,54:F0:B1:BB:BE:10,eduroam,25,119.73499965667725,C2,0,1
2737,54:F0:B1:BB:BE:30,eduroam,14,119.73499965667725,C2,0,1
2738,54:F0:B1:BB:BE:33,CAEEL,12,119.73499965667725,C2,0,1
2739,54:F0:B1:BB:C4:D0,eduroam,35,119.73499965667725,C2,0,1
2740,54:F0:B1:BB:C4:F0,eduroam,45,119.73499965667725,C2,0,1
2741,54:F0:B1:BB:C4:F1,PoliSemFio,45,119.73499965667725,C2,0,1
2742,54:F0:B1:BB:FD:D0,eduroam,37,119.73499965667725,C2,0,1
2743,54:F0:B1:BB:FD:D1,PoliSemFio,34,119.73499965667725,C2,0,1
2744,54:F0:B1:BB:FD:D2,,34,119.73499965667725,C2,0,1
2745,54:F0:B1:BC:09:40,eduroam,50,119.73499965667725,C2,0,1
2746,54:F0:B1:BC:09:60,eduroam,22,119.73499965667725,C2,0,1
2747,54:F0:B1:BC:09:61,PoliSemFio,22,119.73499965667725,C2,0,1
2748,54:F0:B1:BC:1B:D0,eduroam,42,119.73499965667725,C2,0,1
2749,54:F0:B1:BC:1B:D1,PoliSemFio,50,119.73499965667725,C2,0,1
2750,54:F0:B1:BC:1B:D2,,49,119.73499965667725,C2,0,1
2751,54:F0:B1:BC:1B:F0,eduroam,30,119.73499965667725,C2,0,1
2752,54:F0:B1:BC:1B:F1,PoliSemFio,30,119.73499965667725,C2,0,1
2753,54:F0:B1:BC:1B:F2,,30,119.73499965667725,C2,0,1
2754,54:F0:B1:BC:27:40,eduroam,35,119.73499965667725,C2,0,1
2755,54:F0:B1:BC:27:41,PoliSemFio,59,119.73499965667725,C2,0,1
2756,54:F0:B1:BC:27:42,,59,119.73499965667725,C2,0,1
2757,54:F0:B1:BC:27:60,eduroam,25,119.73499965667725,C2,0,1
2758,54:F0:B1:BC:27:61,PoliSemFio,25,119.73499965667725,C2,0,1
2759,54:F0:B1:BC:2E:90,eduroam,50,119.73499965667725,C2,0,1
2760,54:F0:B1:BC:2E:91,PoliSemFio,54,119.73499965667725,C2,0,1
2761,54:F0:B1:BC:2E:92,,55,119.73499965667725,C2,0,1
2762,54:F0:B1:BC:2E:B0,eduroam,30,119.73499965667725,C2,0,1
2763,54:F0:B1:BC:2E:B1,PoliSemFio,30,119.73499965667725,C2,0,1
2764,54:F0:B1:BC:2F:50,eduroam,25,119.73499965667725,C2,0,1
2765,54:F0:B1:BC:2F:52,,29,119.73499965667725,C2,0,1
2766,54:F0:B1:BC:36:10,PoliSemFio,32,119.73499965667725,C2,0,1
2767,54:F0:B1:BC:36:11,eduroam,29,119.73499965667725,C2,0,1
2768,54:F0:B1:BC:36:12,,32,119.73499965667725,C2,0,1
2769,54:F0:B1:BC:3F:10,eduroam,45,119.73499965667725,C2,0,1
2770,54:F0:B1:BC:3F:32,,14,119.73499965667725,C2,0,1
2771,54:F0:B1:BC:43:60,eduroam,24,119.73499965667725,C2,0,1
2772,54:F0:B1:BC:70:01,PoliSemFio,44,119.73499965667725,C2,0,1
2773,54:F0:B1:BC:77:80,eduroam,42,119.73499965667725,C2,0,1
2774,54:F0:B1:BC:77:81,PoliSemFio,47,119.73499965667725,C2,0,1
2775,54:F0:B1:BC:77:A0,eduroam,19,119.73499965667725,C2,0,1
2776,54:F0:B1:BC:77:A1,PoliSemFio,15,119.73499965667725,C2,0,1
2777,54:F0:B1:BC:7C:F2,,22,119.73499965667725,C2,0,1
2778,68:FF:7B:47:78:BE,C1-22M,39,119.73499965667725,C2,0,1
2779,70:3A:0E:09:2E:B0,eduroam,5,119.73499965667725,C2,0,1
2780,70:3A:0E:09:2E:B1,FEAnet,9,119.73499965667725,C2,0,1
2781,70:62:B8:6E:72:A0,PCS-wireless-C1-13,34,119.73499965667725,C2,0,1
2782,70:62:B8:6E:72:A1,PPGEE,34,119.73499965667725,C2,0,1
2783,84:D4:7E:06:4F:E0,eduroam,30,119.73499965667725,C2,0,1
2784,AA:6B:AD:82:46:CC,DIRECT-cc-HP M132f LaserJet,22,119.73499965667725,C2,0,1
2785,B8:62:1F:52:29:00,FEAJUNIOR,17,119.73499965667725,C2,0,1
2786,DC:9F:DB:1B:1F:D7,LWN-3,19,119.73499965667725,C2,0,1
2787,DC:9F:DB:1C:1F:D7,LWN-3,45,119.73499965667725,C2,0,1
2788,DE:9F:DB:1B:1F:D7,LARC Guest,19,119.73499965667725,C2,0,1
2789,DE:9F:DB:1C:1F:D7,LARC Guest,50,119.73499965667725,C2,0,1
2790,EE:9F:DB:1B:1F:D7,,20,119.73499965667725,C2,0,1
2791,EE:9F:DB:1C:1F:D7,,45,119.73499965667725,C2,0,1
2792,F8:1A:67:99:55:8E,NUCLEAR_CHF,20,119.73499965667725,C2,0,1
2793,FE:9F:DB:1C:1F:D7,,44,119.73499965667725,C2,0,1
2794,00:18:E7:FF:8C:98,dlink,25,122.359210729599,C2,0,1
2795,20:AA:4B:A7:19:74,LAA03,32,122.359210729599,C2,0,1
2796,30:85:A9:69:F2:E4,PCS-Wireless-C2-22,30,122.359210729599,C2,0,1
2797,30:85:A9:69:FB:0A,PCS-Wireless,12,122.359210729599,C2,0,1
2798,34:60:F9:A3:D9:13,GASWIFI-5G_C2,17,122.359210729599,C2,0,1
2799,34:60:F9:A3:D9:14,GASWIFI-2G_C2,37,122.359210729599,C2,0,1
2800,34:CE:00:51:3E:6F,Lab,30,122.359210729599,C2,0,1
2801,54:B8:0A:AA:2C:8C,LAB_DIGITAL,30,122.359210729599,C2,0,1
2802,54:B8:0A:AA:2C:8D,PCS-Wireless,30,122.359210729599,C2,0,1
2803,54:F0:B1:A1:1A:43,CAEEL,9,122.359210729599,C2,0,1
2804,54:F0:B1:A1:1A:50,eduroam,20,122.359210729599,C2,0,1
2805,54:F0:B1:A1:57:F2,,9,122.359210729599,C2,0,1
2806,54:F0:B1:A1:58:00,eduroam,17,122.359210729599,C2,0,1
2807,54:F0:B1:A1:58:01,PoliSemFio,24,122.359210729599,C2,0,1
2808,54:F0:B1:A1:58:02,,25,122.359210729599,C2,0,1
2809,54:F0:B1:A1:E2:91,eduroam,19,122.359210729599,C2,0,1
2810,54:F0:B1:A2:37:E0,eduroam,42,122.359210729599,C2,0,1
2811,54:F0:B1:A2:37:E1,PoliSemFio,37,122.359210729599,C2,0,1
2812,54:F0:B1:A2:4A:70,eduroam,34,122.359210729599,C2,0,1
2813,54:F0:B1:A2:4A:72,,32,122.359210729599,C2,0,1
2814,54:F0:B1:A2:56:60,eduroam,30,122.359210729599,C2,0,1
2815,54:F0:B1:A2:56:61,PoliSemFio,30,122.359210729599,C2,0,1
2816,54:F0:B1:A2:56:70,eduroam,39,122.359210729599,C2,0,1
2817,54:F0:B1:BB:5A:80,eduroam,45,122.359210729599,C2,0,1
2818,54:F0:B1:BB:5A:81,PoliSemFio,44,122.359210729599,C2,0,1
2819,54:F0:B1:BB:5A:82,HACKER,47,122.359210729599,C2,0,1
2820,54:F0:B1:BB:5A:83,LEP,47,122.359210729599,C2,0,1
2821,54:F0:B1:BB:5A:84,,45,122.359210729599,C2,0,1
2822,54:F0:B1:BB:5A:A0,eduroam,19,122.359210729599,C2,0,1
2823,54:F0:B1:BB:5A:A1,PoliSemFio,17,122.359210729599,C2,0,1
2824,54:F0:B1:BB:5A:A2,HACKER,15,122.359210729599,C2,0,1
2825,54:F0:B1:BB:5A:A3,LEP,14,122.359210729599,C2,0,1
2826,54:F0:B1:BB:5F:B1,PoliSemFio,14,122.359210729599,C2,0,1
2827,54:F0:B1:BB:73:40,eduroam,15,122.359210729599,C2,0,1
2828,54:F0:B1:BB:80:C0,eduroam,29,122.359210729599,C2,0,1
2829,54:F0:B1:BB:80:C1,PoliSemFio,37,122.359210729599,C2,0,1
2830,54:F0:B1:BB:80:C3,LABPROG,45,122.359210729599,C2,0,1
2831,54:F0:B1:BB:84:B0,eduroam,22,122.359210729599,C2,0,1
2832,54:F0:B1:BB:A7:80,eduroam,14,122.359210729599,C2,0,1
2833,54:F0:B1:BB:A7:81,PoliSemFio,17,122.359210729599,C2,0,1
2834,54:F0:B1:BB:A7:82,LME,15,122.359210729599,C2,0,1
2835,54:F0:B1:BB:BC:00,eduroam,29,122.359210729599,C2,0,1
2836,54:F0:B1:BB:BC:01,PoliSemFio,32,122.359210729599,C2,0,1
2837,54:F0:B1:BB:BC:02,,32,122.359210729599,C2,0,1
2838,54:F0:B1:BB:BC:20,eduroam,12,122.359210729599,C2,0,1
2839,54:F0:B1:BB:BC:21,PoliSemFio,12,122.359210729599,C2,0,1
2840,54:F0:B1:BB:BC:23,CAEEL,12,122.359210729599,C2,0,1
2841,54:F0:B1:BB:BE:10,eduroam,25,122.359210729599,C2,0,1
2842,54:F0:B1:BB:BE:30,eduroam,14,122.359210729599,C2,0,1
2843,54:F0:B1:BB:BE:33,CAEEL,12,122.359210729599,C2,0,1
2844,54:F0:B1:BB:C4:D0,eduroam,35,122.359210729599,C2,0,1
2845,54:F0:B1:BB:C4:F0,eduroam,45,122.359210729599,C2,0,1
2846,54:F0:B1:BB:C4:F1,PoliSemFio,45,122.359210729599,C2,0,1
2847,54:F0:B1:BB:FD:D0,eduroam,37,122.359210729599,C2,0,1
2848,54:F0:B1:BB:FD:D1,PoliSemFio,34,122.359210729599,C2,0,1
2849,54:F0:B1:BB:FD:D2,,34,122.359210729599,C2,0,1
2850,54:F0:B1:BC:09:40,eduroam,50,122.359210729599,C2,0,1
2851,54:F0:B1:BC:09:60,eduroam,22,122.359210729599,C2,0,1
2852,54:F0:B1:BC:09:61,PoliSemFio,22,122.359210729599,C2,0,1
2853,54:F0:B1:BC:1B:D0,eduroam,42,122.359210729599,C2,0,1
2854,54:F0:B1:BC:1B:D1,PoliSemFio,50,122.359210729599,C2,0,1
2855,54:F0:B1:BC:1B:D2,,49,122.359210729599,C2,0,1
2856,54:F0:B1:BC:1B:F0,eduroam,30,122.359210729599,C2,0,1
2857,54:F0:B1:BC:1B:F1,PoliSemFio,30,122.359210729599,C2,0,1
2858,54:F0:B1:BC:1B:F2,,30,122.359210729599,C2,0,1
2859,54:F0:B1:BC:27:40,eduroam,35,122.359210729599,C2,0,1
2860,54:F0:B1:BC:27:41,PoliSemFio,59,122.359210729599,C2,0,1
2861,54:F0:B1:BC:27:42,,59,122.359210729599,C2,0,1
2862,54:F0:B1:BC:27:60,eduroam,25,122.359210729599,C2,0,1
2863,54:F0:B1:BC:27:61,PoliSemFio,25,122.359210729599,C2,0,1
2864,54:F0:B1:BC:2E:90,eduroam,50,122.359210729599,C2,0,1
2865,54:F0:B1:BC:2E:91,PoliSemFio,54,122.359210729599,C2,0,1
2866,54:F0:B1:BC:2E:92,,55,122.359210729599,C2,0,1
2867,54:F0:B1:BC:2E:B0,eduroam,56,122.359210729599,C2,0,1
2868,54:F0:B1:BC:2E:B1,PoliSemFio,30,122.359210729599,C2,0,1
2869,54:F0:B1:BC:2F:50,eduroam,25,122.359210729599,C2,0,1
2870,54:F0:B1:BC:2F:52,,29,122.359210729599,C2,0,1
2871,54:F0:B1:BC:36:10,PoliSemFio,32,122.359210729599,C2,0,1
2872,54:F0:B1:BC:36:11,eduroam,29,122.359210729599,C2,0,1
2873,54:F0:B1:BC:36:12,,32,122.359210729599,C2,0,1
2874,54:F0:B1:BC:3F:10,eduroam,45,122.359210729599,C2,0,1
2875,54:F0:B1:BC:3F:32,,14,122.359210729599,C2,0,1
2876,54:F0:B1:BC:43:60,eduroam,24,122.359210729599,C2,0,1
2877,54:F0:B1:BC:70:01,PoliSemFio,44,122.359210729599,C2,0,1
2878,54:F0:B1:BC:77:80,eduroam,42,122.359210729599,C2,0,1
2879,54:F0:B1:BC:77:81,PoliSemFio,47,122.359210729599,C2,0,1
2880,54:F0:B1:BC:77:A0,eduroam,19,122.359210729599,C2,0,1
2881,54:F0:B1:BC:77:A1,PoliSemFio,15,122.359210729599,C2,0,1
2882,54:F0:B1:BC:7C:F2,,22,122.359210729599,C2,0,1
2883,68:FF:7B:47:78:BE,C1-22M,39,122.359210729599,C2,0,1
2884,70:3A:0E:09:2E:B0,eduroam,5,122.359210729599,C2,0,1
2885,70:3A:0E:09:2E:B1,FEAnet,9,122.359210729599,C2,0,1
2886,70:62:B8:6E:72:A0,PCS-wireless-C1-13,34,122.359210729599,C2,0,1
2887,70:62:B8:6E:72:A1,PPGEE,34,122.359210729599,C2,0,1
2888,84:D4:7E:06:4F:E0,eduroam,30,122.359210729599,C2,0,1
2889,AA:6B:AD:82:46:CC,DIRECT-cc-HP M132f LaserJet,22,122.359210729599,C2,0,1
2890,B8:62:1F:52:29:00,FEAJUNIOR,17,122.359210729599,C2,0,1
2891,DC:9F:DB:1B:1F:D7,LWN-3,19,122.359210729599,C2,0,1
2892,DC:9F:DB:1C:1F:D7,LWN-3,45,122.359210729599,C2,0,1
2893,DE:9F:DB:1B:1F:D7,LARC Guest,19,122.359210729599,C2,0,1
2894,DE:9F:DB:1C:1F:D7,LARC Guest,50,122.359210729599,C2,0,1
2895,EE:9F:DB:1B:1F:D7,,20,122.359210729599,C2,0,1
2896,EE:9F:DB:1C:1F:D7,,45,122.359210729599,C2,0,1
2897,F8:1A:67:99:55:8E,NUCLEAR_CHF,20,122.359210729599,C2,0,1
2898,FE:9F:DB:1C:1F:D7,,44,122.359210729599,C2,0,1
2899,00:14:BF:B4:9D:38,lme-wifi-ml,15,124.99108719825745,C2,0,1
2900,00:18:E7:FF:8C:98,dlink,25,124.99108719825745,C2,0,1
2901,00:21:91:70:9D:EC,LAB-DIDATICO,15,124.99108719825745,C2,0,1
2902,20:AA:4B:A7:19:74,LAA03,44,124.99108719825745,C2,0,1
2903,30:85:A9:69:F2:E4,PCS-Wireless-C2-22,49,124.99108719825745,C2,0,1
2904,30:85:A9:69:FB:0A,PCS-Wireless,12,124.99108719825745,C2,0,1
2905,34:60:F9:A3:D9:13,GASWIFI-5G_C2,15,124.99108719825745,C2,0,1
2906,34:60:F9:A3:D9:14,GASWIFI-2G_C2,42,124.99108719825745,C2,0,1
2907,34:60:F9:A3:E7:3F,GASWIFI_C4,25,124.99108719825745,C2,0,1
2908,34:CE:00:51:3E:6F,Lab,35,124.99108719825745,C2,0,1
2909,46:D2:44:04:08:05,DIRECT-44048805,24,124.99108719825745,C2,0,1
2910,54:B8:0A:AA:2C:8C,LAB_DIGITAL,34,124.99108719825745,C2,0,1
2911,54:B8:0A:AA:2C:8D,PCS-Wireless,30,124.99108719825745,C2,0,1
2912,54:F0:B1:A1:1A:43,CAEEL,9,124.99108719825745,C2,0,1
2913,54:F0:B1:A1:57:F2,,9,124.99108719825745,C2,0,1
2914,54:F0:B1:A1:58:00,eduroam,32,124.99108719825745,C2,0,1
2915,54:F0:B1:A1:58:01,PoliSemFio,24,124.99108719825745,C2,0,1
2916,54:F0:B1:A1:58:02,,25,124.99108719825745,C2,0,1
2917,54:F0:B1:A1:E2:91,eduroam,19,124.99108719825745,C2,0,1
2918,54:F0:B1:A1:E5:00,eduroam,15,124.99108719825745,C2,0,1
2919,54:F0:B1:A2:37:E0,eduroam,42,124.99108719825745,C2,0,1
2920,54:F0:B1:A2:37:E1,PoliSemFio,37,124.99108719825745,C2,0,1
2921,54:F0:B1:A2:4A:70,eduroam,30,124.99108719825745,C2,0,1
2922,54:F0:B1:A2:4A:72,,32,124.99108719825745,C2,0,1
2923,54:F0:B1:A2:56:60,eduroam,39,124.99108719825745,C2,0,1
2924,54:F0:B1:A2:56:61,PoliSemFio,39,124.99108719825745,C2,0,1
2925,54:F0:B1:A2:56:70,eduroam,39,124.99108719825745,C2,0,1
2926,54:F0:B1:BB:5A:80,eduroam,45,124.99108719825745,C2,0,1
2927,54:F0:B1:BB:5A:81,PoliSemFio,44,124.99108719825745,C2,0,1
2928,54:F0:B1:BB:5A:82,HACKER,35,124.99108719825745,C2,0,1
2929,54:F0:B1:BB:5A:83,LEP,47,124.99108719825745,C2,0,1
2930,54:F0:B1:BB:5A:84,,45,124.99108719825745,C2,0,1
2931,54:F0:B1:BB:5A:A0,eduroam,19,124.99108719825745,C2,0,1
2932,54:F0:B1:BB:5A:A1,PoliSemFio,22,124.99108719825745,C2,0,1
2933,54:F0:B1:BB:5A:A2,HACKER,20,124.99108719825745,C2,0,1
2934,54:F0:B1:BB:5A:A3,LEP,22,124.99108719825745,C2,0,1
2935,54:F0:B1:BB:5F:B0,eduroam,17,124.99108719825745,C2,0,1
2936,54:F0:B1:BB:5F:B1,PoliSemFio,14,124.99108719825745,C2,0,1
2937,54:F0:B1:BB:5F:B2,,17,124.99108719825745,C2,0,1
2938,54:F0:B1:BB:73:40,eduroam,15,124.99108719825745,C2,0,1
2939,54:F0:B1:BB:80:C0,eduroam,29,124.99108719825745,C2,0,1
2940,54:F0:B1:BB:80:C1,PoliSemFio,37,124.99108719825745,C2,0,1
2941,54:F0:B1:BB:80:C3,LABPROG,37,124.99108719825745,C2,0,1
2942,54:F0:B1:BB:84:B0,eduroam,22,124.99108719825745,C2,0,1
2943,54:F0:B1:BB:A7:80,eduroam,14,124.99108719825745,C2,0,1
2944,54:F0:B1:BB:A7:81,PoliSemFio,17,124.99108719825745,C2,0,1
2945,54:F0:B1:BB:A7:82,LME,15,124.99108719825745,C2,0,1
2946,54:F0:B1:BB:BC:00,eduroam,29,124.99108719825745,C2,0,1
2947,54:F0:B1:BB:BC:01,PoliSemFio,32,124.99108719825745,C2,0,1
2948,54:F0:B1:BB:BC:02,,32,124.99108719825745,C2,0,1
2949,54:F0:B1:BB:BC:20,eduroam,12,124.99108719825745,C2,0,1
2950,54:F0:B1:BB:BC:21,PoliSemFio,10,124.99108719825745,C2,0,1
2951,54:F0:B1:BB:BC:23,CAEEL,14,124.99108719825745,C2,0,1
2952,54:F0:B1:BB:BE:10,eduroam,25,124.99108719825745,C2,0,1
2953,54:F0:B1:BB:BE:11,PoliSemFio,27,124.99108719825745,C2,0,1
2954,54:F0:B1:BB:BE:12,,27,124.99108719825745,C2,0,1
2955,54:F0:B1:BB:BE:13,CAEEL,27,124.99108719825745,C2,0,1
2956,54:F0:B1:BB:BE:30,eduroam,12,124.99108719825745,C2,0,1
2957,54:F0:B1:BB:BE:31,PoliSemFio,14,124.99108719825745,C2,0,1
2958,54:F0:B1:BB:BE:33,CAEEL,12,124.99108719825745,C2,0,1
2959,54:F0:B1:BB:C4:D1,PoliSemFio,50,124.99108719825745,C2,0,1
2960,54:F0:B1:BB:C4:F0,eduroam,47,124.99108719825745,C2,0,1
2961,54:F0:B1:BB:C4:F1,PoliSemFio,47,124.99108719825745,C2,0,1
2962,54:F0:B1:BB:FD:D0,eduroam,9,124.99108719825745,C2,0,1
2963,54:F0:B1:BB:FD:D1,PoliSemFio,35,124.99108719825745,C2,0,1
2964,54:F0:B1:BB:FD:D2,,34,124.99108719825745,C2,0,1
2965,54:F0:B1:BC:09:40,eduroam,54,124.99108719825745,C2,0,1
2966,54:F0:B1:BC:09:42,,45,124.99108719825745,C2,0,1
2967,54:F0:B1:BC:09:60,eduroam,24,124.99108719825745,C2,0,1
2968,54:F0:B1:BC:09:61,PoliSemFio,22,124.99108719825745,C2,0,1
2969,54:F0:B1:BC:1B:D0,eduroam,65,124.99108719825745,C2,0,1
2970,54:F0:B1:BC:1B:D1,PoliSemFio,50,124.99108719825745,C2,0,1
2971,54:F0:B1:BC:1B:D2,,49,124.99108719825745,C2,0,1
2972,54:F0:B1:BC:1B:F0,eduroam,44,124.99108719825745,C2,0,1
2973,54:F0:B1:BC:1B:F1,PoliSemFio,44,124.99108719825745,C2,0,1
2974,54:F0:B1:BC:1B:F2,,30,124.99108719825745,C2,0,1
2975,54:F0:B1:BC:27:40,eduroam,60,124.99108719825745,C2,0,1
2976,54:F0:B1:BC:27:41,PoliSemFio,59,124.99108719825745,C2,0,1
2977,54:F0:B1:BC:27:42,,59,124.99108719825745,C2,0,1
2978,54:F0:B1:BC:27:60,eduroam,25,124.99108719825745,C2,0,1
2979,54:F0:B1:BC:27:61,PoliSemFio,25,124.99108719825745,C2,0,1
2980,54:F0:B1:BC:2E:90,eduroam,70,124.99108719825745,C2,0,1
2981,54:F0:B1:BC:2E:91,PoliSemFio,69,124.99108719825745,C2,0,1
2982,54:F0:B1:BC:2E:92,,72,124.99108719825745,C2,0,1
2983,54:F0:B1:BC:2E:B0,eduroam,52,124.99108719825745,C2,0,1
2984,54:F0:B1:BC:2E:B1,PoliSemFio,52,124.99108719825745,C2,0,1
2985,54:F0:B1:BC:2F:50,eduroam,24,124.99108719825745,C2,0,1
2986,54:F0:B1:BC:2F:52,,25,124.99108719825745,C2,0,1
2987,54:F0:B1:BC:36:10,PoliSemFio,32,124.99108719825745,C2,0,1
2988,54:F0:B1:BC:36:11,eduroam,29,124.99108719825745,C2,0,1
2989,54:F0:B1:BC:36:12,,32,124.99108719825745,C2,0,1
2990,54:F0:B1:BC:3F:10,eduroam,39,124.99108719825745,C2,0,1
2991,54:F0:B1:BC:3F:32,,14,124.99108719825745,C2,0,1
2992,54:F0:B1:BC:43:60,eduroam,24,124.99108719825745,C2,0,1
2993,54:F0:B1:BC:65:B0,eduroam,25,124.99108719825745,C2,0,1
2994,54:F0:B1:BC:70:01,PoliSemFio,44,124.99108719825745,C2,0,1
2995,54:F0:B1:BC:77:80,eduroam,44,124.99108719825745,C2,0,1
2996,54:F0:B1:BC:77:81,PoliSemFio,47,124.99108719825745,C2,0,1
2997,54:F0:B1:BC:77:A0,eduroam,20,124.99108719825745,C2,0,1
2998,54:F0:B1:BC:77:A1,PoliSemFio,20,124.99108719825745,C2,0,1
2999,54:F0:B1:BC:7C:F2,,22,124.99108719825745,C2,0,1
3000,56:60:F9:A3:E7:3F,,25,124.99108719825745,C2,0,1
3001,68:FF:7B:47:78:BE,C1-22M,39,124.99108719825745,C2,0,1
3002,70:3A:0E:09:2E:B0,eduroam,5,124.99108719825745,C2,0,1
3003,70:3A:0E:09:2E:B1,FEAnet,9,124.99108719825745,C2,0,1
3004,70:62:B8:6E:72:A0,PCS-wireless-C1-13,25,124.99108719825745,C2,0,1
3005,70:62:B8:6E:72:A1,PPGEE,24,124.99108719825745,C2,0,1
3006,84:D4:7E:9D:EE:C1,FEAnet,15,124.99108719825745,C2,0,1
3007,AA:6B:AD:82:46:CC,DIRECT-cc-HP M132f LaserJet,22,124.99108719825745,C2,0,1
3008,B8:62:1F:52:29:00,FEAJUNIOR,17,124.99108719825745,C2,0,1
3009,DC:9F:DB:1B:1F:D7,LWN-3,24,124.99108719825745,C2,0,1
3010,DC:9F:DB:1C:1F:D7,LWN-3,49,124.99108719825745,C2,0,1
3011,DE:9F:DB:1B:1F:D7,LARC Guest,22,124.99108719825745,C2,0,1
3012,DE:9F:DB:1C:1F:D7,LARC Guest,50,124.99108719825745,C2,0,1
3013,EE:9F:DB:1B:1F:D7,,22,124.99108719825745,C2,0,1
3014,EE:9F:DB:1C:1F:D7,,45,124.99108719825745,C2,0,1
3015,F8:1A:67:99:55:8E,NUCLEAR_CHF,20,124.99108719825745,C2,0,1
3016,FE:9F:DB:1C:1F:D7,,52,124.99108719825745,C2,0,1
3017,00:14:BF:B4:9D:38,lme-wifi-ml,15,131.2397322654724,C2,0,1
3018,00:18:E7:FF:8C:98,dlink,25,131.2397322654724,C2,0,1
3019,00:21:91:70:9D:EC,LAB-DIDATICO,15,131.2397322654724,C2,0,1
3020,20:AA:4B:A7:19:74,LAA03,44,131.2397322654724,C2,0,1
3021,30:85:A9:69:F2:E4,PCS-Wireless-C2-22,49,131.2397322654724,C2,0,1
3022,30:85:A9:69:FB:0A,PCS-Wireless,12,131.2397322654724,C2,0,1
3023,34:60:F9:A3:D9:13,GASWIFI-5G_C2,15,131.2397322654724,C2,0,1
3024,34:60:F9:A3:D9:14,GASWIFI-2G_C2,42,131.2397322654724,C2,0,1
3025,34:60:F9:A3:E7:3F,GASWIFI_C4,25,131.2397322654724,C2,0,1
3026,34:CE:00:51:3E:6F,Lab,35,131.2397322654724,C2,0,1
3027,46:D2:44:04:08:05,DIRECT-44048805,24,131.2397322654724,C2,0,1
3028,54:B8:0A:AA:2C:8C,LAB_DIGITAL,34,131.2397322654724,C2,0,1
3029,54:B8:0A:AA:2C:8D,PCS-Wireless,30,131.2397322654724,C2,0,1
3030,54:F0:B1:A1:1A:43,CAEEL,9,131.2397322654724,C2,0,1
3031,54:F0:B1:A1:57:F2,,9,131.2397322654724,C2,0,1
3032,54:F0:B1:A1:58:00,eduroam,32,131.2397322654724,C2,0,1
3033,54:F0:B1:A1:58:01,PoliSemFio,24,131.2397322654724,C2,0,1
3034,54:F0:B1:A1:58:02,,25,131.2397322654724,C2,0,1
3035,54:F0:B1:A1:E2:91,eduroam,19,131.2397322654724,C2,0,1
3036,54:F0:B1:A1:E5:00,eduroam,15,131.2397322654724,C2,0,1
3037,54:F0:B1:A2:37:E0,eduroam,42,131.2397322654724,C2,0,1
3038,54:F0:B1:A2:37:E1,PoliSemFio,37,131.2397322654724,C2,0,1
3039,54:F0:B1:A2:4A:70,eduroam,30,131.2397322654724,C2,0,1
3040,54:F0:B1:A2:4A:72,,32,131.2397322654724,C2,0,1
3041,54:F0:B1:A2:56:60,eduroam,39,131.2397322654724,C2,0,1
3042,54:F0:B1:A2:56:61,PoliSemFio,39,131.2397322654724,C2,0,1
3043,54:F0:B1:A2:56:70,eduroam,39,131.2397322654724,C2,0,1
3044,54:F0:B1:BB:5A:80,eduroam,45,131.2397322654724,C2,0,1
3045,54:F0:B1:BB:5A:81,PoliSemFio,44,131.2397322654724,C2,0,1
3046,54:F0:B1:BB:5A:82,HACKER,35,131.2397322654724,C2,0,1
3047,54:F0:B1:BB:5A:83,LEP,47,131.2397322654724,C2,0,1
3048,54:F0:B1:BB:5A:84,,45,131.2397322654724,C2,0,1
3049,54:F0:B1:BB:5A:A0,eduroam,19,131.2397322654724,C2,0,1
3050,54:F0:B1:BB:5A:A1,PoliSemFio,22,131.2397322654724,C2,0,1
3051,54:F0:B1:BB:5A:A2,HACKER,20,131.2397322654724,C2,0,1
3052,54:F0:B1:BB:5A:A3,LEP,22,131.2397322654724,C2,0,1
3053,54:F0:B1:BB:5F:B0,eduroam,17,131.2397322654724,C2,0,1
3054,54:F0:B1:BB:5F:B1,PoliSemFio,14,131.2397322654724,C2,0,1
3055,54:F0:B1:BB:5F:B2,,17,131.2397322654724,C2,0,1
3056,54:F0:B1:BB:73:40,eduroam,15,131.2397322654724,C2,0,1
3057,54:F0:B1:BB:80:C0,eduroam,29,131.2397322654724,C2,0,1
3058,54:F0:B1:BB:80:C1,PoliSemFio,37,131.2397322654724,C2,0,1
3059,54:F0:B1:BB:80:C3,LABPROG,37,131.2397322654724,C2,0,1
3060,54:F0:B1:BB:84:B0,eduroam,22,131.2397322654724,C2,0,1
3061,54:F0:B1:BB:A7:80,eduroam,14,131.2397322654724,C2,0,1
3062,54:F0:B1:BB:A7:81,PoliSemFio,17,131.2397322654724,C2,0,1
3063,54:F0:B1:BB:A7:82,LME,15,131.2397322654724,C2,0,1
3064,54:F0:B1:BB:BC:00,eduroam,29,131.2397322654724,C2,0,1
3065,54:F0:B1:BB:BC:01,PoliSemFio,32,131.2397322654724,C2,0,1
3066,54:F0:B1:BB:BC:02,,32,131.2397322654724,C2,0,1
3067,54:F0:B1:BB:BC:20,eduroam,12,131.2397322654724,C2,0,1
3068,54:F0:B1:BB:BC:21,PoliSemFio,10,131.2397322654724,C2,0,1
3069,54:F0:B1:BB:BC:23,CAEEL,14,131.2397322654724,C2,0,1
3070,54:F0:B1:BB:BE:10,eduroam,25,131.2397322654724,C2,0,1
3071,54:F0:B1:BB:BE:11,PoliSemFio,27,131.2397322654724,C2,0,1
3072,54:F0:B1:BB:BE:12,,27,131.2397322654724,C2,0,1
3073,54:F0:B1:BB:BE:13,CAEEL,27,131.2397322654724,C2,0,1
3074,54:F0:B1:BB:BE:30,eduroam,12,131.2397322654724,C2,0,1
3075,54:F0:B1:BB:BE:31,PoliSemFio,14,131.2397322654724,C2,0,1
3076,54:F0:B1:BB:BE:33,CAEEL,12,131.2397322654724,C2,0,1
3077,54:F0:B1:BB:C4:D1,PoliSemFio,50,131.2397322654724,C2,0,1
3078,54:F0:B1:BB:C4:F0,eduroam,47,131.2397322654724,C2,0,1
3079,54:F0:B1:BB:C4:F1,PoliSemFio,47,131.2397322654724,C2,0,1
3080,54:F0:B1:BB:FD:D0,eduroam,9,131.2397322654724,C2,0,1
3081,54:F0:B1:BB:FD:D1,PoliSemFio,35,131.2397322654724,C2,0,1
3082,54:F0:B1:BB:FD:D2,,34,131.2397322654724,C2,0,1
3083,54:F0:B1:BC:09:40,eduroam,54,131.2397322654724,C2,0,1
3084,54:F0:B1:BC:09:42,,45,131.2397322654724,C2,0,1
3085,54:F0:B1:BC:09:60,eduroam,24,131.2397322654724,C2,0,1
3086,54:F0:B1:BC:09:61,PoliSemFio,22,131.2397322654724,C2,0,1
3087,54:F0:B1:BC:1B:D0,eduroam,65,131.2397322654724,C2,0,1
3088,54:F0:B1:BC:1B:D1,PoliSemFio,50,131.2397322654724,C2,0,1
3089,54:F0:B1:BC:1B:D2,,49,131.2397322654724,C2,0,1
3090,54:F0:B1:BC:1B:F0,eduroam,44,131.2397322654724,C2,0,1
3091,54:F0:B1:BC:1B:F1,PoliSemFio,44,131.2397322654724,C2,0,1
3092,54:F0:B1:BC:1B:F2,,30,131.2397322654724,C2,0,1
3093,54:F0:B1:BC:27:40,eduroam,60,131.2397322654724,C2,0,1
3094,54:F0:B1:BC:27:41,PoliSemFio,59,131.2397322654724,C2,0,1
3095,54:F0:B1:BC:27:42,,59,131.2397322654724,C2,0,1
3096,54:F0:B1:BC:27:60,eduroam,25,131.2397322654724,C2,0,1
3097,54:F0:B1:BC:27:61,PoliSemFio,25,131.2397322654724,C2,0,1
3098,54:F0:B1:BC:2E:90,eduroam,70,131.2397322654724,C2,0,1
3099,54:F0:B1:BC:2E:91,PoliSemFio,69,131.2397322654724,C2,0,1
3100,54:F0:B1:BC:2E:92,,72,131.2397322654724,C2,0,1
3101,54:F0:B1:BC:2E:B0,eduroam,57,131.2397322654724,C2,0,1
3102,54:F0:B1:BC:2E:B1,PoliSemFio,52,131.2397322654724,C2,0,1
3103,54:F0:B1:BC:2F:50,eduroam,24,131.2397322654724,C2,0,1
3104,54:F0:B1:BC:2F:52,,25,131.2397322654724,C2,0,1
3105,54:F0:B1:BC:36:10,PoliSemFio,32,131.2397322654724,C2,0,1
3106,54:F0:B1:BC:36:11,eduroam,29,131.2397322654724,C2,0,1
3107,54:F0:B1:BC:36:12,,32,131.2397322654724,C2,0,1
3108,54:F0:B1:BC:3F:10,eduroam,39,131.2397322654724,C2,0,1
3109,54:F0:B1:BC:3F:32,,14,131.2397322654724,C2,0,1
3110,54:F0:B1:BC:43:60,eduroam,24,131.2397322654724,C2,0,1
3111,54:F0:B1:BC:65:B0,eduroam,25,131.2397322654724,C2,0,1
3112,54:F0:B1:BC:70:01,PoliSemFio,44,131.2397322654724,C2,0,1
3113,54:F0:B1:BC:77:80,eduroam,44,131.2397322654724,C2,0,1
3114,54:F0:B1:BC:77:81,PoliSemFio,47,131.2397322654724,C2,0,1
3115,54:F0:B1:BC:77:A0,eduroam,20,131.2397322654724,C2,0,1
3116,54:F0:B1:BC:77:A1,PoliSemFio,20,131.2397322654724,C2,0,1
3117,54:F0:B1:BC:7C:F2,,22,131.2397322654724,C2,0,1
3118,56:60:F9:A3:E7:3F,,25,131.2397322654724,C2,0,1
3119,68:FF:7B:47:78:BE,C1-22M,39,131.2397322654724,C2,0,1
3120,70:3A:0E:09:2E:B0,eduroam,5,131.2397322654724,C2,0,1
3121,70:3A:0E:09:2E:B1,FEAnet,9,131.2397322654724,C2,0,1
3122,70:62:B8:6E:72:A0,PCS-wireless-C1-13,25,131.2397322654724,C2,0,1
3123,70:62:B8:6E:72:A1,PPGEE,24,131.2397322654724,C2,0,1
3124,84:D4:7E:9D:EE:C1,FEAnet,15,131.2397322654724,C2,0,1
3125,AA:6B:AD:82:46:CC,DIRECT-cc-HP M132f LaserJet,22,131.2397322654724,C2,0,1
3126,B8:62:1F:52:29:00,FEAJUNIOR,17,131.2397322654724,C2,0,1
3127,DC:9F:DB:1B:1F:D7,LWN-3,24,131.2397322654724,C2,0,1
3128,DC:9F:DB:1C:1F:D7,LWN-3,49,131.2397322654724,C2,0,1
3129,DE:9F:DB:1B:1F:D7,LARC Guest,22,131.2397322654724,C2,0,1
3130,DE:9F:DB:1C:1F:D7,LARC Guest,50,131.2397322654724,C2,0,1
3131,EE:9F:DB:1B:1F:D7,,22,131.2397322654724,C2,0,1
3132,EE:9F:DB:1C:1F:D7,,45,131.2397322654724,C2,0,1
3133,F8:1A:67:99:55:8E,NUCLEAR_CHF,20,131.2397322654724,C2,0,1
3134,FE:9F:DB:1C:1F:D7,,52,131.2397322654724,C2,0,1
3135,00:14:BF:B4:9D:38,lme-wifi-ml,15,133.87959814071655,C2,0,1
3136,00:18:E7:FF:8C:98,dlink,25,133.87959814071655,C2,0,1
3137,00:21:91:70:9D:EC,LAB-DIDATICO,17,133.87959814071655,C2,0,1
3138,20:AA:4B:A7:19:74,LAA03,19,133.87959814071655,C2,0,1
3139,30:85:A9:69:F2:E4,PCS-Wireless-C2-22,35,133.87959814071655,C2,0,1
3140,30:85:A9:69:FB:0A,PCS-Wireless,12,133.87959814071655,C2,0,1
3141,34:60:F9:A3:D9:13,GASWIFI-5G_C2,15,133.87959814071655,C2,0,1
3142,34:60:F9:A3:D9:14,GASWIFI-2G_C2,27,133.87959814071655,C2,0,1
3143,34:60:F9:A3:E7:3F,GASWIFI_C4,25,133.87959814071655,C2,0,1
3144,34:CE:00:51:3E:6F,Lab,25,133.87959814071655,C2,0,1
3145,46:D2:44:04:08:05,DIRECT-44048805,24,133.87959814071655,C2,0,1
3146,54:B8:0A:AA:2C:8C,LAB_DIGITAL,24,133.87959814071655,C2,0,1
3147,54:F0:B1:A1:1A:43,CAEEL,9,133.87959814071655,C2,0,1
3148,54:F0:B1:A1:57:F2,,9,133.87959814071655,C2,0,1
3149,54:F0:B1:A1:58:00,eduroam,27,133.87959814071655,C2,0,1
3150,54:F0:B1:A1:58:01,PoliSemFio,24,133.87959814071655,C2,0,1
3151,54:F0:B1:A1:58:02,,24,133.87959814071655,C2,0,1
3152,54:F0:B1:A1:E5:00,eduroam,15,133.87959814071655,C2,0,1
3153,54:F0:B1:A2:37:E0,eduroam,24,133.87959814071655,C2,0,1
3154,54:F0:B1:A2:4A:70,eduroam,30,133.87959814071655,C2,0,1
3155,54:F0:B1:A2:4A:72,,32,133.87959814071655,C2,0,1
3156,54:F0:B1:A2:56:60,eduroam,39,133.87959814071655,C2,0,1
3157,54:F0:B1:A2:56:61,PoliSemFio,29,133.87959814071655,C2,0,1
3158,54:F0:B1:A2:56:70,eduroam,32,133.87959814071655,C2,0,1
3159,54:F0:B1:BB:5A:80,eduroam,44,133.87959814071655,C2,0,1
3160,54:F0:B1:BB:5A:81,PoliSemFio,44,133.87959814071655,C2,0,1
3161,54:F0:B1:BB:5A:82,HACKER,44,133.87959814071655,C2,0,1
3162,54:F0:B1:BB:5A:83,LEP,44,133.87959814071655,C2,0,1
3163,54:F0:B1:BB:5A:84,,45,133.87959814071655,C2,0,1
3164,54:F0:B1:BB:5A:A0,eduroam,19,133.87959814071655,C2,0,1
3165,54:F0:B1:BB:5A:A1,PoliSemFio,22,133.87959814071655,C2,0,1
3166,54:F0:B1:BB:5A:A2,HACKER,20,133.87959814071655,C2,0,1
3167,54:F0:B1:BB:5A:A3,LEP,15,133.87959814071655,C2,0,1
3168,54:F0:B1:BB:5F:B0,eduroam,17,133.87959814071655,C2,0,1
3169,54:F0:B1:BB:5F:B1,PoliSemFio,12,133.87959814071655,C2,0,1
3170,54:F0:B1:BB:5F:B2,,17,133.87959814071655,C2,0,1
3171,54:F0:B1:BB:73:40,eduroam,15,133.87959814071655,C2,0,1
3172,54:F0:B1:BB:80:C0,eduroam,29,133.87959814071655,C2,0,1
3173,54:F0:B1:BB:80:C2,,27,133.87959814071655,C2,0,1
3174,54:F0:B1:BB:80:C3,LABPROG,37,133.87959814071655,C2,0,1
3175,54:F0:B1:BB:BC:20,eduroam,12,133.87959814071655,C2,0,1
3176,54:F0:B1:BB:BC:21,PoliSemFio,10,133.87959814071655,C2,0,1
3177,54:F0:B1:BB:BC:23,CAEEL,14,133.87959814071655,C2,0,1
3178,54:F0:B1:BB:BE:10,eduroam,25,133.87959814071655,C2,0,1
3179,54:F0:B1:BB:BE:11,PoliSemFio,27,133.87959814071655,C2,0,1
3180,54:F0:B1:BB:BE:12,,27,133.87959814071655,C2,0,1
3181,54:F0:B1:BB:BE:13,CAEEL,27,133.87959814071655,C2,0,1
3182,54:F0:B1:BB:BE:30,eduroam,12,133.87959814071655,C2,0,1
3183,54:F0:B1:BB:BE:31,PoliSemFio,14,133.87959814071655,C2,0,1
3184,54:F0:B1:BB:BE:33,CAEEL,12,133.87959814071655,C2,0,1
3185,54:F0:B1:BB:C4:D1,PoliSemFio,50,133.87959814071655,C2,0,1
3186,54:F0:B1:BB:C4:F0,eduroam,47,133.87959814071655,C2,0,1
3187,54:F0:B1:BB:C4:F1,PoliSemFio,47,133.87959814071655,C2,0,1
3188,54:F0:B1:BB:FD:D0,eduroam,35,133.87959814071655,C2,0,1
3189,54:F0:B1:BB:FD:D1,PoliSemFio,29,133.87959814071655,C2,0,1
3190,54:F0:B1:BB:FD:D2,,30,133.87959814071655,C2,0,1
3191,54:F0:B1:BC:09:40,eduroam,39,133.87959814071655,C2,0,1
3192,54:F0:B1:BC:09:42,,45,133.87959814071655,C2,0,1
3193,54:F0:B1:BC:09:60,eduroam,24,133.87959814071655,C2,0,1
3194,54:F0:B1:BC:09:61,PoliSemFio,24,133.87959814071655,C2,0,1
3195,54:F0:B1:BC:1B:D0,eduroam,45,133.87959814071655,C2,0,1
3196,54:F0:B1:BC:1B:D1,PoliSemFio,47,133.87959814071655,C2,0,1
3197,54:F0:B1:BC:1B:D2,,47,133.87959814071655,C2,0,1
3198,54:F0:B1:BC:1B:F0,eduroam,22,133.87959814071655,C2,0,1
3199,54:F0:B1:BC:1B:F1,PoliSemFio,24,133.87959814071655,C2,0,1
3200,54:F0:B1:BC:1B:F2,,30,133.87959814071655,C2,0,1
3201,54:F0:B1:BC:27:40,eduroam,39,133.87959814071655,C2,0,1
3202,54:F0:B1:BC:27:60,eduroam,27,133.87959814071655,C2,0,1
3203,54:F0:B1:BC:27:61,PoliSemFio,27,133.87959814071655,C2,0,1
3204,54:F0:B1:BC:2E:90,eduroam,59,133.87959814071655,C2,0,1
3205,54:F0:B1:BC:2E:91,PoliSemFio,55,133.87959814071655,C2,0,1
3206,54:F0:B1:BC:2E:92,,55,133.87959814071655,C2,0,1
3207,54:F0:B1:BC:2E:B0,eduroam,35,133.87959814071655,C2,0,1
3208,54:F0:B1:BC:2E:B1,PoliSemFio,27,133.87959814071655,C2,0,1
3209,54:F0:B1:BC:2F:50,eduroam,24,133.87959814071655,C2,0,1
3210,54:F0:B1:BC:2F:52,,25,133.87959814071655,C2,0,1
3211,54:F0:B1:BC:36:10,PoliSemFio,32,133.87959814071655,C2,0,1
3212,54:F0:B1:BC:36:11,eduroam,29,133.87959814071655,C2,0,1
3213,54:F0:B1:BC:36:12,,32,133.87959814071655,C2,0,1
3214,54:F0:B1:BC:3F:10,eduroam,39,133.87959814071655,C2,0,1
3215,54:F0:B1:BC:3F:32,,14,133.87959814071655,C2,0,1
3216,54:F0:B1:BC:43:60,eduroam,24,133.87959814071655,C2,0,1
3217,54:F0:B1:BC:65:B0,eduroam,15,133.87959814071655,C2,0,1
3218,54:F0:B1:BC:70:01,PoliSemFio,44,133.87959814071655,C2,0,1
3219,54:F0:B1:BC:77:80,eduroam,37,133.87959814071655,C2,0,1
3220,54:F0:B1:BC:77:A0,eduroam,12,133.87959814071655,C2,0,1
3221,54:F0:B1:BC:77:A1,PoliSemFio,14,133.87959814071655,C2,0,1
3222,54:F0:B1:BC:7C:F2,,22,133.87959814071655,C2,0,1
3223,56:60:F9:A3:E7:3F,,25,133.87959814071655,C2,0,1
3224,68:FF:7B:47:78:BE,C1-22M,39,133.87959814071655,C2,0,1
3225,70:3A:0E:09:2E:B0,eduroam,5,133.87959814071655,C2,0,1
3226,70:3A:0E:09:2E:B1,FEAnet,9,133.87959814071655,C2,0,1
3227,70:62:B8:6E:72:A0,PCS-wireless-C1-13,30,133.87959814071655,C2,0,1
3228,70:62:B8:6E:72:A1,PPGEE,32,133.87959814071655,C2,0,1
3229,84:D4:7E:06:4F:E0,eduroam,37,133.87959814071655,C2,0,1
3230,84:D4:7E:9D:EE:C1,FEAnet,15,133.87959814071655,C2,0,1
3231,AA:6B:AD:82:46:CC,DIRECT-cc-HP M132f LaserJet,22,133.87959814071655,C2,0,1
3232,DC:9F:DB:1B:1F:D7,LWN-3,19,133.87959814071655,C2,0,1
3233,DC:9F:DB:1C:1F:D7,LWN-3,54,133.87959814071655,C2,0,1
3234,DE:9F:DB:1B:1F:D7,LARC Guest,20,133.87959814071655,C2,0,1
3235,DE:9F:DB:1C:1F:D7,LARC Guest,55,133.87959814071655,C2,0,1
3236,EE:9F:DB:1B:1F:D7,,20,133.87959814071655,C2,0,1
3237,EE:9F:DB:1C:1F:D7,,45,133.87959814071655,C2,0,1
3238,F8:1A:67:99:55:8E,NUCLEAR_CHF,20,133.87959814071655,C2,0,1
3239,FE:9F:DB:1C:1F:D7,,54,133.87959814071655,C2,0,1
3240,00:14:BF:B4:9D:38,lme-wifi-ml,15,143.79738235473633,C2,0,1
3241,00:21:91:70:9D:EC,LAB-DIDATICO,17,143.79738235473633,C2,0,1
3242,1C:5F:2B:FF:9B:B4,LSA,30,143.79738235473633,C2,0,1
3243,20:AA:4B:A7:19:74,LAA03,44,143.79738235473633,C2,0,1
3244,2A:56:5A:49:06:54,DIRECT-54-HP M132f LaserJet,19,143.79738235473633,C2,0,1
3245,30:85:A9:69:F2:E4,PCS-Wireless-C2-22,35,143.79738235473633,C2,0,1
3246,30:85:A9:69:FB:0A,PCS-Wireless,22,143.79738235473633,C2,0,1
3247,34:60:F9:A3:D9:13,GASWIFI-5G_C2,15,143.79738235473633,C2,0,1
3248,34:60:F9:A3:D9:14,GASWIFI-2G_C2,44,143.79738235473633,C2,0,1
3249,34:60:F9:A3:E7:3F,GASWIFI_C4,25,143.79738235473633,C2,0,1
3250,34:60:F9:A3:E8:73,GASWIFI_C3,25,143.79738235473633,C2,0,1
3251,34:CE:00:51:3E:6F,Lab,27,143.79738235473633,C2,0,1
3252,46:D2:44:04:08:05,DIRECT-44048805,22,143.79738235473633,C2,0,1
3253,54:B8:0A:AA:2C:8C,LAB_DIGITAL,29,143.79738235473633,C2,0,1
3254,54:F0:B1:A1:1A:43,CAEEL,9,143.79738235473633,C2,0,1
3255,54:F0:B1:A1:57:F2,,9,143.79738235473633,C2,0,1
3256,54:F0:B1:A1:58:00,eduroam,27,143.79738235473633,C2,0,1
3257,54:F0:B1:A1:58:01,PoliSemFio,24,143.79738235473633,C2,0,1
3258,54:F0:B1:A1:58:02,,24,143.79738235473633,C2,0,1
3259,54:F0:B1:A1:E2:90,CEE,19,143.79738235473633,C2,0,1
3260,54:F0:B1:A1:E5:00,eduroam,12,143.79738235473633,C2,0,1
3261,54:F0:B1:A2:37:E0,eduroam,40,143.79738235473633,C2,0,1
3262,54:F0:B1:A2:4A:70,eduroam,32,143.79738235473633,C2,0,1
3263,54:F0:B1:A2:4A:72,,34,143.79738235473633,C2,0,1
3264,54:F0:B1:A2:56:60,eduroam,39,143.79738235473633,C2,0,1
3265,54:F0:B1:A2:56:61,PoliSemFio,40,143.79738235473633,C2,0,1
3266,54:F0:B1:A2:56:70,eduroam,44,143.79738235473633,C2,0,1
3267,54:F0:B1:BB:5A:80,eduroam,44,143.79738235473633,C2,0,1
3268,54:F0:B1:BB:5A:81,PoliSemFio,44,143.79738235473633,C2,0,1
3269,54:F0:B1:BB:5A:82,HACKER,44,143.79738235473633,C2,0,1
3270,54:F0:B1:BB:5A:83,LEP,44,143.79738235473633,C2,0,1
3271,54:F0:B1:BB:5A:84,,45,143.79738235473633,C2,0,1
3272,54:F0:B1:BB:5A:A0,eduroam,19,143.79738235473633,C2,0,1
3273,54:F0:B1:BB:5A:A1,PoliSemFio,17,143.79738235473633,C2,0,1
3274,54:F0:B1:BB:5A:A2,HACKER,17,143.79738235473633,C2,0,1
3275,54:F0:B1:BB:5A:A3,LEP,19,143.79738235473633,C2,0,1
3276,54:F0:B1:BB:5F:B0,eduroam,17,143.79738235473633,C2,0,1
3277,54:F0:B1:BB:5F:B1,PoliSemFio,12,143.79738235473633,C2,0,1
3278,54:F0:B1:BB:5F:B2,,17,143.79738235473633,C2,0,1
3279,54:F0:B1:BB:73:40,eduroam,15,143.79738235473633,C2,0,1
3280,54:F0:B1:BB:80:C0,eduroam,42,143.79738235473633,C2,0,1
3281,54:F0:B1:BB:80:C2,,27,143.79738235473633,C2,0,1
3282,54:F0:B1:BB:80:C3,LABPROG,37,143.79738235473633,C2,0,1
3283,54:F0:B1:BB:A7:82,LME,15,143.79738235473633,C2,0,1
3284,54:F0:B1:BB:BC:20,eduroam,12,143.79738235473633,C2,0,1
3285,54:F0:B1:BB:BC:21,PoliSemFio,9,143.79738235473633,C2,0,1
3286,54:F0:B1:BB:BC:22,,10,143.79738235473633,C2,0,1
3287,54:F0:B1:BB:BC:23,CAEEL,12,143.79738235473633,C2,0,1
3288,54:F0:B1:BB:BE:10,eduroam,25,143.79738235473633,C2,0,1
3289,54:F0:B1:BB:BE:11,PoliSemFio,27,143.79738235473633,C2,0,1
3290,54:F0:B1:BB:BE:12,,27,143.79738235473633,C2,0,1
3291,54:F0:B1:BB:BE:13,CAEEL,27,143.79738235473633,C2,0,1
3292,54:F0:B1:BB:BE:30,eduroam,12,143.79738235473633,C2,0,1
3293,54:F0:B1:BB:BE:31,PoliSemFio,14,143.79738235473633,C2,0,1
3294,54:F0:B1:BB:BE:33,CAEEL,10,143.79738235473633,C2,0,1
3295,54:F0:B1:BB:C4:D1,PoliSemFio,50,143.79738235473633,C2,0,1
3296,54:F0:B1:BB:C4:F0,eduroam,47,143.79738235473633,C2,0,1
3297,54:F0:B1:BB:C4:F1,PoliSemFio,47,143.79738235473633,C2,0,1
3298,54:F0:B1:BB:FD:D0,eduroam,37,143.79738235473633,C2,0,1
3299,54:F0:B1:BB:FD:D1,PoliSemFio,34,143.79738235473633,C2,0,1
3300,54:F0:B1:BB:FD:D2,,34,143.79738235473633,C2,0,1
3301,54:F0:B1:BC:09:40,eduroam,49,143.79738235473633,C2,0,1
3302,54:F0:B1:BC:09:42,,45,143.79738235473633,C2,0,1
3303,54:F0:B1:BC:09:60,eduroam,24,143.79738235473633,C2,0,1
3304,54:F0:B1:BC:09:61,PoliSemFio,24,143.79738235473633,C2,0,1
3305,54:F0:B1:BC:1B:D0,eduroam,45,143.79738235473633,C2,0,1
3306,54:F0:B1:BC:1B:D1,PoliSemFio,62,143.79738235473633,C2,0,1
3307,54:F0:B1:BC:1B:D2,,62,143.79738235473633,C2,0,1
3308,54:F0:B1:BC:1B:F0,eduroam,44,143.79738235473633,C2,0,1
3309,54:F0:B1:BC:1B:F1,PoliSemFio,44,143.79738235473633,C2,0,1
3310,54:F0:B1:BC:27:40,eduroam,57,143.79738235473633,C2,0,1
3311,54:F0:B1:BC:27:41,PoliSemFio,59,143.79738235473633,C2,0,1
3312,54:F0:B1:BC:27:42,,59,143.79738235473633,C2,0,1
3313,54:F0:B1:BC:27:60,eduroam,29,143.79738235473633,C2,0,1
3314,54:F0:B1:BC:27:61,PoliSemFio,29,143.79738235473633,C2,0,1
3315,54:F0:B1:BC:2E:90,eduroam,77,143.79738235473633,C2,0,1
3316,54:F0:B1:BC:2E:91,PoliSemFio,55,143.79738235473633,C2,0,1
3317,54:F0:B1:BC:2E:92,,55,143.79738235473633,C2,0,1
3318,54:F0:B1:BC:2E:B0,eduroam,52,143.79738235473633,C2,0,1
3319,54:F0:B1:BC:2E:B1,PoliSemFio,52,143.79738235473633,C2,0,1
3320,54:F0:B1:BC:2F:50,eduroam,24,143.79738235473633,C2,0,1
3321,54:F0:B1:BC:2F:52,,25,143.79738235473633,C2,0,1
3322,54:F0:B1:BC:36:10,PoliSemFio,32,143.79738235473633,C2,0,1
3323,54:F0:B1:BC:36:11,eduroam,29,143.79738235473633,C2,0,1
3324,54:F0:B1:BC:36:12,,32,143.79738235473633,C2,0,1
3325,54:F0:B1:BC:3F:10,eduroam,39,143.79738235473633,C2,0,1
3326,54:F0:B1:BC:43:60,eduroam,24,143.79738235473633,C2,0,1
3327,54:F0:B1:BC:65:B0,eduroam,32,143.79738235473633,C2,0,1
3328,54:F0:B1:BC:70:01,PoliSemFio,44,143.79738235473633,C2,0,1
3329,54:F0:B1:BC:77:80,eduroam,37,143.79738235473633,C2,0,1
3330,54:F0:B1:BC:77:A0,eduroam,12,143.79738235473633,C2,0,1
3331,54:F0:B1:BC:77:A1,PoliSemFio,14,143.79738235473633,C2,0,1
3332,54:F0:B1:BC:7C:F2,,22,143.79738235473633,C2,0,1
3333,56:60:F9:A3:E7:3F,,25,143.79738235473633,C2,0,1
3334,68:FF:7B:47:78:BE,C1-22M,30,143.79738235473633,C2,0,1
3335,6C:72:20:75:38:65,ASV-C262,34,143.79738235473633,C2,0,1
3336,70:3A:0E:09:2E:B0,eduroam,5,143.79738235473633,C2,0,1
3337,70:3A:0E:09:2E:B1,FEAnet,9,143.79738235473633,C2,0,1
3338,70:62:B8:6E:72:A0,PCS-wireless-C1-13,25,143.79738235473633,C2,0,1
3339,70:62:B8:6E:72:A1,PPGEE,24,143.79738235473633,C2,0,1
3340,84:D4:7E:06:4F:E0,eduroam,37,143.79738235473633,C2,0,1
3341,84:D4:7E:9D:EE:C0,eduroam,15,143.79738235473633,C2,0,1
3342,84:D4:7E:9D:EE:C1,FEAnet,15,143.79738235473633,C2,0,1
3343,AA:6B:AD:82:46:CC,DIRECT-cc-HP M132f LaserJet,22,143.79738235473633,C2,0,1
3344,DC:9F:DB:1B:1F:D7,LWN-3,29,143.79738235473633,C2,0,1
3345,DC:9F:DB:1C:1F:D7,LWN-3,54,143.79738235473633,C2,0,1
3346,DE:9F:DB:1B:1F:D7,LARC Guest,29,143.79738235473633,C2,0,1
3347,DE:9F:DB:1C:1F:D7,LARC Guest,55,143.79738235473633,C2,0,1
3348,DE:9F:DB:1C:1F:E0,LARC Guest,20,143.79738235473633,C2,0,1
3349,EE:9F:DB:1B:1F:D7,,29,143.79738235473633,C2,0,1
3350,EE:9F:DB:1C:1F:D7,,45,143.79738235473633,C2,0,1
3351,F8:1A:67:99:55:8E,NUCLEAR_CHF,20,143.79738235473633,C2,0,1
3352,FE:9F:DB:1C:1F:D7,,54,143.79738235473633,C2,0,1
3353,00:14:BF:B4:9D:38,lme-wifi-ml,15,146.42953491210938,C2,0,1
3354,00:21:91:70:9D:EC,LAB-DIDATICO,17,146.42953491210938,C2,0,1
3355,1C:5F:2B:FF:9B:B4,LSA,30,146.42953491210938,C2,0,1
3356,20:AA:4B:A7:19:74,LAA03,44,146.42953491210938,C2,0,1
3357,2A:56:5A:49:06:54,DIRECT-54-HP M132f LaserJet,19,146.42953491210938,C2,0,1
3358,30:85:A9:69:F2:E4,PCS-Wireless-C2-22,35,146.42953491210938,C2,0,1
3359,30:85:A9:69:FB:0A,PCS-Wireless,22,146.42953491210938,C2,0,1
3360,34:60:F9:A3:D9:13,GASWIFI-5G_C2,15,146.42953491210938,C2,0,1
3361,34:60:F9:A3:D9:14,GASWIFI-2G_C2,44,146.42953491210938,C2,0,1
3362,34:60:F9:A3:E7:3F,GASWIFI_C4,25,146.42953491210938,C2,0,1
3363,34:60:F9:A3:E8:73,GASWIFI_C3,25,146.42953491210938,C2,0,1
3364,34:CE:00:51:3E:6F,Lab,27,146.42953491210938,C2,0,1
3365,46:D2:44:04:08:05,DIRECT-44048805,22,146.42953491210938,C2,0,1
3366,54:B8:0A:AA:2C:8C,LAB_DIGITAL,29,146.42953491210938,C2,0,1
3367,54:F0:B1:A1:1A:43,CAEEL,9,146.42953491210938,C2,0,1
3368,54:F0:B1:A1:57:F2,,9,146.42953491210938,C2,0,1
3369,54:F0:B1:A1:58:00,eduroam,27,146.42953491210938,C2,0,1
3370,54:F0:B1:A1:58:01,PoliSemFio,24,146.42953491210938,C2,0,1
3371,54:F0:B1:A1:58:02,,24,146.42953491210938,C2,0,1
3372,54:F0:B1:A1:E2:90,CEE,19,146.42953491210938,C2,0,1
3373,54:F0:B1:A1:E5:00,eduroam,12,146.42953491210938,C2,0,1
3374,54:F0:B1:A2:37:E0,eduroam,40,146.42953491210938,C2,0,1
3375,54:F0:B1:A2:4A:70,eduroam,32,146.42953491210938,C2,0,1
3376,54:F0:B1:A2:4A:72,,34,146.42953491210938,C2,0,1
3377,54:F0:B1:A2:56:60,eduroam,39,146.42953491210938,C2,0,1
3378,54:F0:B1:A2:56:61,PoliSemFio,40,146.42953491210938,C2,0,1
3379,54:F0:B1:A2:56:70,eduroam,44,146.42953491210938,C2,0,1
3380,54:F0:B1:BB:5A:80,eduroam,44,146.42953491210938,C2,0,1
3381,54:F0:B1:BB:5A:81,PoliSemFio,44,146.42953491210938,C2,0,1
3382,54:F0:B1:BB:5A:82,HACKER,44,146.42953491210938,C2,0,1
3383,54:F0:B1:BB:5A:83,LEP,44,146.42953491210938,C2,0,1
3384,54:F0:B1:BB:5A:84,,45,146.42953491210938,C2,0,1
3385,54:F0:B1:BB:5A:A0,eduroam,19,146.42953491210938,C2,0,1
3386,54:F0:B1:BB:5A:A1,PoliSemFio,17,146.42953491210938,C2,0,1
3387,54:F0:B1:BB:5A:A2,HACKER,17,146.42953491210938,C2,0,1
3388,54:F0:B1:BB:5A:A3,LEP,19,146.42953491210938,C2,0,1
3389,54:F0:B1:BB:5F:B0,eduroam,17,146.42953491210938,C2,0,1
3390,54:F0:B1:BB:5F:B1,PoliSemFio,12,146.42953491210938,C2,0,1
3391,54:F0:B1:BB:5F:B2,,17,146.42953491210938,C2,0,1
3392,54:F0:B1:BB:73:40,eduroam,15,146.42953491210938,C2,0,1
3393,54:F0:B1:BB:80:C0,eduroam,42,146.42953491210938,C2,0,1
3394,54:F0:B1:BB:80:C2,,27,146.42953491210938,C2,0,1
3395,54:F0:B1:BB:80:C3,LABPROG,37,146.42953491210938,C2,0,1
3396,54:F0:B1:BB:A7:82,LME,15,146.42953491210938,C2,0,1
3397,54:F0:B1:BB:BC:20,eduroam,12,146.42953491210938,C2,0,1
3398,54:F0:B1:BB:BC:21,PoliSemFio,9,146.42953491210938,C2,0,1
3399,54:F0:B1:BB:BC:22,,10,146.42953491210938,C2,0,1
3400,54:F0:B1:BB:BC:23,CAEEL,12,146.42953491210938,C2,0,1
3401,54:F0:B1:BB:BE:10,eduroam,25,146.42953491210938,C2,0,1
3402,54:F0:B1:BB:BE:11,PoliSemFio,27,146.42953491210938,C2,0,1
3403,54:F0:B1:BB:BE:12,,27,146.42953491210938,C2,0,1
3404,54:F0:B1:BB:BE:13,CAEEL,27,146.42953491210938,C2,0,1
3405,54:F0:B1:BB:BE:30,eduroam,12,146.42953491210938,C2,0,1
3406,54:F0:B1:BB:BE:31,PoliSemFio,14,146.42953491210938,C2,0,1
3407,54:F0:B1:BB:BE:33,CAEEL,10,146.42953491210938,C2,0,1
3408,54:F0:B1:BB:C4:D1,PoliSemFio,50,146.42953491210938,C2,0,1
3409,54:F0:B1:BB:C4:F0,eduroam,47,146.42953491210938,C2,0,1
3410,54:F0:B1:BB:C4:F1,PoliSemFio,47,146.42953491210938,C2,0,1
3411,54:F0:B1:BB:FD:D0,eduroam,37,146.42953491210938,C2,0,1
3412,54:F0:B1:BB:FD:D1,PoliSemFio,34,146.42953491210938,C2,0,1
3413,54:F0:B1:BB:FD:D2,,34,146.42953491210938,C2,0,1
3414,54:F0:B1:BC:09:40,eduroam,49,146.42953491210938,C2,0,1
3415,54:F0:B1:BC:09:42,,45,146.42953491210938,C2,0,1
3416,54:F0:B1:BC:09:60,eduroam,24,146.42953491210938,C2,0,1
3417,54:F0:B1:BC:09:61,PoliSemFio,24,146.42953491210938,C2,0,1
3418,54:F0:B1:BC:1B:D0,eduroam,45,146.42953491210938,C2,0,1
3419,54:F0:B1:BC:1B:D1,PoliSemFio,62,146.42953491210938,C2,0,1
3420,54:F0:B1:BC:1B:D2,,62,146.42953491210938,C2,0,1
3421,54:F0:B1:BC:1B:F0,eduroam,44,146.42953491210938,C2,0,1
3422,54:F0:B1:BC:1B:F1,PoliSemFio,44,146.42953491210938,C2,0,1
3423,54:F0:B1:BC:27:40,eduroam,57,146.42953491210938,C2,0,1
3424,54:F0:B1:BC:27:41,PoliSemFio,59,146.42953491210938,C2,0,1
3425,54:F0:B1:BC:27:42,,59,146.42953491210938,C2,0,1
3426,54:F0:B1:BC:27:60,eduroam,29,146.42953491210938,C2,0,1
3427,54:F0:B1:BC:27:61,PoliSemFio,29,146.42953491210938,C2,0,1
3428,54:F0:B1:BC:2E:90,eduroam,77,146.42953491210938,C2,0,1
3429,54:F0:B1:BC:2E:91,PoliSemFio,55,146.42953491210938,C2,0,1
3430,54:F0:B1:BC:2E:92,,55,146.42953491210938,C2,0,1
3431,54:F0:B1:BC:2E:B0,eduroam,56,146.42953491210938,C2,0,1
3432,54:F0:B1:BC:2E:B1,PoliSemFio,52,146.42953491210938,C2,0,1
3433,54:F0:B1:BC:2F:50,eduroam,24,146.42953491210938,C2,0,1
3434,54:F0:B1:BC:2F:52,,25,146.42953491210938,C2,0,1
3435,54:F0:B1:BC:36:10,PoliSemFio,32,146.42953491210938,C2,0,1
3436,54:F0:B1:BC:36:11,eduroam,29,146.42953491210938,C2,0,1
3437,54:F0:B1:BC:36:12,,32,146.42953491210938,C2,0,1
3438,54:F0:B1:BC:3F:10,eduroam,39,146.42953491210938,C2,0,1
3439,54:F0:B1:BC:43:60,eduroam,24,146.42953491210938,C2,0,1
3440,54:F0:B1:BC:65:B0,eduroam,32,146.42953491210938,C2,0,1
3441,54:F0:B1:BC:70:01,PoliSemFio,44,146.42953491210938,C2,0,1
3442,54:F0:B1:BC:77:80,eduroam,37,146.42953491210938,C2,0,1
3443,54:F0:B1:BC:77:A0,eduroam,12,146.42953491210938,C2,0,1
3444,54:F0:B1:BC:77:A1,PoliSemFio,14,146.42953491210938,C2,0,1
3445,54:F0:B1:BC:7C:F2,,22,146.42953491210938,C2,0,1
3446,56:60:F9:A3:E7:3F,,25,146.42953491210938,C2,0,1
3447,68:FF:7B:47:78:BE,C1-22M,30,146.42953491210938,C2,0,1
3448,6C:72:20:75:38:65,ASV-C262,34,146.42953491210938,C2,0,1
3449,70:3A:0E:09:2E:B0,eduroam,5,146.42953491210938,C2,0,1
3450,70:3A:0E:09:2E:B1,FEAnet,9,146.42953491210938,C2,0,1
3451,70:62:B8:6E:72:A0,PCS-wireless-C1-13,25,146.42953491210938,C2,0,1
3452,70:62:B8:6E:72:A1,PPGEE,24,146.42953491210938,C2,0,1
3453,84:D4:7E:06:4F:E0,eduroam,37,146.42953491210938,C2,0,1
3454,84:D4:7E:9D:EE:C0,eduroam,15,146.42953491210938,C2,0,1
3455,84:D4:7E:9D:EE:C1,FEAnet,15,146.42953491210938,C2,0,1
3456,AA:6B:AD:82:46:CC,DIRECT-cc-HP M132f LaserJet,22,146.42953491210938,C2,0,1
3457,DC:9F:DB:1B:1F:D7,LWN-3,29,146.42953491210938,C2,0,1
3458,DC:9F:DB:1C:1F:D7,LWN-3,54,146.42953491210938,C2,0,1
3459,DE:9F:DB:1B:1F:D7,LARC Guest,29,146.42953491210938,C2,0,1
3460,DE:9F:DB:1C:1F:D7,LARC Guest,55,146.42953491210938,C2,0,1
3461,DE:9F:DB:1C:1F:E0,LARC Guest,20,146.42953491210938,C2,0,1
3462,EE:9F:DB:1B:1F:D7,,29,146.42953491210938,C2,0,1
3463,EE:9F:DB:1C:1F:D7,,45,146.42953491210938,C2,0,1
3464,F8:1A:67:99:55:8E,NUCLEAR_CHF,20,146.42953491210938,C2,0,1
3465,FE:9F:DB:1C:1F:D7,,54,146.42953491210938,C2,0,1
